date,month,league,home_team,away_team,outcome,actual_result,odds,odds_bucket,market_probability,market_prob_bucket,favorite_relation,odds_source,won,unit_profit,rule_label,league_prior_matches,league_draw_rate,form_points_diff,form_goal_diff_delta,season_points_per_match_delta,season_goal_diff_per_match_delta,rest_days_delta,lambda_total,lambda_diff,bet_date,season,log_odds,is_draw,is_home,league_prior_matches_scaled,abs_form_points_diff,abs_form_goal_diff_delta,abs_season_points_per_match_delta,abs_season_goal_diff_per_match_delta,predicted_probability,predicted_ev
2022-08-13,2022-08,I2,Palermo,Perugia,draw,home,3.18,"[2.8,3.5)",0.2950902771072705,"[0.28,0.34)",market_non_favorite,AVG_OPEN,False,-1.0,AVG_OPEN_rulesi2_draw_2p8_3p5_train30_n120_ev0p02_top1_ridge10_cap0.08|I2_draw_2p8_3p5,381,0.309711,-1.0,-0.4,-0.526316,-0.210526,-14.0,2.387183,0.197463,2022-08-13,2022-23,1.1568811967920856,1.0,0.0,0.381,1.0,0.4,0.526316,0.210526,0.3750902771072705,0.19278708120112031
2022-08-14,2022-08,I2,Venezia,Genoa,draw,away,3.24,"[2.8,3.5)",0.2897150486242228,"[0.28,0.34)",market_non_favorite,AVG_OPEN,False,-1.0,AVG_OPEN_rulesi2_draw_2p8_3p5_train30_n120_ev0p02_top1_ridge10_cap0.08|I2_draw_2p8_3p5,384,0.309896,-0.2,0.4,0.0,0.0,0.0,2.391263,0.230102,2022-08-14,2022-23,1.1755733298042381,1.0,0.0,0.384,0.2,0.4,0.0,0.0,0.36971504862422283,0.19787675754248202
2022-08-20,2022-08,I2,Perugia,Parma,draw,draw,3.17,"[2.8,3.5)",0.29669856617768803,"[0.28,0.34)",market_non_favorite,AVG_OPEN,True,2.17,AVG_OPEN_rulesi2_draw_2p8_3p5_train30_n120_ev0p02_top1_ridge10_cap0.08|I2_draw_2p8_3p5,391,0.306905,0.8,0.2,0.205128,0.025641,-1.0,2.405524,0.344193,2022-08-20,2022-23,1.1537315878891892,1.0,0.0,0.391,0.8,0.2,0.205128,0.025641,0.35446289266928893,0.12364736976164581
2022-08-21,2022-08,I2,Cagliari,Cittadella,draw,home,3.39,"[2.8,3.5)",0.2767687251340598,"[0.20,0.28)",market_non_favorite,AVG_OPEN,False,-1.0,AVG_OPEN_rulesi2_draw_2p8_3p5_train30_n120_ev0p02_top1_ridge10_cap0.08|I2_draw_2p8_3p5,394,0.312183,-0.8,-0.6,-0.410256,-0.076923,0.0,2.362252,0.001984,2022-08-21,2022-23,1.220829921392359,1.0,0.0,0.394,0.8,0.6,0.410256,0.076923,0.3567687251340598,0.20944597820446287
2022-08-27,2022-08,I2,Palermo,Ascoli,draw,away,3.2,"[2.8,3.5)",0.29355795236078075,"[0.28,0.34)",market_non_favorite,AVG_OPEN,False,-1.0,AVG_OPEN_rulesi2_draw_2p8_3p5_train30_n120_ev0p02_top1_ridge10_cap0.08|I2_draw_2p8_3p5,400,0.31,-0.2,0.0,0.275,0.725,1.0,2.3858,0.186402,2022-08-27,2022-23,1.1631508098056809,1.0,0.0,0.4,0.2,0.0,0.275,0.725,0.37355795236078077,0.1953854475544985
2022-08-28,2022-08,I2,Reggina,Sudtirol,draw,home,3.24,"[2.8,3.5)",0.2896764021322922,"[0.28,0.34)",market_non_favorite,AVG_OPEN,False,-1.0,AVG_OPEN_rulesi2_draw_2p8_3p5_train30_n120_ev0p02_top1_ridge10_cap0.08|I2_draw_2p8_3p5,403,0.307692,0.8,0.5,1.275,1.075,0.0,2.391211,0.229688,2022-08-28,2022-23,1.1755733298042381,1.0,0.0,0.403,0.8,0.5,1.275,1.075,0.3696764021322922,0.19775154290862673
2022-08-29,2022-08,I2,Como,Brescia,draw,away,3.28,"[2.8,3.5)",0.2854000846564359,"[0.28,0.34)",market_non_favorite,AVG_OPEN,False,-1.0,AVG_OPEN_rulesi2_draw_2p8_3p5_train30_n120_ev0p02_top1_ridge10_cap0.08|I2_draw_2p8_3p5,409,0.305623,-0.4,-0.2,-0.5,-0.6,0.0,2.371508,0.072066,2022-08-29,2022-23,1.1878434223960523,1.0,0.0,0.409,0.4,0.2,0.5,0.6,0.3654000846564359,0.19851227767310964
2022-09-03,2022-09,I2,Reggina,Palermo,draw,home,3.24,"[2.8,3.5)",0.2897150486242228,"[0.28,0.34)",market_non_favorite,AVG_OPEN,False,-1.0,AVG_OPEN_rulesi2_draw_2p8_3p5_train30_n120_ev0p02_top1_ridge10_cap0.08|I2_draw_2p8_3p5,411,0.304136,-0.133333,-0.533333,-0.01626,-0.650407,-1.0,2.388819,0.210555,2022-09-03,2022-23,1.1755733298042381,1.0,0.0,0.411,0.133333,0.533333,0.01626,0.650407,0.3671049690720859,0.18942009979355845
2022-09-10,2022-09,I2,Cosenza,Bari,draw,away,3.21,"[2.8,3.5)",0.2921170738878838,"[0.28,0.34)",market_non_favorite,AVG_OPEN,False,-1.0,AVG_OPEN_rulesi2_draw_2p8_3p5_train30_n120_ev0p02_top1_ridge10_cap0.08|I2_draw_2p8_3p5,421,0.306413,0.5,-0.1,-0.5,-1.02381,0.0,2.375648,0.105186,2022-09-10,2022-23,1.1662709371419244,1.0,0.0,0.421,0.5,0.1,0.5,1.02381,0.3261778754514551,0.047030980199170846
2022-09-17,2022-09,I2,Cagliari,Bari,draw,away,3.49,"[2.8,3.5)",0.268558245098674,"[0.20,0.28)",market_non_favorite,AVG_OPEN,False,-1.0,AVG_OPEN_rulesi2_draw_2p8_3p5_train30_n120_ev0p02_top1_ridge10_cap0.08|I2_draw_2p8_3p5,431,0.299304,0.2,-0.0,0.2,0.0,0.0,2.368944,0.051553,2022-09-17,2022-23,1.2499017362143359,1.0,0.0,0.431,0.2,0.0,0.2,0.0,0.348558245098674,0.2164682753943723
2022-09-18,2022-09,I2,Ternana,Perugia,draw,home,3.21,"[2.8,3.5)",0.29189316946348376,"[0.28,0.34)",market_non_favorite,AVG_OPEN,False,-1.0,AVG_OPEN_rulesi2_draw_2p8_3p5_train30_n120_ev0p02_top1_ridge10_cap0.08|I2_draw_2p8_3p5,439,0.300683,0.6,0.4,-0.023256,-0.209302,0.0,2.3925,0.240001,2022-09-18,2022-23,1.1662709371419244,1.0,0.0,0.439,0.6,0.4,0.023256,0.209302,0.32636827461552537,0.047642161515836445
2022-09-30,2022-09,I2,Cosenza,Como,draw,home,3.2,"[2.8,3.5)",0.29436541201247085,"[0.28,0.34)",market_non_favorite,AVG_OPEN,False,-1.0,AVG_OPEN_rulesi2_draw_2p8_3p5_train30_n120_ev0p02_top1_ridge10_cap0.08|I2_draw_2p8_3p5,440,0.3,0.6,0.8,-0.159091,-0.295455,0.0,2.395999,0.267995,2022-09-30,2022-23,1.1631508098056809,1.0,0.0,0.44,0.6,0.8,0.159091,0.295455,0.3233173267439277,0.03461544558056873
2022-10-01,2022-10,I2,Bari,Brescia,draw,home,3.25,"[2.8,3.5)",0.2892219169017097,"[0.28,0.34)",market_non_favorite,AVG_OPEN,False,-1.0,AVG_OPEN_rulesi2_draw_2p8_3p5_train30_n120_ev0p02_top1_ridge10_cap0.08|I2_draw_2p8_3p5,441,0.29932,-0.2,0.4,0.159091,0.121212,-1.0,2.378823,0.13058,2022-10-01,2022-23,1.1786549963416462,1.0,0.0,0.441,0.2,0.4,0.159091,0.121212,0.3517601920106676,0.14322062403466962
2022-10-08,2022-10,I2,Ascoli,Modena,draw,away,3.24,"[2.8,3.5)",0.28981103408983,"[0.28,0.34)",market_non_favorite,AVG_OPEN,False,-1.0,AVG_OPEN_rulesi2_draw_2p8_3p5_train30_n120_ev0p02_top1_ridge10_cap0.08|I2_draw_2p8_3p5,451,0.297118,-0.2,-0.4,0.787302,0.485714,-1.0,2.420375,0.462998,2022-10-08,2022-23,1.1755733298042381,1.0,0.0,0.451,0.2,0.4,0.787302,0.485714,0.36216275260189235,0.17340731843013124
2022-10-15,2022-10,I2,Cittadella,Spal,draw,draw,3.28,"[2.8,3.5)",0.28627595768999636,"[0.28,0.34)",market_non_favorite,AVG_OPEN,True,2.28,AVG_OPEN_rulesi2_draw_2p8_3p5_train30_n120_ev0p02_top1_ridge10_cap0.08|I2_draw_2p8_3p5,461,0.29718,0.0,-0.4,0.217391,0.195652,0.0,2.409646,0.37717,2022-10-15,2022-23,1.1878434223960523,1.0,0.0,0.461,0.0,0.4,0.217391,0.195652,0.34661295667539765,0.13689049789530428
2022-10-22,2022-10,I2,Spal,Cosenza,draw,home,3.49,"[2.8,3.5)",0.26926066335675647,"[0.20,0.28)",market_non_favorite,AVG_OPEN,False,-1.0,AVG_OPEN_rulesi2_draw_2p8_3p5_train30_n120_ev0p02_top1_ridge10_cap0.08|I2_draw_2p8_3p5,470,0.295745,0.2,0.2,0.12766,0.297872,0.0,2.409994,0.37995,2022-10-22,2022-23,1.2499017362143359,1.0,0.0,0.47,0.2,0.2,0.12766,0.297872,0.3163297906208187,0.10399096926665718
2022-10-23,2022-10,I2,Pisa,Modena,draw,home,3.22,"[2.8,3.5)",0.2912360673139967,"[0.28,0.34)",market_non_favorite,AVG_OPEN,False,-1.0,AVG_OPEN_rulesi2_draw_2p8_3p5_train30_n120_ev0p02_top1_ridge10_cap0.08|I2_draw_2p8_3p5,477,0.293501,-0.6,-0.4,0.241135,-0.099291,0.0,2.408145,0.365156,2022-10-23,2022-23,1.169381359556317,1.0,0.0,0.477,0.6,0.4,0.241135,0.099291,0.32933976418412175,0.0604740406728721
2022-10-29,2022-10,I2,Cagliari,Reggina,draw,draw,3.19,"[2.8,3.5)",0.29299360490653176,"[0.28,0.34)",market_non_favorite,AVG_OPEN,True,2.19,AVG_OPEN_rulesi2_draw_2p8_3p5_train30_n120_ev0p02_top1_ridge10_cap0.08|I2_draw_2p8_3p5,481,0.295218,-0.4,-1.2,0.025,0.045833,-2.0,2.372088,0.076701,2022-10-29,2022-23,1.1600209167967532,1.0,0.0,0.481,0.4,1.2,0.025,0.045833,0.3490677633845288,0.11352616519664682
2022-10-30,2022-10,I2,Perugia,Cittadella,draw,away,3.07,"[2.8,3.5)",0.3046489269826786,"[0.28,0.34)",market_non_favorite,AVG_OPEN,False,-1.0,AVG_OPEN_rulesi2_draw_2p8_3p5_train30_n120_ev0p02_top1_ridge10_cap0.08|I2_draw_2p8_3p5,489,0.298569,0.0,0.2,0.041667,0.041667,1.0,2.400412,0.303299,2022-10-30,2022-23,1.1216775615991057,1.0,0.0,0.489,0.0,0.2,0.041667,0.041667,0.3375856061217744,0.03638781079384734
2022-11-05,2022-11,I2,Cittadella,Modena,draw,draw,3.1,"[2.8,3.5)",0.3033791878050153,"[0.28,0.34)",market_non_favorite,AVG_OPEN,True,2.1,AVG_OPEN_rulesi2_draw_2p8_3p5_train30_n120_ev0p02_top1_ridge10_cap0.08|I2_draw_2p8_3p5,490,0.297959,-0.6,-0.4,0.25603,0.090909,-1.0,2.407429,0.359429,2022-11-05,2022-23,1.1314021114911006,1.0,0.0,0.49,0.6,0.4,0.25603,0.090909,0.34035978867551686,0.05511534489410219
2022-11-06,2022-11,I2,Como,Venezia,draw,home,3.28,"[2.8,3.5)",0.2857320624175605,"[0.28,0.34)",market_non_favorite,AVG_OPEN,False,-1.0,AVG_OPEN_rulesi2_draw_2p8_3p5_train30_n120_ev0p02_top1_ridge10_cap0.08|I2_draw_2p8_3p5,498,0.303213,0.4,-0.6,0.324675,0.239332,0.0,2.422618,0.480947,2022-11-06,2022-23,1.1878434223960523,1.0,0.0,0.498,0.4,0.6,0.324675,0.239332,0.31955915667270723,0.04815403388647965
2022-11-12,2022-11,I2,Parma,Cittadella,draw,home,3.14,"[2.8,3.5)",0.29855954123777806,"[0.28,0.34)",market_non_favorite,AVG_OPEN,False,-1.0,AVG_OPEN_rulesi2_draw_2p8_3p5_train30_n120_ev0p02_top1_ridge10_cap0.08|I2_draw_2p8_3p5,501,0.301397,0.0,-0.2,0.02,0.18,0.0,2.411353,0.390822,2022-11-12,2022-23,1.144222799920162,1.0,0.0,0.501,0.0,0.2,0.02,0.18,0.3419148293000557,0.07361256400217497
2022-11-27,2022-11,I2,Sudtirol,Ascoli,draw,draw,3.05,"[2.8,3.5)",0.30733146079035656,"[0.28,0.34)",market_non_favorite,AVG_OPEN,True,2.05,AVG_OPEN_rulesi2_draw_2p8_3p5_train30_n120_ev0p02_top1_ridge10_cap0.08|I2_draw_2p8_3p5,512,0.304688,-0.2,-0.4,-0.108597,-0.312217,-1.0,2.387119,0.196949,2022-11-27,2022-23,1.1151415906193203,1.0,0.0,0.512,0.2,0.4,0.108597,0.312217,0.3525959095960874,0.07541752426806636
2022-12-03,2022-12,I2,Cagliari,Parma,draw,draw,3.19,"[2.8,3.5)",0.2940279667546434,"[0.28,0.34)",market_non_favorite,AVG_OPEN,True,2.19,AVG_OPEN_rulesi2_draw_2p8_3p5_train30_n120_ev0p02_top1_ridge10_cap0.08|I2_draw_2p8_3p5,520,0.309615,-0.4,-0.2,-0.07967,-0.263736,-1.0,2.363434,0.007472,2022-12-03,2022-23,1.1600209167967532,1.0,0.0,0.52,0.4,0.2,0.07967,0.263736,0.3740279667546434,0.19314921394731233
2022-12-04,2022-12,I2,Benevento,Palermo,draw,away,3.24,"[2.8,3.5)",0.28912608405603735,"[0.28,0.34)",market_non_favorite,AVG_OPEN,False,-1.0,AVG_OPEN_rulesi2_draw_2p8_3p5_train30_n120_ev0p02_top1_ridge10_cap0.08|I2_draw_2p8_3p5,522,0.310345,-0.2,-0.2,0.428571,0.760989,0.0,2.416684,0.433476,2022-12-04,2022-23,1.1755733298042381,1.0,0.0,0.522,0.2,0.2,0.428571,0.760989,0.3387879679477667,0.09767301615076418
2022-12-07,2022-12,I2,Ternana,Cagliari,draw,home,3.11,"[2.8,3.5)",0.30130420103619165,"[0.28,0.34)",market_non_favorite,AVG_OPEN,False,-1.0,AVG_OPEN_rulesi2_draw_2p8_3p5_train30_n120_ev0p02_top1_ridge10_cap0.08|I2_draw_2p8_3p5,530,0.313208,-0.4,-0.6,0.167296,0.028931,0.0,2.427254,0.518033,2022-12-07,2022-23,1.1346227261911428,1.0,0.0,0.53,0.4,0.6,0.167296,0.028931,0.34003289095526484,0.05750229087087355
2022-12-08,2022-12,I2,Parma,Benevento,draw,away,3.41,"[2.8,3.5)",0.274413598017373,"[0.20,0.28)",market_non_favorite,AVG_OPEN,False,-1.0,AVG_OPEN_rulesi2_draw_2p8_3p5_train30_n120_ev0p02_top1_ridge10_cap0.08|I2_draw_2p8_3p5,531,0.312618,0.2,0.2,-0.113208,-0.188679,1.0,2.405362,0.342896,2022-12-08,2022-23,1.2267122912954254,1.0,0.0,0.531,0.2,0.2,0.113208,0.188679,0.3327852576481338,0.1347977285801365
2022-12-11,2022-12,I2,Frosinone,Pisa,draw,draw,3.35,"[2.8,3.5)",0.2801037421267136,"[0.28,0.34)",market_non_favorite,AVG_OPEN,True,2.35,AVG_OPEN_rulesi2_draw_2p8_3p5_train30_n120_ev0p02_top1_ridge10_cap0.08|I2_draw_2p8_3p5,540,0.314815,0.0,-0.2,0.074074,0.166667,0.0,2.411269,0.390154,2022-12-11,2022-23,1.208960345836975,1.0,0.0,0.54,0.0,0.2,0.074074,0.166667,0.35247002263586796,0.18077457583015777
2022-12-12,2022-12,I2,Brescia,Parma,draw,away,3.06,"[2.8,3.5)",0.30653869226154773,"[0.28,0.34)",market_non_favorite,AVG_OPEN,False,-1.0,AVG_OPEN_rulesi2_draw_2p8_3p5_train30_n120_ev0p02_top1_ridge10_cap0.08|I2_draw_2p8_3p5,549,0.31694,0.4,0.2,0.333333,0.185185,0.0,2.408585,0.368679,2022-12-12,2022-23,1.1184149159642893,1.0,0.0,0.549,0.4,0.2,0.333333,0.185185,0.3573712503329746,0.09355602601890234
2022-12-17,2022-12,I2,Reggina,Bari,draw,draw,3.19,"[2.8,3.5)",0.2937804404982544,"[0.28,0.34)",market_non_favorite,AVG_OPEN,True,2.19,AVG_OPEN_rulesi2_draw_2p8_3p5_train30_n120_ev0p02_top1_ridge10_cap0.08|I2_draw_2p8_3p5,550,0.316364,0.2,-1.0,-0.251337,-0.796791,0.0,2.386027,0.18822,2022-12-17,2022-23,1.1600209167967532,1.0,0.0,0.55,0.2,1.0,0.251337,0.796791,0.3574887990904203,0.14038926909844074
2022-12-18,2022-12,I2,Ternana,Como,draw,away,3.36,"[2.8,3.5)",0.27926780740151214,"[0.20,0.28)",market_non_favorite,AVG_OPEN,False,-1.0,AVG_OPEN_rulesi2_draw_2p8_3p5_train30_n120_ev0p02_top1_ridge10_cap0.08|I2_draw_2p8_3p5,552,0.317029,0.2,-0.2,0.309091,0.254545,0.0,2.422003,0.476024,2022-12-18,2022-23,1.2119409739751128,1.0,0.0,0.552,0.2,0.2,0.309091,0.254545,0.3399931144509446,0.14237686455517373
2022-12-26,2022-12,I2,Ascoli,Reggina,draw,away,2.96,"[2.8,3.5)",0.3166239206813612,"[0.28,0.34)",market_non_favorite,AVG_OPEN,False,-1.0,AVG_OPEN_rulesi2_draw_2p8_3p5_train30_n120_ev0p02_top1_ridge10_cap0.08|I2_draw_2p8_3p5,560,0.314286,-0.4,0.0,0.160714,0.303571,-1.0,2.410048,0.380385,2022-12-26,2022-23,1.085189268335969,1.0,0.0,0.56,0.4,0.0,0.160714,0.303571,0.37322851793719464,0.10475641309409611
2023-01-14,2023-01,I2,Perugia,Palermo,draw,draw,3.15,"[2.8,3.5)",0.29870647487227797,"[0.28,0.34)",market_non_favorite,AVG_OPEN,True,2.15,AVG_OPEN_rulesi2_draw_2p8_3p5_train30_n120_ev0p02_top1_ridge10_cap0.08|I2_draw_2p8_3p5,570,0.312281,-0.2,-0.0,0.087719,0.157895,0.0,2.399058,0.292467,2023-01-14,2022-23,1.1474024528375417,1.0,0.0,0.57,0.2,0.0,0.087719,0.157895,0.37857001753361164,0.1924955552308767
2023-01-15,2023-01,I2,Ternana,Ascoli,draw,home,3.29,"[2.8,3.5)",0.2850302690181375,"[0.28,0.34)",market_non_favorite,AVG_OPEN,False,-1.0,AVG_OPEN_rulesi2_draw_2p8_3p5_train30_n120_ev0p02_top1_ridge10_cap0.08|I2_draw_2p8_3p5,576,0.310764,-0.2,-1.0,-0.175439,-0.315789,0.0,2.38226,0.15808,2023-01-15,2022-23,1.1908875647772805,1.0,0.0,0.576,0.2,1.0,0.175439,0.315789,0.3650302690181375,0.2009495850696723
2023-01-20,2023-01,I2,Palermo,Bari,draw,home,3.01,"[2.8,3.5)",0.3123993558776168,"[0.28,0.34)",market_non_favorite,AVG_OPEN,False,-1.0,AVG_OPEN_rulesi2_draw_2p8_3p5_train30_n120_ev0p02_top1_ridge10_cap0.08|I2_draw_2p8_3p5,580,0.310345,-0.6,-1.6,-0.4,-0.9,0.0,2.377464,0.119714,2023-01-20,2022-23,1.1019400787607843,1.0,0.0,0.58,0.6,1.6,0.4,0.9,0.37543971082890326,0.13007352959499863
2023-01-21,2023-01,I2,Venezia,Sudtirol,draw,away,3.2,"[2.8,3.5)",0.29427658603377455,"[0.28,0.34)",market_non_favorite,AVG_OPEN,False,-1.0,AVG_OPEN_rulesi2_draw_2p8_3p5_train30_n120_ev0p02_top1_ridge10_cap0.08|I2_draw_2p8_3p5,581,0.309811,-0.4,0.2,-0.45,-0.2,-1.0,2.361909,0.00473,2023-01-21,2022-23,1.1631508098056809,1.0,0.0,0.581,0.4,0.2,0.45,0.2,0.37427658603377456,0.19768507530807855
2023-01-22,2023-01,I2,Brescia,Frosinone,draw,away,2.98,"[2.8,3.5)",0.31575651503717145,"[0.28,0.34)",market_non_favorite,AVG_OPEN,False,-1.0,AVG_OPEN_rulesi2_draw_2p8_3p5_train30_n120_ev0p02_top1_ridge10_cap0.08|I2_draw_2p8_3p5,589,0.310696,-1.6,-2.4,-0.155172,-0.310345,-1.0,2.370904,0.067231,2023-01-22,2022-23,1.091923300517313,1.0,0.0,0.589,1.6,2.4,0.155172,0.310345,0.37724700105073944,0.12419606313120357
2023-01-28,2023-01,I2,Genoa,Pisa,draw,draw,3.42,"[2.8,3.5)",0.27473843706944795,"[0.20,0.28)",market_non_favorite,AVG_OPEN,True,2.42,AVG_OPEN_rulesi2_draw_2p8_3p5_train30_n120_ev0p02_top1_ridge10_cap0.08|I2_draw_2p8_3p5,591,0.309645,1.0,0.2,0.213075,0.05569,0.0,2.372923,0.083382,2023-01-28,2022-23,1.2296405510745139,1.0,0.0,0.591,1.0,0.2,0.213075,0.05569,0.35473843706944796,0.21320545477751196
2023-01-29,2023-01,I2,Ascoli,Palermo,draw,away,3.09,"[2.8,3.5)",0.30398305741788845,"[0.28,0.34)",market_non_favorite,AVG_OPEN,False,-1.0,AVG_OPEN_rulesi2_draw_2p8_3p5_train30_n120_ev0p02_top1_ridge10_cap0.08|I2_draw_2p8_3p5,598,0.309365,-0.8,-0.4,0.20904,0.26473,-1.0,2.408984,0.37187,2023-01-29,2022-23,1.128171090909654,1.0,0.0,0.598,0.8,0.4,0.20904,0.26473,0.3676274185228416,0.1359687232355804
2023-02-03,2023-02,I2,Modena,Cagliari,draw,home,3.08,"[2.8,3.5)",0.30620289855072463,"[0.28,0.34)",market_non_favorite,AVG_OPEN,False,-1.0,AVG_OPEN_rulesi2_draw_2p8_3p5_train30_n120_ev0p02_top1_ridge10_cap0.08|I2_draw_2p8_3p5,600,0.308333,-0.6,-0.4,-0.181818,-0.136364,-1.0,2.41462,0.416958,2023-02-03,2022-23,1.1249295969854831,1.0,0.0,0.6,0.6,0.4,0.181818,0.136364,0.34375265831713664,0.058758187616780866
2023-02-04,2023-02,I2,Cosenza,Ternana,draw,draw,3.23,"[2.8,3.5)",0.29172740748000153,"[0.28,0.34)",market_non_favorite,AVG_OPEN,True,2.23,AVG_OPEN_rulesi2_draw_2p8_3p5_train30_n120_ev0p02_top1_ridge10_cap0.08|I2_draw_2p8_3p5,601,0.30782,-0.4,0.0,-0.5,-0.55,0.0,2.367296,0.038369,2023-02-04,2022-23,1.172482137234565,1.0,0.0,0.601,0.4,0.0,0.5,0.55,0.37172740748000155,0.20067952616040508
2023-02-05,2023-02,I2,Palermo,Reggina,draw,home,3.05,"[2.8,3.5)",0.30834431396198986,"[0.28,0.34)",market_non_favorite,AVG_OPEN,False,-1.0,AVG_OPEN_rulesi2_draw_2p8_3p5_train30_n120_ev0p02_top1_ridge10_cap0.08|I2_draw_2p8_3p5,608,0.305921,0.8,0.6,-0.040909,0.037879,-1.0,2.39904,0.292321,2023-02-05,2022-23,1.1151415906193203,1.0,0.0,0.608,0.8,0.6,0.040909,0.037879,0.36812730255917386,0.12278827280548033
2023-02-11,2023-02,I2,Venezia,Spal,draw,home,3.39,"[2.8,3.5)",0.2776467918694978,"[0.20,0.28)",market_non_favorite,AVG_OPEN,False,-1.0,AVG_OPEN_rulesi2_draw_2p8_3p5_train30_n120_ev0p02_top1_ridge10_cap0.08|I2_draw_2p8_3p5,611,0.304419,0.2,0.2,-0.038489,-0.080542,0.0,2.379788,0.1383,2023-02-11,2022-23,1.220829921392359,1.0,0.0,0.611,0.2,0.2,0.038489,0.080542,0.3576467918694978,0.21242262443759774
2023-02-18,2023-02,I2,Spal,Como,draw,draw,3.18,"[2.8,3.5)",0.2964659739788898,"[0.28,0.34)",market_non_favorite,AVG_OPEN,True,2.18,AVG_OPEN_rulesi2_draw_2p8_3p5_train30_n120_ev0p02_top1_ridge10_cap0.08|I2_draw_2p8_3p5,621,0.304348,-0.2,0.2,-0.129032,0.016129,0.0,2.392845,0.242756,2023-02-18,2022-23,1.1568811967920856,1.0,0.0,0.621,0.2,0.2,0.129032,0.016129,0.356212933514743,0.1327571285768827
2023-02-19,2023-02,I2,Modena,Genoa,draw,draw,3.08,"[2.8,3.5)",0.30526874457203507,"[0.28,0.34)",market_non_favorite,AVG_OPEN,True,2.08,AVG_OPEN_rulesi2_draw_2p8_3p5_train30_n120_ev0p02_top1_ridge10_cap0.08|I2_draw_2p8_3p5,629,0.306836,-0.2,0.2,-0.375,-0.25,-1.0,2.406741,0.35393,2023-02-19,2022-23,1.1249295969854831,1.0,0.0,0.629,0.2,0.2,0.375,0.25,0.3465147623318078,0.06726546798196797
2023-02-25,2023-02,I2,Venezia,Cagliari,draw,draw,3.22,"[2.8,3.5)",0.29246895294519765,"[0.28,0.34)",market_non_favorite,AVG_OPEN,True,2.22,AVG_OPEN_rulesi2_draw_2p8_3p5_train30_n120_ev0p02_top1_ridge10_cap0.08|I2_draw_2p8_3p5,632,0.306962,0.0,0.2,-0.32,-0.28,1.0,2.384386,0.175091,2023-02-25,2022-23,1.169381359556317,1.0,0.0,0.632,0.0,0.2,0.32,0.28,0.3485643036784315,0.12237705784454955
2023-02-26,2023-02,I2,Ascoli,Benevento,draw,draw,3.1,"[2.8,3.5)",0.3035955707861405,"[0.28,0.34)",market_non_favorite,AVG_OPEN,True,2.1,AVG_OPEN_rulesi2_draw_2p8_3p5_train30_n120_ev0p02_top1_ridge10_cap0.08|I2_draw_2p8_3p5,639,0.306729,0.8,0.2,0.126984,-0.142857,0.0,2.410795,0.386356,2023-02-26,2022-23,1.1314021114911006,1.0,0.0,0.639,0.8,0.2,0.126984,0.142857,0.3717004665527104,0.15227144631340228
2023-02-28,2023-02,I2,Cosenza,Reggina,draw,home,3.19,"[2.8,3.5)",0.296079246852433,"[0.28,0.34)",market_non_favorite,AVG_OPEN,False,-1.0,AVG_OPEN_rulesi2_draw_2p8_3p5_train30_n120_ev0p02_top1_ridge10_cap0.08|I2_draw_2p8_3p5,640,0.307812,0.4,0.0,-0.5,-0.5625,0.0,2.362188,0.0025,2023-02-28,2022-23,1.1600209167967532,1.0,0.0,0.64,0.4,0.0,0.5,0.5625,0.376079246852433,0.19969279745926127
2023-03-01,2023-03,I2,Cagliari,Genoa,draw,draw,3.08,"[2.8,3.5)",0.3057152547420318,"[0.28,0.34)",market_non_favorite,AVG_OPEN,True,2.08,AVG_OPEN_rulesi2_draw_2p8_3p5_train30_n120_ev0p02_top1_ridge10_cap0.08|I2_draw_2p8_3p5,643,0.307932,0.0,-0.6,-0.384615,-0.384615,0.0,2.383122,0.164974,2023-03-01,2022-23,1.1249295969854831,1.0,0.0,0.643,0.0,0.6,0.384615,0.384615,0.3765432994244757,0.159753362227385
2023-03-04,2023-03,I2,Reggina,Parma,draw,away,3.02,"[2.8,3.5)",0.31159960875980175,"[0.28,0.34)",market_non_favorite,AVG_OPEN,False,-1.0,AVG_OPEN_rulesi2_draw_2p8_3p5_train30_n120_ev0p02_top1_ridge10_cap0.08|I2_draw_2p8_3p5,650,0.309231,-0.8,-1.0,0.061538,-0.261538,0.0,2.390188,0.221505,2023-03-04,2022-23,1.1052568313867783,1.0,0.0,0.65,0.8,1.0,0.061538,0.261538,0.3588523630748618,0.08373413648608263
2023-03-05,2023-03,I2,Ternana,Benevento,draw,draw,3.19,"[2.8,3.5)",0.2944264390377505,"[0.28,0.34)",market_non_favorite,AVG_OPEN,True,2.19,AVG_OPEN_rulesi2_draw_2p8_3p5_train30_n120_ev0p02_top1_ridge10_cap0.08|I2_draw_2p8_3p5,652,0.309816,-0.2,-0.2,-0.015385,-0.384615,1.0,2.398177,0.285419,2023-03-05,2022-23,1.1600209167967532,1.0,0.0,0.652,0.2,0.2,0.015385,0.384615,0.37387543240686844,0.19266262937791034
2023-03-10,2023-03,I2,Cagliari,Ascoli,draw,home,3.08,"[2.8,3.5)",0.30499924023704605,"[0.28,0.34)",market_non_favorite,AVG_OPEN,False,-1.0,AVG_OPEN_rulesi2_draw_2p8_3p5_train30_n120_ev0p02_top1_ridge10_cap0.08|I2_draw_2p8_3p5,660,0.309091,-0.6,-0.2,-0.137446,-0.049784,0.0,2.379398,0.135184,2023-03-10,2022-23,1.1249295969854831,1.0,0.0,0.66,0.6,0.2,0.137446,0.049784,0.3800558089298647,0.17057189150398333
2023-03-11,2023-03,I2,Bari,Frosinone,draw,draw,3.1,"[2.8,3.5)",0.3028274792024297,"[0.28,0.34)",market_non_favorite,AVG_OPEN,True,2.1,AVG_OPEN_rulesi2_draw_2p8_3p5_train30_n120_ev0p02_top1_ridge10_cap0.08|I2_draw_2p8_3p5,661,0.308623,0.6,-0.4,-0.05303,-0.008658,0.0,2.379075,0.132597,2023-03-11,2022-23,1.1314021114911006,1.0,0.0,0.661,0.6,0.4,0.05303,0.008658,0.3828274792024297,0.18676518552753207
2023-03-12,2023-03,I2,Cosenza,Spal,draw,home,3.1,"[2.8,3.5)",0.3025142608608374,"[0.28,0.34)",market_non_favorite,AVG_OPEN,False,-1.0,AVG_OPEN_rulesi2_draw_2p8_3p5_train30_n120_ev0p02_top1_ridge10_cap0.08|I2_draw_2p8_3p5,667,0.313343,0.0,-0.6,-0.136364,-0.469697,-1.0,2.381469,0.151756,2023-03-12,2022-23,1.1314021114911006,1.0,0.0,0.667,0.0,0.6,0.136364,0.469697,0.3825142608608374,0.18579420866859597
2023-03-17,2023-03,I2,Palermo,Modena,draw,home,3.13,"[2.8,3.5)",0.3002685128800356,"[0.28,0.34)",market_non_favorite,AVG_OPEN,False,-1.0,AVG_OPEN_rulesi2_draw_2p8_3p5_train30_n120_ev0p02_top1_ridge10_cap0.08|I2_draw_2p8_3p5,669,0.312407,0.2,0.4,0.034483,-0.103448,0.0,2.404648,0.337186,2023-03-17,2022-23,1.1410330045520618,1.0,0.0,0.669,0.2,0.4,0.034483,0.103448,0.3556973723681205,0.1133327755122171
2023-03-18,2023-03,I2,Cittadella,Perugia,draw,away,2.93,"[2.8,3.5)",0.3207232255459778,"[0.28,0.34)",market_non_favorite,AVG_OPEN,False,-1.0,AVG_OPEN_rulesi2_draw_2p8_3p5_train30_n120_ev0p02_top1_ridge10_cap0.08|I2_draw_2p8_3p5,670,0.31194,0.8,0.2,-0.034826,-0.165084,-6.0,2.390695,0.225557,2023-03-18,2022-23,1.075002423028976,1.0,0.0,0.67,0.8,0.2,0.034826,0.165084,0.40072322554597783,0.17411905084971502
2023-04-01,2023-04,I2,Parma,Palermo,draw,home,3.46,"[2.8,3.5)",0.2716900549115314,"[0.20,0.28)",market_non_favorite,AVG_OPEN,False,-1.0,AVG_OPEN_rulesi2_draw_2p8_3p5_train30_n120_ev0p02_top1_ridge10_cap0.08|I2_draw_2p8_3p5,680,0.307353,0.0,-0.8,-0.076471,0.069608,-1.0,2.396323,0.270581,2023-04-01,2022-23,1.2412685890696329,1.0,0.0,0.68,0.0,0.8,0.076471,0.069608,0.35169005491153144,0.21684758999389886
2023-04-02,2023-04,I2,Modena,Cittadella,draw,draw,3.16,"[2.8,3.5)",0.2968992493586292,"[0.28,0.34)",market_non_favorite,AVG_OPEN,True,2.16,AVG_OPEN_rulesi2_draw_2p8_3p5_train30_n120_ev0p02_top1_ridge10_cap0.08|I2_draw_2p8_3p5,688,0.30814,-0.4,-0.6,-0.012745,0.065686,1.0,2.407819,0.362551,2023-04-02,2022-23,1.1505720275988207,1.0,0.0,0.688,0.4,0.6,0.012745,0.065686,0.33720331926791075,0.06556248888659799
2023-04-10,2023-04,I2,Perugia,Modena,draw,away,3.2,"[2.8,3.5)",0.29302919125857396,"[0.28,0.34)",market_non_favorite,AVG_OPEN,False,-1.0,AVG_OPEN_rulesi2_draw_2p8_3p5_train30_n120_ev0p02_top1_ridge10_cap0.08|I2_draw_2p8_3p5,690,0.308696,0.2,0.6,0.075269,0.122487,-3.0,2.405993,0.347941,2023-04-10,2022-23,1.1631508098056809,1.0,0.0,0.69,0.2,0.6,0.075269,0.122487,0.36128194180182943,0.15610221376585431
2023-04-14,2023-04,I2,Modena,Parma,draw,draw,3.02,"[2.8,3.5)",0.3107707346167865,"[0.28,0.34)",market_non_favorite,AVG_OPEN,True,2.02,AVG_OPEN_rulesi2_draw_2p8_3p5_train30_n120_ev0p02_top1_ridge10_cap0.08|I2_draw_2p8_3p5,700,0.308571,-0.6,-0.6,-0.058929,-0.159821,0.0,2.388631,0.209048,2023-04-14,2022-23,1.1052568313867783,1.0,0.0,0.7,0.6,0.6,0.058929,0.159821,0.3603657900118977,0.0883046858359311
2023-04-15,2023-04,I2,Venezia,Palermo,draw,home,3.15,"[2.8,3.5)",0.29918710630960343,"[0.28,0.34)",market_non_favorite,AVG_OPEN,False,-1.0,AVG_OPEN_rulesi2_draw_2p8_3p5_train30_n120_ev0p02_top1_ridge10_cap0.08|I2_draw_2p8_3p5,701,0.309558,0.2,-0.8,-0.21875,-0.25,0.0,2.366873,0.034986,2023-04-15,2022-23,1.1474024528375417,1.0,0.0,0.701,0.2,0.8,0.21875,0.25,0.37918710630960345,0.1944393848752508
2023-04-16,2023-04,I2,Ternana,Pisa,draw,home,3.18,"[2.8,3.5)",0.2952966858503671,"[0.28,0.34)",market_non_favorite,AVG_OPEN,False,-1.0,AVG_OPEN_rulesi2_draw_2p8_3p5_train30_n120_ev0p02_top1_ridge10_cap0.08|I2_draw_2p8_3p5,709,0.313117,0.0,-0.2,-0.271429,-0.514286,0.0,2.366711,0.03369,2023-04-16,2022-23,1.1568811967920856,1.0,0.0,0.709,0.0,0.2,0.271429,0.514286,0.37529668585036713,0.19344346100416754
2023-04-21,2023-04,I2,Reggina,Brescia,draw,away,3.21,"[2.8,3.5)",0.2926645404465062,"[0.28,0.34)",market_non_favorite,AVG_OPEN,False,-1.0,AVG_OPEN_rulesi2_draw_2p8_3p5_train30_n120_ev0p02_top1_ridge10_cap0.08|I2_draw_2p8_3p5,710,0.312676,0.4,0.2,-0.014085,-0.15493,0.0,2.411284,0.390274,2023-04-21,2022-23,1.1662709371419244,1.0,0.0,0.71,0.4,0.2,0.014085,0.15493,0.3644533708510572,0.1698953204318936
2023-04-22,2023-04,I2,Modena,Spal,draw,draw,3.39,"[2.8,3.5)",0.2770755783208735,"[0.20,0.28)",market_non_favorite,AVG_OPEN,True,2.39,AVG_OPEN_rulesi2_draw_2p8_3p5_train30_n120_ev0p02_top1_ridge10_cap0.08|I2_draw_2p8_3p5,711,0.312236,0.6,0.0,0.246692,0.209134,1.0,2.418128,0.445025,2023-04-22,2022-23,1.220829921392359,1.0,0.0,0.711,0.6,0.0,0.246692,0.209134,0.3540902263615876,0.200365867365782
2023-04-23,2023-04,I2,Ternana,Venezia,draw,away,3.22,"[2.8,3.5)",0.2919919284169567,"[0.28,0.34)",market_non_favorite,AVG_OPEN,False,-1.0,AVG_OPEN_rulesi2_draw_2p8_3p5_train30_n120_ev0p02_top1_ridge10_cap0.08|I2_draw_2p8_3p5,718,0.316156,-0.6,-0.4,0.184379,0.071276,-1.0,2.417223,0.437786,2023-04-23,2022-23,1.169381359556317,1.0,0.0,0.718,0.6,0.4,0.184379,0.071276,0.327804382100459,0.05553011036347799
2023-05-01,2023-05,I2,Como,Palermo,draw,draw,3.28,"[2.8,3.5)",0.28585546633724523,"[0.28,0.34)",market_non_favorite,AVG_OPEN,True,2.28,AVG_OPEN_rulesi2_draw_2p8_3p5_train30_n120_ev0p02_top1_ridge10_cap0.08|I2_draw_2p8_3p5,722,0.315789,0.2,0.0,-0.058007,-0.06781,0.0,2.397979,0.283835,2023-05-01,2022-23,1.1878434223960523,1.0,0.0,0.722,0.2,0.0,0.058007,0.06781,0.36585546633724525,0.20000592958616425
2023-05-05,2023-05,I2,Perugia,Cagliari,draw,away,3.07,"[2.8,3.5)",0.30575315832615924,"[0.28,0.34)",market_non_favorite,AVG_OPEN,False,-1.0,AVG_OPEN_rulesi2_draw_2p8_3p5_train30_n120_ev0p02_top1_ridge10_cap0.08|I2_draw_2p8_3p5,730,0.317808,-0.8,-1.0,-0.169472,-0.243444,0.0,2.394293,0.254344,2023-05-05,2022-23,1.1216775615991057,1.0,0.0,0.73,0.8,1.0,0.169472,0.243444,0.3508529767419596,0.07711863859781598
2023-05-06,2023-05,I2,Ternana,Sudtirol,draw,away,3.31,"[2.8,3.5)",0.28384441258303417,"[0.28,0.34)",market_non_favorite,AVG_OPEN,False,-1.0,AVG_OPEN_rulesi2_draw_2p8_3p5_train30_n120_ev0p02_top1_ridge10_cap0.08|I2_draw_2p8_3p5,731,0.317373,0.2,-0.4,-0.21409,-0.306067,1.0,2.371078,0.068621,2023-05-06,2022-23,1.1969481893889715,1.0,0.0,0.731,0.2,0.4,0.21409,0.306067,0.3638444125830342,0.20432500564984313
2023-05-13,2023-05,I2,Benevento,Modena,draw,home,3.34,"[2.8,3.5)",0.28077392813524465,"[0.28,0.34)",market_non_favorite,AVG_OPEN,False,-1.0,AVG_OPEN_rulesi2_draw_2p8_3p5_train30_n120_ev0p02_top1_ridge10_cap0.08|I2_draw_2p8_3p5,740,0.316216,-0.6,-0.0,0.033784,0.261261,0.0,2.389195,0.213562,2023-05-13,2022-23,1.205970806988609,1.0,0.0,0.74,0.6,0.0,0.033784,0.261261,0.36077392813524467,0.20498491997171708
2023-05-19,2023-05,I2,Cittadella,Como,draw,draw,3.41,"[2.8,3.5)",0.27591240875912404,"[0.20,0.28)",market_non_favorite,AVG_OPEN,True,2.41,AVG_OPEN_rulesi2_draw_2p8_3p5_train30_n120_ev0p02_top1_ridge10_cap0.08|I2_draw_2p8_3p5,750,0.316,0.0,-0.0,0.013333,-0.04,0.0,2.390142,0.221139,2023-05-19,2022-23,1.2267122912954254,1.0,0.0,0.75,0.0,0.0,0.013333,0.04,0.35591240875912405,0.21366131386861298
2023-08-18,2023-08,I2,Bari,Palermo,draw,draw,3.07,"[2.8,3.5)",0.30542695419370786,"[0.28,0.34)",market_non_favorite,AVG_OPEN,True,2.07,AVG_OPEN_rulesi2_draw_2p8_3p5_train30_n120_ev0p02_top1_ridge10_cap0.08|I2_draw_2p8_3p5,760,0.314474,0.4,0.2,0.421053,0.578947,0.0,2.424326,0.494605,2023-08-18,2023-24,1.1216775615991057,1.0,0.0,0.76,0.4,0.2,0.421053,0.578947,0.38542695419370787,0.18326074937468317
2023-08-19,2023-08,I2,Ternana,Sampdoria,draw,away,3.37,"[2.8,3.5)",0.27836114459742406,"[0.20,0.28)",market_non_favorite,AVG_OPEN,False,-1.0,AVG_OPEN_rulesi2_draw_2p8_3p5_train30_n120_ev0p02_top1_ridge10_cap0.08|I2_draw_2p8_3p5,761,0.315375,-0.4,-0.0,0.276316,-0.236842,0.0,2.426893,0.515142,2023-08-19,2023-24,1.2149127443642704,1.0,0.0,0.761,0.4,0.0,0.276316,0.236842,0.3583611445974241,0.2076770572933191
2023-08-25,2023-08,I2,Sampdoria,Pisa,draw,away,3.28,"[2.8,3.5)",0.28732046901362523,"[0.28,0.34)",market_non_favorite,AVG_OPEN,False,-1.0,AVG_OPEN_rulesi2_draw_2p8_3p5_train30_n120_ev0p02_top1_ridge10_cap0.08|I2_draw_2p8_3p5,768,0.315104,0.8,-0.0,1.5,0.75,-15.0,2.346825,0.125398,2023-08-25,2023-24,1.1878434223960523,1.0,0.0,0.768,0.8,0.0,1.5,0.75,0.36732046901362525,0.20481113836469067
2023-08-26,2023-08,I2,Parma,Cittadella,draw,home,3.36,"[2.8,3.5)",0.2801744180039058,"[0.28,0.34)",market_non_favorite,AVG_OPEN,False,-1.0,AVG_OPEN_rulesi2_draw_2p8_3p5_train30_n120_ev0p02_top1_ridge10_cap0.08|I2_draw_2p8_3p5,769,0.314694,0.8,0.6,0.194805,0.311688,0.0,2.428928,0.53142,2023-08-26,2023-24,1.2119409739751128,1.0,0.0,0.769,0.8,0.6,0.194805,0.311688,0.3601744180039058,0.2101860444931234
2023-08-27,2023-08,I2,Catanzaro,Ternana,draw,home,3.24,"[2.8,3.5)",0.2901763102674803,"[0.28,0.34)",market_non_favorite,AVG_OPEN,False,-1.0,AVG_OPEN_rulesi2_draw_2p8_3p5_train30_n120_ev0p02_top1_ridge10_cap0.08|I2_draw_2p8_3p5,775,0.314839,1.0,1.2,-0.25974,0.246753,0.0,2.42927,0.534159,2023-08-27,2023-24,1.1755733298042381,1.0,0.0,0.775,1.0,1.2,0.25974,0.246753,0.3296200630951011,0.06796900442812759
2023-08-29,2023-08,I2,Reggiana,Palermo,draw,away,3.2,"[2.8,3.5)",0.29476797124922444,"[0.28,0.34)",market_non_favorite,AVG_OPEN,False,-1.0,AVG_OPEN_rulesi2_draw_2p8_3p5_train30_n120_ev0p02_top1_ridge10_cap0.08|I2_draw_2p8_3p5,776,0.314433,-0.7,-0.5,-0.782051,-0.474359,-8.0,2.398872,0.290974,2023-08-29,2023-24,1.1631508098056809,1.0,0.0,0.776,0.7,0.5,0.782051,0.474359,0.37476797124922445,0.1992575079975183
2023-08-30,2023-08,I2,Catanzaro,Spezia,draw,home,3.25,"[2.8,3.5)",0.28957996440789524,"[0.28,0.34)",market_non_favorite,AVG_OPEN,False,-1.0,AVG_OPEN_rulesi2_draw_2p8_3p5_train30_n120_ev0p02_top1_ridge10_cap0.08|I2_draw_2p8_3p5,780,0.312821,1.0,1.1,1.0,0.5,-7.0,2.43881,0.610478,2023-08-30,2023-24,1.1786549963416462,1.0,0.0,0.78,1.0,1.1,1.0,0.5,0.36957996440789526,0.2011348843256595
2023-09-02,2023-09,I2,Modena,Pisa,draw,home,2.99,"[2.8,3.5)",0.314499131013571,"[0.28,0.34)",market_non_favorite,AVG_OPEN,False,-1.0,AVG_OPEN_rulesi2_draw_2p8_3p5_train30_n120_ev0p02_top1_ridge10_cap0.08|I2_draw_2p8_3p5,784,0.3125,1.2,0.8,-0.15,-0.35641,0.0,2.389645,0.217158,2023-09-02,2023-24,1.095273387402595,1.0,0.0,0.784,1.2,0.8,0.15,0.35641,0.38848589809166545,0.16157283529407973
2023-09-03,2023-09,I2,Cremonese,Sampdoria,draw,draw,3.32,"[2.8,3.5)",0.2833842552479974,"[0.28,0.34)",market_non_favorite,AVG_OPEN,True,2.32,AVG_OPEN_rulesi2_draw_2p8_3p5_train30_n120_ev0p02_top1_ridge10_cap0.08|I2_draw_2p8_3p5,788,0.312183,0.6,1.0,0.780488,1.105691,0.0,2.433277,0.566213,2023-09-03,2023-24,1.199964782928397,1.0,0.0,0.788,0.6,1.0,0.780488,1.105691,0.3231382793313101,0.07281908737994947
2023-09-16,2023-09,I2,Pisa,Bari,draw,draw,3.18,"[2.8,3.5)",0.29575072139998143,"[0.28,0.34)",market_non_favorite,AVG_OPEN,True,2.18,AVG_OPEN_rulesi2_draw_2p8_3p5_train30_n120_ev0p02_top1_ridge10_cap0.08|I2_draw_2p8_3p5,795,0.313208,-0.4,-0.4,-0.209464,-0.295961,1.0,2.37895,0.131602,2023-09-16,2023-24,1.1568811967920856,1.0,0.0,0.795,0.4,0.4,0.209464,0.295961,0.37575072139998145,0.19488729405194105
2023-09-17,2023-09,I2,Catanzaro,Parma,draw,away,3.25,"[2.8,3.5)",0.28945087968962424,"[0.28,0.34)",market_non_favorite,AVG_OPEN,False,-1.0,AVG_OPEN_rulesi2_draw_2p8_3p5_train30_n120_ev0p02_top1_ridge10_cap0.08|I2_draw_2p8_3p5,801,0.315855,-0.1,0.05,1.0,1.0125,-1.0,2.384908,0.179263,2023-09-17,2023-24,1.1786549963416462,1.0,0.0,0.801,0.1,0.05,1.0,1.0125,0.36945087968962426,0.2007153589912789
2023-09-18,2023-09,I2,Sampdoria,Cittadella,draw,away,3.22,"[2.8,3.5)",0.2919622035553188,"[0.28,0.34)",market_non_favorite,AVG_OPEN,False,-1.0,AVG_OPEN_rulesi2_draw_2p8_3p5_train30_n120_ev0p02_top1_ridge10_cap0.08|I2_draw_2p8_3p5,803,0.315068,-0.4,-0.6,-0.25,-0.375,0.0,2.359669,0.022644,2023-09-18,2023-24,1.169381359556317,1.0,0.0,0.803,0.4,0.6,0.25,0.375,0.36162322599059205,0.16442678768970653
2023-09-23,2023-09,I2,Spezia,Reggiana,draw,away,3.43,"[2.8,3.5)",0.2745879860623201,"[0.20,0.28)",market_non_favorite,AVG_OPEN,False,-1.0,AVG_OPEN_rulesi2_draw_2p8_3p5_train30_n120_ev0p02_top1_ridge10_cap0.08|I2_draw_2p8_3p5,805,0.314286,-0.4,-0.6,-0.35,-0.65,1.0,2.363169,0.005353,2023-09-23,2023-24,1.2325602611778486,1.0,0.0,0.805,0.4,0.6,0.35,0.65,0.3530178965231874,0.21085138507453283
2023-09-24,2023-09,I2,Cittadella,Como,draw,away,3.29,"[2.8,3.5)",0.2861994151495142,"[0.28,0.34)",market_non_favorite,AVG_OPEN,False,-1.0,AVG_OPEN_rulesi2_draw_2p8_3p5_train30_n120_ev0p02_top1_ridge10_cap0.08|I2_draw_2p8_3p5,811,0.316893,0.0,0.2,0.009105,-0.023611,-1.0,2.393923,0.251387,2023-09-24,2023-24,1.1908875647772805,1.0,0.0,0.811,0.0,0.2,0.009105,0.023611,0.3661994151495142,0.20479607584190185
2023-09-26,2023-09,I2,Venezia,Palermo,draw,away,3.22,"[2.8,3.5)",0.292650283338554,"[0.28,0.34)",market_non_favorite,AVG_OPEN,False,-1.0,AVG_OPEN_rulesi2_draw_2p8_3p5_train30_n120_ev0p02_top1_ridge10_cap0.08|I2_draw_2p8_3p5,814,0.318182,-0.2,-0.6,0.014271,0.04334,-1.0,2.387828,0.202624,2023-09-26,2023-24,1.169381359556317,1.0,0.0,0.814,0.2,0.6,0.014271,0.04334,0.372650283338554,0.19993391235014402
2023-09-27,2023-09,I2,Catanzaro,Cittadella,draw,draw,3.15,"[2.8,3.5)",0.29856416559584337,"[0.28,0.34)",market_non_favorite,AVG_OPEN,True,2.15,AVG_OPEN_rulesi2_draw_2p8_3p5_train30_n120_ev0p02_top1_ridge10_cap0.08|I2_draw_2p8_3p5,821,0.319123,1.0,0.8,0.577236,0.146341,0.0,2.417134,0.437069,2023-09-27,2023-24,1.1474024528375417,1.0,0.0,0.821,1.0,0.8,0.577236,0.146341,0.34978001378600654,0.10180704342592062
2023-09-30,2023-09,I2,Pisa,Cosenza,draw,away,3.48,"[2.8,3.5)",0.27022596245799063,"[0.20,0.28)",market_non_favorite,AVG_OPEN,False,-1.0,AVG_OPEN_rulesi2_draw_2p8_3p5_train30_n120_ev0p02_top1_ridge10_cap0.08|I2_draw_2p8_3p5,824,0.319175,0.2,-0.0,0.487805,0.773876,0.0,2.432772,0.562175,2023-09-30,2023-24,1.247032293786383,1.0,0.0,0.824,0.2,0.0,0.487805,0.773876,0.35022596245799065,0.21878634935380736
2023-10-01,2023-10,I2,Sampdoria,Catanzaro,draw,away,3.38,"[2.8,3.5)",0.2783113562606614,"[0.20,0.28)",market_non_favorite,AVG_OPEN,False,-1.0,AVG_OPEN_rulesi2_draw_2p8_3p5_train30_n120_ev0p02_top1_ridge10_cap0.08|I2_draw_2p8_3p5,829,0.318456,-1.2,-0.4,-1.0,-0.571429,0.0,2.345943,0.132455,2023-10-01,2023-24,1.2178757094949273,1.0,0.0,0.829,1.2,0.4,1.0,0.571429,0.30734133515909073,0.03881371283772661
2023-10-07,2023-10,I2,Cittadella,Ternana,draw,draw,3.22,"[2.8,3.5)",0.292144658852194,"[0.28,0.34)",market_non_favorite,AVG_OPEN,True,2.22,AVG_OPEN_rulesi2_draw_2p8_3p5_train30_n120_ev0p02_top1_ridge10_cap0.08|I2_draw_2p8_3p5,835,0.318563,0.6,-0.2,0.059524,0.119048,-1.0,2.417735,0.441879,2023-10-07,2023-24,1.169381359556317,1.0,0.0,0.835,0.6,0.2,0.059524,0.119048,0.372144658852194,0.19830580150406485
2023-10-08,2023-10,I2,Spezia,Pisa,draw,draw,3.31,"[2.8,3.5)",0.2840029494092445,"[0.28,0.34)",market_non_favorite,AVG_OPEN,True,2.31,AVG_OPEN_rulesi2_draw_2p8_3p5_train30_n120_ev0p02_top1_ridge10_cap0.08|I2_draw_2p8_3p5,842,0.319477,-0.2,0.0,-0.755594,-0.931153,0.0,2.358503,0.031977,2023-10-08,2023-24,1.1969481893889715,1.0,0.0,0.842,0.2,0.0,0.755594,0.931153,0.3640029494092445,0.2048497625445993
2023-10-20,2023-10,I2,Parma,Como,draw,home,3.38,"[2.8,3.5)",0.27773599641323055,"[0.20,0.28)",market_non_favorite,AVG_OPEN,False,-1.0,AVG_OPEN_rulesi2_draw_2p8_3p5_train30_n120_ev0p02_top1_ridge10_cap0.08|I2_draw_2p8_3p5,844,0.319905,0.0,0.6,0.243697,0.353641,1.0,2.430428,0.543425,2023-10-20,2023-24,1.2178757094949273,1.0,0.0,0.844,0.0,0.6,0.243697,0.353641,0.34607438030618365,0.16973140543490062
2023-10-21,2023-10,I2,Bari,Modena,draw,draw,3.15,"[2.8,3.5)",0.29825187299322153,"[0.28,0.34)",market_non_favorite,AVG_OPEN,True,2.15,AVG_OPEN_rulesi2_draw_2p8_3p5_train30_n120_ev0p02_top1_ridge10_cap0.08|I2_draw_2p8_3p5,845,0.319527,0.2,0.6,0.291397,0.577243,0.0,2.428893,0.531145,2023-10-21,2023-24,1.1474024528375417,1.0,0.0,0.845,0.2,0.6,0.291397,0.577243,0.37825187299322155,0.1914933999286479
2023-10-22,2023-10,I2,Reggiana,Venezia,draw,home,3.25,"[2.8,3.5)",0.28869581797908367,"[0.28,0.34)",market_non_favorite,AVG_OPEN,False,-1.0,AVG_OPEN_rulesi2_draw_2p8_3p5_train30_n120_ev0p02_top1_ridge10_cap0.08|I2_draw_2p8_3p5,851,0.318449,-0.8,-0.8,-0.536643,-0.704492,0.0,2.391914,0.235315,2023-10-22,2023-24,1.1786549963416462,1.0,0.0,0.851,0.8,0.8,0.536643,0.704492,0.3663226245472785,0.1905485297786551
2023-10-23,2023-10,I2,Palermo,Spezia,draw,draw,3.34,"[2.8,3.5)",0.2802542030882071,"[0.28,0.34)",market_non_favorite,AVG_OPEN,True,2.34,AVG_OPEN_rulesi2_draw_2p8_3p5_train30_n120_ev0p02_top1_ridge10_cap0.08|I2_draw_2p8_3p5,853,0.317702,1.4,1.2,0.728261,0.820652,1.0,2.458346,0.766767,2023-10-23,2023-24,1.205970806988609,1.0,0.0,0.853,1.4,1.2,0.728261,0.820652,0.32267698037662196,0.0777411144579172
2023-10-24,2023-10,I2,Brescia,Modena,draw,away,3.05,"[2.8,3.5)",0.30869491081342976,"[0.28,0.34)",market_non_favorite,AVG_OPEN,False,-1.0,AVG_OPEN_rulesi2_draw_2p8_3p5_train30_n120_ev0p02_top1_ridge10_cap0.08|I2_draw_2p8_3p5,854,0.318501,0.8,1.0,0.135863,0.163804,0.0,2.400438,0.303503,2023-10-24,2023-24,1.1151415906193203,1.0,0.0,0.854,0.8,1.0,0.135863,0.163804,0.3572630849115996,0.08965240898037874
2023-10-27,2023-10,I2,Cittadella,Cremonese,draw,away,3.25,"[2.8,3.5)",0.2898108163273474,"[0.28,0.34)",market_non_favorite,AVG_OPEN,False,-1.0,AVG_OPEN_rulesi2_draw_2p8_3p5_train30_n120_ev0p02_top1_ridge10_cap0.08|I2_draw_2p8_3p5,856,0.317757,-0.4,-0.8,-0.452519,-0.535368,0.0,2.40121,0.309679,2023-10-27,2023-24,1.1786549963416462,1.0,0.0,0.856,0.4,0.8,0.452519,0.535368,0.3698108163273474,0.201885153063879
2023-10-28,2023-10,I2,Spezia,Cosenza,draw,draw,3.4,"[2.8,3.5)",0.27690088225181575,"[0.20,0.28)",market_non_favorite,AVG_OPEN,True,2.4,AVG_OPEN_rulesi2_draw_2p8_3p5_train30_n120_ev0p02_top1_ridge10_cap0.08|I2_draw_2p8_3p5,857,0.317386,-0.6,-0.4,-0.257106,-0.055556,-1.0,2.38558,0.18464,2023-10-28,2023-24,1.2237754316221157,1.0,0.0,0.857,0.6,0.4,0.257106,0.055556,0.35690088225181577,0.21346299965617366
2023-10-29,2023-10,I2,Modena,Ternana,draw,home,3.38,"[2.8,3.5)",0.27822229561353473,"[0.20,0.28)",market_non_favorite,AVG_OPEN,False,-1.0,AVG_OPEN_rulesi2_draw_2p8_3p5_train30_n120_ev0p02_top1_ridge10_cap0.08|I2_draw_2p8_3p5,862,0.316705,0.0,-0.6,0.135659,0.151647,-3.0,2.425515,0.504116,2023-10-29,2023-24,1.2178757094949273,1.0,0.0,0.862,0.0,0.6,0.135659,0.151647,0.35822229561353475,0.21079135917374736
2023-11-04,2023-11,I2,Pisa,Como,draw,draw,3.25,"[2.8,3.5)",0.2895053568257601,"[0.28,0.34)",market_non_favorite,AVG_OPEN,True,2.25,AVG_OPEN_rulesi2_draw_2p8_3p5_train30_n120_ev0p02_top1_ridge10_cap0.08|I2_draw_2p8_3p5,866,0.315242,-0.6,-0.2,0.157578,0.253542,-1.0,2.396509,0.272075,2023-11-04,2023-24,1.1786549963416462,1.0,0.0,0.866,0.6,0.2,0.157578,0.253542,0.36950535682576013,0.20089240968372035
2023-11-05,2023-11,I2,Cremonese,Spezia,draw,home,3.38,"[2.8,3.5)",0.27834659042130294,"[0.20,0.28)",market_non_favorite,AVG_OPEN,False,-1.0,AVG_OPEN_rulesi2_draw_2p8_3p5_train30_n120_ev0p02_top1_ridge10_cap0.08|I2_draw_2p8_3p5,873,0.315006,0.4,0.2,0.934694,0.908163,1.0,2.426044,0.508355,2023-11-05,2023-24,1.2178757094949273,1.0,0.0,0.873,0.4,0.2,0.934694,0.908163,0.35834659042130296,0.211211475624004
2023-11-08,2023-11,I2,Lecco,Spezia,draw,draw,3.43,"[2.8,3.5)",0.27331334730586576,"[0.20,0.28)",market_non_favorite,AVG_OPEN,True,2.43,AVG_OPEN_rulesi2_draw_2p8_3p5_train30_n120_ev0p02_top1_ridge10_cap0.08|I2_draw_2p8_3p5,876,0.315068,0.2,-0.2,0.072727,-0.072727,0.0,2.428222,0.525773,2023-11-08,2023-24,1.2325602611778486,1.0,0.0,0.876,0.2,0.2,0.072727,0.072727,0.3533133473058658,0.21186478125911967
2023-11-10,2023-11,I2,Venezia,Catanzaro,draw,home,3.36,"[2.8,3.5)",0.2798607815219111,"[0.20,0.28)",market_non_favorite,AVG_OPEN,False,-1.0,AVG_OPEN_rulesi2_draw_2p8_3p5_train30_n120_ev0p02_top1_ridge10_cap0.08|I2_draw_2p8_3p5,878,0.31549,0.6,0.2,-0.29,-0.09,0.0,2.397448,0.279586,2023-11-10,2023-24,1.2119409739751128,1.0,0.0,0.878,0.6,0.2,0.29,0.09,0.3598607815219111,0.20913222591362124
2023-11-11,2023-11,I2,Cosenza,Reggiana,draw,home,3.27,"[2.8,3.5)",0.2880039982798098,"[0.28,0.34)",market_non_favorite,AVG_OPEN,False,-1.0,AVG_OPEN_rulesi2_draw_2p8_3p5_train30_n120_ev0p02_top1_ridge10_cap0.08|I2_draw_2p8_3p5,879,0.315131,0.0,0.2,-0.215909,-0.405303,1.0,2.37744,0.11952,2023-11-11,2023-24,1.184789984909162,1.0,0.0,0.879,0.0,0.2,0.215909,0.405303,0.36800399827980984,0.2033730743749782
2023-11-12,2023-11,I2,Brescia,Cremonese,draw,away,3.31,"[2.8,3.5)",0.28462470515396565,"[0.28,0.34)",market_non_favorite,AVG_OPEN,False,-1.0,AVG_OPEN_rulesi2_draw_2p8_3p5_train30_n120_ev0p02_top1_ridge10_cap0.08|I2_draw_2p8_3p5,884,0.31448,-1.2,-1.4,-0.392184,-0.471494,-3.0,2.391754,0.234032,2023-11-12,2023-24,1.1969481893889715,1.0,0.0,0.884,1.2,1.4,0.392184,0.471494,0.32696757622762024,0.08226267731342296
2023-11-24,2023-11,I2,Sampdoria,Spezia,draw,home,3.18,"[2.8,3.5)",0.29560912302626835,"[0.28,0.34)",market_non_favorite,AVG_OPEN,False,-1.0,AVG_OPEN_rulesi2_draw_2p8_3p5_train30_n120_ev0p02_top1_ridge10_cap0.08|I2_draw_2p8_3p5,888,0.314189,1.2,1.2,0.384615,0.461538,1.0,2.400237,0.301896,2023-11-24,2023-24,1.1568811967920856,1.0,0.0,0.888,1.2,1.2,0.384615,0.461538,0.3315845161348714,0.054438761308891026
2023-11-25,2023-11,I2,Parma,Modena,draw,draw,3.25,"[2.8,3.5)",0.28892788470513564,"[0.28,0.34)",market_non_favorite,AVG_OPEN,True,2.25,AVG_OPEN_rulesi2_draw_2p8_3p5_train30_n120_ev0p02_top1_ridge10_cap0.08|I2_draw_2p8_3p5,889,0.313836,-0.2,0.4,0.189249,0.423882,-1.0,2.440948,0.627583,2023-11-25,2023-24,1.1786549963416462,1.0,0.0,0.889,0.2,0.4,0.189249,0.423882,0.36892788470513566,0.1990156252916908
2023-11-26,2023-11,I2,Catanzaro,Cosenza,draw,home,3.44,"[2.8,3.5)",0.27270361696591205,"[0.20,0.28)",market_non_favorite,AVG_OPEN,False,-1.0,AVG_OPEN_rulesi2_draw_2p8_3p5_train30_n120_ev0p02_top1_ridge10_cap0.08|I2_draw_2p8_3p5,896,0.314732,-0.4,-0.4,0.559205,0.61452,1.0,2.421936,0.475491,2023-11-26,2023-24,1.235471471385307,1.0,0.0,0.896,0.4,0.4,0.559205,0.61452,0.35270361696591207,0.2133004423627376
2023-11-28,2023-11,I2,Sudtirol,Brescia,draw,draw,2.94,"[2.8,3.5)",0.3203323765411964,"[0.28,0.34)",market_non_favorite,AVG_OPEN,True,1.94,AVG_OPEN_rulesi2_draw_2p8_3p5_train30_n120_ev0p02_top1_ridge10_cap0.08|I2_draw_2p8_3p5,898,0.315145,1.0,1.0,0.102666,0.142983,0.0,2.426323,0.510587,2023-11-28,2023-24,1.0784095813505903,1.0,0.0,0.898,1.0,1.0,0.102666,0.142983,0.3916833350152478,0.15154900494482848
2023-12-01,2023-12,I2,Palermo,Catanzaro,draw,away,3.47,"[2.8,3.5)",0.27196336333138077,"[0.20,0.28)",market_non_favorite,AVG_OPEN,False,-1.0,AVG_OPEN_rulesi2_draw_2p8_3p5_train30_n120_ev0p02_top1_ridge10_cap0.08|I2_draw_2p8_3p5,900,0.316667,-0.4,-0.8,-0.31044,-0.151099,0.0,2.403145,0.325161,2023-12-01,2023-24,1.244154593958768,1.0,0.0,0.9,0.4,0.8,0.31044,0.151099,0.333399106996229,0.15689490127691474
2023-12-02,2023-12,I2,Modena,Reggiana,draw,home,3.49,"[2.8,3.5)",0.27037472988879324,"[0.20,0.28)",market_non_favorite,AVG_OPEN,False,-1.0,AVG_OPEN_rulesi2_draw_2p8_3p5_train30_n120_ev0p02_top1_ridge10_cap0.08|I2_draw_2p8_3p5,901,0.316315,0.4,-0.2,0.222527,0.118132,0.0,2.400879,0.307034,2023-12-02,2023-24,1.2499017362143359,1.0,0.0,0.901,0.4,0.2,0.222527,0.118132,0.35037472988879326,0.22280780731188865
2023-12-03,2023-12,I2,Lecco,Bari,draw,home,3.24,"[2.8,3.5)",0.2904694005123407,"[0.28,0.34)",market_non_favorite,AVG_OPEN,False,-1.0,AVG_OPEN_rulesi2_draw_2p8_3p5_train30_n120_ev0p02_top1_ridge10_cap0.08|I2_draw_2p8_3p5,907,0.315325,-0.4,0.2,-0.667582,-0.956044,-3.0,2.373388,0.087106,2023-12-03,2023-24,1.1755733298042381,1.0,0.0,0.907,0.4,0.2,0.667582,0.956044,0.37046940051234073,0.20032085765998398
2023-12-09,2023-12,I2,Catanzaro,Pisa,draw,home,3.18,"[2.8,3.5)",0.296189376443418,"[0.28,0.34)",market_non_favorite,AVG_OPEN,False,-1.0,AVG_OPEN_rulesi2_draw_2p8_3p5_train30_n120_ev0p02_top1_ridge10_cap0.08|I2_draw_2p8_3p5,910,0.314286,0.0,0.0,0.349451,0.135531,1.0,2.409201,0.373611,2023-12-09,2023-24,1.1568811967920856,1.0,0.0,0.91,0.0,0.0,0.349451,0.135531,0.376189376443418,0.19628221709006932
2023-12-10,2023-12,I2,Como,Modena,draw,home,3.19,"[2.8,3.5)",0.29466190511348844,"[0.28,0.34)",market_non_favorite,AVG_OPEN,False,-1.0,AVG_OPEN_rulesi2_draw_2p8_3p5_train30_n120_ev0p02_top1_ridge10_cap0.08|I2_draw_2p8_3p5,917,0.311887,0.2,0.4,-0.055567,0.053494,-1.0,2.410759,0.386071,2023-12-10,2023-24,1.1600209167967532,1.0,0.0,0.917,0.2,0.4,0.055567,0.053494,0.37466190511348846,0.1951714773120281
2023-12-15,2023-12,I2,Spezia,Bari,draw,home,3.05,"[2.8,3.5)",0.3085104369712912,"[0.28,0.34)",market_non_favorite,AVG_OPEN,False,-1.0,AVG_OPEN_rulesi2_draw_2p8_3p5_train30_n120_ev0p02_top1_ridge10_cap0.08|I2_draw_2p8_3p5,920,0.313043,-0.4,0.2,-0.780093,-0.93287,0.0,2.34589,0.13288,2023-12-15,2023-24,1.1151415906193203,1.0,0.0,0.92,0.4,0.2,0.780093,0.93287,0.3700470169496841,0.12864340169653654
2023-12-16,2023-12,I2,Palermo,Pisa,draw,home,3.39,"[2.8,3.5)",0.27800153067761924,"[0.20,0.28)",market_non_favorite,AVG_OPEN,False,-1.0,AVG_OPEN_rulesi2_draw_2p8_3p5_train30_n120_ev0p02_top1_ridge10_cap0.08|I2_draw_2p8_3p5,921,0.312704,-0.2,0.0,-0.064412,-0.062802,-1.0,2.410096,0.380768,2023-12-16,2023-24,1.220829921392359,1.0,0.0,0.921,0.2,0.0,0.064412,0.062802,0.35800153067761925,0.21362518899712923
2023-12-17,2023-12,I2,Lecco,Ternana,draw,away,3.27,"[2.8,3.5)",0.28808024259388854,"[0.28,0.34)",market_non_favorite,AVG_OPEN,False,-1.0,AVG_OPEN_rulesi2_draw_2p8_3p5_train30_n120_ev0p02_top1_ridge10_cap0.08|I2_draw_2p8_3p5,929,0.312164,-0.2,-0.6,-0.206522,-0.334239,0.0,2.412689,0.401509,2023-12-17,2023-24,1.184789984909162,1.0,0.0,0.929,0.2,0.6,0.206522,0.334239,0.36808024259388855,0.2036223932820156
2023-12-23,2023-12,I2,Como,Palermo,draw,draw,3.22,"[2.8,3.5)",0.2914507772020725,"[0.28,0.34)",market_non_favorite,AVG_OPEN,True,2.22,AVG_OPEN_rulesi2_draw_2p8_3p5_train30_n120_ev0p02_top1_ridge10_cap0.08|I2_draw_2p8_3p5,930,0.311828,1.0,0.4,-0.055914,-0.159531,0.0,2.397615,0.28092,2023-12-23,2023-24,1.169381359556317,1.0,0.0,0.93,1.0,0.4,0.055914,0.159531,0.37145077720207254,0.19607150259067363
2023-12-26,2023-12,I2,FeralpiSalo,Venezia,draw,draw,3.37,"[2.8,3.5)",0.2789849730853179,"[0.20,0.28)",market_non_favorite,AVG_OPEN,True,2.37,AVG_OPEN_rulesi2_draw_2p8_3p5_train30_n120_ev0p02_top1_ridge10_cap0.08|I2_draw_2p8_3p5,940,0.311702,-0.2,-0.8,-0.759921,-1.214286,0.0,2.369059,0.052473,2023-12-26,2023-24,1.2149127443642704,1.0,0.0,0.94,0.2,0.8,0.759921,1.214286,0.3589849730853179,0.20977935929752145
2024-01-12,2024-01,I2,Catanzaro,Lecco,draw,home,3.45,"[2.8,3.5)",0.27189300704275454,"[0.20,0.28)",market_non_favorite,AVG_OPEN,False,-1.0,AVG_OPEN_rulesi2_draw_2p8_3p5_train30_n120_ev0p02_top1_ridge10_cap0.08|I2_draw_2p8_3p5,950,0.313684,-0.2,0.2,0.526316,0.684211,0.0,2.415881,0.42705,2024-01-12,2023-24,1.2383742310432684,1.0,0.0,0.95,0.2,0.2,0.526316,0.684211,0.3440981111771244,0.1871384835610792
2024-01-13,2024-01,I2,Como,Spezia,draw,home,3.35,"[2.8,3.5)",0.27965580594550876,"[0.20,0.28)",market_non_favorite,AVG_OPEN,False,-1.0,AVG_OPEN_rulesi2_draw_2p8_3p5_train30_n120_ev0p02_top1_ridge10_cap0.08|I2_draw_2p8_3p5,951,0.313354,0.6,0.6,0.463158,0.557895,0.0,2.446701,0.673608,2024-01-13,2023-24,1.208960345836975,1.0,0.0,0.951,0.6,0.6,0.463158,0.557895,0.3596558059455088,0.20484694991745434
2024-01-14,2024-01,I2,Venezia,Sampdoria,draw,home,3.27,"[2.8,3.5)",0.2866655358361505,"[0.28,0.34)",market_non_favorite,AVG_OPEN,False,-1.0,AVG_OPEN_rulesi2_draw_2p8_3p5_train30_n120_ev0p02_top1_ridge10_cap0.08|I2_draw_2p8_3p5,957,0.312435,-0.4,0.0,0.157895,0.263158,0.0,2.441669,0.63335,2024-01-14,2023-24,1.184789984909162,1.0,0.0,0.957,0.4,0.0,0.157895,0.263158,0.3666655358361505,0.19899630218421227
2024-01-20,2024-01,I2,Lecco,Pisa,draw,away,3.14,"[2.8,3.5)",0.29904897844019185,"[0.28,0.34)",market_non_favorite,AVG_OPEN,False,-1.0,AVG_OPEN_rulesi2_draw_2p8_3p5_train30_n120_ev0p02_top1_ridge10_cap0.08|I2_draw_2p8_3p5,961,0.312175,-0.2,-0.4,-0.427083,-0.716667,1.0,2.388468,0.207744,2024-01-20,2023-24,1.144222799920162,1.0,0.0,0.961,0.2,0.4,0.427083,0.716667,0.37904897844019186,0.19021379230220248
2024-01-21,2024-01,I2,Ascoli,Bari,draw,draw,2.87,"[2.8,3.5)",0.32661172482319245,"[0.28,0.34)",market_non_favorite,AVG_OPEN,True,1.87,AVG_OPEN_rulesi2_draw_2p8_3p5_train30_n120_ev0p02_top1_ridge10_cap0.08|I2_draw_2p8_3p5,969,0.311662,-0.6,-0.6,-0.214799,-0.403736,-1.0,2.373316,0.086527,2024-01-21,2023-24,1.0543120297715298,1.0,0.0,0.969,0.6,0.6,0.214799,0.403736,0.4022795732137019,0.15454237512332436
2024-01-27,2024-01,I2,Bari,Reggiana,draw,away,3.15,"[2.8,3.5)",0.2982670382006505,"[0.28,0.34)",market_non_favorite,AVG_OPEN,False,-1.0,AVG_OPEN_rulesi2_draw_2p8_3p5_train30_n120_ev0p02_top1_ridge10_cap0.08|I2_draw_2p8_3p5,971,0.313079,-0.4,0.0,0.368846,0.498789,-1.0,2.417203,0.437622,2024-01-27,2023-24,1.1474024528375417,1.0,0.0,0.971,0.4,0.0,0.368846,0.498789,0.3782670382006505,0.1915411703320491
2024-02-03,2024-02,I2,Sampdoria,Modena,draw,draw,3.25,"[2.8,3.5)",0.2885896316368606,"[0.28,0.34)",market_non_favorite,AVG_OPEN,True,2.25,AVG_OPEN_rulesi2_draw_2p8_3p5_train30_n120_ev0p02_top1_ridge10_cap0.08|I2_draw_2p8_3p5,981,0.309888,0.0,-0.2,-0.043939,-0.077273,-1.0,2.373699,0.089594,2024-02-03,2023-24,1.1786549963416462,1.0,0.0,0.981,0.0,0.2,0.043939,0.077273,0.3685896316368606,0.197916302819797
2024-02-04,2024-02,I2,Ascoli,Sudtirol,draw,away,3.0,"[2.8,3.5)",0.31234137055837563,"[0.28,0.34)",market_non_favorite,AVG_OPEN,False,-1.0,AVG_OPEN_rulesi2_draw_2p8_3p5_train30_n120_ev0p02_top1_ridge10_cap0.08|I2_draw_2p8_3p5,989,0.311426,0.4,0.6,0.00068,-0.053741,0.0,2.395892,0.267138,2024-02-04,2023-24,1.0986122886681098,1.0,0.0,0.989,0.4,0.6,0.00068,0.053741,0.3709340391881785,0.11280211756453551
2024-02-09,2024-02,I2,Como,Brescia,draw,home,3.36,"[2.8,3.5)",0.2796291527169714,"[0.20,0.28)",market_non_favorite,AVG_OPEN,False,-1.0,AVG_OPEN_rulesi2_draw_2p8_3p5_train30_n120_ev0p02_top1_ridge10_cap0.08|I2_draw_2p8_3p5,990,0.311111,0.6,0.8,-0.020202,0.0,0.0,2.414788,0.418306,2024-02-09,2023-24,1.2119409739751128,1.0,0.0,0.99,0.6,0.8,0.020202,0.0,0.322236626770165,0.08271506594775446
2024-02-10,2024-02,I2,Sudtirol,Venezia,draw,away,3.1,"[2.8,3.5)",0.302603407081019,"[0.28,0.34)",market_non_favorite,AVG_OPEN,False,-1.0,AVG_OPEN_rulesi2_draw_2p8_3p5_train30_n120_ev0p02_top1_ridge10_cap0.08|I2_draw_2p8_3p5,991,0.310797,0.0,0.0,-0.081967,-0.147541,-1.0,2.393562,0.248497,2024-02-10,2023-24,1.1314021114911006,1.0,0.0,0.991,0.0,0.0,0.081967,0.147541,0.38260340708101903,0.18607056195115912
2024-02-11,2024-02,I2,Ternana,Spezia,draw,draw,3.24,"[2.8,3.5)",0.2895204555178883,"[0.28,0.34)",market_non_favorite,AVG_OPEN,True,2.24,AVG_OPEN_rulesi2_draw_2p8_3p5_train30_n120_ev0p02_top1_ridge10_cap0.08|I2_draw_2p8_3p5,999,0.31031,-0.2,0.4,0.278876,0.40975,0.0,2.413675,0.409402,2024-02-11,2023-24,1.1755733298042381,1.0,0.0,0.999,0.2,0.4,0.278876,0.40975,0.3305375073256062,0.0709415237349642
2024-02-16,2024-02,I2,Ascoli,Cremonese,draw,draw,3.21,"[2.8,3.5)",0.29258987188905,"[0.28,0.34)",market_non_favorite,AVG_OPEN,True,2.21,AVG_OPEN_rulesi2_draw_2p8_3p5_train30_n120_ev0p02_top1_ridge10_cap0.08|I2_draw_2p8_3p5,1000,0.311,-1.6,-0.8,-0.49871,-0.588387,0.0,2.377001,0.11601,2024-02-16,2023-24,1.1662709371419244,1.0,0.0,1.0,1.6,0.8,0.49871,0.588387,0.324590232695817,0.04193464695357263
2024-02-17,2024-02,I2,Parma,Pisa,draw,home,3.49,"[2.8,3.5)",0.2692952163994114,"[0.20,0.28)",market_non_favorite,AVG_OPEN,False,-1.0,AVG_OPEN_rulesi2_draw_2p8_3p5_train30_n120_ev0p02_top1_ridge10_cap0.08|I2_draw_2p8_3p5,1001,0.311688,0.4,-0.2,0.17,0.17,0.0,2.437473,0.599788,2024-02-17,2023-24,1.2499017362143359,1.0,0.0,1.001,0.4,0.2,0.17,0.17,0.3492952163994114,0.2190403052339458
2024-02-24,2024-02,I2,Brescia,Reggiana,draw,draw,3.04,"[2.8,3.5)",0.3088890400925367,"[0.28,0.34)",market_non_favorite,AVG_OPEN,True,2.04,AVG_OPEN_rulesi2_draw_2p8_3p5_train30_n120_ev0p02_top1_ridge10_cap0.08|I2_draw_2p8_3p5,1011,0.311573,-0.2,0.0,0.176238,0.12,0.0,2.396385,0.271078,2024-02-24,2023-24,1.1118575154181303,1.0,0.0,1.011,0.2,0.0,0.176238,0.12,0.3888890400925367,0.18222268188131174
2024-02-25,2024-02,I2,Modena,Spezia,draw,draw,3.24,"[2.8,3.5)",0.29012587100018356,"[0.28,0.34)",market_non_favorite,AVG_OPEN,True,2.24,AVG_OPEN_rulesi2_draw_2p8_3p5_train30_n120_ev0p02_top1_ridge10_cap0.08|I2_draw_2p8_3p5,1019,0.313052,-0.4,-0.2,0.301587,0.377143,-1.0,2.425026,0.500208,2024-02-25,2023-24,1.1755733298042381,1.0,0.0,1.019,0.4,0.2,0.301587,0.377143,0.3646867745824117,0.181585149647014
2024-02-27,2024-02,I2,Ascoli,Brescia,draw,draw,2.92,"[2.8,3.5)",0.32206714505185485,"[0.28,0.34)",market_non_favorite,AVG_OPEN,True,1.92,AVG_OPEN_rulesi2_draw_2p8_3p5_train30_n120_ev0p02_top1_ridge10_cap0.08|I2_draw_2p8_3p5,1020,0.313725,0.4,0.2,-0.019608,-0.029412,0.0,2.398945,0.291561,2024-02-27,2023-24,1.0715836162801904,1.0,0.0,1.02,0.4,0.2,0.019608,0.029412,0.40206714505185487,0.1740360635514162
2024-02-28,2024-02,I2,Spezia,FeralpiSalo,draw,away,3.46,"[2.8,3.5)",0.2705594085843232,"[0.20,0.28)",market_non_favorite,AVG_OPEN,False,-1.0,AVG_OPEN_rulesi2_draw_2p8_3p5_train30_n120_ev0p02_top1_ridge10_cap0.08|I2_draw_2p8_3p5,1027,0.314508,1.0,0.4,0.192308,0.076923,-1.0,2.387646,0.201166,2024-02-28,2023-24,1.2412685890696329,1.0,0.0,1.027,1.0,0.4,0.192308,0.076923,0.3505594085843232,0.21293555370175832
2024-03-02,2024-03,I2,Brescia,Palermo,draw,home,3.22,"[2.8,3.5)",0.29111440008904976,"[0.28,0.34)",market_non_favorite,AVG_OPEN,False,-1.0,AVG_OPEN_rulesi2_draw_2p8_3p5_train30_n120_ev0p02_top1_ridge10_cap0.08|I2_draw_2p8_3p5,1030,0.314563,-0.8,-1.0,-0.092606,-0.215385,0.0,2.373734,0.089871,2024-03-02,2023-24,1.169381359556317,1.0,0.0,1.03,0.8,1.0,0.092606,0.215385,0.3227503643112593,0.03925617308225493
2024-03-03,2024-03,I2,Ascoli,Reggiana,draw,draw,2.94,"[2.8,3.5)",0.3186733958183129,"[0.28,0.34)",market_non_favorite,AVG_OPEN,True,1.94,AVG_OPEN_rulesi2_draw_2p8_3p5_train30_n120_ev0p02_top1_ridge10_cap0.08|I2_draw_2p8_3p5,1033,0.31365,0.2,0.2,0.164329,0.081985,0.0,2.394535,0.256281,2024-03-03,2023-24,1.0784095813505903,1.0,0.0,1.033,0.2,0.2,0.164329,0.081985,0.3986733958183129,0.17209978370584
2024-03-09,2024-03,I2,Pisa,Ternana,draw,home,3.49,"[2.8,3.5)",0.2693040842473673,"[0.20,0.28)",market_non_favorite,AVG_OPEN,False,-1.0,AVG_OPEN_rulesi2_draw_2p8_3p5_train30_n120_ev0p02_top1_ridge10_cap0.08|I2_draw_2p8_3p5,1041,0.31316,-0.2,0.0,0.211538,0.394231,-1.0,2.417344,0.438751,2024-03-09,2023-24,1.2499017362143359,1.0,0.0,1.041,0.2,0.0,0.211538,0.394231,0.34877724001259414,0.2172325676439537
2024-03-11,2024-03,I2,Sampdoria,Ascoli,draw,home,3.03,"[2.8,3.5)",0.30849906316653636,"[0.28,0.34)",market_non_favorite,AVG_OPEN,False,-1.0,AVG_OPEN_rulesi2_draw_2p8_3p5_train30_n120_ev0p02_top1_ridge10_cap0.08|I2_draw_2p8_3p5,1049,0.311725,0.2,0.0,-0.06044,-0.149725,0.0,2.38138,0.151042,2024-03-11,2023-24,1.1085626195212777,1.0,0.0,1.049,0.2,0.0,0.06044,0.149725,0.3884990631665364,0.1771521613946052
2024-03-15,2024-03,I2,Palermo,Venezia,draw,away,3.26,"[2.8,3.5)",0.2881360137965831,"[0.28,0.34)",market_non_favorite,AVG_OPEN,False,-1.0,AVG_OPEN_rulesi2_draw_2p8_3p5_train30_n120_ev0p02_top1_ridge10_cap0.08|I2_draw_2p8_3p5,1050,0.311429,-0.6,-0.6,-0.074627,-0.089552,0.0,2.399225,0.293801,2024-03-15,2023-24,1.1817271953786161,1.0,0.0,1.05,0.6,0.6,0.074627,0.089552,0.3380380923115729,0.1020041809357275
2024-03-16,2024-03,I2,Como,Pisa,draw,home,3.18,"[2.8,3.5)",0.2951579822296447,"[0.28,0.34)",market_non_favorite,AVG_OPEN,False,-1.0,AVG_OPEN_rulesi2_draw_2p8_3p5_train30_n120_ev0p02_top1_ridge10_cap0.08|I2_draw_2p8_3p5,1051,0.311132,0.0,0.0,-0.047619,-0.161905,0.0,2.411109,0.388876,2024-03-16,2023-24,1.1568811967920856,1.0,0.0,1.051,0.0,0.0,0.047619,0.161905,0.3751579822296447,0.1930023834902701
2024-04-01,2024-04,I2,Como,Sudtirol,draw,home,3.37,"[2.8,3.5)",0.2769086724144657,"[0.20,0.28)",market_non_favorite,AVG_OPEN,False,-1.0,AVG_OPEN_rulesi2_draw_2p8_3p5_train30_n120_ev0p02_top1_ridge10_cap0.08|I2_draw_2p8_3p5,1060,0.311321,0.0,0.2,-0.006104,-0.021088,0.0,2.413302,0.406419,2024-04-01,2023-24,1.2149127443642704,1.0,0.0,1.06,0.0,0.2,0.006104,0.021088,0.32994976985757535,0.11193072442002894
2024-04-05,2024-04,I2,Bari,Cremonese,draw,away,3.14,"[2.8,3.5)",0.29866869837196247,"[0.28,0.34)",market_non_favorite,AVG_OPEN,False,-1.0,AVG_OPEN_rulesi2_draw_2p8_3p5_train30_n120_ev0p02_top1_ridge10_cap0.08|I2_draw_2p8_3p5,1070,0.31028,-1.4,-0.8,-0.362319,-0.289855,0.0,2.386264,0.190114,2024-04-05,2023-24,1.144222799920162,1.0,0.0,1.07,1.4,0.8,0.362319,0.289855,0.3363232855094465,0.056055116499662105
2024-04-06,2024-04,I2,Ternana,Modena,draw,draw,3.16,"[2.8,3.5)",0.2972854114201077,"[0.28,0.34)",market_non_favorite,AVG_OPEN,True,2.16,AVG_OPEN_rulesi2_draw_2p8_3p5_train30_n120_ev0p02_top1_ridge10_cap0.08|I2_draw_2p8_3p5,1071,0.309991,0.6,-0.4,-0.040769,-0.08357,0.0,2.390808,0.226461,2024-04-06,2023-24,1.1505720275988207,1.0,0.0,1.071,0.6,0.4,0.040769,0.08357,0.37728541142010774,0.19222190008754048
2024-04-07,2024-04,I2,Ascoli,Venezia,draw,draw,3.2,"[2.8,3.5)",0.2932884329234866,"[0.28,0.34)",market_non_favorite,AVG_OPEN,True,2.2,AVG_OPEN_rulesi2_draw_2p8_3p5_train30_n120_ev0p02_top1_ridge10_cap0.08|I2_draw_2p8_3p5,1079,0.312326,-0.8,-0.8,-0.199783,-0.323039,0.0,2.368336,0.046691,2024-04-07,2023-24,1.1631508098056809,1.0,0.0,1.079,0.8,0.8,0.199783,0.323039,0.3191350105093748,0.02123203362999937
2024-04-13,2024-04,I2,Pisa,FeralpiSalo,draw,home,3.35,"[2.8,3.5)",0.28067806519643496,"[0.28,0.34)",market_non_favorite,AVG_OPEN,False,-1.0,AVG_OPEN_rulesi2_draw_2p8_3p5_train30_n120_ev0p02_top1_ridge10_cap0.08|I2_draw_2p8_3p5,1081,0.312673,0.4,0.0,0.457176,0.585648,0.0,2.411874,0.394993,2024-04-13,2023-24,1.208960345836975,1.0,0.0,1.081,0.4,0.0,0.457176,0.585648,0.36067530697051015,0.20826227835120892
2024-04-19,2024-04,I2,Reggiana,Cosenza,draw,away,2.82,"[2.8,3.5)",0.3322910254831959,"[0.28,0.34)",market_non_favorite,AVG_OPEN,False,-1.0,AVG_OPEN_rulesi2_draw_2p8_3p5_train30_n120_ev0p02_top1_ridge10_cap0.08|I2_draw_2p8_3p5,1090,0.311927,0.8,0.2,0.193773,0.328329,0.0,2.41921,0.453681,2024-04-19,2023-24,1.0367368849500223,1.0,0.0,1.09,0.8,0.2,0.193773,0.328329,0.4122910254831959,0.16266069186261234
2024-04-20,2024-04,I2,Spezia,Sampdoria,draw,draw,3.17,"[2.8,3.5)",0.2948262169388069,"[0.28,0.34)",market_non_favorite,AVG_OPEN,True,2.17,AVG_OPEN_rulesi2_draw_2p8_3p5_train30_n120_ev0p02_top1_ridge10_cap0.08|I2_draw_2p8_3p5,1092,0.312271,-0.4,-0.8,-0.333333,-0.424242,0.0,2.389577,0.216612,2024-04-20,2023-24,1.1537315878891892,1.0,0.0,1.092,0.4,0.8,0.333333,0.424242,0.3326593441667569,0.054530121008619314
2024-04-27,2024-04,I2,Ternana,Ascoli,draw,away,3.1,"[2.8,3.5)",0.3018397973920505,"[0.28,0.34)",market_non_favorite,AVG_OPEN,False,-1.0,AVG_OPEN_rulesi2_draw_2p8_3p5_train30_n120_ev0p02_top1_ridge10_cap0.08|I2_draw_2p8_3p5,1102,0.315789,0.4,-0.6,-0.109091,-0.209091,0.0,2.393485,0.24788,2024-04-27,2023-24,1.1314021114911006,1.0,0.0,1.102,0.4,0.6,0.109091,0.209091,0.3723023310751594,0.15413722633299431
2024-05-01,2024-05,I2,Catanzaro,Venezia,draw,home,3.48,"[2.8,3.5)",0.2680659180446066,"[0.20,0.28)",market_non_favorite,AVG_OPEN,False,-1.0,AVG_OPEN_rulesi2_draw_2p8_3p5_train30_n120_ev0p02_top1_ridge10_cap0.08|I2_draw_2p8_3p5,1110,0.316216,-0.4,0.0,0.03953,-0.02818,0.0,2.389885,0.219083,2024-05-01,2023-24,1.247032293786383,1.0,0.0,1.11,0.4,0.0,0.03953,0.02818,0.3480659180446066,0.2112693947952311
2024-05-05,2024-05,I2,Pisa,Sudtirol,draw,draw,3.13,"[2.8,3.5)",0.2984727449672099,"[0.28,0.34)",market_non_favorite,AVG_OPEN,True,2.13,AVG_OPEN_rulesi2_draw_2p8_3p5_train30_n120_ev0p02_top1_ridge10_cap0.08|I2_draw_2p8_3p5,1120,0.315179,-0.6,-0.4,0.014237,0.111245,0.0,2.397738,0.281901,2024-05-05,2023-24,1.1410330045520618,1.0,0.0,1.12,0.6,0.4,0.014237,0.111245,0.3784727449672099,0.18461969174736703
2024-05-10,2024-05,I2,Ascoli,Pisa,draw,home,3.36,"[2.8,3.5)",0.2777553165682866,"[0.20,0.28)",market_non_favorite,AVG_OPEN,False,-1.0,AVG_OPEN_rulesi2_draw_2p8_3p5_train30_n120_ev0p02_top1_ridge10_cap0.08|I2_draw_2p8_3p5,1130,0.317699,0.0,-0.2,-0.088496,-0.168142,0.0,2.391487,0.231897,2024-05-10,2023-24,1.2119409739751128,1.0,0.0,1.13,0.0,0.2,0.088496,0.168142,0.35457678093450185,0.1913779839399261
2024-08-16,2024-08,I2,Brescia,Palermo,draw,home,3.13,"[2.8,3.5)",0.2999564306313409,"[0.28,0.34)",market_non_favorite,AVG_OPEN,False,-1.0,AVG_OPEN_rulesi2_draw_2p8_3p5_train30_n120_ev0p02_top1_ridge10_cap0.08|I2_draw_2p8_3p5,1140,0.316667,0.2,0.4,-0.004386,-0.078947,0.0,2.392769,0.242154,2024-08-16,2024-25,1.1410330045520618,1.0,0.0,1.14,0.2,0.4,0.004386,0.078947,0.37412779979360267,0.17102001335397632
2024-08-17,2024-08,I2,Bari,Juve Stabia,draw,away,3.29,"[2.8,3.5)",0.2857607811228641,"[0.28,0.34)",market_non_favorite,AVG_OPEN,False,-1.0,AVG_OPEN_rulesi2_draw_2p8_3p5_train30_n120_ev0p02_top1_ridge10_cap0.08|I2_draw_2p8_3p5,1141,0.316389,0.2,-0.2,0.394737,0.131579,14.0,2.386208,0.189664,2024-08-17,2024-25,1.1908875647772805,1.0,0.0,1.141,0.2,0.2,0.394737,0.131579,0.36576078112286414,0.20335296989422313
2024-08-18,2024-08,I2,Cesena,Carrarese,draw,home,3.22,"[2.8,3.5)",0.2914379075347002,"[0.28,0.34)",market_non_favorite,AVG_OPEN,False,-1.0,AVG_OPEN_rulesi2_draw_2p8_3p5_train30_n120_ev0p02_top1_ridge10_cap0.08|I2_draw_2p8_3p5,1145,0.316157,0.0,0.0,0.0,0.0,0.0,2.4,0.3,2024-08-18,2024-25,1.169381359556317,1.0,0.0,1.145,0.0,0.0,0.0,0.0,0.37143790753470024,0.1960300622617348
2024-08-23,2024-08,I2,Modena,Bari,draw,home,3.02,"[2.8,3.5)",0.31054654587181735,"[0.28,0.34)",market_non_favorite,AVG_OPEN,False,-1.0,AVG_OPEN_rulesi2_draw_2p8_3p5_train30_n120_ev0p02_top1_ridge10_cap0.08|I2_draw_2p8_3p5,1150,0.317391,0.4,0.6,-0.142857,-0.272727,0.0,2.398607,0.288858,2024-08-23,2024-25,1.1052568313867783,1.0,0.0,1.15,0.4,0.6,0.142857,0.272727,0.38476660667205703,0.16199515214961235
2024-08-24,2024-08,I2,Pisa,Palermo,draw,home,3.21,"[2.8,3.5)",0.29172514002558336,"[0.28,0.34)",market_non_favorite,AVG_OPEN,False,-1.0,AVG_OPEN_rulesi2_draw_2p8_3p5_train30_n120_ev0p02_top1_ridge10_cap0.08|I2_draw_2p8_3p5,1151,0.317116,-0.2,0.0,0.036364,0.048221,-1.0,2.393518,0.24814,2024-08-24,2024-25,1.1662709371419244,1.0,0.0,1.151,0.2,0.0,0.036364,0.048221,0.3717251400255834,0.19323769948212255
2024-08-25,2024-08,I2,Mantova,Cosenza,draw,home,3.31,"[2.8,3.5)",0.2839796627297417,"[0.28,0.34)",market_non_favorite,AVG_OPEN,False,-1.0,AVG_OPEN_rulesi2_draw_2p8_3p5_train30_n120_ev0p02_top1_ridge10_cap0.08|I2_draw_2p8_3p5,1158,0.315199,-1.2,-1.0,-0.086957,0.347826,0.0,2.411252,0.390014,2024-08-25,2024-25,1.1969481893889715,1.0,0.0,1.158,1.2,1.0,0.086957,0.347826,0.31976203285613813,0.05841232875381719
2024-08-27,2024-08,I2,Bari,Sassuolo,draw,draw,3.16,"[2.8,3.5)",0.29893970825512856,"[0.28,0.34)",market_non_favorite,AVG_OPEN,True,2.16,AVG_OPEN_rulesi2_draw_2p8_3p5_train30_n120_ev0p02_top1_ridge10_cap0.08|I2_draw_2p8_3p5,1160,0.315517,0.0,0.2,-0.641026,-0.410256,1.0,2.406968,0.355742,2024-08-27,2024-25,1.1505720275988207,1.0,0.0,1.16,0.0,0.2,0.641026,0.410256,0.37893970825512857,0.1974494780862064
2024-08-28,2024-08,I2,Cesena,Catanzaro,draw,home,3.32,"[2.8,3.5)",0.2824171339610949,"[0.28,0.34)",market_non_favorite,AVG_OPEN,False,-1.0,AVG_OPEN_rulesi2_draw_2p8_3p5_train30_n120_ev0p02_top1_ridge10_cap0.08|I2_draw_2p8_3p5,1167,0.316195,0.5,0.4,-0.05,-0.225,1.0,2.396315,0.270519,2024-08-28,2024-25,1.199964782928397,1.0,0.0,1.167,0.5,0.4,0.05,0.225,0.3607352153675965,0.19764091502042036
2024-08-31,2024-08,I2,Sampdoria,Bari,draw,draw,3.31,"[2.8,3.5)",0.282979197859259,"[0.28,0.34)",market_non_favorite,AVG_OPEN,True,2.31,AVG_OPEN_rulesi2_draw_2p8_3p5_train30_n120_ev0p02_top1_ridge10_cap0.08|I2_draw_2p8_3p5,1170,0.316239,0.4,0.4,0.060204,-0.064217,0.0,2.403029,0.324234,2024-08-31,2024-25,1.1969481893889715,1.0,0.0,1.17,0.4,0.4,0.060204,0.064217,0.35609500459098975,0.17867446519617602
2024-09-01,2024-09,I2,Palermo,Cosenza,draw,draw,3.26,"[2.8,3.5)",0.2877454654474591,"[0.28,0.34)",market_non_favorite,AVG_OPEN,True,2.26,AVG_OPEN_rulesi2_draw_2p8_3p5_train30_n120_ev0p02_top1_ridge10_cap0.08|I2_draw_2p8_3p5,1175,0.315745,0.2,-0.2,0.290166,0.426377,1.0,2.409509,0.376069,2024-09-01,2024-25,1.1817271953786161,1.0,0.0,1.175,0.2,0.2,0.290166,0.426377,0.3677454654474591,0.19885021735871655
2024-09-13,2024-09,I2,Cesena,Modena,draw,draw,2.87,"[2.8,3.5)",0.3276186968905117,"[0.28,0.34)",market_non_favorite,AVG_OPEN,True,1.87,AVG_OPEN_rulesi2_draw_2p8_3p5_train30_n120_ev0p02_top1_ridge10_cap0.08|I2_draw_2p8_3p5,1180,0.316102,0.1,0.25,0.2625,0.4125,-1.0,2.420016,0.460124,2024-09-13,2024-25,1.0543120297715298,1.0,0.0,1.18,0.1,0.25,0.2625,0.4125,0.4076186968905117,0.16986566007576864
2024-09-14,2024-09,I2,Cittadella,Catanzaro,draw,draw,3.31,"[2.8,3.5)",0.2830439309263669,"[0.28,0.34)",market_non_favorite,AVG_OPEN,True,2.31,AVG_OPEN_rulesi2_draw_2p8_3p5_train30_n120_ev0p02_top1_ridge10_cap0.08|I2_draw_2p8_3p5,1181,0.316681,0.4,0.0,-0.293382,-0.341404,1.0,2.377333,0.118667,2024-09-14,2024-25,1.1969481893889715,1.0,0.0,1.181,0.4,0.0,0.293382,0.341404,0.36304393092636694,0.20167541136627465
2024-09-15,2024-09,I2,Cosenza,Sampdoria,draw,home,3.13,"[2.8,3.5)",0.2993778476961118,"[0.28,0.34)",market_non_favorite,AVG_OPEN,False,-1.0,AVG_OPEN_rulesi2_draw_2p8_3p5_train30_n120_ev0p02_top1_ridge10_cap0.08|I2_draw_2p8_3p5,1186,0.317032,0.2,0.0,-0.328491,-0.371267,-1.0,2.405495,0.343961,2024-09-15,2024-25,1.1410330045520618,1.0,0.0,1.186,0.2,0.0,0.328491,0.371267,0.3793778476961118,0.18745266328883003
2024-09-20,2024-09,I2,Catanzaro,Cremonese,draw,away,3.22,"[2.8,3.5)",0.2918864399212949,"[0.28,0.34)",market_non_favorite,AVG_OPEN,False,-1.0,AVG_OPEN_rulesi2_draw_2p8_3p5_train30_n120_ev0p02_top1_ridge10_cap0.08|I2_draw_2p8_3p5,1190,0.315966,-0.2,-0.4,-0.230548,-0.259833,0.0,2.395164,0.261313,2024-09-20,2024-25,1.169381359556317,1.0,0.0,1.19,0.2,0.4,0.230548,0.259833,0.3648631881969525,0.1748594659941871
2024-09-21,2024-09,I2,Pisa,Brescia,draw,home,3.21,"[2.8,3.5)",0.29312564638341876,"[0.28,0.34)",market_non_favorite,AVG_OPEN,False,-1.0,AVG_OPEN_rulesi2_draw_2p8_3p5_train30_n120_ev0p02_top1_ridge10_cap0.08|I2_draw_2p8_3p5,1191,0.315701,0.4,0.2,0.042017,0.117647,-1.0,2.40233,0.318638,2024-09-21,2024-25,1.1662709371419244,1.0,0.0,1.191,0.4,0.2,0.042017,0.117647,0.3731256463834188,0.19773332489077422
2024-09-22,2024-09,I2,Mantova,Cittadella,draw,home,3.35,"[2.8,3.5)",0.2792895600345716,"[0.20,0.28)",market_non_favorite,AVG_OPEN,False,-1.0,AVG_OPEN_rulesi2_draw_2p8_3p5_train30_n120_ev0p02_top1_ridge10_cap0.08|I2_draw_2p8_3p5,1197,0.315789,-0.2,-0.4,0.147899,-0.07395,0.0,2.416671,0.433367,2024-09-22,2024-25,1.208960345836975,1.0,0.0,1.197,0.2,0.4,0.147899,0.07395,0.35928956003457163,0.20362002611581498
2024-09-28,2024-09,I2,Sassuolo,Spezia,draw,draw,3.29,"[2.8,3.5)",0.2852111723204793,"[0.28,0.34)",market_non_favorite,AVG_OPEN,True,2.29,AVG_OPEN_rulesi2_draw_2p8_3p5_train30_n120_ev0p02_top1_ridge10_cap0.08|I2_draw_2p8_3p5,1201,0.314738,-0.2,-0.6,0.560606,0.371212,1.0,2.393049,0.244392,2024-09-28,2024-25,1.1908875647772805,1.0,0.0,1.201,0.2,0.6,0.560606,0.371212,0.359820980187287,0.18381102481617417
2024-09-29,2024-09,I2,Juve Stabia,Pisa,draw,home,3.05,"[2.8,3.5)",0.30703611326528474,"[0.28,0.34)",market_non_favorite,AVG_OPEN,False,-1.0,AVG_OPEN_rulesi2_draw_2p8_3p5_train30_n120_ev0p02_top1_ridge10_cap0.08|I2_draw_2p8_3p5,1204,0.316445,-1.6,-1.8,-0.116667,-0.508333,0.0,2.397262,0.278096,2024-09-29,2024-25,1.1151415906193203,1.0,0.0,1.204,1.6,1.8,0.116667,0.508333,0.3756673130125108,0.14578530468815787
2024-09-30,2024-09,I2,Sudtirol,Palermo,draw,away,3.03,"[2.8,3.5)",0.30976897662128833,"[0.28,0.34)",market_non_favorite,AVG_OPEN,False,-1.0,AVG_OPEN_rulesi2_draw_2p8_3p5_train30_n120_ev0p02_top1_ridge10_cap0.08|I2_draw_2p8_3p5,1208,0.316225,-0.4,-0.4,0.012195,-0.073171,0.0,2.391791,0.234324,2024-09-30,2024-25,1.1085626195212777,1.0,0.0,1.208,0.4,0.4,0.012195,0.073171,0.38976897662128834,0.18099999916250353
2024-10-04,2024-10,I2,Sampdoria,Juve Stabia,draw,away,3.17,"[2.8,3.5)",0.2961726166002252,"[0.28,0.34)",market_non_favorite,AVG_OPEN,False,-1.0,AVG_OPEN_rulesi2_draw_2p8_3p5_train30_n120_ev0p02_top1_ridge10_cap0.08|I2_draw_2p8_3p5,1210,0.315702,0.0,0.6,-0.126984,0.066667,0.0,2.386783,0.194263,2024-10-04,2024-25,1.1537315878891892,1.0,0.0,1.21,0.0,0.6,0.126984,0.066667,0.32749678483043876,0.03816480791249077
2024-10-05,2024-10,I2,Pisa,Cesena,draw,home,3.16,"[2.8,3.5)",0.2974402115130393,"[0.28,0.34)",market_non_favorite,AVG_OPEN,False,-1.0,AVG_OPEN_rulesi2_draw_2p8_3p5_train30_n120_ev0p02_top1_ridge10_cap0.08|I2_draw_2p8_3p5,1211,0.315442,0.4,-0.4,-0.133412,-0.271547,0.0,2.392778,0.242224,2024-10-05,2024-25,1.1505720275988207,1.0,0.0,1.211,0.4,0.4,0.133412,0.271547,0.3774402115130393,0.19271106838120433
2024-10-06,2024-10,I2,Cremonese,Bari,draw,draw,3.45,"[2.8,3.5)",0.27240946671956934,"[0.20,0.28)",market_non_favorite,AVG_OPEN,True,2.45,AVG_OPEN_rulesi2_draw_2p8_3p5_train30_n120_ev0p02_top1_ridge10_cap0.08|I2_draw_2p8_3p5,1215,0.314403,-0.4,-0.6,0.373494,0.313253,-2.0,2.418553,0.448423,2024-10-06,2024-25,1.2383742310432684,1.0,0.0,1.215,0.4,0.6,0.373494,0.313253,0.35240946671956935,0.21581266018251433
2024-10-18,2024-10,I2,Bari,Catanzaro,draw,draw,3.3,"[2.8,3.5)",0.2847793962423475,"[0.28,0.34)",market_non_favorite,AVG_OPEN,True,2.3,AVG_OPEN_rulesi2_draw_2p8_3p5_train30_n120_ev0p02_top1_ridge10_cap0.08|I2_draw_2p8_3p5,1220,0.315574,0.6,0.8,-0.097308,-0.031056,0.0,2.39211,0.236881,2024-10-18,2024-25,1.1939224684724346,1.0,0.0,1.22,0.6,0.8,0.097308,0.031056,0.32467211947299157,0.07141799426087214
2024-10-19,2024-10,I2,Brescia,Sassuolo,draw,away,3.21,"[2.8,3.5)",0.292677290770894,"[0.28,0.34)",market_non_favorite,AVG_OPEN,False,-1.0,AVG_OPEN_rulesi2_draw_2p8_3p5_train30_n120_ev0p02_top1_ridge10_cap0.08|I2_draw_2p8_3p5,1221,0.316134,0.0,0.0,-0.481557,-0.70082,-1.0,2.413034,0.404274,2024-10-19,2024-25,1.1662709371419244,1.0,0.0,1.221,0.0,0.0,0.481557,0.70082,0.372677290770894,0.19629410337456976
2024-10-20,2024-10,I2,Juve Stabia,Cremonese,draw,away,3.13,"[2.8,3.5)",0.29869516154657777,"[0.28,0.34)",market_non_favorite,AVG_OPEN,False,-1.0,AVG_OPEN_rulesi2_draw_2p8_3p5_train30_n120_ev0p02_top1_ridge10_cap0.08|I2_draw_2p8_3p5,1226,0.316476,-0.2,-1.0,0.0,-0.327381,2.0,2.395683,0.265466,2024-10-20,2024-25,1.1410330045520618,1.0,0.0,1.226,0.2,1.0,0.0,0.327381,0.3786951615465778,0.18531585564078834
2024-10-25,2024-10,I2,Spezia,Bari,draw,draw,3.17,"[2.8,3.5)",0.29683882141267387,"[0.28,0.34)",market_non_favorite,AVG_OPEN,True,2.17,AVG_OPEN_rulesi2_draw_2p8_3p5_train30_n120_ev0p02_top1_ridge10_cap0.08|I2_draw_2p8_3p5,1230,0.31626,0.4,0.0,-0.036045,-0.268836,-1.0,2.400627,0.305018,2024-10-25,2024-25,1.1537315878891892,1.0,0.0,1.23,0.4,0.0,0.036045,0.268836,0.3768388214126739,0.19457906387817614
2024-10-26,2024-10,I2,Cesena,Brescia,draw,home,3.36,"[2.8,3.5)",0.27965580823601716,"[0.20,0.28)",market_non_favorite,AVG_OPEN,False,-1.0,AVG_OPEN_rulesi2_draw_2p8_3p5_train30_n120_ev0p02_top1_ridge10_cap0.08|I2_draw_2p8_3p5,1231,0.316816,-0.4,-0.6,-0.159892,-0.135501,-1.0,2.404938,0.339501,2024-10-26,2024-25,1.2119409739751128,1.0,0.0,1.231,0.4,0.6,0.159892,0.135501,0.3456859925802027,0.16150493506948105
2024-10-27,2024-10,I2,Frosinone,Pisa,draw,draw,3.11,"[2.8,3.5)",0.3015094292274684,"[0.28,0.34)",market_non_favorite,AVG_OPEN,True,2.11,AVG_OPEN_rulesi2_draw_2p8_3p5_train30_n120_ev0p02_top1_ridge10_cap0.08|I2_draw_2p8_3p5,1237,0.316087,-1.8,-2.4,0.230703,0.291726,-1.0,2.37921,0.133676,2024-10-27,2024-25,1.1346227261911428,1.0,0.0,1.237,1.8,2.4,0.230703,0.291726,0.3676995723074768,0.14354566987625272
2024-10-29,2024-10,I2,Bari,Carrarese,draw,draw,3.28,"[2.8,3.5)",0.2867699361292011,"[0.28,0.34)",market_non_favorite,AVG_OPEN,True,2.28,AVG_OPEN_rulesi2_draw_2p8_3p5_train30_n120_ev0p02_top1_ridge10_cap0.08|I2_draw_2p8_3p5,1240,0.316129,-0.2,0.2,0.272093,0.339535,1.0,2.398558,0.288462,2024-10-29,2024-25,1.1878434223960523,1.0,0.0,1.24,0.2,0.2,0.272093,0.339535,0.3667699361292011,0.20300539050377964
2024-10-30,2024-10,I2,Pisa,Catanzaro,draw,draw,3.39,"[2.8,3.5)",0.276618065814546,"[0.20,0.28)",market_non_favorite,AVG_OPEN,True,2.39,AVG_OPEN_rulesi2_draw_2p8_3p5_train30_n120_ev0p02_top1_ridge10_cap0.08|I2_draw_2p8_3p5,1246,0.31862,0.8,0.0,-0.040323,-0.051747,0.0,2.400009,0.300069,2024-10-30,2024-25,1.220829921392359,1.0,0.0,1.246,0.8,0.0,0.040323,0.051747,0.356618065814546,0.20893524311131118
2024-11-02,2024-11,I2,Bari,Reggiana,draw,draw,3.26,"[2.8,3.5)",0.2884680854283142,"[0.28,0.34)",market_non_favorite,AVG_OPEN,True,2.26,AVG_OPEN_rulesi2_draw_2p8_3p5_train30_n120_ev0p02_top1_ridge10_cap0.08|I2_draw_2p8_3p5,1250,0.3208,0.2,0.4,0.163734,0.321605,0.0,2.41085,0.386797,2024-11-02,2024-25,1.1817271953786161,1.0,0.0,1.25,0.2,0.4,0.163734,0.321605,0.35991960568591935,0.17333791453609693
2024-11-03,2024-11,I2,Cremonese,Pisa,draw,away,3.31,"[2.8,3.5)",0.28194993412384717,"[0.28,0.34)",market_non_favorite,AVG_OPEN,False,-1.0,AVG_OPEN_rulesi2_draw_2p8_3p5_train30_n120_ev0p02_top1_ridge10_cap0.08|I2_draw_2p8_3p5,1253,0.321628,0.0,0.0,0.314115,0.28377,1.0,2.408967,0.371737,2024-11-03,2024-25,1.1969481893889715,1.0,0.0,1.253,0.0,0.0,0.314115,0.28377,0.3619499341238472,0.19805428194993424
2024-11-08,2024-11,I2,Frosinone,Palermo,draw,draw,3.17,"[2.8,3.5)",0.29641260028935945,"[0.28,0.34)",market_non_favorite,AVG_OPEN,True,2.17,AVG_OPEN_rulesi2_draw_2p8_3p5_train30_n120_ev0p02_top1_ridge10_cap0.08|I2_draw_2p8_3p5,1260,0.321429,-0.4,-0.6,0.295455,0.340909,0.0,2.38323,0.165842,2024-11-08,2024-25,1.1537315878891892,1.0,0.0,1.26,0.4,0.6,0.295455,0.340909,0.37641260028935947,0.1932279429172694
2024-11-09,2024-11,I2,Modena,Carrarese,draw,home,3.36,"[2.8,3.5)",0.27924562774693207,"[0.20,0.28)",market_non_favorite,AVG_OPEN,False,-1.0,AVG_OPEN_rulesi2_draw_2p8_3p5_train30_n120_ev0p02_top1_ridge10_cap0.08|I2_draw_2p8_3p5,1261,0.321967,-1.2,-1.4,0.121212,-0.003788,0.0,2.385004,0.180033,2024-11-09,2024-25,1.2119409739751128,1.0,0.0,1.261,1.2,1.4,0.121212,0.003788,0.3592456277469321,0.20706530922969169
2024-11-10,2024-11,I2,Cittadella,Cesena,draw,away,3.23,"[2.8,3.5)",0.28969674294859804,"[0.28,0.34)",market_non_favorite,AVG_OPEN,False,-1.0,AVG_OPEN_rulesi2_draw_2p8_3p5_train30_n120_ev0p02_top1_ridge10_cap0.08|I2_draw_2p8_3p5,1266,0.320695,-0.4,-1.2,-0.277778,-0.357143,0.0,2.371723,0.073782,2024-11-10,2024-25,1.172482137234565,1.0,0.0,1.266,0.4,1.2,0.277778,0.357143,0.36969674294859806,0.19412047972397173
2024-11-22,2024-11,I2,Cosenza,Modena,draw,draw,2.93,"[2.8,3.5)",0.32079150748785495,"[0.28,0.34)",market_non_favorite,AVG_OPEN,True,1.9300000000000002,AVG_OPEN_rulesi2_draw_2p8_3p5_train30_n120_ev0p02_top1_ridge10_cap0.08|I2_draw_2p8_3p5,1270,0.320472,0.8,0.6,-0.122357,-0.176767,0.0,2.405532,0.344255,2024-11-22,2024-25,1.075002423028976,1.0,0.0,1.27,0.8,0.6,0.122357,0.176767,0.40079150748785497,0.17431911693941515
2024-11-23,2024-11,I2,Cesena,Reggiana,draw,draw,3.34,"[2.8,3.5)",0.28085588527014677,"[0.28,0.34)",market_non_favorite,AVG_OPEN,True,2.34,AVG_OPEN_rulesi2_draw_2p8_3p5_train30_n120_ev0p02_top1_ridge10_cap0.08|I2_draw_2p8_3p5,1271,0.321007,1.0,0.8,0.419306,0.484163,0.0,2.422252,0.478019,2024-11-23,2024-25,1.205970806988609,1.0,0.0,1.271,1.0,0.8,0.419306,0.484163,0.3608558852701468,0.20525865680229027
2024-11-24,2024-11,I2,Palermo,Sampdoria,draw,draw,3.23,"[2.8,3.5)",0.29031007296525635,"[0.28,0.34)",market_non_favorite,AVG_OPEN,True,2.23,AVG_OPEN_rulesi2_draw_2p8_3p5_train30_n120_ev0p02_top1_ridge10_cap0.08|I2_draw_2p8_3p5,1276,0.3221,-0.2,0.4,-0.040978,0.092752,1.0,2.414926,0.419405,2024-11-24,2024-25,1.172482137234565,1.0,0.0,1.276,0.2,0.4,0.040978,0.092752,0.33855911907744496,0.09354595462014714
2024-11-30,2024-11,I2,Sampdoria,Catanzaro,draw,draw,3.4,"[2.8,3.5)",0.275197544198738,"[0.20,0.28)",market_non_favorite,AVG_OPEN,True,2.4,AVG_OPEN_rulesi2_draw_2p8_3p5_train30_n120_ev0p02_top1_ridge10_cap0.08|I2_draw_2p8_3p5,1281,0.321624,-0.4,-1.2,-0.057692,-0.192308,-1.0,2.384596,0.176766,2024-11-30,2024-25,1.2237754316221157,1.0,0.0,1.281,0.4,1.2,0.057692,0.192308,0.355197544198738,0.20767165027570922
2024-12-01,2024-12,I2,Pisa,Cosenza,draw,draw,3.32,"[2.8,3.5)",0.2811259473114399,"[0.28,0.34)",market_non_favorite,AVG_OPEN,True,2.32,AVG_OPEN_rulesi2_draw_2p8_3p5_train30_n120_ev0p02_top1_ridge10_cap0.08|I2_draw_2p8_3p5,1286,0.323484,-0.2,0.4,0.367188,0.523438,-1.0,2.421942,0.475537,2024-12-01,2024-25,1.199964782928397,1.0,0.0,1.286,0.2,0.4,0.367188,0.523438,0.36112594731143993,0.19893814507398044
2024-12-07,2024-12,I2,Bari,Cesena,draw,home,3.17,"[2.8,3.5)",0.29641260028935945,"[0.28,0.34)",market_non_favorite,AVG_OPEN,False,-1.0,AVG_OPEN_rulesi2_draw_2p8_3p5_train30_n120_ev0p02_top1_ridge10_cap0.08|I2_draw_2p8_3p5,1291,0.323005,0.2,0.2,-0.071062,-0.035165,1.0,2.395867,0.266935,2024-12-07,2024-25,1.1537315878891892,1.0,0.0,1.291,0.2,0.2,0.071062,0.035165,0.37641260028935947,0.1932279429172694
2024-12-08,2024-12,I2,Catanzaro,Brescia,draw,home,3.28,"[2.8,3.5)",0.28485432026068375,"[0.28,0.34)",market_non_favorite,AVG_OPEN,False,-1.0,AVG_OPEN_rulesi2_draw_2p8_3p5_train30_n120_ev0p02_top1_ridge10_cap0.08|I2_draw_2p8_3p5,1296,0.322531,-0.2,0.0,0.088489,0.199795,0.0,2.415488,0.423901,2024-12-08,2024-25,1.1878434223960523,1.0,0.0,1.296,0.2,0.0,0.088489,0.199795,0.36485432026068376,0.1967221704550426
2024-12-13,2024-12,I2,Pisa,Bari,draw,home,3.18,"[2.8,3.5)",0.2957936330655411,"[0.28,0.34)",market_non_favorite,AVG_OPEN,False,-1.0,AVG_OPEN_rulesi2_draw_2p8_3p5_train30_n120_ev0p02_top1_ridge10_cap0.08|I2_draw_2p8_3p5,1300,0.321538,-0.2,0.2,0.06388,0.033779,0.0,2.41282,0.402556,2024-12-13,2024-25,1.1568811967920856,1.0,0.0,1.3,0.2,0.2,0.06388,0.033779,0.3757936330655411,0.1950237531484207
2024-12-14,2024-12,I2,Cesena,Cosenza,draw,home,3.43,"[2.8,3.5)",0.2739057197959134,"[0.20,0.28)",market_non_favorite,AVG_OPEN,False,-1.0,AVG_OPEN_rulesi2_draw_2p8_3p5_train30_n120_ev0p02_top1_ridge10_cap0.08|I2_draw_2p8_3p5,1301,0.321291,0.2,0.2,0.282692,0.448077,0.0,2.412826,0.402611,2024-12-14,2024-25,1.2325602611778486,1.0,0.0,1.301,0.2,0.2,0.282692,0.448077,0.3539057197959134,0.2138966188999829
2024-12-15,2024-12,I2,Cittadella,Cremonese,draw,draw,3.34,"[2.8,3.5)",0.2804407138490898,"[0.28,0.34)",market_non_favorite,AVG_OPEN,True,2.34,AVG_OPEN_rulesi2_draw_2p8_3p5_train30_n120_ev0p02_top1_ridge10_cap0.08|I2_draw_2p8_3p5,1306,0.321593,-0.4,-1.4,-0.546823,-0.680936,0.0,2.357078,0.043377,2024-12-15,2024-25,1.205970806988609,1.0,0.0,1.306,0.4,1.4,0.546823,0.680936,0.3604407138490898,0.20387198425595998
2024-12-20,2024-12,I2,Salernitana,Brescia,draw,draw,3.27,"[2.8,3.5)",0.2872453435943439,"[0.28,0.34)",market_non_favorite,AVG_OPEN,True,2.27,AVG_OPEN_rulesi2_draw_2p8_3p5_train30_n120_ev0p02_top1_ridge10_cap0.08|I2_draw_2p8_3p5,1310,0.322137,0.2,-0.4,-0.351145,-0.411765,0.0,2.368717,0.04974,2024-12-20,2024-25,1.184789984909162,1.0,0.0,1.31,0.2,0.4,0.351145,0.411765,0.3672453435943439,0.20089227355350459
2024-12-21,2024-12,I2,Mantova,Frosinone,draw,home,3.16,"[2.8,3.5)",0.2972785291491683,"[0.28,0.34)",market_non_favorite,AVG_OPEN,False,-1.0,AVG_OPEN_rulesi2_draw_2p8_3p5_train30_n120_ev0p02_top1_ridge10_cap0.08|I2_draw_2p8_3p5,1311,0.322654,-0.2,0.0,-0.538267,-0.665402,0.0,2.405545,0.344359,2024-12-21,2024-25,1.1505720275988207,1.0,0.0,1.311,0.2,0.0,0.538267,0.665402,0.3772785291491683,0.19220015211137187
2024-12-22,2024-12,I2,Juve Stabia,Cesena,draw,home,3.02,"[2.8,3.5)",0.3100729533922907,"[0.28,0.34)",market_non_favorite,AVG_OPEN,False,-1.0,AVG_OPEN_rulesi2_draw_2p8_3p5_train30_n120_ev0p02_top1_ridge10_cap0.08|I2_draw_2p8_3p5,1318,0.320941,0.2,-0.4,0.0,-0.235294,-1.0,2.39759,0.280721,2024-12-22,2024-25,1.1052568313867783,1.0,0.0,1.318,0.2,0.4,0.0,0.235294,0.3900729533922907,0.17802031924471784
2024-12-26,2024-12,I2,Sampdoria,Carrarese,draw,draw,3.33,"[2.8,3.5)",0.2798079838671377,"[0.20,0.28)",market_non_favorite,AVG_OPEN,True,2.33,AVG_OPEN_rulesi2_draw_2p8_3p5_train30_n120_ev0p02_top1_ridge10_cap0.08|I2_draw_2p8_3p5,1320,0.321212,-1.2,-0.8,0.079365,0.168651,-1.0,2.392959,0.243674,2024-12-26,2024-25,1.2029723039923526,1.0,0.0,1.32,1.2,0.8,0.079365,0.168651,0.3598079838671377,0.1981605862775686
2024-12-29,2024-12,I2,Sampdoria,Pisa,draw,away,3.23,"[2.8,3.5)",0.2892546079768409,"[0.28,0.34)",market_non_favorite,AVG_OPEN,False,-1.0,AVG_OPEN_rulesi2_draw_2p8_3p5_train30_n120_ev0p02_top1_ridge10_cap0.08|I2_draw_2p8_3p5,1330,0.321805,-1.2,-1.6,-0.137845,-0.278195,0.0,2.369025,0.052201,2024-12-29,2024-25,1.172482137234565,1.0,0.0,1.33,1.2,1.6,0.137845,0.278195,0.3692546079768409,0.19269238376519615
2025-01-12,2025-01,I2,Cosenza,Mantova,draw,draw,3.3,"[2.8,3.5)",0.2831255195344971,"[0.28,0.34)",market_non_favorite,AVG_OPEN,True,2.3,AVG_OPEN_rulesi2_draw_2p8_3p5_train30_n120_ev0p02_top1_ridge10_cap0.08|I2_draw_2p8_3p5,1340,0.321642,-0.8,-0.6,-0.082836,-0.135821,0.0,2.389867,0.218935,2025-01-12,2024-25,1.1939224684724346,1.0,0.0,1.34,0.8,0.6,0.082836,0.135821,0.3631255195344971,0.19831421446384034
2025-01-13,2025-01,I2,Pisa,Carrarese,draw,home,3.36,"[2.8,3.5)",0.27781504551988506,"[0.20,0.28)",market_non_favorite,AVG_OPEN,False,-1.0,AVG_OPEN_rulesi2_draw_2p8_3p5_train30_n120_ev0p02_top1_ridge10_cap0.08|I2_draw_2p8_3p5,1349,0.323944,0.2,0.2,0.15,0.331343,0.0,2.422074,0.476596,2025-01-13,2024-25,1.2119409739751128,1.0,0.0,1.349,0.2,0.2,0.15,0.331343,0.3578150455198851,0.20225855294681372
2025-01-17,2025-01,I2,Sampdoria,Cesena,draw,away,2.94,"[2.8,3.5)",0.31934664942280977,"[0.28,0.34)",market_non_favorite,AVG_OPEN,False,-1.0,AVG_OPEN_rulesi2_draw_2p8_3p5_train30_n120_ev0p02_top1_ridge10_cap0.08|I2_draw_2p8_3p5,1350,0.323704,0.0,0.4,0.083939,-0.020178,0.0,2.391846,0.23477,2025-01-17,2024-25,1.0784095813505903,1.0,0.0,1.35,0.0,0.4,0.083939,0.020178,0.3829153334963195,0.1257710804791794
2025-01-18,2025-01,I2,Bari,Brescia,draw,draw,3.17,"[2.8,3.5)",0.2952299458703715,"[0.28,0.34)",market_non_favorite,AVG_OPEN,True,2.17,AVG_OPEN_rulesi2_draw_2p8_3p5_train30_n120_ev0p02_top1_ridge10_cap0.08|I2_draw_2p8_3p5,1351,0.323464,-0.2,-0.4,0.040703,0.14433,0.0,2.409187,0.373496,2025-01-18,2024-25,1.1537315878891892,1.0,0.0,1.351,0.2,0.4,0.040703,0.14433,0.3752299458703715,0.18947892840907765
2025-01-19,2025-01,I2,Palermo,Juve Stabia,draw,home,3.25,"[2.8,3.5)",0.2879604093099982,"[0.28,0.34)",market_non_favorite,AVG_OPEN,False,-1.0,AVG_OPEN_rulesi2_draw_2p8_3p5_train30_n120_ev0p02_top1_ridge10_cap0.08|I2_draw_2p8_3p5,1356,0.323746,-0.4,-0.2,-0.067747,0.161021,0.0,2.402275,0.318203,2025-01-19,2024-25,1.1786549963416462,1.0,0.0,1.356,0.4,0.2,0.067747,0.161021,0.36796040930999824,0.19587133025749437
2025-01-24,2025-01,I2,Spezia,Sassuolo,draw,home,3.08,"[2.8,3.5)",0.3041230882101604,"[0.28,0.34)",market_non_favorite,AVG_OPEN,False,-1.0,AVG_OPEN_rulesi2_draw_2p8_3p5_train30_n120_ev0p02_top1_ridge10_cap0.08|I2_draw_2p8_3p5,1360,0.323529,-0.8,0.0,-0.930303,-1.110606,0.0,2.392496,0.239969,2025-01-24,2024-25,1.1249295969854831,1.0,0.0,1.36,0.8,0.0,0.930303,1.110606,0.3694312241964661,0.13784817052511578
2025-01-25,2025-01,I2,Cesena,Bari,draw,draw,3.16,"[2.8,3.5)",0.29635224876467436,"[0.28,0.34)",market_non_favorite,AVG_OPEN,True,2.16,AVG_OPEN_rulesi2_draw_2p8_3p5_train30_n120_ev0p02_top1_ridge10_cap0.08|I2_draw_2p8_3p5,1361,0.323292,-0.2,-0.6,-0.059369,-0.142857,1.0,2.399831,0.298646,2025-01-25,2024-25,1.1505720275988207,1.0,0.0,1.361,0.2,0.6,0.059369,0.142857,0.3763522487646744,0.18927310609637105
2025-01-26,2025-01,I2,Brescia,Catanzaro,draw,away,3.23,"[2.8,3.5)",0.2898597155866676,"[0.28,0.34)",market_non_favorite,AVG_OPEN,False,-1.0,AVG_OPEN_rulesi2_draw_2p8_3p5_train30_n120_ev0p02_top1_ridge10_cap0.08|I2_draw_2p8_3p5,1366,0.323572,-0.2,0.0,-0.145098,-0.216667,1.0,2.380635,0.145079,2025-01-26,2024-25,1.172482137234565,1.0,0.0,1.366,0.2,0.0,0.145098,0.216667,0.36985971558666764,0.19464688134493646
2025-01-31,2025-01,I2,Palermo,Pisa,draw,away,2.94,"[2.8,3.5)",0.3185442423696399,"[0.28,0.34)",market_non_favorite,AVG_OPEN,False,-1.0,AVG_OPEN_rulesi2_draw_2p8_3p5_train30_n120_ev0p02_top1_ridge10_cap0.08|I2_draw_2p8_3p5,1370,0.323358,-0.8,-0.6,-0.154612,-0.129765,0.0,2.378975,0.131802,2025-01-31,2024-25,1.0784095813505903,1.0,0.0,1.37,0.8,0.6,0.154612,0.129765,0.3985442423696399,0.17172007256674138
2025-02-01,2025-02,I2,Modena,Mantova,draw,home,3.46,"[2.8,3.5)",0.2707005744985393,"[0.20,0.28)",market_non_favorite,AVG_OPEN,False,-1.0,AVG_OPEN_rulesi2_draw_2p8_3p5_train30_n120_ev0p02_top1_ridge10_cap0.08|I2_draw_2p8_3p5,1371,0.323122,-0.4,-0.2,0.014932,-0.000878,-1.0,2.393345,0.246762,2025-02-01,2024-25,1.2412685890696329,1.0,0.0,1.371,0.4,0.2,0.014932,0.000878,0.3507005744985393,0.21342398776494598
2025-02-02,2025-02,I2,Carrarese,Brescia,draw,away,3.07,"[2.8,3.5)",0.30540460828003607,"[0.28,0.34)",market_non_favorite,AVG_OPEN,False,-1.0,AVG_OPEN_rulesi2_draw_2p8_3p5_train30_n120_ev0p02_top1_ridge10_cap0.08|I2_draw_2p8_3p5,1376,0.321948,0.0,-0.6,-0.154554,-0.340527,1.0,2.401795,0.314359,2025-02-02,2024-25,1.1216775615991057,1.0,0.0,1.376,0.0,0.6,0.154554,0.340527,0.3854046082800361,0.18319214741971068
2025-02-07,2025-02,I2,Brescia,Salernitana,draw,draw,3.02,"[2.8,3.5)",0.3095791441418684,"[0.28,0.34)",market_non_favorite,AVG_OPEN,True,2.02,AVG_OPEN_rulesi2_draw_2p8_3p5_train30_n120_ev0p02_top1_ridge10_cap0.08|I2_draw_2p8_3p5,1380,0.321014,0.0,0.2,0.34058,0.416667,0.0,2.431639,0.55311,2025-02-07,2024-25,1.1052568313867783,1.0,0.0,1.38,0.0,0.2,0.34058,0.416667,0.3895791441418684,0.17652901530844245
2025-02-08,2025-02,I2,Sampdoria,Modena,draw,home,2.97,"[2.8,3.5)",0.31405879894106165,"[0.28,0.34)",market_non_favorite,AVG_OPEN,False,-1.0,AVG_OPEN_rulesi2_draw_2p8_3p5_train30_n120_ev0p02_top1_ridge10_cap0.08|I2_draw_2p8_3p5,1381,0.321506,-0.2,-0.2,0.072581,0.045484,0.0,2.392843,0.24274,2025-02-08,2024-25,1.0885619528146082,1.0,0.0,1.381,0.2,0.2,0.072581,0.045484,0.39405879894106166,0.17035463285495323
2025-02-09,2025-02,I2,Spezia,Palermo,draw,draw,3.3,"[2.8,3.5)",0.281717916879702,"[0.28,0.34)",market_non_favorite,AVG_OPEN,True,2.3,AVG_OPEN_rulesi2_draw_2p8_3p5_train30_n120_ev0p02_top1_ridge10_cap0.08|I2_draw_2p8_3p5,1386,0.321068,0.8,1.0,0.133871,0.06129,-1.0,2.418016,0.444128,2025-02-09,2024-25,1.1939224684724346,1.0,0.0,1.386,0.8,1.0,0.133871,0.06129,0.35814377263782926,0.18187444970483657
2025-02-14,2025-02,I2,Catanzaro,Cittadella,draw,home,3.12,"[2.8,3.5)",0.3000363609919278,"[0.28,0.34)",market_non_favorite,AVG_OPEN,False,-1.0,AVG_OPEN_rulesi2_draw_2p8_3p5_train30_n120_ev0p02_top1_ridge10_cap0.08|I2_draw_2p8_3p5,1390,0.320863,0.4,0.8,0.286399,0.462601,0.0,2.434673,0.577386,2025-02-14,2024-25,1.1378330018213911,1.0,0.0,1.39,0.4,0.8,0.286399,0.462601,0.38003636099192784,0.1857134462948149
2025-02-15,2025-02,I2,Bari,Cremonese,draw,draw,3.08,"[2.8,3.5)",0.30304545681852274,"[0.28,0.34)",market_non_favorite,AVG_OPEN,True,2.08,AVG_OPEN_rulesi2_draw_2p8_3p5_train30_n120_ev0p02_top1_ridge10_cap0.08|I2_draw_2p8_3p5,1391,0.320633,-0.8,-1.4,-0.366337,-0.336634,0.0,2.380258,0.142062,2025-02-15,2024-25,1.1249295969854831,1.0,0.0,1.391,0.8,1.4,0.366337,0.336634,0.38304545681852276,0.17978000700105
2025-02-16,2025-02,I2,Palermo,Mantova,draw,draw,3.28,"[2.8,3.5)",0.2851851614104235,"[0.28,0.34)",market_non_favorite,AVG_OPEN,True,2.28,AVG_OPEN_rulesi2_draw_2p8_3p5_train30_n120_ev0p02_top1_ridge10_cap0.08|I2_draw_2p8_3p5,1396,0.320917,0.4,1.0,0.226535,0.41901,-1.0,2.413173,0.405386,2025-02-16,2024-25,1.1878434223960523,1.0,0.0,1.396,0.4,1.0,0.226535,0.41901,0.36247661599840864,0.18892330047478034
2025-02-21,2025-02,I2,Sampdoria,Sassuolo,draw,draw,3.0,"[2.8,3.5)",0.31174022605455187,"[0.28,0.34)",market_non_favorite,AVG_OPEN,True,2.0,AVG_OPEN_rulesi2_draw_2p8_3p5_train30_n120_ev0p02_top1_ridge10_cap0.08|I2_draw_2p8_3p5,1400,0.322143,-1.0,-1.6,-1.018029,-1.331731,0.0,2.35883,0.029362,2025-02-21,2024-25,1.0986122886681098,1.0,0.0,1.4,1.0,1.6,1.018029,1.331731,0.3812719835831233,0.14381595074936993
2025-02-22,2025-02,I2,Cremonese,Cesena,draw,away,3.43,"[2.8,3.5)",0.2720441015510291,"[0.20,0.28)",market_non_favorite,AVG_OPEN,False,-1.0,AVG_OPEN_rulesi2_draw_2p8_3p5_train30_n120_ev0p02_top1_ridge10_cap0.08|I2_draw_2p8_3p5,1401,0.322627,0.0,0.6,0.427602,0.499246,1.0,2.418953,0.451621,2025-02-22,2024-25,1.2325602611778486,1.0,0.0,1.401,0.0,0.6,0.427602,0.499246,0.3520441015510291,0.20751126832002997
2025-02-23,2025-02,I2,Cosenza,Palermo,draw,away,2.99,"[2.8,3.5)",0.3112957554805144,"[0.28,0.34)",market_non_favorite,AVG_OPEN,False,-1.0,AVG_OPEN_rulesi2_draw_2p8_3p5_train30_n120_ev0p02_top1_ridge10_cap0.08|I2_draw_2p8_3p5,1406,0.322191,-0.4,-1.0,-0.293137,-0.462325,0.0,2.375117,0.100934,2025-02-23,2024-25,1.095273387402595,1.0,0.0,1.406,0.4,1.0,0.293137,0.462325,0.39129575548051443,0.16997430888673826
2025-02-28,2025-02,I2,Sudtirol,Spezia,draw,draw,3.27,"[2.8,3.5)",0.2869709865393054,"[0.28,0.34)",market_non_favorite,AVG_OPEN,True,2.27,AVG_OPEN_rulesi2_draw_2p8_3p5_train30_n120_ev0p02_top1_ridge10_cap0.08|I2_draw_2p8_3p5,1410,0.322695,0.4,0.4,-0.145183,-0.235549,0.0,2.371169,0.069349,2025-02-28,2024-25,1.184789984909162,1.0,0.0,1.41,0.4,0.4,0.145183,0.235549,0.36697098653930543,0.19999512598352887
2025-03-01,2025-03,I2,Frosinone,Mantova,draw,home,3.22,"[2.8,3.5)",0.29004657207841433,"[0.28,0.34)",market_non_favorite,AVG_OPEN,False,-1.0,AVG_OPEN_rulesi2_draw_2p8_3p5_train30_n120_ev0p02_top1_ridge10_cap0.08|I2_draw_2p8_3p5,1411,0.323175,0.2,0.4,0.498741,0.653722,-1.0,2.391341,0.230726,2025-03-01,2024-25,1.169381359556317,1.0,0.0,1.411,0.2,0.4,0.498741,0.653722,0.37004657207841435,0.1915499620924943
2025-03-02,2025-03,I2,Catanzaro,Reggiana,draw,draw,3.09,"[2.8,3.5)",0.3010222238584349,"[0.28,0.34)",market_non_favorite,AVG_OPEN,True,2.09,AVG_OPEN_rulesi2_draw_2p8_3p5_train30_n120_ev0p02_top1_ridge10_cap0.08|I2_draw_2p8_3p5,1416,0.32274,1.6,1.4,0.384615,0.461538,-1.0,2.436646,0.593167,2025-03-02,2024-25,1.128171090909654,1.0,0.0,1.416,1.6,1.4,0.384615,0.461538,0.3810222238584349,0.17735867172256392
2025-03-07,2025-03,I2,Cosenza,Reggiana,draw,home,2.91,"[2.8,3.5)",0.3220577041955601,"[0.28,0.34)",market_non_favorite,AVG_OPEN,False,-1.0,AVG_OPEN_rulesi2_draw_2p8_3p5_train30_n120_ev0p02_top1_ridge10_cap0.08|I2_draw_2p8_3p5,1420,0.323944,0.2,-0.6,-0.139565,-0.198464,0.0,2.388418,0.207344,2025-03-07,2024-25,1.0681530811834012,1.0,0.0,1.42,0.2,0.6,0.139565,0.198464,0.40205770419556014,0.16998791920908007
2025-03-08,2025-03,I2,Sampdoria,Palermo,draw,draw,3.14,"[2.8,3.5)",0.29910422401479214,"[0.28,0.34)",market_non_favorite,AVG_OPEN,True,2.14,AVG_OPEN_rulesi2_draw_2p8_3p5_train30_n120_ev0p02_top1_ridge10_cap0.08|I2_draw_2p8_3p5,1421,0.323716,0.0,-0.4,-0.056818,-0.195221,0.0,2.380427,0.143419,2025-03-08,2024-25,1.144222799920162,1.0,0.0,1.421,0.0,0.4,0.056818,0.195221,0.37910422401479216,0.1903872634064474
2025-03-09,2025-03,I2,Spezia,Pisa,draw,home,3.25,"[2.8,3.5)",0.28722894366094903,"[0.28,0.34)",market_non_favorite,AVG_OPEN,False,-1.0,AVG_OPEN_rulesi2_draw_2p8_3p5_train30_n120_ev0p02_top1_ridge10_cap0.08|I2_draw_2p8_3p5,1427,0.324457,-0.2,0.0,-0.074691,-0.103073,1.0,2.3909,0.227203,2025-03-09,2024-25,1.1786549963416462,1.0,0.0,1.427,0.2,0.0,0.074691,0.103073,0.36722894366094905,0.19349406689808446
2025-03-14,2025-03,I2,Palermo,Cremonese,draw,away,3.04,"[2.8,3.5)",0.30932132733033185,"[0.28,0.34)",market_non_favorite,AVG_OPEN,False,-1.0,AVG_OPEN_rulesi2_draw_2p8_3p5_train30_n120_ev0p02_top1_ridge10_cap0.08|I2_draw_2p8_3p5,1430,0.324476,0.2,-0.2,-0.352381,-0.342857,0.0,2.389395,0.21516,2025-03-14,2024-25,1.1118575154181303,1.0,0.0,1.43,0.2,0.2,0.352381,0.342857,0.38932132733033187,0.18353683508420882
2025-03-15,2025-03,I2,Bari,Salernitana,draw,draw,3.11,"[2.8,3.5)",0.3017637989768085,"[0.28,0.34)",market_non_favorite,AVG_OPEN,True,2.11,AVG_OPEN_rulesi2_draw_2p8_3p5_train30_n120_ev0p02_top1_ridge10_cap0.08|I2_draw_2p8_3p5,1431,0.324249,0.2,0.2,0.380952,0.547126,-1.0,2.440347,0.622776,2025-03-15,2024-25,1.1346227261911428,1.0,0.0,1.431,0.2,0.2,0.380952,0.547126,0.3817637989768085,0.18728541481787442
2025-03-16,2025-03,I2,Catanzaro,Cosenza,draw,home,3.27,"[2.8,3.5)",0.2866052153651098,"[0.28,0.34)",market_non_favorite,AVG_OPEN,False,-1.0,AVG_OPEN_rulesi2_draw_2p8_3p5_train30_n120_ev0p02_top1_ridge10_cap0.08|I2_draw_2p8_3p5,1436,0.324513,0.2,0.4,0.481369,0.579585,-1.0,2.438216,0.605725,2025-03-16,2024-25,1.184789984909162,1.0,0.0,1.436,0.2,0.4,0.481369,0.579585,0.3666052153651098,0.1987990542439091
2025-03-29,2025-03,I2,Sampdoria,Frosinone,draw,away,3.2,"[2.8,3.5)",0.2929042017180589,"[0.28,0.34)",market_non_favorite,AVG_OPEN,False,-1.0,AVG_OPEN_rulesi2_draw_2p8_3p5_train30_n120_ev0p02_top1_ridge10_cap0.08|I2_draw_2p8_3p5,1441,0.324774,-1.4,-0.8,-0.304384,-0.398446,-1.0,2.402784,0.322275,2025-03-29,2024-25,1.1631508098056809,1.0,0.0,1.441,1.4,0.8,0.304384,0.398446,0.37290420171805894,0.1932934454977886
2025-03-30,2025-03,I2,Carrarese,Bari,draw,home,3.14,"[2.8,3.5)",0.2977020825394721,"[0.28,0.34)",market_non_favorite,AVG_OPEN,False,-1.0,AVG_OPEN_rulesi2_draw_2p8_3p5_train30_n120_ev0p02_top1_ridge10_cap0.08|I2_draw_2p8_3p5,1447,0.324119,-0.2,-0.2,-0.277358,-0.465409,-1.0,2.384809,0.178473,2025-03-30,2024-25,1.144222799920162,1.0,0.0,1.447,0.2,0.2,0.277358,0.465409,0.37770208253947213,0.18598453917394253
2025-04-04,2025-04,I2,Reggiana,Cremonese,draw,away,3.11,"[2.8,3.5)",0.30256379174495424,"[0.28,0.34)",market_non_favorite,AVG_OPEN,False,-1.0,AVG_OPEN_rulesi2_draw_2p8_3p5_train30_n120_ev0p02_top1_ridge10_cap0.08|I2_draw_2p8_3p5,1450,0.323448,-1.0,-1.8,-0.584044,-0.723012,0.0,2.358908,0.028737,2025-04-04,2024-25,1.1346227261911428,1.0,0.0,1.45,1.0,1.8,0.584044,0.723012,0.38256379174495425,0.18977339232680768
2025-04-05,2025-04,I2,Brescia,Mantova,draw,away,3.28,"[2.8,3.5)",0.2852062812726186,"[0.28,0.34)",market_non_favorite,AVG_OPEN,False,-1.0,AVG_OPEN_rulesi2_draw_2p8_3p5_train30_n120_ev0p02_top1_ridge10_cap0.08|I2_draw_2p8_3p5,1451,0.323225,0.2,0.2,0.252725,0.301891,1.0,2.401183,0.309466,2025-04-05,2024-25,1.1878434223960523,1.0,0.0,1.451,0.2,0.2,0.252725,0.301891,0.3652062812726186,0.19787660257418893
2025-04-06,2025-04,I2,Catanzaro,Bari,draw,draw,3.16,"[2.8,3.5)",0.2967008064875101,"[0.28,0.34)",market_non_favorite,AVG_OPEN,True,2.16,AVG_OPEN_rulesi2_draw_2p8_3p5_train30_n120_ev0p02_top1_ridge10_cap0.08|I2_draw_2p8_3p5,1457,0.323953,0.2,0.0,0.171746,0.124881,1.0,2.416763,0.434101,2025-04-06,2024-25,1.1505720275988207,1.0,0.0,1.457,0.2,0.0,0.171746,0.124881,0.37100358309941184,0.17237132259414145
2025-04-11,2025-04,I2,Bari,Palermo,draw,home,3.15,"[2.8,3.5)",0.29794015962414033,"[0.28,0.34)",market_non_favorite,AVG_OPEN,False,-1.0,AVG_OPEN_rulesi2_draw_2p8_3p5_train30_n120_ev0p02_top1_ridge10_cap0.08|I2_draw_2p8_3p5,1460,0.323973,-1.2,-0.8,-0.027778,-0.027778,0.0,2.386226,0.18981,2025-04-11,2024-25,1.1474024528375417,1.0,0.0,1.46,1.2,0.8,0.027778,0.027778,0.37794015962414035,0.190511502816042
2025-04-12,2025-04,I2,Cosenza,Brescia,draw,draw,3.15,"[2.8,3.5)",0.29668614020950845,"[0.28,0.34)",market_non_favorite,AVG_OPEN,True,2.15,AVG_OPEN_rulesi2_draw_2p8_3p5_train30_n120_ev0p02_top1_ridge10_cap0.08|I2_draw_2p8_3p5,1461,0.323751,0.2,-0.8,-0.267123,-0.383562,0.0,2.385337,0.182695,2025-04-12,2024-25,1.1474024528375417,1.0,0.0,1.461,0.2,0.8,0.267123,0.383562,0.37668614020950847,0.18656134165995164
2025-04-13,2025-04,I2,Cesena,Frosinone,draw,draw,3.08,"[2.8,3.5)",0.3035822004546162,"[0.28,0.34)",market_non_favorite,AVG_OPEN,True,2.08,AVG_OPEN_rulesi2_draw_2p8_3p5_train30_n120_ev0p02_top1_ridge10_cap0.08|I2_draw_2p8_3p5,1467,0.32379,-1.4,-1.0,-0.27662,-0.329861,0.0,2.40905,0.372404,2025-04-13,2024-25,1.1249295969854831,1.0,0.0,1.467,1.4,1.0,0.27662,0.329861,0.3835822004546162,0.18143317740021803
2025-04-25,2025-04,I2,Frosinone,Spezia,draw,draw,3.4,"[2.8,3.5)",0.27517387360145146,"[0.20,0.28)",market_non_favorite,AVG_OPEN,True,2.4,AVG_OPEN_rulesi2_draw_2p8_3p5_train30_n120_ev0p02_top1_ridge10_cap0.08|I2_draw_2p8_3p5,1470,0.32517,0.6,0.6,0.163975,0.202869,0.0,2.376118,0.108941,2025-04-25,2024-25,1.2237754316221157,1.0,0.0,1.47,0.6,0.6,0.163975,0.202869,0.3551738736014515,0.2075911702449349
2025-04-27,2025-04,I2,Catanzaro,Palermo,draw,away,3.29,"[2.8,3.5)",0.2840013674757565,"[0.28,0.34)",market_non_favorite,AVG_OPEN,False,-1.0,AVG_OPEN_rulesi2_draw_2p8_3p5_train30_n120_ev0p02_top1_ridge10_cap0.08|I2_draw_2p8_3p5,1478,0.324087,-0.4,-0.4,0.14498,0.101822,-1.0,2.403608,0.328861,2025-04-27,2024-25,1.1908875647772805,1.0,0.0,1.478,0.4,0.4,0.14498,0.101822,0.3640013674757565,0.19756449899523898
2025-05-01,2025-05,I2,Juve Stabia,Catanzaro,draw,home,3.47,"[2.8,3.5)",0.26974598712463016,"[0.20,0.28)",market_non_favorite,AVG_OPEN,False,-1.0,AVG_OPEN_rulesi2_draw_2p8_3p5_train30_n120_ev0p02_top1_ridge10_cap0.08|I2_draw_2p8_3p5,1480,0.323649,1.0,-0.0,-0.029412,-0.208333,0.0,2.395158,0.261261,2025-05-01,2024-25,1.244154593958768,1.0,0.0,1.48,1.0,0.0,0.029412,0.208333,0.3497459871246302,0.21361857532246686
2025-05-04,2025-05,I2,Catanzaro,Sampdoria,draw,draw,3.3,"[2.8,3.5)",0.2827206743151487,"[0.28,0.34)",market_non_favorite,AVG_OPEN,True,2.3,AVG_OPEN_rulesi2_draw_2p8_3p5_train30_n120_ev0p02_top1_ridge10_cap0.08|I2_draw_2p8_3p5,1490,0.322148,-0.4,0.0,0.205479,0.30137,0.0,2.423406,0.48725,2025-05-04,2024-25,1.1939224684724346,1.0,0.0,1.49,0.4,0.0,0.205479,0.30137,0.3627206743151487,0.19697822523999076
2025-05-09,2025-05,I2,Sassuolo,Catanzaro,draw,away,3.32,"[2.8,3.5)",0.28231449015532534,"[0.28,0.34)",market_non_favorite,AVG_OPEN,False,-1.0,AVG_OPEN_rulesi2_draw_2p8_3p5_train30_n120_ev0p02_top1_ridge10_cap0.08|I2_draw_2p8_3p5,1500,0.322667,1.4,1.6,0.804805,1.018769,0.0,2.434978,0.579821,2025-05-09,2024-25,1.199964782928397,1.0,0.0,1.5,1.4,1.6,0.804805,1.018769,0.36231449015532535,0.20288410731568018
2025-05-13,2025-05,I2,Sassuolo,Frosinone,draw,away,3.21,"[2.8,3.5)",0.29160157702893696,"[0.28,0.34)",market_non_favorite,AVG_OPEN,False,-1.0,AVG_OPEN_rulesi2_draw_2p8_3p5_train30_n120_ev0p02_top1_ridge10_cap0.08|I2_draw_2p8_3p5,1510,0.321854,1.4,1.4,0.640995,0.789524,0.0,2.445045,0.660359,2025-05-13,2024-25,1.1662709371419244,1.0,0.0,1.51,1.4,1.4,0.640995,0.789524,0.371601577028937,0.19284106226288777
2025-08-22,2025-08,I2,Pescara,Cesena,draw,away,3.18,"[2.8,3.5)",0.28962752895324706,"[0.28,0.34)",market_non_favorite,AVG_OPEN,False,-1.0,AVG_OPEN_rulesi2_draw_2p8_3p5_train30_n120_ev0p02_top1_ridge10_cap0.08|I2_draw_2p8_3p5,1520,0.322368,-0.8,0.4,-0.394737,0.026316,-14.0,2.407091,0.356728,2025-08-22,2025-26,1.1568811967920856,1.0,0.0,1.52,0.8,0.4,0.394737,0.026316,0.3696275289532471,0.1754155420713257
2025-08-23,2025-08,I2,Virtus Entella,Juve Stabia,draw,draw,3.11,"[2.8,3.5)",0.2954959267585889,"[0.28,0.34)",market_non_favorite,AVG_OPEN,True,2.11,AVG_OPEN_rulesi2_draw_2p8_3p5_train30_n120_ev0p02_top1_ridge10_cap0.08|I2_draw_2p8_3p5,1521,0.322156,0.0,0.2,-0.447368,-0.026316,-14.0,2.404663,0.337304,2025-08-23,2025-26,1.1346227261911428,1.0,0.0,1.521,0.0,0.2,0.447368,0.026316,0.3754959267585889,0.16779233221921142
2025-08-24,2025-08,I2,Venezia,Bari,draw,home,3.22,"[2.8,3.5)",0.2862084607040725,"[0.28,0.34)",market_non_favorite,AVG_OPEN,False,-1.0,AVG_OPEN_rulesi2_draw_2p8_3p5_train30_n120_ev0p02_top1_ridge10_cap0.08|I2_draw_2p8_3p5,1525,0.321967,0.0,-0.4,0.214912,0.219298,0.0,2.406106,0.348848,2025-08-24,2025-26,1.169381359556317,1.0,0.0,1.525,0.0,0.4,0.214912,0.219298,0.36362911023436517,0.17088573495465598
2025-08-25,2025-08,I2,Sampdoria,Modena,draw,away,3.05,"[2.8,3.5)",0.302062379439816,"[0.28,0.34)",market_non_favorite,AVG_OPEN,False,-1.0,AVG_OPEN_rulesi2_draw_2p8_3p5_train30_n120_ev0p02_top1_ridge10_cap0.08|I2_draw_2p8_3p5,1529,0.321779,0.4,0.4,0.061404,0.017544,0.0,2.396848,0.274784,2025-08-25,2025-26,1.1151415906193203,1.0,0.0,1.529,0.4,0.4,0.061404,0.017544,0.3523710757147865,0.07473178093009869
2025-08-30,2025-08,I2,Mantova,Pescara,draw,home,3.33,"[2.8,3.5)",0.27656924369261077,"[0.20,0.28)",market_non_favorite,AVG_OPEN,False,-1.0,AVG_OPEN_rulesi2_draw_2p8_3p5_train30_n120_ev0p02_top1_ridge10_cap0.08|I2_draw_2p8_3p5,1531,0.321359,1.4,2.2,1.128205,1.74359,-1.0,2.385799,0.186394,2025-08-30,2025-26,1.2029723039923526,1.0,0.0,1.531,1.4,2.2,1.128205,1.74359,0.3565692436926108,0.187375581496394
2025-08-31,2025-08,I2,Modena,Avellino,draw,draw,3.25,"[2.8,3.5)",0.28380105923175264,"[0.28,0.34)",market_non_favorite,AVG_OPEN,True,2.25,AVG_OPEN_rulesi2_draw_2p8_3p5_train30_n120_ev0p02_top1_ridge10_cap0.08|I2_draw_2p8_3p5,1536,0.322917,0.8,1.8,1.243478,1.895652,-1.0,2.389622,0.216975,2025-08-31,2025-26,1.1786549963416462,1.0,0.0,1.536,0.8,1.8,1.243478,1.895652,0.36380105923175265,0.18235344250319607
2025-09-13,2025-09,I2,Juve Stabia,Reggiana,draw,draw,3.0,"[2.8,3.5)",0.3078072060912966,"[0.28,0.34)",market_non_favorite,AVG_OPEN,True,2.0,AVG_OPEN_rulesi2_draw_2p8_3p5_train30_n120_ev0p02_top1_ridge10_cap0.08|I2_draw_2p8_3p5,1541,0.323816,-1.0,-0.6,0.219872,0.230128,-1.0,2.416024,0.428194,2025-09-13,2025-26,1.0986122886681098,1.0,0.0,1.541,1.0,0.6,0.219872,0.230128,0.3878072060912966,0.1634216182738899
2025-09-14,2025-09,I2,Virtus Entella,Mantova,draw,home,3.15,"[2.8,3.5)",0.29268645385199377,"[0.28,0.34)",market_non_favorite,AVG_OPEN,False,-1.0,AVG_OPEN_rulesi2_draw_2p8_3p5_train30_n120_ev0p02_top1_ridge10_cap0.08|I2_draw_2p8_3p5,1547,0.324499,-0.4,0.2,-0.175,0.225,0.0,2.416792,0.434336,2025-09-14,2025-26,1.1474024528375417,1.0,0.0,1.547,0.4,0.2,0.175,0.225,0.3576354088153323,0.12655153776829664
2025-09-19,2025-09,I2,Frosinone,Sudtirol,draw,draw,3.16,"[2.8,3.5)",0.29172347664957976,"[0.28,0.34)",market_non_favorite,AVG_OPEN,True,2.16,AVG_OPEN_rulesi2_draw_2p8_3p5_train30_n120_ev0p02_top1_ridge10_cap0.08|I2_draw_2p8_3p5,1550,0.324516,0.8,0.4,0.282051,0.384615,1.0,2.404253,0.334022,2025-09-19,2025-26,1.1505720275988207,1.0,0.0,1.55,0.8,0.4,0.282051,0.384615,0.3717234766495798,0.17464618621267225
2025-09-20,2025-09,I2,Monza,Sampdoria,draw,home,3.33,"[2.8,3.5)",0.27608432486667467,"[0.20,0.28)",market_non_favorite,AVG_OPEN,False,-1.0,AVG_OPEN_rulesi2_draw_2p8_3p5_train30_n120_ev0p02_top1_ridge10_cap0.08|I2_draw_2p8_3p5,1552,0.324742,0.0,-0.0,0.491201,0.701142,1.0,2.39729,0.278321,2025-09-20,2025-26,1.2029723039923526,1.0,0.0,1.552,0.0,0.0,0.491201,0.701142,0.3560843248666747,0.18576080180602683
2025-09-21,2025-09,I2,Carrarese,Avellino,draw,away,3.09,"[2.8,3.5)",0.29760955686654483,"[0.28,0.34)",market_non_favorite,AVG_OPEN,False,-1.0,AVG_OPEN_rulesi2_draw_2p8_3p5_train30_n120_ev0p02_top1_ridge10_cap0.08|I2_draw_2p8_3p5,1557,0.324342,-0.133333,0.533333,-0.113821,0.138211,-1.0,2.389996,0.219969,2025-09-21,2025-26,1.128171090909654,1.0,0.0,1.557,0.133333,0.533333,0.113821,0.138211,0.3574068129761195,0.10438705209620913
2025-09-26,2025-09,I2,Catanzaro,Juve Stabia,draw,draw,3.02,"[2.8,3.5)",0.3043777377189087,"[0.28,0.34)",market_non_favorite,AVG_OPEN,True,2.02,AVG_OPEN_rulesi2_draw_2p8_3p5_train30_n120_ev0p02_top1_ridge10_cap0.08|I2_draw_2p8_3p5,1560,0.323718,-0.4,-0.4,0.010119,0.116071,0.0,2.401558,0.312461,2025-09-26,2025-26,1.1052568313867783,1.0,0.0,1.56,0.4,0.4,0.010119,0.116071,0.3843777377189087,0.16082076791110422
2025-09-27,2025-09,I2,Monza,Padova,draw,away,3.45,"[2.8,3.5)",0.26699475260146455,"[0.20,0.28)",market_non_favorite,AVG_OPEN,False,-1.0,AVG_OPEN_rulesi2_draw_2p8_3p5_train30_n120_ev0p02_top1_ridge10_cap0.08|I2_draw_2p8_3p5,1561,0.324151,0.4,0.3,0.761905,1.047619,1.0,2.371994,0.075953,2025-09-27,2025-26,1.2383742310432684,1.0,0.0,1.561,0.4,0.3,0.761905,1.047619,0.34699475260146456,0.1971318964750528
2025-09-28,2025-09,I2,Empoli,Carrarese,draw,draw,3.17,"[2.8,3.5)",0.2898347801736208,"[0.28,0.34)",market_non_favorite,AVG_OPEN,True,2.17,AVG_OPEN_rulesi2_draw_2p8_3p5_train30_n120_ev0p02_top1_ridge10_cap0.08|I2_draw_2p8_3p5,1568,0.32398,-0.4,-1.2,-0.190476,-0.785714,0.0,2.390855,0.226838,2025-09-28,2025-26,1.1537315878891892,1.0,0.0,1.568,0.4,1.2,0.190476,0.785714,0.36901802177910403,0.16978712903975968
2025-09-30,2025-09,I2,Frosinone,Cesena,draw,home,3.09,"[2.8,3.5)",0.2983305919987567,"[0.28,0.34)",market_non_favorite,AVG_OPEN,False,-1.0,AVG_OPEN_rulesi2_draw_2p8_3p5_train30_n120_ev0p02_top1_ridge10_cap0.08|I2_draw_2p8_3p5,1570,0.324204,0.0,0.6,0.125073,0.29998,0.0,2.395432,0.263456,2025-09-30,2025-26,1.128171090909654,1.0,0.0,1.57,0.0,0.6,0.125073,0.29998,0.3696744857484081,0.14229416096258096
2025-10-01,2025-10,I2,Sampdoria,Catanzaro,draw,draw,3.15,"[2.8,3.5)",0.29175238451468116,"[0.28,0.34)",market_non_favorite,AVG_OPEN,True,2.15,AVG_OPEN_rulesi2_draw_2p8_3p5_train30_n120_ev0p02_top1_ridge10_cap0.08|I2_draw_2p8_3p5,1576,0.325508,-0.8,-1.2,-0.234568,-0.358025,-1.0,2.365563,0.0245,2025-10-01,2025-26,1.1474024528375417,1.0,0.0,1.576,0.8,1.2,0.234568,0.358025,0.3717523845146812,0.17102001122124566
2025-10-04,2025-10,I2,Avellino,Mantova,draw,draw,3.32,"[2.8,3.5)",0.276804847990078,"[0.20,0.28)",market_non_favorite,AVG_OPEN,True,2.32,AVG_OPEN_rulesi2_draw_2p8_3p5_train30_n120_ev0p02_top1_ridge10_cap0.08|I2_draw_2p8_3p5,1580,0.327215,1.6,2.2,0.765152,0.719697,0.0,2.435338,0.582705,2025-10-04,2025-26,1.199964782928397,1.0,0.0,1.58,1.6,2.2,0.765152,0.719697,0.356804847990078,0.184592095327059
2025-10-05,2025-10,I2,Modena,Virtus Entella,draw,home,3.27,"[2.8,3.5)",0.281261989365097,"[0.28,0.34)",market_non_favorite,AVG_OPEN,False,-1.0,AVG_OPEN_rulesi2_draw_2p8_3p5_train30_n120_ev0p02_top1_ridge10_cap0.08|I2_draw_2p8_3p5,1586,0.326608,1.2,1.6,0.283333,0.283333,-1.0,2.401669,0.313351,2025-10-05,2025-26,1.184789984909162,1.0,0.0,1.586,1.2,1.6,0.283333,0.283333,0.3570115914147566,0.16742790392625406
2025-10-18,2025-10,I2,Spezia,Cesena,draw,away,3.11,"[2.8,3.5)",0.29564791577400995,"[0.28,0.34)",market_non_favorite,AVG_OPEN,False,-1.0,AVG_OPEN_rulesi2_draw_2p8_3p5_train30_n120_ev0p02_top1_ridge10_cap0.08|I2_draw_2p8_3p5,1591,0.325581,-1.0,-0.8,-0.060776,0.072289,0.0,2.394095,0.252756,2025-10-18,2025-26,1.1346227261911428,1.0,0.0,1.591,1.0,0.8,0.060776,0.072289,0.37564791577400997,0.16826501805717098
2025-10-19,2025-10,I2,Palermo,Modena,draw,draw,3.17,"[2.8,3.5)",0.29022941882727066,"[0.28,0.34)",market_non_favorite,AVG_OPEN,True,2.17,AVG_OPEN_rulesi2_draw_2p8_3p5_train30_n120_ev0p02_top1_ridge10_cap0.08|I2_draw_2p8_3p5,1597,0.325611,-0.4,-0.6,0.123967,0.22314,1.0,2.412825,0.402597,2025-10-19,2025-26,1.1537315878891892,1.0,0.0,1.597,0.4,0.6,0.123967,0.22314,0.3702294188272707,0.17362725768244802
2025-10-24,2025-10,I2,Modena,Empoli,draw,home,3.39,"[2.8,3.5)",0.27158842130868405,"[0.20,0.28)",market_non_favorite,AVG_OPEN,False,-1.0,AVG_OPEN_rulesi2_draw_2p8_3p5_train30_n120_ev0p02_top1_ridge10_cap0.08|I2_draw_2p8_3p5,1600,0.32625,1.0,1.6,0.045082,0.342213,0.0,2.422513,0.480105,2025-10-24,2025-26,1.220829921392359,1.0,0.0,1.6,1.0,1.6,0.045082,0.342213,0.35158842130868406,0.19188474823643897
2025-10-25,2025-10,I2,Catanzaro,Palermo,draw,home,3.18,"[2.8,3.5)",0.2892237008216229,"[0.28,0.34)",market_non_favorite,AVG_OPEN,False,-1.0,AVG_OPEN_rulesi2_draw_2p8_3p5_train30_n120_ev0p02_top1_ridge10_cap0.08|I2_draw_2p8_3p5,1601,0.326046,-1.2,-1.0,-0.001366,-0.033763,0.0,2.382332,0.158656,2025-10-25,2025-26,1.1568811967920856,1.0,0.0,1.601,1.2,1.0,0.001366,0.033763,0.3692237008216229,0.17413136861276102
2025-10-26,2025-10,I2,Bari,Mantova,draw,home,3.33,"[2.8,3.5)",0.27692985492651917,"[0.20,0.28)",market_non_favorite,AVG_OPEN,False,-1.0,AVG_OPEN_rulesi2_draw_2p8_3p5_train30_n120_ev0p02_top1_ridge10_cap0.08|I2_draw_2p8_3p5,1608,0.325871,0.6,0.8,0.246258,0.402352,0.0,2.40639,0.351119,2025-10-26,2025-26,1.2029723039923526,1.0,0.0,1.608,0.6,0.8,0.246258,0.402352,0.3569298549265192,0.18857641690530902
2025-10-28,2025-10,I2,Reggiana,Modena,draw,home,3.24,"[2.8,3.5)",0.28357217214113273,"[0.28,0.34)",market_non_favorite,AVG_OPEN,False,-1.0,AVG_OPEN_rulesi2_draw_2p8_3p5_train30_n120_ev0p02_top1_ridge10_cap0.08|I2_draw_2p8_3p5,1610,0.326087,-0.8,-1.0,-0.097178,-0.17561,-1.0,2.377726,0.121809,2025-10-28,2025-26,1.1755733298042381,1.0,0.0,1.61,0.8,1.0,0.097178,0.17561,0.36357217214113274,0.17797383773727016
2025-10-29,2025-10,I2,Spezia,Padova,draw,draw,3.26,"[2.8,3.5)",0.2825818294824633,"[0.28,0.34)",market_non_favorite,AVG_OPEN,True,2.26,AVG_OPEN_rulesi2_draw_2p8_3p5_train30_n120_ev0p02_top1_ridge10_cap0.08|I2_draw_2p8_3p5,1616,0.326114,-0.8,-0.2,0.031373,0.216993,1.0,2.397038,0.276303,2025-10-29,2025-26,1.1817271953786161,1.0,0.0,1.616,0.8,0.2,0.031373,0.216993,0.3625818294824633,0.1820167641128303
2025-11-01,2025-11,I2,Avellino,Reggiana,draw,home,3.33,"[2.8,3.5)",0.27690134212385215,"[0.20,0.28)",market_non_favorite,AVG_OPEN,False,-1.0,AVG_OPEN_rulesi2_draw_2p8_3p5_train30_n120_ev0p02_top1_ridge10_cap0.08|I2_draw_2p8_3p5,1619,0.326127,-1.4,-1.6,0.067442,-0.213953,0.0,2.409426,0.375407,2025-11-01,2025-26,1.2029723039923526,1.0,0.0,1.619,1.4,1.6,0.067442,0.213953,0.35690134212385216,0.1884814692724277
2025-11-02,2025-11,I2,Monza,Spezia,draw,home,3.08,"[2.8,3.5)",0.2989990467111535,"[0.28,0.34)",market_non_favorite,AVG_OPEN,False,-1.0,AVG_OPEN_rulesi2_draw_2p8_3p5_train30_n120_ev0p02_top1_ridge10_cap0.08|I2_draw_2p8_3p5,1624,0.325739,1.6,1.0,0.452035,0.499516,1.0,2.389056,0.212447,2025-11-02,2025-26,1.1249295969854831,1.0,0.0,1.624,1.6,1.0,0.452035,0.499516,0.37899904671115353,0.16731706387035294
2025-11-07,2025-11,I2,Spezia,Bari,draw,draw,3.09,"[2.8,3.5)",0.29815561118532574,"[0.28,0.34)",market_non_favorite,AVG_OPEN,True,2.09,AVG_OPEN_rulesi2_draw_2p8_3p5_train30_n120_ev0p02_top1_ridge10_cap0.08|I2_draw_2p8_3p5,1629,0.324739,-1.2,0.0,0.006118,0.043567,0.0,2.410623,0.384981,2025-11-07,2025-26,1.128171090909654,1.0,0.0,1.629,1.2,0.0,0.006118,0.043567,0.37815561118532576,0.16850083856265652
2025-11-08,2025-11,I2,Sudtirol,Carrarese,draw,draw,3.14,"[2.8,3.5)",0.29278081658227634,"[0.28,0.34)",market_non_favorite,AVG_OPEN,True,2.14,AVG_OPEN_rulesi2_draw_2p8_3p5_train30_n120_ev0p02_top1_ridge10_cap0.08|I2_draw_2p8_3p5,1630,0.325153,-1.0,-1.2,0.091918,0.099265,0.0,2.397044,0.27635,2025-11-08,2025-26,1.144222799920162,1.0,0.0,1.63,1.0,1.2,0.091918,0.099265,0.37278081658227635,0.1705317640683477
2025-11-09,2025-11,I2,Pescara,Monza,draw,away,3.43,"[2.8,3.5)",0.26819276062517317,"[0.20,0.28)",market_non_favorite,AVG_OPEN,False,-1.0,AVG_OPEN_rulesi2_draw_2p8_3p5_train30_n120_ev0p02_top1_ridge10_cap0.08|I2_draw_2p8_3p5,1637,0.325596,-2.4,-3.2,-1.109462,-1.339518,1.0,2.397742,0.28194,2025-11-09,2025-26,1.2325602611778486,1.0,0.0,1.637,2.4,3.2,1.109462,1.339518,0.3481927606251732,0.19430116894434413
2025-11-21,2025-11,I2,Catanzaro,Pescara,draw,draw,3.44,"[2.8,3.5)",0.26734958506224066,"[0.20,0.28)",market_non_favorite,AVG_OPEN,True,2.44,AVG_OPEN_rulesi2_draw_2p8_3p5_train30_n120_ev0p02_top1_ridge10_cap0.08|I2_draw_2p8_3p5,1639,0.325198,1.2,1.8,0.787879,1.015152,1.0,2.421676,0.47341,2025-11-21,2025-26,1.235471471385307,1.0,0.0,1.639,1.2,1.8,0.787879,1.015152,0.3473495850622407,0.1948825726141079
2025-11-22,2025-11,I2,Carrarese,Reggiana,draw,draw,3.33,"[2.8,3.5)",0.27683997299122215,"[0.20,0.28)",market_non_favorite,AVG_OPEN,True,2.33,AVG_OPEN_rulesi2_draw_2p8_3p5_train30_n120_ev0p02_top1_ridge10_cap0.08|I2_draw_2p8_3p5,1640,0.32561,-0.4,-0.4,-0.015909,0.033182,0.0,2.406075,0.348604,2025-11-22,2025-26,1.2029723039923526,1.0,0.0,1.64,0.4,0.4,0.015909,0.033182,0.3525517648559943,0.17399737697046103
2025-11-23,2025-11,I2,Monza,Cesena,draw,home,3.28,"[2.8,3.5)",0.28108764400271063,"[0.28,0.34)",market_non_favorite,AVG_OPEN,False,-1.0,AVG_OPEN_rulesi2_draw_2p8_3p5_train30_n120_ev0p02_top1_ridge10_cap0.08|I2_draw_2p8_3p5,1645,0.325836,0.6,0.8,0.34,0.54,0.0,2.385717,0.185739,2025-11-23,2025-26,1.1878434223960523,1.0,0.0,1.645,0.6,0.8,0.34,0.54,0.36108764400271065,0.18436747232889084
2025-11-24,2025-11,I2,Sampdoria,Juve Stabia,draw,home,2.91,"[2.8,3.5)",0.31536611332360714,"[0.28,0.34)",market_non_favorite,AVG_OPEN,False,-1.0,AVG_OPEN_rulesi2_draw_2p8_3p5_train30_n120_ev0p02_top1_ridge10_cap0.08|I2_draw_2p8_3p5,1648,0.32585,-1.0,-0.4,-0.276206,-0.202226,0.0,2.365899,0.02719,2025-11-24,2025-26,1.0681530811834012,1.0,0.0,1.648,1.0,0.4,0.276206,0.202226,0.3861233552208332,0.1236189636926246
2025-11-28,2025-11,I2,Cesena,Modena,draw,home,2.92,"[2.8,3.5)",0.3148608970440084,"[0.28,0.34)",market_non_favorite,AVG_OPEN,False,-1.0,AVG_OPEN_rulesi2_draw_2p8_3p5_train30_n120_ev0p02_top1_ridge10_cap0.08|I2_draw_2p8_3p5,1649,0.325652,0.2,0.0,0.183109,0.086305,0.0,2.398599,0.288795,2025-11-28,2025-26,1.0715836162801904,1.0,0.0,1.649,0.2,0.0,0.183109,0.086305,0.376192035639441,0.09848074406716756
2025-11-29,2025-11,I2,Reggiana,Frosinone,draw,away,3.23,"[2.8,3.5)",0.2852716117042538,"[0.28,0.34)",market_non_favorite,AVG_OPEN,False,-1.0,AVG_OPEN_rulesi2_draw_2p8_3p5_train30_n120_ev0p02_top1_ridge10_cap0.08|I2_draw_2p8_3p5,1650,0.325455,-1.2,-1.8,-0.408564,-0.576838,0.0,2.375942,0.107534,2025-11-29,2025-26,1.172482137234565,1.0,0.0,1.65,1.2,1.8,0.408564,0.576838,0.3652716117042538,0.17982730580473993
2025-11-30,2025-11,I2,Juve Stabia,Monza,draw,draw,2.86,"[2.8,3.5)",0.3216318785578748,"[0.28,0.34)",market_non_favorite,AVG_OPEN,True,1.8599999999999999,AVG_OPEN_rulesi2_draw_2p8_3p5_train30_n120_ev0p02_top1_ridge10_cap0.08|I2_draw_2p8_3p5,1657,0.32408,-1.6,-2.0,-0.442353,-0.647059,-1.0,2.403095,0.324763,2025-11-30,2025-26,1.0508216248317612,1.0,0.0,1.657,1.6,2.0,0.442353,0.647059,0.4016318785578748,0.14866717267552199
2025-12-04,2025-12,I2,Juve Stabia,Bari,draw,draw,3.14,"[2.8,3.5)",0.2931085588644712,"[0.28,0.34)",market_non_favorite,AVG_OPEN,True,2.14,AVG_OPEN_rulesi2_draw_2p8_3p5_train30_n120_ev0p02_top1_ridge10_cap0.08|I2_draw_2p8_3p5,1659,0.324292,-0.4,0.2,0.116412,0.0,-1.0,2.421376,0.471004,2025-12-04,2025-26,1.144222799920162,1.0,0.0,1.659,0.4,0.2,0.116412,0.0,0.35554077642456194,0.11639803797312465
2025-12-07,2025-12,I2,Empoli,Palermo,draw,away,3.13,"[2.8,3.5)",0.2942010162077091,"[0.28,0.34)",market_non_favorite,AVG_OPEN,False,-1.0,AVG_OPEN_rulesi2_draw_2p8_3p5_train30_n120_ev0p02_top1_ridge10_cap0.08|I2_draw_2p8_3p5,1660,0.324699,0.6,0.4,0.022321,0.066964,0.0,2.379854,0.138833,2025-12-07,2025-26,1.1410330045520618,1.0,0.0,1.66,0.6,0.4,0.022321,0.066964,0.3539083236981302,0.10773305317514748
2025-12-08,2025-12,I2,Modena,Catanzaro,draw,away,3.47,"[2.8,3.5)",0.26556176275873766,"[0.20,0.28)",market_non_favorite,AVG_OPEN,False,-1.0,AVG_OPEN_rulesi2_draw_2p8_3p5_train30_n120_ev0p02_top1_ridge10_cap0.08|I2_draw_2p8_3p5,1662,0.324308,-1.0,-0.4,-0.169792,-0.204514,1.0,2.40037,0.302957,2025-12-08,2025-26,1.244154593958768,1.0,0.0,1.662,1.0,0.4,0.169792,0.204514,0.3455617627587377,0.1990993167728199
2025-12-13,2025-12,I2,Catanzaro,Avellino,draw,home,3.44,"[2.8,3.5)",0.26743296152381524,"[0.20,0.28)",market_non_favorite,AVG_OPEN,False,-1.0,AVG_OPEN_rulesi2_draw_2p8_3p5_train30_n120_ev0p02_top1_ridge10_cap0.08|I2_draw_2p8_3p5,1671,0.324955,0.6,1.2,0.150183,0.731136,0.0,2.417678,0.441423,2025-12-13,2025-26,1.235471471385307,1.0,0.0,1.671,0.6,1.2,0.150183,0.731136,0.34743296152381525,0.19516938764192449
2025-12-14,2025-12,I2,Carrarese,Virtus Entella,draw,home,3.04,"[2.8,3.5)",0.3020171655121335,"[0.28,0.34)",market_non_favorite,AVG_OPEN,False,-1.0,AVG_OPEN_rulesi2_draw_2p8_3p5_train30_n120_ev0p02_top1_ridge10_cap0.08|I2_draw_2p8_3p5,1678,0.324195,-0.6,-1.4,0.150943,0.202516,1.0,2.393632,0.249054,2025-12-14,2025-26,1.1118575154181303,1.0,0.0,1.678,0.6,1.4,0.150943,0.202516,0.3820171655121335,0.1613321831568859
2025-12-19,2025-12,I2,Bari,Catanzaro,draw,away,2.97,"[2.8,3.5)",0.30982636405020486,"[0.28,0.34)",market_non_favorite,AVG_OPEN,False,-1.0,AVG_OPEN_rulesi2_draw_2p8_3p5_train30_n120_ev0p02_top1_ridge10_cap0.08|I2_draw_2p8_3p5,1680,0.32381,-1.4,-1.6,-0.192308,-0.206522,0.0,2.369176,0.053411,2025-12-19,2025-26,1.0885619528146082,1.0,0.0,1.68,1.4,1.6,0.192308,0.206522,0.3898263640502049,0.15778430122910847
2025-12-20,2025-12,I2,Frosinone,Spezia,draw,home,3.49,"[2.8,3.5)",0.26453042937059373,"[0.20,0.28)",market_non_favorite,AVG_OPEN,False,-1.0,AVG_OPEN_rulesi2_draw_2p8_3p5_train30_n120_ev0p02_top1_ridge10_cap0.08|I2_draw_2p8_3p5,1681,0.323617,1.2,1.8,0.30602,0.361037,-1.0,2.427415,0.519318,2025-12-20,2025-26,1.2499017362143359,1.0,0.0,1.681,1.2,1.8,0.30602,0.361037,0.34453042937059375,0.2024111985033723
2025-12-21,2025-12,I2,Mantova,Empoli,draw,away,3.07,"[2.8,3.5)",0.2990867579908676,"[0.28,0.34)",market_non_favorite,AVG_OPEN,False,-1.0,AVG_OPEN_rulesi2_draw_2p8_3p5_train30_n120_ev0p02_top1_ridge10_cap0.08|I2_draw_2p8_3p5,1688,0.324052,-0.6,-1.2,-0.175926,-0.37037,0.0,2.386719,0.193754,2025-12-21,2025-26,1.1216775615991057,1.0,0.0,1.688,0.6,1.2,0.175926,0.37037,0.3790867579908676,0.16379634703196344
2025-12-26,2025-12,I2,Modena,Monza,draw,away,2.97,"[2.8,3.5)",0.3096299208224551,"[0.28,0.34)",market_non_favorite,AVG_OPEN,False,-1.0,AVG_OPEN_rulesi2_draw_2p8_3p5_train30_n120_ev0p02_top1_ridge10_cap0.08|I2_draw_2p8_3p5,1690,0.32426,-0.8,-0.6,-0.546287,-0.633449,0.0,2.406255,0.350041,2025-12-26,2025-26,1.0885619528146082,1.0,0.0,1.69,0.8,0.6,0.546287,0.633449,0.36929189304557647,0.09679692234536219
2025-12-27,2025-12,I2,Empoli,Frosinone,draw,draw,3.11,"[2.8,3.5)",0.2954334372043365,"[0.28,0.34)",market_non_favorite,AVG_OPEN,True,2.11,AVG_OPEN_rulesi2_draw_2p8_3p5_train30_n120_ev0p02_top1_ridge10_cap0.08|I2_draw_2p8_3p5,1691,0.324069,-1.2,-0.4,-0.311181,-0.361024,-1.0,2.369375,0.054997,2025-12-27,2025-26,1.1346227261911428,1.0,0.0,1.691,1.2,0.4,0.311181,0.361024,0.37543343720433653,0.16759798970548645
2026-01-10,2026-01,I2,Juve Stabia,Pescara,draw,draw,3.36,"[2.8,3.5)",0.27374638295487186,"[0.20,0.28)",market_non_favorite,AVG_OPEN,True,2.36,AVG_OPEN_rulesi2_draw_2p8_3p5_train30_n120_ev0p02_top1_ridge10_cap0.08|I2_draw_2p8_3p5,1700,0.324118,0.8,0.4,0.724206,0.666667,0.0,2.421496,0.471967,2026-01-10,2025-26,1.2119409739751128,1.0,0.0,1.7,0.8,0.4,0.724206,0.666667,0.3537463829548719,0.18858784672836948
2026-01-11,2026-01,I2,Mantova,Palermo,draw,draw,3.31,"[2.8,3.5)",0.27750192777671245,"[0.20,0.28)",market_non_favorite,AVG_OPEN,True,2.31,AVG_OPEN_rulesi2_draw_2p8_3p5_train30_n120_ev0p02_top1_ridge10_cap0.08|I2_draw_2p8_3p5,1708,0.323185,-2.4,-3.0,-0.385823,-0.617424,0.0,2.350621,0.09503,2026-01-11,2025-26,1.1969481893889715,1.0,0.0,1.708,2.4,3.0,0.385823,0.617424,0.35750192777671247,0.18333138094091828
2026-01-16,2026-01,I2,Sampdoria,Virtus Entella,draw,draw,3.1,"[2.8,3.5)",0.29647742034079616,"[0.28,0.34)",market_non_favorite,AVG_OPEN,True,2.1,AVG_OPEN_rulesi2_draw_2p8_3p5_train30_n120_ev0p02_top1_ridge10_cap0.08|I2_draw_2p8_3p5,1710,0.323392,0.6,0.6,0.210526,0.305263,0.0,2.386173,0.189388,2026-01-16,2025-26,1.1314021114911006,1.0,0.0,1.71,0.6,0.6,0.210526,0.305263,0.3764774203407962,0.16708000305646808
2026-01-17,2026-01,I2,Monza,Frosinone,draw,draw,3.45,"[2.8,3.5)",0.2669396728842311,"[0.20,0.28)",market_non_favorite,AVG_OPEN,True,2.45,AVG_OPEN_rulesi2_draw_2p8_3p5_train30_n120_ev0p02_top1_ridge10_cap0.08|I2_draw_2p8_3p5,1711,0.323787,-1.2,-1.2,0.155388,0.16792,0.0,2.376517,0.112133,2026-01-17,2025-26,1.2383742310432684,1.0,0.0,1.711,1.2,1.2,0.155388,0.16792,0.3469396728842311,0.1969418714505975
2026-01-23,2026-01,I2,Carrarese,Empoli,draw,home,3.01,"[2.8,3.5)",0.3057770151168273,"[0.28,0.34)",market_non_favorite,AVG_OPEN,False,-1.0,AVG_OPEN_rulesi2_draw_2p8_3p5_train30_n120_ev0p02_top1_ridge10_cap0.08|I2_draw_2p8_3p5,1720,0.322674,0.6,0.4,-0.125862,-0.274138,0.0,2.398497,0.287973,2026-01-23,2025-26,1.1019400787607843,1.0,0.0,1.72,0.6,0.4,0.125862,0.274138,0.3723872391467627,0.12088558983175557
2026-01-24,2026-01,I2,Spezia,Avellino,draw,home,3.22,"[2.8,3.5)",0.28638236191638694,"[0.28,0.34)",market_non_favorite,AVG_OPEN,False,-1.0,AVG_OPEN_rulesi2_draw_2p8_3p5_train30_n120_ev0p02_top1_ridge10_cap0.08|I2_draw_2p8_3p5,1721,0.322487,-0.4,-0.6,0.072917,0.48125,-1.0,2.399081,0.292645,2026-01-24,2025-26,1.169381359556317,1.0,0.0,1.721,0.4,0.6,0.072917,0.48125,0.36638236191638696,0.17975120537076617
2026-01-25,2026-01,I2,Catanzaro,Sampdoria,draw,draw,3.02,"[2.8,3.5)",0.30595422156493685,"[0.28,0.34)",market_non_favorite,AVG_OPEN,True,2.02,AVG_OPEN_rulesi2_draw_2p8_3p5_train30_n120_ev0p02_top1_ridge10_cap0.08|I2_draw_2p8_3p5,1728,0.321759,0.8,0.2,0.291667,0.354167,-1.0,2.436789,0.594313,2026-01-25,2025-26,1.1052568313867783,1.0,0.0,1.728,0.8,0.2,0.291667,0.354167,0.38595422156493686,0.16558174912610935
2026-01-30,2026-01,I2,Bari,Palermo,draw,away,3.17,"[2.8,3.5)",0.29000414765657406,"[0.28,0.34)",market_non_favorite,AVG_OPEN,False,-1.0,AVG_OPEN_rulesi2_draw_2p8_3p5_train30_n120_ev0p02_top1_ridge10_cap0.08|I2_draw_2p8_3p5,1730,0.321965,-1.0,-0.8,-0.155556,-0.259259,0.0,2.355245,0.058038,2026-01-30,2025-26,1.1537315878891892,1.0,0.0,1.73,1.0,0.8,0.155556,0.259259,0.3700041476565741,0.17291314807133973
2026-01-31,2026-01,I2,Virtus Entella,Frosinone,draw,draw,3.14,"[2.8,3.5)",0.2950139542633399,"[0.28,0.34)",market_non_favorite,AVG_OPEN,True,2.14,AVG_OPEN_rulesi2_draw_2p8_3p5_train30_n120_ev0p02_top1_ridge10_cap0.08|I2_draw_2p8_3p5,1731,0.321779,-1.2,-1.0,-0.721693,-0.90582,0.0,2.361813,0.0055,2026-01-31,2025-26,1.144222799920162,1.0,0.0,1.731,1.2,1.0,0.721693,0.90582,0.3750139542633399,0.1775438163868872
2026-02-01,2026-02,I2,Padova,Monza,draw,away,3.28,"[2.8,3.5)",0.2806838868563277,"[0.28,0.34)",market_non_favorite,AVG_OPEN,False,-1.0,AVG_OPEN_rulesi2_draw_2p8_3p5_train30_n120_ev0p02_top1_ridge10_cap0.08|I2_draw_2p8_3p5,1738,0.322209,-1.2,-1.8,-0.640032,-0.865214,-1.0,2.389997,0.219978,2026-02-01,2025-26,1.1878434223960523,1.0,0.0,1.738,1.2,1.8,0.640032,0.865214,0.36068388685632774,0.18304314888875495
2026-02-07,2026-02,I2,Catanzaro,Reggiana,draw,home,3.42,"[2.8,3.5)",0.26971951678301215,"[0.20,0.28)",market_non_favorite,AVG_OPEN,False,-1.0,AVG_OPEN_rulesi2_draw_2p8_3p5_train30_n120_ev0p02_top1_ridge10_cap0.08|I2_draw_2p8_3p5,1741,0.322229,0.6,0.4,0.336735,0.418367,1.0,2.433791,0.570327,2026-02-07,2025-26,1.2296405510745139,1.0,0.0,1.741,0.6,0.4,0.336735,0.418367,0.34971951678301216,0.19604074739790156
2026-02-10,2026-02,I2,Sampdoria,Palermo,draw,draw,3.02,"[2.8,3.5)",0.3056745741456788,"[0.28,0.34)",market_non_favorite,AVG_OPEN,True,2.02,AVG_OPEN_rulesi2_draw_2p8_3p5_train30_n120_ev0p02_top1_ridge10_cap0.08|I2_draw_2p8_3p5,1750,0.322286,-0.6,-0.8,-0.224729,-0.411487,0.0,2.354019,0.067848,2026-02-10,2025-26,1.1052568313867783,1.0,0.0,1.75,0.6,0.8,0.224729,0.411487,0.3856745741456788,0.1647372139199499
2026-02-11,2026-02,I2,Avellino,Frosinone,draw,away,3.2,"[2.8,3.5)",0.2891615473739487,"[0.28,0.34)",market_non_favorite,AVG_OPEN,False,-1.0,AVG_OPEN_rulesi2_draw_2p8_3p5_train30_n120_ev0p02_top1_ridge10_cap0.08|I2_draw_2p8_3p5,1756,0.321754,-0.4,-0.4,-0.439543,-0.807363,-1.0,2.367913,0.043301,2026-02-11,2025-26,1.1631508098056809,1.0,0.0,1.756,0.4,0.4,0.439543,0.807363,0.36916154737394874,0.18131695159663597
2026-02-14,2026-02,I2,Catanzaro,Mantova,draw,home,3.39,"[2.8,3.5)",0.2721342586562971,"[0.20,0.28)",market_non_favorite,AVG_OPEN,False,-1.0,AVG_OPEN_rulesi2_draw_2p8_3p5_train30_n120_ev0p02_top1_ridge10_cap0.08|I2_draw_2p8_3p5,1760,0.322159,0.0,0.6,0.429355,0.580968,0.0,2.439669,0.617351,2026-02-14,2025-26,1.220829921392359,1.0,0.0,1.76,0.0,0.6,0.429355,0.580968,0.3521342586562971,0.19373513684484722
2026-02-15,2026-02,I2,Monza,Juve Stabia,draw,home,3.48,"[2.8,3.5)",0.2646592709984152,"[0.20,0.28)",market_non_favorite,AVG_OPEN,False,-1.0,AVG_OPEN_rulesi2_draw_2p8_3p5_train30_n120_ev0p02_top1_ridge10_cap0.08|I2_draw_2p8_3p5,1765,0.321246,0.0,0.4,0.354839,0.580645,0.0,2.401377,0.311013,2026-02-15,2025-26,1.247032293786383,1.0,0.0,1.765,0.0,0.4,0.354839,0.580645,0.3446592709984152,0.19941426307448484
2026-02-21,2026-02,I2,Carrarese,Monza,draw,away,3.26,"[2.8,3.5)",0.2815299303284516,"[0.28,0.34)",market_non_favorite,AVG_OPEN,False,-1.0,AVG_OPEN_rulesi2_draw_2p8_3p5_train30_n120_ev0p02_top1_ridge10_cap0.08|I2_draw_2p8_3p5,1771,0.321287,-1.8,-1.4,-0.68254,-0.857143,1.0,2.376273,0.110182,2026-02-21,2025-26,1.1817271953786161,1.0,0.0,1.771,1.8,1.4,0.68254,0.857143,0.3615299303284516,0.17858757287075222
2026-02-22,2026-02,I2,Reggiana,Avellino,draw,draw,2.84,"[2.8,3.5)",0.32469135802469135,"[0.28,0.34)",market_non_favorite,AVG_OPEN,True,1.8399999999999999,AVG_OPEN_rulesi2_draw_2p8_3p5_train30_n120_ev0p02_top1_ridge10_cap0.08|I2_draw_2p8_3p5,1778,0.320585,0.4,0.2,0.028515,0.232475,0.0,2.391917,0.235337,2026-02-22,2025-26,1.0438040521731147,1.0,0.0,1.778,0.4,0.2,0.028515,0.232475,0.40469135802469136,0.14932345679012338
2026-02-27,2026-02,I2,Sampdoria,Bari,draw,away,3.36,"[2.8,3.5)",0.27423903814812284,"[0.20,0.28)",market_non_favorite,AVG_OPEN,False,-1.0,AVG_OPEN_rulesi2_draw_2p8_3p5_train30_n120_ev0p02_top1_ridge10_cap0.08|I2_draw_2p8_3p5,1780,0.320787,1.6,1.4,-0.012045,-0.087255,0.0,2.412061,0.396486,2026-02-27,2025-26,1.2119409739751128,1.0,0.0,1.78,1.6,1.4,0.012045,0.087255,0.35423903814812285,0.19024316817769282
2026-02-28,2026-02,I2,Spezia,Reggiana,draw,away,3.18,"[2.8,3.5)",0.28907656958330746,"[0.28,0.34)",market_non_favorite,AVG_OPEN,False,-1.0,AVG_OPEN_rulesi2_draw_2p8_3p5_train30_n120_ev0p02_top1_ridge10_cap0.08|I2_draw_2p8_3p5,1782,0.320426,-0.2,-0.2,0.176471,0.264706,1.0,2.413712,0.409697,2026-02-28,2025-26,1.1568811967920856,1.0,0.0,1.782,0.2,0.2,0.176471,0.264706,0.3690765695833075,0.17366349127491776
2026-03-01,2026-03,I2,Mantova,Carrarese,draw,draw,3.1,"[2.8,3.5)",0.29560759438675765,"[0.28,0.34)",market_non_favorite,AVG_OPEN,True,2.1,AVG_OPEN_rulesi2_draw_2p8_3p5_train30_n120_ev0p02_top1_ridge10_cap0.08|I2_draw_2p8_3p5,1787,0.321209,1.2,0.8,-0.078125,-0.140625,0.0,2.389308,0.214464,2026-03-01,2025-26,1.1314021114911006,1.0,0.0,1.787,1.2,0.8,0.078125,0.140625,0.36820609009273375,0.14143887928747456
2026-03-03,2026-03,I2,Cesena,Monza,draw,away,3.2,"[2.8,3.5)",0.2874361593462717,"[0.28,0.34)",market_non_favorite,AVG_OPEN,False,-1.0,AVG_OPEN_rulesi2_draw_2p8_3p5_train30_n120_ev0p02_top1_ridge10_cap0.08|I2_draw_2p8_3p5,1790,0.321788,-1.8,-2.0,-0.507692,-0.723077,-1.0,2.374113,0.092903,2026-03-03,2025-26,1.1631508098056809,1.0,0.0,1.79,1.8,2.0,0.507692,0.723077,0.3674361593462717,0.1757957099080696
2026-03-04,2026-03,I2,Carrarese,Catanzaro,draw,draw,3.02,"[2.8,3.5)",0.30449022623965155,"[0.28,0.34)",market_non_favorite,AVG_OPEN,True,2.02,AVG_OPEN_rulesi2_draw_2p8_3p5_train30_n120_ev0p02_top1_ridge10_cap0.08|I2_draw_2p8_3p5,1795,0.321448,-2.2,-2.4,-0.36475,-0.473488,0.0,2.366153,0.029226,2026-03-04,2025-26,1.1052568313867783,1.0,0.0,1.795,2.2,2.4,0.36475,0.473488,0.38449022623965157,0.16116048324374765
2026-03-07,2026-03,I2,Spezia,Monza,draw,home,3.2,"[2.8,3.5)",0.28702822708531556,"[0.28,0.34)",market_non_favorite,AVG_OPEN,False,-1.0,AVG_OPEN_rulesi2_draw_2p8_3p5_train30_n120_ev0p02_top1_ridge10_cap0.08|I2_draw_2p8_3p5,1800,0.322222,-1.6,-1.6,-0.61655,-0.672203,0.0,2.365842,0.026737,2026-03-07,2025-26,1.1631508098056809,1.0,0.0,1.8,1.6,1.6,0.61655,0.672203,0.3670282270853156,0.1744903266730098
2026-03-08,2026-03,I2,Carrarese,Palermo,draw,away,3.24,"[2.8,3.5)",0.2826256837718156,"[0.28,0.34)",market_non_favorite,AVG_OPEN,False,-1.0,AVG_OPEN_rulesi2_draw_2p8_3p5_train30_n120_ev0p02_top1_ridge10_cap0.08|I2_draw_2p8_3p5,1805,0.321884,-1.6,-2.0,-0.319249,-0.53009,0.0,2.354732,0.06214,2026-03-08,2025-26,1.1755733298042381,1.0,0.0,1.805,1.6,2.0,0.319249,0.53009,0.3626256837718156,0.17490721542068255
2026-03-14,2026-03,I2,Cesena,Frosinone,draw,draw,3.48,"[2.8,3.5)",0.2632228401426664,"[0.20,0.28)",market_non_favorite,AVG_OPEN,True,2.48,AVG_OPEN_rulesi2_draw_2p8_3p5_train30_n120_ev0p02_top1_ridge10_cap0.08|I2_draw_2p8_3p5,1811,0.320817,-1.4,-2.4,-0.298194,-0.537105,1.0,2.35836,0.033122,2026-03-14,2025-26,1.247032293786383,1.0,0.0,1.811,1.4,2.4,0.298194,0.537105,0.3432228401426664,0.1944154836964791
2026-03-15,2026-03,I2,Sudtirol,Pescara,draw,draw,3.47,"[2.8,3.5)",0.26377378301562304,"[0.20,0.28)",market_non_favorite,AVG_OPEN,True,2.47,AVG_OPEN_rulesi2_draw_2p8_3p5_train30_n120_ev0p02_top1_ridge10_cap0.08|I2_draw_2p8_3p5,1818,0.321782,-0.6,-0.8,0.452616,0.530745,1.0,2.419884,0.45907,2026-03-15,2025-26,1.244154593958768,1.0,0.0,1.818,0.6,0.8,0.452616,0.530745,0.34377378301562306,0.19289502706421202
2026-03-17,2026-03,I2,Palermo,Juve Stabia,draw,draw,3.48,"[2.8,3.5)",0.26421416998085134,"[0.20,0.28)",market_non_favorite,AVG_OPEN,True,2.48,AVG_OPEN_rulesi2_draw_2p8_3p5_train30_n120_ev0p02_top1_ridge10_cap0.08|I2_draw_2p8_3p5,1820,0.321978,1.2,0.8,0.074346,0.299428,0.0,2.43123,0.549839,2026-03-17,2025-26,1.247032293786383,1.0,0.0,1.82,1.2,0.8,0.074346,0.299428,0.34421416998085136,0.19786531153336262
2026-03-18,2026-03,I2,Avellino,Sudtirol,draw,home,2.9,"[2.8,3.5)",0.3171194156349116,"[0.28,0.34)",market_non_favorite,AVG_OPEN,False,-1.0,AVG_OPEN_rulesi2_draw_2p8_3p5_train30_n120_ev0p02_top1_ridge10_cap0.08|I2_draw_2p8_3p5,1825,0.32274,0.6,-0.4,-0.1125,-0.445833,0.0,2.386596,0.192766,2026-03-18,2025-26,1.0647107369924282,1.0,0.0,1.825,0.6,0.4,0.1125,0.445833,0.3971194156349116,0.15164630534124357
2026-03-21,2026-03,I2,Cesena,Catanzaro,draw,home,3.31,"[2.8,3.5)",0.27671662510604383,"[0.20,0.28)",market_non_favorite,AVG_OPEN,False,-1.0,AVG_OPEN_rulesi2_draw_2p8_3p5_train30_n120_ev0p02_top1_ridge10_cap0.08|I2_draw_2p8_3p5,1829,0.322034,-1.6,-2.0,-0.208778,-0.394586,-3.0,2.359187,0.0265,2026-03-21,2025-26,1.1969481893889715,1.0,0.0,1.829,1.6,2.0,0.208778,0.394586,0.35671662510604385,0.18073202910100505
2026-03-22,2026-03,I2,Sampdoria,Avellino,draw,home,3.0,"[2.8,3.5)",0.3072782588345424,"[0.28,0.34)",market_non_favorite,AVG_OPEN,False,-1.0,AVG_OPEN_rulesi2_draw_2p8_3p5_train30_n120_ev0p02_top1_ridge10_cap0.08|I2_draw_2p8_3p5,1834,0.321701,-1.6,-1.2,-0.052457,0.223093,0.0,2.38489,0.179123,2026-03-22,2025-26,1.0986122886681098,1.0,0.0,1.834,1.6,1.2,0.052457,0.223093,0.3872782588345424,0.1618347765036272
2026-04-06,2026-04,I2,Bari,Modena,draw,home,3.31,"[2.8,3.5)",0.2763931919984934,"[0.20,0.28)",market_non_favorite,AVG_OPEN,False,-1.0,AVG_OPEN_rulesi2_draw_2p8_3p5_train30_n120_ev0p02_top1_ridge10_cap0.08|I2_draw_2p8_3p5,1841,0.320478,-0.2,-1.2,-0.043222,-0.082333,-1.0,2.360456,0.016352,2026-04-06,2025-26,1.1969481893889715,1.0,0.0,1.841,0.2,1.2,0.043222,0.082333,0.3563931919984934,0.17966146551501327
2026-04-10,2026-04,I2,Frosinone,Palermo,draw,draw,3.31,"[2.8,3.5)",0.2783085975974206,"[0.20,0.28)",market_non_favorite,AVG_OPEN,True,2.31,AVG_OPEN_rulesi2_draw_2p8_3p5_train30_n120_ev0p02_top1_ridge10_cap0.08|I2_draw_2p8_3p5,1849,0.320173,0.6,1.4,0.190476,0.170068,0.0,2.40416,0.333279,2026-04-10,2025-26,1.1969481893889715,1.0,0.0,1.849,0.6,1.4,0.190476,0.170068,0.316629156909156,0.04804250936930643
2026-04-11,2026-04,I2,Sudtirol,Modena,draw,draw,3.06,"[2.8,3.5)",0.30045549652565506,"[0.28,0.34)",market_non_favorite,AVG_OPEN,True,2.06,AVG_OPEN_rulesi2_draw_2p8_3p5_train30_n120_ev0p02_top1_ridge10_cap0.08|I2_draw_2p8_3p5,1850,0.320541,-1.0,-1.0,-0.008853,-0.047666,0.0,2.388867,0.210937,2026-04-11,2025-26,1.1184149159642893,1.0,0.0,1.85,1.0,1.0,0.008853,0.047666,0.3804554965256551,0.16419381936850463
2026-04-12,2026-04,I2,Spezia,Mantova,draw,away,3.17,"[2.8,3.5)",0.2902895306037263,"[0.28,0.34)",market_non_favorite,AVG_OPEN,False,-1.0,AVG_OPEN_rulesi2_draw_2p8_3p5_train30_n120_ev0p02_top1_ridge10_cap0.08|I2_draw_2p8_3p5,1856,0.321121,-1.2,-2.0,0.143559,0.244993,0.0,2.396697,0.273577,2026-04-12,2025-26,1.1537315878891892,1.0,0.0,1.856,1.2,2.0,0.143559,0.244993,0.3702895306037263,0.17381781201381252
2026-04-14,2026-04,I2,Catanzaro,Modena,draw,draw,3.21,"[2.8,3.5)",0.28700071748031225,"[0.28,0.34)",market_non_favorite,AVG_OPEN,True,2.21,AVG_OPEN_rulesi2_draw_2p8_3p5_train30_n120_ev0p02_top1_ridge10_cap0.08|I2_draw_2p8_3p5,1859,0.320602,0.0,-0.2,0.23279,0.231729,0.0,2.412645,0.401159,2026-04-14,2025-26,1.1662709371419244,1.0,0.0,1.859,0.0,0.2,0.23279,0.231729,0.3520815703295612,0.1301818407578914
2026-04-17,2026-04,I2,Sampdoria,Monza,draw,away,3.09,"[2.8,3.5)",0.29778509674763276,"[0.28,0.34)",market_non_favorite,AVG_OPEN,False,-1.0,AVG_OPEN_rulesi2_draw_2p8_3p5_train30_n120_ev0p02_top1_ridge10_cap0.08|I2_draw_2p8_3p5,1860,0.320968,0.2,-0.8,-0.634343,-0.830303,0.0,2.359941,0.020475,2026-04-17,2025-26,1.128171090909654,1.0,0.0,1.86,0.2,0.8,0.634343,0.830303,0.333358915756982,0.030079049689074377
2026-04-18,2026-04,I2,Modena,Frosinone,draw,away,3.4,"[2.8,3.5)",0.27116212338593976,"[0.20,0.28)",market_non_favorite,AVG_OPEN,False,-1.0,AVG_OPEN_rulesi2_draw_2p8_3p5_train30_n120_ev0p02_top1_ridge10_cap0.08|I2_draw_2p8_3p5,1861,0.320795,-0.6,-0.6,-0.391892,-0.459459,-4.0,2.372289,0.078314,2026-04-18,2025-26,1.2237754316221157,1.0,0.0,1.861,0.6,0.6,0.391892,0.459459,0.3511621233859398,0.1939512195121953
2026-04-19,2026-04,I2,Carrarese,Pescara,draw,draw,3.39,"[2.8,3.5)",0.27191924532042494,"[0.20,0.28)",market_non_favorite,AVG_OPEN,True,2.39,AVG_OPEN_rulesi2_draw_2p8_3p5_train30_n120_ev0p02_top1_ridge10_cap0.08|I2_draw_2p8_3p5,1867,0.3203,0.6,0.6,0.267157,0.258987,-1.0,2.407937,0.363493,2026-04-19,2025-26,1.220829921392359,1.0,0.0,1.867,0.6,0.6,0.267157,0.258987,0.35191924532042496,0.19300624163624058
2026-04-24,2026-04,I2,Avellino,Bari,draw,home,3.31,"[2.8,3.5)",0.2763789949584331,"[0.20,0.28)",market_non_favorite,AVG_OPEN,False,-1.0,AVG_OPEN_rulesi2_draw_2p8_3p5_train30_n120_ev0p02_top1_ridge10_cap0.08|I2_draw_2p8_3p5,1870,0.320856,0.8,1.4,-0.033174,-0.319463,0.0,2.419487,0.455896,2026-04-24,2025-26,1.1969481893889715,1.0,0.0,1.87,0.8,1.4,0.033174,0.319463,0.35131098508067565,0.1628393606170364
2026-04-25,2026-04,I2,Cesena,Sampdoria,draw,draw,3.09,"[2.8,3.5)",0.2948264760377929,"[0.28,0.34)",market_non_favorite,AVG_OPEN,True,2.09,AVG_OPEN_rulesi2_draw_2p8_3p5_train30_n120_ev0p02_top1_ridge10_cap0.08|I2_draw_2p8_3p5,1872,0.320513,-1.0,-0.6,0.085524,0.038504,-1.0,2.404734,0.337873,2026-04-25,2025-26,1.128171090909654,1.0,0.0,1.872,1.0,0.6,0.085524,0.038504,0.3748264760377929,0.1582138109567801
2026-05-01,2026-05,I2,Juve Stabia,Frosinone,draw,away,3.48,"[2.8,3.5)",0.26301539046171385,"[0.20,0.28)",market_non_favorite,AVG_OPEN,False,-1.0,AVG_OPEN_rulesi2_draw_2p8_3p5_train30_n120_ev0p02_top1_ridge10_cap0.08|I2_draw_2p8_3p5,1880,0.320745,-1.0,-1.2,-0.287748,-0.473153,0.0,2.362692,0.001534,2026-05-01,2025-26,1.247032293786383,1.0,0.0,1.88,1.0,1.2,0.287748,0.473153,0.34301539046171386,0.1936935588067643
2026-05-08,2026-05,I2,Reggiana,Sampdoria,draw,home,3.19,"[2.8,3.5)",0.28687056653643317,"[0.28,0.34)",market_non_favorite,AVG_OPEN,False,-1.0,AVG_OPEN_rulesi2_draw_2p8_3p5_train30_n120_ev0p02_top1_ridge10_cap0.08|I2_draw_2p8_3p5,1890,0.320106,-1.2,-0.4,-0.150442,-0.159292,0.0,2.381604,0.152834,2026-05-08,2025-26,1.1600209167967532,1.0,0.0,1.89,1.2,0.4,0.150442,0.159292,0.3668705665364332,0.17031710725122173
