test_month,candidate_id,source_file,source_row,date,league,home_team,away_team,outcome,probability,conservative_probability,odds,raw_odds,conservative_ev_pct,reference_dispersion,reference_bookmakers,execution_cost_rate,execution_bookmaker,odds_band,source_type,implied_probability,price_ratio,probability_uncertainty,relative_dispersion,log_odds,probability_squared,odds_probability_interaction,reference_depth_inverse,raw_net_odds_gap_pct,outcome_odds_band,outcome_source_type,source_odds_band,consensus_home_probability,consensus_draw_probability,consensus_away_probability,consensus_entropy,consensus_favorite_probability,selected_vs_favorite_probability,home_away_probability_gap,consensus_max_dispersion,execution_quote_advantage_pct,consensus_favorite_outcome,predicted_closing_edge_pct,lower_closing_edge_pct,predicted_positive_clv_probability,stake,estimated_probability_from_lower_clv,estimated_probability_from_unshrunk_training_market,estimated_probability_from_training_market,market_calibration_weight,estimated_probability_from_training_market_logistic,estimated_probability_from_validated_market_residual,outcome_probability_weight,staking_probability_profile,decision_frozen_before_closing_and_result,closing_probability,closing_fair_odds,closing_edge_pct,positive_clv,actual_outcome,won,profit
2021-12,data\historical_csv\football-data\2122\B1.csv:146,data\historical_csv\football-data\2122\B1.csv,146,2021-12-03,B1,St Truiden,St. Gilloise,home,0.2491322587215617,0.23960760899493816,4.43,4.5,6.1461707847575875,0.007524649726623528,5,0.0,WH,4.0-5.0,sportsbook,0.22573363431151244,1.1036559061365183,0.009524649726623535,0.030203433972126915,1.4883995840570443,0.06206688233570715,0.3708083502563644,0.2,1.5801354401805856,home:4.0-5.0,home:sportsbook,sportsbook:4.0-5.0,0.2491322587215617,0.2780991634364587,0.4727685778419797,1.0563161756054789,0.4727685778419797,-0.22363631912041798,0.22363631912041798,0.007524649726623528,12.5,away,10.685640469171629,6.68150120574791,0.8782261040960256,0.19,0.2408160298098147,0.23660060736335495,0.24032489511333005,0.11650901012237427,,,0.0,lower_clv,True,0.210824674735707,4.743277803006764,-6.604669092081794,False,away,False,-0.19
2021-12,data\historical_csv\football-data\2122\I2.csv:162,data\historical_csv\football-data\2122\I2.csv,162,2021-12-10,I2,Cremonese,Crotone,home,0.5471061763299465,0.5330356378786342,1.9604,1.98,4.49630644972745,0.012070538451312295,5,0.0,BW,1.5-2.0,sportsbook,0.5100999795960008,1.0725469480772272,0.014070538451312342,0.022062515419370526,0.6731485340532554,0.2993251681783745,0.36828372056798536,0.2,0.9997959600081652,home:1.5-2.0,home:sportsbook,sportsbook:1.5-2.0,0.5471061763299465,0.25708740266775676,0.19580642100229662,0.9984659810958169,0.5471061763299465,0.0,0.3512997553276499,0.012070538451312295,13.142857142857146,home,7.274216581803734,3.2700773183800154,0.8764620640507736,0.34,0.5267806433298307,0.5527177388996904,0.5298025486601244,0.11650901012237427,,,0.0,lower_clv,True,0.5471942588407068,1.8275045540839803,7.271962503132157,True,home,True,0.33
2021-12,data\historical_csv\football-data\2122\B1.csv:158,data\historical_csv\football-data\2122\B1.csv,158,2021-12-11,B1,St Truiden,Cercle Brugge,away,0.37422919281401823,0.3680812060592269,2.862,2.9,5.3448411741507496,0.004147986754791359,5,0.0,WH,2.0-3.0,sportsbook,0.3494060097833683,1.0710439498337203,0.006147986754791335,0.011084081184582508,1.0515206811342592,0.14004748875423165,0.3935097357281205,0.2,1.3277428371767819,away:2.0-3.0,away:sportsbook,sportsbook:2.0-3.0,0.3238533113326947,0.30191749585328714,0.37422919281401823,1.0945349443048298,0.37422919281401823,0.0,0.05037588148132355,0.010919607460790716,5.8394160583941535,away,5.914001364156738,1.9098621007330197,0.6257310761487612,0.1,0.35607918274190437,0.36798607477227396,0.3574664429459967,0.11650901012237427,,,0.0,lower_clv,True,0.3747345547526432,2.668555614413742,7.2490295702065,True,away,True,0.19
2022-02,data\historical_csv\football-data\2122\T1.csv:234,data\historical_csv\football-data\2122\T1.csv,234,2022-02-05,T1,Trabzonspor,Kasimpasa,draw,0.26564332533864243,0.25980115161017603,3.9497999999999998,4.01,2.6162588629873307,0.003842173728466392,5,0.0,PS,3.0-4.0,sportsbook,0.25317737606967444,1.04923800642257,0.005842173728466404,0.014463656196022936,1.3736649447197489,0.07056637629697182,0.36490492381647655,0.2,1.5241278039394457,draw:3.0-4.0,draw:sportsbook,sportsbook:3.0-4.0,0.5229875660006049,0.26564332533864243,0.21136910866075256,1.0196354330334059,0.5229875660006049,-0.2573442406619625,0.3116184573398524,0.013668277146627062,9.86301369863014,home,3.1361739419847505,3.1361739419847505,0.6163274262172993,0.11,0.2611174589649723,0.2541881797302718,0.2611174589649723,0.0,,,0.0,lower_clv,True,0.2545153929390004,3.9290354443892896,0.5284899030463697,True,home,False,-0.11
2022-02,data\historical_csv\football-data\2122\SP2.csv:284,data\historical_csv\football-data\2122\SP2.csv,284,2022-02-06,SP2,Fuenlabrada,Valladolid,home,0.2701310785941815,0.25935151130725165,3.94,4.0,2.184495455057145,0.008779567286929862,5,0.0,WH,3.0-4.0,sportsbook,0.25380710659898476,1.064316449661075,0.010779567286929859,0.03250113734643404,1.3711807233098425,0.07297079962245587,0.37039852773523774,0.2,1.522842639593902,home:3.0-4.0,home:sportsbook,sportsbook:3.0-4.0,0.2701310785941815,0.286502659115041,0.44336626229077747,1.0723069454416747,0.44336626229077747,-0.17323518369659596,0.17323518369659596,0.008779567286929862,14.28571428571428,away,6.055110047999817,6.055110047999817,0.7915955384067735,0.21,0.2691754062131975,0.2588132874917302,0.2691754062131975,0.0,,,0.0,lower_clv,True,0.2481342340157285,4.030076720234471,-2.235111797802969,False,draw,False,-0.21
2022-02,data\historical_csv\football-data\2122\B1.csv:235,data\historical_csv\football-data\2122\B1.csv,235,2022-02-12,B1,Eupen,Gent,away,0.5487808885282728,0.5413274488873124,1.98,2.0,7.182834879687872,0.005453439640960315,5,0.0,WH,1.5-2.0,sportsbook,0.5050505050505051,1.08658615928598,0.0074534396409603465,0.009937371644966383,0.6830968447064438,0.30116046361388055,0.3748704933888618,0.2,1.0101010101010166,away:1.5-2.0,away:sportsbook,sportsbook:1.5-2.0,0.2061899695591947,0.24502914191253244,0.5487808885282728,0.9994680744697002,0.5487808885282728,0.0,0.3425909189690781,0.014666746370665978,14.28571428571428,away,8.177425785783054,8.177425785783054,0.7783322178377405,0.83,0.5463506352817326,0.5520093735076086,0.5463506352817326,0.0,,,0.0,lower_clv,True,0.6164081927458258,1.6223016043077598,22.04882216367352,True,away,True,0.81
2022-02,data\historical_csv\football-data\2122\I2.csv:216,data\historical_csv\football-data\2122\I2.csv,216,2022-02-12,I2,Vicenza,Cosenza,draw,0.28816508451836736,0.28253153021143596,3.646,3.7,3.0109959150895538,0.0036335543069313963,5,0.0,PS,3.0-4.0,sportsbook,0.27427317608337903,1.0506498981539674,0.00563355430693141,0.012609280242970578,1.2936306762564713,0.0830391159354778,0.37277919315899877,0.2,1.4810751508502529,draw:3.0-4.0,draw:sportsbook,sportsbook:3.0-4.0,0.43693220108479175,0.28816508451836736,0.27490271439684083,1.075303509548859,0.43693220108479175,-0.14876711656642438,0.16202948668795092,0.011533778063386332,12.121212121212132,home,3.71171556210493,3.71171556210493,0.6027584777567209,0.14,0.2844534162427453,0.27745259505481,0.2844534162427453,0.0,,,0.0,lower_clv,True,0.27431684790953287,3.645419549038383,0.015922747815677596,True,draw,True,0.37
2022-02,data\historical_csv\football-data\2122\B1.csv:236,data\historical_csv\football-data\2122\B1.csv,236,2022-02-12,B1,Mechelen,Oostende,home,0.5235819655100769,0.5080483258930739,1.931,1.95,-1.8958682700474294,0.013533639617002971,5,0.0,WH,1.5-2.0,sportsbook,0.5178663904712584,1.0110367753999585,0.015533639617002937,0.025848177570093375,0.6580380034463774,0.2741380746073953,0.344536831224781,0.2,0.9839461418953865,home:1.5-2.0,home:sportsbook,sportsbook:1.5-2.0,0.5235819655100769,0.24080615001038855,0.2356118844795346,1.0222340505857184,0.5235819655100769,0.0,0.2879700810305422,0.0169657785961257,6.557377049180313,home,1.0180518692570844,1.0180518692570844,0.526289173972502,0.11,0.5231385389397052,0.5253223428167229,0.5231385389397052,0.0,,,0.0,lower_clv,True,0.5205294478434811,1.921120897468786,0.5142363785761939,True,home,True,0.1
2022-02,data\historical_csv\football-data\2122\B1.csv:240,data\historical_csv\football-data\2122\B1.csv,240,2022-02-13,B1,St. Gilloise,St Truiden,home,0.6812181510308626,0.6642446755720056,1.6076000000000001,1.62,6.783974044955632,0.014973475458856913,5,0.0,WH,1.5-2.0,sportsbook,0.6220452848967404,1.0951262995972149,0.016973475458856968,0.021980441120363715,0.4747423835929091,0.4640581692939071,0.32340312876714605,0.2,0.771336153271962,home:1.5-2.0,home:sportsbook,sportsbook:1.5-2.0,0.6812181510308626,0.20140362726129854,0.11737822170783885,0.8357048231648554,0.6812181510308626,0.0,0.5638399293230237,0.014973475458856913,10.95890410958904,home,9.743581153859388,9.743581153859388,0.8890395767559077,1.6,0.6826547720444102,0.691292733943027,0.6826547720444102,0.0,,,0.0,lower_clv,True,0.6490116865650626,1.5408043039911443,4.335118732199472,True,away,False,-1.6
2022-02,data\historical_csv\football-data\2122\B1.csv:239,data\historical_csv\football-data\2122\B1.csv,239,2022-02-13,B1,Genk,Standard,home,0.5631690651038209,0.5510857689691911,1.8623999999999998,1.88,2.634213612822145,0.010083296134629818,5,0.0,WH,1.5-2.0,sportsbook,0.5369415807560138,1.048846066849356,0.012083296134629773,0.017904563228754316,0.6218659785549815,0.3171593958899117,0.3502156817626817,0.2,0.9450171821305808,home:1.5-2.0,home:sportsbook,sportsbook:1.5-2.0,0.5631690651038209,0.2336537558747004,0.20317717902147864,0.9868692823022986,0.5631690651038209,0.0,0.3599918860823423,0.018296384646039804,9.302325581395344,home,4.975753849780448,4.975753849780448,0.7158701346951125,0.58,0.5636584721315531,0.5672328745097021,0.5636584721315531,0.0,,,0.0,lower_clv,True,0.5681843436959425,1.7599921770022209,5.818652169932315,True,home,True,0.5
2022-02,data\historical_csv\football-data\2122\T1.csv:247,data\historical_csv\football-data\2122\T1.csv,247,2022-02-13,T1,Trabzonspor,Konyaspor,away,0.24089651973404522,0.2301125271168716,4.537800000000001,4.61,4.420462555094007,0.00878399261717361,5,0.0,PS,4.0-5.0,sportsbook,0.22037110494072013,1.0931402272491506,0.01078399261717361,0.03646375890723254,1.512442313107902,0.05803113321997524,0.3643420895262027,0.2,1.591079377672,away:4.0-5.0,away:sportsbook,sportsbook:4.0-5.0,0.4748607655189093,0.2842427147470455,0.24089651973404522,1.0540904809733949,0.4748607655189093,-0.2339642457848641,0.2339642457848641,0.009441661697252452,15.250000000000007,home,4.820185850933262,4.820185850933262,0.7320293943022859,0.14,0.23099340176061803,0.2287878484026735,0.23099340176061803,0.0,,,0.0,lower_clv,True,0.2211887510767498,4.521025572647735,0.3710314636075296,True,home,False,-0.14
2022-02,data\historical_csv\football-data\2122\B1.csv:241,data\historical_csv\football-data\2122\B1.csv,241,2022-02-13,B1,Club Brugge,Charleroi,draw,0.23314277042089387,0.2250482332872087,4.6064,4.68,3.6662181814198114,0.006094537133685187,5,0.0,PS,4.0-5.0,sportsbook,0.21708926710663426,1.0739488576668055,0.008094537133685187,0.02614079399795536,1.5274466408757743,0.05435555139952963,0.3561131415238662,0.2,1.5977770059048213,draw:4.0-5.0,draw:sportsbook,sportsbook:4.0-5.0,0.5592961966136106,0.23314277042089387,0.20756103296549547,0.9908282296673736,0.5592961966136106,-0.32615342619271676,0.3517351636481152,0.015089688409223048,11.42857142857141,home,4.706888542930985,4.706888542930985,0.6450988605409388,0.13,0.22730741694800924,0.22086808402557742,0.22730741694800924,0.0,,,0.0,lower_clv,True,0.1997959775453074,5.0051057698257795,-7.965980903529601,False,home,False,-0.13
2022-02,data\historical_csv\football-data\2122\G1.csv:150,data\historical_csv\football-data\2122\G1.csv,150,2022-02-13,G1,Panathinaikos,Lamia,draw,0.22408006750908355,0.21791294030393316,4.675,4.75,1.8742995920887573,0.004167127205150378,5,0.0,BW,4.0-5.0,sportsbook,0.21390374331550802,1.0475743156049655,0.006167127205150391,0.018596599204351163,1.5422291627406504,0.05021187665487544,0.3455828149014023,0.2,1.6042780748663166,draw:4.0-5.0,draw:sportsbook,sportsbook:4.0-5.0,0.6762378765669073,0.22408006750908355,0.09968205592400917,0.8295633031497411,0.6762378765669073,-0.4521578090578237,0.5765558206428981,0.004167127205150378,3.0368763557483636,home,4.096890060670342,4.096890060670342,0.7820764646203733,0.11,0.22266714451480285,0.21163661233240494,0.22266714451480285,0.0,,,0.0,lower_clv,True,0.23340336752290852,4.284428329432094,9.116074316959732,True,home,False,-0.11
2022-02,data\historical_csv\football-data\2122\SP2.csv:299,data\historical_csv\football-data\2122\SP2.csv,299,2022-02-18,SP2,Cartagena,Valladolid,away,0.471618301895688,0.4550706829437315,2.4210000000000003,2.45,10.17261234067741,0.014547618951956496,5,0.0,WH,2.0-3.0,sportsbook,0.41305245766212306,1.1417879088894607,0.0165476189519565,0.030846171349758436,0.8841806779559216,0.22242382268297228,0.4169957899065499,0.2,1.1978521272201448,away:2.0-3.0,away:sportsbook,sportsbook:2.0-3.0,0.25745007032042644,0.27093162778388563,0.471618301895688,1.057609548677693,0.471618301895688,0.0,0.21416823157526155,0.014547618951956496,20.098039215686292,away,10.846518872525772,10.846518872525772,0.9140953482790543,0.76,0.45785427043587673,0.4702532359290259,0.45785427043587673,0.0,,,0.0,lower_clv,True,0.4300016122003845,2.325572676071715,4.103390313713096,True,away,True,1.08
2022-02,data\historical_csv\football-data\2122\SP2.csv:300,data\historical_csv\football-data\2122\SP2.csv,300,2022-02-19,SP2,Zaragoza,Las Palmas,home,0.3794501867216367,0.37131356152285194,2.8326000000000002,2.87,5.178279436963051,0.0061366251987847705,5,0.0,WH,2.0-3.0,sportsbook,0.35303254960107316,1.0748305989077083,0.008136625198784775,0.016172413174450687,1.041195017798159,0.14398244420308498,0.39508164391714934,0.2,1.3203417355080127,home:2.0-3.0,home:sportsbook,sportsbook:2.0-3.0,0.3794501867216367,0.3106979180874614,0.30985189519090184,1.093926101547956,0.3794501867216367,0.0,0.06959829153073488,0.006594483356470222,13.438735177865624,home,6.613225658852507,6.613225658852507,0.8008337803905022,0.36,0.3763793887553926,0.3728502705325325,0.3763793887553926,0.0,,,0.0,lower_clv,True,0.3925170703102567,2.5476598997581723,11.184385336083324,True,home,True,0.66
2022-02,data\historical_csv\football-data\2122\I2.csv:232,data\historical_csv\football-data\2122\I2.csv,232,2022-02-19,I2,Ascoli,Alessandria,draw,0.3208522091227121,0.30977385240619226,3.205,3.25,-0.7174803038153765,0.009078356716519872,5,0.0,WH,3.0-4.0,sportsbook,0.31201248049922,1.0283313302382924,0.011078356716519855,0.028294512109928446,1.1647120903726333,0.10294614009892458,0.37370044718799134,0.2,1.4040561622464809,draw:3.0-4.0,draw:sportsbook,sportsbook:3.0-4.0,0.4158507098275497,0.3208522091227121,0.26329708104973826,1.0809787782015805,0.4158507098275497,-0.09499850070483756,0.15255362877781142,0.009078356716519872,3.833865814696491,home,2.3285805445575165,2.3285805445575165,0.6086599929108174,0.11,0.3192779424167161,0.31143254768877776,0.3192779424167161,0.0,,,0.0,lower_clv,True,0.31778423369625863,3.1467892172265852,1.8498468996508866,True,home,False,-0.11
2022-02,data\historical_csv\football-data\2122\SP2.csv:304,data\historical_csv\football-data\2122\SP2.csv,304,2022-02-20,SP2,Fuenlabrada,Alcorcon,away,0.23763687025040894,0.2254549079556142,4.5868,4.66,3.4116571810811402,0.010181962294794742,5,0.0,PS,4.0-5.0,sportsbook,0.21801691811284554,1.0899927964645757,0.012181962294794735,0.042846727799711964,1.5231826131820123,0.056471282102409696,0.3619643490164127,0.2,1.595883840586021,away:4.0-5.0,away:sportsbook,sportsbook:4.0-5.0,0.45343519842405955,0.3089279313255316,0.23763687025040894,1.0629914886630485,0.45343519842405955,-0.2157983281736506,0.2157983281736506,0.010181962294794742,16.500000000000004,home,5.047435055255701,5.047435055255701,0.7462187703524619,0.14,0.22902118046406145,0.22545603713964088,0.22902118046406145,0.0,,,0.0,lower_clv,True,0.21423005077730373,4.667879209156886,-1.7369603094663177,False,draw,False,-0.14
2022-02,data\historical_csv\football-data\2122\G1.csv:162,data\historical_csv\football-data\2122\G1.csv,162,2022-02-20,G1,AEK,Giannina,draw,0.2515139418766103,0.2477002236817007,4.2144,4.28,4.390782268415938,0.0018137181949096093,5,0.0,PS,4.0-5.0,sportsbook,0.23728170083523156,1.0599803566447865,0.00381371819490961,0.007211203408355778,1.438507232566825,0.0632592629583109,0.36180462448089595,0.2,1.5565679574791158,draw:4.0-5.0,draw:sportsbook,sportsbook:4.0-5.0,0.5781844550110454,0.2515139418766103,0.1703016031123443,0.9653845485324881,0.5781844550110454,-0.3266705131344351,0.4078828518987011,0.0039848948189615254,12.631578947368439,home,4.430525307011443,4.430525307011443,0.7010211699345752,0.14,0.2477945266396437,0.23966336621342899,0.2477945266396437,0.0,,,0.0,lower_clv,True,0.2011690033990145,4.970944743492718,-15.219335207519325,False,home,False,-0.14
2022-02,data\historical_csv\football-data\2122\SP2.csv:310,data\historical_csv\football-data\2122\SP2.csv,310,2022-02-25,SP2,Almeria,Fuenlabrada,draw,0.24860310762622834,0.24227665453241165,4.136,4.2,0.20562431460546815,0.004326453093816689,4,0.0,B365,4.0-5.0,sportsbook,0.24177949709864602,1.0282224531420805,0.006326453093816686,0.017403053144136302,1.419729137206128,0.06180350512141807,0.3529490754969473,0.25,1.547388781431347,draw:4.0-5.0,draw:sportsbook,sportsbook:4.0-5.0,0.5824192310063369,0.24860310762622834,0.16897766136743492,0.9613057635351415,0.5824192310063369,-0.3338161233801085,0.41344156963890194,0.009910329499446056,5.793450881612094,home,4.72329723294051,4.72329723294051,0.5719746697353105,0.15,0.2531994613949239,0.23667833425574522,0.2531994613949239,0.0,,,0.0,lower_clv,True,0.23848320813079985,4.193167342211928,-1.363345117101178,False,home,False,-0.15
2022-02,data\historical_csv\football-data\2122\B1.csv:253,data\historical_csv\football-data\2122\B1.csv,253,2022-02-25,B1,Beerschot VA,Charleroi,home,0.2484126772511662,0.2393900149402158,4.038,4.1,-3.334311967140846,0.007022662310950379,4,0.0,BW,4.0-5.0,sportsbook,0.24764735017335313,1.0030903907402091,0.009022662310950391,0.028270144618464357,1.3957495198906458,0.06170885821909206,0.3467218750080652,0.25,1.535413571074784,home:4.0-5.0,home:sportsbook,sportsbook:4.0-5.0,0.2484126772511662,0.25691944150640644,0.49466788124242744,1.043288245019151,0.49466788124242744,-0.24625520399126125,0.24625520399126125,0.012234528537469596,2.499999999999991,away,2.971234301361869,2.971234301361869,0.5245509760257697,0.1,0.2550055331881176,0.23648313906814444,0.2550055331881176,0.0,,,0.0,lower_clv,True,0.27745448418982716,3.6041947670084364,12.036120715852206,True,away,False,-0.1
2022-02,data\historical_csv\football-data\2122\E0.csv:250,data\historical_csv\football-data\2122\E0.csv,250,2022-02-25,E0,Southampton,Norwich,home,0.6211318326460751,0.6161250322819855,1.6174,1.63,-0.3479372787116741,0.0030068003640896313,5,0.0,IW,1.5-2.0,sportsbook,0.6182762458266353,1.0046186261217618,0.005006800364089625,0.004840840874763096,0.4808199216795847,0.3858047535262718,0.29865255912558275,0.2,0.7790280697415497,home:1.5-2.0,home:sportsbook,sportsbook:1.5-2.0,0.6211318326460751,0.22218591851986697,0.1566822488340581,0.9204276041239042,0.6211318326460751,0.0,0.46444958381201695,0.011160891643645438,4.487179487179471,home,1.7454631263876563,1.7454631263876563,0.4855893546041134,0.28,0.6290680297167532,0.6283818173551109,0.6290680297167532,0.0,,,0.0,lower_clv,True,0.6381144232455567,1.5671170617235586,3.2086268157363262,True,home,True,0.17
2022-02,data\historical_csv\football-data\2122\I2.csv:256,data\historical_csv\football-data\2122\I2.csv,256,2022-02-26,I2,Vicenza,Pordenone,home,0.48432157340896437,0.4764615677530101,2.274,2.3,8.347360507034484,0.005860005655954303,5,0.0,WH,2.0-3.0,sportsbook,0.4397537379067722,1.101347257931985,0.007860005655954294,0.012099410758657399,0.8215403953283443,0.23456738646933487,0.39788973688444634,0.2,1.1433597185575906,home:2.0-3.0,home:sportsbook,sportsbook:2.0-3.0,0.48432157340896437,0.2875659342115726,0.22811249237946296,1.046661643908015,0.48432157340896437,0.0,0.2562090810295014,0.005860005655954303,14.999999999999991,home,9.355465335700993,9.355465335700993,0.8968763238884764,0.73,0.4808947464190897,0.48371463950798965,0.4808947464190897,0.0,,,0.0,lower_clv,True,0.4514761158573048,2.2149565943285996,2.665668745951111,True,home,True,0.93
2022-02,data\historical_csv\football-data\2122\I2.csv:252,data\historical_csv\football-data\2122\I2.csv,252,2022-02-26,I2,Como,Brescia,away,0.3988314743557221,0.3856239834137213,2.6660000000000004,2.7,2.807353978098104,0.011207490942000771,5,0.0,WH,2.0-3.0,sportsbook,0.3750937734433608,1.0632847106323553,0.013207490942000799,0.028100818673113773,0.980579221756517,0.159066544936759,0.39108585673573826,0.2,1.275318829707417,away:2.0-3.0,away:sportsbook,sportsbook:2.0-3.0,0.3052613027351938,0.2959072229090841,0.3988314743557221,1.0891605167247862,0.3988314743557221,0.0,0.09357017162052828,0.011207490942000771,10.20408163265305,away,3.98889636262753,3.98889636262753,0.689745353479713,0.24,0.39005587532868535,0.39327189529945655,0.39005587532868535,0.0,,,0.0,lower_clv,True,0.42741164134370496,2.3396648646634444,13.947943582231748,True,draw,False,-0.24
2022-02,data\historical_csv\football-data\2122\I2.csv:254,data\historical_csv\football-data\2122\I2.csv,254,2022-02-26,I2,Parma,Spal,home,0.4780212498990455,0.4681725610155291,2.176,2.2,1.874349276979137,0.007848688883516362,5,0.0,WH,2.0-3.0,sportsbook,0.45955882352941174,1.040174239780323,0.009848688883516366,0.016419121294657814,0.7774883289936962,0.2285043153550457,0.371655942807487,0.2,1.1029411764705843,home:2.0-3.0,home:sportsbook,sportsbook:2.0-3.0,0.4780212498990455,0.2816195493445994,0.2403592007563551,1.0523564013433733,0.4780212498990455,0.0,0.23766204914269037,0.01443106084529368,7.317073170731736,home,3.753350124341303,3.753350124341303,0.6787585415096465,0.32,0.4768076752037743,0.47703790751810077,0.4768076752037743,0.0,,,0.0,lower_clv,True,0.5365463125900781,1.863772010980161,16.752477619601013,True,home,True,0.38
2022-02,data\historical_csv\football-data\2122\SP2.csv:312,data\historical_csv\football-data\2122\SP2.csv,312,2022-02-26,SP2,Mirandes,Tenerife,draw,0.31134274854750515,0.30220091745388394,3.156,3.2,-4.625390451554223,0.007141831093621231,4,0.0,B365,3.0-4.0,sportsbook,0.3168567807351077,0.9825977144159264,0.009141831093621211,0.022938806594788957,1.1493054029836278,0.09693430707311503,0.35782790308542073,0.25,1.3941698352344822,draw:3.0-4.0,draw:sportsbook,sportsbook:3.0-4.0,0.3140178251512427,0.31134274854750515,0.37463942630125224,1.0948399674240812,0.37463942630125224,-0.06329667775374709,0.06062160115000953,0.007545127952934459,6.312292358803995,away,2.7159067288375565,2.7159067288375565,0.4238081968756327,0.13,0.32546231536387055,0.3015230612518678,0.32546231536387055,0.0,,,0.0,lower_clv,True,0.3136439267886855,3.1883289124668437,-1.0139767054908488,False,home,False,-0.13
2022-02,data\historical_csv\football-data\2122\SP2.csv:311,data\historical_csv\football-data\2122\SP2.csv,311,2022-02-26,SP2,Ibiza,Huesca,home,0.39740786743697626,0.38012988896058736,2.5484,2.58,-3.1276990972839203,0.015277978476388912,4,0.0,PS,2.0-3.0,sportsbook,0.3924030764401193,1.0127542093763904,0.0172779784763889,0.03844407654765869,0.9354657112601961,0.1579330131008053,0.3717614333723287,0.25,1.2399937215507695,home:2.0-3.0,home:sportsbook,sportsbook:2.0-3.0,0.39740786743697626,0.30790297637719943,0.29468915618582425,1.089486787115526,0.39740786743697626,0.0,0.102718711251152,0.015277978476388912,7.500000000000018,home,2.37912206202132,2.37912206202132,0.4559993861873682,0.15,0.40173882460375654,0.39177042935470413,0.40173882460375654,0.0,,,0.0,lower_clv,True,0.37409200530349734,2.6731391898864807,-4.666393368456734,False,home,True,0.23
2022-02,data\historical_csv\football-data\2122\I2.csv:257,data\historical_csv\football-data\2122\I2.csv,257,2022-02-26,I2,Perugia,Benevento,home,0.39163578332602766,0.38898383701356487,2.5288,2.56,-1.6337672960097138,0.0006519463124627766,4,0.0,PS,2.0-3.0,sportsbook,0.39544447959506485,0.9903685688748587,0.002651946312462794,0.0016646750379294287,0.9277448819192708,0.1533785867813913,0.3633380935571667,0.25,1.2337867763366095,home:2.0-3.0,home:sportsbook,sportsbook:2.0-3.0,0.39163578332602766,0.30413831702168914,0.30422589965228325,1.0911601070150145,0.39163578332602766,0.0,0.08740988367374442,0.007656290743935443,4.489795918367334,home,1.8201605455715195,1.8201605455715195,0.36683267486840154,0.12,0.4026422039922949,0.385684912195588,0.4026422039922949,0.0,,,0.0,lower_clv,True,0.3745698266099507,2.669729190550434,-5.278782246875668,False,away,False,-0.12
2022-02,data\historical_csv\football-data\2122\I2.csv:261,data\historical_csv\football-data\2122\I2.csv,261,2022-02-27,I2,Reggina,Pisa,home,0.28092882484091436,0.27391909987456053,3.6656,3.72,0.4077852500188994,0.0050097249663538035,4,0.0,PS,3.0-4.0,sportsbook,0.2728066346573549,1.0297727003368558,0.007009724966353825,0.017832719619251366,1.298992032717094,0.07892100462649713,0.36492430522892383,0.25,1.4840680925360061,home:3.0-4.0,home:sportsbook,sportsbook:3.0-4.0,0.28092882484091436,0.30073150920181235,0.41833966595727323,1.082589491451735,0.41833966595727323,-0.13741084111635887,0.13741084111635887,0.007116986236562295,9.411764705882364,away,5.115336828394316,5.115336828394316,0.5969591055564133,0.19,0.2867616129102857,0.2699634899185117,0.2867616129102857,0.0,,,0.0,lower_clv,True,0.2465832531280077,4.055425448868072,-9.612442733397497,False,home,True,0.51
2022-02,data\historical_csv\football-data\2122\B1.csv:260,data\historical_csv\football-data\2122\B1.csv,260,2022-02-27,B1,Standard,Gent,draw,0.2543739612615732,0.24862115535516963,3.842,3.9,-4.479752112543823,0.0037528059064035725,4,0.0,BW,3.0-4.0,sportsbook,0.2602811035918792,0.9773047591669642,0.005752805906403563,0.014753105576496313,1.345993064346365,0.06470611216790434,0.3423855876083884,0.25,1.5096304008328953,draw:3.0-4.0,draw:sportsbook,sportsbook:3.0-4.0,0.2046449894861084,0.2543739612615732,0.5409810492523184,1.0052531575206236,0.5409810492523184,-0.2866070879907452,0.33633605976620995,0.008053322485981472,1.5625,away,3.085192444078499,3.085192444078499,0.5189263314785417,0.11,0.26831127653326003,0.24259875626823427,0.26831127653326003,0.0,,,0.0,lower_clv,True,0.24735384688900366,4.042791379948641,-4.966652025244789,False,away,False,-0.11
2022-02,data\historical_csv\football-data\2122\I2.csv:259,data\historical_csv\football-data\2122\I2.csv,259,2022-02-27,I2,Cittadella,Frosinone,home,0.3460404380791912,0.3396409782754183,2.8718000000000004,2.91,-2.4619038588653663,0.004399459803772912,4,0.0,PS,2.0-3.0,sportsbook,0.3482136639041716,0.9937589300758215,0.006399459803772933,0.01271371585411673,1.0549390108781396,0.11974398478603857,0.3650515574711001,0.25,1.3301761961139302,home:2.0-3.0,home:sportsbook,sportsbook:2.0-3.0,0.3460404380791912,0.30139005897219884,0.35256950294861,1.0962465003089092,0.35256950294861,-0.006529064869418788,0.006529064869418788,0.004399459803772912,3.928571428571437,away,2.0529320805114506,2.0529320805114506,0.41475784746752714,0.11,0.35536225391918463,0.3377640790884943,0.35536225391918463,0.0,,,0.0,lower_clv,True,0.29378196861603745,3.40388487663436,-15.631694252846351,False,home,True,0.21
2022-03,data\historical_csv\football-data\2122\I2.csv:274,data\historical_csv\football-data\2122\I2.csv,274,2022-03-05,I2,Parma,Reggina,home,0.5693915641277388,0.5562253432573707,1.882,1.9,4.681609601037162,0.011166220870368171,5,0.0,WH,1.5-2.0,sportsbook,0.5313496280552604,1.0715949236884044,0.013166220870368117,0.019610794352870164,0.6323350411631878,0.32420675329983295,0.36004623814068565,0.2,0.9564293304994642,home:1.5-2.0,home:sportsbook,sportsbook:1.5-2.0,0.5693915641277388,0.2626246952321117,0.16798374064014954,0.97147498190717,0.5693915641277388,0.0,0.4014078234875893,0.01383250156539345,11.764705882352944,home,7.053275878030725,4.962926766832231,0.8340413501693728,0.56,0.5577201209714784,0.5815054976664074,0.580786036786343,0.969751966122202,,,0.0,lower_clv,True,0.6252194470328447,1.599438412777757,17.666299931581374,True,draw,False,-0.56
2022-03,data\historical_csv\football-data\2122\F2.csv:263,data\historical_csv\football-data\2122\F2.csv,263,2022-03-05,F2,Bastia,Valenciennes,away,0.23989148264230206,0.22453140077985537,4.675,4.75,4.968429864582391,0.013360081862446692,5,0.0,B365,4.0-5.0,sportsbook,0.21390374331550802,1.1214926813527621,0.015360081862446695,0.0556921892986408,1.5422291627406504,0.05754792344432191,0.3699676404240508,0.2,1.6042780748663166,away:4.0-5.0,away:sportsbook,sportsbook:4.0-5.0,0.46778839115248894,0.29232012620520903,0.23989148264230206,1.057384953919096,0.46778839115248894,-0.22789690851018687,0.22789690851018687,0.013360081862446692,10.465116279069765,home,5.966617265730188,3.876268154531694,0.7640036302785114,0.11,0.2221952259989983,0.22272061991435121,0.22270472778140044,0.969751966122202,,,0.0,lower_clv,True,0.20613068724501474,4.851291252967891,-3.6339037129556107,False,draw,False,-0.11
2022-03,data\historical_csv\football-data\2122\F2.csv:272,data\historical_csv\football-data\2122\F2.csv,272,2022-03-12,F2,Ajaccio,Bastia,draw,0.3304886393849185,0.32149396622795184,3.205,3.25,3.0388161760585675,0.006994673156966671,5,0.0,B365,3.0-4.0,sportsbook,0.31201248049922,1.059216089228664,0.00899467315696667,0.021164640242958575,1.1647120903726333,0.10922274076249472,0.38492411402241583,0.2,1.4040561622464809,draw:3.0-4.0,draw:sportsbook,sportsbook:3.0-4.0,0.4378794680800059,0.3304886393849185,0.2316318925350756,1.0663035008150092,0.4378794680800059,-0.10739082869508737,0.20624757554493028,0.006994673156966671,12.068965517241391,home,4.555210957500791,2.464861846302297,0.7252028366804347,0.11,0.3197031570867466,0.31931137612837707,0.31932322673207847,0.969751966122202,,,0.0,lower_clv,True,0.32058441360245404,3.119303239863889,2.7473045595865164,True,away,False,-0.11
2022-03,data\historical_csv\football-data\2122\SP2.csv:342,data\historical_csv\football-data\2122\SP2.csv,342,2022-03-13,SP2,Oviedo,Valladolid,away,0.38984857447848315,0.3784821604571512,2.8423999999999996,2.88,7.579769288340654,0.009366414021331936,5,0.0,WH,2.0-3.0,sportsbook,0.3518153672952435,1.1081055880976403,0.011366414021331928,0.024025774709736422,1.0446487657246801,0.15198191102290542,0.40725483214847347,0.2,1.3228257810301347,away:2.0-3.0,away:sportsbook,sportsbook:2.0-3.0,0.31349285213721945,0.29665857338429746,0.38984857447848315,1.0913727833670623,0.38984857447848315,0.0,0.0763557223412637,0.009366414021331936,19.999999999999996,away,8.122163157739136,6.031814046540642,0.8503777064262346,0.33,0.3730362160376466,0.3840056088833416,0.38367380631692616,0.969751966122202,,,0.0,lower_clv,True,0.39661591552842856,2.521330992649795,12.73410782980051,True,home,False,-0.33
2022-03,data\historical_csv\football-data\2122\SP2.csv:340,data\historical_csv\football-data\2122\SP2.csv,340,2022-03-13,SP2,Sp Gijon,Tenerife,home,0.3700701946201881,0.3583544469822608,2.8423999999999996,2.88,1.8586680102377962,0.009715747637927263,5,0.0,WH,2.0-3.0,sportsbook,0.3518153672952435,1.0518875211884224,0.011715747637927265,0.02625379665579058,1.0446487657246801,0.1369519489462239,0.38659337204147165,0.2,1.3228257810301347,home:2.0-3.0,home:sportsbook,sportsbook:2.0-3.0,0.3700701946201881,0.31902602984498973,0.31090377553482224,1.0955747321872091,0.3700701946201881,0.0,0.05916641908536585,0.01087890093909088,9.505703422053235,home,4.080279668963221,1.9899305577647266,0.673771270627241,0.11,0.3588162487959638,0.36236453249421424,0.36225720388870153,0.969751966122202,,,0.0,lower_clv,True,0.3764382175954124,2.656478416000732,6.998798969320008,True,away,False,-0.11
2022-03,data\historical_csv\football-data\2122\I2.csv:295,data\historical_csv\football-data\2122\I2.csv,295,2022-03-15,I2,Crotone,Frosinone,home,0.2980209107857554,0.2764918053676389,3.7439999999999998,3.8,3.5185319296439976,0.01952910541811649,5,0.0,WH,3.0-4.0,sportsbook,0.2670940170940171,1.1157902899818681,0.02152910541811648,0.06552931257953169,1.3201545586153456,0.08881646326557116,0.3934336639365122,0.2,1.4957264957264904,home:3.0-4.0,home:sportsbook,sportsbook:3.0-4.0,0.2980209107857554,0.2951197677105399,0.4068593215037048,1.0868217381338268,0.4068593215037048,-0.10883841071794942,0.10883841071794942,0.01952910541811649,13.772455089820369,away,8.013194781840024,5.9228456706415304,0.8418687477002154,0.22,0.2829135835220127,0.28432928809434876,0.2842864658144838,0.969751966122202,,,0.0,lower_clv,True,0.3129892781624392,3.194997623787634,17.183185744017226,True,home,True,0.6
2022-03,data\historical_csv\football-data\2122\I2.csv:292,data\historical_csv\football-data\2122\I2.csv,292,2022-03-15,I2,Cittadella,Reggina,home,0.5396805484843955,0.5319979241675219,1.931,1.95,2.728799156748485,0.0056826243168735914,5,0.0,WH,1.5-2.0,sportsbook,0.5178663904712584,1.0421231391233678,0.00768262431687361,0.010529607436903761,0.6580380034463774,0.291255094412418,0.3551303106235175,0.2,0.9839461418953865,home:1.5-2.0,home:sportsbook,sportsbook:1.5-2.0,0.5396805484843955,0.2801930083232624,0.18012644319234217,0.9981000921193957,0.5396805484843955,0.0,0.35955410529205334,0.009682160519417211,8.333333333333325,home,5.089942199320746,2.999593088122252,0.7462376979717475,0.32,0.5334002749255424,0.5489345673535466,0.5484646855499167,0.969751966122202,,,0.0,lower_clv,True,0.5570671942019942,1.7951155810431676,7.569675200405102,True,draw,False,-0.32
2022-03,data\historical_csv\football-data\2122\E1.csv:450,data\historical_csv\football-data\2122\E1.csv,450,2022-03-19,E1,Bristol City,West Brom,away,0.46404581266773987,0.4505516085471336,2.4210000000000003,2.45,9.07854442926106,0.011494204120606272,5,0.0,IW,2.0-3.0,sportsbook,0.41305245766212306,1.1234549124685984,0.013494204120606257,0.024769546037981826,0.8841806779559216,0.21533851625446312,0.4103003412471688,0.2,1.1978521272201448,away:2.0-3.0,away:sportsbook,sportsbook:2.0-3.0,0.26215283636782394,0.2738013509644362,0.46404581266773987,1.0619280792001549,0.46404581266773987,0.0,0.20189297629991593,0.011494204120606272,16.666666666666675,away,7.571547199606195,5.481198088407702,0.8735234179221428,0.39,0.43569268107562037,0.46563241574128916,0.46472679763282976,0.969751966122202,,,0.0,lower_clv,True,0.49909782885906323,2.003615207635742,20.831584366779232,True,draw,False,-0.39
2022-03,data\historical_csv\football-data\2122\I1.csv:293,data\historical_csv\football-data\2122\I1.csv,293,2022-03-20,I1,Empoli,Verona,home,0.35908745882189563,0.3513918061975577,3.058,3.1,7.455614335213134,0.0056956526243379345,5,0.0,BW,3.0-4.0,sportsbook,0.3270111183780249,1.0980894490773567,0.007695652624337912,0.015861463508150337,1.1177611075068705,0.12894380308316658,0.4013739956645898,0.2,1.373446697187708,home:3.0-4.0,home:sportsbook,sportsbook:3.0-4.0,0.35908745882189563,0.2770598233343534,0.3638527178437509,1.091243187181235,0.3638527178437509,-0.0047652590218552615,0.0047652590218552615,0.010976732306058116,14.814814814814813,away,8.44878993631343,6.358440825114936,0.8595177670983936,0.31,0.34780392683163813,0.35038086471357366,0.35030291740921987,0.969751966122202,,,0.0,lower_clv,True,0.36168373667842746,2.7648464627788853,10.6028866762631,True,draw,False,-0.31
2022-03,data\historical_csv\football-data\2122\SP2.csv:356,data\historical_csv\football-data\2122\SP2.csv,356,2022-03-26,SP2,Eibar,Lugo,home,0.5854352586387034,0.5744339290115107,1.784,1.8,2.479012935653513,0.00900132962719264,5,0.0,WH,1.5-2.0,sportsbook,0.5605381165919282,1.0444165014114468,0.01100132962719269,0.015375448428103197,0.5788580341578177,0.34273444205736553,0.3388839029422734,0.2,0.8968609865470878,home:1.5-2.0,home:sportsbook,sportsbook:1.5-2.0,0.5854352586387034,0.26546953638148585,0.14909520497981082,0.9492757510033851,0.5854352586387034,0.0,0.43634005365889256,0.00900132962719264,9.090909090909104,home,5.510341816650606,3.419992705452112,0.7702007348293816,0.44,0.5797084792906508,0.5990297819885544,0.5984453505699849,0.969751966122202,,,0.0,lower_clv,True,0.5788699606227742,1.727503702082166,3.270400975102916,True,home,True,0.34
2022-03,data\historical_csv\football-data\2122\SP2.csv:355,data\historical_csv\football-data\2122\SP2.csv,355,2022-03-26,SP2,Ibiza,Sociedad B,home,0.5433938829374321,0.5374648394779583,1.8918,1.91,1.6775983324401444,0.003929043459473773,5,0.0,WH,1.5-2.0,sportsbook,0.528597103287874,1.0279925477410339,0.0059290434594737595,0.007230562549277307,0.637528756796933,0.2952769120138196,0.3464292266401592,0.2,0.9620467279839229,home:1.5-2.0,home:sportsbook,sportsbook:1.5-2.0,0.5433938829374321,0.2685918335662164,0.18801428349635152,0.9987244697210999,0.5433938829374321,0.0,0.35537959944108055,0.00918634034805435,7.3033707865168385,home,4.112233655779006,2.021884544580512,0.6803741685713413,0.23,0.5392847264223518,0.5530124371338895,0.5525972008752222,0.969751966122202,,,0.0,lower_clv,True,0.5119559743061851,1.9532929591362298,-3.1481687807559,False,draw,False,-0.23
2022-03,data\historical_csv\football-data\2122\SP2.csv:359,data\historical_csv\football-data\2122\SP2.csv,359,2022-03-27,SP2,Mirandes,Ponferradina,home,0.43005259638776006,0.4143289447340609,2.519,2.55,4.369461178509937,0.013723651653699173,5,0.0,WH,2.0-3.0,sportsbook,0.39698292973402144,1.0833024903007675,0.015723651653699156,0.03191156562934721,0.9238619973704731,0.18494523565985366,0.3973092506731539,0.2,1.2306470821754623,home:2.0-3.0,home:sportsbook,sportsbook:2.0-3.0,0.43005259638776006,0.2845789711933232,0.28536843241891674,1.078386621404327,0.43005259638776006,0.0,0.14468416396884332,0.013723651653699173,15.909090909090896,home,6.368237994236046,4.277888883037551,0.7965759781151671,0.28,0.41396541835266987,0.4281759564773862,0.4277461156387681,0.969751966122202,,,0.0,lower_clv,True,0.45336439671680695,2.2057312114533945,14.202491532963668,True,home,True,0.43
2022-03,data\historical_csv\football-data\2122\SP2.csv:364,data\historical_csv\football-data\2122\SP2.csv,364,2022-03-28,SP2,Las Palmas,Leganes,home,0.4592355315878979,0.44523821312096107,2.274,2.3,1.2471696637065488,0.011997318466936847,5,0.0,WH,2.0-3.0,sportsbook,0.4397537379067722,1.04430159883088,0.013997318466936859,0.026124543162968552,0.8215403953283443,0.2108972734728192,0.37728054016954404,0.2,1.1433597185575906,home:2.0-3.0,home:sportsbook,sportsbook:2.0-3.0,0.4592355315878979,0.2990615570500505,0.24170291136205155,1.061601638815126,0.4592355315878979,0.0,0.21753262022584638,0.014425225613214855,12.195121951219523,home,4.017601608699546,1.9272524975010517,0.7045564128893419,0.15,0.4482289028034347,0.4603291221553308,0.45996311431044584,0.969751966122202,,,0.0,lower_clv,True,0.4586300803013643,2.1804064821542086,4.29248026053024,True,home,True,0.19
2022-04,data\historical_csv\football-data\2122\SP2.csv:380,data\historical_csv\football-data\2122\SP2.csv,380,2022-04-09,SP2,Las Palmas,Amorebieta,home,0.5975611521825509,0.5765138277172466,1.7644,1.78,1.7200997624309933,0.019047324465304362,5,0.0,WH,1.5-2.0,sportsbook,0.5667649059170257,1.0543368969108928,0.02104732446530433,0.03187510499257745,0.5678106892486476,0.3570793305977378,0.33930160968899026,0.2,0.8841532532305685,home:1.5-2.0,home:sportsbook,sportsbook:1.5-2.0,0.5975611521825509,0.25534687189559047,0.1470919759218587,0.9381964933197016,0.5975611521825509,0.0,0.4504691762606922,0.019047324465304362,11.250000000000004,home,5.666714002300655,3.5280875971473176,0.7957575283498959,0.46,0.5867608682676678,0.6191376971463458,0.6181475800552547,0.9694189602446484,,,0.0,lower_clv,True,0.5864492114507026,1.705177499559245,3.473098868361957,True,home,True,0.35
2022-04,data\historical_csv\football-data\2122\I2.csv:338,data\historical_csv\football-data\2122\I2.csv,338,2022-04-10,I2,Crotone,Ternana,home,0.38389455206379036,0.37485779653688756,2.8423999999999996,2.88,6.549580087644902,0.007036755526902778,5,0.0,WH,2.0-3.0,sportsbook,0.3518153672952435,1.0911818747861175,0.009036755526902807,0.01832991765335994,1.0446487657246801,0.14737502710425826,0.40103496998186755,0.2,1.3228257810301347,home:2.0-3.0,home:sportsbook,sportsbook:2.0-3.0,0.38389455206379036,0.29827067268859103,0.3178347752476186,1.0926796286650653,0.38389455206379036,0.0,0.06605977681617176,0.0083002590472802,12.941176470588234,home,8.086117215122671,5.947490809969334,0.8475812277858001,0.32,0.3727395539331879,0.3795083684228868,0.37930137103788075,0.9694189602446484,,,0.0,lower_clv,True,0.4325431998305062,2.311907805721727,22.94607911982307,True,away,False,-0.32
2022-04,data\historical_csv\football-data\2122\I2.csv:339,data\historical_csv\football-data\2122\I2.csv,339,2022-04-10,I2,Perugia,Pisa,home,0.3579563597658329,0.3489457540778616,3.058,3.1,6.707611597010077,0.0070106056879712985,5,0.0,WH,3.0-4.0,sportsbook,0.3270111183780249,1.094630548163917,0.009010605687971296,0.019585084876149374,1.1177611075068705,0.1281327554968064,0.40010969713098515,0.2,1.373446697187708,home:3.0-4.0,home:sportsbook,sportsbook:3.0-4.0,0.3579563597658329,0.31548696114954766,0.3265566790846195,1.09716859212111,0.3579563597658329,0.0,0.031399680681213404,0.007218623116959538,10.320284697508896,home,7.8141323602258534,5.675505955072516,0.8392584222752038,0.28,0.3455706538753189,0.3505076068196632,0.35035662966540193,0.9694189602446484,,,0.0,lower_clv,True,0.3805791671288551,2.627574198409614,16.38110930800387,True,draw,False,-0.28
2022-04,data\historical_csv\football-data\2122\I2.csv:336,data\historical_csv\football-data\2122\I2.csv,336,2022-04-10,I2,Ascoli,Reggina,home,0.4596956825843141,0.4471964030731303,2.274,2.3,1.6924620588298245,0.010499279511183785,5,0.0,WH,2.0-3.0,sportsbook,0.4397537379067722,1.0453479821967302,0.012499279511183792,0.0228396304532577,0.8215403953283443,0.21132012058665844,0.3776585728010505,0.2,1.1433597185575906,home:2.0-3.0,home:sportsbook,sportsbook:2.0-3.0,0.4596956825843141,0.29525143846562807,0.2450528789500578,1.062069902485955,0.4596956825843141,0.0,0.21464280363425628,0.010499279511183785,9.523809523809511,home,4.494447482537568,2.355821077384231,0.7287912572459622,0.18,0.450113549152965,0.46480908812782024,0.46435968326620386,0.9694189602446484,,,0.0,lower_clv,True,0.5472317538553442,1.8273793378304963,24.440500826705257,True,home,True,0.23
2022-04,data\historical_csv\football-data\2122\I2.csv:361,data\historical_csv\football-data\2122\I2.csv,361,2022-04-25,I2,Perugia,Parma,away,0.23922041422125348,0.22530152037823148,4.616200000000001,4.69,4.003687836999248,0.011918893843022006,4,0.0,PS,4.0-5.0,sportsbook,0.21662839565010178,1.1042892761281506,0.013918893843022001,0.0498238993600199,1.529571855823513,0.05722640658018809,0.3659048129312722,0.25,1.5987175598977332,away:4.0-5.0,away:sportsbook,sportsbook:4.0-5.0,0.4739026638237061,0.28687692195504044,0.23922041422125348,1.054285861588924,0.4739026638237061,-0.23468224960245263,0.23468224960245263,0.011918893843022006,11.66666666666667,home,7.399437675426078,5.260811270272741,0.749424647086783,0.15,0.22802480670307335,0.22071280430573564,0.22093641294173985,0.9694189602446484,,,0.0,lower_clv,True,0.24535803274675536,4.075676629801411,13.262175076557225,True,home,False,-0.15
2022-04,data\historical_csv\football-data\2122\SP2.csv:409,data\historical_csv\football-data\2122\SP2.csv,409,2022-04-29,SP2,Las Palmas,Malaga,home,0.5890645570319245,0.5829845136878523,1.8330000000000002,1.85,6.861061358983345,0.004080043344072175,5,0.0,WH,1.5-2.0,sportsbook,0.5455537370430987,1.0797553330395178,0.006080043344072195,0.006926309341424281,0.605953968857568,0.3469970523512174,0.3569460062468199,0.2,0.9274413529732684,home:1.5-2.0,home:sportsbook,sportsbook:1.5-2.0,0.5890645570319245,0.24431420773620444,0.1666212352318711,0.9546470982458366,0.5890645570319245,0.0,0.4224433218000534,0.006483184711322788,14.906832298136653,home,9.512783136283947,7.3741567311306095,0.8939854664453663,0.89,0.5857837246651969,0.6097470949004293,0.6090142701225935,0.9694189602446484,,,0.0,lower_clv,True,0.549552084144152,1.8196637386197079,0.7328970236230692,True,home,True,0.74
2022-04,data\historical_csv\football-data\2122\SP2.csv:410,data\historical_csv\football-data\2122\SP2.csv,410,2022-04-30,SP2,Oviedo,Mirandes,home,0.5605589059670222,0.5449196905116134,2.029,2.05,10.564205204806342,0.013639215455408771,5,0.0,WH,2.0-3.0,sportsbook,0.49285362247412523,1.1373740202070879,0.015639215455408806,0.02433145796137109,0.7075430608436777,0.31422628705894484,0.3966195641110902,0.2,1.0349926071956617,home:2.0-3.0,home:sportsbook,sportsbook:2.0-3.0,0.5605589059670222,0.2647083722622049,0.1747327217707731,0.9811150044292662,0.5605589059670222,0.0,0.3858261841962491,0.013639215455408771,20.58823529411764,home,12.96060551766924,10.821979112515903,0.9571376574831038,1.05,0.546190138553553,0.5780842248163741,0.5771088704964101,0.9694189602446484,,,0.0,lower_clv,True,0.45684719883275243,2.188915686809521,-7.305703356834536,False,home,True,1.08
2022-04,data\historical_csv\football-data\2122\SP2.csv:412,data\historical_csv\football-data\2122\SP2.csv,412,2022-04-30,SP2,Burgos,Almeria,away,0.47124924360836784,0.4639550268583929,2.274,2.3,5.5033731075985415,0.005294216749974914,5,0.0,WH,2.0-3.0,sportsbook,0.4397537379067722,1.0716207799654285,0.0072942167499749355,0.011234430233642302,0.8215403953283443,0.22207584960145882,0.38715028989220174,0.2,1.1433597185575906,away:2.0-3.0,away:sportsbook,sportsbook:2.0-3.0,0.2375360358929154,0.29121472049871683,0.47124924360836784,1.055265727293929,0.47124924360836784,0.0,0.23371320771545245,0.005294216749974914,12.745098039215685,away,6.6944745269312875,4.5558481217779505,0.8144284203841406,0.36,0.45978825031564624,0.47783421191709885,0.4772823476479413,0.9694189602446484,,,0.0,lower_clv,True,0.4897903107991644,2.0416900415370693,11.378316675729995,True,away,True,0.46
2022-05,data\historical_csv\football-data\2122\SP2.csv:413,data\historical_csv\football-data\2122\SP2.csv,413,2022-05-01,SP2,Amorebieta,Fuenlabrada,home,0.4976514291514918,0.4874889311195417,2.176,2.2,6.077591411612282,0.008162498031950082,5,0.0,WH,2.0-3.0,sportsbook,0.45955882352941174,1.0828895098336462,0.010162498031950074,0.016402038764095076,0.7774883289936962,0.24765694493652227,0.38691817807231815,0.2,1.1029411764705843,home:2.0-3.0,home:sportsbook,sportsbook:2.0-3.0,0.4976514291514918,0.2768163100166238,0.2255322608318844,1.0387153206281958,0.4976514291514918,0.0,0.27211916831960736,0.008162498031950082,13.989637305699487,home,8.064274081416363,5.858401945744192,0.8485605287687428,0.5,0.4864816265888979,0.5154306770290468,0.5146528949108267,0.9731327243417518,,,0.0,lower_clv,True,0.581243344271262,1.7204498079092108,26.47855171342661,True,home,True,0.59
2022-05,data\historical_csv\football-data\2122\SP2.csv:422,data\historical_csv\football-data\2122\SP2.csv,422,2022-05-07,SP2,Huesca,Sp Gijon,away,0.2965403624382208,0.28941110378912693,3.7439999999999998,3.8,8.355517258649115,0.005129258649093833,5,0.0,WH,3.0-4.0,sportsbook,0.2670940170940171,1.1102471169686985,0.007129258649093861,0.017296999999999757,1.3201545586153456,0.08793618655499134,0.391479111286264,0.2,1.4957264957264904,away:3.0-4.0,away:sportsbook,sportsbook:3.0-4.0,0.4019769357495881,0.30148270181219106,0.2965403624382208,1.0883026854552822,0.4019769357495881,-0.1054365733113673,0.1054365733113673,0.005129258649093833,13.095238095238093,home,8.276212040293464,6.070339904621293,0.8324795327619579,0.22,0.28330753179653123,0.28481202646180187,0.2847716047889037,0.9731327243417518,,,0.0,lower_clv,True,0.28239112442415465,3.5411877835720813,5.727236984403494,True,draw,False,-0.22
2022-05,data\historical_csv\football-data\2122\SP2.csv:452,data\historical_csv\football-data\2122\SP2.csv,452,2022-05-21,SP2,Ponferradina,Leganes,home,0.6233498811187735,0.6195013967297761,1.7644,1.78,9.304826439001701,0.0018484843889974099,5,0.0,WH,1.5-2.0,sportsbook,0.5667649059170257,1.0998385302459641,0.0038484843889974307,0.002965404253674989,0.5678106892486476,0.3885650742907891,0.35394472564111334,0.2,0.8841532532305685,home:1.5-2.0,home:sportsbook,sportsbook:1.5-2.0,0.6233498811187735,0.2253211075472581,0.15132901133396834,0.9161590475073207,0.6233498811187735,0.0,0.4720208697848052,0.006266274462925212,15.58441558441559,home,11.28922083509673,9.083348699424558,0.928060583493604,1.19,0.6182461386274346,0.6574209411158277,0.6563684208985147,0.9731327243417518,,,0.0,lower_clv,True,0.5499576783273532,1.8183217353040875,-2.9654672359218037,False,away,False,-1.19
2022-05,data\historical_csv\football-data\2122\SP2.csv:443,data\historical_csv\football-data\2122\SP2.csv,443,2022-05-21,SP2,Cartagena,Amorebieta,away,0.4102114589026323,0.3979339424616097,2.715,2.75,8.039065378327015,0.010277516441022573,5,0.0,WH,2.0-3.0,sportsbook,0.3683241252302026,1.1137241109206466,0.012277516441022596,0.025054191485816203,0.9987919533858987,0.16827344101502598,0.40971590433863936,0.2,1.2891344383057168,away:2.0-3.0,away:sportsbook,sportsbook:2.0-3.0,0.3144954518253514,0.27529308927201634,0.4102114589026323,1.084441860155543,0.4102114589026323,0.0,0.0957160070772809,0.019492843668718767,12.704918032786882,away,8.064690487960553,5.858818352288382,0.8380105823291314,0.34,0.38990356667509535,0.4146072145039305,0.4139434947879489,0.9731327243417518,,,0.0,lower_clv,True,0.34396006400239365,2.9073142630681708,-6.614842623350126,False,home,False,-0.34
2022-05,data\historical_csv\football-data\2122\SP2.csv:448,data\historical_csv\football-data\2122\SP2.csv,448,2022-05-21,SP2,Eibar,Tenerife,home,0.5038581329409396,0.49349074871404824,2.127,2.15,4.965482251478059,0.008367384226891381,5,0.0,WH,2.0-3.0,sportsbook,0.47014574518100616,1.0717062487653786,0.010367384226891374,0.016606627302118343,0.7547125362181001,0.2538730181307296,0.3802680494059732,0.2,1.0813352139163124,home:2.0-3.0,home:sportsbook,sportsbook:2.0-3.0,0.5038581329409396,0.2839979389077718,0.21214392815128852,1.0317952552763165,0.5038581329409396,0.0,0.2917142047896511,0.011823816665895813,11.398963730569944,home,7.002698732970893,4.796826597298723,0.8157927259150637,0.43,0.4926978213319169,0.5225570611585787,0.52175482473121,0.9731327243417518,,,0.0,lower_clv,True,0.47159877270530515,2.120446570001752,0.30905895441839526,True,home,True,0.48
2022-09,data\historical_csv\football-data\2223\I2.csv:38,data\historical_csv\football-data\2223\I2.csv,38,2022-09-03,I2,Ternana,Cosenza,away,0.21587096339381526,0.20367267908067396,4.92,5.0,0.2069581076915794,0.010198284313141305,4,0.0,VC,4.0-5.0,sportsbook,0.2032520325203252,1.062085139897571,0.012198284313141294,0.047242501505570654,1.5933085305042167,0.046600272836573926,0.34394904746352933,0.25,1.6260162601626105,away:4.0-5.0,away:sportsbook,sportsbook:4.0-5.0,0.5305196315318769,0.25360940507430785,0.21587096339381526,1.0151837096137832,0.5305196315318769,-0.3146486681380616,0.3146486681380616,0.010936831411908187,7.066381156316925,home,4.73367933219158,4.73367933219158,0.6577405668116811,0.12,0.21287333197599914,0.19118144089867908,0.19276942706832184,0.9267935578330894,,,0.0,lower_clv,True,0.2101850054376624,4.757713319833296,3.411022675329889,True,draw,False,-0.12
2022-09,data\historical_csv\football-data\2223\SP2.csv:39,data\historical_csv\football-data\2223\SP2.csv,39,2022-09-03,SP2,Tenerife,Santander,draw,0.2753555676005376,0.27225121296810756,3.695,3.75,0.5968231917157452,0.0011043546324300266,4,0.0,B365,3.0-4.0,sportsbook,0.2706359945872801,1.0174388222839863,0.0031043546324300286,0.004010649365304029,1.3069805544001651,0.07582068860861423,0.35988437239972276,0.25,1.4884979702300516,draw:3.0-4.0,draw:sportsbook,sportsbook:3.0-4.0,0.5388999156967026,0.2753555676005376,0.18574451670275963,1.0009646894575404,0.5388999156967026,-0.263544348096165,0.353155398993943,0.008766812181433704,5.932203389830515,home,3.3513623862334407,3.3513623862334407,0.5914701272808229,0.12,0.27970598751348696,0.25788810301198356,0.2594853127119472,0.9267935578330894,,,0.0,lower_clv,True,0.2924598459223795,3.419272812806602,8.063913068319216,True,home,False,-0.12
2022-09,data\historical_csv\football-data\2223\P1.csv:43,data\historical_csv\football-data\2223\P1.csv,43,2022-09-04,P1,Santa Clara,Maritimo,away,0.2497085429749406,0.24019394471315433,4.2928,4.36,3.1104565864628952,0.007514598261786258,5,0.0,PS,4.0-5.0,sportsbook,0.2329481923220276,1.0719488332828249,0.009514598261786272,0.03009347686811173,1.4569392006892226,0.06235435643466776,0.36381016500718033,0.2,1.5654118524040417,away:4.0-5.0,away:sportsbook,sportsbook:4.0-5.0,0.45819500416042247,0.2920964528646371,0.2497085429749406,1.0635385899590566,0.45819500416042247,-0.20848646118548186,0.20848646118548186,0.007514598261786258,11.794871794871797,home,3.4083346050748817,3.4083346050748817,0.6086878601846192,0.1,0.24088784617283565,0.22873332913024788,0.22962311807919283,0.9267935578330894,,,0.0,lower_clv,True,0.2519534591412402,3.9689869843756327,8.158580940151584,True,home,False,-0.1
2022-09,data\historical_csv\football-data\2223\P1.csv:42,data\historical_csv\football-data\2223\P1.csv,42,2022-09-04,P1,Casa Pia,Arouca,away,0.2527168103131924,0.24700234918174638,4.2144,4.28,4.0966700391551925,0.0037144611314460013,5,0.0,PS,4.0-5.0,sportsbook,0.23728170083523156,1.065049725383918,0.005714461131445997,0.01469811654730314,1.438507232566825,0.06386578621487406,0.3635349594267456,0.2,1.5565679574791158,away:4.0-5.0,away:sportsbook,sportsbook:4.0-5.0,0.4522977799053809,0.29498540978142684,0.2527168103131924,1.066594847299576,0.4522977799053809,-0.19958096959218852,0.19958096959218852,0.004966278608684191,12.631578947368439,home,3.3661035921537197,3.3661035921537197,0.6200211094699195,0.1,0.24526884869056975,0.23212457907427794,0.2330868242877693,0.9267935578330894,,,0.0,lower_clv,True,0.22534963082567983,4.4375488716622495,-5.028651584825483,False,draw,False,-0.1
2022-09,data\historical_csv\football-data\2223\B1.csv:62,data\historical_csv\football-data\2223\B1.csv,62,2022-09-04,B1,Antwerp,Westerlo,draw,0.2594922480046524,0.24862486256987512,3.94,4.0,-2.041804147469206,0.008867385434777308,4,0.0,B365,3.0-4.0,sportsbook,0.25380710659898476,1.0223994571383306,0.010867385434777305,0.03417206295356586,1.3711807233098425,0.06733622677450804,0.35581076831231634,0.25,1.522842639593902,draw:3.0-4.0,draw:sportsbook,sportsbook:3.0-4.0,0.48957932304012225,0.2594922480046524,0.2509284289552253,1.0466547918633218,0.48957932304012225,-0.23008707503546982,0.23865089408489693,0.011326103279841173,4.986876640419946,home,3.011207861791864,3.011207861791864,0.5557411815973882,0.1,0.26144976614667986,0.23979129547142675,0.24137683505233837,0.9267935578330894,,,0.0,lower_clv,True,0.25194175403634883,3.9691713817937666,-0.7349489096785566,False,home,False,-0.1
2022-09,data\historical_csv\football-data\2223\SP2.csv:41,data\historical_csv\football-data\2223\SP2.csv,41,2022-09-04,SP2,Malaga,Albacete,away,0.2549964983227435,0.24762481678104425,4.0576,4.12,0.4762456570765128,0.00537168154169925,4,0.0,PS,4.0-5.0,sportsbook,0.24645110410094637,1.034673791594364,0.00737168154169926,0.021065707086300574,1.400591665820715,0.06502321415686094,0.35714597036430046,0.25,1.537854889589907,away:4.0-5.0,away:sportsbook,sportsbook:4.0-5.0,0.4507621296562212,0.29424137202103523,0.2549964983227435,1.0675899748516735,0.4507621296562212,-0.19576563133347769,0.19576563133347769,0.00537168154169925,9.866666666666667,home,2.9686441934410657,2.9686441934410657,0.5553852312689611,0.1,0.25376736049251053,0.23469976507064919,0.2360956358921617,0.9267935578330894,,,0.0,lower_clv,True,0.27941018189645894,3.5789676425269645,13.373475406307179,True,away,True,0.31
2022-09,data\historical_csv\football-data\2223\SP2.csv:43,data\historical_csv\football-data\2223\SP2.csv,43,2022-09-04,SP2,Huesca,Ibiza,home,0.47780935042491146,0.4645170013094785,2.0780000000000003,2.1,-3.473367127890359,0.011292349115432974,4,0.0,IW,2.0-3.0,sportsbook,0.4812319538017324,0.9928878301829661,0.013292349115432978,0.023633587549910424,0.7314058926770358,0.22830177535347584,0.349472574476967,0.25,1.0587102983637964,home:2.0-3.0,home:sportsbook,sportsbook:2.0-3.0,0.47780935042491146,0.2824754977498398,0.23971515182524866,1.0523642749972855,0.47780935042491146,0.0,0.2380941985996628,0.011292349115432974,6.060606060606055,home,1.2780671837904731,1.2780671837904731,0.48946338259823086,0.12,0.487382421481186,0.498473534884894,0.4976615939329388,0.9267935578330894,,,0.0,lower_clv,True,0.44325800562943013,2.2560224232836843,-7.890986430204405,False,home,True,0.13
2022-09,data\historical_csv\football-data\2223\E3.csv:102,data\historical_csv\football-data\2223\E3.csv,102,2022-09-17,E3,Gillingham,Mansfield,home,0.2699798435701823,0.2624979311775837,3.94,4.0,3.4241848839679623,0.005481912392598622,4,0.0,B365,3.0-4.0,sportsbook,0.25380710659898476,1.0637205836665182,0.0074819123925986,0.020304895062188515,1.3711807233098425,0.0728891159341801,0.37019115718564066,0.25,1.522842639593902,home:3.0-4.0,home:sportsbook,sportsbook:3.0-4.0,0.2699798435701823,0.2767059294839668,0.4533142269458509,1.067674025958699,0.4533142269458509,-0.1833343833756686,0.1833343833756686,0.008950035991917016,4.166666666666674,away,5.55228664676717,5.55228664676717,0.7779041074860794,0.19,0.26789920468722633,0.2517333743583135,0.25291681728136717,0.9267935578330894,,,0.0,lower_clv,True,0.2807573830207578,3.5617941342830686,10.618408910178578,True,away,False,-0.19
2022-09,data\historical_csv\football-data\2223\I2.csv:58,data\historical_csv\football-data\2223\I2.csv,58,2022-09-17,I2,Sudtirol,Cosenza,away,0.28031813055077526,0.27406646347172636,3.8322000000000003,3.89,5.027750131634989,0.004251667079048916,4,0.0,PS,3.0-4.0,sportsbook,0.26094671468086217,1.074235139896681,0.006251667079048895,0.01516729249975785,1.3434390508134615,0.07857825431548147,0.3765903232329375,0.25,1.5082720108553715,away:3.0-4.0,away:sportsbook,sportsbook:3.0-4.0,0.4283472707181958,0.2913345987310289,0.28031813055077526,1.0789768362934224,0.4283472707181958,-0.14802914016742053,0.14802914016742053,0.006818314867457579,5.135135135135127,home,3.572677453931389,3.572677453931389,0.6873158389194147,0.13,0.27026949912304,0.26358895020816614,0.26407800942594606,0.9267935578330894,,,0.0,lower_clv,True,0.2719300707023072,3.6774160261765987,4.209041694538174,True,draw,False,-0.13
2022-09,data\historical_csv\football-data\2223\B1.csv:81,data\historical_csv\football-data\2223\B1.csv,81,2022-09-18,B1,Standard,Club Brugge,draw,0.2585198282456356,0.254055202205259,3.842,3.9,-2.391991312739483,0.0024646260403765395,4,0.0,BW,3.0-4.0,sportsbook,0.2602811035918792,0.9932331801197319,0.0044646260403765625,0.009533605437934713,1.345993064346365,0.06683250159615292,0.347965895814639,0.25,1.5096304008328953,draw:3.0-4.0,draw:sportsbook,sportsbook:3.0-4.0,0.2512787402045973,0.2585198282456356,0.49020143154976714,1.04626915746288,0.49020143154976714,-0.23168160330413157,0.23892269134516986,0.00466673245080587,4.8387096774193505,away,4.075233379796251,4.075233379796251,0.5935485614401231,0.14,0.2708881660067575,0.2386885629510827,0.24104578132997545,0.9267935578330894,,,0.0,lower_clv,True,0.2502867271529437,3.9954176211226975,-3.8398394278390313,False,home,False,-0.14
2022-09,data\historical_csv\football-data\2223\SP2.csv:71,data\historical_csv\football-data\2223\SP2.csv,71,2022-09-24,SP2,Malaga,Villarreal B,home,0.42487665615409226,0.41201404080543763,2.5876,2.62,6.612753198815047,0.01086261534865462,5,0.0,WH,2.0-3.0,sportsbook,0.38645849435770596,1.0994108354643293,0.012862615348654627,0.025566514872765844,0.9507308051876934,0.18052017294468276,0.4039433254108349,0.2,1.2521255217189609,home:2.0-3.0,home:sportsbook,sportsbook:2.0-3.0,0.42487665615409226,0.29080232015002516,0.2843210236958825,1.0804258964356244,0.42487665615409226,0.0,0.14055563245820973,0.01086261534865462,15.41850220264318,home,9.635440527271292,9.635440527271292,0.8385674073250787,0.61,0.42369547274413083,0.4348805874795014,0.4340617650244962,0.9267935578330894,,,0.0,lower_clv,True,0.46147012614537825,2.166987510877285,19.410009841378084,True,draw,False,-0.61
2022-09,data\historical_csv\football-data\2223\SP2.csv:72,data\historical_csv\football-data\2223\SP2.csv,72,2022-09-24,SP2,Ponferradina,Tenerife,away,0.3546588368196346,0.33931892337474623,2.96,3.0,0.43840131892487477,0.01333991344488838,5,0.0,WH,2.0-3.0,sportsbook,0.33783783783783783,1.0497901569861186,0.015339913444888387,0.037613368285174094,1.085189268335969,0.1257828905342562,0.3848719636371851,0.2,1.3513513513513598,away:2.0-3.0,away:sportsbook,sportsbook:2.0-3.0,0.34643461815355103,0.2989065450268144,0.3546588368196346,1.0958476844167222,0.3546588368196346,0.0,0.008224218666083583,0.01333991344488838,5.633802816901423,away,2.9243281736745237,2.9243281736745237,0.6065487963550956,0.15,0.34771732491106255,0.350753514063904,0.3505312454582787,0.9267935578330894,,,0.0,lower_clv,True,0.3832223837467626,2.6094509152179652,13.433825589041737,True,draw,False,-0.15
2022-09,data\historical_csv\football-data\2223\SP2.csv:73,data\historical_csv\football-data\2223\SP2.csv,73,2022-09-25,SP2,Burgos,Levante,away,0.41692650334075726,0.41022318694664706,2.568,2.6,5.34531440789896,0.0047033163941102235,5,0.0,WH,2.0-3.0,sportsbook,0.3894080996884735,1.0706672605790646,0.006703316394110204,0.01128092447091608,0.9431273858277147,0.17382770918795049,0.39321480317805835,0.2,1.2461059190031154,away:2.0-3.0,away:sportsbook,sportsbook:2.0-3.0,0.27438752783964365,0.3086859688195991,0.41692650334075726,1.0824269449610864,0.41692650334075726,0.0,0.1425389755011136,0.0047033163941102235,12.554112554112562,away,7.274992519545176,7.274992519545176,0.7682511910354906,0.46,0.41773750981131297,0.4253204015506523,0.42476528502507843,0.9267935578330894,,,0.0,lower_clv,True,0.4044511746432225,2.4724863288680705,3.863061648379551,True,draw,False,-0.46
2022-10,data\historical_csv\football-data\2223\I2.csv:72,data\historical_csv\football-data\2223\I2.csv,72,2022-10-07,I2,Genoa,Cagliari,home,0.5392195506503745,0.5291989829196576,1.8918,1.91,0.11386358874081459,0.008020567730716898,5,0.0,WH,1.5-2.0,sportsbook,0.528597103287874,1.0200955459203784,0.010020567730716912,0.014874400828091204,0.637528756796933,0.2907577238035918,0.3437679697667341,0.2,0.9620467279839229,home:1.5-2.0,home:sportsbook,sportsbook:1.5-2.0,0.5392195506503745,0.2621206148994876,0.19865983445013796,1.0050723662773398,0.5392195506503745,0.0,0.34055971620023656,0.015017098653926555,6.703910614525133,home,1.9846442996937963,1.9846442996937963,0.5567676560976947,0.22,0.5390878755666234,0.5720657028969047,0.5452017237645523,0.18539269238986525,,,0.0,lower_clv,True,0.5508821871288903,1.8152701673144305,4.215892161043455,True,draw,False,-0.22
2022-10,data\historical_csv\football-data\2223\E3.csv:147,data\historical_csv\football-data\2223\E3.csv,147,2022-10-08,E3,Stevenage,Swindon,away,0.22238279709798262,0.21660922235933883,4.92,5.0,6.571737400794708,0.0037735747386437824,5,0.0,B365,4.0-5.0,sportsbook,0.2032520325203252,1.0941233617220745,0.0057735747386437886,0.016968824872641262,1.5933085305042167,0.049454108445122505,0.35432440765360407,0.2,1.6260162601626105,away:4.0-5.0,away:sportsbook,sportsbook:4.0-5.0,0.5111758425948234,0.26644136030719395,0.22238279709798262,1.0297362131425543,0.5111758425948234,-0.2887930454968408,0.2887930454968408,0.010814681789306897,3.950103950103956,home,5.662293585443831,5.662293585443831,0.7637969925624543,0.14,0.2147607593200078,0.20631019547103058,0.21319408653583344,0.18539269238986525,,,0.0,lower_clv,True,0.20870471336908614,4.791458630028825,2.6827189775903815,True,home,False,-0.14
2022-10,data\historical_csv\football-data\2223\B1.csv:116,data\historical_csv\football-data\2223\B1.csv,116,2022-10-19,B1,Mechelen,Standard,draw,0.27449760981537413,0.26548180087807444,3.8224,3.88,1.477763567635182,0.007015808937299671,5,0.0,PS,3.0-4.0,sportsbook,0.2616157388028464,1.0492396637582861,0.009015808937299696,0.025558725054176147,1.3408784975894081,0.07534893779435338,0.3680679426411224,0.2,1.506906655504392,draw:3.0-4.0,draw:sportsbook,sportsbook:3.0-4.0,0.3670030034525068,0.27449760981537413,0.358499386732119,1.0905112264622625,0.3670030034525068,-0.09250539363713267,0.008503616720387797,0.007818346458777634,7.777777777777772,home,3.2967459024642887,3.2967459024642887,0.5936668456033151,0.12,0.2702405449520309,0.26463903742933087,0.26920206639095545,0.18539269238986525,,,0.0,lower_clv,True,0.27005157526459717,3.702996359196193,3.2245141291396218,True,home,False,-0.12
2022-10,data\historical_csv\football-data\2223\T1.csv:92,data\historical_csv\football-data\2223\T1.csv,92,2022-10-21,T1,Antalyaspor,Istanbulspor,home,0.5424024404823852,0.5382719030360479,2.0780000000000003,2.1,11.852901450890773,0.002130537446337237,5,0.0,VC,2.0-3.0,sportsbook,0.4812319538017324,1.1271122713223964,0.00413053744633729,0.003927964344043963,0.7314058926770358,0.29420040744124737,0.39671634117122173,0.2,1.0587102983637964,home:2.0-3.0,home:sportsbook,sportsbook:2.0-3.0,0.5424024404823852,0.252346803653219,0.2052507558643957,1.0043015171650924,0.5424024404823852,0.0,0.3371516846179895,0.005424266946159171,17.31843575418994,home,10.77595544297143,10.77595544297143,0.8890464314052903,1.0,0.533089294720748,0.5757083748210022,0.5409905607277135,0.18539269238986525,,,0.0,lower_clv,True,0.5438661267836887,1.8386877776591681,13.01538114565053,True,home,True,1.08
2022-10,data\historical_csv\football-data\2223\SP2.csv:131,data\historical_csv\football-data\2223\SP2.csv,131,2022-10-23,SP2,Leganes,Tenerife,draw,0.32690519347579844,0.31492204547873753,3.058,3.1,-3.6968384926020725,0.009983147997060899,4,0.0,B365,3.0-4.0,sportsbook,0.3270111183780249,0.9996760816489916,0.011983147997060906,0.030538358509743208,1.1177611075068705,0.1068670055214492,0.36540191110925624,0.25,1.373446697187708,draw:3.0-4.0,draw:sportsbook,sportsbook:3.0-4.0,0.3673101243002313,0.32690519347579844,0.3057846822239703,1.0957031625569922,0.3673101243002313,-0.04040493082443286,0.06152544207626098,0.009983147997060899,7.638888888888906,home,2.4010445965002956,2.4010445965002956,0.4734904057705155,0.12,0.33486280116579564,0.3248033837608494,0.3329978586892192,0.18539269238986525,,,0.0,lower_clv,True,0.3419629024129476,2.924293813579872,4.572255557879368,True,home,False,-0.12
2022-10,data\historical_csv\football-data\2223\P1.csv:100,data\historical_csv\football-data\2223\P1.csv,100,2022-10-31,P1,Guimaraes,Famalicao,draw,0.2945858409566534,0.28859397358252703,3.548,3.6,2.3931418270805915,0.003991867374126367,5,0.0,B365,3.0-4.0,sportsbook,0.2818489289740699,1.0451905637142063,0.005991867374126381,0.013550778140466523,1.266384064447333,0.0867808176921387,0.37305881459932233,0.2,1.4656144306651742,draw:3.0-4.0,draw:sportsbook,sportsbook:3.0-4.0,0.4632236078467432,0.2945858409566534,0.24219055119660346,1.059943517931839,0.4632236078467432,-0.1686377668900898,0.22103305665013975,0.008839088013248701,8.761329305135956,home,4.436119089063679,4.436119089063679,0.6375690558643275,0.17,0.29435208311461014,0.2875575388612035,0.293092424261909,0.18539269238986525,,,0.0,lower_clv,True,0.30265468775065396,3.3040955269256003,7.381883213932028,True,home,False,-0.17
2022-11,data\historical_csv\football-data\2223\F2.csv:139,data\historical_csv\football-data\2223\F2.csv,139,2022-11-05,F2,Rodez,Grenoble,draw,0.32291555599626626,0.31511703585231654,3.205,3.25,0.9950099906674614,0.00579852014394969,5,0.0,B365,3.0-4.0,sportsbook,0.31201248049922,1.0349443569680334,0.0077985201439497165,0.017956769304779904,1.1647120903726333,0.10427445630437777,0.37610365223825243,0.2,1.4040561622464809,draw:3.0-4.0,draw:sportsbook,sportsbook:3.0-4.0,0.3795905311303048,0.32291555599626626,0.29749391287342897,1.0933774108320642,0.3795905311303048,-0.05667497513403852,0.08209661825687581,0.00579852014394969,9.797297297297302,home,3.7491507330880305,3.7491507330880305,0.559209890651232,0.17,0.3237102986991826,0.31905077300097523,0.3191821012337319,0.971815107102593,,,0.0,lower_clv,True,0.33656019134595083,2.9712367229197887,7.8675413263772365,True,away,False,-0.17
2022-11,data\historical_csv\football-data\2223\F2.csv:140,data\historical_csv\football-data\2223\F2.csv,140,2022-11-05,F2,Valenciennes,Caen,draw,0.3162765222865135,0.31106647661257625,3.254,3.3,1.221031489732316,0.003210045673937221,5,0.0,B365,3.0-4.0,sportsbook,0.3073140749846343,1.0291638035203148,0.005210045673937236,0.010149490865557371,1.179885008796846,0.10003083854965146,0.37316992728025883,0.2,1.41364474492931,draw:3.0-4.0,draw:sportsbook,sportsbook:3.0-4.0,0.2883567566084564,0.3162765222865135,0.39536672110503013,1.0895432589002867,0.39536672110503013,-0.07909019881851664,0.10700996449657374,0.005159227933863855,7.843137254901955,away,2.8474501637472276,2.8474501637472276,0.5276006320481402,0.13,0.3160646901160026,0.31115110546953,0.3112895943265332,0.971815107102593,,,0.0,lower_clv,True,0.3014550052173181,3.3172446391430874,-1.9065413022846922,False,draw,True,0.29
2022-11,data\historical_csv\football-data\2223\G1.csv:77,data\historical_csv\football-data\2223\G1.csv,77,2022-11-06,G1,Panathinaikos,Olympiakos,home,0.42596626306461566,0.4170147100713783,2.4210000000000003,2.45,0.9592613082807011,0.006951552993237343,5,0.0,IW,2.0-3.0,sportsbook,0.41305245766212306,1.0312643228794347,0.008951552993237355,0.01631949193164823,0.8841806779559216,0.18144725726923336,0.3766311392628223,0.2,1.1978521272201448,home:2.0-3.0,home:sportsbook,sportsbook:2.0-3.0,0.42596626306461566,0.29871219076543803,0.27532154616994625,1.0795579566547095,0.42596626306461566,0.0,0.1506447168946694,0.01568086352036384,9.865470852017943,home,2.366289382936734,2.366289382936734,0.6134871277675582,0.17,0.4228264741137411,0.44321877473388577,0.44264401992497526,0.971815107102593,,,0.0,lower_clv,True,0.4265439613316076,2.3444242344403303,3.2662930383822175,True,draw,False,-0.17
2022-11,data\historical_csv\football-data\2223\I2.csv:122,data\historical_csv\football-data\2223\I2.csv,122,2022-11-11,I2,Ascoli,Frosinone,home,0.3092074609008986,0.30119847542906497,3.352,3.4,0.9617289638225834,0.006008985471833647,5,0.0,WH,3.0-4.0,sportsbook,0.2983293556085919,1.0364634089398121,0.008008985471833652,0.019433507375035606,1.2095571826198366,0.09560925387678075,0.3740041052523242,0.2,1.4319809069212486,home:3.0-4.0,home:sportsbook,sportsbook:3.0-4.0,0.3092074609008986,0.30310749332370024,0.38768504577540125,1.0920953075573923,0.38768504577540125,-0.07847758487450263,0.07847758487450263,0.006008985471833647,5.263157894736836,away,3.879104030903288,3.879104030903288,0.6649294256677079,0.16,0.30990186166737255,0.3027625315886088,0.302963752842238,0.971815107102593,,,0.0,lower_clv,True,0.287208821160232,3.481787209600036,-3.7276031470902415,False,away,False,-0.16
2022-11,data\historical_csv\football-data\2223\E2.csv:215,data\historical_csv\football-data\2223\E2.csv,215,2022-11-19,E2,Exeter,Ipswich,home,0.2173529206297587,0.20958228126194614,4.92,5.0,3.1144823808775035,0.005770639367812553,5,0.0,B365,4.0-5.0,sportsbook,0.2032520325203252,1.0693763694984129,0.007770639367812554,0.026549628829889624,1.5933085305042167,0.04724229210628618,0.34631026256940045,0.2,1.6260162601626105,home:4.0-5.0,home:sportsbook,sportsbook:4.0-5.0,0.2173529206297587,0.2519878058074353,0.5306592735628061,1.015309120932018,0.5306592735628061,-0.31330635293304737,0.31330635293304737,0.009875158273281138,8.225108225108224,away,5.087692636629508,5.087692636629508,0.7468056975772037,0.13,0.21359287121266163,0.1967906088255511,0.19726417879136596,0.971815107102593,,,0.0,lower_clv,True,0.20958403125155312,4.771355880638399,3.1153433757641347,True,away,False,-0.13
2022-12,data\historical_csv\football-data\2223\I2.csv:169,data\historical_csv\football-data\2223\I2.csv,169,2022-12-11,I2,Bari,Modena,away,0.2322383011149716,0.22085354943641702,4.684799999999999,4.76,3.4654708399726397,0.00938475167855457,5,0.0,PS,4.0-5.0,sportsbook,0.2134562841530055,1.0879899930634187,0.011384751678554572,0.04041000831257617,1.5443232253448005,0.05393462850476822,0.3586510022264699,0.2,1.605191256830607,away:4.0-5.0,away:sportsbook,sportsbook:4.0-5.0,0.48259306787058937,0.2851686310144391,0.2322383011149716,1.0484681037345678,0.48259306787058937,-0.25035476675561774,0.25035476675561774,0.010398943174519065,13.33333333333333,home,5.406846680188855,5.406846680188855,0.6889970307291218,0.15,0.22499753816638676,0.22009579567301402,0.22407357192427987,0.18849750743865115,,,0.0,lower_clv,True,0.2333080032343567,4.286179582941719,9.30013335523141,True,home,False,-0.15
2023-01,data\historical_csv\football-data\2223\F2.csv:187,data\historical_csv\football-data\2223\F2.csv,187,2023-01-13,F2,Laval,Rodez,away,0.26762525126487047,0.2588974142298031,3.9008,3.96,0.9907033427615897,0.006727837035067338,4,0.0,PS,3.0-4.0,sportsbook,0.25635767022149303,1.0439525801340066,0.008727837035067354,0.025139021834710035,1.3611816603048152,0.07162327511458505,0.3642865838562097,0.25,1.5176374077112476,away:3.0-4.0,away:sportsbook,sportsbook:3.0-4.0,0.4403484465541248,0.2920263021810047,0.26762525126487047,1.073402365464628,0.4403484465541248,-0.17272319528925434,0.17272319528925434,0.008586185377672298,9.999999999999986,home,2.9365739233030426,2.9365739233030426,0.6601474757730881,0.1,0.26388580271560463,0.26017136685799525,0.26030585041547566,0.9637943519188994,,,0.0,lower_clv,True,0.2613201459220839,3.826723716502758,1.9357625212864882,True,home,False,-0.1
2023-01,data\historical_csv\football-data\2223\I2.csv:199,data\historical_csv\football-data\2223\I2.csv,199,2023-01-15,I2,Cosenza,Benevento,home,0.2795641929546222,0.2701680166486572,3.8518,3.91,4.063316652729765,0.007396176305964998,5,0.0,PS,3.0-4.0,sportsbook,0.25961887948491613,1.0768253584226137,0.00939617630596501,0.026456093063268363,1.3485405715079748,0.07815613798236923,0.37700365654019197,0.2,1.5109818786022133,home:3.0-4.0,home:sportsbook,sportsbook:3.0-4.0,0.2795641929546222,0.29760059250008164,0.4228352145452961,1.0809689220128176,0.4228352145452961,-0.1432710215906739,0.1432710215906739,0.007396176305964998,8.611111111111104,away,4.541911465997107,4.541911465997107,0.694682088277757,0.16,0.2714105391401348,0.2735936632895513,0.2735146218648802,0.9637943519188994,,,0.0,lower_clv,True,0.2812318778987724,3.555784669474573,8.32489472904916,True,draw,False,-0.16
2023-01,data\historical_csv\football-data\2223\B1.csv:184,data\historical_csv\football-data\2223\B1.csv,184,2023-01-17,B1,Westerlo,Genk,home,0.27913856695677847,0.2709894063268982,3.646,3.7,-1.1972624532129106,0.006149160629880252,5,0.0,WH,3.0-4.0,sportsbook,0.27427317608337903,1.0177392151244142,0.008149160629880248,0.022029061397425536,1.2936306762564713,0.07791833956268389,0.3611022131415596,0.2,1.4810751508502529,home:3.0-4.0,home:sportsbook,sportsbook:3.0-4.0,0.27913856695677847,0.2529338361555163,0.4679275968877052,1.0592474187414131,0.4679275968877052,-0.18878902993092672,0.18878902993092672,0.008716813890406667,5.714285714285716,away,4.026817319694766,4.026817319694766,0.6142282558412844,0.15,0.28531765584118146,0.2731140694930363,0.2735559082456846,0.9637943519188994,,,0.0,lower_clv,True,0.31196332569687696,3.205504998916643,13.741828549081326,True,away,False,-0.15
2023-01,data\historical_csv\football-data\2223\SP2.csv:261,data\historical_csv\football-data\2223\SP2.csv,261,2023-01-22,SP2,Cartagena,Tenerife,draw,0.32815078988700236,0.31769090161976665,3.058,3.1,-2.8501222846753604,0.008459888267235703,4,0.0,B365,3.0-4.0,sportsbook,0.3270111183780249,1.003485115474453,0.010459888267235706,0.025780490335399885,1.1177611075068705,0.10768294090346357,0.36679419033335015,0.25,1.373446697187708,draw:3.0-4.0,draw:sportsbook,sportsbook:3.0-4.0,0.36032243595435554,0.32815078988700236,0.31152677415864205,1.0967781495183415,0.36032243595435554,-0.03217164606735318,0.048795661795713485,0.008459888267235703,8.771929824561408,home,2.7351482672543703,2.7351482672543703,0.47282067510999065,0.13,0.3359553573160705,0.3287752897270224,0.32903524872735,0.9637943519188994,,,0.0,lower_clv,True,0.3346938775510204,2.9878048780487805,2.3493877551020503,True,away,False,-0.13
2023-01,data\historical_csv\football-data\2223\I2.csv:213,data\historical_csv\football-data\2223\I2.csv,213,2023-01-28,I2,Bari,Perugia,away,0.2580763289586106,0.2467667220832402,4.2242,4.29,4.239198742402306,0.00930960687537041,5,0.0,PS,4.0-5.0,sportsbook,0.23673121537805977,1.0901660287869628,0.011309606875370415,0.036073075407328244,1.4408298937679047,0.06660339156875299,0.37184408963744575,0.2,1.5576913971876438,away:4.0-5.0,away:sportsbook,sportsbook:4.0-5.0,0.4539882234935297,0.2879354475478596,0.2580763289586106,1.066556697379231,0.4539882234935297,-0.19591189453491908,0.19591189453491908,0.00930960687537041,10.000000000000009,home,4.321827486878886,4.321827486878886,0.6815254080877654,0.13,0.2469623301142912,0.2494844523427669,0.24939313727294518,0.9637943519188994,,,0.0,lower_clv,True,0.256659389226734,3.896214368049461,8.418059197156968,True,away,True,0.42
2023-02,data\historical_csv\football-data\2223\E3.csv:330,data\historical_csv\football-data\2223\E3.csv,330,2023-02-04,E3,Leyton Orient,AFC Wimbledon,away,0.21368072225571857,0.20660349791415222,4.92,5.0,1.6489209737629018,0.005077224341566349,5,0.0,B365,4.0-5.0,sportsbook,0.2032520325203252,1.0513091534981354,0.007077224341566352,0.023760797361449724,1.5933085305042167,0.04565945106372554,0.3404593175743386,0.2,1.6260162601626105,away:4.0-5.0,away:sportsbook,sportsbook:4.0-5.0,0.5058091650790548,0.28051011266522663,0.21368072225571857,1.0310941293588047,0.5058091650790548,-0.2921284428233363,0.2921284428233363,0.008131308992524624,6.157112526539277,home,3.9380917801830426,3.9380917801830426,0.6785894546227114,0.1,0.21125628410606312,0.19949413086648288,0.2094595439194396,0.15275606005347667,,,0.0,lower_clv,True,0.24960982149951652,4.006252614550814,22.80803217776213,True,home,False,-0.1
2023-02,data\historical_csv\football-data\2223\SP2.csv:278,data\historical_csv\football-data\2223\SP2.csv,278,2023-02-04,SP2,Huesca,Mirandes,draw,0.3078449266330723,0.30155184556574416,3.254,3.3,-1.8750294529068512,0.004293081067328111,4,0.0,B365,3.0-4.0,sportsbook,0.3073140749846343,1.0017273912640172,0.006293081067328121,0.013945596291879568,1.179885008796846,0.09476849885372166,0.36322161396852687,0.25,1.41364474492931,draw:3.0-4.0,draw:sportsbook,sportsbook:3.0-4.0,0.4498211448558133,0.3078449266330723,0.24233392851111443,1.0655482423969806,0.4498211448558133,-0.14197621822274104,0.20748721634469888,0.018069333499581012,8.196721311475418,home,2.535892227773194,2.535892227773194,0.5317265010782998,0.11,0.31510722872702274,0.30417577229484,0.31343738251179626,0.15275606005347667,,,0.0,lower_clv,True,0.31594741902689616,3.1650836176473764,2.8092901513520063,True,home,False,-0.11
2023-02,data\historical_csv\football-data\2223\I2.csv:238,data\historical_csv\football-data\2223\I2.csv,238,2023-02-11,I2,Venezia,Spal,draw,0.28266370545680874,0.27122455425355785,3.646,3.7,-1.1115275191528107,0.0094391512032509,5,0.0,B365,3.0-4.0,sportsbook,0.27427317608337903,1.0305918700955246,0.011439151203250897,0.03339357342675609,1.2936306762564713,0.07989877038257354,0.3656624404432515,0.2,1.4810751508502529,draw:3.0-4.0,draw:sportsbook,sportsbook:3.0-4.0,0.49482756530487954,0.28266370545680874,0.22250872923831166,1.0396624373844348,0.49482756530487954,-0.2121638598480708,0.27231883606656787,0.0094391512032509,7.558139534883734,home,3.8831600265651627,3.8831600265651627,0.6471547618536735,0.15,0.2849236424206395,0.2757593228762941,0.2835237370739742,0.15275606005347667,,,0.0,lower_clv,True,0.29218027606771113,3.4225445107330095,6.528928654287469,True,home,False,-0.15
2023-02,data\historical_csv\football-data\2223\SP2.csv:302,data\historical_csv\football-data\2223\SP2.csv,302,2023-02-18,SP2,Ponferradina,Levante,home,0.24139574548361648,0.23357799358124703,4.2634,4.33,-0.41635821657114436,0.005817751902369453,4,0.0,B365,4.0-5.0,sportsbook,0.23455458085096403,1.0291666212948505,0.00781775190236944,0.024100474060609754,1.450066964016957,0.05827190593759094,0.3500399957800378,0.25,1.5621335084674337,home:4.0-5.0,home:sportsbook,sportsbook:4.0-5.0,0.24139574548361648,0.29571449967400776,0.4628897548423758,1.0599353884340552,0.4628897548423758,-0.22149400935875935,0.22149400935875935,0.010085185054669252,5.609756097560981,away,3.227598191733107,3.227598191733107,0.588843542688967,0.1,0.2421250602611369,0.22980383151454079,0.24024291790278923,0.15275606005347667,,,0.0,lower_clv,True,0.22685991519874177,4.408006584697631,-3.2805437541684412,False,draw,False,-0.1
2023-02,data\historical_csv\football-data\2223\B1.csv:234,data\historical_csv\football-data\2223\B1.csv,234,2023-02-19,B1,Kortrijk,Anderlecht,home,0.2605710148794662,0.2555716900790206,3.94,4.0,0.6952458911340997,0.0029993248004456293,4,0.0,B365,3.0-4.0,sportsbook,0.25380710659898476,1.0266497986250969,0.004999324800445626,0.011510584942968595,1.3711807233098425,0.067897253795315,0.3572899526560062,0.25,1.522842639593902,home:3.0-4.0,home:sportsbook,sportsbook:3.0-4.0,0.2605710148794662,0.2572271899357325,0.48220179518480133,1.0514130633616496,0.48220179518480133,-0.22163078030533512,0.22163078030533512,0.009309267056509805,8.108108108108091,away,4.2566797979672195,4.2566797979672195,0.6997849513007606,0.14,0.26461086243138887,0.25104890987962275,0.2625391919929489,0.15275606005347667,,,0.0,lower_clv,True,0.24809640580648315,4.030691201467895,-2.2500161122456452,False,draw,False,-0.14
2023-02,data\historical_csv\football-data\2223\F2.csv:240,data\historical_csv\football-data\2223\F2.csv,240,2023-02-20,F2,Nimes,St Etienne,home,0.27429361793390744,0.26748173024201205,3.842,3.9,2.766480758981027,0.004811887691895374,4,0.0,PS,3.0-4.0,sportsbook,0.2602811035918792,1.0538360801020723,0.006811887691895391,0.01754283503983977,1.345993064346365,0.07523698883927239,0.3691973073335111,0.25,1.5096304008328953,home:3.0-4.0,home:sportsbook,sportsbook:3.0-4.0,0.27429361793390744,0.2848805945011312,0.44082578756496144,1.0736173652350955,0.44082578756496144,-0.166532169631054,0.166532169631054,0.013142577440631863,14.705882352941169,away,5.351264888262444,5.351264888262444,0.740513131325869,0.19,0.2742094348991735,0.26637070871311386,0.27301202197115304,0.15275606005347667,,,0.0,lower_clv,True,0.2611271146696167,3.829552519910543,0.3250374560667346,True,away,False,-0.19
2023-02,data\historical_csv\football-data\2223\E3.csv:373,data\historical_csv\football-data\2223\E3.csv,373,2023-02-21,E3,Grimsby,Harrogate,home,0.5385975187269482,0.5244919841641833,1.931,1.95,1.2794021421038027,0.012105534562764841,5,0.0,IW,1.5-2.0,sportsbook,0.5178663904712584,1.0400318086617368,0.014105534562764865,0.02247603106560534,0.6580380034463774,0.29008728717882526,0.35441763588425385,0.2,0.9839461418953865,home:1.5-2.0,home:sportsbook,sportsbook:1.5-2.0,0.5385975187269482,0.2528221225860342,0.20858035868701763,1.0078601744323143,0.5385975187269482,0.0,0.33001716003993053,0.012105534562764841,9.550561797752799,home,2.29457191518339,2.29457191518339,0.5502551079559471,0.25,0.5297492072251858,0.5678663171525608,0.5355718267583169,0.15275606005347667,,,0.0,lower_clv,True,0.5304863346157785,1.8850626957700645,2.436911214306847,True,draw,False,-0.25
2023-02,data\historical_csv\football-data\2223\SP1.csv:225,data\historical_csv\football-data\2223\SP1.csv,225,2023-02-25,SP1,Real Madrid,Ath Madrid,away,0.2142862280958094,0.2053300555640871,4.92,5.0,1.022387337530839,0.006956172531722324,5,0.0,B365,4.0-5.0,sportsbook,0.2032520325203252,1.0542882422313822,0.008956172531722317,0.03246206064447666,1.5933085305042167,0.04591858755152926,0.3414240751946255,0.2,1.6260162601626105,away:4.0-5.0,away:sportsbook,sportsbook:4.0-5.0,0.5267752987839806,0.25893847312021007,0.2142862280958094,1.017617256934436,0.5267752987839806,-0.3124890706881711,0.3124890706881711,0.006956172531722324,4.8218029350104885,home,3.9217595280021147,3.9217595280021147,0.6925428030050992,0.1,0.211223088471549,0.2001507228927096,0.20953171753025376,0.15275606005347667,,,0.0,lower_clv,True,0.19980889817805605,5.0047821149029526,-1.6940220963964192,False,draw,False,-0.1
2023-02,data\historical_csv\football-data\2223\SP2.csv:314,data\historical_csv\football-data\2223\SP2.csv,314,2023-02-25,SP2,Sp Gijon,Tenerife,draw,0.3286092209170095,0.32157341695045905,3.058,3.1,-1.6628490965496345,0.0050358039665504796,4,0.0,B365,3.0-4.0,sportsbook,0.3270111183780249,1.004886997564215,0.007035803966550458,0.015324597260228055,1.1177611075068705,0.10798402007168395,0.3673066067091664,0.25,1.373446697187708,draw:3.0-4.0,draw:sportsbook,sportsbook:3.0-4.0,0.3837901209181515,0.3286092209170095,0.2876006581648389,1.0916477045361228,0.3837901209181515,-0.05518090000114201,0.09618946275331264,0.008537632057627902,6.896551724137945,home,2.2575393095920906,2.2575393095920906,0.49562589858406725,0.11,0.3343935229221455,0.327768913251184,0.33338157364941734,0.15275606005347667,,,0.0,lower_clv,True,0.33998694914932626,2.9412893715540482,3.968009049863963,True,home,False,-0.11
2023-02,data\historical_csv\football-data\2223\F2.csv:250,data\historical_csv\football-data\2223\F2.csv,250,2023-02-27,F2,Amiens,Bordeaux,draw,0.3014033106072671,0.2862114530580802,3.45,3.5,-1.257048694962326,0.013191857549186904,4,0.0,B365,3.0-4.0,sportsbook,0.2898550724637681,1.0398414215950715,0.015191857549186893,0.043768124253870874,1.2383742310432684,0.09084395564502074,0.37325009300716977,0.25,1.4492753623188248,draw:3.0-4.0,draw:sportsbook,sportsbook:3.0-4.0,0.3295492759789064,0.3014033106072671,0.3690474134138265,1.095161771805456,0.3690474134138265,-0.06764410280655941,0.039498137434920144,0.013191857549186904,9.375,away,6.057192206115313,6.057192206115313,0.6605153013260567,0.25,0.30741215132207333,0.2968841761917297,0.30580393932082106,0.15275606005347667,,,0.0,lower_clv,True,0.2866377138648044,3.4887244477244894,-1.1099887166424738,False,away,False,-0.25
2023-02,data\historical_csv\football-data\2223\I2.csv:262,data\historical_csv\football-data\2223\I2.csv,262,2023-02-28,I2,Cosenza,Reggina,home,0.2156195124762267,0.20342771442423882,4.92,5.0,0.08643549672548989,0.010191798051987881,4,0.0,VC,4.0-5.0,sportsbook,0.2032520325203252,1.0608480013830355,0.01219179805198789,0.047267512735479286,1.5933085305042167,0.04649177416048569,0.3435484085715324,0.25,1.6260162601626105,home:4.0-5.0,home:sportsbook,sportsbook:4.0-5.0,0.2156195124762267,0.29243060994006204,0.4919498775837113,1.0393422914126855,0.4919498775837113,-0.27633036510748454,0.27633036510748454,0.010930577373613151,1.2145748987854255,away,5.136870194198645,5.136870194198645,0.6704283514174362,0.13,0.2136928255979647,0.20159743188130186,0.21184518090901172,0.15275606005347667,,,0.0,lower_clv,True,0.25287356321839083,3.954545454545454,24.41379310344829,True,home,True,0.51
2023-02,data\historical_csv\football-data\2223\I2.csv:264,data\historical_csv\football-data\2223\I2.csv,264,2023-02-28,I2,Parma,Pisa,away,0.2583405049347829,0.24613921042236628,4.038,4.1,-0.6089868314484881,0.010201294512416612,4,0.0,VC,4.0-5.0,sportsbook,0.24764735017335313,1.0431789589266534,0.01220129451241661,0.039487785761632276,1.3957495198906458,0.06673981648995858,0.3605786357310302,0.25,1.535413571074784,away:4.0-5.0,away:sportsbook,sportsbook:4.0-5.0,0.45176221095090163,0.28989728411431553,0.2583405049347829,1.0675869311451585,0.45176221095090163,-0.19342170601611874,0.19342170601611874,0.010201294512416612,3.535353535353525,home,3.281284792331853,3.281284792331853,0.633453520099798,0.11,0.2557733650132042,0.24856733888864999,0.25467260085377486,0.15275606005347667,,,0.0,lower_clv,True,0.24394876736246512,4.099221368535038,-1.4934877390365808,False,away,True,0.33
2023-03,data\historical_csv\football-data\2223\E3.csv:395,data\historical_csv\football-data\2223\E3.csv,395,2023-03-04,E3,Bradford,Colchester,away,0.216451359532833,0.20810454619792262,4.92,5.0,2.387436729377934,0.0063468133349103804,5,0.0,B365,4.0-5.0,sportsbook,0.2032520325203252,1.0649406889015385,0.008346813334910386,0.029322122755933287,1.5933085305042167,0.04685119104361174,0.34487379758289805,0.2,1.6260162601626105,away:4.0-5.0,away:sportsbook,sportsbook:4.0-5.0,0.508774869265107,0.2747737712020601,0.216451359532833,1.0300140443321522,0.508774869265107,-0.29232350973227395,0.29232350973227395,0.010736103272373194,6.157112526539277,home,4.30487339214774,4.30487339214774,0.7088551006713957,0.11,0.21200177518729216,0.20263615277754568,0.20336561022309918,0.922113297585608,,,0.0,lower_clv,True,0.19674676011840928,5.082675818387881,-3.200594021742642,False,home,False,-0.11
2023-03,data\historical_csv\football-data\2223\F2.csv:271,data\historical_csv\football-data\2223\F2.csv,271,2023-03-14,F2,Paris FC,Amiens,draw,0.28833324113514414,0.28386237782817947,3.548,3.6,0.714371653438084,0.0024708633069646753,5,0.0,B365,3.0-4.0,sportsbook,0.2818489289740699,1.0230063395474913,0.0044708633069646675,0.008569470856835968,1.266384064447333,0.08313605794349717,0.36514062182399676,0.2,1.4656144306651742,draw:3.0-4.0,draw:sportsbook,sportsbook:3.0-4.0,0.44479172429053493,0.28833324113514414,0.26687503457432094,1.0714651049052264,0.44479172429053493,-0.1564584831553908,0.177916689716214,0.013052560183491418,10.091743119266061,home,3.099442497824501,3.099442497824501,0.6333291877073928,0.12,0.2905846744583554,0.2858439946093029,0.2862132305299479,0.922113297585608,,,0.0,lower_clv,True,0.28468948475922107,3.512599001841462,1.0078291925716298,True,home,False,-0.12
2023-03,data\historical_csv\football-data\2223\G1.csv:186,data\historical_csv\football-data\2223\G1.csv,186,2023-03-18,G1,Atromitos,Ionikos,away,0.2238966630785791,0.2218966630785791,4.8808,4.96,8.303323315392896,0.0,5,0.0,PS,4.0-5.0,sportsbook,0.20488444517292248,1.0927948331539288,0.0020000000000000018,0.0,1.5853091408555056,0.05012971573772277,0.35494542658551687,0.2,1.6226848057695475,away:4.0-5.0,away:sportsbook,sportsbook:4.0-5.0,0.48223896663078586,0.2938643702906351,0.2238966630785791,1.0466586970643428,0.48223896663078586,-0.2583423035522068,0.2583423035522068,0.0,12.72727272727272,home,5.002393298418718,5.002393298418718,0.7702956446473737,0.13,0.21513357092775512,0.21107418501582714,0.21139035719833466,0.922113297585608,,,0.0,lower_clv,True,0.2637211861140623,3.7918834460553694,28.71703651855153,True,home,False,-0.13
2023-03,data\historical_csv\football-data\2223\B1.csv:264,data\historical_csv\football-data\2223\B1.csv,264,2023-03-18,B1,Kortrijk,Club Brugge,draw,0.23760606166163029,0.23438357994459177,4.43,4.5,3.8319259154541596,0.0012224817170385105,4,0.0,PS,4.0-5.0,sportsbook,0.22573363431151244,1.052594853161022,0.003222481717038511,0.005144993812402903,1.4883995840570443,0.05645664053835046,0.35365276334660295,0.25,1.5801354401805856,draw:4.0-5.0,draw:sportsbook,sportsbook:4.0-5.0,0.21723675565734768,0.23760606166163029,0.5451571826810221,1.0038800385404878,0.5451571826810221,-0.3075511210193918,0.3279204270236744,0.005506843965970443,12.5,away,3.400610928329834,3.400610928329834,0.645495959197966,0.1,0.23340995694882583,0.2267358977523601,0.22725571821489127,0.922113297585608,,,0.0,lower_clv,True,0.23342133871719206,4.284098469727213,3.4056530517160732,True,home,False,-0.1
2023-03,data\historical_csv\football-data\2223\B1.csv:265,data\historical_csv\football-data\2223\B1.csv,265,2023-03-18,B1,Oostende,Westerlo,draw,0.2728724599814847,0.2671706596113712,3.8126,3.87,1.8614856834313853,0.003701800370113492,4,0.0,PS,3.0-4.0,sportsbook,0.2622882022766616,1.0403535409254085,0.0057018003701134745,0.013566046094811735,1.3383113710977392,0.07445937941634696,0.36518831605263374,0.25,1.5055342810680328,draw:3.0-4.0,draw:sportsbook,sportsbook:3.0-4.0,0.32208346961442946,0.2728724599814847,0.40504407040408574,1.0853584148576325,0.40504407040408574,-0.13217161042260106,0.08296060078965628,0.003701800370113492,10.571428571428566,away,2.997709126178986,2.997709126178986,0.5897437980133404,0.11,0.27015083965319986,0.26766233788218,0.2678561590790771,0.922113297585608,,,0.0,lower_clv,True,0.2635658488131172,3.794118261160062,0.4871155184890563,True,away,False,-0.11
2023-03,data\historical_csv\football-data\2223\SP2.csv:362,data\historical_csv\football-data\2223\SP2.csv,362,2023-03-26,SP2,Villarreal B,Huesca,away,0.31031745374753905,0.3020586956541224,3.548,3.6,7.170425218082643,0.006258758093416621,5,0.0,WH,3.0-4.0,sportsbook,0.2818489289740699,1.1010063258962686,0.00825875809341664,0.020168888400677838,1.266384064447333,0.09629692210035604,0.39298107834575574,0.2,1.4656144306651742,away:3.0-4.0,away:sportsbook,sportsbook:3.0-4.0,0.38453705006738087,0.3051454961850801,0.31031745374753905,1.0928262892445586,0.38453705006738087,-0.07421959631984182,0.07421959631984182,0.006258758093416621,19.999999999999996,home,8.109792758843312,8.109792758843312,0.8691322431398572,0.32,0.30470629300688645,0.31189290390157304,0.3113331624774505,0.922113297585608,,,0.0,lower_clv,True,0.2157654557166628,4.634662192233275,-23.446416311728036,False,draw,False,-0.32
2023-03,data\historical_csv\football-data\2223\SP2.csv:359,data\historical_csv\football-data\2223\SP2.csv,359,2023-03-26,SP2,Ponferradina,Mirandes,home,0.45437321657559415,0.4424389789951854,2.372,2.4,4.946525817657976,0.009934237580408707,5,0.0,WH,2.0-3.0,sportsbook,0.4215851602023609,1.0777732697173092,0.011934237580408735,0.021863607312241184,0.863733481135479,0.2064550199412518,0.3924573600875629,0.2,1.180438448566612,home:2.0-3.0,home:sportsbook,sportsbook:2.0-3.0,0.45437321657559415,0.3000196393294902,0.24560714409491569,1.0644597912274598,0.45437321657559415,0.0,0.20876607248067847,0.009934237580408707,13.207547169811317,home,4.7195667788283355,4.7195667788283355,0.7828678786261735,0.34,0.44148215336774177,0.484729262174169,0.48136088748028,0.922113297585608,,,0.0,lower_clv,True,0.40975363631242073,2.4404908495736692,-2.806437466693812,False,draw,False,-0.34
2023-03,data\historical_csv\football-data\2223\SP2.csv:364,data\historical_csv\football-data\2223\SP2.csv,364,2023-03-27,SP2,Malaga,Leganes,away,0.3764519038763763,0.3712048496319001,2.764,2.8,2.6010204382571844,0.003247054244476213,5,0.0,WH,2.0-3.0,sportsbook,0.36179450072358904,1.040513062314304,0.00524705424447619,0.008625415919114381,1.0166789059054233,0.14171603593214846,0.3827307097590478,0.2,1.302460202604916,away:2.0-3.0,away:sportsbook,sportsbook:2.0-3.0,0.3006544308350388,0.3228936652885849,0.3764519038763763,1.0941143455724534,0.3764519038763763,0.0,0.0757974730413375,0.012894997253538348,9.80392156862746,away,2.2023107329887512,2.2023107329887512,0.6172730940777625,0.12,0.3697623398443877,0.39112807869731836,0.3894639717534165,0.922113297585608,,,0.0,lower_clv,True,0.30708099224906193,3.2564698735535456,-15.122813742359288,False,home,False,-0.12
2023-03,data\historical_csv\football-data\2223\B1.csv:272,data\historical_csv\football-data\2223\B1.csv,272,2023-03-31,B1,Waregem,Antwerp,away,0.5538805028105109,0.5375492535187537,1.931,1.95,3.800760854471341,0.01433124929175718,5,0.0,WH,1.5-2.0,sportsbook,0.5178663904712584,1.0695432509270966,0.01633124929175722,0.02587426208187016,0.6580380034463774,0.3067836113936244,0.36447442021730425,0.2,0.9839461418953865,away:1.5-2.0,away:sportsbook,sportsbook:1.5-2.0,0.20896040084807307,0.23715909634141596,0.5538805028105109,0.9956643473542272,0.5538805028105109,0.0,0.34492010196243783,0.01433124929175718,10.169491525423723,away,3.1978968812858586,3.1978968812858586,0.7148647297664336,0.34,0.5344272236213664,0.6017107950623801,0.5964702995561764,0.922113297585608,,,0.0,lower_clv,True,0.520875902703197,1.91984308510009,0.5811368119873261,True,away,True,0.32
2023-04,data\historical_csv\football-data\2223\G1.csv:194,data\historical_csv\football-data\2223\G1.csv,194,2023-04-01,G1,Ionikos,Asteras Tripolis,home,0.42785442205330126,0.4056121304732898,2.617,2.65,6.148694544859934,0.020242291580011427,5,0.0,IW,2.0-3.0,sportsbook,0.38211692777990064,1.1196950225134894,0.022242291580011453,0.04731116598694329,0.9620286235480088,0.18305940647056446,0.4116082007268662,0.2,1.260985861673669,home:2.0-3.0,home:sportsbook,sportsbook:2.0-3.0,0.42785442205330126,0.3162397900736092,0.25590578787308954,1.0760947807628725,0.42785442205330126,0.0,0.17194863418021172,0.020242291580011427,20.454545454545435,home,6.810538139857817,6.810538139857817,0.8859741019383155,0.42,0.4081411468852037,0.44771150390975734,0.4401395547090076,0.8086459215909709,,,0.0,lower_clv,True,0.4572576116584431,2.186951019520629,19.66431697101456,True,home,True,0.68
2023-04,data\historical_csv\football-data\2223\E3.csv:457,data\historical_csv\football-data\2223\E3.csv,457,2023-04-01,E3,AFC Wimbledon,Rochdale,away,0.28245199049626696,0.27929090661314676,3.7439999999999998,3.8,4.566515435962137,0.0011610838831201799,5,0.0,IW,3.0-4.0,sportsbook,0.2670940170940171,1.0575002524180235,0.003161083883120197,0.0041107300432904025,1.3201545586153456,0.07977912693530329,0.37288028284362507,0.2,1.4957264957264904,away:3.0-4.0,away:sportsbook,sportsbook:3.0-4.0,0.43185759831243187,0.2856904111913011,0.28245199049626696,1.077628517268758,0.43185759831243187,-0.1494056078161649,0.1494056078161649,0.0074830834818783954,11.111111111111116,home,2.888411632695057,2.888411632695057,0.7078620339357627,0.11,0.27480879175399325,0.27550617718130244,0.2753727296355638,0.8086459215909709,,,0.0,lower_clv,True,0.2696151547257461,3.708990323697513,0.9439139293193399,True,away,True,0.3
2023-04,data\historical_csv\football-data\2223\B1.csv:284,data\historical_csv\football-data\2223\B1.csv,284,2023-04-08,B1,Charleroi,Waregem,draw,0.24090683527994303,0.22985788558779888,4.478999999999999,4.55,2.9533469547750935,0.009048949692144136,4,0.0,PS,4.0-5.0,sportsbook,0.2232641214556821,1.0790217152188646,0.01104894969214415,0.037562029660258116,1.4993998072251629,0.0580361032845976,0.36121566237797065,0.25,1.5851752623353477,draw:4.0-5.0,draw:sportsbook,sportsbook:4.0-5.0,0.5573802418715785,0.24090683527994303,0.2017129228484784,0.9916107205388585,0.5573802418715785,-0.3164734065916355,0.3556673190231001,0.011282696016215944,8.333333333333325,home,5.590572316158298,5.590572316158298,0.7723741749933811,0.16,0.2357458636216975,0.22777491554027296,0.22930018896444015,0.8086459215909709,,,0.0,lower_clv,True,0.23829440127739554,4.196489697783174,6.73206233214545,True,home,False,-0.16
2023-04,data\historical_csv\football-data\2223\SP2.csv:381,data\historical_csv\football-data\2223\SP2.csv,381,2023-04-09,SP2,Huesca,Burgos,draw,0.33792039324149387,0.33217446389104593,2.96,3.0,-1.6763586882504011,0.003745929350447911,4,0.0,B365,2.0-3.0,sportsbook,0.33783783783783783,1.0002443639948218,0.005745929350447931,0.011085242043296549,1.085189268335969,0.11419019216848586,0.36670758429753963,0.25,1.3513513513513598,draw:2.0-3.0,draw:sportsbook,sportsbook:2.0-3.0,0.3858807505716015,0.33792039324149387,0.27619885618690465,1.0894379358652282,0.3858807505716015,-0.04796035733010762,0.10968189438469683,0.005600588043748877,6.761565836298922,home,2.496791857153387,2.496791857153387,0.5848369423422769,0.13,0.3462729454633561,0.34063443370505336,0.34171338592616185,0.8086459215909709,,,0.0,lower_clv,True,0.33702737940026073,2.9671179883945844,-0.23989569752282947,False,home,False,-0.13
2023-04,data\historical_csv\football-data\2223\E3.csv:481,data\historical_csv\football-data\2223\E3.csv,481,2023-04-10,E3,Colchester,Crewe,away,0.2382940058666804,0.22507055425784944,4.43,4.5,-0.2937444637727049,0.011223451608830965,5,0.0,B365,4.0-5.0,sportsbook,0.22573363431151244,1.055642445989394,0.013223451608830955,0.047099177203434185,1.4883995840570443,0.05678403323198951,0.35467669921525397,0.2,1.5801354401805856,away:4.0-5.0,away:sportsbook,sportsbook:4.0-5.0,0.47705728960551497,0.28464870452780466,0.2382940058666804,1.052513154148654,0.47705728960551497,-0.23876328373883457,0.23876328373883457,0.011223451608830965,7.398568019093066,home,3.296831170680616,3.296831170680616,0.6523324487011544,0.1,0.2331756911302046,0.22481318560183824,0.2264133851404092,0.8086459215909709,,,0.0,lower_clv,True,0.2022769863236619,4.943716129920522,-10.39129505861779,False,home,False,-0.1
2023-04,data\historical_csv\football-data\2223\E3.csv:493,data\historical_csv\football-data\2223\E3.csv,493,2023-04-15,E3,Gillingham,Stockport,home,0.2324169577676986,0.2193521624425443,4.675,4.75,2.5471359418894446,0.011064795325154314,5,0.0,B365,4.0-5.0,sportsbook,0.21390374331550802,1.086549277563991,0.01306479532515431,0.04760752154846467,1.5422291627406504,0.054017642257992195,0.35844021018480693,0.2,1.6042780748663166,home:4.0-5.0,home:sportsbook,sportsbook:4.0-5.0,0.2324169577676986,0.30115299534308054,0.4664300468892209,1.0562943931863054,0.4664300468892209,-0.2340130891215223,0.2340130891215223,0.011064795325154314,10.208816705336442,away,5.96578676453176,5.96578676453176,0.7371099035555039,0.16,0.2266647845230626,0.21817109466287846,0.2197963968583661,0.8086459215909709,,,0.0,lower_clv,True,0.2268901056626968,4.407420046278426,6.071124397310745,True,draw,False,-0.16
2023-04,data\historical_csv\football-data\2223\B1.csv:293,data\historical_csv\football-data\2223\B1.csv,293,2023-04-15,B1,Oostende,Oud-Heverlee Leuven,draw,0.25881413091455374,0.24871155675795611,4.1457999999999995,4.21,3.1108372007134344,0.008102574156597634,4,0.0,PS,4.0-5.0,sportsbook,0.24120796951131268,1.0729916239455568,0.010102574156597627,0.03130653696521949,1.4220957735832738,0.06698475436105576,0.368058481717215,0.25,1.5485551642626438,draw:4.0-5.0,draw:sportsbook,sportsbook:4.0-5.0,0.38824892207554085,0.25881413091455374,0.35293694700990547,1.0847222780389614,0.38824892207554085,-0.1294347911609871,0.03531197506563538,0.008102574156597634,10.789473684210527,home,4.95720590450993,4.95720590450993,0.6841051375191289,0.16,0.253165145218076,0.2482094048560522,0.24915770598586168,0.8086459215909709,,,0.0,lower_clv,True,0.2529108608513075,3.9539622641509435,4.851784691735039,True,away,False,-0.16
2023-04,data\historical_csv\football-data\2223\T1.csv:263,data\historical_csv\football-data\2223\T1.csv,263,2023-04-18,T1,Alanyaspor,Galatasaray,away,0.6334581322664995,0.6222876508227329,1.8036,1.82,12.2358007023881,0.009170481443766636,5,0.0,BW,1.5-2.0,sportsbook,0.5544466622310933,1.1425050873558587,0.011170481443766644,0.014476854864827216,0.5897846675647921,0.40126920533456195,0.3736038939550115,0.2,0.9092925260590023,away:1.5-2.0,away:sportsbook,sportsbook:1.5-2.0,0.15922829717355538,0.20731357055994526,0.6334581322664995,0.907993807701418,0.6334581322664995,0.0,0.47422983509294414,0.009170481443766636,21.333333333333336,away,8.555777078058252,8.555777078058252,0.893502094421339,1.06,0.6018838826683203,0.6852872047984322,0.6693276389559732,0.8086459215909709,,,0.0,lower_clv,True,0.6644098027352338,1.5050951925802611,19.832952021326776,True,away,True,0.85
2023-04,data\historical_csv\football-data\2223\N1.csv:263,data\historical_csv\football-data\2223\N1.csv,263,2023-04-21,N1,Volendam,Cambuur,home,0.5574158469416841,0.5513886469346645,1.882,1.9,3.771343353103851,0.004027200007019657,5,0.0,IW,1.5-2.0,sportsbook,0.5313496280552604,1.0490566239442494,0.0060272000070196174,0.007224767701017614,0.6323350411631878,0.310712426421715,0.352473572520883,0.2,0.9564293304994642,home:1.5-2.0,home:sportsbook,sportsbook:1.5-2.0,0.5574158469416841,0.23321565034309746,0.20936850271521856,0.9926726399573911,0.5574158469416841,0.0,0.34804734422646555,0.004027200007019657,9.826589595375722,home,1.5364595219123103,1.5364595219123103,0.5675909453630793,0.17,0.539513600010161,0.5998806175531073,0.5883291425448751,0.8086459215909709,,,0.0,lower_clv,True,0.5438089746681644,1.8388810162800389,2.344849032548524,True,home,True,0.15
2023-04,data\historical_csv\football-data\2223\I2.csv:336,data\historical_csv\football-data\2223\I2.csv,336,2023-04-22,I2,Modena,Spal,away,0.22162173542306232,0.2129274390742191,4.92,5.0,4.760300024515796,0.006694296348843211,5,0.0,B365,4.0-5.0,sportsbook,0.2032520325203252,1.0903789382814666,0.008694296348843222,0.03020595581955989,1.5933085305042167,0.049116193611929836,0.3531118015947137,0.2,1.6260162601626105,away:4.0-5.0,away:sportsbook,sportsbook:4.0-5.0,0.4988434949767313,0.2795347696002064,0.22162173542306232,1.037166056791527,0.4988434949767313,-0.277221759553669,0.277221759553669,0.006694296348843211,7.9913606911447,home,5.857700416144652,5.857700416144652,0.7600098634071611,0.15,0.2151579276750908,0.206045298171703,0.2077890369922067,0.8086459215909709,,,0.0,lower_clv,True,0.2094337505152262,4.774779602332043,3.0414052534912805,True,draw,False,-0.15
2023-04,data\historical_csv\football-data\2223\E2.csv:525,data\historical_csv\football-data\2223\E2.csv,525,2023-04-25,E2,Lincoln,Burton,home,0.46103791266646627,0.44217558656864,2.274,2.3,0.550728385708732,0.016862326097826265,5,0.0,BW,2.0-3.0,sportsbook,0.4397537379067722,1.0484002134035444,0.018862326097826287,0.03657470597222915,0.8215403953283443,0.21255595691585216,0.3787612690333634,0.2,1.1433597185575906,home:2.0-3.0,home:sportsbook,sportsbook:2.0-3.0,0.46103791266646627,0.2786162593161483,0.26034582801738543,1.0633783265768406,0.46103791266646627,0.0,0.20069208464908084,0.01696676268592559,12.195121951219523,home,2.4576440178790677,2.4576440178790677,0.631657852567065,0.19,0.45056131933983756,0.4871687435804361,0.480163763651948,0.8086459215909709,,,0.0,lower_clv,True,0.4396326434820337,2.2746263609537145,-0.027536872185540684,False,away,False,-0.19
2023-04,data\historical_csv\football-data\2223\T1.csv:284,data\historical_csv\football-data\2223\T1.csv,284,2023-04-29,T1,Ankaragucu,Kasimpasa,home,0.4784654253883985,0.4654323897218781,2.274,2.3,5.839325422755093,0.011033035666520339,5,0.0,BW,2.0-3.0,sportsbook,0.4397537379067722,1.088030377333218,0.013033035666520365,0.023059211974541683,0.8215403953283443,0.2289291632921011,0.39307867472452934,0.2,1.1433597185575906,home:2.0-3.0,home:sportsbook,sportsbook:2.0-3.0,0.4784654253883985,0.2636511914730241,0.25788338313857745,1.0536877431418716,0.4784654253883985,0.0,0.22058204224982103,0.012510672637766616,12.195121951219523,home,4.42288411735581,4.42288411735581,0.7613401116907523,0.35,0.4592035361361293,0.5077995516969092,0.4985005059249253,0.8086459215909709,,,0.0,lower_clv,True,0.4954122366368886,2.0185209933216646,12.656742611228466,True,draw,False,-0.35
2023-05,data\historical_csv\football-data\2223\G1.csv:229,data\historical_csv\football-data\2223\G1.csv,229,2023-05-06,G1,Giannina,Asteras Tripolis,draw,0.4017102322417646,0.38463077305845433,2.715,2.75,4.427254885370346,0.015079459183310252,5,0.0,VC,2.0-3.0,sportsbook,0.3683241252302026,1.0906432805363908,0.017079459183310275,0.037538150569774026,0.9987919533858987,0.16137111068773247,0.4012249475558551,0.2,1.2891344383057168,draw:2.0-3.0,draw:sportsbook,sportsbook:2.0-3.0,0.3562336021766592,0.4017102322417646,0.24205616558157614,1.077439974333764,0.4017102322417646,0.0,0.11417743659508309,0.01537900574471011,4.961832061068705,draw,6.18525122958375,4.16685664620832,0.8266490097623382,0.24,0.383671663521946,0.41020509925236576,0.3975128523152832,0.5216508308220615,,,0.0,lower_clv,True,0.4214220319272948,2.372918177596665,14.416081668260539,True,home,False,-0.24
2023-05,data\historical_csv\football-data\2223\E3.csv:544,data\historical_csv\football-data\2223\E3.csv,544,2023-05-08,E3,Colchester,Mansfield,home,0.2735544269827748,0.26746043095375255,3.94,4.0,5.379409795778511,0.004093996029022297,5,0.0,B365,3.0-4.0,sportsbook,0.25380710659898476,1.0778044423121327,0.006093996029022275,0.014965928624068977,1.3711807233098425,0.07483202452187428,0.3750925570548507,0.2,1.522842639593902,home:3.0-4.0,home:sportsbook,sportsbook:3.0-4.0,0.2735544269827748,0.26013873540551524,0.46630683761170993,1.0606342755332085,0.46630683761170993,-0.1927524106289351,0.1927524106289351,0.004663306671085142,8.108108108108091,away,5.582390541285571,3.563995957910141,0.787059139156455,0.12,0.2628527816190613,0.26438247279850374,0.26365074629371865,0.5216508308220615,,,0.0,lower_clv,True,0.21203095388946375,4.716292511334554,-16.459804167551283,False,away,False,-0.12
2023-05,data\historical_csv\football-data\2223\F2.csv:345,data\historical_csv\football-data\2223\F2.csv,345,2023-05-13,F2,Dijon,Amiens,home,0.4976985672323841,0.49024517143023827,2.274,2.3,11.481751983236176,0.005453395802145806,5,0.0,BW,2.0-3.0,sportsbook,0.4397537379067722,1.1317665418864415,0.0074533958021458235,0.010957226243328767,0.8215403953283443,0.24770386382516796,0.4088794776784434,0.2,1.1433597185575906,home:2.0-3.0,home:sportsbook,sportsbook:2.0-3.0,0.4976985672323841,0.2865537205277363,0.21574771223987957,1.0362982289005558,0.4976985672323841,0.0,0.2819508549925045,0.0057071508705388305,17.948717948717952,home,9.20730474334024,7.188910159964809,0.9151454316206133,0.56,0.4713672390499772,0.5202674409560352,0.49687607000163886,0.5216508308220615,,,0.0,lower_clv,True,0.48291897550419266,2.0707407468425685,9.815775029653405,True,home,True,0.71
2023-12,data\historical_csv\football-data\2324\G1.csv:96,data\historical_csv\football-data\2324\G1.csv,96,2023-12-17,G1,Lamia,Volos NFC,home,0.5007764890005578,0.49647951679472957,2.127,2.15,5.601193222238976,0.0022969722058282403,5,0.0,VC,2.0-3.0,sportsbook,0.47014574518100616,1.0651515921041863,0.004296972205828253,0.004586821179270023,0.7547125362181001,0.25077709193572584,0.37794229409200647,0.2,1.0813352139163124,home:2.0-3.0,home:sportsbook,sportsbook:2.0-3.0,0.5007764890005578,0.265820311051651,0.23340319994779113,1.0381280992921043,0.5007764890005578,0.0,0.2673732890527667,0.007904169911675273,13.157894736842103,home,5.68441341753548,5.68441341753548,0.7193139071672617,0.5,0.4968707730020474,0.47786148157134717,0.47852106836630554,0.9653018736988203,,,0.0,lower_clv,True,0.4386062399637443,2.2799493232988683,-6.708452759711592,False,away,False,-0.5
2024-05,data\historical_csv\football-data\2324\I2.csv:377,data\historical_csv\football-data\2324\I2.csv,377,2024-05-10,I2,FeralpiSalo,Ternana,home,0.22937176062792883,0.22015215425313125,4.675,4.75,2.9211321133388646,0.007219606374797572,4,0.0,WH,4.0-5.0,sportsbook,0.21390374331550802,1.0723129809355672,0.009219606374797573,0.03147556767682803,1.5422291627406504,0.052611404573555884,0.35374381834955954,0.25,1.6042780748663166,home:4.0-5.0,home:sportsbook,sportsbook:4.0-5.0,0.22937176062792883,0.2283878340682148,0.5422404053038564,1.0068681349673072,0.5422404053038564,-0.31286864467592757,0.31286864467592757,0.007219606374797572,11.764705882352944,away,4.043873972890443,4.043873972890443,0.7273514301379055,0.11,0.22255374111848222,0.2108884736775882,0.2205595537856347,0.17095084557227216,,,0.0,lower_clv,True,0.23299229142924838,4.291987489653343,8.923896243173601,True,away,False,-0.11
2024-05,data\historical_csv\football-data\2324\T1.csv:368,data\historical_csv\football-data\2324\T1.csv,368,2024-05-18,T1,Kayserispor,Konyaspor,draw,0.385651878196462,0.3779462600688857,2.862,2.9,8.1682196317151,0.005705618127576284,4,0.0,VC,2.0-3.0,sportsbook,0.3494060097833683,1.1037356753982743,0.007705618127576308,0.014794737041756814,1.0515206811342592,0.1487273711564588,0.4055209256418501,0.25,1.3277428371767819,draw:2.0-3.0,draw:sportsbook,sportsbook:2.0-3.0,0.31279155802585024,0.385651878196462,0.3015565637776878,1.0924942612863573,0.385651878196462,0.0,0.011234994248162433,0.005705618127576284,15.999999999999993,draw,4.513005511517791,4.513005511517791,0.6687882912541229,0.24,0.36517472226246606,0.3637913041710097,0.3649382257699516,0.17095084557227216,,,0.0,lower_clv,True,0.37657812781289146,2.6554914535473637,7.776660180049544,True,draw,True,0.45
2024-09,data\historical_csv\football-data\2425\F2.csv:35,data\historical_csv\football-data\2425\F2.csv,35,2024-09-13,F2,Rodez,Guingamp,home,0.3331741448126605,0.31948691232779414,3.1266,3.17,-0.10922199159189017,0.011687232484866344,6,0.0,1XB,3.0-4.0,sportsbook,0.31983624384315235,1.0417022811712642,0.013687232484866363,0.035078449714151506,1.1399461521610867,0.11100501077164766,0.379800584378753,0.16666666666666666,1.3880892982792936,home:3.0-4.0,home:sportsbook,sportsbook:3.0-4.0,0.3331741448126605,0.29452264770450726,0.37230320748283224,1.0940656103743973,0.37230320748283224,-0.039129062670171744,0.039129062670171744,0.011687232484866344,9.631679059311793,away,3.7976181926731303,3.7976181926731303,0.7496533209525112,0.18,0.33198240322610223,0.32872961724443617,0.33198240322610223,0.0,,,0.0,lower_clv,True,0.26416425279869654,3.785523549857592,-17.406404719959546,False,away,False,-0.18
2024-09,data\historical_csv\football-data\2425\I2.csv:42,data\historical_csv\football-data\2425\I2.csv,42,2024-09-13,I2,Cesena,Modena,draw,0.3255845009940874,0.31227250924805133,3.156,3.2,-1.4467960813149938,0.011311991746036105,6,0.0,WH,3.0-4.0,sportsbook,0.3168567807351077,1.02754468513734,0.01331199174603609,0.03474364323700264,1.1493054029836278,0.10600526728756891,0.374196026120233,0.16666666666666666,1.3941698352344822,draw:3.0-4.0,draw:sportsbook,sportsbook:3.0-4.0,0.42540562041617513,0.3255845009940874,0.24900987858973753,1.075137700578666,0.42540562041617513,-0.09982111942208771,0.1763957418264376,0.011311991746036105,8.47457627118644,home,3.6157218719993787,3.6157218719993787,0.5715240612726559,0.17,0.32831344065906015,0.3209471678673851,0.32831344065906015,0.0,,,0.0,lower_clv,True,0.3246448274403324,3.0802893361478043,2.457907540168902,True,draw,True,0.37
2024-09,data\historical_csv\football-data\2425\I2.csv:46,data\historical_csv\football-data\2425\I2.csv,46,2024-09-14,I2,Cremonese,Spezia,away,0.2346990838112351,0.22032393347192036,4.4692,4.54,-1.5328276527293516,0.012375150339314741,6,0.0,PS,4.0-5.0,sportsbook,0.22375369193591696,1.048917145369172,0.014375150339314746,0.05272773177618318,1.4972094216910459,0.05508365994183316,0.3513936795444376,0.16666666666666666,1.5841761389062903,away:4.0-5.0,away:sportsbook,sportsbook:4.0-5.0,0.5023167166108448,0.26298419957792024,0.2346990838112351,1.0373000056004666,0.5023167166108448,-0.26761763279960965,0.26761763279960965,0.0154326024918159,5.2143684820394,home,3.314183368280131,3.314183368280131,0.6160673254456612,0.1,0.23116929957996987,0.22828473710420577,0.23116929957996987,0.0,,,0.0,lower_clv,True,0.2523153453812905,3.963294418295619,12.764774157806347,True,draw,False,-0.1
2024-09,data\historical_csv\football-data\2425\SP2.csv:56,data\historical_csv\football-data\2425\SP2.csv,56,2024-09-16,SP2,Almeria,Castellon,away,0.2880567173624967,0.27728260996853726,3.646,3.7,1.0972395945286761,0.008774107393959434,6,0.0,WH,3.0-4.0,sportsbook,0.27427317608337903,1.050254791503663,0.010774107393959453,0.030459652093160216,1.2936306762564713,0.08297667241765731,0.37263900608186584,0.16666666666666666,1.4810751508502529,away:3.0-4.0,away:sportsbook,sportsbook:3.0-4.0,0.4379185356686336,0.27402474696886964,0.2880567173624967,1.074849050337384,0.4379185356686336,-0.14986181830613687,0.14986181830613687,0.014907219294122377,9.467455621301779,home,5.166717264975794,5.166717264975794,0.7182105093599368,0.2,0.28844409562527645,0.2825550741617327,0.28844409562527645,0.0,,,0.0,lower_clv,True,0.24931681472729825,4.010960917713456,-9.09908935042706,False,away,True,0.53
2024-09,data\historical_csv\football-data\2425\I2.csv:52,data\historical_csv\football-data\2425\I2.csv,52,2024-09-20,I2,Catanzaro,Cremonese,home,0.3390409781692634,0.3334936344793357,3.058,3.1,1.9823534237808582,0.00354734368992763,6,0.0,WH,3.0-4.0,sportsbook,0.3270111183780249,1.0367873112416073,0.005547343689927653,0.010462875930462448,1.1177611075068705,0.11494878487797093,0.3789668192486885,0.16666666666666666,1.373446697187708,home:3.0-4.0,home:sportsbook,sportsbook:3.0-4.0,0.3390409781692634,0.29163881358909965,0.369320208241637,1.093963747534133,0.369320208241637,-0.030279230072373653,0.030279230072373653,0.0038343654821485686,7.93871866295266,away,3.5556866546619097,3.5556866546619097,0.6384811121865857,0.17,0.33863860907345295,0.3347491703782309,0.33863860907345295,0.0,,,0.0,lower_clv,True,0.3464087671015678,2.886762966096634,5.931800979659441,True,away,False,-0.17
2024-09,data\historical_csv\football-data\2425\F1.csv:45,data\historical_csv\football-data\2425\F1.csv,45,2024-09-22,F1,Montpellier,Auxerre,draw,0.2839724579355319,0.27629833805542164,3.695,3.75,2.0922359114782907,0.005674119880110258,6,0.0,1XB,3.0-4.0,sportsbook,0.2706359945872801,1.0492782320717902,0.007674119880110242,0.019981233114510038,1.3069805544001651,0.08064035686594742,0.37114648050695903,0.16666666666666666,1.4884979702300516,draw:3.0-4.0,draw:sportsbook,sportsbook:3.0-4.0,0.4132305343232035,0.2839724579355319,0.30279700774126467,1.0844283822318364,0.4132305343232035,-0.12925807638767162,0.11043352658193883,0.01507848358319413,7.14285714285714,home,5.180411064104735,5.180411064104735,0.7404882492902918,0.19,0.2846560515943295,0.27838670916396924,0.2846560515943295,0.0,,,0.0,lower_clv,True,0.268175507407905,3.7289013067064416,-0.909150012779103,False,home,False,-0.19
2024-09,data\historical_csv\football-data\2425\N1.csv:51,data\historical_csv\football-data\2425\N1.csv,51,2024-09-22,N1,Almere City,Twente,draw,0.21530590317477552,0.20854840376253164,4.92,5.0,2.605814651165561,0.004757499412243877,6,0.0,B365,4.0-5.0,sportsbook,0.2032520325203252,1.0593050436198956,0.006757499412243878,0.02209646527146985,1.5933085305042167,0.04635663194190581,0.34304873219628473,0.16666666666666666,1.6260162601626105,draw:4.0-5.0,draw:sportsbook,sportsbook:4.0-5.0,0.16301732534954885,0.21530590317477552,0.6216767714756758,0.9218459435895783,0.6216767714756758,-0.4063708683009003,0.45865944612612697,0.008672332553144394,7.38255033557047,away,3.8750827517268793,3.8750827517268793,0.6991389267324962,0.1,0.21112821697505463,0.2086742969591516,0.21112821697505463,0.0,,,0.0,lower_clv,True,0.20879258511964643,4.789442112740548,2.7259518788660397,True,away,False,-0.1
2024-09,data\historical_csv\football-data\2425\D1.csv:36,data\historical_csv\football-data\2425\D1.csv,36,2024-09-22,D1,Stuttgart,Dortmund,draw,0.24986865701319783,0.24471121415594643,4.0968,4.16,0.2532902154081418,0.0031574428572513904,6,0.0,1XB,4.0-5.0,sportsbook,0.2440929505955868,1.023661914051669,0.005157442857251393,0.012636410244461422,1.4102061811662034,0.06243434575757909,0.3523663245997096,0.16666666666666666,1.5426674477641011,draw:4.0-5.0,draw:sportsbook,sportsbook:4.0-5.0,0.41775585548404637,0.24986865701319783,0.33237548750275575,1.077272662192449,0.41775585548404637,-0.16788719847084854,0.08538036798129062,0.004447648493119393,5.987261146496814,home,3.188129148766857,3.188129148766857,0.6954235711111089,0.1,0.25187494910360975,0.24366993664704892,0.25187494910360975,0.0,,,0.0,lower_clv,True,0.25529151948733547,3.9170905559579627,4.587829703571589,True,home,False,-0.1
2024-09,data\historical_csv\football-data\2425\SP1.csv:59,data\historical_csv\football-data\2425\SP1.csv,59,2024-09-22,SP1,Getafe,Leganes,draw,0.339511600431358,0.3315777873867136,3.058,3.1,1.3964873828570257,0.0059338130446443624,6,0.0,1XB,3.0-4.0,sportsbook,0.3270111183780249,1.0382264741190925,0.007933813044644356,0.017477497196282263,1.1177611075068705,0.11526812682746207,0.3794928625095848,0.16666666666666666,1.373446697187708,draw:3.0-4.0,draw:sportsbook,sportsbook:3.0-4.0,0.4599788889158695,0.339511600431358,0.20050951065277242,1.046161852855946,0.4599788889158695,-0.12046728848451155,0.25946937826309713,0.00803957709180373,6.896551724137945,home,2.2212953347540063,2.2212953347540063,0.5933788451850422,0.11,0.3342750010946829,0.3352321777712417,0.3342750010946829,0.0,,,0.0,lower_clv,True,0.3481154222833496,2.872610450409885,6.453696134248288,True,draw,True,0.23
2024-09,data\historical_csv\football-data\2425\F2.csv:63,data\historical_csv\football-data\2425\F2.csv,63,2024-09-28,F2,Troyes,Metz,away,0.4747505455842056,0.4677340958271898,2.225,2.25,4.07083632154972,0.005016449757015843,6,0.0,BW,2.0-3.0,sportsbook,0.449438202247191,1.0563199639248575,0.007016449757015819,0.01056649603391785,0.7997569156182036,0.22538808053250087,0.3796850320244836,0.16666666666666666,1.1235955056179803,away:2.0-3.0,away:sportsbook,sportsbook:2.0-3.0,0.25076790223576895,0.27448155218002546,0.4747505455842056,1.0554112597136922,0.4747505455842056,0.0,0.22398264334843665,0.007417236104778794,11.717974180734835,away,4.019345879883383,4.019345879883383,0.6829823652267527,0.33,0.4675026781118354,0.4745858194158745,0.4675026781118354,0.0,,,0.0,lower_clv,True,0.5199730681481943,1.923176528279338,15.694007662973242,True,home,False,-0.33
2024-09,data\historical_csv\football-data\2425\E1.csv:78,data\historical_csv\football-data\2425\E1.csv,78,2024-09-28,E1,Hull,Cardiff,draw,0.2527924169023605,0.24597450139320978,4.038,4.1,-0.6754963374218881,0.0048179155091507084,6,0.0,B365,4.0-5.0,sportsbook,0.24764735017335313,1.0207757794517316,0.0068179155091507015,0.019058781779089515,1.3957495198906458,0.06390400604333683,0.3528348945234656,0.16666666666666666,1.535413571074784,draw:4.0-5.0,draw:sportsbook,sportsbook:4.0-5.0,0.5034110889277332,0.2527924169023605,0.24379649416990626,1.0372516259598903,0.5034110889277332,-0.25061867202537275,0.259614594757827,0.01301777639111365,4.458598726114649,home,3.029399796380654,3.029399796380654,0.6198056949068789,0.1,0.2551495784952468,0.2466395402035154,0.2551495784952468,0.0,,,0.0,lower_clv,True,0.25731472958678875,3.8862913196063795,3.903687807145295,True,home,False,-0.1
2024-09,data\historical_csv\football-data\2425\D1.csv:46,data\historical_csv\football-data\2425\D1.csv,46,2024-09-29,D1,Hoffenheim,Werder Bremen,draw,0.25381950305534917,0.24841754052858905,4.0086,4.07,-0.4193447037097786,0.003401962526760128,6,0.0,1XB,4.0-5.0,sportsbook,0.24946365314573665,1.0174608599476729,0.005401962526760118,0.013403077721802483,1.3884420531773496,0.06442434013126441,0.35241367195862355,0.16666666666666666,1.5317068303148274,draw:4.0-5.0,draw:sportsbook,sportsbook:4.0-5.0,0.4051800421018918,0.25381950305534917,0.3410004548427591,1.0809419509472447,0.4051800421018918,-0.15136053904654262,0.0641795872591327,0.006232462163107021,6.335728282168529,home,3.30101119036969,3.30101119036969,0.6892999075041653,0.11,0.25769847625198244,0.2476830472928114,0.25769847625198244,0.0,,,0.0,lower_clv,True,0.2563666898374797,3.900662760181274,2.767151288252112,True,away,False,-0.11
2024-09,data\historical_csv\football-data\2425\P1.csv:64,data\historical_csv\football-data\2425\P1.csv,64,2024-09-30,P1,AVS,Farense,draw,0.2629000387098948,0.2537371838988779,3.8665,4.0,-1.8925178454988645,0.007162854811016908,6,0.025,BFE,3.0-4.0,exchange,0.258631837579206,1.0165029996718082,0.009162854811016918,0.027245544908119933,1.352349705066953,0.06911643035366419,0.3555327898114168,0.16666666666666666,3.452735031682397,draw:3.0-4.0,draw:exchange,exchange:3.0-4.0,0.49582134293104346,0.2629000387098948,0.24127861835906178,1.0421185189691995,0.49582134293104346,-0.23292130422114865,0.2545427245719817,0.008828451069050999,5.795148247978443,home,3.136109543549821,3.136109543549821,0.5501940189159517,0.11,0.26674281532018573,0.25691574105175824,0.26674281532018573,0.0,,,0.0,lower_clv,True,0.28487324751591725,3.5103331348940556,10.1462411520294,True,draw,True,0.32
2024-10,data\historical_csv\football-data\2425\I2.csv:72,data\historical_csv\football-data\2425\I2.csv,72,2024-10-04,I2,Sampdoria,Juve Stabia,draw,0.2986982896602612,0.2893875192653481,3.45,3.5,-0.16130585345489612,0.00731077039491308,6,0.0,WH,3.0-4.0,sportsbook,0.2898550724637681,1.0305090993279011,0.00931077039491307,0.024475434403150868,1.2383742310432684,0.08922066824596529,0.3699002647719654,0.16666666666666666,1.4492753623188248,draw:3.0-4.0,draw:sportsbook,sportsbook:3.0-4.0,0.4887461426228056,0.2986982896602612,0.21255556771693324,1.0399760707104073,0.4887461426228056,-0.1900478529625444,0.27619057490587234,0.00731077039491308,5.421686746987953,home,3.093528147195,3.093528147195,0.6084492400614664,0.13,0.2988218207165072,0.29898291954107653,0.2988218207165072,0.0,,,0.0,lower_clv,True,0.28625954198473286,3.4933333333333327,-1.240458015267154,False,away,False,-0.13
2024-10,data\historical_csv\football-data\2425\D1.csv:52,data\historical_csv\football-data\2425\D1.csv,52,2024-10-05,D1,St Pauli,Mainz,draw,0.2837507807840315,0.27817416842796033,3.6068000000000002,3.66,0.3318590685967404,0.00357661235607114,6,0.0,1XB,3.0-4.0,sportsbook,0.27725407563491183,1.0234323161318448,0.005576612356071153,0.012604766570821782,1.2828209526436147,0.08051450559554749,0.36400144691874076,0.16666666666666666,1.4749916823777243,draw:3.0-4.0,draw:sportsbook,sportsbook:3.0-4.0,0.3925284364032416,0.2837507807840315,0.323720782812727,1.0896169530282416,0.3925284364032416,-0.1087776556192101,0.0688076535905146,0.005267834728886349,7.017543859649122,home,2.8419262429534213,2.8419262429534213,0.6887578940837106,0.11,0.2851334319700383,0.28349763697829367,0.2851334319700383,0.0,,,0.0,lower_clv,True,0.28733695783852153,3.48023452159601,3.6366939531979448,True,away,False,-0.11
2024-10,data\historical_csv\football-data\2425\D1.csv:50,data\historical_csv\football-data\2425\D1.csv,50,2024-10-05,D1,Union Berlin,Dortmund,draw,0.2755938001933965,0.269953107162787,3.7342,3.79,0.8058892767279113,0.0036406930306095682,6,0.0,1XB,3.0-4.0,sportsbook,0.26779497616624715,1.0291223686821813,0.005640693030609545,0.013210358970538273,1.3175336055490983,0.07595194270503776,0.36310409323578346,0.16666666666666666,1.4942959670076528,draw:3.0-4.0,draw:sportsbook,sportsbook:3.0-4.0,0.28113346302533987,0.2755938001933965,0.44327273678126355,1.0725637084130757,0.44327273678126355,-0.16767893658786703,0.16213927375592369,0.0036406930306095682,7.213578500707207,away,2.6230500908915917,2.6230500908915917,0.6796819779142139,0.1,0.27481937253197897,0.27505471732008857,0.27481937253197897,0.0,,,0.0,lower_clv,True,0.2672333390229479,3.7420480680149266,-0.2097265420508032,False,home,False,-0.1
2024-10,data\historical_csv\football-data\2425\I2.csv:82,data\historical_csv\football-data\2425\I2.csv,82,2024-10-18,I2,Bari,Catanzaro,home,0.4974558652452777,0.4852933166979466,2.0780000000000003,2.1,0.8439512098333157,0.010162548547331089,6,0.0,WH,2.0-3.0,sportsbook,0.4812319538017324,1.033713287979687,0.012162548547331065,0.020429045584416418,0.7314058926770358,0.24746233786692787,0.3638421511871496,0.16666666666666666,1.0587102983637964,home:2.0-3.0,home:sportsbook,sportsbook:2.0-3.0,0.4974558652452777,0.2880848964314378,0.21445923832328453,1.0360585292193618,0.4974558652452777,0.0,0.2829966269219931,0.010162548547331089,6.329113924050622,home,2.1516630224766553,2.1516630224766553,0.5644185093275841,0.2,0.49158644380402616,0.5053761371197686,0.49158644380402616,0.0,,,0.0,lower_clv,True,0.502354747412131,1.990625161106722,4.389316512240837,True,draw,False,-0.2
2024-10,data\historical_csv\football-data\2425\B1.csv:84,data\historical_csv\football-data\2425\B1.csv,84,2024-10-19,B1,Cercle Brugge,Dender,away,0.22722909284730264,0.22038720627450245,4.72645,4.9,4.164911109612213,0.004841886572800193,6,0.025,BFE,4.0-5.0,exchange,0.21157528377534937,1.0739869458881335,0.006841886572800188,0.021308391949854448,1.5531743921750678,0.05163306063620808,0.35292640816760135,0.16666666666666666,3.6718890499211954,away:4.0-5.0,away:exchange,exchange:4.0-5.0,0.5248133562049553,0.24795755094774208,0.22722909284730264,1.0208373027272084,0.5248133562049553,-0.29758426335765265,0.29758426335765265,0.006479419865402057,13.08647789486077,home,5.44033064425099,5.44033064425099,0.7902849247952853,0.15,0.22308567877424068,0.22513504611337343,0.22308567877424068,0.0,,,0.0,lower_clv,True,0.24893632107012825,4.017091582703547,17.658507472190756,True,draw,False,-0.15
2024-10,data\historical_csv\football-data\2425\I2.csv:87,data\historical_csv\football-data\2425\I2.csv,87,2024-10-19,I2,Brescia,Sassuolo,away,0.3791160252276229,0.37249645923772834,2.764,2.8,2.958021333308114,0.004619565989894548,6,0.0,WH,2.0-3.0,sportsbook,0.36179450072358904,1.0478766937291495,0.006619565989894549,0.01218509818233334,1.0166789059054233,0.1437289605843916,0.3854392657396325,0.16666666666666666,1.302460202604916,away:2.0-3.0,away:sportsbook,sportsbook:2.0-3.0,0.32933964713861064,0.2915443276337665,0.3791160252276229,1.0928426196639436,0.3791160252276229,0.0,0.04977637808901225,0.00550402515776337,9.80392156862746,away,4.253309555637907,4.253309555637907,0.7297427641708657,0.24,0.37718274079463787,0.382490244902825,0.37718274079463787,0.0,,,0.0,lower_clv,True,0.465978482538998,2.1460218389296752,28.79645257377903,True,away,True,0.42
2024-10,data\historical_csv\football-data\2425\F2.csv:79,data\historical_csv\football-data\2425\F2.csv,79,2024-10-19,F2,Amiens,Ajaccio,away,0.25500455665342336,0.23827458442479468,4.087,4.15,-2.617177345586419,0.014729972228628686,6,0.0,PS,4.0-5.0,sportsbook,0.24467824810374358,1.0422036230425413,0.01672997222862868,0.057763564784641036,1.4078112045821403,0.065027323914009,0.35899827207619056,0.16666666666666666,1.5414729630536028,away:4.0-5.0,away:sportsbook,sportsbook:4.0-5.0,0.4303311938809258,0.31466424946565086,0.25500455665342336,1.0751426386131056,0.4303311938809258,-0.1753266372275024,0.1753266372275024,0.014729972228628686,2.977667493796532,home,3.11495132674835,3.11495132674835,0.6521345858768871,0.1,0.2522998564393158,0.2537713762304969,0.2522998564393158,0.0,,,0.0,lower_clv,True,0.19501211735790036,5.1278864798166754,-20.298547635826125,False,home,False,-0.1
2024-10,data\historical_csv\football-data\2425\SP2.csv:116,data\historical_csv\football-data\2425\SP2.csv,116,2024-10-23,SP2,Cartagena,Elche,home,0.27084126875017706,0.2645258835968148,3.842,3.9,1.6308444778962317,0.004315385153362247,6,0.0,WH,3.0-4.0,sportsbook,0.2602811035918792,1.0405721545381803,0.006315385153362274,0.015933262952414914,1.345993064346365,0.07335499285820564,0.3645504692765082,0.16666666666666666,1.5096304008328953,home:3.0-4.0,home:sportsbook,sportsbook:3.0-4.0,0.27084126875017706,0.3149464310778431,0.4142123001719798,1.082730176710019,0.4142123001719798,-0.14337103142180274,0.14337103142180274,0.004315385153362247,10.481586402266284,away,4.576799330648379,4.576799330648379,0.716897289677955,0.16,0.2721936473988766,0.27013829932457917,0.2721936473988766,0.0,,,0.0,lower_clv,True,0.2595040793277729,3.8535039703053213,-0.2985327222696399,False,draw,False,-0.16
2024-10,data\historical_csv\football-data\2425\SP2.csv:120,data\historical_csv\football-data\2425\SP2.csv,120,2024-10-24,SP2,Burgos,Ferrol,away,0.2465793500964849,0.24161680696442017,4.478999999999999,4.55,8.220167839363768,0.0029625431320647404,5,0.0,PS,4.0-5.0,sportsbook,0.2232641214556821,1.1044289090821557,0.004962543132064734,0.012014562983094555,1.4993998072251629,0.06080137589400487,0.36972103000037543,0.2,1.5851752623353477,away:4.0-5.0,away:sportsbook,sportsbook:4.0-5.0,0.4615443379155102,0.2918763119880049,0.2465793500964849,1.061508074871237,0.4615443379155102,-0.2149649878190253,0.2149649878190253,0.006362497313709906,13.113735239279078,home,7.299456516930318,7.299456516930318,0.8364848704007409,0.21,0.2395611889192461,0.24507505023600956,0.2395611889192461,0.0,,,0.0,lower_clv,True,0.17656974734453992,5.663484345643331,-20.91441016438058,False,draw,False,-0.21
2024-10,data\historical_csv\football-data\2425\SP2.csv:118,data\historical_csv\football-data\2425\SP2.csv,118,2024-10-24,SP2,Almeria,Albacete,away,0.2225369208982399,0.20838777244121007,4.675,4.75,-2.578716383734292,0.012149148457029838,5,0.0,B365,4.0-5.0,sportsbook,0.21390374331550802,1.0403601051992715,0.014149148457029831,0.05459385529372591,1.5422291627406504,0.04952268116286948,0.34320292919577483,0.2,1.6042780748663166,away:4.0-5.0,away:sportsbook,sportsbook:4.0-5.0,0.5399049160428889,0.2375581630588711,0.2225369208982399,1.0086273452269532,0.5399049160428889,-0.31736799514464903,0.31736799514464903,0.02243165391166347,7.223476297968401,home,4.1089590998205345,4.1089590998205345,0.6729361502028527,0.11,0.22269296064132738,0.220307468809826,0.22269296064132738,0.0,,,0.0,lower_clv,True,0.17241177526299056,5.800067880947441,-19.39749506455192,False,home,False,-0.11
2024-10,data\historical_csv\football-data\2425\N1.csv:84,data\historical_csv\football-data\2425\N1.csv,84,2024-10-26,N1,NAC Breda,Waalwijk,draw,0.25251933097935214,0.24902615086552102,4.038,4.1,0.5567597194974017,0.0014931801138311138,6,0.0,B365,4.0-5.0,sportsbook,0.24764735017335313,1.019673058494624,0.0034931801138311236,0.005913131909704003,1.3957495198906458,0.0637660125182596,0.35245373497753785,0.16666666666666666,1.535413571074784,draw:4.0-5.0,draw:sportsbook,sportsbook:4.0-5.0,0.5048802702504718,0.25251933097935214,0.2426003987701761,1.0361910288223373,0.5048802702504718,-0.25236093927111963,0.26227987148029563,0.005551945178243126,7.119529719137807,home,3.2617023152249067,3.2617023152249067,0.7341786340229624,0.11,0.2557248695275505,0.251205339745109,0.2557248695275505,0.0,,,0.0,lower_clv,True,0.23938017797032884,4.177455328502387,-3.3382841355812043,False,home,False,-0.11
2024-10,data\historical_csv\football-data\2425\I2.csv:103,data\historical_csv\football-data\2425\I2.csv,103,2024-10-29,I2,Brescia,Spezia,away,0.42132875480446796,0.41252840215914466,2.6660000000000004,2.7,9.980072015627982,0.006800352645323311,6,0.0,WH,2.0-3.0,sportsbook,0.3750937734433608,1.1232624603087118,0.008800352645323306,0.016140252873268163,0.980579221756517,0.17751791962508348,0.4131462224898076,0.16666666666666666,1.275318829707417,away:2.0-3.0,away:sportsbook,sportsbook:2.0-3.0,0.27264946210236685,0.3060217830931652,0.42132875480446796,1.0808587709574948,0.42132875480446796,0.0,0.14867929270210112,0.009629684145818234,16.079105760963053,away,9.462334786074573,9.462334786074573,0.8933583614173162,0.57,0.41058640204829167,0.42636852148235804,0.41058640204829167,0.0,,,0.0,lower_clv,True,0.403516959844515,2.478210582240024,7.577621494547726,True,draw,False,-0.57
2024-10,data\historical_csv\football-data\2425\I2.csv:107,data\historical_csv\football-data\2425\I2.csv,107,2024-10-29,I2,Salernitana,Cesena,draw,0.3080778252179559,0.29824640730906166,3.352,3.4,-0.027804270002540488,0.007831417908894234,6,0.0,WH,3.0-4.0,sportsbook,0.2983293556085919,1.0326768701305882,0.009831417908894247,0.025420258349830076,1.2095571826198366,0.09491194639102539,0.3726377462982772,0.16666666666666666,1.4319809069212486,draw:3.0-4.0,draw:sportsbook,sportsbook:3.0-4.0,0.38041236208830653,0.3080778252179559,0.31150981269373756,1.0937215560087528,0.38041236208830653,-0.07233453687035063,0.06890254939456897,0.008259308415115655,0.591715976331364,home,2.437584986455968,2.437584986455968,0.6146497032203885,0.1,0.30560138719109775,0.3087079333077485,0.30560138719109775,0.0,,,0.0,lower_clv,True,0.2990127215006058,3.3443393143323967,0.2290642470030635,True,draw,True,0.24
2024-12,data\historical_csv\football-data\2425\F1.csv:115,data\historical_csv\football-data\2425\F1.csv,115,2024-12-01,F1,Le Havre,Angers,draw,0.29872618475571583,0.2889953472549312,3.3912,3.44,-1.9958978389077342,0.007730837500784619,6,0.0,1XB,3.0-4.0,sportsbook,0.2948808681292758,1.0130402377435834,0.009730837500784628,0.025879343342822568,1.2211838410562903,0.08923733345870606,0.3647995897240761,0.16666666666666666,1.439018636470868,draw:3.0-4.0,draw:sportsbook,sportsbook:3.0-4.0,0.4156190396601264,0.29872618475571583,0.28565477558415775,1.083754322756209,0.4156190396601264,-0.11689285490441059,0.12996426407596867,0.008183195576123186,5.846153846153834,home,2.3802504450214554,2.3802504450214554,0.6344469718376867,0.1,0.301899771305206,0.2909268424018686,0.301899771305206,0.0,,,0.0,lower_clv,True,0.3123595654981107,3.201438695835452,5.927375851719319,True,away,False,-0.1
2024-12,data\historical_csv\football-data\2425\I1.csv:155,data\historical_csv\football-data\2425\I1.csv,155,2024-12-15,I1,Bologna,Fiorentina,draw,0.3064880411117284,0.30057317137375844,3.3226,3.37,-0.13155807935502084,0.003914869737969977,6,0.0,1XB,3.0-4.0,sportsbook,0.3009691205682297,1.0183371653978288,0.005914869737969952,0.0127733197150842,1.2007476089702414,0.09393491934450451,0.3680147825428809,0.16666666666666666,1.4265936314934224,draw:3.0-4.0,draw:sportsbook,sportsbook:3.0-4.0,0.35236150799059857,0.3064880411117284,0.34115045089767304,1.096877025165683,0.35236150799059857,-0.04587346687887017,0.011211057092925525,0.004778974142321963,5.312499999999987,home,2.252313149190136,2.252313149190136,0.6391496894703704,0.1,0.30774788764578986,0.29882065392305374,0.30774788764578986,0.0,,,0.0,lower_clv,True,0.3150340643578545,3.1742599075383695,4.673218223540743,True,home,False,-0.1
2024-12,data\historical_csv\football-data\2425\N1.csv:151,data\historical_csv\football-data\2425\N1.csv,151,2024-12-22,N1,PSV Eindhoven,Feyenoord,draw,0.22321923348466308,0.21971186386253663,4.72645,4.9,3.8457138953086334,0.0015073696221264295,6,0.025,BFE,4.0-5.0,exchange,0.21157528377534937,1.0550345461035857,0.003507369622126444,0.006752866223017461,1.5531743921750678,0.04982682619748053,0.3466983972893261,0.16666666666666666,3.6718890499211954,draw:4.0-5.0,draw:exchange,exchange:4.0-5.0,0.5643458663297964,0.22321923348466308,0.21243490018554045,0.9866823309003685,0.5643458663297964,-0.34112663284513334,0.351910966144256,0.010390173565076858,10.912240184757515,home,4.7886469110576595,4.7886469110576595,0.8006511472844552,0.13,0.22170687706641914,0.21463555596677764,0.22170687706641914,0.0,,,0.0,lower_clv,True,0.21734458360665201,4.600988823396628,2.726830718766027,True,home,False,-0.13
2024-12,data\historical_csv\football-data\2425\T1.csv:150,data\historical_csv\football-data\2425\T1.csv,150,2024-12-22,T1,Goztep,Rizespor,draw,0.27998682470666475,0.2700664336211628,3.6068000000000002,3.66,-2.592438721518997,0.007920391085501981,6,0.0,1XB,3.0-4.0,sportsbook,0.27725407563491183,1.0098564793519984,0.009920391085501967,0.028288442121517605,1.2828209526436147,0.07839262200932061,0.35917296519786446,0.16666666666666666,1.4749916823777243,draw:3.0-4.0,draw:sportsbook,sportsbook:3.0-4.0,0.4575932814585265,0.27998682470666475,0.2624198938348088,1.0652293643176853,0.4575932814585265,-0.17760645675186176,0.19517338762371772,0.01891635520092607,6.08695652173914,home,2.9430125940520497,2.9430125940520497,0.669028694253893,0.11,0.28541369799836985,0.2719046119445163,0.28541369799836985,0.0,,,0.0,lower_clv,True,0.2938353549204309,3.403266432219482,5.9805358127010155,True,home,False,-0.11
2024-12,data\historical_csv\football-data\2425\I2.csv:185,data\historical_csv\football-data\2425\I2.csv,185,2024-12-26,I2,Cosenza,Catanzaro,draw,0.31029590243035,0.29783642975215857,3.254,3.3,-3.0840257586476016,0.010459472678191422,6,0.0,1XB,3.0-4.0,sportsbook,0.3073140749846343,1.009702866508359,0.012459472678191419,0.033708059295237354,1.179885008796846,0.09628354706506528,0.36611348356865875,0.16666666666666666,1.41364474492931,draw:3.0-4.0,draw:sportsbook,sportsbook:3.0-4.0,0.4029683671713023,0.31029590243035,0.28673573039834765,1.0875626990080378,0.4029683671713023,-0.09267246474095231,0.11623263677295465,0.010459472678191422,6.451612903225801,home,2.5271537247367055,2.5271537247367055,0.6361312019744865,0.11,0.31508037407724865,0.3026962560632313,0.31508037407724865,0.0,,,0.0,lower_clv,True,0.3188471520089646,3.136298987459309,3.7528632637170656,True,draw,True,0.25
2024-12,data\historical_csv\football-data\2425\I2.csv:199,data\historical_csv\football-data\2425\I2.csv,199,2024-12-29,I2,Cittadella,Palermo,home,0.2761100040017488,0.2652692885746266,3.9595999999999996,4.02,5.036027504009133,0.008840715427122187,6,0.0,1XB,3.0-4.0,sportsbook,0.2525507627033034,1.0932851718453245,0.010840715427122172,0.03201881604791905,1.3761430100635152,0.07623673430984573,0.3799668520156158,0.16666666666666666,1.5254066067279526,home:3.0-4.0,home:sportsbook,sportsbook:3.0-4.0,0.2761100040017488,0.30653609823459926,0.41735389776365195,1.082488236794751,0.41735389776365195,-0.14124389376190316,0.14124389376190316,0.009303743467298892,11.049723756906072,away,6.8964575780153226,6.8964575780153226,0.8480195188520839,0.23,0.26996781891609084,0.267975908591995,0.26996781891609084,0.0,,,0.0,lower_clv,True,0.306221580655551,3.2656091639891174,21.25149707637195,True,home,True,0.68
2024-12,data\historical_csv\football-data\2425\E1.csv:283,data\historical_csv\football-data\2425\E1.csv,283,2024-12-29,E1,Watford,Cardiff,away,0.2582499997944217,0.251775606323468,4.153149999999999,4.3,4.5661859402311045,0.004474393470953679,6,0.025,BFE,4.0-5.0,exchange,0.2407810938685095,1.0725509866462022,0.006474393470953688,0.01732582177934363,1.423867082464937,0.06669306239381881,0.36771367375385383,0.16666666666666666,3.5358703634590816,away:4.0-5.0,away:exchange,exchange:4.0-5.0,0.47380382844254026,0.26794617176303803,0.2582499997944217,1.0564161255748759,0.47380382844254026,-0.21555382864811856,0.21555382864811856,0.005843715078106215,8.141025641025635,home,3.580975409080076,3.580975409080076,0.7300844617772876,0.11,0.2494034056296548,0.24990834068166273,0.2494034056296548,0.0,,,0.0,lower_clv,True,0.2256717677171561,4.431214458573046,-6.275129790549327,False,away,True,0.35
2024-12,data\historical_csv\football-data\2425\I2.csv:195,data\historical_csv\football-data\2425\I2.csv,195,2024-12-29,I2,Mantova,Reggiana,home,0.39260080934638114,0.3824176444504717,2.568,2.6,-1.7951489051188596,0.008183164895909435,6,0.0,1XB,2.0-3.0,sportsbook,0.3894080996884735,1.0081988784015068,0.010183164895909425,0.02084347434110776,0.9431273858277147,0.1541353954994335,0.37027257499269745,0.16666666666666666,1.2461059190031154,home:2.0-3.0,home:sportsbook,sportsbook:2.0-3.0,0.39260080934638114,0.30832898597454766,0.29907020467907114,1.0908437219205895,0.39260080934638114,0.0,0.09353060466731,0.012710127768697992,4.417670682730912,home,1.6677893390687017,1.6677893390687017,0.6032770127435598,0.11,0.3959026064605479,0.3868744471264682,0.3959026064605479,0.0,,,0.0,lower_clv,True,0.29919076457355226,3.3423491578202196,-23.167811657511784,False,away,False,-0.11
2025-01,data\historical_csv\football-data\2425\T1.csv:162,data\historical_csv\football-data\2425\T1.csv,162,2025-01-05,T1,Bodrumspor,Kayserispor,draw,0.2849244221964467,0.2745713245289309,3.5676,3.62,-2.043934261058611,0.008353097667515783,6,0.0,1XB,3.0-4.0,sportsbook,0.28030048211682923,1.0164963686280433,0.010353097667515798,0.02931688903016034,1.2718931008099152,0.08118192636397902,0.362393406843912,0.16666666666666666,1.4687745262921936,draw:3.0-4.0,draw:sportsbook,sportsbook:3.0-4.0,0.44362194461008186,0.2849244221964467,0.27145363319347143,1.0722654609429083,0.44362194461008186,-0.15869752241363516,0.17216831141661043,0.01964080598050142,6.470588235294117,home,3.3621221450563508,3.3621221450563508,0.6815222207288564,0.13,0.2897245266987789,0.28175008613781805,0.2897245266987789,0.0,,,0.0,lower_clv,True,0.28923136534511457,3.4574396826111413,3.1861819005230663,True,draw,True,0.33
2025-01,data\historical_csv\football-data\2425\I2.csv:205,data\historical_csv\football-data\2425\I2.csv,205,2025-01-12,I2,Palermo,Modena,away,0.24398388986209862,0.22985362631018033,4.43,4.5,1.825156455409882,0.012130263551918303,6,0.0,B365,4.0-5.0,sportsbook,0.22573363431151244,1.0808486320890969,0.014130263551918293,0.04971747748908509,1.4883995840570443,0.059528138512240675,0.3631455201873673,0.16666666666666666,1.5801354401805856,away:4.0-5.0,away:sportsbook,sportsbook:4.0-5.0,0.45633954462633153,0.29967656551156996,0.24398388986209862,1.0633089677189005,0.45633954462633153,-0.2123556547642329,0.2123556547642329,0.012130263551918303,10.02444987775062,home,5.549735366792419,5.549735366792419,0.7768763648928303,0.16,0.2382612536496443,0.23912481082041423,0.2382612536496443,0.0,,,0.0,lower_clv,True,0.258024407860914,3.875602344329541,14.304812682384904,True,home,False,-0.16
2025-01,data\historical_csv\football-data\2425\I1.csv:192,data\historical_csv\football-data\2425\I1.csv,192,2025-01-12,I1,Genoa,Parma,draw,0.2703482848164177,0.2644807325457521,3.7538,3.81,-0.7192226169755789,0.0038675522706656017,6,0.0,1XB,3.0-4.0,sportsbook,0.2663967179924343,1.0148333915438688,0.005867552270665599,0.014305813973600373,1.3227686602400124,0.0730881951031789,0.3576082385047981,0.16666666666666666,1.497149555117483,draw:3.0-4.0,draw:sportsbook,sportsbook:3.0-4.0,0.48723864729912386,0.2703482848164177,0.24241306788445843,1.0474791952721014,0.48723864729912386,-0.21689036248270616,0.24482557941466543,0.009512718968642343,7.323943661971843,home,2.699912630314426,2.699912630314426,0.648591572629153,0.1,0.27358919662825515,0.2665408140572826,0.27358919662825515,0.0,,,0.0,lower_clv,True,0.28944155160424007,3.4549289639219545,8.650569641199635,True,home,False,-0.1
2025-01,data\historical_csv\football-data\2425\F1.csv:156,data\historical_csv\football-data\2425\F1.csv,156,2025-01-17,F1,Lille,Nice,draw,0.2796647331503652,0.27638094294668764,3.6754,3.73,1.5810517706255744,0.0012837902036775773,6,0.0,1XB,3.0-4.0,sportsbook,0.27207922947162216,1.0278797602208523,0.0032837902036775835,0.004590461547353314,1.301661970279187,0.07821236296806498,0.36402894757010745,0.16666666666666666,1.4855525929150515,draw:3.0-4.0,draw:sportsbook,sportsbook:3.0-4.0,0.46386286346605826,0.2796647331503652,0.25647240338357635,1.0616532754625139,0.46386286346605826,-0.18419813031569304,0.2073904600824819,0.006071094860252261,6.571428571428561,home,2.7664061077223785,2.7664061077223785,0.6557503254323993,0.1,0.27960604589356913,0.276258090868747,0.27960604589356913,0.0,,,0.0,lower_clv,True,0.27975572019967315,3.5745471059046046,2.8214174021878646,True,home,False,-0.1
2025-01,data\historical_csv\football-data\2425\T1.csv:175,data\historical_csv\football-data\2425\T1.csv,175,2025-01-18,T1,Gaziantep,Bodrumspor,draw,0.28725571633895275,0.2788937759942606,3.6557999999999997,3.71,1.957986627981767,0.00636194034469218,6,0.0,1XB,3.0-4.0,sportsbook,0.2735379397122381,1.0501494477919433,0.008361940344692176,0.022147306329616395,1.2963149475003666,0.08251584656940489,0.37237387884510975,0.16666666666666666,1.4825756332403461,draw:3.0-4.0,draw:sportsbook,sportsbook:3.0-4.0,0.4659986146173355,0.28725571633895275,0.24674566904371173,1.059436711515078,0.4659986146173355,-0.17874289827838274,0.21925294557362376,0.012279455364628662,9.117647058823541,home,4.9812842652503395,4.9812842652503395,0.7618979367406532,0.19,0.28716364206261374,0.284185669572994,0.28716364206261374,0.0,,,0.0,lower_clv,True,0.293643180756494,3.4054936928001003,7.350074020959063,True,draw,True,0.5
2025-01,data\historical_csv\football-data\2425\D1.csv:159,data\historical_csv\football-data\2425\D1.csv,159,2025-01-18,D1,Holstein Kiel,Hoffenheim,draw,0.2680414606719217,0.2600013739836749,3.7734,3.83,-1.8910815410001058,0.006040086688246818,6,0.0,1XB,3.0-4.0,sportsbook,0.26501298563629616,1.0114276476994293,0.008040086688246795,0.02253415077318872,1.3279764517953756,0.07184622463913734,0.3559527478771483,0.16666666666666666,1.4999734987014346,draw:3.0-4.0,draw:sportsbook,sportsbook:3.0-4.0,0.32780081908847575,0.2680414606719217,0.40415772023960256,1.0846661065414362,0.40415772023960256,-0.13611625956768086,0.07635690115112681,0.011664713713284959,5.437026841018566,away,2.7116925401954335,2.7116925401954335,0.6847255046929469,0.1,0.2721993229983448,0.2641369470768839,0.2721993229983448,0.0,,,0.0,lower_clv,True,0.2790263346395172,3.583891109389123,5.287797112875414,True,away,False,-0.1
2025-01,data\historical_csv\football-data\2425\SP1.csv:199,data\historical_csv\football-data\2425\SP1.csv,199,2025-01-19,SP1,Osasuna,Vallecano,draw,0.3121141013640858,0.30258521313081227,3.2931999999999997,3.34,-0.3526376117609087,0.007528888233273524,6,0.0,1XB,3.0-4.0,sportsbook,0.30365601846228596,1.0278541586122072,0.009528888233273525,0.02412223030093396,1.1918597364421337,0.09741521227031082,0.3719962305916727,0.16666666666666666,1.4211101664034942,draw:3.0-4.0,draw:sportsbook,sportsbook:3.0-4.0,0.43618180317201083,0.3121141013640858,0.25170409546390343,1.0725458676881925,0.43618180317201083,-0.12406770180792503,0.1844777077081074,0.009379255175217194,6.709265175718859,home,3.17365259912378,3.17365259912378,0.6701685997263671,0.14,0.3132930055846101,0.31020192883714093,0.3132930055846101,0.0,,,0.0,lower_clv,True,0.3108664956370923,3.2168149801753065,2.3745543432072136,True,draw,True,0.32
2025-01,data\historical_csv\football-data\2425\F1.csv:161,data\historical_csv\football-data\2425\F1.csv,161,2025-01-19,F1,Angers,Auxerre,draw,0.29213224283662315,0.2818740401580891,3.4696,3.52,-2.2009830267494146,0.008258202678534029,6,0.0,1XB,3.0-4.0,sportsbook,0.28821766197832605,1.0135820297459477,0.010258202678534056,0.028268713505727208,1.2440393135390193,0.08534124730475576,0.36342399484108673,0.16666666666666666,1.4526170163707608,draw:3.0-4.0,draw:sportsbook,sportsbook:3.0-4.0,0.39037274241139225,0.29213224283662315,0.31749501475198455,1.0909481965560106,0.39037274241139225,-0.0982404995747691,0.0728777276594077,0.008258202678534029,6.666666666666665,home,3.0141276777104693,3.0141276777104693,0.6777834722415834,0.12,0.2969049103000648,0.2892828767647232,0.2969049103000648,0.0,,,0.0,lower_clv,True,0.2953869205376071,3.3853902474083486,2.487445949728162,True,home,False,-0.12
2025-01,data\historical_csv\football-data\2425\D1.csv:172,data\historical_csv\football-data\2425\D1.csv,172,2025-01-26,D1,St Pauli,Union Berlin,draw,0.3065382562722035,0.30173850466422986,3.3324,3.38,0.5513392943079509,0.0027997516079736155,6,0.0,1XB,3.0-4.0,sportsbook,0.3000840235265875,1.0215080852014908,0.004799751607973635,0.009133449253679642,1.2036927651186171,0.0939657025584031,0.3689778813069279,0.16666666666666666,1.4283999519865587,draw:3.0-4.0,draw:sportsbook,sportsbook:3.0-4.0,0.3763548572619445,0.3065382562722035,0.31710688646585194,1.0944397370065766,0.3763548572619445,-0.06981660098974102,0.059247970796092564,0.006760335317672308,5.624999999999991,home,2.538091977100824,2.538091977100824,0.6440264555867021,0.11,0.3077004320522771,0.30435955637765083,0.3077004320522771,0.0,,,0.0,lower_clv,True,0.3055800596849742,3.272464836321162,1.831499089420796,True,home,False,-0.11
2025-01,data\historical_csv\football-data\2425\T1.csv:191,data\historical_csv\football-data\2425\T1.csv,191,2025-01-31,T1,Eyupspor,Sivasspor,draw,0.2699452566999116,0.25893237061292806,3.842,3.9,-0.5181832105130346,0.009012886086983517,6,0.0,1XB,3.0-4.0,sportsbook,0.2602811035918792,1.0371296762410604,0.011012886086983531,0.03338782906270073,1.345993064346365,0.07287044161478116,0.36334444327128007,0.16666666666666666,1.5096304008328953,draw:3.0-4.0,draw:sportsbook,sportsbook:3.0-4.0,0.5037620719120981,0.2699452566999116,0.2262926713879903,1.0351623162305308,0.5037620719120981,-0.2338168152121865,0.2774694005241078,0.010763088998367852,7.438016528925617,home,4.04716090126672,4.04716090126672,0.7190610226339201,0.14,0.2708150986498353,0.2661207666539952,0.2708150986498353,0.0,,,0.0,lower_clv,True,0.25808017519519527,3.8747648836012463,-0.8455966900059786,False,home,False,-0.14
2025-02,data\historical_csv\football-data\2425\P1.csv:175,data\historical_csv\football-data\2425\P1.csv,175,2025-02-01,P1,Santa Clara,Casa Pia,away,0.24697337356864377,0.24261573926431537,4.34425,4.5,5.398342529900191,0.0023576343043283975,6,0.025,BFE,4.0-5.0,exchange,0.23018933072452094,1.0729140781255806,0.004357634304328395,0.00954610721901613,1.4688531316202267,0.060995847251876865,0.3627676131931145,0.16666666666666666,3.5851988260344303,away:4.0-5.0,away:exchange,exchange:4.0-5.0,0.44581119510839684,0.3072154313229594,0.24697337356864377,1.0681164547731146,0.44581119510839684,-0.19883782153975307,0.19883782153975307,0.005442985425111983,11.708860759493668,home,4.337451274140106,4.337451274140106,0.7088710401276549,0.13,0.24017368078296628,0.2472023128520765,0.24017368078296628,0.0,,,0.0,lower_clv,True,0.23432393915210065,4.267596403587667,1.796177266151311,True,home,False,-0.13
2025-02,data\historical_csv\football-data\2425\E0.csv:237,data\historical_csv\football-data\2425\E0.csv,237,2025-02-02,E0,Brentford,Tottenham,draw,0.2433411661123239,0.23845429752403935,4.2634,4.33,1.6626052063989372,0.002886868588284557,6,0.0,1XB,4.0-5.0,sportsbook,0.23455458085096403,1.0374607276032817,0.004886868588284549,0.01186346163456785,1.450066964016957,0.05921492312490561,0.35286098596484355,0.16666666666666666,1.5621335084674337,draw:4.0-5.0,draw:sportsbook,sportsbook:4.0-5.0,0.4506593911364239,0.2433411661123239,0.3059994427512523,1.065462931891348,0.4506593911364239,-0.2073182250241,0.1446599483851716,0.002886868588284557,5.0970873786407855,home,3.831753434124549,3.831753434124549,0.7552178691003042,0.12,0.24354213405761727,0.24341278064048352,0.24354213405761727,0.0,,,0.0,lower_clv,True,0.23562733828521745,4.243989713916558,0.4573594045196083,True,away,False,-0.12
2025-02,data\historical_csv\football-data\2425\D2.csv:184,data\historical_csv\football-data\2425\D2.csv,184,2025-02-08,D2,Darmstadt,Elversberg,draw,0.2770752458908314,0.258140213231886,3.7636,3.82,-2.8463493480473834,0.016935032658945356,6,0.0,1XB,3.0-4.0,sportsbook,0.26570305027101715,1.042800395434733,0.01893503265894536,0.0611206988357878,1.3253759461504735,0.07677069188546468,0.3672288661774357,0.16666666666666666,1.4985652035285346,draw:3.0-4.0,draw:sportsbook,sportsbook:3.0-4.0,0.4377790381551754,0.2770752458908314,0.2851457159539932,1.07502812368856,0.4377790381551754,-0.160703792264344,0.1526333222011822,0.016935032658945356,6.592256714335543,home,4.97648943982243,4.97648943982243,0.7860726994822227,0.18,0.27892573450904035,0.27866285909143756,0.27892573450904035,0.0,,,0.0,lower_clv,True,0.27525072618217833,3.6330512688207652,3.593363305924635,True,away,False,-0.18
2025-02,data\historical_csv\football-data\2425\D1.csv:183,data\historical_csv\football-data\2425\D1.csv,183,2025-02-08,D1,Dortmund,Stuttgart,draw,0.24458840467142032,0.238943624360219,4.204599999999999,4.27,0.4662362984976465,0.0036447803112013284,6,0.0,1XB,4.0-5.0,sportsbook,0.23783475241402277,1.0283964062814537,0.005644780311201331,0.014901688884629345,1.4361791640488881,0.059823487699710465,0.3512727705570516,0.16666666666666666,1.5554392807877182,draw:4.0-5.0,draw:sportsbook,sportsbook:4.0-5.0,0.5106122667208208,0.24458840467142032,0.2447993286077588,1.0321396053053538,0.5106122667208208,-0.26602386204940054,0.26581293811306206,0.004137362550012239,6.152889993784982,home,3.4749272848374573,3.4749272848374573,0.7276491264975484,0.11,0.24609933711848325,0.2447138608312255,0.24609933711848325,0.0,,,0.0,lower_clv,True,0.24888376659787137,4.0179398346045145,4.645668503740974,True,away,False,-0.11
2025-02,data\historical_csv\football-data\2425\F1.csv:184,data\historical_csv\football-data\2425\F1.csv,184,2025-02-08,F1,Nice,Lens,draw,0.28245167424741197,0.2745244440796656,3.6166,3.67,-0.715489554148141,0.005927230167746385,6,0.0,1XB,3.0-4.0,sportsbook,0.27650279267820604,1.0215147250831902,0.00792723016774638,0.020984935506363687,1.2855343579687422,0.07977894828516613,0.363101331710843,0.16666666666666666,1.4765249129016222,draw:3.0-4.0,draw:sportsbook,sportsbook:3.0-4.0,0.4060051354860811,0.28245167424741197,0.311543190266507,1.0863847215278022,0.4060051354860811,-0.12355346123866912,0.09446194521957407,0.006756730012762947,7.309941520467844,home,3.1609265479825304,3.1609265479825304,0.6930199444405649,0.12,0.28524284285788454,0.2842907559986492,0.28524284285788454,0.0,,,0.0,lower_clv,True,0.278367432354337,3.5923742642676997,0.6743655852695207,True,home,False,-0.12
2025-02,data\historical_csv\football-data\2425\I1.csv:243,data\historical_csv\football-data\2425\I1.csv,243,2025-02-15,I1,Lazio,Napoli,draw,0.3062823621568367,0.3002109049648068,3.3912,3.44,1.8075220916652812,0.004071457192029867,5,0.0,1XB,3.0-4.0,sportsbook,0.2948808681292758,1.0386647465462646,0.006071457192029894,0.0132931493781056,1.2211838410562903,0.09380888536837166,0.37402707146647957,0.2,1.439018636470868,draw:3.0-4.0,draw:sportsbook,sportsbook:3.0-4.0,0.3550596348959699,0.3062823621568367,0.33865800294719345,1.0967482462055589,0.3550596348959699,-0.04877727273913324,0.016401631948776474,0.004071457192029867,7.499999999999996,home,3.5446297136136855,3.5446297136136855,0.7133729595671234,0.15,0.30533330300074807,0.3092603965285759,0.30533330300074807,0.0,,,0.0,lower_clv,True,0.31119092488996986,3.213461319135761,5.531066448686572,True,draw,True,0.36
2025-02,data\historical_csv\football-data\2425\I2.csv:256,data\historical_csv\football-data\2425\I2.csv,256,2025-02-15,I2,Sudtirol,Sampdoria,draw,0.3244180040943885,0.3140438965066301,3.1364,3.18,-1.5032722996605297,0.008374107587758375,5,0.0,1XB,3.0-4.0,sportsbook,0.3188368830506313,1.01750462804164,0.010374107587758363,0.02581270916555529,1.1430756453746298,0.10524704138058666,0.3708343194013424,0.2,1.3901288101007658,draw:3.0-4.0,draw:sportsbook,sportsbook:3.0-4.0,0.36065717392353064,0.3244180040943885,0.3149248219820809,1.0968835678211315,0.36065717392353064,-0.03623916982914216,0.045732351941449756,0.011877977435830344,6.000000000000005,home,2.2724257696984416,2.2724257696984416,0.6504863153048697,0.11,0.3260822145443771,0.32828312579747465,0.3260822145443771,0.0,,,0.0,lower_clv,True,0.3305266101538195,3.0254750125402095,3.666366008643962,True,home,False,-0.11
2025-02,data\historical_csv\football-data\2425\I2.csv:260,data\historical_csv\football-data\2425\I2.csv,260,2025-02-16,I2,Palermo,Mantova,draw,0.2835719004684781,0.2701519377909617,3.7636,3.82,1.674383307006333,0.011419962677516363,5,0.0,1XB,3.0-4.0,sportsbook,0.26570305027101715,1.0672512046031641,0.013419962677516384,0.040271841669255265,1.3253759461504735,0.08041302273530444,0.375839375885097,0.2,1.4985652035285346,draw:3.0-4.0,draw:sportsbook,sportsbook:3.0-4.0,0.5311086713467379,0.2835719004684781,0.18531942818478409,1.0058504324773518,0.5311086713467379,-0.24753677087825982,0.3457892431619538,0.011419962677516363,11.127272727272718,home,6.441812548936131,6.441812548936131,0.8165396779172718,0.23,0.28281914270628156,0.28546366229607845,0.28281914270628156,0.0,,,0.0,lower_clv,True,0.27227515106890604,3.67275528477046,2.473475856293472,True,draw,True,0.64
2025-02,data\historical_csv\football-data\2425\I2.csv:259,data\historical_csv\football-data\2425\I2.csv,259,2025-02-16,I2,Juve Stabia,Cosenza,home,0.4811431133547002,0.46592543512402534,2.176,2.2,1.3853746829879166,0.013217678230674896,5,0.0,WH,2.0-3.0,sportsbook,0.45955882352941174,1.0469674146598278,0.01521767823067488,0.02747140687209791,0.7774883289936962,0.2314986955286539,0.37408315520897045,0.2,1.1029411764705843,home:2.0-3.0,home:sportsbook,sportsbook:2.0-3.0,0.4811431133547002,0.29748911740542977,0.2213677692398699,1.0464759593770694,0.4811431133547002,0.0,0.25977534411483033,0.013217678230674896,11.945045159648915,home,4.93211674333027,4.93211674333027,0.7564236903814586,0.42,0.4822248012101575,0.4925852014515474,0.4822248012101575,0.0,,,0.0,lower_clv,True,0.448027161243134,2.2320075354925257,-2.509289713494034,False,home,True,0.49
2025-02,data\historical_csv\football-data\2425\E1.csv:393,data\historical_csv\football-data\2425\E1.csv,393,2025-02-17,E1,Leeds,Sunderland,draw,0.23127079504758852,0.22685964883067855,4.6309000000000005,4.8,5.05643477699893,0.0024111462169099694,4,0.025,BFE,4.0-5.0,exchange,0.21594074585933618,1.0709919247858777,0.004411146216909967,0.010425640714443987,1.5327512336571778,0.053486180641943694,0.3544805964180676,0.25,3.6515580124813596,draw:4.0-5.0,draw:exchange,exchange:4.0-5.0,0.6132573902538769,0.23127079504758852,0.15547181469853452,0.9278618924988412,0.6132573902538769,-0.3819865952062884,0.4577855755553424,0.0106341595925302,10.790604579972918,home,4.73834491025946,4.73834491025946,0.7616260174285692,0.13,0.22617276319993834,0.2308316934206973,0.22617276319993834,0.0,,,0.0,lower_clv,True,0.2353964694904625,4.248152073667854,9.009751056338299,True,home,False,-0.13
2025-02,data\historical_csv\football-data\2425\I1.csv:250,data\historical_csv\football-data\2425\I1.csv,250,2025-02-17,I1,Genoa,Venezia,draw,0.2802803039263192,0.2687302498891396,3.695,3.75,-0.70417266596291,0.009550054037179576,5,0.0,1XB,3.0-4.0,sportsbook,0.2706359945872801,1.0356357230077493,0.011550054037179569,0.03407322563661169,1.3069805544001651,0.07855704876902986,0.36632090701306746,0.2,1.4884979702300516,draw:3.0-4.0,draw:sportsbook,sportsbook:3.0-4.0,0.5079523553293507,0.2802803039263192,0.21176734074433007,1.029296709252583,0.5079523553293507,-0.22767205140303148,0.2961850145850206,0.009550054037179576,6.232294617563738,home,3.225176982131479,3.225176982131479,0.6852946159533262,0.12,0.27936448439007167,0.282017549232587,0.27936448439007167,0.0,,,0.0,lower_clv,True,0.2839567502276694,3.521663067344675,4.922019209123851,True,home,False,-0.12
2025-02,data\historical_csv\football-data\2425\B1.csv:210,data\historical_csv\football-data\2425\B1.csv,210,2025-02-21,B1,Mechelen,St Truiden,home,0.5300801278560043,0.5264951736301601,1.98,2.0,4.246044378771696,0.0015849542258442354,5,0.0,WH,1.5-2.0,sportsbook,0.5050505050505051,1.0495586531548886,0.0035849542258442613,0.0029900276251721447,0.6830968447064438,0.2809849419478379,0.3620960627800249,0.2,1.0101010101010166,home:1.5-2.0,home:sportsbook,sportsbook:1.5-2.0,0.5300801278560043,0.24166133669899992,0.22825853544499577,1.0168689340158688,0.5300801278560043,0.0,0.3018215924110086,0.0037233212873194112,9.364319890635663,home,3.626136414089619,3.626136414089619,0.689414160215962,0.37,0.5233643253236849,0.5435568409158659,0.5233643253236849,0.0,,,0.0,lower_clv,True,0.518956496308657,1.9269437941581047,2.7533862691141,True,draw,False,-0.37
2025-02,data\historical_csv\football-data\2425\D1.csv:200,data\historical_csv\football-data\2425\D1.csv,200,2025-02-21,D1,Freiburg,Werder Bremen,draw,0.27951371294787913,0.27418753260449447,3.7047999999999996,3.76,1.5809970793130956,0.003326180343384642,5,0.0,1XB,3.0-4.0,sportsbook,0.26992010364931984,1.0355424037293026,0.005326180343384668,0.011899882507749716,1.309629276184405,0.07812791572590938,0.3660593415715465,0.2,1.4899589721442563,draw:3.0-4.0,draw:sportsbook,sportsbook:3.0-4.0,0.4683264879045014,0.27951371294787913,0.25215979914761943,1.0589634371595085,0.4683264879045014,-0.18881277495662224,0.21616668875688194,0.00478124402860583,7.428571428571429,home,3.2429290664764774,3.2429290664764774,0.6820336502976785,0.12,0.278673421146827,0.28121509378950726,0.278673421146827,0.0,,,0.0,lower_clv,True,0.27715721201898763,3.6080605397758565,2.6812039087945383,True,home,False,-0.12
2025-02,data\historical_csv\football-data\2425\T1.csv:220,data\historical_csv\football-data\2425\T1.csv,220,2025-02-22,T1,Sivasspor,Konyaspor,draw,0.3030450552639176,0.2870467189761483,3.3912,3.44,-2.656716660808589,0.013998336287769312,5,0.0,1XB,3.0-4.0,sportsbook,0.2948808681292758,1.0276863914109975,0.01599833628776931,0.046192261000854676,1.2211838410562903,0.09183630551991089,0.3700737246003067,0.2,1.439018636470868,draw:3.0-4.0,draw:sportsbook,sportsbook:3.0-4.0,0.3479406190067202,0.3030450552639176,0.3490143257293623,1.0965138640733223,0.3490143257293623,-0.04596927046544469,0.0010737067226421204,0.013998336287769312,5.846153846153834,away,3.446171642433401,3.446171642433401,0.746575000885601,0.14,0.30504296898570826,0.3058663445357541,0.30504296898570826,0.0,,,0.0,lower_clv,True,0.30478454573425917,3.281006251779896,3.3585351494019644,True,draw,True,0.33
2025-02,data\historical_csv\football-data\2425\T1.csv:226,data\historical_csv\football-data\2425\T1.csv,226,2025-02-24,T1,Galatasaray,Fenerbahce,draw,0.26414299885483467,0.2564797054492457,4.0576,4.12,4.0692052830859415,0.005663293405588974,5,0.0,1XB,4.0-5.0,sportsbook,0.24645110410094637,1.071786632153377,0.007663293405588967,0.021440255581793237,1.400591665820715,0.06977152384402519,0.3699564827809721,0.2,1.537854889589907,draw:4.0-5.0,draw:sportsbook,sportsbook:4.0-5.0,0.4105079506012365,0.26414299885483467,0.3253490505439287,1.0824644430933166,0.4105079506012365,-0.14636495174640185,0.08515890005730781,0.008909099153148935,9.866666666666667,home,7.021478052401854,7.021478052401854,0.8668291358520646,0.23,0.26375561428529637,0.2651358615529406,0.26375561428529637,0.0,,,0.0,lower_clv,True,0.2743921280765149,3.644419419062735,11.337349888326687,True,draw,True,0.7
2025-02,data\historical_csv\football-data\2425\P1.csv:208,data\historical_csv\football-data\2425\P1.csv,208,2025-02-24,P1,Porto,Guimaraes,draw,0.25531077881714165,0.2477055674644795,4.2487,4.4,5.242664448633416,0.0056052113526621605,5,0.025,BFE,4.0-5.0,exchange,0.23536611198719606,1.0847389059603898,0.00760521135266215,0.021954464197051066,1.4466130537918354,0.06518359378021542,0.3693359054106371,0.2,3.561089274366269,draw:4.0-5.0,draw:exchange,exchange:4.0-5.0,0.5622915962044192,0.25531077881714165,0.1823976249784392,0.982661527016505,0.5622915962044192,-0.3069808173872775,0.37989397122597995,0.0056052113526621605,14.153439153439162,home,6.361408769863158,6.361408769863158,0.8149158879293047,0.2,0.25033871247643547,0.2559066847510628,0.25033871247643547,0.0,,,0.0,lower_clv,True,0.2710770271856528,3.6889883675577164,15.172496540368318,True,draw,True,0.65
2025-03,data\historical_csv\football-data\2425\D1.csv:211,data\historical_csv\football-data\2425\D1.csv,211,2025-03-01,D1,Heidenheim,M'gladbach,draw,0.2714877791384305,0.2651305594949955,3.793,3.85,0.5640212164517822,0.004357219643434968,5,0.0,1XB,3.0-4.0,sportsbook,0.26364355391510674,1.0297531462720668,0.006357219643434997,0.016049413558365883,1.3331572627067618,0.07370561422151721,0.3619359044945279,0.2,1.5027682573161005,draw:3.0-4.0,draw:sportsbook,sportsbook:3.0-4.0,0.309727549940415,0.2714877791384305,0.4187846709211545,1.0815055989954008,0.4187846709211545,-0.14729689178272404,0.1090571209807395,0.004357219643434968,6.353591160220984,away,3.0232914501691095,3.0232914501691095,0.7062778384412114,0.11,0.27161426693954416,0.26789544425974743,0.2693008996212767,0.6220698101136498,,,0.0,lower_clv,True,0.27912750989482865,3.582592057575357,5.873064503108516,True,away,False,-0.11
2025-03,data\historical_csv\football-data\2425\SP2.csv:312,data\historical_csv\football-data\2425\SP2.csv,312,2025-03-01,SP2,Zaragoza,Sp Gijon,draw,0.32920000587050663,0.3171361903378196,3.0972,3.14,-1.7765791285705212,0.010063815532687021,4,0.0,1XB,3.0-4.0,sportsbook,0.3228722717293039,1.019598258182133,0.012063815532687039,0.030570520514041855,1.1304984775304314,0.1083726438651416,0.3721601054396168,0.25,1.3818933230014263,draw:3.0-4.0,draw:sportsbook,sportsbook:3.0-4.0,0.4025477807931161,0.32920000587050663,0.2682522133363773,1.0850393677747552,0.4025477807931161,-0.07334777492260947,0.13429556745673882,0.011492144366797756,8.275862068965534,home,2.1814471030773612,2.1814471030773612,0.6225559821638544,0.1,0.3299155595475829,0.3241601587546728,0.3263352984692094,0.6220698101136498,,,0.0,lower_clv,True,0.3253261014613361,3.0738388205191294,0.760000144605022,True,draw,True,0.21
2025-03,data\historical_csv\football-data\2425\N1.csv:216,data\historical_csv\football-data\2425\N1.csv,216,2025-03-02,N1,Heracles,Zwolle,draw,0.2925455205583096,0.2798723846167155,3.5284,3.58,-1.2498278118381112,0.010673135941594133,5,0.0,1XB,3.0-4.0,sportsbook,0.28341457884593585,1.0322176147379396,0.012673135941594138,0.03648367584376252,1.2608445104024748,0.08558288159873235,0.368854413638779,0.2,1.4624192268450242,draw:3.0-4.0,draw:sportsbook,sportsbook:3.0-4.0,0.41917889724482305,0.2925455205583096,0.2882755821968673,1.082604400274505,0.41917889724482305,-0.12663337668651342,0.13090331504795577,0.010673135941594133,5.294117647058827,home,3.0057159684888637,3.0057159684888637,0.7177559370618176,0.12,0.2919332160993336,0.288422372348515,0.2897492261939232,0.6220698101136498,,,0.0,lower_clv,True,0.28478317061976227,3.511443453009319,0.48289392147691235,True,home,False,-0.12
2025-03,data\historical_csv\football-data\2425\P1.csv:220,data\historical_csv\football-data\2425\P1.csv,220,2025-03-08,P1,Estoril,Farense,away,0.2608738056808538,0.2508444300335704,4.153149999999999,4.3,4.179454459392251,0.008029375647283375,5,0.025,BFE,4.0-5.0,exchange,0.2407810938685095,1.0834480460634377,0.0100293756472834,0.030778773002247316,1.423867082464937,0.06805514249041186,0.3714496245863222,0.2,3.5358703634590816,away:4.0-5.0,away:exchange,exchange:4.0-5.0,0.4459023777589497,0.2932238165601965,0.2608738056808538,1.0704089199447122,0.4459023777589497,-0.18502857207809592,0.18502857207809592,0.008029375647283375,10.98684210526315,home,4.314172686320002,4.314172686320002,0.760277892746775,0.14,0.2511688060540072,0.25754868252147983,0.25513753459667643,0.6220698101136498,,,0.0,lower_clv,True,0.3047696474593024,3.2811666395799324,26.575406134560154,True,draw,False,-0.14
2025-03,data\historical_csv\football-data\2425\D1.csv:223,data\historical_csv\football-data\2425\D1.csv,223,2025-03-08,D1,Wolfsburg,St Pauli,draw,0.259229709269307,0.2528225773832557,3.9792,4.04,0.6031599923451036,0.004407131886051281,5,0.0,1XB,3.0-4.0,sportsbook,0.25130679533574585,1.0315268591244264,0.006407131886051298,0.017000875009556972,1.3810807940670031,0.06720004216784943,0.3580171727234129,0.2,1.5279453156413325,draw:3.0-4.0,draw:sportsbook,sportsbook:3.0-4.0,0.5460173586393386,0.259229709269307,0.1947529320913543,0.9989886067982474,0.5460173586393386,-0.28678764937003165,0.35126442654798434,0.008248805226749981,6.315789473684208,home,2.904059893044802,2.904059893044802,0.6872798904894292,0.1,0.25860489518758745,0.2559459095207092,0.2569508204786976,0.6220698101136498,,,0.0,lower_clv,True,0.27096901298367737,3.6904588793709707,7.823989646464891,True,draw,True,0.3
2025-03,data\historical_csv\football-data\2425\T1.csv:243,data\historical_csv\football-data\2425\T1.csv,243,2025-03-09,T1,Alanyaspor,Galatasaray,draw,0.22996493482764602,0.22289223955077064,4.822,5.0,7.478637911381614,0.005072695276875378,5,0.025,BFE,4.0-5.0,exchange,0.20738282870178348,1.108890915738909,0.007072695276875374,0.022058559843818184,1.5731887797589794,0.05288387125028348,0.36177825520885765,0.2,3.691414350891753,draw:4.0-5.0,draw:exchange,exchange:4.0-5.0,0.19959128356987232,0.22996493482764602,0.5704437816024817,0.9798603655308009,0.5704437816024817,-0.34047884677483564,0.37085249803260933,0.005105544282808889,5.234899328859077,away,5.675942617532532,5.675942617532532,0.8194896880247942,0.15,0.2191537590575125,0.22741081332343105,0.22429022323681058,0.6220698101136498,,,0.0,lower_clv,True,0.2189263566889847,4.567746045400275,5.566289195428409,True,away,False,-0.15
2025-03,data\historical_csv\football-data\2425\T1.csv:241,data\historical_csv\football-data\2425\T1.csv,241,2025-03-09,T1,Eyupspor,Konyaspor,draw,0.28951500304864275,0.28409532128964543,3.5284,3.58,0.24019316383849798,0.0034196817589972925,5,0.0,1XB,3.0-4.0,sportsbook,0.28341457884593585,1.021524736756831,0.005419681758997319,0.011811760091834466,1.2608445104024748,0.08381893699025562,0.365033402273037,0.2,1.4624192268450242,draw:3.0-4.0,draw:sportsbook,sportsbook:3.0-4.0,0.4480589332895661,0.28951500304864275,0.2624260636617911,1.0696530574742351,0.4480589332895661,-0.15854393024092334,0.18563286962777498,0.0034196817589972925,8.484848484848495,home,2.5277990122575504,2.5277990122575504,0.6748681907119116,0.1,0.2905787297705973,0.2854681959112908,0.28739962094315913,0.6220698101136498,,,0.0,lower_clv,True,0.28625369507135967,3.493404686883472,1.0017537689785527,True,home,False,-0.1
2025-03,data\historical_csv\football-data\2425\E0.csv:282,data\historical_csv\football-data\2425\E0.csv,282,2025-03-10,E0,West Ham,Newcastle,draw,0.2722002545705949,0.2627964810308706,3.7734,3.83,-0.836375847811277,0.007403773539724257,5,0.0,1XB,3.0-4.0,sportsbook,0.26501298563629616,1.0271204405966827,0.00940377353972427,0.027199730402177474,1.3279764517953756,0.07409297858829667,0.36147552824245655,0.2,1.4999734987014346,draw:3.0-4.0,draw:sportsbook,sportsbook:3.0-4.0,0.29385950418502366,0.2722002545705949,0.4339402412443815,1.0763420754342177,0.4339402412443815,-0.16173998667378664,0.14008073705935786,0.007403773539724257,5.8011049723756924,away,2.6804690624075924,2.6804690624075924,0.689296570533618,0.1,0.2721165767276398,0.26858996328453655,0.2699227769727443,0.6220698101136498,,,0.0,lower_clv,True,0.27769040849886795,3.60113266211021,4.7836987429628275,True,away,False,-0.1
2025-03,data\historical_csv\football-data\2425\B1.csv:240,data\historical_csv\football-data\2425\B1.csv,240,2025-03-16,B1,Oud-Heverlee Leuven,St Truiden,draw,0.31069423845850763,0.2992368334702617,3.2931999999999997,3.4,-1.4553260015734315,0.00945740498824594,5,0.025,BFE,3.0-4.0,exchange,0.30365601846228596,1.0231782660915572,0.011457404988245934,0.03043958920889018,1.1918597364421337,0.096530909811312,0.3703039531632464,0.2,3.2430462771772195,draw:3.0-4.0,draw:exchange,exchange:3.0-4.0,0.368053174789309,0.31069423845850763,0.3212525867521834,1.0958553652704581,0.368053174789309,-0.05735893633080136,0.04680058803712561,0.00945740498824594,7.741935483870965,home,2.3466510122531066,2.3466510122531066,0.6934710764463021,0.1,0.31078176549329867,0.3061152359792005,0.30787885836457385,0.6220698101136498,,,0.0,lower_clv,True,0.3043696060012704,3.2854791683629085,0.23499864833835815,True,home,False,-0.1
2025-03,data\historical_csv\football-data\2425\SP2.csv:343,data\historical_csv\football-data\2425\SP2.csv,343,2025-03-21,SP2,Burgos,Almeria,away,0.4160940914651803,0.4132216093781555,2.4699999999999998,2.5,2.065737516404398,0.0008724820870247925,5,0.0,WH,2.0-3.0,sportsbook,0.40485829959514175,1.0277524059189953,0.002872482087024786,0.0020968384433255136,0.9042181506398858,0.17313429295223381,0.3762398298768288,0.2,1.2145748987854255,away:2.0-3.0,away:sportsbook,sportsbook:2.0-3.0,0.27199355308553985,0.3119123554492799,0.4160940914651803,1.0823670781049572,0.4160940914651803,0.0,0.14410053837964043,0.0017985923751771126,7.296137339055786,away,1.5027665674524227,1.5027665674524227,0.5485258018402868,0.1,0.41094237476701395,0.4090066071246449,0.40973819215730134,0.6220698101136498,,,0.0,lower_clv,True,0.37882033118460035,2.639773839151988,-6.431378197403726,False,home,False,-0.1
2025-03,data\historical_csv\football-data\2425\T1.csv:257,data\historical_csv\football-data\2425\T1.csv,257,2025-03-28,T1,Konyaspor,Gaziantep,draw,0.2857112454520281,0.28059963440168345,3.597,3.65,0.9316884942855319,0.0031116110503446558,4,0.0,1XB,3.0-4.0,sportsbook,0.2780094523213789,1.027703349890945,0.005111611050344633,0.010890754563831496,1.2801001647134869,0.08163091577774904,0.36573901236363665,0.25,1.4734500973033082,draw:3.0-4.0,draw:sportsbook,sportsbook:3.0-4.0,0.4480307910627605,0.2857112454520281,0.2662579634852114,1.069988845029965,0.4480307910627605,-0.16231954561073242,0.1817728275775491,0.005724133973078523,7.709332349686471,home,2.706739340775269,2.706739340775269,0.64892098463418,0.1,0.2855344435384356,0.2817603064258312,0.28318666678145493,0.6220698101136498,,,0.0,lower_clv,True,0.2859373373402447,3.4972697490362115,2.8516602412860026,True,home,False,-0.1
2025-03,data\historical_csv\football-data\2425\I1.csv:300,data\historical_csv\football-data\2425\I1.csv,300,2025-03-31,I1,Verona,Parma,draw,0.30913517334902385,0.2955169327368174,3.352,3.4,-0.9427241466188119,0.011618240612206463,4,0.0,1XB,3.0-4.0,sportsbook,0.2983293556085919,1.036221101065928,0.013618240612206456,0.037583043321599265,1.2095571826198366,0.09556455540153103,0.3739166693247401,0.25,1.4319809069212486,draw:3.0-4.0,draw:sportsbook,sportsbook:3.0-4.0,0.3939147242923127,0.30913517334902385,0.2969501023586634,1.0904508243661941,0.3939147242923127,-0.08477955094328887,0.0969646219336493,0.011618240612206463,6.457925636007822,home,3.2417206023397354,3.2417206023397354,0.6966622645824793,0.14,0.308000359792183,0.30459521036137993,0.30588211913235475,0.6220698101136498,,,0.0,lower_clv,True,0.32102126070203285,3.115058478722333,7.60632658732141,True,draw,True,0.33
2025-04,data\historical_csv\football-data\2425\SP1.csv:311,data\historical_csv\football-data\2425\SP1.csv,311,2025-04-18,SP1,Espanol,Getafe,draw,0.35198488231536196,0.3483335326457371,2.9208,2.96,1.7412582151668854,0.0016513496696248745,4,0.0,1XB,2.0-3.0,sportsbook,0.3423719528896193,1.028077444266709,0.0036513496696248815,0.004691535780634302,1.07185755135929,0.12389335737855921,0.37727765407403174,0.25,1.342098055327301,draw:2.0-3.0,draw:sportsbook,sportsbook:2.0-3.0,0.33703220716637194,0.35198488231536196,0.31098291051826615,1.0973128458557997,0.35198488231536196,0.0,0.02604929664810579,0.0033212327545601873,5.941302791696512,draw,1.8941071814194304,1.8941071814194304,0.6406299490238092,0.1,0.3488568446364675,0.34324195561450466,0.3488568446364675,0.0,,,0.0,lower_clv,True,0.36126089757028124,2.76808258719851,5.517082962327735,True,home,False,-0.1
2025-04,data\historical_csv\football-data\2425\B1.csv:283,data\historical_csv\football-data\2425\B1.csv,283,2025-04-27,B1,Gent,Anderlecht,draw,0.30571823602085085,0.28699873916516905,3.4793999999999996,3.53,-0.14165869487109406,0.016719496855681797,4,0.0,1XB,3.0-4.0,sportsbook,0.28740587457607636,1.0637160304109483,0.018719496855681805,0.054689236315433536,1.2468598651283127,0.09346363983570066,0.3811877985322238,0.25,1.4542737253549598,draw:3.0-4.0,draw:sportsbook,sportsbook:3.0-4.0,0.3170693225256609,0.30571823602085085,0.37721244145348826,1.0942629663174062,0.37721244145348826,-0.0714942054326374,0.060143118927827366,0.016719496855681797,7.25408279529054,away,5.060364172262916,5.060364172262916,0.8230508696335099,0.2,0.30194965848210303,0.29742655059128925,0.30194965848210303,0.0,,,0.0,lower_clv,True,0.2851052755817808,3.507476310143394,-0.800470414075205,False,away,False,-0.2
2025-05,data\historical_csv\football-data\2425\I2.csv:349,data\historical_csv\football-data\2425\I2.csv,349,2025-05-01,I2,Spezia,Salernitana,draw,0.30489187561305775,0.287009627711616,3.45,3.5,-0.9816784394924838,0.015882247901441743,4,0.0,B365,3.0-4.0,sportsbook,0.2898550724637681,1.0518769708650493,0.017882247901441772,0.05209141066650825,1.2383742310432684,0.09295905581484828,0.37757024201366024,0.25,1.4492753623188248,draw:3.0-4.0,draw:sportsbook,sportsbook:3.0-4.0,0.48411306451801966,0.30489187561305775,0.21099505986892253,1.0416349633062594,0.48411306451801966,-0.17922118890496191,0.27311800464909713,0.01740205002993982,7.941403238242106,home,3.2024748006237096,3.2024748006237096,0.6557277836427418,0.13,0.29913760811774986,0.2931097315605524,0.29913760811774986,0.0,,,0.0,lower_clv,True,0.28461005913069515,3.513579256665669,-1.8095295999101646,False,home,False,-0.13
2025-05,data\historical_csv\football-data\2425\I2.csv:357,data\historical_csv\football-data\2425\I2.csv,357,2025-05-04,I2,Frosinone,Cittadella,draw,0.34041822969714697,0.33171421028220593,3.0873999999999997,3.13,2.413445282528248,0.006704019414941007,4,0.0,1XB,3.0-4.0,sportsbook,0.3238971302714258,1.0510072423669714,0.008704019414941033,0.019693479461735164,1.1273293127656037,0.11588457111013951,0.3837634489373681,0.25,1.3798017749562907,draw:3.0-4.0,draw:sportsbook,sportsbook:3.0-4.0,0.4192169460123815,0.34041822969714697,0.24036482429047154,1.073944721135856,0.4192169460123815,-0.07879871631523455,0.17885212172190998,0.006704019414941007,10.483586304271086,home,3.6579507275638234,3.6579507275638234,0.7287000995898053,0.18,0.3357451277047478,0.3269175630753688,0.3357451277047478,0.0,,,0.0,lower_clv,True,0.2824816733170845,3.540052663443069,-12.786608180083336,False,draw,True,0.38
2025-05,data\historical_csv\football-data\2425\F1.csv:285,data\historical_csv\football-data\2425\F1.csv,285,2025-05-04,F1,Nantes,Angers,draw,0.28671879981871934,0.27757770605654575,3.6557999999999997,3.71,1.4768577801519855,0.007141093762173582,4,0.0,1XB,3.0-4.0,sportsbook,0.2735379397122381,1.048186588377274,0.009141093762173591,0.024906262744851772,1.2963149475003666,0.08220767016948685,0.3716778659343713,0.25,1.4825756332403461,draw:3.0-4.0,draw:sportsbook,sportsbook:3.0-4.0,0.5033920332335308,0.28671879981871934,0.20988916694774995,1.0313795318525776,0.5033920332335308,-0.21667323341481143,0.2935028662857808,0.008618299839624387,9.117647058823541,home,3.398443796833772,3.398443796833772,0.7181829147451426,0.13,0.2828339728563756,0.275843781371066,0.2828339728563756,0.0,,,0.0,lower_clv,True,0.2899866225088364,3.448434935889252,6.013309456780402,True,away,False,-0.13
2025-05,data\historical_csv\football-data\2425\I2.csv:365,data\historical_csv\football-data\2425\I2.csv,365,2025-05-09,I2,Mantova,Carrarese,away,0.26247070047949517,0.2463358628871377,4.136,4.2,1.8845128901201713,0.014134837592357438,4,0.0,B365,4.0-5.0,sportsbook,0.24177949709864602,1.085578817183192,0.016134837592357454,0.05385301127529732,1.419729137206128,0.06889086861019686,0.37263730113364174,0.25,1.547388781431347,away:4.0-5.0,away:sportsbook,sportsbook:4.0-5.0,0.4229678107679256,0.31456148875257917,0.26247070047949517,1.0788456825108796,0.4229678107679256,-0.16049711028843044,0.16049711028843044,0.024957821866826203,11.111111111111116,home,4.673356439972288,4.673356439972288,0.748640755133909,0.15,0.2530787147968382,0.25282760401383325,0.2530787147968382,0.0,,,0.0,lower_clv,True,0.23845743413935575,4.193620566325455,-1.3740052399624614,False,home,False,-0.15
2025-05,data\historical_csv\football-data\2425\SP2.csv:436,data\historical_csv\football-data\2425\SP2.csv,436,2025-05-17,SP2,Malaga,Sp Gijon,draw,0.36649638319761085,0.35288529825893583,2.764,2.8,-2.462503561230145,0.011611084938675024,4,0.0,1XB,2.0-3.0,sportsbook,0.36179450072358904,1.0129960031581964,0.013611084938675022,0.03168130838664908,1.0166789059054233,0.13431959889693001,0.37260914188764177,0.25,1.302460202604916,draw:2.0-3.0,draw:sportsbook,sportsbook:2.0-3.0,0.3522369103569155,0.36649638319761085,0.28126670644547364,1.092192191876648,0.36649638319761085,0.0,0.07097020391144188,0.011611084938675024,6.141015921152393,draw,1.8082492368752523,1.8082492368752523,0.6171030865929487,0.1,0.36833664702198,0.35179213411021937,0.36833664702198,0.0,,,0.0,lower_clv,True,0.339990307163081,2.941260321048907,-6.026679100124421,False,home,False,-0.1
2025-10,data\historical_csv\football-data\2526\E2.csv:127,data\historical_csv\football-data\2526\E2.csv,127,2025-10-04,E2,Plymouth,Wigan,away,0.3528297307895257,0.3432864996363844,2.9587749999999997,3.05,1.57075129616433,0.007543231153141246,8,0.025,BFE,2.0-3.0,exchange,0.3379777103700011,1.0439437867167787,0.009543231153141263,0.02137923903482223,1.0847753313245125,0.12448881892900916,0.3827409881183463,0.125,3.0832016628503434,away:2.0-3.0,away:exchange,exchange:2.0-3.0,0.36408110395176074,0.28308916525871364,0.3528297307895257,1.0926837295489293,0.36408110395176074,-0.011251373162235068,0.011251373162235068,0.009138054697188465,7.098214285714288,home,2.967847573094875,2.967847573094875,0.6448886810156523,0.15,0.34800837364481885,0.33328966227884965,0.34800837364481885,0.0,,,0.0,lower_clv,True,0.30450436112900625,3.2840252149174973,-9.904010890052461,False,draw,False,-0.15
2025-10,data\historical_csv\football-data\2526\B1.csv:76,data\historical_csv\football-data\2526\B1.csv,76,2025-10-04,B1,RAAL La Louviere,Waregem,away,0.3271707400962737,0.3196718119861467,3.19765,3.3,2.2198569597501994,0.005498928110127039,8,0.025,BFE,3.0-4.0,exchange,0.31272966084468284,1.0461775170688496,0.007498928110127034,0.01680751802104588,1.16241616502027,0.10704069317514349,0.380308557009554,0.125,3.2007880787453313,away:3.0-4.0,away:exchange,exchange:3.0-4.0,0.3960488529379061,0.27678040696582007,0.3271707400962737,1.0878994986370558,0.3960488529379061,-0.06887811284163237,0.06887811284163237,0.005498928110127039,7.367549668874163,home,2.231689924277265,2.231689924277265,0.6785228025731509,0.1,0.3197088171759801,0.30892891263807076,0.3197088171759801,0.0,,,0.0,lower_clv,True,0.31853077725595413,3.139414057927765,1.8549939892501754,True,draw,False,-0.1
2025-10,data\historical_csv\football-data\2526\SP2.csv:86,data\historical_csv\football-data\2526\SP2.csv,86,2025-10-05,SP2,Santander,Malaga,away,0.24060572805840044,0.23068450390507741,4.5573999999999995,4.63,5.1321558096999675,0.007921224153323036,8,0.0,PS,4.0-5.0,sportsbook,0.21942335542195113,1.096536545053354,0.009921224153323027,0.03292200986753057,1.5167522854758682,0.05789111637451295,0.3649392879311641,0.125,1.5930135603633655,away:4.0-5.0,away:sportsbook,sportsbook:4.0-5.0,0.4941614546076117,0.2652328173339878,0.24060572805840044,1.0430998330993029,0.4941614546076117,-0.2535557265492112,0.2535557265492112,0.010477515949074456,10.238095238095223,home,3.985025949224766,3.985025949224766,0.765107679113388,0.11,0.22816743307417559,0.2272762562280912,0.22816743307417559,0.0,,,0.0,lower_clv,True,0.2345025053686471,4.264346764346764,6.872171796707227,True,home,False,-0.11
2025-10,data\historical_csv\football-data\2526\G1.csv:41,data\historical_csv\football-data\2526\G1.csv,41,2025-10-05,G1,PAOK,Olympiakos,draw,0.29799432996681363,0.29312851018075886,3.5185999999999997,3.57,3.14019759220181,0.0028658197860547906,8,0.0,PS,3.0-4.0,sportsbook,0.28420394475075317,1.0485228494212304,0.00486581978605477,0.009617027902423327,1.2580631832228086,0.0888006206923702,0.3748956953403976,0.125,1.4608082760188656,draw:3.0-4.0,draw:sportsbook,sportsbook:3.0-4.0,0.368037283271565,0.29799432996681363,0.3339683867616214,1.094921542698454,0.368037283271565,-0.07004295330475135,0.0340688965099436,0.005381795351810438,10.100231303006947,home,3.758554440423017,3.758554440423017,0.6993172217748437,0.15,0.29488590473604,0.28132398795054797,0.29488590473604,0.0,,,0.0,lower_clv,True,0.29677747468676313,3.3695279638572986,4.4241222432844785,True,home,False,-0.15
2025-10,data\historical_csv\football-data\2526\D2.csv:77,data\historical_csv\football-data\2526\D2.csv,77,2025-10-18,D2,Paderborn,Bielefeld,away,0.23110652182038943,0.2209985245973972,4.72645,4.9,4.453847658336785,0.008107997222992235,8,0.025,BFE,4.0-5.0,exchange,0.21157528377534937,1.0923134200579796,0.010107997222992243,0.035083376960229534,1.5531743921750678,0.05341022442791814,0.3589487315560774,0.125,3.6718890499211954,away:4.0-5.0,away:exchange,exchange:4.0-5.0,0.5199393036568671,0.2489541745227433,0.23110652182038943,1.0247726905062868,0.5199393036568671,-0.2888327818364777,0.2888327818364777,0.009240982686913448,1.1052631578947425,home,5.572078599315233,5.572078599315233,0.802943384010891,0.15,0.2233644248840361,0.21835638035739557,0.2233644248840361,0.0,,,0.0,lower_clv,True,0.20592857749146723,4.856052579887488,-2.6688874915454797,False,home,False,-0.15
2025-10,data\historical_csv\football-data\2526\D2.csv:80,data\historical_csv\football-data\2526\D2.csv,80,2025-10-19,D2,Darmstadt,Magdeburg,away,0.24051483502637558,0.22750827714627458,4.535349999999999,4.7,3.18296647553562,0.011006557880101004,8,0.025,BFE,4.0-5.0,exchange,0.22049014960256655,1.0908189570368723,0.013006557880100994,0.045762490612664256,1.511902258097338,0.05784738586776466,0.363634922182286,0.125,3.630370313206277,away:4.0-5.0,away:exchange,exchange:4.0-5.0,0.5226957285721897,0.23678943640143466,0.24051483502637558,1.022944205654194,0.5226957285721897,-0.2821808935458141,0.2821808935458141,0.011006557880101004,2.388888888888885,home,5.114988912363531,5.114988912363531,0.7924779494058533,0.14,0.23176819630759157,0.22719087602640706,0.23176819630759157,0.0,,,0.0,lower_clv,True,0.23452857712671654,4.263872711169423,6.366918227165375,True,draw,False,-0.14
2025-10,data\historical_csv\football-data\2526\T1.csv:78,data\historical_csv\football-data\2526\T1.csv,78,2025-10-19,T1,Gaziantep,Antalyaspor,away,0.2405111522911209,0.2307342085992281,4.4398,4.6,2.4413739338853047,0.007776943691892812,7,0.025,BFE,4.0-5.0,exchange,0.22523537096265597,1.0678214139421187,0.009776943691892803,0.032335064789342484,1.4906093303845298,0.05784561437640275,0.3585081676666794,0.14285714285714285,3.6082706428217426,away:4.0-5.0,away:exchange,exchange:4.0-5.0,0.49149070658448724,0.26799814112439185,0.2405111522911209,1.0447308866571416,0.49149070658448724,-0.2509795542933663,0.2509795542933663,0.007776943691892812,7.380952380952377,home,3.7604407118063192,3.7604407118063192,0.7262211895155267,0.11,0.23370521354972368,0.2271874166686208,0.23370521354972368,0.0,,,0.0,lower_clv,True,0.21572119070315834,4.635613203971431,-4.224105751611762,False,home,False,-0.11
2025-10,data\historical_csv\football-data\2526\B1.csv:89,data\historical_csv\football-data\2526\B1.csv,89,2025-10-20,B1,Standard,Antwerp,away,0.2555302070719659,0.24374740038825782,4.2487,4.4,3.5609580029591026,0.009782806683708066,8,0.025,BFE,4.0-5.0,exchange,0.23536611198719606,1.0856711907866616,0.01178280668370807,0.03828434530620053,1.4466130537918354,0.06529568672624177,0.36965333318843663,0.125,3.561089274366269,away:4.0-5.0,away:exchange,exchange:4.0-5.0,0.46445596424259866,0.2800138286854354,0.2555302070719659,1.0612692720495787,0.46445596424259866,-0.20892575717063278,0.20892575717063278,0.01490918248523688,10.641025641025648,home,4.8130897713461565,4.8130897713461565,0.7628266750819661,0.15,0.24669449424846693,0.24130410707263453,0.24669449424846693,0.0,,,0.0,lower_clv,True,0.2448904683486052,4.083458236424642,4.046613287271894,True,home,False,-0.15
2025-10,data\historical_csv\football-data\2526\T1.csv:82,data\historical_csv\football-data\2526\T1.csv,82,2025-10-22,T1,Rizespor,Buyuksehyr,draw,0.29000667499376204,0.28237672421330384,3.548,3.6,0.1872617508801966,0.005629950780458172,8,0.0,BMGM,3.0-4.0,sportsbook,0.2818489289740699,1.0289436828778677,0.0076299507804581945,0.01941317654353739,1.266384064447333,0.08410387154093753,0.36725983179545707,0.125,1.4656144306651742,draw:3.0-4.0,draw:sportsbook,sportsbook:3.0-4.0,0.4075887606517292,0.29000667499376204,0.30240456435450874,1.0864673546102859,0.4075887606517292,-0.11758208565796718,0.10518419629722048,0.012912970109168682,4.046242774566489,home,3.0514364487495604,3.0514364487495604,0.6284491632757554,0.12,0.2904493699231949,0.2737827608603494,0.2904493699231949,0.0,,,0.0,lower_clv,True,0.2772610138813188,3.6067097425678774,-1.6277922749080909,False,draw,True,0.31
2025-10,data\historical_csv\football-data\2526\B1.csv:90,data\historical_csv\football-data\2526\B1.csv,90,2025-10-24,B1,Charleroi,Anderlecht,home,0.3578313008516028,0.34767655487363786,3.0873999999999997,3.13,7.341659551686952,0.008154745977964976,8,0.0,PS,3.0-4.0,sportsbook,0.3238971302714258,1.1047683582492385,0.010154745977964952,0.02278935900397057,1.1273293127656037,0.12804323986915028,0.40339371447505934,0.125,1.3798017749562907,home:3.0-4.0,home:sportsbook,sportsbook:3.0-4.0,0.3578313008516028,0.28585256109472557,0.35631613805367157,1.0934039186612607,0.3578313008516028,0.0,0.0015151627979312354,0.010105070707465937,15.243004418262164,home,6.012331234923035,6.012331234923035,0.8459229274782327,0.29,0.34337089860375414,0.338048001580244,0.34337089860375414,0.0,,,0.0,lower_clv,True,0.3482359631268029,2.8716161048417357,7.514371255769103,True,home,True,0.61
2025-10,data\historical_csv\football-data\2526\F2.csv:99,data\historical_csv\football-data\2526\F2.csv,99,2025-10-25,F2,Annecy,St Etienne,home,0.27113676132105435,0.25771439556229947,4.0478000000000005,4.11,4.317633035707602,0.01142236575875488,8,0.0,PS,4.0-5.0,sportsbook,0.2470477790404664,1.097507382475364,0.013422365758754884,0.042127691217900186,1.3981735236499684,0.0735151433396704,0.37909624096729905,0.125,1.5366371856317063,home:4.0-5.0,home:sportsbook,sportsbook:4.0-5.0,0.27113676132105435,0.2746063755202962,0.45425686315864944,1.0672257414168773,0.45425686315864944,-0.18312010183759508,0.18312010183759508,0.014693843301680398,12.602739726027412,away,5.295793630133053,5.295793630133053,0.7511810922989416,0.17,0.2601309195862766,0.25599274739151656,0.2601309195862766,0.0,,,0.0,lower_clv,True,0.22891014742396912,4.3685263028024695,-7.341750525725765,False,home,True,0.52
2025-10,data\historical_csv\football-data\2526\T1.csv:84,data\historical_csv\football-data\2526\T1.csv,84,2025-10-25,T1,Kocaelispor,Alanyaspor,away,0.32169394615266306,0.3100436026550287,3.340975,3.45,3.5847925380384504,0.009650343497634346,8,0.025,BFE,3.0-4.0,exchange,0.29931382306063353,1.0747714317473933,0.01165034349763433,0.029998523792719056,1.2062626805570393,0.10348699499127248,0.38804740180508324,0.125,3.2632689559185746,away:3.0-4.0,away:exchange,exchange:3.0-4.0,0.39675146276856693,0.2815545910787699,0.32169394615266306,1.0884761190480217,0.39675146276856693,-0.07505751661590387,0.07505751661590387,0.010708724559210823,9.66828478964401,home,3.9545861174260906,3.9545861174260906,0.7641287449916027,0.17,0.31115044595492664,0.30373969059328554,0.31115044595492664,0.0,,,0.0,lower_clv,True,0.3041770840996449,3.2875586369695475,1.624803354981097,True,home,False,-0.17
2025-10,data\historical_csv\football-data\2526\SC0.csv:53,data\historical_csv\football-data\2526\SC0.csv,53,2025-10-25,SC0,Livingston,Motherwell,away,0.4537152550627602,0.44630953247182975,2.2935999999999996,2.32,2.3655543677388646,0.005405722590930451,8,0.0,PS,2.0-3.0,sportsbook,0.43599581444018143,1.0406413090119466,0.007405722590930475,0.011914350532874861,0.8301226355870228,0.20585753267666557,0.3766393033387368,0.125,1.1510289501220905,away:2.0-3.0,away:sportsbook,sportsbook:2.0-3.0,0.27811623946998765,0.2681685054672522,0.4537152550627602,1.0674216377475356,0.4537152550627602,0.0,0.17559901559277258,0.005405722590930451,9.874496803220435,away,2.564403594765657,2.564403594765657,0.6436558315682059,0.2,0.4471765067787133,0.42997562186726485,0.4471765067787133,0.0,,,0.0,lower_clv,True,0.42593103472406396,2.3477979261310273,-2.3084578756887075,False,away,True,0.26
2025-10,data\historical_csv\football-data\2526\B1.csv:95,data\historical_csv\football-data\2526\B1.csv,95,2025-10-26,B1,Cercle Brugge,Waregem,away,0.23695068698475075,0.2278776260830548,4.535349999999999,4.7,3.3504791455782446,0.007073060901695927,8,0.025,BFE,4.0-5.0,exchange,0.22049014960256655,1.0746542982162892,0.009073060901695934,0.02985034984157325,1.511902258097338,0.056145628062545326,0.3582462787099602,0.125,3.630370313206277,away:4.0-5.0,away:exchange,exchange:4.0-5.0,0.5197148913126315,0.24333442170261774,0.23695068698475075,1.0252354679591624,0.5197148913126315,-0.28276420432788074,0.28276420432788074,0.007073060901695927,11.024096385542158,home,4.198979953555055,4.198979953555055,0.7618647767261302,0.12,0.22974848678394186,0.22384337281736316,0.22974848678394186,0.0,,,0.0,lower_clv,True,0.26911203922280735,3.715924426450742,22.051728708915917,True,draw,False,-0.12
2025-10,data\historical_csv\football-data\2526\SP2.csv:119,data\historical_csv\football-data\2526\SP2.csv,119,2025-10-26,SP2,Almeria,Castellon,away,0.2682081161683699,0.260297829288861,4.087,4.15,6.3837228303574856,0.005910286879508872,8,0.0,PS,4.0-5.0,sportsbook,0.24467824810374358,1.0961665707801278,0.007910286879508899,0.02203619697995507,1.4078112045821403,0.07193559357858581,0.37758639110169945,0.125,1.5414729630536028,away:4.0-5.0,away:sportsbook,sportsbook:4.0-5.0,0.48391706787201594,0.24787481595961414,0.2682081161683699,1.0499505367698228,0.48391706787201594,-0.215708951703646,0.215708951703646,0.008905542729422209,12.162162162162172,home,4.189231433264016,4.189231433264016,0.7846524835166926,0.14,0.25492838618366537,0.25323471871913633,0.25492838618366537,0.0,,,0.0,lower_clv,True,0.26588444355266444,3.761032374208562,8.666972079973956,True,home,False,-0.14
2025-10,data\historical_csv\football-data\2526\SP2.csv:118,data\historical_csv\football-data\2526\SP2.csv,118,2025-10-26,SP2,Malaga,Andorra,away,0.3006769352956935,0.29412970211070516,3.6557999999999997,3.71,7.527936497631593,0.0045472331849883176,8,0.0,PS,3.0-4.0,sportsbook,0.2735379397122381,1.0992147400539962,0.006547233184988344,0.015123318922073123,1.2963149475003666,0.09040661941881066,0.38977200559240804,0.125,1.4825756332403461,away:3.0-4.0,away:sportsbook,sportsbook:3.0-4.0,0.4160609492413555,0.283262115462951,0.3006769352956935,1.083484691013724,0.4160609492413555,-0.115384013945662,0.115384013945662,0.013045976486639665,12.424242424242426,home,4.101782323879821,4.101782323879821,0.8095436177015857,0.15,0.2847578705724597,0.2838581630080977,0.2847578705724597,0.0,,,0.0,lower_clv,True,0.2581814048222809,3.8732456378427007,-5.614042025070553,False,home,False,-0.15
2025-10,data\historical_csv\football-data\2526\P1.csv:79,data\historical_csv\football-data\2526\P1.csv,79,2025-10-26,P1,Famalicao,Guimaraes,away,0.23500273536610783,0.22780558127878647,4.535349999999999,4.7,3.317804305274419,0.005197154087321366,8,0.025,BFE,4.0-5.0,exchange,0.22049014960256655,1.065819655842677,0.007197154087321356,0.02211529188894242,1.511902258097338,0.05522628562955291,0.3553011662590696,0.125,3.630370313206277,away:4.0-5.0,away:exchange,exchange:4.0-5.0,0.48251620665571726,0.28248105797817485,0.23500273536610783,1.0490470255191644,0.48251620665571726,-0.24751347128960943,0.24751347128960943,0.0064741297241498125,12.378048780487806,home,3.9997385339357936,3.9997385339357936,0.7217254141630763,0.11,0.2293091790797531,0.2220142094805895,0.2293091790797531,0.0,,,0.0,lower_clv,True,0.20779981688489574,4.812323778677433,-5.755510049108825,False,home,False,-0.11
2025-10,data\historical_csv\football-data\2526\E0.csv:90,data\historical_csv\football-data\2526\E0.csv,90,2025-10-26,E0,Wolves,Burnley,away,0.2330429934673496,0.22541903135579802,4.535349999999999,4.7,2.2354203859518362,0.005623962111551595,8,0.025,BFE,4.0-5.0,exchange,0.22049014960256655,1.056931540422144,0.007623962111551585,0.02413272344246444,1.511902258097338,0.05430903680422315,0.35233822805704906,0.125,3.630370313206277,away:4.0-5.0,away:exchange,exchange:4.0-5.0,0.4813570011508613,0.2856000053817891,0.2330429934673496,1.04928030374312,0.4813570011508613,-0.24831400768351167,0.24831400768351167,0.005623962111551595,8.41176470588234,home,3.4374967669992462,3.4374967669992462,0.6786511944602485,0.1,0.22806949136670657,0.22017424182440165,0.22806949136670657,0.0,,,0.0,lower_clv,True,0.2184835900132752,4.577002785148483,-0.9100450033292518,False,away,True,0.35
2025-10,data\historical_csv\football-data\2526\T1.csv:91,data\historical_csv\football-data\2526\T1.csv,91,2025-10-27,T1,Samsunspor,Rizespor,away,0.24361228438114552,0.239091889228562,4.535349999999999,4.7,8.436539981275848,0.002520395152583516,8,0.025,BFE,4.0-5.0,exchange,0.22049014960256655,1.1048669739680281,0.004520395152583512,0.010345927993681189,1.511902258097338,0.059346945101400116,0.3683179628561048,0.125,3.630370313206277,away:4.0-5.0,away:exchange,exchange:4.0-5.0,0.4834241864635112,0.27296352915534317,0.24361228438114552,1.0498263321050092,0.4834241864635112,-0.2398119020823657,0.2398119020823657,0.005102089515331388,12.378048780487806,home,6.796495780408765,6.796495780408765,0.8622493405878544,0.19,0.23547575331652196,0.23010080387735798,0.23547575331652196,0.0,,,0.0,lower_clv,True,0.23117720999479804,4.3256859100536,4.846955934990715,True,draw,False,-0.19
2025-10,data\historical_csv\football-data\2526\F2.csv:111,data\historical_csv\football-data\2526\F2.csv,111,2025-10-31,F2,Guingamp,Laval,away,0.2391304347826087,0.22523892862392947,4.72645,4.9,6.458053419457133,0.011891506158679246,7,0.025,BFE,4.0-5.0,exchange,0.21157528377534937,1.1302380434782608,0.013891506158679234,0.04972811666356776,1.5531743921750678,0.057183364839319475,0.371411267694038,0.14285714285714285,3.6718890499211954,away:4.0-5.0,away:exchange,exchange:4.0-5.0,0.4782608695652174,0.2826086956521739,0.2391304347826087,1.052030013409421,0.4782608695652174,-0.2391304347826087,0.2391304347826087,0.01842315706945961,14.345238095238088,home,8.074612988018114,8.074612988018114,0.8859272068636024,0.22,0.2286591691185099,0.225890516799068,0.2286591691185099,0.0,,,0.0,lower_clv,True,0.20296555870670746,4.926944287355846,-4.069343505068257,False,home,False,-0.22
2025-10,data\historical_csv\football-data\2526\T1.csv:92,data\historical_csv\football-data\2526\T1.csv,92,2025-10-31,T1,Buyuksehyr,Kocaelispor,away,0.22111544769312239,0.21528341116845953,4.917549999999999,5.1,5.8666938591457995,0.0038320365246628445,7,0.025,BFE,4.0-5.0,exchange,0.20335329584854248,1.0873462698033138,0.005832036524662854,0.017330478556076192,1.5928104389975604,0.04889204120852994,0.3521949933092244,0.14285714285714285,3.710180882756653,away:4.0-5.0,away:exchange,exchange:4.0-5.0,0.5114626516086438,0.2674219006982338,0.22111544769312239,1.029314760912644,0.5114626516086438,-0.2903472039155214,0.2903472039155214,0.007211513226444152,15.415704387990758,home,5.411404243947681,5.411404243947681,0.8136177761502166,0.14,0.214357564730298,0.20898115638001008,0.214357564730298,0.0,,,0.0,lower_clv,True,0.2600948095056724,3.8447518499141413,27.902923048461915,True,home,False,-0.14
2025-11,data\historical_csv\football-data\2526\T1.csv:120,data\historical_csv\football-data\2526\T1.csv,120,2025-11-29,T1,Rizespor,Kayserispor,away,0.25252646549265173,0.24634260553343923,4.34425,4.5,7.0173864088643345,0.004183859959212505,8,0.025,BFE,4.0-5.0,exchange,0.23018933072452094,1.0970380977164522,0.006183859959212501,0.016568005856535666,1.4688531316202267,0.06376961577421142,0.3709242896558686,0.125,3.5851988260344303,away:4.0-5.0,away:exchange,exchange:4.0-5.0,0.4941094002407121,0.2533641342666363,0.25252646549265173,1.04373372999955,0.4941094002407121,-0.24158293474806036,0.24158293474806036,0.004183859959212505,14.018087855297146,home,6.07477557255097,3.892941312606755,0.8448497338696576,0.12,0.2391504662775088,0.22942099366047178,0.23842372359275146,0.07469497200544689,,,0.0,lower_clv,True,0.24750267570460222,4.04036036036036,7.521349892971818,True,away,True,0.4
2025-11,data\historical_csv\football-data\2526\SP2.csv:175,data\historical_csv\football-data\2526\SP2.csv,175,2025-11-30,SP2,Cordoba,Cadiz,away,0.26119095272995085,0.2526407418699892,4.273199999999999,4.34,7.9584418158837655,0.006550210859961645,8,0.0,PS,4.0-5.0,sportsbook,0.23401666198633347,1.1161211792056258,0.00855021085996166,0.025078245595795978,1.4523629610895952,0.06822071378797942,0.3793440655166839,0.125,1.5632313020687238,away:4.0-5.0,away:sportsbook,sportsbook:4.0-5.0,0.4473488934925639,0.2914601537774853,0.26119095272995085,1.0698318160702405,0.4473488934925639,-0.18615794076261305,0.18615794076261305,0.014760910315402748,2.904564315352709,home,5.559079836262683,3.377245576318468,0.777336348924694,0.1,0.24191997935111506,0.23775380614484304,0.24160878716010276,0.07469497200544689,,,0.0,lower_clv,True,0.2190449535558316,4.565272944053986,-6.397710446522065,False,away,True,0.33
2025-12,data\historical_csv\football-data\2526\SP1.csv:141,data\historical_csv\football-data\2526\SP1.csv,141,2025-12-01,SP1,Vallecano,Valencia,away,0.23558612526078032,0.23023869155190543,4.528,4.6,4.2520795347027684,0.0033474337088748875,8,0.0,BMGM,4.0-5.0,sportsbook,0.2208480565371025,1.0667339751808131,0.005347433708874888,0.014208959484220348,1.5102803409008818,0.055500822415388076,0.35580109357036915,0.125,1.590106007067149,away:4.0-5.0,away:sportsbook,sportsbook:4.0-5.0,0.4852825592652566,0.2791313154739631,0.23558612526078032,1.0476446856050092,0.4852825592652566,-0.24969643400447628,0.24969643400447628,0.004505068564137855,4.249291784702547,home,4.116751233240706,4.116751233240706,0.6708434052966458,0.12,0.2299398216281818,0.21294556091760652,0.22959117463036002,0.020515573096088667,,,0.0,lower_clv,True,0.23913146071021463,4.18180024088016,8.278725409585164,True,draw,False,-0.12
2025-12,data\historical_csv\football-data\2526\B1.csv:137,data\historical_csv\football-data\2526\B1.csv,137,2025-12-07,B1,Oud-Heverlee Leuven,Waregem,away,0.2854615188642545,0.2803755324947216,3.7709499999999996,3.9,5.72821142609703,0.003085986369532961,7,0.025,BFE,3.0-4.0,exchange,0.26518516554183963,1.0764611145611604,0.005085986369532947,0.010810516183795825,1.327326959105846,0.08148827875228715,0.3789007697758271,0.14285714285714285,3.422214561317438,away:3.0-4.0,away:exchange,exchange:3.0-4.0,0.43773528574081705,0.2768031953949284,0.2854615188642545,1.0750387594564315,0.43773528574081705,-0.15227376687656252,0.15227376687656252,0.010867076436767634,12.573529411764707,home,3.349472369798992,3.349472369798992,0.7617718644732737,0.12,0.2740674693904692,0.2644147207059928,0.2738694377192547,0.020515573096088667,,,0.0,lower_clv,True,0.2788857195876298,3.585698118493249,5.16641042789725,True,draw,False,-0.12
2025-12,data\historical_csv\football-data\2526\I2.csv:147,data\historical_csv\football-data\2526\I2.csv,147,2025-12-08,I2,Mantova,Reggiana,away,0.26336317556447897,0.256005013570644,4.136,4.2,5.883673612818363,0.005358161993835006,7,0.0,BMGM,4.0-5.0,sportsbook,0.24177949709864602,1.0892700941346851,0.0073581619938349885,0.02034514499739988,1.419729137206128,0.06936016224340658,0.3739043740160237,0.14285714285714285,1.547388781431347,away:4.0-5.0,away:sportsbook,sportsbook:4.0-5.0,0.45681345039826216,0.27982337403725893,0.26336317556447897,1.0656711627541762,0.45681345039826216,-0.1934502748337832,0.1934502748337832,0.005477584683256659,16.666666666666675,home,6.0103106666309705,6.0103106666309705,0.7898523668976392,0.19,0.2563111960024927,0.24145687582295763,0.25600645111105674,0.020515573096088667,,,0.0,lower_clv,True,0.30976180455651126,3.2282869782209236,28.117482364573053,True,away,True,0.6
2025-12,data\historical_csv\football-data\2526\I2.csv:150,data\historical_csv\football-data\2526\I2.csv,150,2025-12-08,I2,Bari,Pescara,away,0.23882430830118212,0.23418943831483055,4.43,4.5,3.745921173469924,0.0026348699863515796,6,0.0,BMGM,4.0-5.0,sportsbook,0.22573363431151244,1.0579916857742366,0.00463486998635157,0.011032670857895823,1.4883995840570443,0.05703705023553809,0.35546600113819077,0.16666666666666666,1.5801354401805856,away:4.0-5.0,away:sportsbook,sportsbook:4.0-5.0,0.48043974287909547,0.2807359488197224,0.23882430830118212,1.050821212965658,0.48043974287909547,-0.24161543457791335,0.24161543457791335,0.0036175354251011625,9.756097560975618,home,3.5318821961041245,3.5318821961041245,0.665356852332894,0.1,0.2337062803523795,0.21624798172298573,0.23334811335071484,0.020515573096088667,,,0.0,lower_clv,True,0.2624313452666382,3.810520420051079,16.257085953120722,True,draw,False,-0.1
2025-12,data\historical_csv\football-data\2526\I2.csv:156,data\historical_csv\football-data\2526\I2.csv,156,2025-12-13,I2,Sudtirol,Bari,away,0.24681674498301293,0.24094177159793698,4.34425,4.5,4.671129126433771,0.003874973385075934,7,0.025,BFE,4.0-5.0,exchange,0.23018933072452094,1.0722336443924538,0.005874973385075949,0.015699799401141232,1.4688531316202267,0.06091850560400964,0.3625375488046094,0.14285714285714285,3.5851988260344303,away:4.0-5.0,away:exchange,exchange:4.0-5.0,0.4637371318273494,0.28944612318963775,0.24681674498301293,1.060527807044615,0.4637371318273494,-0.21692038684433645,0.21692038684433645,0.0045308512137916075,5.0595238095237915,home,3.6537943868262808,3.6537943868262808,0.6770393059414999,0.11,0.23859997556960644,0.2244237264279351,0.2383091416941121,0.020515573096088667,,,0.0,lower_clv,True,0.2153108410052245,4.644447977311719,-6.463587896305356,False,draw,False,-0.11
2025-12,data\historical_csv\football-data\2526\B1.csv:155,data\historical_csv\football-data\2526\B1.csv,155,2025-12-26,B1,Cercle Brugge,St. Gilloise,home,0.25070764766522385,0.24354183998594303,4.234,4.3,3.1156150500482704,0.00516580767928082,7,0.0,BMGM,4.0-5.0,sportsbook,0.23618327822390175,1.0614961802145577,0.007165807679280822,0.02060490666076071,1.4431471727126735,0.06285432459783002,0.3618080329055129,0.14285714285714285,1.558809636277747,home:4.0-5.0,home:sportsbook,sportsbook:4.0-5.0,0.25070764766522385,0.25873789886028176,0.4905544534744945,1.0460261855191055,0.4905544534744945,-0.23984680580927065,0.23984680580927065,0.009527398018021238,9.554140127388532,away,3.8410510761846144,3.8410510761846144,0.6907632260353045,0.12,0.24525519857388905,0.2284163212939688,0.24490973935619678,0.020515573096088667,,,0.0,lower_clv,True,0.2547634914542928,3.925209198113892,7.866862281747555,True,draw,False,-0.12
2025-12,data\historical_csv\football-data\2526\E3.csv:268,data\historical_csv\football-data\2526\E3.csv,268,2025-12-29,E3,Bristol Rvs,Barnet,home,0.27631578947368424,0.2690894139446763,3.842,3.9,3.3841528375446295,0.005226375529007964,7,0.0,BMGM,3.0-4.0,sportsbook,0.2602811035918792,1.061605263157895,0.007226375529007956,0.01891450191450501,1.345993064346365,0.0763504155124654,0.3719191362009693,0.14285714285714285,1.5096304008328953,home:3.0-4.0,home:sportsbook,sportsbook:3.0-4.0,0.27631578947368424,0.27631578947368424,0.4473684210526316,1.070651758426683,0.4473684210526316,-0.17105263157894735,0.17105263157894735,0.005507566960104953,11.428571428571432,away,3.832005466292471,3.832005466292471,0.7414673942347484,0.13,0.27025508970924644,0.25488557784302174,0.2699397753651037,0.020515573096088667,,,0.0,lower_clv,True,0.2843168103027088,3.517203217549155,9.234518518300705,True,away,False,-0.13
2026-01,data\historical_csv\football-data\2526\F2.csv:157,data\historical_csv\football-data\2526\F2.csv,157,2026-01-03,F2,Bastia,Grenoble,away,0.2765583089752307,0.2647323304282794,3.94,4.0,4.304538188742102,0.00982597854695127,7,0.0,BMGM,3.0-4.0,sportsbook,0.25380710659898476,1.089639737362409,0.011825978546951277,0.03552950039129474,1.3711807233098425,0.07648449826323918,0.37921142213800374,0.14285714285714285,1.522842639593902,away:3.0-4.0,away:sportsbook,sportsbook:3.0-4.0,0.4274436070154708,0.2959980840092986,0.2765583089752307,1.079116823798195,0.4274436070154708,-0.1508852980402401,0.1508852980402401,0.00982597854695127,8.658743633276744,home,4.618028664714317,4.618028664714317,0.7524579011813741,0.16,0.26552799153480794,0.2583420511935647,0.26552799153480794,0.0,,,0.0,lower_clv,True,0.26343897299617924,3.7959455604714316,3.794955360494612,True,home,False,-0.16
2026-01,data\historical_csv\football-data\2526\I1.csv:171,data\historical_csv\football-data\2526\I1.csv,171,2026-01-03,I1,Sassuolo,Parma,away,0.23034423925618625,0.22269733326382893,4.5966000000000005,4.67,2.365056208051608,0.005646905992357302,8,0.0,PS,4.0-5.0,sportsbook,0.21755210372884304,1.0588003301649858,0.007646905992357317,0.02451507365928469,1.5253168997686932,0.05305846855851117,0.35134796090182413,0.125,1.5968324413697,away:4.0-5.0,away:sportsbook,sportsbook:4.0-5.0,0.4918877075231186,0.2777680532206952,0.23034423925618625,1.042995823468049,0.4918877075231186,-0.26154346826693237,0.26154346826693237,0.005646905992357302,1.3564839934888662,home,4.0693739311678865,4.0693739311678865,0.61028254850706,0.11,0.2264051123246919,0.20887492709047425,0.2264051123246919,0.0,,,0.0,lower_clv,True,0.24091216953633945,4.150890351137529,10.737687849073808,True,draw,False,-0.11
2026-01,data\historical_csv\football-data\2526\I2.csv:189,data\historical_csv\football-data\2526\I2.csv,189,2026-01-10,I2,Cesena,Empoli,away,0.25884029669553726,0.25010754079724135,4.2487,4.4,6.263190858523937,0.006732755898295908,7,0.025,BFE,4.0-5.0,exchange,0.23536611198719606,1.0997347685703294,0.008732755898295919,0.02601123543841151,1.4466130537918354,0.06699829919343375,0.3744417520471159,0.14285714285714285,3.561089274366269,away:4.0-5.0,away:exchange,exchange:4.0-5.0,0.4531491167271043,0.28801058657735834,0.25884029669553726,1.0670204965139383,0.4531491167271043,-0.19430882003156702,0.19430882003156702,0.008006934835135794,2.7380952380952506,home,4.50793950240149,4.50793950240149,0.6983184787963114,0.14,0.2459762739247334,0.23922055028669298,0.2459762739247334,0.0,,,0.0,lower_clv,True,0.2234130838988453,4.4760135912754775,-5.078483043897597,False,away,True,0.45
2026-01,data\historical_csv\football-data\2526\I1.csv:196,data\historical_csv\football-data\2526\I1.csv,196,2026-01-12,I1,Genoa,Cagliari,away,0.2418585635977677,0.23092192855814864,4.3712,4.44,0.9405934113379422,0.00893663503961907,8,0.0,PS,4.0-5.0,sportsbook,0.2287701317715959,1.057212153198562,0.010936635039619058,0.03694983922290008,1.4750375709542791,0.05849556478557544,0.3567504681637423,0.125,1.5739385065885791,away:4.0-5.0,away:sportsbook,sportsbook:4.0-5.0,0.4449154761238048,0.31322596027842764,0.2418585635977677,1.0672209189463453,0.4449154761238048,-0.20305691252603708,0.20305691252603708,0.01006827214173712,2.8968713789107703,home,3.5752096012189445,3.5752096012189445,0.5651870576447968,0.11,0.23694914348741525,0.2210718957612419,0.23694914348741525,0.0,,,0.0,lower_clv,True,0.23586154719122376,4.239775461106656,3.0997995082277408,True,home,False,-0.11
2026-01,data\historical_csv\football-data\2526\I2.csv:192,data\historical_csv\football-data\2526\I2.csv,192,2026-01-16,I2,Sampdoria,Virtus Entella,away,0.2372806211408446,0.22815249225376288,4.535349999999999,4.7,3.4751405743103314,0.007128128887081733,7,0.025,BFE,4.0-5.0,exchange,0.22049014960256655,1.0761506650911294,0.009128128887081727,0.03004092307584879,1.511902258097338,0.05630209316898503,0.3587451069055819,0.14285714285714285,3.630370313206277,away:4.0-5.0,away:exchange,exchange:4.0-5.0,0.4700842494299751,0.2926351294291803,0.2372806211408446,1.0557693940049444,0.4700842494299751,-0.2328036282891305,0.2328036282891305,0.007128128887081733,9.70238095238094,home,3.6594533946097463,3.6594533946097463,0.6513692813106191,0.1,0.22855888386697779,0.21621159877749974,0.22855888386697779,0.0,,,0.0,lower_clv,True,0.23531546975397796,4.249614362564003,6.7238015748703805,True,draw,False,-0.1
2026-01,data\historical_csv\football-data\2526\T1.csv:163,data\historical_csv\football-data\2526\T1.csv,163,2026-01-19,T1,Goztep,Rizespor,away,0.2392388211647393,0.22594570914675383,4.72645,4.9,6.792109699667459,0.011293112017985458,7,0.025,BFE,4.0-5.0,exchange,0.21157528377534937,1.130750326294082,0.01329311201798547,0.04720434569525423,1.5531743921750678,0.05723521355229411,0.3715796106472237,0.14285714285714285,3.6718890499211954,away:4.0-5.0,away:exchange,exchange:4.0-5.0,0.48103578793494994,0.2797253909003106,0.2392388211647393,1.05056543650398,0.48103578793494994,-0.24179696677021065,0.24179696677021065,0.011293112017985458,17.134146341463442,home,6.143287010861319,6.143287010861319,0.8077814179898125,0.16,0.22457296070171337,0.21828883660066753,0.22457296070171337,0.0,,,0.0,lower_clv,True,0.24523367773387328,4.077743355809378,15.908471612526531,True,home,False,-0.16
2026-01,data\historical_csv\football-data\2526\E1.csv:322,data\historical_csv\football-data\2526\E1.csv,322,2026-01-20,E1,Coventry,Millwall,away,0.22340643053357598,0.21682529931863967,4.6259999999999994,4.7,0.30338346480269784,0.0045811312149363105,7,0.0,BMGM,4.0-5.0,sportsbook,0.216169476869866,1.0334781476483224,0.006581131214936309,0.020505816256026738,1.5316925638092473,0.04991043320375351,0.3421899683554455,0.14285714285714285,1.5996541288370247,away:4.0-5.0,away:sportsbook,sportsbook:4.0-5.0,0.5212816712450107,0.2553118982214134,0.22340643053357598,1.022999346380247,0.5212816712450107,-0.2978752407114347,0.2978752407114347,0.0045811312149363105,2.0075963103635353,home,3.8156193067129833,3.8156193067129833,0.5864809299985375,0.11,0.2244176811645331,0.20157109329547926,0.2244176811645331,0.0,,,0.0,lower_clv,True,0.22897200530696854,4.367346124515799,5.9224496550036365,True,home,False,-0.11
2026-01,data\historical_csv\football-data\2526\F2.csv:174,data\historical_csv\football-data\2526\F2.csv,174,2026-01-23,F2,Annecy,Clermont,away,0.2533716320387636,0.24855393448674126,4.136,4.2,2.801907303716189,0.002817697552022365,7,0.0,BMGM,4.0-5.0,sportsbook,0.24177949709864602,1.0479450701123263,0.004817697552022354,0.011120809103014667,1.419729137206128,0.06419718392198663,0.35971908854690243,0.14285714285714285,1.547388781431347,away:4.0-5.0,away:sportsbook,sportsbook:4.0-5.0,0.45730489685045145,0.2893234711107848,0.2533716320387636,1.06447285354535,0.45730489685045145,-0.20393326481168783,0.20393326481168783,0.008918678848439629,1.9417475728155331,home,4.396106077717456,4.396106077717456,0.6113714295775442,0.14,0.2524083802652743,0.23335617464462172,0.2524083802652743,0.0,,,0.0,lower_clv,True,0.23848118980569738,4.193202830020893,-1.3641798963635599,False,home,False,-0.14
2026-01,data\historical_csv\football-data\2526\F2.csv:179,data\historical_csv\football-data\2526\F2.csv,179,2026-01-24,F2,Red Star,Boulogne,away,0.230251940600353,0.22008177119919142,4.72645,4.9,4.020548748441821,0.008170169401161567,7,0.025,BFE,4.0-5.0,exchange,0.21157528377534937,1.0882742846505384,0.010170169401161583,0.03548360712990682,1.5531743921750678,0.053015956150228485,0.3576214178890831,0.14285714285714285,3.6718890499211954,away:4.0-5.0,away:exchange,exchange:4.0-5.0,0.4889938263717176,0.2807542330279294,0.230251940600353,1.0446077507438205,0.4889938263717176,-0.2587418857713646,0.2587418857713646,0.008170169401161567,10.912240184757515,home,4.196509189436138,4.196509189436138,0.6914057991865055,0.11,0.2204540600015575,0.2087775305185086,0.2204540600015575,0.0,,,0.0,lower_clv,True,0.2184788657407086,4.577101755859549,3.2629434980172123,True,draw,False,-0.11
2026-01,data\historical_csv\football-data\2526\E1.csv:340,data\historical_csv\football-data\2526\E1.csv,340,2026-01-24,E1,Leicester,Oxford,away,0.23479934231437208,0.23000698230069408,4.43,4.5,1.8930931592074707,0.0027923600136779934,5,0.0,BMGM,4.0-5.0,sportsbook,0.22573363431151244,1.0401610864526682,0.004792360013677999,0.011892537628743916,1.4883995840570443,0.05513073115126168,0.34947524343757896,0.2,1.5801354401805856,away:4.0-5.0,away:sportsbook,sportsbook:4.0-5.0,0.49766454057397963,0.2675361171116482,0.23479934231437208,1.04026120894065,0.49766454057397963,-0.2628651982596075,0.2628651982596075,0.003097624846132652,1.9830028328611915,home,3.5066415934735087,3.5066415934735087,0.5776908796647696,0.1,0.23364930382273932,0.21358326769874744,0.23364930382273932,0.0,,,0.0,lower_clv,True,0.208670739406111,4.792238733835218,-7.558862443092829,False,away,True,0.34
2026-01,data\historical_csv\football-data\2526\E2.csv:340,data\historical_csv\football-data\2526\E2.csv,340,2026-01-31,E2,Wigan,Lincoln,away,0.42891681863156994,0.42362399934590983,2.568,2.6,8.786643032029652,0.003292819285660128,5,0.0,BMGM,2.0-3.0,sportsbook,0.3894080996884735,1.1014583902458717,0.005292819285660111,0.007677057980998845,0.9431273858277147,0.18396963730502705,0.4045231978935326,0.2,1.2461059190031154,away:2.0-3.0,away:sportsbook,sportsbook:2.0-3.0,0.2876032150891873,0.2834799662792429,0.42891681863156994,1.0788370355571821,0.42891681863156994,0.0,0.14131360354238265,0.0033126019943945668,17.70031688546854,away,7.282544300768121,7.282544300768121,0.7975333892486712,0.46,0.4177669170590658,0.42799594555336157,0.4177669170590658,0.0,,,0.0,lower_clv,True,0.4368479787485095,2.2891258484583568,12.182560942617249,True,away,True,0.72
2026-01,data\historical_csv\football-data\2526\E2.csv:336,data\historical_csv\football-data\2526\E2.csv,336,2026-01-31,E2,Luton,Blackpool,home,0.565474135442819,0.560315811964039,1.8330000000000002,1.85,2.705888333008355,0.0031583234787800323,5,0.0,BMGM,1.5-2.0,sportsbook,0.5455537370430987,1.0365140902666874,0.00515832347877998,0.005585266028669499,0.605953968857568,0.3197609978548036,0.34265129665787813,0.2,0.9274413529732684,home:1.5-2.0,home:sportsbook,sportsbook:1.5-2.0,0.565474135442819,0.2479193998610507,0.18660646469613026,0.9813989694846166,0.565474135442819,0.0,0.3788676707466887,0.004014269379001796,9.321908701433014,home,3.1955700169982584,3.1955700169982584,0.5293339215310741,0.38,0.5629872886906615,0.5823163111196343,0.5629872886906615,0.0,,,0.0,lower_clv,True,0.567207451244742,1.7630233837822311,3.969125813161223,True,home,True,0.32
2026-01,data\historical_csv\football-data\2526\E3.csv:334,data\historical_csv\football-data\2526\E3.csv,334,2026-01-31,E3,Fleetwood Town,Notts County,away,0.43760061881651197,0.4242442493338607,2.4210000000000003,2.45,2.7095327637276734,0.01135636948265128,5,0.0,BMGM,2.0-3.0,sportsbook,0.41305245766212306,1.0594310981547757,0.013356369482651287,0.025951447494211747,0.8841806779559216,0.1914943015885942,0.3869180118191144,0.2,1.1978521272201448,away:2.0-3.0,away:sportsbook,sportsbook:2.0-3.0,0.2894896401401541,0.27290974104333393,0.43760061881651197,1.0749205905725356,0.43760061881651197,0.0,0.14811097867635786,0.01135636948265128,11.363636363636353,away,2.94159672490571,2.94159672490571,0.6055745361401002,0.21,0.42520279522885457,0.43782537545709843,0.42520279522885457,0.0,,,0.0,lower_clv,True,0.4393739969176502,2.275965366670129,6.372444653763121,True,away,True,0.3
2026-02,data\historical_csv\football-data\2526\B1.csv:185,data\historical_csv\football-data\2526\B1.csv,185,2026-02-01,B1,Oud-Heverlee Leuven,Mechelen,away,0.26649493568298266,0.26028861833817707,4.0576,4.2,5.61470977689873,0.004206317344805598,4,0.025,BFE,4.0-5.0,exchange,0.24645110410094637,1.0813298510272704,0.00620631734480559,0.01578385470637744,1.400591665820715,0.07101955074467707,0.37325058590101295,0.25,3.509463722397488,away:4.0-5.0,away:exchange,exchange:4.0-5.0,0.4497994994928436,0.2837055648241737,0.26649493568298266,1.0691991998454013,0.4497994994928436,-0.18330456380986093,0.18330456380986093,0.004206317344805598,12.876712328767127,home,3.91270277565799,3.91270277565799,0.6914513334850327,0.13,0.25609400329174387,0.24608432252887658,0.2463988945201672,0.9685732243871779,,,0.0,lower_clv,True,0.28727727414817134,3.4809575625680083,16.565626758361994,True,draw,False,-0.13
2026-02,data\historical_csv\football-data\2526\SC0.csv:145,data\historical_csv\football-data\2526\SC0.csv,145,2026-02-03,SC0,St Mirren,Hearts,home,0.23515426188315697,0.2278622571371638,4.528,4.6,3.176030031707766,0.005292004745993181,7,0.0,BMGM,4.0-5.0,sportsbook,0.2208480565371025,1.0647784978069346,0.007292004745993175,0.02250439649111128,1.5102803409008818,0.05529752688181237,0.3551488588011895,0.14285714285714285,1.590106007067149,home:4.0-5.0,home:sportsbook,sportsbook:4.0-5.0,0.23515426188315697,0.2721383675910276,0.4927073705258153,1.0433199101181558,0.4927073705258153,-0.25755310864265835,0.25755310864265835,0.006682247444498619,4.249291784702547,away,4.496925732355778,4.496925732355778,0.7127486539131711,0.13,0.2307794296209271,0.20872292249561622,0.20941608739584597,0.9685732243871779,,,0.0,lower_clv,True,0.23091941665545077,4.330515010316676,4.5603118615880955,True,home,True,0.46
2026-02,data\historical_csv\football-data\2526\B1.csv:188,data\historical_csv\football-data\2526\B1.csv,188,2026-02-07,B1,Charleroi,Cercle Brugge,away,0.26080995992985967,0.25395414534307503,4.153149999999999,4.3,5.470965873159184,0.004855814586784624,5,0.025,BFE,4.0-5.0,exchange,0.2407810938685095,1.0831828850826966,0.0068558145867846365,0.01861820993374069,1.423867082464937,0.068021835198615,0.3713587167231264,0.2,3.5358703634590816,away:4.0-5.0,away:exchange,exchange:4.0-5.0,0.4681204408997482,0.27106959917039214,0.26080995992985967,1.0596850480593658,0.4681204408997482,-0.20731048096988852,0.20731048096988852,0.006104597863567763,15.54794520547944,home,4.550697154235945,4.550697154235945,0.7222456151434923,0.14,0.25173831225512194,0.23921779329981482,0.23961127283957934,0.9685732243871779,,,0.0,lower_clv,True,0.2986622906218457,3.3482633442537955,24.038929229611817,True,away,True,0.44
2026-03,data\historical_csv\football-data\2526\E2.csv:411,data\historical_csv\football-data\2526\E2.csv,411,2026-03-07,E2,Blackpool,Wigan,away,0.34167611224191863,0.3385389264138683,3.058,3.1,3.5252036973609124,0.0011371858280503312,5,0.0,BMGM,3.0-4.0,sportsbook,0.3270111183780249,1.044845551235787,0.0031371858280503373,0.003328256753416709,1.1177611075068705,0.11674256567675217,0.38191226962816877,0.2,1.373446697187708,away:3.0-4.0,away:sportsbook,sportsbook:3.0-4.0,0.36996344774006407,0.28836044001801747,0.34167611224191863,1.0933857139536869,0.36996344774006407,-0.02828733549814544,0.02828733549814544,0.0018038365002854132,10.183046028078913,home,2.4180317446867625,2.4180317446867625,0.6331149629455428,0.12,0.3349183510290607,0.3458697633688017,0.34552602789046705,0.9686126804770873,,,0.0,lower_clv,True,0.35312630553868124,2.831847937452682,7.986024233728717,True,draw,False,-0.12
2026-03,data\historical_csv\football-data\2526\T1.csv:222,data\historical_csv\football-data\2526\T1.csv,222,2026-03-08,T1,Konyaspor,Kasimpasa,away,0.25734124442500017,0.2526988345019886,4.34425,4.5,9.778691178526389,0.0026424099230115752,5,0.025,BFE,4.0-5.0,exchange,0.23018933072452094,1.1179547010933069,0.00464240992301157,0.010268116674867803,1.4688531316202267,0.06622451608220768,0.3779964927687077,0.2,3.5851988260344303,away:4.0-5.0,away:exchange,exchange:4.0-5.0,0.4564793163286871,0.2861794392463127,0.25734124442500017,1.0653287026143141,0.4564793163286871,-0.19913807190368693,0.19913807190368693,0.007854842133094389,10.312499999999991,home,5.864130563035673,5.864130563035673,0.750664375386056,0.18,0.24368793362038482,0.23729221405472203,0.23749295854830843,0.9686126804770873,,,0.0,lower_clv,True,0.21304390893687652,4.693868062176296,-7.448399860097421,False,draw,False,-0.18
2026-03,data\historical_csv\football-data\2526\B1.csv:223,data\historical_csv\football-data\2526\B1.csv,223,2026-03-08,B1,Gent,Mechelen,away,0.2695269982574083,0.2651249448773181,4.0576,4.2,7.577097633420582,0.0024020533800901936,7,0.025,BFE,4.0-5.0,exchange,0.24645110410094637,1.0936327481292598,0.004402053380090198,0.008912106748564548,1.400591665820715,0.07264480278964897,0.3774972674730004,0.14285714285714285,3.509463722397488,away:4.0-5.0,away:exchange,exchange:4.0-5.0,0.47481440107522704,0.2556586006673646,0.2695269982574083,1.0557258016036026,0.47481440107522704,-0.20528740281781876,0.20528740281781876,0.0030319051940388897,11.351351351351347,home,5.387777188582973,5.387777188582973,0.7492447120412761,0.18,0.25972934046870805,0.2525362913126625,0.25276206184486727,0.9686126804770873,,,0.0,lower_clv,True,0.2784213990175261,3.591677951223325,12.97226686535138,True,home,False,-0.18
2026-03,data\historical_csv\football-data\2526\B1.csv:224,data\historical_csv\football-data\2526\B1.csv,224,2026-03-08,B1,Waregem,Standard,away,0.2633501406726146,0.2506652077749471,4.153149999999999,4.3,4.105020767052148,0.01068493289766749,7,0.025,BFE,4.0-5.0,exchange,0.2407810938685095,1.093732636734469,0.012684932897667478,0.04057310495592457,1.423867082464937,0.0693532965922859,0.3749755964662465,0.14285714285714285,3.5358703634590816,away:4.0-5.0,away:exchange,exchange:4.0-5.0,0.4608627461770755,0.2757871131503099,0.2633501406726146,1.0636386002304643,0.4608627461770755,-0.19751260550446093,0.19751260550446093,0.011940523068489615,13.98648648648646,home,4.817387715718955,4.817387715718955,0.7320371534850054,0.15,0.25238045270630477,0.24478566034090132,0.2450240405155844,0.9686126804770873,,,0.0,lower_clv,True,0.22200083769125512,4.5044875073432715,-7.799722094256401,False,away,True,0.47
2026-03,data\historical_csv\football-data\2526\P1.csv:226,data\historical_csv\football-data\2526\P1.csv,226,2026-03-09,P1,Tondela,Rio Ave,away,0.2706393745293617,0.2634264241534999,4.0576,4.2,6.887905864524124,0.005212950375861788,7,0.025,BFE,4.0-5.0,exchange,0.24645110410094637,1.0981463260903381,0.007212950375861782,0.01926161108274448,1.400591665820715,0.07324567104564413,0.3790552524087551,0.14285714285714285,3.509463722397488,away:4.0-5.0,away:exchange,exchange:4.0-5.0,0.44442942458336543,0.28493120088727286,0.2706393745293617,1.0718665565267873,0.44442942458336543,-0.17379005005400372,0.17379005005400372,0.01320093511270238,5.641025641025643,home,3.8769388096051154,3.8769388096051154,0.6603915751555,0.13,0.25600586260253627,0.25393704535963546,0.25400197998747287,0.9686126804770873,,,0.0,lower_clv,True,0.26743162657762687,3.739273521225553,8.513056800137875,True,away,True,0.4
2026-03,data\historical_csv\football-data\2526\T1.csv:235,data\historical_csv\football-data\2526\T1.csv,235,2026-03-15,T1,Samsunspor,Kayserispor,away,0.243697832668504,0.23656339492248044,4.4398,4.6,5.029416077682858,0.0051344377460235706,7,0.025,BFE,4.0-5.0,exchange,0.22523537096265597,1.0819696374816241,0.00713443774602357,0.02106886913929931,1.4906093303845298,0.059388633647326175,0.36325826317015997,0.14285714285714285,3.6082706428217426,away:4.0-5.0,away:exchange,exchange:4.0-5.0,0.481008092195687,0.27529407513580895,0.243697832668504,1.0512010144083557,0.481008092195687,-0.23731025952718302,0.23731025952718302,0.0051344377460235706,10.000000000000009,home,4.385071771248728,4.385071771248728,0.6911346188044314,0.13,0.2351121036336068,0.2204598173705136,0.22091971336119448,0.9686126804770873,,,0.0,lower_clv,True,0.2542176502347045,3.933637176949585,12.867552351204093,True,home,False,-0.13
2026-03,data\historical_csv\football-data\2526\T1.csv:233,data\historical_csv\football-data\2526\T1.csv,233,2026-03-15,T1,Kasimpasa,Eyupspor,away,0.2290570114744954,0.2216177675471164,4.6309000000000005,4.8,2.628971973394134,0.005439243927378987,5,0.025,BFE,4.0-5.0,exchange,0.21594074585933618,1.0607401144372408,0.007439243927378991,0.02374624506084864,1.5327512336571778,0.05246711450562711,0.35108741691535916,0.2,3.6515580124813596,away:4.0-5.0,away:exchange,exchange:4.0-5.0,0.5123971043073693,0.25854588421813524,0.2290570114744954,1.029928098009463,0.5123971043073693,-0.28334009283287387,0.28334009283287387,0.005495970584978242,14.756097560975622,home,4.0302130379673855,4.0302130379673855,0.6796307042888461,0.11,0.22464361795324314,0.20270196915953748,0.20339065870108505,0.9686126804770873,,,0.0,lower_clv,True,0.23411226201046031,4.271455033633903,8.41504741442407,True,home,False,-0.11
2026-03,data\historical_csv\football-data\2526\B1.csv:233,data\historical_csv\football-data\2526\B1.csv,233,2026-03-15,B1,Cercle Brugge,RAAL La Louviere,away,0.2459242989415485,0.23837524405234545,4.34425,4.5,3.5561653974401697,0.005549054889203052,5,0.025,BFE,4.0-5.0,exchange,0.23018933072452094,1.068356635676822,0.007549054889203044,0.022564077291613856,1.4688531316202267,0.06047876080989211,0.3612266766418023,0.2,3.5851988260344303,away:4.0-5.0,away:exchange,exchange:4.0-5.0,0.4828356654611554,0.27124003559729615,0.2459242989415485,1.050408972762513,0.4828356654611554,-0.23691136651960693,0.23691136651960693,0.005549054889203052,13.141025641025639,home,3.9345845115659577,3.9345845115659577,0.671341829894193,0.12,0.2392463244784853,0.2231887075965594,0.2236927131484089,0.9686126804770873,,,0.0,lower_clv,True,0.24630238885441275,4.060049943693772,6.999915278078261,True,away,True,0.4
2026-03,data\historical_csv\football-data\2526\T1.csv:237,data\historical_csv\football-data\2526\T1.csv,237,2026-03-18,T1,Alanyaspor,Kocaelispor,away,0.2536204043653266,0.2333731959327615,4.34425,4.5,1.3831506430899143,0.018247208432565106,5,0.025,BFE,4.0-5.0,exchange,0.23018933072452094,1.10179044166407,0.02024720843256511,0.07194692587226136,1.4688531316202267,0.06432330951043179,0.3725311251947982,0.2,3.5851988260344303,away:4.0-5.0,away:exchange,exchange:4.0-5.0,0.45651672785758796,0.28986286777708536,0.2536204043653266,1.064865386176332,0.45651672785758796,-0.20289632349226133,0.20289632349226133,0.019428939137453662,13.141025641025639,home,3.9690947359209288,3.9690947359209288,0.6905734881137585,0.12,0.23932576333295952,0.23267603521452843,0.23288475235572215,0.9686126804770873,,,0.0,lower_clv,True,0.23585695497963083,4.239858010913277,2.4621576670261103,True,home,False,-0.12
2026-03,data\historical_csv\football-data\2526\T1.csv:240,data\historical_csv\football-data\2526\T1.csv,240,2026-03-19,T1,Kayserispor,Karagumruk,away,0.2544720119041691,0.24711863762680136,4.34425,4.5,7.354514151023173,0.00535337427736775,5,0.025,BFE,4.0-5.0,exchange,0.23018933072452094,1.1054900377146866,0.0073533742773677635,0.021037182978628555,1.4688531316202267,0.06475600484255559,0.3737820115951384,0.2,3.5851988260344303,away:4.0-5.0,away:exchange,exchange:4.0-5.0,0.4797779638241894,0.2657500242716415,0.2544720119041691,1.0527972747132863,0.4797779638241894,-0.2253059519200203,0.2253059519200203,0.00535337427736775,16.11842105263157,home,6.258962962584772,6.258962962584772,0.7856897966876664,0.19,0.24459679567839046,0.23373091175991575,0.2340719627303638,0.9686126804770873,,,0.0,lower_clv,True,0.2795181127062924,3.577585689592732,21.42965611243106,True,home,False,-0.19
2026-03,data\historical_csv\football-data\2526\SC0.csv:182,data\historical_csv\football-data\2526\SC0.csv,182,2026-03-21,SC0,Falkirk,St Mirren,away,0.23685947778075817,0.22859107382935404,4.535349999999999,4.7,3.6740526691960707,0.006268403951404135,5,0.025,BFE,4.0-5.0,exchange,0.22049014960256655,1.0742406325529614,0.00826840395140413,0.026464653262498087,1.511902258097338,0.056102412214573474,0.35810837930848455,0.2,3.630370313206277,away:4.0-5.0,away:exchange,exchange:4.0-5.0,0.4964668824846369,0.26667363973460495,0.23685947778075817,1.041261611519981,0.4964668824846369,-0.2596074047038787,0.2596074047038787,0.008182463046812142,9.70238095238094,home,3.618904265683434,3.618904265683434,0.6500187123231695,0.1,0.2284694770319456,0.21212437128846587,0.21263740034507225,0.9686126804770873,,,0.0,lower_clv,True,0.2051009267412591,4.875648374136942,-6.9795511904030665,False,away,True,0.35
2026-04,data\historical_csv\football-data\2526\T1.csv:244,data\historical_csv\football-data\2526\T1.csv,244,2026-04-04,T1,Kasimpasa,Kayserispor,away,0.29961297698633865,0.2894900447798069,3.723175,3.85,7.782209747305746,0.008122932206531779,5,0.025,BFE,3.0-4.0,exchange,0.2685879659161871,1.1155115455911113,0.010122932206531765,0.027111416495494978,1.3145767988892858,0.08976793597861629,0.39386426819239034,0.2,3.406366877732059,away:3.0-4.0,away:exchange,exchange:3.0-4.0,0.43200010635239533,0.26838691666126596,0.29961297698633865,1.0767192464449866,0.43200010635239533,-0.13238712936605668,0.13238712936605668,0.009326429464371804,14.507575757575776,home,5.407049581278146,5.407049581278146,0.776100818284474,0.2,0.28311065040262184,0.2914806469629192,0.29121627562494395,0.9684144030322173,,,0.0,lower_clv,True,0.289105228664795,3.4589481643704785,7.638935973404815,True,home,False,-0.2
2026-04,data\historical_csv\football-data\2526\T1.csv:249,data\historical_csv\football-data\2526\T1.csv,249,2026-04-05,T1,Antalyaspor,Eyupspor,away,0.26723839172144537,0.24582087218300547,4.0576,4.2,-0.25572290302370293,0.019417519538439898,5,0.025,BFE,4.0-5.0,exchange,0.24645110410094637,1.0843464982489366,0.0214175195384399,0.07265991766138023,1.400591665820715,0.07141635800986468,0.3742918642323879,0.2,3.509463722397488,away:4.0-5.0,away:exchange,exchange:4.0-5.0,0.43925010084431815,0.29351150743423654,0.26723839172144537,1.0738143037777907,0.43925010084431815,-0.17201170912287278,0.17201170912287278,0.019417519538439898,8.421052631578952,home,3.03139901380196,3.03139901380196,0.6329220180474124,0.1,0.2539220204401665,0.2490221867274065,0.2491769509002669,0.9684144030322173,,,0.0,lower_clv,True,0.24383120336674463,4.101197821248118,-1.0630509219097029,False,home,False,-0.1
2026-04,data\historical_csv\football-data\2526\I2.csv:326,data\historical_csv\football-data\2526\I2.csv,326,2026-04-06,I2,Mantova,Virtus Entella,away,0.24172190457827508,0.23060561412657843,4.43,4.5,2.1582870580742375,0.00911629045169664,4,0.0,B365,4.0-5.0,sportsbook,0.22573363431151244,1.0708280372817585,0.011116290451696653,0.03771396087417711,1.4883995840570443,0.05842947915294872,0.35977878223178117,0.25,1.5801354401805856,away:4.0-5.0,away:sportsbook,sportsbook:4.0-5.0,0.48181194968309604,0.2764661457386289,0.24172190457827508,1.050500344269103,0.48181194968309604,-0.24009004510482096,0.24009004510482096,0.010149508243717313,12.5,home,4.157548286691541,4.157548286691541,0.6713631722221292,0.12,0.23511861915731727,0.21657546689620866,0.21716116343004027,0.9684144030322173,,,0.0,lower_clv,True,0.32356209692274224,3.0905968576374154,43.3380089367748,True,home,False,-0.12
2026-04,data\historical_csv\football-data\2526\E1.csv:490,data\historical_csv\football-data\2526\E1.csv,490,2026-04-06,E1,Hull,Coventry,home,0.24884822914891785,0.24417279189790772,4.34425,4.5,6.07476512024856,0.002675437251010127,4,0.025,BFE,4.0-5.0,exchange,0.23018933072452094,1.0810589194801863,0.004675437251010134,0.010751281052552996,1.4688531316202267,0.06192544115055233,0.3655215006835358,0.25,3.5851988260344303,home:4.0-5.0,home:exchange,exchange:4.0-5.0,0.24884822914891785,0.2626173899411103,0.48853438090997187,1.0472198263826722,0.48853438090997187,-0.239686151761054,0.239686151761054,0.009216763157453131,10.312499999999991,away,3.6922281444463403,3.6922281444463403,0.6768320005084758,0.11,0.23868844597904437,0.22553408733948502,0.22594957560984383,0.9684144030322173,,,0.0,lower_clv,True,0.24179845642372172,4.135675697811836,5.0432944318753,True,draw,False,-0.11
2026-04,data\historical_csv\football-data\2526\E1.csv:483,data\historical_csv\football-data\2526\E1.csv,483,2026-04-06,E1,Bristol City,Sheffield United,home,0.33283677378165566,0.31957854914386863,3.205,3.25,2.42492500060989,0.011258224637787055,5,0.0,BW,3.0-4.0,sportsbook,0.31201248049922,1.0667418599702063,0.01325822463778703,0.033825062386803946,1.1647120903726333,0.11078031798138102,0.38765901454411544,0.2,1.4040561622464809,home:3.0-4.0,home:sportsbook,sportsbook:3.0-4.0,0.33283677378165566,0.26920621408810386,0.3979570121302405,1.0861101268970244,0.3979570121302405,-0.06512023834858482,0.06512023834858482,0.011258224637787055,12.068965517241391,away,2.602426290059735,2.602426290059735,0.6560251632234425,0.12,0.32013237531999916,0.3361755945673178,0.33566885991010625,0.9684144030322173,,,0.0,lower_clv,True,0.3744007828216268,2.6709345863638942,19.99545089433139,True,home,True,0.26
2026-04,data\historical_csv\football-data\2526\E2.csv:508,data\historical_csv\football-data\2526\E2.csv,508,2026-04-16,E2,Peterboro,Port Vale,away,0.25226691467100676,0.22137023080373833,4.43,4.5,-1.9329877539439266,0.02889668386726843,5,0.0,BFD,4.0-5.0,sportsbook,0.22573363431151244,1.1175424319925598,0.030896683867268432,0.11454805282315346,1.4883995840570443,0.063638596237629,0.37547397086768036,0.2,1.5801354401805856,away:4.0-5.0,away:sportsbook,sportsbook:4.0-5.0,0.48825854452452916,0.2594745408044641,0.25226691467100676,1.0475328190894746,0.48825854452452916,-0.2359916298535224,0.2359916298535224,0.03575783104432654,9.756097560975618,home,5.253015628929455,5.253015628929455,0.7149909724008008,0.15,0.23759145740164664,0.22986122216714036,0.23010538626172364,0.9684144030322173,,,0.0,lower_clv,True,0.17397458933690016,5.7479658599079055,-22.92925692375324,False,away,True,0.51
2026-04,data\historical_csv\football-data\2526\P1.csv:265,data\historical_csv\football-data\2526\P1.csv,265,2026-04-19,P1,Arouca,Estrela,away,0.26470778953484786,0.2577159547248835,4.0576,4.2,4.57082578916872,0.00499183480996437,5,0.025,BFE,4.0-5.0,exchange,0.24645110410094637,1.0740783268165985,0.006991834809964348,0.0188579067459109,1.400591665820715,0.0700702138404253,0.3707475239003318,0.2,3.509463722397488,away:4.0-5.0,away:exchange,exchange:4.0-5.0,0.4545415245948589,0.2807506858702932,0.26470778953484786,1.0668555672979627,0.4545415245948589,-0.18983373506001106,0.18983373506001106,0.010115497145791099,11.351351351351347,home,4.0616731360023195,4.0616731360023195,0.6665246690249008,0.13,0.2564611423895956,0.24576027895273514,0.2460982721124591,0.9684144030322173,,,0.0,lower_clv,True,0.26664195102455684,3.750347595933632,8.192638047724188,True,home,False,-0.13
2026-05,data\historical_csv\football-data\2526\P1.csv:287,data\historical_csv\football-data\2526\P1.csv,287,2026-05-03,P1,Sp Braga,Estoril,away,0.21771262542856376,0.21231887465578225,4.822,4.9,2.380161359018196,0.003393750772781498,6,0.0,BMGM,4.0-5.0,sportsbook,0.20738282870178348,1.0498102798165345,0.005393750772781508,0.01558821297616964,1.5731887797589794,0.04739878727099811,0.34250305953608595,0.16666666666666666,1.6175860638739215,away:4.0-5.0,away:sportsbook,sportsbook:4.0-5.0,0.5445239697832418,0.23776340478819447,0.21771262542856376,1.0044476062069392,0.5445239697832418,-0.32681134435467807,0.32681134435467807,0.005651162388037465,8.888888888888902,home,4.694782536043659,4.694782536043659,0.6553388004887047,0.12,0.21711900152642813,0.18619847355084904,0.18724805019632015,0.9660556687033266,,,0.0,lower_clv,True,0.17876458867065187,5.593949044585987,-13.799715343011664,False,draw,False,-0.12
2026-05,data\historical_csv\football-data\2526\SC0.csv:210,data\historical_csv\football-data\2526\SC0.csv,210,2026-05-03,SC0,Hibernian,Celtic,home,0.2315777856023862,0.22600546225123158,4.528,4.6,2.335273307357655,0.0035723233511546276,6,0.0,BMGM,4.0-5.0,sportsbook,0.2208480565371025,1.0485842132076046,0.005572323351154623,0.015426019131594191,1.5102803409008818,0.05362827078450475,0.34974737698464314,0.16666666666666666,1.590106007067149,home:4.0-5.0,home:sportsbook,sportsbook:4.0-5.0,0.2315777856023862,0.24206261853088745,0.5263595958667262,1.0199433310122332,0.5263595958667262,-0.29478181026434,0.29478181026434,0.005265710336462113,9.523809523809511,away,3.741990020871177,3.741990020871177,0.666891922702383,0.11,0.22911216877400878,0.2032689949038386,0.2041462241594452,0.9660556687033266,,,0.0,lower_clv,True,0.18765983499340827,5.328790788050762,-15.027626714984743,False,away,False,-0.11
2026-05,data\historical_csv\football-data\2526\T1.csv:297,data\historical_csv\football-data\2526\T1.csv,297,2026-05-09,T1,Kocaelispor,Karagumruk,away,0.25452038480756173,0.250273020932567,4.038,4.1,1.0602458525705627,0.0022473638749947364,7,0.0,BMGM,4.0-5.0,sportsbook,0.24764735017335313,1.0277533138529342,0.004247363874994747,0.00882979914042613,1.3957495198906458,0.0647806262825893,0.3552467048975367,0.14285714285714285,1.535413571074784,away:4.0-5.0,away:sportsbook,sportsbook:4.0-5.0,0.46988378733703706,0.27559582785540127,0.25452038480756173,1.0583616168517271,0.46988378733703706,-0.21536340252947533,0.21536340252947533,0.00785886710620358,9.333333333333327,home,3.79463593040541,3.79463593040541,0.5981528971809732,0.12,0.25704466550372806,0.23231165509539378,0.23315120059465835,0.9660556687033266,,,0.0,lower_clv,True,0.26454867169338464,3.780022759513278,6.824753629788716,True,away,True,0.36
2026-05,data\historical_csv\football-data\2526\T1.csv:293,data\historical_csv\football-data\2526\T1.csv,293,2026-05-09,T1,Eyupspor,Rizespor,home,0.43939627734318765,0.4319417343962611,2.3034,2.33,-0.5065408991652198,0.00545454294692655,7,0.0,BMGM,2.0-3.0,sportsbook,0.4341408352869671,1.0121053852322983,0.007454542946926546,0.012413721344904144,0.8343862922526699,0.19306908854305146,0.36662623068200817,0.14285714285714285,1.1548146218633315,home:2.0-3.0,home:sportsbook,sportsbook:2.0-3.0,0.43939627734318765,0.2653843488168581,0.2952193738399542,1.073570078255171,0.43939627734318765,0.0,0.14417690350323342,0.00545454294692655,7.373271889400934,home,1.2405151008153648,1.2405151008153648,0.49925424893453646,0.1,0.43952641790750796,0.4853725832506055,0.48381636582551735,0.9660556687033266,,,0.0,lower_clv,True,0.324847185029128,3.0783705264687247,-25.174699400390654,False,home,True,0.13
2026-05,data\historical_csv\football-data\2526\G1.csv:218,data\historical_csv\football-data\2526\G1.csv,218,2026-05-10,G1,Volos NFC,Levadeiakos,home,0.3642041633661705,0.3573507684732417,2.8129999999999997,2.85,0.5227711715228844,0.004853394892928815,7,0.0,BMGM,2.0-3.0,sportsbook,0.3554923569143264,1.0245063115490376,0.006853394892928799,0.013326028038974437,1.0342515295077197,0.13264467261325222,0.37667871301454126,0.14285714285714285,1.315321720583018,home:2.0-3.0,home:sportsbook,sportsbook:2.0-3.0,0.3642041633661705,0.2726073773207428,0.36318845931308663,1.090024421565742,0.3642041633661705,0.0,0.0010157040530838768,0.006056911759266689,11.764705882352944,home,2.529997694791403,2.529997694791403,0.6031240021768106,0.14,0.3644863053494185,0.38049822335037464,0.37995470950105503,0.9660556687033266,,,0.0,lower_clv,True,0.2929739963106963,3.413272210478055,-17.586414837801133,False,away,False,-0.14
2026-05,data\historical_csv\football-data\2526\G1.csv:225,data\historical_csv\football-data\2526\G1.csv,225,2026-05-13,G1,Volos NFC,Aris,home,0.2624762514124746,0.2533154704705338,4.2634,4.33,7.99851768040738,0.007160780941940779,6,0.0,B365,4.0-5.0,sportsbook,0.23455458085096403,1.1190412502719442,0.009160780941940783,0.027281633684594946,1.450066964016957,0.06889378255554458,0.38060814101223855,0.16666666666666666,1.5621335084674337,home:4.0-5.0,home:sportsbook,sportsbook:4.0-5.0,0.2624762514124746,0.28045237009819557,0.4570713784893298,1.065488704166058,0.4570713784893298,-0.19459512707685522,0.19459512707685522,0.012668067818299204,10.318471337579616,away,4.863289089107772,4.863289089107772,0.7313142665941823,0.15,0.24596164818949146,0.24259158068878758,0.2427059753765236,0.9660556687033266,,,0.0,lower_clv,True,0.29107930137240884,3.435489900123792,24.09874934711278,True,away,False,-0.15
2026-05,data\historical_csv\football-data\2526\SP1.csv:366,data\historical_csv\football-data\2526\SP1.csv,366,2026-05-17,SP1,Osasuna,Espanol,away,0.251450285289587,0.24627474317571527,4.2487,4.4,4.634750133066157,0.0031755421138717427,7,0.025,BFE,4.0-5.0,exchange,0.23536611198719606,1.0683368271098685,0.0051755421138717506,0.012628906386861226,1.4466130537918354,0.0632272459722147,0.3637512650795977,0.14285714285714285,3.561089274366269,away:4.0-5.0,away:exchange,exchange:4.0-5.0,0.4584147701455049,0.2901349445649081,0.251450285289587,1.063700022255199,0.4584147701455049,-0.2069644848559179,0.2069644848559179,0.004282210257834668,13.552631578947395,home,4.546691840781936,4.546691840781936,0.6909733639861901,0.14,0.2460674837968836,0.22837206455190312,0.2289727237251883,0.9660556687033266,,,0.0,lower_clv,True,0.23301417818385203,4.291584348189248,-0.9992661150267756,False,away,True,0.45
2026-05,data\historical_csv\football-data\2526\T1.csv:307,data\historical_csv\football-data\2526\T1.csv,307,2026-05-17,T1,Trabzonspor,Genclerbirligi,away,0.4353363593042617,0.42395570262182664,2.4210000000000003,2.45,2.6396756047442294,0.009380656682435035,7,0.0,BV,2.0-3.0,sportsbook,0.41305245766212306,1.0539493258756176,0.011380656682435042,0.021548066183644413,0.8841806779559216,0.18951774573228922,0.3849159973085048,0.14285714285714285,1.1978521272201448,away:2.0-3.0,away:sportsbook,sportsbook:2.0-3.0,0.3040693517949138,0.2605942889008246,0.4353363593042617,1.0744806569020688,0.4353363593042617,0.0,0.1312670075093479,0.009380656682435035,8.04851157662625,away,1.5147455444687519,1.5147455444687519,0.5958095058420061,0.11,0.41930915136087876,0.4797373516168797,0.47768615676772824,0.9660556687033266,,,0.0,lower_clv,True,0.3864233771816443,2.587835154522586,-6.446900384323895,False,away,True,0.16
