test_month,candidate_id,match_key,source_file,source_row,date,league,home_team,away_team,outcome,probability,conservative_probability,odds,raw_odds,conservative_ev_pct,reference_dispersion,reference_bookmakers,execution_cost_rate,execution_bookmaker,odds_band,source_type,implied_probability,price_ratio,probability_uncertainty,relative_dispersion,log_odds,probability_squared,odds_probability_interaction,reference_depth_inverse,raw_net_odds_gap_pct,outcome_odds_band,outcome_source_type,source_odds_band,consensus_home_probability,consensus_draw_probability,consensus_away_probability,consensus_entropy,consensus_favorite_probability,selected_vs_favorite_probability,home_away_probability_gap,consensus_max_dispersion,execution_quote_advantage_pct,execution_book_overround,execution_selected_probability_gap,execution_nonselected_mean_absolute_gap,execution_selection_specificity,consensus_favorite_outcome,predicted_closing_edge_pct,lower_closing_edge_pct,ranking_lower_closing_edge_pct,selection_ranking_score,stake,estimated_probability_from_lower_clv,estimated_probability_from_unshrunk_training_market,estimated_probability_from_training_market,market_calibration_weight,estimated_probability_from_training_market_logistic,estimated_probability_from_validated_market_residual,outcome_probability_weight,staking_probability_profile,decision_frozen_before_closing_and_result,closing_probability,closing_fair_odds,closing_edge_pct,positive_clv,actual_outcome,won,profit
2021-12,data\historical_csv\football-data\2122\B1.csv:146:home,data\historical_csv\football-data\2122\B1.csv:146,data\historical_csv\football-data\2122\B1.csv,146,2021-12-03,B1,St Truiden,St. Gilloise,home,0.2491322587215617,0.23960760899493816,4.43,4.5,6.1461707847575875,0.007524649726623528,5,0.0,WH,4.0-5.0,sportsbook,0.22573363431151244,1.1036559061365183,0.009524649726623535,0.030203433972126915,1.4883995840570443,0.06206688233570715,0.3708083502563644,0.2,1.5801354401805856,home:4.0-5.0,home:sportsbook,sportsbook:4.0-5.0,0.2491322587215617,0.2780991634364587,0.4727685778419797,1.0563161756054789,0.4727685778419797,-0.22363631912041798,0.22363631912041798,0.007524649726623528,12.5,0.0771241830065359,0.04282157910991122,0.051937137457433724,-0.009115558347522507,away,10.913649336049984,7.299839171058389,7.299839171058389,7.299839171058389,0.21,0.2422118265712379,0.24670329000871832,0.24431722892377783,0.46875642690769903,,,0.0,lower_clv,True,0.210824674735707,4.743277803006764,-6.604669092081794,False,away,False,-0.21
2021-12,data\historical_csv\football-data\2122\D2.csv:139:home,data\historical_csv\football-data\2122\D2.csv:139,data\historical_csv\football-data\2122\D2.csv,139,2021-12-04,D2,Hansa Rostock,Ingolstadt,home,0.6345145420320519,0.6093168669209921,1.8134000000000001,1.83,10.493520647452703,0.023197675111059853,5,0.0,B365,1.5-2.0,sportsbook,0.5514503143266791,1.150628670520923,0.02519767511105986,0.03655972176267009,0.5952035362298188,0.4026087040501446,0.3776652992067213,0.2,0.9154075217822744,home:1.5-2.0,home:sportsbook,sportsbook:1.5-2.0,0.6345145420320519,0.2292089706251252,0.13627648734282283,0.897898628119901,0.6345145420320519,0.0,0.4982380546892291,0.023197675111059853,21.19205298013245,0.0510920502799912,0.11462849847751222,0.05731424923875611,0.05731424923875611,home,11.043531292420939,7.429721127429344,7.429721127429344,7.429721127429344,0.91,0.5924215348374839,0.6355457857721719,0.6126363046186993,0.46875642690769903,,,0.0,lower_clv,True,0.6064923221779523,1.6488254895114527,9.98131770374988,True,draw,False,-0.91
2021-12,data\historical_csv\football-data\2122\D2.csv:147:away,data\historical_csv\football-data\2122\D2.csv:147,data\historical_csv\football-data\2122\D2.csv,147,2021-12-10,D2,Schalke 04,Nurnberg,away,0.30219022088253183,0.28789405526619943,3.842,3.9,10.608896033273819,0.012296165616332415,5,0.0,BW,3.0-4.0,sportsbook,0.2602811035918792,1.1610148286306874,0.014296165616332401,0.040690150662129505,1.345993064346365,0.09131892959703337,0.4067459414211839,0.2,1.5096304008328953,away:3.0-4.0,away:sportsbook,sportsbook:3.0-4.0,0.41855476620620097,0.27925501291126714,0.30219022088253183,1.0823958941160785,0.41855476620620097,-0.11636454532366913,0.11636454532366913,0.015150202068281668,17.469879518072283,0.05944055944055959,0.060166018462289805,0.030083009231144875,0.03008300923114493,home,8.162033693865906,4.548223528874312,4.548223528874312,4.548223528874312,0.16,0.2721192699866588,0.3000406779946549,0.28520760943871903,0.46875642690769903,,,0.0,lower_clv,True,0.2724408326726931,3.6705217429774453,4.67176791284869,True,home,False,-0.16
2021-12,data\historical_csv\football-data\2122\I2.csv:162:home,data\historical_csv\football-data\2122\I2.csv:162,data\historical_csv\football-data\2122\I2.csv,162,2021-12-10,I2,Cremonese,Crotone,home,0.5471061763299465,0.5330356378786342,1.9604,1.98,4.49630644972745,0.012070538451312295,5,0.0,BW,1.5-2.0,sportsbook,0.5100999795960008,1.0725469480772272,0.014070538451312342,0.022062515419370526,0.6731485340532554,0.2993251681783745,0.36828372056798536,0.2,0.9997959600081652,home:1.5-2.0,home:sportsbook,sportsbook:1.5-2.0,0.5471061763299465,0.25708740266775676,0.19580642100229662,0.9984659810958169,0.5471061763299465,0.0,0.3512997553276499,0.012070538451312295,13.142857142857146,0.06943842237959874,0.07484849932716847,0.03742424966358432,0.03742424966358415,home,6.073015199958185,2.4592050349665904,2.4592050349665904,2.4592050349665904,0.26,0.5226443839775893,0.5472597124394177,0.5341829773945154,0.46875642690769903,,,0.0,lower_clv,True,0.5471942588407068,1.8275045540839803,7.271962503132157,True,home,True,0.25
2021-12,data\historical_csv\football-data\2122\B1.csv:162:home,data\historical_csv\football-data\2122\B1.csv:162,data\historical_csv\football-data\2122\B1.csv,162,2021-12-12,B1,Gent,Genk,home,0.5207001905742764,0.5087468653108813,2.029,2.05,3.224738971577823,0.009953325263395072,5,0.0,WH,2.0-3.0,sportsbook,0.49285362247412523,1.0565006866752067,0.011953325263395098,0.019115271020772286,0.7075430608436777,0.2711286884640878,0.3684178066208098,0.2,1.0349926071956617,home:2.0-3.0,home:sportsbook,sportsbook:2.0-3.0,0.5207001905742764,0.25030388493923683,0.22899592448648676,1.0240414572357663,0.5207001905742764,0.0,0.29170426608778965,0.02180935764366524,2.499999999999991,0.06763681082188988,0.063798673968402,0.031899336984200916,0.03189933698420108,home,6.373449071912402,2.7596389069208076,2.7596389069208076,2.7596389069208076,0.27,0.5064546027940898,0.5205750989025622,0.5130736760960615,0.46875642690769903,,,0.0,lower_clv,True,0.5960204915290852,1.6777946634594878,20.93255773125138,True,home,True,0.28
2022-02,data\historical_csv\football-data\2122\B1.csv:235:away,data\historical_csv\football-data\2122\B1.csv:235,data\historical_csv\football-data\2122\B1.csv,235,2022-02-12,B1,Eupen,Gent,away,0.5487808885282728,0.5413274488873124,1.98,2.0,7.182834879687872,0.005453439640960315,5,0.0,WH,1.5-2.0,sportsbook,0.5050505050505051,1.08658615928598,0.0074534396409603465,0.009937371644966383,0.6830968447064438,0.30116046361388055,0.3748704933888618,0.2,1.0101010101010166,away:1.5-2.0,away:sportsbook,sportsbook:1.5-2.0,0.2061899695591947,0.24502914191253244,0.5487808885282728,0.9994680744697002,0.5487808885282728,0.0,0.3425909189690781,0.014666746370665978,14.28571428571428,0.11669829222011385,0.10103237535919884,0.05051618767959949,0.05051618767959935,away,5.416521227882464,3.477309677402646,3.477309677402646,3.477309677402646,0.35,0.5226126751383973,0.5533302770082951,0.5441497166764662,0.7011303040285349,,,0.0,lower_clv,True,0.6164081927458258,1.6223016043077598,22.04882216367352,True,away,True,0.34
2022-02,data\historical_csv\football-data\2122\B1.csv:240:home,data\historical_csv\football-data\2122\B1.csv:240,data\historical_csv\football-data\2122\B1.csv,240,2022-02-13,B1,St. Gilloise,St Truiden,home,0.6812181510308626,0.6642446755720056,1.6076000000000001,1.62,6.783974044955632,0.014973475458856913,5,0.0,WH,1.5-2.0,sportsbook,0.6220452848967404,1.0951262995972149,0.016973475458856968,0.021980441120363715,0.4747423835929091,0.4640581692939071,0.32340312876714605,0.2,0.771336153271962,home:1.5-2.0,home:sportsbook,sportsbook:1.5-2.0,0.6812181510308626,0.20140362726129854,0.11737822170783885,0.8357048231648554,0.6812181510308626,0.0,0.5638399293230237,0.014973475458856913,10.95890410958904,0.07091803583031653,0.10481180622718744,0.052405903113593735,0.05240590311359371,home,7.010515061554969,5.0713035110751505,5.0713035110751505,5.0713035110751505,0.83,0.6535910892701862,0.6893919240879278,0.6786921394704247,0.7011303040285349,,,0.0,lower_clv,True,0.6490116865650626,1.5408043039911443,4.335118732199472,True,away,False,-0.83
2022-02,data\historical_csv\football-data\2122\B1.csv:241:home,data\historical_csv\football-data\2122\B1.csv:241,data\historical_csv\football-data\2122\B1.csv,241,2022-02-13,B1,Club Brugge,Charleroi,home,0.5642321228515467,0.5563133223968574,1.8623999999999998,1.88,3.607793163190709,0.005918800454689327,5,0.0,WH,1.5-2.0,sportsbook,0.5369415807560138,1.0508259055987204,0.00791880045468929,0.010490009722907258,0.6218659785549815,0.31835788845756285,0.3508767612092316,0.2,0.9450171821305808,home:1.5-2.0,home:sportsbook,sportsbook:1.5-2.0,0.5642321228515467,0.22801807525209766,0.2077498018963556,0.9864525523991612,0.5642321228515467,0.0,0.35648232095519106,0.0153695572261163,9.941520467836252,0.0728505661316412,0.06843623998694826,0.03421811999347413,0.03421811999347413,home,3.9493396694234892,2.010128118943671,2.010128118943671,2.010128118943671,0.23,0.5477347944530911,0.5692797162545468,0.5628405920260167,0.7011303040285349,,,0.0,lower_clv,True,0.6476715936753205,1.54399237169772,20.62235760609168,True,home,True,0.2
2022-02,data\historical_csv\football-data\2122\B1.csv:239:home,data\historical_csv\football-data\2122\B1.csv:239,data\historical_csv\football-data\2122\B1.csv,239,2022-02-13,B1,Genk,Standard,home,0.5631690651038209,0.5510857689691911,1.8623999999999998,1.88,2.634213612822145,0.010083296134629818,5,0.0,WH,1.5-2.0,sportsbook,0.5369415807560138,1.048846066849356,0.012083296134629773,0.017904563228754316,0.6218659785549815,0.3171593958899117,0.3502156817626817,0.2,0.9450171821305808,home:1.5-2.0,home:sportsbook,sportsbook:1.5-2.0,0.5631690651038209,0.2336537558747004,0.20317717902147864,0.9868692823022986,0.5631690651038209,0.0,0.3599918860823423,0.018296384646039804,9.302325581395344,0.0728505661316412,0.0673731822392225,0.03368659111961125,0.03368659111961125,home,3.869262397269937,1.9300508467901187,1.9300508467901187,1.9300508467901187,0.22,0.5473048262821635,0.5681828345342632,0.5619430305554685,0.7011303040285349,,,0.0,lower_clv,True,0.5681843436959425,1.7599921770022209,5.818652169932315,True,home,True,0.19
2022-02,data\historical_csv\football-data\2122\SP2.csv:299:away,data\historical_csv\football-data\2122\SP2.csv:299,data\historical_csv\football-data\2122\SP2.csv,299,2022-02-18,SP2,Cartagena,Valladolid,away,0.471618301895688,0.4550706829437315,2.4210000000000003,2.45,10.17261234067741,0.014547618951956496,5,0.0,WH,2.0-3.0,sportsbook,0.41305245766212306,1.1417879088894607,0.0165476189519565,0.030846171349758436,0.8841806779559216,0.22242382268297228,0.4169957899065499,0.2,1.1978521272201448,away:2.0-3.0,away:sportsbook,sportsbook:2.0-3.0,0.25745007032042644,0.27093162778388563,0.471618301895688,1.057609548677693,0.471618301895688,0.0,0.21416823157526155,0.014547618951956496,20.098039215686292,0.06407724380074598,0.08803405772163148,0.04401702886081574,0.04401702886081574,away,8.221300710900179,6.282089160420361,6.282089160420361,6.282089160420361,0.44,0.4390007813317652,0.4735320433762118,0.463211695587477,0.7011303040285349,,,0.0,lower_clv,True,0.4300016122003845,2.325572676071715,4.103390313713096,True,away,True,0.63
2022-02,data\historical_csv\football-data\2122\SP2.csv:303:home,data\historical_csv\football-data\2122\SP2.csv:303,data\historical_csv\football-data\2122\SP2.csv,303,2022-02-19,SP2,Sociedad B,Malaga,home,0.4319217041276469,0.42344699090373655,2.764,2.8,17.040748285792784,0.006474713223910373,5,0.0,WH,2.0-3.0,sportsbook,0.36179450072358904,1.193831590208816,0.008474713223910357,0.014990478973468961,1.0166789059054233,0.18655635849653054,0.43912568558930204,0.2,1.302460202604916,home:2.0-3.0,home:sportsbook,sportsbook:2.0-3.0,0.4319217041276469,0.29587297163484066,0.2722053242375124,1.0771177152137024,0.4319217041276469,0.0,0.15971637989013449,0.01131981226995188,24.99999999999998,0.07234081372012402,0.09887193807064987,0.04943596903532496,0.049435969035324906,home,13.803875115133419,11.8646635646536,11.8646635646536,11.8646635646536,0.67,0.4047202010298611,0.4324434648179354,0.42415782139825686,0.7011303040285349,,,0.0,lower_clv,True,0.43358126326571383,2.306372725767822,19.841861166643305,True,home,True,1.18
2022-02,data\historical_csv\football-data\2122\SP2.csv:300:home,data\historical_csv\football-data\2122\SP2.csv:300,data\historical_csv\football-data\2122\SP2.csv,300,2022-02-19,SP2,Zaragoza,Las Palmas,home,0.3794501867216367,0.37131356152285194,2.8326000000000002,2.87,5.178279436963051,0.0061366251987847705,5,0.0,WH,2.0-3.0,sportsbook,0.35303254960107316,1.0748305989077083,0.008136625198784775,0.016172413174450687,1.041195017798159,0.14398244420308498,0.39508164391714934,0.2,1.3203417355080127,home:2.0-3.0,home:sportsbook,sportsbook:2.0-3.0,0.3794501867216367,0.3106979180874614,0.30985189519090184,1.093926101547956,0.3794501867216367,0.0,0.06959829153073488,0.006594483356470222,13.438735177865624,0.07392225182756018,0.05500206661221502,0.02781024982222216,0.027191816789992856,home,5.998722633552223,4.059511083072405,4.059511083072405,4.059511083072405,0.22,0.36736394507898185,0.3781756146714248,0.3749443342673875,0.7011303040285349,,,0.0,lower_clv,True,0.3925170703102567,2.5476598997581723,11.184385336083324,True,home,True,0.4
2022-02,data\historical_csv\football-data\2122\I2.csv:256:home,data\historical_csv\football-data\2122\I2.csv:256,data\historical_csv\football-data\2122\I2.csv,256,2022-02-26,I2,Vicenza,Pordenone,home,0.48432157340896437,0.4764615677530101,2.274,2.3,8.347360507034484,0.005860005655954303,5,0.0,WH,2.0-3.0,sportsbook,0.4397537379067722,1.101347257931985,0.007860005655954294,0.012099410758657399,0.8215403953283443,0.23456738646933487,0.39788973688444634,0.2,1.1433597185575906,home:2.0-3.0,home:sportsbook,sportsbook:2.0-3.0,0.48432157340896437,0.2875659342115726,0.22811249237946296,1.046661643908015,0.48432157340896437,0.0,0.2562090810295014,0.005860005655954303,14.999999999999991,0.07372784196137228,0.07939344199212656,0.039696720996063334,0.03969672099606322,home,7.961681453417029,6.02246990293721,6.02246990293721,6.02246990293721,0.47,0.4662377744192489,0.48667977337477164,0.48057027936188557,0.7011303040285349,,,0.0,lower_clv,True,0.4514761158573048,2.2149565943285996,2.665668745951111,True,home,True,0.6
2022-02,data\historical_csv\football-data\2122\I2.csv:254:home,data\historical_csv\football-data\2122\I2.csv:254,data\historical_csv\football-data\2122\I2.csv,254,2022-02-26,I2,Parma,Spal,home,0.4780212498990455,0.4681725610155291,2.176,2.2,1.874349276979137,0.007848688883516362,5,0.0,WH,2.0-3.0,sportsbook,0.45955882352941174,1.040174239780323,0.009848688883516366,0.016419121294657814,0.7774883289936962,0.2285043153550457,0.371655942807487,0.2,1.1029411764705843,home:2.0-3.0,home:sportsbook,sportsbook:2.0-3.0,0.4780212498990455,0.2816195493445994,0.2403592007563551,1.0523564013433733,0.4780212498990455,0.0,0.23766204914269037,0.01443106084529368,7.317073170731736,0.07007575757575757,0.05324248883709859,0.02662124441854931,0.02662124441854928,home,3.9371324356492288,1.9979208851694106,1.9979208851694106,1.9979208851694106,0.17,0.4687404452443447,0.4801592583193097,0.47674652112724,0.7011303040285349,,,0.0,lower_clv,True,0.5365463125900781,1.863772010980161,16.752477619601013,True,home,True,0.2
2022-03,data\historical_csv\football-data\2122\G1.csv:176:home,data\historical_csv\football-data\2122\G1.csv:176,data\historical_csv\football-data\2122\G1.csv,176,2022-03-03,G1,Atromitos,Volos NFC,home,0.5304011189346198,0.5153269120728419,2.176,2.2,12.13513606705039,0.013074206861777907,5,0.0,WH,2.0-3.0,sportsbook,0.45955882352941174,1.154152834801733,0.015074206861777961,0.02464965927681142,0.7774883289936962,0.2813253469670967,0.4123806796568643,0.2,1.1029411764705843,home:2.0-3.0,home:sportsbook,sportsbook:2.0-3.0,0.5304011189346198,0.2622106204701582,0.20738826059522192,1.0135913533887568,0.5304011189346198,0.0,0.3230128583393979,0.013074206861777907,2.3255813953488413,0.10037878787878785,0.11732022392601399,0.05866011196300702,0.05866011196300697,home,11.519010955150963,9.56227971964444,9.56227971964444,9.56227971964444,0.81,0.5035031237116013,0.5395004586438668,0.5391914155898466,0.9914148351648352,,,0.0,lower_clv,True,0.45130419151239265,2.215800382107775,-1.7962079269033482,False,home,True,0.95
2022-03,data\historical_csv\football-data\2122\I2.csv:274:home,data\historical_csv\football-data\2122\I2.csv:274,data\historical_csv\football-data\2122\I2.csv,274,2022-03-05,I2,Parma,Reggina,home,0.5693915641277388,0.5562253432573707,1.882,1.9,4.681609601037162,0.011166220870368171,5,0.0,WH,1.5-2.0,sportsbook,0.5313496280552604,1.0715949236884044,0.013166220870368117,0.019610794352870164,0.6323350411631878,0.32420675329983295,0.36004623814068565,0.2,0.9564293304994642,home:1.5-2.0,home:sportsbook,sportsbook:1.5-2.0,0.5693915641277388,0.2626246952321117,0.16798374064014954,0.97147498190717,0.5693915641277388,0.0,0.4014078234875893,0.01383250156539345,11.764705882352944,0.07210333526122992,0.07847266464922775,0.03923633232461386,0.03923633232461389,home,5.407691863340396,3.450960627833873,3.450960627833873,3.450960627833873,0.39,0.5496862945155891,0.5806572579865673,0.5803913671600651,0.9914148351648352,,,0.0,lower_clv,True,0.6252194470328447,1.599438412777757,17.666299931581374,True,draw,False,-0.39
2022-03,data\historical_csv\football-data\2122\SP2.csv:333:home,data\historical_csv\football-data\2122\SP2.csv:333,data\historical_csv\football-data\2122\SP2.csv,333,2022-03-12,SP2,Ibiza,Leganes,home,0.439010889282371,0.4235636528070371,2.372,2.4,0.46929844582919156,0.013447236475333847,5,0.0,WH,2.0-3.0,sportsbook,0.4215851602023609,1.0413338293777838,0.015447236475333859,0.030630758378944467,0.863733481135479,0.1927305609084982,0.3791884036562446,0.2,1.180438448566612,home:2.0-3.0,home:sportsbook,sportsbook:2.0-3.0,0.439010889282371,0.2981878098586641,0.2628013008589648,1.0734204888827412,0.439010889282371,0.0,0.17620958842340617,0.013447236475333847,9.090909090909083,0.07258064516129026,0.050539711337508786,0.02526985566875445,0.025269855668754337,home,3.801640892571833,1.8449096570653096,1.8449096570653096,1.8449096570653096,0.13,0.42936302553568856,0.44256057081248656,0.4424472677108657,0.9914148351648352,,,0.0,lower_clv,True,0.4123552568723969,2.425093371149745,-2.1893330698674607,False,draw,False,-0.13
2022-03,data\historical_csv\football-data\2122\SP2.csv:342:away,data\historical_csv\football-data\2122\SP2.csv:342,data\historical_csv\football-data\2122\SP2.csv,342,2022-03-13,SP2,Oviedo,Valladolid,away,0.38984857447848315,0.3784821604571512,2.8423999999999996,2.88,7.579769288340654,0.009366414021331936,5,0.0,WH,2.0-3.0,sportsbook,0.3518153672952435,1.1081055880976403,0.011366414021331928,0.024025774709736422,1.0446487657246801,0.15198191102290542,0.40725483214847347,0.2,1.3228257810301347,away:2.0-3.0,away:sportsbook,sportsbook:2.0-3.0,0.31349285213721945,0.29665857338429746,0.38984857447848315,1.0913727833670623,0.38984857447848315,0.0,0.0763557223412637,0.009366414021331936,19.999999999999996,0.06980286738351249,0.06528202786653908,0.03264101393326954,0.03264101393326954,away,6.099378643829018,4.142647408322495,4.142647408322495,4.142647408322495,0.22,0.36638983749058013,0.3903591139064274,0.3901533337174177,0.9914148351648352,,,0.0,lower_clv,True,0.39661591552842856,2.521330992649795,12.73410782980051,True,home,False,-0.22
2022-03,data\historical_csv\football-data\2122\SP2.csv:340:home,data\historical_csv\football-data\2122\SP2.csv:340,data\historical_csv\football-data\2122\SP2.csv,340,2022-03-13,SP2,Sp Gijon,Tenerife,home,0.3700701946201881,0.3583544469822608,2.8423999999999996,2.88,1.8586680102377962,0.009715747637927263,5,0.0,WH,2.0-3.0,sportsbook,0.3518153672952435,1.0518875211884224,0.011715747637927265,0.02625379665579058,1.0446487657246801,0.1369519489462239,0.38659337204147165,0.2,1.3228257810301347,home:2.0-3.0,home:sportsbook,sportsbook:2.0-3.0,0.3700701946201881,0.31902602984498973,0.31090377553482224,1.0955747321872091,0.3700701946201881,0.0,0.05916641908536585,0.01087890093909088,9.505703422053235,0.06980286738351249,0.045503648008244024,0.04024506215801532,0.005258585850228703,home,4.42268260028615,2.4659513647796265,2.4659513647796265,2.4659513647796265,0.13,0.36049096314656504,0.3693876730260033,0.36931129330519763,0.9914148351648352,,,0.0,lower_clv,True,0.3764382175954124,2.656478416000732,6.998798969320008,True,away,False,-0.13
2022-03,data\historical_csv\football-data\2122\I2.csv:295:home,data\historical_csv\football-data\2122\I2.csv:295,data\historical_csv\football-data\2122\I2.csv,295,2022-03-15,I2,Crotone,Frosinone,home,0.2980209107857554,0.2764918053676389,3.7439999999999998,3.8,3.5185319296439976,0.01952910541811649,5,0.0,WH,3.0-4.0,sportsbook,0.2670940170940171,1.1157902899818681,0.02152910541811648,0.06552931257953169,1.3201545586153456,0.08881646326557116,0.3934336639365122,0.2,1.4957264957264904,home:3.0-4.0,home:sportsbook,sportsbook:3.0-4.0,0.2980209107857554,0.2951197677105399,0.4068593215037048,1.0868217381338268,0.4068593215037048,-0.10883841071794942,0.10883841071794942,0.01952910541811649,13.772455089820369,0.07085020242914974,0.052274218914299814,0.033922283594910924,0.01835193531938889,away,7.504514210031202,5.5477829745246785,5.5477829745246785,5.5477829745246785,0.2,0.281911813500333,0.29332278541256956,0.2932248203377736,0.9914148351648352,,,0.0,lower_clv,True,0.3129892781624392,3.194997623787634,17.183185744017226,True,home,True,0.55
2022-03,data\historical_csv\football-data\2122\I2.csv:292:home,data\historical_csv\football-data\2122\I2.csv:292,data\historical_csv\football-data\2122\I2.csv,292,2022-03-15,I2,Cittadella,Reggina,home,0.5396805484843955,0.5319979241675219,1.931,1.95,2.728799156748485,0.0056826243168735914,5,0.0,WH,1.5-2.0,sportsbook,0.5178663904712584,1.0421231391233678,0.00768262431687361,0.010529607436903761,0.6580380034463774,0.291255094412418,0.3551303106235175,0.2,0.9839461418953865,home:1.5-2.0,home:sportsbook,sportsbook:1.5-2.0,0.5396805484843955,0.2801930083232624,0.18012644319234217,0.9981000921193957,0.5396805484843955,0.0,0.35955410529205334,0.009682160519417211,8.333333333333325,0.07349639607704139,0.06197003665170425,0.030985018325852057,0.030985018325852196,home,3.4771493049141555,1.5204180694076324,1.5204180694076324,1.5204180694076324,0.16,0.5257401246473725,0.5493112424401703,0.5491088805085701,0.9914148351648352,,,0.0,lower_clv,True,0.5570671942019942,1.7951155810431676,7.569675200405102,True,draw,False,-0.16
2022-03,data\historical_csv\football-data\2122\E1.csv:448:away,data\historical_csv\football-data\2122\E1.csv:448,data\historical_csv\football-data\2122\E1.csv,448,2022-03-19,E1,Derby,Coventry,away,0.38493195912568356,0.37964665134076,3.1069999999999998,3.15,17.956214571574126,0.0032853077849235874,5,0.0,IW,3.0-4.0,sportsbook,0.321853878339234,1.1959835970034987,0.0052853077849235874,0.008534775320775343,1.1336576304109103,0.14817261315633692,0.4363810526518518,0.2,1.3839716768587085,away:3.0-4.0,away:sportsbook,sportsbook:3.0-4.0,0.31013784821399015,0.3049301926603262,0.38493195912568356,1.092737653934544,0.38493195912568356,0.0,0.07479411091169341,0.009594643433972934,24.505928853754956,0.05993523384827748,0.08542279354419507,0.05734809048421183,0.028074703059983247,away,10.446570190785822,8.4898389552793,8.4898389552793,8.4898389552793,0.4,0.34917875428155554,0.38514357489520124,0.3848348109819659,0.9914148351648352,,,0.0,lower_clv,True,0.3878558624856119,2.5782773878713683,20.50681647427961,True,draw,False,-0.4
2022-03,data\historical_csv\football-data\2122\E1.csv:450:away,data\historical_csv\football-data\2122\E1.csv:450,data\historical_csv\football-data\2122\E1.csv,450,2022-03-19,E1,Bristol City,West Brom,away,0.46404581266773987,0.4505516085471336,2.4210000000000003,2.45,9.07854442926106,0.011494204120606272,5,0.0,IW,2.0-3.0,sportsbook,0.41305245766212306,1.1234549124685984,0.013494204120606257,0.024769546037981826,0.8841806779559216,0.21533851625446312,0.4103003412471688,0.2,1.1978521272201448,away:2.0-3.0,away:sportsbook,sportsbook:2.0-3.0,0.26215283636782394,0.2738013509644362,0.46404581266773987,1.0619280792001549,0.46404581266773987,0.0,0.20189297629991593,0.011494204120606272,16.666666666666675,0.05754792097514572,0.07809331140447562,0.03904665570223778,0.03904665570223784,away,5.933093246355877,3.9763620108493543,3.9763620108493543,3.9763620108493543,0.28,0.42947691867347926,0.46915080450235686,0.46881019765286447,0.9914148351648352,,,0.0,lower_clv,True,0.49909782885906323,2.003615207635742,20.831584366779232,True,draw,False,-0.28
2022-03,data\historical_csv\football-data\2122\I1.csv:293:home,data\historical_csv\football-data\2122\I1.csv:293,data\historical_csv\football-data\2122\I1.csv,293,2022-03-20,I1,Empoli,Verona,home,0.35908745882189563,0.3513918061975577,3.058,3.1,7.455614335213134,0.0056956526243379345,5,0.0,BW,3.0-4.0,sportsbook,0.3270111183780249,1.0980894490773567,0.007695652624337912,0.015861463508150337,1.1177611075068705,0.12894380308316658,0.4013739956645898,0.2,1.373446697187708,home:3.0-4.0,home:sportsbook,sportsbook:3.0-4.0,0.35908745882189563,0.2770598233343534,0.3638527178437509,1.091243187181235,0.3638527178437509,-0.0047652590218552615,0.0047652590218552615,0.010976732306058116,14.814814814814813,0.06039355688724557,0.054879041988228294,0.027439520994114203,0.02743952099411409,away,6.96485565924227,5.0081244237357465,5.0081244237357465,5.0081244237357465,0.24,0.34338824206584617,0.3577550251056917,0.3576316839051436,0.9914148351648352,,,0.0,lower_clv,True,0.36168373667842746,2.7648464627788853,10.6028866762631,True,draw,False,-0.24
2022-03,data\historical_csv\football-data\2122\SP2.csv:356:home,data\historical_csv\football-data\2122\SP2.csv:356,data\historical_csv\football-data\2122\SP2.csv,356,2022-03-26,SP2,Eibar,Lugo,home,0.5854352586387034,0.5744339290115107,1.784,1.8,2.479012935653513,0.00900132962719264,5,0.0,WH,1.5-2.0,sportsbook,0.5605381165919282,1.0444165014114468,0.01100132962719269,0.015375448428103197,0.5788580341578177,0.34273444205736553,0.3388839029422734,0.2,0.8968609865470878,home:1.5-2.0,home:sportsbook,sportsbook:1.5-2.0,0.5854352586387034,0.26546953638148585,0.14909520497981082,0.9492757510033851,0.5854352586387034,0.0,0.43634005365889256,0.00900132962719264,9.090909090909104,0.06706450696220534,0.06479611083577397,0.032398055417886915,0.03239805541788705,home,3.5593453053374025,1.6026140698308793,1.6026140698308793,1.6026140698308793,0.2,0.5695213793151955,0.5975347133891152,0.5972942142985082,0.9914148351648352,,,0.0,lower_clv,True,0.5788699606227742,1.727503702082166,3.270400975102916,True,home,True,0.16
2022-03,data\historical_csv\football-data\2122\SP2.csv:362:away,data\historical_csv\football-data\2122\SP2.csv:362,data\historical_csv\football-data\2122\SP2.csv,362,2022-03-27,SP2,Malaga,Huesca,away,0.32484719227351755,0.3202506123306678,3.548,3.6,13.624917254920943,0.002596579942849743,5,0.0,WH,3.0-4.0,sportsbook,0.2818489289740699,1.1525578381864403,0.004596579942849732,0.007993234987432039,1.266384064447333,0.10552569832798768,0.4113813076756414,0.2,1.4656144306651742,away:3.0-4.0,away:sportsbook,sportsbook:3.0-4.0,0.3506101677784571,0.32454263994802535,0.32484719227351755,1.0979461986540584,0.3506101677784571,-0.025762975504939556,0.025762975504939556,0.006794400434284479,20.805369127516784,0.06547470200883554,0.0641391930558371,0.05385455996508923,0.010284633090747869,home,8.805647611915257,6.8489163764087335,6.8489163764087335,6.8489163764087335,0.27,0.3011525264273076,0.32156685586486244,0.32139159548164165,0.9914148351648352,,,0.0,lower_clv,True,0.30429667010760114,3.286266654335698,7.96445855417689,True,away,True,0.69
2022-03,data\historical_csv\football-data\2122\SP2.csv:359:home,data\historical_csv\football-data\2122\SP2.csv:359,data\historical_csv\football-data\2122\SP2.csv,359,2022-03-27,SP2,Mirandes,Ponferradina,home,0.43005259638776006,0.4143289447340609,2.519,2.55,4.369461178509937,0.013723651653699173,5,0.0,WH,2.0-3.0,sportsbook,0.39698292973402144,1.0833024903007675,0.015723651653699156,0.03191156562934721,0.9238619973704731,0.18494523565985366,0.3973092506731539,0.2,1.2306470821754623,home:2.0-3.0,home:sportsbook,sportsbook:2.0-3.0,0.43005259638776006,0.2845789711933232,0.28536843241891674,1.078386621404327,0.43005259638776006,0.0,0.14468416396884332,0.013723651653699173,15.909090909090896,0.07031778228532803,0.06365967156148084,0.03182983578074039,0.031829835780740445,home,6.545532655947076,4.588801420440553,4.588801420440553,4.588801420440553,0.3,0.41519968805256274,0.43304475212002885,0.4328915493035156,0.9914148351648352,,,0.0,lower_clv,True,0.45336439671680695,2.2057312114533945,14.202491532963668,True,home,True,0.46
2022-03,data\historical_csv\football-data\2122\SP2.csv:364:home,data\historical_csv\football-data\2122\SP2.csv:364,data\historical_csv\football-data\2122\SP2.csv,364,2022-03-28,SP2,Las Palmas,Leganes,home,0.4592355315878979,0.44523821312096107,2.274,2.3,1.2471696637065488,0.011997318466936847,5,0.0,WH,2.0-3.0,sportsbook,0.4397537379067722,1.04430159883088,0.013997318466936859,0.026124543162968552,0.8215403953283443,0.2108972734728192,0.37728054016954404,0.2,1.1433597185575906,home:2.0-3.0,home:sportsbook,sportsbook:2.0-3.0,0.4592355315878979,0.2990615570500505,0.24170291136205155,1.061601638815126,0.4592355315878979,0.0,0.21753262022584638,0.014425225613214855,12.195121951219523,0.0650555615492503,0.05101024795742792,0.025505123978713948,0.025505123978713976,home,4.072130789296027,2.115399553789504,2.115399553789504,2.115399553789504,0.17,0.4490562865162247,0.4640425085151631,0.46391384932904584,0.9914148351648352,,,0.0,lower_clv,True,0.4586300803013643,2.1804064821542086,4.29248026053024,True,home,True,0.22
2022-04,data\historical_csv\football-data\2122\SP2.csv:380:home,data\historical_csv\football-data\2122\SP2.csv:380,data\historical_csv\football-data\2122\SP2.csv,380,2022-04-09,SP2,Las Palmas,Amorebieta,home,0.5975611521825509,0.5765138277172466,1.7644,1.78,1.7200997624309933,0.019047324465304362,5,0.0,WH,1.5-2.0,sportsbook,0.5667649059170257,1.0543368969108928,0.02104732446530433,0.03187510499257745,0.5678106892486476,0.3570793305977378,0.33930160968899026,0.2,0.8841532532305685,home:1.5-2.0,home:sportsbook,sportsbook:1.5-2.0,0.5975611521825509,0.25534687189559047,0.1470919759218587,0.9381964933197016,0.5975611521825509,0.0,0.4504691762606922,0.019047324465304362,11.250000000000004,0.06477394328517927,0.06993953225855354,0.03496976612927674,0.0349697661292768,home,4.879243244435364,0.9924605742349328,0.9924605742349328,0.9924605742349328,0.13,0.5723898241568519,0.621449585505194,0.6210285439556888,0.9914177823549605,,,0.0,lower_clv,True,0.5864492114507026,1.705177499559245,3.473098868361957,True,home,True,0.1
2022-04,data\historical_csv\football-data\2122\I2.csv:338:home,data\historical_csv\football-data\2122\I2.csv:338,data\historical_csv\football-data\2122\I2.csv,338,2022-04-10,I2,Crotone,Ternana,home,0.38389455206379036,0.37485779653688756,2.8423999999999996,2.88,6.549580087644902,0.007036755526902778,5,0.0,WH,2.0-3.0,sportsbook,0.3518153672952435,1.0911818747861175,0.009036755526902807,0.01832991765335994,1.0446487657246801,0.14737502710425826,0.40103496998186755,0.2,1.3228257810301347,home:2.0-3.0,home:sportsbook,sportsbook:2.0-3.0,0.38389455206379036,0.29827067268859103,0.3178347752476186,1.0926796286650653,0.38389455206379036,0.0,0.06605977681617176,0.0083002590472802,12.941176470588234,0.06517094017094016,0.057916618262386144,0.028958309131193044,0.0289583091311931,home,8.075352551460437,4.188569881260006,4.188569881260006,4.188569881260006,0.23,0.3665513998074163,0.38614692680386137,0.38597875372630863,0.9914177823549605,,,0.0,lower_clv,True,0.4325431998305062,2.311907805721727,22.94607911982307,True,away,False,-0.23
2022-04,data\historical_csv\football-data\2122\I2.csv:339:home,data\historical_csv\football-data\2122\I2.csv:339,data\historical_csv\football-data\2122\I2.csv,339,2022-04-10,I2,Perugia,Pisa,home,0.3579563597658329,0.3489457540778616,3.058,3.1,6.707611597010077,0.0070106056879712985,5,0.0,WH,3.0-4.0,sportsbook,0.3270111183780249,1.094630548163917,0.009010605687971296,0.019585084876149374,1.1177611075068705,0.1281327554968064,0.40010969713098515,0.2,1.373446697187708,home:3.0-4.0,home:sportsbook,sportsbook:3.0-4.0,0.3579563597658329,0.31548696114954766,0.3265566790846195,1.09716859212111,0.3579563597658329,0.0,0.031399680681213404,0.007218623116959538,10.320284697508896,0.07608204572151434,0.05818307905376641,0.03481277727396212,0.023370301779804287,home,7.951576642355842,4.06479397215541,4.06479397215541,4.06479397215541,0.2,0.34030344660613276,0.35746820670504653,0.35732089499805275,0.9914177823549605,,,0.0,lower_clv,True,0.3805791671288551,2.627574198409614,16.38110930800387,True,draw,False,-0.2
2022-04,data\historical_csv\football-data\2122\F2.csv:326:away,data\historical_csv\football-data\2122\F2.csv:326,data\historical_csv\football-data\2122\F2.csv,326,2022-04-16,F2,Dijon,Ajaccio,away,0.37302423603793466,0.36680729546187174,3.156,3.2,15.764382447766723,0.004216940576062939,5,0.0,VC,3.0-4.0,sportsbook,0.3168567807351077,1.1772644889357218,0.006216940576062924,0.011304736177072682,1.1493054029836278,0.1391470806716848,0.4287187699222384,0.2,1.3941698352344822,away:3.0-4.0,away:sportsbook,sportsbook:3.0-4.0,0.3108535300316122,0.3161222339304531,0.37302423603793466,1.0951099790456884,0.37302423603793466,0.0,0.06217070600632246,0.004216940576062939,25.490196078431392,0.05425824175824179,0.07660729792718551,0.03830364896359273,0.038303648963592785,away,8.793684503891324,4.906901833690893,4.906901833690893,4.906901833690893,0.23,0.33240463191917263,0.3741184811835949,0.3737604838503953,0.9914177823549605,,,0.0,lower_clv,True,0.4002013820749341,2.498741995380613,26.303556182849206,True,away,True,0.5
2022-04,data\historical_csv\football-data\2122\SP2.csv:409:home,data\historical_csv\football-data\2122\SP2.csv:409,data\historical_csv\football-data\2122\SP2.csv,409,2022-04-29,SP2,Las Palmas,Malaga,home,0.5890645570319245,0.5829845136878523,1.8330000000000002,1.85,6.861061358983345,0.004080043344072175,5,0.0,WH,1.5-2.0,sportsbook,0.5455537370430987,1.0797553330395178,0.006080043344072195,0.006926309341424281,0.605953968857568,0.3469970523512174,0.3569460062468199,0.2,0.9274413529732684,home:1.5-2.0,home:sportsbook,sportsbook:1.5-2.0,0.5890645570319245,0.24431420773620444,0.1666212352318711,0.9546470982458366,0.5890645570319245,0.0,0.4224433218000534,0.006483184711322788,14.906832298136653,0.0736475014913045,0.08560272268710878,0.04280136134355432,0.04280136134355446,home,6.900244296856463,3.0134616266560315,3.0134616266560315,3.0134616266560315,0.36,0.5619937895616804,0.6122562863773244,0.6118249226902694,0.9914177823549605,,,0.0,lower_clv,True,0.549552084144152,1.8196637386197079,0.7328970236230692,True,home,True,0.3
2022-04,data\historical_csv\football-data\2122\SP2.csv:410:home,data\historical_csv\football-data\2122\SP2.csv:410,data\historical_csv\football-data\2122\SP2.csv,410,2022-04-30,SP2,Oviedo,Mirandes,home,0.5605589059670222,0.5449196905116134,2.029,2.05,10.564205204806342,0.013639215455408771,5,0.0,WH,2.0-3.0,sportsbook,0.49285362247412523,1.1373740202070879,0.015639215455408806,0.02433145796137109,0.7075430608436777,0.31422628705894484,0.3966195641110902,0.2,1.0349926071956617,home:2.0-3.0,home:sportsbook,sportsbook:2.0-3.0,0.5605589059670222,0.2647083722622049,0.1747327217707731,0.9811150044292662,0.5605589059670222,0.0,0.3858261841962491,0.013639215455408771,20.58823529411764,0.06697154471544708,0.10337250726238356,0.05168625363119175,0.05168625363119181,home,11.43968486015299,7.552902189952559,7.552902189952559,7.552902189952559,0.73,0.530078374519234,0.5812549616660323,0.5808157530568082,0.9914177823549605,,,0.0,lower_clv,True,0.45684719883275243,2.188915686809521,-7.305703356834536,False,home,True,0.75
2022-05,data\historical_csv\football-data\2122\SP2.csv:413:home,data\historical_csv\football-data\2122\SP2.csv:413,data\historical_csv\football-data\2122\SP2.csv,413,2022-05-01,SP2,Amorebieta,Fuenlabrada,home,0.4976514291514918,0.4874889311195417,2.176,2.2,6.077591411612282,0.008162498031950082,5,0.0,WH,2.0-3.0,sportsbook,0.45955882352941174,1.0828895098336462,0.010162498031950074,0.016402038764095076,0.7774883289936962,0.24765694493652227,0.38691817807231815,0.2,1.1029411764705843,home:2.0-3.0,home:sportsbook,sportsbook:2.0-3.0,0.4976514291514918,0.2768163100166238,0.2255322608318844,1.0387153206281958,0.4976514291514918,0.0,0.27211916831960736,0.008162498031950082,13.989637305699487,0.07359307359307365,0.07426433237729829,0.03713216618864908,0.037132166188649215,home,7.624502128859288,3.7079649158300407,3.7079649158300407,3.7079649158300407,0.32,0.47659910347348355,0.5127463541084303,0.5124706734293962,0.9923733984136669,,,0.0,lower_clv,True,0.581243344271262,1.7204498079092108,26.47855171342661,True,home,True,0.38
2022-05,data\historical_csv\football-data\2122\SP2.csv:422:away,data\historical_csv\football-data\2122\SP2.csv:422,data\historical_csv\football-data\2122\SP2.csv,422,2022-05-07,SP2,Huesca,Sp Gijon,away,0.2965403624382208,0.28941110378912693,3.7439999999999998,3.8,8.355517258649115,0.005129258649093833,5,0.0,WH,3.0-4.0,sportsbook,0.2670940170940171,1.1102471169686985,0.007129258649093861,0.017296999999999757,1.3201545586153456,0.08793618655499134,0.391479111286264,0.2,1.4957264957264904,away:3.0-4.0,away:sportsbook,sportsbook:3.0-4.0,0.4019769357495881,0.30148270181219106,0.2965403624382208,1.0883026854552822,0.4019769357495881,-0.1054365733113673,0.1054365733113673,0.005129258649093833,13.095238095238093,0.07354341794691299,0.05141017921739152,0.026705631343741237,0.024704547873650284,home,6.696816585347091,2.7802793723178434,2.7802793723178434,2.7802793723178434,0.1,0.27451997695597713,0.2894155198532752,0.28930191748218537,0.9923733984136669,,,0.0,lower_clv,True,0.28239112442415465,3.5411877835720813,5.727236984403494,True,draw,False,-0.1
2022-05,data\historical_csv\football-data\2122\SP2.csv:452:home,data\historical_csv\football-data\2122\SP2.csv:452,data\historical_csv\football-data\2122\SP2.csv,452,2022-05-21,SP2,Ponferradina,Leganes,home,0.6233498811187735,0.6195013967297761,1.7644,1.78,9.304826439001701,0.0018484843889974099,5,0.0,WH,1.5-2.0,sportsbook,0.5667649059170257,1.0998385302459641,0.0038484843889974307,0.002965404253674989,0.5678106892486476,0.3885650742907891,0.35394472564111334,0.2,0.8841532532305685,home:1.5-2.0,home:sportsbook,sportsbook:1.5-2.0,0.6233498811187735,0.2253211075472581,0.15132901133396834,0.9161590475073207,0.6233498811187735,0.0,0.4720208697848052,0.006266274462925212,15.58441558441559,0.07330670421563834,0.09992283961944282,0.04996141980972149,0.049961419809721325,home,8.478092200964657,4.561554987935409,4.561554987935409,4.561554987935409,0.6,0.5926181987527511,0.6504717038322023,0.6500304781985885,0.9923733984136669,,,0.0,lower_clv,True,0.5499576783273532,1.8183217353040875,-2.9654672359218037,False,away,False,-0.6
2022-05,data\historical_csv\football-data\2122\SP2.csv:443:away,data\historical_csv\football-data\2122\SP2.csv:443,data\historical_csv\football-data\2122\SP2.csv,443,2022-05-21,SP2,Cartagena,Amorebieta,away,0.4102114589026323,0.3979339424616097,2.715,2.75,8.039065378327015,0.010277516441022573,5,0.0,WH,2.0-3.0,sportsbook,0.3683241252302026,1.1137241109206466,0.012277516441022596,0.025054191485816203,0.9987919533858987,0.16827344101502598,0.40971590433863936,0.2,1.2891344383057168,away:2.0-3.0,away:sportsbook,sportsbook:2.0-3.0,0.3144954518253514,0.27529308927201634,0.4102114589026323,1.084441860155543,0.4102114589026323,0.0,0.0957160070772809,0.019492843668718767,12.704918032786882,0.0708323934130386,0.07062856444297355,0.03531428222148675,0.035314282221486804,away,7.5397984707785755,3.623261257749328,3.623261257749328,3.623261257749328,0.21,0.38166947056261263,0.4153386734765117,0.415081891880158,0.9923733984136669,,,0.0,lower_clv,True,0.34396006400239365,2.9073142630681708,-6.614842623350126,False,home,False,-0.21
2022-05,data\historical_csv\football-data\2122\SP2.csv:448:home,data\historical_csv\football-data\2122\SP2.csv:448,data\historical_csv\football-data\2122\SP2.csv,448,2022-05-21,SP2,Eibar,Tenerife,home,0.5038581329409396,0.49349074871404824,2.127,2.15,4.965482251478059,0.008367384226891381,5,0.0,WH,2.0-3.0,sportsbook,0.47014574518100616,1.0717062487653786,0.010367384226891374,0.016606627302118343,0.7547125362181001,0.2538730181307296,0.3802680494059732,0.2,1.0813352139163124,home:2.0-3.0,home:sportsbook,sportsbook:2.0-3.0,0.5038581329409396,0.2839979389077718,0.21214392815128852,1.0317952552763165,0.5038581329409396,0.0,0.2917142047896511,0.011823816665895813,11.398963730569944,0.07341120994534345,0.07055142367576389,0.03527571183788197,0.03527571183788192,home,6.858423499581018,2.94188628655177,2.94188628655177,2.94188628655177,0.26,0.4839768983852928,0.519634374757888,0.5193624293920202,0.9923733984136669,,,0.0,lower_clv,True,0.47159877270530515,2.120446570001752,0.30905895441839526,True,home,True,0.29
2022-08,data\historical_csv\football-data\2223\F2.csv:14:home,data\historical_csv\football-data\2223\F2.csv:14,data\historical_csv\football-data\2223\F2.csv,14,2022-08-06,F2,Grenoble,Sochaux,home,0.2594818009286642,0.25147368650337704,4.087,4.15,2.7772956739301913,0.006008114425287122,5,0.0,PS,4.0-5.0,sportsbook,0.24467824810374358,1.0605021203954506,0.00800811442528715,0.023154280584551868,1.4078112045821403,0.0673308050131829,0.3653013867325258,0.2,1.5414729630536028,home:4.0-5.0,home:sportsbook,sportsbook:4.0-5.0,0.2594818009286642,0.3165361402486061,0.4239820588227297,1.0779797530519433,0.4239820588227297,-0.16450025789406553,0.16450025789406553,0.008973094435809292,10.666666666666668,0.034386322602160124,0.026528357755223386,0.02093233536590483,0.005596022389318556,away,3.3741148373827063,3.3741148373827063,3.3741148373827063,3.3741148373827063,0.11,0.25293397317686006,0.24727523605671073,0.2489322022581918,0.7071844536511421,,,0.0,lower_clv,True,0.24754237931620685,4.039712322238833,1.1705704265337236,True,home,True,0.34
2022-08,data\historical_csv\football-data\2223\I2.csv:4:away,data\historical_csv\football-data\2223\I2.csv:4,data\historical_csv\football-data\2223\I2.csv,4,2022-08-13,I2,Como,Cagliari,away,0.44446041107790085,0.4324212352224709,2.323,2.35,0.4514529421799862,0.010039175855429966,5,0.0,WH,2.0-3.0,sportsbook,0.4304778303917348,1.0324815349339636,0.012039175855429962,0.022587334226423134,0.8428594537882721,0.19754505701553662,0.3746176593116304,0.2,1.162290142057687,away:2.0-3.0,away:sportsbook,sportsbook:2.0-3.0,0.2646639479017287,0.29087564102037045,0.44446041107790085,1.0714172437042877,0.44446041107790085,0.0,0.17979646317617215,0.016312942588681385,9.302325581395365,0.07338980413081675,0.04802296285917679,0.02401148142958834,0.02401148142958845,away,2.210993289765033,2.210993289765033,2.210993289765033,2.210993289765033,0.17,0.4399956663356222,0.4553460047718398,0.45085118703599886,0.7071844536511421,,,0.0,lower_clv,True,0.37180405661913524,2.689588728786705,-13.629917647374889,False,draw,False,-0.17
2022-08,data\historical_csv\football-data\2223\I2.csv:11:away,data\historical_csv\football-data\2223\I2.csv:11,data\historical_csv\football-data\2223\I2.csv,11,2022-08-14,I2,Venezia,Genoa,away,0.42508089653346876,0.41710859091189534,2.6660000000000004,2.7,11.20115033711131,0.005972305621573442,5,0.0,WH,2.0-3.0,sportsbook,0.3750937734433608,1.1332656701582278,0.007972305621573417,0.01404980950750209,0.980579221756517,0.18069376859769756,0.41682549470635133,0.2,1.275318829707417,away:2.0-3.0,away:sportsbook,sportsbook:2.0-3.0,0.28523118311517826,0.2896879203513529,0.42508089653346876,1.0803653300854366,0.42508089653346876,0.0,0.1398497134182905,0.0062899321239630514,22.171945701357476,0.07407407407407396,0.08025331032657218,0.04012665516328617,0.04012665516328601,away,9.365599356983733,9.365599356983733,9.365599356983733,9.365599356983733,0.56,0.4102235534770582,0.4333167886706312,0.42655473039046243,0.7071844536511421,,,0.0,lower_clv,True,0.4862549116664027,2.056534496634667,29.635559450262996,True,away,True,0.93
2022-08,data\historical_csv\football-data\2223\F2.csv:31:home,data\historical_csv\football-data\2223\F2.csv:31,data\historical_csv\football-data\2223\F2.csv,31,2022-08-15,F2,Quevilly Rouen,St Etienne,home,0.2596195669162846,0.25581545078927537,4.1752,4.24,6.808067013538266,0.0018041161270092444,4,0.0,PS,4.0-5.0,sportsbook,0.23950948457558918,1.0839636157888717,0.0038041161270092605,0.006949076097915952,1.4291622613470665,0.0674023195257992,0.3710384873440234,0.25,1.5520214600498239,home:4.0-5.0,home:sportsbook,sportsbook:4.0-5.0,0.2596195669162846,0.287743331713124,0.45263710137059143,1.0673341840245392,0.45263710137059143,-0.1930175344543068,0.1930175344543068,0.005546962273469693,17.777777777777782,0.04553395292651996,0.03404195086315104,0.017020975431575464,0.017020975431575575,away,5.21766907631414,5.21766907631414,5.21766907631414,5.21766907631414,0.16,0.25200629688712906,0.2474262315981118,0.24876734591802885,0.7071844536511421,,,0.0,lower_clv,True,0.26283061702512733,3.804731774854058,9.737039220331178,True,draw,False,-0.16
2022-08,data\historical_csv\football-data\2223\I2.csv:29:away,data\historical_csv\football-data\2223\I2.csv:29,data\historical_csv\football-data\2223\I2.csv,29,2022-08-28,I2,Pisa,Genoa,away,0.4247787610619469,0.4172544014904518,2.519,2.55,5.106383735444808,0.0055243595714951355,5,0.0,WH,2.0-3.0,sportsbook,0.39698292973402144,1.0700176991150443,0.0075243595714951095,0.013005263157894797,0.9238619973704731,0.18043699584932257,0.39243695463524525,0.2,1.2306470821754623,away:2.0-3.0,away:sportsbook,sportsbook:2.0-3.0,0.2831858407079646,0.2920353982300885,0.4247787610619469,1.080432536043634,0.4247787610619469,0.0,0.1415929203539823,0.0055243595714951355,13.33333333333333,0.06829322638146174,0.05769147354500037,0.028845736772500186,0.028845736772500186,away,4.91778240085795,4.91778240085795,4.91778240085795,4.91778240085795,0.32,0.41650568638689134,0.4329733076575394,0.4281513321381085,0.7071844536511421,,,0.0,lower_clv,True,0.49443352075669394,2.0225165932713742,24.54780387861122,True,away,True,0.49
2022-09,data\historical_csv\football-data\2223\I2.csv:42:home,data\historical_csv\football-data\2223\I2.csv:42,data\historical_csv\football-data\2223\I2.csv,42,2022-09-09,I2,Palermo,Genoa,home,0.2442126764845108,0.23267550371124307,4.332000000000001,4.4,0.7950282077105131,0.009537172773267738,5,0.0,VC,4.0-5.0,sportsbook,0.23084025854108953,1.057929314530901,0.01153717277326774,0.0390527343238574,1.4660293291387443,0.05963983135572834,0.3580229462737646,0.2,1.569713758079394,home:4.0-5.0,home:sportsbook,sportsbook:4.0-5.0,0.2442126764845108,0.27495407447862835,0.48083324903686075,1.0513605643723234,0.48083324903686075,-0.23662057255234994,0.23662057255234994,0.016426765612042305,3.2863849765258246,0.048437745328937076,0.02743993219398294,0.013719966096991526,0.013719966096991415,away,3.1850548275441297,3.1850548275441297,3.1850548275441297,3.1850548275441297,0.1,0.23819264733966783,0.22819359169557699,0.22841461414571163,0.97789566755084,,,0.0,lower_clv,True,0.2787772153818993,3.5870937251098205,20.76628970343881,True,home,True,0.33
2022-09,data\historical_csv\football-data\2223\E3.csv:91:home,data\historical_csv\football-data\2223\E3.csv:91,data\historical_csv\football-data\2223\E3.csv,91,2022-09-13,E3,Mansfield,Carlisle,home,0.5864727605607568,0.5712553744662501,2.029,2.05,15.907715479202134,0.013217386094506768,5,0.0,BW,2.0-3.0,sportsbook,0.49285362247412523,1.1899532311777756,0.015217386094506735,0.02253708438541791,0.7075430608436777,0.3439502988797548,0.4149547321085992,0.2,1.0349926071956617,home:2.0-3.0,home:sportsbook,sportsbook:2.0-3.0,0.5864727605607568,0.23965947427694095,0.17386776516230218,0.9594958871557607,0.5864727605607568,0.0,0.41260499539845463,0.013217386094506768,26.543209876543195,0.07654946679336927,0.1333538904156018,0.06667694520780096,0.06667694520780085,home,11.939061650048005,11.939061650048005,11.939061650048005,11.939061650048005,1.16,0.5516957203058059,0.6221884374285662,0.6206302429740401,0.97789566755084,,,0.0,lower_clv,True,0.5772491085467533,1.732354342681513,17.123844124136234,True,draw,False,-1.16
2022-09,data\historical_csv\football-data\2223\E3.csv:102:home,data\historical_csv\football-data\2223\E3.csv:102,data\historical_csv\football-data\2223\E3.csv,102,2022-09-17,E3,Gillingham,Mansfield,home,0.2699798435701823,0.2624979311775837,3.94,4.0,3.4241848839679623,0.005481912392598622,4,0.0,B365,3.0-4.0,sportsbook,0.25380710659898476,1.0637205836665182,0.0074819123925986,0.020304895062188515,1.3711807233098425,0.0728891159341801,0.37019115718564066,0.25,1.522842639593902,home:3.0-4.0,home:sportsbook,sportsbook:3.0-4.0,0.2699798435701823,0.2767059294839668,0.4533142269458509,1.067674025958699,0.4533142269458509,-0.1833343833756686,0.1833343833756686,0.008950035991917016,4.166666666666674,0.05303030303030298,0.03256977162773622,0.016284885813868194,0.016284885813868027,away,3.7325545821724826,3.7325545821724826,3.7325545821724826,3.7325545821724826,0.13,0.26328059538622456,0.25696600221341664,0.2571055820801896,0.97789566755084,,,0.0,lower_clv,True,0.2807573830207578,3.5617941342830686,10.618408910178578,True,away,False,-0.13
2022-09,data\historical_csv\football-data\2223\SP2.csv:71:home,data\historical_csv\football-data\2223\SP2.csv:71,data\historical_csv\football-data\2223\SP2.csv,71,2022-09-24,SP2,Malaga,Villarreal B,home,0.42487665615409226,0.41201404080543763,2.5876,2.62,6.612753198815047,0.01086261534865462,5,0.0,WH,2.0-3.0,sportsbook,0.38645849435770596,1.0994108354643293,0.012862615348654627,0.025566514872765844,0.9507308051876934,0.18052017294468276,0.4039433254108349,0.2,1.2521255217189609,home:2.0-3.0,home:sportsbook,sportsbook:2.0-3.0,0.42487665615409226,0.29080232015002516,0.2843210236958825,1.0804258964356244,0.42487665615409226,0.0,0.14055563245820973,0.01086261534865462,15.41850220264318,0.07215557978916753,0.0688841150454298,0.034442057522714925,0.03444205752271487,home,7.94043585246726,7.94043585246726,7.94043585246726,7.94043585246726,0.5,0.41714498319859045,0.43575748364824585,0.43534606675059656,0.97789566755084,,,0.0,lower_clv,True,0.46147012614537825,2.166987510877285,19.410009841378084,True,draw,False,-0.5
2022-09,data\historical_csv\football-data\2223\SP2.csv:72:away,data\historical_csv\football-data\2223\SP2.csv:72,data\historical_csv\football-data\2223\SP2.csv,72,2022-09-24,SP2,Ponferradina,Tenerife,away,0.3546588368196346,0.33931892337474623,2.96,3.0,0.43840131892487477,0.01333991344488838,5,0.0,WH,2.0-3.0,sportsbook,0.33783783783783783,1.0497901569861186,0.015339913444888387,0.037613368285174094,1.085189268335969,0.1257828905342562,0.3848719636371851,0.2,1.3513513513513598,away:2.0-3.0,away:sportsbook,sportsbook:2.0-3.0,0.34643461815355103,0.2989065450268144,0.3546588368196346,1.0958476844167222,0.3546588368196346,0.0,0.008224218666083583,0.01333991344488838,5.633802816901423,0.07258064516129026,0.04388189446374491,0.021940947231872426,0.021940947231872482,away,3.277442705503064,3.277442705503064,3.277442705503064,3.277442705503064,0.17,0.34891027941048336,0.35391136838719806,0.35380082265384893,0.97789566755084,,,0.0,lower_clv,True,0.3832223837467626,2.6094509152179652,13.433825589041737,True,draw,False,-0.17
2022-09,data\historical_csv\football-data\2223\SP2.csv:73:away,data\historical_csv\football-data\2223\SP2.csv:73,data\historical_csv\football-data\2223\SP2.csv,73,2022-09-25,SP2,Burgos,Levante,away,0.41692650334075726,0.41022318694664706,2.568,2.6,5.34531440789896,0.0047033163941102235,5,0.0,WH,2.0-3.0,sportsbook,0.3894080996884735,1.0706672605790646,0.006703316394110204,0.01128092447091608,0.9431273858277147,0.17382770918795049,0.39321480317805835,0.2,1.2461059190031154,away:2.0-3.0,away:sportsbook,sportsbook:2.0-3.0,0.27438752783964365,0.3086859688195991,0.41692650334075726,1.0824269449610864,0.41692650334075726,0.0,0.1425389755011136,0.0047033163941102235,12.554112554112562,0.07427055702917773,0.05890181198273259,0.029450905991366322,0.029450905991366266,away,4.8315603257168735,4.8315603257168735,4.8315603257168735,4.8315603257168735,0.31,0.40822258693814983,0.4264695275764109,0.42606619113436267,0.97789566755084,,,0.0,lower_clv,True,0.4044511746432225,2.4724863288680705,3.863061648379551,True,draw,False,-0.31
2022-09,data\historical_csv\football-data\2223\SP2.csv:75:home,data\historical_csv\football-data\2223\SP2.csv:75,data\historical_csv\football-data\2223\SP2.csv,75,2022-09-25,SP2,Albacete,Andorra,home,0.48342225655715665,0.46163584069984565,2.0780000000000003,2.1,-4.07207230257206,0.01978641585731103,5,0.0,WH,2.0-3.0,sportsbook,0.4812319538017324,1.0045514491257717,0.021786415857311003,0.04092988187640801,0.7314058926770358,0.23369707813481339,0.35357788709713417,0.2,1.0587102983637964,home:2.0-3.0,home:sportsbook,sportsbook:2.0-3.0,0.48342225655715665,0.2837539717502942,0.23282377169254914,1.048147116137565,0.48342225655715665,0.0,0.2505984848646075,0.01978641585731103,6.598984771573613,0.06543778801843314,0.03647877328149346,0.018239386640746702,0.018239386640746758,home,1.1992200113594293,1.1992200113594293,1.1992200113594293,1.1992200113594293,0.11,0.4870029836927787,0.5040350277342165,0.5036585457704359,0.97789566755084,,,0.0,lower_clv,True,0.45589135809398273,2.1935050582683964,-5.26577578807037,False,draw,False,-0.11
2022-10,data\historical_csv\football-data\2223\I2.csv:64:away,data\historical_csv\football-data\2223\I2.csv:64,data\historical_csv\football-data\2223\I2.csv,64,2022-10-01,I2,Cagliari,Venezia,away,0.22146151190842828,0.20989697037199492,4.9004,4.98,2.857911361092391,0.009564541536433364,5,0.0,PS,4.0-5.0,sportsbook,0.20406497428781323,1.085249992956062,0.011564541536433354,0.043188278875239454,1.5893168344378785,0.04904520125676692,0.35197250905612976,0.2,1.6243571953310054,away:4.0-5.0,away:sportsbook,sportsbook:4.0-5.0,0.5041320469346174,0.2744064411569544,0.22146151190842828,1.033990586767424,0.5041320469346174,-0.28267053502618916,0.28267053502618916,0.012489262914019144,3.750000000000009,0.031342209374008556,0.02676065410751788,0.013380327053758911,0.013380327053758967,home,3.706979532288355,3.706979532288355,3.706979532288355,3.706979532288355,0.1,0.21162962111723196,0.2053352811189905,0.20541799255129328,0.9868593955321945,,,0.0,lower_clv,True,0.22390492395074366,4.466181369999651,9.722368932822434,True,away,True,0.39
2022-10,data\historical_csv\football-data\2223\I2.csv:72:home,data\historical_csv\football-data\2223\I2.csv:72,data\historical_csv\football-data\2223\I2.csv,72,2022-10-07,I2,Genoa,Cagliari,home,0.5392195506503745,0.5291989829196576,1.8918,1.91,0.11386358874081459,0.008020567730716898,5,0.0,WH,1.5-2.0,sportsbook,0.528597103287874,1.0200955459203784,0.010020567730716912,0.014874400828091204,0.637528756796933,0.2907577238035918,0.3437679697667341,0.2,0.9620467279839229,home:1.5-2.0,home:sportsbook,sportsbook:1.5-2.0,0.5392195506503745,0.2621206148994876,0.19865983445013796,1.0050723662773398,0.5392195506503745,0.0,0.34055971620023656,0.015017098653926555,6.703910614525133,0.0693477552116295,0.04961249170024984,0.02480624585012489,0.024806245850124947,home,2.0017234712498917,2.0017234712498917,2.0017234712498917,2.0017234712498917,0.22,0.5391781555727344,0.5656734311591909,0.5653252672224438,0.9868593955321945,,,0.0,lower_clv,True,0.5508821871288903,1.8152701673144305,4.215892161043455,True,draw,False,-0.22
2022-10,data\historical_csv\football-data\2223\E3.csv:147:away,data\historical_csv\football-data\2223\E3.csv:147,data\historical_csv\football-data\2223\E3.csv,147,2022-10-08,E3,Stevenage,Swindon,away,0.22238279709798262,0.21660922235933883,4.92,5.0,6.571737400794708,0.0037735747386437824,5,0.0,B365,4.0-5.0,sportsbook,0.2032520325203252,1.0941233617220745,0.0057735747386437886,0.016968824872641262,1.5933085305042167,0.049454108445122505,0.35432440765360407,0.2,1.6260162601626105,away:4.0-5.0,away:sportsbook,sportsbook:4.0-5.0,0.5111758425948234,0.26644136030719395,0.22238279709798262,1.0297362131425543,0.5111758425948234,-0.2887930454968408,0.2887930454968408,0.010814681789306897,3.950103950103956,0.04947839046199709,0.03181193654700279,0.015905968273501325,0.015905968273501464,home,5.415825101953634,5.415825101953634,5.415825101953634,5.415825101953634,0.14,0.21425980711779197,0.20633270238299556,0.20643686933089037,0.9868593955321945,,,0.0,lower_clv,True,0.20870471336908614,4.791458630028825,2.6827189775903815,True,home,False,-0.14
2022-10,data\historical_csv\football-data\2223\I2.csv:82:home,data\historical_csv\football-data\2223\I2.csv:82,data\historical_csv\football-data\2223\I2.csv,82,2022-10-14,I2,Venezia,Frosinone,home,0.34386516052105903,0.3411624678312342,2.96,3.0,0.9840904780453297,0.0007026926898248082,5,0.0,WH,2.0-3.0,sportsbook,0.33783783783783783,1.0178408751423347,0.002702692689824815,0.0020435123138384174,1.085189268335969,0.1182432486201737,0.3731587819520786,0.2,1.3513513513513598,home:2.0-3.0,home:sportsbook,sportsbook:2.0-3.0,0.34386516052105903,0.3054420804470932,0.35069275903184777,1.0968023960983695,0.35069275903184777,-0.006827598510788735,0.006827598510788735,0.009016786679815593,4.529616724738683,0.06407724380074598,0.030604694445579506,0.017589137919418962,0.013015556526160543,away,2.275394092915879,2.275394092915879,2.275394092915879,2.275394092915879,0.12,0.34552498004363474,0.3419837198884331,0.3420302541874502,0.9868593955321945,,,0.0,lower_clv,True,0.3744495336899016,2.6705868482350543,10.83706197221086,True,away,False,-0.12
2022-10,data\historical_csv\football-data\2223\T1.csv:92:home,data\historical_csv\football-data\2223\T1.csv:92,data\historical_csv\football-data\2223\T1.csv,92,2022-10-21,T1,Antalyaspor,Istanbulspor,home,0.5424024404823852,0.5382719030360479,2.0780000000000003,2.1,11.852901450890773,0.002130537446337237,5,0.0,VC,2.0-3.0,sportsbook,0.4812319538017324,1.1271122713223964,0.00413053744633729,0.003927964344043963,0.7314058926770358,0.29420040744124737,0.39671634117122173,0.2,1.0587102983637964,home:2.0-3.0,home:sportsbook,sportsbook:2.0-3.0,0.5424024404823852,0.252346803653219,0.2052507558643957,1.0043015171650924,0.5424024404823852,0.0,0.3371516846179895,0.005424266946159171,17.31843575418994,0.05602240896358546,0.0914740585195205,0.04573702925976027,0.04573702925976024,home,7.134485373799504,7.134485373799504,7.134485373799504,7.134485373799504,0.66,0.5155653771597666,0.569271112729667,0.5685653869008904,0.9868593955321945,,,0.0,lower_clv,True,0.5438661267836887,1.8386877776591681,13.01538114565053,True,home,True,0.71
2022-10,data\historical_csv\football-data\2223\I2.csv:95:home,data\historical_csv\football-data\2223\I2.csv:95,data\historical_csv\football-data\2223\I2.csv,95,2022-10-22,I2,Reggina,Perugia,home,0.48667255280818933,0.47519812485241136,2.0780000000000003,2.1,-1.2538296556689033,0.009474427955777966,5,0.0,WH,2.0-3.0,sportsbook,0.4812319538017324,1.0113055647354177,0.011474427955777966,0.019467767189887308,0.7314058926770358,0.23685017365683983,0.3559551729280856,0.2,1.0587102983637964,home:2.0-3.0,home:sportsbook,sportsbook:2.0-3.0,0.48667255280818933,0.28737233338800855,0.22595511380380215,1.044920412020032,0.48667255280818933,0.0,0.26071743900438715,0.009474427955777966,5.000000000000004,0.06646825396825395,0.04016092490121259,0.020080462450606282,0.02008046245060631,home,1.2141451582130873,1.2141451582130873,1.2141451582130873,1.2141451582130873,0.11,0.4870748082685904,0.5058652844824572,0.505618366266769,0.9868593955321945,,,0.0,lower_clv,True,0.49269415054400706,2.029656733078427,2.3818444830446817,True,away,False,-0.11
2022-10,data\historical_csv\football-data\2223\P1.csv:100:draw,data\historical_csv\football-data\2223\P1.csv:100,data\historical_csv\football-data\2223\P1.csv,100,2022-10-31,P1,Guimaraes,Famalicao,draw,0.2945858409566534,0.28859397358252703,3.548,3.6,2.3931418270805915,0.003991867374126367,5,0.0,B365,3.0-4.0,sportsbook,0.2818489289740699,1.0451905637142063,0.005991867374126381,0.013550778140466523,1.266384064447333,0.0867808176921387,0.37305881459932233,0.2,1.4656144306651742,draw:3.0-4.0,draw:sportsbook,sportsbook:3.0-4.0,0.4632236078467432,0.2945858409566534,0.24219055119660346,1.059943517931839,0.4632236078467432,-0.1686377668900898,0.22103305665013975,0.008839088013248701,8.761329305135956,0.07631257631257649,0.03650302757038004,0.018251513785189924,0.018251513785190118,home,3.1918568831803933,3.1918568831803933,3.1918568831803933,3.1918568831803933,0.13,0.290845143413699,0.2861453917163447,0.2862071492944965,0.9868593955321945,,,0.0,lower_clv,True,0.30265468775065396,3.3040955269256003,7.381883213932028,True,home,False,-0.13
2023-02,data\historical_csv\football-data\2223\SP1.csv:225:away,data\historical_csv\football-data\2223\SP1.csv:225,data\historical_csv\football-data\2223\SP1.csv,225,2023-02-25,SP1,Real Madrid,Ath Madrid,away,0.2142862280958094,0.2053300555640871,4.92,5.0,1.022387337530839,0.006956172531722324,5,0.0,B365,4.0-5.0,sportsbook,0.2032520325203252,1.0542882422313822,0.008956172531722317,0.03246206064447666,1.5933085305042167,0.04591858755152926,0.3414240751946255,0.2,1.6260162601626105,away:4.0-5.0,away:sportsbook,sportsbook:4.0-5.0,0.5267752987839806,0.25893847312021007,0.2142862280958094,1.017617256934436,0.5267752987839806,-0.3124890706881711,0.3124890706881711,0.006956172531722324,4.8218029350104885,0.041269841269841345,0.02221305736410209,0.011106528682051031,0.011106528682051059,home,3.917812201960504,3.917812201960504,3.917812201960504,3.917812201960504,0.1,0.21121506545113924,0.19980488353142956,0.20712422674164604,0.3585252836702615,,,0.0,lower_clv,True,0.19980889817805605,5.0047821149029526,-1.6940220963964192,False,draw,False,-0.1
2023-02,data\historical_csv\football-data\2223\F2.csv:250:draw,data\historical_csv\football-data\2223\F2.csv:250,data\historical_csv\football-data\2223\F2.csv,250,2023-02-27,F2,Amiens,Bordeaux,draw,0.3014033106072671,0.2862114530580802,3.45,3.5,-1.257048694962326,0.013191857549186904,4,0.0,B365,3.0-4.0,sportsbook,0.2898550724637681,1.0398414215950715,0.015191857549186893,0.043768124253870874,1.2383742310432684,0.09084395564502074,0.37325009300716977,0.25,1.4492753623188248,draw:3.0-4.0,draw:sportsbook,sportsbook:3.0-4.0,0.3295492759789064,0.3014033106072671,0.3690474134138265,1.095161771805456,0.3690474134138265,-0.06764410280655941,0.039498137434920144,0.013191857549186904,9.375,0.07625272331154687,0.035931939872738516,0.01796596993636923,0.017965969936369286,away,2.760717988528497,2.760717988528497,2.760717988528497,2.760717988528497,0.11,0.2978571535899377,0.29525017542538157,0.29692248600396803,0.3585252836702615,,,0.0,lower_clv,True,0.2866377138648044,3.4887244477244894,-1.1099887166424738,False,away,False,-0.11
2023-02,data\historical_csv\football-data\2223\I2.csv:262:home,data\historical_csv\football-data\2223\I2.csv:262,data\historical_csv\football-data\2223\I2.csv,262,2023-02-28,I2,Cosenza,Reggina,home,0.2156195124762267,0.20342771442423882,4.92,5.0,0.08643549672548989,0.010191798051987881,4,0.0,VC,4.0-5.0,sportsbook,0.2032520325203252,1.0608480013830355,0.01219179805198789,0.047267512735479286,1.5933085305042167,0.04649177416048569,0.3435484085715324,0.25,1.6260162601626105,home:4.0-5.0,home:sportsbook,sportsbook:4.0-5.0,0.2156195124762267,0.29243060994006204,0.4919498775837113,1.0393422914126855,0.4919498775837113,-0.27633036510748454,0.27633036510748454,0.010930577373613151,1.2145748987854255,0.047259358288769926,0.024644852362612074,0.012322426181306023,0.012322426181306051,away,4.813028624686473,4.813028624686473,4.813028624686473,4.813028624686473,0.12,0.2130346110257855,0.20123399734605474,0.20880379265877685,0.3585252836702615,,,0.0,lower_clv,True,0.25287356321839083,3.954545454545454,24.41379310344829,True,home,True,0.47
2023-02,data\historical_csv\football-data\2223\I2.csv:264:away,data\historical_csv\football-data\2223\I2.csv:264,data\historical_csv\football-data\2223\I2.csv,264,2023-02-28,I2,Parma,Pisa,away,0.2583405049347829,0.24613921042236628,4.038,4.1,-0.6089868314484881,0.010201294512416612,4,0.0,VC,4.0-5.0,sportsbook,0.24764735017335313,1.0431789589266534,0.01220129451241661,0.039487785761632276,1.3957495198906458,0.06673981648995858,0.3605786357310302,0.25,1.535413571074784,away:4.0-5.0,away:sportsbook,sportsbook:4.0-5.0,0.45176221095090163,0.28989728411431553,0.2583405049347829,1.0675869311451585,0.45176221095090163,-0.19342170601611874,0.19342170601611874,0.010201294512416612,3.535353535353525,0.05119613496454467,0.026316783659764365,0.013158391829882127,0.013158391829882238,home,3.489919406551752,3.489919406551752,3.489919406551752,3.489919406551752,0.11,0.25629004310686415,0.24759903874047495,0.253174098301025,0.3585252836702615,,,0.0,lower_clv,True,0.24394876736246512,4.099221368535038,-1.4934877390365808,False,away,True,0.33
2023-03,data\historical_csv\football-data\2223\SP2.csv:362:away,data\historical_csv\football-data\2223\SP2.csv:362,data\historical_csv\football-data\2223\SP2.csv,362,2023-03-26,SP2,Villarreal B,Huesca,away,0.31031745374753905,0.3020586956541224,3.548,3.6,7.170425218082643,0.006258758093416621,5,0.0,WH,3.0-4.0,sportsbook,0.2818489289740699,1.1010063258962686,0.00825875809341664,0.020168888400677838,1.266384064447333,0.09629692210035604,0.39298107834575574,0.2,1.4656144306651742,away:3.0-4.0,away:sportsbook,sportsbook:3.0-4.0,0.38453705006738087,0.3051454961850801,0.31031745374753905,1.0928262892445586,0.38453705006738087,-0.07421959631984182,0.07421959631984182,0.006258758093416621,19.999999999999996,0.06646825396825395,0.04985233746846929,0.037048409105361224,0.012803928363108064,home,5.397544632217572,3.716203701308137,3.716203701308137,3.716203701308137,0.15,0.2923230093047016,0.303758535956202,0.30364533533601296,0.9901009701049297,,,0.0,lower_clv,True,0.2157654557166628,4.634662192233275,-23.446416311728036,False,draw,False,-0.15
2023-05,data\historical_csv\football-data\2223\G1.csv:229:draw,data\historical_csv\football-data\2223\G1.csv:229,data\historical_csv\football-data\2223\G1.csv,229,2023-05-06,G1,Giannina,Asteras Tripolis,draw,0.4017102322417646,0.38463077305845433,2.715,2.75,4.427254885370346,0.015079459183310252,5,0.0,VC,2.0-3.0,sportsbook,0.3683241252302026,1.0906432805363908,0.017079459183310275,0.037538150569774026,0.9987919533858987,0.16137111068773247,0.4012249475558551,0.2,1.2891344383057168,draw:2.0-3.0,draw:sportsbook,sportsbook:2.0-3.0,0.3562336021766592,0.4017102322417646,0.24205616558157614,1.077439974333764,0.4017102322417646,0.0,0.11417743659508309,0.01537900574471011,4.961832061068705,0.07613636363636367,0.0638010453357456,0.03190052266787281,0.031900522667872785,draw,5.624985875649457,3.9194673112176006,3.9194673112176006,3.9194673112176006,0.23,0.38276046891792853,0.40906827266999607,0.40885884898147457,0.9920394841585735,,,0.0,lower_clv,True,0.4214220319272948,2.372918177596665,14.416081668260539,True,home,False,-0.23
2023-05,data\historical_csv\football-data\2223\F2.csv:345:home,data\historical_csv\football-data\2223\F2.csv:345,data\historical_csv\football-data\2223\F2.csv,345,2023-05-13,F2,Dijon,Amiens,home,0.4976985672323841,0.49024517143023827,2.274,2.3,11.481751983236176,0.005453395802145806,5,0.0,BW,2.0-3.0,sportsbook,0.4397537379067722,1.1317665418864415,0.0074533958021458235,0.010957226243328767,0.8215403953283443,0.24770386382516796,0.4088794776784434,0.2,1.1433597185575906,home:2.0-3.0,home:sportsbook,sportsbook:2.0-3.0,0.4976985672323841,0.2865537205277363,0.21574771223987957,1.0362982289005558,0.4976985672323841,0.0,0.2819508549925045,0.0057071508705388305,17.948717948717952,0.07994389901823284,0.09510116463498147,0.04755058231749075,0.04755058231749072,home,4.938509078037341,3.232990513605485,3.232990513605485,3.232990513605485,0.25,0.45397093453652365,0.5193111550774598,0.5187910132167615,0.9920394841585735,,,0.0,lower_clv,True,0.48291897550419266,2.0707407468425685,9.815775029653405,True,home,True,0.32
2023-05,data\historical_csv\football-data\2223\SP2.csv:454:away,data\historical_csv\football-data\2223\SP2.csv:454,data\historical_csv\football-data\2223\SP2.csv,454,2023-05-27,SP2,Andorra,Villarreal B,away,0.2315564308062333,0.2178040969346361,4.773,4.85,3.957895466901795,0.011752333871597225,5,0.0,PS,4.0-5.0,sportsbook,0.20951183741881418,1.1052188442381514,0.013752333871597217,0.050753649253782084,1.5629750380237595,0.05361838064772192,0.36191692124401853,0.2,1.6132411481248665,away:4.0-5.0,away:sportsbook,sportsbook:4.0-5.0,0.48083507849614593,0.28760849069762073,0.2315564308062333,1.0492383546687134,0.48083507849614593,-0.24927864768991262,0.24927864768991262,0.016183843435876838,7.777777777777772,0.03566087565228471,0.03247044440122546,0.016235222200612714,0.016235222200612742,home,5.830477743096245,4.124959178664389,4.124959178664389,4.124959178664389,0.11,0.21815411518680994,0.21682925880513512,0.21683980534534908,0.9920394841585735,,,0.0,lower_clv,True,0.15760667334633566,6.3449089988882115,-24.774334811793995,False,home,False,-0.11
2023-10,data\historical_csv\football-data\2324\G1.csv:52:home,data\historical_csv\football-data\2324\G1.csv:52,data\historical_csv\football-data\2324\G1.csv,52,2023-10-21,G1,Aris,Panserraikos,home,0.6449912687659259,0.6333022337414895,1.6467999999999998,1.66,4.292211852548489,0.009689035024436448,5,0.0,BW,1.5-2.0,sportsbook,0.6072382803011902,1.0621716214037267,0.011689035024436412,0.015021963077073373,0.49883401091361246,0.4160137367842789,0.32174358160276667,0.2,0.8015545299975724,home:1.5-2.0,home:sportsbook,sportsbook:1.5-2.0,0.6449912687659259,0.2252309510530613,0.1297777801810128,0.8835737400795185,0.6449912687659259,0.0,0.5152134885849131,0.009689035024436448,7.096774193548372,0.07390086662439233,0.08403666180319991,0.04201833090159994,0.04201833090159997,home,1.1947476839429436,1.1947476839429436,1.1947476839429436,1.1947476839429436,0.18,0.6144932455911036,0.6839057596013188,0.6332947595873281,0.27086634541802446,,,0.0,lower_clv,True,0.6358207927280337,1.5727702073243466,4.7069681464525726,True,home,True,0.12
2023-12,data\historical_csv\football-data\2324\G1.csv:96:home,data\historical_csv\football-data\2324\G1.csv:96,data\historical_csv\football-data\2324\G1.csv,96,2023-12-17,G1,Lamia,Volos NFC,home,0.5007764890005578,0.49647951679472957,2.127,2.15,5.601193222238976,0.0022969722058282403,5,0.0,VC,2.0-3.0,sportsbook,0.47014574518100616,1.0651515921041863,0.004296972205828253,0.004586821179270023,0.7547125362181001,0.25077709193572584,0.37794229409200647,0.2,1.0813352139163124,home:2.0-3.0,home:sportsbook,sportsbook:2.0-3.0,0.5007764890005578,0.265820311051651,0.23340319994779113,1.0381280992921043,0.5007764890005578,0.0,0.2673732890527667,0.007904169911675273,13.157894736842103,0.07341120994534345,0.0674697797353821,0.033734889867691076,0.03373488986769102,home,1.801055158782725,1.801055158782725,1.801055158782725,1.801055158782725,0.16,0.4786133293783862,0.5217846512446633,0.521390536566315,0.9908709147343436,,,0.0,lower_clv,True,0.4386062399637443,2.2799493232988683,-6.708452759711592,False,away,False,-0.16
2024-05,data\historical_csv\football-data\2324\T1.csv:368:draw,data\historical_csv\football-data\2324\T1.csv:368,data\historical_csv\football-data\2324\T1.csv,368,2024-05-18,T1,Kayserispor,Konyaspor,draw,0.385651878196462,0.3779462600688857,2.862,2.9,8.1682196317151,0.005705618127576284,4,0.0,VC,2.0-3.0,sportsbook,0.3494060097833683,1.1037356753982743,0.007705618127576308,0.014794737041756814,1.0515206811342592,0.1487273711564588,0.4055209256418501,0.25,1.3277428371767819,draw:2.0-3.0,draw:sportsbook,sportsbook:2.0-3.0,0.31279155802585024,0.385651878196462,0.3015565637776878,1.0924942612863573,0.385651878196462,0.0,0.011234994248162433,0.005705618127576284,15.999999999999993,0.09412730609485176,0.07048966235007048,0.03524483117503524,0.03524483117503524,draw,3.819359061808579,3.819359061808579,3.819359061808579,3.819359061808579,0.21,0.36275107988053307,0.3866105479647823,0.3654035276385723,0.11116960984516824,,,0.0,lower_clv,True,0.37657812781289146,2.6554914535473637,7.776660180049544,True,draw,True,0.39
2024-10,data\historical_csv\football-data\2425\P1.csv:66:away,data\historical_csv\football-data\2425\P1.csv:66,data\historical_csv\football-data\2425\P1.csv,66,2024-10-05,P1,Gil Vicente,Estrela,away,0.2225998594429205,0.21930084689106913,4.72645,4.9,3.6514487788293692,0.001299012551851365,6,0.025,BFE,4.0-5.0,exchange,0.21157528377534937,1.0521071056639915,0.0032990125518513602,0.005835639587115105,1.5531743921750678,0.04955069742400796,0.3457364013885136,0.16666666666666666,3.6718890499211954,away:4.0-5.0,away:exchange,exchange:4.0-5.0,0.5036518242349095,0.2737483163221699,0.2225998594429205,1.0345227502606964,0.5036518242349095,-0.281051964791989,0.281051964791989,0.0042259857679458075,9.14772727272728,0.02175948913596848,0.022864369023703562,0.01143218451185185,0.011432184511851712,home,3.643690197161305,3.643690197161305,3.643690197161305,3.643690197161305,0.1,0.219284431649888,0.21900096127129498,0.21900528906333458,0.9847328244274809,,,0.0,lower_clv,True,0.22607985129129177,4.4232159313991835,6.855511313572582,True,home,False,-0.1
2024-10,data\historical_csv\football-data\2425\T1.csv:71:draw,data\historical_csv\football-data\2425\T1.csv:71,data\historical_csv\football-data\2425\T1.csv,71,2024-10-06,T1,Ad. Demirspor,Samsunspor,draw,0.24561022303461755,0.2389319240805194,4.2487,4.4,1.5150065840902727,0.0046782989540981625,6,0.025,BFE,4.0-5.0,exchange,0.23536611198719606,1.0435241546071796,0.006678298954098161,0.019047655656575742,1.4466130537918354,0.06032438165911458,0.3553029547866019,0.16666666666666666,3.561089274366269,draw:4.0-5.0,draw:exchange,exchange:4.0-5.0,0.20034947835184244,0.24561022303461755,0.55404029861354,0.994110027013672,0.55404029861354,-0.30843007557892244,0.3536908202616975,0.015312853270470493,2.251184834123232,0.007034632034631949,0.019925107505332218,0.009962553752666123,0.009962553752666095,away,3.477937024340933,3.477937024340933,3.477937024340933,3.477937024340933,0.11,0.2435519971387505,0.24247172496449793,0.24248821766944836,0.9847328244274809,,,0.0,lower_clv,True,0.23982092354866757,4.169777954328772,1.892715788122401,True,away,False,-0.11
2024-10,data\historical_csv\football-data\2425\I2.csv:82:home,data\historical_csv\football-data\2425\I2.csv:82,data\historical_csv\football-data\2425\I2.csv,82,2024-10-18,I2,Bari,Catanzaro,home,0.4974558652452777,0.4852933166979466,2.0780000000000003,2.1,0.8439512098333157,0.010162548547331089,6,0.0,WH,2.0-3.0,sportsbook,0.4812319538017324,1.033713287979687,0.012162548547331065,0.020429045584416418,0.7314058926770358,0.24746233786692787,0.3638421511871496,0.16666666666666666,1.0587102983637964,home:2.0-3.0,home:sportsbook,sportsbook:2.0-3.0,0.4974558652452777,0.2880848964314378,0.21445923832328453,1.0360585292193618,0.4974558652452777,0.0,0.2829966269219931,0.010162548547331089,6.329113924050622,0.07333842627960285,0.053802247214435495,0.032660990382665026,0.02114125683177047,home,1.4495183321203347,1.4495183321203347,1.4495183321203347,1.4495183321203347,0.13,0.4882074991921093,0.5016585183947978,0.501453159323001,0.9847328244274809,,,0.0,lower_clv,True,0.502354747412131,1.990625161106722,4.389316512240837,True,draw,False,-0.13
2024-10,data\historical_csv\football-data\2425\B1.csv:84:away,data\historical_csv\football-data\2425\B1.csv:84,data\historical_csv\football-data\2425\B1.csv,84,2024-10-19,B1,Cercle Brugge,Dender,away,0.22722909284730264,0.22038720627450245,4.72645,4.9,4.164911109612213,0.004841886572800193,6,0.025,BFE,4.0-5.0,exchange,0.21157528377534937,1.0739869458881335,0.006841886572800188,0.021308391949854448,1.5531743921750678,0.05163306063620808,0.35292640816760135,0.16666666666666666,3.6718890499211954,away:4.0-5.0,away:exchange,exchange:4.0-5.0,0.5248133562049553,0.24795755094774208,0.22722909284730264,1.0208373027272084,0.5248133562049553,-0.29758426335765265,0.29758426335765265,0.006479419865402057,13.08647789486077,0.003532182103610504,0.023865776460912314,0.011932888230456226,0.011932888230456087,home,5.158811928280892,5.158811928280892,5.158811928280892,5.158811928280892,0.14,0.22249005475204625,0.2237171219224075,0.22369838807247833,0.9847328244274809,,,0.0,lower_clv,True,0.24893632107012825,4.017091582703547,17.658507472190756,True,draw,False,-0.14
2024-10,data\historical_csv\football-data\2425\I2.csv:87:away,data\historical_csv\football-data\2425\I2.csv:87,data\historical_csv\football-data\2425\I2.csv,87,2024-10-19,I2,Brescia,Sassuolo,away,0.3791160252276229,0.37249645923772834,2.764,2.8,2.958021333308114,0.004619565989894548,6,0.0,WH,2.0-3.0,sportsbook,0.36179450072358904,1.0478766937291495,0.006619565989894549,0.01218509818233334,1.0166789059054233,0.1437289605843916,0.3854392657396325,0.16666666666666666,1.302460202604916,away:2.0-3.0,away:sportsbook,sportsbook:2.0-3.0,0.32933964713861064,0.2915443276337665,0.3791160252276229,1.0928426196639436,0.3791160252276229,0.0,0.04977637808901225,0.00550402515776337,9.80392156862746,0.08150183150183166,0.04888740541390574,0.0314833732704399,0.017404032143465836,away,2.331416328824774,2.331416328824774,2.331416328824774,2.331416328824774,0.13,0.37022943679024883,0.37961413245805403,0.37947085466159897,0.9847328244274809,,,0.0,lower_clv,True,0.465978482538998,2.1460218389296752,28.79645257377903,True,away,True,0.23
2024-10,data\historical_csv\football-data\2425\SP2.csv:120:away,data\historical_csv\football-data\2425\SP2.csv:120,data\historical_csv\football-data\2425\SP2.csv,120,2024-10-24,SP2,Burgos,Ferrol,away,0.2465793500964849,0.24161680696442017,4.478999999999999,4.55,8.220167839363768,0.0029625431320647404,5,0.0,PS,4.0-5.0,sportsbook,0.2232641214556821,1.1044289090821557,0.004962543132064734,0.012014562983094555,1.4993998072251629,0.06080137589400487,0.36972103000037543,0.2,1.5851752623353477,away:4.0-5.0,away:sportsbook,sportsbook:4.0-5.0,0.4615443379155102,0.2918763119880049,0.2465793500964849,1.061508074871237,0.4615443379155102,-0.2149649878190253,0.2149649878190253,0.006362497313709906,13.113735239279078,0.05244205163624982,0.03775054148082413,0.018875270740412065,0.018875270740412065,home,5.305151962834527,5.305151962834527,5.305151962834527,5.305151962834527,0.15,0.23510862237739347,0.24346172736356436,0.2433341990431648,0.9847328244274809,,,0.0,lower_clv,True,0.17656974734453992,5.663484345643331,-20.91441016438058,False,draw,False,-0.15
2024-10,data\historical_csv\football-data\2425\I2.csv:103:away,data\historical_csv\football-data\2425\I2.csv:103,data\historical_csv\football-data\2425\I2.csv,103,2024-10-29,I2,Brescia,Spezia,away,0.42132875480446796,0.41252840215914466,2.6660000000000004,2.7,9.980072015627982,0.006800352645323311,6,0.0,WH,2.0-3.0,sportsbook,0.3750937734433608,1.1232624603087118,0.008800352645323306,0.016140252873268163,0.980579221756517,0.17751791962508348,0.4131462224898076,0.16666666666666666,1.275318829707417,away:2.0-3.0,away:sportsbook,sportsbook:2.0-3.0,0.27264946210236685,0.3060217830931652,0.42132875480446796,1.0808587709574948,0.42132875480446796,0.0,0.14867929270210112,0.009629684145818234,16.079105760963053,0.08287037037037037,0.07930224775017125,0.05708804164118797,0.02221420610898328,away,7.538119195026093,7.538119195026093,7.538119195026093,7.538119195026093,0.45,0.40336878917864244,0.4231506839854083,0.4228486703242363,0.9847328244274809,,,0.0,lower_clv,True,0.403516959844515,2.478210582240024,7.577621494547726,True,draw,False,-0.45
2024-12,data\historical_csv\football-data\2425\I2.csv:199:home,data\historical_csv\football-data\2425\I2.csv:199,data\historical_csv\football-data\2425\I2.csv,199,2024-12-29,I2,Cittadella,Palermo,home,0.2761100040017488,0.2652692885746266,3.9595999999999996,4.02,5.036027504009133,0.008840715427122187,6,0.0,1XB,3.0-4.0,sportsbook,0.2525507627033034,1.0932851718453245,0.010840715427122172,0.03201881604791905,1.3761430100635152,0.07623673430984573,0.3799668520156158,0.16666666666666666,1.5254066067279526,home:3.0-4.0,home:sportsbook,sportsbook:3.0-4.0,0.2761100040017488,0.30653609823459926,0.41735389776365195,1.082488236794751,0.41735389776365195,-0.14124389376190316,0.14124389376190316,0.009303743467298892,11.049723756906072,0.051637236615624804,0.03956815264431773,0.019784076322158894,0.01978407632215884,away,6.360833619443568,4.4772935451533895,4.4772935451533895,4.4772935451533895,0.15,0.26385820170005403,0.27027475644421617,0.264720592918811,0.1344009757793439,,,0.0,lower_clv,True,0.306221580655551,3.2656091639891174,21.25149707637195,True,home,True,0.44
2025-02,data\historical_csv\football-data\2425\I2.csv:260:draw,data\historical_csv\football-data\2425\I2.csv:260,data\historical_csv\football-data\2425\I2.csv,260,2025-02-16,I2,Palermo,Mantova,draw,0.2835719004684781,0.2701519377909617,3.7636,3.82,1.674383307006333,0.011419962677516363,5,0.0,1XB,3.0-4.0,sportsbook,0.26570305027101715,1.0672512046031641,0.013419962677516384,0.040271841669255265,1.3253759461504735,0.08041302273530444,0.375839375885097,0.2,1.4985652035285346,draw:3.0-4.0,draw:sportsbook,sportsbook:3.0-4.0,0.5311086713467379,0.2835719004684781,0.18531942818478409,1.0058504324773518,0.5311086713467379,-0.24753677087825982,0.3457892431619538,0.011419962677516363,11.127272727272718,0.05188835980413575,0.03470508654082324,0.01735254327041158,0.017352543270411663,home,5.245864860776761,3.4116898493077925,3.4116898493077925,3.4116898493077925,0.12,0.2747680142664146,0.2803806578545064,0.2756831391345778,0.16304703012049343,,,0.0,lower_clv,True,0.27227515106890604,3.67275528477046,2.473475856293472,True,draw,True,0.33
2025-02,data\historical_csv\football-data\2425\I2.csv:259:home,data\historical_csv\football-data\2425\I2.csv:259,data\historical_csv\football-data\2425\I2.csv,259,2025-02-16,I2,Juve Stabia,Cosenza,home,0.4811431133547002,0.46592543512402534,2.176,2.2,1.3853746829879166,0.013217678230674896,5,0.0,WH,2.0-3.0,sportsbook,0.45955882352941174,1.0469674146598278,0.01521767823067488,0.02747140687209791,0.7774883289936962,0.2314986955286539,0.37408315520897045,0.2,1.1029411764705843,home:2.0-3.0,home:sportsbook,sportsbook:2.0-3.0,0.4811431133547002,0.29748911740542977,0.2213677692398699,1.0464759593770694,0.4811431133547002,0.0,0.25977534411483033,0.013217678230674896,11.945045159648915,0.06565656565656575,0.05460282899451069,0.027301414497255344,0.027301414497255344,home,3.052544937019139,1.2183699255501703,1.2183699255501703,1.2183699255501703,0.1,0.4651579500255063,0.4893554374745982,0.4691032784904587,0.16304703012049343,,,0.0,lower_clv,True,0.448027161243134,2.2320075354925257,-2.509289713494034,False,home,True,0.12
2025-02,data\historical_csv\football-data\2425\E1.csv:393:draw,data\historical_csv\football-data\2425\E1.csv:393,data\historical_csv\football-data\2425\E1.csv,393,2025-02-17,E1,Leeds,Sunderland,draw,0.23127079504758852,0.22685964883067855,4.6309000000000005,4.800000000000001,5.05643477699893,0.0024111462169099694,4,0.025,BFE,4.0-5.0,exchange,0.21594074585933618,1.0709919247858777,0.004411146216909967,0.010425640714443987,1.5327512336571778,0.053486180641943694,0.3544805964180676,0.25,3.651558012481382,draw:4.0-5.0,draw:exchange,exchange:4.0-5.0,0.6132573902538769,0.23127079504758852,0.15547181469853452,0.9278618924988412,0.6132573902538769,-0.3819865952062884,0.4577855755553424,0.0106341595925302,10.790604579972918,0.009199134199134207,0.02483647869370112,0.017756005788012424,0.007080472905688695,home,5.623130205886008,3.78895519441704,3.78895519441704,3.78895519441704,0.1,0.2241226439664364,0.22572924248063453,0.22438459508277242,0.16304703012049343,,,0.0,lower_clv,True,0.2353964694904625,4.248152073667854,9.009751056338299,True,home,False,-0.1
2025-02,data\historical_csv\football-data\2425\P1.csv:208:draw,data\historical_csv\football-data\2425\P1.csv:208,data\historical_csv\football-data\2425\P1.csv,208,2025-02-24,P1,Porto,Guimaraes,draw,0.25531077881714165,0.2477055674644795,4.2487,4.4,5.242664448633416,0.0056052113526621605,5,0.025,BFE,4.0-5.0,exchange,0.23536611198719606,1.0847389059603898,0.00760521135266215,0.021954464197051066,1.4466130537918354,0.06518359378021542,0.3693359054106371,0.2,3.561089274366269,draw:4.0-5.0,draw:exchange,exchange:4.0-5.0,0.5622915962044192,0.25531077881714165,0.1823976249784392,0.982661527016505,0.5622915962044192,-0.3069808173872775,0.37989397122597995,0.0056052113526621605,14.153439153439162,0.9780372532666111,0.1404126762170011,0.21120489144573765,-0.07079221522873655,home,6.535738536976707,4.701563525507739,4.701563525507739,4.701563525507739,0.14,0.24643199925979178,0.2507801064459041,0.247140945223133,0.16304703012049343,,,0.0,lower_clv,True,0.2710770271856528,3.6889883675577164,15.172496540368318,True,draw,True,0.45
2025-02,data\historical_csv\football-data\2425\T1.csv:226:draw,data\historical_csv\football-data\2425\T1.csv:226,data\historical_csv\football-data\2425\T1.csv,226,2025-02-24,T1,Galatasaray,Fenerbahce,draw,0.26414299885483467,0.2564797054492457,4.0576,4.12,4.0692052830859415,0.005663293405588974,5,0.0,1XB,4.0-5.0,sportsbook,0.24645110410094637,1.071786632153377,0.007663293405588967,0.021440255581793237,1.400591665820715,0.06977152384402519,0.3699564827809721,0.2,1.537854889589907,draw:4.0-5.0,draw:sportsbook,sportsbook:4.0-5.0,0.4105079506012365,0.26414299885483467,0.3253490505439287,1.0824644430933166,0.4105079506012365,-0.14636495174640185,0.08515890005730781,0.008909099153148935,9.866666666666667,0.02472327751981629,0.027280567868193967,0.01364028393409697,0.013640283934096997,home,5.733738865650734,3.8995638541817654,3.8995638541817654,3.8995638541817654,0.13,0.2560616222746988,0.26001491080548317,0.2567061942288526,0.16304703012049343,,,0.0,lower_clv,True,0.2743921280765149,3.644419419062735,11.337349888326687,True,draw,True,0.4
2025-03,data\historical_csv\football-data\2425\D1.csv:211:draw,data\historical_csv\football-data\2425\D1.csv:211,data\historical_csv\football-data\2425\D1.csv,211,2025-03-01,D1,Heidenheim,M'gladbach,draw,0.2714877791384305,0.2651305594949955,3.793,3.85,0.5640212164517822,0.004357219643434968,5,0.0,1XB,3.0-4.0,sportsbook,0.26364355391510674,1.0297531462720668,0.006357219643434997,0.016049413558365883,1.3331572627067618,0.07370561422151721,0.3619359044945279,0.2,1.5027682573161005,draw:3.0-4.0,draw:sportsbook,sportsbook:3.0-4.0,0.309727549940415,0.2714877791384305,0.4187846709211545,1.0815055989954008,0.4187846709211545,-0.14729689178272404,0.1090571209807395,0.004357219643434968,6.353591160220984,0.014184101000821236,0.01538017551504317,0.007690087757521585,0.007690087757521585,away,2.790427681159187,2.790427681159187,2.790427681159187,2.790427681159187,0.1,0.2710003366231457,0.2673599497056414,0.2673909898396583,0.9914733969986358,,,0.0,lower_clv,True,0.27912750989482865,3.582592057575357,5.873064503108516,True,away,False,-0.1
2025-03,data\historical_csv\football-data\2425\N1.csv:216:draw,data\historical_csv\football-data\2425\N1.csv:216,data\historical_csv\football-data\2425\N1.csv,216,2025-03-02,N1,Heracles,Zwolle,draw,0.2925455205583096,0.2798723846167155,3.5284,3.58,-1.2498278118381112,0.010673135941594133,5,0.0,1XB,3.0-4.0,sportsbook,0.28341457884593585,1.0322176147379396,0.012673135941594138,0.03648367584376252,1.2608445104024748,0.08558288159873235,0.368854413638779,0.2,1.4624192268450242,draw:3.0-4.0,draw:sportsbook,sportsbook:3.0-4.0,0.41917889724482305,0.2925455205583096,0.2882755821968673,1.082604400274505,0.41917889724482305,-0.12663337668651342,0.13090331504795577,0.010673135941594133,5.294117647058827,0.05152482909327416,0.02690309233394489,0.013451546166972445,0.013451546166972445,home,2.664960579134223,2.664960579134223,2.664960579134223,2.664960579134223,0.11,0.29096746564769926,0.2895488370735782,0.2895609331562361,0.9914733969986358,,,0.0,lower_clv,True,0.28478317061976227,3.511443453009319,0.48289392147691235,True,home,False,-0.11
2025-03,data\historical_csv\football-data\2425\P1.csv:220:away,data\historical_csv\football-data\2425\P1.csv:220,data\historical_csv\football-data\2425\P1.csv,220,2025-03-08,P1,Estoril,Farense,away,0.2608738056808538,0.2508444300335704,4.153149999999999,4.299999999999999,4.179454459392251,0.008029375647283375,5,0.025,BFE,4.0-5.0,exchange,0.2407810938685095,1.0834480460634377,0.0100293756472834,0.030778773002247316,1.423867082464937,0.06805514249041186,0.3714496245863222,0.2,3.5358703634590594,away:4.0-5.0,away:exchange,exchange:4.0-5.0,0.4459023777589497,0.2932238165601965,0.2608738056808538,1.0704089199447122,0.4459023777589497,-0.18502857207809592,0.18502857207809592,0.008029375647283375,10.98684210526315,0.012347859161051966,0.031152235737881617,0.015576117868940809,0.015576117868940809,home,4.035524269144776,4.035524269144776,4.035524269144776,4.035524269144776,0.13,0.25049787334708545,0.25620804438718847,0.2561593560256596,0.9914733969986358,,,0.0,lower_clv,True,0.3047696474593024,3.2811666395799324,26.575406134560154,True,draw,False,-0.13
2025-03,data\historical_csv\football-data\2425\E2.csv:422:away,data\historical_csv\football-data\2425\E2.csv:422,data\historical_csv\football-data\2425\E2.csv,422,2025-03-08,E2,Stevenage,Mansfield,away,0.2418305237738741,0.2339819074612719,4.4398,4.6,3.8832872746555003,0.005848616312602193,5,0.025,BFE,4.0-5.0,exchange,0.22523537096265597,1.0736791594512463,0.007848616312602197,0.024184772961377683,1.4906093303845298,0.058482002228746284,0.3604748351091146,0.2,3.6082706428217426,away:4.0-5.0,away:exchange,exchange:4.0-5.0,0.4678820856159939,0.29028739061013203,0.2418305237738741,1.057709269295244,0.4678820856159939,-0.22605156184211983,0.22605156184211983,0.010944904767991823,6.19885795019719,0.01066053511705678,0.026732281788351825,0.013366140894175899,0.013366140894175926,home,3.5315842147765526,3.5315842147765526,3.5315842147765526,3.5315842147765526,0.1,0.23318974776966656,0.23626184595340702,0.23623565139181305,0.9914733969986358,,,0.0,lower_clv,True,0.25823449411782784,3.8724493542823044,14.650950698433206,True,draw,False,-0.1
2025-03,data\historical_csv\football-data\2425\D1.csv:223:draw,data\historical_csv\football-data\2425\D1.csv:223,data\historical_csv\football-data\2425\D1.csv,223,2025-03-08,D1,Wolfsburg,St Pauli,draw,0.259229709269307,0.2528225773832557,3.9792,4.04,0.6031599923451036,0.004407131886051281,5,0.0,1XB,3.0-4.0,sportsbook,0.25130679533574585,1.0315268591244264,0.006407131886051298,0.017000875009556972,1.3810807940670031,0.06720004216784943,0.3580171727234129,0.2,1.5279453156413325,draw:3.0-4.0,draw:sportsbook,sportsbook:3.0-4.0,0.5460173586393386,0.259229709269307,0.1947529320913543,0.9989886067982474,0.5460173586393386,-0.28678764937003165,0.35126442654798434,0.008248805226749981,6.315789473684208,0.01593407553217019,0.015587175332655412,0.007793587666327775,0.0077935876663276366,home,2.940601144432833,2.940601144432833,2.940601144432833,2.940601144432833,0.1,0.2586967258354263,0.2544827404649124,0.2545186714452204,0.9914733969986358,,,0.0,lower_clv,True,0.27096901298367737,3.6904588793709707,7.823989646464891,True,draw,True,0.3
2025-03,data\historical_csv\football-data\2425\T1.csv:243:draw,data\historical_csv\football-data\2425\T1.csv:243,data\historical_csv\football-data\2425\T1.csv,243,2025-03-09,T1,Alanyaspor,Galatasaray,draw,0.22996493482764602,0.22289223955077064,4.822,5.000000000000001,7.478637911381614,0.005072695276875378,5,0.025,BFE,4.0-5.0,exchange,0.20738282870178348,1.108890915738909,0.007072695276875374,0.022058559843818184,1.5731887797589794,0.05288387125028348,0.36177825520885765,0.2,3.691414350891753,draw:4.0-5.0,draw:exchange,exchange:4.0-5.0,0.19959128356987232,0.22996493482764602,0.5704437816024817,0.9798603655308009,0.5704437816024817,-0.34047884677483564,0.37085249803260933,0.005105544282808889,5.234899328859077,0.013496932515337345,0.03262837308430458,0.01856890836868326,0.01405946471562132,away,8.277600115239741,8.277600115239741,8.277600115239741,8.277600115239741,0.22,0.22454914996938977,0.22387868559961469,0.22388440238312232,0.9914733969986358,,,0.0,lower_clv,True,0.2189263566889847,4.567746045400275,5.566289195428409,True,away,False,-0.22
2025-03,data\historical_csv\football-data\2425\P1.csv:223:draw,data\historical_csv\football-data\2425\P1.csv:223,data\historical_csv\football-data\2425\P1.csv,223,2025-03-09,P1,Casa Pia,Sp Lisbon,draw,0.22389177675422361,0.2144173527508469,4.72645,4.9,1.3432896909240322,0.007474424003376728,5,0.025,BFE,4.0-5.0,exchange,0.21157528377534937,1.0582132882400002,0.009474424003376725,0.03338409347468688,1.5531743921750678,0.05012752769816311,0.34774297427323725,0.2,3.6718890499211954,draw:4.0-5.0,draw:exchange,exchange:4.0-5.0,0.14764405686282397,0.22389177675422361,0.6284641663829524,0.909417275044639,0.6284641663829524,-0.4045723896287288,0.48082010952012844,0.007474424003376728,10.40229885057473,0.005492922975641745,0.020925024836065037,0.010462512418032546,0.01046251241803249,away,4.306411210775147,4.306411210775147,4.306411210775147,4.306411210775147,0.12,0.22068658551508036,0.21755528592116086,0.21758198526967654,0.9914733969986358,,,0.0,lower_clv,True,0.21906827206012727,4.564786998116879,3.541523447858852,True,away,False,-0.12
2025-03,data\historical_csv\football-data\2425\T1.csv:257:draw,data\historical_csv\football-data\2425\T1.csv:257,data\historical_csv\football-data\2425\T1.csv,257,2025-03-28,T1,Konyaspor,Gaziantep,draw,0.2857112454520281,0.28059963440168345,3.597,3.65,0.9316884942855319,0.0031116110503446558,4,0.0,1XB,3.0-4.0,sportsbook,0.2780094523213789,1.027703349890945,0.005111611050344633,0.010890754563831496,1.2801001647134869,0.08163091577774904,0.36573901236363665,0.25,1.4734500973033082,draw:3.0-4.0,draw:sportsbook,sportsbook:3.0-4.0,0.4480307910627605,0.2857112454520281,0.2662579634852114,1.069988845029965,0.4480307910627605,-0.16231954561073242,0.1817728275775491,0.005724133973078523,7.709332349686471,0.025684029806603448,0.018599157539940236,0.009299578769970063,0.009299578769970174,home,2.762171707796492,2.762171707796492,2.762171707796492,2.762171707796492,0.11,0.28568855075840005,0.28233878797907075,0.2823673500764388,0.9914733969986358,,,0.0,lower_clv,True,0.2859373373402447,3.4972697490362115,2.8516602412860026,True,home,False,-0.11
2025-03,data\historical_csv\football-data\2425\SP1.csv:287:home,data\historical_csv\football-data\2425\SP1.csv:287,data\historical_csv\football-data\2425\SP1.csv,287,2025-03-30,SP1,Ath Bilbao,Osasuna,home,0.6609839871423582,0.6540608727220434,1.5390000000000001,1.55,0.6599683119224764,0.004923114420314784,4,0.0,1XB,1.5-2.0,sportsbook,0.649772579597141,1.0172543562120893,0.006923114420314791,0.007448159889014796,0.43113285485674224,0.4368998312586091,0.2849719133912771,0.25,0.7147498375568384,home:1.5-2.0,home:sportsbook,sportsbook:1.5-2.0,0.6609839871423582,0.21592391873445793,0.12309209412318399,0.8624948986476233,0.6609839871423582,0.0,0.5378918930191742,0.004923114420314784,5.585831062670299,0.013261429045682949,0.02426648085159666,0.01213324042579824,0.01213324042579842,home,0.6020864728412696,0.6020864728412696,0.6020864728412696,0.6020864728412696,0.11,0.6536847724031272,0.6790207206118802,0.6788046910398411,0.9914733969986358,,,0.0,lower_clv,True,0.6438212280913272,1.5532262006405109,-0.9159129967447277,False,draw,False,-0.11
2025-03,data\historical_csv\football-data\2425\I1.csv:300:draw,data\historical_csv\football-data\2425\I1.csv:300,data\historical_csv\football-data\2425\I1.csv,300,2025-03-31,I1,Verona,Parma,draw,0.30913517334902385,0.2955169327368174,3.352,3.4,-0.9427241466188119,0.011618240612206463,4,0.0,1XB,3.0-4.0,sportsbook,0.2983293556085919,1.036221101065928,0.013618240612206456,0.037583043321599265,1.2095571826198366,0.09556455540153103,0.3739166693247401,0.25,1.4319809069212486,draw:3.0-4.0,draw:sportsbook,sportsbook:3.0-4.0,0.3939147242923127,0.30913517334902385,0.2969501023586634,1.0904508243661941,0.3939147242923127,-0.08477955094328887,0.0969646219336493,0.011618240612206463,6.457925636007822,0.01478091236494583,0.01930153194421791,0.00965076597210901,0.009650765972108899,home,3.0614970051522707,3.0614970051522707,3.0614970051522707,3.0614970051522707,0.13,0.307462699896039,0.30708148885038894,0.30708473928563496,0.9914733969986358,,,0.0,lower_clv,True,0.32102126070203285,3.115058478722333,7.60632658732141,True,draw,True,0.31
2025-04,data\historical_csv\football-data\2425\F2.csv:262:draw,data\historical_csv\football-data\2425\F2.csv:262,data\historical_csv\football-data\2425\F2.csv,262,2025-04-07,F2,Dunkerque,Guingamp,draw,0.3240391668775574,0.31530467448463506,3.205,3.25,1.0551481723255485,0.006734492392922337,4,0.0,B365,3.0-4.0,sportsbook,0.31201248049922,1.0385455298425714,0.008734492392922344,0.02078295799182528,1.1647120903726333,0.1050013816707015,0.37741233541656644,0.25,1.4040561622464809,draw:3.0-4.0,draw:sportsbook,sportsbook:3.0-4.0,0.40219031295487306,0.3240391668775574,0.2737705201675695,1.0861438790660705,0.40219031295487306,-0.07815114607731566,0.1284197927873036,0.03186088118186058,1.7612524461839474,0.06119370825253179,0.03408992829887719,0.023296190809895423,0.01079373748898177,home,2.7051376769274946,2.7051376769274946,2.7051376769274946,2.7051376769274946,0.12,0.32045284766592047,0.3223725654170339,0.3220470685063425,0.830445433708869,,,0.0,lower_clv,True,0.2947194803105286,3.393057014576569,-5.542406560475587,False,home,False,-0.12
2025-04,data\historical_csv\football-data\2425\I1.csv:318:draw,data\historical_csv\football-data\2425\I1.csv:318,data\historical_csv\football-data\2425\I1.csv,318,2025-04-13,I1,Verona,Genoa,draw,0.33058615148896725,0.3264815337074587,3.1069999999999998,3.15,1.4378125229074001,0.0021046177815085693,4,0.0,1XB,3.0-4.0,sportsbook,0.321853878339234,1.0271311726762211,0.004104617781508557,0.00636632167448432,1.1336576304109103,0.1092872035562864,0.3747715131436448,0.25,1.3839716768587085,draw:3.0-4.0,draw:sportsbook,sportsbook:3.0-4.0,0.31501281406345105,0.33058615148896725,0.3544010344475816,1.0974358160685573,0.3544010344475816,-0.023814882958614336,0.039388220384130535,0.004613335754436923,6.7796610169491345,0.015411375918270576,0.0179440785426922,0.008972039271346127,0.008972039271346072,away,2.4354924246089253,2.4354924246089253,2.4354924246089253,2.4354924246089253,0.12,0.32969260516449606,0.3293644945278388,0.3294201271845327,0.830445433708869,,,0.0,lower_clv,True,0.3472622135923176,2.879668333779586,7.894369763133069,True,draw,True,0.25
2025-04,data\historical_csv\football-data\2425\SP1.csv:306:draw,data\historical_csv\football-data\2425\SP1.csv:306,data\historical_csv\football-data\2425\SP1.csv,306,2025-04-13,SP1,Osasuna,Girona,draw,0.30452251650148154,0.3005619000430261,3.3716,3.42,1.337450218506664,0.001960616458455494,4,0.0,1XB,3.0-4.0,sportsbook,0.2965950883853363,1.026728116636395,0.003960616458455468,0.0064383300157246515,1.21538740914119,0.0927339630563951,0.37011283235589093,0.25,1.4355202277850365,draw:3.0-4.0,draw:sportsbook,sportsbook:3.0-4.0,0.3879245757424332,0.30452251650148154,0.30755290775608524,1.0920615183010152,0.3879245757424332,-0.08340205924095168,0.08037166798634798,0.003729714028524476,6.874999999999987,0.014428630789961261,0.01628374647483516,0.008141873237417552,0.008141873237417607,home,2.2977449341834935,2.2977449341834935,2.2977449341834935,2.2977449341834935,0.1,0.30341008700374744,0.301566444771966,0.3018790427309717,0.830445433708869,,,0.0,lower_clv,True,0.30895876590134075,3.2366778689144824,4.168537511296044,True,home,False,-0.1
2025-04,data\historical_csv\football-data\2425\SP1.csv:311:draw,data\historical_csv\football-data\2425\SP1.csv:311,data\historical_csv\football-data\2425\SP1.csv,311,2025-04-18,SP1,Espanol,Getafe,draw,0.35198488231536196,0.3483335326457371,2.9208,2.96,1.7412582151668854,0.0016513496696248745,4,0.0,1XB,2.0-3.0,sportsbook,0.3423719528896193,1.028077444266709,0.0036513496696248815,0.004691535780634302,1.07185755135929,0.12389335737855921,0.37727765407403174,0.25,1.342098055327301,draw:2.0-3.0,draw:sportsbook,sportsbook:2.0-3.0,0.33703220716637194,0.35198488231536196,0.31098291051826615,1.0973128458557997,0.35198488231536196,0.0,0.02604929664810579,0.0033212327545601873,5.941302791696512,0.015614091666759311,0.019340976908928997,0.010045840612149692,0.009295136296779305,draw,2.2919610084767847,2.2919610084767847,2.2919610084767847,2.2919610084767847,0.12,0.3502189845538099,0.35225344520174035,0.3519084931089441,0.830445433708869,,,0.0,lower_clv,True,0.36126089757028124,2.76808258719851,5.517082962327735,True,home,False,-0.12
2025-04,data\historical_csv\football-data\2425\SP1.csv:316:draw,data\historical_csv\football-data\2425\SP1.csv:316,data\historical_csv\football-data\2425\SP1.csv,316,2025-04-20,SP1,Valladolid,Osasuna,draw,0.28041262277854095,0.2663406284665889,3.695,3.75,-1.5871377815954046,0.012071994311952076,4,0.0,1XB,3.0-4.0,sportsbook,0.2706359945872801,1.0361246411667089,0.014071994311952052,0.04305082343417212,1.3069805544001651,0.0786312390135403,0.36649384517990186,0.25,1.4884979702300516,draw:3.0-4.0,draw:sportsbook,sportsbook:3.0-4.0,0.20291853725477388,0.28041262277854095,0.5166688399666852,1.0213716718042107,0.5166688399666852,-0.23625621718814427,0.31375030271191134,0.012071994311952076,6.082036775106081,0.016196741854636487,0.01799624641821168,0.00899812320910584,0.00899812320910584,away,2.6197085518084156,2.6197085518084156,2.6197085518084156,2.6197085518084156,0.1,0.2777258688817549,0.2759545646950792,0.2762548974082206,0.830445433708869,,,0.0,lower_clv,True,0.26953393753914306,3.710107933457452,-0.4072100792866462,False,away,False,-0.1
2025-04,data\historical_csv\football-data\2425\F1.csv:269:draw,data\historical_csv\football-data\2425\F1.csv:269,data\historical_csv\football-data\2425\F1.csv,269,2025-04-20,F1,Reims,Toulouse,draw,0.2911339604171674,0.287128327061014,3.5382,3.59,1.5917446807279578,0.002005633356153378,4,0.0,1XB,3.0-4.0,sportsbook,0.28262958566502744,1.0300901787480217,0.004005633356153393,0.006889039510469667,1.2636181232523764,0.08475898290818479,0.3678821486773727,0.25,1.4640212537448516,draw:3.0-4.0,draw:sportsbook,sportsbook:3.0-4.0,0.288479745125877,0.2911339604171674,0.4203862944569557,1.0821679080906321,0.4203862944569557,-0.1292523340397883,0.1319065493310787,0.002005633356153378,8.132530120481917,0.014767070880544075,0.01663595981519811,0.008317979907598999,0.00831797990759911,away,2.49941697719446,2.49941697719446,2.49941697719446,2.49941697719446,0.1,0.2896936775117135,0.28733005181199417,0.28773081534238465,0.830445433708869,,,0.0,lower_clv,True,0.27158305265023935,3.682114882506527,-3.908484311292315,False,home,False,-0.1
2025-04,data\historical_csv\football-data\2425\SP1.csv:318:draw,data\historical_csv\football-data\2425\SP1.csv:318,data\historical_csv\football-data\2425\SP1.csv,318,2025-04-20,SP1,Sevilla,Alaves,draw,0.31594099099890705,0.3087502993956149,3.2442,3.29,0.16477212992538348,0.005190691603292145,4,0.0,1XB,3.0-4.0,sportsbook,0.308242401824795,1.0249757629986542,0.007190691603292165,0.016429307216138035,1.1768687866338772,0.09981870979337146,0.3718210907247884,0.25,1.4117502003575533,draw:3.0-4.0,draw:sportsbook,sportsbook:3.0-4.0,0.45868235992843087,0.31594099099890705,0.22537664907266203,1.057330175405228,0.45868235992843087,-0.14274136892952383,0.23330571085576884,0.008697846510258862,6.129032258064515,0.014851841714804248,0.016437797244471253,0.008218898622235696,0.008218898622235557,home,2.1800919005080392,2.1800919005080392,2.1800919005080392,2.1800919005080392,0.1,0.3149623694609088,0.3137322649198777,0.313940834761825,0.830445433708869,,,0.0,lower_clv,True,0.32043770941794897,3.1207313328272908,3.956401689371014,True,draw,True,0.22
2025-04,data\historical_csv\football-data\2425\B1.csv:283:draw,data\historical_csv\football-data\2425\B1.csv:283,data\historical_csv\football-data\2425\B1.csv,283,2025-04-27,B1,Gent,Anderlecht,draw,0.30571823602085085,0.28699873916516905,3.4793999999999996,3.53,-0.14165869487109406,0.016719496855681797,4,0.0,1XB,3.0-4.0,sportsbook,0.28740587457607636,1.0637160304109483,0.018719496855681805,0.054689236315433536,1.2468598651283127,0.09346363983570066,0.3811877985322238,0.25,1.4542737253549598,draw:3.0-4.0,draw:sportsbook,sportsbook:3.0-4.0,0.3170693225256609,0.30571823602085085,0.37721244145348826,1.0942629663174062,0.37721244145348826,-0.0714942054326374,0.060143118927827366,0.016719496855681797,7.25408279529054,0.046655934065398474,0.03505993298153581,0.01752996649076788,0.017529966490767934,away,4.729248893409768,4.729248893409768,4.729248893409768,4.729248893409768,0.19,0.30099801371906015,0.3028394279120507,0.3025272077271959,0.830445433708869,,,0.0,lower_clv,True,0.2851052755817808,3.507476310143394,-0.800470414075205,False,away,False,-0.19
2025-04,data\historical_csv\football-data\2425\I1.csv:332:draw,data\historical_csv\football-data\2425\I1.csv:332,data\historical_csv\football-data\2425\I1.csv,332,2025-04-27,I1,Como,Genoa,draw,0.27723690238614107,0.2709696497677208,3.7342,3.79,1.185486616262299,0.004267252618420267,4,0.0,1XB,3.0-4.0,sportsbook,0.26779497616624715,1.035258040890328,0.00626725261842026,0.015392080136852608,1.3175336055490983,0.07686030004466271,0.36526893559207585,0.25,1.4942959670076528,draw:3.0-4.0,draw:sportsbook,sportsbook:3.0-4.0,0.5183642028595202,0.27723690238614107,0.20439889475433878,1.02078818432408,0.5183642028595202,-0.24112730047337916,0.3139653081051814,0.005826854920270128,7.670454545454541,0.014107747714796393,0.01705523693823241,0.008527618469116163,0.008527618469116247,home,2.7749599546536934,2.7749599546536934,2.7749599546536934,2.7749599546536934,0.1,0.2752261795154349,0.27258967088475194,0.2730367029621502,0.830445433708869,,,0.0,lower_clv,True,0.2654009631610974,3.767883839189399,-0.8939723363830088,False,home,False,-0.1
2025-05,data\historical_csv\football-data\2425\I2.csv:357:draw,data\historical_csv\football-data\2425\I2.csv:357,data\historical_csv\football-data\2425\I2.csv,357,2025-05-04,I2,Frosinone,Cittadella,draw,0.34041822969714697,0.33171421028220593,3.0873999999999997,3.13,2.413445282528248,0.006704019414941007,4,0.0,1XB,3.0-4.0,sportsbook,0.3238971302714258,1.0510072423669714,0.008704019414941033,0.019693479461735164,1.1273293127656037,0.11588457111013951,0.3837634489373681,0.25,1.3798017749562907,draw:3.0-4.0,draw:sportsbook,sportsbook:3.0-4.0,0.4192169460123815,0.34041822969714697,0.24036482429047154,1.073944721135856,0.4192169460123815,-0.07879871631523455,0.17885212172190998,0.006704019414941007,10.483586304271086,0.05143957756754114,0.036559762974316345,0.018279881487158103,0.018279881487158242,home,4.071245515059898,2.2658517686950708,2.2658517686950708,2.2658517686950708,0.11,0.3312361591264335,0.33971700641541575,0.33964682396515933,0.9917245945051307,,,0.0,lower_clv,True,0.2824816733170845,3.540052663443069,-12.786608180083336,False,draw,True,0.23
2025-05,data\historical_csv\football-data\2425\I2.csv:364:away,data\historical_csv\football-data\2425\I2.csv:364,data\historical_csv\football-data\2425\I2.csv,364,2025-05-09,I2,Juve Stabia,Reggiana,away,0.25915176288254793,0.25120144955097484,4.535349999999999,4.7,13.928649422101369,0.0059503133315730984,4,0.025,BFE,4.0-5.0,exchange,0.22049014960256655,1.1753439477893637,0.007950313331573089,0.022960728745919756,1.511902258097338,0.06715963620513235,0.39181213549203014,0.25,3.630370313206277,away:4.0-5.0,away:exchange,exchange:4.0-5.0,0.39315551063841697,0.34769272647903515,0.25915176288254793,1.0842888753311979,0.39315551063841697,-0.13400374775586904,0.13400374775586904,0.01120325603220341,4.41926345609065,0.027841596466109397,0.05214909031283163,0.031192426185568334,0.020956664127263297,home,10.412175690965068,8.60678194460024,8.60678194460024,8.60678194460024,0.24,0.2394672559881823,0.2539365534473795,0.25381681414367874,0.9917245945051307,,,0.0,lower_clv,True,0.256151021892875,3.90394694743092,16.173453714185037,True,away,True,0.85
2025-05,data\historical_csv\football-data\2425\I2.csv:368:home,data\historical_csv\football-data\2425\I2.csv:368,data\historical_csv\football-data\2425\I2.csv,368,2025-05-09,I2,Pisa,Sudtirol,home,0.4924045016435983,0.4277114111150872,2.127,2.15,-9.025782855820964,0.06269309052851106,4,0.0,1XB,2.0-3.0,sportsbook,0.47014574518100616,1.0473443749959335,0.06469309052851108,0.12732030336694247,0.7547125362181001,0.24246219323888038,0.3716238502806497,0.25,1.0813352139163124,home:2.0-3.0,home:sportsbook,sportsbook:2.0-3.0,0.4924045016435983,0.30037112924950404,0.2072243691068976,1.0362750679169879,0.4924045016435983,0.0,0.2851801325367007,0.06269309052851106,1.4150943396226356,0.05154916697512113,0.05008920752595125,0.02504460376297564,0.025044603762975612,home,4.094417081260991,2.2890233348961635,2.2890233348961635,2.2890233348961635,0.2,0.4809074909962208,0.5014464633021052,0.5012764949778261,0.9917245945051307,,,0.0,lower_clv,True,0.39314651378715043,2.5435809931698903,-16.377736517473107,False,draw,False,-0.2
2025-05,data\historical_csv\football-data\2425\B1.csv:294:home,data\historical_csv\football-data\2425\B1.csv:294,data\historical_csv\football-data\2425\B1.csv,294,2025-05-09,B1,Charleroi,Westerlo,home,0.5699947746942149,0.562688733272644,1.888615,1.93,6.270238198971456,0.005306041421570892,4,0.025,BFE,1.5-2.0,exchange,0.5294885405442613,1.0765006814091147,0.007306041421570875,0.009308929936098843,0.6358437562064804,0.3248940431787088,0.36242761855963607,0.25,2.1912883250424287,home:1.5-2.0,home:exchange,exchange:1.5-2.0,0.5699947746942149,0.21680366798462902,0.21320155732115603,0.9813582083872604,0.5699947746942149,0.0,0.35679321737305886,0.005306041421570892,1.0332494370115297,0.03480138169257341,0.0692854364650568,0.03464271823252847,0.03464271823252833,home,3.8791282005756673,2.0737344542108396,2.0737344542108396,2.0737344542108396,0.23,0.5404687268406257,0.5835688660881743,0.5832121949590154,0.9917245945051307,,,0.0,lower_clv,True,0.5733803768523297,1.7440429431674522,8.28947804289626,True,home,True,0.2
2025-10,data\historical_csv\football-data\2526\F2.csv:77:away,data\historical_csv\football-data\2526\F2.csv:77,data\historical_csv\football-data\2526\F2.csv,77,2025-10-03,F2,Guingamp,Nancy,away,0.3405697924670639,0.3364942109931133,3.4989999999999997,3.55,17.739324426490334,0.002075581473950647,8,0.0,PS,3.0-4.0,sportsbook,0.2857959416976279,1.1916537038422566,0.004075581473950651,0.006094437967957401,1.2524772133855508,0.11598778354105899,0.4265559046324436,0.125,1.457559302657896,away:3.0-4.0,away:sportsbook,sportsbook:3.0-4.0,0.3794413312712877,0.2799888762616483,0.3405697924670639,1.0909666943428034,0.3794413312712877,-0.03887153880422378,0.03887153880422378,0.002563182438472104,25.308859865866552,0.03891319986191277,0.06943054726110126,0.034715273630550686,0.034715273630550575,home,11.222766231344302,11.222766231344302,11.222766231344302,11.222766231344302,0.45,0.3178701521330218,0.3390274154819822,0.3178701521330218,0.0,,,0.0,lower_clv,True,0.32081962309303025,3.1170163170163168,12.254786120251282,True,draw,False,-0.45
2025-10,data\historical_csv\football-data\2526\E2.csv:127:away,data\historical_csv\football-data\2526\E2.csv:127,data\historical_csv\football-data\2526\E2.csv,127,2025-10-04,E2,Plymouth,Wigan,away,0.3528297307895257,0.3432864996363844,2.9587749999999997,3.05,1.57075129616433,0.007543231153141246,8,0.025,BFE,2.0-3.0,exchange,0.3379777103700011,1.0439437867167787,0.009543231153141263,0.02137923903482223,1.0847753313245125,0.12448881892900916,0.3827409881183463,0.125,3.0832016628503434,away:2.0-3.0,away:exchange,exchange:2.0-3.0,0.36408110395176074,0.28308916525871364,0.3528297307895257,1.0926837295489293,0.36408110395176074,-0.011251373162235068,0.011251373162235068,0.009138054697188465,7.098214285714288,0.02459994289089429,0.032832784924060276,0.016416392462030083,0.016416392462030194,home,2.026951223876215,2.026951223876215,2.026951223876215,2.026951223876215,0.1,0.34482835370677467,0.3515972570841063,0.34482835370677467,0.0,,,0.0,lower_clv,True,0.30450436112900625,3.2840252149174973,-9.904010890052461,False,draw,False,-0.1
2025-10,data\historical_csv\football-data\2526\SP2.csv:86:away,data\historical_csv\football-data\2526\SP2.csv:86,data\historical_csv\football-data\2526\SP2.csv,86,2025-10-05,SP2,Santander,Malaga,away,0.24060572805840044,0.23068450390507741,4.5573999999999995,4.63,5.1321558096999675,0.007921224153323036,8,0.0,PS,4.0-5.0,sportsbook,0.21942335542195113,1.096536545053354,0.009921224153323027,0.03292200986753057,1.5167522854758682,0.05789111637451295,0.3649392879311641,0.125,1.5930135603633655,away:4.0-5.0,away:sportsbook,sportsbook:4.0-5.0,0.4941614546076117,0.2652328173339878,0.24060572805840044,1.0430998330993029,0.4941614546076117,-0.2535557265492112,0.2535557265492112,0.010477515949074456,10.238095238095223,0.05298174386518295,0.035490375735689667,0.02768658550985656,0.007803790225833107,home,4.038832598080478,4.038832598080478,4.038832598080478,4.038832598080478,0.11,0.2282854974285349,0.23693870831731811,0.2282854974285349,0.0,,,0.0,lower_clv,True,0.2345025053686471,4.264346764346764,6.872171796707227,True,home,False,-0.11
2025-10,data\historical_csv\football-data\2526\G1.csv:41:draw,data\historical_csv\football-data\2526\G1.csv:41,data\historical_csv\football-data\2526\G1.csv,41,2025-10-05,G1,PAOK,Olympiakos,draw,0.29799432996681363,0.29312851018075886,3.5185999999999997,3.57,3.14019759220181,0.0028658197860547906,8,0.0,PS,3.0-4.0,sportsbook,0.28420394475075317,1.0485228494212304,0.00486581978605477,0.009617027902423327,1.2580631832228086,0.0888006206923702,0.3748956953403976,0.125,1.4608082760188656,draw:3.0-4.0,draw:sportsbook,sportsbook:3.0-4.0,0.368037283271565,0.29799432996681363,0.3339683867616214,1.094921542698454,0.368037283271565,-0.07004295330475135,0.0340688965099436,0.005381795351810438,10.100231303006947,0.05561979989547794,0.032641174554550234,0.016320587277275117,0.016320587277275117,home,2.4631036341396824,2.4631036341396824,2.4631036341396824,2.4631036341396824,0.1,0.2912041824422773,0.295445652704096,0.2912041824422773,0.0,,,0.0,lower_clv,True,0.29677747468676313,3.3695279638572986,4.4241222432844785,True,home,False,-0.1
2025-10,data\historical_csv\football-data\2526\D2.csv:77:away,data\historical_csv\football-data\2526\D2.csv:77,data\historical_csv\football-data\2526\D2.csv,77,2025-10-18,D2,Paderborn,Bielefeld,away,0.23110652182038943,0.2209985245973972,4.72645,4.9,4.453847658336785,0.008107997222992235,8,0.025,BFE,4.0-5.0,exchange,0.21157528377534937,1.0923134200579796,0.010107997222992243,0.035083376960229534,1.5531743921750678,0.05341022442791814,0.3589487315560774,0.125,3.6718890499211954,away:4.0-5.0,away:exchange,exchange:4.0-5.0,0.5199393036568671,0.2489541745227433,0.23110652182038943,1.0247726905062868,0.5199393036568671,-0.2888327818364777,0.2888327818364777,0.009240982686913448,1.1052631578947425,0.0066432895545465165,0.02837171519055523,0.020847214438462894,0.007524500752092336,home,4.867122838755333,4.867122838755333,4.867122838755333,4.867122838755333,0.13,0.22187291273314078,0.2272887986117832,0.22187291273314078,0.0,,,0.0,lower_clv,True,0.20592857749146723,4.856052579887488,-2.6688874915454797,False,home,False,-0.13
2025-10,data\historical_csv\football-data\2526\D2.csv:80:away,data\historical_csv\football-data\2526\D2.csv:80,data\historical_csv\football-data\2526\D2.csv,80,2025-10-19,D2,Darmstadt,Magdeburg,away,0.24051483502637558,0.22750827714627458,4.535349999999999,4.7,3.18296647553562,0.011006557880101004,8,0.025,BFE,4.0-5.0,exchange,0.22049014960256655,1.0908189570368723,0.013006557880100994,0.045762490612664256,1.511902258097338,0.05784738586776466,0.363634922182286,0.125,3.630370313206277,away:4.0-5.0,away:exchange,exchange:4.0-5.0,0.5226957285721897,0.23678943640143466,0.24051483502637558,1.022944205654194,0.5226957285721897,-0.2821808935458141,0.2821808935458141,0.011006557880101004,2.388888888888885,0.018466149280187638,0.031606608084141674,0.015803304042070865,0.01580330404207081,home,4.347085233099439,4.347085233099439,4.347085233099439,4.347085233099439,0.12,0.23007504433637857,0.23684632063787553,0.23007504433637857,0.0,,,0.0,lower_clv,True,0.23452857712671654,4.263872711169423,6.366918227165375,True,draw,False,-0.12
2025-10,data\historical_csv\football-data\2526\B1.csv:89:away,data\historical_csv\football-data\2526\B1.csv:89,data\historical_csv\football-data\2526\B1.csv,89,2025-10-20,B1,Standard,Antwerp,away,0.2555302070719659,0.24374740038825782,4.2487,4.4,3.5609580029591026,0.009782806683708066,8,0.025,BFE,4.0-5.0,exchange,0.23536611198719606,1.0856711907866616,0.01178280668370807,0.03828434530620053,1.4466130537918354,0.06529568672624177,0.36965333318843663,0.125,3.561089274366269,away:4.0-5.0,away:exchange,exchange:4.0-5.0,0.46445596424259866,0.2800138286854354,0.2555302070719659,1.0612692720495787,0.46445596424259866,-0.20892575717063278,0.20892575717063278,0.01490918248523688,10.641025641025648,0.011072261072261114,0.030746345400496172,0.015373172700248072,0.0153731727002481,home,4.041134870793937,4.041134870793937,4.041134870793937,4.041134870793937,0.12,0.24487757401274254,0.252121659448255,0.24487757401274254,0.0,,,0.0,lower_clv,True,0.2448904683486052,4.083458236424642,4.046613287271894,True,home,False,-0.12
2025-10,data\historical_csv\football-data\2526\B1.csv:90:home,data\historical_csv\football-data\2526\B1.csv:90,data\historical_csv\football-data\2526\B1.csv,90,2025-10-24,B1,Charleroi,Anderlecht,home,0.3578313008516028,0.34767655487363786,3.0873999999999997,3.13,7.341659551686952,0.008154745977964976,8,0.0,PS,3.0-4.0,sportsbook,0.3238971302714258,1.1047683582492385,0.010154745977964952,0.02278935900397057,1.1273293127656037,0.12804323986915028,0.40339371447505934,0.125,1.3798017749562907,home:3.0-4.0,home:sportsbook,sportsbook:3.0-4.0,0.3578313008516028,0.28585256109472557,0.35631613805367157,1.0934039186612607,0.3578313008516028,0.0,0.0015151627979312354,0.010105070707465937,15.243004418262164,0.04964754805010396,0.05345406633619071,0.04037938168189523,0.013074684654295482,home,3.853099827132551,3.853099827132551,3.853099827132551,3.853099827132551,0.18,0.3363772100380014,0.35672735664897726,0.3363772100380014,0.0,,,0.0,lower_clv,True,0.3482359631268029,2.8716161048417357,7.514371255769103,True,home,True,0.38
2025-10,data\historical_csv\football-data\2526\T1.csv:84:away,data\historical_csv\football-data\2526\T1.csv:84,data\historical_csv\football-data\2526\T1.csv,84,2025-10-25,T1,Kocaelispor,Alanyaspor,away,0.32169394615266306,0.3100436026550287,3.340975,3.45,3.5847925380384504,0.009650343497634346,8,0.025,BFE,3.0-4.0,exchange,0.29931382306063353,1.0747714317473933,0.01165034349763433,0.029998523792719056,1.2062626805570393,0.10348699499127248,0.38804740180508324,0.125,3.2632689559185746,away:3.0-4.0,away:exchange,exchange:3.0-4.0,0.39675146276856693,0.2815545910787699,0.32169394615266306,1.0884761190480217,0.39675146276856693,-0.07505751661590387,0.07505751661590387,0.010708724559210823,9.66828478964401,0.07412148173017741,0.05184078950889659,0.025920394754448323,0.025920394754448267,home,3.3008459144478524,3.3008459144478524,3.3008459144478524,3.3008459144478524,0.14,0.30919371116050814,0.31969069152781665,0.30919371116050814,0.0,,,0.0,lower_clv,True,0.3041770840996449,3.2875586369695475,1.624803354981097,True,home,False,-0.14
2025-10,data\historical_csv\football-data\2526\F2.csv:99:home,data\historical_csv\football-data\2526\F2.csv:99,data\historical_csv\football-data\2526\F2.csv,99,2025-10-25,F2,Annecy,St Etienne,home,0.27113676132105435,0.25771439556229947,4.0478000000000005,4.11,4.317633035707602,0.01142236575875488,8,0.0,PS,4.0-5.0,sportsbook,0.2470477790404664,1.097507382475364,0.013422365758754884,0.042127691217900186,1.3981735236499684,0.0735151433396704,0.37909624096729905,0.125,1.5366371856317063,home:4.0-5.0,home:sportsbook,sportsbook:4.0-5.0,0.27113676132105435,0.2746063755202962,0.45425686315864944,1.0672257414168773,0.45425686315864944,-0.18312010183759508,0.18312010183759508,0.014693843301680398,12.602739726027412,0.058953085015235995,0.041373039135392725,0.04678529030297433,-0.005412251167581608,away,3.2866989495505408,3.2866989495505408,3.2866989495505408,3.2866989495505408,0.11,0.2551674957990773,0.26802437388926204,0.2551674957990773,0.0,,,0.0,lower_clv,True,0.22891014742396912,4.3685263028024695,-7.341750525725765,False,home,True,0.34
2025-10,data\historical_csv\football-data\2526\SC0.csv:53:away,data\historical_csv\football-data\2526\SC0.csv:53,data\historical_csv\football-data\2526\SC0.csv,53,2025-10-25,SC0,Livingston,Motherwell,away,0.4537152550627602,0.44630953247182975,2.2935999999999996,2.32,2.3655543677388646,0.005405722590930451,8,0.0,PS,2.0-3.0,sportsbook,0.43599581444018143,1.0406413090119466,0.007405722590930475,0.011914350532874861,0.8301226355870228,0.20585753267666557,0.3766393033387368,0.125,1.1510289501220905,away:2.0-3.0,away:sportsbook,sportsbook:2.0-3.0,0.27811623946998765,0.2681685054672522,0.4537152550627602,1.0674216377475356,0.4537152550627602,0.0,0.17559901559277258,0.005405722590930451,9.874496803220435,0.04960100963624181,0.043050174902439564,0.021525087451219782,0.021525087451219782,away,1.6421788649676028,1.6421788649676028,1.6421788649676028,1.6421788649676028,0.13,0.4431556455570615,0.4552168733575373,0.4431556455570615,0.0,,,0.0,lower_clv,True,0.42593103472406396,2.3477979261310273,-2.3084578756887075,False,away,True,0.17
2025-10,data\historical_csv\football-data\2526\SP2.csv:118:away,data\historical_csv\football-data\2526\SP2.csv:118,data\historical_csv\football-data\2526\SP2.csv,118,2025-10-26,SP2,Malaga,Andorra,away,0.3006769352956935,0.29412970211070516,3.6557999999999997,3.71,7.527936497631593,0.0045472331849883176,8,0.0,PS,3.0-4.0,sportsbook,0.2735379397122381,1.0992147400539962,0.006547233184988344,0.015123318922073123,1.2963149475003666,0.09040661941881066,0.38977200559240804,0.125,1.4825756332403461,away:3.0-4.0,away:sportsbook,sportsbook:3.0-4.0,0.4160609492413555,0.283262115462951,0.3006769352956935,1.083484691013724,0.4160609492413555,-0.115384013945662,0.115384013945662,0.013045976486639665,12.424242424242426,0.0492858258183575,0.04379575731397384,0.021897878656986947,0.02189787865698689,home,4.728386185450343,4.728386185450343,4.728386185450343,4.728386185450343,0.18,0.28647186986555706,0.2981879137260451,0.28647186986555706,0.0,,,0.0,lower_clv,True,0.2581814048222809,3.8732456378427007,-5.614042025070553,False,home,False,-0.18
2025-10,data\historical_csv\football-data\2526\SP2.csv:119:away,data\historical_csv\football-data\2526\SP2.csv:119,data\historical_csv\football-data\2526\SP2.csv,119,2025-10-26,SP2,Almeria,Castellon,away,0.2682081161683699,0.260297829288861,4.087,4.15,6.3837228303574856,0.005910286879508872,8,0.0,PS,4.0-5.0,sportsbook,0.24467824810374358,1.0961665707801278,0.007910286879508899,0.02203619697995507,1.4078112045821403,0.07193559357858581,0.37758639110169945,0.125,1.5414729630536028,away:4.0-5.0,away:sportsbook,sportsbook:4.0-5.0,0.48391706787201594,0.24787481595961414,0.2682081161683699,1.0499505367698228,0.48391706787201594,-0.215708951703646,0.215708951703646,0.008905542729422209,12.162162162162172,0.054546649011115944,0.03970816725890569,0.02013757113625325,0.01957059612265244,home,4.1416681943604745,4.1416681943604745,4.1416681943604745,4.1416681943604745,0.13,0.2548120092839748,0.26503826422542703,0.2548120092839748,0.0,,,0.0,lower_clv,True,0.26588444355266444,3.761032374208562,8.666972079973956,True,home,False,-0.13
2025-10,data\historical_csv\football-data\2526\B1.csv:95:away,data\historical_csv\football-data\2526\B1.csv:95,data\historical_csv\football-data\2526\B1.csv,95,2025-10-26,B1,Cercle Brugge,Waregem,away,0.23695068698475075,0.2278776260830548,4.535349999999999,4.7,3.3504791455782446,0.007073060901695927,8,0.025,BFE,4.0-5.0,exchange,0.22049014960256655,1.0746542982162892,0.009073060901695934,0.02985034984157325,1.511902258097338,0.056145628062545326,0.3582462787099602,0.125,3.630370313206277,away:4.0-5.0,away:exchange,exchange:4.0-5.0,0.5197148913126315,0.24333442170261774,0.23695068698475075,1.0252354679591624,0.5197148913126315,-0.28276420432788074,0.28276420432788074,0.007073060901695927,11.024096385542158,0.046099290780141855,0.03356085647627616,0.016780428238138093,0.016780428238138065,home,3.716182929546453,3.716182929546453,3.716182929546453,3.716182929546453,0.11,0.22868396690342854,0.23322435502729413,0.22868396690342854,0.0,,,0.0,lower_clv,True,0.26911203922280735,3.715924426450742,22.051728708915917,True,draw,False,-0.11
2025-10,data\historical_csv\football-data\2526\T1.csv:91:away,data\historical_csv\football-data\2526\T1.csv:91,data\historical_csv\football-data\2526\T1.csv,91,2025-10-27,T1,Samsunspor,Rizespor,away,0.24361228438114552,0.239091889228562,4.535349999999999,4.7,8.436539981275848,0.002520395152583516,8,0.025,BFE,4.0-5.0,exchange,0.22049014960256655,1.1048669739680281,0.004520395152583512,0.010345927993681189,1.511902258097338,0.059346945101400116,0.3683179628561048,0.125,3.630370313206277,away:4.0-5.0,away:exchange,exchange:4.0-5.0,0.4834241864635112,0.27296352915534317,0.24361228438114552,1.0498263321050092,0.4834241864635112,-0.2398119020823657,0.2398119020823657,0.005102089515331388,12.378048780487806,1.16440342888626,0.1453099278947248,0.11182811628954925,0.03348181160517555,home,6.293154317913813,6.293154317913813,6.293154317913813,6.293154317913813,0.18,0.2343659349728551,0.239995261787277,0.2343659349728551,0.0,,,0.0,lower_clv,True,0.23117720999479804,4.3256859100536,4.846955934990715,True,draw,False,-0.18
2025-10,data\historical_csv\football-data\2526\F2.csv:111:away,data\historical_csv\football-data\2526\F2.csv:111,data\historical_csv\football-data\2526\F2.csv,111,2025-10-31,F2,Guingamp,Laval,away,0.2391304347826087,0.22523892862392947,4.72645,4.9,6.458053419457133,0.011891506158679246,7,0.025,BFE,4.0-5.0,exchange,0.21157528377534937,1.1302380434782608,0.013891506158679234,0.04972811666356776,1.5531743921750678,0.057183364839319475,0.371411267694038,0.14285714285714285,3.6718890499211954,away:4.0-5.0,away:exchange,exchange:4.0-5.0,0.4782608695652174,0.2826086956521739,0.2391304347826087,1.052030013409421,0.4782608695652174,-0.2391304347826087,0.2391304347826087,0.01842315706945961,14.345238095238088,0.016333994737791624,0.03832869666332725,0.01916434833166361,0.01916434833166364,home,6.804304235788428,6.804304235788428,6.804304235788428,6.804304235788428,0.18,0.22597150977115682,0.23543927874050893,0.22597150977115682,0.0,,,0.0,lower_clv,True,0.20296555870670746,4.926944287355846,-4.069343505068257,False,home,False,-0.18
2025-10,data\historical_csv\football-data\2526\T1.csv:92:away,data\historical_csv\football-data\2526\T1.csv:92,data\historical_csv\football-data\2526\T1.csv,92,2025-10-31,T1,Buyuksehyr,Kocaelispor,away,0.22111544769312239,0.21528341116845953,4.917549999999999,5.1,5.8666938591457995,0.0038320365246628445,7,0.025,BFE,4.0-5.0,exchange,0.20335329584854248,1.0873462698033138,0.005832036524662854,0.017330478556076192,1.5928104389975604,0.04889204120852994,0.3521949933092244,0.14285714285714285,3.710180882756653,away:4.0-5.0,away:exchange,exchange:4.0-5.0,0.5114626516086438,0.2674219006982338,0.22111544769312239,1.029314760912644,0.5114626516086438,-0.2903472039155214,0.2903472039155214,0.007211513226444152,15.415704387990758,0.0076854427144255055,0.026532472628633952,0.013266236314317004,0.013266236314316948,home,5.090174747424654,5.090174747424654,5.090174747424654,5.090174747424654,0.13,0.21370433396188077,0.21715174178343352,0.21370433396188077,0.0,,,0.0,lower_clv,True,0.2600948095056724,3.8447518499141413,27.902923048461915,True,home,False,-0.13
2025-11,data\historical_csv\football-data\2526\B1.csv:104:away,data\historical_csv\football-data\2526\B1.csv:104,data\historical_csv\football-data\2526\B1.csv,104,2025-11-02,B1,St Truiden,Antwerp,away,0.277940908734857,0.2698996094017852,3.962049999999999,4.1,6.9355747430342785,0.006041299333071819,6,0.025,BFE,3.0-4.0,exchange,0.2523945937078028,1.1012157774529399,0.008041299333071794,0.021735912718177604,1.3767615680856737,0.0772511487483581,0.38265836134495884,0.16666666666666666,3.481783420199158,away:3.0-4.0,away:exchange,exchange:3.0-4.0,0.45592172437141837,0.26613736689372464,0.277940908734857,1.0662546193196163,0.45592172437141837,-0.17798081563656137,0.17798081563656137,0.006152734966592408,11.73611111111108,0.01919440469204181,0.03863186435476404,0.019315932177382034,0.019315932177382006,home,5.569887987653396,5.569887987653396,5.569887987653396,5.569887987653396,0.19,0.2664526898642203,0.27202271977785764,0.2664526898642203,0.0,,,0.0,lower_clv,True,0.28231985151007044,3.5420817723274047,11.856536767547432,True,home,False,-0.19
2025-11,data\historical_csv\football-data\2526\SP2.csv:133:away,data\historical_csv\football-data\2526\SP2.csv:133,data\historical_csv\football-data\2526\SP2.csv,133,2025-11-05,SP2,Sociedad B,Huesca,away,0.37391681894744455,0.3647450956592896,2.8718000000000004,2.91,4.747496571434806,0.00717172328815498,8,0.0,PS,2.0-3.0,sportsbook,0.3482136639041716,1.0738143206532713,0.009171723288154965,0.019179996525277975,1.0549390108781396,0.13981378749177603,0.39445943913111753,0.125,1.3301761961139302,away:2.0-3.0,away:sportsbook,sportsbook:2.0-3.0,0.31224572825819524,0.31383745279436026,0.37391681894744455,1.094973185932121,0.37391681894744455,0.0,0.06167109068924931,0.00717172328815498,10.310841546626248,0.03330598461337231,0.04135065093823853,0.020675325469119266,0.020675325469119266,away,3.5690807165125085,3.5690807165125085,3.5690807165125085,3.5690807165125085,0.19,0.36064169063483703,0.37447838670886346,0.36064169063483703,0.0,,,0.0,lower_clv,True,0.3810818148935345,2.624108422175372,9.439075601125246,True,home,False,-0.19
2025-11,data\historical_csv\football-data\2526\D2.csv:104:away,data\historical_csv\football-data\2526\D2.csv:104,data\historical_csv\football-data\2526\D2.csv,104,2025-11-08,D2,Hannover,Darmstadt,away,0.2853043251844767,0.2747705301769943,3.818725,3.95,4.927309285014259,0.00853379500748234,7,0.025,BFE,3.0-4.0,exchange,0.26186750813425946,1.0894987591900906,0.01053379500748236,0.029911200967473663,1.3399165972714946,0.08139855796896961,0.382284000588024,0.14285714285714285,3.4376657130325006,away:3.0-4.0,away:exchange,exchange:3.0-4.0,0.45902923606413326,0.25566643875139017,0.2853043251844767,1.0639462818367447,0.45902923606413326,-0.17372491087965658,0.17372491087965658,0.011691464723403353,10.750000000000014,0.012574052905634847,0.035283542768063614,0.017641771384031724,0.01764177138403189,home,4.596938629640786,4.596938629640786,4.596938629640786,4.596938629640786,0.16,0.273905396774161,0.27982545035898004,0.273905396774161,0.0,,,0.0,lower_clv,True,0.2814697538643365,3.5527796016121242,7.485558582558838,True,away,True,0.45
2025-11,data\historical_csv\football-data\2526\B1.csv:109:away,data\historical_csv\football-data\2526\B1.csv:109,data\historical_csv\football-data\2526\B1.csv,109,2025-11-08,B1,Antwerp,RAAL La Louviere,away,0.2796610169491525,0.2746487044340094,3.8665,4.0,6.192921569409737,0.0030123125151431027,7,0.025,BFE,3.0-4.0,exchange,0.258631837579206,1.081309322033898,0.005012312515143114,0.010771299296572308,1.352349705066953,0.07821028440103417,0.3781994937899106,0.14285714285714285,3.452735031682397,away:3.0-4.0,away:exchange,exchange:3.0-4.0,0.43220338983050843,0.288135593220339,0.2796610169491525,1.0774294157005464,0.43220338983050843,-0.15254237288135591,0.15254237288135591,0.006459576134611346,15.441176470588225,0.02200577200577203,0.03504400318282708,0.01752200159141354,0.01752200159141354,home,4.574367760893544,4.574367760893544,4.574367760893544,4.574367760893544,0.16,0.27046260897683577,0.27384432460091396,0.27046260897683577,0.0,,,0.0,lower_clv,True,0.2580078327602541,3.8758513232007945,-0.24127146324777193,False,home,False,-0.16
2025-11,data\historical_csv\football-data\2526\B1.csv:107:away,data\historical_csv\football-data\2526\B1.csv:107,data\historical_csv\football-data\2526\B1.csv,107,2025-11-08,B1,Cercle Brugge,Oud-Heverlee Leuven,away,0.2777651820408236,0.2746541114915779,3.8665,4.0,6.195012208218609,0.001111070549245704,7,0.025,BFE,3.0-4.0,exchange,0.258631837579206,1.0739790763608446,0.003111070549245698,0.004000035357499948,1.352349705066953,0.07715349635417189,0.37563566201077636,0.14285714285714285,3.452735031682397,away:3.0-4.0,away:exchange,exchange:3.0-4.0,0.45960397506493045,0.26263084289424593,0.2777651820408236,1.06424197015858,0.45960397506493045,-0.18183879302410683,0.18183879302410683,0.0075769777867637075,15.441176470588225,0.01581576026637066,0.03165756117220847,0.015828780586104235,0.015828780586104235,home,4.247427494558873,4.247427494558873,4.247427494558873,4.247427494558873,0.15,0.269617037358228,0.2718366636710497,0.269617037358228,0.0,,,0.0,lower_clv,True,0.27481120612172527,3.6388617993876804,6.255752846965068,True,away,True,0.43
2025-11,data\historical_csv\football-data\2526\I2.csv:114:away,data\historical_csv\football-data\2526\I2.csv:114,data\historical_csv\football-data\2526\I2.csv,114,2025-11-08,I2,Mantova,Padova,away,0.29831564801396165,0.2829277652988933,3.5798500000000004,3.7,1.2838960605243255,0.013387882715068345,7,0.025,BFE,3.0-4.0,exchange,0.27934131318351324,1.0679252725427808,0.015387882715068357,0.04487824492009809,1.2753209000934622,0.08899222584998986,0.38044818073713005,0.14285714285714285,3.3562858778999116,away:3.0-4.0,away:exchange,exchange:3.0-4.0,0.41465002009129687,0.28703433189474153,0.29831564801396165,1.0841313207789531,0.41465002009129687,-0.11633437207733521,0.11633437207733521,0.013387882715068345,11.769230769230777,0.025248146376464886,0.034701155049027654,0.017350577524513827,0.017350577524513827,home,2.72539014564203,2.72539014564203,2.72539014564203,2.72539014564203,0.11,0.28695445380572376,0.29364232403080104,0.28695445380572376,0.0,,,0.0,lower_clv,True,0.28750158411589033,3.478241704563636,2.921254589727007,True,home,False,-0.11
2025-11,data\historical_csv\football-data\2526\B1.csv:111:away,data\historical_csv\football-data\2526\B1.csv:111,data\historical_csv\football-data\2526\B1.csv,111,2025-11-09,B1,St Truiden,Standard,away,0.27454526786235295,0.26809349079537836,3.8665,4.0,3.658348216033036,0.004451777066974606,7,0.025,BFE,3.0-4.0,exchange,0.258631837579206,1.0615292781897876,0.006451777066974584,0.016215093057828867,1.352349705066953,0.07537510410561113,0.37128121202118064,0.14285714285714285,3.452735031682397,away:3.0-4.0,away:exchange,exchange:3.0-4.0,0.458753614785647,0.266701117352,0.27454526786235295,1.0648473446028126,0.458753614785647,-0.18420834692329408,0.18420834692329408,0.006779184897470469,9.027777777777768,0.02777777777777768,0.03130202461910969,0.0156510123095549,0.01565101230955479,home,3.100868331987317,3.100868331987317,3.100868331987317,3.100868331987317,0.11,0.2666516703271365,0.2684287937273618,0.2666516703271365,0.0,,,0.0,lower_clv,True,0.2660704641789057,3.758402884311129,2.8761449747738643,True,home,False,-0.11
2025-11,data\historical_csv\football-data\2526\E2.csv:194:away,data\historical_csv\football-data\2526\E2.csv:194,data\historical_csv\football-data\2526\E2.csv,194,2025-11-25,E2,Luton,Huddersfield,away,0.29411808007103957,0.28301276045629054,3.7243999999999997,3.78,5.405272504340841,0.009105319614749056,8,0.0,PS,3.0-4.0,sportsbook,0.2684996241005263,1.0954133774165797,0.011105319614749032,0.030958041112432836,1.3149057650322376,0.08650544502467444,0.3867375590856232,0.125,1.4928579099989348,away:3.0-4.0,away:sportsbook,sportsbook:3.0-4.0,0.4217413639143447,0.28414055601461574,0.29411808007103957,1.0815801051694545,0.4217413639143447,-0.12762328384330512,0.12762328384330512,0.009105319614749056,13.173652694610771,0.05579755530766484,0.04354895986392443,0.021774479931962215,0.021774479931962215,home,4.422072082268975,4.422072082268975,4.422072082268975,4.422072082268975,0.16,0.28037287101887276,0.2891809763405281,0.28037287101887276,0.0,,,0.0,lower_clv,True,0.2995776349980648,3.338032894232775,11.57469437867924,True,home,False,-0.16
2025-11,data\historical_csv\football-data\2526\T1.csv:119:away,data\historical_csv\football-data\2526\T1.csv:119,data\historical_csv\football-data\2526\T1.csv,119,2025-11-28,T1,Kocaelispor,Genclerbirligi,away,0.23313389531307283,0.22016072215948512,4.6309000000000005,4.800000000000001,1.9542288248359796,0.010973173153587692,8,0.025,BFE,4.0-5.0,exchange,0.21594074585933618,1.0796197558053091,0.012973173153587703,0.047068115680270105,1.5327512336571778,0.0543514131438468,0.3573362656484157,0.125,3.651558012481382,away:4.0-5.0,away:exchange,exchange:4.0-5.0,0.48753714458965947,0.27932896009726776,0.23313389531307283,1.0459637707240124,0.48753714458965947,-0.25440324927658664,0.25440324927658664,0.010973173153587692,6.931818181818183,0.011008918617614327,0.027069112404733753,0.013534556202366849,0.013534556202366904,home,3.729083282272893,3.729083282272893,3.729083282272893,3.729083282272893,0.1,0.22399335611279206,0.2248499735235257,0.22399335611279206,0.0,,,0.0,lower_clv,True,0.1852995030634712,5.396668547230086,-14.18965312633711,False,home,False,-0.1
2025-11,data\historical_csv\football-data\2526\T1.csv:120:away,data\historical_csv\football-data\2526\T1.csv:120,data\historical_csv\football-data\2526\T1.csv,120,2025-11-29,T1,Rizespor,Kayserispor,away,0.25252646549265173,0.24634260553343923,4.34425,4.5,7.0173864088643345,0.004183859959212505,8,0.025,BFE,4.0-5.0,exchange,0.23018933072452094,1.0970380977164522,0.006183859959212501,0.016568005856535666,1.4688531316202267,0.06376961577421142,0.3709242896558686,0.125,3.5851988260344303,away:4.0-5.0,away:exchange,exchange:4.0-5.0,0.4941094002407121,0.2533641342666363,0.25252646549265173,1.04373372999955,0.4941094002407121,-0.24158293474806036,0.24158293474806036,0.004183859959212505,14.018087855297146,0.013325825825825754,0.03322659514629128,0.016613297573145613,0.01661329757314567,home,5.662282272589107,5.662282272589107,5.662282272589107,5.662282272589107,0.17,0.243223300391527,0.2451961206576401,0.243223300391527,0.0,,,0.0,lower_clv,True,0.24750267570460222,4.04036036036036,7.521349892971818,True,away,True,0.57
2025-11,data\historical_csv\football-data\2526\E3.csv:216:home,data\historical_csv\football-data\2526\E3.csv:216,data\historical_csv\football-data\2526\E3.csv,216,2025-11-29,E3,Shrewsbury,Gillingham,home,0.3894132408376038,0.38721889845524826,2.715,2.75,5.129930930599902,0.00019434238235555747,7,0.0,BMGM,2.0-3.0,sportsbook,0.3683241252302026,1.0572569488740944,0.002194342382355552,0.0004990646490025327,0.9987919533858987,0.15164267213964563,0.38894281149052373,0.14285714285714285,1.2891344383057168,home:2.0-3.0,home:sportsbook,sportsbook:2.0-3.0,0.3894132408376038,0.2985321974098939,0.3120545617525023,1.0915616403690227,0.3894132408376038,0.0,0.07735867908510152,0.0012699139055965738,9.93403957625425,0.089126559714795,0.055534353767227373,0.027767176883613714,0.02776717688361366,home,2.949081958832065,2.949081958832065,2.949081958832065,2.949081958832065,0.17,0.37918630555739247,0.39112531574728954,0.37918630555739247,0.0,,,0.0,lower_clv,True,0.38533685557116265,2.5951319878752774,4.6189562875706525,True,draw,False,-0.17
2025-11,data\historical_csv\football-data\2526\SP2.csv:175:away,data\historical_csv\football-data\2526\SP2.csv:175,data\historical_csv\football-data\2526\SP2.csv,175,2025-11-30,SP2,Cordoba,Cadiz,away,0.26119095272995085,0.2526407418699892,4.273199999999999,4.34,7.9584418158837655,0.006550210859961645,8,0.0,PS,4.0-5.0,sportsbook,0.23401666198633347,1.1161211792056258,0.00855021085996166,0.025078245595795978,1.4523629610895952,0.06822071378797942,0.3793440655166839,0.125,1.5632313020687238,away:4.0-5.0,away:sportsbook,sportsbook:4.0-5.0,0.4473488934925639,0.2914601537774853,0.26119095272995085,1.0698318160702405,0.4473488934925639,-0.18615794076261305,0.18615794076261305,0.014760910315402748,2.904564315352709,0.05029980028277947,0.041810975239959275,0.02090548761997954,0.020905487619979735,home,5.925691798019595,5.925691798019595,5.925691798019595,5.925691798019595,0.18,0.24788376813165688,0.2543227600052851,0.24788376813165688,0.0,,,0.0,lower_clv,True,0.2190449535558316,4.565272944053986,-6.397710446522065,False,away,True,0.59
2025-12,data\historical_csv\football-data\2526\SP1.csv:141:away,data\historical_csv\football-data\2526\SP1.csv:141,data\historical_csv\football-data\2526\SP1.csv,141,2025-12-01,SP1,Vallecano,Valencia,away,0.23558612526078032,0.23023869155190543,4.528,4.6,4.2520795347027684,0.0033474337088748875,8,0.0,BMGM,4.0-5.0,sportsbook,0.2208480565371025,1.0667339751808131,0.005347433708874888,0.014208959484220348,1.5102803409008818,0.055500822415388076,0.35580109357036915,0.125,1.590106007067149,away:4.0-5.0,away:sportsbook,sportsbook:4.0-5.0,0.4852825592652566,0.2791313154739631,0.23558612526078032,1.0476446856050092,0.4852825592652566,-0.24969643400447628,0.24969643400447628,0.004505068564137855,4.249291784702547,0.051399401513817944,0.02882235496109839,0.014411177480549237,0.014411177480549153,home,4.750180052693942,4.750180052693942,4.750180052693942,4.750180052693942,0.13,0.23133873686549017,0.22841933789806637,0.23058790451925062,0.25718730280366886,,,0.0,lower_clv,True,0.23913146071021463,4.18180024088016,8.278725409585164,True,draw,False,-0.13
2025-12,data\historical_csv\football-data\2526\T1.csv:129:away,data\historical_csv\football-data\2526\T1.csv:129,data\historical_csv\football-data\2526\T1.csv,129,2025-12-06,T1,Eyupspor,Kayserispor,away,0.2696175693045167,0.26050855066518774,3.962049999999999,4.1,3.2147903163006974,0.0071090186393289725,8,0.025,BFE,3.0-4.0,exchange,0.2523945937078028,1.0682382904629601,0.009109018639328947,0.026367045210246545,1.3767615680856737,0.07269363367767587,0.3711991074991342,0.125,3.481783420199158,away:3.0-4.0,away:exchange,exchange:3.0-4.0,0.4709185139962078,0.25946391669927554,0.2696175693045167,1.0580886644024408,0.4709185139962078,-0.20130094469169113,0.20130094469169113,0.0071090186393289725,7.8418230563002345,0.007117110006051641,0.02743874362363366,0.01371937181181676,0.0137193718118169,home,3.2669380499321465,3.2669380499321465,3.2669380499321465,3.2669380499321465,0.11,0.2606401687256147,0.263822079284767,0.2614585157200856,0.25718730280366886,,,0.0,lower_clv,True,0.2683689947517158,3.7262128619781874,6.329137565603515,True,draw,False,-0.11
2025-12,data\historical_csv\football-data\2526\B1.csv:137:away,data\historical_csv\football-data\2526\B1.csv:137,data\historical_csv\football-data\2526\B1.csv,137,2025-12-07,B1,Oud-Heverlee Leuven,Waregem,away,0.2854615188642545,0.2803755324947216,3.7709499999999996,3.9,5.72821142609703,0.003085986369532961,7,0.025,BFE,3.0-4.0,exchange,0.26518516554183963,1.0764611145611604,0.005085986369532947,0.010810516183795825,1.327326959105846,0.08148827875228715,0.3789007697758271,0.14285714285714285,3.422214561317438,away:3.0-4.0,away:exchange,exchange:3.0-4.0,0.43773528574081705,0.2768031953949284,0.2854615188642545,1.0750387594564315,0.43773528574081705,-0.15227376687656252,0.15227376687656252,0.010867076436767634,12.573529411764707,0.026615832304370812,0.035698902370496804,0.01784945118524836,0.017849451185248444,home,4.109272125550593,4.109272125550593,4.109272125550593,4.109272125550593,0.15,0.2760823456305456,0.28039076674333796,0.2771904168358871,0.25718730280366886,,,0.0,lower_clv,True,0.2788857195876298,3.585698118493249,5.16641042789725,True,draw,False,-0.15
2025-12,data\historical_csv\football-data\2526\I2.csv:147:away,data\historical_csv\football-data\2526\I2.csv:147,data\historical_csv\football-data\2526\I2.csv,147,2025-12-08,I2,Mantova,Reggiana,away,0.26336317556447897,0.256005013570644,4.136,4.2,5.883673612818363,0.005358161993835006,7,0.0,BMGM,4.0-5.0,sportsbook,0.24177949709864602,1.0892700941346851,0.0073581619938349885,0.02034514499739988,1.419729137206128,0.06936016224340658,0.3739043740160237,0.14285714285714285,1.547388781431347,away:4.0-5.0,away:sportsbook,sportsbook:4.0-5.0,0.45681345039826216,0.27982337403725893,0.26336317556447897,1.0656711627541762,0.45681345039826216,-0.1934502748337832,0.1934502748337832,0.005477584683256659,16.666666666666675,0.08409880558016125,0.04373814058639858,0.02186907029319929,0.02186907029319929,home,5.396916412733766,5.396916412733766,5.396916412733766,5.396916412733766,0.17,0.25482813446018804,0.2572956624241528,0.25546275132183277,0.25718730280366886,,,0.0,lower_clv,True,0.30976180455651126,3.2282869782209236,28.117482364573053,True,away,True,0.53
2025-12,data\historical_csv\football-data\2526\I2.csv:150:away,data\historical_csv\football-data\2526\I2.csv:150,data\historical_csv\football-data\2526\I2.csv,150,2025-12-08,I2,Bari,Pescara,away,0.23882430830118212,0.23418943831483055,4.43,4.5,3.745921173469924,0.0026348699863515796,6,0.0,BMGM,4.0-5.0,sportsbook,0.22573363431151244,1.0579916857742366,0.00463486998635157,0.011032670857895823,1.4883995840570443,0.05703705023553809,0.35546600113819077,0.16666666666666666,1.5801354401805856,away:4.0-5.0,away:sportsbook,sportsbook:4.0-5.0,0.48043974287909547,0.2807359488197224,0.23882430830118212,1.050821212965658,0.48043974287909547,-0.24161543457791335,0.24161543457791335,0.0036175354251011625,9.756097560975618,0.08452168746286404,0.03392087041596095,0.026500657414910145,0.007420213001050807,home,3.707241801662732,3.707241801662732,3.707241801662732,3.707241801662732,0.11,0.2341021259631213,0.23177583338157073,0.23350383304854014,0.25718730280366886,,,0.0,lower_clv,True,0.2624313452666382,3.810520420051079,16.257085953120722,True,draw,False,-0.11
2025-12,data\historical_csv\football-data\2526\I2.csv:156:away,data\historical_csv\football-data\2526\I2.csv:156,data\historical_csv\football-data\2526\I2.csv,156,2025-12-13,I2,Sudtirol,Bari,away,0.24681674498301293,0.24094177159793698,4.34425,4.5,4.671129126433771,0.003874973385075934,7,0.025,BFE,4.0-5.0,exchange,0.23018933072452094,1.0722336443924538,0.005874973385075949,0.015699799401141232,1.4688531316202267,0.06091850560400964,0.3625375488046094,0.14285714285714285,3.5851988260344303,away:4.0-5.0,away:exchange,exchange:4.0-5.0,0.4637371318273494,0.28944612318963775,0.24681674498301293,1.060527807044615,0.4637371318273494,-0.21692038684433645,0.21692038684433645,0.0045308512137916075,5.0595238095237915,0.020110608345902392,0.028975443849449584,0.014487721924724778,0.014487721924724806,home,4.2267467158367005,4.2267467158367005,4.2267467158367005,4.2267467158367005,0.13,0.2399188507011261,0.24007183023299347,0.2399581950943112,0.25718730280366886,,,0.0,lower_clv,True,0.2153108410052245,4.644447977311719,-6.463587896305356,False,draw,False,-0.13
2025-12,data\historical_csv\football-data\2526\B1.csv:148:away,data\historical_csv\football-data\2526\B1.csv:148,data\historical_csv\football-data\2526\B1.csv,148,2025-12-20,B1,Westerlo,RAAL La Louviere,away,0.21655792783990563,0.21081421644158416,4.917549999999999,5.1,3.6689450062312057,0.003743711398321463,7,0.025,BFE,4.0-5.0,exchange,0.20335329584854248,1.064934438049128,0.005743711398321472,0.017287344017666576,1.5928104389975604,0.04689733611031377,0.3449357281110821,0.14285714285714285,3.710180882756653,away:4.0-5.0,away:exchange,exchange:4.0-5.0,0.535826187169595,0.24761588499049925,0.21655792783990563,1.0112788941980204,0.535826187169595,-0.31926825932968933,0.31926825932968933,0.005577475953942843,8.641304347826084,0.011722513954695035,0.022751396238564342,0.011375698119282268,0.011375698119282074,home,4.119478566718481,4.119478566718481,4.119478566718481,4.119478566718481,0.11,0.2117303912857388,0.20875433138456997,0.21096498646677506,0.25718730280366886,,,0.0,lower_clv,True,0.19542556277481218,5.117037841934192,-3.8985023776722416,False,home,False,-0.11
2025-12,data\historical_csv\football-data\2526\E1.csv:264:away,data\historical_csv\football-data\2526\E1.csv:264,data\historical_csv\football-data\2526\E1.csv,264,2025-12-26,E1,Birmingham,Derby,away,0.22300077976277036,0.21778196114897386,4.724,4.8,2.8801984467752506,0.0032188186137964907,8,0.0,BMGM,4.0-5.0,sportsbook,0.21168501270110077,1.0534556835993272,0.0052188186137965,0.014434113715748842,1.552655898335116,0.04972934777480361,0.34624347603199557,0.125,1.608806096528359,away:4.0-5.0,away:sportsbook,sportsbook:4.0-5.0,0.5021966225986061,0.27480259763862347,0.22300077976277036,1.0354883828844335,0.5021966225986061,-0.27919584283583576,0.27919584283583576,0.007386517678620986,6.430155210643007,0.0387289463376419,0.022435142242148126,0.011217571121074132,0.011217571121073994,home,3.9463106960072802,3.9463106960072802,3.9463106960072802,3.9463106960072802,0.11,0.22003876099916866,0.21540121763301937,0.21884604372919367,0.25718730280366886,,,0.0,lower_clv,True,0.2352799625073251,4.250255692593739,11.146254288460389,True,draw,False,-0.11
2025-12,data\historical_csv\football-data\2526\E3.csv:268:home,data\historical_csv\football-data\2526\E3.csv:268,data\historical_csv\football-data\2526\E3.csv,268,2025-12-29,E3,Bristol Rvs,Barnet,home,0.27631578947368424,0.2690894139446763,3.842,3.9,3.3841528375446295,0.005226375529007964,7,0.0,BMGM,3.0-4.0,sportsbook,0.2602811035918792,1.061605263157895,0.007226375529007956,0.01891450191450501,1.345993064346365,0.0763504155124654,0.3719191362009693,0.14285714285714285,1.5096304008328953,home:3.0-4.0,home:sportsbook,sportsbook:3.0-4.0,0.27631578947368424,0.27631578947368424,0.4473684210526316,1.070651758426683,0.4473684210526316,-0.17105263157894735,0.17105263157894735,0.005507566960104953,11.428571428571432,0.08300076886464325,0.03955671802901439,0.01977835901450717,0.019778359014507224,away,2.8814082579743885,2.8814082579743885,2.8814082579743885,2.8814082579743885,0.1,0.26778086480472246,0.2708206597709981,0.2685626614731751,0.25718730280366886,,,0.0,lower_clv,True,0.2843168103027088,3.517203217549155,9.234518518300705,True,away,False,-0.1
2026-01,data\historical_csv\football-data\2526\F2.csv:157:away,data\historical_csv\football-data\2526\F2.csv:157,data\historical_csv\football-data\2526\F2.csv,157,2026-01-03,F2,Bastia,Grenoble,away,0.2765583089752307,0.2647323304282794,3.94,4.0,4.304538188742102,0.00982597854695127,7,0.0,BMGM,3.0-4.0,sportsbook,0.25380710659898476,1.089639737362409,0.011825978546951277,0.03552950039129474,1.3711807233098425,0.07648449826323918,0.37921142213800374,0.14285714285714285,1.522842639593902,away:3.0-4.0,away:sportsbook,sportsbook:3.0-4.0,0.4274436070154708,0.2959980840092986,0.2765583089752307,1.079116823798195,0.4274436070154708,-0.1508852980402401,0.1508852980402401,0.00982597854695127,8.658743633276744,0.08804456268706362,0.046788308211113655,0.02339415410555673,0.023394154105556925,home,4.095878480593468,4.095878480593468,4.095878480593468,4.095878480593468,0.14,0.2642027372603895,0.2720040995159681,0.2642027372603895,0.0,,,0.0,lower_clv,True,0.26343897299617924,3.7959455604714316,3.794955360494612,True,home,False,-0.14
2026-01,data\historical_csv\football-data\2526\I2.csv:189:away,data\historical_csv\football-data\2526\I2.csv:189,data\historical_csv\football-data\2526\I2.csv,189,2026-01-10,I2,Cesena,Empoli,away,0.25884029669553726,0.25010754079724135,4.2487,4.4,6.263190858523937,0.006732755898295908,7,0.025,BFE,4.0-5.0,exchange,0.23536611198719606,1.0997347685703294,0.008732755898295919,0.02601123543841151,1.4466130537918354,0.06699829919343375,0.3744417520471159,0.14285714285714285,3.561089274366269,away:4.0-5.0,away:exchange,exchange:4.0-5.0,0.4531491167271043,0.28801058657735834,0.25884029669553726,1.0670204965139383,0.4531491167271043,-0.19430882003156702,0.19430882003156702,0.008006934835135794,2.7380952380952506,0.02054195804195791,0.03614222389039806,0.018071111945199114,0.018071111945198948,home,4.790979833660243,4.790979833660243,4.790979833660243,4.790979833660243,0.15,0.2466424549477728,0.25365332721063694,0.2466424549477728,0.0,,,0.0,lower_clv,True,0.2234130838988453,4.4760135912754775,-5.078483043897597,False,away,True,0.49
2026-01,data\historical_csv\football-data\2526\SP1.csv:188:away,data\historical_csv\football-data\2526\SP1.csv:188,data\historical_csv\football-data\2526\SP1.csv,188,2026-01-11,SP1,Vallecano,Mallorca,away,0.21636271570941285,0.2112838153924072,4.917549999999999,5.1,3.899872638293189,0.003078900317005651,8,0.025,BFE,4.0-5.0,exchange,0.20335329584854248,1.063974472636823,0.005078900317005641,0.01423027210076613,1.5928104389975604,0.0468128247491522,0.34462479219181424,0.125,3.710180882756653,away:4.0-5.0,away:exchange,exchange:4.0-5.0,0.4972943895760104,0.28634289471457675,0.21636271570941285,1.0366947932381014,0.4972943895760104,-0.28093167386659756,0.28093167386659756,0.008896184689630743,4.550209205020916,0.01004981158488949,0.0222352290017242,0.011117614500862072,0.011117614500862127,home,4.301938883219412,4.301938883219412,4.301938883219412,4.301938883219412,0.11,0.21210143035295914,0.20990814063967597,0.21210143035295914,0.0,,,0.0,lower_clv,True,0.20540055098113016,4.868536112602095,1.0067479477256613,True,home,False,-0.11
2026-01,data\historical_csv\football-data\2526\T1.csv:163:away,data\historical_csv\football-data\2526\T1.csv:163,data\historical_csv\football-data\2526\T1.csv,163,2026-01-19,T1,Goztep,Rizespor,away,0.2392388211647393,0.22594570914675383,4.72645,4.9,6.792109699667459,0.011293112017985458,7,0.025,BFE,4.0-5.0,exchange,0.21157528377534937,1.130750326294082,0.01329311201798547,0.04720434569525423,1.5531743921750678,0.05723521355229411,0.3715796106472237,0.14285714285714285,3.6718890499211954,away:4.0-5.0,away:exchange,exchange:4.0-5.0,0.48103578793494994,0.2797253909003106,0.2392388211647393,1.05056543650398,0.48103578793494994,-0.24179696677021065,0.24179696677021065,0.011293112017985458,17.134146341463442,0.026149304763712022,0.040357789227525837,0.020178894613763015,0.02017889461376282,home,5.2205202718016235,5.2205202718016235,5.2205202718016235,5.2205202718016235,0.14,0.2226206143549633,0.23341925252169834,0.2226206143549633,0.0,,,0.0,lower_clv,True,0.24523367773387328,4.077743355809378,15.908471612526531,True,home,False,-0.14
2026-01,data\historical_csv\football-data\2526\F2.csv:174:away,data\historical_csv\football-data\2526\F2.csv:174,data\historical_csv\football-data\2526\F2.csv,174,2026-01-23,F2,Annecy,Clermont,away,0.2533716320387636,0.24855393448674126,4.136,4.2,2.801907303716189,0.002817697552022365,7,0.0,BMGM,4.0-5.0,sportsbook,0.24177949709864602,1.0479450701123263,0.004817697552022354,0.011120809103014667,1.419729137206128,0.06419718392198663,0.35971908854690243,0.14285714285714285,1.547388781431347,away:4.0-5.0,away:sportsbook,sportsbook:4.0-5.0,0.45730489685045145,0.2893234711107848,0.2533716320387636,1.06447285354535,0.45730489685045145,-0.20393326481168783,0.20393326481168783,0.008918678848439629,1.9417475728155331,0.08747044917257685,0.03442753265988163,0.01721376632994087,0.01721376632994076,home,3.2693500369282718,3.2693500369282718,3.2693500369282718,3.2693500369282718,0.1,0.2496841151763256,0.24800064707742442,0.2496841151763256,0.0,,,0.0,lower_clv,True,0.23848118980569738,4.193202830020893,-1.3641798963635599,False,home,False,-0.1
2026-01,data\historical_csv\football-data\2526\F2.csv:179:away,data\historical_csv\football-data\2526\F2.csv:179,data\historical_csv\football-data\2526\F2.csv,179,2026-01-24,F2,Red Star,Boulogne,away,0.230251940600353,0.22008177119919142,4.72645,4.9,4.020548748441821,0.008170169401161567,7,0.025,BFE,4.0-5.0,exchange,0.21157528377534937,1.0882742846505384,0.010170169401161583,0.03548360712990682,1.5531743921750678,0.053015956150228485,0.3576214178890831,0.14285714285714285,3.6718890499211954,away:4.0-5.0,away:exchange,exchange:4.0-5.0,0.4889938263717176,0.2807542330279294,0.230251940600353,1.0446077507438205,0.4889938263717176,-0.2587418857713646,0.2587418857713646,0.008170169401161567,10.912240184757515,0.2082224194025437,0.06134129188554274,0.071522798187347,-0.010181506301804255,home,3.746739791034591,3.746739791034591,3.746739791034591,3.746739791034591,0.1,0.21950245912055474,0.22416875803461273,0.21950245912055474,0.0,,,0.0,lower_clv,True,0.2184788657407086,4.577101755859549,3.2629434980172123,True,draw,False,-0.1
2026-01,data\historical_csv\football-data\2526\T1.csv:170:away,data\historical_csv\football-data\2526\T1.csv:170,data\historical_csv\football-data\2526\T1.csv,170,2026-01-25,T1,Rizespor,Alanyaspor,away,0.25700934579439255,0.25367211414448815,4.535349999999999,4.7,15.049182288520413,0.001337231649904402,4,0.025,BFE,4.0-5.0,exchange,0.22049014960256655,1.165627336448598,0.003337231649904404,0.0052030467832644,1.511902258097338,0.06605380382566164,0.3885730102586617,0.25,3.630370313206277,away:4.0-5.0,away:exchange,exchange:4.0-5.0,0.46261682242990654,0.28037383177570097,0.25700934579439255,1.0623271174310274,0.46261682242990654,-0.20560747663551399,0.20560747663551399,0.006016028577418949,22.866666666666656,0.0063229250838707785,0.045580238751963015,0.022790119375981438,0.022790119375981577,home,10.901662808407947,10.901662808407947,10.901662808407947,10.901662808407947,0.31,0.24452724223799258,0.2517601451230589,0.24452724223799258,0.0,,,0.0,lower_clv,True,0.22669792936681343,4.411156302984702,2.8154453953777248,True,draw,False,-0.31
2026-01,data\historical_csv\football-data\2526\E2.csv:340:away,data\historical_csv\football-data\2526\E2.csv:340,data\historical_csv\football-data\2526\E2.csv,340,2026-01-31,E2,Wigan,Lincoln,away,0.42891681863156994,0.42362399934590983,2.568,2.6,8.786643032029652,0.003292819285660128,5,0.0,BMGM,2.0-3.0,sportsbook,0.3894080996884735,1.1014583902458717,0.005292819285660111,0.007677057980998845,0.9431273858277147,0.18396963730502705,0.4045231978935326,0.2,1.2461059190031154,away:2.0-3.0,away:sportsbook,sportsbook:2.0-3.0,0.2876032150891873,0.2834799662792429,0.42891681863156994,1.0788370355571821,0.42891681863156994,0.0,0.14131360354238265,0.0033126019943945668,17.70031688546854,0.06075174825174834,0.0663292619772643,0.03316463098863204,0.03316463098863226,away,5.523807728911676,5.523807728911676,5.523807728911676,5.523807728911676,0.35,0.4109182543960735,0.43124921293288593,0.4109182543960735,0.0,,,0.0,lower_clv,True,0.4368479787485095,2.2891258484583568,12.182560942617249,True,away,True,0.55
2026-01,data\historical_csv\football-data\2526\E3.csv:334:away,data\historical_csv\football-data\2526\E3.csv:334,data\historical_csv\football-data\2526\E3.csv,334,2026-01-31,E3,Fleetwood Town,Notts County,away,0.43760061881651197,0.4242442493338607,2.4210000000000003,2.45,2.7095327637276734,0.01135636948265128,5,0.0,BMGM,2.0-3.0,sportsbook,0.41305245766212306,1.0594310981547757,0.013356369482651287,0.025951447494211747,0.8841806779559216,0.1914943015885942,0.3869180118191144,0.2,1.1978521272201448,away:2.0-3.0,away:sportsbook,sportsbook:2.0-3.0,0.2894896401401541,0.27290974104333393,0.43760061881651197,1.0749205905725356,0.43760061881651197,0.0,0.14811097867635786,0.01135636948265128,11.363636363636353,0.0910336356764927,0.06349366926033095,0.031746834630165505,0.03174683463016545,away,2.2129782145238104,2.2129782145238104,2.2129782145238104,2.2129782145238104,0.16,0.42219321856474107,0.4403619139842188,0.42219321856474107,0.0,,,0.0,lower_clv,True,0.4393739969176502,2.275965366670129,6.372444653763121,True,away,True,0.23
2026-03,data\historical_csv\football-data\2526\T1.csv:222:away,data\historical_csv\football-data\2526\T1.csv:222,data\historical_csv\football-data\2526\T1.csv,222,2026-03-08,T1,Konyaspor,Kasimpasa,away,0.25734124442500017,0.2526988345019886,4.34425,4.5,9.778691178526389,0.0026424099230115752,5,0.025,BFE,4.0-5.0,exchange,0.23018933072452094,1.1179547010933069,0.00464240992301157,0.010268116674867803,1.4688531316202267,0.06622451608220768,0.3779964927687077,0.2,3.5851988260344303,away:4.0-5.0,away:exchange,exchange:4.0-5.0,0.4564793163286871,0.2861794392463127,0.25734124442500017,1.0653287026143141,0.4564793163286871,-0.19913807190368693,0.19913807190368693,0.007854842133094389,10.312499999999991,0.011380652890086829,0.03761959799325604,0.01880979899662802,0.01880979899662802,home,6.457967603823871,4.815926414010326,4.815926414010326,4.815926414010326,0.14,0.2412750795051167,0.2500201876239088,0.24994667461013284,0.9915938130464022,,,0.0,lower_clv,True,0.21304390893687652,4.693868062176296,-7.448399860097421,False,draw,False,-0.14
2026-03,data\historical_csv\football-data\2526\B1.csv:223:away,data\historical_csv\football-data\2526\B1.csv:223,data\historical_csv\football-data\2526\B1.csv,223,2026-03-08,B1,Gent,Mechelen,away,0.2695269982574083,0.2651249448773181,4.0576,4.2,7.577097633420582,0.0024020533800901936,7,0.025,BFE,4.0-5.0,exchange,0.24645110410094637,1.0936327481292598,0.004402053380090198,0.008912106748564548,1.400591665820715,0.07264480278964897,0.3774972674730004,0.14285714285714285,3.509463722397488,away:4.0-5.0,away:exchange,exchange:4.0-5.0,0.47481440107522704,0.2556586006673646,0.2695269982574083,1.0557258016036026,0.47481440107522704,-0.20528740281781876,0.20528740281781876,0.0030319051940388897,11.351351351351347,0.03020255586087095,0.03841202310936284,0.019206011554681407,0.019206011554681435,home,5.116364348669123,3.474323158855577,3.474323158855577,3.474323158855577,0.11,0.2550136118859809,0.26304530895089584,0.2629777930038135,0.9915938130464022,,,0.0,lower_clv,True,0.2784213990175261,3.591677951223325,12.97226686535138,True,home,False,-0.11
2026-03,data\historical_csv\football-data\2526\P1.csv:226:away,data\historical_csv\football-data\2526\P1.csv:226,data\historical_csv\football-data\2526\P1.csv,226,2026-03-09,P1,Tondela,Rio Ave,away,0.2706393745293617,0.2634264241534999,4.0576,4.2,6.887905864524124,0.005212950375861788,7,0.025,BFE,4.0-5.0,exchange,0.24645110410094637,1.0981463260903381,0.007212950375861782,0.01926161108274448,1.400591665820715,0.07324567104564413,0.3790552524087551,0.14285714285714285,3.509463722397488,away:4.0-5.0,away:exchange,exchange:4.0-5.0,0.44442942458336543,0.28493120088727286,0.2706393745293617,1.0718665565267873,0.44442942458336543,-0.17379005005400372,0.17379005005400372,0.01320093511270238,5.641025641025643,0.04985618408437187,0.04385094226147737,0.021925471130738727,0.021925471130738644,home,5.16932025483284,3.5272790650192944,3.5272790650192944,3.5272790650192944,0.12,0.2551441223014079,0.2642365621992908,0.26416012944964484,0.9915938130464022,,,0.0,lower_clv,True,0.26743162657762687,3.739273521225553,8.513056800137875,True,away,True,0.37
2026-03,data\historical_csv\football-data\2526\T1.csv:240:away,data\historical_csv\football-data\2526\T1.csv:240,data\historical_csv\football-data\2526\T1.csv,240,2026-03-19,T1,Kayserispor,Karagumruk,away,0.2544720119041691,0.24711863762680136,4.34425,4.5,7.354514151023173,0.00535337427736775,5,0.025,BFE,4.0-5.0,exchange,0.23018933072452094,1.1054900377146866,0.0073533742773677635,0.021037182978628555,1.4688531316202267,0.06475600484255559,0.3737820115951384,0.2,3.5851988260344303,away:4.0-5.0,away:exchange,exchange:4.0-5.0,0.4797779638241894,0.2657500242716415,0.2544720119041691,1.0527972747132863,0.4797779638241894,-0.2253059519200203,0.2253059519200203,0.00535337427736775,16.11842105263157,0.02340042546228105,0.03733098216320335,0.018665491081601704,0.01866549108160165,home,5.400253447452862,3.758212257639316,3.758212257639316,3.758212257639316,0.11,0.2388403343675878,0.24696019175416087,0.2468919347149328,0.9915938130464022,,,0.0,lower_clv,True,0.2795181127062924,3.577585689592732,21.42965611243106,True,home,False,-0.11
2026-04,data\historical_csv\football-data\2526\T1.csv:244:away,data\historical_csv\football-data\2526\T1.csv:244,data\historical_csv\football-data\2526\T1.csv,244,2026-04-04,T1,Kasimpasa,Kayserispor,away,0.29961297698633865,0.2894900447798069,3.723175,3.85,7.782209747305746,0.008122932206531779,5,0.025,BFE,3.0-4.0,exchange,0.2685879659161871,1.1155115455911113,0.010122932206531765,0.027111416495494978,1.3145767988892858,0.08976793597861629,0.39386426819239034,0.2,3.406366877732059,away:3.0-4.0,away:exchange,exchange:3.0-4.0,0.43200010635239533,0.26838691666126596,0.29961297698633865,1.0767192464449866,0.43200010635239533,-0.13238712936605668,0.13238712936605668,0.009326429464371804,14.507575757575776,0.01682086976204622,0.0441694987254691,0.02208474936273455,0.02208474936273455,home,5.212277076002831,5.212277076002831,5.212277076002831,5.212277076002831,0.19,0.28258751489253886,0.2954183017952962,0.29531102096835005,0.9916387959866221,,,0.0,lower_clv,True,0.289105228664795,3.4589481643704785,7.638935973404815,True,home,False,-0.19
2026-04,data\historical_csv\football-data\2526\T1.csv:249:away,data\historical_csv\football-data\2526\T1.csv:249,data\historical_csv\football-data\2526\T1.csv,249,2026-04-05,T1,Antalyaspor,Eyupspor,away,0.26723839172144537,0.24582087218300547,4.0576,4.2,-0.25572290302370293,0.019417519538439898,5,0.025,BFE,4.0-5.0,exchange,0.24645110410094637,1.0843464982489366,0.0214175195384399,0.07265991766138023,1.400591665820715,0.07141635800986468,0.3742918642323879,0.2,3.509463722397488,away:4.0-5.0,away:exchange,exchange:4.0-5.0,0.43925010084431815,0.29351150743423654,0.26723839172144537,1.0738143037777907,0.43925010084431815,-0.17201170912287278,0.17201170912287278,0.019417519538439898,8.421052631578952,0.0568654646324549,0.04195405226387758,0.020977026131938775,0.020977026131938803,home,3.5651962827369794,3.5651962827369794,3.5651962827369794,3.5651962827369794,0.12,0.25523756970311756,0.2604468878513635,0.2604033316795554,0.9916387959866221,,,0.0,lower_clv,True,0.24383120336674463,4.101197821248118,-1.0630509219097029,False,home,False,-0.12
2026-04,data\historical_csv\football-data\2526\T1.csv:250:away,data\historical_csv\football-data\2526\T1.csv:250,data\historical_csv\football-data\2526\T1.csv,250,2026-04-05,T1,Fenerbahce,Besiktas,away,0.2801556420233463,0.26856535230117223,3.8665,4.0,3.840793467248238,0.009590289722174095,5,0.025,BFE,3.0-4.0,exchange,0.258631837579206,1.0832217898832683,0.011590289722174074,0.03423200636942698,1.352349705066953,0.07848718375751336,0.37886839986311527,0.2,3.452735031682397,away:3.0-4.0,away:exchange,exchange:3.0-4.0,0.4669260700389105,0.2529182879377432,0.2801556420233463,1.0597603563107143,0.4669260700389105,-0.1867704280155642,0.1867704280155642,0.01234612010210901,6.0810810810810745,0.03798185941043086,0.03930364857714205,0.01965182428857104,0.019651824288571013,home,3.0140673786581194,3.0140673786581194,3.0140673786581194,3.0140673786581194,0.11,0.2664271754265049,0.2743647761494939,0.27429840825047225,0.9916387959866221,,,0.0,lower_clv,True,0.24584344163287328,4.067629355324986,-4.944633292649547,False,home,False,-0.11
2026-04,data\historical_csv\football-data\2526\E1.csv:490:home,data\historical_csv\football-data\2526\E1.csv:490,data\historical_csv\football-data\2526\E1.csv,490,2026-04-06,E1,Hull,Coventry,home,0.24884822914891785,0.24417279189790772,4.34425,4.5,6.07476512024856,0.002675437251010127,4,0.025,BFE,4.0-5.0,exchange,0.23018933072452094,1.0810589194801863,0.004675437251010134,0.010751281052552996,1.4688531316202267,0.06192544115055233,0.3655215006835358,0.25,3.5851988260344303,home:4.0-5.0,home:exchange,exchange:4.0-5.0,0.24884822914891785,0.2626173899411103,0.48853438090997187,1.0472198263826722,0.48853438090997187,-0.239686151761054,0.239686151761054,0.009216763157453131,10.312499999999991,0.040716442778298445,0.03532011227879578,0.017660056139397917,0.01766005613939786,away,3.8225650559178512,3.8225650559178512,3.8225650559178512,3.8225650559178512,0.11,0.23898846764324763,0.24072576313247301,0.24071123725045607,0.9916387959866221,,,0.0,lower_clv,True,0.24179845642372172,4.135675697811836,5.0432944318753,True,draw,False,-0.11
2026-04,data\historical_csv\football-data\2526\I2.csv:326:away,data\historical_csv\football-data\2526\I2.csv:326,data\historical_csv\football-data\2526\I2.csv,326,2026-04-06,I2,Mantova,Virtus Entella,away,0.24172190457827508,0.23060561412657843,4.43,4.5,2.1582870580742375,0.00911629045169664,4,0.0,B365,4.0-5.0,sportsbook,0.22573363431151244,1.0708280372817585,0.011116290451696653,0.03771396087417711,1.4883995840570443,0.05842947915294872,0.35977878223178117,0.25,1.5801354401805856,away:4.0-5.0,away:sportsbook,sportsbook:4.0-5.0,0.48181194968309604,0.2764661457386289,0.24172190457827508,1.050500344269103,0.48181194968309604,-0.24009004510482096,0.24009004510482096,0.010149508243717313,12.5,0.09318996415770608,0.03844321605368492,0.019221608026842446,0.019221608026842474,home,3.5314977639392446,3.5314977639392446,3.5314977639392446,3.5314977639392446,0.1,0.23370541255968227,0.23311637612689648,0.23312130118068233,0.9916387959866221,,,0.0,lower_clv,True,0.32356209692274224,3.0905968576374154,43.3380089367748,True,home,False,-0.1
2026-04,data\historical_csv\football-data\2526\E1.csv:483:home,data\historical_csv\football-data\2526\E1.csv:483,data\historical_csv\football-data\2526\E1.csv,483,2026-04-06,E1,Bristol City,Sheffield United,home,0.33283677378165566,0.31957854914386863,3.205,3.25,2.42492500060989,0.011258224637787055,5,0.0,BW,3.0-4.0,sportsbook,0.31201248049922,1.0667418599702063,0.01325822463778703,0.033825062386803946,1.1647120903726333,0.11078031798138102,0.38765901454411544,0.2,1.4040561622464809,home:3.0-4.0,home:sportsbook,sportsbook:3.0-4.0,0.33283677378165566,0.26920621408810386,0.3979570121302405,1.0861101268970244,0.3979570121302405,-0.06512023834858482,0.06512023834858482,0.011258224637787055,12.068965517241391,0.05635540929658589,0.04155951521467749,0.02077975760733869,0.0207797576073388,away,2.966104845623343,2.966104845623343,2.966104845623343,2.966104845623343,0.13,0.32126709780225693,0.3315694458598586,0.33148330582593216,0.9916387959866221,,,0.0,lower_clv,True,0.3744007828216268,2.6709345863638942,19.99545089433139,True,home,True,0.29
2026-04,data\historical_csv\football-data\2526\E2.csv:508:away,data\historical_csv\football-data\2526\E2.csv:508,data\historical_csv\football-data\2526\E2.csv,508,2026-04-16,E2,Peterboro,Port Vale,away,0.25226691467100676,0.22137023080373833,4.43,4.5,-1.9329877539439266,0.02889668386726843,5,0.0,BFD,4.0-5.0,sportsbook,0.22573363431151244,1.1175424319925598,0.030896683867268432,0.11454805282315346,1.4883995840570443,0.063638596237629,0.37547397086768036,0.2,1.5801354401805856,away:4.0-5.0,away:sportsbook,sportsbook:4.0-5.0,0.48825854452452916,0.2594745408044641,0.25226691467100676,1.0475328190894746,0.48825854452452916,-0.2359916298535224,0.2359916298535224,0.03575783104432654,9.756097560975618,0.06692357096981372,0.04398374587736362,0.03152661119077414,0.012457134686589474,home,5.693086070400209,5.693086070400209,5.693086070400209,5.693086070400209,0.17,0.23858484440270927,0.24438291631433187,0.24433443745219457,0.9916387959866221,,,0.0,lower_clv,True,0.17397458933690016,5.7479658599079055,-22.92925692375324,False,away,True,0.58
2026-04,data\historical_csv\football-data\2526\P1.csv:265:away,data\historical_csv\football-data\2526\P1.csv:265,data\historical_csv\football-data\2526\P1.csv,265,2026-04-19,P1,Arouca,Estrela,away,0.26470778953484786,0.2577159547248835,4.0576,4.2,4.57082578916872,0.00499183480996437,5,0.025,BFE,4.0-5.0,exchange,0.24645110410094637,1.0740783268165985,0.006991834809964348,0.0188579067459109,1.400591665820715,0.0700702138404253,0.3707475239003318,0.2,3.509463722397488,away:4.0-5.0,away:exchange,exchange:4.0-5.0,0.4545415245948589,0.2807506858702932,0.26470778953484786,1.0668555672979627,0.4545415245948589,-0.18983373506001106,0.18983373506001106,0.010115497145791099,11.351351351351347,0.017649778357945234,0.0307419958416357,0.015370997920817808,0.015370997920817892,home,3.717634282484037,3.717634282484037,3.717634282484037,3.717634282484037,0.12,0.2556132548365636,0.25772633903111847,0.25770867110307033,0.9916387959866221,,,0.0,lower_clv,True,0.26664195102455684,3.750347595933632,8.192638047724188,True,home,False,-0.12
2026-05,data\historical_csv\football-data\2526\G1.csv:225:home,data\historical_csv\football-data\2526\G1.csv:225,data\historical_csv\football-data\2526\G1.csv,225,2026-05-13,G1,Volos NFC,Aris,home,0.2624762514124746,0.2533154704705338,4.2634,4.33,7.99851768040738,0.007160780941940779,6,0.0,B365,4.0-5.0,sportsbook,0.23455458085096403,1.1190412502719442,0.009160780941940783,0.027281633684594946,1.450066964016957,0.06889378255554458,0.38060814101223855,0.16666666666666666,1.5621335084674337,home:4.0-5.0,home:sportsbook,sportsbook:4.0-5.0,0.2624762514124746,0.28045237009819557,0.4570713784893298,1.065488704166058,0.4570713784893298,-0.19459512707685522,0.19459512707685522,0.012668067818299204,10.318471337579616,0.0670070916411738,0.04603262697332636,0.023016313486663192,0.023016313486663165,away,5.771507169014165,4.0856996169786255,4.0856996169786255,4.0856996169786255,0.13,0.24413777646239768,0.25400880534966863,0.25392694244630765,0.9917067507049262,,,0.0,lower_clv,True,0.29107930137240884,3.435489900123792,24.09874934711278,True,away,False,-0.13
