test_month,candidate_id,source_file,source_row,date,league,home_team,away_team,outcome,probability,conservative_probability,odds,raw_odds,conservative_ev_pct,reference_dispersion,reference_bookmakers,execution_cost_rate,execution_bookmaker,odds_band,source_type,implied_probability,price_ratio,probability_uncertainty,relative_dispersion,log_odds,probability_squared,odds_probability_interaction,reference_depth_inverse,raw_net_odds_gap_pct,outcome_odds_band,outcome_source_type,source_odds_band,predicted_closing_edge_pct,lower_closing_edge_pct,stake,estimated_probability_from_lower_clv,estimated_probability_from_unshrunk_training_market,estimated_probability_from_training_market,market_calibration_weight,estimated_probability_from_training_market_logistic,estimated_probability_from_validated_market_residual,outcome_probability_weight,staking_probability_profile,decision_frozen_before_closing_and_result,closing_probability,closing_fair_odds,closing_edge_pct,positive_clv,actual_outcome,won,profit
2022-03,data\historical_csv\football-data\2122\I2.csv:274,data\historical_csv\football-data\2122\I2.csv,274,2022-03-05,I2,Parma,Reggina,home,0.5693915641277388,0.5562253432573707,1.882,1.9,4.681609601037162,0.011166220870368171,5,0.0,WH,1.5-2.0,sportsbook,0.5313496280552604,1.0715949236884044,0.013166220870368117,0.019610794352870164,0.6323350411631878,0.32420675329983295,0.36004623814068565,0.2,0.9564293304994642,home:1.5-2.0,home:sportsbook,sportsbook:1.5-2.0,6.987709351661598,4.967899735182959,0.56,0.5577465448203134,0.5815054976664074,0.5604606144015055,0.11423355224337585,,,0.0,lower_clv,True,0.6252194470328447,1.599438412777757,17.666299931581374,True,draw,False,-0.56
2022-03,data\historical_csv\football-data\2122\F2.csv:263,data\historical_csv\football-data\2122\F2.csv,263,2022-03-05,F2,Bastia,Valenciennes,away,0.23989148264230206,0.22453140077985537,4.675,4.75,4.968429864582391,0.013360081862446692,5,0.0,B365,4.0-5.0,sportsbook,0.21390374331550802,1.1214926813527621,0.015360081862446695,0.0556921892986408,1.5422291627406504,0.05754792344432191,0.3699676404240508,0.2,1.6042780748663166,away:4.0-5.0,away:sportsbook,sportsbook:4.0-5.0,5.891998117781303,3.8721885013026642,0.11,0.2221864994680271,0.22272061991435121,0.22224751394393652,0.11423355224337585,,,0.0,lower_clv,True,0.20613068724501474,4.851291252967891,-3.6339037129556107,False,draw,False,-0.11
2022-03,data\historical_csv\football-data\2122\SP2.csv:342,data\historical_csv\football-data\2122\SP2.csv,342,2022-03-13,SP2,Oviedo,Valladolid,away,0.38984857447848315,0.3784821604571512,2.8423999999999996,2.88,7.579769288340654,0.009366414021331936,5,0.0,WH,2.0-3.0,sportsbook,0.3518153672952435,1.1081055880976403,0.011366414021331928,0.024025774709736422,1.0446487657246801,0.15198191102290542,0.40725483214847347,0.2,1.3228257810301347,away:2.0-3.0,away:sportsbook,sportsbook:2.0-3.0,6.996542775466446,4.976733158987807,0.27,0.3693242793378407,0.3840056088833416,0.37100137976347886,0.11423355224337585,,,0.0,lower_clv,True,0.39661591552842856,2.521330992649795,12.73410782980051,True,home,False,-0.27
2022-03,data\historical_csv\football-data\2122\SP2.csv:340,data\historical_csv\football-data\2122\SP2.csv,340,2022-03-13,SP2,Sp Gijon,Tenerife,home,0.3700701946201881,0.3583544469822608,2.8423999999999996,2.88,1.8586680102377962,0.009715747637927263,5,0.0,WH,2.0-3.0,sportsbook,0.3518153672952435,1.0518875211884224,0.011715747637927265,0.02625379665579058,1.0446487657246801,0.1369519489462239,0.38659337204147165,0.2,1.3228257810301347,home:2.0-3.0,home:sportsbook,sportsbook:2.0-3.0,3.870110767962071,1.8503011514834324,0.1,0.35832501108740306,0.36236453249421424,0.35878645996706626,0.11423355224337585,,,0.0,lower_clv,True,0.3764382175954124,2.656478416000732,6.998798969320008,True,away,False,-0.1
2022-03,data\historical_csv\football-data\2122\I2.csv:295,data\historical_csv\football-data\2122\I2.csv,295,2022-03-15,I2,Crotone,Frosinone,home,0.2980209107857554,0.2764918053676389,3.7439999999999998,3.8,3.5185319296439976,0.01952910541811649,5,0.0,WH,3.0-4.0,sportsbook,0.2670940170940171,1.1157902899818681,0.02152910541811648,0.06552931257953169,1.3201545586153456,0.08881646326557116,0.3934336639365122,0.2,1.4957264957264904,home:3.0-4.0,home:sportsbook,sportsbook:3.0-4.0,7.661312928621475,5.641503312142836,0.21,0.28216213491491143,0.28432928809434876,0.28240969652085407,0.11423355224337585,,,0.0,lower_clv,True,0.3129892781624392,3.194997623787634,17.183185744017226,True,home,True,0.58
2022-03,data\historical_csv\football-data\2122\I2.csv:292,data\historical_csv\football-data\2122\I2.csv,292,2022-03-15,I2,Cittadella,Reggina,home,0.5396805484843955,0.5319979241675219,1.931,1.95,2.728799156748485,0.0056826243168735914,5,0.0,WH,1.5-2.0,sportsbook,0.5178663904712584,1.0421231391233678,0.00768262431687361,0.010529607436903761,0.6580380034463774,0.291255094412418,0.3551303106235175,0.2,0.9839461418953865,home:1.5-2.0,home:sportsbook,sportsbook:1.5-2.0,5.027576382593232,3.007766766114593,0.32,0.5334426036567301,0.5489345673535466,0.535212305701043,0.11423355224337585,,,0.0,lower_clv,True,0.5570671942019942,1.7951155810431676,7.569675200405102,True,draw,False,-0.32
2022-03,data\historical_csv\football-data\2122\E1.csv:450,data\historical_csv\football-data\2122\E1.csv,450,2022-03-19,E1,Bristol City,West Brom,away,0.46404581266773987,0.4505516085471336,2.4210000000000003,2.45,9.07854442926106,0.011494204120606272,5,0.0,IW,2.0-3.0,sportsbook,0.41305245766212306,1.1234549124685984,0.013494204120606257,0.024769546037981826,0.8841806779559216,0.21533851625446312,0.4103003412471688,0.2,1.1978521272201448,away:2.0-3.0,away:sportsbook,sportsbook:2.0-3.0,7.022489137797647,5.002679521319008,0.35,0.43371614837389094,0.46563241574128916,0.4373620569696182,0.11423355224337585,,,0.0,lower_clv,True,0.49909782885906323,2.003615207635742,20.831584366779232,True,draw,False,-0.35
2022-03,data\historical_csv\football-data\2122\I1.csv:293,data\historical_csv\football-data\2122\I1.csv,293,2022-03-20,I1,Empoli,Verona,home,0.35908745882189563,0.3513918061975577,3.058,3.1,7.455614335213134,0.0056956526243379345,5,0.0,BW,3.0-4.0,sportsbook,0.3270111183780249,1.0980894490773567,0.007695652624337912,0.015861463508150337,1.1177611075068705,0.12894380308316658,0.4013739956645898,0.2,1.373446697187708,home:3.0-4.0,home:sportsbook,sportsbook:3.0-4.0,8.190418043329323,6.170608426850684,0.3,0.34718969400539795,0.35038086471357366,0.3475542327712079,0.11423355224337585,,,0.0,lower_clv,True,0.36168373667842746,2.7648464627788853,10.6028866762631,True,draw,False,-0.3
2022-03,data\historical_csv\football-data\2122\SP2.csv:356,data\historical_csv\football-data\2122\SP2.csv,356,2022-03-26,SP2,Eibar,Lugo,home,0.5854352586387034,0.5744339290115107,1.784,1.8,2.479012935653513,0.00900132962719264,5,0.0,WH,1.5-2.0,sportsbook,0.5605381165919282,1.0444165014114468,0.01100132962719269,0.015375448428103197,0.5788580341578177,0.34273444205736553,0.3388839029422734,0.2,0.8968609865470878,home:1.5-2.0,home:sportsbook,sportsbook:1.5-2.0,5.311192463559803,3.2913828470811644,0.42,0.5789875720127868,0.5990297819885544,0.5812770648531264,0.11423355224337585,,,0.0,lower_clv,True,0.5788699606227742,1.727503702082166,3.270400975102916,True,home,True,0.33
2022-03,data\historical_csv\football-data\2122\SP2.csv:355,data\historical_csv\football-data\2122\SP2.csv,355,2022-03-26,SP2,Ibiza,Sociedad B,home,0.5433938829374321,0.5374648394779583,1.8918,1.91,1.6775983324401444,0.003929043459473773,5,0.0,WH,1.5-2.0,sportsbook,0.528597103287874,1.0279925477410339,0.0059290434594737595,0.007230562549277307,0.637528756796933,0.2952769120138196,0.3464292266401592,0.2,0.9620467279839229,home:1.5-2.0,home:sportsbook,sportsbook:1.5-2.0,4.170154679411887,2.150345062933248,0.24,0.539963765001233,0.5530124371338895,0.5414543611710054,0.11423355224337585,,,0.0,lower_clv,True,0.5119559743061851,1.9532929591362298,-3.1481687807559,False,draw,False,-0.24
2022-03,data\historical_csv\football-data\2122\SP2.csv:359,data\historical_csv\football-data\2122\SP2.csv,359,2022-03-27,SP2,Mirandes,Ponferradina,home,0.43005259638776006,0.4143289447340609,2.519,2.55,4.369461178509937,0.013723651653699173,5,0.0,WH,2.0-3.0,sportsbook,0.39698292973402144,1.0833024903007675,0.015723651653699156,0.03191156562934721,0.9238619973704731,0.18494523565985366,0.3973092506731539,0.2,1.2306470821754623,home:2.0-3.0,home:sportsbook,sportsbook:2.0-3.0,6.24179308093682,4.221983464458182,0.28,0.4137434833841135,0.4281759564773862,0.41539215605321494,0.11423355224337585,,,0.0,lower_clv,True,0.45336439671680695,2.2057312114533945,14.202491532963668,True,home,True,0.43
2022-03,data\historical_csv\football-data\2122\SP2.csv:364,data\historical_csv\football-data\2122\SP2.csv,364,2022-03-28,SP2,Las Palmas,Leganes,home,0.4592355315878979,0.44523821312096107,2.274,2.3,1.2471696637065488,0.011997318466936847,5,0.0,WH,2.0-3.0,sportsbook,0.4397537379067722,1.04430159883088,0.013997318466936859,0.026124543162968552,0.8215403953283443,0.2108972734728192,0.37728054016954404,0.2,1.1433597185575906,home:2.0-3.0,home:sportsbook,sportsbook:2.0-3.0,3.6420135544329524,1.6222039379543136,0.13,0.4468874403603972,0.4603291221553308,0.44842293141995754,0.11423355224337585,,,0.0,lower_clv,True,0.4586300803013643,2.1804064821542086,4.29248026053024,True,home,True,0.17
2022-04,data\historical_csv\football-data\2122\SP2.csv:380,data\historical_csv\football-data\2122\SP2.csv,380,2022-04-09,SP2,Las Palmas,Amorebieta,home,0.5975611521825509,0.5765138277172466,1.7644,1.78,1.7200997624309933,0.019047324465304362,5,0.0,WH,1.5-2.0,sportsbook,0.5667649059170257,1.0543368969108928,0.02104732446530433,0.03187510499257745,0.5678106892486476,0.3570793305977378,0.33930160968899026,0.2,0.8841532532305685,home:1.5-2.0,home:sportsbook,sportsbook:1.5-2.0,5.818524852495353,1.7138887342474307,0.22,0.5764786257892055,0.6191376971463458,0.5968825459261853,0.47830202317717785,,,0.0,lower_clv,True,0.5864492114507026,1.705177499559245,3.473098868361957,True,home,True,0.17
2022-04,data\historical_csv\football-data\2122\I2.csv:339,data\historical_csv\football-data\2122\I2.csv,339,2022-04-10,I2,Perugia,Pisa,home,0.3579563597658329,0.3489457540778616,3.058,3.1,6.707611597010077,0.0070106056879712985,5,0.0,WH,3.0-4.0,sportsbook,0.3270111183780249,1.094630548163917,0.009010605687971296,0.019585084876149374,1.1177611075068705,0.1281327554968064,0.40010969713098515,0.2,1.373446697187708,home:3.0-4.0,home:sportsbook,sportsbook:3.0-4.0,9.415778258828915,5.311142140580993,0.26,0.34437914369058537,0.3505076068196632,0.34731040000419,0.47830202317717785,,,0.0,lower_clv,True,0.3805791671288551,2.627574198409614,16.38110930800387,True,draw,False,-0.26
2022-04,data\historical_csv\football-data\2122\I2.csv:338,data\historical_csv\football-data\2122\I2.csv,338,2022-04-10,I2,Crotone,Ternana,home,0.38389455206379036,0.37485779653688756,2.8423999999999996,2.88,6.549580087644902,0.007036755526902778,5,0.0,WH,2.0-3.0,sportsbook,0.3518153672952435,1.0911818747861175,0.009036755526902807,0.01832991765335994,1.0446487657246801,0.14737502710425826,0.40103496998186755,0.2,1.3228257810301347,home:2.0-3.0,home:sportsbook,sportsbook:2.0-3.0,9.161907346114589,5.057271227866667,0.27,0.3696076246406793,0.3795083684228868,0.374343170422668,0.47830202317717785,,,0.0,lower_clv,True,0.4325431998305062,2.311907805721727,22.94607911982307,True,away,False,-0.27
2022-04,data\historical_csv\football-data\2122\I2.csv:336,data\historical_csv\football-data\2122\I2.csv,336,2022-04-10,I2,Ascoli,Reggina,home,0.4596956825843141,0.4471964030731303,2.274,2.3,1.6924620588298245,0.010499279511183785,5,0.0,WH,2.0-3.0,sportsbook,0.4397537379067722,1.0453479821967302,0.012499279511183792,0.0228396304532577,0.8215403953283443,0.21132012058665844,0.3776585728010505,0.2,1.1433597185575906,home:2.0-3.0,home:sportsbook,sportsbook:2.0-3.0,5.396157978715092,1.2915218604671699,0.1,0.44543325356405966,0.46480908812782024,0.45470075443665264,0.47830202317717785,,,0.0,lower_clv,True,0.5472317538553442,1.8273793378304963,24.440500826705257,True,home,True,0.13
2022-04,data\historical_csv\football-data\2122\SP2.csv:409,data\historical_csv\football-data\2122\SP2.csv,409,2022-04-29,SP2,Las Palmas,Malaga,home,0.5890645570319245,0.5829845136878523,1.8330000000000002,1.85,6.861061358983345,0.004080043344072175,5,0.0,WH,1.5-2.0,sportsbook,0.5455537370430987,1.0797553330395178,0.006080043344072195,0.006926309341424281,0.605953968857568,0.3469970523512174,0.3569460062468199,0.2,0.9274413529732684,home:1.5-2.0,home:sportsbook,sportsbook:1.5-2.0,10.909116892097444,6.804480773849522,0.82,0.5826758361912139,0.6097470949004293,0.5956240740017844,0.47830202317717785,,,0.0,lower_clv,True,0.549552084144152,1.8196637386197079,0.7328970236230692,True,home,True,0.68
2022-04,data\historical_csv\football-data\2122\SP2.csv:410,data\historical_csv\football-data\2122\SP2.csv,410,2022-04-30,SP2,Oviedo,Mirandes,home,0.5605589059670222,0.5449196905116134,2.029,2.05,10.564205204806342,0.013639215455408771,5,0.0,WH,2.0-3.0,sportsbook,0.49285362247412523,1.1373740202070879,0.015639215455408806,0.02433145796137109,0.7075430608436777,0.31422628705894484,0.3966195641110902,0.2,1.0349926071956617,home:2.0-3.0,home:sportsbook,sportsbook:2.0-3.0,13.864723281816511,9.760087163568588,0.95,0.5409565656164051,0.5780842248163741,0.558714800127583,0.47830202317717785,,,0.0,lower_clv,True,0.45684719883275243,2.188915686809521,-7.305703356834536,False,home,True,0.98
2022-04,data\historical_csv\football-data\2122\SP2.csv:412,data\historical_csv\football-data\2122\SP2.csv,412,2022-04-30,SP2,Burgos,Almeria,away,0.47124924360836784,0.4639550268583929,2.274,2.3,5.5033731075985415,0.005294216749974914,5,0.0,WH,2.0-3.0,sportsbook,0.4397537379067722,1.0716207799654285,0.0072942167499749355,0.011234430233642302,0.8215403953283443,0.22207584960145882,0.38715028989220174,0.2,1.1433597185575906,away:2.0-3.0,away:sportsbook,sportsbook:2.0-3.0,7.1545644005176925,3.0499282822697706,0.24,0.45316591153152935,0.47783421191709885,0.4649648095142896,0.47830202317717785,,,0.0,lower_clv,True,0.4897903107991644,2.0416900415370693,11.378316675729995,True,away,True,0.31
2022-05,data\historical_csv\football-data\2122\SP2.csv:413,data\historical_csv\football-data\2122\SP2.csv,413,2022-05-01,SP2,Amorebieta,Fuenlabrada,home,0.4976514291514918,0.4874889311195417,2.176,2.2,6.077591411612282,0.008162498031950082,5,0.0,WH,2.0-3.0,sportsbook,0.45955882352941174,1.0828895098336462,0.010162498031950074,0.016402038764095076,0.7774883289936962,0.24765694493652227,0.38691817807231815,0.2,1.1029411764705843,home:2.0-3.0,home:sportsbook,sportsbook:2.0-3.0,9.141312217772915,6.993451573840835,0.59,0.4916978473062538,0.5148634700097158,0.5109524328366339,0.8311706435373597,,,0.0,lower_clv,True,0.581243344271262,1.7204498079092108,26.47855171342661,True,home,True,0.69
2022-05,data\historical_csv\football-data\2122\SP2.csv:422,data\historical_csv\football-data\2122\SP2.csv,422,2022-05-07,SP2,Huesca,Sp Gijon,away,0.2965403624382208,0.28941110378912693,3.7439999999999998,3.8,8.355517258649115,0.005129258649093833,5,0.0,WH,3.0-4.0,sportsbook,0.2670940170940171,1.1102471169686985,0.007129258649093861,0.017296999999999757,1.3201545586153456,0.08793618655499134,0.391479111286264,0.2,1.4957264957264904,away:3.0-4.0,away:sportsbook,sportsbook:3.0-4.0,8.667931996641409,6.520071352709328,0.24,0.28450873758736467,0.28595478941987573,0.28571065341958124,0.8311706435373597,,,0.0,lower_clv,True,0.28239112442415465,3.5411877835720813,5.727236984403494,True,draw,False,-0.24
2022-05,data\historical_csv\football-data\2122\SP2.csv:452,data\historical_csv\football-data\2122\SP2.csv,452,2022-05-21,SP2,Ponferradina,Leganes,home,0.6233498811187735,0.6195013967297761,1.7644,1.78,9.304826439001701,0.0018484843889974099,5,0.0,WH,1.5-2.0,sportsbook,0.5667649059170257,1.0998385302459641,0.0038484843889974307,0.002965404253674989,0.5678106892486476,0.3885650742907891,0.35394472564111334,0.2,0.8841532532305685,home:1.5-2.0,home:sportsbook,sportsbook:1.5-2.0,13.207459318454255,11.059598674522174,1.45,0.6294468299394819,0.6558425940522066,0.6513862141837156,0.8311706435373597,,,0.0,lower_clv,True,0.5499576783273532,1.8183217353040875,-2.9654672359218037,False,away,False,-1.45
2022-05,data\historical_csv\football-data\2122\SP2.csv:443,data\historical_csv\football-data\2122\SP2.csv,443,2022-05-21,SP2,Cartagena,Amorebieta,away,0.4102114589026323,0.3979339424616097,2.715,2.75,8.039065378327015,0.010277516441022573,5,0.0,WH,2.0-3.0,sportsbook,0.3683241252302026,1.1137241109206466,0.012277516441022596,0.025054191485816203,0.9987919533858987,0.16827344101502598,0.40971590433863936,0.2,1.2891344383057168,away:2.0-3.0,away:sportsbook,sportsbook:2.0-3.0,9.276748445762536,7.128887801830455,0.42,0.39458153886493724,0.41484720441209694,0.4114257651394828,0.8311706435373597,,,0.0,lower_clv,True,0.34396006400239365,2.9073142630681708,-6.614842623350126,False,home,False,-0.42
2022-05,data\historical_csv\football-data\2122\SP2.csv:448,data\historical_csv\football-data\2122\SP2.csv,448,2022-05-21,SP2,Eibar,Tenerife,home,0.5038581329409396,0.49349074871404824,2.127,2.15,4.965482251478059,0.008367384226891381,5,0.0,WH,2.0-3.0,sportsbook,0.47014574518100616,1.0717062487653786,0.010367384226891374,0.016606627302118343,0.7547125362181001,0.2538730181307296,0.3802680494059732,0.2,1.0813352139163124,home:2.0-3.0,home:sportsbook,sportsbook:2.0-3.0,8.169484539633274,6.021623895701193,0.53,0.4984561537174481,0.5219333689964676,0.5179697258493758,0.8311706435373597,,,0.0,lower_clv,True,0.47159877270530515,2.120446570001752,0.30905895441839526,True,home,True,0.6
2022-08,data\historical_csv\football-data\2223\I2.csv:11,data\historical_csv\football-data\2223\I2.csv,11,2022-08-14,I2,Venezia,Genoa,away,0.42508089653346876,0.41710859091189534,2.6660000000000004,2.7,11.20115033711131,0.005972305621573442,5,0.0,WH,2.0-3.0,sportsbook,0.3750937734433608,1.1332656701582278,0.007972305621573417,0.01404980950750209,0.980579221756517,0.18069376859769756,0.41682549470635133,0.2,1.275318829707417,away:2.0-3.0,away:sportsbook,sportsbook:2.0-3.0,11.643277540375198,6.982804636776413,0.42,0.40128583884762337,0.42918105109706883,0.4285666191091956,0.9779735682819384,,,0.0,lower_clv,True,0.4862549116664027,2.056534496634667,29.635559450262996,True,away,True,0.7
2022-08,data\historical_csv\football-data\2223\I2.csv:29,data\historical_csv\football-data\2223\I2.csv,29,2022-08-28,I2,Pisa,Genoa,away,0.4247787610619469,0.4172544014904518,2.519,2.55,5.106383735444808,0.0055243595714951355,5,0.0,WH,2.0-3.0,sportsbook,0.39698292973402144,1.0700176991150443,0.0075243595714951095,0.013005263157894797,0.9238619973704731,0.18043699584932257,0.39243695463524525,0.2,1.2306470821754623,away:2.0-3.0,away:sportsbook,sportsbook:2.0-3.0,6.502514238113507,1.8420413345147217,0.12,0.4042955193906897,0.4288369566143254,0.4282963963230559,0.9779735682819384,,,0.0,lower_clv,True,0.49443352075669394,2.0225165932713742,24.54780387861122,True,away,True,0.18
2022-09,data\historical_csv\football-data\2223\E3.csv:102,data\historical_csv\football-data\2223\E3.csv,102,2022-09-17,E3,Gillingham,Mansfield,home,0.2699798435701823,0.2624979311775837,3.94,4.0,3.4241848839679623,0.005481912392598622,4,0.0,B365,3.0-4.0,sportsbook,0.25380710659898476,1.0637205836665182,0.0074819123925986,0.020304895062188515,1.3711807233098425,0.0728891159341801,0.37019115718564066,0.25,1.522842639593902,home:3.0-4.0,home:sportsbook,sportsbook:3.0-4.0,5.7013679280322656,3.3261936712899685,0.11,0.2622492225159644,0.2535044566169744,0.25370374480974994,0.9772105742935278,,,0.0,lower_clv,True,0.2807573830207578,3.5617941342830686,10.618408910178578,True,away,False,-0.11
2022-09,data\historical_csv\football-data\2223\SP2.csv:71,data\historical_csv\football-data\2223\SP2.csv,71,2022-09-24,SP2,Malaga,Villarreal B,home,0.42487665615409226,0.41201404080543763,2.5876,2.62,6.612753198815047,0.01086261534865462,5,0.0,WH,2.0-3.0,sportsbook,0.38645849435770596,1.0994108354643293,0.012862615348654627,0.025566514872765844,0.9507308051876934,0.18052017294468276,0.4039433254108349,0.2,1.2521255217189609,home:2.0-3.0,home:sportsbook,sportsbook:2.0-3.0,9.546907870587333,7.171733613845036,0.45,0.414174268101117,0.42596128374244885,0.42569266442518966,0.9772105742935278,,,0.0,lower_clv,True,0.46147012614537825,2.166987510877285,19.410009841378084,True,draw,False,-0.45
2022-09,data\historical_csv\football-data\2223\SP2.csv:73,data\historical_csv\football-data\2223\SP2.csv,73,2022-09-25,SP2,Burgos,Levante,away,0.41692650334075726,0.41022318694664706,2.568,2.6,5.34531440789896,0.0047033163941102235,5,0.0,WH,2.0-3.0,sportsbook,0.3894080996884735,1.0706672605790646,0.006703316394110204,0.01128092447091608,0.9431273858277147,0.17382770918795049,0.39321480317805835,0.2,1.2461059190031154,away:2.0-3.0,away:sportsbook,sportsbook:2.0-3.0,6.468623377096951,4.093449120354654,0.26,0.4053483221197611,0.4169770327855815,0.4167120211478007,0.9772105742935278,,,0.0,lower_clv,True,0.4044511746432225,2.4724863288680705,3.863061648379551,True,draw,False,-0.26
2022-10,data\historical_csv\football-data\2223\E3.csv:147,data\historical_csv\football-data\2223\E3.csv,147,2022-10-08,E3,Stevenage,Swindon,away,0.22238279709798262,0.21660922235933883,4.92,5.0,6.571737400794708,0.0037735747386437824,5,0.0,B365,4.0-5.0,sportsbook,0.2032520325203252,1.0941233617220745,0.0057735747386437886,0.016968824872641262,1.5933085305042167,0.049454108445122505,0.35432440765360407,0.2,1.6260162601626105,away:4.0-5.0,away:sportsbook,sportsbook:4.0-5.0,6.238541244616965,3.8664521757874097,0.1,0.21111067515403945,0.2074835336541707,0.20927307654849736,0.5066244605038396,,,0.0,lower_clv,True,0.20870471336908614,4.791458630028825,2.6827189775903815,True,home,False,-0.1
2022-10,data\historical_csv\football-data\2223\T1.csv:92,data\historical_csv\football-data\2223\T1.csv,92,2022-10-21,T1,Antalyaspor,Istanbulspor,home,0.5424024404823852,0.5382719030360479,2.0780000000000003,2.1,11.852901450890773,0.002130537446337237,5,0.0,VC,2.0-3.0,sportsbook,0.4812319538017324,1.1271122713223964,0.00413053744633729,0.003927964344043963,0.7314058926770358,0.29420040744124737,0.39671634117122173,0.2,1.0587102983637964,home:2.0-3.0,home:sportsbook,sportsbook:2.0-3.0,10.644818145591813,8.272729076762259,0.77,0.5210429695705594,0.5510068905968429,0.5362234248950799,0.5066244605038396,,,0.0,lower_clv,True,0.5438661267836887,1.8386877776591681,13.01538114565053,True,home,True,0.83
2022-11,data\historical_csv\football-data\2223\F2.csv:139,data\historical_csv\football-data\2223\F2.csv,139,2022-11-05,F2,Rodez,Grenoble,draw,0.32291555599626626,0.31511703585231654,3.205,3.25,0.9950099906674614,0.00579852014394969,5,0.0,B365,3.0-4.0,sportsbook,0.31201248049922,1.0349443569680334,0.0077985201439497165,0.017956769304779904,1.1647120903726333,0.10427445630437777,0.37610365223825243,0.2,1.4040561622464809,draw:3.0-4.0,draw:sportsbook,sportsbook:3.0-4.0,3.0851934792067293,3.0851934792067293,0.14,0.32163866920189305,0.31552891576172437,0.3156688551442294,0.9770957398076042,,,0.0,lower_clv,True,0.33656019134595083,2.9712367229197887,7.8675413263772365,True,away,False,-0.14
2022-11,data\historical_csv\football-data\2223\F2.csv:140,data\historical_csv\football-data\2223\F2.csv,140,2022-11-05,F2,Valenciennes,Caen,draw,0.3162765222865135,0.31106647661257625,3.254,3.3,1.221031489732316,0.003210045673937221,5,0.0,B365,3.0-4.0,sportsbook,0.3073140749846343,1.0291638035203148,0.005210045673937236,0.010149490865557371,1.179885008796846,0.10003083854965146,0.37316992728025883,0.2,1.41364474492931,draw:3.0-4.0,draw:sportsbook,sportsbook:3.0-4.0,2.6960680434110094,2.6960680434110094,0.12,0.3155994715531992,0.30811161003770254,0.3082831139661381,0.9770957398076042,,,0.0,lower_clv,True,0.3014550052173181,3.3172446391430874,-1.9065413022846922,False,draw,True,0.27
2022-11,data\historical_csv\football-data\2223\G1.csv:77,data\historical_csv\football-data\2223\G1.csv,77,2022-11-06,G1,Panathinaikos,Olympiakos,home,0.42596626306461566,0.4170147100713783,2.4210000000000003,2.45,0.9592613082807011,0.006951552993237343,5,0.0,IW,2.0-3.0,sportsbook,0.41305245766212306,1.0312643228794347,0.008951552993237355,0.01631949193164823,0.8841806779559216,0.18144725726923336,0.3766311392628223,0.2,1.1978521272201448,home:2.0-3.0,home:sportsbook,sportsbook:2.0-3.0,1.6240028634571035,1.6240028634571035,0.11,0.4197604414021358,0.43195113491951637,0.43167191610326855,0.9770957398076042,,,0.0,lower_clv,True,0.4265439613316076,2.3444242344403303,3.2662930383822175,True,draw,False,-0.11
2022-11,data\historical_csv\football-data\2223\I2.csv:122,data\historical_csv\football-data\2223\I2.csv,122,2022-11-11,I2,Ascoli,Frosinone,home,0.3092074609008986,0.30119847542906497,3.352,3.4,0.9617289638225834,0.006008985471833647,5,0.0,WH,3.0-4.0,sportsbook,0.2983293556085919,1.0364634089398121,0.008008985471833652,0.019433507375035606,1.2095571826198366,0.09560925387678075,0.3740041052523242,0.2,1.4319809069212486,home:3.0-4.0,home:sportsbook,sportsbook:3.0-4.0,4.680112453301505,4.680112453301505,0.2,0.31229150493228375,0.3002306566154267,0.30050690142341696,0.9770957398076042,,,0.0,lower_clv,True,0.287208821160232,3.481787209600036,-3.7276031470902415,False,away,False,-0.2
2022-11,data\historical_csv\football-data\2223\E2.csv:215,data\historical_csv\football-data\2223\E2.csv,215,2022-11-19,E2,Exeter,Ipswich,home,0.2173529206297587,0.20958228126194614,4.92,5.0,3.1144823808775035,0.005770639367812553,5,0.0,B365,4.0-5.0,sportsbook,0.2032520325203252,1.0693763694984129,0.007770639367812554,0.026549628829889624,1.5933085305042167,0.04724229210628618,0.34631026256940045,0.2,1.6260162601626105,home:4.0-5.0,home:sportsbook,sportsbook:4.0-5.0,3.922005546311935,3.922005546311935,0.1,0.21122358850876408,0.19994864878799157,0.2002068929410097,0.9770957398076042,,,0.0,lower_clv,True,0.20958403125155312,4.771355880638399,3.1153433757641347,True,away,False,-0.1
2022-12,data\historical_csv\football-data\2223\I2.csv:169,data\historical_csv\football-data\2223\I2.csv,169,2022-12-11,I2,Bari,Modena,away,0.2322383011149716,0.22085354943641702,4.684799999999999,4.76,3.4654708399726397,0.00938475167855457,5,0.0,PS,4.0-5.0,sportsbook,0.2134562841530055,1.0879899930634187,0.011384751678554572,0.04041000831257617,1.5443232253448005,0.05393462850476822,0.3586510022264699,0.2,1.605191256830607,away:4.0-5.0,away:sportsbook,sportsbook:4.0-5.0,4.1712257562631105,4.1712257562631105,0.11,0.22236002765595786,0.21691368476133652,0.21896635964104377,0.6231095031246715,,,0.0,lower_clv,True,0.2333080032343567,4.286179582941719,9.30013335523141,True,home,False,-0.11
2023-01,data\historical_csv\football-data\2223\E2.csv:279,data\historical_csv\football-data\2223\E2.csv,279,2023-01-01,E2,Bristol Rvs,Cheltenham,away,0.24147050450841537,0.23477160014125834,4.43,4.5,4.003818862577435,0.004698904367157034,5,0.0,B365,4.0-5.0,sportsbook,0.22573363431151244,1.06971433497228,0.0066989043671570325,0.01945953762229902,1.4883995840570443,0.05830800454754865,0.35940459847237005,0.2,1.5801354401805856,away:4.0-5.0,away:sportsbook,sportsbook:4.0-5.0,4.560545439723728,4.560545439723728,0.13,0.23602831927702875,0.22774588328834114,0.22938973239025906,0.8015258911553136,,,0.0,lower_clv,True,0.20907240140665578,4.783032065791182,-7.380926176851499,False,home,False,-0.13
2023-01,data\historical_csv\football-data\2223\F2.csv:186,data\historical_csv\football-data\2223\F2.csv,186,2023-01-13,F2,Guingamp,Grenoble,away,0.27199877819552715,0.26718639776867353,3.8714,3.93,3.4385420321642712,0.002812380426853594,4,0.0,PS,3.0-4.0,sportsbook,0.2583044893320246,1.0530160699061637,0.004812380426853613,0.010339680367357775,1.3536161987293083,0.07398333533985957,0.36818195220004574,0.25,1.5136643074856737,away:3.0-4.0,away:sportsbook,sportsbook:3.0-4.0,3.0938930025569187,3.0938930025569187,0.11,0.26629615385275845,0.2629024899186409,0.2635760443436832,0.8015258911553136,,,0.0,lower_clv,True,0.2527975575827611,3.9557344207038825,-2.1319535574098603,False,away,True,0.32
2023-01,data\historical_csv\football-data\2223\I2.csv:199,data\historical_csv\football-data\2223\I2.csv,199,2023-01-15,I2,Cosenza,Benevento,home,0.2795641929546222,0.2701680166486572,3.8518,3.91,4.063316652729765,0.007396176305964998,5,0.0,PS,3.0-4.0,sportsbook,0.25961887948491613,1.0768253584226137,0.00939617630596501,0.026456093063268363,1.3485405715079748,0.07815613798236923,0.37700365654019197,0.2,1.5109818786022133,home:3.0-4.0,home:sportsbook,sportsbook:3.0-4.0,4.74323322675518,4.74323322675518,0.17,0.2719332084395742,0.2717117261972417,0.27175568468791356,0.8015258911553136,,,0.0,lower_clv,True,0.2812318778987724,3.555784669474573,8.32489472904916,True,draw,False,-0.17
2023-01,data\historical_csv\football-data\2223\I2.csv:213,data\historical_csv\football-data\2223\I2.csv,213,2023-01-28,I2,Bari,Perugia,away,0.2580763289586106,0.2467667220832402,4.2242,4.29,4.239198742402306,0.00930960687537041,5,0.0,PS,4.0-5.0,sportsbook,0.23673121537805977,1.0901660287869628,0.011309606875370415,0.036073075407328244,1.4408298937679047,0.06660339156875299,0.37184408963744575,0.2,1.5576913971876438,away:4.0-5.0,away:sportsbook,sportsbook:4.0-5.0,4.591012250852378,4.591012250852378,0.14,0.24759957447765824,0.24678686111470435,0.24694816367516279,0.8015258911553136,,,0.0,lower_clv,True,0.256659389226734,3.896214368049461,8.418059197156968,True,away,True,0.45
2023-02,data\historical_csv\football-data\2223\I2.csv:238,data\historical_csv\football-data\2223\I2.csv,238,2023-02-11,I2,Venezia,Spal,draw,0.28266370545680874,0.27122455425355785,3.646,3.7,-1.1115275191528107,0.0094391512032509,5,0.0,B365,3.0-4.0,sportsbook,0.27427317608337903,1.0305918700955246,0.011439151203250897,0.03339357342675609,1.2936306762564713,0.07989877038257354,0.3656624404432515,0.2,1.4810751508502529,draw:3.0-4.0,draw:sportsbook,sportsbook:3.0-4.0,2.8593184830649463,2.8593184830649463,0.11,0.2821155197012204,0.27335962292795213,0.27680088740983017,0.6069774951682606,,,0.0,lower_clv,True,0.29218027606771113,3.4225445107330095,6.528928654287469,True,home,False,-0.11
2023-02,data\historical_csv\football-data\2223\I2.csv:242,data\historical_csv\football-data\2223\I2.csv,242,2023-02-17,I2,Pisa,Venezia,away,0.28398556730028673,0.27718653313532016,3.646,3.7,1.0622099811377295,0.004799034164966591,5,0.0,WH,3.0-4.0,sportsbook,0.27427317608337903,1.0354113783768455,0.0067990341649665775,0.016898866412785287,1.2936306762564713,0.08064780243486569,0.3673724414737476,0.2,1.4810751508502529,away:3.0-4.0,away:sportsbook,sportsbook:3.0-4.0,2.9934856459185935,2.9934856459185935,0.11,0.28248350424004004,0.27490159085874794,0.27788145344728066,0.6069774951682606,,,0.0,lower_clv,True,0.272209767960142,3.6736374579564086,-0.752318601732227,False,draw,False,-0.11
2023-02,data\historical_csv\football-data\2223\B1.csv:234,data\historical_csv\football-data\2223\B1.csv,234,2023-02-19,B1,Kortrijk,Anderlecht,home,0.2605710148794662,0.2555716900790206,3.94,4.0,0.6952458911340997,0.0029993248004456293,4,0.0,B365,3.0-4.0,sportsbook,0.25380710659898476,1.0266497986250969,0.004999324800445626,0.011510584942968595,1.3711807233098425,0.067897253795315,0.3572899526560062,0.25,1.522842639593902,home:3.0-4.0,home:sportsbook,sportsbook:3.0-4.0,2.9937154850129106,2.9937154850129106,0.1,0.2614053692513018,0.24775415508964452,0.2531193894734536,0.6069774951682606,,,0.0,lower_clv,True,0.24809640580648315,4.030691201467895,-2.2500161122456452,False,draw,False,-0.1
2023-02,data\historical_csv\football-data\2223\F2.csv:240,data\historical_csv\football-data\2223\F2.csv,240,2023-02-20,F2,Nimes,St Etienne,home,0.27429361793390744,0.26748173024201205,3.842,3.9,2.766480758981027,0.004811887691895374,4,0.0,PS,3.0-4.0,sportsbook,0.2602811035918792,1.0538360801020723,0.006811887691895391,0.01754283503983977,1.345993064346365,0.07523698883927239,0.3691973073335111,0.25,1.5096304008328953,home:3.0-4.0,home:sportsbook,sportsbook:3.0-4.0,3.486485441802423,3.486485441802423,0.12,0.2693557663763728,0.26362080509531977,0.2658747739431123,0.6069774951682606,,,0.0,lower_clv,True,0.2611271146696167,3.829552519910543,0.3250374560667346,True,away,False,-0.12
2023-02,data\historical_csv\football-data\2223\E3.csv:373,data\historical_csv\football-data\2223\E3.csv,373,2023-02-21,E3,Grimsby,Harrogate,home,0.5385975187269482,0.5244919841641833,1.931,1.95,1.2794021421038027,0.012105534562764841,5,0.0,IW,1.5-2.0,sportsbook,0.5178663904712584,1.0400318086617368,0.014105534562764865,0.02247603106560534,0.6580380034463774,0.29008728717882526,0.35441763588425385,0.2,0.9839461418953865,home:1.5-2.0,home:sportsbook,sportsbook:1.5-2.0,2.0851100165106815,2.0851100165106815,0.22,0.528664474451117,0.5781236175319622,0.558685061231497,0.6069774951682606,,,0.0,lower_clv,True,0.5304863346157785,1.8850626957700645,2.436911214306847,True,draw,False,-0.22
2023-02,data\historical_csv\football-data\2223\F2.csv:250,data\historical_csv\football-data\2223\F2.csv,250,2023-02-27,F2,Amiens,Bordeaux,draw,0.3014033106072671,0.2862114530580802,3.45,3.5,-1.257048694962326,0.013191857549186904,4,0.0,B365,3.0-4.0,sportsbook,0.2898550724637681,1.0398414215950715,0.015191857549186893,0.043768124253870874,1.2383742310432684,0.09084395564502074,0.37325009300716977,0.25,1.4492753623188248,draw:3.0-4.0,draw:sportsbook,sportsbook:3.0-4.0,4.510341794578506,4.510341794578506,0.18,0.30292852694080724,0.2953121798917898,0.2983055756866625,0.6069774951682606,,,0.0,lower_clv,True,0.2866377138648044,3.4887244477244894,-1.1099887166424738,False,away,False,-0.18
2023-02,data\historical_csv\football-data\2223\I2.csv:262,data\historical_csv\football-data\2223\I2.csv,262,2023-02-28,I2,Cosenza,Reggina,home,0.2156195124762267,0.20342771442423882,4.92,5.0,0.08643549672548989,0.010191798051987881,4,0.0,VC,4.0-5.0,sportsbook,0.2032520325203252,1.0608480013830355,0.01219179805198789,0.047267512735479286,1.5933085305042167,0.04649177416048569,0.3435484085715324,0.25,1.6260162601626105,home:4.0-5.0,home:sportsbook,sportsbook:4.0-5.0,5.604852307952783,5.604852307952783,0.14,0.2146440087560016,0.19682073937359876,0.20382568535056156,0.6069774951682606,,,0.0,lower_clv,True,0.25287356321839083,3.954545454545454,24.41379310344829,True,home,True,0.55
2023-02,data\historical_csv\football-data\2223\I2.csv:264,data\historical_csv\football-data\2223\I2.csv,264,2023-02-28,I2,Parma,Pisa,away,0.2583405049347829,0.24613921042236628,4.038,4.1,-0.6089868314484881,0.010201294512416612,4,0.0,VC,4.0-5.0,sportsbook,0.24764735017335313,1.0431789589266534,0.01220129451241661,0.039487785761632276,1.3957495198906458,0.06673981648995858,0.3605786357310302,0.25,1.535413571074784,away:4.0-5.0,away:sportsbook,sportsbook:4.0-5.0,3.1047321031248063,3.1047321031248063,0.1,0.25533613695672314,0.2451876926804402,0.24917625967005025,0.6069774951682606,,,0.0,lower_clv,True,0.24394876736246512,4.099221368535038,-1.4934877390365808,False,away,True,0.3
2023-03,data\historical_csv\football-data\2223\E3.csv:395,data\historical_csv\football-data\2223\E3.csv,395,2023-03-04,E3,Bradford,Colchester,away,0.216451359532833,0.20810454619792262,4.92,5.0,2.387436729377934,0.0063468133349103804,5,0.0,B365,4.0-5.0,sportsbook,0.2032520325203252,1.0649406889015385,0.008346813334910386,0.029322122755933287,1.5933085305042167,0.04685119104361174,0.34487379758289805,0.2,1.6260162601626105,away:4.0-5.0,away:sportsbook,sportsbook:4.0-5.0,4.10542150036643,4.10542150036643,0.1,0.21159638516334642,0.20152795105946378,0.20929936894288317,0.22814036390996073,,,0.0,lower_clv,True,0.19674676011840928,5.082675818387881,-3.200594021742642,False,home,False,-0.1
2023-03,data\historical_csv\football-data\2223\G1.csv:186,data\historical_csv\football-data\2223\G1.csv,186,2023-03-18,G1,Atromitos,Ionikos,away,0.2238966630785791,0.2218966630785791,4.8808,4.96,8.303323315392896,0.0,5,0.0,PS,4.0-5.0,sportsbook,0.20488444517292248,1.0927948331539288,0.0020000000000000018,0.0,1.5853091408555056,0.05012971573772277,0.35494542658551687,0.2,1.6226848057695475,away:4.0-5.0,away:sportsbook,sportsbook:4.0-5.0,4.574886139904653,4.574886139904653,0.12,0.21425767525795905,0.20987234113276895,0.21325720353477143,0.22814036390996073,,,0.0,lower_clv,True,0.2637211861140623,3.7918834460553694,28.71703651855153,True,home,False,-0.12
2023-03,data\historical_csv\football-data\2223\B1.csv:265,data\historical_csv\football-data\2223\B1.csv,265,2023-03-18,B1,Oostende,Westerlo,draw,0.2728724599814847,0.2671706596113712,3.8126,3.87,1.8614856834313853,0.003701800370113492,4,0.0,PS,3.0-4.0,sportsbook,0.2622882022766616,1.0403535409254085,0.0057018003701134745,0.013566046094811735,1.3383113710977392,0.07445937941634696,0.36518831605263374,0.25,1.5055342810680328,draw:3.0-4.0,draw:sportsbook,sportsbook:3.0-4.0,2.696515857215486,2.696515857215486,0.1,0.2693608452426572,0.26582113255816897,0.26855329390268134,0.22814036390996073,,,0.0,lower_clv,True,0.2635658488131172,3.794118261160062,0.4871155184890563,True,away,False,-0.1
2023-03,data\historical_csv\football-data\2223\SP2.csv:362,data\historical_csv\football-data\2223\SP2.csv,362,2023-03-26,SP2,Villarreal B,Huesca,away,0.31031745374753905,0.3020586956541224,3.548,3.6,7.170425218082643,0.006258758093416621,5,0.0,WH,3.0-4.0,sportsbook,0.2818489289740699,1.1010063258962686,0.00825875809341664,0.020168888400677838,1.266384064447333,0.09629692210035604,0.39298107834575574,0.2,1.4656144306651742,away:3.0-4.0,away:sportsbook,sportsbook:3.0-4.0,7.917795572686962,7.917795572686962,0.31,0.30416515099404445,0.3095544477900319,0.3053946671262998,0.22814036390996073,,,0.0,lower_clv,True,0.2157654557166628,4.634662192233275,-23.446416311728036,False,draw,False,-0.31
2023-03,data\historical_csv\football-data\2223\SP2.csv:359,data\historical_csv\football-data\2223\SP2.csv,359,2023-03-26,SP2,Ponferradina,Mirandes,home,0.45437321657559415,0.4424389789951854,2.372,2.4,4.946525817657976,0.009934237580408707,5,0.0,WH,2.0-3.0,sportsbook,0.4215851602023609,1.0777732697173092,0.011934237580408735,0.021863607312241184,0.863733481135479,0.2064550199412518,0.3924573600875629,0.2,1.180438448566612,home:2.0-3.0,home:sportsbook,sportsbook:2.0-3.0,6.236803138007769,6.236803138007769,0.45,0.4478785967032368,0.48072806951029073,0.4553728873836884,0.22814036390996073,,,0.0,lower_clv,True,0.40975363631242073,2.4404908495736692,-2.806437466693812,False,draw,False,-0.45
2023-03,data\historical_csv\football-data\2223\SP2.csv:364,data\historical_csv\football-data\2223\SP2.csv,364,2023-03-27,SP2,Malaga,Leganes,away,0.3764519038763763,0.3712048496319001,2.764,2.8,2.6010204382571844,0.003247054244476213,5,0.0,WH,2.0-3.0,sportsbook,0.36179450072358904,1.040513062314304,0.00524705424447619,0.008625415919114381,1.0166789059054233,0.14171603593214846,0.3827307097590478,0.2,1.302460202604916,away:2.0-3.0,away:sportsbook,sportsbook:2.0-3.0,3.015889534455962,3.015889534455962,0.17,0.3727058232071489,0.38795188494606136,0.3761840652804581,0.22814036390996073,,,0.0,lower_clv,True,0.30708099224906193,3.2564698735535456,-15.122813742359288,False,home,False,-0.17
2023-03,data\historical_csv\football-data\2223\B1.csv:272,data\historical_csv\football-data\2223\B1.csv,272,2023-03-31,B1,Waregem,Antwerp,away,0.5538805028105109,0.5375492535187537,1.931,1.95,3.800760854471341,0.01433124929175718,5,0.0,WH,1.5-2.0,sportsbook,0.5178663904712584,1.0695432509270966,0.01633124929175722,0.02587426208187016,0.6580380034463774,0.3067836113936244,0.36447442021730425,0.2,0.9839461418953865,away:1.5-2.0,away:sportsbook,sportsbook:1.5-2.0,5.944815273814856,5.944815273814856,0.64,0.5486525907499474,0.5970678136132659,0.5596980573127668,0.22814036390996073,,,0.0,lower_clv,True,0.520875902703197,1.91984308510009,0.5811368119873261,True,away,True,0.6
2023-05,data\historical_csv\football-data\2223\G1.csv:229,data\historical_csv\football-data\2223\G1.csv,229,2023-05-06,G1,Giannina,Asteras Tripolis,draw,0.4017102322417646,0.38463077305845433,2.715,2.75,4.427254885370346,0.015079459183310252,5,0.0,VC,2.0-3.0,sportsbook,0.3683241252302026,1.0906432805363908,0.017079459183310275,0.037538150569774026,0.9987919533858987,0.16137111068773247,0.4012249475558551,0.2,1.2891344383057168,draw:2.0-3.0,draw:sportsbook,sportsbook:2.0-3.0,9.396720186143938,7.341525406473,0.43,0.3953647344621473,0.4071340609271159,0.4015833367653218,0.5283736772604778,,,0.0,lower_clv,True,0.4214220319272948,2.372918177596665,14.416081668260539,True,home,False,-0.43
2023-05,data\historical_csv\football-data\2223\E3.csv:544,data\historical_csv\football-data\2223\E3.csv,544,2023-05-08,E3,Colchester,Mansfield,home,0.2735544269827748,0.26746043095375255,3.94,4.0,5.379409795778511,0.004093996029022297,5,0.0,B365,3.0-4.0,sportsbook,0.25380710659898476,1.0778044423121327,0.006093996029022275,0.014965928624068977,1.3711807233098425,0.07483202452187428,0.3750925570548507,0.2,1.522842639593902,home:3.0-4.0,home:sportsbook,sportsbook:3.0-4.0,6.296787398992863,4.241592619321925,0.14,0.26457257009980184,0.26364064420196853,0.2640801649862294,0.5283736772604778,,,0.0,lower_clv,True,0.21203095388946375,4.716292511334554,-16.459804167551283,False,away,False,-0.14
2023-05,data\historical_csv\football-data\2223\F2.csv:345,data\historical_csv\football-data\2223\F2.csv,345,2023-05-13,F2,Dijon,Amiens,home,0.4976985672323841,0.49024517143023827,2.274,2.3,11.481751983236176,0.005453395802145806,5,0.0,BW,2.0-3.0,sportsbook,0.4397537379067722,1.1317665418864415,0.0074533958021458235,0.010957226243328767,0.8215403953283443,0.24770386382516796,0.4088794776784434,0.2,1.1433597185575906,home:2.0-3.0,home:sportsbook,sportsbook:2.0-3.0,10.278585548246433,8.223390768575495,0.65,0.4759164061942634,0.5156008880988446,0.4968846418283639,0.5283736772604778,,,0.0,lower_clv,True,0.48291897550419266,2.0707407468425685,9.815775029653405,True,home,True,0.83
2023-08,data\historical_csv\football-data\2324\I2.csv:23,data\historical_csv\football-data\2324\I2.csv,23,2023-08-30,I2,Catanzaro,Spezia,home,0.3095091107377858,0.30392354251001696,3.45,3.5,4.853622165955862,0.0035855682277688363,5,0.0,VC,3.0-4.0,sportsbook,0.2898550724637681,1.067806432045361,0.0055855682277688445,0.011584693643498293,1.2383742310432684,0.09579588962969496,0.3832881070107913,0.2,1.4492753623188248,home:3.0-4.0,home:sportsbook,sportsbook:3.0-4.0,4.697941687223602,2.497592231483963,0.1,0.29709447023618535,0.3021259309216226,0.2982373089043169,0.22713854675230047,,,0.0,lower_clv,True,0.34089533273156747,2.9334517195852423,17.60888979239079,True,home,True,0.25
2023-10,data\historical_csv\football-data\2324\G1.csv:52,data\historical_csv\football-data\2324\G1.csv,52,2023-10-21,G1,Aris,Panserraikos,home,0.6449912687659259,0.6333022337414895,1.6467999999999998,1.66,4.292211852548489,0.009689035024436448,5,0.0,BW,1.5-2.0,sportsbook,0.6072382803011902,1.0621716214037267,0.011689035024436412,0.015021963077073373,0.49883401091361246,0.4160137367842789,0.32174358160276667,0.2,0.8015545299975724,home:1.5-2.0,home:sportsbook,sportsbook:1.5-2.0,3.2107750527088905,3.2107750527088905,0.5,0.6267353355155993,0.6717058504083145,0.6267353355155993,0.0,,,0.0,lower_clv,True,0.6358207927280337,1.5727702073243466,4.7069681464525726,True,home,True,0.32
2023-12,data\historical_csv\football-data\2324\G1.csv:96,data\historical_csv\football-data\2324\G1.csv,96,2023-12-17,G1,Lamia,Volos NFC,home,0.5007764890005578,0.49647951679472957,2.127,2.15,5.601193222238976,0.0022969722058282403,5,0.0,VC,2.0-3.0,sportsbook,0.47014574518100616,1.0651515921041863,0.004296972205828253,0.004586821179270023,0.7547125362181001,0.25077709193572584,0.37794229409200647,0.2,1.0813352139163124,home:2.0-3.0,home:sportsbook,sportsbook:2.0-3.0,4.257028672838754,4.257028672838754,0.38,0.490159984357493,0.4972497715559034,0.4970617135400304,0.9734748010610079,,,0.0,lower_clv,True,0.4386062399637443,2.2799493232988683,-6.708452759711592,False,away,False,-0.38
2023-12,data\historical_csv\football-data\2324\SC0.csv:104,data\historical_csv\football-data\2324\SC0.csv,104,2023-12-20,SC0,Aberdeen,Livingston,draw,0.25240170105693455,0.24301535639892818,4.2634,4.33,3.607167047119031,0.007386344658006353,5,0.0,B365,4.0-5.0,sportsbook,0.23455458085096403,1.0760894122861346,0.009386344658006363,0.029264242780757673,1.450066964016957,0.06370661869643415,0.36599936836434466,0.2,1.5621335084674337,draw:4.0-5.0,draw:sportsbook,sportsbook:4.0-5.0,3.4036667468088972,3.4036667468088972,0.1,0.24253803712250527,0.2294405140591892,0.2297879284640517,0.9734748010610079,,,0.0,lower_clv,True,0.24133597898176234,4.143600984068644,2.891181279084565,True,home,False,-0.1
2024-01,data\historical_csv\football-data\2324\SP2.csv:247,data\historical_csv\football-data\2324\SP2.csv,247,2024-01-20,SP2,Espanol,Villarreal B,draw,0.22834835470571682,0.22171193354887683,4.675,4.75,3.650328934099911,0.004636421156839993,4,0.0,B365,4.0-5.0,sportsbook,0.21390374331550802,1.0675285582492262,0.006636421156839989,0.020304158367224347,1.5422291627406504,0.052142971096807864,0.3521654918910027,0.25,1.6042780748663166,draw:4.0-5.0,draw:sportsbook,sportsbook:4.0-5.0,4.356873580093544,4.356873580093544,0.12,0.22322325899485249,0.20307248826264215,0.20348951580262997,0.9793046357615894,,,0.0,lower_clv,True,0.23132315510568996,4.322956772499091,8.143575011910054,True,home,False,-0.12
2024-02,data\historical_csv\football-data\2324\E3.csv:348,data\historical_csv\football-data\2324\E3.csv,348,2024-02-03,E3,Salford,Wrexham,home,0.2616059768953745,0.2573520300954633,4.136,4.2,6.44079964748363,0.0022539467999112173,4,0.0,B365,4.0-5.0,sportsbook,0.24177949709864602,1.082002320439269,0.004253946799911201,0.008615807737499249,1.419729137206128,0.06843768714738323,0.3714096278656363,0.25,1.547388781431347,home:4.0-5.0,home:sportsbook,sportsbook:4.0-5.0,5.765499907180385,5.765499907180385,0.18,0.2557192937794497,0.23877979044045675,0.23908249779104632,0.9821300929235168,,,0.0,lower_clv,True,0.3012477908469577,3.3195264177323978,24.5960862943017,True,home,True,0.56
2024-02,data\historical_csv\football-data\2324\I1.csv:230,data\historical_csv\football-data\2324\I1.csv,230,2024-02-10,I1,Roma,Inter,home,0.22292296728961417,0.21603438996371443,4.675,4.75,0.9960773080365026,0.004888577325899726,4,0.0,VC,4.0-5.0,sportsbook,0.21390374331550802,1.0421648720789463,0.006888577325899731,0.021929446684372578,1.5422291627406504,0.049694649345206385,0.34379830119872307,0.25,1.6042780748663166,home:4.0-5.0,home:sportsbook,sportsbook:4.0-5.0,3.7074400928801845,3.7074400928801845,0.1,0.22183409645535868,0.19941636512912314,0.19981696790478853,0.9821300929235168,,,0.0,lower_clv,True,0.2181027665796874,4.584994567845767,1.963043376003859,True,away,False,-0.1
2024-02,data\historical_csv\football-data\2324\E2.csv:387,data\historical_csv\football-data\2324\E2.csv,387,2024-02-17,E2,Peterboro,Blackpool,away,0.27214748332575006,0.2674700940011073,3.94,4.0,5.383217036436272,0.0026773893246427967,4,0.0,B365,3.0-4.0,sportsbook,0.25380710659898476,1.0722610843034552,0.004677389324642789,0.009838008758795189,1.3711807233098425,0.07406425268053941,0.3731633830335553,0.25,1.522842639593902,away:3.0-4.0,away:sportsbook,sportsbook:3.0-4.0,3.2243853426328624,3.2243853426328624,0.11,0.261990825742723,0.24964216667748584,0.24986283606750082,0.9821300929235168,,,0.0,lower_clv,True,0.24469983240753626,4.086639496894081,-3.588266031430709,False,away,True,0.32
2024-03,data\historical_csv\football-data\2324\E3.csv:441,data\historical_csv\football-data\2324\E3.csv,441,2024-03-12,E3,Tranmere,Mansfield,home,0.25352214045378485,0.24489714212613492,4.136,4.2,1.289457983369413,0.006624998327649926,4,0.0,B365,4.0-5.0,sportsbook,0.24177949709864602,1.0485675729168542,0.00862499832764993,0.026131833360951026,1.419729137206128,0.06427347570026862,0.35993276972910276,0.25,1.547388781431347,home:4.0-5.0,home:sportsbook,sportsbook:4.0-5.0,3.5523652059622597,3.5523652059622597,0.11,0.25036838782872883,0.23288020861032396,0.24019399617721077,0.5817867900627607,,,0.0,lower_clv,True,0.2592157869640172,3.857789726899674,7.2116494883175175,True,home,True,0.34
2024-03,data\historical_csv\football-data\2324\G1.csv:196,data\historical_csv\football-data\2324\G1.csv,196,2024-03-31,G1,AEK,Olympiakos,away,0.22798766448109636,0.2223922316728206,4.92,5.0,9.416977983027742,0.003595432808275759,4,0.0,B365,4.0-5.0,sportsbook,0.2032520325203252,1.121699309246994,0.005595432808275763,0.015770295364264653,1.5933085305042167,0.051978375155544966,0.3632546906674641,0.25,1.6260162601626105,away:4.0-5.0,away:sportsbook,sportsbook:4.0-5.0,6.980610523121756,6.980610523121756,0.18,0.21744026529089788,0.20763743239218868,0.21173710660523623,0.5817867900627607,,,0.0,lower_clv,True,0.2790692617157769,3.5833398270084937,37.30207676416224,True,home,False,-0.18
2024-08,data\historical_csv\football-data\2425\B1.csv:16,data\historical_csv\football-data\2425\B1.csv,16,2024-08-04,B1,Standard,Club Brugge,draw,0.21675539148758657,0.20837161936442666,4.6309000000000005,4.9,-3.5051867885276478,0.0063837721231598974,6,0.05,BFE,4.0-5.0,exchange,0.21594074585933618,1.0037725424398647,0.00838377212315991,0.02945150327910294,1.5327512336571778,0.04698289973893692,0.33223209370444284,0.16666666666666666,5.810965471074736,draw:4.0-5.0,draw:exchange,exchange:4.0-5.0,10.555626689702127,10.555626689702127,0.29,0.2387346448632061,0.19871197111578096,0.23189973361479932,0.17077597792542623,,,0.0,lower_clv,True,0.212611805910123,4.703407676348547,-1.5415988010811343,False,home,False,-0.29
2024-08,data\historical_csv\football-data\2425\E2.csv:8,data\historical_csv\football-data\2425\E2.csv,8,2024-08-10,E2,Leyton Orient,Bolton,home,0.2716070818779334,0.2674970141974302,3.7464500000000003,3.95,0.21641888399626108,0.0021100676805031974,6,0.05,BFE,3.0-4.0,exchange,0.26691935031830133,1.0175623519015837,0.004110067680503204,0.007768824236517924,1.3208087249437692,0.07377040692624642,0.35874100350089116,0.16666666666666666,5.4331433757290215,home:3.0-4.0,home:exchange,exchange:3.0-4.0,10.890976002437572,10.890976002437572,0.4,0.2959894727073298,0.25335041823198245,0.28870774648148684,0.17077597792542623,,,0.0,lower_clv,True,0.24905349976811872,4.015201556818314,-6.693351579373152,False,away,False,-0.4
2024-08,data\historical_csv\football-data\2425\P1.csv:4,data\historical_csv\football-data\2425\P1.csv,4,2024-08-10,P1,Casa Pia,Boavista,away,0.23699937831808568,0.23008300821045027,4.1654,4.4,-4.161223760019039,0.004916370107635397,6,0.05,BFE,4.0-5.0,exchange,0.2400729821865847,0.987197210446154,0.006916370107635406,0.020744232084174304,1.4268123094227787,0.0561687053231591,0.3381536303097907,0.16666666666666666,5.632112162097291,away:4.0-5.0,away:exchange,exchange:4.0-5.0,9.282321007001372,9.282321007001372,0.29,0.2623573270442247,0.21875345328651202,0.2549108328619145,0.17077597792542623,,,0.0,lower_clv,True,0.21832773760786184,4.580270060765704,-9.057764176821227,False,away,True,0.92
2024-08,data\historical_csv\football-data\2425\E2.csv:13,data\historical_csv\football-data\2425\E2.csv,13,2024-08-10,E2,Wrexham,Wycombe,home,0.47013237879863534,0.46293027353547744,2.0799600000000003,2.16,-3.7123548257148253,0.00520210526315787,6,0.05,BFE,2.0-3.0,exchange,0.48077847650916355,0.9778565426060097,0.0072021052631578986,0.011065192481426617,0.7323486627590824,0.22102445359486356,0.34430081893292697,0.16666666666666666,3.8481509259793434,home:2.0-3.0,home:exchange,exchange:2.0-3.0,5.846561184131797,5.846561184131797,0.54,0.5088874842984086,0.45776925916326605,0.5001577194111425,0.17077597792542623,,,0.0,lower_clv,True,0.4807569870192859,2.0800529727088177,-0.0044697279366068265,False,home,True,0.58
2024-08,data\historical_csv\football-data\2425\P1.csv:6,data\historical_csv\football-data\2425\P1.csv,6,2024-08-11,P1,Estoril,Santa Clara,away,0.2705534494001255,0.2610552073614329,3.7464500000000003,3.95,-2.1969718380759673,0.007498242038692613,6,0.05,BFE,3.0-4.0,exchange,0.26691935031830133,1.0136149705051003,0.009498242038692595,0.027714457366253543,1.3208087249437692,0.07319916898230626,0.35734935653131833,0.16666666666666666,5.4331433757290215,away:3.0-4.0,away:exchange,exchange:3.0-4.0,9.535511341166675,9.535511341166675,0.35,0.29237147523967133,0.25229128823610575,0.28552674210870344,0.17077597792542623,,,0.0,lower_clv,True,0.33665835411471323,2.9703703703703703,26.12736907730675,True,away,True,0.96
2024-08,data\historical_csv\football-data\2425\B1.csv:24,data\historical_csv\football-data\2425\B1.csv,24,2024-08-11,B1,Charleroi,Gent,home,0.3311267854926459,0.32152348589342833,3.205,3.25,3.0482772288437765,0.007603299599217598,6,0.0,WH,3.0-4.0,sportsbook,0.31201248049922,1.06126134750393,0.009603299599217574,0.022961898379515004,1.1647120903726333,0.10964494807069274,0.38566737050951017,0.16666666666666666,1.4040561622464809,home:3.0-4.0,home:sportsbook,sportsbook:3.0-4.0,2.573660470436966,2.573660470436966,0.12,0.32004262237265824,0.31370746983500924,0.3189607305027345,0.17077597792542623,,,0.0,lower_clv,True,0.33372672455583363,2.996463652501694,6.959415220144671,True,home,True,0.26
2024-08,data\historical_csv\football-data\2425\SP1.csv:2,data\historical_csv\football-data\2425\SP1.csv,2,2024-08-15,SP1,Ath Bilbao,Getafe,home,0.6470570111140619,0.6370811145026347,1.5306700000000002,1.57,-2.4839050464251944,0.007975896611427153,6,0.05,BFE,1.5-2.0,exchange,0.6533086818190726,0.9904307552019612,0.00997589661142717,0.012326420198576875,0.42570554804713295,0.4186827756318632,0.2754557595340515,0.16666666666666666,2.5694630455944,home:1.5-2.0,home:exchange,exchange:1.5-2.0,4.902512159507047,4.902512159507047,0.92,0.6853372193843679,0.6442306135847197,0.678317198579738,0.17077597792542623,,,0.0,lower_clv,True,0.6002968226649532,1.6658425669498091,-8.1143662451436,False,draw,False,-0.92
2024-08,data\historical_csv\football-data\2425\N1.csv:11,data\historical_csv\football-data\2425\N1.csv,11,2024-08-16,N1,For Sittard,Almere City,away,0.2114783898600357,0.20559067748139492,4.6309000000000005,4.9,-4.793013165140813,0.0038877123786407643,6,0.05,BFE,4.0-5.0,exchange,0.21594074585933618,0.9793352756028394,0.005887712378640775,0.018383497156441362,1.5327512336571778,0.04472310937779325,0.3241437629498033,0.16666666666666666,5.810965471074736,away:4.0-5.0,away:exchange,exchange:4.0-5.0,9.011906265157076,9.011906265157076,0.25,0.2354011234644606,0.19351349159212222,0.22824772216848177,0.17077597792542623,,,0.0,lower_clv,True,0.20190244684052375,4.952886979075929,-6.5009958926218525,False,home,False,-0.25
2024-08,data\historical_csv\football-data\2425\I2.csv:3,data\historical_csv\football-data\2425\I2.csv,3,2024-08-17,I2,Bari,Juve Stabia,away,0.21328124054693923,0.20267112639019524,4.724,5.0,-4.258159893271762,0.008610114156743976,6,0.05,BFE,4.0-5.0,exchange,0.21168501270110077,1.007540580343741,0.010610114156743983,0.04036976779891267,1.552655898335116,0.045488887569241354,0.3311523761394359,0.16666666666666666,5.842506350550369,away:4.0-5.0,away:exchange,exchange:4.0-5.0,10.673828491581851,10.673828491581851,0.29,0.2342799078991995,0.19528828048430133,0.2276210745965164,0.17077597792542623,,,0.0,lower_clv,True,0.21952340980744586,4.555322828108156,3.7028587930374224,True,away,True,1.08
2024-08,data\historical_csv\football-data\2425\E1.csv:22,data\historical_csv\football-data\2425\E1.csv,22,2024-08-17,E1,Sheffield United,QPR,away,0.21597146229494557,0.20911380077089475,4.6309000000000005,4.9,-3.1614900010063396,0.004857661524050812,6,0.05,BFE,4.0-5.0,exchange,0.21594074585933618,1.0001422447416635,0.006857661524050818,0.022492145362320387,1.5327512336571778,0.046643672525817095,0.33103052526732246,0.16666666666666666,5.810965471074736,away:4.0-5.0,away:exchange,exchange:4.0-5.0,10.291181351717716,10.291181351717716,0.28,0.23816359962797232,0.19793901470045175,0.23129420680033064,0.17077597792542623,,,0.0,lower_clv,True,0.19152464089438526,5.221260279252747,-11.306854048219128,False,draw,False,-0.28
2024-08,data\historical_csv\football-data\2425\E1.csv:18,data\historical_csv\football-data\2425\E1.csv,18,2024-08-17,E1,Bristol City,Millwall,away,0.23857158782448842,0.2314334405952882,4.1654,4.4,-3.5987146544386506,0.005138147229200234,6,0.05,BFE,4.0-5.0,exchange,0.2400729821865847,0.9937460919241241,0.007138147229200226,0.021537129697859286,1.4268123094227787,0.05691640251709759,0.3403968781865176,0.16666666666666666,5.632112162097291,away:4.0-5.0,away:exchange,exchange:4.0-5.0,9.680992092028614,9.680992092028614,0.31,0.26331442860716525,0.2203162583441125,0.25597137403148845,0.17077597792542623,,,0.0,lower_clv,True,0.2428317401861248,4.118077806606021,1.1491330571284264,True,home,False,-0.31
2024-08,data\historical_csv\football-data\2425\E3.csv:20,data\historical_csv\football-data\2425\E3.csv,20,2024-08-17,E3,Grimsby,Cheltenham,away,0.3317328295355084,0.32591066057135276,2.9551,3.1,-3.6901406945595516,0.0038221689641556615,6,0.05,BFE,2.0-3.0,exchange,0.3383980237555413,0.9803036845603809,0.005822168964155661,0.01152182908609755,1.083532491233016,0.1100466701916347,0.35944329921038687,0.16666666666666666,4.903387364217804,away:2.0-3.0,away:exchange,exchange:2.0-3.0,7.162147513581292,7.162147513581292,0.37,0.362634589399957,0.3143269571795573,0.35438480626625646,0.17077597792542623,,,0.0,lower_clv,True,0.311163931633128,3.2137400846928212,-8.047946563094355,False,home,False,-0.37
2024-08,data\historical_csv\football-data\2425\E2.csv:14,data\historical_csv\football-data\2425\E2.csv,14,2024-08-17,E2,Charlton,Leyton Orient,home,0.45621499681844696,0.4461137326234494,2.15444,2.24,-3.887472988673568,0.008101264194997569,6,0.05,BFE,2.0-3.0,exchange,0.4641577393661462,0.9828878377455349,0.010101264194997572,0.017757557843328654,0.7675308289971828,0.20813212332205558,0.3501590747090097,0.16666666666666666,3.971333618016759,home:2.0-3.0,home:exchange,exchange:2.0-3.0,5.818079493801806,5.818079493801806,0.5,0.4911628056191019,0.44320003545236264,0.4829719166398646,0.17077597792542623,,,0.0,lower_clv,True,0.4230464577970902,2.363806578613736,-8.857178946363685,False,home,True,0.58
2024-08,data\historical_csv\football-data\2425\P1.csv:18,data\historical_csv\football-data\2425\P1.csv,18,2024-08-18,P1,Boavista,Sp Braga,draw,0.2319971201403932,0.22662590083264564,4.2585,4.5,-3.4913601304178643,0.0033712193077475535,6,0.05,BFE,4.0-5.0,exchange,0.23482446870963955,0.9879597361178644,0.00537121930774756,0.014531298085542864,1.4489169855989985,0.053822663753436036,0.3361445679814672,0.16666666666666666,5.671010919337793,draw:4.0-5.0,draw:exchange,exchange:4.0-5.0,9.54018257537127,9.54018257537127,0.29,0.25722715175618477,0.21378705782433832,0.24980862723380132,0.17077597792542623,,,0.0,lower_clv,True,0.23233267751822645,4.30417283819901,-1.061129278863271,False,away,False,-0.29
2024-08,data\historical_csv\football-data\2425\B1.csv:30,data\historical_csv\football-data\2425\B1.csv,30,2024-08-18,B1,Club Brugge,Antwerp,away,0.22244356171883287,0.21495426217702665,4.444700000000001,4.7,-4.459279090176949,0.005489299541806224,6,0.05,BFE,4.0-5.0,exchange,0.22498706324386342,0.9886948987716967,0.007489299541806216,0.024677268694090867,1.4917123751246555,0.049481138150160205,0.3318218137827881,0.16666666666666666,5.743919724615809,away:4.0-5.0,away:exchange,exchange:4.0-5.0,9.478280299145855,9.478280299145855,0.28,0.24631196773493336,0.2043276512627036,0.23914205503185776,0.17077597792542623,,,0.0,lower_clv,True,0.20992014999079298,4.76371610845295,-6.696790933592222,False,home,False,-0.28
2024-08,data\historical_csv\football-data\2425\E1.csv:31,data\historical_csv\football-data\2425\E1.csv,31,2024-08-24,E1,Middlesbrough,Portsmouth,draw,0.21159360221760629,0.20486310049054113,4.724,5.0,-3.222671328268367,0.004730501727065162,6,0.05,BFE,4.0-5.0,exchange,0.21168501270110077,0.9995681768759721,0.006730501727065158,0.02235654423142831,1.552655898335116,0.0447718524994226,0.32853205453314066,0.16666666666666666,5.842506350550369,draw:4.0-5.0,draw:exchange,exchange:4.0-5.0,10.380027748012436,10.380027748012436,0.28,0.23365797575785865,0.19362687202615886,0.22682162487064345,0.17077597792542623,,,0.0,lower_clv,True,0.16602424186132914,6.023216783216783,-21.570148144708114,False,draw,True,1.04
2024-08,data\historical_csv\football-data\2425\E1.csv:30,data\historical_csv\football-data\2425\E1.csv,30,2024-08-24,E1,Blackburn,Oxford,away,0.21803978676383523,0.21344998702933202,4.537799999999999,4.8,-3.140664885829736,0.0025897997345032007,6,0.05,BFE,4.0-5.0,exchange,0.22037110494072024,0.9894209443769313,0.004589799734503214,0.011877647529110283,1.5124423131079014,0.04754134861201874,0.32977259944264853,0.16666666666666666,5.778130371545709,away:4.0-5.0,away:exchange,exchange:4.0-5.0,9.661436228590759,9.661436228590759,0.27,0.24166211871080875,0.1999789059260996,0.23454362728442643,0.17077597792542623,,,0.0,lower_clv,True,0.17780452478862033,5.624153835167197,-19.31586274141989,False,home,False,-0.27
2024-08,data\historical_csv\football-data\2425\SP2.csv:17,data\historical_csv\football-data\2425\SP2.csv,17,2024-08-24,SP2,Levante,Cadiz,away,0.25760846228490036,0.24664820441806012,3.8860999999999994,4.1,-4.150041281097671,0.008960257866840245,6,0.05,BFE,3.0-4.0,exchange,0.25732739764802764,1.0010922452853512,0.01096025786684024,0.03478246711061342,1.3574060840261057,0.06636211984079093,0.3496792940021334,0.16666666666666666,5.504233035691319,away:3.0-4.0,away:exchange,exchange:3.0-4.0,8.7460665292563,8.7460665292563,0.3,0.279833423044328,0.2393078206982897,0.2729126236726664,0.17077597792542623,,,0.0,lower_clv,True,0.2728010121882357,3.665675548556942,6.013201346470276,True,draw,False,-0.3
2024-08,data\historical_csv\football-data\2425\T1.csv:21,data\historical_csv\football-data\2425\T1.csv,21,2024-08-24,T1,Sivasspor,Eyupspor,away,0.30873572293927654,0.30406577586785344,3.2344,3.4,-1.6529654533014804,0.0026699470714230955,6,0.05,BFE,3.0-4.0,exchange,0.3091763541924314,0.998574822274796,0.004669947071423097,0.008648001747268593,1.1738434393444241,0.09531774661883773,0.3624074028635276,0.16666666666666666,5.119960425426662,away:3.0-4.0,away:exchange,exchange:3.0-4.0,8.701659234887316,8.701659234887316,0.39,0.33607982696910504,0.2908858225359295,0.3283617766656634,0.17077597792542623,,,0.0,lower_clv,True,0.338126076895056,2.957476717509633,9.363498310936924,True,away,True,0.87
2024-08,data\historical_csv\football-data\2425\E1.csv:28,data\historical_csv\football-data\2425\E1.csv,28,2024-08-24,E1,Hull,Millwall,away,0.28299028492427397,0.27685428274717294,3.4671499999999997,3.65,-4.01046735731394,0.004136002177101056,6,0.05,BFE,3.0-4.0,exchange,0.28842132587283503,0.9811697663751964,0.00613600217710103,0.014615350411085025,1.2433329308376464,0.08008350136152176,0.3518511403534782,0.16666666666666666,5.273783943584798,away:3.0-4.0,away:exchange,exchange:3.0-4.0,7.602125866412118,7.602125866412118,0.31,0.3103474780912626,0.2648149933424034,0.30257162348090166,0.17077597792542623,,,0.0,lower_clv,True,0.31065421873009463,3.21901310108661,7.708477447004758,True,draw,False,-0.31
2024-08,data\historical_csv\football-data\2425\E1.csv:35,data\historical_csv\football-data\2425\E1.csv,35,2024-08-24,E1,Sunderland,Burnley,home,0.3140141936469898,0.3070019278608361,3.09475,3.25,-4.990578375267763,0.005012265786153739,6,0.05,BFE,3.0-4.0,exchange,0.32312787785766217,0.9717954257890217,0.007012265786153715,0.015961908370895027,1.1297071274297825,0.09860491381176921,0.3547440726771203,0.16666666666666666,5.016560303740203,home:3.0-4.0,home:exchange,exchange:3.0-4.0,7.221654582951521,7.221654582951521,0.34,0.34646305705776403,0.2962539293879225,0.33788854417916425,0.17077597792542623,,,0.0,lower_clv,True,0.3924046126764092,2.548390023194339,21.43941750803173,True,home,True,0.71
2024-08,data\historical_csv\football-data\2425\E3.csv:35,data\historical_csv\football-data\2425\E3.csv,35,2024-08-24,E3,Fleetwood Town,Gillingham,home,0.4071270290753089,0.39514229793241373,2.45236,2.56,-3.096883424246577,0.009984731142895149,6,0.05,BFE,2.0-3.0,exchange,0.4077704741555073,0.9984220410231246,0.011984731142895166,0.024524854479873428,0.8970508262204496,0.1657524178036874,0.3652136378086829,0.16666666666666666,4.389241383809872,home:2.0-3.0,home:exchange,exchange:2.0-3.0,7.093532412487615,7.093532412487615,0.49,0.4366958049082827,0.3920366640769007,0.42906909645949415,0.17077597792542623,,,0.0,lower_clv,True,0.41883568448241604,2.3875711574952563,2.7135879197297763,True,draw,False,-0.49
2024-08,data\historical_csv\football-data\2425\E2.csv:29,data\historical_csv\football-data\2425\E2.csv,29,2024-08-24,E2,Cambridge,Blackpool,away,0.4821309882955482,0.4761427440004612,2.04272,2.12,-2.737369397537792,0.003988244295086991,6,0.05,BFE,2.0-3.0,exchange,0.4895433539594266,0.9848586124110822,0.005988244295086986,0.008272117727148004,0.7142822530899037,0.232450289874842,0.34437760860420613,0.16666666666666666,3.783191039398459,away:2.0-3.0,away:exchange,exchange:2.0-3.0,6.05091975653106,6.05091975653106,0.58,0.5191652294809423,0.4703489405093001,0.5108285799931199,0.17077597792542623,,,0.0,lower_clv,True,0.4434191342421487,2.255202635107545,-9.421886610087803,False,draw,False,-0.58
2024-08,data\historical_csv\football-data\2425\B1.csv:36,data\historical_csv\football-data\2425\B1.csv,36,2024-08-25,B1,Dender,Club Brugge,draw,0.22037051521920203,0.21371246205697256,4.724,5.0,0.9577670757138446,0.004658053162229476,6,0.05,BFE,4.0-5.0,exchange,0.21168501270110077,1.0410303138955104,0.006658053162229477,0.02113737020397725,1.552655898335116,0.04856316397797655,0.3421595802742425,0.16666666666666666,5.842506350550369,draw:4.0-5.0,draw:exchange,exchange:4.0-5.0,12.983571626507086,12.983571626507086,0.35,0.23916928794772876,0.20227958116129283,0.23286941219589294,0.17077597792542623,,,0.0,lower_clv,True,0.20925341348505808,4.778894563033763,-1.1486874696585603,False,away,False,-0.35
2024-08,data\historical_csv\football-data\2425\N1.csv:23,data\historical_csv\football-data\2425\N1.csv,23,2024-08-25,N1,Groningen,AZ Alkmaar,home,0.2549838830480945,0.24733063423623686,3.8860999999999994,4.1,-3.884842229456009,0.005653248811857627,6,0.05,BFE,3.0-4.0,exchange,0.25732739764802764,0.9908928679131999,0.007653248811857638,0.02217100447400169,1.3574060840261057,0.06501678061428433,0.34611667417808445,0.16666666666666666,5.504233035691319,home:3.0-4.0,home:exchange,exchange:3.0-4.0,8.980140452563726,8.980140452563726,0.31,0.2804357593797477,0.23668213447838818,0.27296369129943576,0.17077597792542623,,,0.0,lower_clv,True,0.2705953819456982,3.69555456863146,5.156071377917759,True,draw,False,-0.31
2024-08,data\historical_csv\football-data\2425\B1.csv:38,data\historical_csv\football-data\2425\B1.csv,38,2024-08-25,B1,Standard,Beerschot VA,away,0.2200021012233807,0.21524255371679468,4.444700000000001,4.7,-4.331142149496248,0.002759547506586026,6,0.05,BFE,4.0-5.0,exchange,0.22498706324386342,0.9778433393075604,0.004759547506586026,0.012543277956168698,1.4917123751246555,0.04840092454270265,0.3281798569483441,0.16666666666666666,5.743919724615809,away:4.0-5.0,away:exchange,exchange:4.0-5.0,8.895278313955934,8.895278313955934,0.26,0.24500028868980114,0.20191577825530077,0.23764248928691112,0.17077597792542623,,,0.0,lower_clv,True,0.2521863724073868,3.965321323487617,12.08927694391122,True,home,False,-0.26
2024-08,data\historical_csv\football-data\2425\T1.csv:24,data\historical_csv\football-data\2425\T1.csv,24,2024-08-25,T1,Antalyaspor,Hatayspor,away,0.28822667298545845,0.2818757754984222,3.4671499999999997,3.65,-2.2694404980645566,0.004350897487036268,6,0.05,BFE,3.0-4.0,exchange,0.28842132587283503,0.9993251092415322,0.006350897487036267,0.015095401969462343,1.2433329308376464,0.0830746150202664,0.35836171406859396,0.16666666666666666,5.273783943584798,away:3.0-4.0,away:exchange,exchange:3.0-4.0,8.733696233634694,8.733696233634694,0.35,0.3136111683475901,0.2701020216112639,0.30618085126499317,0.17077597792542623,,,0.0,lower_clv,True,0.31790569843795957,3.145586898610292,10.22267423391714,True,home,False,-0.35
2024-08,data\historical_csv\football-data\2425\F1.csv:18,data\historical_csv\football-data\2425\F1.csv,18,2024-08-25,F1,Strasbourg,Rennes,home,0.30592622236833894,0.3006486826499399,3.2344,3.4,-2.758190083703449,0.0032775397183990697,6,0.05,BFE,3.0-4.0,exchange,0.3091763541924314,0.9894877736281554,0.00527753971839906,0.010713497172703527,1.1738434393444241,0.09359085353256237,0.3591094890504981,0.16666666666666666,5.119960425426662,home:3.0-4.0,home:exchange,exchange:3.0-4.0,8.669181249827695,8.669181249827695,0.39,0.3359794127189825,0.2880316988466327,0.32779109499314346,0.17077597792542623,,,0.0,lower_clv,True,0.2903225806451613,3.444444444444444,-6.098064516129032,False,home,True,0.87
2024-08,data\historical_csv\football-data\2425\SP1.csv:19,data\historical_csv\football-data\2425\SP1.csv,19,2024-08-25,SP1,Leganes,Las Palmas,away,0.2592055971648015,0.2529591854968822,3.7929999999999997,4.0,-4.052580941032602,0.00424641166791935,6,0.05,BFE,3.0-4.0,exchange,0.2636435539151068,0.9831668300460921,0.006246411667919338,0.016382407302800273,1.3331572627067618,0.06718754160156136,0.3455618243944984,0.16666666666666666,5.457421566042719,away:3.0-4.0,away:exchange,exchange:3.0-4.0,7.925289682421532,7.925289682421532,0.28,0.28453806929191017,0.2409067500070941,0.2770868880728692,0.17077597792542623,,,0.0,lower_clv,True,0.28232615970851865,3.542002629272568,7.086312377441106,True,home,False,-0.28
2024-08,data\historical_csv\football-data\2425\I2.csv:24,data\historical_csv\football-data\2425\I2.csv,24,2024-08-27,I2,Cittadella,Pisa,away,0.4213886990519727,0.4172103667088091,2.5876,2.62,7.957354489571444,0.0021783323431635734,6,0.0,WH,2.0-3.0,sportsbook,0.38645849435770596,1.0903853976668845,0.00417833234316356,0.005169413294813834,0.9507308051876934,0.177568435688714,0.4006272171466766,0.16666666666666666,1.2521255217189609,away:2.0-3.0,away:sportsbook,sportsbook:2.0-3.0,3.8274771656318927,3.8274771656318927,0.24,0.401250104983892,0.40686184188863034,0.4022084548416589,0.17077597792542623,,,0.0,lower_clv,True,0.44729668029212816,2.2356526307034135,15.74248899239108,True,draw,False,-0.24
2024-08,data\historical_csv\football-data\2425\I2.csv:25,data\historical_csv\football-data\2425\I2.csv,25,2024-08-27,I2,Cremonese,Palermo,home,0.5212272672658221,0.5132881372376635,2.0780000000000003,2.1,6.661274917986493,0.005939130028158586,6,0.0,WH,2.0-3.0,sportsbook,0.4812319538017324,1.0831102613783785,0.007939130028158603,0.011394511379485587,0.7314058926770358,0.2716778641413968,0.3812286947021706,0.16666666666666666,1.0587102983637964,home:2.0-3.0,home:sportsbook,sportsbook:2.0-3.0,3.283530912321845,3.283530912321845,0.3,0.4970333537647827,0.5114424151025792,0.49949407530573237,0.17077597792542623,,,0.0,lower_clv,True,0.4845205145163678,2.0638960994214384,0.68336291650124,True,away,False,-0.3
2024-08,data\historical_csv\football-data\2425\F2.csv:21,data\historical_csv\football-data\2425\F2.csv,21,2024-08-30,F2,Caen,Annecy,away,0.26237338592926596,0.25673711235294805,3.7464500000000003,3.95,-3.8147245425297682,0.003636273576317932,6,0.05,BFE,3.0-4.0,exchange,0.26691935031830133,0.9829687717146985,0.005636273576317907,0.013859155582564483,1.3208087249437692,0.06883979364398754,0.34654505732841323,0.16666666666666666,5.4331433757290215,away:3.0-4.0,away:exchange,exchange:3.0-4.0,7.934342420217986,7.934342420217986,0.29,0.2880976455583765,0.2440805832273803,0.2805805886933962,0.17077597792542623,,,0.0,lower_clv,True,0.2362137854361912,4.233453175281049,-11.503686355258136,False,draw,False,-0.29
2024-08,data\historical_csv\football-data\2425\N1.csv:30,data\historical_csv\football-data\2425\N1.csv,30,2024-08-31,N1,Heerenveen,NAC Breda,away,0.2133294960590406,0.2092128484392223,4.724,5.0,-1.1678503973113763,0.0021166476198183114,6,0.05,BFE,4.0-5.0,exchange,0.21168501270110077,1.007768539382908,0.004116647619818309,0.009921964186483207,1.552655898335116,0.045509473888804226,0.3312273003449273,0.16666666666666666,5.842506350550369,away:4.0-5.0,away:exchange,exchange:4.0-5.0,10.883679455942861,10.883679455942861,0.29,0.2347241309397605,0.19533580258681313,0.22799755064643812,0.17077597792542623,,,0.0,lower_clv,True,0.19247940444622985,5.195361045910527,-9.072729339601015,False,home,False,-0.29
2024-08,data\historical_csv\football-data\2425\E1.csv:39,data\historical_csv\football-data\2425\E1.csv,39,2024-08-31,E1,Burnley,Blackburn,away,0.2460118759291432,0.2403081863380857,4.0723,4.3,-2.139297277541352,0.0037036895910574864,6,0.05,BFE,4.0-5.0,exchange,0.2455614763155956,1.00183416234625,0.0057036895910574925,0.015054921950695705,1.4042079504047693,0.06052184309817615,0.34545183207369456,0.16666666666666666,5.591434815706098,away:4.0-5.0,away:exchange,exchange:4.0-5.0,10.237444283445791,10.237444283445791,0.33,0.27070069563501165,0.22772393490331239,0.2633612972929887,0.17077597792542623,,,0.0,lower_clv,True,0.2721860986311371,3.673956917818887,10.842344945557958,True,draw,False,-0.33
2024-08,data\historical_csv\football-data\2425\P1.csv:33,data\historical_csv\football-data\2425\P1.csv,33,2024-08-31,P1,Sp Lisbon,Porto,away,0.21795643988811195,0.2095555357840892,4.537799999999999,4.8,-4.907888971896024,0.006400904104022748,6,0.05,BFE,4.0-5.0,exchange,0.22037110494072024,0.9890427329242741,0.00840090410402275,0.029367813620504425,1.5124423131079014,0.04750500968870015,0.3296465421011393,0.16666666666666666,5.778130371545709,away:4.0-5.0,away:exchange,exchange:4.0-5.0,9.509793612556045,9.509793612556045,0.27,0.241327942202292,0.1998966726485294,0.23425247662755627,0.17077597792542623,,,0.0,lower_clv,True,0.2493624111249818,4.010227505775899,13.155674920294214,True,home,False,-0.27
2024-08,data\historical_csv\football-data\2425\SC0.csv:22,data\historical_csv\football-data\2425\SC0.csv,22,2024-08-31,SC0,Ross County,Aberdeen,home,0.25547546720130754,0.2462987835596252,3.8860999999999994,4.1,-4.285829720894063,0.007176683641682336,6,0.05,BFE,3.0-4.0,exchange,0.25732739764802764,0.9928032130910011,0.009176683641682337,0.028091478686003576,1.3574060840261057,0.06526771434172636,0.3467839534984667,0.16666666666666666,5.504233035691319,home:3.0-4.0,home:exchange,exchange:3.0-4.0,8.986722777377675,8.986722777377675,0.31,0.2804526975048961,0.2371737508379743,0.2730616930642702,0.17077597792542623,,,0.0,lower_clv,True,0.21781830344552192,4.590982411402851,-15.353629098035737,False,away,False,-0.31
2024-08,data\historical_csv\football-data\2425\E2.csv:48,data\historical_csv\football-data\2425\E2.csv,48,2024-08-31,E2,Shrewsbury,Leyton Orient,home,0.3194332757746621,0.31516100908528727,3.09475,3.25,-2.465546713330724,0.0022722666893748257,6,0.05,BFE,3.0-4.0,exchange,0.32312787785766217,0.9885661302036354,0.004272266689374804,0.007113431385206567,1.1297071274297825,0.1020376176721313,0.36086604838087905,0.16666666666666666,5.016560303740203,home:3.0-4.0,home:exchange,exchange:3.0-4.0,8.61773165117095,8.61773165117095,0.41,0.35097417126155894,0.30177277098825306,0.34257175401458484,0.17077597792542623,,,0.0,lower_clv,True,0.2695032521928566,3.7105303622993007,-16.595481027615712,False,home,True,0.86
2024-08,data\historical_csv\football-data\2425\N1.csv:29,data\historical_csv\football-data\2425\N1.csv,29,2024-08-31,N1,For Sittard,Nijmegen,away,0.3014586385936614,0.2955096255952113,3.2809500000000003,3.45,-3.0447693903391304,0.0039490129984500605,6,0.05,BFE,3.0-4.0,exchange,0.3047897712552767,0.9890707202938734,0.005949012998450076,0.013099684311163389,1.1881330146065217,0.09087731078274376,0.35817296105146484,0.16666666666666666,5.152471083070442,away:3.0-4.0,away:exchange,exchange:3.0-4.0,7.985455866029714,7.985455866029714,0.35,0.3291286239230397,0.28349764538090283,0.3213359489388121,0.17077597792542623,,,0.0,lower_clv,True,0.2907143320068877,3.4398028920579935,-4.618081240200178,False,away,True,0.8
2024-08,data\historical_csv\football-data\2425\P1.csv:31,data\historical_csv\football-data\2425\P1.csv,31,2024-08-31,P1,Boavista,Estoril,away,0.2915144521234156,0.28724776167543753,3.3275,3.5,-4.4183073024981585,0.002266690447978064,6,0.05,BFE,3.0-4.0,exchange,0.3005259203606311,0.9700143394406654,0.004266690447978061,0.007775568008609185,1.2022212712871296,0.08498067579681516,0.3504648752303838,0.16666666666666666,5.184072126220873,away:3.0-4.0,away:exchange,exchange:3.0-4.0,6.97849421286482,6.97849421286482,0.3,0.3214981043211565,0.2734257422235627,0.31328849967275474,0.17077597792542623,,,0.0,lower_clv,True,0.32587420441412007,3.0686687883070447,8.434641518798468,True,draw,False,-0.3
2024-09,data\historical_csv\football-data\2425\I2.csv:52,data\historical_csv\football-data\2425\I2.csv,52,2024-09-20,I2,Catanzaro,Cremonese,home,0.339047094470198,0.33349975078027033,3.058,3.1,1.9842237886066538,0.00354734368992763,6,0.0,WH,3.0-4.0,sportsbook,0.3270111183780249,1.0368060148898655,0.005547343689927653,0.010462687183533551,1.1177611075068705,0.11495293226868336,0.37897365581199505,0.16666666666666666,1.373446697187708,home:3.0-4.0,home:sportsbook,sportsbook:3.0-4.0,2.5265232047919968,2.5265232047919968,0.12,0.33527313016609545,0.32580673242722696,0.33205175172148577,0.340296122503168,,,0.0,lower_clv,True,0.3464087671015678,2.886762966096634,5.931800979659441,True,away,False,-0.12
2024-09,data\historical_csv\football-data\2425\SP1.csv:55,data\historical_csv\football-data\2425\SP1.csv,55,2024-09-21,SP1,Valladolid,Sociedad,draw,0.3186741145837526,0.31430292588250897,3.2834,3.33,3.198222684262997,0.002371188701243645,6,0.0,1XB,3.0-4.0,sportsbook,0.30456234391179876,1.0463345878242933,0.0043711887012436446,0.007440794820567263,1.1888794708782808,0.10155319130573869,0.3788651127289364,0.16666666666666666,1.4192605226289956,draw:3.0-4.0,draw:sportsbook,sportsbook:3.0-4.0,3.2977559825993303,3.2977559825993303,0.14,0.31460606682889486,0.3049209133465455,0.31131024665300333,0.340296122503168,,,0.0,lower_clv,True,0.31480941489962927,3.176525074127247,3.364523288144272,True,draw,True,0.32
2024-09,data\historical_csv\football-data\2425\N1.csv:51,data\historical_csv\football-data\2425\N1.csv,51,2024-09-22,N1,Almere City,Twente,draw,0.21530590317477552,0.20854840376253164,4.92,5.0,2.605814651165561,0.004757499412243877,6,0.0,B365,4.0-5.0,sportsbook,0.2032520325203252,1.0593050436198956,0.006757499412243878,0.02209646527146985,1.5933085305042167,0.04635663194190581,0.34304873219628473,0.16666666666666666,1.6260162601626105,draw:4.0-5.0,draw:sportsbook,sportsbook:4.0-5.0,3.7963797035907563,3.7963797035907563,0.1,0.2109682514300625,0.2005369644026656,0.20741852490192175,0.340296122503168,,,0.0,lower_clv,True,0.20816496131713236,4.803882428976764,2.4171609680291084,True,away,False,-0.1
2024-09,data\historical_csv\football-data\2425\F1.csv:45,data\historical_csv\football-data\2425\F1.csv,45,2024-09-22,F1,Montpellier,Auxerre,draw,0.2839636127296846,0.2762763789473852,3.695,3.75,2.084122021058832,0.00568723378229941,6,0.0,1XB,3.0-4.0,sportsbook,0.2706359945872801,1.0492455490361847,0.0076872337822994075,0.02002803714049552,1.3069805544001651,0.08063533335449431,0.371134919994917,0.16666666666666666,1.4884979702300516,draw:3.0-4.0,draw:sportsbook,sportsbook:3.0-4.0,3.167174989075744,3.167174989075744,0.12,0.27920751011928485,0.2695496954976259,0.2759209932516799,0.340296122503168,,,0.0,lower_clv,True,0.26790279199403777,3.7326971942205636,-1.0099183582030435,False,home,False,-0.12
2024-09,data\historical_csv\football-data\2425\SP1.csv:59,data\historical_csv\football-data\2425\SP1.csv,59,2024-09-22,SP1,Getafe,Leganes,draw,0.3396399215610259,0.3317314503066899,3.058,3.1,1.4434775037857506,0.005908471254336018,6,0.0,1XB,3.0-4.0,sportsbook,0.3270111183780249,1.0386188801336171,0.007908471254336025,0.017396280234608385,1.1177611075068705,0.11535527631797983,0.3796362948775989,0.16666666666666666,1.373446697187708,draw:3.0-4.0,draw:sportsbook,sportsbook:3.0-4.0,2.4010992514734717,2.4010992514734717,0.12,0.33486297989363467,0.3264157526461591,0.3319884212154156,0.340296122503168,,,0.0,lower_clv,True,0.34786021371104414,2.8747179487179486,6.375653352837296,True,draw,True,0.25
2024-09,data\historical_csv\football-data\2425\F2.csv:63,data\historical_csv\football-data\2425\F2.csv,63,2024-09-28,F2,Troyes,Metz,away,0.47455264380270956,0.46885613243675517,2.225,2.25,4.320489467178024,0.0036965113659543675,6,0.0,BW,2.0-3.0,sportsbook,0.449438202247191,1.055879632461029,0.005696511365954393,0.007789465329564478,0.7997569156182036,0.22520021174014135,0.379526758706119,0.16666666666666666,1.1235955056179803,away:2.0-3.0,away:sportsbook,sportsbook:2.0-3.0,2.920294671314961,2.920294671314961,0.24,0.46256312211826944,0.46645313575367575,0.46388687867488265,0.340296122503168,,,0.0,lower_clv,True,0.5204535806830262,1.9214009416317837,15.800921701973337,True,home,False,-0.24
2024-10,data\historical_csv\football-data\2425\I2.csv:72,data\historical_csv\football-data\2425\I2.csv,72,2024-10-04,I2,Sampdoria,Juve Stabia,draw,0.2986830177025828,0.28953756997865515,3.45,3.5,-0.10953835736396966,0.007145447723927662,6,0.0,WH,3.0-4.0,sportsbook,0.2898550724637681,1.0304564110739107,0.009145447723927669,0.023923180430173725,1.2383742310432684,0.0892115450639214,0.3698813523731189,0.16666666666666666,1.4492753623188248,draw:3.0-4.0,draw:sportsbook,sportsbook:3.0-4.0,2.3995414562604367,2.3995414562604367,0.1,0.29681026509061,0.2878026029420192,0.2946442242462584,0.2404664838246003,,,0.0,lower_clv,True,0.28625954198473286,3.4933333333333327,-1.240458015267154,False,away,False,-0.1
2024-10,data\historical_csv\football-data\2425\I2.csv:82,data\historical_csv\football-data\2425\I2.csv,82,2024-10-18,I2,Bari,Catanzaro,home,0.49722237446423523,0.48576367483741506,2.0780000000000003,2.1,0.9416916312148693,0.009458699626820173,6,0.0,WH,2.0-3.0,sportsbook,0.4812319538017324,1.033228094136681,0.011458699626820168,0.019023077223771494,0.7314058926770358,0.24723008966785215,0.36367137465400934,0.16666666666666666,1.0587102983637964,home:2.0-3.0,home:sportsbook,sportsbook:2.0-3.0,1.0298288127008166,1.0298288127008166,0.1,0.4861878191179057,0.4977257640093415,0.48896230815651126,0.2404664838246003,,,0.0,lower_clv,True,0.5020395087217506,1.991875106694517,4.323809912379795,True,draw,False,-0.1
2024-10,data\historical_csv\football-data\2425\I2.csv:87,data\historical_csv\football-data\2425\I2.csv,87,2024-10-19,I2,Brescia,Sassuolo,away,0.3790632745978219,0.3725219166916703,2.764,2.8,2.9650577735776507,0.004541357906151617,6,0.0,WH,2.0-3.0,sportsbook,0.36179450072358904,1.0477308909883796,0.006541357906151624,0.011980474528876217,1.0166789059054233,0.14368896614882373,0.3853856352870406,0.16666666666666666,1.302460202604916,away:2.0-3.0,away:sportsbook,sportsbook:2.0-3.0,2.3271169805001115,2.3271169805001115,0.13,0.3702138819844433,0.37221409456487875,0.37069486607056235,0.2404664838246003,,,0.0,lower_clv,True,0.465978482538998,2.1460218389296752,28.79645257377903,True,away,True,0.23
2024-10,data\historical_csv\football-data\2425\SP2.csv:120,data\historical_csv\football-data\2425\SP2.csv,120,2024-10-24,SP2,Burgos,Ferrol,away,0.24672632843487655,0.24198169538731124,4.478999999999999,4.55,8.38360136397669,0.0027446330475652952,5,0.0,PS,4.0-5.0,sportsbook,0.2232641214556821,1.1050872250598118,0.004744633047565311,0.011124200100475866,1.4993998072251629,0.06087388114295457,0.3699414092926261,0.2,1.5851752623353477,away:4.0-5.0,away:sportsbook,sportsbook:4.0-5.0,5.39079194523751,5.39079194523751,0.15,0.2352998257317203,0.23403903323218325,0.2349966473925242,0.2404664838246003,,,0.0,lower_clv,True,0.17670351613174393,5.659196952563384,-20.85449512459191,False,draw,False,-0.15
2024-10,data\historical_csv\football-data\2425\I2.csv:103,data\historical_csv\football-data\2425\I2.csv,103,2024-10-29,I2,Brescia,Spezia,away,0.421211007905695,0.4122283559558371,2.6660000000000004,2.7,9.900079697826204,0.006982651949857866,6,0.0,WH,2.0-3.0,sportsbook,0.3750937734433608,1.122948547076583,0.008982651949857867,0.016577562833830814,0.980579221756517,0.17741871318093144,0.4130307623274445,0.16666666666666666,1.275318829707417,away:2.0-3.0,away:sportsbook,sportsbook:2.0-3.0,7.039274914623726,7.039274914623726,0.42,0.4014976553436748,0.4168697216560749,0.40519412207893624,0.2404664838246003,,,0.0,lower_clv,True,0.40377436748237244,2.4766307139188495,7.6462463708005135,True,draw,False,-0.42
2024-10,data\historical_csv\football-data\2425\I2.csv:107,data\historical_csv\football-data\2425\I2.csv,107,2024-10-29,I2,Salernitana,Cesena,draw,0.30812448025628764,0.29836223310722404,3.352,3.4,0.011020537541495123,0.007762247149063607,6,0.0,WH,3.0-4.0,sportsbook,0.2983293556085919,1.0328332578190762,0.009762247149063596,0.025191919650808754,1.2095571826198366,0.09494069533320738,0.37269417823499673,0.16666666666666666,1.4319809069212486,draw:3.0-4.0,draw:sportsbook,sportsbook:3.0-4.0,2.5150162604635358,2.5150162604635358,0.11,0.30583238741188407,0.29764981962449266,0.3038647541073936,0.2404664838246003,,,0.0,lower_clv,True,0.29911529094935274,3.3431925089022734,0.2634455262230384,True,draw,True,0.26
2024-11,data\historical_csv\football-data\2425\I1.csv:109,data\historical_csv\football-data\2425\I1.csv,109,2024-11-04,I1,Parma,Genoa,draw,0.27279536319837533,0.25835737438362977,3.8322000000000003,3.89,-0.9922869887053931,0.012437988814745568,6,0.0,1XB,3.0-4.0,sportsbook,0.26094671468086217,1.045406390848814,0.014437988814745562,0.045594575614911495,1.3434390508134615,0.0744173101825335,0.3664839438015388,0.16666666666666666,1.5082720108553715,draw:3.0-4.0,draw:sportsbook,sportsbook:3.0-4.0,3.205614746380264,3.205614746380264,0.11,0.2693116610468667,0.2611117679891754,0.2693116610468667,0.0,,,0.0,lower_clv,True,0.25903971547125076,3.8604118993135006,-0.7308002371072764,False,away,False,-0.11
2024-11,data\historical_csv\football-data\2425\SP2.csv:142,data\historical_csv\football-data\2425\SP2.csv,142,2024-11-09,SP2,Mirandes,Cadiz,draw,0.36184329433103946,0.3458700687056695,2.96,3.0,2.377540336878181,0.01397322562536994,6,0.0,WH,2.0-3.0,sportsbook,0.33783783783783783,1.0710561512198769,0.015973225625369958,0.03861678755496367,1.085189268335969,0.13093056965233926,0.39266845982737736,0.16666666666666666,1.3513513513513598,draw:2.0-3.0,draw:sportsbook,sportsbook:2.0-3.0,4.423046145755666,4.423046145755666,0.23,0.3527805613032286,0.34908128692068885,0.3527805613032286,0.0,,,0.0,lower_clv,True,0.3493856261994927,2.8621669725732177,3.4181453550498286,True,draw,True,0.45
2024-11,data\historical_csv\football-data\2425\SP2.csv:144,data\historical_csv\football-data\2425\SP2.csv,144,2024-11-09,SP2,Huesca,Zaragoza,draw,0.34958235784527764,0.3393754583371273,2.96,3.0,0.4551356677896745,0.008206899508150322,6,0.0,WH,2.0-3.0,sportsbook,0.33783783783783783,1.034763779222022,0.010206899508150347,0.02347629771346365,1.085189268335969,0.12220782491666375,0.37936302313327974,0.16666666666666666,1.3513513513513598,draw:2.0-3.0,draw:sportsbook,sportsbook:2.0-3.0,2.375782321880833,2.375782321880833,0.12,0.34586412946581363,0.3369085266894869,0.34586412946581363,0.0,,,0.0,lower_clv,True,0.36414256392643524,2.74617718186337,7.78619892222483,True,draw,True,0.24
2024-11,data\historical_csv\football-data\2425\I1.csv:119,data\historical_csv\football-data\2425\I1.csv,119,2024-11-10,I1,Monza,Lazio,home,0.21640796476439866,0.2077121683250314,4.92,5.0,2.194386815915439,0.006695796439367275,6,0.0,BF,4.0-5.0,sportsbook,0.2032520325203252,1.0647271866408414,0.00869579643936727,0.030940619245030682,1.5933085305042167,0.046832407213469214,0.34480465632817237,0.16666666666666666,1.6260162601626105,home:4.0-5.0,home:sportsbook,sportsbook:4.0-5.0,5.54011496738943,5.54011496738943,0.14,0.21451242879550694,0.20596782205892367,0.21451242879550694,0.0,,,0.0,lower_clv,True,0.180738293644351,5.532861796115862,-11.076759526979307,False,away,False,-0.14
2025-04,data\historical_csv\football-data\2425\B1.csv:283,data\historical_csv\football-data\2425\B1.csv,283,2025-04-27,B1,Gent,Anderlecht,draw,0.30571959698677925,0.28727609035066115,3.4793999999999996,3.53,-0.04515712339097089,0.016443506636118103,4,0.0,1XB,3.0-4.0,sportsbook,0.28740587457607636,1.0637207657557997,0.0184435066361181,0.053786236794068513,1.2468598651283127,0.09346447198175872,0.3811894954660177,0.25,1.4542737253549598,draw:3.0-4.0,draw:sportsbook,sportsbook:3.0-4.0,5.381030551410774,3.4456876087472006,0.14,0.29730898318315574,0.2973068707869549,0.29730898318315574,0.0,,,0.0,lower_clv,True,0.2851175721719709,3.5073250392187054,-0.7961919384844474,False,away,False,-0.14
2025-05,data\historical_csv\football-data\2425\I2.csv:347,data\historical_csv\football-data\2425\I2.csv,347,2025-05-01,I2,Pisa,Frosinone,away,0.21892192310716474,0.21139698556375464,4.9298,5.01,4.214485943219759,0.0055249375434101,4,0.0,PS,4.0-5.0,sportsbook,0.2028479857195018,1.0792412965337008,0.007524937543410104,0.02523702270195014,1.5952984192803787,0.04792680841693935,0.34924579787868054,0.25,1.6268408454704009,away:4.0-5.0,away:sportsbook,sportsbook:4.0-5.0,4.275745712719491,4.275745712719491,0.11,0.21152124977224124,0.21286308662125897,0.21167262552346483,0.11281233730794468,,,0.0,lower_clv,True,0.1517591380485469,6.58938903356255,-25.18578012482734,False,home,False,-0.11
2025-05,data\historical_csv\football-data\2425\I2.csv:349,data\historical_csv\football-data\2425\I2.csv,349,2025-05-01,I2,Spezia,Salernitana,draw,0.30474523857795144,0.28735192057707476,3.45,3.5,-0.8635874009092048,0.015393318000876673,4,0.0,B365,3.0-4.0,sportsbook,0.2898550724637681,1.0513710730939325,0.01739331800087668,0.0505120869901276,1.2383742310432684,0.09286966043593255,0.37738865048806797,0.25,1.4492753623188248,draw:3.0-4.0,draw:sportsbook,sportsbook:3.0-4.0,3.7366658319446624,3.7366658319446624,0.15,0.3006859879186801,0.2977565970562509,0.3003555164886009,0.11281233730794468,,,0.0,lower_clv,True,0.2840748226305683,3.5201993289650773,-1.9941861924539284,False,home,False,-0.15
2025-05,data\historical_csv\football-data\2425\I2.csv:357,data\historical_csv\football-data\2425\I2.csv,357,2025-05-04,I2,Frosinone,Cittadella,draw,0.3406481124071761,0.3316241354207036,3.0873999999999997,3.13,2.385635569788036,0.007023976986472468,4,0.0,1XB,3.0-4.0,sportsbook,0.3238971302714258,1.0517169822459154,0.009023976986472448,0.0206194507782175,1.1273293127656037,0.11604113648657206,0.3840226024548819,0.25,1.3798017749562907,draw:3.0-4.0,draw:sportsbook,sportsbook:3.0-4.0,4.661290212632954,4.661290212632954,0.22,0.3389949155037668,0.33344247376778563,0.33836853157376456,0.11281233730794468,,,0.0,lower_clv,True,0.28310712935909244,3.5322317818835365,-12.593504881673812,False,draw,True,0.46
2025-05,data\historical_csv\football-data\2425\F1.csv:285,data\historical_csv\football-data\2425\F1.csv,285,2025-05-04,F1,Nantes,Angers,draw,0.2869981482250794,0.27691352335919156,3.6557999999999997,3.71,1.234045869653233,0.008084624865887858,4,0.0,1XB,3.0-4.0,sportsbook,0.2735379397122381,1.0492078302812453,0.010084624865887848,0.028169606375116608,1.2963149475003666,0.08236793708462466,0.3720399894490962,0.25,1.4825756332403461,draw:3.0-4.0,draw:sportsbook,sportsbook:3.0-4.0,4.050115796923503,4.050115796923503,0.15,0.2846165430191025,0.2801528429781253,0.2841129825844383,0.11281233730794468,,,0.0,lower_clv,True,0.2903154780990237,3.4445287125163544,6.133532483441084,True,away,False,-0.15
2025-05,data\historical_csv\football-data\2425\SP1.csv:341,data\historical_csv\football-data\2425\SP1.csv,341,2025-05-05,SP1,Girona,Mallorca,draw,0.3031543181474176,0.2952485702283127,3.4010000000000002,3.45,0.4140387346491581,0.005905747919104933,4,0.0,1XB,3.0-4.0,sportsbook,0.2940311673037342,1.0310278360193674,0.007905747919104922,0.019480995537833938,1.2240695060250584,0.09190254061142569,0.3710819564640729,0.25,1.4407527197882963,draw:3.0-4.0,draw:sportsbook,sportsbook:3.0-4.0,2.680618978144366,2.680618978144366,0.11,0.30191302257613745,0.29617753309606965,0.3012659886022859,0.11281233730794468,,,0.0,lower_clv,True,0.29378462579954234,3.403854089636156,-0.0838487655756448,False,home,False,-0.11
2025-05,data\historical_csv\football-data\2425\I2.csv:365,data\historical_csv\football-data\2425\I2.csv,365,2025-05-09,I2,Mantova,Carrarese,away,0.262615804785069,0.2462658355492678,4.136,4.2,1.8555495831771518,0.01434996923580123,4,0.0,B365,4.0-5.0,sportsbook,0.24177949709864602,1.0861789685910455,0.01634996923580123,0.05464244335007021,1.419729137206128,0.06896706092290948,0.372843309944199,0.25,1.547388781431347,away:4.0-5.0,away:sportsbook,sportsbook:4.0-5.0,5.212435724661148,5.212435724661148,0.17,0.2543820979803219,0.2560079841015874,0.2545655179938584,0.11281233730794468,,,0.0,lower_clv,True,0.2389299454640573,4.185327201484805,-1.1785745560659033,False,home,False,-0.17
2025-05,data\historical_csv\football-data\2425\B1.csv:294,data\historical_csv\football-data\2425\B1.csv,294,2025-05-09,B1,Charleroi,Westerlo,home,0.5699947746942149,0.562688733272644,1.8918,1.91,6.449454560518797,0.005306041421570892,4,0.0,BF,1.5-2.0,sportsbook,0.528597103287874,1.0783161147665157,0.007306041421570875,0.009308929936098843,0.637528756796933,0.3248940431787088,0.3633880600915507,0.25,0.9620467279839229,home:1.5-2.0,home:sportsbook,sportsbook:1.5-2.0,5.015977602529382,5.015977602529382,0.56,0.5551114155964129,0.5634171016865089,0.5560483994571827,0.11281233730794468,,,0.0,lower_clv,True,0.5727114884556629,1.746079867712338,8.34555938604231,True,home,True,0.5
2025-05,data\historical_csv\football-data\2425\D2.csv:291,data\historical_csv\football-data\2425\D2.csv,291,2025-05-09,D2,Preußen Münster,Hertha,away,0.35632034242448357,0.34826396391804326,2.90855,3.05,1.2943152253824808,0.006056378506440304,4,0.05,BFE,2.0-3.0,exchange,0.3438139279022193,1.0363755319587318,0.00805637850644031,0.016997004620144182,1.067654675212836,0.12696418642550122,0.3804270794629385,0.25,4.863248010176879,away:2.0-3.0,away:exchange,exchange:2.0-3.0,1.8410701218206702,1.8410701218206702,0.1,0.3501437834034851,0.3490495481736561,0.3500203401696434,0.11281233730794468,,,0.0,lower_clv,True,0.392873811478707,2.545346548389617,14.269312437639314,True,home,False,-0.1
2025-05,data\historical_csv\football-data\2425\I2.csv:366,data\historical_csv\football-data\2425\I2.csv,366,2025-05-09,I2,Modena,Brescia,home,0.4097727347015831,0.39780980797712834,2.519,2.55,0.2082906294386344,0.009962926724454731,4,0.0,BF,2.0-3.0,sportsbook,0.39698292973402144,1.0322175187132878,0.011962926724454759,0.024313298276690445,0.9238619973704731,0.167913694104814,0.3785734571493656,0.25,1.2306470821754623,home:2.0-3.0,home:sportsbook,sportsbook:2.0-3.0,1.7382901278725904,1.7382901278725904,0.11,0.4038836448109273,0.40240816041802674,0.4037171919679028,0.11281233730794468,,,0.0,lower_clv,True,0.42294278296692694,2.364386012181221,6.539287029368901,True,draw,False,-0.11
2025-05,data\historical_csv\football-data\2425\I1.csv:357,data\historical_csv\football-data\2425\I1.csv,357,2025-05-11,I1,Verona,Lecce,home,0.4291802519971979,0.4196974085795396,2.4210000000000003,2.45,1.608742617106551,0.007482843417658333,4,0.0,BF,2.0-3.0,sportsbook,0.41305245766212306,1.0390453900852161,0.009482843417658315,0.017435199739123105,0.8841806779559216,0.18419568870437827,0.3794728861761757,0.25,1.1978521272201448,home:2.0-3.0,home:sportsbook,sportsbook:2.0-3.0,2.2167014750283927,2.2167014750283927,0.16,0.42220859758376034,0.4218287579098832,0.422165746982348,0.11281233730794468,,,0.0,lower_clv,True,0.37736159801087266,2.649978178148344,-8.640757121567722,False,draw,False,-0.16
2025-05,data\historical_csv\football-data\2425\SP2.csv:436,data\historical_csv\football-data\2425\SP2.csv,436,2025-05-17,SP2,Malaga,Sp Gijon,draw,0.36659793370128163,0.3528004159806482,2.764,2.8,-2.485965022948844,0.011797517720633427,4,0.0,1XB,2.0-3.0,sportsbook,0.36179450072358904,1.0132766887503424,0.013797517720633423,0.032181080786577776,1.0166789059054233,0.13439404499404928,0.37271238614260793,0.25,1.302460202604916,draw:2.0-3.0,draw:sportsbook,sportsbook:2.0-3.0,1.9743331270286189,1.9743331270286189,0.11,0.3689375294031426,0.35929387448793493,0.3678496061519668,0.11281233730794468,,,0.0,lower_clv,True,0.339990307163081,2.941260321048907,-6.026679100124421,False,home,False,-0.11
2025-05,data\historical_csv\football-data\2425\SP1.csv:362,data\historical_csv\football-data\2425\SP1.csv,362,2025-05-18,SP1,Ath Madrid,Betis,home,0.49746300090623485,0.49379570870886813,2.0682,2.09,2.126828475168119,0.001667292197366741,4,0.0,1XB,2.0-3.0,sportsbook,0.48351223285949135,1.028852978474275,0.0036672921973667227,0.003351590358136008,0.7266786637687377,0.2474694372706366,0.3614957487729291,0.25,1.0540566676336738,home:2.0-3.0,home:sportsbook,sportsbook:2.0-3.0,1.4839074085440802,1.4839074085440802,0.14,0.4906871067041102,0.4903441576396969,0.49064841781857615,0.11281233730794468,,,0.0,lower_clv,True,0.6222019001034922,1.6071953490236335,28.683796979404264,True,home,True,0.15
2025-08,data\historical_csv\football-data\2526\E2.csv:18,data\historical_csv\football-data\2526\E2.csv,18,2025-08-09,E2,Barnsley,Burton,draw,0.24867863355889824,0.24519955278530606,4.136,4.2,1.4145350320025951,0.0014790807735921938,8,0.0,BMGM,4.0-5.0,sportsbook,0.24177949709864602,1.0285348283996032,0.003479080773592186,0.005947759775034638,1.419729137206128,0.06184106278872079,0.35305630186417347,0.125,1.547388781431347,draw:4.0-5.0,draw:sportsbook,sportsbook:4.0-5.0,3.871144994003699,3.871144994003699,0.12,0.2511391319971076,0.23951873478909105,0.2511391319971076,0.0,,,0.0,lower_clv,True,0.23470889618900634,4.260596919150095,-2.9244005362269787,False,home,False,-0.12
2025-08,data\historical_csv\football-data\2526\E1.csv:12,data\historical_csv\football-data\2526\E1.csv,12,2025-08-09,E1,Sheffield United,Bristol City,draw,0.25219827715720644,0.24738043639995674,4.038,4.1,-0.10777978169745905,0.002817840757249697,8,0.0,BMGM,4.0-5.0,sportsbook,0.24764735017335313,1.0183766431607997,0.004817840757249697,0.011173116601003626,1.3957495198906458,0.06360397100106312,0.3520056242594189,0.125,1.535413571074784,draw:4.0-5.0,draw:sportsbook,sportsbook:4.0-5.0,3.1152993214267903,3.1152993214267903,0.1,0.255362306392835,0.24295820228758833,0.255362306392835,0.0,,,0.0,lower_clv,True,0.2480397853652644,4.031611293838995,0.15846533049377332,True,away,False,-0.1
2025-08,data\historical_csv\football-data\2526\E1.csv:8,data\historical_csv\football-data\2526\E1.csv,8,2025-08-09,E1,Oxford,Portsmouth,draw,0.292300138423816,0.2853750627247463,3.45,3.5,-1.545603359962533,0.004925075699069729,8,0.0,BMGM,3.0-4.0,sportsbook,0.2898550724637681,1.0084354775621653,0.006925075699069749,0.01684937860661801,1.2383742310432684,0.08543937092258201,0.36197695915443406,0.125,1.4492753623188248,draw:3.0-4.0,draw:sportsbook,sportsbook:3.0-4.0,2.44329267770752,2.44329267770752,0.1,0.2969370802252391,0.28223498255189844,0.2969370802252391,0.0,,,0.0,lower_clv,True,0.2961241921164572,3.376961513521761,2.1628462801777326,True,away,False,-0.1
2025-08,data\historical_csv\football-data\2526\P1.csv:8,data\historical_csv\football-data\2526\P1.csv,8,2025-08-11,P1,Estoril,Estrela,draw,0.27466066152956436,0.26719336925294457,3.793,3.85,1.346444957641868,0.0054672922766197864,8,0.0,BMGM,3.0-4.0,sportsbook,0.26364355391510674,1.0417878891816377,0.007467292276619797,0.019905625531420668,1.3331572627067618,0.07543847899185792,0.36616585569798243,0.125,1.5027682573161005,draw:3.0-4.0,draw:sportsbook,sportsbook:3.0-4.0,4.675042386657947,4.675042386657947,0.17,0.2759690018103294,0.26493847246271796,0.2759690018103294,0.0,,,0.0,lower_clv,True,0.26824754404038403,3.7278999275738096,1.7462934545176667,True,draw,True,0.47
2025-08,data\historical_csv\football-data\2526\B1.csv:28,data\historical_csv\football-data\2526\B1.csv,28,2025-08-16,B1,Mechelen,Gent,away,0.272449357356831,0.25438277457406866,3.9792,4.2,1.2239936585134004,0.016066582782762347,8,0.05,BFE,3.0-4.0,exchange,0.25130679533574585,1.084130482794302,0.018066582782762353,0.058970896237863765,1.3810807940670031,0.07422865232415021,0.37627457480141685,0.125,5.5488540410132625,away:3.0-4.0,away:exchange,exchange:3.0-4.0,4.873586610280847,4.873586610280847,0.16,0.2635544496639547,0.26277236837422785,0.2635544496639547,0.0,,,0.0,lower_clv,True,0.2912662371950576,3.433284989122552,15.900661104657331,True,draw,False,-0.16
2025-08,data\historical_csv\football-data\2526\T1.csv:13,data\historical_csv\football-data\2526\T1.csv,13,2025-08-17,T1,Konyaspor,Gaziantep,away,0.24084960437915123,0.23010874749587149,4.444700000000001,4.7,2.276434999490018,0.008740856883279748,8,0.05,BFE,4.0-5.0,exchange,0.22498706324386342,1.0705042365840136,0.010740856883279748,0.03629176350864866,1.4917123751246555,0.05800853192959367,0.3592783353962573,0.125,5.743919724615809,away:4.0-5.0,away:exchange,exchange:4.0-5.0,4.383097330238402,4.383097330238402,0.13,0.234848465206287,0.23187257147940046,0.234848465206287,0.0,,,0.0,lower_clv,True,0.2361710564582489,4.234219107948917,4.97094946399792,True,home,False,-0.13
2025-08,data\historical_csv\football-data\2526\B1.csv:32,data\historical_csv\football-data\2526\B1.csv,32,2025-08-17,B1,Charleroi,Antwerp,away,0.3163861032443273,0.3133605752275484,3.3275,3.5,4.2707314069667435,0.001025528016778893,8,0.05,BFE,3.0-4.0,exchange,0.3005259203606311,1.0527747585454992,0.003025528016778911,0.003241381357344052,1.2022212712871296,0.10010016632613014,0.3803661032599762,0.125,5.184072126220873,away:3.0-4.0,away:exchange,exchange:3.0-4.0,3.3537365890897313,3.3537365890897313,0.14,0.31060476811146426,0.30590287050115195,0.31060476811146426,0.0,,,0.0,lower_clv,True,0.3139864079981403,3.1848512372736937,4.478977261381201,True,draw,False,-0.14
2025-08,data\historical_csv\football-data\2526\E0.csv:10,data\historical_csv\football-data\2526\E0.csv,10,2025-08-17,E0,Man United,Arsenal,away,0.4747599910756672,0.46568937453431386,2.0780000000000003,2.1,-3.22974797176957,0.007070616541353342,8,0.0,BW,2.0-3.0,sportsbook,0.4812319538017324,0.9865512614552365,0.009070616541353327,0.014893033689156062,0.7314058926770358,0.2253970491261676,0.3472422550800399,0.125,1.0587102983637964,away:2.0-3.0,away:sportsbook,sportsbook:2.0-3.0,1.1077474015001663,1.1077474015001663,0.1,0.48656278826515953,0.462944153572456,0.48656278826515953,0.0,,,0.0,lower_clv,True,0.49449642356865886,2.0222593174349903,2.756356817567318,True,away,True,0.11
2025-08,data\historical_csv\football-data\2526\T1.csv:19,data\historical_csv\football-data\2526\T1.csv,19,2025-08-23,T1,Gaziantep,Genclerbirligi,draw,0.26589743198617916,0.26099903691505844,3.842,3.9,0.275829982765452,0.0028983950711207133,8,0.0,BMGM,3.0-4.0,sportsbook,0.2602811035918792,1.0215779336909003,0.00489839507112072,0.010900425210843579,1.345993064346365,0.07070144433684478,0.35789609928090643,0.125,1.5096304008328953,draw:3.0-4.0,draw:sportsbook,sportsbook:3.0-4.0,3.2823578269704674,3.2823578269704674,0.12,0.26882446076775235,0.25635726169650846,0.26882446076775235,0.0,,,0.0,lower_clv,True,0.2831858407079646,3.53125,8.800000000000008,True,home,False,-0.12
2025-08,data\historical_csv\football-data\2526\E2.csv:53,data\historical_csv\football-data\2526\E2.csv,53,2025-08-23,E2,Huddersfield,Stevenage,away,0.2474323097889046,0.23685270121749316,4.2585,4.5,0.8637228134694475,0.008579608571411438,8,0.05,BFE,4.0-5.0,exchange,0.23482446870963955,1.05369049123605,0.010579608571411436,0.03467456848594704,1.4489169855989985,0.061222747927472454,0.3585088764391372,0.125,5.671010919337793,away:4.0-5.0,away:exchange,exchange:4.0-5.0,3.2764877790777307,3.2764877790777307,0.1,0.24251846372919514,0.23830110391239226,0.24251846372919514,0.0,,,0.0,lower_clv,True,0.25720739282654,3.8879131311532613,9.531768235182048,True,home,False,-0.1
2025-08,data\historical_csv\football-data\2526\E2.csv:60,data\historical_csv\football-data\2526\E2.csv,60,2025-08-23,E2,Wycombe,Reading,draw,0.26812139949143604,0.26197945934145034,3.793,3.85,-0.6311910717878844,0.0041419401499856925,8,0.0,BMGM,3.0-4.0,sportsbook,0.26364355391510674,1.016984468271017,0.006141940149985703,0.015448002874227831,1.3331572627067618,0.07188908486524624,0.357447991019109,0.125,1.5027682573161005,draw:3.0-4.0,draw:sportsbook,sportsbook:3.0-4.0,2.933090873588032,2.933090873588032,0.11,0.2713764589337939,0.25853430222591123,0.2713764589337939,0.0,,,0.0,lower_clv,True,0.26596944537573675,3.7598303767084733,0.8822106310169442,True,draw,True,0.31
2025-08,data\historical_csv\football-data\2526\P1.csv:23,data\historical_csv\football-data\2526\P1.csv,23,2025-08-24,P1,Famalicao,Gil Vicente,draw,0.304638712719554,0.29472438888247515,3.303,3.35,-2.652534352118463,0.007914323837078876,8,0.0,BMGM,3.0-4.0,sportsbook,0.3027550711474417,1.0062216681126868,0.009914323837078853,0.02597937657504707,1.1948311464086525,0.09280474528742695,0.3639918223591609,0.125,1.4229488343929786,draw:3.0-4.0,draw:sportsbook,sportsbook:3.0-4.0,2.3239904422500772,2.3239904422500772,0.1,0.30979107006433565,0.2943521679266273,0.30979107006433565,0.0,,,0.0,lower_clv,True,0.2827867900022013,3.5362330750747435,-6.5955232622729065,False,draw,True,0.23
2025-08,data\historical_csv\football-data\2526\E3.csv:67,data\historical_csv\football-data\2526\E3.csv,67,2025-08-30,E3,Chesterfield,Crawley Town,draw,0.23066808960891283,0.22256097352254875,4.528,4.6,0.7756088110100645,0.006107116086364087,8,0.0,BMGM,4.0-5.0,sportsbook,0.2208480565371025,1.0444651097491573,0.00810711608636408,0.02647577346618868,1.5102803409008818,0.05320776756382544,0.34837348100950405,0.125,1.590106007067149,draw:4.0-5.0,draw:sportsbook,sportsbook:4.0-5.0,4.669450107479226,4.669450107479226,0.13,0.23116044635044003,0.22193823794986883,0.23116044635044003,0.0,,,0.0,lower_clv,True,0.2195903216878967,4.553934765036221,-0.5695023397203847,False,draw,True,0.46
2025-08,data\historical_csv\football-data\2526\I2.csv:15,data\historical_csv\football-data\2526\I2.csv,15,2025-08-30,I2,Cesena,Virtus Entella,away,0.24711499122198197,0.2286311166419148,4.3712,4.44,-0.060766293486202994,0.016483874580067163,8,0.0,PS,4.0-5.0,sportsbook,0.2287701317715959,1.0801890496295277,0.018483874580067172,0.06670527958888497,1.4750375709542791,0.06106581888664023,0.3645038963984603,0.125,1.5739385065885791,away:4.0-5.0,away:sportsbook,sportsbook:4.0-5.0,4.271729770794639,4.271729770794639,0.13,0.2385425735971693,0.2379911159167322,0.2385425735971693,0.0,,,0.0,lower_clv,True,0.24695113416549327,4.049384115522442,7.947279766420423,True,draw,False,-0.13
2025-08,data\historical_csv\football-data\2526\E3.csv:62,data\historical_csv\football-data\2526\E3.csv,62,2025-08-30,E3,Barrow,Fleetwood Town,draw,0.2897465129150099,0.28389443615781795,3.548,3.6,0.7257459487938211,0.003852076757191973,8,0.0,BMGM,3.0-4.0,sportsbook,0.2818489289740699,1.0280206278224553,0.00585207675719196,0.013294644061244962,1.266384064447333,0.08395304174640801,0.36693036668475193,0.125,1.4656144306651742,draw:3.0-4.0,draw:sportsbook,sportsbook:3.0-4.0,3.8293549289880096,3.8293549289880096,0.15,0.29264192482803836,0.27972907617033166,0.29264192482803836,0.0,,,0.0,lower_clv,True,0.2873416938579295,3.4801771597213125,1.9488329807934024,True,away,False,-0.15
2025-08,data\historical_csv\football-data\2526\T1.csv:24,data\historical_csv\football-data\2526\T1.csv,24,2025-08-30,T1,Kasimpasa,Gaziantep,draw,0.24131468406751666,0.23218290531553454,4.234,4.3,-1.6937578894026806,0.0071317787519821225,8,0.0,BMGM,4.0-5.0,sportsbook,0.23618327822390175,1.0217263723418655,0.009131778751982123,0.029553853216767966,1.4431471727126735,0.05823277674660538,0.3482526040460887,0.125,1.558809636277747,draw:4.0-5.0,draw:sportsbook,sportsbook:4.0-5.0,3.1077974023972166,3.1077974023972166,0.1,0.24352337600944077,0.23232661345018077,0.24352337600944077,0.0,,,0.0,lower_clv,True,0.26407404034079635,3.7868167530192163,11.808948680293163,True,away,False,-0.1
2025-08,data\historical_csv\football-data\2526\T1.csv:25,data\historical_csv\football-data\2526\T1.csv,25,2025-08-30,T1,Kocaelispor,Kayserispor,draw,0.28162784615407055,0.2735001287758149,3.597,3.65,-1.6220036793393788,0.006127717378255605,8,0.0,BMGM,3.0-4.0,sportsbook,0.2780094523213789,1.0130153626161917,0.008127717378255628,0.02175820843690047,1.2801001647134869,0.07931424372938083,0.36051185224973026,0.125,1.4734500973033082,draw:3.0-4.0,draw:sportsbook,sportsbook:3.0-4.0,2.6823167006909543,2.6823167006909543,0.1,0.2854665462904947,0.2717664616744193,0.2854665462904947,0.0,,,0.0,lower_clv,True,0.27567034505882465,3.6275211241405465,-0.8413768823407719,False,draw,True,0.26
2025-08,data\historical_csv\football-data\2526\SP2.csv:30,data\historical_csv\football-data\2526\SP2.csv,30,2025-08-31,SP2,Cadiz,Albacete,draw,0.26429537241465956,0.25930999830432566,3.891,3.95,0.8975203402131093,0.0029853741103338743,8,0.0,BMGM,3.0-4.0,sportsbook,0.2570033410434336,1.0283732940654404,0.0049853741103338955,0.011295597357830566,1.3586661940024165,0.0698520438798036,0.3590891877310768,0.125,1.5163197121562666,draw:3.0-4.0,draw:sportsbook,sportsbook:3.0-4.0,3.7514885801908946,3.7514885801908946,0.13,0.26664479203338703,0.25478931607405464,0.26664479203338703,0.0,,,0.0,lower_clv,True,0.2585562103354488,3.8676309445540213,0.6042214415231228,True,home,False,-0.13
2025-08,data\historical_csv\football-data\2526\F1.csv:25,data\historical_csv\football-data\2526\F1.csv,25,2025-08-31,F1,Le Havre,Nice,draw,0.27772051501546097,0.2733843010664462,3.695,3.75,1.015499244051865,0.0023362139490147715,8,0.0,BMGM,3.0-4.0,sportsbook,0.2706359945872801,1.0261773029821282,0.004336213949014789,0.008412104337645752,1.3069805544001651,0.07712868446045289,0.36297531268320654,0.125,1.4884979702300516,draw:3.0-4.0,draw:sportsbook,sportsbook:3.0-4.0,3.6757104448914495,3.6757104448914495,0.14,0.28058379010796064,0.26793659293111965,0.28058379010796064,0.0,,,0.0,lower_clv,True,0.2789706427215713,3.584606574527834,3.0796524856205876,True,home,False,-0.14
2025-09,data\historical_csv\football-data\2526\T1.csv:33,data\historical_csv\football-data\2526\T1.csv,33,2025-09-13,T1,Karagumruk,Kasimpasa,away,0.3946964525887844,0.38953710473415387,2.6013200000000003,2.72,1.3310661287049275,0.003159347854630517,8,0.05,BFE,2.0-3.0,exchange,0.3844202174280749,1.0267317760482566,0.005159347854630514,0.008004500253064328,0.956019008502992,0.15578528968617053,0.37733731126357783,0.125,4.562299140436399,away:2.0-3.0,away:exchange,exchange:2.0-3.0,1.7560648131022139,1.7560648131022139,0.11,0.3911708856007804,0.3818261955425935,0.3911708856007804,0.0,,,0.0,lower_clv,True,0.4032452749388665,2.4798802667969357,4.896999860397244,True,away,True,0.18
2025-09,data\historical_csv\football-data\2526\T1.csv:39,data\historical_csv\football-data\2526\T1.csv,39,2025-09-14,T1,Gaziantep,Kocaelispor,away,0.28152081015215163,0.27396479255202427,3.7929999999999997,4.0,3.9148458149828036,0.00555601760012735,7,0.05,BFE,3.0-4.0,exchange,0.2636435539151068,1.0678084329071111,0.007556017600127363,0.019735726098275033,1.3331572627067618,0.0792539665487238,0.37531151265743246,0.14285714285714285,5.457421566042719,away:3.0-4.0,away:exchange,exchange:3.0-4.0,2.8340823221468994,2.8340823221468994,0.1,0.2711154292700947,0.2692747001352421,0.2711154292700947,0.0,,,0.0,lower_clv,True,0.31300166467049023,3.1948711871955737,18.721531409516935,True,home,False,-0.1
2025-09,data\historical_csv\football-data\2526\B1.csv:54,data\historical_csv\football-data\2526\B1.csv,54,2025-09-14,B1,St Truiden,Westerlo,away,0.30232951581811995,0.29536810358741483,3.5137,3.7,3.78349055750995,0.004961412230705136,8,0.05,BFE,3.0-4.0,exchange,0.28460027890827333,1.062295219730128,0.006961412230705122,0.01641061150539433,1.2566696133259048,0.09140313613481885,0.37992831574016483,0.125,5.302103196061125,away:3.0-4.0,away:exchange,exchange:3.0-4.0,2.7462238123739477,2.7462238123739477,0.11,0.292416039537735,0.2898352911026711,0.292416039537735,0.0,,,0.0,lower_clv,True,0.2982193064667292,3.3532369578881203,4.785317713214621,True,away,True,0.28
2025-09,data\historical_csv\football-data\2526\G1.csv:23,data\historical_csv\football-data\2526\G1.csv,23,2025-09-20,G1,Panserraikos,Atromitos,home,0.2750747927137586,0.2663978983200803,4.0968,4.16,9.137890983770514,0.006676894393678318,8,0.0,PS,4.0-5.0,sportsbook,0.2440929505955868,1.1269264107897263,0.008676894393678303,0.024273014360229873,1.4102061811662034,0.07566614158651727,0.38791217296795455,0.125,1.5426674477641011,home:4.0-5.0,home:sportsbook,sportsbook:4.0-5.0,6.696103165084319,6.696103165084319,0.22,0.26043766638616556,0.2629186980865713,0.26043766638616556,0.0,,,0.0,lower_clv,True,0.2988548202053349,3.346106311127683,22.43484274172158,True,draw,False,-0.22
2025-09,data\historical_csv\football-data\2526\SC0.csv:30,data\historical_csv\football-data\2526\SC0.csv,30,2025-09-20,SC0,Dundee,Livingston,draw,0.2860444207375575,0.27800600978947554,3.646,3.7,1.3609911692427756,0.006038410948081965,8,0.0,B365,3.0-4.0,sportsbook,0.27427317608337903,1.0429179580091346,0.008038410948081942,0.021110046238664932,1.2936306762564713,0.0818214106350848,0.3700358374381171,0.125,1.4810751508502529,draw:3.0-4.0,draw:sportsbook,sportsbook:3.0-4.0,3.117158500705409,3.117158500705409,0.12,0.28282270570681683,0.2737388972860943,0.28282270570681683,0.0,,,0.0,lower_clv,True,0.2909090909090909,3.4375,6.0654545454545294,True,home,False,-0.12
2025-09,data\historical_csv\football-data\2526\B1.csv:72,data\historical_csv\football-data\2526\B1.csv,72,2025-09-28,B1,Charleroi,Mechelen,away,0.28409167913910094,0.27519971500531387,3.8860999999999994,4.1,6.9453612482150096,0.006891964133787079,8,0.05,BFE,3.0-4.0,exchange,0.25732739764802764,1.10400867430246,0.008891964133787067,0.024259647993465305,1.3574060840261057,0.08070808215607388,0.38562777368460793,0.125,5.504233035691319,away:3.0-4.0,away:exchange,exchange:3.0-4.0,5.389139590219772,5.389139590219772,0.19,0.27119513031115977,0.27181142541757586,0.27119513031115977,0.0,,,0.0,lower_clv,True,0.2772832578073573,3.6064204088901413,7.755046816517108,True,away,True,0.55
2025-10,data\historical_csv\football-data\2526\B1.csv:90,data\historical_csv\football-data\2526\B1.csv,90,2025-10-24,B1,Charleroi,Anderlecht,home,0.3577911552626501,0.34774307067245386,3.0873999999999997,3.13,7.362195639413405,0.008048084590196253,8,0.0,PS,3.0-4.0,sportsbook,0.3238971302714258,1.1046444127579058,0.010048084590196238,0.022493805315808472,1.1273293127656037,0.1280145107841818,0.4033484571758547,0.125,1.3798017749562907,home:3.0-4.0,home:sportsbook,sportsbook:3.0-4.0,5.031540133531383,2.810189745201319,0.13,0.33299925421131477,0.34744417838949504,0.33299925421131477,0.0,,,0.0,lower_clv,True,0.3482359631268029,2.8716161048417357,7.514371255769103,True,home,True,0.27
2025-11,data\historical_csv\football-data\2526\E3.csv:216,data\historical_csv\football-data\2526\E3.csv,216,2025-11-29,E3,Shrewsbury,Gillingham,home,0.3894132408376038,0.38721889845524826,2.715,2.75,5.129930930599902,0.00019434238235555747,7,0.0,BMGM,2.0-3.0,sportsbook,0.3683241252302026,1.0572569488740944,0.002194342382355552,0.0004990646490025327,0.9987919533858987,0.15164267213964563,0.38894281149052373,0.14285714285714285,1.2891344383057168,home:2.0-3.0,home:sportsbook,sportsbook:2.0-3.0,4.603955231290331,2.3840992649670434,0.14,0.3771053379925121,0.3771410901154898,0.3771053379925121,0.0,,,0.0,lower_clv,True,0.3851786899567737,2.5961976248276457,4.576014323264044,True,draw,False,-0.14
2025-11,data\historical_csv\football-data\2526\SP2.csv:175,data\historical_csv\football-data\2526\SP2.csv,175,2025-11-30,SP2,Cordoba,Cadiz,away,0.26119095272995085,0.2526407418699892,4.273199999999999,4.34,7.9584418158837655,0.006550210859961645,8,0.0,PS,4.0-5.0,sportsbook,0.23401666198633347,1.1161211792056258,0.00855021085996166,0.025078245595795978,1.4523629610895952,0.06822071378797942,0.3793440655166839,0.125,1.5632313020687238,away:4.0-5.0,away:sportsbook,sportsbook:4.0-5.0,7.681758037935187,5.461902071611899,0.17,0.24679842289528203,0.25184909270454847,0.24679842289528203,0.0,,,0.0,lower_clv,True,0.21940635215640555,4.5577531834043805,-6.243277596524798,False,away,True,0.56
2025-12,data\historical_csv\football-data\2526\I2.csv:147,data\historical_csv\football-data\2526\I2.csv,147,2025-12-08,I2,Mantova,Reggiana,away,0.26336317556447897,0.256005013570644,4.136,4.2,5.883673612818363,0.005358161993835006,7,0.0,BMGM,4.0-5.0,sportsbook,0.24177949709864602,1.0892700941346851,0.0073581619938349885,0.02034514499739988,1.419729137206128,0.06936016224340658,0.3739043740160237,0.14285714285714285,1.547388781431347,away:4.0-5.0,away:sportsbook,sportsbook:4.0-5.0,6.298971469640019,4.192258553094296,0.13,0.25191551874539236,0.2548218792533837,0.25191551874539236,0.0,,,0.0,lower_clv,True,0.30976180455651126,3.2282869782209236,28.117482364573053,True,away,True,0.41
2026-01,data\historical_csv\football-data\2526\T1.csv:163,data\historical_csv\football-data\2526\T1.csv,163,2026-01-19,T1,Goztep,Rizespor,away,0.2392388211647393,0.22594570914675383,4.6309000000000005,4.9,4.633198448770237,0.011293112017985458,7,0.05,BFE,4.0-5.0,exchange,0.21594074585933618,1.1078910569317912,0.01329311201798547,0.04720434569525423,1.5327512336571778,0.05723521355229411,0.3666935982789431,0.14285714285714285,5.810965471074736,away:4.0-5.0,away:exchange,exchange:4.0-5.0,5.63207519947057,3.54416681100937,0.1,0.22359404610552888,0.22840881504744076,0.22359404610552888,0.0,,,0.0,lower_clv,True,0.24523367773387328,4.077743355809378,13.565263821779382,True,home,False,-0.1
2026-01,data\historical_csv\football-data\2526\T1.csv:170,data\historical_csv\football-data\2526\T1.csv,170,2026-01-25,T1,Rizespor,Alanyaspor,away,0.25700934579439255,0.25367211414448815,4.444700000000001,4.7,12.749644573800678,0.001337231649904402,4,0.05,BFE,4.0-5.0,exchange,0.22498706324386342,1.1423294392523369,0.003337231649904404,0.0052030467832644,1.4917123751246555,0.06605380382566164,0.3833840216441872,0.25,5.743919724615809,away:4.0-5.0,away:exchange,exchange:4.0-5.0,8.222535645945245,6.134627257484045,0.18,0.23878918095143434,0.24655524849566207,0.23878918095143434,0.0,,,0.0,lower_clv,True,0.22669792936681343,4.411156302984702,0.7604286656675896,True,draw,False,-0.18
2026-01,data\historical_csv\football-data\2526\E2.csv:340,data\historical_csv\football-data\2526\E2.csv,340,2026-01-31,E2,Wigan,Lincoln,away,0.42891681863156994,0.42362399934590983,2.568,2.6,8.786643032029652,0.003292819285660128,5,0.0,BMGM,2.0-3.0,sportsbook,0.3894080996884735,1.1014583902458717,0.005292819285660111,0.007677057980998845,0.9431273858277147,0.18396963730502705,0.4045231978935326,0.2,1.2461059190031154,away:2.0-3.0,away:sportsbook,sportsbook:2.0-3.0,6.507245712515505,4.419337324054306,0.28,0.4066173571808968,0.4252160805629376,0.4066173571808968,0.0,,,0.0,lower_clv,True,0.4367218486645365,2.289786973236917,12.150170737052978,True,away,True,0.44
2026-03,data\historical_csv\football-data\2526\E2.csv:411,data\historical_csv\football-data\2526\E2.csv,411,2026-03-07,E2,Blackpool,Wigan,away,0.34167230793122233,0.3385407623742103,3.058,3.1,3.5257651340335094,0.0011315455570119995,5,0.0,BMGM,3.0-4.0,sportsbook,0.3270111183780249,1.0448339176536778,0.0031315455570120054,0.0033117859737107416,1.1177611075068705,0.11673996600704802,0.3819080173176316,0.2,1.373446697187708,away:3.0-4.0,away:sportsbook,sportsbook:3.0-4.0,2.105748322565746,2.105748322565746,0.1,0.3338971495178736,0.3316608794165997,0.3325153375221239,0.6179092565618615,,,0.0,lower_clv,True,0.35305497849432915,2.8324200504541595,7.964212423565842,True,draw,False,-0.1
2026-03,data\historical_csv\football-data\2526\T1.csv:222,data\historical_csv\football-data\2526\T1.csv,222,2026-03-08,T1,Konyaspor,Kasimpasa,away,0.25734124442500017,0.2526988345019886,4.2585,4.5,7.611798672671832,0.0026424099230115752,5,0.05,BFE,4.0-5.0,exchange,0.23482446870963955,1.0958876893838632,0.00464240992301157,0.010268116674867803,1.4489169855989985,0.06622451608220768,0.3728661001425663,0.2,5.671010919337793,away:4.0-5.0,away:exchange,exchange:4.0-5.0,4.611919576795946,4.611919576795946,0.14,0.2456543843531665,0.23764888366300396,0.2407077113733027,0.6179092565618615,,,0.0,lower_clv,True,0.21317977018778153,4.690876620793521,-9.217394865533246,False,draw,False,-0.14
2026-03,data\historical_csv\football-data\2526\I1.csv:289,data\historical_csv\football-data\2526\I1.csv,289,2026-03-15,I1,Como,Roma,home,0.4504923328984877,0.44770375299129117,2.274,2.3,1.8078334302196186,0.0007885799071965764,7,0.0,LB,2.0-3.0,sportsbook,0.4397537379067722,1.0244195650111612,0.0027885799071965534,0.001750484635604824,0.8215403953283443,0.20294334200032188,0.3700976492618117,0.14285714285714285,1.1433597185575906,home:2.0-3.0,home:sportsbook,sportsbook:2.0-3.0,1.4024766550050547,1.4024766550050547,0.11,0.4459211814204268,0.4564748335542857,0.4524423807644721,0.6179092565618615,,,0.0,lower_clv,True,0.4516506169788151,2.214100816886309,2.7053503009825564,True,home,True,0.14
2026-03,data\historical_csv\football-data\2526\T1.csv:240,data\historical_csv\football-data\2526\T1.csv,240,2026-03-19,T1,Kayserispor,Karagumruk,away,0.2544720119041691,0.24711863762680136,4.2585,4.5,5.235471833373362,0.00535337427736775,5,0.05,BFE,4.0-5.0,exchange,0.23482446870963955,1.083669062693904,0.0073533742773677635,0.021037182978628555,1.4489169855989985,0.06475600484255559,0.3687088204075012,0.2,5.671010919337793,away:4.0-5.0,away:exchange,exchange:4.0-5.0,3.4788144383617627,3.4788144383617627,0.11,0.24299357623191678,0.23452141003939758,0.2377585463184287,0.6179092565618615,,,0.0,lower_clv,True,0.2795181127062924,3.577585689592732,19.032788295974612,True,home,False,-0.11
2026-04,data\historical_csv\football-data\2526\T1.csv:244,data\historical_csv\football-data\2526\T1.csv,244,2026-04-04,T1,Kasimpasa,Kayserispor,away,0.29961297698633865,0.2894900447798069,3.65335,3.85,5.760845509630763,0.008122932206531779,5,0.05,BFE,3.0-4.0,exchange,0.27372137900830745,1.0945910694730403,0.010122932206531765,0.027111416495494978,1.2956445548851494,0.08976793597861629,0.38819192220527926,0.2,5.382730918198364,away:3.0-4.0,away:exchange,exchange:3.0-4.0,3.3405319844222965,3.3405319844222965,0.13,0.28286512922228174,0.2893840384147145,0.28286512922228174,0.0,,,0.0,lower_clv,True,0.289105228664795,3.4589481643704785,5.62025871425289,True,home,False,-0.13
2026-04,data\historical_csv\football-data\2526\E1.csv:483,data\historical_csv\football-data\2526\E1.csv,483,2026-04-06,E1,Bristol City,Sheffield United,home,0.33283677378165566,0.31957854914386863,3.205,3.25,2.42492500060989,0.011258224637787055,5,0.0,BW,3.0-4.0,sportsbook,0.31201248049922,1.0667418599702063,0.01325822463778703,0.033825062386803946,1.1647120903726333,0.11078031798138102,0.38765901454411544,0.2,1.4040561622464809,home:3.0-4.0,home:sportsbook,sportsbook:3.0-4.0,3.1585090662381945,3.1585090662381945,0.14,0.3218674229835825,0.32742347135996214,0.3218674229835825,0.0,,,0.0,lower_clv,True,0.37429429546876025,2.6716944717194147,19.961321697737656,True,home,True,0.31
2026-04,data\historical_csv\football-data\2526\E2.csv:508,data\historical_csv\football-data\2526\E2.csv,508,2026-04-16,E2,Peterboro,Port Vale,away,0.25226691467100676,0.22137023080373833,4.43,4.5,-1.9329877539439266,0.02889668386726843,5,0.0,BFD,4.0-5.0,sportsbook,0.22573363431151244,1.1175424319925598,0.030896683867268432,0.11454805282315346,1.4883995840570443,0.063638596237629,0.37547397086768036,0.2,1.5801354401805856,away:4.0-5.0,away:sportsbook,sportsbook:4.0-5.0,4.350823914804403,4.350823914804403,0.13,0.23555490725689485,0.23612890524797814,0.23555490725689485,0.0,,,0.0,lower_clv,True,0.1739791484811849,5.747815233778694,-22.927237222835096,False,away,True,0.45
2026-04,data\historical_csv\football-data\2526\I2.csv:349,data\historical_csv\football-data\2526\I2.csv,349,2026-04-19,I2,Carrarese,Pescara,away,0.31684174855981023,0.31451684082762976,3.254,3.3,2.343780005310725,0.00032490773218048414,5,0.0,BMGM,3.0-4.0,sportsbook,0.3073140749846343,1.0310030498136225,0.00232490773218047,0.0010254574520477098,1.179885008796846,0.10038869363043801,0.37383682928669976,0.2,1.41364474492931,away:3.0-4.0,away:sportsbook,sportsbook:3.0-4.0,2.286267796433273,2.286267796433273,0.1,0.31434009771491483,0.3090535955377063,0.31434009771491483,0.0,,,0.0,lower_clv,True,0.301670510748396,3.3148748862431425,-1.8364158024719357,False,draw,False,-0.1
