test_month,candidate_id,source_file,source_row,date,league,home_team,away_team,outcome,probability,conservative_probability,odds,raw_odds,conservative_ev_pct,reference_dispersion,reference_bookmakers,execution_cost_rate,execution_bookmaker,odds_band,source_type,implied_probability,price_ratio,probability_uncertainty,relative_dispersion,log_odds,probability_squared,odds_probability_interaction,reference_depth_inverse,raw_net_odds_gap_pct,outcome_odds_band,outcome_source_type,source_odds_band,predicted_closing_edge_pct,lower_closing_edge_pct,stake,estimated_probability_from_lower_clv,staking_probability_profile,decision_frozen_before_closing_and_result,closing_probability,closing_fair_odds,closing_edge_pct,positive_clv,actual_outcome,won,profit
2022-08,data\historical_csv\football-data\2223\I2.csv:11,data\historical_csv\football-data\2223\I2.csv,11,2022-08-14,I2,Venezia,Genoa,away,0.42508089653346876,0.41710859091189534,2.6660000000000004,2.7,11.20115033711131,0.005972305621573442,5,0.0,WH,2.0-3.0,sportsbook,0.3750937734433608,1.1332656701582278,0.007972305621573417,0.01404980950750209,0.980579221756517,0.18069376859769756,0.41682549470635133,0.2,1.275318829707417,away:2.0-3.0,away:sportsbook,sportsbook:2.0-3.0,11.410534940138664,9.182037969212253,0.55,0.4095350261410811,lower_clv,True,0.4862549116664027,2.056534496634667,29.635559450262996,True,away,True,0.92
2022-08,data\historical_csv\football-data\2223\F2.csv:31,data\historical_csv\football-data\2223\F2.csv,31,2022-08-15,F2,Quevilly Rouen,St Etienne,home,0.2596195669162846,0.25581545078927537,4.1752,4.24,6.808067013538266,0.0018041161270092444,4,0.0,PS,4.0-5.0,sportsbook,0.23950948457558918,1.0839636157888717,0.0038041161270092605,0.006949076097915952,1.4291622613470665,0.0674023195257992,0.3710384873440234,0.25,1.5520214600498239,home:4.0-5.0,home:sportsbook,sportsbook:4.0-5.0,6.557477109803016,4.328980138876605,0.14,0.24987780259359219,lower_clv,True,0.26283061702512733,3.804731774854058,9.737039220331178,True,draw,False,-0.14
2022-08,data\historical_csv\football-data\2223\I2.csv:29,data\historical_csv\football-data\2223\I2.csv,29,2022-08-28,I2,Pisa,Genoa,away,0.4247787610619469,0.4172544014904518,2.519,2.55,5.106383735444808,0.0055243595714951355,5,0.0,WH,2.0-3.0,sportsbook,0.39698292973402144,1.0700176991150443,0.0075243595714951095,0.013005263157894797,0.9238619973704731,0.18043699584932257,0.39243695463524525,0.2,1.2306470821754623,away:2.0-3.0,away:sportsbook,sportsbook:2.0-3.0,6.331468233057233,4.102971262130822,0.27,0.4132710252565733,lower_clv,True,0.49443352075669394,2.0225165932713742,24.54780387861122,True,away,True,0.41
2022-09,data\historical_csv\football-data\2223\SP2.csv:71,data\historical_csv\football-data\2223\SP2.csv,71,2022-09-24,SP2,Malaga,Villarreal B,home,0.42487665615409226,0.41201404080543763,2.5876,2.62,6.612753198815047,0.01086261534865462,5,0.0,WH,2.0-3.0,sportsbook,0.38645849435770596,1.0994108354643293,0.012862615348654627,0.025566514872765844,0.9507308051876934,0.18052017294468276,0.4039433254108349,0.2,1.2521255217189609,home:2.0-3.0,home:sportsbook,sportsbook:2.0-3.0,9.890422965446332,5.380316106853352,0.34,0.40725118297593654,lower_clv,True,0.46147012614537825,2.166987510877285,19.410009841378084,True,draw,False,-0.34
2022-09,data\historical_csv\football-data\2223\SP2.csv:73,data\historical_csv\football-data\2223\SP2.csv,73,2022-09-25,SP2,Burgos,Levante,away,0.41692650334075726,0.41022318694664706,2.568,2.6,5.34531440789896,0.0047033163941102235,5,0.0,WH,2.0-3.0,sportsbook,0.3894080996884735,1.0706672605790646,0.006703316394110204,0.01128092447091608,0.9431273858277147,0.17382770918795049,0.39321480317805835,0.2,1.2461059190031154,away:2.0-3.0,away:sportsbook,sportsbook:2.0-3.0,6.659223937874223,2.1491170792812424,0.14,0.397776935666983,lower_clv,True,0.4044511746432225,2.4724863288680705,3.863061648379551,True,draw,False,-0.14
2022-10,data\historical_csv\football-data\2223\T1.csv:92,data\historical_csv\football-data\2223\T1.csv,92,2022-10-21,T1,Antalyaspor,Istanbulspor,home,0.5424024404823852,0.5382719030360479,2.0780000000000003,2.1,11.852901450890773,0.002130537446337237,5,0.0,VC,2.0-3.0,sportsbook,0.4812319538017324,1.1271122713223964,0.00413053744633729,0.003927964344043963,0.7314058926770358,0.29420040744124737,0.39671634117122173,0.2,1.0587102983637964,home:2.0-3.0,home:sportsbook,sportsbook:2.0-3.0,11.5283209199754,6.970814521319455,0.65,0.5147777407185729,lower_clv,True,0.5438661267836887,1.8386877776591681,13.01538114565053,True,home,True,0.7
2023-02,data\historical_csv\football-data\2223\I2.csv:242,data\historical_csv\football-data\2223\I2.csv,242,2023-02-17,I2,Pisa,Venezia,away,0.28398556730028673,0.27718653313532016,3.646,3.7,1.0622099811377295,0.004799034164966591,5,0.0,WH,3.0-4.0,sportsbook,0.27427317608337903,1.0354113783768455,0.0067990341649665775,0.016898866412785287,1.2936306762564713,0.08064780243486569,0.3673724414737476,0.2,1.4810751508502529,away:3.0-4.0,away:sportsbook,sportsbook:3.0-4.0,2.88443410722443,2.88443410722443,0.11,0.2821844051212958,lower_clv,True,0.272209767960142,3.6736374579564086,-0.752318601732227,False,draw,False,-0.11
2023-02,data\historical_csv\football-data\2223\B1.csv:234,data\historical_csv\football-data\2223\B1.csv,234,2023-02-19,B1,Kortrijk,Anderlecht,home,0.2605710148794662,0.2555716900790206,3.94,4.0,0.6952458911340997,0.0029993248004456293,4,0.0,B365,3.0-4.0,sportsbook,0.25380710659898476,1.0266497986250969,0.004999324800445626,0.011510584942968595,1.3711807233098425,0.067897253795315,0.3572899526560062,0.25,1.522842639593902,home:3.0-4.0,home:sportsbook,sportsbook:3.0-4.0,2.8650880145157913,2.8650880145157913,0.1,0.26107890359014163,lower_clv,True,0.24809640580648315,4.030691201467895,-2.2500161122456452,False,draw,False,-0.1
2023-02,data\historical_csv\football-data\2223\F2.csv:240,data\historical_csv\football-data\2223\F2.csv,240,2023-02-20,F2,Nimes,St Etienne,home,0.27429361793390744,0.26748173024201205,3.842,3.9,2.766480758981027,0.004811887691895374,4,0.0,PS,3.0-4.0,sportsbook,0.2602811035918792,1.0538360801020723,0.006811887691895391,0.01754283503983977,1.345993064346365,0.07523698883927239,0.3691973073335111,0.25,1.5096304008328953,home:3.0-4.0,home:sportsbook,sportsbook:3.0-4.0,4.036879771563771,4.036879771563771,0.14,0.2707883388119827,lower_clv,True,0.2611271146696167,3.829552519910543,0.3250374560667346,True,away,False,-0.14
2023-02,data\historical_csv\football-data\2223\E3.csv:373,data\historical_csv\football-data\2223\E3.csv,373,2023-02-21,E3,Grimsby,Harrogate,home,0.5385975187269482,0.5244919841641833,1.931,1.95,1.2794021421038027,0.012105534562764841,5,0.0,IW,1.5-2.0,sportsbook,0.5178663904712584,1.0400318086617368,0.014105534562764865,0.02247603106560534,0.6580380034463774,0.29008728717882526,0.35441763588425385,0.2,0.9839461418953865,home:1.5-2.0,home:sportsbook,sportsbook:1.5-2.0,2.4867227825542604,2.4867227825542604,0.27,0.5307442919862986,lower_clv,True,0.5304863346157785,1.8850626957700645,2.436911214306847,True,draw,False,-0.27
2023-02,data\historical_csv\football-data\2223\F2.csv:250,data\historical_csv\football-data\2223\F2.csv,250,2023-02-27,F2,Amiens,Bordeaux,draw,0.3014033106072671,0.2862114530580802,3.45,3.5,-1.257048694962326,0.013191857549186904,4,0.0,B365,3.0-4.0,sportsbook,0.2898550724637681,1.0398414215950715,0.015191857549186893,0.043768124253870874,1.2383742310432684,0.09084395564502074,0.37325009300716977,0.25,1.4492753623188248,draw:3.0-4.0,draw:sportsbook,sportsbook:3.0-4.0,4.129136762701991,4.129136762701991,0.17,0.30182358481942606,lower_clv,True,0.2866377138648044,3.4887244477244894,-1.1099887166424738,False,away,False,-0.17
2023-02,data\historical_csv\football-data\2223\I2.csv:262,data\historical_csv\football-data\2223\I2.csv,262,2023-02-28,I2,Cosenza,Reggina,home,0.2156195124762267,0.20342771442423882,4.92,5.0,0.08643549672548989,0.010191798051987881,4,0.0,VC,4.0-5.0,sportsbook,0.2032520325203252,1.0608480013830355,0.01219179805198789,0.047267512735479286,1.5933085305042167,0.04649177416048569,0.3435484085715324,0.25,1.6260162601626105,home:4.0-5.0,home:sportsbook,sportsbook:4.0-5.0,4.511391539363844,4.511391539363844,0.12,0.2124215275190322,lower_clv,True,0.25287356321839083,3.954545454545454,24.41379310344829,True,home,True,0.47
2023-03,data\historical_csv\football-data\2223\G1.csv:186,data\historical_csv\football-data\2223\G1.csv,186,2023-03-18,G1,Atromitos,Ionikos,away,0.2238966630785791,0.2218966630785791,4.8808,4.96,8.303323315392896,0.0,5,0.0,PS,4.0-5.0,sportsbook,0.20488444517292248,1.0927948331539288,0.0020000000000000018,0.0,1.5853091408555056,0.05012971573772277,0.35494542658551687,0.2,1.6226848057695475,away:4.0-5.0,away:sportsbook,sportsbook:4.0-5.0,4.9586122563633594,4.9586122563633594,0.13,0.21504387038264908,lower_clv,True,0.2637211861140623,3.7918834460553694,28.71703651855153,True,home,False,-0.13
2023-03,data\historical_csv\football-data\2223\B1.csv:264,data\historical_csv\football-data\2223\B1.csv,264,2023-03-18,B1,Kortrijk,Club Brugge,draw,0.23760606166163029,0.23438357994459177,4.43,4.5,3.8319259154541596,0.0012224817170385105,4,0.0,PS,4.0-5.0,sportsbook,0.22573363431151244,1.052594853161022,0.003222481717038511,0.005144993812402903,1.4883995840570443,0.05645664053835046,0.35365276334660295,0.25,1.5801354401805856,draw:4.0-5.0,draw:sportsbook,sportsbook:4.0-5.0,3.6345708424141603,3.6345708424141603,0.11,0.23393808316572048,lower_clv,True,0.23342133871719206,4.284098469727213,3.4056530517160732,True,home,False,-0.11
2023-03,data\historical_csv\football-data\2223\B1.csv:265,data\historical_csv\football-data\2223\B1.csv,265,2023-03-18,B1,Oostende,Westerlo,draw,0.2728724599814847,0.2671706596113712,3.8126,3.87,1.8614856834313853,0.003701800370113492,4,0.0,PS,3.0-4.0,sportsbook,0.2622882022766616,1.0403535409254085,0.0057018003701134745,0.013566046094811735,1.3383113710977392,0.07445937941634696,0.36518831605263374,0.25,1.5055342810680328,draw:3.0-4.0,draw:sportsbook,sportsbook:3.0-4.0,3.418019789304472,3.418019789304472,0.12,0.2712532649354888,lower_clv,True,0.2635658488131172,3.794118261160062,0.4871155184890563,True,away,False,-0.12
2023-03,data\historical_csv\football-data\2223\SP2.csv:362,data\historical_csv\football-data\2223\SP2.csv,362,2023-03-26,SP2,Villarreal B,Huesca,away,0.31031745374753905,0.3020586956541224,3.548,3.6,7.170425218082643,0.006258758093416621,5,0.0,WH,3.0-4.0,sportsbook,0.2818489289740699,1.1010063258962686,0.00825875809341664,0.020168888400677838,1.266384064447333,0.09629692210035604,0.39298107834575574,0.2,1.4656144306651742,away:3.0-4.0,away:sportsbook,sportsbook:3.0-4.0,7.387624326579573,7.387624326579573,0.29,0.30267086901516227,lower_clv,True,0.2157654557166628,4.634662192233275,-23.446416311728036,False,draw,False,-0.29
2023-03,data\historical_csv\football-data\2223\SP2.csv:359,data\historical_csv\football-data\2223\SP2.csv,359,2023-03-26,SP2,Ponferradina,Mirandes,home,0.45437321657559415,0.4424389789951854,2.372,2.4,4.946525817657976,0.009934237580408707,5,0.0,WH,2.0-3.0,sportsbook,0.4215851602023609,1.0777732697173092,0.011934237580408735,0.021863607312241184,0.863733481135479,0.2064550199412518,0.3924573600875629,0.2,1.180438448566612,home:2.0-3.0,home:sportsbook,sportsbook:2.0-3.0,6.349100510453177,6.349100510453177,0.46,0.4483520257607639,lower_clv,True,0.40975363631242073,2.4404908495736692,-2.806437466693812,False,draw,False,-0.46
2023-03,data\historical_csv\football-data\2223\SP2.csv:360,data\historical_csv\football-data\2223\SP2.csv,360,2023-03-26,SP2,Zaragoza,Albacete,home,0.43210313743064044,0.426226849821878,2.3524,2.38,0.26560415209857524,0.0038762876087624805,5,0.0,WH,2.0-3.0,sportsbook,0.4250977724876722,1.0164794204918386,0.005876287608762465,0.008970746270928634,0.8554360836036637,0.18671312137740292,0.3696366155965227,0.2,1.1732698520659834,home:2.0-3.0,home:sportsbook,sportsbook:2.0-3.0,1.679771800069954,1.679771800069954,0.12,0.43223844499264563,lower_clv,True,0.3949968795506553,2.5316655694535877,-7.080934054503851,False,draw,False,-0.12
2023-03,data\historical_csv\football-data\2223\SP2.csv:364,data\historical_csv\football-data\2223\SP2.csv,364,2023-03-27,SP2,Malaga,Leganes,away,0.3764519038763763,0.3712048496319001,2.764,2.8,2.6010204382571844,0.003247054244476213,5,0.0,WH,2.0-3.0,sportsbook,0.36179450072358904,1.040513062314304,0.00524705424447619,0.008625415919114381,1.0166789059054233,0.14171603593214846,0.3827307097590478,0.2,1.302460202604916,away:2.0-3.0,away:sportsbook,sportsbook:2.0-3.0,2.943243839103601,2.943243839103601,0.17,0.3724429950763517,lower_clv,True,0.30708099224906193,3.2564698735535456,-15.122813742359288,False,home,False,-0.17
2023-03,data\historical_csv\football-data\2223\B1.csv:272,data\historical_csv\football-data\2223\B1.csv,272,2023-03-31,B1,Waregem,Antwerp,away,0.5538805028105109,0.5375492535187537,1.931,1.95,3.800760854471341,0.01433124929175718,5,0.0,WH,1.5-2.0,sportsbook,0.5178663904712584,1.0695432509270966,0.01633124929175722,0.02587426208187016,0.6580380034463774,0.3067836113936244,0.36447442021730425,0.2,0.9839461418953865,away:1.5-2.0,away:sportsbook,sportsbook:1.5-2.0,5.871280292157897,5.871280292157897,0.63,0.5482717777947068,lower_clv,True,0.520875902703197,1.91984308510009,0.5811368119873261,True,away,True,0.59
2023-04,data\historical_csv\football-data\2223\G1.csv:194,data\historical_csv\football-data\2223\G1.csv,194,2023-04-01,G1,Ionikos,Asteras Tripolis,home,0.42785442205330126,0.4056121304732898,2.617,2.65,6.148694544859934,0.020242291580011427,5,0.0,IW,2.0-3.0,sportsbook,0.38211692777990064,1.1196950225134894,0.022242291580011453,0.04731116598694329,0.9620286235480088,0.18305940647056446,0.4116082007268662,0.2,1.260985861673669,home:2.0-3.0,home:sportsbook,sportsbook:2.0-3.0,6.683405730953094,6.683405730953094,0.41,0.40765535243008444,lower_clv,True,0.4572576116584431,2.186951019520629,19.66431697101456,True,home,True,0.66
2023-04,data\historical_csv\football-data\2223\B1.csv:274,data\historical_csv\football-data\2223\B1.csv,274,2023-04-01,B1,Seraing,Gent,away,0.6849790948734652,0.6794008397236787,1.5096,1.52,2.5623507646865384,0.0035782551497865085,5,0.0,WH,1.5-2.0,sportsbook,0.6624271330153683,1.034044441620983,0.005578255149786493,0.005223889570597059,0.41184471507220344,0.46919636041367163,0.2821050201585781,0.2,0.6889242183359734,away:1.5-2.0,away:sportsbook,sportsbook:1.5-2.0,4.346074655193332,4.346074655193332,0.85,0.6912167107524729,lower_clv,True,0.7161667982203641,1.3963227595651546,8.112539859346168,True,away,True,0.43
2023-04,data\historical_csv\football-data\2223\F2.csv:288,data\historical_csv\football-data\2223\F2.csv,288,2023-04-01,F2,Pau FC,Le Havre,home,0.26240652230690215,0.2548206798829491,4.1066,4.17,4.6446604007318815,0.005585842423953026,5,0.0,PS,4.0-5.0,sportsbook,0.24351044659815904,1.0775986245055245,0.007585842423953049,0.021286980120943818,1.4125954355392614,0.06885718294920273,0.37067425566646134,0.2,1.5438562314323168,home:4.0-5.0,home:sportsbook,sportsbook:4.0-5.0,3.0483803230088866,3.0483803230088866,0.1,0.25093357113672843,lower_clv,True,0.29264484188102446,3.4171113134006736,20.17753076686151,True,away,False,-0.1
2023-04,data\historical_csv\football-data\2223\I2.csv:311,data\historical_csv\football-data\2223\I2.csv,311,2023-04-05,I2,Perugia,Reggina,home,0.4401292512340005,0.43727727391077525,2.372,2.4,3.722169371635875,0.0008519773232252395,5,0.0,WH,2.0-3.0,sportsbook,0.4215851602023609,1.043986583927049,0.00285197732322523,0.0019357434681665242,0.863733481135479,0.19371375779180192,0.38015437031789506,0.2,1.180438448566612,home:2.0-3.0,home:sportsbook,sportsbook:2.0-3.0,3.4925608571108167,3.4925608571108167,0.25,0.43630927848697654,lower_clv,True,0.396577137242057,2.521577534586,-5.931903046184084,False,away,False,-0.25
2023-04,data\historical_csv\football-data\2223\B1.csv:284,data\historical_csv\football-data\2223\B1.csv,284,2023-04-08,B1,Charleroi,Waregem,draw,0.24090683527994303,0.22985788558779888,4.478999999999999,4.55,2.9533469547750935,0.009048949692144136,4,0.0,PS,4.0-5.0,sportsbook,0.2232641214556821,1.0790217152188646,0.01104894969214415,0.037562029660258116,1.4993998072251629,0.0580361032845976,0.36121566237797065,0.25,1.5851752623353477,draw:4.0-5.0,draw:sportsbook,sportsbook:4.0-5.0,5.573335908399302,5.573335908399302,0.16,0.23570738090734386,lower_clv,True,0.23829440127739554,4.196489697783174,6.73206233214545,True,home,False,-0.16
2023-04,data\historical_csv\football-data\2223\T1.csv:252,data\historical_csv\football-data\2223\T1.csv,252,2023-04-10,T1,Kayserispor,Umraniyespor,away,0.25470209636406405,0.24731186322058543,4.1752,4.24,3.257649131858842,0.005390233143478604,4,0.0,PS,4.0-5.0,sportsbook,0.23950948457558918,1.0634321927392403,0.007390233143478614,0.021162892730077713,1.4291622613470665,0.06487315789224897,0.36401062400950424,0.25,1.5520214600498239,away:4.0-5.0,away:sportsbook,sportsbook:4.0-5.0,3.5448443083008647,3.5448443083008647,0.11,0.24799972290740768,lower_clv,True,0.24861989433873577,4.02220426752147,3.8037782843089563,True,home,False,-0.11
2023-04,data\historical_csv\football-data\2223\B1.csv:293,data\historical_csv\football-data\2223\B1.csv,293,2023-04-15,B1,Oostende,Oud-Heverlee Leuven,draw,0.25881413091455374,0.24871155675795611,4.1457999999999995,4.21,3.1108372007134344,0.008102574156597634,4,0.0,PS,4.0-5.0,sportsbook,0.24120796951131268,1.0729916239455568,0.010102574156597627,0.03130653696521949,1.4220957735832738,0.06698475436105576,0.368058481717215,0.25,1.5485551642626438,draw:4.0-5.0,draw:sportsbook,sportsbook:4.0-5.0,5.041958856877904,5.041958856877904,0.16,0.2533695760935837,lower_clv,True,0.2529108608513075,3.9539622641509435,4.851784691735039,True,away,False,-0.16
2023-04,data\historical_csv\football-data\2223\E3.csv:493,data\historical_csv\football-data\2223\E3.csv,493,2023-04-15,E3,Gillingham,Stockport,home,0.2324169577676986,0.2193521624425443,4.675,4.75,2.5471359418894446,0.011064795325154314,5,0.0,B365,4.0-5.0,sportsbook,0.21390374331550802,1.086549277563991,0.01306479532515431,0.04760752154846467,1.5422291627406504,0.054017642257992195,0.35844021018480693,0.2,1.6042780748663166,home:4.0-5.0,home:sportsbook,sportsbook:4.0-5.0,4.652424889142343,4.652424889142343,0.13,0.22385545430832587,lower_clv,True,0.2268901056626968,4.407420046278426,6.071124397310745,True,draw,False,-0.13
2023-04,data\historical_csv\football-data\2223\T1.csv:263,data\historical_csv\football-data\2223\T1.csv,263,2023-04-18,T1,Alanyaspor,Galatasaray,away,0.6334581322664995,0.6222876508227329,1.8036,1.82,12.2358007023881,0.009170481443766636,5,0.0,BW,1.5-2.0,sportsbook,0.5544466622310933,1.1425050873558587,0.011170481443766644,0.014476854864827216,0.5897846675647921,0.40126920533456195,0.3736038939550115,0.2,0.9092925260590023,away:1.5-2.0,away:sportsbook,sportsbook:1.5-2.0,11.835306529304491,11.835306529304491,1.47,0.6200671242476408,lower_clv,True,0.6644098027352338,1.5050951925802611,19.832952021326776,True,away,True,1.18
2023-04,data\historical_csv\football-data\2223\N1.csv:263,data\historical_csv\football-data\2223\N1.csv,263,2023-04-21,N1,Volendam,Cambuur,home,0.5574158469416841,0.5513886469346645,1.882,1.9,3.771343353103851,0.004027200007019657,5,0.0,IW,1.5-2.0,sportsbook,0.5313496280552604,1.0490566239442494,0.0060272000070196174,0.007224767701017614,0.6323350411631878,0.310712426421715,0.352473572520883,0.2,0.9564293304994642,home:1.5-2.0,home:sportsbook,sportsbook:1.5-2.0,3.1875354051708213,3.1875354051708213,0.36,0.5482865855747653,lower_clv,True,0.5438089746681644,1.8388810162800389,2.344849032548524,True,home,True,0.32
2023-04,data\historical_csv\football-data\2223\I2.csv:336,data\historical_csv\football-data\2223\I2.csv,336,2023-04-22,I2,Modena,Spal,away,0.22162173542306232,0.2129274390742191,4.92,5.0,4.760300024515796,0.006694296348843211,5,0.0,B365,4.0-5.0,sportsbook,0.2032520325203252,1.0903789382814666,0.008694296348843222,0.03020595581955989,1.5933085305042167,0.049116193611929836,0.3531118015947137,0.2,1.6260162601626105,away:4.0-5.0,away:sportsbook,sportsbook:4.0-5.0,5.5707674077801554,5.5707674077801554,0.14,0.2145747305036182,lower_clv,True,0.2094337505152262,4.774779602332043,3.0414052534912805,True,draw,False,-0.14
2023-04,data\historical_csv\football-data\2223\E2.csv:525,data\historical_csv\football-data\2223\E2.csv,525,2023-04-25,E2,Lincoln,Burton,home,0.46103791266646627,0.44217558656864,2.274,2.3,0.550728385708732,0.016862326097826265,5,0.0,BW,2.0-3.0,sportsbook,0.4397537379067722,1.0484002134035444,0.018862326097826287,0.03657470597222915,0.8215403953283443,0.21255595691585216,0.3787612690333634,0.2,1.1433597185575906,home:2.0-3.0,home:sportsbook,sportsbook:2.0-3.0,2.658589208288046,2.658589208288046,0.21,0.45144498332580496,lower_clv,True,0.4396326434820337,2.2746263609537145,-0.027536872185540684,False,away,False,-0.21
2023-04,data\historical_csv\football-data\2223\T1.csv:284,data\historical_csv\football-data\2223\T1.csv,284,2023-04-29,T1,Ankaragucu,Kasimpasa,home,0.4784654253883985,0.4654323897218781,2.274,2.3,5.839325422755093,0.011033035666520339,5,0.0,BW,2.0-3.0,sportsbook,0.4397537379067722,1.088030377333218,0.013033035666520365,0.023059211974541683,0.8215403953283443,0.2289291632921011,0.39307867472452934,0.2,1.1433597185575906,home:2.0-3.0,home:sportsbook,sportsbook:2.0-3.0,6.284100419286132,6.284100419286132,0.49,0.4673883043943981,lower_clv,True,0.4954122366368886,2.0185209933216646,12.656742611228466,True,draw,False,-0.49
2023-05,data\historical_csv\football-data\2223\G1.csv:229,data\historical_csv\football-data\2223\G1.csv,229,2023-05-06,G1,Giannina,Asteras Tripolis,draw,0.4017102322417646,0.38463077305845433,2.715,2.75,4.427254885370346,0.015079459183310252,5,0.0,VC,2.0-3.0,sportsbook,0.3683241252302026,1.0906432805363908,0.017079459183310275,0.037538150569774026,0.9987919533858987,0.16137111068773247,0.4012249475558551,0.2,1.2891344383057168,draw:2.0-3.0,draw:sportsbook,sportsbook:2.0-3.0,6.785686201117546,6.785686201117546,0.4,0.3933174445713354,lower_clv,True,0.4214220319272948,2.372918177596665,14.416081668260539,True,home,False,-0.4
2023-05,data\historical_csv\football-data\2223\E3.csv:544,data\historical_csv\football-data\2223\E3.csv,544,2023-05-08,E3,Colchester,Mansfield,home,0.2735544269827748,0.26746043095375255,3.94,4.0,5.379409795778511,0.004093996029022297,5,0.0,B365,3.0-4.0,sportsbook,0.25380710659898476,1.0778044423121327,0.006093996029022275,0.014965928624068977,1.3711807233098425,0.07483202452187428,0.3750925570548507,0.2,1.522842639593902,home:3.0-4.0,home:sportsbook,sportsbook:3.0-4.0,5.777954745669362,5.777954745669362,0.2,0.2684719663595669,lower_clv,True,0.21203095388946375,4.716292511334554,-16.459804167551283,False,away,False,-0.2
2023-05,data\historical_csv\football-data\2223\E3.csv:553,data\historical_csv\football-data\2223\E3.csv,553,2023-05-08,E3,Walsall,Doncaster,away,0.2203656009029822,0.2078818068667256,4.92,5.0,2.277848978428998,0.0104837940362566,5,0.0,B365,4.0-5.0,sportsbook,0.2032520325203252,1.0841987564426725,0.012483794036256601,0.04757454881023911,1.5933085305042167,0.04856099806133243,0.3511103917484093,0.2,1.6260162601626105,away:4.0-5.0,away:sportsbook,sportsbook:4.0-5.0,4.833769684764575,4.833769684764575,0.12,0.2130767676519605,lower_clv,True,0.2059917825892361,4.85456258220785,1.3479570339041569,True,home,False,-0.12
2023-05,data\historical_csv\football-data\2223\F2.csv:345,data\historical_csv\football-data\2223\F2.csv,345,2023-05-13,F2,Dijon,Amiens,home,0.4976985672323841,0.49024517143023827,2.274,2.3,11.481751983236176,0.005453395802145806,5,0.0,BW,2.0-3.0,sportsbook,0.4397537379067722,1.1317665418864415,0.0074533958021458235,0.010957226243328767,0.8215403953283443,0.24770386382516796,0.4088794776784434,0.2,1.1433597185575906,home:2.0-3.0,home:sportsbook,sportsbook:2.0-3.0,10.762392135359605,10.762392135359605,0.84,0.48708175961020056,lower_clv,True,0.48291897550419266,2.0707407468425685,9.815775029653405,True,home,True,1.07
2023-05,data\historical_csv\football-data\2223\E0.csv:365,data\historical_csv\football-data\2223\E0.csv,365,2023-05-20,E0,Nott'm Forest,Arsenal,away,0.6026502132493947,0.5987770058497258,1.686,1.7,0.9538031862637686,0.0018732073996689184,5,0.0,IW,1.5-2.0,sportsbook,0.5931198102016607,1.0160682595384796,0.0038732073996688987,0.0031082829782285814,0.5223588595796637,0.36318727952954094,0.31479967811839493,0.2,0.8303677342823335,away:1.5-2.0,away:sportsbook,sportsbook:1.5-2.0,1.182288727150598,1.182288727150598,0.17,0.6001321988561721,lower_clv,True,0.5845237428888996,1.71079449238056,-1.4492969489315222,False,home,False,-0.17
2023-05,data\historical_csv\football-data\2223\SP2.csv:454,data\historical_csv\football-data\2223\SP2.csv,454,2023-05-27,SP2,Andorra,Villarreal B,away,0.2315564308062333,0.2178040969346361,4.773,4.85,3.957895466901795,0.011752333871597225,5,0.0,PS,4.0-5.0,sportsbook,0.20951183741881418,1.1052188442381514,0.013752333871597217,0.050753649253782084,1.5629750380237595,0.05361838064772192,0.36191692124401853,0.2,1.6132411481248665,away:4.0-5.0,away:sportsbook,sportsbook:4.0-5.0,5.160125783055509,5.160125783055509,0.14,0.22032291176001575,lower_clv,True,0.15760667334633566,6.3449089988882115,-24.774334811793995,False,home,False,-0.14
2023-05,data\historical_csv\football-data\2223\SP2.csv:463,data\historical_csv\football-data\2223\SP2.csv,463,2023-05-28,SP2,Sp Gijon,Ponferradina,away,0.25132649285462366,0.24432714916063872,4.2634,4.33,4.166436773146698,0.004999343693984942,5,0.0,B365,4.0-5.0,sportsbook,0.23455458085096403,1.0715053696364025,0.006999343693984944,0.01989182929822183,1.450066964016957,0.06316500601060519,0.3644402444707336,0.2,1.5621335084674337,away:4.0-5.0,away:sportsbook,sportsbook:4.0-5.0,4.034972977429058,4.034972977429058,0.12,0.2440187948056224,lower_clv,True,0.22530296591507895,4.438467979941815,-3.944333511765241,False,away,True,0.39
2023-08,data\historical_csv\football-data\2324\I2.csv:23,data\historical_csv\football-data\2324\I2.csv,23,2023-08-30,I2,Catanzaro,Spezia,home,0.3095091107377858,0.30392354251001696,3.45,3.5,4.853622165955862,0.0035855682277688363,5,0.0,VC,3.0-4.0,sportsbook,0.2898550724637681,1.067806432045361,0.0055855682277688445,0.011584693643498293,1.2383742310432684,0.09579588962969496,0.3832881070107913,0.2,1.4492753623188248,home:3.0-4.0,home:sportsbook,sportsbook:3.0-4.0,4.974757929538455,2.8396685772000296,0.12,0.29808599587594214,lower_clv,True,0.34089533273156747,2.9334517195852423,17.60888979239079,True,home,True,0.29
2023-10,data\historical_csv\football-data\2324\G1.csv:52,data\historical_csv\football-data\2324\G1.csv,52,2023-10-21,G1,Aris,Panserraikos,home,0.6449912687659259,0.6333022337414895,1.6467999999999998,1.66,4.292211852548489,0.009689035024436448,5,0.0,BW,1.5-2.0,sportsbook,0.6072382803011902,1.0621716214037267,0.011689035024436412,0.015021963077073373,0.49883401091361246,0.4160137367842789,0.32174358160276667,0.2,0.8015545299975724,home:1.5-2.0,home:sportsbook,sportsbook:1.5-2.0,3.233025096211125,1.0939521597099997,0.17,0.613881176583131,lower_clv,True,0.6358207927280337,1.5727702073243466,4.7069681464525726,True,home,True,0.11
2023-12,data\historical_csv\football-data\2324\G1.csv:96,data\historical_csv\football-data\2324\G1.csv,96,2023-12-17,G1,Lamia,Volos NFC,home,0.5007764890005578,0.49647951679472957,2.127,2.15,5.601193222238976,0.0022969722058282403,5,0.0,VC,2.0-3.0,sportsbook,0.47014574518100616,1.0651515921041863,0.004296972205828253,0.004586821179270023,0.7547125362181001,0.25077709193572584,0.37794229409200647,0.2,1.0813352139163124,home:2.0-3.0,home:sportsbook,sportsbook:2.0-3.0,4.222707520349903,2.077667235074229,0.18,0.4799138092857275,lower_clv,True,0.4386062399637443,2.2799493232988683,-6.708452759711592,False,away,False,-0.18
2024-02,data\historical_csv\football-data\2324\E3.csv:348,data\historical_csv\football-data\2324\E3.csv,348,2024-02-03,E3,Salford,Wrexham,home,0.2616059768953745,0.2573520300954633,4.136,4.2,6.44079964748363,0.0022539467999112173,4,0.0,B365,4.0-5.0,sportsbook,0.24177949709864602,1.082002320439269,0.004253946799911201,0.008615807737499249,1.419729137206128,0.06843768714738323,0.3714096278656363,0.25,1.547388781431347,home:4.0-5.0,home:sportsbook,sportsbook:4.0-5.0,5.716306101217945,5.716306101217945,0.18,0.25560035324278996,lower_clv,True,0.3012477908469577,3.3195264177323978,24.5960862943017,True,home,True,0.56
2024-02,data\historical_csv\football-data\2324\I1.csv:230,data\historical_csv\football-data\2324\I1.csv,230,2024-02-10,I1,Roma,Inter,home,0.22292296728961417,0.21603438996371443,4.675,4.75,0.9960773080365026,0.004888577325899726,4,0.0,VC,4.0-5.0,sportsbook,0.21390374331550802,1.0421648720789463,0.006888577325899731,0.021929446684372578,1.5422291627406504,0.049694649345206385,0.34379830119872307,0.25,1.6042780748663166,home:4.0-5.0,home:sportsbook,sportsbook:4.0-5.0,3.5963949337847785,3.5963949337847785,0.1,0.22159656670328298,lower_clv,True,0.2181027665796874,4.584994567845767,1.963043376003859,True,away,False,-0.1
2024-02,data\historical_csv\football-data\2324\E2.csv:387,data\historical_csv\football-data\2324\E2.csv,387,2024-02-17,E2,Peterboro,Blackpool,away,0.27214748332575006,0.2674700940011073,3.94,4.0,5.383217036436272,0.0026773893246427967,4,0.0,B365,3.0-4.0,sportsbook,0.25380710659898476,1.0722610843034552,0.004677389324642789,0.009838008758795189,1.3711807233098425,0.07406425268053941,0.3731633830335553,0.25,1.522842639593902,away:3.0-4.0,away:sportsbook,sportsbook:3.0-4.0,4.104914714477715,4.104914714477715,0.14,0.26422567186415663,lower_clv,True,0.24469983240753626,4.086639496894081,-3.588266031430709,False,away,True,0.41
2024-03,data\historical_csv\football-data\2324\E3.csv:441,data\historical_csv\football-data\2324\E3.csv,441,2024-03-12,E3,Tranmere,Mansfield,home,0.25352214045378485,0.24489714212613492,4.136,4.2,1.289457983369413,0.006624998327649926,4,0.0,B365,4.0-5.0,sportsbook,0.24177949709864602,1.0485675729168542,0.00862499832764993,0.026131833360951026,1.419729137206128,0.06427347570026862,0.35993276972910276,0.25,1.547388781431347,home:4.0-5.0,home:sportsbook,sportsbook:4.0-5.0,3.4938670055037946,3.4938670055037946,0.11,0.25022695117384863,lower_clv,True,0.2592157869640172,3.857789726899674,7.2116494883175175,True,home,True,0.34
2024-03,data\historical_csv\football-data\2324\E3.csv:455,data\historical_csv\football-data\2324\E3.csv,455,2024-03-17,E3,Salford,Morecambe,away,0.2411894934008584,0.2320126786631383,4.43,4.5,2.7816166477702575,0.007176814737720103,4,0.0,B365,4.0-5.0,sportsbook,0.22573363431151244,1.0684694557658028,0.009176814737720113,0.029755917791129457,1.4883995840570443,0.05817237172696272,0.3589863416567669,0.25,1.5801354401805856,away:4.0-5.0,away:sportsbook,sportsbook:4.0-5.0,3.712770143988239,3.712770143988239,0.11,0.23411460529116984,lower_clv,True,0.2579326453988505,3.8769811337904283,14.264161911690776,True,home,False,-0.11
2024-03,data\historical_csv\football-data\2324\SP2.csv:352,data\historical_csv\football-data\2324\SP2.csv,352,2024-03-24,SP2,Santander,Eldense,away,0.257533440129105,0.24410927652296133,4.234,4.3,3.3558676798218334,0.011424163606143685,4,0.0,PS,4.0-5.0,sportsbook,0.23618327822390175,1.0903965855066307,0.01342416360614368,0.044359923124610914,1.4431471727126735,0.06632347278473132,0.37165865600128645,0.25,1.558809636277747,away:4.0-5.0,away:sportsbook,sportsbook:4.0-5.0,3.102742278848403,3.102742278848403,0.1,0.24351143665292493,lower_clv,True,0.23048025630506588,4.338766435058066,-2.4146594804351107,False,home,False,-0.1
2024-03,data\historical_csv\football-data\2324\G1.csv:196,data\historical_csv\football-data\2324\G1.csv,196,2024-03-31,G1,AEK,Olympiakos,away,0.22798766448109636,0.2223922316728206,4.92,5.0,9.416977983027742,0.003595432808275759,4,0.0,B365,4.0-5.0,sportsbook,0.2032520325203252,1.121699309246994,0.005595432808275763,0.015770295364264653,1.5933085305042167,0.051978375155544966,0.3632546906674641,0.25,1.6260162601626105,away:4.0-5.0,away:sportsbook,sportsbook:4.0-5.0,7.731031537700548,7.731031537700548,0.2,0.2189655112554889,lower_clv,True,0.2790692617157769,3.5833398270084937,37.30207676416224,True,home,False,-0.2
2024-04,data\historical_csv\football-data\2324\E1.csv:493,data\historical_csv\football-data\2324\E1.csv,493,2024-04-09,E1,Preston,Huddersfield,away,0.33281682760363773,0.3254090875686301,3.205,3.25,4.293612565745941,0.00540774003500768,4,0.0,BW,3.0-4.0,sportsbook,0.31201248049922,1.066677932469659,0.007407740035007659,0.016248397275897154,1.1647120903726333,0.11076704073614951,0.38763578298942125,0.25,1.4040561622464809,away:3.0-4.0,away:sportsbook,sportsbook:3.0-4.0,3.3936745261650803,3.3936745261650803,0.15,0.3226011685683778,lower_clv,True,0.31932426864441693,3.131612903225807,2.3434281005356272,True,home,False,-0.15
2024-04,data\historical_csv\football-data\2324\E3.csv:509,data\historical_csv\football-data\2324\E3.csv,509,2024-04-09,E3,Newport County,Accrington,away,0.37719958744012333,0.37234670121962743,2.764,2.8,2.9166282171050106,0.002852886220495896,4,0.0,BW,2.0-3.0,sportsbook,0.36179450072358904,1.0425796596845007,0.0048528862204959,0.007563333353191335,1.0166789059054233,0.14227952876499925,0.38349086386660164,0.25,1.302460202604916,away:2.0-3.0,away:sportsbook,sportsbook:2.0-3.0,2.2214814555911975,2.2214814555911975,0.13,0.36983169846451236,lower_clv,True,0.39908924299397036,2.505705221463733,10.308266763533403,True,away,True,0.23
2024-05,data\historical_csv\football-data\2324\T1.csv:347,data\historical_csv\football-data\2324\T1.csv,347,2024-05-05,T1,Buyuksehyr,Kasimpasa,away,0.27517717320054325,0.26790911057511246,3.94,4.0,5.556189566594316,0.005268062625430808,4,0.0,B365,3.0-4.0,sportsbook,0.25380710659898476,1.0841980624101404,0.007268062625430782,0.019144257367567172,1.3711807233098425,0.07572247665064177,0.3773176353874787,0.25,1.522842639593902,away:3.0-4.0,away:sportsbook,sportsbook:3.0-4.0,3.3827930536563287,3.3827930536563287,0.12,0.2623928757707013,lower_clv,True,0.25827904106360894,3.8717814495591227,1.761942179061915,True,home,False,-0.12
2024-05,data\historical_csv\football-data\2324\T1.csv:368,data\historical_csv\football-data\2324\T1.csv,368,2024-05-18,T1,Kayserispor,Konyaspor,draw,0.385651878196462,0.3779462600688857,2.862,2.9,8.1682196317151,0.005705618127576284,4,0.0,VC,2.0-3.0,sportsbook,0.3494060097833683,1.1037356753982743,0.007705618127576308,0.014794737041756814,1.0515206811342592,0.1487273711564588,0.4055209256418501,0.25,1.3277428371767819,draw:2.0-3.0,draw:sportsbook,sportsbook:2.0-3.0,7.7373853332460785,7.7373853332460785,0.42,0.37644089913782697,lower_clv,True,0.37657812781289146,2.6554914535473637,7.776660180049544,True,draw,True,0.78
2024-08,data\historical_csv\football-data\2425\B1.csv:16,data\historical_csv\football-data\2425\B1.csv,16,2024-08-04,B1,Standard,Club Brugge,draw,0.21842144154862608,0.21003766942546617,4.6309000000000005,4.9,-2.733655665760859,0.0063837721231598974,6,0.05,BFE,4.0-5.0,exchange,0.21594074585933618,1.0114878536675327,0.00838377212315991,0.02922685647479673,1.5327512336571778,0.04770792612817988,0.3347857339908358,0.16666666666666666,5.810965471074736,draw:4.0-5.0,draw:exchange,exchange:4.0-5.0,10.858471418586285,10.858471418586285,0.3,0.23938861002955425,lower_clv,True,0.21308460423646142,4.692971618401362,-1.3226506241370672,False,home,False,-0.3
2024-08,data\historical_csv\football-data\2425\E2.csv:8,data\historical_csv\football-data\2425\E2.csv,8,2024-08-10,E2,Leyton Orient,Bolton,home,0.27182744682273247,0.2671413338826515,3.7464500000000003,3.95,0.08316503246597051,0.0026861129400809714,6,0.05,BFE,3.0-4.0,exchange,0.26691935031830133,1.0183879381490262,0.0046861129400809776,0.009881684029621458,1.3208087249437692,0.07389016084616544,0.3590320634426535,0.16666666666666666,5.4331433757290215,home:3.0-4.0,home:exchange,exchange:3.0-4.0,11.123146313007497,11.123146313007497,0.41,0.296609180191935,lower_clv,True,0.24938972586339617,4.009788280322953,-6.56738615390794,False,away,False,-0.41
2024-08,data\historical_csv\football-data\2425\P1.csv:4,data\historical_csv\football-data\2425\P1.csv,4,2024-08-10,P1,Casa Pia,Boavista,away,0.23765255443484387,0.2308688869239685,4.1654,4.4,-3.8338738406901607,0.004783667510875348,6,0.05,BFE,4.0-5.0,exchange,0.2400729821865847,0.9899179502428986,0.006783667510875363,0.02012882850029228,1.4268123094227787,0.05647873662940643,0.3390855900334022,0.16666666666666666,5.632112162097291,away:4.0-5.0,away:exchange,exchange:4.0-5.0,9.26795767285242,9.26795767285242,0.29,0.26232284455959193,lower_clv,True,0.21946216148135816,4.556594144749382,-8.58523125655507,False,away,True,0.92
2024-08,data\historical_csv\football-data\2425\E3.csv:11,data\historical_csv\football-data\2425\E3.csv,11,2024-08-10,E3,Salford,Port Vale,home,0.4168210661013611,0.4061229136785957,2.35926,2.46,-4.185045467463633,0.00869815242276537,6,0.05,BFE,2.0-3.0,exchange,0.4238617193526784,0.9833892684102972,0.010698152422765395,0.02086783305873073,0.8583480105454818,0.17373980114587526,0.35777753284155006,0.16666666666666666,4.269982960758889,home:2.0-3.0,home:exchange,exchange:2.0-3.0,6.292974562679458,6.292974562679458,0.46,0.4505352295324782,lower_clv,True,0.3562025749825631,2.807391271803558,-15.962551294663829,False,away,False,-0.46
2024-08,data\historical_csv\football-data\2425\E2.csv:13,data\historical_csv\football-data\2425\E2.csv,13,2024-08-10,E2,Wrexham,Wycombe,home,0.47006514496899454,0.46403809113997,2.0799600000000003,2.16,-3.481933195250786,0.004027053829024518,6,0.05,BFE,2.0-3.0,exchange,0.48077847650916355,0.97771669892971,0.00602705382902452,0.008567012194214362,0.7323486627590824,0.22096124051472185,0.34425158032769737,0.16666666666666666,3.8481509259793434,home:2.0-3.0,home:exchange,exchange:2.0-3.0,5.927738623139437,5.927738623139437,0.55,0.5092777679529387,lower_clv,True,0.4799993923391138,2.083335970753713,-0.16204639103366558,False,home,True,0.59
2024-08,data\historical_csv\football-data\2425\P1.csv:6,data\historical_csv\football-data\2425\P1.csv,6,2024-08-11,P1,Estoril,Santa Clara,away,0.2705534494001255,0.2610552073614329,3.7464500000000003,3.95,-2.1969718380759673,0.007498242038692613,6,0.05,BFE,3.0-4.0,exchange,0.26691935031830133,1.0136149705051003,0.009498242038692595,0.027714457366253543,1.3208087249437692,0.07319916898230626,0.35734935653131833,0.16666666666666666,5.4331433757290215,away:3.0-4.0,away:exchange,exchange:3.0-4.0,9.509619259075324,9.509619259075324,0.35,0.2923023642623692,lower_clv,True,0.33665835411471323,2.9703703703703703,26.12736907730675,True,away,True,0.96
2024-08,data\historical_csv\football-data\2425\SP1.csv:2,data\historical_csv\football-data\2425\SP1.csv,2,2024-08-15,SP1,Ath Bilbao,Getafe,home,0.6470570111140619,0.6370811145026347,1.5306700000000002,1.57,-2.4839050464251944,0.007975896611427153,6,0.05,BFE,1.5-2.0,exchange,0.6533086818190726,0.9904307552019612,0.00997589661142717,0.012326420198576875,0.42570554804713295,0.4186827756318632,0.2754557595340515,0.16666666666666666,2.5694630455944,home:1.5-2.0,home:exchange,exchange:1.5-2.0,4.850696319898276,4.850696319898276,0.91,0.6849987020056463,lower_clv,True,0.6002082428720271,1.6660884149390367,-8.127924888307414,False,draw,False,-0.91
2024-08,data\historical_csv\football-data\2425\N1.csv:11,data\historical_csv\football-data\2425\N1.csv,11,2024-08-16,N1,For Sittard,Almere City,away,0.21132300138581675,0.20543528900717598,4.6309000000000005,4.9,-4.864972013666868,0.0038877123786407643,6,0.05,BFE,4.0-5.0,exchange,0.21594074585933618,0.9786156871175788,0.005887712378640775,0.018397014774283314,1.5327512336571778,0.04465741091470991,0.3239055910742481,0.16666666666666666,5.810965471074736,away:4.0-5.0,away:exchange,exchange:4.0-5.0,8.80459346274077,8.80459346274077,0.24,0.23495345065266093,lower_clv,True,0.20169367224232404,4.958013748683965,-6.597677321302154,False,home,False,-0.24
2024-08,data\historical_csv\football-data\2425\E1.csv:14,data\historical_csv\football-data\2425\E1.csv,14,2024-08-16,E1,Coventry,Oxford,draw,0.23880788740985168,0.23416557911362212,4.0723,4.3,-4.640751217559657,0.0026423082962295464,6,0.05,BFE,4.0-5.0,exchange,0.2455614763155956,0.972497359899139,0.0046423082962295525,0.011064577158185361,1.4042079504047693,0.057029207089156396,0.33533593412028073,0.16666666666666666,5.591434815706098,draw:4.0-5.0,draw:exchange,exchange:4.0-5.0,8.643489235742258,8.643489235742258,0.28,0.26678655608806384,lower_clv,True,0.23609618416726558,4.2355618898589915,-3.854550921564437,False,home,False,-0.28
2024-08,data\historical_csv\football-data\2425\I2.csv:3,data\historical_csv\football-data\2425\I2.csv,3,2024-08-17,I2,Bari,Juve Stabia,away,0.21402055303699033,0.20341043888024635,4.724,5.0,-3.9089086729716227,0.008610114156743976,6,0.05,BFE,4.0-5.0,exchange,0.21168501270110077,1.0110330925467423,0.010610114156743983,0.04023031449346756,1.552655898335116,0.04580479712225919,0.3323002740378265,0.16666666666666666,5.842506350550369,away:4.0-5.0,away:exchange,exchange:4.0-5.0,10.325466101093502,10.325466101093502,0.28,0.2335424769286484,lower_clv,True,0.21993028014861268,4.546895494900809,3.895064342204635,True,away,True,1.04
2024-08,data\historical_csv\football-data\2425\E1.csv:22,data\historical_csv\football-data\2425\E1.csv,22,2024-08-17,E1,Sheffield United,QPR,away,0.21596516015585862,0.2091074986318078,4.6309000000000005,4.9,-3.164408458596113,0.004857661524050812,6,0.05,BFE,4.0-5.0,exchange,0.21594074585933618,1.0001130601657657,0.006857661524050818,0.022492801711836832,1.5327512336571778,0.046640950401145666,0.3310208656558623,0.16666666666666666,5.810965471074736,away:4.0-5.0,away:exchange,exchange:4.0-5.0,10.047053955259939,10.047053955259939,0.28,0.23763642910721441,lower_clv,True,0.1914490450764521,5.223321952849992,-11.341861715545786,False,draw,False,-0.28
2024-08,data\historical_csv\football-data\2425\E1.csv:18,data\historical_csv\football-data\2425\E1.csv,18,2024-08-17,E1,Bristol City,Millwall,away,0.23857158782448842,0.23196591605486877,4.1654,4.4,-3.376917326504958,0.004605671769619639,6,0.05,BFE,4.0-5.0,exchange,0.2400729821865847,0.9937460919241241,0.006605671769619653,0.01930519812362537,1.4268123094227787,0.05691640251709759,0.3403968781865176,0.16666666666666666,5.632112162097291,away:4.0-5.0,away:exchange,exchange:4.0-5.0,9.528749232992878,9.528749232992878,0.3,0.26294893463531205,lower_clv,True,0.24388598295371763,4.100276645213229,1.588267339541538,True,home,False,-0.3
2024-08,data\historical_csv\football-data\2425\E3.csv:20,data\historical_csv\football-data\2425\E3.csv,20,2024-08-17,E3,Grimsby,Cheltenham,away,0.3315913369706339,0.3257173147365506,2.9551,3.1,-3.7472763222019423,0.003874022234083361,6,0.05,BFE,2.0-3.0,exchange,0.3383980237555413,0.9798855598819203,0.0058740222340833426,0.011683122573333237,1.083532491233016,0.10995281475397249,0.3592899874190775,0.16666666666666666,4.903387364217804,away:2.0-3.0,away:exchange,exchange:2.0-3.0,7.241518730363408,7.241518730363408,0.37,0.3629031800289784,lower_clv,True,0.31114904628288714,3.2138938298105235,-8.052345332944022,False,home,False,-0.37
2024-08,data\historical_csv\football-data\2425\E2.csv:14,data\historical_csv\football-data\2425\E2.csv,14,2024-08-17,E2,Charlton,Leyton Orient,home,0.45621499681844696,0.4461137326234494,2.15444,2.24,-3.887472988673568,0.008101264194997569,6,0.05,BFE,2.0-3.0,exchange,0.4641577393661462,0.9828878377455349,0.010101264194997572,0.017757557843328654,0.7675308289971828,0.20813212332205558,0.3501590747090097,0.16666666666666666,3.971333618016759,home:2.0-3.0,home:exchange,exchange:2.0-3.0,5.929936703275562,5.929936703275562,0.51,0.49168199951391334,lower_clv,True,0.4230464577970902,2.363806578613736,-8.857178946363685,False,home,True,0.59
2024-08,data\historical_csv\football-data\2425\B1.csv:30,data\historical_csv\football-data\2425\B1.csv,30,2024-08-18,B1,Club Brugge,Antwerp,away,0.22339482300562766,0.21590552346382144,4.444700000000001,4.7,-4.036471986035261,0.005489299541806224,6,0.05,BFE,4.0-5.0,exchange,0.22498706324386342,0.9929229698131135,0.007489299541806216,0.024572187788201073,1.4917123751246555,0.04990524694571571,0.33324082201627686,0.16666666666666666,5.743919724615809,away:4.0-5.0,away:exchange,exchange:4.0-5.0,9.474280514548333,9.474280514548333,0.28,0.2463029687370313,lower_clv,True,0.21230867906667866,4.710123035930788,-5.6351614152333145,False,home,False,-0.28
2024-08,data\historical_csv\football-data\2425\P1.csv:18,data\historical_csv\football-data\2425\P1.csv,18,2024-08-18,P1,Boavista,Sp Braga,draw,0.2319971201403932,0.2246726794808243,4.2585,4.5,-4.323139443090973,0.005324440659568898,6,0.05,BFE,4.0-5.0,exchange,0.23482446870963955,0.9879597361178644,0.007324440659568887,0.02295046014513805,1.4489169855989985,0.053822663753436036,0.3361445679814672,0.16666666666666666,5.671010919337793,draw:4.0-5.0,draw:exchange,exchange:4.0-5.0,9.392231073691809,9.392231073691809,0.29,0.256879725428418,lower_clv,True,0.2341261202002011,4.271202201381463,-0.29739171274436593,False,away,False,-0.29
2024-08,data\historical_csv\football-data\2425\E1.csv:31,data\historical_csv\football-data\2425\E1.csv,31,2024-08-24,E1,Middlesbrough,Portsmouth,draw,0.21159669670035405,0.20551685356756216,4.724,5.0,-2.9138383746836305,0.004079843132791879,6,0.05,BFE,4.0-5.0,exchange,0.21168501270110077,0.9995827952124726,0.00607984313279189,0.01928122317792805,1.552655898335116,0.044773162054501624,0.3285368592000313,0.16666666666666666,5.842506350550369,draw:4.0-5.0,draw:exchange,exchange:4.0-5.0,10.39552219681669,10.39552219681669,0.28,0.23369077518377793,lower_clv,True,0.16599283739892562,6.024356325669221,-21.584983612747532,False,draw,True,1.04
2024-08,data\historical_csv\football-data\2425\E1.csv:30,data\historical_csv\football-data\2425\E1.csv,30,2024-08-24,E1,Blackburn,Oxford,away,0.21891308456749944,0.2130285335092837,4.537799999999999,4.8,-3.331912064157272,0.0038845510582157638,6,0.05,BFE,4.0-5.0,exchange,0.22037110494072024,0.9933837951503988,0.005884551058215753,0.017744718484463202,1.5124423131079014,0.04792293859485716,0.3310934119928545,0.16666666666666666,5.778130371545709,away:4.0-5.0,away:exchange,exchange:4.0-5.0,9.709357893085242,9.709357893085242,0.27,0.2417677242123612,lower_clv,True,0.1781445237081844,5.613419818832509,-19.1615780317001,False,home,False,-0.27
2024-08,data\historical_csv\football-data\2425\E2.csv:35,data\historical_csv\football-data\2425\E2.csv,35,2024-08-24,E2,Wigan,Crawley Town,away,0.22840322456777204,0.22268883406973822,4.3515999999999995,4.6,-3.094726966212724,0.0037143904980338344,6,0.05,BF,4.0-5.0,exchange,0.22980053313723692,0.9939194720291167,0.005714390498033822,0.016262425826355602,1.4705435935647904,0.0521680329929561,0.33587689863767733,0.16666666666666666,5.708245243128962,away:4.0-5.0,away:exchange,exchange:4.0-5.0,9.705503381476744,9.705503381476744,0.29,0.25210383165152306,lower_clv,True,0.26283719233853153,3.804636593104413,14.376232618035377,True,home,False,-0.29
2024-08,data\historical_csv\football-data\2425\E3.csv:33,data\historical_csv\football-data\2425\E3.csv,33,2024-08-24,E3,Colchester,Harrogate,away,0.2427190361175306,0.2357896536417531,4.0723,4.3,-3.97937934746887,0.004929382475777473,6,0.05,BFE,4.0-5.0,exchange,0.2455614763155956,0.9884247307814199,0.006929382475777485,0.02030900647360244,1.4042079504047693,0.05891253049382312,0.34082800023081883,0.16666666666666666,5.591434815706098,away:4.0-5.0,away:exchange,exchange:4.0-5.0,9.119444819209601,9.119444819209601,0.3,0.2679553196454328,lower_clv,True,0.22136990570195833,4.517325861566528,-9.8515333009915,False,away,True,0.92
2024-08,data\historical_csv\football-data\2425\T1.csv:21,data\historical_csv\football-data\2425\T1.csv,21,2024-08-24,T1,Sivasspor,Eyupspor,away,0.3089729141567405,0.3043029670853174,3.2344,3.4,-1.576248325924945,0.0026699470714230955,6,0.05,BFE,3.0-4.0,exchange,0.3091763541924314,0.9993419935485615,0.004669947071423097,0.008641362880335342,1.1738434393444241,0.09546426168250853,0.36268582821801776,0.16666666666666666,5.119960425426662,away:3.0-4.0,away:exchange,exchange:3.0-4.0,8.823679296006487,8.823679296006487,0.39,0.3364570841454566,lower_clv,True,0.33785651118926674,2.9598364006067697,9.27630997905644,True,away,True,0.87
2024-08,data\historical_csv\football-data\2425\SP2.csv:17,data\historical_csv\football-data\2425\SP2.csv,17,2024-08-24,SP2,Levante,Cadiz,away,0.2583141243801278,0.24735386651328756,3.8860999999999994,4.1,-3.8758139342713327,0.008960257866840245,6,0.05,BFE,3.0-4.0,exchange,0.25732739764802764,1.0038345187536144,0.01096025786684024,0.034687448424827835,1.3574060840261057,0.06672618685427213,0.3506371640234617,0.16666666666666666,5.504233035691319,away:3.0-4.0,away:exchange,exchange:3.0-4.0,8.802199450577627,8.802199450577627,0.3,0.279977868429988,lower_clv,True,0.27333510721706156,3.658512842281462,6.220756015622286,True,draw,False,-0.3
2024-08,data\historical_csv\football-data\2425\E1.csv:36,data\historical_csv\football-data\2425\E1.csv,36,2024-08-24,E1,Watford,Derby,draw,0.2634707925029407,0.25792930559889754,3.6999,3.9,-4.568736221463898,0.0035414869040431675,6,0.05,BFE,3.0-4.0,exchange,0.2702775750695965,0.9748155851816303,0.005541486904043158,0.013441667937457012,1.308305792257915,0.06941685850212763,0.34470036392238057,0.16666666666666666,5.408254277142621,draw:3.0-4.0,draw:exchange,exchange:3.0-4.0,8.61313935992577,8.61313935992577,0.32,0.2935569592689688,lower_clv,True,0.2714803802652782,3.683507438080224,0.4450258943502927,True,home,False,-0.32
2024-08,data\historical_csv\football-data\2425\E1.csv:28,data\historical_csv\football-data\2425\E1.csv,28,2024-08-24,E1,Hull,Millwall,away,0.2832647313963008,0.2775059074563274,3.4671499999999997,3.65,-3.7845392962794433,0.0037588239399733805,6,0.05,BFE,3.0-4.0,exchange,0.28842132587283503,0.9821213134606843,0.005758823939973401,0.013269650342437468,1.2433329308376464,0.08023890805301845,0.3521923686899014,0.16666666666666666,5.273783943584798,away:3.0-4.0,away:exchange,exchange:3.0-4.0,7.785122811684419,7.785122811684419,0.32,0.3108752803071238,lower_clv,True,0.31065421873009463,3.21901310108661,7.708477447004758,True,draw,False,-0.32
2024-08,data\historical_csv\football-data\2425\E1.csv:35,data\historical_csv\football-data\2425\E1.csv,35,2024-08-24,E1,Sunderland,Burnley,home,0.31412549294465586,0.30711322715850214,3.09475,3.25,-4.95613402512255,0.005012265786153739,6,0.05,BFE,3.0-4.0,exchange,0.32312787785766217,0.9721398692904737,0.007012265786153715,0.015956252831211073,1.1297071274297825,0.09867482531772304,0.35486980828697157,0.16666666666666666,5.016560303740203,home:3.0-4.0,home:exchange,exchange:3.0-4.0,7.44055311413411,7.44055311413411,0.36,0.34717037923623595,lower_clv,True,0.3924046126764092,2.548390023194339,21.43941750803173,True,home,True,0.75
2024-08,data\historical_csv\football-data\2425\E3.csv:35,data\historical_csv\football-data\2425\E3.csv,35,2024-08-24,E3,Fleetwood Town,Gillingham,home,0.40667315944008187,0.3946884282971867,2.45236,2.56,-3.208188598111117,0.009984731142895149,6,0.05,BFE,2.0-3.0,exchange,0.4077704741555073,0.9973089892844792,0.011984731142895166,0.024552225567682866,0.8970508262204496,0.16538305860897826,0.3648064936774061,0.16666666666666666,4.389241383809872,home:2.0-3.0,home:exchange,exchange:2.0-3.0,7.1814790351042515,7.1814790351042515,0.49,0.43705442526833027,lower_clv,True,0.418406654546333,2.3900193487225314,2.608374334324526,True,draw,False,-0.49
2024-08,data\historical_csv\football-data\2425\E2.csv:29,data\historical_csv\football-data\2425\E2.csv,29,2024-08-24,E2,Cambridge,Blackpool,away,0.4821309882955482,0.4761427440004612,2.04272,2.12,-2.737369397537792,0.003988244295086991,6,0.05,BFE,2.0-3.0,exchange,0.4895433539594266,0.9848586124110822,0.005988244295086986,0.008272117727148004,0.7142822530899037,0.232450289874842,0.34437760860420613,0.16666666666666666,3.783191039398459,away:2.0-3.0,away:exchange,exchange:2.0-3.0,6.065356826033568,6.065356826033568,0.58,0.5192359051951984,lower_clv,True,0.44162059185287905,2.2643871650195577,-9.789278461028683,False,draw,False,-0.58
2024-08,data\historical_csv\football-data\2425\B1.csv:36,data\historical_csv\football-data\2425\B1.csv,36,2024-08-25,B1,Dender,Club Brugge,draw,0.2206969726736781,0.21403891951144863,4.724,5.0,1.1119855772083298,0.004658053162229476,6,0.05,BFE,4.0-5.0,exchange,0.21168501270110077,1.0425724989104554,0.006658053162229477,0.02110610356725128,1.552655898335116,0.04870715374732622,0.34266645636649024,0.16666666666666666,5.842506350550369,draw:4.0-5.0,draw:exchange,exchange:4.0-5.0,13.029064805121507,13.029064805121507,0.35,0.23926559018865687,lower_clv,True,0.20996292809715458,4.762745543047854,-0.8135127669041675,False,away,False,-0.35
2024-08,data\historical_csv\football-data\2425\N1.csv:23,data\historical_csv\football-data\2425\N1.csv,23,2024-08-25,N1,Groningen,AZ Alkmaar,home,0.2549838830480945,0.24733063423623686,3.8860999999999994,4.1,-3.884842229456009,0.005653248811857627,6,0.05,BFE,3.0-4.0,exchange,0.25732739764802764,0.9908928679131999,0.007653248811857638,0.02217100447400169,1.3574060840261057,0.06501678061428433,0.34611667417808445,0.16666666666666666,5.504233035691319,home:3.0-4.0,home:exchange,exchange:3.0-4.0,9.11555992800435,9.11555992800435,0.32,0.28078423079180764,lower_clv,True,0.2705953819456982,3.69555456863146,5.156071377917759,True,draw,False,-0.32
2024-08,data\historical_csv\football-data\2425\B1.csv:38,data\historical_csv\football-data\2425\B1.csv,38,2024-08-25,B1,Standard,Beerschot VA,away,0.21994359760270593,0.21578525842915006,4.444700000000001,4.7,-4.089926185995651,0.00215833917355587,6,0.05,BFE,4.0-5.0,exchange,0.22498706324386342,0.9775833082647473,0.004158339173555875,0.009813148448424382,1.4917123751246555,0.04837518612642103,0.32809258637339395,0.16666666666666666,5.743919724615809,away:4.0-5.0,away:exchange,exchange:4.0-5.0,8.877364550667744,8.877364550667744,0.26,0.24495998503986258,lower_clv,True,0.2523547406911291,3.9626757050859416,12.164111594986181,True,home,False,-0.26
2024-08,data\historical_csv\football-data\2425\F1.csv:18,data\historical_csv\football-data\2425\F1.csv,18,2024-08-25,F1,Strasbourg,Rennes,home,0.30592622236833894,0.3006486826499399,3.2344,3.4,-2.758190083703449,0.0032775397183990697,6,0.05,BFE,3.0-4.0,exchange,0.3091763541924314,0.9894877736281554,0.00527753971839906,0.010713497172703527,1.1738434393444241,0.09359085353256237,0.3591094890504981,0.16666666666666666,5.119960425426662,home:3.0-4.0,home:exchange,exchange:3.0-4.0,8.868607339509472,8.868607339509472,0.4,0.33659599103236915,lower_clv,True,0.2903225806451613,3.444444444444444,-6.098064516129032,False,home,True,0.89
2024-08,data\historical_csv\football-data\2425\T1.csv:24,data\historical_csv\football-data\2425\T1.csv,24,2024-08-25,T1,Antalyaspor,Hatayspor,away,0.28808506273236684,0.28173416524533057,3.4671499999999997,3.65,-2.3185388969652165,0.004350897487036268,6,0.05,BFE,3.0-4.0,exchange,0.28842132587283503,0.9988341252525256,0.006350897487036267,0.015102822221221113,1.2433329308376464,0.08299300336951174,0.3581856453775809,0.16666666666666666,5.273783943584798,away:3.0-4.0,away:exchange,exchange:3.0-4.0,8.773212658851369,8.773212658851369,0.36,0.3137251421451376,lower_clv,True,0.31790569843795957,3.145586898610292,10.22267423391714,True,home,False,-0.36
2024-08,data\historical_csv\football-data\2425\SP1.csv:19,data\historical_csv\football-data\2425\SP1.csv,19,2024-08-25,SP1,Leganes,Las Palmas,away,0.25940719546317675,0.2531607837952574,3.7929999999999997,4.0,-3.9761147064588664,0.00424641166791935,6,0.05,BFE,3.0-4.0,exchange,0.2636435539151068,0.9839314923918293,0.006246411667919338,0.016369675715190928,1.3331572627067618,0.0672920930580708,0.34583058663012667,0.16666666666666666,5.457421566042719,away:3.0-4.0,away:exchange,exchange:3.0-4.0,8.046695742643537,8.046695742643537,0.29,0.2848581485437478,lower_clv,True,0.2829743378794496,3.533889353691188,7.332166357675218,True,home,False,-0.29
2024-08,data\historical_csv\football-data\2425\I2.csv:25,data\historical_csv\football-data\2425\I2.csv,25,2024-08-27,I2,Cremonese,Palermo,home,0.5209093573821921,0.5154662852227103,2.0780000000000003,2.1,7.113894069279225,0.0034430721594818224,6,0.0,WH,2.0-3.0,sportsbook,0.4812319538017324,1.0824496446401954,0.00544307215948181,0.006609733748659911,0.7314058926770358,0.27134655860832835,0.3809961735399433,0.16666666666666666,1.0587102983637964,home:2.0-3.0,home:sportsbook,sportsbook:2.0-3.0,3.0999167866704744,3.0999167866704744,0.29,0.4961497439204546,lower_clv,True,0.4839625917898509,2.0662754042655966,0.5674265739310291,True,away,False,-0.29
2024-08,data\historical_csv\football-data\2425\I2.csv:24,data\historical_csv\football-data\2425\I2.csv,24,2024-08-27,I2,Cittadella,Pisa,away,0.4210497071330623,0.4164311780753381,2.5876,2.62,7.755731638774477,0.002618529057724184,6,0.0,WH,2.0-3.0,sportsbook,0.38645849435770596,1.089508222177512,0.004618529057724197,0.006219049706871458,0.9507308051876934,0.1772828558768375,0.40030492708665877,0.16666666666666666,1.2521255217189609,away:2.0-3.0,away:sportsbook,sportsbook:2.0-3.0,3.0703475449799877,3.0703475449799877,0.19,0.3983241132515844,lower_clv,True,0.44729668029212816,2.2356526307034135,15.74248899239108,True,draw,False,-0.19
2024-08,data\historical_csv\football-data\2425\SP1.csv:29,data\historical_csv\football-data\2425\SP1.csv,29,2024-08-29,SP1,Girona,Osasuna,away,0.2079240392375688,0.2005047195733068,4.8171,5.1,-3.4148715343423897,0.00541931966426201,6,0.05,BFE,4.0-5.0,exchange,0.2075937804903365,1.0015908894112926,0.007419319664262014,0.026063939908699207,1.5721720872416116,0.04323240609286605,0.32689237075583527,0.16666666666666666,5.87282805007161,away:4.0-5.0,away:exchange,exchange:4.0-5.0,10.118379443781022,10.118379443781022,0.27,0.22859890690203863,lower_clv,True,0.190881423345811,5.238854480817373,-8.050509560089381,False,home,False,-0.27
2024-08,data\historical_csv\football-data\2425\F2.csv:21,data\historical_csv\football-data\2425\F2.csv,21,2024-08-30,F2,Caen,Annecy,away,0.2622196997771742,0.256355571111765,3.7464500000000003,3.95,-3.9576670608328035,0.00386412866540919,6,0.05,BFE,3.0-4.0,exchange,0.26691935031830133,0.9823929942301943,0.005864128665409196,0.014736225648541287,1.3208087249437692,0.06875917095123137,0.3463420673178274,0.16666666666666666,5.4331433757290215,away:3.0-4.0,away:exchange,exchange:3.0-4.0,7.967291427670791,7.967291427670791,0.29,0.2881855928350059,lower_clv,True,0.2362137854361912,4.233453175281049,-11.503686355258136,False,draw,False,-0.29
2024-08,data\historical_csv\football-data\2425\N1.csv:30,data\historical_csv\football-data\2425\N1.csv,30,2024-08-31,N1,Heerenveen,NAC Breda,away,0.2132675848391254,0.20905914764466077,4.724,5.0,-1.2404586526622463,0.0022084371944646203,6,0.05,BFE,4.0-5.0,exchange,0.21168501270110077,1.0074760707800283,0.00420843719446462,0.010355240793534169,1.552655898335116,0.04548306274311355,0.3311311735241528,0.16666666666666666,5.842506350550369,away:4.0-5.0,away:exchange,exchange:4.0-5.0,10.831056938610027,10.831056938610027,0.29,0.23461273695726081,lower_clv,True,0.19358600754035077,5.165662604987406,-8.549970037938293,False,home,False,-0.29
2024-08,data\historical_csv\football-data\2425\D1.csv:17,data\historical_csv\football-data\2425\D1.csv,17,2024-08-31,D1,Leverkusen,RB Leipzig,away,0.2352708429236287,0.22933485093152056,4.2585,4.5,-2.3377537308119756,0.003935991992108143,6,0.05,BFE,4.0-5.0,exchange,0.23482446870963955,1.0019008845902728,0.005935991992108147,0.016729620819974728,1.4489169855989985,0.055352369529994776,0.3408879205282396,0.16666666666666666,5.671010919337793,away:4.0-5.0,away:exchange,exchange:4.0-5.0,10.152871913401205,10.152871913401205,0.31,0.2586658962390541,lower_clv,True,0.20002494770520626,4.99937638515864,-14.819376019737918,False,away,True,1.01
2024-08,data\historical_csv\football-data\2425\E1.csv:39,data\historical_csv\football-data\2425\E1.csv,39,2024-08-31,E1,Burnley,Blackburn,away,0.24631071558254686,0.24022908266740428,4.0723,4.3,-2.1715106653529492,0.004081632915142587,6,0.05,BFE,4.0-5.0,exchange,0.2455614763155956,1.0030511270668057,0.006081632915142576,0.016571073270154568,1.4042079504047693,0.06066896861078629,0.3458714650909002,0.16666666666666666,5.591434815706098,away:4.0-5.0,away:exchange,exchange:4.0-5.0,10.136766073808934,10.136766073808934,0.33,0.27045346873709925,lower_clv,True,0.2730867354354126,3.66184025161672,11.209111271363081,True,draw,False,-0.33
2024-08,data\historical_csv\football-data\2425\P1.csv:33,data\historical_csv\football-data\2425\P1.csv,33,2024-08-31,P1,Sp Lisbon,Porto,away,0.2183462149878803,0.21153358444592874,4.537799999999999,4.8,-4.0102900501264855,0.004812630541951564,6,0.05,BFE,4.0-5.0,exchange,0.22037110494072024,0.9908114543720029,0.006812630541951553,0.022041282200466347,1.5124423131079014,0.04767506959953364,0.3302360544546248,0.16666666666666666,5.778130371545709,away:4.0-5.0,away:exchange,exchange:4.0-5.0,9.444396998064002,9.444396998064002,0.27,0.2411838269603421,lower_clv,True,0.2493624111249818,4.010227505775899,13.155674920294214,True,home,False,-0.27
2024-08,data\historical_csv\football-data\2425\SC0.csv:22,data\historical_csv\football-data\2425\SC0.csv,22,2024-08-31,SC0,Ross County,Aberdeen,home,0.25547546720130754,0.2462987835596252,3.8860999999999994,4.1,-4.285829720894063,0.007176683641682336,6,0.05,BFE,3.0-4.0,exchange,0.25732739764802764,0.9928032130910011,0.009176683641682337,0.028091478686003576,1.3574060840261057,0.06526771434172636,0.3467839534984667,0.16666666666666666,5.504233035691319,home:3.0-4.0,home:exchange,exchange:3.0-4.0,9.061124494198683,9.061124494198683,0.31,0.2806441535065971,lower_clv,True,0.21860285557522463,4.574505659446358,-15.048744294911964,False,away,False,-0.31
2024-08,data\historical_csv\football-data\2425\E2.csv:48,data\historical_csv\football-data\2425\E2.csv,48,2024-08-31,E2,Shrewsbury,Leyton Orient,home,0.31929207311155566,0.31501980642218086,3.09475,3.25,-2.509245407495586,0.0022722666893748257,6,0.05,BFE,3.0-4.0,exchange,0.32312787785766217,0.9881291432619869,0.004272266689374804,0.007116577205413211,1.1297071274297825,0.101947427951875,0.36070653072595565,0.16666666666666666,5.016560303740203,home:3.0-4.0,home:exchange,exchange:3.0-4.0,8.774459139156216,8.774459139156216,0.42,0.35148060146750537,lower_clv,True,0.2695032521928566,3.7105303622993007,-16.595481027615712,False,home,True,0.88
2024-08,data\historical_csv\football-data\2425\N1.csv:29,data\historical_csv\football-data\2425\N1.csv,29,2024-08-31,N1,For Sittard,Nijmegen,away,0.3016276134826036,0.2956786004841535,3.2809500000000003,3.45,-2.9893295741516446,0.0039490129984500605,6,0.05,BFE,3.0-4.0,exchange,0.3047897712552767,0.9896251184557483,0.005949012998450076,0.013092345733384985,1.1881330146065217,0.0909792172152109,0.3583737256956565,0.16666666666666666,5.152471083070442,away:3.0-4.0,away:exchange,exchange:3.0-4.0,8.095613055805957,8.095613055805957,0.35,0.32946437176977994,lower_clv,True,0.2907143320068877,3.4398028920579935,-4.618081240200178,False,away,True,0.8
2024-08,data\historical_csv\football-data\2425\P1.csv:31,data\historical_csv\football-data\2425\P1.csv,31,2024-08-31,P1,Boavista,Estoril,away,0.29155489057390443,0.28684362804983515,3.3275,3.5,-4.5527827664173515,0.0027112625240692575,6,0.05,BFE,3.0-4.0,exchange,0.3005259203606311,0.970148898384667,0.004711262524069282,0.009299321025733219,1.2022212712871296,0.08500425421756139,0.3505134911957394,0.16666666666666666,5.184072126220873,away:3.0-4.0,away:exchange,exchange:3.0-4.0,7.04150131979725,7.04150131979725,0.3,0.3216874570091578,lower_clv,True,0.32587420441412007,3.0686687883070447,8.434641518798468,True,draw,False,-0.3
2024-09,data\historical_csv\football-data\2425\I2.csv:52,data\historical_csv\football-data\2425\I2.csv,52,2024-09-20,I2,Catanzaro,Cremonese,home,0.3389012153408776,0.33335387165094993,3.058,3.1,1.939613950860486,0.00354734368992763,6,0.0,WH,3.0-4.0,sportsbook,0.3270111183780249,1.0363599165124036,0.005547343689927653,0.010467190819482896,1.1177611075068705,0.11485403375952388,0.3788105977948437,0.16666666666666666,1.373446697187708,home:3.0-4.0,home:sportsbook,sportsbook:3.0-4.0,2.291892132642388,2.291892132642388,0.11,0.3345058604729967,lower_clv,True,0.3464087671015678,2.886762966096634,5.931800979659441,True,away,False,-0.11
2024-09,data\historical_csv\football-data\2425\SP1.csv:55,data\historical_csv\football-data\2425\SP1.csv,55,2024-09-21,SP1,Valladolid,Sociedad,draw,0.3187622301853384,0.31398071438073316,3.2834,3.33,3.0924277597699223,0.0027815158046052045,6,0.0,1XB,3.0-4.0,sportsbook,0.30456234391179876,1.04662390659054,0.00478151580460523,0.00872598928357335,1.1888794708782808,0.10160935939273066,0.37896987155872586,0.16666666666666666,1.4192605226289956,draw:3.0-4.0,draw:sportsbook,sportsbook:3.0-4.0,3.398936299547928,3.398936299547928,0.15,0.3149142239737709,lower_clv,True,0.3149275140112847,3.1753338641734787,3.4032999504652217,True,draw,True,0.34
2024-09,data\historical_csv\football-data\2425\F1.csv:45,data\historical_csv\football-data\2425\F1.csv,45,2024-09-22,F1,Montpellier,Auxerre,draw,0.28431168944184754,0.27714051419300084,3.695,3.75,2.4034199943138157,0.005171175248846673,6,0.0,1XB,3.0-4.0,sportsbook,0.2706359945872801,1.0505316924876267,0.007171175248846695,0.01818840181702896,1.3069805544001651,0.08083313675327757,0.37158984948915347,0.16666666666666666,1.4884979702300516,draw:3.0-4.0,draw:sportsbook,sportsbook:3.0-4.0,3.349652837047764,3.349652837047764,0.12,0.27970136085804537,lower_clv,True,0.2688136526380431,3.7200491499830832,-0.6733553502430878,False,home,False,-0.12
2024-09,data\historical_csv\football-data\2425\SP1.csv:59,data\historical_csv\football-data\2425\SP1.csv,59,2024-09-22,SP1,Getafe,Leganes,draw,0.3394771285176227,0.33132730029713703,3.058,3.1,1.319888430864502,0.006149828220485632,6,0.0,1XB,3.0-4.0,sportsbook,0.3270111183780249,1.0381210590068901,0.008149828220485655,0.0181155892514461,1.1177611075068705,0.11524472078657051,0.3794543311451101,0.16666666666666666,1.373446697187708,draw:3.0-4.0,draw:sportsbook,sportsbook:3.0-4.0,2.430627115855539,2.430627115855539,0.12,0.33495953929318356,lower_clv,True,0.348579107017694,2.868789264381355,6.595490926010816,True,draw,True,0.25
2024-09,data\historical_csv\football-data\2425\F2.csv:63,data\historical_csv\football-data\2425\F2.csv,63,2024-09-28,F2,Troyes,Metz,away,0.47418954026113,0.4675384500879939,2.225,2.25,4.027305144578652,0.004651090173136162,6,0.0,BW,2.0-3.0,sportsbook,0.449438202247191,1.0550717270810144,0.006651090173136143,0.009808504360038956,0.7997569156182036,0.22485572009306184,0.3792363641376553,0.16666666666666666,1.1235955056179803,away:2.0-3.0,away:sportsbook,sportsbook:2.0-3.0,2.591690596815044,2.591690596815044,0.21,0.46108624987332597,lower_clv,True,0.519480206672325,1.9250011591505638,15.584345984592307,True,home,False,-0.21
2024-10,data\historical_csv\football-data\2425\I2.csv:87,data\historical_csv\football-data\2425\I2.csv,87,2024-10-19,I2,Brescia,Sassuolo,away,0.3790285858433969,0.37253865748455584,2.764,2.8,2.96968492873122,0.00448992835884107,6,0.0,WH,2.0-3.0,sportsbook,0.36179450072358904,1.047635011271149,0.006489928358841046,0.011845883203902126,1.0166789059054233,0.14366266888644527,0.38535036796214456,0.16666666666666666,1.302460202604916,away:2.0-3.0,away:sportsbook,sportsbook:2.0-3.0,2.191942997843883,2.191942997843883,0.12,0.369724829948784,lower_clv,True,0.4657374163619619,2.147132622092831,28.72982188244626,True,away,True,0.21
2024-10,data\historical_csv\football-data\2425\SP2.csv:116,data\historical_csv\football-data\2425\SP2.csv,116,2024-10-23,SP2,Cartagena,Elche,home,0.2709252885062918,0.2653584209172104,3.842,3.9,1.9507053163922317,0.003566867589081343,6,0.0,WH,3.0-4.0,sportsbook,0.2602811035918792,1.040894958441173,0.00556686758908137,0.013165502595740555,1.345993064346365,0.07340051195221743,0.36466355928550664,0.16666666666666666,1.5096304008328953,home:3.0-4.0,home:sportsbook,sportsbook:3.0-4.0,2.7552357856204464,2.7552357856204464,0.1,0.26745246170125053,lower_clv,True,0.2596608763074807,3.8511770206607383,-0.2382913226659178,False,draw,False,-0.1
2024-10,data\historical_csv\football-data\2425\SP2.csv:120,data\historical_csv\football-data\2425\SP2.csv,120,2024-10-24,SP2,Burgos,Ferrol,away,0.24642870254613208,0.24124280935591425,4.478999999999999,4.55,8.052654310513962,0.0031858931902178354,5,0.0,PS,4.0-5.0,sportsbook,0.2232641214556821,1.1037541587041253,0.0051858931902178385,0.012928255342420708,1.4993998072251629,0.060727105438570045,0.36949514909241743,0.2,1.5851752623353477,away:4.0-5.0,away:sportsbook,sportsbook:4.0-5.0,5.260408394699426,5.260408394699426,0.15,0.23500872604308876,lower_clv,True,0.17643322225567293,5.667866783903543,-20.975559751684113,False,draw,False,-0.15
2024-10,data\historical_csv\football-data\2425\I2.csv:103,data\historical_csv\football-data\2425\I2.csv,103,2024-10-29,I2,Brescia,Spezia,away,0.42096841084573916,0.4120964822789027,2.6660000000000004,2.7,9.86492217555548,0.006871928566836445,6,0.0,WH,2.0-3.0,sportsbook,0.3750937734433608,1.1223017833147408,0.00887192856683644,0.016324095561067203,0.980579221756517,0.17721440292998705,0.41279287669119263,0.16666666666666666,1.275318829707417,away:2.0-3.0,away:sportsbook,sportsbook:2.0-3.0,6.758494210975057,6.758494210975057,0.41,0.4004444644072582,lower_clv,True,0.40309535522449885,2.4808025868793817,7.465221702851399,True,draw,False,-0.41
2024-10,data\historical_csv\football-data\2425\I2.csv:107,data\historical_csv\football-data\2425\I2.csv,107,2024-10-29,I2,Salernitana,Cesena,draw,0.30829861302742734,0.29879453512485543,3.352,3.4,0.15592817385152724,0.007504077902571886,6,0.0,WH,3.0-4.0,sportsbook,0.2983293556085919,1.0334169508679365,0.009504077902571906,0.0243402908267521,1.2095571826198366,0.09504803479463539,0.37290480177905827,0.16666666666666666,1.4319809069212486,draw:3.0-4.0,draw:sportsbook,sportsbook:3.0-4.0,2.241297757287854,2.241297757287854,0.1,0.3050158047651786,lower_clv,True,0.29890930615158295,3.34549637438481,0.1943994220106049,True,draw,True,0.24
2025-08,data\historical_csv\football-data\2526\SC0.csv:8,data\historical_csv\football-data\2526\SC0.csv,8,2025-08-09,SC0,Livingston,Falkirk,away,0.35729255022936274,0.3520212979550937,2.7875199999999998,2.92,-1.8733591524217386,0.003271252274269035,8,0.05,BFE,2.0-3.0,exchange,0.35874182068648836,0.9959601296153532,0.005271252274269056,0.009155668855029487,1.02515231164839,0.1276579664494017,0.36627928380237973,0.125,4.752611640454596,away:2.0-3.0,away:exchange,exchange:2.0-3.0,1.9087911436412017,1.9087911436412017,0.11,0.36558945278828925,lower_clv,True,0.34594699152206876,2.890616263492517,-3.5665842192402986,False,home,False,-0.11
2025-08,data\historical_csv\football-data\2526\B1.csv:28,data\historical_csv\football-data\2526\B1.csv,28,2025-08-16,B1,Mechelen,Gent,away,0.272449357356831,0.25438277457406866,3.9792,4.2,1.2239936585134004,0.016066582782762347,8,0.05,BFE,3.0-4.0,exchange,0.25130679533574585,1.084130482794302,0.018066582782762353,0.058970896237863765,1.3810807940670031,0.07422865232415021,0.37627457480141685,0.125,5.5488540410132625,away:3.0-4.0,away:exchange,exchange:3.0-4.0,4.654778904101375,4.654778904101375,0.16,0.2630045710296074,lower_clv,True,0.2912662371950576,3.433284989122552,15.900661104657331,True,draw,False,-0.16
2025-08,data\historical_csv\football-data\2526\E2.csv:37,data\historical_csv\football-data\2526\E2.csv,37,2025-08-16,E2,Wigan,Peterboro,away,0.2545602137434245,0.24430952300338662,4.0723,4.3,-0.5098329473308572,0.008250690740037899,8,0.05,BFE,4.0-5.0,exchange,0.2455614763155956,1.0366455584273477,0.010250690740037899,0.032411548602618266,1.4042079504047693,0.06480090242109798,0.3574554759952541,0.125,5.591434815706098,away:4.0-5.0,away:exchange,exchange:4.0-5.0,2.967157053892919,2.967157053892919,0.1,0.2528476709817374,lower_clv,True,0.2378494933717261,4.204339415754556,-3.1405508142319793,False,home,False,-0.1
2025-08,data\historical_csv\football-data\2526\T1.csv:13,data\historical_csv\football-data\2526\T1.csv,13,2025-08-17,T1,Konyaspor,Gaziantep,away,0.24084960437915123,0.23010874749587149,4.444700000000001,4.7,2.276434999490018,0.008740856883279748,8,0.05,BFE,4.0-5.0,exchange,0.22498706324386342,1.0705042365840136,0.010740856883279748,0.03629176350864866,1.4917123751246555,0.05800853192959367,0.3592783353962573,0.125,5.743919724615809,away:4.0-5.0,away:exchange,exchange:4.0-5.0,4.8898352000914915,4.8898352000914915,0.14,0.23598855985801398,lower_clv,True,0.2361710564582489,4.234219107948917,4.97094946399792,True,home,False,-0.14
2025-08,data\historical_csv\football-data\2526\B1.csv:32,data\historical_csv\football-data\2526\B1.csv,32,2025-08-17,B1,Charleroi,Antwerp,away,0.3163861032443273,0.3133605752275484,3.3275,3.5,4.2707314069667435,0.001025528016778893,8,0.05,BFE,3.0-4.0,exchange,0.3005259203606311,1.0527747585454992,0.003025528016778911,0.003241381357344052,1.2022212712871296,0.10010016632613014,0.3803661032599762,0.125,5.184072126220873,away:3.0-4.0,away:exchange,exchange:3.0-4.0,4.675289592051184,4.675289592051184,0.2,0.3145763774366677,lower_clv,True,0.3139864079981403,3.1848512372736937,4.478977261381201,True,draw,False,-0.2
2025-08,data\historical_csv\football-data\2526\E0.csv:10,data\historical_csv\football-data\2526\E0.csv,10,2025-08-17,E0,Man United,Arsenal,away,0.4747599910756672,0.46568937453431386,2.0780000000000003,2.1,-3.22974797176957,0.007070616541353342,8,0.0,BW,2.0-3.0,sportsbook,0.4812319538017324,0.9865512614552365,0.009070616541353327,0.014893033689156062,0.7314058926770358,0.2253970491261676,0.3472422550800399,0.125,1.0587102983637964,away:2.0-3.0,away:sportsbook,sportsbook:2.0-3.0,2.6095012044391277,2.6095012044391277,0.24,0.4937897074323345,lower_clv,True,0.49449642356865886,2.0222593174349903,2.756356817567318,True,away,True,0.26
2025-08,data\historical_csv\football-data\2526\E2.csv:53,data\historical_csv\football-data\2526\E2.csv,53,2025-08-23,E2,Huddersfield,Stevenage,away,0.2474323097889046,0.23685270121749316,4.2585,4.5,0.8637228134694475,0.008579608571411438,8,0.05,BFE,4.0-5.0,exchange,0.23482446870963955,1.05369049123605,0.010579608571411436,0.03467456848594704,1.4489169855989985,0.061222747927472454,0.3585088764391372,0.125,5.671010919337793,away:4.0-5.0,away:exchange,exchange:4.0-5.0,3.9527803384352875,3.9527803384352875,0.12,0.24410656413862933,lower_clv,True,0.25720739282654,3.8879131311532613,9.531768235182048,True,home,False,-0.12
2025-08,data\historical_csv\football-data\2526\F1.csv:17,data\historical_csv\football-data\2526\F1.csv,17,2025-08-24,F1,Strasbourg,Nantes,away,0.21319097781205681,0.20326083373934595,4.92,5.0,0.00433019975820681,0.007930144072710851,8,0.0,B365,4.0-5.0,sportsbook,0.2032520325203252,1.0488996108353195,0.009930144072710867,0.037197371831099925,1.5933085305042167,0.0454503930204609,0.3396790035744853,0.125,1.6260162601626105,away:4.0-5.0,away:sportsbook,sportsbook:4.0-5.0,4.22137407092274,4.22137407092274,0.11,0.21183206111976166,lower_clv,True,0.199226185059937,5.019420512916769,-1.9807169505109967,False,home,False,-0.11
2025-08,data\historical_csv\football-data\2526\B1.csv:36,data\historical_csv\football-data\2526\B1.csv,36,2025-08-24,B1,Antwerp,Mechelen,away,0.2685558761295631,0.25672884966721116,3.8860999999999994,4.1,-0.23260173082508828,0.00982702646235193,8,0.05,BFE,3.0-4.0,exchange,0.25732739764802764,1.043634990227095,0.011827026462351953,0.03659211112405875,1.3574060840261057,0.07212225860371725,0.3645393801592302,0.125,5.504233035691319,away:3.0-4.0,away:exchange,exchange:3.0-4.0,2.8501090280496317,2.8501090280496317,0.1,0.2646615090400392,lower_clv,True,0.26055247764329476,3.8379984295103657,1.2532983369607509,True,home,False,-0.1
2025-08,data\historical_csv\football-data\2526\I2.csv:15,data\historical_csv\football-data\2526\I2.csv,15,2025-08-30,I2,Cesena,Virtus Entella,away,0.24711499122198197,0.2286311166419148,4.3712,4.44,-0.060766293486202994,0.016483874580067163,8,0.0,PS,4.0-5.0,sportsbook,0.2287701317715959,1.0801890496295277,0.018483874580067172,0.06670527958888497,1.4750375709542791,0.06106581888664023,0.3645038963984603,0.125,1.5739385065885791,away:4.0-5.0,away:sportsbook,sportsbook:4.0-5.0,5.410109239582991,5.410109239582991,0.16,0.24114684580797718,lower_clv,True,0.24695113416549327,4.049384115522442,7.947279766420423,True,draw,False,-0.16
2025-08,data\historical_csv\football-data\2526\T1.csv:26,data\historical_csv\football-data\2526\T1.csv,26,2025-08-30,T1,Antalyaspor,Karagumruk,away,0.24156738961910293,0.2365577384691811,4.3026,4.37,1.7813325537498592,0.003009651149921813,8,0.0,PS,4.0-5.0,sportsbook,0.2324176079579789,1.0393678505751522,0.005009651149921829,0.0124588470102167,1.4592194911344472,0.05835480372738748,0.3524998433546641,0.125,1.5664946776367872,away:4.0-5.0,away:sportsbook,sportsbook:4.0-5.0,3.9868864771667747,3.9868864771667747,0.12,0.24168383414021008,lower_clv,True,0.19592962398008348,5.103873419884945,-15.699319986329286,False,away,True,0.4
2025-08,data\historical_csv\football-data\2526\E2.csv:69,data\historical_csv\football-data\2526\E2.csv,69,2025-08-30,E2,Lincoln,Mansfield,draw,0.28577154308617236,0.28034086159883376,3.548,3.6,-0.5350623047337799,0.003430681487338628,8,0.0,B365,3.0-4.0,sportsbook,0.2818489289740699,1.0139174348697395,0.005430681487338607,0.01200497939819057,1.266384064447333,0.08166537483785206,0.3618965282368531,0.125,1.4656144306651742,draw:3.0-4.0,draw:sportsbook,sportsbook:3.0-4.0,2.7878799048582525,2.7878799048582525,0.11,0.2897065386269962,lower_clv,True,0.2860763384331154,3.4955704672296752,1.4998848760693573,True,draw,True,0.28
2025-08,data\historical_csv\football-data\2526\B1.csv:44,data\historical_csv\football-data\2526\B1.csv,44,2025-08-31,B1,Oud-Heverlee Leuven,Standard,away,0.2942864428326231,0.2881797687132217,3.5137,3.7,1.2577253327647142,0.004106674119401383,8,0.05,BFE,3.0-4.0,exchange,0.28460027890827333,1.0340342741809878,0.006106674119401412,0.013954683334621278,1.2566696133259048,0.08660451043507876,0.36982083032152846,0.125,5.302103196061125,away:3.0-4.0,away:exchange,exchange:3.0-4.0,2.768078566736028,2.768078566736028,0.11,0.29247823822960417,lower_clv,True,0.2729572922080999,3.663576788553464,-4.090996236839938,False,home,False,-0.11
2025-09,data\historical_csv\football-data\2526\T1.csv:39,data\historical_csv\football-data\2526\T1.csv,39,2025-09-14,T1,Gaziantep,Kocaelispor,away,0.28152081015215163,0.27396479255202427,3.7929999999999997,4.0,3.9148458149828036,0.00555601760012735,7,0.05,BFE,3.0-4.0,exchange,0.2636435539151068,1.0678084329071111,0.007556017600127363,0.019735726098275033,1.3331572627067618,0.0792539665487238,0.37531151265743246,0.14285714285714285,5.457421566042719,away:3.0-4.0,away:exchange,exchange:3.0-4.0,2.825452267072893,2.825452267072893,0.1,0.27109267668619275,lower_clv,True,0.31300166467049023,3.1948711871955737,18.721531409516935,True,home,False,-0.1
2025-09,data\historical_csv\football-data\2526\B1.csv:54,data\historical_csv\football-data\2526\B1.csv,54,2025-09-14,B1,St Truiden,Westerlo,away,0.30232951581811995,0.29536810358741483,3.5137,3.7,3.78349055750995,0.004961412230705136,8,0.05,BFE,3.0-4.0,exchange,0.28460027890827333,1.062295219730128,0.006961412230705122,0.01641061150539433,1.2566696133259048,0.09140313613481885,0.37992831574016483,0.125,5.302103196061125,away:3.0-4.0,away:exchange,exchange:3.0-4.0,2.6671520919381067,2.6671520919381067,0.11,0.292191001200837,lower_clv,True,0.2982193064667292,3.3532369578881203,4.785317713214621,True,away,True,0.28
2025-09,data\historical_csv\football-data\2526\G1.csv:23,data\historical_csv\football-data\2526\G1.csv,23,2025-09-20,G1,Panserraikos,Atromitos,home,0.2750747927137586,0.2663978983200803,4.0968,4.16,9.137890983770514,0.006676894393678318,8,0.0,PS,4.0-5.0,sportsbook,0.2440929505955868,1.1269264107897263,0.008676894393678303,0.024273014360229873,1.4102061811662034,0.07566614158651727,0.38791217296795455,0.125,1.5426674477641011,home:4.0-5.0,home:sportsbook,sportsbook:4.0-5.0,7.182262960141914,7.182262960141914,0.23,0.2616243481745311,lower_clv,True,0.2988548202053349,3.346106311127683,22.43484274172158,True,draw,False,-0.23
2025-09,data\historical_csv\football-data\2526\I2.csv:39,data\historical_csv\football-data\2526\I2.csv,39,2025-09-21,I2,Carrarese,Avellino,away,0.27632890246729724,0.2658606503755425,3.9497999999999998,4.01,5.009639685331768,0.008468252091754747,8,0.0,PS,3.0-4.0,sportsbook,0.25317737606967444,1.0914438989653306,0.010468252091754726,0.030645553237982195,1.3736649447197489,0.07635766233878108,0.3795833265322087,0.125,1.5241278039394457,away:3.0-4.0,away:sportsbook,sportsbook:3.0-4.0,3.0031654309102773,3.0031654309102773,0.1,0.26078071150668464,lower_clv,True,0.2756684944863358,3.6275454758199346,8.883541952212903,True,away,True,0.29
2025-09,data\historical_csv\football-data\2526\B1.csv:72,data\historical_csv\football-data\2526\B1.csv,72,2025-09-28,B1,Charleroi,Mechelen,away,0.28409167913910094,0.27519971500531387,3.8860999999999994,4.1,6.9453612482150096,0.006891964133787079,8,0.05,BFE,3.0-4.0,exchange,0.25732739764802764,1.10400867430246,0.008891964133787067,0.024259647993465305,1.3574060840261057,0.08070808215607388,0.38562777368460793,0.125,5.504233035691319,away:3.0-4.0,away:exchange,exchange:3.0-4.0,5.123770606274092,5.123770606274092,0.18,0.2705122632106073,lower_clv,True,0.2772832578073573,3.6064204088901413,7.755046816517108,True,away,True,0.52
2025-10,data\historical_csv\football-data\2526\SP2.csv:86,data\historical_csv\football-data\2526\SP2.csv,86,2025-10-05,SP2,Santander,Malaga,away,0.24078140531077516,0.23151428998387955,4.5573999999999995,4.63,5.510322517253252,0.0072671153268956045,8,0.0,PS,4.0-5.0,sportsbook,0.21942335542195113,1.0973371765633266,0.009267115326895614,0.03018138098129289,1.5167522854758682,0.057975685143431786,0.36520574680520956,0.125,1.5930135603633655,away:4.0-5.0,away:sportsbook,sportsbook:4.0-5.0,5.1241526140225275,5.1241526140225275,0.14,0.230666943024581,lower_clv,True,0.2345025053686471,4.264346764346764,6.872171796707227,True,home,False,-0.14
2025-10,data\historical_csv\football-data\2526\G1.csv:41,data\historical_csv\football-data\2526\G1.csv,41,2025-10-05,G1,PAOK,Olympiakos,draw,0.29799432996681363,0.29312851018075886,3.5185999999999997,3.57,3.14019759220181,0.0028658197860547906,8,0.0,PS,3.0-4.0,sportsbook,0.28420394475075317,1.0485228494212304,0.00486581978605477,0.009617027902423327,1.2580631832228086,0.0888006206923702,0.3748956953403976,0.125,1.4608082760188656,draw:3.0-4.0,draw:sportsbook,sportsbook:3.0-4.0,2.728643523243974,2.728643523243974,0.11,0.2919588572819985,lower_clv,True,0.29677747468676313,3.3695279638572986,4.4241222432844785,True,home,False,-0.11
2025-10,data\historical_csv\football-data\2526\D2.csv:77,data\historical_csv\football-data\2526\D2.csv,77,2025-10-18,D2,Paderborn,Bielefeld,away,0.23134541155196997,0.22159159224501904,4.675,4.75,3.5940693745464047,0.007753819306950929,8,0.0,PS,4.0-5.0,sportsbook,0.21390374331550802,1.0815397990054596,0.009753819306950934,0.03351620096951477,1.5422291627406504,0.05352069944615036,0.3567876403616858,0.125,1.6042780748663166,away:4.0-5.0,away:sportsbook,sportsbook:4.0-5.0,3.98345112154252,3.98345112154252,0.11,0.22242449437763107,lower_clv,True,0.20592857749146723,4.856052579887488,-3.72839002273907,False,home,False,-0.11
2025-10,data\historical_csv\football-data\2526\T1.csv:82,data\historical_csv\football-data\2526\T1.csv,82,2025-10-22,T1,Rizespor,Buyuksehyr,draw,0.29016522964491737,0.28263039839214604,3.548,3.6,0.27726534953340654,0.005534831252771331,8,0.0,BMGM,3.0-4.0,sportsbook,0.2818489289740699,1.029506234780167,0.0075348312527713235,0.019074757025658955,1.266384064447333,0.08419586049488763,0.3674606228790242,0.125,1.4656144306651742,draw:3.0-4.0,draw:sportsbook,sportsbook:3.0-4.0,2.6774067528693455,2.6774067528693455,0.11,0.28939517123131153,lower_clv,True,0.2772610138813188,3.6067097425678774,-1.6277922749080909,False,draw,True,0.28
2025-10,data\historical_csv\football-data\2526\B1.csv:90,data\historical_csv\football-data\2526\B1.csv,90,2025-10-24,B1,Charleroi,Anderlecht,home,0.3577911552626501,0.34774307067245386,3.0873999999999997,3.13,7.362195639413405,0.008048084590196253,8,0.0,PS,3.0-4.0,sportsbook,0.3238971302714258,1.1046444127579058,0.010048084590196238,0.022493805315808472,1.1273293127656037,0.1280145107841818,0.4033484571758547,0.125,1.3798017749562907,home:3.0-4.0,home:sportsbook,sportsbook:3.0-4.0,4.91778711662587,4.91778711662587,0.24,0.33982570161503495,lower_clv,True,0.3482359631268029,2.8716161048417357,7.514371255769103,True,home,True,0.5
2025-10,data\historical_csv\football-data\2526\F2.csv:99,data\historical_csv\football-data\2526\F2.csv,99,2025-10-25,F2,Annecy,St Etienne,home,0.27113676132105435,0.25771439556229947,4.0478000000000005,4.11,4.317633035707602,0.01142236575875488,8,0.0,PS,4.0-5.0,sportsbook,0.2470477790404664,1.097507382475364,0.013422365758754884,0.042127691217900186,1.3981735236499684,0.0735151433396704,0.37909624096729905,0.125,1.5366371856317063,home:4.0-5.0,home:sportsbook,sportsbook:4.0-5.0,5.016349293556971,5.016349293556971,0.16,0.259440558559111,lower_clv,True,0.22891014742396912,4.3685263028024695,-7.341750525725765,False,home,True,0.49
2025-10,data\historical_csv\football-data\2526\SP2.csv:119,data\historical_csv\football-data\2526\SP2.csv,119,2025-10-26,SP2,Almeria,Castellon,away,0.2682081161683699,0.260297829288861,4.087,4.15,6.3837228303574856,0.005910286879508872,8,0.0,PS,4.0-5.0,sportsbook,0.24467824810374358,1.0961665707801278,0.007910286879508899,0.02203619697995507,1.4078112045821403,0.07193559357858581,0.37758639110169945,0.125,1.5414729630536028,away:4.0-5.0,away:sportsbook,sportsbook:4.0-5.0,5.253425935557566,5.253425935557566,0.17,0.25753223864829355,lower_clv,True,0.2659068236313129,3.7607158264826155,8.676118818117583,True,home,False,-0.17
2025-10,data\historical_csv\football-data\2526\SP2.csv:118,data\historical_csv\football-data\2526\SP2.csv,118,2025-10-26,SP2,Malaga,Andorra,away,0.3006769352956935,0.2938413046612447,3.6557999999999997,3.71,7.42250415805783,0.004835630634448832,8,0.0,PS,3.0-4.0,sportsbook,0.2735379397122381,1.0992147400539962,0.006835630634448808,0.016082479454878527,1.2963149475003666,0.09040661941881066,0.38977200559240804,0.125,1.4825756332403461,away:3.0-4.0,away:sportsbook,sportsbook:3.0-4.0,4.266757444964547,4.266757444964547,0.16,0.28520914011971266,lower_clv,True,0.2581814048222809,3.8732456378427007,-5.614042025070553,False,home,False,-0.16
2025-10,data\historical_csv\football-data\2526\T1.csv:91,data\historical_csv\football-data\2526\T1.csv,91,2025-10-27,T1,Samsunspor,Rizespor,away,0.24361228438114552,0.239091889228562,4.444700000000001,4.7,6.269172005418988,0.002520395152583516,8,0.05,BFE,4.0-5.0,exchange,0.22498706324386342,1.0827835203888778,0.004520395152583512,0.010345927993681189,1.4917123751246555,0.059346945101400116,0.36339945934374157,0.125,5.743919724615809,away:4.0-5.0,away:exchange,exchange:4.0-5.0,4.361709241854268,4.361709241854268,0.13,0.23480034477434752,lower_clv,True,0.23117720999479804,4.3256859100536,2.7513345263879163,True,draw,False,-0.13
2025-10,data\historical_csv\football-data\2526\F2.csv:111,data\historical_csv\football-data\2526\F2.csv,111,2025-10-31,F2,Guingamp,Laval,away,0.2391304347826087,0.22523892862392947,4.6309000000000005,4.9,4.3058954564555,0.011891506158679246,7,0.05,BFE,4.0-5.0,exchange,0.21594074585933618,1.1073891304347827,0.013891506158679234,0.04972811666356776,1.5327512336571778,0.057183364839319475,0.3665274689180208,0.14285714285714285,5.810965471074736,away:4.0-5.0,away:exchange,exchange:4.0-5.0,5.326610718444613,5.326610718444613,0.15,0.2274430687737688,lower_clv,True,0.20296555870670746,4.926944287355846,-6.008679418510832,False,home,False,-0.15
2025-11,data\historical_csv\football-data\2526\E3.csv:216,data\historical_csv\football-data\2526\E3.csv,216,2025-11-29,E3,Shrewsbury,Gillingham,home,0.3894132408376038,0.38721889845524826,2.715,2.75,5.129930930599902,0.00019434238235555747,7,0.0,BMGM,2.0-3.0,sportsbook,0.3683241252302026,1.0572569488740944,0.002194342382355552,0.0004990646490025327,0.9987919533858987,0.15164267213964563,0.38894281149052373,0.14285714285714285,1.2891344383057168,home:2.0-3.0,home:sportsbook,sportsbook:2.0-3.0,4.501767186320381,2.3795575534827087,0.14,0.377088609773417,lower_clv,True,0.3851786899567737,2.5961976248276457,4.576014323264044,True,draw,False,-0.14
2025-11,data\historical_csv\football-data\2526\SP2.csv:175,data\historical_csv\football-data\2526\SP2.csv,175,2025-11-30,SP2,Cordoba,Cadiz,away,0.26119095272995085,0.2526407418699892,4.273199999999999,4.34,7.9584418158837655,0.006550210859961645,8,0.0,PS,4.0-5.0,sportsbook,0.23401666198633347,1.1161211792056258,0.00855021085996166,0.025078245595795978,1.4523629610895952,0.06822071378797942,0.3793440655166839,0.125,1.5632313020687238,away:4.0-5.0,away:sportsbook,sportsbook:4.0-5.0,7.690115096825956,5.567905463988283,0.17,0.24704648849571353,lower_clv,True,0.21940635215640555,4.5577531834043805,-6.243277596524798,False,away,True,0.56
2025-12,data\historical_csv\football-data\2526\SP1.csv:141,data\historical_csv\football-data\2526\SP1.csv,141,2025-12-01,SP1,Vallecano,Valencia,away,0.23558612526078032,0.23023869155190543,4.528,4.6,4.2520795347027684,0.0033474337088748875,8,0.0,BMGM,4.0-5.0,sportsbook,0.2208480565371025,1.0667339751808131,0.005347433708874888,0.014208959484220348,1.5102803409008818,0.055500822415388076,0.35580109357036915,0.125,1.590106007067149,away:4.0-5.0,away:sportsbook,sportsbook:4.0-5.0,5.178937079870303,5.178937079870303,0.15,0.2322856384272754,lower_clv,True,0.23913146071021463,4.18180024088016,8.278725409585164,True,draw,False,-0.15
2025-12,data\historical_csv\football-data\2526\E1.csv:227,data\historical_csv\football-data\2526\E1.csv,227,2025-12-06,E1,Swansea,Oxford,away,0.25752498997803086,0.2500228430795116,4.038,4.1,0.9592240355067894,0.005502146898519271,8,0.0,BMGM,4.0-5.0,sportsbook,0.24764735017335313,1.0398859095312887,0.007502146898519246,0.021365487283345405,1.3957495198906458,0.06631912046318489,0.3594403811216799,0.125,1.535413571074784,away:4.0-5.0,away:sportsbook,sportsbook:4.0-5.0,3.0864975453704675,3.0864975453704675,0.1,0.2552909795576287,lower_clv,True,0.25783674932351414,3.878423082138983,4.114479376835023,True,home,False,-0.1
2025-12,data\historical_csv\football-data\2526\I2.csv:147,data\historical_csv\football-data\2526\I2.csv,147,2025-12-08,I2,Mantova,Reggiana,away,0.26336317556447897,0.256005013570644,4.136,4.2,5.883673612818363,0.005358161993835006,7,0.0,BMGM,4.0-5.0,sportsbook,0.24177949709864602,1.0892700941346851,0.0073581619938349885,0.02034514499739988,1.419729137206128,0.06936016224340658,0.3739043740160237,0.14285714285714285,1.547388781431347,away:4.0-5.0,away:sportsbook,sportsbook:4.0-5.0,6.289808719241569,6.289808719241569,0.2,0.25698696498849505,lower_clv,True,0.30976180455651126,3.2282869782209236,28.117482364573053,True,away,True,0.63
2025-12,data\historical_csv\football-data\2526\I2.csv:150,data\historical_csv\football-data\2526\I2.csv,150,2025-12-08,I2,Bari,Pescara,away,0.23882430830118212,0.23418943831483055,4.43,4.5,3.745921173469924,0.0026348699863515796,6,0.0,BMGM,4.0-5.0,sportsbook,0.22573363431151244,1.0579916857742366,0.00463486998635157,0.011032670857895823,1.4883995840570443,0.05703705023553809,0.35546600113819077,0.16666666666666666,1.5801354401805856,away:4.0-5.0,away:sportsbook,sportsbook:4.0-5.0,4.132193081391988,4.132193081391988,0.12,0.23506138393090745,lower_clv,True,0.2624313452666382,3.810520420051079,16.257085953120722,True,draw,False,-0.12
2025-12,data\historical_csv\football-data\2526\D2.csv:142,data\historical_csv\football-data\2526\D2.csv,142,2025-12-13,D2,Hannover,Bochum,away,0.224319697811258,0.20705743948857894,4.92,5.0,1.8722602283808287,0.015262258322679044,7,0.0,B365,4.0-5.0,sportsbook,0.2032520325203252,1.1036529132313893,0.017262258322679053,0.06803797647552409,1.5933085305042167,0.0503193268261341,0.35741048808280546,0.14285714285714285,1.6260162601626105,away:4.0-5.0,away:sportsbook,sportsbook:4.0-5.0,5.653911721181914,5.653911721181914,0.14,0.21474372301053232,lower_clv,True,0.22804870383113968,4.385028211957992,12.19996228492073,True,draw,False,-0.14
2025-12,data\historical_csv\football-data\2526\B1.csv:145,data\historical_csv\football-data\2526\B1.csv,145,2025-12-14,B1,Genk,Westerlo,away,0.21843546363997918,0.21466638897007387,4.9102,5.2,5.405490312085659,0.001769074669905294,7,0.05,BFE,4.0-5.0,exchange,0.20365769215103255,1.0725618135650257,0.003769074669905309,0.008098843660391366,1.591314674174411,0.047714051775612665,0.3475995586503899,0.14285714285714285,5.9019999185369265,away:4.0-5.0,away:exchange,exchange:4.0-5.0,4.193673589022993,4.193673589022993,0.11,0.21219843099878413,lower_clv,True,0.2763256161314414,3.6189189189189186,35.68140403286036,True,draw,False,-0.11
2025-12,data\historical_csv\football-data\2526\T1.csv:153,data\historical_csv\football-data\2526\T1.csv,153,2025-12-22,T1,Buyuksehyr,Gaziantep,away,0.22255842656368197,0.21321111194239378,4.9102,5.2,4.690920185954184,0.007347314621288188,7,0.05,BFE,4.0-5.0,exchange,0.20365769215103255,1.092806386112991,0.009347314621288183,0.033012969828782726,1.591314674174411,0.04953225323450182,0.35416049005195516,0.14285714285714285,5.9019999185369265,away:4.0-5.0,away:exchange,exchange:4.0-5.0,5.063113560711903,5.063113560711903,0.13,0.21396911237976438,lower_clv,True,0.19305901800875244,5.179763216006125,-5.2041609773423865,False,home,False,-0.13
2025-12,data\historical_csv\football-data\2526\E1.csv:264,data\historical_csv\football-data\2526\E1.csv,264,2025-12-26,E1,Birmingham,Derby,away,0.22311586359668736,0.21789704498289086,4.724,4.8,2.934564049917654,0.0032188186137964907,8,0.0,BMGM,4.0-5.0,sportsbook,0.21168501270110077,1.0539993396307512,0.0052188186137965,0.014426668556454365,1.552655898335116,0.0497806885884956,0.3464221616255298,0.125,1.608806096528359,away:4.0-5.0,away:sportsbook,sportsbook:4.0-5.0,4.376242634402602,4.376242634402602,0.12,0.22094886247756687,lower_clv,True,0.2352429465766544,4.250924478512038,11.128767962811548,True,draw,False,-0.12
2025-12,data\historical_csv\football-data\2526\B1.csv:155,data\historical_csv\football-data\2526\B1.csv,155,2025-12-26,B1,Cercle Brugge,St. Gilloise,home,0.25050412193188415,0.2430365670003539,4.234,4.3,2.90168246794984,0.005467554931530266,7,0.0,BMGM,4.0-5.0,sportsbook,0.23618327822390175,1.0606344522595974,0.007467554931530257,0.02182620744666619,1.4431471727126735,0.06275231510486429,0.3615143153188694,0.14285714285714285,1.558809636277747,home:4.0-5.0,home:sportsbook,sportsbook:4.0-5.0,3.771003618443296,3.771003618443296,0.12,0.24508975819188308,lower_clv,True,0.2547634914542928,3.925209198113892,7.866862281747555,True,draw,False,-0.12
2026-01,data\historical_csv\football-data\2526\T1.csv:170,data\historical_csv\football-data\2526\T1.csv,170,2026-01-25,T1,Rizespor,Alanyaspor,away,0.25700934579439255,0.25367211414448815,4.444700000000001,4.7,12.749644573800678,0.001337231649904402,4,0.05,BFE,4.0-5.0,exchange,0.22498706324386342,1.1423294392523369,0.003337231649904404,0.0052030467832644,1.4917123751246555,0.06605380382566164,0.3833840216441872,0.25,5.743919724615809,away:4.0-5.0,away:exchange,exchange:4.0-5.0,7.32491252734861,5.185036012903119,0.15,0.23665272349743086,lower_clv,True,0.22669792936681343,4.411156302984702,0.7604286656675896,True,draw,False,-0.15
2026-01,data\historical_csv\football-data\2526\E2.csv:340,data\historical_csv\football-data\2526\E2.csv,340,2026-01-31,E2,Wigan,Lincoln,away,0.42891681863156994,0.42362399934590983,2.568,2.6,8.786643032029652,0.003292819285660128,5,0.0,BMGM,2.0-3.0,sportsbook,0.3894080996884735,1.1014583902458717,0.005292819285660111,0.007677057980998845,0.9431273858277147,0.18396963730502705,0.4045231978935326,0.2,1.2461059190031154,away:2.0-3.0,away:sportsbook,sportsbook:2.0-3.0,6.180791909689233,4.040915395243742,0.26,0.40514375153911114,lower_clv,True,0.4367218486645365,2.289786973236917,12.150170737052978,True,away,True,0.41
2026-04,data\historical_csv\football-data\2526\E2.csv:508,data\historical_csv\football-data\2526\E2.csv,508,2026-04-16,E2,Peterboro,Port Vale,away,0.25226691467100676,0.22137023080373833,4.43,4.5,-1.9329877539439266,0.02889668386726843,5,0.0,BFD,4.0-5.0,sportsbook,0.22573363431151244,1.1175424319925598,0.030896683867268432,0.11454805282315346,1.4883995840570443,0.063638596237629,0.37547397086768036,0.2,1.5801354401805856,away:4.0-5.0,away:sportsbook,sportsbook:4.0-5.0,5.694251720712045,3.633199626716228,0.11,0.23393498787069125,lower_clv,True,0.1739791484811849,5.747815233778694,-22.927237222835096,False,away,True,0.38
2026-05,data\historical_csv\football-data\2526\P1.csv:287,data\historical_csv\football-data\2526\P1.csv,287,2026-05-03,P1,Sp Braga,Estoril,away,0.21771262542856376,0.21231887465578225,4.822,4.9,2.380161359018196,0.003393750772781498,6,0.0,BMGM,4.0-5.0,sportsbook,0.20738282870178348,1.0498102798165345,0.005393750772781508,0.01558821297616964,1.5731887797589794,0.04739878727099811,0.34250305953608595,0.16666666666666666,1.6175860638739215,away:4.0-5.0,away:sportsbook,sportsbook:4.0-5.0,4.3060832428766265,4.3060832428766265,0.11,0.21631290593711452,lower_clv,True,0.17876458867065187,5.593949044585987,-13.799715343011664,False,draw,False,-0.11
2026-05,data\historical_csv\football-data\2526\T1.csv:297,data\historical_csv\football-data\2526\T1.csv,297,2026-05-09,T1,Kocaelispor,Karagumruk,away,0.25452038480756173,0.250273020932567,4.038,4.1,1.0602458525705627,0.0022473638749947364,7,0.0,BMGM,4.0-5.0,sportsbook,0.24764735017335313,1.0277533138529342,0.004247363874994747,0.00882979914042613,1.3957495198906458,0.0647806262825893,0.3552467048975367,0.14285714285714285,1.535413571074784,away:4.0-5.0,away:sportsbook,sportsbook:4.0-5.0,3.4114370190033023,3.4114370190033023,0.11,0.2560956835537476,lower_clv,True,0.264474593767361,3.7810815237686954,6.7948409632603735,True,away,True,0.33
2026-05,data\historical_csv\football-data\2526\T1.csv:293,data\historical_csv\football-data\2526\T1.csv,293,2026-05-09,T1,Eyupspor,Rizespor,home,0.43939627734318765,0.4319417343962611,2.3034,2.33,-0.5065408991652198,0.00545454294692655,7,0.0,BMGM,2.0-3.0,sportsbook,0.4341408352869671,1.0121053852322983,0.007454542946926546,0.012413721344904144,0.8343862922526699,0.19306908854305146,0.36662623068200817,0.14285714285714285,1.1548146218633315,home:2.0-3.0,home:sportsbook,sportsbook:2.0-3.0,1.407392808087297,1.407392808087297,0.11,0.44025090217976603,lower_clv,True,0.324847185029128,3.0783705264687247,-25.174699400390654,False,home,True,0.14
2026-05,data\historical_csv\football-data\2526\G1.csv:225,data\historical_csv\football-data\2526\G1.csv,225,2026-05-13,G1,Volos NFC,Aris,home,0.2624762514124746,0.2533154704705338,4.2634,4.33,7.99851768040738,0.007160780941940779,6,0.0,B365,4.0-5.0,sportsbook,0.23455458085096403,1.1190412502719442,0.009160780941940783,0.027281633684594946,1.450066964016957,0.06889378255554458,0.38060814101223855,0.16666666666666666,1.5621335084674337,home:4.0-5.0,home:sportsbook,sportsbook:4.0-5.0,6.262491208777542,6.262491208777542,0.19,0.24924354085654063,lower_clv,True,0.29107930137240884,3.435489900123792,24.09874934711278,True,away,False,-0.19
2026-05,data\historical_csv\football-data\2526\T1.csv:306,data\historical_csv\football-data\2526\T1.csv,306,2026-05-17,T1,Kasimpasa,Galatasaray,home,0.2600911851607705,0.24933276441988905,4.038,4.1,0.6805702727512131,0.008758420740881463,7,0.0,BMGM,4.0-5.0,sportsbook,0.24764735017335313,1.0502482056791913,0.010758420740881458,0.033674423589048624,1.3957495198906458,0.06764742459833421,0.3630221468159345,0.14285714285714285,1.535413571074784,home:4.0-5.0,home:sportsbook,sportsbook:4.0-5.0,3.4260196304940056,3.4260196304940056,0.11,0.2561317970046904,lower_clv,True,0.30888142880588076,3.237488261647672,24.726320951814664,True,home,True,0.33
2026-05,data\historical_csv\football-data\2526\T1.csv:307,data\historical_csv\football-data\2526\T1.csv,307,2026-05-17,T1,Trabzonspor,Genclerbirligi,away,0.4353363593042617,0.42395570262182664,2.4210000000000003,2.45,2.6396756047442294,0.009380656682435035,7,0.0,BV,2.0-3.0,sportsbook,0.41305245766212306,1.0539493258756176,0.011380656682435042,0.021548066183644413,0.8841806779559216,0.18951774573228922,0.3849159973085048,0.14285714285714285,1.1978521272201448,away:2.0-3.0,away:sportsbook,sportsbook:2.0-3.0,2.153389224281515,2.153389224281515,0.15,0.4219470847760492,lower_clv,True,0.3864233771816443,2.587835154522586,-6.446900384323895,False,away,True,0.21
