test_month,candidate_id,source_file,source_row,date,league,home_team,away_team,outcome,probability,conservative_probability,odds,raw_odds,conservative_ev_pct,reference_dispersion,reference_bookmakers,execution_cost_rate,execution_bookmaker,odds_band,source_type,implied_probability,price_ratio,probability_uncertainty,relative_dispersion,log_odds,probability_squared,odds_probability_interaction,reference_depth_inverse,raw_net_odds_gap_pct,outcome_odds_band,outcome_source_type,source_odds_band,direct_predicted_clv_pct,direct_lower_clv_pct,direct_staking_probability,staking_probability_profile,decision_frozen_before_closing_and_result,movement_predicted_clv_pct,movement_lower_clv_pct,movement_staking_probability,predicted_closing_edge_pct,model_disagreement_pct,lower_closing_edge_pct,staking_probability,stake_multiplier,stake,stake_policy,actual_outcome,closing_edge_pct,positive_clv,closing_probability,closing_fair_odds,won,profit
2021-12,data\historical_csv\football-data\2122\D2.csv:139,data\historical_csv\football-data\2122\D2.csv,139,2021-12-04,D2,Hansa Rostock,Ingolstadt,home,0.6345145420320519,0.6093168669209921,1.8134,1.83,10.493520647452703,0.0231976751110598,5,0.0,B365,1.5-2.0,sportsbook,0.5514503143266791,1.150628670520923,0.0251976751110598,0.03655972176267,0.5952035362298188,0.4026087040501446,0.3776652992067213,0.2,0.9154075217822744,home:1.5-2.0,home:sportsbook,sportsbook:1.5-2.0,7.801394727482835,5.864688108773716,0.5837911553367912,lower_clv,True,11.68294099407201,10.754597453274116,0.6107565757873282,9.742167860777423,3.881546266589176,5.864688108773716,0.5837911553367912,1.0,4.51,model_agreement_0.625_kelly,draw,9.98131770374988,True,0.6064923221779523,1.6488254895114527,False,-4.51
2021-12,data\historical_csv\football-data\2122\B1.csv:153,data\historical_csv\football-data\2122\B1.csv,153,2021-12-05,B1,Standard,Charleroi,draw,0.2705801500737049,0.2539979153803977,4.038,4.1,2.564358230604613,0.0145822346933071,5,0.0,BW,4.0-5.0,sportsbook,0.2476473501733531,1.0926026459976204,0.0165822346933071,0.0538924776608151,1.3957495198906458,0.0732136176139086,0.3776621145573124,0.2,1.535413571074784,draw:4.0-5.0,draw:sportsbook,sportsbook:4.0-5.0,6.943728357759463,5.007021739050344,0.260047106832715,lower_clv,True,6.58834047893635,4.521145586611519,0.2588438474160761,6.766034418347907,0.3553878788231133,4.521145586611519,0.2588438474160761,1.0,0.93,model_agreement_0.625_kelly,away,12.32058169908623,True,0.2781589442770832,3.595066851432493,False,-0.93
2021-12,data\historical_csv\football-data\2122\D2.csv:147,data\historical_csv\football-data\2122\D2.csv,147,2021-12-10,D2,Schalke 04,Nurnberg,away,0.3021902208825318,0.2878940552661994,3.842,3.9,10.60889603327382,0.0122961656163324,5,0.0,BW,3.0-4.0,sportsbook,0.2602811035918792,1.1610148286306874,0.0142961656163324,0.0406901506621295,1.345993064346365,0.0913189295970333,0.4067459414211839,0.2,1.5096304008328951,away:3.0-4.0,away:sportsbook,sportsbook:3.0-4.0,8.578955557571254,6.642248938862135,0.2775696224332695,lower_clv,True,8.325945330819495,6.359089764620385,0.2768326126096314,8.452450444195375,0.25301022675175844,6.359089764620385,0.2768326126096314,1.0,1.4,model_agreement_0.625_kelly,home,4.67176791284869,True,0.2724408326726931,3.670521742977445,False,-1.4
2021-12,data\historical_csv\football-data\2122\I2.csv:162,data\historical_csv\football-data\2122\I2.csv,162,2021-12-10,I2,Cremonese,Crotone,home,0.5471061763299465,0.5330356378786342,1.9604,1.98,4.49630644972745,0.0120705384513122,5,0.0,BW,1.5-2.0,sportsbook,0.5100999795960008,1.0725469480772272,0.0140705384513123,0.0220625154193705,0.6731485340532554,0.2993251681783745,0.3682837205679853,0.2,0.9997959600081652,home:1.5-2.0,home:sportsbook,sportsbook:1.5-2.0,6.1996159099991655,4.262909291290047,0.5318450790210674,lower_clv,True,7.081712515540239,6.078114480148056,0.5411044403190577,6.640664212769702,0.8820966055410739,4.262909291290047,0.5318450790210674,1.0,2.77,model_agreement_0.625_kelly,home,7.271962503132157,True,0.5471942588407068,1.8275045540839805,True,2.66
2021-12,data\historical_csv\football-data\2122\B1.csv:158,data\historical_csv\football-data\2122\B1.csv,158,2021-12-11,B1,St Truiden,Cercle Brugge,away,0.3742291928140182,0.3680812060592269,2.862,2.9,5.3448411741507496,0.0041479867547913,5,0.0,WH,2.0-3.0,sportsbook,0.3494060097833683,1.0710439498337203,0.0061479867547913,0.0110840811845825,1.0515206811342592,0.1400474887542316,0.3935097357281205,0.2,1.327742837176782,away:2.0-3.0,away:sportsbook,sportsbook:2.0-3.0,6.231884553833973,4.295177935124855,0.3644136196195837,lower_clv,True,6.297591220499532,4.832432284929022,0.366290818605622,6.264737887166753,0.0657066666655588,4.295177935124855,0.3644136196195837,1.0,1.44,model_agreement_0.625_kelly,away,7.2490295702065,True,0.3747345547526432,2.668555614413742,True,2.68
2021-12,data\historical_csv\football-data\2122\SC0.csv:102,data\historical_csv\football-data\2122\SC0.csv,102,2021-12-11,SC0,St Johnstone,Aberdeen,home,0.300276244410064,0.2940077717883871,3.352,3.4,-1.4485948965326512,0.0042684726216769,5,0.0,WH,3.0-4.0,sportsbook,0.2983293556085919,1.0065259712625347,0.0062684726216769,0.014215152550822,1.2095571826198366,0.0901658229570125,0.3632012881963025,0.2,1.4319809069212486,home:3.0-4.0,home:sportsbook,sportsbook:3.0-4.0,4.187342936096799,2.25063631738768,0.3050436644313475,lower_clv,True,4.262060029295789,2.5460527784109788,0.30592497845588,4.224701482696294,0.07471709319898956,2.25063631738768,0.3050436644313475,1.0,0.6,model_agreement_0.625_kelly,away,-13.874146427884249,False,0.2569387039740923,3.891978843719987,False,-0.6
2021-12,data\historical_csv\football-data\2122\N1.csv:140,data\historical_csv\football-data\2122\N1.csv,140,2021-12-11,N1,Zwolle,For Sittard,home,0.5228425503533685,0.5068772830637751,1.98,2.0,0.3617020466274656,0.0139652672895933,5,0.0,BW,1.5-2.0,sportsbook,0.5050505050505051,1.0352282496996696,0.0159652672895933,0.0267102730643379,0.6830968447064438,0.2733643324600146,0.3571520964246559,0.2,1.0101010101010166,home:1.5-2.0,home:sportsbook,sportsbook:1.5-2.0,3.5659335269338244,1.6292269082247053,0.5132789237789127,lower_clv,True,3.742450550975218,2.7288185829704714,0.5188324170857095,3.6541920389545215,0.1765170240413938,1.6292269082247053,0.5132789237789127,1.0,1.04,model_agreement_0.625_kelly,away,-9.884464934947534,False,0.4551289649750124,2.1971794303509165,False,-1.04
2021-12,data\historical_csv\football-data\2122\B1.csv:162,data\historical_csv\football-data\2122\B1.csv,162,2021-12-12,B1,Gent,Genk,home,0.5207001905742764,0.5087468653108813,2.029,2.05,3.224738971577823,0.009953325263395,5,0.0,WH,2.0-3.0,sportsbook,0.4928536224741252,1.0565006866752067,0.011953325263395,0.0191152710207722,0.7075430608436777,0.2711286884640878,0.3684178066208098,0.2,1.0349926071956617,home:2.0-3.0,home:sportsbook,sportsbook:2.0-3.0,7.242971303105008,5.30626468439589,0.5190057401892356,lower_clv,True,6.7166340638313615,5.677917264295185,0.5208374433922878,6.9798026834681846,0.5263372392736461,5.30626468439589,0.5190057401892356,1.0,3.22,model_agreement_0.625_kelly,home,20.93255773125138,True,0.5960204915290852,1.6777946634594878,True,3.31
2021-12,data\historical_csv\football-data\2122\T1.csv:191,data\historical_csv\football-data\2122\T1.csv,191,2021-12-27,T1,Konyaspor,Besiktas,draw,0.2834178223434885,0.2749427582864788,3.8126,3.87,4.824676024302943,0.0064750640570096,4,0.0,PS,3.0-4.0,sportsbook,0.2622882022766616,1.0805587894667843,0.0084750640570096,0.0228463545569204,1.3383113710977392,0.0803256620219252,0.3793012944140496,0.25,1.5055342810680328,draw:3.0-4.0,draw:sportsbook,sportsbook:3.0-4.0,5.071350634698003,3.134644015988884,0.2705100037139717,lower_clv,True,5.005572615472054,3.05376794819181,0.2702978753296747,5.038461625085029,0.06577801922594961,3.05376794819181,0.2702978753296747,0.5,0.34,model_agreement_0.625_kelly,home,7.653369343054206,True,0.2823620871401516,3.5415519488763585,False,-0.34
2022-01,data\historical_csv\football-data\2122\SP2.csv:239,data\historical_csv\football-data\2122\SP2.csv,239,2022-01-02,SP2,Mirandes,Zaragoza,away,0.4296060844392185,0.4144572229411089,2.568,2.6,6.432614851276775,0.0131488614981095,5,0.0,B365,2.0-3.0,sportsbook,0.3894080996884735,1.1032284248399131,0.0151488614981095,0.0306067860171796,0.9431273858277148,0.1845613877871969,0.4051732633528406,0.2,1.2461059190031154,away:2.0-3.0,away:sportsbook,sportsbook:2.0-3.0,3.4808384130097143,1.588630451981034,0.3955943553426052,lower_clv,True,4.322818813111606,3.009130454127429,0.4011258974070382,3.90182861306066,0.841980400101892,1.588630451981034,0.3955943553426052,1.0,0.63,model_agreement_0.625_kelly,home,1.890369612557774,True,0.3967693520738231,2.520355956863169,False,-0.63
2022-01,data\historical_csv\football-data\2122\P1.csv:154,data\historical_csv\football-data\2122\P1.csv,154,2022-01-13,P1,Famalicao,Belenenses,home,0.5626507100116103,0.545669470012285,1.882,1.9,2.6949942563120333,0.0149812399993252,5,0.0,B365,1.5-2.0,sportsbook,0.5313496280552604,1.0589086362418505,0.0169812399993252,0.0266261816305467,0.6323350411631878,0.3165758214765691,0.3557837598756884,0.2,0.9564293304994642,home:1.5-2.0,home:sportsbook,sportsbook:1.5-2.0,3.0276634629514025,1.1354555019227224,0.5373828666414598,lower_clv,True,3.9490778322480713,2.9863202420579382,0.5472174295539742,3.488370647599737,0.9214143692966688,1.1354555019227224,0.5373828666414598,1.0,0.8,model_agreement_0.625_kelly,home,18.53231315825139,True,0.6298210050916653,1.5877526978549377,True,0.71
2022-01,data\historical_csv\football-data\2122\N1.csv:164,data\historical_csv\football-data\2122\N1.csv,164,2022-01-14,N1,Zwolle,Willem II,home,0.3123726560091148,0.3085295519898937,3.45,3.5,6.442695436513324,0.001843104019221,5,0.0,BW,3.0-4.0,sportsbook,0.2898550724637681,1.077685663231446,0.0038431040192211,0.0059003372534864,1.2383742310432684,0.0975766762221887,0.3868342476842309,0.2,1.4492753623188248,home:3.0-4.0,home:sportsbook,sportsbook:3.0-4.0,5.846194217301145,3.9539862562724646,0.3013159021920941,lower_clv,True,6.347051558780259,4.582166497060847,0.3031367144842343,6.096622888040702,0.5008573414791142,3.9539862562724646,0.3013159021920941,1.0,1.01,model_agreement_0.625_kelly,home,35.082187773320705,True,0.391542573256002,2.554000684227436,True,2.47
2022-02,data\historical_csv\football-data\2122\T1.csv:234,data\historical_csv\football-data\2122\T1.csv,234,2022-02-05,T1,Trabzonspor,Kasimpasa,draw,0.2656433253386424,0.259801151610176,3.9498,4.01,2.6162588629873307,0.0038421737284663,5,0.0,PS,3.0-4.0,sportsbook,0.2531773760696744,1.04923800642257,0.0058421737284664,0.0144636561960229,1.3736649447197489,0.0705663762969718,0.3649049238164765,0.2,1.5241278039394457,draw:3.0-4.0,draw:sportsbook,sportsbook:3.0-4.0,3.111708554002907,3.111708554002907,0.2610555181376346,lower_clv,True,3.388875668569536,3.388875668569536,0.2617572425656224,3.250292111286221,0.277167114566629,3.111708554002907,0.2610555181376346,1.0,0.66,model_agreement_0.625_kelly,home,0.5284899030463697,True,0.2545153929390004,3.9290354443892896,False,-0.66
2022-02,data\historical_csv\football-data\2122\SP2.csv:284,data\historical_csv\football-data\2122\SP2.csv,284,2022-02-06,SP2,Fuenlabrada,Valladolid,home,0.2701310785941815,0.2593515113072516,3.94,4.0,2.184495455057145,0.0087795672869298,5,0.0,WH,3.0-4.0,sportsbook,0.2538071065989847,1.064316449661075,0.0107795672869298,0.032501137346434,1.3711807233098423,0.0729707996224558,0.3703985277352377,0.2,1.522842639593902,home:3.0-4.0,home:sportsbook,sportsbook:3.0-4.0,5.149138238476132,5.149138238476132,0.266875985376843,lower_clv,True,5.864780970414563,5.864780970414563,0.2686923374883618,5.506959604445347,0.7156427319384306,5.149138238476132,0.266875985376843,1.0,1.09,model_agreement_0.625_kelly,draw,-2.235111797802969,False,0.2481342340157285,4.030076720234471,False,-1.09
2022-02,data\historical_csv\football-data\2122\B1.csv:235,data\historical_csv\football-data\2122\B1.csv,235,2022-02-12,B1,Eupen,Gent,away,0.5487808885282728,0.5413274488873124,1.98,2.0,7.182834879687872,0.0054534396409603,5,0.0,WH,1.5-2.0,sportsbook,0.5050505050505051,1.08658615928598,0.0074534396409603,0.0099373716449663,0.6830968447064438,0.3011604636138805,0.3748704933888618,0.2,1.0101010101010166,away:1.5-2.0,away:sportsbook,sportsbook:1.5-2.0,7.320006654306632,7.320006654306632,0.5420202356278113,lower_clv,True,8.329439506014857,8.329439506014857,0.5471183813435094,7.824723080160744,1.0094328517082252,7.320006654306632,0.5420202356278113,1.0,4.67,model_agreement_0.625_kelly,away,22.04882216367352,True,0.6164081927458258,1.6223016043077598,True,4.58
2022-02,data\historical_csv\football-data\2122\I2.csv:216,data\historical_csv\football-data\2122\I2.csv,216,2022-02-12,I2,Vicenza,Cosenza,draw,0.2881650845183673,0.2825315302114359,3.646,3.7,3.0109959150895538,0.0036335543069313,5,0.0,PS,3.0-4.0,sportsbook,0.274273176083379,1.0506498981539674,0.0056335543069314,0.0126092802429705,1.293630676256471,0.0830391159354778,0.3727791931589987,0.2,1.4810751508502529,draw:3.0-4.0,draw:sportsbook,sportsbook:3.0-4.0,3.234162572348249,3.234162572348249,0.2831436164902585,lower_clv,True,3.57723329546753,3.57723329546753,0.28408456745877,3.4056979339078897,0.3430707231192809,3.234162572348249,0.2831436164902585,1.0,0.76,model_agreement_0.625_kelly,draw,0.0159227478156775,True,0.2743168479095328,3.645419549038383,True,2.01
2022-02,data\historical_csv\football-data\2122\B1.csv:236,data\historical_csv\football-data\2122\B1.csv,236,2022-02-12,B1,Mechelen,Oostende,home,0.5235819655100769,0.5080483258930739,1.931,1.95,-1.8958682700474292,0.0135336396170029,5,0.0,WH,1.5-2.0,sportsbook,0.5178663904712584,1.0110367753999585,0.0155336396170029,0.0258481775700933,0.6580380034463774,0.2741380746073953,0.344536831224781,0.2,0.9839461418953864,home:1.5-2.0,home:sportsbook,sportsbook:1.5-2.0,1.5042477625731587,1.5042477625731587,0.5256563840630407,lower_clv,True,1.4131602360530682,1.4131602360530682,0.5251846723772815,1.4587039993131135,0.09108752652009056,1.4131602360530682,0.5251846723772815,1.0,0.95,model_agreement_0.625_kelly,home,0.5142363785761939,True,0.5205294478434811,1.921120897468786,True,0.88
2022-02,data\historical_csv\football-data\2122\SP2.csv:297,data\historical_csv\football-data\2122\SP2.csv,297,2022-02-13,SP2,Las Palmas,Burgos,home,0.557522243825372,0.5379732735591451,3.205,3.25,72.42043417570602,0.0175489702662268,5,0.0,WH,3.0-4.0,sportsbook,0.31201248049922,1.7868587914603171,0.0195489702662268,0.0314767176746467,1.1647120903726331,0.3108310523600775,0.64935289803509,0.2,1.4040561622464809,home:3.0-4.0,home:sportsbook,sportsbook:3.0-4.0,62.00494056283728,62.00494056283728,0.5054756335813956,lower_clv,True,67.98482511116848,67.98482511116848,0.5241336196916333,64.99488283700288,5.979884548331199,62.00494056283728,0.5054756335813956,1.0,15.0,model_agreement_0.625_kelly,away,95.67995570333196,True,0.6105458836297409,1.63787853920974,False,-15.0
2022-02,data\historical_csv\football-data\2122\B1.csv:240,data\historical_csv\football-data\2122\B1.csv,240,2022-02-13,B1,St. Gilloise,St Truiden,home,0.6812181510308626,0.6642446755720056,1.6076,1.62,6.783974044955632,0.0149734754588569,5,0.0,WH,1.5-2.0,sportsbook,0.6220452848967404,1.0951262995972149,0.0169734754588569,0.0219804411203637,0.4747423835929091,0.4640581692939071,0.323403128767146,0.2,0.771336153271962,home:1.5-2.0,home:sportsbook,sportsbook:1.5-2.0,9.807071202060085,9.807071202060085,0.6830497088956212,lower_clv,True,10.019840178188776,10.019840178188776,0.6843732282793529,9.91345569012443,0.21276897612869128,9.807071202060085,0.6830497088956212,1.0,10.09,model_agreement_0.625_kelly,away,4.335118732199472,True,0.6490116865650626,1.5408043039911443,False,-10.09
2022-02,data\historical_csv\football-data\2122\B1.csv:239,data\historical_csv\football-data\2122\B1.csv,239,2022-02-13,B1,Genk,Standard,home,0.5631690651038209,0.5510857689691911,1.8624,1.88,2.634213612822145,0.0100832961346298,5,0.0,WH,1.5-2.0,sportsbook,0.5369415807560138,1.048846066849356,0.0120832961346297,0.0179045632287543,0.6218659785549815,0.3171593958899117,0.3502156817626817,0.2,0.9450171821305808,home:1.5-2.0,home:sportsbook,sportsbook:1.5-2.0,5.3296082209419255,5.3296082209419255,0.5655584633856419,lower_clv,True,5.476660765591301,5.476660765591301,0.5663480496434241,5.403134493266613,0.14705254464937578,5.3296082209419255,0.5655584633856419,1.0,3.86,model_agreement_0.625_kelly,home,5.818652169932315,True,0.5681843436959425,1.7599921770022209,True,3.33
2022-02,data\historical_csv\football-data\2122\SP2.csv:299,data\historical_csv\football-data\2122\SP2.csv,299,2022-02-18,SP2,Cartagena,Valladolid,away,0.471618301895688,0.4550706829437315,2.4210000000000003,2.45,10.17261234067741,0.0145476189519564,5,0.0,WH,2.0-3.0,sportsbook,0.413052457662123,1.1417879088894607,0.0165476189519565,0.0308461713497584,0.8841806779559216,0.2224238226829722,0.4169957899065499,0.2,1.1978521272201448,away:2.0-3.0,away:sportsbook,sportsbook:2.0-3.0,9.620667734239362,9.620667734239362,0.4527908621819055,lower_clv,True,11.071094721276232,11.071094721276232,0.4587818864984561,10.345881227757797,1.4504269870368702,9.620667734239362,0.4527908621819055,1.0,4.23,model_agreement_0.625_kelly,away,4.103390313713096,True,0.4300016122003845,2.325572676071715,True,6.01
2022-02,data\historical_csv\football-data\2122\SP2.csv:303,data\historical_csv\football-data\2122\SP2.csv,303,2022-02-19,SP2,Sociedad B,Malaga,home,0.4319217041276469,0.4234469909037365,2.764,2.8,17.040748285792784,0.0064747132239103,5,0.0,WH,2.0-3.0,sportsbook,0.361794500723589,1.193831590208816,0.0084747132239103,0.0149904789734689,1.016678905905423,0.1865563584965305,0.439125685589302,0.2,1.302460202604916,home:2.0-3.0,home:sportsbook,sportsbook:2.0-3.0,15.98543081544257,15.98543081544257,0.4196289103308342,lower_clv,True,17.66325354878211,17.66325354878211,0.4256991807119469,16.82434218211234,1.6778227333395392,15.98543081544257,0.4196289103308342,1.0,5.66,model_agreement_0.625_kelly,home,19.841861166643305,True,0.4335812632657138,2.306372725767822,True,9.98
2022-02,data\historical_csv\football-data\2122\SP2.csv:300,data\historical_csv\football-data\2122\SP2.csv,300,2022-02-19,SP2,Zaragoza,Las Palmas,home,0.3794501867216367,0.3713135615228519,2.8326,2.87,5.178279436963051,0.0061366251987847,5,0.0,WH,2.0-3.0,sportsbook,0.3530325496010731,1.0748305989077085,0.0081366251987847,0.0161724131744506,1.041195017798159,0.1439824442030849,0.3950816439171493,0.2,1.3203417355080127,home:2.0-3.0,home:sportsbook,sportsbook:2.0-3.0,6.295188407643908,6.295188407643908,0.3752566137387697,lower_clv,True,6.9510107357587,6.9510107357587,0.3775718800245664,6.623099571701305,0.6558223281147919,6.295188407643908,0.3752566137387697,1.0,2.15,model_agreement_0.625_kelly,home,11.184385336083324,True,0.3925170703102567,2.5476598997581723,True,3.94
2022-02,data\historical_csv\football-data\2122\I2.csv:232,data\historical_csv\football-data\2122\I2.csv,232,2022-02-19,I2,Ascoli,Alessandria,draw,0.3208522091227121,0.3097738524061922,3.205,3.25,-0.7174803038153765,0.0090783567165198,5,0.0,WH,3.0-4.0,sportsbook,0.31201248049922,1.0283313302382924,0.0110783567165198,0.0282945121099284,1.1647120903726331,0.1029461400989245,0.3737004471879913,0.2,1.4040561622464809,draw:3.0-4.0,draw:sportsbook,sportsbook:3.0-4.0,2.960447301398077,2.960447301398077,0.3212494455581843,lower_clv,True,3.198635709784159,3.198635709784159,0.3219926231194513,3.079541505591118,0.2381884083860819,2.960447301398077,0.3212494455581843,1.0,0.84,model_agreement_0.625_kelly,home,1.8498468996508863,True,0.3177842336962586,3.146789217226585,False,-0.84
2022-02,data\historical_csv\football-data\2122\SP2.csv:310,data\historical_csv\football-data\2122\SP2.csv,310,2022-02-25,SP2,Almeria,Fuenlabrada,draw,0.2486031076262283,0.2422766545324116,4.136,4.2,0.2056243146054681,0.0043264530938166,4,0.0,B365,4.0-5.0,sportsbook,0.241779497098646,1.0282224531420805,0.0063264530938166,0.0174030531441363,1.419729137206128,0.061803505121418,0.3529490754969473,0.25,1.547388781431347,draw:4.0-5.0,draw:sportsbook,sportsbook:4.0-5.0,5.114223757166076,5.114223757166076,0.2541446415792217,lower_clv,True,4.212858278193421,4.212858278193421,0.2519653246571408,4.663541017679748,0.9013654789726546,4.212858278193421,0.2519653246571408,0.5,0.42,model_agreement_0.625_kelly,home,-1.363345117101178,False,0.2384832081307998,4.193167342211928,False,-0.42
2022-02,data\historical_csv\football-data\2122\E0.csv:250,data\historical_csv\football-data\2122\E0.csv,250,2022-02-25,E0,Southampton,Norwich,home,0.6211318326460751,0.6161250322819855,1.6174,1.63,-0.3479372787116741,0.0030068003640896,5,0.0,IW,1.5-2.0,sportsbook,0.6182762458266353,1.0046186261217618,0.0050068003640896,0.004840840874763,0.4808199216795847,0.3858047535262718,0.2986525591255827,0.2,0.7790280697415497,home:1.5-2.0,home:sportsbook,sportsbook:1.5-2.0,1.7412458823328127,1.7412458823328127,0.6290419554985336,lower_clv,True,1.5515950715383031,1.5515950715383031,0.6278693895853735,1.646420476935558,0.18965081079450963,1.5515950715383031,0.6278693895853735,1.0,1.57,model_agreement_0.625_kelly,home,3.2086268157363262,True,0.6381144232455567,1.5671170617235586,True,0.97
2022-02,data\historical_csv\football-data\2122\I2.csv:256,data\historical_csv\football-data\2122\I2.csv,256,2022-02-26,I2,Vicenza,Pordenone,home,0.4843215734089643,0.4764615677530101,2.274,2.3,8.347360507034484,0.0058600056559543,5,0.0,WH,2.0-3.0,sportsbook,0.4397537379067722,1.101347257931985,0.0078600056559542,0.0120994107586573,0.8215403953283443,0.2345673864693348,0.3978897368844463,0.2,1.1433597185575906,home:2.0-3.0,home:sportsbook,sportsbook:2.0-3.0,9.260216570761177,9.260216570761177,0.4804758864149567,lower_clv,True,9.9557595707358,9.9557595707358,0.4835345627560941,9.607988070748489,0.6955429999746237,9.260216570761177,0.4804758864149567,1.0,4.54,model_agreement_0.625_kelly,home,2.665668745951111,True,0.4514761158573048,2.2149565943286,True,5.78
2022-02,data\historical_csv\football-data\2122\I2.csv:254,data\historical_csv\football-data\2122\I2.csv,254,2022-02-26,I2,Parma,Spal,home,0.4780212498990455,0.4681725610155291,2.176,2.2,1.874349276979137,0.0078486888835163,5,0.0,WH,2.0-3.0,sportsbook,0.4595588235294117,1.040174239780323,0.0098486888835163,0.0164191212946578,0.7774883289936962,0.2285043153550457,0.371655942807487,0.2,1.1029411764705843,home:2.0-3.0,home:sportsbook,sportsbook:2.0-3.0,4.150228735778225,4.150228735778225,0.4786315658813336,lower_clv,True,4.169259189348695,4.169259189348695,0.4787190220098745,4.159743962563461,0.019030453570469952,4.150228735778225,0.4786315658813336,1.0,2.21,model_agreement_0.625_kelly,home,16.752477619601013,True,0.5365463125900781,1.863772010980161,True,2.6
2022-02,data\historical_csv\football-data\2122\I2.csv:252,data\historical_csv\football-data\2122\I2.csv,252,2022-02-26,I2,Como,Brescia,away,0.3988314743557221,0.3856239834137213,2.6660000000000004,2.7,2.807353978098104,0.0112074909420007,5,0.0,WH,2.0-3.0,sportsbook,0.3750937734433608,1.0632847106323553,0.0132074909420007,0.0281008186731137,0.980579221756517,0.159066544936759,0.3910858567357382,0.2,1.275318829707417,away:2.0-3.0,away:sportsbook,sportsbook:2.0-3.0,3.347553973054852,3.347553973054852,0.3876502399589454,lower_clv,True,3.93123675915803,3.93123675915803,0.3898395977462791,3.6393953661064407,0.5836827861031781,3.347553973054852,0.3876502399589454,1.0,1.26,model_agreement_0.625_kelly,draw,13.947943582231748,True,0.4274116413437049,2.3396648646634444,False,-1.26
2022-02,data\historical_csv\football-data\2122\I2.csv:261,data\historical_csv\football-data\2122\I2.csv,261,2022-02-27,I2,Reggina,Pisa,home,0.2809288248409143,0.2739190998745605,3.6656,3.72,0.4077852500188994,0.0050097249663538,4,0.0,PS,3.0-4.0,sportsbook,0.2728066346573549,1.0297727003368558,0.0070097249663538,0.0178327196192513,1.298992032717094,0.0789210046264971,0.3649243052289238,0.25,1.484068092536006,home:3.0-4.0,home:sportsbook,sportsbook:3.0-4.0,4.604828697534042,4.604828697534042,0.2853689128588336,lower_clv,True,3.2828623166078152,3.2828623166078152,0.2817625008637271,3.9438455070709284,1.3219663809262263,3.2828623166078152,0.2817625008637271,0.5,0.38,model_agreement_0.625_kelly,home,-9.612442733397495,False,0.2465832531280077,4.055425448868072,True,1.01
2022-03,data\historical_csv\football-data\2122\G1.csv:176,data\historical_csv\football-data\2122\G1.csv,176,2022-03-03,G1,Atromitos,Volos NFC,home,0.5304011189346198,0.5153269120728419,2.176,2.2,12.13513606705039,0.0130742068617779,5,0.0,WH,2.0-3.0,sportsbook,0.4595588235294117,1.154152834801733,0.0150742068617779,0.0246496592768114,0.7774883289936962,0.2813253469670967,0.4123806796568643,0.2,1.1029411764705843,home:2.0-3.0,home:sportsbook,sportsbook:2.0-3.0,14.723185942567245,12.623372081785922,0.5175706437582073,lower_clv,True,15.05746628957858,13.848208823016051,0.5231994890763605,14.890326116072913,0.3342803470113349,12.623372081785922,0.5175706437582073,1.0,6.71,model_agreement_0.625_kelly,home,-1.7962079269033482,False,0.4513041915123926,2.215800382107775,True,7.89
2022-03,data\historical_csv\football-data\2122\I2.csv:273,data\historical_csv\football-data\2122\I2.csv,273,2022-03-05,I2,Como,Spal,away,0.2828980623420387,0.2785765588920084,4.2634,4.33,18.768330118018884,0.0023215034500303,5,0.0,WH,4.0-5.0,sportsbook,0.234554580850964,1.206107598989048,0.0043215034500302,0.0082061482882251,1.450066964016957,0.08003131367688,0.4102211343865999,0.2,1.5621335084674337,away:4.0-5.0,away:sportsbook,sportsbook:4.0-5.0,17.896364729529825,15.796550868748502,0.2716061145300664,lower_clv,True,19.589132047828816,17.2198543442706,0.2749445380313144,18.74274838867932,1.6927673182989906,15.796550868748502,0.2716061145300664,1.0,3.03,model_agreement_0.625_kelly,away,43.24430863501716,True,0.3359860877117258,2.976313712304643,True,9.89
2022-03,data\historical_csv\football-data\2122\I2.csv:274,data\historical_csv\football-data\2122\I2.csv,274,2022-03-05,I2,Parma,Reggina,home,0.5693915641277388,0.5562253432573707,1.882,1.9,4.681609601037162,0.0111662208703681,5,0.0,WH,1.5-2.0,sportsbook,0.5313496280552604,1.0715949236884044,0.0131662208703681,0.0196107943528701,0.6323350411631878,0.3242067532998329,0.3600462381406856,0.2,0.9564293304994642,home:1.5-2.0,home:sportsbook,sportsbook:1.5-2.0,8.036093721564882,5.936279860783559,0.5628920290158531,lower_clv,True,7.888487283121592,6.84261294853028,0.5677078265065372,7.962290502343237,0.14760643844328936,5.936279860783559,0.5628920290158531,1.0,4.21,model_agreement_0.625_kelly,draw,17.666299931581374,True,0.6252194470328447,1.599438412777757,False,-4.21
2022-03,data\historical_csv\football-data\2122\F2.csv:272,data\historical_csv\football-data\2122\F2.csv,272,2022-03-12,F2,Ajaccio,Bastia,draw,0.3304886393849185,0.3214939662279518,3.205,3.25,3.0388161760585675,0.0069946731569666,5,0.0,B365,3.0-4.0,sportsbook,0.31201248049922,1.059216089228664,0.0089946731569666,0.0211646402429585,1.1647120903726331,0.1092227407624947,0.3849241140224158,0.2,1.4040561622464809,draw:3.0-4.0,draw:sportsbook,sportsbook:3.0-4.0,4.592587105800379,2.4927732450190563,0.3197902441342248,lower_clv,True,5.003427835294527,3.222329406832713,0.3220665504113345,4.798007470547454,0.41084072949414807,2.4927732450190563,0.3197902441342248,1.0,0.71,model_agreement_0.625_kelly,away,2.7473045595865164,True,0.320584413602454,3.119303239863889,False,-0.71
2022-03,data\historical_csv\football-data\2122\SP2.csv:333,data\historical_csv\football-data\2122\SP2.csv,333,2022-03-12,SP2,Ibiza,Leganes,home,0.439010889282371,0.4235636528070371,2.372,2.4,0.4692984458291915,0.0134472364753338,5,0.0,WH,2.0-3.0,sportsbook,0.4215851602023609,1.0413338293777838,0.0154472364753338,0.0306307583789444,0.863733481135479,0.1927305609084982,0.3791884036562446,0.2,1.180438448566612,home:2.0-3.0,home:sportsbook,sportsbook:2.0-3.0,3.673782794496187,1.5739689337148643,0.4282207796530981,lower_clv,True,3.5388329442344046,2.220653389691063,0.4309471053528291,3.606307869365296,0.13494985026178252,1.5739689337148643,0.4282207796530981,1.0,0.72,model_agreement_0.625_kelly,draw,-2.1893330698674607,False,0.4123552568723969,2.425093371149745,False,-0.72
2022-03,data\historical_csv\football-data\2122\SP2.csv:342,data\historical_csv\football-data\2122\SP2.csv,342,2022-03-13,SP2,Oviedo,Valladolid,away,0.3898485744784831,0.3784821604571512,2.8424,2.88,7.579769288340654,0.0093664140213319,5,0.0,WH,2.0-3.0,sportsbook,0.3518153672952435,1.1081055880976405,0.0113664140213319,0.0240257747097364,1.04464876572468,0.1519819110229054,0.4072548321484734,0.2,1.3228257810301347,away:2.0-3.0,away:sportsbook,sportsbook:2.0-3.0,8.29806620164534,6.198252340864018,0.3736217715341403,lower_clv,True,8.752950764842682,7.173358199145374,0.3770523437909702,8.52550848324401,0.45488456319734105,6.198252340864018,0.3736217715341403,1.0,2.1,model_agreement_0.625_kelly,home,12.73410782980051,True,0.3966159155284285,2.521330992649795,False,-2.1
2022-03,data\historical_csv\football-data\2122\SP2.csv:340,data\historical_csv\football-data\2122\SP2.csv,340,2022-03-13,SP2,Sp Gijon,Tenerife,home,0.3700701946201881,0.3583544469822608,2.8424,2.88,1.858668010237796,0.0097157476379272,5,0.0,WH,2.0-3.0,sportsbook,0.3518153672952435,1.0518875211884224,0.0117157476379272,0.0262537966557905,1.04464876572468,0.1369519489462239,0.3865933720414716,0.2,1.3228257810301347,home:2.0-3.0,home:sportsbook,sportsbook:2.0-3.0,4.610906047035243,2.5110921862539204,0.3606497754934348,lower_clv,True,4.7329457877342,3.153353222036892,0.362909348515469,4.671925917384721,0.1220397406989564,2.5110921862539204,0.3606497754934348,1.0,0.85,model_agreement_0.625_kelly,away,6.998798969320008,True,0.3764382175954124,2.656478416000732,False,-0.85
2022-03,data\historical_csv\football-data\2122\I2.csv:295,data\historical_csv\football-data\2122\I2.csv,295,2022-03-15,I2,Crotone,Frosinone,home,0.2980209107857554,0.2764918053676389,3.744,3.8,3.5185319296439976,0.0195291054181164,5,0.0,WH,3.0-4.0,sportsbook,0.2670940170940171,1.115790289981868,0.0215291054181164,0.0655293125795316,1.3201545586153456,0.0888164632655711,0.3934336639365122,0.2,1.4957264957264904,home:3.0-4.0,home:sportsbook,sportsbook:3.0-4.0,8.774927265973353,6.675113405192031,0.2849228456335257,lower_clv,True,9.299755394203736,7.219121223794667,0.2863758579695371,9.037341330088545,0.5248281282303822,6.675113405192031,0.2849228456335257,1.0,1.52,model_agreement_0.625_kelly,home,17.183185744017226,True,0.3129892781624392,3.194997623787634,True,4.17
2022-03,data\historical_csv\football-data\2122\I2.csv:292,data\historical_csv\football-data\2122\I2.csv,292,2022-03-15,I2,Cittadella,Reggina,home,0.5396805484843955,0.5319979241675219,1.931,1.95,2.728799156748485,0.0056826243168735,5,0.0,WH,1.5-2.0,sportsbook,0.5178663904712584,1.0421231391233678,0.0076826243168736,0.0105296074369037,0.6580380034463774,0.291255094412418,0.3551303106235175,0.2,0.9839461418953864,home:1.5-2.0,home:sportsbook,sportsbook:1.5-2.0,5.850423799770598,3.750609938989276,0.5372895387829585,lower_clv,True,5.511113407942148,4.438008551355632,0.5408493451649696,5.680768603856373,0.3393103918284499,3.750609938989276,0.5372895387829585,1.0,2.52,model_agreement_0.625_kelly,draw,7.569675200405102,True,0.5570671942019942,1.7951155810431676,False,-2.52
2022-03,data\historical_csv\football-data\2122\E1.csv:451,data\historical_csv\football-data\2122\E1.csv,451,2022-03-19,E1,Huddersfield,Bournemouth,away,0.3956834532374101,0.3888004673499053,3.205,3.25,24.610549785644675,0.0048829858875047,5,0.0,IW,3.0-4.0,sportsbook,0.31201248049922,1.268165467625899,0.0068829858875047,0.0123406370611483,1.1647120903726331,0.1565653951658817,0.460857301946006,0.2,1.4040561622464809,away:3.0-4.0,away:sportsbook,sportsbook:3.0-4.0,21.34666282408345,19.246848963302128,0.3720650513675573,lower_clv,True,23.33733228641201,21.556233857950204,0.3792706204616231,22.34199755524773,1.9906694623285617,19.246848963302128,0.3720650513675573,1.0,5.46,model_agreement_0.625_kelly,away,32.10621623248646,True,0.4121878821606441,2.426078114567824,True,12.04
2022-03,data\historical_csv\football-data\2122\E1.csv:448,data\historical_csv\football-data\2122\E1.csv,448,2022-03-19,E1,Derby,Coventry,away,0.3849319591256835,0.37964665134076,3.107,3.15,17.956214571574126,0.0032853077849235,5,0.0,IW,3.0-4.0,sportsbook,0.321853878339234,1.1959835970034989,0.0052853077849235,0.0085347753207753,1.1336576304109105,0.1481726131563369,0.4363810526518518,0.2,1.3839716768587085,away:3.0-4.0,away:sportsbook,sportsbook:3.0-4.0,15.078889893036468,12.979076032255144,0.3636275379216451,lower_clv,True,16.74880717900633,15.022169794534925,0.3702033144336496,15.9138485360214,1.6699172859698628,12.979076032255144,0.3636275379216451,1.0,3.85,model_agreement_0.625_kelly,draw,20.50681647427961,True,0.3878558624856119,2.5782773878713683,False,-3.85
2022-03,data\historical_csv\football-data\2122\E1.csv:450,data\historical_csv\football-data\2122\E1.csv,450,2022-03-19,E1,Bristol City,West Brom,away,0.4640458126677398,0.4505516085471336,2.4210000000000003,2.45,9.07854442926106,0.0114942041206062,5,0.0,IW,2.0-3.0,sportsbook,0.413052457662123,1.1234549124685984,0.0134942041206062,0.0247695460379818,0.8841806779559216,0.2153385162544631,0.4103003412471688,0.2,1.1978521272201448,away:2.0-3.0,away:sportsbook,sportsbook:2.0-3.0,8.391303848574264,6.291489987792941,0.4390396116802681,lower_clv,True,9.577339569371636,8.231929492833089,0.4470546447452833,8.98432170897295,1.1860357207973724,6.291489987792941,0.4390396116802681,1.0,2.77,model_agreement_0.625_kelly,draw,20.831584366779232,True,0.4990978288590632,2.003615207635742,False,-2.77
2022-03,data\historical_csv\football-data\2122\I1.csv:293,data\historical_csv\football-data\2122\I1.csv,293,2022-03-20,I1,Empoli,Verona,home,0.3590874588218956,0.3513918061975577,3.058,3.1,7.455614335213134,0.0056956526243379,5,0.0,BW,3.0-4.0,sportsbook,0.3270111183780249,1.0980894490773567,0.0076956526243379,0.0158614635081503,1.1177611075068703,0.1289438030831665,0.4013739956645898,0.2,1.373446697187708,home:3.0-4.0,home:sportsbook,sportsbook:3.0-4.0,9.334964920704628,7.2351510599233055,0.3506708667754195,lower_clv,True,9.61835377835978,7.918946915883596,0.3529069552514179,9.476659349532204,0.28338885765515087,7.2351510599233055,0.3506708667754195,1.0,2.2,model_agreement_0.625_kelly,draw,10.6028866762631,True,0.3616837366784274,2.7648464627788853,False,-2.2
2022-03,data\historical_csv\football-data\2122\SP2.csv:356,data\historical_csv\football-data\2122\SP2.csv,356,2022-03-26,SP2,Eibar,Lugo,home,0.5854352586387034,0.5744339290115107,1.784,1.8,2.479012935653513,0.0090013296271926,5,0.0,WH,1.5-2.0,sportsbook,0.5605381165919282,1.0444165014114468,0.0110013296271926,0.0153754484281031,0.5788580341578177,0.3427344420573655,0.3388839029422734,0.2,0.8968609865470878,home:1.5-2.0,home:sportsbook,sportsbook:1.5-2.0,6.049120884658845,3.9493070238775214,0.5826754878020041,lower_clv,True,5.548868632239734,4.557455341638828,0.5860843909284688,5.79899475844929,0.5002522524191111,3.9493070238775214,0.5826754878020041,1.0,3.15,model_agreement_0.625_kelly,home,3.270400975102916,True,0.5788699606227742,1.727503702082166,True,2.47
2022-03,data\historical_csv\football-data\2122\SP2.csv:355,data\historical_csv\football-data\2122\SP2.csv,355,2022-03-26,SP2,Ibiza,Sociedad B,home,0.5433938829374321,0.5374648394779583,1.8918,1.91,1.6775983324401444,0.0039290434594737,5,0.0,WH,1.5-2.0,sportsbook,0.528597103287874,1.027992547741034,0.0059290434594737,0.0072305625492773,0.637528756796933,0.2952769120138196,0.3464292266401592,0.2,0.9620467279839228,home:1.5-2.0,home:sportsbook,sportsbook:1.5-2.0,4.851818197642368,2.752004336861045,0.5431441184948782,lower_clv,True,4.340574258620777,3.2892538196304333,0.5459840036982262,4.596196228131573,0.5112439390215906,2.752004336861045,0.5431441184948782,1.0,1.93,model_agreement_0.625_kelly,draw,-3.1481687807559,False,0.5119559743061851,1.9532929591362296,False,-1.93
2022-03,data\historical_csv\football-data\2122\SP2.csv:363,data\historical_csv\football-data\2122\SP2.csv,363,2022-03-27,SP2,Almeria,Girona,away,0.2628433765751904,0.2551031311881025,4.675,4.75,19.26071383043793,0.0057402453870878,5,0.0,WH,4.0-5.0,sportsbook,0.213903743315508,1.228792785489015,0.0077402453870878,0.0218390338074422,1.5422291627406504,0.0690866406094473,0.4053647205874814,0.2,1.6042780748663166,away:4.0-5.0,away:sportsbook,sportsbook:4.0-5.0,19.315391738238507,17.215577877457186,0.2507285088287854,lower_clv,True,21.014582340141864,18.41656825182394,0.2532974721964148,20.164987039190187,1.6991906019033571,17.215577877457186,0.2507285088287854,1.0,2.93,model_agreement_0.625_kelly,away,36.08031776088247,True,0.2910808936061657,3.435471107743012,True,10.77
2022-03,data\historical_csv\football-data\2122\SP2.csv:362,data\historical_csv\football-data\2122\SP2.csv,362,2022-03-27,SP2,Malaga,Huesca,away,0.3248471922735175,0.3202506123306678,3.548,3.6,13.624917254920945,0.0025965799428497,5,0.0,WH,3.0-4.0,sportsbook,0.2818489289740699,1.1525578381864403,0.0045965799428497,0.007993234987432,1.266384064447333,0.1055256983279876,0.4113813076756414,0.2,1.4656144306651742,away:3.0-4.0,away:sportsbook,sportsbook:3.0-4.0,12.492394967650128,10.392581106868803,0.3111403075165411,lower_clv,True,13.53699992720847,11.565287844780237,0.3144455688973512,13.014697447429299,1.0446049595583418,10.392581106868803,0.3111403075165411,1.0,2.55,model_agreement_0.625_kelly,away,7.96445855417689,True,0.3042966701076011,3.286266654335698,True,6.5
2022-03,data\historical_csv\football-data\2122\SP2.csv:359,data\historical_csv\football-data\2122\SP2.csv,359,2022-03-27,SP2,Mirandes,Ponferradina,home,0.43005259638776,0.4143289447340609,2.519,2.55,4.369461178509937,0.0137236516536991,5,0.0,WH,2.0-3.0,sportsbook,0.3969829297340214,1.0833024903007675,0.0157236516536991,0.0319115656293472,0.9238619973704733,0.1849452356598536,0.3973092506731539,0.2,1.2306470821754625,home:2.0-3.0,home:sportsbook,sportsbook:2.0-3.0,7.301888583803694,5.202074723022371,0.4176342783764286,lower_clv,True,7.475379200106613,6.075508079577663,0.421101659704556,7.388633891955154,0.17349061630291907,5.202074723022371,0.4176342783764286,1.0,2.14,model_agreement_0.625_kelly,home,14.202491532963668,True,0.4533643967168069,2.2057312114533945,True,3.25
2022-03,data\historical_csv\football-data\2122\SP2.csv:364,data\historical_csv\football-data\2122\SP2.csv,364,2022-03-28,SP2,Las Palmas,Leganes,home,0.4592355315878979,0.445238213120961,2.274,2.3,1.2471696637065488,0.0119973184669368,5,0.0,WH,2.0-3.0,sportsbook,0.4397537379067722,1.04430159883088,0.0139973184669368,0.0261245431629685,0.8215403953283443,0.2108972734728192,0.377280540169544,0.2,1.1433597185575906,home:2.0-3.0,home:sportsbook,sportsbook:2.0-3.0,4.320513883393542,2.2207000226122195,0.4495193492639059,lower_clv,True,4.137604363198344,2.873885852645408,0.4523917583669543,4.229059123295944,0.18290952019519846,2.2207000226122195,0.4495193492639059,1.0,1.09,model_agreement_0.625_kelly,home,4.29248026053024,True,0.4586300803013643,2.1804064821542086,True,1.39
2022-04,data\historical_csv\football-data\2122\SP2.csv:380,data\historical_csv\football-data\2122\SP2.csv,380,2022-04-09,SP2,Las Palmas,Amorebieta,home,0.5975611521825509,0.5765138277172466,1.7644,1.78,1.7200997624309933,0.0190473244653043,5,0.0,WH,1.5-2.0,sportsbook,0.5667649059170257,1.0543368969108928,0.0210473244653043,0.0318751049925774,0.5678106892486476,0.3570793305977378,0.3393016096889902,0.2,0.8841532532305685,home:1.5-2.0,home:sportsbook,sportsbook:1.5-2.0,5.854488352182807,3.681585591089001,0.587630841028616,lower_clv,True,5.577293939142547,3.568500752189752,0.5869899158478222,5.7158911456626775,0.2771944130402604,3.568500752189752,0.5869899158478222,1.0,2.92,model_agreement_0.625_kelly,home,3.473098868361957,True,0.5864492114507026,1.705177499559245,True,2.23
2022-04,data\historical_csv\football-data\2122\I2.csv:337,data\historical_csv\football-data\2122\I2.csv,337,2022-04-10,I2,Cosenza,Monza,away,0.5349767258899889,0.5210737378292015,2.372,2.4,23.598690613086596,0.0119029880607874,5,0.0,WH,2.0-3.0,sportsbook,0.4215851602023609,1.2689647938110535,0.0139029880607873,0.0222495437366655,0.863733481135479,0.2862000972439723,0.462077309779421,0.2,1.180438448566612,away:2.0-3.0,away:sportsbook,sportsbook:2.0-3.0,25.56421304964339,23.391310288549583,0.520199453155774,lower_clv,True,25.752894397887616,23.052340419508567,0.5187704064903397,25.6585537237655,0.1886813482442271,23.052340419508567,0.5187704064903397,1.0,10.5,model_agreement_0.625_kelly,away,32.36581526930393,True,0.5580346343562561,1.792003467945303,True,14.41
2022-04,data\historical_csv\football-data\2122\I2.csv:339,data\historical_csv\football-data\2122\I2.csv,339,2022-04-10,I2,Perugia,Pisa,home,0.3579563597658329,0.3489457540778616,3.058,3.1,6.707611597010077,0.0070106056879712,5,0.0,WH,3.0-4.0,sportsbook,0.3270111183780249,1.094630548163917,0.0090106056879712,0.0195850848761493,1.1177611075068703,0.1281327554968064,0.4001096971309851,0.2,1.373446697187708,home:3.0-4.0,home:sportsbook,sportsbook:3.0-4.0,9.860365959304644,7.687463198210837,0.3521499777573932,lower_clv,True,9.915828617140466,6.434254390376926,0.3480518456192836,9.888097288222555,0.055462657835821716,6.434254390376926,0.3480518456192836,1.0,1.95,model_agreement_0.625_kelly,draw,16.38110930800387,True,0.3805791671288551,2.627574198409614,False,-1.95
2022-04,data\historical_csv\football-data\2122\I2.csv:338,data\historical_csv\football-data\2122\I2.csv,338,2022-04-10,I2,Crotone,Ternana,home,0.3838945520637903,0.3748577965368875,2.8424,2.88,6.549580087644902,0.0070367555269027,5,0.0,WH,2.0-3.0,sportsbook,0.3518153672952435,1.0911818747861175,0.0090367555269028,0.0183299176533599,1.04464876572468,0.1473750271042582,0.4010349699818675,0.2,1.3228257810301347,home:2.0-3.0,home:sportsbook,sportsbook:2.0-3.0,9.590716489148752,7.417813728054945,0.377912375907877,lower_clv,True,9.515056841947334,6.278946121818918,0.3739056646559912,9.552886665548044,0.07565964720141771,6.278946121818918,0.3739056646559912,1.0,2.13,model_agreement_0.625_kelly,away,22.94607911982307,True,0.4325431998305062,2.311907805721727,False,-2.13
2022-04,data\historical_csv\football-data\2122\I2.csv:336,data\historical_csv\football-data\2122\I2.csv,336,2022-04-10,I2,Ascoli,Reggina,home,0.4596956825843141,0.4471964030731303,2.274,2.3,1.6924620588298245,0.0104992795111837,5,0.0,WH,2.0-3.0,sportsbook,0.4397537379067722,1.0453479821967302,0.0124992795111837,0.0228396304532577,0.8215403953283443,0.2113201205866584,0.3776585728010505,0.2,1.1433597185575906,home:2.0-3.0,home:sportsbook,sportsbook:2.0-3.0,5.212071233866389,3.0391684727725825,0.4531185948670738,lower_clv,True,4.709039323287945,2.1200596661066884,0.4490767795343302,4.960555278577167,0.5030319105784447,2.1200596661066884,0.4490767795343302,1.0,1.04,model_agreement_0.625_kelly,home,24.440500826705257,True,0.5472317538553442,1.8273793378304963,True,1.32
2022-04,data\historical_csv\football-data\2122\F2.csv:326,data\historical_csv\football-data\2122\F2.csv,326,2022-04-16,F2,Dijon,Ajaccio,away,0.3730242360379346,0.3668072954618717,3.156,3.2,15.764382447766724,0.0042169405760629,5,0.0,VC,3.0-4.0,sportsbook,0.3168567807351077,1.1772644889357218,0.0062169405760629,0.0113047361770726,1.1493054029836278,0.1391470806716848,0.4287187699222384,0.2,1.3941698352344822,away:3.0-4.0,away:sportsbook,sportsbook:3.0-4.0,13.810869972803966,11.637967211710158,0.3537324689851399,lower_clv,True,14.52900986387997,10.935861315918638,0.3515077988463835,14.169939918341967,0.7181398910760048,10.935861315918638,0.3515077988463835,1.0,3.17,model_agreement_0.625_kelly,away,26.303556182849206,True,0.4002013820749341,2.498741995380613,True,6.83
2022-04,data\historical_csv\football-data\2122\SP2.csv:409,data\historical_csv\football-data\2122\SP2.csv,409,2022-04-29,SP2,Las Palmas,Malaga,home,0.5890645570319245,0.5829845136878523,1.833,1.85,6.861061358983345,0.0040800433440721,5,0.0,WH,1.5-2.0,sportsbook,0.5455537370430987,1.0797553330395178,0.0060800433440721,0.0069263093414242,0.605953968857568,0.3469970523512174,0.3569460062468199,0.2,0.9274413529732684,home:1.5-2.0,home:sportsbook,sportsbook:1.5-2.0,10.77003081566692,8.597128054573112,0.5924556904232029,lower_clv,True,9.808050167193638,7.721154955402398,0.5876767864451848,10.28904049143028,0.9619806484732827,7.721154955402398,0.5876767864451848,1.0,5.79,model_agreement_0.625_kelly,home,0.7328970236230692,True,0.549552084144152,1.819663738619708,True,4.82
2022-04,data\historical_csv\football-data\2122\SP2.csv:410,data\historical_csv\football-data\2122\SP2.csv,410,2022-04-30,SP2,Oviedo,Mirandes,home,0.5605589059670222,0.5449196905116134,2.029,2.05,10.564205204806342,0.0136392154554087,5,0.0,WH,2.0-3.0,sportsbook,0.4928536224741252,1.137374020207088,0.0156392154554088,0.024331457961371,0.7075430608436777,0.3142262870589448,0.3966195641110902,0.2,1.0349926071956617,home:2.0-3.0,home:sportsbook,sportsbook:2.0-3.0,14.39835625836098,12.225453497267171,0.5531072128992961,lower_clv,True,13.850137138411611,11.540093284224806,0.5497293902623204,14.124246698386296,0.5482191199493691,11.540093284224806,0.5497293902623204,1.0,7.01,model_agreement_0.625_kelly,home,-7.305703356834536,False,0.4568471988327524,2.188915686809521,True,7.21
2022-04,data\historical_csv\football-data\2122\SP2.csv:412,data\historical_csv\football-data\2122\SP2.csv,412,2022-04-30,SP2,Burgos,Almeria,away,0.4712492436083678,0.4639550268583929,2.274,2.3,5.5033731075985415,0.0052942167499749,5,0.0,WH,2.0-3.0,sportsbook,0.4397537379067722,1.0716207799654285,0.0072942167499749,0.0112344302336423,0.8215403953283443,0.2220758496014588,0.3871502898922017,0.2,1.1433597185575906,away:2.0-3.0,away:sportsbook,sportsbook:2.0-3.0,7.203425294017988,5.030522532924181,0.4618756487815487,lower_clv,True,6.881160573091161,4.292180915909882,0.458628763922207,7.042292933554574,0.32226472092682723,4.292180915909882,0.458628763922207,1.0,2.11,model_agreement_0.625_kelly,away,11.378316675729996,True,0.4897903107991644,2.0416900415370693,True,2.69
2022-05,data\historical_csv\football-data\2122\SP2.csv:413,data\historical_csv\football-data\2122\SP2.csv,413,2022-05-01,SP2,Amorebieta,Fuenlabrada,home,0.4976514291514918,0.4874889311195417,2.176,2.2,6.077591411612282,0.00816249803195,5,0.0,WH,2.0-3.0,sportsbook,0.4595588235294117,1.0828895098336462,0.01016249803195,0.016402038764095,0.7774883289936962,0.2476569449365222,0.3869181780723181,0.2,1.1029411764705843,home:2.0-3.0,home:sportsbook,sportsbook:2.0-3.0,9.891595357453468,5.421000355137569,0.4844715089850072,lower_clv,True,8.783801114027634,6.262451091642407,0.4883384700902684,9.33769823574055,1.1077942434258343,5.421000355137569,0.4844715089850072,1.0,2.88,model_agreement_0.625_kelly,home,26.47855171342661,True,0.581243344271262,1.7204498079092108,True,3.39
2022-05,data\historical_csv\football-data\2122\SP2.csv:422,data\historical_csv\football-data\2122\SP2.csv,422,2022-05-07,SP2,Huesca,Sp Gijon,away,0.2965403624382208,0.2894111037891269,3.744,3.8,8.355517258649115,0.0051292586490938,5,0.0,WH,3.0-4.0,sportsbook,0.2670940170940171,1.1102471169686985,0.0071292586490938,0.0172969999999997,1.3201545586153456,0.0879361865549913,0.391479111286264,0.2,1.4957264957264904,away:3.0-4.0,away:sportsbook,sportsbook:3.0-4.0,10.459687297004107,5.989092294688212,0.2830905242913681,lower_clv,True,10.093831375091922,5.755626189517371,0.2824669502925143,10.276759336048015,0.3658559219121855,5.755626189517371,0.2824669502925143,1.0,1.31,model_agreement_0.625_kelly,draw,5.727236984403494,True,0.2823911244241546,3.5411877835720813,False,-1.31
2022-05,data\historical_csv\football-data\2122\SP2.csv:452,data\historical_csv\football-data\2122\SP2.csv,452,2022-05-21,SP2,Ponferradina,Leganes,home,0.6233498811187735,0.6195013967297761,1.7644,1.78,9.3048264390017,0.0018484843889974,5,0.0,WH,1.5-2.0,sportsbook,0.5667649059170257,1.099838530245964,0.0038484843889974,0.0029654042536749,0.5678106892486476,0.3885650742907891,0.3539447256411133,0.2,0.8841532532305685,home:1.5-2.0,home:sportsbook,sportsbook:1.5-2.0,13.728819614343992,9.258224612028094,0.6192372739289735,lower_clv,True,11.915563690225706,9.871138148177682,0.6227110527554846,12.82219165228485,1.8132559241182857,9.258224612028094,0.6192372739289735,1.0,7.57,model_agreement_0.625_kelly,away,-2.965467235921804,False,0.5499576783273532,1.8183217353040877,False,-7.57
2022-05,data\historical_csv\football-data\2122\SP2.csv:443,data\historical_csv\football-data\2122\SP2.csv,443,2022-05-21,SP2,Cartagena,Amorebieta,away,0.4102114589026323,0.3979339424616097,2.715,2.75,8.039065378327015,0.0102775164410225,5,0.0,WH,2.0-3.0,sportsbook,0.3683241252302026,1.1137241109206466,0.0122775164410225,0.0250541914858162,0.9987919533858988,0.1682734410150259,0.4097159043386393,0.2,1.2891344383057168,away:2.0-3.0,away:sportsbook,sportsbook:2.0-3.0,10.794574006907004,6.323979004591107,0.3916168655786045,lower_clv,True,10.20660057134788,7.060706586616328,0.3943304110004285,10.500587289127441,0.5879734355591246,6.323979004591107,0.3916168655786045,1.0,2.3,model_agreement_0.625_kelly,home,-6.614842623350126,False,0.3439600640023936,2.9073142630681708,False,-2.3
2022-05,data\historical_csv\football-data\2122\SP2.csv:448,data\historical_csv\football-data\2122\SP2.csv,448,2022-05-21,SP2,Eibar,Tenerife,home,0.5038581329409396,0.4934907487140482,2.127,2.15,4.965482251478059,0.0083673842268913,5,0.0,WH,2.0-3.0,sportsbook,0.4701457451810061,1.0717062487653786,0.0103673842268913,0.0166066273021183,0.7547125362181001,0.2538730181307296,0.3802680494059732,0.2,1.0813352139163124,home:2.0-3.0,home:sportsbook,sportsbook:2.0-3.0,8.799201964687699,4.3286069623718015,0.490496506640206,lower_clv,True,7.663838021493885,5.19926472295833,0.4945898670566918,8.231519993090792,1.1353639431938136,4.3286069623718015,0.490496506640206,1.0,2.4,model_agreement_0.625_kelly,home,0.3090589544183952,True,0.4715987727053051,2.120446570001752,True,2.7
2022-10,data\historical_csv\football-data\2223\I2.csv:72,data\historical_csv\football-data\2223\I2.csv,72,2022-10-07,I2,Genoa,Cagliari,home,0.5392195506503745,0.5291989829196576,1.8918,1.91,0.1138635887408145,0.0080205677307168,5,0.0,WH,1.5-2.0,sportsbook,0.528597103287874,1.0200955459203784,0.0100205677307169,0.0148744008280912,0.637528756796933,0.2907577238035918,0.3437679697667341,0.2,0.9620467279839228,home:1.5-2.0,home:sportsbook,sportsbook:1.5-2.0,2.521279017784068,2.521279017784068,0.5419245111416856,lower_clv,True,2.1113559543420424,2.1113559543420424,0.5397576697026221,2.3163174860630553,0.40992306344202545,2.1113559543420424,0.5397576697026221,1.0,1.48,model_agreement_0.625_kelly,draw,4.215892161043455,True,0.5508821871288903,1.8152701673144305,False,-1.48
2022-10,data\historical_csv\football-data\2223\SP2.csv:93,data\historical_csv\football-data\2223\SP2.csv,93,2022-10-08,SP2,Las Palmas,Ibiza,draw,0.257105935562417,0.252704318969331,3.94,4.0,-0.4344983260835877,0.002401616593086,4,0.0,B365,3.0-4.0,sportsbook,0.2538071065989847,1.012997386115923,0.004401616593086,0.0093409612960996,1.3711807233098423,0.0661034621014257,0.3525387026917287,0.25,1.522842639593902,draw:3.0-4.0,draw:sportsbook,sportsbook:3.0-4.0,3.164422212863621,3.164422212863621,0.2618386350580295,lower_clv,True,3.235692484072694,3.235692484072694,0.2620195240712505,3.2000573484681576,0.07127027120907314,3.164422212863621,0.2618386350580295,0.5,0.34,model_agreement_0.625_kelly,draw,-3.606123324477484,False,0.2446545093287373,4.087396560740763,True,1.0
2022-10,data\historical_csv\football-data\2223\I2.csv:82,data\historical_csv\football-data\2223\I2.csv,82,2022-10-14,I2,Venezia,Frosinone,home,0.343865160521059,0.3411624678312342,2.96,3.0,0.9840904780453296,0.0007026926898248,5,0.0,WH,2.0-3.0,sportsbook,0.3378378378378378,1.017840875142335,0.0027026926898248,0.0020435123138384,1.085189268335969,0.1182432486201737,0.3731587819520786,0.2,1.3513513513513598,home:2.0-3.0,home:sportsbook,sportsbook:2.0-3.0,2.390906399864931,2.390906399864931,0.345915224323868,lower_clv,True,2.5832867033148688,2.5832867033148688,0.3465651577814692,2.4870965515899,0.19238030344993762,2.390906399864931,0.345915224323868,1.0,0.76,model_agreement_0.625_kelly,away,10.83706197221086,True,0.3744495336899016,2.6705868482350543,False,-0.76
2022-10,data\historical_csv\football-data\2223\B1.csv:113,data\historical_csv\football-data\2223\B1.csv,113,2022-10-18,B1,Seraing,Cercle Brugge,away,0.4912235605170387,0.4863664058601483,2.47,2.5,20.132502247456618,0.0028571546568904,5,0.0,IW,2.0-3.0,sportsbook,0.4048582995951417,1.2133221944770856,0.0048571546568904,0.0058164039483023,0.9042181506398858,0.2413005864070368,0.4441732594414568,0.2,1.2145748987854257,away:2.0-3.0,away:sportsbook,sportsbook:2.0-3.0,22.02632075675835,22.02632075675835,0.4940336872743253,lower_clv,True,20.73903450525505,20.73903450525505,0.488822002045567,21.3826776310067,1.2872862515033,20.73903450525505,0.488822002045567,1.0,8.82,model_agreement_0.625_kelly,away,18.18359930360509,True,0.4784761105409113,2.089968502020952,True,12.97
2022-10,data\historical_csv\football-data\2223\B1.csv:116,data\historical_csv\football-data\2223\B1.csv,116,2022-10-19,B1,Mechelen,Standard,draw,0.2744976098153741,0.2654818008780744,3.8224,3.88,1.477763567635182,0.0070158089372996,5,0.0,PS,3.0-4.0,sportsbook,0.2616157388028464,1.049239663758286,0.0090158089372996,0.0255587250541761,1.340878497589408,0.0753489377943533,0.3680679426411224,0.2,1.506906655504392,draw:3.0-4.0,draw:sportsbook,sportsbook:3.0-4.0,3.8162004163947016,3.8162004163947016,0.2715995197163947,lower_clv,True,3.915162094186497,3.915162094186497,0.2718584190408813,3.8656812552905992,0.09896167779179521,3.8162004163947016,0.2715995197163947,1.0,0.85,model_agreement_0.625_kelly,home,3.2245141291396218,True,0.2700515752645971,3.702996359196193,False,-0.85
2022-10,data\historical_csv\football-data\2223\SP1.csv:95,data\historical_csv\football-data\2223\SP1.csv,95,2022-10-19,SP1,Cadiz,Betis,home,0.261373581783174,0.2588471928183051,3.94,4.0,1.9857939704122085,0.0005263889648688,5,0.0,B365,3.0-4.0,sportsbook,0.2538071065989847,1.0298119122257057,0.0025263889648688,0.0020139333182707,1.3711807233098423,0.0683161492541655,0.3583904169235368,0.2,1.522842639593902,home:3.0-4.0,home:sportsbook,sportsbook:3.0-4.0,2.9613627995443355,2.9613627995443355,0.2613232558364069,lower_clv,True,2.8316470829756524,2.8316470829756524,0.2609940281293798,2.8965049412599937,0.12971571656868308,2.8316470829756524,0.2609940281293798,1.0,0.6,model_agreement_0.625_kelly,draw,7.287956045724475,True,0.2723044569688438,3.6723600161800394,False,-0.6
2022-10,data\historical_csv\football-data\2223\T1.csv:92,data\historical_csv\football-data\2223\T1.csv,92,2022-10-21,T1,Antalyaspor,Istanbulspor,home,0.5424024404823852,0.5382719030360479,2.0780000000000003,2.1,11.852901450890773,0.0021305374463372,5,0.0,VC,2.0-3.0,sportsbook,0.4812319538017324,1.1271122713223964,0.0041305374463372,0.0039279643440439,0.7314058926770358,0.2942004074412473,0.3967163411712217,0.2,1.0587102983637964,home:2.0-3.0,home:sportsbook,sportsbook:2.0-3.0,13.2444854486081,13.2444854486081,0.5449686498970553,lower_clv,True,11.371658616849343,11.371658616849343,0.5359560087432595,12.30807203272872,1.872826831758756,11.371658616849343,0.5359560087432595,1.0,6.59,model_agreement_0.625_kelly,home,13.01538114565053,True,0.5438661267836887,1.838687777659168,True,7.1
2022-10,data\historical_csv\football-data\2223\I2.csv:95,data\historical_csv\football-data\2223\I2.csv,95,2022-10-22,I2,Reggina,Perugia,home,0.4866725528081893,0.4751981248524113,2.0780000000000003,2.1,-1.2538296556689033,0.0094744279557779,5,0.0,WH,2.0-3.0,sportsbook,0.4812319538017324,1.0113055647354177,0.0114744279557779,0.0194677671898873,0.7314058926770358,0.2368501736568398,0.3559551729280856,0.2,1.0587102983637964,home:2.0-3.0,home:sportsbook,sportsbook:2.0-3.0,1.421712503761048,1.421712503761048,0.4880736886610251,lower_clv,True,1.2641126115238157,1.2641126115238157,0.4873152676204225,1.342912557642432,0.15759989223723236,1.2641126115238157,0.4873152676204225,1.0,0.73,model_agreement_0.625_kelly,away,2.3818444830446817,True,0.492694150544007,2.029656733078427,False,-0.73
2022-10,data\historical_csv\football-data\2223\P1.csv:100,data\historical_csv\football-data\2223\P1.csv,100,2022-10-31,P1,Guimaraes,Famalicao,draw,0.2945858409566534,0.288593973582527,3.548,3.6,2.3931418270805915,0.0039918673741263,5,0.0,B365,3.0-4.0,sportsbook,0.2818489289740699,1.0451905637142065,0.0059918673741263,0.0135507781404665,1.266384064447333,0.0867808176921387,0.3730588145993223,0.2,1.4656144306651742,draw:3.0-4.0,draw:sportsbook,sportsbook:3.0-4.0,5.292322268693386,5.292322268693386,0.2967652826062384,lower_clv,True,5.238388194336241,5.238388194336241,0.2966132699953107,5.265355231514814,0.053934074357145256,5.238388194336241,0.2966132699953107,1.0,1.28,model_agreement_0.625_kelly,home,7.381883213932028,True,0.3026546877506539,3.3040955269256003,False,-1.28
2022-11,data\historical_csv\football-data\2223\G1.csv:77,data\historical_csv\football-data\2223\G1.csv,77,2022-11-06,G1,Panathinaikos,Olympiakos,home,0.4259662630646156,0.4170147100713783,2.4210000000000003,2.45,0.9592613082807012,0.0069515529932373,5,0.0,IW,2.0-3.0,sportsbook,0.413052457662123,1.0312643228794347,0.0089515529932373,0.0163194919316482,0.8841806779559216,0.1814472572692333,0.3766311392628223,0.2,1.1978521272201448,home:2.0-3.0,home:sportsbook,sportsbook:2.0-3.0,2.3446736516834656,2.3446736516834656,0.4227371898045579,lower_clv,True,2.781897998312788,1.4402535513354795,0.4190014603524802,2.5632858249981267,0.4372243466293222,1.4402535513354795,0.4190014603524802,1.0,0.63,model_agreement_0.625_kelly,draw,3.266293038382217,True,0.4265439613316076,2.3444242344403303,False,-0.63
2022-11,data\historical_csv\football-data\2223\I2.csv:122,data\historical_csv\football-data\2223\I2.csv,122,2022-11-11,I2,Ascoli,Frosinone,home,0.3092074609008986,0.3011984754290649,3.352,3.4,0.9617289638225834,0.0060089854718336,5,0.0,WH,3.0-4.0,sportsbook,0.2983293556085919,1.036463408939812,0.0080089854718336,0.0194335073750356,1.2095571826198366,0.0956092538767807,0.3740041052523242,0.2,1.4319809069212486,home:3.0-4.0,home:sportsbook,sportsbook:3.0-4.0,6.007801908267904,6.007801908267904,0.3162523923277682,lower_clv,True,6.023206186781982,4.165629901665113,0.3107566524512682,6.015504047524943,0.015404278514077774,4.165629901665113,0.3107566524512682,1.0,1.11,model_agreement_0.625_kelly,away,-3.7276031470902415,False,0.287208821160232,3.481787209600036,False,-1.11
2023-02,data\historical_csv\football-data\2223\I2.csv:238,data\historical_csv\football-data\2223\I2.csv,238,2023-02-11,I2,Venezia,Spal,draw,0.2826637054568087,0.2712245542535578,3.646,3.7,-1.111527519152811,0.0094391512032509,5,0.0,B365,3.0-4.0,sportsbook,0.274273176083379,1.0305918700955246,0.0114391512032508,0.033393573426756,1.293630676256471,0.0798987703825735,0.3656624404432515,0.2,1.4810751508502529,draw:3.0-4.0,draw:sportsbook,sportsbook:3.0-4.0,3.4752731944954505,3.4752731944954505,0.283804918251496,lower_clv,True,3.584515344019024,3.584515344019024,0.2841045401646161,3.5298942692572375,0.10924214952357358,3.4752731944954505,0.283804918251496,1.0,0.82,model_agreement_0.625_kelly,home,6.528928654287469,True,0.2921802760677111,3.422544510733009,False,-0.82
2023-02,data\historical_csv\football-data\2223\I2.csv:242,data\historical_csv\football-data\2223\I2.csv,242,2023-02-17,I2,Pisa,Venezia,away,0.2839855673002867,0.2771865331353201,3.646,3.7,1.0622099811377297,0.0047990341649665,5,0.0,WH,3.0-4.0,sportsbook,0.274273176083379,1.0354113783768455,0.0067990341649665,0.0168988664127852,1.293630676256471,0.0806478024348656,0.3673724414737476,0.2,1.4810751508502529,away:3.0-4.0,away:sportsbook,sportsbook:3.0-4.0,3.1085772794227635,3.1085772794227635,0.2827991697186581,lower_clv,True,4.064918895615599,4.064918895615599,0.2854221582435973,3.5867480875191813,0.9563416161928355,3.1085772794227635,0.2827991697186581,1.0,0.73,model_agreement_0.625_kelly,draw,-0.752318601732227,False,0.272209767960142,3.6736374579564086,False,-0.73
2023-02,data\historical_csv\football-data\2223\B1.csv:234,data\historical_csv\football-data\2223\B1.csv,234,2023-02-19,B1,Kortrijk,Anderlecht,home,0.2605710148794662,0.2555716900790206,3.94,4.0,0.6952458911340997,0.0029993248004456,4,0.0,B365,3.0-4.0,sportsbook,0.2538071065989847,1.0266497986250969,0.0049993248004456,0.0115105849429685,1.3711807233098423,0.067897253795315,0.3572899526560062,0.25,1.522842639593902,home:3.0-4.0,home:sportsbook,sportsbook:3.0-4.0,3.953356194723496,3.953356194723496,0.2638410055703642,lower_clv,True,3.824928763384361,3.824928763384361,0.2635150476228029,3.8891424790539286,0.12842743133913492,3.824928763384361,0.2635150476228029,0.5,0.41,model_agreement_0.625_kelly,draw,-2.250016112245645,False,0.2480964058064831,4.030691201467895,False,-0.41
2023-02,data\historical_csv\football-data\2223\F2.csv:240,data\historical_csv\football-data\2223\F2.csv,240,2023-02-20,F2,Nimes,St Etienne,home,0.2742936179339074,0.267481730242012,3.842,3.9,2.766480758981027,0.0048118876918953,4,0.0,PS,3.0-4.0,sportsbook,0.2602811035918792,1.0538360801020723,0.0068118876918953,0.0175428350398397,1.345993064346365,0.0752369888392723,0.3691973073335111,0.25,1.5096304008328951,home:3.0-4.0,home:sportsbook,sportsbook:3.0-4.0,4.296855675760486,4.296855675760486,0.2714650069644989,lower_clv,True,4.3282140435621175,4.3282140435621175,0.2715466268702814,4.312534859661302,0.031358367801631815,4.296855675760486,0.2714650069644989,0.5,0.47,model_agreement_0.625_kelly,away,0.3250374560667346,True,0.2611271146696167,3.829552519910543,False,-0.47
2023-02,data\historical_csv\football-data\2223\E3.csv:373,data\historical_csv\football-data\2223\E3.csv,373,2023-02-21,E3,Grimsby,Harrogate,home,0.5385975187269482,0.5244919841641833,1.931,1.95,1.2794021421038029,0.0121055345627648,5,0.0,IW,1.5-2.0,sportsbook,0.5178663904712584,1.0400318086617368,0.0141055345627648,0.0224760310656053,0.6580380034463774,0.2900872871788252,0.3544176358842538,0.2,0.9839461418953864,home:1.5-2.0,home:sportsbook,sportsbook:1.5-2.0,1.294799626359758,1.294799626359758,0.5245717225601231,lower_clv,True,1.595741694249031,1.595741694249031,0.5261302003845107,1.4452706603043945,0.3009420678892729,1.294799626359758,0.5245717225601231,1.0,0.87,model_agreement_0.625_kelly,draw,2.436911214306847,True,0.5304863346157785,1.8850626957700645,False,-0.87
2023-02,data\historical_csv\football-data\2223\F2.csv:250,data\historical_csv\football-data\2223\F2.csv,250,2023-02-27,F2,Amiens,Bordeaux,draw,0.3014033106072671,0.2862114530580802,3.45,3.5,-1.257048694962326,0.0131918575491869,4,0.0,B365,3.0-4.0,sportsbook,0.2898550724637681,1.0398414215950715,0.0151918575491868,0.0437681242538708,1.2383742310432684,0.0908439556450207,0.3732500930071697,0.25,1.4492753623188248,draw:3.0-4.0,draw:sportsbook,sportsbook:3.0-4.0,5.369563364723336,5.369563364723336,0.3054190242455749,lower_clv,True,5.263930691412333,5.263930691412333,0.3051128425838038,5.316747028067835,0.10563267331100334,5.263930691412333,0.3051128425838038,0.5,0.67,model_agreement_0.625_kelly,away,-1.1099887166424738,False,0.2866377138648044,3.4887244477244894,False,-0.67
2023-02,data\historical_csv\football-data\2223\I2.csv:264,data\historical_csv\football-data\2223\I2.csv,264,2023-02-28,I2,Parma,Pisa,away,0.2583405049347829,0.2461392104223662,4.038,4.1,-0.6089868314484881,0.0102012945124166,4,0.0,VC,4.0-5.0,sportsbook,0.2476473501733531,1.0431789589266534,0.0122012945124166,0.0394877857616322,1.3957495198906458,0.0667398164899585,0.3605786357310302,0.25,1.535413571074784,away:4.0-5.0,away:sportsbook,sportsbook:4.0-5.0,4.20121421536238,4.20121421536238,0.2580515458528042,lower_clv,True,4.0867233622512655,4.0867233622512655,0.2577680122888837,4.143968788806823,0.11449085311111418,4.0867233622512655,0.2577680122888837,0.5,0.42,model_agreement_0.625_kelly,away,-1.4934877390365808,False,0.2439487673624651,4.099221368535038,True,1.28
2023-03,data\historical_csv\football-data\2223\SP2.csv:362,data\historical_csv\football-data\2223\SP2.csv,362,2023-03-26,SP2,Villarreal B,Huesca,away,0.310317453747539,0.3020586956541224,3.548,3.6,7.170425218082643,0.0062587580934166,5,0.0,WH,3.0-4.0,sportsbook,0.2818489289740699,1.1010063258962686,0.0082587580934166,0.0201688884006778,1.266384064447333,0.096296922100356,0.3929810783457557,0.2,1.4656144306651742,away:3.0-4.0,away:sportsbook,sportsbook:3.0-4.0,6.207353403474278,6.207353403474278,0.2993442880593976,lower_clv,True,7.623089401979488,7.623089401979488,0.3033345248082849,6.915221402726884,1.4157359985052098,6.207353403474278,0.2993442880593976,1.0,1.52,model_agreement_0.625_kelly,draw,-23.44641631172804,False,0.2157654557166628,4.634662192233275,False,-1.52
2023-03,data\historical_csv\football-data\2223\SP2.csv:359,data\historical_csv\football-data\2223\SP2.csv,359,2023-03-26,SP2,Ponferradina,Mirandes,home,0.4543732165755941,0.4424389789951854,2.372,2.4,4.946525817657976,0.0099342375804087,5,0.0,WH,2.0-3.0,sportsbook,0.4215851602023609,1.0777732697173092,0.0119342375804087,0.0218636073122411,0.863733481135479,0.2064550199412518,0.3924573600875629,0.2,1.180438448566612,home:2.0-3.0,home:sportsbook,sportsbook:2.0-3.0,3.8010458558107807,3.8010458558107807,0.437609805462946,lower_clv,True,5.019330506233577,5.019330506233577,0.4427459127581516,4.410188181022178,1.2182846504227962,3.8010458558107807,0.437609805462946,1.0,1.73,model_agreement_0.625_kelly,draw,-2.806437466693812,False,0.4097536363124207,2.440490849573669,False,-1.73
2023-03,data\historical_csv\football-data\2223\B1.csv:272,data\historical_csv\football-data\2223\B1.csv,272,2023-03-31,B1,Waregem,Antwerp,away,0.5538805028105109,0.5375492535187537,1.931,1.95,3.800760854471341,0.0143312492917571,5,0.0,WH,1.5-2.0,sportsbook,0.5178663904712584,1.0695432509270966,0.0163312492917572,0.0258742620818701,0.6580380034463774,0.3067836113936244,0.3644744202173042,0.2,0.9839461418953864,away:1.5-2.0,away:sportsbook,sportsbook:1.5-2.0,3.83316267288166,3.83316267288166,0.5377170516462022,lower_clv,True,4.781968753715904,4.781968753715904,0.5426305994495904,4.307565713298782,0.948806080834244,3.83316267288166,0.5377170516462022,1.0,2.57,model_agreement_0.625_kelly,away,0.5811368119873261,True,0.520875902703197,1.91984308510009,True,2.39
2023-04,data\historical_csv\football-data\2223\G1.csv:194,data\historical_csv\football-data\2223\G1.csv,194,2023-04-01,G1,Ionikos,Asteras Tripolis,home,0.4278544220533012,0.4056121304732898,2.617,2.65,6.148694544859934,0.0202422915800114,5,0.0,IW,2.0-3.0,sportsbook,0.3821169277799006,1.1196950225134894,0.0222422915800114,0.0473111659869432,0.9620286235480088,0.1830594064705644,0.4116082007268662,0.2,1.260985861673669,home:2.0-3.0,home:sportsbook,sportsbook:2.0-3.0,6.205390968078103,6.205390968078103,0.4058287771038521,lower_clv,True,7.647905440191205,7.647905440191205,0.4113408690874712,6.926648204134654,1.4425144721131016,6.205390968078103,0.4058287771038521,1.0,2.4,model_agreement_0.625_kelly,home,19.66431697101456,True,0.4572576116584431,2.186951019520629,True,3.88
2023-04,data\historical_csv\football-data\2223\B1.csv:293,data\historical_csv\football-data\2223\B1.csv,293,2023-04-15,B1,Oostende,Oud-Heverlee Leuven,draw,0.2588141309145537,0.2487115567579561,4.1458,4.21,3.1108372007134344,0.0081025741565976,4,0.0,PS,4.0-5.0,sportsbook,0.2412079695113126,1.0729916239455568,0.0101025741565976,0.0313065369652194,1.4220957735832738,0.0669847543610557,0.368058481717215,0.25,1.5485551642626438,draw:4.0-5.0,draw:sportsbook,sportsbook:4.0-5.0,4.847759776542869,4.847759776542869,0.2529011524350978,lower_clv,True,5.019227170131013,5.019227170131013,0.2533147454535458,4.9334934733369415,0.1714673935881441,4.847759776542869,0.2529011524350978,0.5,0.48,model_agreement_0.625_kelly,away,4.851784691735039,True,0.2529108608513075,3.953962264150944,False,-0.48
2023-04,data\historical_csv\football-data\2223\T1.csv:263,data\historical_csv\football-data\2223\T1.csv,263,2023-04-18,T1,Alanyaspor,Galatasaray,away,0.6334581322664995,0.6222876508227329,1.8036,1.82,12.2358007023881,0.0091704814437666,5,0.0,BW,1.5-2.0,sportsbook,0.5544466622310933,1.1425050873558589,0.0111704814437666,0.0144768548648272,0.5897846675647921,0.4012692053345619,0.3736038939550115,0.2,0.9092925260590023,away:1.5-2.0,away:sportsbook,sportsbook:1.5-2.0,12.146669845582313,12.146669845582313,0.6217934677621552,lower_clv,True,10.567103235451224,10.567103235451224,0.6130356134145666,11.356886540516768,1.5795666101310886,10.567103235451224,0.6130356134145666,1.0,8.22,model_agreement_0.625_kelly,away,19.832952021326776,True,0.6644098027352338,1.5050951925802611,True,6.61
2023-04,data\historical_csv\football-data\2223\N1.csv:263,data\historical_csv\football-data\2223\N1.csv,263,2023-04-21,N1,Volendam,Cambuur,home,0.5574158469416841,0.5513886469346645,1.882,1.9,3.771343353103851,0.0040272000070196,5,0.0,IW,1.5-2.0,sportsbook,0.5313496280552604,1.0490566239442494,0.0060272000070196,0.0072247677010176,0.6323350411631878,0.310712426421715,0.352473572520883,0.2,0.9564293304994642,home:1.5-2.0,home:sportsbook,sportsbook:1.5-2.0,2.2871976526134907,2.2871976526134907,0.5435026442753108,lower_clv,True,2.4971065571937734,2.4971065571937734,0.544617994459053,2.392152104903632,0.20990890458028266,2.2871976526134907,0.5435026442753108,1.0,1.62,model_agreement_0.625_kelly,home,2.344849032548524,True,0.5438089746681644,1.8388810162800389,True,1.43
2023-04,data\historical_csv\football-data\2223\E2.csv:525,data\historical_csv\football-data\2223\E2.csv,525,2023-04-25,E2,Lincoln,Burton,home,0.4610379126664662,0.44217558656864,2.274,2.3,0.550728385708732,0.0168623260978262,5,0.0,BW,2.0-3.0,sportsbook,0.4397537379067722,1.0484002134035444,0.0188623260978262,0.0365747059722291,0.8215403953283443,0.2125559569158521,0.3787612690333634,0.2,1.1433597185575906,home:2.0-3.0,home:sportsbook,sportsbook:2.0-3.0,2.241904076267185,2.241904076267185,0.4496125948824414,lower_clv,True,2.069528046543456,2.069528046543456,0.4488545648484761,2.1557160614053203,0.17237602972372912,2.069528046543456,0.4488545648484761,1.0,1.02,model_agreement_0.625_kelly,away,-0.0275368721855406,False,0.4396326434820337,2.2746263609537145,False,-1.02
2023-04,data\historical_csv\football-data\2223\T1.csv:284,data\historical_csv\football-data\2223\T1.csv,284,2023-04-29,T1,Ankaragucu,Kasimpasa,home,0.4784654253883985,0.4654323897218781,2.274,2.3,5.839325422755093,0.0110330356665203,5,0.0,BW,2.0-3.0,sportsbook,0.4397537379067722,1.088030377333218,0.0130330356665203,0.0230592119745416,0.8215403953283443,0.2289291632921011,0.3930786747245293,0.2,1.1433597185575906,home:2.0-3.0,home:sportsbook,sportsbook:2.0-3.0,5.473254940372685,5.473254940372685,0.4638225810922282,lower_clv,True,5.274959843959914,5.274959843959914,0.4629505709936671,5.3741073921663,0.198295096412771,5.274959843959914,0.4629505709936671,1.0,2.59,model_agreement_0.625_kelly,draw,12.656742611228466,True,0.4954122366368886,2.018520993321665,False,-2.59
2023-04,data\historical_csv\football-data\2223\E1.csv:538,data\historical_csv\football-data\2223\E1.csv,538,2023-04-30,E1,Cardiff,Huddersfield,away,0.3024166189530927,0.2904843645597609,3.45,3.5,0.2171057731175096,0.0099322543933318,5,0.0,BW,3.0-4.0,sportsbook,0.2898550724637681,1.04333733538817,0.0119322543933318,0.032842951646359,1.2383742310432684,0.0914558114190201,0.3745049479507413,0.2,1.4492753623188248,away:3.0-4.0,away:sportsbook,sportsbook:3.0-4.0,2.4802863141413667,2.4802863141413667,0.2970443081569315,lower_clv,True,2.641811653285675,2.641811653285675,0.2975124975457555,2.561048983713521,0.16152533914430833,2.4802863141413667,0.2970443081569315,1.0,0.63,model_agreement_0.625_kelly,away,6.243916710973285,True,0.307953381770937,3.247244742854694,True,1.54
2023-05,data\historical_csv\football-data\2223\G1.csv:229,data\historical_csv\football-data\2223\G1.csv,229,2023-05-06,G1,Giannina,Asteras Tripolis,draw,0.4017102322417646,0.3846307730584543,2.715,2.75,4.427254885370346,0.0150794591833102,5,0.0,VC,2.0-3.0,sportsbook,0.3683241252302026,1.0906432805363908,0.0170794591833102,0.037538150569774,0.9987919533858988,0.1613711106877324,0.4012249475558551,0.2,1.2891344383057168,draw:2.0-3.0,draw:sportsbook,sportsbook:2.0-3.0,8.88053582823554,6.853129995521371,0.3935658563370953,lower_clv,True,7.348667506181039,5.972086968637758,0.3903207623154245,8.11460166720829,1.5318683220545015,5.972086968637758,0.3903207623154245,1.0,2.18,model_agreement_0.625_kelly,home,14.41608166826054,True,0.4214220319272948,2.372918177596665,False,-2.18
2023-05,data\historical_csv\football-data\2223\E3.csv:544,data\historical_csv\football-data\2223\E3.csv,544,2023-05-08,E3,Colchester,Mansfield,home,0.2735544269827748,0.2674604309537525,3.94,4.0,5.379409795778511,0.0040939960290222,5,0.0,B365,3.0-4.0,sportsbook,0.2538071065989847,1.077804442312133,0.0060939960290222,0.0149659286240689,1.3711807233098423,0.0748320245218742,0.3750925570548507,0.2,1.522842639593902,home:3.0-4.0,home:sportsbook,sportsbook:3.0-4.0,5.956042834800358,3.928637002086188,0.2637782665027568,lower_clv,True,6.1018609351048525,4.104171315244631,0.2642237850640727,6.028951884952605,0.1458181003044947,3.928637002086188,0.2637782665027568,1.0,0.84,model_agreement_0.625_kelly,away,-16.459804167551283,False,0.2120309538894637,4.716292511334554,False,-0.84
2023-05,data\historical_csv\football-data\2223\F2.csv:345,data\historical_csv\football-data\2223\F2.csv,345,2023-05-13,F2,Dijon,Amiens,home,0.4976985672323841,0.4902451714302382,2.274,2.3,11.481751983236176,0.0054533958021458,5,0.0,BW,2.0-3.0,sportsbook,0.4397537379067722,1.1317665418864415,0.0074533958021458,0.0109572262433287,0.8215403953283443,0.2477038638251679,0.4088794776784434,0.2,1.1433597185575906,home:2.0-3.0,home:sportsbook,sportsbook:2.0-3.0,9.825192633769255,7.797786801055086,0.4740447968384129,lower_clv,True,9.895215186239836,8.742233918330665,0.478198038339185,9.860203910004547,0.07002255247058109,7.797786801055086,0.4740447968384129,1.0,3.83,model_agreement_0.625_kelly,home,9.815775029653404,True,0.4829189755041926,2.0707407468425685,True,4.88
2023-12,data\historical_csv\football-data\2324\G1.csv:94,data\historical_csv\football-data\2324\G1.csv,94,2023-12-17,G1,Aris,OFI Crete,home,0.582356546595575,0.5714074666166875,2.0780000000000003,2.1,18.73847156294768,0.0089490799788874,5,0.0,VC,2.0-3.0,sportsbook,0.4812319538017324,1.2101369038256051,0.0109490799788875,0.0153670118953814,0.7314058926770358,0.3391391473627241,0.4259390098190523,0.2,1.0587102983637964,home:2.0-3.0,home:sportsbook,sportsbook:2.0-3.0,16.963317843890188,16.963317843890188,0.562864859691483,lower_clv,True,16.750598001411877,16.750598001411877,0.5618411838374007,16.856957922651034,0.212719842478311,16.750598001411877,0.5618411838374007,1.0,9.71,model_agreement_0.625_kelly,home,8.143470870196001,True,0.5204209377776515,1.921521459667419,True,10.47
2023-12,data\historical_csv\football-data\2324\G1.csv:96,data\historical_csv\football-data\2324\G1.csv,96,2023-12-17,G1,Lamia,Volos NFC,home,0.5007764890005578,0.4964795167947295,2.127,2.15,5.601193222238976,0.0022969722058282,5,0.0,VC,2.0-3.0,sportsbook,0.4701457451810061,1.0651515921041863,0.0042969722058282,0.00458682117927,0.7547125362181001,0.2507770919357258,0.3779422940920064,0.2,1.0813352139163124,home:2.0-3.0,home:sportsbook,sportsbook:2.0-3.0,5.721683895815542,5.721683895815542,0.4970459985698897,lower_clv,True,5.048755549448836,5.048755549448836,0.4938822545813298,5.385219722632189,0.6729283463667066,5.048755549448836,0.4938822545813298,1.0,2.8,model_agreement_0.625_kelly,away,-6.708452759711592,False,0.4386062399637443,2.2799493232988683,False,-2.8
2024-10,data\historical_csv\football-data\2425\I2.csv:72,data\historical_csv\football-data\2425\I2.csv,72,2024-10-04,I2,Sampdoria,Juve Stabia,draw,0.2986982896602612,0.2893875192653481,3.45,3.5,-0.1613058534548961,0.007310770394913,6,0.0,WH,3.0-4.0,sportsbook,0.2898550724637681,1.0305090993279011,0.009310770394913,0.0244754344031508,1.2383742310432684,0.0892206682459652,0.3699002647719654,0.1666666666666666,1.4492753623188248,draw:3.0-4.0,draw:sportsbook,sportsbook:3.0-4.0,3.4604017342176734,3.4604017342176734,0.2998852224180222,lower_clv,True,3.8004247793516734,3.8004247793516734,0.3008707964618889,3.6304132567846734,0.34002304513400006,3.4604017342176734,0.2998852224180222,1.0,0.88,model_agreement_0.625_kelly,away,-1.240458015267154,False,0.2862595419847328,3.4933333333333327,False,-0.88
2024-10,data\historical_csv\football-data\2425\D1.csv:50,data\historical_csv\football-data\2425\D1.csv,50,2024-10-05,D1,Union Berlin,Dortmund,draw,0.2755938001933965,0.269953107162787,3.7342,3.79,0.8058892767279113,0.0036406930306095,6,0.0,1XB,3.0-4.0,sportsbook,0.2677949761662471,1.029122368682181,0.0056406930306095,0.0132103589705382,1.3175336055490985,0.0759519427050377,0.3631040932357834,0.1666666666666666,1.4942959670076528,draw:3.0-4.0,draw:sportsbook,sportsbook:3.0-4.0,2.652671363419642,2.652671363419642,0.2748986968116856,lower_clv,True,3.0424876415186874,3.0424876415186874,0.2759426052207131,2.8475795024691646,0.3898162780990453,2.652671363419642,0.2748986968116856,1.0,0.61,model_agreement_0.625_kelly,home,-0.2097265420508032,False,0.2672333390229479,3.742048068014927,False,-0.61
2024-10,data\historical_csv\football-data\2425\I2.csv:82,data\historical_csv\football-data\2425\I2.csv,82,2024-10-18,I2,Bari,Catanzaro,home,0.4974558652452777,0.4852933166979466,2.0780000000000003,2.1,0.8439512098333157,0.010162548547331,6,0.0,WH,2.0-3.0,sportsbook,0.4812319538017324,1.033713287979687,0.012162548547331,0.0204290455844164,0.7314058926770358,0.2474623378669278,0.3638421511871496,0.1666666666666666,1.0587102983637964,home:2.0-3.0,home:sportsbook,sportsbook:2.0-3.0,2.2436121420688084,2.2436121420688084,0.492028932348743,lower_clv,True,2.55951199022626,2.55951199022626,0.4935491433600878,2.4015620661475343,0.31589984815745176,2.2436121420688084,0.492028932348743,1.0,1.3,model_agreement_0.625_kelly,draw,4.389316512240837,True,0.502354747412131,1.990625161106722,False,-1.3
2024-10,data\historical_csv\football-data\2425\I2.csv:87,data\historical_csv\football-data\2425\I2.csv,87,2024-10-19,I2,Brescia,Sassuolo,away,0.3791160252276229,0.3724964592377283,2.764,2.8,2.958021333308114,0.0046195659898945,6,0.0,WH,2.0-3.0,sportsbook,0.361794500723589,1.0478766937291497,0.0066195659898945,0.0121850981823333,1.016678905905423,0.1437289605843916,0.3854392657396325,0.1666666666666666,1.302460202604916,away:2.0-3.0,away:sportsbook,sportsbook:2.0-3.0,4.128526962102444,4.128526962102444,0.3767312842333663,lower_clv,True,4.432539617175446,4.432539617175446,0.3778311853009242,4.280533289638945,0.30401265507300224,4.128526962102444,0.3767312842333663,1.0,1.46,model_agreement_0.625_kelly,away,28.79645257377903,True,0.465978482538998,2.1460218389296752,True,2.58
2024-10,data\historical_csv\football-data\2425\F2.csv:79,data\historical_csv\football-data\2425\F2.csv,79,2024-10-19,F2,Amiens,Ajaccio,away,0.2550045566534233,0.2382745844247946,4.087,4.15,-2.617177345586419,0.0147299722286286,6,0.0,PS,4.0-5.0,sportsbook,0.2446782481037435,1.042203623042541,0.0167299722286286,0.057763564784641,1.4078112045821405,0.065027323914009,0.3589982720761905,0.1666666666666666,1.5414729630536028,away:4.0-5.0,away:sportsbook,sportsbook:4.0-5.0,3.5292931350448296,3.5292931350448296,0.2533136607170169,lower_clv,True,3.6923520052860814,3.6923520052860814,0.253712630304101,3.6108225701654555,0.16305887024125187,3.5292931350448296,0.2533136607170169,1.0,0.71,model_agreement_0.625_kelly,home,-20.298547635826125,False,0.1950121173579003,5.1278864798166754,False,-0.71
2024-10,data\historical_csv\football-data\2425\SP2.csv:116,data\historical_csv\football-data\2425\SP2.csv,116,2024-10-23,SP2,Cartagena,Elche,home,0.270841268750177,0.2645258835968148,3.842,3.9,1.6308444778962317,0.0043153851533622,6,0.0,WH,3.0-4.0,sportsbook,0.2602811035918792,1.0405721545381803,0.0063153851533622,0.0159332629524149,1.345993064346365,0.0733549928582056,0.3645504692765082,0.1666666666666666,1.5096304008328951,home:3.0-4.0,home:sportsbook,sportsbook:3.0-4.0,3.998879304303792,3.998879304303792,0.2706894307764284,lower_clv,True,4.827976554039903,4.827976554039903,0.2728474142478914,4.4134279291718475,0.8290972497361113,3.998879304303792,0.2706894307764284,1.0,0.88,model_agreement_0.625_kelly,draw,-0.2985327222696399,False,0.2595040793277729,3.853503970305321,False,-0.88
2024-10,data\historical_csv\football-data\2425\I2.csv:103,data\historical_csv\football-data\2425\I2.csv,103,2024-10-29,I2,Brescia,Spezia,away,0.4213287548044679,0.4125284021591446,2.6660000000000004,2.7,9.980072015627982,0.0068003526453233,6,0.0,WH,2.0-3.0,sportsbook,0.3750937734433608,1.1232624603087118,0.0088003526453233,0.0161402528732681,0.980579221756517,0.1775179196250834,0.4131462224898076,0.1666666666666666,1.275318829707417,away:2.0-3.0,away:sportsbook,sportsbook:2.0-3.0,9.282403981700709,9.282403981700709,0.4099114928045787,lower_clv,True,10.547961060596167,10.547961060596167,0.4146585186068873,9.915182521148438,1.2655570788954584,9.282403981700709,0.4099114928045787,1.0,3.48,model_agreement_0.625_kelly,draw,7.577621494547726,True,0.403516959844515,2.478210582240024,False,-3.48
2024-10,data\historical_csv\football-data\2425\I2.csv:107,data\historical_csv\football-data\2425\I2.csv,107,2024-10-29,I2,Salernitana,Cesena,draw,0.3080778252179559,0.2982464073090616,3.352,3.4,-0.0278042700025404,0.0078314179088942,6,0.0,WH,3.0-4.0,sportsbook,0.2983293556085919,1.0326768701305882,0.0098314179088942,0.02542025834983,1.2095571826198366,0.0949119463910253,0.3726377462982772,0.1666666666666666,1.4319809069212486,draw:3.0-4.0,draw:sportsbook,sportsbook:3.0-4.0,3.593819713609423,3.593819713609423,0.3090507748019374,lower_clv,True,3.8642956982355647,3.8642956982355647,0.3098576840639486,3.729057705922494,0.27047598462614175,3.593819713609423,0.3090507748019374,1.0,0.95,model_agreement_0.625_kelly,draw,0.2290642470030635,True,0.2990127215006058,3.3443393143323967,True,2.23
2024-12,data\historical_csv\football-data\2425\I2.csv:195,data\historical_csv\football-data\2425\I2.csv,195,2024-12-29,I2,Mantova,Reggiana,away,0.3012672566120731,0.2948478973133608,4.822,5.0,42.1756560845026,0.0044193592987123,6,0.025,BF,4.0-5.0,exchange,0.2073828287017834,1.4527107113834168,0.0064193592987122,0.014669232057976,1.5731887797589794,0.0907619599065647,0.4739502678108827,0.1666666666666666,3.691414350891753,away:4.0-5.0,away:exchange,exchange:4.0-5.0,31.233512043259093,29.15288228411404,0.2678409006306803,lower_clv,True,32.334838740056625,32.334838740056625,0.274439731937073,31.78417539165786,1.101326696797532,29.15288228411404,0.2678409006306803,1.0,4.77,model_agreement_0.625_kelly,away,78.75678247025408,True,0.3707108719831067,2.6975200232206027,True,18.23
2024-12,data\historical_csv\football-data\2425\I2.csv:199,data\historical_csv\football-data\2425\I2.csv,199,2024-12-29,I2,Cittadella,Palermo,home,0.2761100040017488,0.2652692885746266,3.9596,4.02,5.036027504009133,0.0088407154271221,6,0.0,1XB,3.0-4.0,sportsbook,0.2525507627033034,1.0932851718453245,0.0108407154271221,0.032018816047919,1.3761430100635152,0.0762367343098457,0.3799668520156158,0.1666666666666666,1.5254066067279526,home:3.0-4.0,home:sportsbook,sportsbook:3.0-4.0,6.713782493676503,4.633152734531451,0.2642518252715715,lower_clv,True,7.634941292433472,7.634941292433472,0.2718328651692935,7.1743618930549875,0.9211587987569683,4.633152734531451,0.2642518252715715,1.0,0.98,model_agreement_0.625_kelly,home,21.25149707637195,True,0.306221580655551,3.2656091639891174,True,2.9
2025-01,data\historical_csv\football-data\2425\E0.csv:196,data\historical_csv\football-data\2425\E0.csv,196,2025-01-04,E0,Southampton,Brentford,home,0.3468606312152882,0.3366331308206653,2.96,3.0,-0.3565932770830504,0.0082275003946228,6,0.0,B365,2.0-3.0,sportsbook,0.3378378378378378,1.0267074683972532,0.0102275003946228,0.0237199026185138,1.085189268335969,0.1203122974870682,0.376409434603071,0.1666666666666666,1.3513513513513598,home:2.0-3.0,home:sportsbook,sportsbook:2.0-3.0,2.145462054622795,2.145462054622795,0.3450860204548068,lower_clv,True,2.851763135465646,2.851763135465646,0.3474721727549515,2.4986125950442206,0.7063010808428509,2.145462054622795,0.3450860204548068,1.0,0.68,model_agreement_0.625_kelly,away,-14.567625046349375,False,0.2886228883569278,3.464728683483141,False,-0.68
2025-01,data\historical_csv\football-data\2425\F1.csv:143,data\historical_csv\football-data\2425\F1.csv,143,2025-01-05,F1,Lens,Toulouse,draw,0.2777476517032798,0.2704830100179388,3.6754,3.73,-0.5866744980067895,0.005264641685341,6,0.0,1XB,3.0-4.0,sportsbook,0.2720792294716221,1.0208337190702348,0.007264641685341,0.0189547657848979,1.301661970279187,0.0771437580266864,0.3615335555565086,0.1666666666666666,1.4855525929150517,draw:3.0-4.0,draw:sportsbook,sportsbook:3.0-4.0,2.723598528639904,2.723598528639904,0.279489575362246,lower_clv,True,2.873756598081933,2.873756598081933,0.2798981242805733,2.7986775633609184,0.15015806944202925,2.723598528639904,0.279489575362246,1.0,0.64,model_agreement_0.625_kelly,away,1.0373484805239477,True,0.2749016392243673,3.637664740092099,False,-0.64
2025-01,data\historical_csv\football-data\2425\I1.csv:197,data\historical_csv\football-data\2425\I1.csv,197,2025-01-14,I1,Como,Milan,draw,0.2710836071634783,0.266527051298992,3.7734,3.83,0.5713175371616641,0.0025565558644863,6,0.0,1XB,3.0-4.0,sportsbook,0.2650129856362961,1.0229068832706691,0.0045565558644862,0.0094308759250962,1.3279764517953756,0.073486322072763,0.3599926467808474,0.1666666666666666,1.4999734987014346,draw:3.0-4.0,draw:sportsbook,sportsbook:3.0-4.0,2.877803880991825,2.877803880991825,0.2726395396220698,lower_clv,True,3.056429915180225,3.056429915180225,0.2731129218083962,2.967116898086025,0.17862603418840006,2.877803880991825,0.2726395396220698,1.0,0.65,model_agreement_0.625_kelly,away,1.375767331535016,True,0.2686589477170059,3.722191307967744,False,-0.65
2025-01,data\historical_csv\football-data\2425\F1.csv:156,data\historical_csv\football-data\2425\F1.csv,156,2025-01-17,F1,Lille,Nice,draw,0.2796647331503652,0.2763809429466876,3.6754,3.73,1.5810517706255744,0.0012837902036775,6,0.0,1XB,3.0-4.0,sportsbook,0.2720792294716221,1.0278797602208525,0.0032837902036775,0.0045904615473533,1.301661970279187,0.0782123629680649,0.3640289475701074,0.1666666666666666,1.4855525929150517,draw:3.0-4.0,draw:sportsbook,sportsbook:3.0-4.0,3.311829525702356,3.311829525702356,0.2810900297265667,lower_clv,True,3.418738777247632,3.418738777247632,0.2813809075944051,3.365284151474994,0.10690925154527608,3.311829525702356,0.2810900297265667,1.0,0.77,model_agreement_0.625_kelly,home,2.8214174021878646,True,0.2797557201996731,3.574547105904605,False,-0.77
2025-01,data\historical_csv\football-data\2425\T1.csv:175,data\historical_csv\football-data\2425\T1.csv,175,2025-01-18,T1,Gaziantep,Bodrumspor,draw,0.2872557163389527,0.2788937759942606,3.6558,3.71,1.957986627981767,0.0063619403446921,6,0.0,1XB,3.0-4.0,sportsbook,0.2735379397122381,1.0501494477919433,0.0083619403446921,0.0221473063296163,1.2963149475003666,0.0825158465694048,0.3723738788451097,0.1666666666666666,1.482575633240346,draw:3.0-4.0,draw:sportsbook,sportsbook:3.0-4.0,5.172130469370318,5.172130469370318,0.2876856788373826,lower_clv,True,5.49952515869685,5.49952515869685,0.2885812275252936,5.335827814033584,0.3273946893265318,5.172130469370318,0.2876856788373826,1.0,1.22,model_agreement_0.625_kelly,draw,7.350074020959063,True,0.293643180756494,3.4054936928001003,True,3.24
2025-01,data\historical_csv\football-data\2425\SP1.csv:199,data\historical_csv\football-data\2425\SP1.csv,199,2025-01-19,SP1,Osasuna,Vallecano,draw,0.3121141013640858,0.3025852131308122,3.2932,3.34,-0.3526376117609087,0.0075288882332735,6,0.0,1XB,3.0-4.0,sportsbook,0.3036560184622859,1.0278541586122072,0.0095288882332735,0.0241222303009339,1.1918597364421335,0.0974152122703108,0.3719962305916727,0.1666666666666666,1.4211101664034942,draw:3.0-4.0,draw:sportsbook,sportsbook:3.0-4.0,3.40671150234282,3.40671150234282,0.3140007029707968,lower_clv,True,3.359076805244676,3.359076805244676,0.3138560573461821,3.382894153793748,0.04763469709814405,3.359076805244676,0.3138560573461821,1.0,0.92,model_agreement_0.625_kelly,draw,2.3745543432072136,True,0.3108664956370923,3.2168149801753065,True,2.11
2025-01,data\historical_csv\football-data\2425\D1.csv:172,data\historical_csv\football-data\2425\D1.csv,172,2025-01-26,D1,St Pauli,Union Berlin,draw,0.3065382562722035,0.3017385046642298,3.3324,3.38,0.5513392943079509,0.0027997516079736,6,0.0,1XB,3.0-4.0,sportsbook,0.3000840235265875,1.0215080852014908,0.0047997516079736,0.0091334492536796,1.2036927651186171,0.0939657025584031,0.3689778813069279,0.1666666666666666,1.428399951986559,draw:3.0-4.0,draw:sportsbook,sportsbook:3.0-4.0,2.8192604925985103,2.8192604925985103,0.3085441738464725,lower_clv,True,2.6747743519560663,2.6747743519560663,0.3081105940221944,2.7470174222772883,0.14448614064244403,2.6747743519560663,0.3081105940221944,1.0,0.72,model_agreement_0.625_kelly,home,1.831499089420796,True,0.3055800596849742,3.272464836321162,False,-0.72
2025-01,data\historical_csv\football-data\2425\T1.csv:191,data\historical_csv\football-data\2425\T1.csv,191,2025-01-31,T1,Eyupspor,Sivasspor,draw,0.2699452566999116,0.258932370612928,3.842,3.9,-0.5181832105130346,0.0090128860869835,6,0.0,1XB,3.0-4.0,sportsbook,0.2602811035918792,1.0371296762410604,0.0110128860869835,0.0333878290627007,1.345993064346365,0.0728704416147811,0.36334444327128,0.1666666666666666,1.5096304008328951,draw:3.0-4.0,draw:sportsbook,sportsbook:3.0-4.0,4.01195881977759,4.01195881977759,0.270723474283648,lower_clv,True,4.453257475864958,4.453257475864958,0.2718720912958484,4.232608147821274,0.4412986560873682,4.01195881977759,0.270723474283648,1.0,0.88,model_agreement_0.625_kelly,home,-0.8455966900059786,False,0.2580801751951952,3.8747648836012463,False,-0.88
2025-02,data\historical_csv\football-data\2425\SP1.csv:218,data\historical_csv\football-data\2425\SP1.csv,218,2025-02-02,SP1,Valencia,Celta,draw,0.3056735623546091,0.2989520246984911,3.3324,3.38,-0.3772272894748241,0.004721537656118,6,0.0,1XB,3.0-4.0,sportsbook,0.3000840235265875,1.0186265791904994,0.0067215376561179,0.0154463396171651,1.2036927651186171,0.0934363267225571,0.3679370554942774,0.1666666666666666,1.428399951986559,draw:3.0-4.0,draw:sportsbook,sportsbook:3.0-4.0,2.571967913849436,2.571967913849436,0.3078020883262797,lower_clv,True,2.466098501970304,2.466098501970304,0.3074843911354288,2.51903320790987,0.1058694118791319,2.466098501970304,0.3074843911354288,1.0,0.66,model_agreement_0.625_kelly,home,4.004411160907884,True,0.3121006216567876,3.204094867518992,False,-0.66
2025-02,data\historical_csv\football-data\2425\I1.csv:230,data\historical_csv\football-data\2425\I1.csv,230,2025-02-06,I1,Fiorentina,Inter,draw,0.2717909998270954,0.2679366189311013,3.7538,3.81,0.5780480143568134,0.0018543808959941,6,0.0,1XB,3.0-4.0,sportsbook,0.2663967179924343,1.0202490551509509,0.0038543808959941,0.0068228193618398,1.3227686602400124,0.0738703475870121,0.3595166167065804,0.1666666666666666,1.497149555117483,draw:3.0-4.0,draw:sportsbook,sportsbook:3.0-4.0,2.820879019597588,2.820879019597588,0.2739114471191794,lower_clv,True,2.860456282291457,2.860456282291457,0.2740168796480672,2.8406676509445226,0.03957726269386885,2.820879019597588,0.2739114471191794,1.0,0.64,model_agreement_0.625_kelly,home,3.4074853969856544,True,0.2754741472560756,3.630104712041884,False,-0.64
2025-02,data\historical_csv\football-data\2425\D2.csv:184,data\historical_csv\football-data\2425\D2.csv,184,2025-02-08,D2,Darmstadt,Elversberg,draw,0.2770752458908314,0.258140213231886,3.7636,3.82,-2.846349348047384,0.0169350326589453,6,0.0,1XB,3.0-4.0,sportsbook,0.2657030502710171,1.042800395434733,0.0189350326589453,0.0611206988357878,1.3253759461504735,0.0767706918854646,0.3672288661774357,0.1666666666666666,1.4985652035285346,draw:3.0-4.0,draw:sportsbook,sportsbook:3.0-4.0,4.482794124746468,4.482794124746468,0.2776139709978384,lower_clv,True,5.049669299571247,5.049669299571247,0.279120175628577,4.7662317121588575,0.5668751748247782,4.482794124746468,0.2776139709978384,1.0,1.01,model_agreement_0.625_kelly,away,3.593363305924635,True,0.2752507261821783,3.633051268820765,False,-1.01
2025-02,data\historical_csv\football-data\2425\D1.csv:187,data\historical_csv\football-data\2425\D1.csv,187,2025-02-08,D1,Wolfsburg,Leverkusen,draw,0.2530413722039947,0.2444737251405019,4.038,4.1,-1.2815097882653337,0.0065676470634928,6,0.0,1XB,4.0-5.0,sportsbook,0.2476473501733531,1.0217810609597306,0.0085676470634928,0.0259548349990695,1.3957495198906458,0.0640299360468805,0.3531823737661958,0.1666666666666666,1.535413571074784,draw:4.0-5.0,draw:sportsbook,sportsbook:4.0-5.0,3.044529624966912,3.044529624966912,0.2551870471148264,lower_clv,True,3.063801240075703,3.063801240075703,0.2552347727589789,3.0541654325213075,0.019271615108791273,3.044529624966912,0.2551870471148264,1.0,0.63,model_agreement_0.625_kelly,draw,16.70134143616222,True,0.2890077796834131,3.4601144685289333,True,1.91
2025-02,data\historical_csv\football-data\2425\D1.csv:184,data\historical_csv\football-data\2425\D1.csv,184,2025-02-08,D1,Freiburg,Heidenheim,draw,0.2483869743423353,0.2436649115725805,4.1066,4.17,0.0634325863959395,0.0027220627697547,6,0.0,1XB,4.0-5.0,sportsbook,0.243510446598159,1.0200259488342345,0.0047220627697547,0.0109589594098567,1.4125954355392614,0.0616960890229399,0.3508703062033905,0.1666666666666666,1.5438562314323168,draw:4.0-5.0,draw:sportsbook,sportsbook:4.0-5.0,3.044973742912341,3.044973742912341,0.2509252757583216,lower_clv,True,2.979056634585775,2.979056634585775,0.2507647607134509,3.012015188749058,0.06591710832656617,2.979056634585775,0.2507647607134509,1.0,0.6,model_agreement_0.625_kelly,home,3.590184060740209,True,0.2522529198381634,3.96427522282622,False,-0.6
2025-02,data\historical_csv\football-data\2425\F1.csv:184,data\historical_csv\football-data\2425\F1.csv,184,2025-02-08,F1,Nice,Lens,draw,0.2824516742474119,0.2745244440796656,3.6166,3.67,-0.715489554148141,0.0059272301677463,6,0.0,1XB,3.0-4.0,sportsbook,0.276502792678206,1.0215147250831902,0.0079272301677463,0.0209849355063636,1.2855343579687422,0.0797789482851661,0.363101331710843,0.1666666666666666,1.4765249129016222,draw:3.0-4.0,draw:sportsbook,sportsbook:3.0-4.0,2.8272586297089752,2.8272586297089752,0.2843202417455869,lower_clv,True,2.909868484784828,2.909868484784828,0.284548660301899,2.868563557246902,0.08260985507585294,2.8272586297089752,0.2843202417455869,1.0,0.68,model_agreement_0.625_kelly,home,0.6743655852695207,True,0.278367432354337,3.5923742642677,False,-0.68
2025-02,data\historical_csv\football-data\2425\I1.csv:243,data\historical_csv\football-data\2425\I1.csv,243,2025-02-15,I1,Lazio,Napoli,draw,0.3062823621568367,0.3002109049648068,3.3912,3.44,1.8075220916652808,0.0040714571920298,5,0.0,1XB,3.0-4.0,sportsbook,0.2948808681292758,1.0386647465462646,0.0060714571920298,0.0132931493781056,1.2211838410562903,0.0938088853683716,0.3740270714664795,0.2,1.439018636470868,draw:3.0-4.0,draw:sportsbook,sportsbook:3.0-4.0,4.24279199536467,4.24279199536467,0.3073920499981266,lower_clv,True,4.279451038962723,4.279451038962723,0.3075001505041363,4.261121517163696,0.0366590435980525,4.24279199536467,0.3073920499981266,1.0,1.11,model_agreement_0.625_kelly,draw,5.531066448686572,True,0.3111909248899698,3.213461319135761,True,2.65
2025-02,data\historical_csv\football-data\2425\SC0.csv:155,data\historical_csv\football-data\2425\SC0.csv,155,2025-02-15,SC0,Motherwell,Ross County,draw,0.3029396279122054,0.2914442580377779,3.3716,3.42,-1.7366539599827813,0.0094953698744274,5,0.0,1XB,3.0-4.0,sportsbook,0.2965950883853363,1.0213912494687918,0.0114953698744274,0.0313440996143933,1.21538740914119,0.0917724181595854,0.3681890094944114,0.2,1.4355202277850363,draw:3.0-4.0,draw:sportsbook,sportsbook:3.0-4.0,2.561940030584318,2.561940030584318,0.3041936766834272,lower_clv,True,2.65035767762416,2.65035767762416,0.3044559190818133,2.606148854104239,0.0884176470398419,2.561940030584318,0.3041936766834272,1.0,0.68,model_agreement_0.625_kelly,away,2.6071274205543338,True,0.3043277002626478,3.285931576839562,False,-0.68
2025-02,data\historical_csv\football-data\2425\SP1.csv:233,data\historical_csv\football-data\2425\SP1.csv,233,2025-02-15,SP1,Leganes,Alaves,draw,0.3288825905515166,0.325241245533063,3.107,3.15,1.0524549871226752,0.0016413450184535,5,0.0,1XB,3.0-4.0,sportsbook,0.321853878339234,1.021838208843562,0.0036413450184535,0.0049906716427316,1.1336576304109105,0.1081637583678765,0.3728402582880339,0.2,1.3839716768587085,draw:3.0-4.0,draw:sportsbook,sportsbook:3.0-4.0,2.639968372989178,2.639968372989178,0.3303507189346288,lower_clv,True,2.438933394362075,2.438933394362075,0.329703680059099,2.5394508836756264,0.20103497862710284,2.438933394362075,0.329703680059099,1.0,0.72,model_agreement_0.625_kelly,draw,-0.1746637998794376,False,0.3212917161252673,3.1124362995095503,True,1.52
2025-02,data\historical_csv\football-data\2425\I2.csv:256,data\historical_csv\football-data\2425\I2.csv,256,2025-02-15,I2,Sudtirol,Sampdoria,draw,0.3244180040943885,0.3140438965066301,3.1364,3.18,-1.5032722996605297,0.0083741075877583,5,0.0,1XB,3.0-4.0,sportsbook,0.3188368830506313,1.01750462804164,0.0103741075877583,0.0258127091655552,1.1430756453746298,0.1052470413805866,0.3708343194013424,0.2,1.3901288101007658,draw:3.0-4.0,draw:sportsbook,sportsbook:3.0-4.0,2.232424655491696,2.232424655491696,0.3259546762386548,lower_clv,True,2.1480548910983943,2.1480548910983943,0.325685674311626,2.190239773295045,0.08436976439330168,2.1480548910983943,0.325685674311626,1.0,0.63,model_agreement_0.625_kelly,home,3.666366008643962,True,0.3305266101538195,3.025475012540209,False,-0.63
2025-02,data\historical_csv\football-data\2425\I2.csv:260,data\historical_csv\football-data\2425\I2.csv,260,2025-02-16,I2,Palermo,Mantova,draw,0.2835719004684781,0.2701519377909617,3.7636,3.82,1.674383307006333,0.0114199626775163,5,0.0,1XB,3.0-4.0,sportsbook,0.2657030502710171,1.067251204603164,0.0134199626775163,0.0402718416692552,1.3253759461504735,0.0804130227353044,0.375839375885097,0.2,1.4985652035285346,draw:3.0-4.0,draw:sportsbook,sportsbook:3.0-4.0,6.707964947517477,6.707964947517477,0.2835263177476817,lower_clv,True,7.256644782695987,7.256644782695987,0.284984176805973,6.982304865106732,0.5486798351785094,6.707964947517477,0.2835263177476817,1.0,1.52,model_agreement_0.625_kelly,draw,2.473475856293472,True,0.272275151068906,3.67275528477046,True,4.2
2025-02,data\historical_csv\football-data\2425\I2.csv:259,data\historical_csv\football-data\2425\I2.csv,259,2025-02-16,I2,Juve Stabia,Cosenza,home,0.4811431133547002,0.4659254351240253,2.176,2.2,1.3853746829879166,0.0132176782306748,5,0.0,WH,2.0-3.0,sportsbook,0.4595588235294117,1.0469674146598278,0.0152176782306748,0.0274714068720979,0.7774883289936962,0.2314986955286539,0.3740831552089704,0.2,1.1029411764705843,home:2.0-3.0,home:sportsbook,sportsbook:2.0-3.0,4.869565313874756,4.869565313874756,0.4819373405968508,lower_clv,True,4.8260995840743615,4.8260995840743615,0.4817375900003417,4.847832448974559,0.04346572980039465,4.8260995840743615,0.4817375900003417,1.0,2.56,model_agreement_0.625_kelly,home,-2.509289713494034,False,0.448027161243134,2.2320075354925257,True,3.01
2025-02,data\historical_csv\football-data\2425\I1.csv:246,data\historical_csv\football-data\2425\I1.csv,246,2025-02-16,I1,Monza,Lecce,draw,0.308222093892778,0.3038921407633158,3.303,3.35,0.3755740941232099,0.0023299531294621,5,0.0,1XB,3.0-4.0,sportsbook,0.3027550711474417,1.0180575761278456,0.0043299531294621,0.007559331974017,1.1948311464086523,0.0950008591636484,0.3682733577943832,0.2,1.4229488343929786,draw:3.0-4.0,draw:sportsbook,sportsbook:3.0-4.0,2.3219212721126707,2.3219212721126707,0.309784805546814,lower_clv,True,2.2108959314742997,2.2108959314742997,0.3094486706977726,2.2664086017934855,0.111025340638371,2.2108959314742997,0.3094486706977726,1.0,0.6,model_agreement_0.625_kelly,draw,4.566404056567697,True,0.3165800909977829,3.158758331417004,True,1.38
2025-02,data\historical_csv\football-data\2425\I1.csv:250,data\historical_csv\football-data\2425\I1.csv,250,2025-02-17,I1,Genoa,Venezia,draw,0.2802803039263192,0.2687302498891396,3.695,3.75,-0.70417266596291,0.0095500540371795,5,0.0,1XB,3.0-4.0,sportsbook,0.2706359945872801,1.0356357230077493,0.0115500540371795,0.0340732256366116,1.3069805544001651,0.0785570487690298,0.3663209070130674,0.2,1.4884979702300516,draw:3.0-4.0,draw:sportsbook,sportsbook:3.0-4.0,3.832512054312416,3.832512054312416,0.2810081517031459,lower_clv,True,4.152794327490916,4.152794327490916,0.2818749508186493,3.992653190901666,0.32028227317850044,3.832512054312416,0.2810081517031459,1.0,0.89,model_agreement_0.625_kelly,home,4.922019209123851,True,0.2839567502276694,3.521663067344675,False,-0.89
2025-02,data\historical_csv\football-data\2425\B1.csv:210,data\historical_csv\football-data\2425\B1.csv,210,2025-02-21,B1,Mechelen,St Truiden,home,0.5300801278560043,0.5264951736301601,1.98,2.0,4.246044378771696,0.0015849542258442,5,0.0,WH,1.5-2.0,sportsbook,0.5050505050505051,1.0495586531548886,0.0035849542258442,0.0029900276251721,0.6830968447064438,0.2809849419478379,0.3620960627800249,0.2,1.0101010101010166,home:1.5-2.0,home:sportsbook,sportsbook:1.5-2.0,4.326653759162217,4.326653759162217,0.5269022917129405,lower_clv,True,4.643984584373895,4.643984584373895,0.528504972648353,4.485319171768056,0.31733082521167777,4.326653759162217,0.5269022917129405,1.0,2.76,model_agreement_0.625_kelly,draw,2.7533862691141,True,0.518956496308657,1.926943794158105,False,-2.76
2025-02,data\historical_csv\football-data\2425\D1.csv:200,data\historical_csv\football-data\2425\D1.csv,200,2025-02-21,D1,Freiburg,Werder Bremen,draw,0.2795137129478791,0.2741875326044944,3.7048,3.76,1.5809970793130956,0.0033261803433846,5,0.0,1XB,3.0-4.0,sportsbook,0.2699201036493198,1.0355424037293026,0.0053261803433846,0.0118998825077497,1.309629276184405,0.0781279157259093,0.3660593415715465,0.2,1.4899589721442563,draw:3.0-4.0,draw:sportsbook,sportsbook:3.0-4.0,3.988757197506419,3.988757197506419,0.2806865612111489,lower_clv,True,4.136272938780738,4.136272938780738,0.2810847358528955,4.062515068143579,0.14751574127431955,3.988757197506419,0.2806865612111489,1.0,0.92,model_agreement_0.625_kelly,home,2.6812039087945383,True,0.2771572120189876,3.608060539775857,False,-0.92
2025-02,data\historical_csv\football-data\2425\T1.csv:220,data\historical_csv\football-data\2425\T1.csv,220,2025-02-22,T1,Sivasspor,Konyaspor,draw,0.3030450552639176,0.2870467189761483,3.3912,3.44,-2.656716660808589,0.0139983362877693,5,0.0,1XB,3.0-4.0,sportsbook,0.2948808681292758,1.0276863914109975,0.0159983362877693,0.0461922610008546,1.2211838410562903,0.0918363055199108,0.3700737246003067,0.2,1.439018636470868,draw:3.0-4.0,draw:sportsbook,sportsbook:3.0-4.0,3.089280870579296,3.089280870579296,0.3039905663793916,lower_clv,True,3.3192029990327665,3.3192029990327665,0.3046685627477966,3.2042419348060314,0.2299221284534707,3.089280870579296,0.3039905663793916,1.0,0.81,model_agreement_0.625_kelly,draw,3.3585351494019644,True,0.3047845457342591,3.281006251779896,True,1.94
2025-02,data\historical_csv\football-data\2425\I1.csv:254,data\historical_csv\football-data\2425\I1.csv,254,2025-02-22,I1,Torino,Milan,draw,0.2856877441962224,0.2801270946509031,3.5676,3.62,-0.0618577123438157,0.0035606495453193,5,0.0,1XB,3.0-4.0,sportsbook,0.2803004821168292,1.019219596194443,0.0055606495453193,0.012463431202963,1.2718931008099152,0.0816174871839262,0.3633642708291231,0.2,1.4687745262921936,draw:3.0-4.0,draw:sportsbook,sportsbook:3.0-4.0,2.446270271568064,2.446270271568064,0.2871573894819152,lower_clv,True,2.4865593927710927,2.4865593927710927,0.2872703200828879,2.4664148321695785,0.04028912120302852,2.446270271568064,0.2871573894819152,1.0,0.6,model_agreement_0.625_kelly,home,-6.919120975913917,False,0.2609061526630958,3.832795776538412,False,-0.6
2025-02,data\historical_csv\football-data\2425\I1.csv:257,data\historical_csv\football-data\2425\I1.csv,257,2025-02-23,I1,Verona,Fiorentina,draw,0.2775296570005414,0.2700958429152342,3.7146,3.77,0.3298018092929178,0.0054338140853071,5,0.0,1XB,3.0-4.0,sportsbook,0.269207990093146,1.030911663894211,0.0074338140853071,0.019579219547324,1.3122710007711045,0.0770227105148381,0.3641941207357618,0.2,1.491412265116021,draw:3.0-4.0,draw:sportsbook,sportsbook:3.0-4.0,3.4997943513743976,3.4997943513743976,0.2786297161238744,lower_clv,True,3.695297705183687,3.695297705183687,0.2791560267732291,3.5975460282790426,0.1955033538092894,3.4997943513743976,0.2786297161238744,1.0,0.81,model_agreement_0.625_kelly,home,7.738107309638642,True,0.290039593252675,3.447805138551639,False,-0.81
2025-02,data\historical_csv\football-data\2425\T1.csv:226,data\historical_csv\football-data\2425\T1.csv,226,2025-02-24,T1,Galatasaray,Fenerbahce,draw,0.2641429988548346,0.2564797054492457,4.0576,4.12,4.0692052830859415,0.0056632934055889,5,0.0,1XB,4.0-5.0,sportsbook,0.2464511041009463,1.071786632153377,0.0076632934055889,0.0214402555817932,1.400591665820715,0.0697715238440251,0.3699564827809721,0.2,1.537854889589907,draw:4.0-5.0,draw:sportsbook,sportsbook:4.0-5.0,7.525791288124631,7.525791288124631,0.2649984998228624,lower_clv,True,7.730466257779045,7.730466257779045,0.2655029235453939,7.628128772951838,0.20467496965441434,7.525791288124631,0.2649984998228624,1.0,1.54,model_agreement_0.625_kelly,draw,11.337349888326688,True,0.2743921280765149,3.644419419062735,True,4.71
2025-02,data\historical_csv\football-data\2425\P1.csv:208,data\historical_csv\football-data\2425\P1.csv,208,2025-02-24,P1,Porto,Guimaraes,draw,0.2553107788171416,0.2477055674644795,4.2487,4.4,5.242664448633416,0.0056052113526621,5,0.025,BFE,4.0-5.0,exchange,0.235366111987196,1.0847389059603898,0.0076052113526621,0.021954464197051,1.4466130537918354,0.0651835937802154,0.3693359054106371,0.2,3.561089274366269,draw:4.0-5.0,draw:exchange,exchange:4.0-5.0,6.882522580585036,6.882522580585036,0.2515652377917599,lower_clv,True,7.315360462105147,7.315360462105147,0.2525839914847015,7.0989415213450915,0.43283788152011127,6.882522580585036,0.2515652377917599,1.0,1.32,model_agreement_0.625_kelly,draw,15.172496540368318,True,0.2710770271856528,3.688988367557717,True,4.29
2025-04,data\historical_csv\football-data\2425\F2.csv:262,data\historical_csv\football-data\2425\F2.csv,262,2025-04-07,F2,Dunkerque,Guingamp,draw,0.3240391668775574,0.315304674484635,3.205,3.25,1.0551481723255485,0.0067344923929223,4,0.0,B365,3.0-4.0,sportsbook,0.31201248049922,1.0385455298425714,0.0087344923929223,0.0207829579918252,1.1647120903726331,0.1050013816707015,0.3774123354165664,0.25,1.4040561622464809,draw:3.0-4.0,draw:sportsbook,sportsbook:3.0-4.0,2.6297238792156628,2.6297238792156628,0.3202175472050411,lower_clv,True,3.2856566230891504,3.2856566230891504,0.3222641392296073,2.957690251152407,0.6559327438734877,2.6297238792156628,0.3202175472050411,0.5,0.37,model_agreement_0.625_kelly,home,-5.542406560475587,False,0.2947194803105286,3.393057014576569,False,-0.37
2025-04,data\historical_csv\football-data\2425\I1.csv:318,data\historical_csv\football-data\2425\I1.csv,318,2025-04-13,I1,Verona,Genoa,draw,0.3305861514889672,0.3264815337074587,3.107,3.15,1.4378125229074,0.0021046177815085,4,0.0,1XB,3.0-4.0,sportsbook,0.321853878339234,1.0271311726762211,0.0041046177815085,0.0063663216744843,1.1336576304109105,0.1092872035562864,0.3747715131436448,0.25,1.3839716768587085,draw:3.0-4.0,draw:sportsbook,sportsbook:3.0-4.0,2.071765986083252,2.071765986083252,0.328521937515556,lower_clv,True,2.343487534769051,2.343487534769051,0.3293964838582847,2.2076267604261517,0.2717215486857989,2.071765986083252,0.328521937515556,0.5,0.31,model_agreement_0.625_kelly,draw,7.894369763133069,True,0.3472622135923176,2.879668333779586,True,0.65
2025-04,data\historical_csv\football-data\2425\SP1.csv:311,data\historical_csv\football-data\2425\SP1.csv,311,2025-04-18,SP1,Espanol,Getafe,draw,0.3519848823153619,0.3483335326457371,2.9208,2.96,1.7412582151668854,0.0016513496696248,4,0.0,1XB,2.0-3.0,sportsbook,0.3423719528896193,1.028077444266709,0.0036513496696248,0.0046915357806343,1.07185755135929,0.1238933573785592,0.3772776540740317,0.25,1.342098055327301,draw:2.0-3.0,draw:sportsbook,sportsbook:2.0-3.0,2.8412444585548497,2.8412444585548497,0.3520995770287416,lower_clv,True,3.167609010642436,3.167609010642436,0.3532169577192633,3.004426734598643,0.3263645520875862,2.8412444585548497,0.3520995770287416,0.5,0.46,model_agreement_0.625_kelly,home,5.517082962327735,True,0.3612608975702812,2.76808258719851,False,-0.46
2025-04,data\historical_csv\football-data\2425\SP1.csv:316,data\historical_csv\football-data\2425\SP1.csv,316,2025-04-20,SP1,Valladolid,Osasuna,draw,0.2804126227785409,0.2663406284665889,3.695,3.75,-1.5871377815954046,0.012071994311952,4,0.0,1XB,3.0-4.0,sportsbook,0.2706359945872801,1.0361246411667089,0.014071994311952,0.0430508234341721,1.3069805544001651,0.0786312390135403,0.3664938451799018,0.25,1.4884979702300516,draw:3.0-4.0,draw:sportsbook,sportsbook:3.0-4.0,2.8514569403183168,2.8514569403183168,0.2783530634379386,lower_clv,True,3.48397863233334,3.48397863233334,0.2800648948101037,3.167717786325828,0.6325216920150232,2.8514569403183168,0.2783530634379386,0.5,0.33,model_agreement_0.625_kelly,away,-0.4072100792866462,False,0.269533937539143,3.710107933457452,False,-0.33
2025-04,data\historical_csv\football-data\2425\B1.csv:283,data\historical_csv\football-data\2425\B1.csv,283,2025-04-27,B1,Gent,Anderlecht,draw,0.3057182360208508,0.286998739165169,3.4794,3.53,-0.141658694871094,0.0167194968556817,4,0.0,1XB,3.0-4.0,sportsbook,0.2874058745760763,1.0637160304109483,0.0187194968556818,0.0546892363154335,1.2468598651283127,0.0934636398357006,0.3811877985322238,0.25,1.4542737253549598,draw:3.0-4.0,draw:sportsbook,sportsbook:3.0-4.0,5.375823522794221,5.375823522794221,0.3028563071874295,lower_clv,True,6.196058702993668,6.196058702993668,0.3052137112806624,5.785941112893944,0.8202351801994467,5.375823522794221,0.3028563071874295,0.5,0.68,model_agreement_0.625_kelly,away,-0.800470414075205,False,0.2851052755817808,3.507476310143394,False,-0.68
2025-04,data\historical_csv\football-data\2425\I1.csv:332,data\historical_csv\football-data\2425\I1.csv,332,2025-04-27,I1,Como,Genoa,draw,0.277236902386141,0.2709696497677208,3.7342,3.79,1.185486616262299,0.0042672526184202,4,0.0,1XB,3.0-4.0,sportsbook,0.2677949761662471,1.035258040890328,0.0062672526184202,0.0153920801368526,1.3175336055490985,0.0768603000446627,0.3652689355920758,0.25,1.4942959670076528,draw:3.0-4.0,draw:sportsbook,sportsbook:3.0-4.0,2.8223261292739896,2.8223261292739896,0.2753530237514702,lower_clv,True,3.3255240378488926,3.3255240378488926,0.2767005624708074,3.0739250835614413,0.503197908574903,2.8223261292739896,0.2753530237514702,0.5,0.32,model_agreement_0.625_kelly,home,-0.8939723363830088,False,0.2654009631610974,3.767883839189399,False,-0.32
2025-04,data\historical_csv\football-data\2425\I1.csv:341,data\historical_csv\football-data\2425\I1.csv,341,2025-04-28,I1,Verona,Cagliari,draw,0.3486769687272217,0.3415170455365436,2.9208,2.96,-0.2497013396863368,0.005159923190678,4,0.0,1XB,2.0-3.0,sportsbook,0.3423719528896193,1.0184156902584691,0.007159923190678,0.0147985776333704,1.07185755135929,0.1215756285208039,0.3737320419153396,0.25,1.342098055327301,draw:2.0-3.0,draw:sportsbook,sportsbook:2.0-3.0,2.079877453775309,2.079877453775309,0.3494928699458207,lower_clv,True,2.349593018630003,2.349593018630003,0.350416300392461,2.2147352362026558,0.26971556485469383,2.079877453775309,0.3494928699458207,0.5,0.34,model_agreement_0.625_kelly,away,1.2496695468267704,True,0.3466504709217569,2.8847501558009183,False,-0.34
2025-05,data\historical_csv\football-data\2425\I2.csv:357,data\historical_csv\football-data\2425\I2.csv,357,2025-05-04,I2,Frosinone,Cittadella,draw,0.3404182296971469,0.3317142102822059,3.0874,3.13,2.413445282528248,0.006704019414941,4,0.0,1XB,3.0-4.0,sportsbook,0.3238971302714258,1.0510072423669714,0.008704019414941,0.0196934794617351,1.1273293127656037,0.1158845711101395,0.3837634489373681,0.25,1.3798017749562907,draw:3.0-4.0,draw:sportsbook,sportsbook:3.0-4.0,5.261334595748748,3.313310679484969,0.3346288484792543,lower_clv,True,4.771589903513029,3.1549137770895186,0.3341158054579566,5.016462249630889,0.4897446922357185,3.1549137770895186,0.3341158054579566,0.5,0.47,model_agreement_0.625_kelly,draw,-12.786608180083336,False,0.2824816733170845,3.540052663443069,True,0.98
2025-05,data\historical_csv\football-data\2425\B1.csv:294,data\historical_csv\football-data\2425\B1.csv,294,2025-05-09,B1,Charleroi,Westerlo,home,0.5699947746942149,0.562688733272644,1.888615,1.93,6.270238198971456,0.0053060414215708,4,0.025,BFE,1.5-2.0,exchange,0.5294885405442613,1.0765006814091147,0.0073060414215708,0.0093089299360988,0.6358437562064804,0.3248940431787088,0.362427618559636,0.25,2.1912883250424287,home:1.5-2.0,home:exchange,exchange:1.5-2.0,6.947710252903781,4.999686336640003,0.5559613067599273,lower_clv,True,4.959365940453719,3.9704177048816014,0.5505114473033499,5.95353809667875,1.988344312450062,3.9704177048816014,0.5505114473033499,0.5,1.4,model_agreement_0.625_kelly,home,8.28947804289626,True,0.5733803768523297,1.7440429431674522,True,1.24
2025-05,data\historical_csv\football-data\2425\D2.csv:291,data\historical_csv\football-data\2425\D2.csv,291,2025-05-09,D2,Preußen Münster,Hertha,away,0.3561894986903289,0.3481331201838886,2.958775,3.05,3.00475726720848,0.0060563785064403,4,0.025,BFE,2.0-3.0,exchange,0.3379777103700011,1.0538845839874778,0.0080563785064403,0.0170032483515346,1.0847753313245123,0.1268709589772678,0.3863855814561135,0.25,3.083201662850344,away:2.0-3.0,away:exchange,exchange:2.0-3.0,3.8930089986820224,1.944985082418244,0.3445513264185964,lower_clv,True,3.4896614088669065,1.940338060431768,0.3445356205200861,3.6913352037744644,0.403347589815116,1.940338060431768,0.3445356205200861,0.5,0.31,model_agreement_0.625_kelly,home,16.336927466433828,True,0.393192883765862,2.543281023863796,False,-0.31
2025-10,data\historical_csv\football-data\2526\F2.csv:77,data\historical_csv\football-data\2526\F2.csv,77,2025-10-03,F2,Guingamp,Nancy,away,0.3405697924670639,0.3364942109931133,3.499,3.55,17.739324426490334,0.0020755814739506,8,0.0,PS,3.0-4.0,sportsbook,0.2857959416976279,1.1916537038422566,0.0040755814739506,0.0060944379679574,1.2524772133855508,0.1159877835410589,0.4265559046324436,0.125,1.457559302657896,away:3.0-4.0,away:sportsbook,sportsbook:3.0-4.0,14.162572067701038,11.926157009229762,0.3198804144304938,lower_clv,True,15.022109686905203,15.022109686905203,0.3287285215401692,14.592340877303121,0.8595376192041648,11.926157009229762,0.3198804144304938,1.0,2.98,model_agreement_0.625_kelly,draw,12.254786120251282,True,0.3208196230930302,3.1170163170163168,False,-2.98
2025-10,data\historical_csv\football-data\2526\B1.csv:90,data\historical_csv\football-data\2526\B1.csv,90,2025-10-24,B1,Charleroi,Anderlecht,home,0.3578313008516028,0.3476765548736378,3.0874,3.13,7.341659551686952,0.0081547459779649,8,0.0,PS,3.0-4.0,sportsbook,0.3238971302714258,1.1047683582492385,0.0101547459779649,0.0227893590039705,1.1273293127656037,0.1280432398691502,0.4033937144750593,0.125,1.3798017749562907,home:3.0-4.0,home:sportsbook,sportsbook:3.0-4.0,6.6463403150222895,4.409925256551013,0.3381807516245094,lower_clv,True,7.340774919965143,7.340774919965143,0.3476736895768775,6.993557617493716,0.6944346049428534,4.409925256551013,0.3381807516245094,1.0,1.32,model_agreement_0.625_kelly,home,7.514371255769103,True,0.3482359631268029,2.871616104841736,True,2.76
2025-10,data\historical_csv\football-data\2526\F2.csv:99,data\historical_csv\football-data\2526\F2.csv,99,2025-10-25,F2,Annecy,St Etienne,home,0.2711367613210543,0.2577143955622994,4.0478000000000005,4.11,4.317633035707602,0.0114223657587548,8,0.0,PS,4.0-5.0,sportsbook,0.2470477790404664,1.097507382475364,0.0134223657587548,0.0421276912179001,1.3981735236499684,0.0735151433396704,0.379096240967299,0.125,1.5366371856317065,home:4.0-5.0,home:sportsbook,sportsbook:4.0-5.0,6.502745804864503,4.266330746393226,0.2575876543959514,lower_clv,True,6.92609139098721,6.92609139098721,0.2641585339962132,6.714418597925857,0.4233455861227071,4.266330746393226,0.2575876543959514,1.0,0.87,model_agreement_0.625_kelly,home,-7.341750525725765,False,0.2289101474239691,4.3685263028024695,True,2.65
2025-10,data\historical_csv\football-data\2526\T1.csv:84,data\historical_csv\football-data\2526\T1.csv,84,2025-10-25,T1,Kocaelispor,Alanyaspor,away,0.321693946152663,0.3100436026550287,3.340975,3.45,3.5847925380384504,0.0096503434976343,8,0.025,BFE,3.0-4.0,exchange,0.2993138230606335,1.074771431747393,0.0116503434976343,0.029998523792719,1.2062626805570391,0.1034869949912724,0.3880474018050832,0.125,3.2632689559185746,away:3.0-4.0,away:exchange,exchange:3.0-4.0,4.555226647357637,2.31881158888636,0.3062543466769023,lower_clv,True,4.484759808888761,4.484759808888761,0.3127373290997052,4.519993228123199,0.07046683846887625,2.31881158888636,0.3062543466769023,1.0,0.62,model_agreement_0.625_kelly,home,1.624803354981097,True,0.3041770840996449,3.2875586369695475,False,-0.62
2025-10,data\historical_csv\football-data\2526\SP2.csv:119,data\historical_csv\football-data\2526\SP2.csv,119,2025-10-26,SP2,Almeria,Castellon,away,0.2682081161683699,0.260297829288861,4.087,4.15,6.3837228303574856,0.0059102868795088,8,0.0,PS,4.0-5.0,sportsbook,0.2446782481037435,1.0961665707801278,0.0079102868795088,0.022036196979955,1.4078112045821405,0.0719355935785858,0.3775863911016994,0.125,1.5414729630536028,away:4.0-5.0,away:sportsbook,sportsbook:4.0-5.0,5.641860563987887,3.4054455055166097,0.2530106325067693,lower_clv,True,5.772027877691044,5.772027877691044,0.2588011447949377,5.706944220839466,0.13016731370315693,3.4054455055166097,0.2530106325067693,1.0,0.69,model_agreement_0.625_kelly,home,8.666972079973956,True,0.2658844435526644,3.761032374208562,False,-0.69
2025-10,data\historical_csv\football-data\2526\SP2.csv:118,data\historical_csv\football-data\2526\SP2.csv,118,2025-10-26,SP2,Malaga,Andorra,away,0.3006769352956935,0.2941297021107051,3.6558,3.71,7.527936497631593,0.0045472331849883,8,0.0,PS,3.0-4.0,sportsbook,0.2735379397122381,1.0992147400539962,0.0065472331849883,0.0151233189220731,1.2963149475003666,0.0904066194188106,0.389772005592408,0.125,1.482575633240346,away:3.0-4.0,away:sportsbook,sportsbook:3.0-4.0,5.375645271236753,3.1392302127654754,0.2821249253590609,lower_clv,True,5.66446721879974,5.66446721879974,0.289032406638218,5.520056245018246,0.2888219475629876,3.1392302127654754,0.2821249253590609,1.0,0.74,model_agreement_0.625_kelly,home,-5.614042025070553,False,0.2581814048222809,3.8732456378427007,False,-0.74
2025-11,data\historical_csv\football-data\2526\E2.csv:195,data\historical_csv\football-data\2526\E2.csv,195,2025-11-25,E2,Peterboro,Stevenage,home,0.3814568809691414,0.3765333921484713,3.45,3.5,29.90402029122261,0.00292348882067,8,0.0,PS,3.0-4.0,sportsbook,0.2898550724637681,1.3160262393435378,0.00492348882067,0.0076640086115173,1.2383742310432684,0.1455093520387056,0.472386371646324,0.125,1.4492753623188248,home:3.0-4.0,home:sportsbook,sportsbook:3.0-4.0,23.657979289113488,19.16836978603003,0.3454155645971885,lower_clv,True,25.143141495793685,21.125349307295703,0.3510879690066542,24.400560392453585,1.4851622066801973,19.16836978603003,0.3454155645971885,1.0,4.89,model_agreement_0.625_kelly,away,44.31753320689167,True,0.4183116904547584,2.390561925039369,False,-4.89
2025-12,data\historical_csv\football-data\2526\T1.csv:129,data\historical_csv\football-data\2526\T1.csv,129,2025-12-06,T1,Eyupspor,Kayserispor,away,0.2696175693045167,0.2605085506651877,3.962049999999999,4.1,3.214790316300697,0.0071090186393289,8,0.025,BFE,3.0-4.0,exchange,0.2523945937078028,1.06823829046296,0.0091090186393289,0.0263670452102465,1.3767615680856735,0.0726936336776758,0.3711991074991342,0.125,3.481783420199158,away:3.0-4.0,away:exchange,exchange:3.0-4.0,3.827699062107007,3.827699062107007,0.2620554992039652,lower_clv,True,3.913147631540914,3.913147631540914,0.262271166773617,3.8704233468239604,0.0854485694339071,3.827699062107007,0.2620554992039652,1.0,0.81,model_agreement_0.625_kelly,draw,6.329137565603515,True,0.2683689947517158,3.7262128619781874,False,-0.81
2025-12,data\historical_csv\football-data\2526\B1.csv:137,data\historical_csv\football-data\2526\B1.csv,137,2025-12-07,B1,Oud-Heverlee Leuven,Waregem,away,0.2854615188642545,0.2803755324947216,3.77095,3.9,5.72821142609703,0.0030859863695329,7,0.025,BFE,3.0-4.0,exchange,0.2651851655418396,1.0764611145611604,0.0050859863695329,0.0108105161837958,1.327326959105846,0.0814882787522871,0.3789007697758271,0.1428571428571428,3.422214561317438,away:3.0-4.0,away:exchange,exchange:3.0-4.0,4.803830889111971,4.803830889111971,0.2779242124374813,lower_clv,True,5.079678620669581,5.079678620669581,0.2786557197010557,4.941754754890776,0.2758477315576098,4.803830889111971,0.2779242124374813,1.0,1.08,model_agreement_0.625_kelly,draw,5.16641042789725,True,0.2788857195876298,3.585698118493249,False,-1.08
2025-12,data\historical_csv\football-data\2526\I2.csv:147,data\historical_csv\football-data\2526\I2.csv,147,2025-12-08,I2,Mantova,Reggiana,away,0.2633631755644789,0.256005013570644,4.136,4.2,5.883673612818363,0.005358161993835,7,0.0,BMGM,4.0-5.0,sportsbook,0.241779497098646,1.0892700941346851,0.0073581619938349,0.0203451449973998,1.419729137206128,0.0693601622434065,0.3739043740160237,0.1428571428571428,1.547388781431347,away:4.0-5.0,away:sportsbook,sportsbook:4.0-5.0,6.414374217762028,6.414374217762028,0.2572881388243763,lower_clv,True,6.6897240571266,6.6897240571266,0.2579538782812539,6.552049137444314,0.2753498393645719,6.414374217762028,0.2572881388243763,1.0,1.28,model_agreement_0.625_kelly,away,28.117482364573053,True,0.3097618045565112,3.228286978220924,True,4.01
2025-12,data\historical_csv\football-data\2526\SP2.csv:189,data\historical_csv\football-data\2526\SP2.csv,189,2025-12-12,SP2,Cultural Leonesa,Huesca,away,0.2948033137421498,0.2832928251452697,3.6068,3.66,2.178056173395881,0.0095104885968801,8,0.0,PS,3.0-4.0,sportsbook,0.2772540756349118,1.0632965920051862,0.0115104885968801,0.0322604535076511,1.2828209526436147,0.0869089937933524,0.3781798677771991,0.125,1.4749916823777245,away:3.0-4.0,away:sportsbook,sportsbook:3.0-4.0,2.665898652087181,2.665898652087181,0.2846453883001197,lower_clv,True,2.9652367779755107,2.9652367779755107,0.2854753154540743,2.815567715031346,0.29933812588832964,2.665898652087181,0.2846453883001197,1.0,0.64,model_agreement_0.625_kelly,away,-7.681414028414801,False,0.2559570421747399,3.906905594405594,True,1.67
2025-12,data\historical_csv\football-data\2526\E3.csv:268,data\historical_csv\football-data\2526\E3.csv,268,2025-12-29,E3,Bristol Rvs,Barnet,home,0.2763157894736842,0.2690894139446763,3.842,3.9,3.384152837544629,0.0052263755290079,7,0.0,BMGM,3.0-4.0,sportsbook,0.2602811035918792,1.061605263157895,0.0072263755290079,0.018914501914505,1.345993064346365,0.0763504155124654,0.3719191362009693,0.1428571428571428,1.5096304008328951,home:3.0-4.0,home:sportsbook,sportsbook:3.0-4.0,4.454998681072032,4.454998681072032,0.2718766233239772,lower_clv,True,4.90307407666315,4.90307407666315,0.2730428789085454,4.6790363788675915,0.4480753955911174,4.454998681072032,0.2718766233239772,1.0,0.98,model_agreement_0.625_kelly,away,9.234518518300703,True,0.2843168103027088,3.517203217549155,False,-0.98
2026-01,data\historical_csv\football-data\2526\F2.csv:157,data\historical_csv\football-data\2526\F2.csv,157,2026-01-03,F2,Bastia,Grenoble,away,0.2765583089752307,0.2647323304282794,3.94,4.0,4.304538188742102,0.0098259785469512,7,0.0,BMGM,3.0-4.0,sportsbook,0.2538071065989847,1.089639737362409,0.0118259785469512,0.0355295003912947,1.3711807233098423,0.0764844982632391,0.3792114221380037,0.1428571428571428,1.522842639593902,away:3.0-4.0,away:sportsbook,sportsbook:3.0-4.0,5.678802748740618,3.655796798757899,0.2630857786770505,lower_clv,True,6.0520314531665065,6.0520314531665065,0.2691675925207272,5.865417100953563,0.3732287044258884,3.655796798757899,0.2630857786770505,1.0,0.78,model_agreement_0.625_kelly,home,3.794955360494612,True,0.2634389729961792,3.795945560471432,False,-0.78
2026-01,data\historical_csv\football-data\2526\E2.csv:340,data\historical_csv\football-data\2526\E2.csv,340,2026-01-31,E2,Wigan,Lincoln,away,0.4289168186315699,0.4236239993459098,2.568,2.6,8.786643032029652,0.0032928192856601,5,0.0,BMGM,2.0-3.0,sportsbook,0.3894080996884735,1.1014583902458717,0.0052928192856601,0.0076770579809988,0.9431273858277148,0.183969637305027,0.4045231978935326,0.2,1.2461059190031154,away:2.0-3.0,away:sportsbook,sportsbook:2.0-3.0,6.600848159432589,4.577842209449869,0.4072345880430291,lower_clv,True,7.683202550631907,7.683202550631907,0.4193271127361055,7.1420253550322474,1.0823543911993179,4.577842209449869,0.4072345880430291,1.0,1.82,model_agreement_0.625_kelly,away,12.182560942617249,True,0.4368479787485095,2.2891258484583568,True,2.85
2026-02,data\historical_csv\football-data\2526\B1.csv:185,data\historical_csv\football-data\2526\B1.csv,185,2026-02-01,B1,Oud-Heverlee Leuven,Mechelen,away,0.2664949356829826,0.260288618338177,4.0576,4.2,5.61470977689873,0.0042063173448055,4,0.025,BFE,4.0-5.0,exchange,0.2464511041009463,1.0813298510272704,0.0062063173448055,0.0157838547063774,1.400591665820715,0.071019550744677,0.3732505859010129,0.25,3.509463722397488,away:4.0-5.0,away:exchange,exchange:4.0-5.0,4.4624544936667,4.4624544936667,0.2574488724705902,lower_clv,True,5.101830058165824,5.101830058165824,0.25902462060865,4.782142275916262,0.6393755644991241,4.4624544936667,0.2574488724705902,0.5,0.46,model_agreement_0.625_kelly,draw,16.565626758361994,True,0.2872772741481713,3.4809575625680083,False,-0.46
2026-02,data\historical_csv\football-data\2526\B1.csv:188,data\historical_csv\football-data\2526\B1.csv,188,2026-02-07,B1,Charleroi,Cercle Brugge,away,0.2608099599298596,0.253954145343075,4.153149999999999,4.3,5.470965873159184,0.0048558145867846,5,0.025,BFE,4.0-5.0,exchange,0.2407810938685095,1.0831828850826966,0.0068558145867846,0.0186182099337406,1.423867082464937,0.068021835198615,0.3713587167231264,0.2,3.5358703634590816,away:4.0-5.0,away:exchange,exchange:4.0-5.0,5.124266154141807,5.124266154141807,0.2531193579671859,lower_clv,True,5.424729663384542,5.424729663384542,0.2538428172914163,5.274497908763175,0.3004635092427348,5.124266154141807,0.2531193579671859,1.0,1.02,model_agreement_0.625_kelly,away,24.038929229611817,True,0.2986622906218457,3.3482633442537955,True,3.22
2026-02,data\historical_csv\football-data\2526\E2.csv:361,data\historical_csv\football-data\2526\E2.csv,361,2026-02-14,E2,Blackpool,Plymouth,away,0.3790453671324598,0.3741165187377967,2.715,2.75,1.5726348373118038,0.002928848394663,7,0.0,BMGM,2.0-3.0,sportsbook,0.3683241252302026,1.0291081717646282,0.004928848394663,0.0077269072481224,0.9987919533858988,0.1436753903445812,0.3785874626601046,0.1428571428571428,1.2891344383057168,away:2.0-3.0,away:sportsbook,sportsbook:2.0-3.0,1.7753385218005016,1.7753385218005016,0.3748631253104991,lower_clv,True,1.6574756081561892,1.6574756081561892,0.3744290077648479,1.7164070649783454,0.11786291364431234,1.6574756081561892,0.3744290077648479,1.0,0.6,model_agreement_0.625_kelly,away,-1.5193217338915654,False,0.3627280967444141,2.7568859676856547,True,1.03
2026-02,data\historical_csv\football-data\2526\F2.csv:209,data\historical_csv\football-data\2526\F2.csv,209,2026-02-20,F2,Annecy,Red Star,away,0.3063524590163934,0.2930519881181209,3.4843,3.6,2.108104219996876,0.0113004708982724,7,0.025,BFE,3.0-4.0,exchange,0.2870016933099905,1.0674238729508196,0.0133004708982724,0.0368871558418526,1.248267163205111,0.093851829145391,0.3824097149573034,0.1428571428571428,3.3206095915965905,away:3.0-4.0,away:exchange,exchange:3.0-4.0,2.4718256913361265,2.4718256913361265,0.2940958748997966,lower_clv,True,2.787551595115745,2.787551595115745,0.2950020135898623,2.6296886432259354,0.3157259037796183,2.4718256913361265,0.2940958748997966,1.0,0.62,model_agreement_0.625_kelly,home,4.414630648054985,True,0.2996717580232901,3.336984461252706,False,-0.62
2026-03,data\historical_csv\football-data\2526\B1.csv:223,data\historical_csv\football-data\2526\B1.csv,223,2026-03-08,B1,Gent,Mechelen,away,0.2695269982574083,0.2651249448773181,4.0576,4.2,7.577097633420582,0.0024020533800901,7,0.025,BFE,4.0-5.0,exchange,0.2464511041009463,1.0936327481292598,0.0044020533800901,0.0089121067485645,1.400591665820715,0.0726448027896489,0.3774972674730004,0.1428571428571428,3.509463722397488,away:4.0-5.0,away:exchange,exchange:4.0-5.0,5.630462582253512,3.601142195891919,0.255326158802967,lower_clv,True,6.243197917552812,4.128785075002073,0.256626540504244,5.936830249903162,0.6127353352993001,3.601142195891919,0.255326158802967,1.0,0.74,model_agreement_0.625_kelly,home,12.97226686535138,True,0.2784213990175261,3.591677951223325,False,-0.74
2026-03,data\historical_csv\football-data\2526\P1.csv:226,data\historical_csv\football-data\2526\P1.csv,226,2026-03-09,P1,Tondela,Rio Ave,away,0.2706393745293617,0.2634264241534999,4.0576,4.2,6.887905864524124,0.0052129503758617,7,0.025,BFE,4.0-5.0,exchange,0.2464511041009463,1.098146326090338,0.0072129503758617,0.0192616110827444,1.400591665820715,0.0732456710456441,0.3790552524087551,0.1428571428571428,3.509463722397488,away:4.0-5.0,away:exchange,exchange:4.0-5.0,5.560428384404578,3.5311079980429856,0.2551535587491201,lower_clv,True,6.229857894813806,4.115445052263045,0.2565936638709164,5.895143139609193,0.6694295104092278,3.5311079980429856,0.2551535587491201,1.0,0.72,model_agreement_0.625_kelly,away,8.513056800137875,True,0.2674316265776268,3.739273521225553,True,2.2
2026-04,data\historical_csv\football-data\2526\T1.csv:244,data\historical_csv\football-data\2526\T1.csv,244,2026-04-04,T1,Kasimpasa,Kayserispor,away,0.2996129769863386,0.2894900447798069,3.723175,3.85,7.782209747305746,0.0081229322065317,5,0.025,BFE,3.0-4.0,exchange,0.2685879659161871,1.115511545591111,0.0101229322065317,0.0271114164954949,1.3145767988892858,0.0897679359786162,0.3938642681923903,0.2,3.406366877732059,away:3.0-4.0,away:exchange,exchange:3.0-4.0,5.528583753324333,5.528583753324333,0.2834370765632137,lower_clv,True,6.740875384989109,6.740875384989109,0.2866931459976743,6.134729569156721,1.212291631664776,5.528583753324333,0.2834370765632137,1.0,1.27,model_agreement_0.625_kelly,home,7.638935973404815,True,0.289105228664795,3.4589481643704785,False,-1.27
2026-04,data\historical_csv\football-data\2526\T1.csv:249,data\historical_csv\football-data\2526\T1.csv,249,2026-04-05,T1,Antalyaspor,Eyupspor,away,0.2672383917214453,0.2458208721830054,4.0576,4.2,-0.2557229030237029,0.0194175195384398,5,0.025,BFE,4.0-5.0,exchange,0.2464511041009463,1.0843464982489366,0.0214175195384399,0.0726599176613802,1.400591665820715,0.0714163580098646,0.3742918642323879,0.2,3.509463722397488,away:4.0-5.0,away:exchange,exchange:4.0-5.0,3.3257027633785787,3.3257027633785787,0.2546473352804085,lower_clv,True,4.033705246706876,4.033705246706876,0.2563922152176333,3.679704005042727,0.708002483328297,3.3257027633785787,0.2546473352804085,1.0,0.68,model_agreement_0.625_kelly,home,-1.0630509219097029,False,0.2438312033667446,4.101197821248118,False,-0.68
2026-04,data\historical_csv\football-data\2526\T1.csv:250,data\historical_csv\football-data\2526\T1.csv,250,2026-04-05,T1,Fenerbahce,Besiktas,away,0.2801556420233463,0.2685653523011722,3.8665,4.0,3.840793467248238,0.009590289722174,5,0.025,BFE,3.0-4.0,exchange,0.258631837579206,1.0832217898832683,0.011590289722174,0.0342320063694269,1.352349705066953,0.0784871837575133,0.3788683998631152,0.2,3.452735031682397,away:3.0-4.0,away:exchange,exchange:3.0-4.0,3.132892611552296,3.132892611552296,0.2667344953098469,lower_clv,True,3.956073403106642,3.956073403106642,0.2688635029176429,3.544483007329469,0.8231807915543459,3.132892611552296,0.2667344953098469,1.0,0.68,model_agreement_0.625_kelly,home,-4.944633292649547,False,0.2458434416328732,4.067629355324986,False,-0.68
2026-04,data\historical_csv\football-data\2526\E1.csv:483,data\historical_csv\football-data\2526\E1.csv,483,2026-04-06,E1,Bristol City,Sheffield United,home,0.3328367737816556,0.3195785491438686,3.205,3.25,2.42492500060989,0.011258224637787,5,0.0,BW,3.0-4.0,sportsbook,0.31201248049922,1.0667418599702063,0.013258224637787,0.0338250623868039,1.1647120903726331,0.110780317981381,0.3876590145441154,0.2,1.4040561622464809,home:3.0-4.0,home:sportsbook,sportsbook:3.0-4.0,2.526058456942476,2.526058456942476,0.3198940981495864,lower_clv,True,3.5561881360309355,3.5561881360309355,0.323108231313669,3.041123296486706,1.0301296790884593,2.526058456942476,0.3198940981495864,1.0,0.72,model_agreement_0.625_kelly,home,19.99545089433139,True,0.3744007828216268,2.6709345863638942,True,1.59
2026-04,data\historical_csv\football-data\2526\P1.csv:265,data\historical_csv\football-data\2526\P1.csv,265,2026-04-19,P1,Arouca,Estrela,away,0.2647077895348478,0.2577159547248835,4.0576,4.2,4.57082578916872,0.0049918348099643,5,0.025,BFE,4.0-5.0,exchange,0.2464511041009463,1.0740783268165983,0.0069918348099643,0.0188579067459109,1.400591665820715,0.0700702138404253,0.3707475239003318,0.2,3.509463722397488,away:4.0-5.0,away:exchange,exchange:4.0-5.0,4.274195782234747,4.274195782234747,0.2569849067977,lower_clv,True,4.88583774672775,4.88583774672775,0.2584923051723377,4.580016764481249,0.6116419644930033,4.274195782234747,0.2569849067977,1.0,0.87,model_agreement_0.625_kelly,home,8.192638047724188,True,0.2666419510245568,3.750347595933632,False,-0.87
