date,league,home_team,away_team,outcome,actual_result,odds,odds_bucket,market_prob_bucket,favorite_relation,stake,won,profit,rule_label,month
2023-02-01,T1,Galatasaray,Umraniyespor,home,home,1.2,"[1.0,1.8)","[0.55,1.00]",market_favorite,1.0,True,0.2,"league|market_prob_bucket=T1|[0.55,1.00]",2023-02
2023-02-01,T1,Trabzonspor,Antalyaspor,home,home,1.6,"[1.0,1.8)","[0.55,1.00]",market_favorite,1.0,True,0.6,"league|market_prob_bucket=T1|[0.55,1.00]",2023-02
2023-02-02,T1,Konyaspor,Istanbulspor,home,away,1.45,"[1.0,1.8)","[0.55,1.00]",market_favorite,1.0,False,-1.0,"league|market_prob_bucket=T1|[0.55,1.00]",2023-02
2023-02-04,G1,OFI Crete,Giannina,draw,draw,3.3,"[2.8,3.5)","[0.28,0.34)",market_non_favorite,1.0,True,2.3,"league|outcome|market_prob_bucket=G1|draw|[0.28,0.34)",2023-02
2023-02-04,G1,Ionikos,Aris,draw,home,3.3,"[2.8,3.5)","[0.28,0.34)",market_non_favorite,1.0,False,-1.0,"league|outcome|market_prob_bucket=G1|draw|[0.28,0.34)",2023-02
2023-02-05,T1,Galatasaray,Trabzonspor,home,home,1.62,"[1.0,1.8)","[0.55,1.00]",market_favorite,1.0,True,0.62,"league|market_prob_bucket=T1|[0.55,1.00]",2023-02
2023-02-05,G1,Panetolikos,Asteras Tripolis,draw,draw,2.9,"[2.8,3.5)","[0.28,0.34)",market_non_favorite,1.0,True,1.9,"league|outcome|market_prob_bucket=G1|draw|[0.28,0.34)",2023-02
2023-02-05,G1,PAOK,Olympiakos,draw,draw,3.2,"[2.8,3.5)","[0.28,0.34)",market_non_favorite,1.0,True,2.2,"league|outcome|market_prob_bucket=G1|draw|[0.28,0.34)",2023-02
2023-02-06,G1,Levadeiakos,Volos NFC,draw,away,3.3,"[2.8,3.5)","[0.28,0.34)",market_non_favorite,1.0,False,-1.0,"league|outcome|market_prob_bucket=G1|draw|[0.28,0.34)",2023-02
2023-02-11,G1,Giannina,Ionikos,draw,draw,3.4,"[2.8,3.5)","[0.28,0.34)",market_non_favorite,1.0,True,2.4,"league|outcome|market_prob_bucket=G1|draw|[0.28,0.34)",2023-02
2023-02-12,G1,Aris,Panathinaikos,draw,away,3.0,"[2.8,3.5)","[0.28,0.34)",market_non_favorite,1.0,False,-1.0,"league|outcome|market_prob_bucket=G1|draw|[0.28,0.34)",2023-02
2023-02-12,G1,Volos NFC,Atromitos,draw,home,3.3,"[2.8,3.5)","[0.28,0.34)",market_non_favorite,1.0,False,-1.0,"league|outcome|market_prob_bucket=G1|draw|[0.28,0.34)",2023-02
2023-02-13,G1,Lamia,OFI Crete,draw,away,3.1,"[2.8,3.5)","[0.28,0.34)",market_non_favorite,1.0,False,-1.0,"league|outcome|market_prob_bucket=G1|draw|[0.28,0.34)",2023-02
2023-02-18,G1,Asteras Tripolis,Giannina,draw,draw,3.0,"[2.8,3.5)","[0.28,0.34)",market_non_favorite,1.0,True,2.0,"league|outcome|market_prob_bucket=G1|draw|[0.28,0.34)",2023-02
2023-02-19,G1,PAOK,AEK,draw,home,3.0,"[2.8,3.5)","[0.28,0.34)",market_non_favorite,1.0,False,-1.0,"league|outcome|market_prob_bucket=G1|draw|[0.28,0.34)",2023-02
2023-02-19,G1,Panetolikos,Ionikos,draw,home,3.1,"[2.8,3.5)","[0.28,0.34)",market_non_favorite,1.0,False,-1.0,"league|outcome|market_prob_bucket=G1|draw|[0.28,0.34)",2023-02
2023-02-20,G1,OFI Crete,Aris,draw,away,3.2,"[2.8,3.5)","[0.28,0.34)",market_non_favorite,1.0,False,-1.0,"league|outcome|market_prob_bucket=G1|draw|[0.28,0.34)",2023-02
2023-02-20,G1,Atromitos,Levadeiakos,draw,home,3.3,"[2.8,3.5)","[0.28,0.34)",market_non_favorite,1.0,False,-1.0,"league|outcome|market_prob_bucket=G1|draw|[0.28,0.34)",2023-02
2023-02-25,T1,Fenerbahce,Konyaspor,home,home,1.5,"[1.0,1.8)","[0.55,1.00]",market_favorite,1.0,True,0.5,"league|market_prob_bucket=T1|[0.55,1.00]",2023-02
2023-02-25,G1,Olympiakos,Panathinaikos,draw,draw,3.3,"[2.8,3.5)","[0.28,0.34)",market_non_favorite,1.0,True,2.3,"league|outcome|market_prob_bucket=G1|draw|[0.28,0.34)",2023-02
2023-02-26,T1,Besiktas,Antalyaspor,home,draw,1.65,"[1.0,1.8)","[0.55,1.00]",market_favorite,1.0,False,-1.0,"league|market_prob_bucket=T1|[0.55,1.00]",2023-02
2023-02-26,G1,Ionikos,OFI Crete,draw,away,3.0,"[2.8,3.5)","[0.28,0.34)",market_non_favorite,1.0,False,-1.0,"league|outcome|market_prob_bucket=G1|draw|[0.28,0.34)",2023-02
2023-02-26,G1,Levadeiakos,Panetolikos,draw,draw,3.2,"[2.8,3.5)","[0.28,0.34)",market_non_favorite,1.0,True,2.2,"league|outcome|market_prob_bucket=G1|draw|[0.28,0.34)",2023-02
2023-03-04,T1,Trabzonspor,Umraniyespor,home,away,1.4,"[1.0,1.8)","[0.55,1.00]",market_favorite,1.0,False,-1.0,"league|market_prob_bucket=T1|[0.55,1.00]",2023-03
2023-03-04,G1,Asteras Tripolis,Atromitos,draw,draw,3.0,"[2.8,3.5)","[0.28,0.34)",market_non_favorite,1.0,True,2.0,"league|outcome|market_prob_bucket=G1|draw|[0.28,0.34)",2023-03
2023-03-04,B1,Kortrijk,Charleroi,draw,away,3.4,"[2.8,3.5)","[0.20,0.28)",market_non_favorite,1.0,False,-1.0,"league|odds_bucket|market_prob_bucket=B1|[2.8,3.5)|[0.20,0.28)",2023-03
2023-03-05,T1,Besiktas,Ankaragucu,home,home,1.5,"[1.0,1.8)","[0.55,1.00]",market_favorite,1.0,True,0.5,"league|market_prob_bucket=T1|[0.55,1.00]",2023-03
2023-03-05,G1,Giannina,Volos NFC,draw,away,3.25,"[2.8,3.5)","[0.28,0.34)",market_non_favorite,1.0,False,-1.0,"league|outcome|market_prob_bucket=G1|draw|[0.28,0.34)",2023-03
2023-03-05,B1,Gent,Anderlecht,draw,home,3.4,"[2.8,3.5)","[0.20,0.28)",market_non_favorite,1.0,False,-1.0,"league|odds_bucket|market_prob_bucket=B1|[2.8,3.5)|[0.20,0.28)",2023-03
2023-03-05,B1,St Truiden,Genk,draw,draw,3.4,"[2.8,3.5)","[0.20,0.28)",market_non_favorite,1.0,True,2.4,"league|odds_bucket|market_prob_bucket=B1|[2.8,3.5)|[0.20,0.28)",2023-03
2023-03-11,T1,Galatasaray,Kasimpasa,home,home,1.25,"[1.0,1.8)","[0.55,1.00]",market_favorite,1.0,True,0.25,"league|market_prob_bucket=T1|[0.55,1.00]",2023-03
2023-03-11,B1,Eupen,Oostende,draw,draw,3.4,"[2.8,3.5)","[0.20,0.28)",market_non_favorite,1.0,True,2.4,"league|odds_bucket|market_prob_bucket=B1|[2.8,3.5)|[0.20,0.28)",2023-03
2023-03-12,G1,Panetolikos,Lamia,draw,draw,3.1,"[2.8,3.5)","[0.28,0.34)",market_non_favorite,1.0,True,2.1,"league|outcome|market_prob_bucket=G1|draw|[0.28,0.34)",2023-03
2023-03-12,G1,Ionikos,Asteras Tripolis,draw,home,3.1,"[2.8,3.5)","[0.28,0.34)",market_non_favorite,1.0,False,-1.0,"league|outcome|market_prob_bucket=G1|draw|[0.28,0.34)",2023-03
2023-03-12,G1,Levadeiakos,OFI Crete,draw,home,3.25,"[2.8,3.5)","[0.28,0.34)",market_non_favorite,1.0,False,-1.0,"league|outcome|market_prob_bucket=G1|draw|[0.28,0.34)",2023-03
2023-03-12,G1,AEK,Olympiakos,draw,away,3.3,"[2.8,3.5)","[0.28,0.34)",market_non_favorite,1.0,False,-1.0,"league|outcome|market_prob_bucket=G1|draw|[0.28,0.34)",2023-03
2023-03-12,B1,Genk,St. Gilloise,draw,away,3.4,"[2.8,3.5)","[0.20,0.28)",market_non_favorite,1.0,False,-1.0,"league|odds_bucket|market_prob_bucket=B1|[2.8,3.5)|[0.20,0.28)",2023-03
2023-03-17,B1,Cercle Brugge,Genk,draw,draw,3.4,"[2.8,3.5)","[0.20,0.28)",market_non_favorite,1.0,True,2.4,"league|odds_bucket|market_prob_bucket=B1|[2.8,3.5)|[0.20,0.28)",2023-03
2023-03-18,T1,Besiktas,Istanbulspor,home,home,1.25,"[1.0,1.8)","[0.55,1.00]",market_favorite,1.0,True,0.25,"league|market_prob_bucket=T1|[0.55,1.00]",2023-03
2023-03-18,G1,Lamia,Giannina,draw,home,3.1,"[2.8,3.5)","[0.28,0.34)",market_non_favorite,1.0,False,-1.0,"league|outcome|market_prob_bucket=G1|draw|[0.28,0.34)",2023-03
2023-03-18,G1,Atromitos,Ionikos,draw,home,3.2,"[2.8,3.5)","[0.28,0.34)",market_non_favorite,1.0,False,-1.0,"league|outcome|market_prob_bucket=G1|draw|[0.28,0.34)",2023-03
2023-03-18,B1,Oostende,Westerlo,draw,away,3.3,"[2.8,3.5)","[0.20,0.28)",market_non_favorite,1.0,False,-1.0,"league|odds_bucket|market_prob_bucket=B1|[2.8,3.5)|[0.20,0.28)",2023-03
2023-03-19,G1,Aris,PAOK,draw,away,3.0,"[2.8,3.5)","[0.28,0.34)",market_non_favorite,1.0,False,-1.0,"league|outcome|market_prob_bucket=G1|draw|[0.28,0.34)",2023-03
2023-03-19,G1,AEK,Panathinaikos,draw,draw,3.2,"[2.8,3.5)","[0.28,0.34)",market_non_favorite,1.0,True,2.2,"league|outcome|market_prob_bucket=G1|draw|[0.28,0.34)",2023-03
2023-03-19,B1,Oud-Heverlee Leuven,Anderlecht,draw,away,3.4,"[2.8,3.5)","[0.20,0.28)",market_non_favorite,1.0,False,-1.0,"league|odds_bucket|market_prob_bucket=B1|[2.8,3.5)|[0.20,0.28)",2023-03
2023-04-01,G1,Giannina,OFI Crete,draw,away,3.0,"[2.8,3.5)","[0.28,0.34)",market_non_favorite,1.0,False,-1.0,"league|outcome|market_prob_bucket=G1|draw|[0.28,0.34)",2023-04
2023-04-01,I2,Perugia,Frosinone,draw,draw,3.1,"[2.8,3.5)","[0.28,0.34)",market_non_favorite,1.0,True,2.1,"league|outcome|odds_bucket=I2|draw|[2.8,3.5)",2023-04
2023-04-01,I2,Ascoli,Brescia,draw,home,3.1,"[2.8,3.5)","[0.28,0.34)",market_non_favorite,1.0,False,-1.0,"league|outcome|odds_bucket=I2|draw|[2.8,3.5)",2023-04
2023-04-01,G1,Levadeiakos,Atromitos,draw,draw,3.2,"[2.8,3.5)","[0.28,0.34)",market_non_favorite,1.0,True,2.2,"league|outcome|market_prob_bucket=G1|draw|[0.28,0.34)",2023-04
2023-04-01,G1,Ionikos,Asteras Tripolis,draw,home,3.2,"[2.8,3.5)","[0.28,0.34)",market_non_favorite,1.0,False,-1.0,"league|outcome|market_prob_bucket=G1|draw|[0.28,0.34)",2023-04
2023-04-01,I2,Venezia,Como,draw,home,3.25,"[2.8,3.5)","[0.28,0.34)",market_non_favorite,1.0,False,-1.0,"league|outcome|odds_bucket=I2|draw|[2.8,3.5)",2023-04
2023-04-01,G1,Panetolikos,Lamia,draw,away,3.3,"[2.8,3.5)","[0.28,0.34)",market_non_favorite,1.0,False,-1.0,"league|outcome|market_prob_bucket=G1|draw|[0.28,0.34)",2023-04
2023-04-01,I2,Cosenza,Pisa,draw,home,3.3,"[2.8,3.5)","[0.28,0.34)",market_non_favorite,1.0,False,-1.0,"league|outcome|odds_bucket=I2|draw|[2.8,3.5)",2023-04
2023-04-01,I2,Spal,Ternana,draw,draw,3.3,"[2.8,3.5)","[0.28,0.34)",market_non_favorite,1.0,True,2.3,"league|outcome|odds_bucket=I2|draw|[2.8,3.5)",2023-04
2023-04-01,I2,Bari,Benevento,draw,home,3.3,"[2.8,3.5)","[0.28,0.34)",market_non_favorite,1.0,False,-1.0,"league|outcome|odds_bucket=I2|draw|[2.8,3.5)",2023-04
2023-04-01,I2,Cagliari,Sudtirol,draw,draw,3.4,"[2.8,3.5)","[0.20,0.28)",market_non_favorite,1.0,True,2.4,"league|outcome|odds_bucket=I2|draw|[2.8,3.5)",2023-04
2023-04-01,B1,Oostende,Standard,draw,away,3.4,"[2.8,3.5)","[0.20,0.28)",market_non_favorite,1.0,False,-1.0,"league|odds_bucket|market_prob_bucket=B1|[2.8,3.5)|[0.20,0.28)",2023-04
2023-04-02,G1,PAOK,AEK,draw,away,3.1,"[2.8,3.5)","[0.28,0.34)",market_non_favorite,1.0,False,-1.0,"league|outcome|market_prob_bucket=G1|draw|[0.28,0.34)",2023-04
2023-04-02,I2,Modena,Cittadella,draw,draw,3.2,"[2.8,3.5)","[0.28,0.34)",market_non_favorite,1.0,True,2.2,"league|outcome|odds_bucket=I2|draw|[2.8,3.5)",2023-04
2023-04-05,G1,Aris,Panathinaikos,draw,away,3.0,"[2.8,3.5)","[0.28,0.34)",market_non_favorite,1.0,False,-1.0,"league|outcome|market_prob_bucket=G1|draw|[0.28,0.34)",2023-04
2023-04-05,I2,Perugia,Reggina,draw,away,3.2,"[2.8,3.5)","[0.28,0.34)",market_non_favorite,1.0,False,-1.0,"league|outcome|odds_bucket=I2|draw|[2.8,3.5)",2023-04
2023-04-05,G1,Olympiakos,PAOK,draw,home,3.3,"[2.8,3.5)","[0.28,0.34)",market_non_favorite,1.0,False,-1.0,"league|outcome|market_prob_bucket=G1|draw|[0.28,0.34)",2023-04
2023-04-08,G1,Panetolikos,Ionikos,draw,away,3.1,"[2.8,3.5)","[0.28,0.34)",market_non_favorite,1.0,False,-1.0,"league|outcome|market_prob_bucket=G1|draw|[0.28,0.34)",2023-04
2023-04-08,G1,Atromitos,Giannina,draw,draw,3.2,"[2.8,3.5)","[0.28,0.34)",market_non_favorite,1.0,True,2.2,"league|outcome|market_prob_bucket=G1|draw|[0.28,0.34)",2023-04
2023-04-08,G1,Asteras Tripolis,Levadeiakos,draw,away,3.2,"[2.8,3.5)","[0.28,0.34)",market_non_favorite,1.0,False,-1.0,"league|outcome|market_prob_bucket=G1|draw|[0.28,0.34)",2023-04
2023-04-08,G1,OFI Crete,Lamia,draw,home,3.3,"[2.8,3.5)","[0.28,0.34)",market_non_favorite,1.0,False,-1.0,"league|outcome|market_prob_bucket=G1|draw|[0.28,0.34)",2023-04
2023-04-09,G1,Panathinaikos,Olympiakos,draw,home,3.2,"[2.8,3.5)","[0.28,0.34)",market_non_favorite,1.0,False,-1.0,"league|outcome|market_prob_bucket=G1|draw|[0.28,0.34)",2023-04
2023-04-09,B1,Standard,Genk,draw,home,3.4,"[2.8,3.5)","[0.20,0.28)",market_non_favorite,1.0,False,-1.0,"league|odds_bucket|market_prob_bucket=B1|[2.8,3.5)|[0.20,0.28)",2023-04
2023-04-10,I2,Sudtirol,Bari,draw,away,3.0,"[2.8,3.5)","[0.28,0.34)",market_non_favorite,1.0,False,-1.0,"league|outcome|odds_bucket=I2|draw|[2.8,3.5)",2023-04
2023-04-10,I2,Pisa,Cagliari,draw,draw,3.1,"[2.8,3.5)","[0.28,0.34)",market_non_favorite,1.0,True,2.1,"league|outcome|odds_bucket=I2|draw|[2.8,3.5)",2023-04
2023-04-10,I2,Cittadella,Parma,draw,away,3.1,"[2.8,3.5)","[0.28,0.34)",market_non_favorite,1.0,False,-1.0,"league|outcome|odds_bucket=I2|draw|[2.8,3.5)",2023-04
2023-04-10,I2,Reggina,Venezia,draw,home,3.2,"[2.8,3.5)","[0.28,0.34)",market_non_favorite,1.0,False,-1.0,"league|outcome|odds_bucket=I2|draw|[2.8,3.5)",2023-04
2023-04-10,I2,Como,Genoa,draw,draw,3.2,"[2.8,3.5)","[0.28,0.34)",market_non_favorite,1.0,True,2.2,"league|outcome|odds_bucket=I2|draw|[2.8,3.5)",2023-04
2023-04-10,I2,Benevento,Spal,draw,away,3.2,"[2.8,3.5)","[0.28,0.34)",market_non_favorite,1.0,False,-1.0,"league|outcome|odds_bucket=I2|draw|[2.8,3.5)",2023-04
2023-04-10,I2,Perugia,Modena,draw,away,3.3,"[2.8,3.5)","[0.28,0.34)",market_non_favorite,1.0,False,-1.0,"league|outcome|odds_bucket=I2|draw|[2.8,3.5)",2023-04
2023-04-10,I2,Brescia,Ternana,draw,home,3.3,"[2.8,3.5)","[0.28,0.34)",market_non_favorite,1.0,False,-1.0,"league|outcome|odds_bucket=I2|draw|[2.8,3.5)",2023-04
2023-04-14,I2,Modena,Parma,draw,draw,3.0,"[2.8,3.5)","[0.28,0.34)",market_non_favorite,1.0,True,2.0,"league|outcome|odds_bucket=I2|draw|[2.8,3.5)",2023-04
2023-04-15,I2,Cosenza,Cittadella,draw,draw,2.88,"[2.8,3.5)","[0.28,0.34)",market_non_favorite,1.0,True,1.88,"league|outcome|odds_bucket=I2|draw|[2.8,3.5)",2023-04
2023-04-15,I2,Bari,Como,draw,draw,3.0,"[2.8,3.5)","[0.28,0.34)",market_non_favorite,1.0,True,2.0,"league|outcome|odds_bucket=I2|draw|[2.8,3.5)",2023-04
2023-04-15,I2,Benevento,Reggina,draw,draw,3.1,"[2.8,3.5)","[0.28,0.34)",market_non_favorite,1.0,True,2.1,"league|outcome|odds_bucket=I2|draw|[2.8,3.5)",2023-04
2023-04-15,I2,Ascoli,Sudtirol,draw,home,3.1,"[2.8,3.5)","[0.28,0.34)",market_non_favorite,1.0,False,-1.0,"league|outcome|odds_bucket=I2|draw|[2.8,3.5)",2023-04
2023-04-15,I2,Spal,Brescia,draw,draw,3.1,"[2.8,3.5)","[0.28,0.34)",market_non_favorite,1.0,True,2.1,"league|outcome|odds_bucket=I2|draw|[2.8,3.5)",2023-04
2023-04-15,I2,Cagliari,Frosinone,draw,draw,3.2,"[2.8,3.5)","[0.28,0.34)",market_non_favorite,1.0,True,2.2,"league|outcome|odds_bucket=I2|draw|[2.8,3.5)",2023-04
2023-04-15,I2,Venezia,Palermo,draw,home,3.2,"[2.8,3.5)","[0.28,0.34)",market_non_favorite,1.0,False,-1.0,"league|outcome|odds_bucket=I2|draw|[2.8,3.5)",2023-04
2023-04-15,B1,Eupen,Waregem,draw,away,3.4,"[2.8,3.5)","[0.20,0.28)",market_non_favorite,1.0,False,-1.0,"league|odds_bucket|market_prob_bucket=B1|[2.8,3.5)|[0.20,0.28)",2023-04
2023-04-15,B1,Westerlo,Club Brugge,draw,draw,3.4,"[2.8,3.5)","[0.20,0.28)",market_non_favorite,1.0,True,2.4,"league|odds_bucket|market_prob_bucket=B1|[2.8,3.5)|[0.20,0.28)",2023-04
2023-04-16,I2,Ternana,Pisa,draw,home,3.3,"[2.8,3.5)","[0.28,0.34)",market_non_favorite,1.0,False,-1.0,"league|outcome|odds_bucket=I2|draw|[2.8,3.5)",2023-04
2023-04-21,I2,Reggina,Brescia,draw,away,3.2,"[2.8,3.5)","[0.28,0.34)",market_non_favorite,1.0,False,-1.0,"league|outcome|odds_bucket=I2|draw|[2.8,3.5)",2023-04
2023-04-22,G1,Giannina,Panetolikos,draw,home,3.0,"[2.8,3.5)","[0.28,0.34)",market_non_favorite,1.0,False,-1.0,"league|outcome|market_prob_bucket=G1|draw|[0.28,0.34)",2023-04
2023-04-22,I2,Parma,Cagliari,draw,home,3.1,"[2.8,3.5)","[0.28,0.34)",market_non_favorite,1.0,False,-1.0,"league|outcome|odds_bucket=I2|draw|[2.8,3.5)",2023-04
2023-04-22,I2,Cittadella,Genoa,draw,away,3.1,"[2.8,3.5)","[0.28,0.34)",market_non_favorite,1.0,False,-1.0,"league|outcome|odds_bucket=I2|draw|[2.8,3.5)",2023-04
2023-04-22,G1,Levadeiakos,Ionikos,draw,draw,3.25,"[2.8,3.5)","[0.28,0.34)",market_non_favorite,1.0,True,2.25,"league|outcome|market_prob_bucket=G1|draw|[0.28,0.34)",2023-04
2023-04-22,I2,Como,Ascoli,draw,draw,3.25,"[2.8,3.5)","[0.28,0.34)",market_non_favorite,1.0,True,2.25,"league|outcome|odds_bucket=I2|draw|[2.8,3.5)",2023-04
2023-04-22,I2,Modena,Spal,draw,draw,3.3,"[2.8,3.5)","[0.28,0.34)",market_non_favorite,1.0,True,2.3,"league|outcome|odds_bucket=I2|draw|[2.8,3.5)",2023-04
2023-04-22,G1,Lamia,Atromitos,draw,home,3.3,"[2.8,3.5)","[0.28,0.34)",market_non_favorite,1.0,False,-1.0,"league|outcome|market_prob_bucket=G1|draw|[0.28,0.34)",2023-04
2023-04-22,G1,OFI Crete,Asteras Tripolis,draw,draw,3.3,"[2.8,3.5)","[0.28,0.34)",market_non_favorite,1.0,True,2.3,"league|outcome|market_prob_bucket=G1|draw|[0.28,0.34)",2023-04
2023-04-22,I2,Palermo,Benevento,draw,draw,3.3,"[2.8,3.5)","[0.28,0.34)",market_non_favorite,1.0,True,2.3,"league|outcome|odds_bucket=I2|draw|[2.8,3.5)",2023-04
2023-04-22,I2,Perugia,Cosenza,draw,draw,3.4,"[2.8,3.5)","[0.20,0.28)",market_non_favorite,1.0,True,2.4,"league|outcome|odds_bucket=I2|draw|[2.8,3.5)",2023-04
2023-04-23,I2,Pisa,Bari,draw,away,3.1,"[2.8,3.5)","[0.28,0.34)",market_non_favorite,1.0,False,-1.0,"league|outcome|odds_bucket=I2|draw|[2.8,3.5)",2023-04
2023-04-23,G1,PAOK,Panathinaikos,draw,away,3.1,"[2.8,3.5)","[0.28,0.34)",market_non_favorite,1.0,False,-1.0,"league|outcome|market_prob_bucket=G1|draw|[0.28,0.34)",2023-04
2023-04-23,I2,Ternana,Venezia,draw,away,3.25,"[2.8,3.5)","[0.28,0.34)",market_non_favorite,1.0,False,-1.0,"league|outcome|odds_bucket=I2|draw|[2.8,3.5)",2023-04
2023-04-23,G1,Volos NFC,Aris,draw,away,3.4,"[2.8,3.5)","[0.28,0.34)",market_non_favorite,1.0,False,-1.0,"league|outcome|market_prob_bucket=G1|draw|[0.28,0.34)",2023-04
2023-04-26,G1,Aris,Olympiakos,draw,home,3.4,"[2.8,3.5)","[0.28,0.34)",market_non_favorite,1.0,False,-1.0,"league|outcome|market_prob_bucket=G1|draw|[0.28,0.34)",2023-04
2023-04-29,G1,Asteras Tripolis,Lamia,draw,draw,2.9,"[2.8,3.5)","[0.28,0.34)",market_non_favorite,1.0,True,1.9,"league|outcome|market_prob_bucket=G1|draw|[0.28,0.34)",2023-04
2023-04-29,G1,Panetolikos,Levadeiakos,draw,draw,3.0,"[2.8,3.5)","[0.28,0.34)",market_non_favorite,1.0,True,2.0,"league|outcome|market_prob_bucket=G1|draw|[0.28,0.34)",2023-04
2023-04-29,G1,Atromitos,OFI Crete,draw,away,3.1,"[2.8,3.5)","[0.28,0.34)",market_non_favorite,1.0,False,-1.0,"league|outcome|market_prob_bucket=G1|draw|[0.28,0.34)",2023-04
2023-04-29,G1,Ionikos,Giannina,draw,away,3.2,"[2.8,3.5)","[0.28,0.34)",market_non_favorite,1.0,False,-1.0,"league|outcome|market_prob_bucket=G1|draw|[0.28,0.34)",2023-04
2023-04-30,G1,Panathinaikos,AEK,draw,draw,3.1,"[2.8,3.5)","[0.28,0.34)",market_non_favorite,1.0,True,2.1,"league|outcome|market_prob_bucket=G1|draw|[0.28,0.34)",2023-04
2023-04-30,I2,Spal,Perugia,draw,draw,3.2,"[2.8,3.5)","[0.28,0.34)",market_non_favorite,1.0,True,2.2,"league|outcome|odds_bucket=I2|draw|[2.8,3.5)",2023-04
2023-05-01,I2,Ascoli,Pisa,draw,home,3.1,"[2.8,3.5)","[0.28,0.34)",market_non_favorite,1.0,False,-1.0,"league|outcome|odds_bucket=I2|draw|[2.8,3.5)",2023-05
2023-05-01,I2,Sudtirol,Genoa,draw,draw,3.2,"[2.8,3.5)","[0.28,0.34)",market_non_favorite,1.0,True,2.2,"league|outcome|odds_bucket=I2|draw|[2.8,3.5)",2023-05
2023-05-01,I2,Bari,Cittadella,draw,draw,3.25,"[2.8,3.5)","[0.28,0.34)",market_non_favorite,1.0,True,2.25,"league|outcome|odds_bucket=I2|draw|[2.8,3.5)",2023-05
2023-05-01,I2,Benevento,Parma,draw,draw,3.3,"[2.8,3.5)","[0.28,0.34)",market_non_favorite,1.0,True,2.3,"league|outcome|odds_bucket=I2|draw|[2.8,3.5)",2023-05
2023-05-01,I2,Venezia,Modena,draw,home,3.3,"[2.8,3.5)","[0.28,0.34)",market_non_favorite,1.0,False,-1.0,"league|outcome|odds_bucket=I2|draw|[2.8,3.5)",2023-05
2023-05-01,I2,Como,Palermo,draw,draw,3.3,"[2.8,3.5)","[0.28,0.34)",market_non_favorite,1.0,True,2.3,"league|outcome|odds_bucket=I2|draw|[2.8,3.5)",2023-05
2023-05-05,I2,Perugia,Cagliari,draw,away,3.1,"[2.8,3.5)","[0.28,0.34)",market_non_favorite,1.0,False,-1.0,"league|outcome|odds_bucket=I2|draw|[2.8,3.5)",2023-05
2023-05-06,I2,Modena,Bari,draw,draw,3.1,"[2.8,3.5)","[0.28,0.34)",market_non_favorite,1.0,True,2.1,"league|outcome|odds_bucket=I2|draw|[2.8,3.5)",2023-05
2023-05-06,I2,Cosenza,Venezia,draw,draw,3.1,"[2.8,3.5)","[0.28,0.34)",market_non_favorite,1.0,True,2.1,"league|outcome|odds_bucket=I2|draw|[2.8,3.5)",2023-05
2023-05-06,I2,Ternana,Sudtirol,draw,away,3.2,"[2.8,3.5)","[0.28,0.34)",market_non_favorite,1.0,False,-1.0,"league|outcome|odds_bucket=I2|draw|[2.8,3.5)",2023-05
2023-05-06,I2,Reggina,Como,draw,home,3.2,"[2.8,3.5)","[0.28,0.34)",market_non_favorite,1.0,False,-1.0,"league|outcome|odds_bucket=I2|draw|[2.8,3.5)",2023-05
2023-05-06,G1,Atromitos,Panetolikos,draw,home,3.3,"[2.8,3.5)","[0.28,0.34)",market_non_favorite,1.0,False,-1.0,"league|outcome|market_prob_bucket=G1|draw|[0.28,0.34)",2023-05
2023-05-06,G1,OFI Crete,Ionikos,draw,draw,3.3,"[2.8,3.5)","[0.28,0.34)",market_non_favorite,1.0,True,2.3,"league|outcome|market_prob_bucket=G1|draw|[0.28,0.34)",2023-05
2023-05-06,G1,Lamia,Levadeiakos,draw,draw,3.3,"[2.8,3.5)","[0.28,0.34)",market_non_favorite,1.0,True,2.3,"league|outcome|market_prob_bucket=G1|draw|[0.28,0.34)",2023-05
2023-05-06,I2,Pisa,Frosinone,draw,away,3.3,"[2.8,3.5)","[0.28,0.34)",market_non_favorite,1.0,False,-1.0,"league|outcome|odds_bucket=I2|draw|[2.8,3.5)",2023-05
2023-05-06,I2,Cittadella,Benevento,draw,home,3.3,"[2.8,3.5)","[0.28,0.34)",market_non_favorite,1.0,False,-1.0,"league|outcome|odds_bucket=I2|draw|[2.8,3.5)",2023-05
2023-05-07,I2,Parma,Brescia,draw,home,3.4,"[2.8,3.5)","[0.20,0.28)",market_non_favorite,1.0,False,-1.0,"league|outcome|odds_bucket=I2|draw|[2.8,3.5)",2023-05
2023-05-13,I2,Frosinone,Genoa,draw,home,2.9,"[2.8,3.5)","[0.28,0.34)",market_non_favorite,1.0,False,-1.0,"league|outcome|odds_bucket=I2|draw|[2.8,3.5)",2023-05
2023-05-13,I2,Como,Ternana,draw,home,2.88,"[2.8,3.5)","[0.28,0.34)",market_non_favorite,1.0,False,-1.0,"league|outcome|odds_bucket=I2|draw|[2.8,3.5)",2023-05
2023-05-13,I2,Bari,Reggina,draw,home,3.1,"[2.8,3.5)","[0.28,0.34)",market_non_favorite,1.0,False,-1.0,"league|outcome|odds_bucket=I2|draw|[2.8,3.5)",2023-05
2023-05-13,G1,Levadeiakos,Giannina,draw,draw,3.2,"[2.8,3.5)","[0.28,0.34)",market_non_favorite,1.0,True,2.2,"league|outcome|market_prob_bucket=G1|draw|[0.28,0.34)",2023-05
2023-05-13,G1,Ionikos,Lamia,draw,draw,3.2,"[2.8,3.5)","[0.28,0.34)",market_non_favorite,1.0,True,2.2,"league|outcome|market_prob_bucket=G1|draw|[0.28,0.34)",2023-05
2023-05-13,G1,Panetolikos,OFI Crete,draw,away,3.2,"[2.8,3.5)","[0.28,0.34)",market_non_favorite,1.0,False,-1.0,"league|outcome|market_prob_bucket=G1|draw|[0.28,0.34)",2023-05
2023-05-13,I2,Spal,Parma,draw,away,3.25,"[2.8,3.5)","[0.28,0.34)",market_non_favorite,1.0,False,-1.0,"league|outcome|odds_bucket=I2|draw|[2.8,3.5)",2023-05
2023-05-13,I2,Brescia,Pisa,draw,draw,3.3,"[2.8,3.5)","[0.28,0.34)",market_non_favorite,1.0,True,2.3,"league|outcome|odds_bucket=I2|draw|[2.8,3.5)",2023-05
2023-05-13,I2,Ascoli,Cosenza,draw,draw,3.4,"[2.8,3.5)","[0.20,0.28)",market_non_favorite,1.0,True,2.4,"league|outcome|odds_bucket=I2|draw|[2.8,3.5)",2023-05
2023-05-14,G1,PAOK,Olympiakos,draw,away,3.25,"[2.8,3.5)","[0.28,0.34)",market_non_favorite,1.0,False,-1.0,"league|outcome|market_prob_bucket=G1|draw|[0.28,0.34)",2023-05
2023-05-19,I2,Modena,Sudtirol,draw,home,3.1,"[2.8,3.5)","[0.28,0.34)",market_non_favorite,1.0,False,-1.0,"league|outcome|odds_bucket=I2|draw|[2.8,3.5)",2023-05
2023-05-19,I2,Ternana,Frosinone,draw,away,3.3,"[2.8,3.5)","[0.28,0.34)",market_non_favorite,1.0,False,-1.0,"league|outcome|odds_bucket=I2|draw|[2.8,3.5)",2023-05
2023-05-19,I2,Parma,Venezia,draw,home,3.4,"[2.8,3.5)","[0.20,0.28)",market_non_favorite,1.0,False,-1.0,"league|outcome|odds_bucket=I2|draw|[2.8,3.5)",2023-05
2023-05-19,I2,Cittadella,Como,draw,draw,3.4,"[2.8,3.5)","[0.20,0.28)",market_non_favorite,1.0,True,2.4,"league|outcome|odds_bucket=I2|draw|[2.8,3.5)",2023-05
2023-07-28,B1,St. Gilloise,Anderlecht,draw,home,3.3,"[2.8,3.5)","[0.20,0.28)",market_non_favorite,1.0,False,-1.0,"league|odds_bucket|market_prob_bucket=B1|[2.8,3.5)|[0.20,0.28)",2023-07
2023-07-29,B1,Eupen,Westerlo,draw,draw,3.3,"[2.8,3.5)","[0.20,0.28)",market_non_favorite,1.0,True,2.3,"league|odds_bucket|market_prob_bucket=B1|[2.8,3.5)|[0.20,0.28)",2023-07
2023-07-29,B1,Eupen,Westerlo,home,draw,3.4,"[2.8,3.5)","[0.20,0.28)",market_non_favorite,1.0,False,-1.0,"league|odds_bucket|market_prob_bucket=B1|[2.8,3.5)|[0.20,0.28)",2023-07
2023-08-06,B1,Kortrijk,St Truiden,draw,away,3.4,"[2.8,3.5)","[0.20,0.28)",market_non_favorite,1.0,False,-1.0,"league|odds_bucket|market_prob_bucket=B1|[2.8,3.5)|[0.20,0.28)",2023-08
2023-08-06,B1,Anderlecht,Antwerp,draw,home,3.4,"[2.8,3.5)","[0.20,0.28)",market_non_favorite,1.0,False,-1.0,"league|odds_bucket|market_prob_bucket=B1|[2.8,3.5)|[0.20,0.28)",2023-08
2023-08-13,B1,Westerlo,Gent,home,away,3.3,"[2.8,3.5)","[0.20,0.28)",market_non_favorite,1.0,False,-1.0,"league|odds_bucket|market_prob_bucket=B1|[2.8,3.5)|[0.20,0.28)",2023-08
2023-08-13,B1,Charleroi,Standard,away,draw,3.4,"[2.8,3.5)","[0.20,0.28)",market_non_favorite,1.0,False,-1.0,"league|odds_bucket|market_prob_bucket=B1|[2.8,3.5)|[0.20,0.28)",2023-08
2023-08-13,B1,St Truiden,Anderlecht,draw,away,3.4,"[2.8,3.5)","[0.20,0.28)",market_non_favorite,1.0,False,-1.0,"league|odds_bucket|market_prob_bucket=B1|[2.8,3.5)|[0.20,0.28)",2023-08
2023-08-13,B1,Westerlo,Gent,draw,away,3.4,"[2.8,3.5)","[0.20,0.28)",market_non_favorite,1.0,False,-1.0,"league|odds_bucket|market_prob_bucket=B1|[2.8,3.5)|[0.20,0.28)",2023-08
2023-08-14,P1,Boavista,Benfica,away,home,1.3,"[1.0,1.8)","[0.55,1.00]",market_favorite,1.0,False,-1.0,"league|outcome|odds_bucket=P1|away|[1.0,1.8)",2023-08
2023-08-14,P1,Moreirense,Porto,away,away,1.36,"[1.0,1.8)","[0.55,1.00]",market_favorite,1.0,True,0.36,"league|outcome|odds_bucket=P1|away|[1.0,1.8)",2023-08
2023-08-18,P1,Casa Pia,Sp Lisbon,away,away,1.44,"[1.0,1.8)","[0.55,1.00]",market_favorite,1.0,True,0.44,"league|outcome|odds_bucket=P1|away|[1.0,1.8)",2023-08
2023-08-18,I2,Bari,Palermo,draw,draw,3.1,"[2.8,3.5)","[0.28,0.34)",market_non_favorite,1.0,True,2.1,"league|outcome|odds_bucket=I2|draw|[2.8,3.5)",2023-08
2023-08-19,P1,Chaves,Sp Braga,away,away,1.7,"[1.0,1.8)","[0.55,1.00]",market_favorite,1.0,True,0.7,"league|outcome|odds_bucket=P1|away|[1.0,1.8)",2023-08
2023-08-19,I2,Cosenza,Ascoli,draw,home,3.1,"[2.8,3.5)","[0.28,0.34)",market_non_favorite,1.0,False,-1.0,"league|outcome|odds_bucket=I2|draw|[2.8,3.5)",2023-08
2023-08-19,I2,Ternana,Sampdoria,draw,away,3.3,"[2.8,3.5)","[0.28,0.34)",market_non_favorite,1.0,False,-1.0,"league|outcome|odds_bucket=I2|draw|[2.8,3.5)",2023-08
2023-08-19,I2,Cremonese,Catanzaro,draw,draw,3.4,"[2.8,3.5)","[0.20,0.28)",market_non_favorite,1.0,True,2.4,"league|outcome|odds_bucket=I2|draw|[2.8,3.5)",2023-08
2023-08-19,B1,Standard,Cercle Brugge,draw,away,3.4,"[2.8,3.5)","[0.20,0.28)",market_non_favorite,1.0,False,-1.0,"league|odds_bucket|market_prob_bucket=B1|[2.8,3.5)|[0.20,0.28)",2023-08
2023-08-20,I2,Sudtirol,Spezia,draw,draw,3.2,"[2.8,3.5)","[0.28,0.34)",market_non_favorite,1.0,True,2.2,"league|outcome|odds_bucket=I2|draw|[2.8,3.5)",2023-08
2023-08-20,I2,Cittadella,Reggiana,draw,home,3.4,"[2.8,3.5)","[0.20,0.28)",market_non_favorite,1.0,False,-1.0,"league|outcome|odds_bucket=I2|draw|[2.8,3.5)",2023-08
2023-08-20,I2,Venezia,Como,draw,home,3.4,"[2.8,3.5)","[0.20,0.28)",market_non_favorite,1.0,False,-1.0,"league|outcome|odds_bucket=I2|draw|[2.8,3.5)",2023-08
2023-08-25,I2,Sampdoria,Pisa,draw,away,3.4,"[2.8,3.5)","[0.28,0.34)",market_non_favorite,1.0,False,-1.0,"league|outcome|odds_bucket=I2|draw|[2.8,3.5)",2023-08
2023-08-26,P1,Gil Vicente,Benfica,away,away,1.29,"[1.0,1.8)","[0.55,1.00]",market_favorite,1.0,True,0.29,"league|outcome|odds_bucket=P1|away|[1.0,1.8)",2023-08
2023-08-26,I2,Como,Reggiana,draw,draw,3.1,"[2.8,3.5)","[0.28,0.34)",market_non_favorite,1.0,True,2.1,"league|outcome|odds_bucket=I2|draw|[2.8,3.5)",2023-08
2023-08-26,I2,FeralpiSalo,Sudtirol,draw,away,3.2,"[2.8,3.5)","[0.28,0.34)",market_non_favorite,1.0,False,-1.0,"league|outcome|odds_bucket=I2|draw|[2.8,3.5)",2023-08
2023-08-26,I2,Cremonese,Bari,draw,away,3.3,"[2.8,3.5)","[0.28,0.34)",market_non_favorite,1.0,False,-1.0,"league|outcome|odds_bucket=I2|draw|[2.8,3.5)",2023-08
2023-08-26,I2,Modena,Ascoli,draw,home,3.3,"[2.8,3.5)","[0.28,0.34)",market_non_favorite,1.0,False,-1.0,"league|outcome|odds_bucket=I2|draw|[2.8,3.5)",2023-08
2023-08-26,I2,Parma,Cittadella,draw,home,3.4,"[2.8,3.5)","[0.20,0.28)",market_non_favorite,1.0,False,-1.0,"league|outcome|odds_bucket=I2|draw|[2.8,3.5)",2023-08
2023-08-26,B1,Kortrijk,Standard,draw,draw,3.4,"[2.8,3.5)","[0.20,0.28)",market_non_favorite,1.0,True,2.4,"league|odds_bucket|market_prob_bucket=B1|[2.8,3.5)|[0.20,0.28)",2023-08
2023-08-27,I2,Catanzaro,Ternana,draw,home,3.3,"[2.8,3.5)","[0.28,0.34)",market_non_favorite,1.0,False,-1.0,"league|outcome|odds_bucket=I2|draw|[2.8,3.5)",2023-08
2023-08-28,P1,Rio Ave,Porto,away,away,1.45,"[1.0,1.8)","[0.55,1.00]",market_favorite,1.0,True,0.45,"league|outcome|odds_bucket=P1|away|[1.0,1.8)",2023-08
2023-08-29,I2,Cosenza,Modena,draw,away,3.1,"[2.8,3.5)","[0.28,0.34)",market_non_favorite,1.0,False,-1.0,"league|outcome|odds_bucket=I2|draw|[2.8,3.5)",2023-08
2023-08-29,I2,Pisa,Parma,draw,away,3.1,"[2.8,3.5)","[0.28,0.34)",market_non_favorite,1.0,False,-1.0,"league|outcome|odds_bucket=I2|draw|[2.8,3.5)",2023-08
2023-08-29,I2,Reggiana,Palermo,draw,away,3.2,"[2.8,3.5)","[0.28,0.34)",market_non_favorite,1.0,False,-1.0,"league|outcome|odds_bucket=I2|draw|[2.8,3.5)",2023-08
2023-08-29,I2,Ascoli,FeralpiSalo,draw,home,3.3,"[2.8,3.5)","[0.28,0.34)",market_non_favorite,1.0,False,-1.0,"league|outcome|odds_bucket=I2|draw|[2.8,3.5)",2023-08
2023-08-30,I2,Bari,Cittadella,draw,draw,3.2,"[2.8,3.5)","[0.28,0.34)",market_non_favorite,1.0,True,2.2,"league|outcome|odds_bucket=I2|draw|[2.8,3.5)",2023-08
2023-08-30,I2,Ternana,Cremonese,draw,away,3.2,"[2.8,3.5)","[0.28,0.34)",market_non_favorite,1.0,False,-1.0,"league|outcome|odds_bucket=I2|draw|[2.8,3.5)",2023-08
2023-08-30,I2,Catanzaro,Spezia,draw,home,3.25,"[2.8,3.5)","[0.28,0.34)",market_non_favorite,1.0,False,-1.0,"league|outcome|odds_bucket=I2|draw|[2.8,3.5)",2023-08
2023-08-30,I2,Sampdoria,Venezia,draw,away,3.3,"[2.8,3.5)","[0.28,0.34)",market_non_favorite,1.0,False,-1.0,"league|outcome|odds_bucket=I2|draw|[2.8,3.5)",2023-08
2023-09-01,G1,Kifisia,Atromitos,draw,home,3.3,"[2.8,3.5)","[0.28,0.34)",market_non_favorite,1.0,False,-1.0,"league|outcome|market_prob_bucket=G1|draw|[0.28,0.34)",2023-09
2023-09-02,I2,Sudtirol,Ascoli,draw,home,2.88,"[2.8,3.5)","[0.28,0.34)",market_non_favorite,1.0,False,-1.0,"league|outcome|odds_bucket=I2|draw|[2.8,3.5)",2023-09
2023-09-02,I2,Modena,Pisa,draw,home,3.1,"[2.8,3.5)","[0.28,0.34)",market_non_favorite,1.0,False,-1.0,"league|outcome|odds_bucket=I2|draw|[2.8,3.5)",2023-09
2023-09-03,I2,Ternana,Bari,draw,draw,3.1,"[2.8,3.5)","[0.28,0.34)",market_non_favorite,1.0,True,2.1,"league|outcome|odds_bucket=I2|draw|[2.8,3.5)",2023-09
2023-09-03,I2,Cittadella,Venezia,draw,draw,3.2,"[2.8,3.5)","[0.28,0.34)",market_non_favorite,1.0,True,2.2,"league|outcome|odds_bucket=I2|draw|[2.8,3.5)",2023-09
2023-09-03,I2,Brescia,Cosenza,draw,home,3.18,"[2.8,3.5)","[0.28,0.34)",market_non_favorite,1.0,False,-1.0,"league|outcome|odds_bucket=I2|draw|[2.8,3.5)",2023-09
2023-09-03,I2,Cremonese,Sampdoria,draw,draw,3.3,"[2.8,3.5)","[0.28,0.34)",market_non_favorite,1.0,True,2.3,"league|outcome|odds_bucket=I2|draw|[2.8,3.5)",2023-09
2023-09-15,P1,Estrela,Porto,away,away,1.33,"[1.0,1.8)","[0.55,1.00]",market_favorite,1.0,True,0.33,"league|outcome|odds_bucket=P1|away|[1.0,1.8)",2023-09
2023-09-16,P1,Vizela,Benfica,away,away,1.33,"[1.0,1.8)","[0.55,1.00]",market_favorite,1.0,True,0.33,"league|outcome|odds_bucket=P1|away|[1.0,1.8)",2023-09
2023-09-16,P1,Farense,Sp Braga,away,home,1.7,"[1.0,1.8)","[0.55,1.00]",market_favorite,1.0,False,-1.0,"league|outcome|odds_bucket=P1|away|[1.0,1.8)",2023-09
2023-09-16,I2,Cosenza,Sudtirol,draw,draw,3.1,"[2.8,3.5)","[0.28,0.34)",market_non_favorite,1.0,True,2.1,"league|outcome|odds_bucket=I2|draw|[2.8,3.5)",2023-09
2023-09-16,I2,Lecco,Brescia,draw,away,3.2,"[2.8,3.5)","[0.28,0.34)",market_non_favorite,1.0,False,-1.0,"league|outcome|odds_bucket=I2|draw|[2.8,3.5)",2023-09
2023-09-16,I2,Pisa,Bari,draw,draw,3.2,"[2.8,3.5)","[0.28,0.34)",market_non_favorite,1.0,True,2.2,"league|outcome|odds_bucket=I2|draw|[2.8,3.5)",2023-09
2023-09-16,G1,Lamia,OFI Crete,draw,draw,3.25,"[2.8,3.5)","[0.28,0.34)",market_non_favorite,1.0,True,2.25,"league|outcome|market_prob_bucket=G1|draw|[0.28,0.34)",2023-09
2023-09-16,I2,FeralpiSalo,Modena,draw,draw,3.25,"[2.8,3.5)","[0.28,0.34)",market_non_favorite,1.0,True,2.25,"league|outcome|odds_bucket=I2|draw|[2.8,3.5)",2023-09
2023-09-16,I2,Ascoli,Palermo,draw,away,3.25,"[2.8,3.5)","[0.28,0.34)",market_non_favorite,1.0,False,-1.0,"league|outcome|odds_bucket=I2|draw|[2.8,3.5)",2023-09
2023-09-16,I2,Reggiana,Cremonese,draw,draw,3.25,"[2.8,3.5)","[0.28,0.34)",market_non_favorite,1.0,True,2.25,"league|outcome|odds_bucket=I2|draw|[2.8,3.5)",2023-09
2023-09-17,G1,Asteras Tripolis,Giannina,draw,draw,3.2,"[2.8,3.5)","[0.28,0.34)",market_non_favorite,1.0,True,2.2,"league|outcome|market_prob_bucket=G1|draw|[0.28,0.34)",2023-09
2023-09-17,I2,Catanzaro,Parma,draw,away,3.25,"[2.8,3.5)","[0.28,0.34)",market_non_favorite,1.0,False,-1.0,"league|outcome|odds_bucket=I2|draw|[2.8,3.5)",2023-09
2023-09-17,I2,Como,Ternana,draw,home,3.3,"[2.8,3.5)","[0.28,0.34)",market_non_favorite,1.0,False,-1.0,"league|outcome|odds_bucket=I2|draw|[2.8,3.5)",2023-09
2023-09-18,I2,Sampdoria,Cittadella,draw,away,3.2,"[2.8,3.5)","[0.28,0.34)",market_non_favorite,1.0,False,-1.0,"league|outcome|odds_bucket=I2|draw|[2.8,3.5)",2023-09
2023-09-23,I2,FeralpiSalo,Pisa,draw,away,3.1,"[2.8,3.5)","[0.28,0.34)",market_non_favorite,1.0,False,-1.0,"league|outcome|odds_bucket=I2|draw|[2.8,3.5)",2023-09
2023-09-23,G1,Panserraikos,Lamia,draw,home,3.2,"[2.8,3.5)","[0.28,0.34)",market_non_favorite,1.0,False,-1.0,"league|outcome|market_prob_bucket=G1|draw|[0.28,0.34)",2023-09
2023-09-23,I2,Brescia,Venezia,draw,draw,3.2,"[2.8,3.5)","[0.28,0.34)",market_non_favorite,1.0,True,2.2,"league|outcome|odds_bucket=I2|draw|[2.8,3.5)",2023-09
2023-09-23,G1,OFI Crete,Atromitos,draw,draw,3.2,"[2.8,3.5)","[0.28,0.34)",market_non_favorite,1.0,True,2.2,"league|outcome|market_prob_bucket=G1|draw|[0.28,0.34)",2023-09
2023-09-23,I2,Ternana,Sudtirol,draw,draw,3.3,"[2.8,3.5)","[0.28,0.34)",market_non_favorite,1.0,True,2.3,"league|outcome|odds_bucket=I2|draw|[2.8,3.5)",2023-09
2023-09-24,P1,Portimonense,Benfica,away,away,1.25,"[1.0,1.8)","[0.55,1.00]",market_favorite,1.0,True,0.25,"league|outcome|odds_bucket=P1|away|[1.0,1.8)",2023-09
2023-09-24,I2,Bari,Catanzaro,draw,draw,3.1,"[2.8,3.5)","[0.28,0.34)",market_non_favorite,1.0,True,2.1,"league|outcome|odds_bucket=I2|draw|[2.8,3.5)",2023-09
2023-09-24,G1,Volos NFC,Asteras Tripolis,draw,away,3.2,"[2.8,3.5)","[0.28,0.34)",market_non_favorite,1.0,False,-1.0,"league|outcome|market_prob_bucket=G1|draw|[0.28,0.34)",2023-09
2023-09-24,I2,Cittadella,Como,draw,away,3.3,"[2.8,3.5)","[0.28,0.34)",market_non_favorite,1.0,False,-1.0,"league|outcome|odds_bucket=I2|draw|[2.8,3.5)",2023-09
2023-09-24,I2,Parma,Sampdoria,draw,draw,3.3,"[2.8,3.5)","[0.28,0.34)",market_non_favorite,1.0,True,2.3,"league|outcome|odds_bucket=I2|draw|[2.8,3.5)",2023-09
2023-09-25,G1,Panathinaikos,AEK,draw,away,3.2,"[2.8,3.5)","[0.28,0.34)",market_non_favorite,1.0,False,-1.0,"league|outcome|market_prob_bucket=G1|draw|[0.28,0.34)",2023-09
2023-09-26,I2,Sudtirol,Modena,draw,draw,2.9,"[2.8,3.5)","[0.28,0.34)",market_non_favorite,1.0,True,1.9,"league|outcome|odds_bucket=I2|draw|[2.8,3.5)",2023-09
2023-09-26,I2,Ascoli,Ternana,draw,home,3.1,"[2.8,3.5)","[0.28,0.34)",market_non_favorite,1.0,False,-1.0,"league|outcome|odds_bucket=I2|draw|[2.8,3.5)",2023-09
2023-09-26,I2,Lecco,FeralpiSalo,draw,away,3.1,"[2.8,3.5)","[0.28,0.34)",market_non_favorite,1.0,False,-1.0,"league|outcome|odds_bucket=I2|draw|[2.8,3.5)",2023-09
2023-09-26,I2,Reggiana,Pisa,draw,draw,3.1,"[2.8,3.5)","[0.28,0.34)",market_non_favorite,1.0,True,2.1,"league|outcome|odds_bucket=I2|draw|[2.8,3.5)",2023-09
2023-09-26,I2,Cosenza,Cremonese,draw,away,3.2,"[2.8,3.5)","[0.28,0.34)",market_non_favorite,1.0,False,-1.0,"league|outcome|odds_bucket=I2|draw|[2.8,3.5)",2023-09
2023-09-26,I2,Venezia,Palermo,draw,away,3.25,"[2.8,3.5)","[0.28,0.34)",market_non_favorite,1.0,False,-1.0,"league|outcome|odds_bucket=I2|draw|[2.8,3.5)",2023-09
2023-09-26,I2,Spezia,Brescia,draw,draw,3.4,"[2.8,3.5)","[0.20,0.28)",market_non_favorite,1.0,True,2.4,"league|outcome|odds_bucket=I2|draw|[2.8,3.5)",2023-09
2023-09-27,G1,Panetolikos,OFI Crete,draw,draw,3.1,"[2.8,3.5)","[0.28,0.34)",market_non_favorite,1.0,True,2.1,"league|outcome|market_prob_bucket=G1|draw|[0.28,0.34)",2023-09
2023-09-27,G1,Kifisia,Lamia,draw,draw,3.1,"[2.8,3.5)","[0.28,0.34)",market_non_favorite,1.0,True,2.1,"league|outcome|market_prob_bucket=G1|draw|[0.28,0.34)",2023-09
2023-09-27,I2,Catanzaro,Cittadella,draw,draw,3.2,"[2.8,3.5)","[0.28,0.34)",market_non_favorite,1.0,True,2.2,"league|outcome|odds_bucket=I2|draw|[2.8,3.5)",2023-09
2023-09-27,I2,Parma,Bari,draw,home,3.25,"[2.8,3.5)","[0.28,0.34)",market_non_favorite,1.0,False,-1.0,"league|outcome|odds_bucket=I2|draw|[2.8,3.5)",2023-09
2023-09-27,I2,Como,Sampdoria,draw,home,3.3,"[2.8,3.5)","[0.28,0.34)",market_non_favorite,1.0,False,-1.0,"league|outcome|odds_bucket=I2|draw|[2.8,3.5)",2023-09
2023-09-28,P1,Estrela,Sp Braga,away,away,1.7,"[1.0,1.8)","[0.42,0.55)",market_favorite,1.0,True,0.7,"league|outcome|odds_bucket=P1|away|[1.0,1.8)",2023-09
2023-09-28,G1,Panserraikos,Giannina,draw,home,3.2,"[2.8,3.5)","[0.28,0.34)",market_non_favorite,1.0,False,-1.0,"league|outcome|market_prob_bucket=G1|draw|[0.28,0.34)",2023-09
2023-09-30,P1,Farense,Sp Lisbon,away,away,1.45,"[1.0,1.8)","[0.55,1.00]",market_favorite,1.0,True,0.45,"league|outcome|odds_bucket=P1|away|[1.0,1.8)",2023-09
2023-09-30,I2,FeralpiSalo,Spezia,draw,away,3.1,"[2.8,3.5)","[0.28,0.34)",market_non_favorite,1.0,False,-1.0,"league|outcome|odds_bucket=I2|draw|[2.8,3.5)",2023-09
2023-09-30,I2,Brescia,Ascoli,draw,draw,3.2,"[2.8,3.5)","[0.28,0.34)",market_non_favorite,1.0,True,2.2,"league|outcome|odds_bucket=I2|draw|[2.8,3.5)",2023-09
2023-09-30,I2,Modena,Venezia,draw,away,3.25,"[2.8,3.5)","[0.28,0.34)",market_non_favorite,1.0,False,-1.0,"league|outcome|odds_bucket=I2|draw|[2.8,3.5)",2023-09
2023-09-30,I2,Ternana,Reggiana,draw,home,3.3,"[2.8,3.5)","[0.28,0.34)",market_non_favorite,1.0,False,-1.0,"league|outcome|odds_bucket=I2|draw|[2.8,3.5)",2023-09
2023-09-30,I2,Pisa,Cosenza,draw,away,3.3,"[2.8,3.5)","[0.28,0.34)",market_non_favorite,1.0,False,-1.0,"league|outcome|odds_bucket=I2|draw|[2.8,3.5)",2023-09
2023-10-01,I2,Bari,Como,draw,draw,3.0,"[2.8,3.5)","[0.28,0.34)",market_non_favorite,1.0,True,2.0,"league|outcome|odds_bucket=I2|draw|[2.8,3.5)",2023-10
2023-10-01,I2,Sampdoria,Catanzaro,draw,away,3.3,"[2.8,3.5)","[0.28,0.34)",market_non_favorite,1.0,False,-1.0,"league|outcome|odds_bucket=I2|draw|[2.8,3.5)",2023-10
2023-10-01,G1,Panathinaikos,PAOK,draw,draw,3.3,"[2.8,3.5)","[0.28,0.34)",market_non_favorite,1.0,True,2.3,"league|outcome|market_prob_bucket=G1|draw|[0.28,0.34)",2023-10
2023-10-01,G1,Lamia,Panetolikos,draw,home,3.3,"[2.8,3.5)","[0.28,0.34)",market_non_favorite,1.0,False,-1.0,"league|outcome|market_prob_bucket=G1|draw|[0.28,0.34)",2023-10
2023-10-01,I2,Cremonese,Parma,draw,away,3.4,"[2.8,3.5)","[0.20,0.28)",market_non_favorite,1.0,False,-1.0,"league|outcome|odds_bucket=I2|draw|[2.8,3.5)",2023-10
2023-10-02,G1,Atromitos,Asteras Tripolis,draw,draw,3.1,"[2.8,3.5)","[0.28,0.34)",market_non_favorite,1.0,True,2.1,"league|outcome|market_prob_bucket=G1|draw|[0.28,0.34)",2023-10
2023-10-06,I2,Brescia,FeralpiSalo,draw,draw,3.25,"[2.8,3.5)","[0.28,0.34)",market_non_favorite,1.0,True,2.25,"league|outcome|odds_bucket=I2|draw|[2.8,3.5)",2023-10
2023-10-07,P1,Estoril,Benfica,away,away,1.25,"[1.0,1.8)","[0.55,1.00]",market_favorite,1.0,True,0.25,"league|outcome|odds_bucket=P1|away|[1.0,1.8)",2023-10
2023-10-07,I2,Modena,Palermo,draw,away,3.1,"[2.8,3.5)","[0.28,0.34)",market_non_favorite,1.0,False,-1.0,"league|outcome|odds_bucket=I2|draw|[2.8,3.5)",2023-10
2023-10-07,I2,Sudtirol,Catanzaro,draw,away,3.1,"[2.8,3.5)","[0.28,0.34)",market_non_favorite,1.0,False,-1.0,"league|outcome|odds_bucket=I2|draw|[2.8,3.5)",2023-10
2023-10-07,I2,Cittadella,Ternana,draw,draw,3.2,"[2.8,3.5)","[0.28,0.34)",market_non_favorite,1.0,True,2.2,"league|outcome|odds_bucket=I2|draw|[2.8,3.5)",2023-10
2023-10-07,I2,Ascoli,Sampdoria,draw,draw,3.2,"[2.8,3.5)","[0.28,0.34)",market_non_favorite,1.0,True,2.2,"league|outcome|odds_bucket=I2|draw|[2.8,3.5)",2023-10
2023-10-07,I2,Venezia,Parma,draw,home,3.2,"[2.8,3.5)","[0.28,0.34)",market_non_favorite,1.0,False,-1.0,"league|outcome|odds_bucket=I2|draw|[2.8,3.5)",2023-10
2023-10-07,I2,Reggiana,Bari,draw,draw,3.2,"[2.8,3.5)","[0.28,0.34)",market_non_favorite,1.0,True,2.2,"league|outcome|odds_bucket=I2|draw|[2.8,3.5)",2023-10
2023-10-08,I2,Como,Cremonese,draw,away,3.2,"[2.8,3.5)","[0.28,0.34)",market_non_favorite,1.0,False,-1.0,"league|outcome|odds_bucket=I2|draw|[2.8,3.5)",2023-10
2023-10-08,I2,Spezia,Pisa,draw,draw,3.3,"[2.8,3.5)","[0.28,0.34)",market_non_favorite,1.0,True,2.3,"league|outcome|odds_bucket=I2|draw|[2.8,3.5)",2023-10
2023-10-20,G1,Lamia,Giannina,draw,home,3.0,"[2.8,3.5)","[0.28,0.34)",market_non_favorite,1.0,False,-1.0,"league|outcome|market_prob_bucket=G1|draw|[0.28,0.34)",2023-10
2023-10-20,I2,Parma,Como,draw,home,3.4,"[2.8,3.5)","[0.20,0.28)",market_non_favorite,1.0,False,-1.0,"league|outcome|odds_bucket=I2|draw|[2.8,3.5)",2023-10
2023-10-21,I2,Pisa,Cittadella,draw,home,3.1,"[2.8,3.5)","[0.28,0.34)",market_non_favorite,1.0,False,-1.0,"league|outcome|odds_bucket=I2|draw|[2.8,3.5)",2023-10
2023-10-21,I2,Ternana,Brescia,draw,away,3.1,"[2.8,3.5)","[0.28,0.34)",market_non_favorite,1.0,False,-1.0,"league|outcome|odds_bucket=I2|draw|[2.8,3.5)",2023-10
2023-10-21,I2,Bari,Modena,draw,draw,3.1,"[2.8,3.5)","[0.28,0.34)",market_non_favorite,1.0,True,2.1,"league|outcome|odds_bucket=I2|draw|[2.8,3.5)",2023-10
2023-10-21,I2,Lecco,Ascoli,draw,away,3.2,"[2.8,3.5)","[0.28,0.34)",market_non_favorite,1.0,False,-1.0,"league|outcome|odds_bucket=I2|draw|[2.8,3.5)",2023-10
2023-10-21,G1,Panetolikos,Volos NFC,draw,home,3.25,"[2.8,3.5)","[0.28,0.34)",market_non_favorite,1.0,False,-1.0,"league|outcome|market_prob_bucket=G1|draw|[0.28,0.34)",2023-10
2023-10-22,G1,Olympiakos,Panathinaikos,draw,away,3.2,"[2.8,3.5)","[0.28,0.34)",market_non_favorite,1.0,False,-1.0,"league|outcome|market_prob_bucket=G1|draw|[0.28,0.34)",2023-10
2023-10-22,G1,Kifisia,OFI Crete,draw,draw,3.25,"[2.8,3.5)","[0.28,0.34)",market_non_favorite,1.0,True,2.25,"league|outcome|market_prob_bucket=G1|draw|[0.28,0.34)",2023-10
2023-10-22,I2,Reggiana,Venezia,draw,home,3.3,"[2.8,3.5)","[0.28,0.34)",market_non_favorite,1.0,False,-1.0,"league|outcome|odds_bucket=I2|draw|[2.8,3.5)",2023-10
2023-10-23,I2,Palermo,Spezia,draw,draw,3.3,"[2.8,3.5)","[0.28,0.34)",market_non_favorite,1.0,True,2.3,"league|outcome|odds_bucket=I2|draw|[2.8,3.5)",2023-10
2023-10-24,I2,Brescia,Modena,draw,away,3.1,"[2.8,3.5)","[0.28,0.34)",market_non_favorite,1.0,False,-1.0,"league|outcome|odds_bucket=I2|draw|[2.8,3.5)",2023-10
2023-10-27,I2,Cittadella,Cremonese,draw,away,3.3,"[2.8,3.5)","[0.28,0.34)",market_non_favorite,1.0,False,-1.0,"league|outcome|odds_bucket=I2|draw|[2.8,3.5)",2023-10
2023-10-28,I2,FeralpiSalo,Reggiana,draw,away,3.1,"[2.8,3.5)","[0.28,0.34)",market_non_favorite,1.0,False,-1.0,"league|outcome|odds_bucket=I2|draw|[2.8,3.5)",2023-10
2023-10-28,I2,Como,Catanzaro,draw,home,3.2,"[2.8,3.5)","[0.28,0.34)",market_non_favorite,1.0,False,-1.0,"league|outcome|odds_bucket=I2|draw|[2.8,3.5)",2023-10
2023-10-28,I2,Ascoli,Parma,draw,away,3.2,"[2.8,3.5)","[0.28,0.34)",market_non_favorite,1.0,False,-1.0,"league|outcome|odds_bucket=I2|draw|[2.8,3.5)",2023-10
2023-10-28,I2,Sudtirol,Sampdoria,draw,home,3.2,"[2.8,3.5)","[0.28,0.34)",market_non_favorite,1.0,False,-1.0,"league|outcome|odds_bucket=I2|draw|[2.8,3.5)",2023-10
2023-10-28,G1,Volos NFC,Kifisia,draw,home,3.3,"[2.8,3.5)","[0.28,0.34)",market_non_favorite,1.0,False,-1.0,"league|outcome|market_prob_bucket=G1|draw|[0.28,0.34)",2023-10
2023-10-28,I2,Spezia,Cosenza,draw,draw,3.3,"[2.8,3.5)","[0.28,0.34)",market_non_favorite,1.0,True,2.3,"league|outcome|odds_bucket=I2|draw|[2.8,3.5)",2023-10
2023-10-29,P1,Vizela,Porto,away,away,1.45,"[1.0,1.8)","[0.55,1.00]",market_favorite,1.0,True,0.45,"league|outcome|odds_bucket=P1|away|[1.0,1.8)",2023-10
2023-10-29,I2,Brescia,Bari,draw,away,3.1,"[2.8,3.5)","[0.28,0.34)",market_non_favorite,1.0,False,-1.0,"league|outcome|odds_bucket=I2|draw|[2.8,3.5)",2023-10
2023-10-29,G1,Asteras Tripolis,Lamia,draw,away,3.2,"[2.8,3.5)","[0.28,0.34)",market_non_favorite,1.0,False,-1.0,"league|outcome|market_prob_bucket=G1|draw|[0.28,0.34)",2023-10
2023-10-29,I2,Venezia,Pisa,draw,home,3.3,"[2.8,3.5)","[0.28,0.34)",market_non_favorite,1.0,False,-1.0,"league|outcome|odds_bucket=I2|draw|[2.8,3.5)",2023-10
2023-10-29,I2,Modena,Ternana,draw,home,3.4,"[2.8,3.5)","[0.28,0.34)",market_non_favorite,1.0,False,-1.0,"league|outcome|odds_bucket=I2|draw|[2.8,3.5)",2023-10
2023-10-30,P1,Boavista,Sp Lisbon,away,away,1.45,"[1.0,1.8)","[0.55,1.00]",market_favorite,1.0,True,0.45,"league|outcome|odds_bucket=P1|away|[1.0,1.8)",2023-10
2023-11-04,P1,Chaves,Benfica,away,away,1.29,"[1.0,1.8)","[0.55,1.00]",market_favorite,1.0,True,0.29,"league|outcome|odds_bucket=P1|away|[1.0,1.8)",2023-11
2023-11-04,I2,Cittadella,Brescia,draw,home,3.0,"[2.8,3.5)","[0.28,0.34)",market_non_favorite,1.0,False,-1.0,"league|outcome|odds_bucket=I2|draw|[2.8,3.5)",2023-11
2023-11-04,I2,Bari,Ascoli,draw,home,3.2,"[2.8,3.5)","[0.28,0.34)",market_non_favorite,1.0,False,-1.0,"league|outcome|odds_bucket=I2|draw|[2.8,3.5)",2023-11
2023-11-04,I2,Ternana,Venezia,draw,away,3.2,"[2.8,3.5)","[0.28,0.34)",market_non_favorite,1.0,False,-1.0,"league|outcome|odds_bucket=I2|draw|[2.8,3.5)",2023-11
2023-11-04,I2,Sampdoria,Palermo,draw,home,3.3,"[2.8,3.5)","[0.28,0.34)",market_non_favorite,1.0,False,-1.0,"league|outcome|odds_bucket=I2|draw|[2.8,3.5)",2023-11
2023-11-04,I2,Pisa,Como,draw,draw,3.3,"[2.8,3.5)","[0.28,0.34)",market_non_favorite,1.0,True,2.3,"league|outcome|odds_bucket=I2|draw|[2.8,3.5)",2023-11
2023-11-04,I2,Catanzaro,Modena,draw,away,3.3,"[2.8,3.5)","[0.28,0.34)",market_non_favorite,1.0,False,-1.0,"league|outcome|odds_bucket=I2|draw|[2.8,3.5)",2023-11
2023-11-05,G1,Panetolikos,Asteras Tripolis,draw,away,3.1,"[2.8,3.5)","[0.28,0.34)",market_non_favorite,1.0,False,-1.0,"league|outcome|market_prob_bucket=G1|draw|[0.28,0.34)",2023-11
2023-11-05,G1,Giannina,Volos NFC,draw,draw,3.25,"[2.8,3.5)","[0.28,0.34)",market_non_favorite,1.0,True,2.25,"league|outcome|market_prob_bucket=G1|draw|[0.28,0.34)",2023-11
2023-11-05,I2,Cremonese,Spezia,draw,home,3.4,"[2.8,3.5)","[0.20,0.28)",market_non_favorite,1.0,False,-1.0,"league|outcome|odds_bucket=I2|draw|[2.8,3.5)",2023-11
2023-11-06,G1,Panserraikos,OFI Crete,draw,home,3.3,"[2.8,3.5)","[0.28,0.34)",market_non_favorite,1.0,False,-1.0,"league|outcome|market_prob_bucket=G1|draw|[0.28,0.34)",2023-11
2023-11-08,I2,Lecco,Spezia,draw,draw,3.4,"[2.8,3.5)","[0.20,0.28)",market_non_favorite,1.0,True,2.4,"league|outcome|odds_bucket=I2|draw|[2.8,3.5)",2023-11
2023-11-10,I2,Venezia,Catanzaro,draw,home,3.4,"[2.8,3.5)","[0.20,0.28)",market_non_favorite,1.0,False,-1.0,"league|outcome|odds_bucket=I2|draw|[2.8,3.5)",2023-11
2023-11-11,P1,Guimaraes,Porto,away,away,1.7,"[1.0,1.8)","[0.55,1.00]",market_favorite,1.0,True,0.7,"league|outcome|odds_bucket=P1|away|[1.0,1.8)",2023-11
2023-11-11,I2,Sudtirol,Pisa,draw,away,3.0,"[2.8,3.5)","[0.28,0.34)",market_non_favorite,1.0,False,-1.0,"league|outcome|odds_bucket=I2|draw|[2.8,3.5)",2023-11
2023-11-11,I2,Modena,Sampdoria,draw,away,3.1,"[2.8,3.5)","[0.28,0.34)",market_non_favorite,1.0,False,-1.0,"league|outcome|odds_bucket=I2|draw|[2.8,3.5)",2023-11
2023-11-11,I2,FeralpiSalo,Bari,draw,draw,3.1,"[2.8,3.5)","[0.28,0.34)",market_non_favorite,1.0,True,2.1,"league|outcome|odds_bucket=I2|draw|[2.8,3.5)",2023-11
2023-11-11,I2,Ascoli,Como,draw,away,3.1,"[2.8,3.5)","[0.28,0.34)",market_non_favorite,1.0,False,-1.0,"league|outcome|odds_bucket=I2|draw|[2.8,3.5)",2023-11
2023-11-11,I2,Cosenza,Reggiana,draw,home,3.4,"[2.8,3.5)","[0.28,0.34)",market_non_favorite,1.0,False,-1.0,"league|outcome|odds_bucket=I2|draw|[2.8,3.5)",2023-11
2023-11-12,P1,Arouca,Sp Braga,away,away,1.6,"[1.0,1.8)","[0.55,1.00]",market_favorite,1.0,True,0.6,"league|outcome|odds_bucket=P1|away|[1.0,1.8)",2023-11
2023-11-12,I2,Brescia,Cremonese,draw,away,3.3,"[2.8,3.5)","[0.28,0.34)",market_non_favorite,1.0,False,-1.0,"league|outcome|odds_bucket=I2|draw|[2.8,3.5)",2023-11
2023-11-24,I2,Sampdoria,Spezia,draw,home,3.1,"[2.8,3.5)","[0.28,0.34)",market_non_favorite,1.0,False,-1.0,"league|outcome|odds_bucket=I2|draw|[2.8,3.5)",2023-11
2023-11-25,I2,Reggiana,Ascoli,draw,draw,3.1,"[2.8,3.5)","[0.28,0.34)",market_non_favorite,1.0,True,2.1,"league|outcome|odds_bucket=I2|draw|[2.8,3.5)",2023-11
2023-11-25,I2,Parma,Modena,draw,draw,3.1,"[2.8,3.5)","[0.28,0.34)",market_non_favorite,1.0,True,2.1,"league|outcome|odds_bucket=I2|draw|[2.8,3.5)",2023-11
2023-11-25,I2,Cittadella,Sudtirol,draw,home,3.1,"[2.8,3.5)","[0.28,0.34)",market_non_favorite,1.0,False,-1.0,"league|outcome|odds_bucket=I2|draw|[2.8,3.5)",2023-11
2023-11-25,I2,Bari,Venezia,draw,away,3.2,"[2.8,3.5)","[0.28,0.34)",market_non_favorite,1.0,False,-1.0,"league|outcome|odds_bucket=I2|draw|[2.8,3.5)",2023-11
2023-11-25,I2,Pisa,Brescia,draw,draw,3.2,"[2.8,3.5)","[0.28,0.34)",market_non_favorite,1.0,True,2.2,"league|outcome|odds_bucket=I2|draw|[2.8,3.5)",2023-11
2023-11-26,I2,Ternana,Palermo,draw,draw,3.2,"[2.8,3.5)","[0.28,0.34)",market_non_favorite,1.0,True,2.2,"league|outcome|odds_bucket=I2|draw|[2.8,3.5)",2023-11
2023-11-26,G1,Kifisia,Asteras Tripolis,draw,away,3.2,"[2.8,3.5)","[0.28,0.34)",market_non_favorite,1.0,False,-1.0,"league|outcome|market_prob_bucket=G1|draw|[0.28,0.34)",2023-11
2023-11-26,G1,Lamia,Atromitos,draw,draw,3.3,"[2.8,3.5)","[0.28,0.34)",market_non_favorite,1.0,True,2.3,"league|outcome|market_prob_bucket=G1|draw|[0.28,0.34)",2023-11
2023-11-26,G1,Aris,Panathinaikos,draw,home,3.3,"[2.8,3.5)","[0.28,0.34)",market_non_favorite,1.0,False,-1.0,"league|outcome|market_prob_bucket=G1|draw|[0.28,0.34)",2023-11
2023-11-26,I2,Catanzaro,Cosenza,draw,home,3.4,"[2.8,3.5)","[0.20,0.28)",market_non_favorite,1.0,False,-1.0,"league|outcome|odds_bucket=I2|draw|[2.8,3.5)",2023-11
2023-11-28,I2,Sudtirol,Brescia,draw,draw,2.9,"[2.8,3.5)","[0.28,0.34)",market_non_favorite,1.0,True,1.9,"league|outcome|odds_bucket=I2|draw|[2.8,3.5)",2023-11
2023-12-02,P1,Famalicao,Porto,away,away,1.57,"[1.0,1.8)","[0.55,1.00]",market_favorite,1.0,True,0.57,"league|outcome|odds_bucket=P1|away|[1.0,1.8)",2023-12
2023-12-02,I2,FeralpiSalo,Cittadella,draw,away,3.1,"[2.8,3.5)","[0.28,0.34)",market_non_favorite,1.0,False,-1.0,"league|outcome|odds_bucket=I2|draw|[2.8,3.5)",2023-12
2023-12-02,G1,Panetolikos,Kifisia,draw,home,3.25,"[2.8,3.5)","[0.28,0.34)",market_non_favorite,1.0,False,-1.0,"league|outcome|market_prob_bucket=G1|draw|[0.28,0.34)",2023-12
2023-12-02,I2,Spezia,Parma,draw,away,3.25,"[2.8,3.5)","[0.28,0.34)",market_non_favorite,1.0,False,-1.0,"league|outcome|odds_bucket=I2|draw|[2.8,3.5)",2023-12
2023-12-02,G1,Asteras Tripolis,Panserraikos,draw,home,3.25,"[2.8,3.5)","[0.28,0.34)",market_non_favorite,1.0,False,-1.0,"league|outcome|market_prob_bucket=G1|draw|[0.28,0.34)",2023-12
2023-12-02,I2,Cosenza,Ternana,draw,away,3.3,"[2.8,3.5)","[0.28,0.34)",market_non_favorite,1.0,False,-1.0,"league|outcome|odds_bucket=I2|draw|[2.8,3.5)",2023-12
2023-12-02,I2,Pisa,Cremonese,draw,draw,3.4,"[2.8,3.5)","[0.20,0.28)",market_non_favorite,1.0,True,2.4,"league|outcome|odds_bucket=I2|draw|[2.8,3.5)",2023-12
2023-12-02,I2,Venezia,Ascoli,draw,home,3.4,"[2.8,3.5)","[0.20,0.28)",market_non_favorite,1.0,False,-1.0,"league|outcome|odds_bucket=I2|draw|[2.8,3.5)",2023-12
2023-12-03,P1,Moreirense,Benfica,away,draw,1.45,"[1.0,1.8)","[0.55,1.00]",market_favorite,1.0,False,-1.0,"league|outcome|odds_bucket=P1|away|[1.0,1.8)",2023-12
2023-12-03,I2,Sudtirol,Como,draw,away,3.1,"[2.8,3.5)","[0.28,0.34)",market_non_favorite,1.0,False,-1.0,"league|outcome|odds_bucket=I2|draw|[2.8,3.5)",2023-12
2023-12-03,I2,Brescia,Sampdoria,draw,home,3.2,"[2.8,3.5)","[0.28,0.34)",market_non_favorite,1.0,False,-1.0,"league|outcome|odds_bucket=I2|draw|[2.8,3.5)",2023-12
2023-12-03,I2,Lecco,Bari,draw,home,3.2,"[2.8,3.5)","[0.28,0.34)",market_non_favorite,1.0,False,-1.0,"league|outcome|odds_bucket=I2|draw|[2.8,3.5)",2023-12
2023-12-03,G1,Atromitos,Giannina,draw,draw,3.25,"[2.8,3.5)","[0.28,0.34)",market_non_favorite,1.0,True,2.25,"league|outcome|market_prob_bucket=G1|draw|[0.28,0.34)",2023-12
2023-12-08,P1,Vizela,Sp Braga,away,away,1.57,"[1.0,1.8)","[0.55,1.00]",market_favorite,1.0,True,0.57,"league|outcome|odds_bucket=P1|away|[1.0,1.8)",2023-12
2023-12-09,P1,Guimaraes,Sp Lisbon,away,home,1.62,"[1.0,1.8)","[0.55,1.00]",market_favorite,1.0,False,-1.0,"league|outcome|odds_bucket=P1|away|[1.0,1.8)",2023-12
2023-12-09,I2,Cittadella,Cosenza,draw,home,3.2,"[2.8,3.5)","[0.28,0.34)",market_non_favorite,1.0,False,-1.0,"league|outcome|odds_bucket=I2|draw|[2.8,3.5)",2023-12
2023-12-09,I2,Ascoli,Spezia,draw,away,3.2,"[2.8,3.5)","[0.28,0.34)",market_non_favorite,1.0,False,-1.0,"league|outcome|odds_bucket=I2|draw|[2.8,3.5)",2023-12
2023-12-09,I2,Bari,Sudtirol,draw,home,3.2,"[2.8,3.5)","[0.28,0.34)",market_non_favorite,1.0,False,-1.0,"league|outcome|odds_bucket=I2|draw|[2.8,3.5)",2023-12
2023-12-09,I2,Catanzaro,Pisa,draw,home,3.3,"[2.8,3.5)","[0.28,0.34)",market_non_favorite,1.0,False,-1.0,"league|outcome|odds_bucket=I2|draw|[2.8,3.5)",2023-12
2023-12-10,I2,Reggiana,Brescia,draw,draw,3.2,"[2.8,3.5)","[0.28,0.34)",market_non_favorite,1.0,True,2.2,"league|outcome|odds_bucket=I2|draw|[2.8,3.5)",2023-12
2023-12-10,I2,Como,Modena,draw,home,3.3,"[2.8,3.5)","[0.28,0.34)",market_non_favorite,1.0,False,-1.0,"league|outcome|odds_bucket=I2|draw|[2.8,3.5)",2023-12
2023-12-15,I2,Spezia,Bari,draw,home,3.0,"[2.8,3.5)","[0.28,0.34)",market_non_favorite,1.0,False,-1.0,"league|outcome|odds_bucket=I2|draw|[2.8,3.5)",2023-12
2023-12-16,I2,Brescia,Como,draw,home,2.9,"[2.8,3.5)","[0.28,0.34)",market_non_favorite,1.0,False,-1.0,"league|outcome|odds_bucket=I2|draw|[2.8,3.5)",2023-12
2023-12-16,I2,Ascoli,Catanzaro,draw,home,3.1,"[2.8,3.5)","[0.28,0.34)",market_non_favorite,1.0,False,-1.0,"league|outcome|odds_bucket=I2|draw|[2.8,3.5)",2023-12
2023-12-16,G1,Kifisia,Giannina,draw,home,3.1,"[2.8,3.5)","[0.28,0.34)",market_non_favorite,1.0,False,-1.0,"league|outcome|market_prob_bucket=G1|draw|[0.28,0.34)",2023-12
2023-12-16,I2,Reggiana,Sampdoria,draw,away,3.2,"[2.8,3.5)","[0.28,0.34)",market_non_favorite,1.0,False,-1.0,"league|outcome|odds_bucket=I2|draw|[2.8,3.5)",2023-12
2023-12-16,I2,Modena,Cittadella,draw,draw,3.2,"[2.8,3.5)","[0.28,0.34)",market_non_favorite,1.0,True,2.2,"league|outcome|odds_bucket=I2|draw|[2.8,3.5)",2023-12
2023-12-16,I2,Palermo,Pisa,draw,home,3.4,"[2.8,3.5)","[0.20,0.28)",market_non_favorite,1.0,False,-1.0,"league|outcome|odds_bucket=I2|draw|[2.8,3.5)",2023-12
2023-12-17,I2,Lecco,Ternana,draw,away,3.2,"[2.8,3.5)","[0.28,0.34)",market_non_favorite,1.0,False,-1.0,"league|outcome|odds_bucket=I2|draw|[2.8,3.5)",2023-12
2023-12-21,G1,Giannina,Panetolikos,draw,draw,3.2,"[2.8,3.5)","[0.28,0.34)",market_non_favorite,1.0,True,2.2,"league|outcome|market_prob_bucket=G1|draw|[0.28,0.34)",2023-12
2023-12-21,G1,OFI Crete,Asteras Tripolis,draw,away,3.2,"[2.8,3.5)","[0.28,0.34)",market_non_favorite,1.0,False,-1.0,"league|outcome|market_prob_bucket=G1|draw|[0.28,0.34)",2023-12
2023-12-23,I2,Sudtirol,Reggiana,draw,away,3.0,"[2.8,3.5)","[0.28,0.34)",market_non_favorite,1.0,False,-1.0,"league|outcome|odds_bucket=I2|draw|[2.8,3.5)",2023-12
2023-12-23,I2,Catanzaro,Brescia,draw,away,3.0,"[2.8,3.5)","[0.28,0.34)",market_non_favorite,1.0,False,-1.0,"league|outcome|odds_bucket=I2|draw|[2.8,3.5)",2023-12
2023-12-23,I2,Cittadella,Spezia,draw,home,3.1,"[2.8,3.5)","[0.28,0.34)",market_non_favorite,1.0,False,-1.0,"league|outcome|odds_bucket=I2|draw|[2.8,3.5)",2023-12
2023-12-23,I2,Pisa,Ascoli,draw,home,3.2,"[2.8,3.5)","[0.28,0.34)",market_non_favorite,1.0,False,-1.0,"league|outcome|odds_bucket=I2|draw|[2.8,3.5)",2023-12
2023-12-23,I2,Como,Palermo,draw,draw,3.2,"[2.8,3.5)","[0.28,0.34)",market_non_favorite,1.0,True,2.2,"league|outcome|odds_bucket=I2|draw|[2.8,3.5)",2023-12
2023-12-23,I2,Bari,Cosenza,draw,draw,3.3,"[2.8,3.5)","[0.28,0.34)",market_non_favorite,1.0,True,2.3,"league|outcome|odds_bucket=I2|draw|[2.8,3.5)",2023-12
2023-12-26,I2,Ascoli,Cittadella,draw,draw,3.0,"[2.8,3.5)","[0.28,0.34)",market_non_favorite,1.0,True,2.0,"league|outcome|odds_bucket=I2|draw|[2.8,3.5)",2023-12
2023-12-26,I2,Cosenza,Como,draw,away,3.1,"[2.8,3.5)","[0.28,0.34)",market_non_favorite,1.0,False,-1.0,"league|outcome|odds_bucket=I2|draw|[2.8,3.5)",2023-12
2023-12-26,I2,Reggiana,Catanzaro,draw,home,3.1,"[2.8,3.5)","[0.28,0.34)",market_non_favorite,1.0,False,-1.0,"league|outcome|odds_bucket=I2|draw|[2.8,3.5)",2023-12
2023-12-26,I2,Brescia,Parma,draw,away,3.1,"[2.8,3.5)","[0.28,0.34)",market_non_favorite,1.0,False,-1.0,"league|outcome|odds_bucket=I2|draw|[2.8,3.5)",2023-12
2023-12-26,I2,Lecco,Sudtirol,draw,home,3.2,"[2.8,3.5)","[0.28,0.34)",market_non_favorite,1.0,False,-1.0,"league|outcome|odds_bucket=I2|draw|[2.8,3.5)",2023-12
2023-12-26,I2,Spezia,Modena,draw,draw,3.2,"[2.8,3.5)","[0.28,0.34)",market_non_favorite,1.0,True,2.2,"league|outcome|odds_bucket=I2|draw|[2.8,3.5)",2023-12
2023-12-26,I2,Ternana,Pisa,draw,draw,3.25,"[2.8,3.5)","[0.28,0.34)",market_non_favorite,1.0,True,2.25,"league|outcome|odds_bucket=I2|draw|[2.8,3.5)",2023-12
2023-12-26,I2,FeralpiSalo,Venezia,draw,draw,3.3,"[2.8,3.5)","[0.28,0.34)",market_non_favorite,1.0,True,2.3,"league|outcome|odds_bucket=I2|draw|[2.8,3.5)",2023-12
2023-12-26,I2,Palermo,Cremonese,draw,home,3.3,"[2.8,3.5)","[0.28,0.34)",market_non_favorite,1.0,False,-1.0,"league|outcome|odds_bucket=I2|draw|[2.8,3.5)",2023-12
2023-12-26,I2,Sampdoria,Bari,draw,draw,3.3,"[2.8,3.5)","[0.28,0.34)",market_non_favorite,1.0,True,2.3,"league|outcome|odds_bucket=I2|draw|[2.8,3.5)",2023-12
2023-12-30,P1,Portimonense,Sp Lisbon,away,away,1.33,"[1.0,1.8)","[0.55,1.00]",market_favorite,1.0,True,0.33,"league|outcome|odds_bucket=P1|away|[1.0,1.8)",2023-12
2023-12-30,P1,Casa Pia,Sp Braga,away,away,1.62,"[1.0,1.8)","[0.55,1.00]",market_favorite,1.0,True,0.62,"league|outcome|odds_bucket=P1|away|[1.0,1.8)",2023-12
2024-01-03,G1,Asteras Tripolis,Aris,draw,home,3.1,"[2.8,3.5)","[0.28,0.34)",market_non_favorite,1.0,False,-1.0,"league|outcome|market_prob_bucket=G1|draw|[0.28,0.34)",2024-01
2024-01-04,G1,Panetolikos,Panserraikos,draw,home,3.2,"[2.8,3.5)","[0.28,0.34)",market_non_favorite,1.0,False,-1.0,"league|outcome|market_prob_bucket=G1|draw|[0.28,0.34)",2024-01
2024-01-05,P1,Boavista,Porto,away,draw,1.4,"[1.0,1.8)","[0.55,1.00]",market_favorite,1.0,False,-1.0,"league|outcome|odds_bucket=P1|away|[1.0,1.8)",2024-01
2024-01-06,P1,Arouca,Benfica,away,away,1.5,"[1.0,1.8)","[0.55,1.00]",market_favorite,1.0,True,0.5,"league|outcome|odds_bucket=P1|away|[1.0,1.8)",2024-01
2024-01-07,G1,Volos NFC,Atromitos,draw,away,3.2,"[2.8,3.5)","[0.28,0.34)",market_non_favorite,1.0,False,-1.0,"league|outcome|market_prob_bucket=G1|draw|[0.28,0.34)",2024-01
2024-01-07,G1,Giannina,Asteras Tripolis,draw,home,3.25,"[2.8,3.5)","[0.28,0.34)",market_non_favorite,1.0,False,-1.0,"league|outcome|market_prob_bucket=G1|draw|[0.28,0.34)",2024-01
2024-01-07,G1,Olympiakos,AEK,draw,away,3.3,"[2.8,3.5)","[0.28,0.34)",market_non_favorite,1.0,False,-1.0,"league|outcome|market_prob_bucket=G1|draw|[0.28,0.34)",2024-01
2024-01-07,G1,Panserraikos,Kifisia,draw,draw,3.3,"[2.8,3.5)","[0.28,0.34)",market_non_favorite,1.0,True,2.3,"league|outcome|market_prob_bucket=G1|draw|[0.28,0.34)",2024-01
2024-01-08,G1,OFI Crete,Lamia,draw,draw,3.3,"[2.8,3.5)","[0.28,0.34)",market_non_favorite,1.0,True,2.3,"league|outcome|market_prob_bucket=G1|draw|[0.28,0.34)",2024-01
2024-01-12,I2,Catanzaro,Lecco,draw,home,3.4,"[2.8,3.5)","[0.20,0.28)",market_non_favorite,1.0,False,-1.0,"league|outcome|odds_bucket=I2|draw|[2.8,3.5)",2024-01
2024-01-13,P1,Chaves,Sp Lisbon,away,away,1.25,"[1.0,1.8)","[0.55,1.00]",market_favorite,1.0,True,0.25,"league|outcome|odds_bucket=P1|away|[1.0,1.8)",2024-01
2024-01-13,G1,Lamia,Panserraikos,draw,away,3.1,"[2.8,3.5)","[0.28,0.34)",market_non_favorite,1.0,False,-1.0,"league|outcome|market_prob_bucket=G1|draw|[0.28,0.34)",2024-01
2024-01-13,I2,Cittadella,Palermo,draw,home,3.1,"[2.8,3.5)","[0.28,0.34)",market_non_favorite,1.0,False,-1.0,"league|outcome|odds_bucket=I2|draw|[2.8,3.5)",2024-01
2024-01-13,I2,Sudtirol,FeralpiSalo,draw,home,3.1,"[2.8,3.5)","[0.28,0.34)",market_non_favorite,1.0,False,-1.0,"league|outcome|odds_bucket=I2|draw|[2.8,3.5)",2024-01
2024-01-13,I2,Como,Spezia,draw,home,3.25,"[2.8,3.5)","[0.28,0.34)",market_non_favorite,1.0,False,-1.0,"league|outcome|odds_bucket=I2|draw|[2.8,3.5)",2024-01
2024-01-13,I2,Pisa,Reggiana,draw,draw,3.25,"[2.8,3.5)","[0.28,0.34)",market_non_favorite,1.0,True,2.25,"league|outcome|odds_bucket=I2|draw|[2.8,3.5)",2024-01
2024-01-13,I2,Modena,Brescia,draw,away,3.25,"[2.8,3.5)","[0.28,0.34)",market_non_favorite,1.0,False,-1.0,"league|outcome|odds_bucket=I2|draw|[2.8,3.5)",2024-01
2024-01-13,I2,Bari,Ternana,draw,home,3.25,"[2.8,3.5)","[0.28,0.34)",market_non_favorite,1.0,False,-1.0,"league|outcome|odds_bucket=I2|draw|[2.8,3.5)",2024-01
2024-01-14,G1,Panetolikos,Aris,draw,away,3.2,"[2.8,3.5)","[0.28,0.34)",market_non_favorite,1.0,False,-1.0,"league|outcome|market_prob_bucket=G1|draw|[0.28,0.34)",2024-01
2024-01-14,G1,Asteras Tripolis,Volos NFC,draw,home,3.25,"[2.8,3.5)","[0.28,0.34)",market_non_favorite,1.0,False,-1.0,"league|outcome|market_prob_bucket=G1|draw|[0.28,0.34)",2024-01
2024-01-14,I2,Venezia,Sampdoria,draw,home,3.3,"[2.8,3.5)","[0.28,0.34)",market_non_favorite,1.0,False,-1.0,"league|outcome|odds_bucket=I2|draw|[2.8,3.5)",2024-01
2024-01-18,P1,Vizela,Sp Lisbon,away,away,1.36,"[1.0,1.8)","[0.55,1.00]",market_favorite,1.0,True,0.36,"league|outcome|odds_bucket=P1|away|[1.0,1.8)",2024-01
2024-01-19,I2,Sampdoria,Parma,draw,away,3.3,"[2.8,3.5)","[0.28,0.34)",market_non_favorite,1.0,False,-1.0,"league|outcome|odds_bucket=I2|draw|[2.8,3.5)",2024-01
2024-01-20,G1,Giannina,Panserraikos,draw,away,3.0,"[2.8,3.5)","[0.28,0.34)",market_non_favorite,1.0,False,-1.0,"league|outcome|market_prob_bucket=G1|draw|[0.28,0.34)",2024-01
2024-01-20,I2,Cosenza,Venezia,draw,home,3.1,"[2.8,3.5)","[0.28,0.34)",market_non_favorite,1.0,False,-1.0,"league|outcome|odds_bucket=I2|draw|[2.8,3.5)",2024-01
2024-01-20,I2,Lecco,Pisa,draw,away,3.1,"[2.8,3.5)","[0.28,0.34)",market_non_favorite,1.0,False,-1.0,"league|outcome|odds_bucket=I2|draw|[2.8,3.5)",2024-01
2024-01-20,I2,Brescia,Sudtirol,draw,draw,3.1,"[2.8,3.5)","[0.28,0.34)",market_non_favorite,1.0,True,2.1,"league|outcome|odds_bucket=I2|draw|[2.8,3.5)",2024-01
2024-01-20,G1,OFI Crete,Panetolikos,draw,home,3.2,"[2.8,3.5)","[0.28,0.34)",market_non_favorite,1.0,False,-1.0,"league|outcome|market_prob_bucket=G1|draw|[0.28,0.34)",2024-01
2024-01-20,I2,Reggiana,Como,draw,draw,3.2,"[2.8,3.5)","[0.28,0.34)",market_non_favorite,1.0,True,2.2,"league|outcome|odds_bucket=I2|draw|[2.8,3.5)",2024-01
2024-01-20,G1,Lamia,Kifisia,draw,home,3.2,"[2.8,3.5)","[0.28,0.34)",market_non_favorite,1.0,False,-1.0,"league|outcome|market_prob_bucket=G1|draw|[0.28,0.34)",2024-01
2024-01-20,I2,Ternana,Cittadella,draw,home,3.25,"[2.8,3.5)","[0.28,0.34)",market_non_favorite,1.0,False,-1.0,"league|outcome|odds_bucket=I2|draw|[2.8,3.5)",2024-01
2024-01-20,I2,FeralpiSalo,Catanzaro,draw,home,3.25,"[2.8,3.5)","[0.28,0.34)",market_non_favorite,1.0,False,-1.0,"league|outcome|odds_bucket=I2|draw|[2.8,3.5)",2024-01
2024-01-20,I2,Palermo,Modena,draw,home,3.3,"[2.8,3.5)","[0.28,0.34)",market_non_favorite,1.0,False,-1.0,"league|outcome|odds_bucket=I2|draw|[2.8,3.5)",2024-01
2024-01-21,G1,Aris,Olympiakos,draw,away,3.3,"[2.8,3.5)","[0.28,0.34)",market_non_favorite,1.0,False,-1.0,"league|outcome|market_prob_bucket=G1|draw|[0.28,0.34)",2024-01
2024-01-26,I2,Catanzaro,Palermo,draw,draw,3.1,"[2.8,3.5)","[0.28,0.34)",market_non_favorite,1.0,True,2.1,"league|outcome|odds_bucket=I2|draw|[2.8,3.5)",2024-01
2024-01-27,I2,Sudtirol,Cosenza,draw,away,3.0,"[2.8,3.5)","[0.28,0.34)",market_non_favorite,1.0,False,-1.0,"league|outcome|odds_bucket=I2|draw|[2.8,3.5)",2024-01
2024-01-27,G1,Panserraikos,Volos NFC,draw,draw,3.2,"[2.8,3.5)","[0.28,0.34)",market_non_favorite,1.0,True,2.2,"league|outcome|market_prob_bucket=G1|draw|[0.28,0.34)",2024-01
2024-01-27,I2,Pisa,Spezia,draw,away,3.3,"[2.8,3.5)","[0.28,0.34)",market_non_favorite,1.0,False,-1.0,"league|outcome|odds_bucket=I2|draw|[2.8,3.5)",2024-01
2024-01-27,G1,Panetolikos,Lamia,draw,away,3.3,"[2.8,3.5)","[0.28,0.34)",market_non_favorite,1.0,False,-1.0,"league|outcome|market_prob_bucket=G1|draw|[0.28,0.34)",2024-01
2024-01-27,I2,Bari,Reggiana,draw,away,3.3,"[2.8,3.5)","[0.28,0.34)",market_non_favorite,1.0,False,-1.0,"league|outcome|odds_bucket=I2|draw|[2.8,3.5)",2024-01
2024-01-27,I2,Modena,Parma,draw,home,3.3,"[2.8,3.5)","[0.28,0.34)",market_non_favorite,1.0,False,-1.0,"league|outcome|odds_bucket=I2|draw|[2.8,3.5)",2024-01
2024-01-27,I2,FeralpiSalo,Lecco,draw,home,3.4,"[2.8,3.5)","[0.20,0.28)",market_non_favorite,1.0,False,-1.0,"league|outcome|odds_bucket=I2|draw|[2.8,3.5)",2024-01
2024-01-28,P1,Farense,Porto,away,away,1.4,"[1.0,1.8)","[0.55,1.00]",market_favorite,1.0,True,0.4,"league|outcome|odds_bucket=P1|away|[1.0,1.8)",2024-01
2024-01-28,I2,Cittadella,Sampdoria,draw,away,3.2,"[2.8,3.5)","[0.28,0.34)",market_non_favorite,1.0,False,-1.0,"league|outcome|odds_bucket=I2|draw|[2.8,3.5)",2024-01
2024-01-28,G1,Asteras Tripolis,Atromitos,draw,home,3.3,"[2.8,3.5)","[0.28,0.34)",market_non_favorite,1.0,False,-1.0,"league|outcome|market_prob_bucket=G1|draw|[0.28,0.34)",2024-01
2024-01-28,G1,PAOK,Panathinaikos,draw,home,3.3,"[2.8,3.5)","[0.28,0.34)",market_non_favorite,1.0,False,-1.0,"league|outcome|market_prob_bucket=G1|draw|[0.28,0.34)",2024-01
2024-01-29,P1,Estrela,Benfica,away,away,1.29,"[1.0,1.8)","[0.55,1.00]",market_favorite,1.0,True,0.29,"league|outcome|odds_bucket=P1|away|[1.0,1.8)",2024-01
2024-02-03,G1,Volos NFC,Panetolikos,draw,draw,3.3,"[2.8,3.5)","[0.28,0.34)",market_non_favorite,1.0,True,2.3,"league|outcome|market_prob_bucket=G1|draw|[0.28,0.34)",2024-02
2024-02-03,G1,Panserraikos,Aris,draw,draw,3.3,"[2.8,3.5)","[0.28,0.34)",market_non_favorite,1.0,True,2.3,"league|outcome|market_prob_bucket=G1|draw|[0.28,0.34)",2024-02
2024-02-03,B1,Genk,St. Gilloise,draw,away,3.4,"[2.8,3.5)","[0.20,0.28)",market_non_favorite,1.0,False,-1.0,"league|odds_bucket|market_prob_bucket=B1|[2.8,3.5)|[0.20,0.28)",2024-02
2024-02-03,B1,Westerlo,Oud-Heverlee Leuven,away,away,3.4,"[2.8,3.5)","[0.20,0.28)",market_non_favorite,1.0,True,2.4,"league|odds_bucket|market_prob_bucket=B1|[2.8,3.5)|[0.20,0.28)",2024-02
2024-02-04,G1,Giannina,Lamia,draw,away,3.1,"[2.8,3.5)","[0.28,0.34)",market_non_favorite,1.0,False,-1.0,"league|outcome|market_prob_bucket=G1|draw|[0.28,0.34)",2024-02
2024-02-04,G1,Panathinaikos,Olympiakos,draw,home,3.25,"[2.8,3.5)","[0.28,0.34)",market_non_favorite,1.0,False,-1.0,"league|outcome|market_prob_bucket=G1|draw|[0.28,0.34)",2024-02
2024-02-04,B1,Eupen,Mechelen,draw,away,3.4,"[2.8,3.5)","[0.20,0.28)",market_non_favorite,1.0,False,-1.0,"league|odds_bucket|market_prob_bucket=B1|[2.8,3.5)|[0.20,0.28)",2024-02
2024-02-10,G1,Panetolikos,Atromitos,draw,home,3.25,"[2.8,3.5)","[0.28,0.34)",market_non_favorite,1.0,False,-1.0,"league|outcome|market_prob_bucket=G1|draw|[0.28,0.34)",2024-02
2024-02-11,P1,Guimaraes,Benfica,away,draw,1.62,"[1.0,1.8)","[0.55,1.00]",market_favorite,1.0,False,-1.0,"league|outcome|odds_bucket=P1|away|[1.0,1.8)",2024-02
2024-02-11,G1,PAOK,AEK,draw,draw,3.25,"[2.8,3.5)","[0.28,0.34)",market_non_favorite,1.0,True,2.25,"league|outcome|market_prob_bucket=G1|draw|[0.28,0.34)",2024-02
2024-02-11,G1,Kifisia,Volos NFC,draw,draw,3.3,"[2.8,3.5)","[0.28,0.34)",market_non_favorite,1.0,True,2.3,"league|outcome|market_prob_bucket=G1|draw|[0.28,0.34)",2024-02
2024-02-11,G1,Lamia,Asteras Tripolis,draw,home,3.3,"[2.8,3.5)","[0.28,0.34)",market_non_favorite,1.0,False,-1.0,"league|outcome|market_prob_bucket=G1|draw|[0.28,0.34)",2024-02
2024-02-11,B1,Charleroi,Anderlecht,draw,away,3.4,"[2.8,3.5)","[0.20,0.28)",market_non_favorite,1.0,False,-1.0,"league|odds_bucket|market_prob_bucket=B1|[2.8,3.5)|[0.20,0.28)",2024-02
2024-02-12,P1,Arouca,Porto,away,home,1.5,"[1.0,1.8)","[0.55,1.00]",market_favorite,1.0,False,-1.0,"league|outcome|odds_bucket=P1|away|[1.0,1.8)",2024-02
2024-02-17,G1,Atromitos,Aris,draw,away,3.25,"[2.8,3.5)","[0.28,0.34)",market_non_favorite,1.0,False,-1.0,"league|outcome|market_prob_bucket=G1|draw|[0.28,0.34)",2024-02
2024-02-17,B1,Oud-Heverlee Leuven,Charleroi,draw,draw,3.4,"[2.8,3.5)","[0.20,0.28)",market_non_favorite,1.0,True,2.4,"league|odds_bucket|market_prob_bucket=B1|[2.8,3.5)|[0.20,0.28)",2024-02
2024-02-18,G1,Volos NFC,Giannina,draw,away,3.1,"[2.8,3.5)","[0.28,0.34)",market_non_favorite,1.0,False,-1.0,"league|outcome|market_prob_bucket=G1|draw|[0.28,0.34)",2024-02
2024-02-19,P1,Moreirense,Sp Lisbon,away,away,1.36,"[1.0,1.8)","[0.55,1.00]",market_favorite,1.0,True,0.36,"league|outcome|odds_bucket=P1|away|[1.0,1.8)",2024-02
2024-02-19,G1,Asteras Tripolis,Panetolikos,draw,draw,3.2,"[2.8,3.5)","[0.28,0.34)",market_non_favorite,1.0,True,2.2,"league|outcome|market_prob_bucket=G1|draw|[0.28,0.34)",2024-02
2024-02-24,G1,Panserraikos,Atromitos,draw,draw,3.2,"[2.8,3.5)","[0.28,0.34)",market_non_favorite,1.0,True,2.2,"league|outcome|market_prob_bucket=G1|draw|[0.28,0.34)",2024-02
2024-02-24,B1,RWD Molenbeek,Oud-Heverlee Leuven,draw,draw,3.4,"[2.8,3.5)","[0.20,0.28)",market_non_favorite,1.0,True,2.4,"league|odds_bucket|market_prob_bucket=B1|[2.8,3.5)|[0.20,0.28)",2024-02
2024-02-25,P1,Rio Ave,Sp Lisbon,away,draw,1.36,"[1.0,1.8)","[0.55,1.00]",market_favorite,1.0,False,-1.0,"league|outcome|odds_bucket=P1|away|[1.0,1.8)",2024-02
2024-02-25,P1,Gil Vicente,Porto,away,draw,1.4,"[1.0,1.8)","[0.55,1.00]",market_favorite,1.0,False,-1.0,"league|outcome|odds_bucket=P1|away|[1.0,1.8)",2024-02
2024-02-25,G1,Giannina,OFI Crete,draw,draw,3.3,"[2.8,3.5)","[0.28,0.34)",market_non_favorite,1.0,True,2.3,"league|outcome|market_prob_bucket=G1|draw|[0.28,0.34)",2024-02
2024-02-28,G1,Volos NFC,OFI Crete,draw,home,3.2,"[2.8,3.5)","[0.28,0.34)",market_non_favorite,1.0,False,-1.0,"league|outcome|market_prob_bucket=G1|draw|[0.28,0.34)",2024-02
2024-02-28,G1,Atromitos,Lamia,draw,home,3.25,"[2.8,3.5)","[0.28,0.34)",market_non_favorite,1.0,False,-1.0,"league|outcome|market_prob_bucket=G1|draw|[0.28,0.34)",2024-02
2024-03-02,I2,Sudtirol,Lecco,draw,home,3.2,"[2.8,3.5)","[0.28,0.34)",market_non_favorite,1.0,False,-1.0,"league|outcome|odds_bucket=I2|draw|[2.8,3.5)",2024-03
2024-03-02,I2,Brescia,Palermo,draw,home,3.25,"[2.8,3.5)","[0.28,0.34)",market_non_favorite,1.0,False,-1.0,"league|outcome|odds_bucket=I2|draw|[2.8,3.5)",2024-03
2024-03-03,I2,Ascoli,Reggiana,draw,draw,3.1,"[2.8,3.5)","[0.28,0.34)",market_non_favorite,1.0,True,2.1,"league|outcome|odds_bucket=I2|draw|[2.8,3.5)",2024-03
2024-03-03,G1,Giannina,Atromitos,draw,draw,3.2,"[2.8,3.5)","[0.28,0.34)",market_non_favorite,1.0,True,2.2,"league|outcome|market_prob_bucket=G1|draw|[0.28,0.34)",2024-03
2024-03-03,I2,Cittadella,Pisa,draw,away,3.2,"[2.8,3.5)","[0.28,0.34)",market_non_favorite,1.0,False,-1.0,"league|outcome|odds_bucket=I2|draw|[2.8,3.5)",2024-03
2024-03-03,I2,Cosenza,Catanzaro,draw,away,3.2,"[2.8,3.5)","[0.28,0.34)",market_non_favorite,1.0,False,-1.0,"league|outcome|odds_bucket=I2|draw|[2.8,3.5)",2024-03
2024-03-03,I2,FeralpiSalo,Sampdoria,draw,away,3.2,"[2.8,3.5)","[0.28,0.34)",market_non_favorite,1.0,False,-1.0,"league|outcome|odds_bucket=I2|draw|[2.8,3.5)",2024-03
2024-03-03,I2,Modena,Cremonese,draw,away,3.2,"[2.8,3.5)","[0.28,0.34)",market_non_favorite,1.0,False,-1.0,"league|outcome|odds_bucket=I2|draw|[2.8,3.5)",2024-03
2024-03-03,I2,Bari,Spezia,draw,draw,3.2,"[2.8,3.5)","[0.28,0.34)",market_non_favorite,1.0,True,2.2,"league|outcome|odds_bucket=I2|draw|[2.8,3.5)",2024-03
2024-03-03,G1,Kifisia,Panetolikos,draw,draw,3.25,"[2.8,3.5)","[0.28,0.34)",market_non_favorite,1.0,True,2.25,"league|outcome|market_prob_bucket=G1|draw|[0.28,0.34)",2024-03
2024-03-03,I2,Como,Venezia,draw,home,3.25,"[2.8,3.5)","[0.28,0.34)",market_non_favorite,1.0,False,-1.0,"league|outcome|odds_bucket=I2|draw|[2.8,3.5)",2024-03
2024-03-03,G1,Panserraikos,Asteras Tripolis,draw,home,3.3,"[2.8,3.5)","[0.28,0.34)",market_non_favorite,1.0,False,-1.0,"league|outcome|market_prob_bucket=G1|draw|[0.28,0.34)",2024-03
2024-03-08,P1,Portimonense,Porto,away,away,1.25,"[1.0,1.8)","[0.55,1.00]",market_favorite,1.0,True,0.25,"league|outcome|odds_bucket=P1|away|[1.0,1.8)",2024-03
2024-03-09,I2,Spezia,Sudtirol,draw,home,3.0,"[2.8,3.5)","[0.28,0.34)",market_non_favorite,1.0,False,-1.0,"league|outcome|odds_bucket=I2|draw|[2.8,3.5)",2024-03
2024-03-09,I2,Cosenza,Cittadella,draw,draw,3.0,"[2.8,3.5)","[0.28,0.34)",market_non_favorite,1.0,True,2.0,"league|outcome|odds_bucket=I2|draw|[2.8,3.5)",2024-03
2024-03-09,I2,Catanzaro,Reggiana,draw,away,3.25,"[2.8,3.5)","[0.28,0.34)",market_non_favorite,1.0,False,-1.0,"league|outcome|odds_bucket=I2|draw|[2.8,3.5)",2024-03
2024-03-10,P1,Arouca,Sp Lisbon,away,away,1.4,"[1.0,1.8)","[0.55,1.00]",market_favorite,1.0,True,0.4,"league|outcome|odds_bucket=P1|away|[1.0,1.8)",2024-03
2024-03-10,G1,Olympiakos,Panathinaikos,draw,away,3.1,"[2.8,3.5)","[0.28,0.34)",market_non_favorite,1.0,False,-1.0,"league|outcome|market_prob_bucket=G1|draw|[0.28,0.34)",2024-03
2024-03-11,I2,Sampdoria,Ascoli,draw,home,3.1,"[2.8,3.5)","[0.28,0.34)",market_non_favorite,1.0,False,-1.0,"league|outcome|odds_bucket=I2|draw|[2.8,3.5)",2024-03
2024-03-15,I2,Palermo,Venezia,draw,away,3.3,"[2.8,3.5)","[0.28,0.34)",market_non_favorite,1.0,False,-1.0,"league|outcome|odds_bucket=I2|draw|[2.8,3.5)",2024-03
2024-03-16,I2,Cittadella,Modena,draw,draw,2.9,"[2.8,3.5)","[0.28,0.34)",market_non_favorite,1.0,True,1.9,"league|outcome|odds_bucket=I2|draw|[2.8,3.5)",2024-03
2024-03-16,I2,Bari,Sampdoria,draw,away,2.9,"[2.8,3.5)","[0.28,0.34)",market_non_favorite,1.0,False,-1.0,"league|outcome|odds_bucket=I2|draw|[2.8,3.5)",2024-03
2024-03-16,I2,Sudtirol,Cremonese,draw,home,3.0,"[2.8,3.5)","[0.28,0.34)",market_non_favorite,1.0,False,-1.0,"league|outcome|odds_bucket=I2|draw|[2.8,3.5)",2024-03
2024-03-16,I2,Reggiana,Spezia,draw,draw,3.0,"[2.8,3.5)","[0.28,0.34)",market_non_favorite,1.0,True,2.0,"league|outcome|odds_bucket=I2|draw|[2.8,3.5)",2024-03
2024-03-16,I2,Brescia,Catanzaro,draw,draw,3.0,"[2.8,3.5)","[0.28,0.34)",market_non_favorite,1.0,True,2.0,"league|outcome|odds_bucket=I2|draw|[2.8,3.5)",2024-03
2024-03-16,G1,Kifisia,OFI Crete,draw,draw,3.2,"[2.8,3.5)","[0.28,0.34)",market_non_favorite,1.0,True,2.2,"league|outcome|market_prob_bucket=G1|draw|[0.28,0.34)",2024-03
2024-03-16,I2,Ternana,Cosenza,draw,home,3.2,"[2.8,3.5)","[0.28,0.34)",market_non_favorite,1.0,False,-1.0,"league|outcome|odds_bucket=I2|draw|[2.8,3.5)",2024-03
2024-03-16,G1,Panetolikos,Panserraikos,draw,home,3.25,"[2.8,3.5)","[0.28,0.34)",market_non_favorite,1.0,False,-1.0,"league|outcome|market_prob_bucket=G1|draw|[0.28,0.34)",2024-03
2024-03-16,I2,Como,Pisa,draw,home,3.3,"[2.8,3.5)","[0.28,0.34)",market_non_favorite,1.0,False,-1.0,"league|outcome|odds_bucket=I2|draw|[2.8,3.5)",2024-03
2024-03-16,G1,Asteras Tripolis,Volos NFC,draw,away,3.4,"[2.8,3.5)","[0.28,0.34)",market_non_favorite,1.0,False,-1.0,"league|outcome|market_prob_bucket=G1|draw|[0.28,0.34)",2024-03
2024-03-16,G1,Atromitos,Giannina,draw,home,3.4,"[2.8,3.5)","[0.28,0.34)",market_non_favorite,1.0,False,-1.0,"league|outcome|market_prob_bucket=G1|draw|[0.28,0.34)",2024-03
2024-03-17,P1,Casa Pia,Benfica,away,away,1.33,"[1.0,1.8)","[0.55,1.00]",market_favorite,1.0,True,0.33,"league|outcome|odds_bucket=P1|away|[1.0,1.8)",2024-03
2024-03-17,I2,Ascoli,Lecco,draw,home,3.4,"[2.8,3.5)","[0.28,0.34)",market_non_favorite,1.0,False,-1.0,"league|outcome|odds_bucket=I2|draw|[2.8,3.5)",2024-03
2024-03-29,P1,Estrela,Sp Lisbon,away,away,1.2,"[1.0,1.8)","[0.55,1.00]",market_favorite,1.0,True,0.2,"league|outcome|odds_bucket=P1|away|[1.0,1.8)",2024-03
2024-03-30,P1,Estoril,Porto,away,home,1.36,"[1.0,1.8)","[0.55,1.00]",market_favorite,1.0,False,-1.0,"league|outcome|odds_bucket=P1|away|[1.0,1.8)",2024-03
2024-03-30,G1,Panserraikos,Asteras Tripolis,draw,home,3.1,"[2.8,3.5)","[0.28,0.34)",market_non_favorite,1.0,False,-1.0,"league|outcome|market_prob_bucket=G1|draw|[0.28,0.34)",2024-03
2024-03-30,G1,Giannina,Panetolikos,draw,draw,3.25,"[2.8,3.5)","[0.28,0.34)",market_non_favorite,1.0,True,2.25,"league|outcome|market_prob_bucket=G1|draw|[0.28,0.34)",2024-03
2024-03-30,G1,Volos NFC,Kifisia,draw,home,3.3,"[2.8,3.5)","[0.28,0.34)",market_non_favorite,1.0,False,-1.0,"league|outcome|market_prob_bucket=G1|draw|[0.28,0.34)",2024-03
2024-03-31,G1,Panathinaikos,PAOK,draw,away,3.3,"[2.8,3.5)","[0.28,0.34)",market_non_favorite,1.0,False,-1.0,"league|outcome|market_prob_bucket=G1|draw|[0.28,0.34)",2024-03
2024-03-31,G1,AEK,Olympiakos,draw,home,3.4,"[2.8,3.5)","[0.28,0.34)",market_non_favorite,1.0,False,-1.0,"league|outcome|market_prob_bucket=G1|draw|[0.28,0.34)",2024-03
2024-04-01,P1,Portimonense,Sp Braga,away,away,1.45,"[1.0,1.8)","[0.55,1.00]",market_favorite,1.0,True,0.45,"league|outcome|odds_bucket=P1|away|[1.0,1.8)",2024-04
2024-04-02,T1,Galatasaray,Hatayspor,home,home,1.2,"[1.0,1.8)","[0.55,1.00]",market_favorite,1.0,True,0.2,"league|market_prob_bucket=T1|[0.55,1.00]",2024-04
2024-04-03,T1,Fenerbahce,Ad. Demirspor,home,home,1.25,"[1.0,1.8)","[0.55,1.00]",market_favorite,1.0,True,0.25,"league|market_prob_bucket=T1|[0.55,1.00]",2024-04
2024-04-03,G1,Panathinaikos,AEK,draw,home,3.25,"[2.8,3.5)","[0.28,0.34)",market_non_favorite,1.0,False,-1.0,"league|outcome|market_prob_bucket=G1|draw|[0.28,0.34)",2024-04
2024-04-06,G1,Panetolikos,Volos NFC,draw,away,3.1,"[2.8,3.5)","[0.28,0.34)",market_non_favorite,1.0,False,-1.0,"league|outcome|market_prob_bucket=G1|draw|[0.28,0.34)",2024-04
2024-04-06,G1,Atromitos,Panserraikos,draw,draw,3.2,"[2.8,3.5)","[0.28,0.34)",market_non_favorite,1.0,True,2.2,"league|outcome|market_prob_bucket=G1|draw|[0.28,0.34)",2024-04
2024-04-06,G1,OFI Crete,Giannina,draw,home,3.25,"[2.8,3.5)","[0.28,0.34)",market_non_favorite,1.0,False,-1.0,"league|outcome|market_prob_bucket=G1|draw|[0.28,0.34)",2024-04
2024-04-06,G1,Asteras Tripolis,Kifisia,draw,away,3.3,"[2.8,3.5)","[0.28,0.34)",market_non_favorite,1.0,False,-1.0,"league|outcome|market_prob_bucket=G1|draw|[0.28,0.34)",2024-04
2024-04-12,P1,Gil Vicente,Sp Lisbon,away,away,1.25,"[1.0,1.8)","[0.55,1.00]",market_favorite,1.0,True,0.25,"league|outcome|odds_bucket=P1|away|[1.0,1.8)",2024-04
2024-04-12,T1,Trabzonspor,Sivasspor,home,away,1.45,"[1.0,1.8)","[0.55,1.00]",market_favorite,1.0,False,-1.0,"league|market_prob_bucket=T1|[0.55,1.00]",2024-04
2024-04-13,P1,Estoril,Sp Braga,away,away,1.73,"[1.0,1.8)","[0.55,1.00]",market_favorite,1.0,True,0.73,"league|outcome|odds_bucket=P1|away|[1.0,1.8)",2024-04
2024-04-13,G1,Panserraikos,OFI Crete,draw,draw,3.1,"[2.8,3.5)","[0.28,0.34)",market_non_favorite,1.0,True,2.1,"league|outcome|market_prob_bucket=G1|draw|[0.28,0.34)",2024-04
2024-04-13,G1,Kifisia,Panetolikos,draw,away,3.2,"[2.8,3.5)","[0.28,0.34)",market_non_favorite,1.0,False,-1.0,"league|outcome|market_prob_bucket=G1|draw|[0.28,0.34)",2024-04
2024-04-13,G1,Volos NFC,Atromitos,draw,draw,3.25,"[2.8,3.5)","[0.28,0.34)",market_non_favorite,1.0,True,2.25,"league|outcome|market_prob_bucket=G1|draw|[0.28,0.34)",2024-04
2024-04-13,G1,Giannina,Asteras Tripolis,draw,away,3.25,"[2.8,3.5)","[0.28,0.34)",market_non_favorite,1.0,False,-1.0,"league|outcome|market_prob_bucket=G1|draw|[0.28,0.34)",2024-04
2024-04-14,T1,Karagumruk,Fenerbahce,away,away,1.4,"[1.0,1.8)","[0.55,1.00]",market_favorite,1.0,True,0.4,"league|market_prob_bucket=T1|[0.55,1.00]",2024-04
2024-04-14,T1,Hatayspor,Istanbulspor,home,away,1.45,"[1.0,1.8)","[0.55,1.00]",market_favorite,1.0,False,-1.0,"league|market_prob_bucket=T1|[0.55,1.00]",2024-04
2024-04-15,T1,Alanyaspor,Galatasaray,away,away,1.5,"[1.0,1.8)","[0.55,1.00]",market_favorite,1.0,True,0.5,"league|market_prob_bucket=T1|[0.55,1.00]",2024-04
2024-04-16,P1,Famalicao,Sp Lisbon,away,away,1.3,"[1.0,1.8)","[0.55,1.00]",market_favorite,1.0,True,0.3,"league|outcome|odds_bucket=P1|away|[1.0,1.8)",2024-04
2024-04-20,T1,Istanbulspor,Karagumruk,away,away,1.65,"[1.0,1.8)","[0.55,1.00]",market_favorite,1.0,True,0.65,"league|market_prob_bucket=T1|[0.55,1.00]",2024-04
2024-04-20,G1,Asteras Tripolis,Panetolikos,draw,away,3.1,"[2.8,3.5)","[0.28,0.34)",market_non_favorite,1.0,False,-1.0,"league|outcome|market_prob_bucket=G1|draw|[0.28,0.34)",2024-04
2024-04-20,G1,OFI Crete,Volos NFC,draw,home,3.2,"[2.8,3.5)","[0.28,0.34)",market_non_favorite,1.0,False,-1.0,"league|outcome|market_prob_bucket=G1|draw|[0.28,0.34)",2024-04
2024-04-21,T1,Galatasaray,Pendikspor,home,home,1.25,"[1.0,1.8)","[0.55,1.00]",market_favorite,1.0,True,0.25,"league|market_prob_bucket=T1|[0.55,1.00]",2024-04
2024-04-21,P1,Casa Pia,Porto,away,away,1.36,"[1.0,1.8)","[0.55,1.00]",market_favorite,1.0,True,0.36,"league|outcome|odds_bucket=P1|away|[1.0,1.8)",2024-04
2024-04-21,G1,Panserraikos,Giannina,draw,home,3.3,"[2.8,3.5)","[0.28,0.34)",market_non_favorite,1.0,False,-1.0,"league|outcome|market_prob_bucket=G1|draw|[0.28,0.34)",2024-04
2024-04-22,T1,Sivasspor,Fenerbahce,away,draw,1.4,"[1.0,1.8)","[0.55,1.00]",market_favorite,1.0,False,-1.0,"league|market_prob_bucket=T1|[0.55,1.00]",2024-04
2024-04-22,P1,Farense,Benfica,away,away,1.4,"[1.0,1.8)","[0.55,1.00]",market_favorite,1.0,True,0.4,"league|outcome|odds_bucket=P1|away|[1.0,1.8)",2024-04
2024-04-24,G1,AEK,Panathinaikos,draw,home,3.3,"[2.8,3.5)","[0.28,0.34)",market_non_favorite,1.0,False,-1.0,"league|outcome|market_prob_bucket=G1|draw|[0.28,0.34)",2024-04
2024-04-26,T1,Ad. Demirspor,Galatasaray,away,away,1.45,"[1.0,1.8)","[0.55,1.00]",market_favorite,1.0,True,0.45,"league|market_prob_bucket=T1|[0.55,1.00]",2024-04
2024-04-27,T1,Fenerbahce,Besiktas,home,home,1.45,"[1.0,1.8)","[0.55,1.00]",market_favorite,1.0,True,0.45,"league|market_prob_bucket=T1|[0.55,1.00]",2024-04
2024-04-28,T1,Alanyaspor,Istanbulspor,home,home,1.36,"[1.0,1.8)","[0.55,1.00]",market_favorite,1.0,True,0.36,"league|market_prob_bucket=T1|[0.55,1.00]",2024-04
2024-04-28,T1,Trabzonspor,Gaziantep,home,home,1.5,"[1.0,1.8)","[0.55,1.00]",market_favorite,1.0,True,0.5,"league|market_prob_bucket=T1|[0.55,1.00]",2024-04
2024-04-28,G1,PAOK,AEK,draw,home,3.2,"[2.8,3.5)","[0.28,0.34)",market_non_favorite,1.0,False,-1.0,"league|outcome|market_prob_bucket=G1|draw|[0.28,0.34)",2024-04
2024-05-04,P1,Chaves,Porto,away,away,1.29,"[1.0,1.8)","[0.55,1.00]",market_favorite,1.0,True,0.29,"league|outcome|odds_bucket=P1|away|[1.0,1.8)",2024-05
2024-05-04,B1,RWD Molenbeek,Charleroi,draw,away,3.4,"[2.8,3.5)","[0.20,0.28)",market_non_favorite,1.0,False,-1.0,"league|odds_bucket|market_prob_bucket=B1|[2.8,3.5)|[0.20,0.28)",2024-05
2024-05-05,P1,Famalicao,Benfica,away,home,1.36,"[1.0,1.8)","[0.55,1.00]",market_favorite,1.0,False,-1.0,"league|outcome|odds_bucket=P1|away|[1.0,1.8)",2024-05
2024-05-05,B1,Kortrijk,Eupen,draw,home,3.4,"[2.8,3.5)","[0.20,0.28)",market_non_favorite,1.0,False,-1.0,"league|odds_bucket|market_prob_bucket=B1|[2.8,3.5)|[0.20,0.28)",2024-05
2024-05-11,P1,Estoril,Sp Lisbon,away,away,1.44,"[1.0,1.8)","[0.55,1.00]",market_favorite,1.0,True,0.44,"league|outcome|odds_bucket=P1|away|[1.0,1.8)",2024-05
2024-05-11,G1,OFI Crete,Panetolikos,draw,away,3.4,"[2.8,3.5)","[0.28,0.34)",market_non_favorite,1.0,False,-1.0,"league|outcome|market_prob_bucket=G1|draw|[0.28,0.34)",2024-05
2024-05-11,B1,Charleroi,Kortrijk,draw,home,3.4,"[2.8,3.5)","[0.20,0.28)",market_non_favorite,1.0,False,-1.0,"league|odds_bucket|market_prob_bucket=B1|[2.8,3.5)|[0.20,0.28)",2024-05
2024-05-17,P1,Rio Ave,Benfica,away,draw,1.4,"[1.0,1.8)","[0.55,1.00]",market_favorite,1.0,False,-1.0,"league|outcome|odds_bucket=P1|away|[1.0,1.8)",2024-05
2024-05-19,G1,Panathinaikos,Olympiakos,draw,draw,3.3,"[2.8,3.5)","[0.28,0.34)",market_non_favorite,1.0,True,2.3,"league|outcome|market_prob_bucket=G1|draw|[0.28,0.34)",2024-05
2024-08-09,T1,Galatasaray,Hatayspor,home,home,1.25,"[1.0,1.8)","[0.55,1.00]",market_favorite,1.0,True,0.25,"league|market_prob_bucket=T1|[0.55,1.00]",2024-08
2024-08-10,T1,Fenerbahce,Ad. Demirspor,home,home,1.14,"[1.0,1.8)","[0.55,1.00]",market_favorite,1.0,True,0.14,"league|market_prob_bucket=T1|[0.55,1.00]",2024-08
2024-08-11,P1,Famalicao,Benfica,away,home,1.44,"[1.0,1.8)","[0.55,1.00]",market_favorite,1.0,False,-1.0,"league|outcome|odds_bucket=P1|away|[1.0,1.8)",2024-08
2024-08-16,P1,Santa Clara,Porto,away,away,1.53,"[1.0,1.8)","[0.55,1.00]",market_favorite,1.0,True,0.53,"league|outcome|odds_bucket=P1|away|[1.0,1.8)",2024-08
2024-08-16,T1,Konyaspor,Galatasaray,away,away,1.67,"[1.0,1.8)","[0.55,1.00]",market_favorite,1.0,True,0.67,"league|market_prob_bucket=T1|[0.55,1.00]",2024-08
2024-08-17,P1,Nacional,Sp Lisbon,away,away,1.25,"[1.0,1.8)","[0.55,1.00]",market_favorite,1.0,True,0.25,"league|outcome|odds_bucket=P1|away|[1.0,1.8)",2024-08
2024-08-17,T1,Goztep,Fenerbahce,away,draw,1.38,"[1.0,1.8)","[0.55,1.00]",market_favorite,1.0,False,-1.0,"league|market_prob_bucket=T1|[0.55,1.00]",2024-08
2024-08-18,T1,Besiktas,Antalyaspor,home,home,1.5,"[1.0,1.8)","[0.55,1.00]",market_favorite,1.0,True,0.5,"league|market_prob_bucket=T1|[0.55,1.00]",2024-08
2024-08-18,P1,Boavista,Sp Braga,away,away,1.6,"[1.0,1.8)","[0.55,1.00]",market_favorite,1.0,True,0.6,"league|outcome|odds_bucket=P1|away|[1.0,1.8)",2024-08
2024-08-18,G1,Levadeiakos,Athens Kallithea,draw,draw,2.88,"[2.8,3.5)","[0.28,0.34)",market_non_favorite,1.0,True,1.88,"league|outcome|market_prob_bucket=G1|draw|[0.28,0.34)",2024-08
2024-08-18,G1,Atromitos,Aris,draw,draw,3.2,"[2.8,3.5)","[0.28,0.34)",market_non_favorite,1.0,True,2.2,"league|outcome|market_prob_bucket=G1|draw|[0.28,0.34)",2024-08
2024-08-19,G1,Panetolikos,Lamia,draw,away,3.25,"[2.8,3.5)","[0.28,0.34)",market_non_favorite,1.0,False,-1.0,"league|outcome|market_prob_bucket=G1|draw|[0.28,0.34)",2024-08
2024-08-23,P1,Farense,Sp Lisbon,away,away,1.2,"[1.0,1.8)","[0.55,1.00]",market_favorite,1.0,True,0.2,"league|outcome|odds_bucket=P1|away|[1.0,1.8)",2024-08
2024-08-24,G1,Panserraikos,Aris,draw,away,3.2,"[2.8,3.5)","[0.28,0.34)",market_non_favorite,1.0,False,-1.0,"league|outcome|market_prob_bucket=G1|draw|[0.28,0.34)",2024-08
2024-08-25,T1,Kasimpasa,Ad. Demirspor,home,draw,1.57,"[1.0,1.8)","[0.55,1.00]",market_favorite,1.0,False,-1.0,"league|market_prob_bucket=T1|[0.55,1.00]",2024-08
2024-08-25,T1,Rizespor,Fenerbahce,away,away,1.7,"[1.0,1.8)","[0.55,1.00]",market_favorite,1.0,True,0.7,"league|market_prob_bucket=T1|[0.55,1.00]",2024-08
2024-08-25,G1,Asteras Tripolis,Volos NFC,draw,away,3.2,"[2.8,3.5)","[0.28,0.34)",market_non_favorite,1.0,False,-1.0,"league|outcome|market_prob_bucket=G1|draw|[0.28,0.34)",2024-08
2024-08-30,T1,Fenerbahce,Alanyaspor,home,home,1.3,"[1.0,1.8)","[0.55,1.00]",market_favorite,1.0,True,0.3,"league|market_prob_bucket=T1|[0.55,1.00]",2024-08
2024-08-30,P1,Moreirense,Benfica,away,draw,1.44,"[1.0,1.8)","[0.55,1.00]",market_favorite,1.0,False,-1.0,"league|outcome|odds_bucket=P1|away|[1.0,1.8)",2024-08
2024-08-31,T1,Ad. Demirspor,Galatasaray,away,away,1.42,"[1.0,1.8)","[0.55,1.00]",market_favorite,1.0,True,0.42,"league|market_prob_bucket=T1|[0.55,1.00]",2024-08
2024-08-31,G1,Panetolikos,Panserraikos,draw,home,3.2,"[2.8,3.5)","[0.28,0.34)",market_non_favorite,1.0,False,-1.0,"league|outcome|market_prob_bucket=G1|draw|[0.28,0.34)",2024-08
2024-09-01,T1,Besiktas,Sivasspor,home,home,1.44,"[1.0,1.8)","[0.55,1.00]",market_favorite,1.0,True,0.44,"league|market_prob_bucket=T1|[0.55,1.00]",2024-09
2024-09-01,P1,Gil Vicente,Sp Braga,away,draw,1.73,"[1.0,1.8)","[0.42,0.55)",market_favorite,1.0,False,-1.0,"league|outcome|odds_bucket=P1|away|[1.0,1.8)",2024-09
2024-09-01,G1,Volos NFC,OFI Crete,draw,away,3.1,"[2.8,3.5)","[0.28,0.34)",market_non_favorite,1.0,False,-1.0,"league|outcome|market_prob_bucket=G1|draw|[0.28,0.34)",2024-09
2024-09-13,P1,Arouca,Sp Lisbon,away,away,1.22,"[1.0,1.8)","[0.55,1.00]",market_favorite,1.0,True,0.22,"league|outcome|odds_bucket=P1|away|[1.0,1.8)",2024-09
2024-09-14,T1,Galatasaray,Rizespor,home,home,1.25,"[1.0,1.8)","[0.55,1.00]",market_favorite,1.0,True,0.25,"league|market_prob_bucket=T1|[0.55,1.00]",2024-09
2024-09-14,G1,Lamia,Athens Kallithea,draw,draw,3.2,"[2.8,3.5)","[0.28,0.34)",market_non_favorite,1.0,True,2.2,"league|outcome|market_prob_bucket=G1|draw|[0.28,0.34)",2024-09
2024-09-15,T1,Kasimpasa,Fenerbahce,away,away,1.48,"[1.0,1.8)","[0.55,1.00]",market_favorite,1.0,True,0.48,"league|market_prob_bucket=T1|[0.55,1.00]",2024-09
2024-09-15,G1,Panserraikos,Levadeiakos,draw,draw,3.0,"[2.8,3.5)","[0.28,0.34)",market_non_favorite,1.0,True,2.0,"league|outcome|market_prob_bucket=G1|draw|[0.28,0.34)",2024-09
2024-09-15,G1,OFI Crete,Aris,draw,home,3.3,"[2.8,3.5)","[0.28,0.34)",market_non_favorite,1.0,False,-1.0,"league|outcome|market_prob_bucket=G1|draw|[0.28,0.34)",2024-09
2024-09-17,T1,Galatasaray,Gaziantep,home,home,1.2,"[1.0,1.8)","[0.55,1.00]",market_favorite,1.0,True,0.2,"league|market_prob_bucket=T1|[0.55,1.00]",2024-09
2024-09-19,T1,Trabzonspor,Kayserispor,home,draw,1.65,"[1.0,1.8)","[0.55,1.00]",market_favorite,1.0,False,-1.0,"league|market_prob_bucket=T1|[0.55,1.00]",2024-09
2024-09-20,P1,Nacional,Sp Braga,away,away,1.65,"[1.0,1.8)","[0.55,1.00]",market_favorite,1.0,True,0.65,"league|outcome|odds_bucket=P1|away|[1.0,1.8)",2024-09
2024-09-21,G1,Panetolikos,Asteras Tripolis,draw,draw,3.1,"[2.8,3.5)","[0.28,0.34)",market_non_favorite,1.0,True,2.1,"league|outcome|market_prob_bucket=G1|draw|[0.28,0.34)",2024-09
2024-09-22,T1,Besiktas,Eyupspor,home,home,1.44,"[1.0,1.8)","[0.55,1.00]",market_favorite,1.0,True,0.44,"league|market_prob_bucket=T1|[0.55,1.00]",2024-09
2024-09-22,G1,Levadeiakos,OFI Crete,draw,draw,3.0,"[2.8,3.5)","[0.28,0.34)",market_non_favorite,1.0,True,2.0,"league|outcome|market_prob_bucket=G1|draw|[0.28,0.34)",2024-09
2024-09-23,P1,Boavista,Benfica,away,away,1.25,"[1.0,1.8)","[0.55,1.00]",market_favorite,1.0,True,0.25,"league|outcome|odds_bucket=P1|away|[1.0,1.8)",2024-09
2024-09-27,P1,Estoril,Sp Lisbon,away,away,1.17,"[1.0,1.8)","[0.55,1.00]",market_favorite,1.0,True,0.17,"league|outcome|odds_bucket=P1|away|[1.0,1.8)",2024-09
2024-09-28,T1,Galatasaray,Kasimpasa,home,draw,1.27,"[1.0,1.8)","[0.55,1.00]",market_favorite,1.0,False,-1.0,"league|market_prob_bucket=T1|[0.55,1.00]",2024-09
2024-09-28,G1,Volos NFC,Athens Kallithea,draw,draw,3.3,"[2.8,3.5)","[0.28,0.34)",market_non_favorite,1.0,True,2.3,"league|outcome|market_prob_bucket=G1|draw|[0.28,0.34)",2024-09
2024-09-29,T1,Antalyaspor,Fenerbahce,away,away,1.4,"[1.0,1.8)","[0.55,1.00]",market_favorite,1.0,True,0.4,"league|market_prob_bucket=T1|[0.55,1.00]",2024-09
2024-09-30,T1,Kayserispor,Besiktas,away,away,1.62,"[1.0,1.8)","[0.55,1.00]",market_favorite,1.0,True,0.62,"league|market_prob_bucket=T1|[0.55,1.00]",2024-09
2024-09-30,G1,Lamia,Panserraikos,draw,away,3.3,"[2.8,3.5)","[0.28,0.34)",market_non_favorite,1.0,False,-1.0,"league|outcome|market_prob_bucket=G1|draw|[0.28,0.34)",2024-09
2024-10-05,T1,Buyuksehyr,Kayserispor,home,draw,1.57,"[1.0,1.8)","[0.55,1.00]",market_favorite,1.0,False,-1.0,"league|market_prob_bucket=T1|[0.55,1.00]",2024-10
2024-10-05,G1,Atromitos,Volos NFC,draw,away,3.2,"[2.8,3.5)","[0.28,0.34)",market_non_favorite,1.0,False,-1.0,"league|outcome|market_prob_bucket=G1|draw|[0.28,0.34)",2024-10
2024-10-06,T1,Galatasaray,Alanyaspor,home,home,1.3,"[1.0,1.8)","[0.55,1.00]",market_favorite,1.0,True,0.3,"league|market_prob_bucket=T1|[0.55,1.00]",2024-10
2024-10-06,T1,Gaziantep,Besiktas,away,draw,1.67,"[1.0,1.8)","[0.55,1.00]",market_favorite,1.0,False,-1.0,"league|market_prob_bucket=T1|[0.55,1.00]",2024-10
2024-10-06,T1,Ad. Demirspor,Samsunspor,away,away,1.7,"[1.0,1.8)","[0.55,1.00]",market_favorite,1.0,True,0.7,"league|market_prob_bucket=T1|[0.55,1.00]",2024-10
2024-10-06,G1,Athens Kallithea,Asteras Tripolis,draw,away,3.1,"[2.8,3.5)","[0.28,0.34)",market_non_favorite,1.0,False,-1.0,"league|outcome|market_prob_bucket=G1|draw|[0.28,0.34)",2024-10
2024-10-06,G1,Panathinaikos,Olympiakos,draw,draw,3.2,"[2.8,3.5)","[0.28,0.34)",market_non_favorite,1.0,True,2.2,"league|outcome|market_prob_bucket=G1|draw|[0.28,0.34)",2024-10
2024-10-06,G1,Panserraikos,OFI Crete,draw,away,3.2,"[2.8,3.5)","[0.28,0.34)",market_non_favorite,1.0,False,-1.0,"league|outcome|market_prob_bucket=G1|draw|[0.28,0.34)",2024-10
2024-10-19,T1,Antalyaspor,Galatasaray,away,away,1.38,"[1.0,1.8)","[0.55,1.00]",market_favorite,1.0,True,0.38,"league|market_prob_bucket=T1|[0.55,1.00]",2024-10
2024-10-19,G1,Volos NFC,Panserraikos,draw,away,3.0,"[2.8,3.5)","[0.28,0.34)",market_non_favorite,1.0,False,-1.0,"league|outcome|market_prob_bucket=G1|draw|[0.28,0.34)",2024-10
2024-10-19,G1,Lamia,Asteras Tripolis,draw,draw,3.25,"[2.8,3.5)","[0.28,0.34)",market_non_favorite,1.0,True,2.25,"league|outcome|market_prob_bucket=G1|draw|[0.28,0.34)",2024-10
2024-10-20,T1,Besiktas,Konyaspor,home,home,1.4,"[1.0,1.8)","[0.55,1.00]",market_favorite,1.0,True,0.4,"league|market_prob_bucket=T1|[0.55,1.00]",2024-10
2024-10-26,G1,Levadeiakos,Lamia,draw,draw,3.2,"[2.8,3.5)","[0.28,0.34)",market_non_favorite,1.0,True,2.2,"league|outcome|market_prob_bucket=G1|draw|[0.28,0.34)",2024-10
2024-10-26,G1,Panetolikos,Volos NFC,draw,away,3.3,"[2.8,3.5)","[0.28,0.34)",market_non_favorite,1.0,False,-1.0,"league|outcome|market_prob_bucket=G1|draw|[0.28,0.34)",2024-10
2024-10-27,T1,Fenerbahce,Bodrumspor,home,home,1.22,"[1.0,1.8)","[0.55,1.00]",market_favorite,1.0,True,0.22,"league|market_prob_bucket=T1|[0.55,1.00]",2024-10
2024-10-27,G1,Athens Kallithea,Atromitos,draw,away,3.1,"[2.8,3.5)","[0.28,0.34)",market_non_favorite,1.0,False,-1.0,"league|outcome|market_prob_bucket=G1|draw|[0.28,0.34)",2024-10
2024-11-02,T1,Besiktas,Kasimpasa,home,away,1.57,"[1.0,1.8)","[0.55,1.00]",market_favorite,1.0,False,-1.0,"league|market_prob_bucket=T1|[0.55,1.00]",2024-11
2024-11-02,T1,Kayserispor,Ad. Demirspor,home,draw,1.6,"[1.0,1.8)","[0.55,1.00]",market_favorite,1.0,False,-1.0,"league|market_prob_bucket=T1|[0.55,1.00]",2024-11
2024-11-02,G1,Athens Kallithea,Panetolikos,draw,draw,3.25,"[2.8,3.5)","[0.28,0.34)",market_non_favorite,1.0,True,2.25,"league|outcome|market_prob_bucket=G1|draw|[0.28,0.34)",2024-11
2024-11-03,T1,Eyupspor,Hatayspor,home,home,1.7,"[1.0,1.8)","[0.55,1.00]",market_favorite,1.0,True,0.7,"league|market_prob_bucket=T1|[0.55,1.00]",2024-11
2024-11-09,T1,Ad. Demirspor,Eyupspor,away,away,1.7,"[1.0,1.8)","[0.55,1.00]",market_favorite,1.0,True,0.7,"league|market_prob_bucket=T1|[0.55,1.00]",2024-11
2024-11-09,G1,Panserraikos,Atromitos,draw,away,3.1,"[2.8,3.5)","[0.28,0.34)",market_non_favorite,1.0,False,-1.0,"league|outcome|market_prob_bucket=G1|draw|[0.28,0.34)",2024-11
2024-11-10,T1,Fenerbahce,Sivasspor,home,home,1.2,"[1.0,1.8)","[0.55,1.00]",market_favorite,1.0,True,0.2,"league|market_prob_bucket=T1|[0.55,1.00]",2024-11
2024-11-10,T1,Galatasaray,Samsunspor,home,home,1.42,"[1.0,1.8)","[0.55,1.00]",market_favorite,1.0,True,0.42,"league|market_prob_bucket=T1|[0.55,1.00]",2024-11
2024-11-10,G1,Levadeiakos,Volos NFC,draw,home,3.1,"[2.8,3.5)","[0.28,0.34)",market_non_favorite,1.0,False,-1.0,"league|outcome|market_prob_bucket=G1|draw|[0.28,0.34)",2024-11
2024-11-10,G1,PAOK,Olympiakos,draw,away,3.2,"[2.8,3.5)","[0.28,0.34)",market_non_favorite,1.0,False,-1.0,"league|outcome|market_prob_bucket=G1|draw|[0.28,0.34)",2024-11
2024-11-22,G1,Athens Kallithea,Panserraikos,draw,away,3.3,"[2.8,3.5)","[0.28,0.34)",market_non_favorite,1.0,False,-1.0,"league|outcome|market_prob_bucket=G1|draw|[0.28,0.34)",2024-11
2024-11-23,T1,Bodrumspor,Galatasaray,away,away,1.42,"[1.0,1.8)","[0.55,1.00]",market_favorite,1.0,True,0.42,"league|market_prob_bucket=T1|[0.55,1.00]",2024-11
2024-11-23,T1,Kayserispor,Fenerbahce,away,away,1.44,"[1.0,1.8)","[0.55,1.00]",market_favorite,1.0,True,0.44,"league|market_prob_bucket=T1|[0.55,1.00]",2024-11
2024-11-23,G1,Lamia,OFI Crete,draw,draw,3.2,"[2.8,3.5)","[0.28,0.34)",market_non_favorite,1.0,True,2.2,"league|outcome|market_prob_bucket=G1|draw|[0.28,0.34)",2024-11
2024-11-24,T1,Besiktas,Goztep,home,away,1.48,"[1.0,1.8)","[0.55,1.00]",market_favorite,1.0,False,-1.0,"league|market_prob_bucket=T1|[0.55,1.00]",2024-11
2024-11-24,G1,Olympiakos,AEK,draw,home,3.25,"[2.8,3.5)","[0.28,0.34)",market_non_favorite,1.0,False,-1.0,"league|outcome|market_prob_bucket=G1|draw|[0.28,0.34)",2024-11
2024-11-25,T1,Trabzonspor,Ad. Demirspor,home,home,1.48,"[1.0,1.8)","[0.55,1.00]",market_favorite,1.0,True,0.48,"league|market_prob_bucket=T1|[0.55,1.00]",2024-11
2024-11-30,T1,Samsunspor,Bodrumspor,home,home,1.67,"[1.0,1.8)","[0.55,1.00]",market_favorite,1.0,True,0.67,"league|market_prob_bucket=T1|[0.55,1.00]",2024-11
2024-11-30,G1,Levadeiakos,Panetolikos,draw,draw,3.2,"[2.8,3.5)","[0.28,0.34)",market_non_favorite,1.0,True,2.2,"league|outcome|market_prob_bucket=G1|draw|[0.28,0.34)",2024-11
2024-11-30,G1,Volos NFC,Lamia,draw,draw,3.25,"[2.8,3.5)","[0.28,0.34)",market_non_favorite,1.0,True,2.25,"league|outcome|market_prob_bucket=G1|draw|[0.28,0.34)",2024-11
2024-12-01,T1,Galatasaray,Eyupspor,home,draw,1.25,"[1.0,1.8)","[0.55,1.00]",market_favorite,1.0,False,-1.0,"league|market_prob_bucket=T1|[0.55,1.00]",2024-12
2024-12-01,G1,Panserraikos,Asteras Tripolis,draw,home,3.25,"[2.8,3.5)","[0.28,0.34)",market_non_favorite,1.0,False,-1.0,"league|outcome|market_prob_bucket=G1|draw|[0.28,0.34)",2024-12
2024-12-02,T1,Fenerbahce,Gaziantep,home,home,1.25,"[1.0,1.8)","[0.55,1.00]",market_favorite,1.0,True,0.25,"league|market_prob_bucket=T1|[0.55,1.00]",2024-12
2024-12-07,T1,Goztep,Ad. Demirspor,home,home,1.3,"[1.0,1.8)","[0.55,1.00]",market_favorite,1.0,True,0.3,"league|market_prob_bucket=T1|[0.55,1.00]",2024-12
2024-12-07,G1,Aris,Atromitos,draw,home,3.25,"[2.8,3.5)","[0.28,0.34)",market_non_favorite,1.0,False,-1.0,"league|outcome|market_prob_bucket=G1|draw|[0.28,0.34)",2024-12
2024-12-08,T1,Sivasspor,Galatasaray,away,away,1.42,"[1.0,1.8)","[0.55,1.00]",market_favorite,1.0,True,0.42,"league|market_prob_bucket=T1|[0.55,1.00]",2024-12
2024-12-08,G1,Lamia,Panetolikos,draw,away,3.2,"[2.8,3.5)","[0.28,0.34)",market_non_favorite,1.0,False,-1.0,"league|outcome|market_prob_bucket=G1|draw|[0.28,0.34)",2024-12
2024-12-09,G1,Athens Kallithea,Levadeiakos,draw,away,3.0,"[2.8,3.5)","[0.28,0.34)",market_non_favorite,1.0,False,-1.0,"league|outcome|market_prob_bucket=G1|draw|[0.28,0.34)",2024-12
2024-12-14,G1,Volos NFC,Asteras Tripolis,draw,home,3.1,"[2.8,3.5)","[0.28,0.34)",market_non_favorite,1.0,False,-1.0,"league|outcome|market_prob_bucket=G1|draw|[0.28,0.34)",2024-12
2024-12-14,G1,Atromitos,OFI Crete,draw,draw,3.3,"[2.8,3.5)","[0.28,0.34)",market_non_favorite,1.0,True,2.3,"league|outcome|market_prob_bucket=G1|draw|[0.28,0.34)",2024-12
2024-12-15,T1,Fenerbahce,Buyuksehyr,home,home,1.38,"[1.0,1.8)","[0.55,1.00]",market_favorite,1.0,True,0.38,"league|market_prob_bucket=T1|[0.55,1.00]",2024-12
2024-12-16,T1,Galatasaray,Trabzonspor,home,home,1.33,"[1.0,1.8)","[0.55,1.00]",market_favorite,1.0,True,0.33,"league|market_prob_bucket=T1|[0.55,1.00]",2024-12
2024-12-16,T1,Ad. Demirspor,Besiktas,away,home,1.36,"[1.0,1.8)","[0.55,1.00]",market_favorite,1.0,False,-1.0,"league|market_prob_bucket=T1|[0.55,1.00]",2024-12
2024-12-20,T1,Eyupspor,Fenerbahce,away,draw,1.55,"[1.0,1.8)","[0.55,1.00]",market_favorite,1.0,False,-1.0,"league|market_prob_bucket=T1|[0.55,1.00]",2024-12
2024-12-21,T1,Besiktas,Alanyaspor,home,draw,1.67,"[1.0,1.8)","[0.55,1.00]",market_favorite,1.0,False,-1.0,"league|market_prob_bucket=T1|[0.55,1.00]",2024-12
2024-12-22,T1,Kayserispor,Galatasaray,away,away,1.36,"[1.0,1.8)","[0.55,1.00]",market_favorite,1.0,True,0.36,"league|market_prob_bucket=T1|[0.55,1.00]",2024-12
2024-12-22,T1,Trabzonspor,Bodrumspor,home,home,1.57,"[1.0,1.8)","[0.55,1.00]",market_favorite,1.0,True,0.57,"league|market_prob_bucket=T1|[0.55,1.00]",2024-12
2024-12-22,G1,Panserraikos,Panetolikos,draw,draw,3.2,"[2.8,3.5)","[0.28,0.34)",market_non_favorite,1.0,True,2.2,"league|outcome|market_prob_bucket=G1|draw|[0.28,0.34)",2024-12
2024-12-23,T1,Hatayspor,Ad. Demirspor,home,away,1.6,"[1.0,1.8)","[0.55,1.00]",market_favorite,1.0,False,-1.0,"league|market_prob_bucket=T1|[0.55,1.00]",2024-12
2024-12-23,G1,Asteras Tripolis,Aris,draw,home,3.1,"[2.8,3.5)","[0.28,0.34)",market_non_favorite,1.0,False,-1.0,"league|outcome|market_prob_bucket=G1|draw|[0.28,0.34)",2024-12
2024-12-23,G1,OFI Crete,Volos NFC,draw,home,3.2,"[2.8,3.5)","[0.28,0.34)",market_non_favorite,1.0,False,-1.0,"league|outcome|market_prob_bucket=G1|draw|[0.28,0.34)",2024-12
2025-01-04,T1,Galatasaray,Goztep,home,home,1.33,"[1.0,1.8)","[0.55,1.00]",market_favorite,1.0,True,0.33,"league|market_prob_bucket=T1|[0.55,1.00]",2025-01
2025-01-04,T1,Ad. Demirspor,Buyuksehyr,away,away,1.57,"[1.0,1.8)","[0.55,1.00]",market_favorite,1.0,True,0.57,"league|market_prob_bucket=T1|[0.55,1.00]",2025-01
2025-01-04,G1,Athens Kallithea,Lamia,draw,home,3.2,"[2.8,3.5)","[0.28,0.34)",market_non_favorite,1.0,False,-1.0,"league|outcome|market_prob_bucket=G1|draw|[0.28,0.34)",2025-01
2025-01-05,T1,Fenerbahce,Hatayspor,home,home,1.08,"[1.0,1.8)","[0.55,1.00]",market_favorite,1.0,True,0.08,"league|market_prob_bucket=T1|[0.55,1.00]",2025-01
2025-01-05,G1,Levadeiakos,Panserraikos,draw,home,3.2,"[2.8,3.5)","[0.28,0.34)",market_non_favorite,1.0,False,-1.0,"league|outcome|market_prob_bucket=G1|draw|[0.28,0.34)",2025-01
2025-01-05,G1,Panathinaikos,PAOK,draw,home,3.3,"[2.8,3.5)","[0.28,0.34)",market_non_favorite,1.0,False,-1.0,"league|outcome|market_prob_bucket=G1|draw|[0.28,0.34)",2025-01
2025-01-11,T1,Besiktas,Bodrumspor,home,home,1.48,"[1.0,1.8)","[0.55,1.00]",market_favorite,1.0,True,0.48,"league|market_prob_bucket=T1|[0.55,1.00]",2025-01
2025-01-12,T1,Gaziantep,Ad. Demirspor,home,home,1.45,"[1.0,1.8)","[0.55,1.00]",market_favorite,1.0,True,0.45,"league|market_prob_bucket=T1|[0.55,1.00]",2025-01
2025-01-12,T1,Trabzonspor,Antalyaspor,home,home,1.53,"[1.0,1.8)","[0.55,1.00]",market_favorite,1.0,True,0.53,"league|market_prob_bucket=T1|[0.55,1.00]",2025-01
2025-01-12,T1,Buyuksehyr,Galatasaray,away,away,1.57,"[1.0,1.8)","[0.55,1.00]",market_favorite,1.0,True,0.57,"league|market_prob_bucket=T1|[0.55,1.00]",2025-01
2025-01-12,G1,Lamia,Atromitos,draw,away,3.1,"[2.8,3.5)","[0.28,0.34)",market_non_favorite,1.0,False,-1.0,"league|outcome|market_prob_bucket=G1|draw|[0.28,0.34)",2025-01
2025-01-13,T1,Konyaspor,Fenerbahce,away,away,1.5,"[1.0,1.8)","[0.55,1.00]",market_favorite,1.0,True,0.5,"league|market_prob_bucket=T1|[0.55,1.00]",2025-01
2025-01-13,G1,OFI Crete,Levadeiakos,draw,draw,3.2,"[2.8,3.5)","[0.28,0.34)",market_non_favorite,1.0,True,2.2,"league|outcome|market_prob_bucket=G1|draw|[0.28,0.34)",2025-01
2025-01-13,G1,Asteras Tripolis,Panetolikos,draw,home,3.2,"[2.8,3.5)","[0.28,0.34)",market_non_favorite,1.0,False,-1.0,"league|outcome|market_prob_bucket=G1|draw|[0.28,0.34)",2025-01
2025-01-17,T1,Hatayspor,Galatasaray,away,draw,1.27,"[1.0,1.8)","[0.55,1.00]",market_favorite,1.0,False,-1.0,"league|market_prob_bucket=T1|[0.55,1.00]",2025-01
2025-01-18,G1,Athens Kallithea,Volos NFC,draw,home,3.0,"[2.8,3.5)","[0.28,0.34)",market_non_favorite,1.0,False,-1.0,"league|outcome|market_prob_bucket=G1|draw|[0.28,0.34)",2025-01
2025-01-19,T1,Ad. Demirspor,Fenerbahce,away,away,1.17,"[1.0,1.8)","[0.55,1.00]",market_favorite,1.0,True,0.17,"league|market_prob_bucket=T1|[0.55,1.00]",2025-01
2025-01-19,T1,Goztep,Antalyaspor,home,home,1.55,"[1.0,1.8)","[0.55,1.00]",market_favorite,1.0,True,0.55,"league|market_prob_bucket=T1|[0.55,1.00]",2025-01
2025-01-19,G1,Levadeiakos,Asteras Tripolis,draw,away,3.0,"[2.8,3.5)","[0.28,0.34)",market_non_favorite,1.0,False,-1.0,"league|outcome|market_prob_bucket=G1|draw|[0.28,0.34)",2025-01
2025-01-19,G1,Panathinaikos,AEK,draw,home,3.1,"[2.8,3.5)","[0.28,0.34)",market_non_favorite,1.0,False,-1.0,"league|outcome|market_prob_bucket=G1|draw|[0.28,0.34)",2025-01
2025-01-19,G1,Panetolikos,OFI Crete,draw,home,3.2,"[2.8,3.5)","[0.28,0.34)",market_non_favorite,1.0,False,-1.0,"league|outcome|market_prob_bucket=G1|draw|[0.28,0.34)",2025-01
2025-01-19,G1,Aris,PAOK,draw,draw,3.2,"[2.8,3.5)","[0.28,0.34)",market_non_favorite,1.0,True,2.2,"league|outcome|market_prob_bucket=G1|draw|[0.28,0.34)",2025-01
2025-01-20,T1,Trabzonspor,Sivasspor,home,home,1.48,"[1.0,1.8)","[0.55,1.00]",market_favorite,1.0,True,0.48,"league|market_prob_bucket=T1|[0.55,1.00]",2025-01
2025-01-20,G1,Panserraikos,Lamia,draw,home,3.3,"[2.8,3.5)","[0.28,0.34)",market_non_favorite,1.0,False,-1.0,"league|outcome|market_prob_bucket=G1|draw|[0.28,0.34)",2025-01
2025-01-24,T1,Samsunspor,Gaziantep,home,home,1.67,"[1.0,1.8)","[0.55,1.00]",market_favorite,1.0,True,0.67,"league|market_prob_bucket=T1|[0.55,1.00]",2025-01
2025-01-24,G1,Volos NFC,Atromitos,draw,away,2.9,"[2.8,3.5)","[0.28,0.34)",market_non_favorite,1.0,False,-1.0,"league|outcome|market_prob_bucket=G1|draw|[0.28,0.34)",2025-01
2025-01-25,T1,Galatasaray,Konyaspor,home,home,1.22,"[1.0,1.8)","[0.55,1.00]",market_favorite,1.0,True,0.22,"league|market_prob_bucket=T1|[0.55,1.00]",2025-01
2025-01-25,G1,OFI Crete,Panserraikos,draw,home,3.3,"[2.8,3.5)","[0.28,0.34)",market_non_favorite,1.0,False,-1.0,"league|outcome|market_prob_bucket=G1|draw|[0.28,0.34)",2025-01
2025-01-25,G1,Asteras Tripolis,Athens Kallithea,draw,home,3.3,"[2.8,3.5)","[0.28,0.34)",market_non_favorite,1.0,False,-1.0,"league|outcome|market_prob_bucket=G1|draw|[0.28,0.34)",2025-01
2025-01-26,T1,Rizespor,Ad. Demirspor,home,home,1.33,"[1.0,1.8)","[0.55,1.00]",market_favorite,1.0,True,0.33,"league|market_prob_bucket=T1|[0.55,1.00]",2025-01
2025-01-26,T1,Fenerbahce,Goztep,home,home,1.4,"[1.0,1.8)","[0.55,1.00]",market_favorite,1.0,True,0.4,"league|market_prob_bucket=T1|[0.55,1.00]",2025-01
2025-01-26,G1,Lamia,Aris,draw,away,3.1,"[2.8,3.5)","[0.28,0.34)",market_non_favorite,1.0,False,-1.0,"league|outcome|market_prob_bucket=G1|draw|[0.28,0.34)",2025-01
2025-01-26,G1,Olympiakos,Panathinaikos,draw,draw,3.3,"[2.8,3.5)","[0.28,0.34)",market_non_favorite,1.0,True,2.3,"league|outcome|market_prob_bucket=G1|draw|[0.28,0.34)",2025-01
2025-01-27,T1,Kasimpasa,Hatayspor,home,home,1.7,"[1.0,1.8)","[0.55,1.00]",market_favorite,1.0,True,0.7,"league|market_prob_bucket=T1|[0.55,1.00]",2025-01
2025-02-01,I2,Catanzaro,Cesena,draw,home,3.2,"[2.8,3.5)","[0.28,0.34)",market_non_favorite,1.0,False,-1.0,"league|outcome|odds_bucket=I2|draw|[2.8,3.5)",2025-02
2025-02-01,I2,Cittadella,Spezia,draw,away,3.2,"[2.8,3.5)","[0.28,0.34)",market_non_favorite,1.0,False,-1.0,"league|outcome|odds_bucket=I2|draw|[2.8,3.5)",2025-02
2025-02-01,I2,Sampdoria,Cosenza,draw,home,3.2,"[2.8,3.5)","[0.28,0.34)",market_non_favorite,1.0,False,-1.0,"league|outcome|odds_bucket=I2|draw|[2.8,3.5)",2025-02
2025-02-01,G1,Panserraikos,Volos NFC,draw,draw,3.3,"[2.8,3.5)","[0.28,0.34)",market_non_favorite,1.0,True,2.3,"league|outcome|market_prob_bucket=G1|draw|[0.28,0.34)",2025-02
2025-02-02,T1,Fenerbahce,Rizespor,home,home,1.36,"[1.0,1.8)","[0.55,1.00]",market_favorite,1.0,True,0.36,"league|market_prob_bucket=T1|[0.55,1.00]",2025-02
2025-02-02,I2,Sudtirol,Reggiana,draw,home,2.8,"[2.8,3.5)","[0.28,0.34)",market_non_favorite,1.0,False,-1.0,"league|outcome|odds_bucket=I2|draw|[2.8,3.5)",2025-02
2025-02-02,G1,Panetolikos,Atromitos,draw,away,2.9,"[2.8,3.5)","[0.28,0.34)",market_non_favorite,1.0,False,-1.0,"league|outcome|market_prob_bucket=G1|draw|[0.28,0.34)",2025-02
2025-02-02,I2,Bari,Frosinone,draw,home,3.1,"[2.8,3.5)","[0.28,0.34)",market_non_favorite,1.0,False,-1.0,"league|outcome|odds_bucket=I2|draw|[2.8,3.5)",2025-02
2025-02-02,I2,Carrarese,Brescia,draw,away,3.1,"[2.8,3.5)","[0.28,0.34)",market_non_favorite,1.0,False,-1.0,"league|outcome|odds_bucket=I2|draw|[2.8,3.5)",2025-02
2025-02-02,G1,Athens Kallithea,Aris,draw,away,3.1,"[2.8,3.5)","[0.28,0.34)",market_non_favorite,1.0,False,-1.0,"league|outcome|market_prob_bucket=G1|draw|[0.28,0.34)",2025-02
2025-02-02,G1,PAOK,AEK,draw,away,3.2,"[2.8,3.5)","[0.28,0.34)",market_non_favorite,1.0,False,-1.0,"league|outcome|market_prob_bucket=G1|draw|[0.28,0.34)",2025-02
2025-02-02,I2,Salernitana,Cremonese,draw,home,3.25,"[2.8,3.5)","[0.28,0.34)",market_non_favorite,1.0,False,-1.0,"league|outcome|odds_bucket=I2|draw|[2.8,3.5)",2025-02
2025-02-03,T1,Gaziantep,Galatasaray,away,away,1.4,"[1.0,1.8)","[0.55,1.00]",market_favorite,1.0,True,0.4,"league|market_prob_bucket=T1|[0.55,1.00]",2025-02
2025-02-07,T1,Samsunspor,Hatayspor,home,home,1.48,"[1.0,1.8)","[0.55,1.00]",market_favorite,1.0,True,0.48,"league|market_prob_bucket=T1|[0.55,1.00]",2025-02
2025-02-07,I2,Brescia,Salernitana,draw,draw,3.0,"[2.8,3.5)","[0.28,0.34)",market_non_favorite,1.0,True,2.0,"league|outcome|odds_bucket=I2|draw|[2.8,3.5)",2025-02
2025-02-08,G1,Volos NFC,Panetolikos,draw,away,2.88,"[2.8,3.5)","[0.28,0.34)",market_non_favorite,1.0,False,-1.0,"league|outcome|market_prob_bucket=G1|draw|[0.28,0.34)",2025-02
2025-02-08,I2,Sampdoria,Modena,draw,home,3.0,"[2.8,3.5)","[0.28,0.34)",market_non_favorite,1.0,False,-1.0,"league|outcome|odds_bucket=I2|draw|[2.8,3.5)",2025-02
2025-02-08,I2,Cosenza,Carrarese,draw,home,3.0,"[2.8,3.5)","[0.28,0.34)",market_non_favorite,1.0,False,-1.0,"league|outcome|odds_bucket=I2|draw|[2.8,3.5)",2025-02
2025-02-08,I2,Frosinone,Catanzaro,draw,draw,3.0,"[2.8,3.5)","[0.28,0.34)",market_non_favorite,1.0,True,2.0,"league|outcome|odds_bucket=I2|draw|[2.8,3.5)",2025-02
2025-02-09,T1,Galatasaray,Ad. Demirspor,home,home,1.08,"[1.0,1.8)","[0.55,1.00]",market_favorite,1.0,True,0.08,"league|market_prob_bucket=T1|[0.55,1.00]",2025-02
2025-02-09,T1,Alanyaspor,Fenerbahce,away,away,1.5,"[1.0,1.8)","[0.55,1.00]",market_favorite,1.0,True,0.5,"league|market_prob_bucket=T1|[0.55,1.00]",2025-02
2025-02-09,I2,Reggiana,Cesena,draw,away,2.9,"[2.8,3.5)","[0.28,0.34)",market_non_favorite,1.0,False,-1.0,"league|outcome|odds_bucket=I2|draw|[2.8,3.5)",2025-02
2025-02-09,I2,Juve Stabia,Bari,draw,home,3.0,"[2.8,3.5)","[0.28,0.34)",market_non_favorite,1.0,False,-1.0,"league|outcome|odds_bucket=I2|draw|[2.8,3.5)",2025-02
2025-02-09,I2,Spezia,Palermo,draw,draw,3.3,"[2.8,3.5)","[0.28,0.34)",market_non_favorite,1.0,True,2.3,"league|outcome|odds_bucket=I2|draw|[2.8,3.5)",2025-02
2025-02-10,G1,Lamia,Levadeiakos,draw,away,3.1,"[2.8,3.5)","[0.28,0.34)",market_non_favorite,1.0,False,-1.0,"league|outcome|market_prob_bucket=G1|draw|[0.28,0.34)",2025-02
2025-02-10,G1,Atromitos,Athens Kallithea,draw,away,3.2,"[2.8,3.5)","[0.28,0.34)",market_non_favorite,1.0,False,-1.0,"league|outcome|market_prob_bucket=G1|draw|[0.28,0.34)",2025-02
2025-02-14,I2,Catanzaro,Cittadella,draw,home,3.2,"[2.8,3.5)","[0.28,0.34)",market_non_favorite,1.0,False,-1.0,"league|outcome|odds_bucket=I2|draw|[2.8,3.5)",2025-02
2025-02-15,I2,Carrarese,Salernitana,draw,home,2.88,"[2.8,3.5)","[0.28,0.34)",market_non_favorite,1.0,False,-1.0,"league|outcome|odds_bucket=I2|draw|[2.8,3.5)",2025-02
2025-02-15,I2,Sudtirol,Sampdoria,draw,home,2.9,"[2.8,3.5)","[0.28,0.34)",market_non_favorite,1.0,False,-1.0,"league|outcome|odds_bucket=I2|draw|[2.8,3.5)",2025-02
2025-02-15,I2,Modena,Spezia,draw,draw,3.0,"[2.8,3.5)","[0.28,0.34)",market_non_favorite,1.0,True,2.0,"league|outcome|odds_bucket=I2|draw|[2.8,3.5)",2025-02
2025-02-15,I2,Bari,Cremonese,draw,draw,3.1,"[2.8,3.5)","[0.28,0.34)",market_non_favorite,1.0,True,2.1,"league|outcome|odds_bucket=I2|draw|[2.8,3.5)",2025-02
2025-02-15,G1,OFI Crete,Asteras Tripolis,draw,home,3.2,"[2.8,3.5)","[0.28,0.34)",market_non_favorite,1.0,False,-1.0,"league|outcome|market_prob_bucket=G1|draw|[0.28,0.34)",2025-02
2025-02-16,T1,Fenerbahce,Kasimpasa,home,home,1.27,"[1.0,1.8)","[0.55,1.00]",market_favorite,1.0,True,0.27,"league|market_prob_bucket=T1|[0.55,1.00]",2025-02
2025-02-16,I2,Frosinone,Reggiana,draw,draw,2.88,"[2.8,3.5)","[0.28,0.34)",market_non_favorite,1.0,True,1.88,"league|outcome|odds_bucket=I2|draw|[2.8,3.5)",2025-02
2025-02-16,I2,Cesena,Pisa,draw,draw,3.0,"[2.8,3.5)","[0.28,0.34)",market_non_favorite,1.0,True,2.0,"league|outcome|odds_bucket=I2|draw|[2.8,3.5)",2025-02
2025-02-16,G1,Panetolikos,Athens Kallithea,draw,home,3.0,"[2.8,3.5)","[0.28,0.34)",market_non_favorite,1.0,False,-1.0,"league|outcome|market_prob_bucket=G1|draw|[0.28,0.34)",2025-02
2025-02-16,I2,Juve Stabia,Cosenza,draw,home,3.1,"[2.8,3.5)","[0.28,0.34)",market_non_favorite,1.0,False,-1.0,"league|outcome|odds_bucket=I2|draw|[2.8,3.5)",2025-02
2025-02-16,G1,Levadeiakos,Aris,draw,home,3.25,"[2.8,3.5)","[0.28,0.34)",market_non_favorite,1.0,False,-1.0,"league|outcome|market_prob_bucket=G1|draw|[0.28,0.34)",2025-02
2025-02-16,I2,Palermo,Mantova,draw,draw,3.25,"[2.8,3.5)","[0.28,0.34)",market_non_favorite,1.0,True,2.25,"league|outcome|odds_bucket=I2|draw|[2.8,3.5)",2025-02
2025-02-17,T1,Rizespor,Galatasaray,away,away,1.62,"[1.0,1.8)","[0.55,1.00]",market_favorite,1.0,True,0.62,"league|market_prob_bucket=T1|[0.55,1.00]",2025-02
2025-02-21,T1,Bodrumspor,Hatayspor,home,home,1.67,"[1.0,1.8)","[0.55,1.00]",market_favorite,1.0,True,0.67,"league|market_prob_bucket=T1|[0.55,1.00]",2025-02
2025-02-21,I2,Sampdoria,Sassuolo,draw,draw,3.1,"[2.8,3.5)","[0.28,0.34)",market_non_favorite,1.0,True,2.1,"league|outcome|odds_bucket=I2|draw|[2.8,3.5)",2025-02
2025-02-22,I2,Reggiana,Carrarese,draw,draw,2.8,"[2.8,3.5)","[0.28,0.34)",market_non_favorite,1.0,True,1.8,"league|outcome|odds_bucket=I2|draw|[2.8,3.5)",2025-02
2025-02-22,G1,Volos NFC,Levadeiakos,draw,away,2.9,"[2.8,3.5)","[0.28,0.34)",market_non_favorite,1.0,False,-1.0,"league|outcome|market_prob_bucket=G1|draw|[0.28,0.34)",2025-02
2025-02-22,I2,Cittadella,Modena,draw,away,2.9,"[2.8,3.5)","[0.28,0.34)",market_non_favorite,1.0,False,-1.0,"league|outcome|odds_bucket=I2|draw|[2.8,3.5)",2025-02
2025-02-22,G1,Athens Kallithea,OFI Crete,draw,away,3.2,"[2.8,3.5)","[0.28,0.34)",market_non_favorite,1.0,False,-1.0,"league|outcome|market_prob_bucket=G1|draw|[0.28,0.34)",2025-02
2025-02-22,I2,Mantova,Bari,draw,away,3.25,"[2.8,3.5)","[0.28,0.34)",market_non_favorite,1.0,False,-1.0,"league|outcome|odds_bucket=I2|draw|[2.8,3.5)",2025-02
2025-02-22,I2,Pisa,Juve Stabia,draw,home,3.25,"[2.8,3.5)","[0.28,0.34)",market_non_favorite,1.0,False,-1.0,"league|outcome|odds_bucket=I2|draw|[2.8,3.5)",2025-02
2025-02-23,T1,Alanyaspor,Ad. Demirspor,home,home,1.33,"[1.0,1.8)","[0.55,1.00]",market_favorite,1.0,True,0.33,"league|market_prob_bucket=T1|[0.55,1.00]",2025-02
2025-02-23,I2,Brescia,Sudtirol,draw,draw,3.1,"[2.8,3.5)","[0.28,0.34)",market_non_favorite,1.0,True,2.1,"league|outcome|odds_bucket=I2|draw|[2.8,3.5)",2025-02
2025-02-23,I2,Cosenza,Palermo,draw,away,3.1,"[2.8,3.5)","[0.28,0.34)",market_non_favorite,1.0,False,-1.0,"league|outcome|odds_bucket=I2|draw|[2.8,3.5)",2025-02
2025-02-23,I2,Salernitana,Frosinone,draw,draw,3.4,"[2.8,3.5)","[0.20,0.28)",market_non_favorite,1.0,True,2.4,"league|outcome|odds_bucket=I2|draw|[2.8,3.5)",2025-02
2025-02-28,I2,Sudtirol,Spezia,draw,draw,3.4,"[2.8,3.5)","[0.20,0.28)",market_non_favorite,1.0,True,2.4,"league|outcome|odds_bucket=I2|draw|[2.8,3.5)",2025-02
2025-03-01,T1,Besiktas,Kayserispor,home,home,1.48,"[1.0,1.8)","[0.55,1.00]",market_favorite,1.0,True,0.48,"league|market_prob_bucket=T1|[0.55,1.00]",2025-03
2025-03-01,I2,Cesena,Salernitana,draw,home,3.0,"[2.8,3.5)","[0.28,0.34)",market_non_favorite,1.0,False,-1.0,"league|outcome|odds_bucket=I2|draw|[2.8,3.5)",2025-03
2025-03-01,I2,Carrarese,Cremonese,draw,draw,3.1,"[2.8,3.5)","[0.28,0.34)",market_non_favorite,1.0,True,2.1,"league|outcome|odds_bucket=I2|draw|[2.8,3.5)",2025-03
2025-03-01,I2,Juve Stabia,Cittadella,draw,away,3.2,"[2.8,3.5)","[0.28,0.34)",market_non_favorite,1.0,False,-1.0,"league|outcome|odds_bucket=I2|draw|[2.8,3.5)",2025-03
2025-03-01,I2,Frosinone,Mantova,draw,home,3.3,"[2.8,3.5)","[0.28,0.34)",market_non_favorite,1.0,False,-1.0,"league|outcome|odds_bucket=I2|draw|[2.8,3.5)",2025-03
2025-03-01,I2,Sassuolo,Pisa,draw,home,3.3,"[2.8,3.5)","[0.28,0.34)",market_non_favorite,1.0,False,-1.0,"league|outcome|odds_bucket=I2|draw|[2.8,3.5)",2025-03
2025-03-02,T1,Fenerbahce,Antalyaspor,home,home,1.27,"[1.0,1.8)","[0.55,1.00]",market_favorite,1.0,True,0.27,"league|market_prob_bucket=T1|[0.55,1.00]",2025-03
2025-03-02,T1,Kasimpasa,Galatasaray,away,draw,1.62,"[1.0,1.8)","[0.55,1.00]",market_favorite,1.0,False,-1.0,"league|market_prob_bucket=T1|[0.55,1.00]",2025-03
2025-03-02,I2,Bari,Sampdoria,draw,draw,3.0,"[2.8,3.5)","[0.28,0.34)",market_non_favorite,1.0,True,2.0,"league|outcome|odds_bucket=I2|draw|[2.8,3.5)",2025-03
2025-03-02,I2,Catanzaro,Reggiana,draw,draw,3.25,"[2.8,3.5)","[0.28,0.34)",market_non_favorite,1.0,True,2.25,"league|outcome|odds_bucket=I2|draw|[2.8,3.5)",2025-03
2025-03-02,I2,Modena,Cosenza,draw,draw,3.3,"[2.8,3.5)","[0.28,0.34)",market_non_favorite,1.0,True,2.3,"league|outcome|odds_bucket=I2|draw|[2.8,3.5)",2025-03
2025-03-03,T1,Buyuksehyr,Sivasspor,home,home,1.67,"[1.0,1.8)","[0.55,1.00]",market_favorite,1.0,True,0.67,"league|market_prob_bucket=T1|[0.55,1.00]",2025-03
2025-03-07,I2,Cosenza,Reggiana,draw,home,2.85,"[2.8,3.5)","[0.28,0.34)",market_non_favorite,1.0,False,-1.0,"league|outcome|odds_bucket=I2|draw|[2.8,3.5)",2025-03
2025-03-08,T1,Trabzonspor,Hatayspor,home,away,1.38,"[1.0,1.8)","[0.55,1.00]",market_favorite,1.0,False,-1.0,"league|market_prob_bucket=T1|[0.55,1.00]",2025-03
2025-03-08,I2,Mantova,Juve Stabia,draw,draw,3.0,"[2.8,3.5)","[0.28,0.34)",market_non_favorite,1.0,True,2.0,"league|outcome|odds_bucket=I2|draw|[2.8,3.5)",2025-03
2025-03-08,I2,Carrarese,Frosinone,draw,away,3.0,"[2.8,3.5)","[0.28,0.34)",market_non_favorite,1.0,False,-1.0,"league|outcome|odds_bucket=I2|draw|[2.8,3.5)",2025-03
2025-03-08,I2,Brescia,Cesena,draw,draw,3.1,"[2.8,3.5)","[0.28,0.34)",market_non_favorite,1.0,True,2.1,"league|outcome|odds_bucket=I2|draw|[2.8,3.5)",2025-03
2025-03-08,I2,Sampdoria,Palermo,draw,draw,3.1,"[2.8,3.5)","[0.28,0.34)",market_non_favorite,1.0,True,2.1,"league|outcome|odds_bucket=I2|draw|[2.8,3.5)",2025-03
2025-03-08,I2,Salernitana,Modena,draw,home,3.2,"[2.8,3.5)","[0.28,0.34)",market_non_favorite,1.0,False,-1.0,"league|outcome|odds_bucket=I2|draw|[2.8,3.5)",2025-03
2025-03-09,T1,Samsunspor,Ad. Demirspor,home,home,1.25,"[1.0,1.8)","[0.55,1.00]",market_favorite,1.0,True,0.25,"league|market_prob_bucket=T1|[0.55,1.00]",2025-03
2025-03-09,T1,Alanyaspor,Galatasaray,away,away,1.65,"[1.0,1.8)","[0.55,1.00]",market_favorite,1.0,True,0.65,"league|market_prob_bucket=T1|[0.55,1.00]",2025-03
2025-03-09,I2,Spezia,Pisa,draw,home,3.3,"[2.8,3.5)","[0.28,0.34)",market_non_favorite,1.0,False,-1.0,"league|outcome|odds_bucket=I2|draw|[2.8,3.5)",2025-03
2025-03-10,T1,Besiktas,Gaziantep,home,away,1.48,"[1.0,1.8)","[0.55,1.00]",market_favorite,1.0,False,-1.0,"league|market_prob_bucket=T1|[0.55,1.00]",2025-03
2025-03-14,T1,Galatasaray,Antalyaspor,home,home,1.25,"[1.0,1.8)","[0.55,1.00]",market_favorite,1.0,True,0.25,"league|market_prob_bucket=T1|[0.55,1.00]",2025-03
2025-03-14,I2,Palermo,Cremonese,draw,away,3.0,"[2.8,3.5)","[0.28,0.34)",market_non_favorite,1.0,False,-1.0,"league|outcome|odds_bucket=I2|draw|[2.8,3.5)",2025-03
2025-03-15,I2,Juve Stabia,Modena,draw,home,2.88,"[2.8,3.5)","[0.28,0.34)",market_non_favorite,1.0,False,-1.0,"league|outcome|odds_bucket=I2|draw|[2.8,3.5)",2025-03
2025-03-15,I2,Cesena,Spezia,draw,draw,3.0,"[2.8,3.5)","[0.28,0.34)",market_non_favorite,1.0,True,2.0,"league|outcome|odds_bucket=I2|draw|[2.8,3.5)",2025-03
2025-03-15,I2,Bari,Salernitana,draw,draw,3.1,"[2.8,3.5)","[0.28,0.34)",market_non_favorite,1.0,True,2.1,"league|outcome|odds_bucket=I2|draw|[2.8,3.5)",2025-03
2025-03-15,I2,Cittadella,Sassuolo,draw,away,3.4,"[2.8,3.5)","[0.20,0.28)",market_non_favorite,1.0,False,-1.0,"league|outcome|odds_bucket=I2|draw|[2.8,3.5)",2025-03
2025-03-16,T1,Fenerbahce,Samsunspor,home,draw,1.38,"[1.0,1.8)","[0.55,1.00]",market_favorite,1.0,False,-1.0,"league|market_prob_bucket=T1|[0.55,1.00]",2025-03
2025-03-16,I2,Reggiana,Sampdoria,draw,draw,2.8,"[2.8,3.5)","[0.28,0.34)",market_non_favorite,1.0,True,1.8,"league|outcome|odds_bucket=I2|draw|[2.8,3.5)",2025-03
2025-03-16,I2,Sudtirol,Carrarese,draw,draw,3.0,"[2.8,3.5)","[0.28,0.34)",market_non_favorite,1.0,True,2.0,"league|outcome|odds_bucket=I2|draw|[2.8,3.5)",2025-03
2025-03-16,I2,Catanzaro,Cosenza,draw,home,3.3,"[2.8,3.5)","[0.28,0.34)",market_non_favorite,1.0,False,-1.0,"league|outcome|odds_bucket=I2|draw|[2.8,3.5)",2025-03
2025-03-28,T1,Bodrumspor,Fenerbahce,away,away,1.48,"[1.0,1.8)","[0.55,1.00]",market_favorite,1.0,True,0.48,"league|market_prob_bucket=T1|[0.55,1.00]",2025-03
2025-03-28,T1,Kayserispor,Hatayspor,home,home,1.6,"[1.0,1.8)","[0.55,1.00]",market_favorite,1.0,True,0.6,"league|market_prob_bucket=T1|[0.55,1.00]",2025-03
2025-03-29,T1,Sivasspor,Ad. Demirspor,home,home,1.38,"[1.0,1.8)","[0.55,1.00]",market_favorite,1.0,True,0.38,"league|market_prob_bucket=T1|[0.55,1.00]",2025-03
2025-03-29,I2,Mantova,Sudtirol,draw,home,3.0,"[2.8,3.5)","[0.28,0.34)",market_non_favorite,1.0,False,-1.0,"league|outcome|odds_bucket=I2|draw|[2.8,3.5)",2025-03
2025-03-29,I2,Cosenza,Pisa,draw,away,3.1,"[2.8,3.5)","[0.28,0.34)",market_non_favorite,1.0,False,-1.0,"league|outcome|odds_bucket=I2|draw|[2.8,3.5)",2025-03
2025-03-29,I2,Modena,Catanzaro,draw,home,3.2,"[2.8,3.5)","[0.28,0.34)",market_non_favorite,1.0,False,-1.0,"league|outcome|odds_bucket=I2|draw|[2.8,3.5)",2025-03
2025-03-29,I2,Sampdoria,Frosinone,draw,away,3.3,"[2.8,3.5)","[0.28,0.34)",market_non_favorite,1.0,False,-1.0,"league|outcome|odds_bucket=I2|draw|[2.8,3.5)",2025-03
2025-03-30,I2,Cesena,Juve Stabia,draw,away,2.88,"[2.8,3.5)","[0.28,0.34)",market_non_favorite,1.0,False,-1.0,"league|outcome|odds_bucket=I2|draw|[2.8,3.5)",2025-03
2025-03-30,I2,Carrarese,Bari,draw,home,3.25,"[2.8,3.5)","[0.28,0.34)",market_non_favorite,1.0,False,-1.0,"league|outcome|odds_bucket=I2|draw|[2.8,3.5)",2025-03
2025-03-30,I2,Salernitana,Palermo,draw,away,3.3,"[2.8,3.5)","[0.28,0.34)",market_non_favorite,1.0,False,-1.0,"league|outcome|odds_bucket=I2|draw|[2.8,3.5)",2025-03
2025-04-04,T1,Ad. Demirspor,Kayserispor,away,away,1.4,"[1.0,1.8)","[0.55,1.00]",market_favorite,1.0,True,0.4,"league|market_prob_bucket=T1|[0.55,1.00]",2025-04
2025-04-04,I2,Reggiana,Cremonese,draw,away,3.2,"[2.8,3.5)","[0.28,0.34)",market_non_favorite,1.0,False,-1.0,"league|outcome|odds_bucket=I2|draw|[2.8,3.5)",2025-04
2025-04-05,I2,Juve Stabia,Salernitana,draw,home,2.9,"[2.8,3.5)","[0.28,0.34)",market_non_favorite,1.0,False,-1.0,"league|outcome|odds_bucket=I2|draw|[2.8,3.5)",2025-04
2025-04-05,I2,Cittadella,Carrarese,draw,draw,3.1,"[2.8,3.5)","[0.28,0.34)",market_non_favorite,1.0,True,2.1,"league|outcome|odds_bucket=I2|draw|[2.8,3.5)",2025-04
2025-04-05,I2,Sudtirol,Cesena,draw,draw,3.2,"[2.8,3.5)","[0.28,0.34)",market_non_favorite,1.0,True,2.2,"league|outcome|odds_bucket=I2|draw|[2.8,3.5)",2025-04
2025-04-05,I2,Brescia,Mantova,draw,away,3.2,"[2.8,3.5)","[0.28,0.34)",market_non_favorite,1.0,False,-1.0,"league|outcome|odds_bucket=I2|draw|[2.8,3.5)",2025-04
2025-04-05,I2,Pisa,Modena,draw,away,3.4,"[2.8,3.5)","[0.20,0.28)",market_non_favorite,1.0,False,-1.0,"league|outcome|odds_bucket=I2|draw|[2.8,3.5)",2025-04
2025-04-05,B1,Westerlo,Oud-Heverlee Leuven,draw,draw,3.4,"[2.8,3.5)","[0.20,0.28)",market_non_favorite,1.0,True,2.4,"league|odds_bucket|market_prob_bucket=B1|[2.8,3.5)|[0.20,0.28)",2025-04
2025-04-06,T1,Fenerbahce,Trabzonspor,home,home,1.42,"[1.0,1.8)","[0.55,1.00]",market_favorite,1.0,True,0.42,"league|market_prob_bucket=T1|[0.55,1.00]",2025-04
2025-04-06,I2,Catanzaro,Bari,draw,draw,3.2,"[2.8,3.5)","[0.28,0.34)",market_non_favorite,1.0,True,2.2,"league|outcome|odds_bucket=I2|draw|[2.8,3.5)",2025-04
2025-04-06,I2,Palermo,Sassuolo,draw,home,3.3,"[2.8,3.5)","[0.28,0.34)",market_non_favorite,1.0,False,-1.0,"league|outcome|odds_bucket=I2|draw|[2.8,3.5)",2025-04
2025-04-06,B1,Anderlecht,Genk,draw,away,3.4,"[2.8,3.5)","[0.20,0.28)",market_non_favorite,1.0,False,-1.0,"league|odds_bucket|market_prob_bucket=B1|[2.8,3.5)|[0.20,0.28)",2025-04
2025-04-07,T1,Goztep,Gaziantep,home,draw,1.7,"[1.0,1.8)","[0.55,1.00]",market_favorite,1.0,False,-1.0,"league|market_prob_bucket=T1|[0.55,1.00]",2025-04
2025-04-11,T1,Samsunspor,Galatasaray,away,away,1.65,"[1.0,1.8)","[0.55,1.00]",market_favorite,1.0,True,0.65,"league|market_prob_bucket=T1|[0.55,1.00]",2025-04
2025-04-11,I2,Bari,Palermo,draw,home,3.1,"[2.8,3.5)","[0.28,0.34)",market_non_favorite,1.0,False,-1.0,"league|outcome|odds_bucket=I2|draw|[2.8,3.5)",2025-04
2025-04-12,I2,Cosenza,Brescia,draw,draw,3.1,"[2.8,3.5)","[0.28,0.34)",market_non_favorite,1.0,True,2.1,"league|outcome|odds_bucket=I2|draw|[2.8,3.5)",2025-04
2025-04-12,I2,Salernitana,Sudtirol,draw,home,3.1,"[2.8,3.5)","[0.28,0.34)",market_non_favorite,1.0,False,-1.0,"league|outcome|odds_bucket=I2|draw|[2.8,3.5)",2025-04
2025-04-12,I2,Modena,Sassuolo,draw,away,3.2,"[2.8,3.5)","[0.28,0.34)",market_non_favorite,1.0,False,-1.0,"league|outcome|odds_bucket=I2|draw|[2.8,3.5)",2025-04
2025-04-12,I2,Reggiana,Pisa,draw,away,3.2,"[2.8,3.5)","[0.28,0.34)",market_non_favorite,1.0,False,-1.0,"league|outcome|odds_bucket=I2|draw|[2.8,3.5)",2025-04
2025-04-12,I2,Carrarese,Catanzaro,draw,draw,3.2,"[2.8,3.5)","[0.28,0.34)",market_non_favorite,1.0,True,2.2,"league|outcome|odds_bucket=I2|draw|[2.8,3.5)",2025-04
2025-04-13,T1,Sivasspor,Fenerbahce,away,away,1.38,"[1.0,1.8)","[0.55,1.00]",market_favorite,1.0,True,0.38,"league|market_prob_bucket=T1|[0.55,1.00]",2025-04
2025-04-13,T1,Gaziantep,Hatayspor,home,home,1.5,"[1.0,1.8)","[0.55,1.00]",market_favorite,1.0,True,0.5,"league|market_prob_bucket=T1|[0.55,1.00]",2025-04
2025-04-13,I2,Cesena,Frosinone,draw,draw,3.1,"[2.8,3.5)","[0.28,0.34)",market_non_favorite,1.0,True,2.1,"league|outcome|odds_bucket=I2|draw|[2.8,3.5)",2025-04
2025-04-13,B1,Antwerp,Gent,away,away,3.4,"[2.8,3.5)","[0.20,0.28)",market_non_favorite,1.0,True,2.4,"league|odds_bucket|market_prob_bucket=B1|[2.8,3.5)|[0.20,0.28)",2025-04
2025-04-13,B1,Antwerp,Gent,draw,away,3.4,"[2.8,3.5)","[0.20,0.28)",market_non_favorite,1.0,False,-1.0,"league|odds_bucket|market_prob_bucket=B1|[2.8,3.5)|[0.20,0.28)",2025-04
2025-04-14,T1,Eyupspor,Ad. Demirspor,home,home,1.18,"[1.0,1.8)","[0.55,1.00]",market_favorite,1.0,True,0.18,"league|market_prob_bucket=T1|[0.55,1.00]",2025-04
2025-04-18,T1,Galatasaray,Bodrumspor,home,home,1.3,"[1.0,1.8)","[0.55,1.00]",market_favorite,1.0,True,0.3,"league|market_prob_bucket=T1|[0.55,1.00]",2025-04
2025-04-19,T1,Ad. Demirspor,Trabzonspor,away,away,1.2,"[1.0,1.8)","[0.55,1.00]",market_favorite,1.0,True,0.2,"league|market_prob_bucket=T1|[0.55,1.00]",2025-04
2025-04-19,B1,Charleroi,Mechelen,draw,home,3.4,"[2.8,3.5)","[0.20,0.28)",market_non_favorite,1.0,False,-1.0,"league|odds_bucket|market_prob_bucket=B1|[2.8,3.5)|[0.20,0.28)",2025-04
2025-04-20,T1,Fenerbahce,Kayserispor,home,draw,1.18,"[1.0,1.8)","[0.55,1.00]",market_favorite,1.0,False,-1.0,"league|market_prob_bucket=T1|[0.55,1.00]",2025-04
2025-04-20,T1,Buyuksehyr,Gaziantep,home,home,1.63,"[1.0,1.8)","[0.55,1.00]",market_favorite,1.0,True,0.63,"league|market_prob_bucket=T1|[0.55,1.00]",2025-04
2025-04-22,B1,Standard,Oud-Heverlee Leuven,away,away,3.4,"[2.8,3.5)","[0.20,0.28)",market_non_favorite,1.0,True,2.4,"league|odds_bucket|market_prob_bucket=B1|[2.8,3.5)|[0.20,0.28)",2025-04
2025-04-25,T1,Besiktas,Hatayspor,home,home,1.25,"[1.0,1.8)","[0.55,1.00]",market_favorite,1.0,True,0.25,"league|market_prob_bucket=T1|[0.55,1.00]",2025-04
2025-04-25,I2,Carrarese,Sampdoria,draw,home,2.9,"[2.8,3.5)","[0.28,0.34)",market_non_favorite,1.0,False,-1.0,"league|outcome|odds_bucket=I2|draw|[2.8,3.5)",2025-04
2025-04-25,I2,Bari,Modena,draw,away,3.1,"[2.8,3.5)","[0.28,0.34)",market_non_favorite,1.0,False,-1.0,"league|outcome|odds_bucket=I2|draw|[2.8,3.5)",2025-04
2025-04-25,I2,Brescia,Pisa,draw,away,3.25,"[2.8,3.5)","[0.28,0.34)",market_non_favorite,1.0,False,-1.0,"league|outcome|odds_bucket=I2|draw|[2.8,3.5)",2025-04
2025-04-25,I2,Cesena,Sassuolo,draw,away,3.25,"[2.8,3.5)","[0.28,0.34)",market_non_favorite,1.0,False,-1.0,"league|outcome|odds_bucket=I2|draw|[2.8,3.5)",2025-04
2025-04-25,I2,Reggiana,Cittadella,draw,home,3.3,"[2.8,3.5)","[0.28,0.34)",market_non_favorite,1.0,False,-1.0,"league|outcome|odds_bucket=I2|draw|[2.8,3.5)",2025-04
2025-04-26,T1,Gaziantep,Fenerbahce,away,away,1.44,"[1.0,1.8)","[0.55,1.00]",market_favorite,1.0,True,0.44,"league|market_prob_bucket=T1|[0.55,1.00]",2025-04
2025-04-26,B1,Oud-Heverlee Leuven,Standard,draw,draw,3.4,"[2.8,3.5)","[0.20,0.28)",market_non_favorite,1.0,True,2.4,"league|odds_bucket|market_prob_bucket=B1|[2.8,3.5)|[0.20,0.28)",2025-04
2025-04-27,T1,Konyaspor,Ad. Demirspor,home,home,1.18,"[1.0,1.8)","[0.55,1.00]",market_favorite,1.0,True,0.18,"league|market_prob_bucket=T1|[0.55,1.00]",2025-04
2025-04-27,T1,Eyupspor,Galatasaray,away,away,1.5,"[1.0,1.8)","[0.55,1.00]",market_favorite,1.0,True,0.5,"league|market_prob_bucket=T1|[0.55,1.00]",2025-04
2025-04-27,I2,Sudtirol,Juve Stabia,draw,home,3.0,"[2.8,3.5)","[0.28,0.34)",market_non_favorite,1.0,False,-1.0,"league|outcome|odds_bucket=I2|draw|[2.8,3.5)",2025-04
2025-04-27,I2,Catanzaro,Palermo,draw,away,3.3,"[2.8,3.5)","[0.28,0.34)",market_non_favorite,1.0,False,-1.0,"league|outcome|odds_bucket=I2|draw|[2.8,3.5)",2025-04
2025-05-01,I2,Modena,Reggiana,draw,away,3.1,"[2.8,3.5)","[0.28,0.34)",market_non_favorite,1.0,False,-1.0,"league|outcome|odds_bucket=I2|draw|[2.8,3.5)",2025-05
2025-05-01,I2,Palermo,Sudtirol,draw,away,3.1,"[2.8,3.5)","[0.28,0.34)",market_non_favorite,1.0,False,-1.0,"league|outcome|odds_bucket=I2|draw|[2.8,3.5)",2025-05
2025-05-01,I2,Cosenza,Bari,draw,home,3.2,"[2.8,3.5)","[0.28,0.34)",market_non_favorite,1.0,False,-1.0,"league|outcome|odds_bucket=I2|draw|[2.8,3.5)",2025-05
2025-05-01,I2,Pisa,Frosinone,draw,home,3.2,"[2.8,3.5)","[0.28,0.34)",market_non_favorite,1.0,False,-1.0,"league|outcome|odds_bucket=I2|draw|[2.8,3.5)",2025-05
2025-05-01,I2,Cittadella,Brescia,draw,away,3.2,"[2.8,3.5)","[0.28,0.34)",market_non_favorite,1.0,False,-1.0,"league|outcome|odds_bucket=I2|draw|[2.8,3.5)",2025-05
2025-05-01,I2,Sampdoria,Cremonese,draw,draw,3.2,"[2.8,3.5)","[0.28,0.34)",market_non_favorite,1.0,True,2.2,"league|outcome|odds_bucket=I2|draw|[2.8,3.5)",2025-05
2025-05-01,I2,Mantova,Cesena,draw,home,3.3,"[2.8,3.5)","[0.28,0.34)",market_non_favorite,1.0,False,-1.0,"league|outcome|odds_bucket=I2|draw|[2.8,3.5)",2025-05
2025-05-01,B1,Antwerp,Anderlecht,draw,away,3.4,"[2.8,3.5)","[0.20,0.28)",market_non_favorite,1.0,False,-1.0,"league|odds_bucket|market_prob_bucket=B1|[2.8,3.5)|[0.20,0.28)",2025-05
2025-05-03,T1,Galatasaray,Sivasspor,home,home,1.2,"[1.0,1.8)","[0.55,1.00]",market_favorite,1.0,True,0.2,"league|market_prob_bucket=T1|[0.55,1.00]",2025-05
2025-05-03,T1,Hatayspor,Buyuksehyr,away,away,1.45,"[1.0,1.8)","[0.55,1.00]",market_favorite,1.0,True,0.45,"league|market_prob_bucket=T1|[0.55,1.00]",2025-05
2025-05-04,T1,Ad. Demirspor,Goztep,away,away,1.17,"[1.0,1.8)","[0.55,1.00]",market_favorite,1.0,True,0.17,"league|market_prob_bucket=T1|[0.55,1.00]",2025-05
2025-05-04,T1,Fenerbahce,Besiktas,home,away,1.5,"[1.0,1.8)","[0.55,1.00]",market_favorite,1.0,False,-1.0,"league|market_prob_bucket=T1|[0.55,1.00]",2025-05
2025-05-04,I2,Salernitana,Mantova,draw,home,3.0,"[2.8,3.5)","[0.28,0.34)",market_non_favorite,1.0,False,-1.0,"league|outcome|odds_bucket=I2|draw|[2.8,3.5)",2025-05
2025-05-04,I2,Brescia,Juve Stabia,draw,draw,3.0,"[2.8,3.5)","[0.28,0.34)",market_non_favorite,1.0,True,2.0,"league|outcome|odds_bucket=I2|draw|[2.8,3.5)",2025-05
2025-05-04,I2,Reggiana,Spezia,draw,home,3.1,"[2.8,3.5)","[0.28,0.34)",market_non_favorite,1.0,False,-1.0,"league|outcome|odds_bucket=I2|draw|[2.8,3.5)",2025-05
2025-05-04,I2,Cesena,Palermo,draw,home,3.1,"[2.8,3.5)","[0.28,0.34)",market_non_favorite,1.0,False,-1.0,"league|outcome|odds_bucket=I2|draw|[2.8,3.5)",2025-05
2025-05-04,I2,Carrarese,Modena,draw,home,3.1,"[2.8,3.5)","[0.28,0.34)",market_non_favorite,1.0,False,-1.0,"league|outcome|odds_bucket=I2|draw|[2.8,3.5)",2025-05
2025-05-04,I2,Bari,Pisa,draw,home,3.1,"[2.8,3.5)","[0.28,0.34)",market_non_favorite,1.0,False,-1.0,"league|outcome|odds_bucket=I2|draw|[2.8,3.5)",2025-05
2025-05-04,I2,Cremonese,Sassuolo,draw,draw,3.2,"[2.8,3.5)","[0.28,0.34)",market_non_favorite,1.0,True,2.2,"league|outcome|odds_bucket=I2|draw|[2.8,3.5)",2025-05
2025-05-04,I2,Catanzaro,Sampdoria,draw,draw,3.3,"[2.8,3.5)","[0.28,0.34)",market_non_favorite,1.0,True,2.3,"league|outcome|odds_bucket=I2|draw|[2.8,3.5)",2025-05
2025-05-04,I2,Sudtirol,Cosenza,draw,home,3.4,"[2.8,3.5)","[0.20,0.28)",market_non_favorite,1.0,False,-1.0,"league|outcome|odds_bucket=I2|draw|[2.8,3.5)",2025-05
2025-05-09,I2,Mantova,Carrarese,draw,home,3.0,"[2.8,3.5)","[0.28,0.34)",market_non_favorite,1.0,False,-1.0,"league|outcome|odds_bucket=I2|draw|[2.8,3.5)",2025-05
2025-05-09,I2,Modena,Brescia,draw,draw,3.0,"[2.8,3.5)","[0.28,0.34)",market_non_favorite,1.0,True,2.0,"league|outcome|odds_bucket=I2|draw|[2.8,3.5)",2025-05
2025-05-09,I2,Palermo,Frosinone,draw,home,3.1,"[2.8,3.5)","[0.28,0.34)",market_non_favorite,1.0,False,-1.0,"league|outcome|odds_bucket=I2|draw|[2.8,3.5)",2025-05
2025-05-09,I2,Cittadella,Bari,draw,home,3.1,"[2.8,3.5)","[0.28,0.34)",market_non_favorite,1.0,False,-1.0,"league|outcome|odds_bucket=I2|draw|[2.8,3.5)",2025-05
2025-05-09,I2,Pisa,Sudtirol,draw,draw,3.2,"[2.8,3.5)","[0.28,0.34)",market_non_favorite,1.0,True,2.2,"league|outcome|odds_bucket=I2|draw|[2.8,3.5)",2025-05
2025-05-09,I2,Sampdoria,Salernitana,draw,home,3.2,"[2.8,3.5)","[0.28,0.34)",market_non_favorite,1.0,False,-1.0,"league|outcome|odds_bucket=I2|draw|[2.8,3.5)",2025-05
2025-05-09,I2,Sassuolo,Catanzaro,draw,away,3.3,"[2.8,3.5)","[0.28,0.34)",market_non_favorite,1.0,False,-1.0,"league|outcome|odds_bucket=I2|draw|[2.8,3.5)",2025-05
2025-05-09,I2,Spezia,Cremonese,draw,away,3.3,"[2.8,3.5)","[0.28,0.34)",market_non_favorite,1.0,False,-1.0,"league|outcome|odds_bucket=I2|draw|[2.8,3.5)",2025-05
2025-05-09,I2,Cosenza,Cesena,draw,away,3.4,"[2.8,3.5)","[0.20,0.28)",market_non_favorite,1.0,False,-1.0,"league|outcome|odds_bucket=I2|draw|[2.8,3.5)",2025-05
2025-05-10,B1,Anderlecht,St. Gilloise,home,away,3.4,"[2.8,3.5)","[0.20,0.28)",market_non_favorite,1.0,False,-1.0,"league|odds_bucket|market_prob_bucket=B1|[2.8,3.5)|[0.20,0.28)",2025-05
2025-05-11,T1,Besiktas,Ad. Demirspor,home,home,1.09,"[1.0,1.8)","[0.55,1.00]",market_favorite,1.0,True,0.09,"league|market_prob_bucket=T1|[0.55,1.00]",2025-05
2025-05-11,T1,Goztep,Hatayspor,home,draw,1.25,"[1.0,1.8)","[0.55,1.00]",market_favorite,1.0,False,-1.0,"league|market_prob_bucket=T1|[0.55,1.00]",2025-05
2025-05-11,B1,Gent,Antwerp,draw,away,3.4,"[2.8,3.5)","[0.20,0.28)",market_non_favorite,1.0,False,-1.0,"league|odds_bucket|market_prob_bucket=B1|[2.8,3.5)|[0.20,0.28)",2025-05
2025-05-11,B1,Genk,Club Brugge,home,away,3.4,"[2.8,3.5)","[0.20,0.28)",market_non_favorite,1.0,False,-1.0,"league|odds_bucket|market_prob_bucket=B1|[2.8,3.5)|[0.20,0.28)",2025-05
2025-05-11,B1,Dender,Oud-Heverlee Leuven,draw,home,3.4,"[2.8,3.5)","[0.20,0.28)",market_non_favorite,1.0,False,-1.0,"league|odds_bucket|market_prob_bucket=B1|[2.8,3.5)|[0.20,0.28)",2025-05
2025-05-13,I2,Juve Stabia,Sampdoria,draw,draw,2.9,"[2.8,3.5)","[0.28,0.34)",market_non_favorite,1.0,True,1.9,"league|outcome|odds_bucket=I2|draw|[2.8,3.5)",2025-05
2025-05-13,I2,Cittadella,Salernitana,draw,away,2.9,"[2.8,3.5)","[0.28,0.34)",market_non_favorite,1.0,False,-1.0,"league|outcome|odds_bucket=I2|draw|[2.8,3.5)",2025-05
2025-05-13,I2,Sassuolo,Frosinone,draw,away,3.2,"[2.8,3.5)","[0.28,0.34)",market_non_favorite,1.0,False,-1.0,"league|outcome|odds_bucket=I2|draw|[2.8,3.5)",2025-05
2025-05-13,I2,Mantova,Catanzaro,draw,draw,3.2,"[2.8,3.5)","[0.28,0.34)",market_non_favorite,1.0,True,2.2,"league|outcome|odds_bucket=I2|draw|[2.8,3.5)",2025-05
2025-05-13,I2,Sudtirol,Bari,draw,draw,3.3,"[2.8,3.5)","[0.28,0.34)",market_non_favorite,1.0,True,2.3,"league|outcome|odds_bucket=I2|draw|[2.8,3.5)",2025-05
2025-05-13,I2,Pisa,Cremonese,draw,home,3.4,"[2.8,3.5)","[0.20,0.28)",market_non_favorite,1.0,False,-1.0,"league|outcome|odds_bucket=I2|draw|[2.8,3.5)",2025-05
2025-05-18,T1,Galatasaray,Kayserispor,home,home,1.18,"[1.0,1.8)","[0.55,1.00]",market_favorite,1.0,True,0.18,"league|market_prob_bucket=T1|[0.55,1.00]",2025-05
2025-05-18,T1,Fenerbahce,Eyupspor,home,home,1.22,"[1.0,1.8)","[0.55,1.00]",market_favorite,1.0,True,0.22,"league|market_prob_bucket=T1|[0.55,1.00]",2025-05
2025-05-25,T1,Buyuksehyr,Ad. Demirspor,home,away,1.07,"[1.0,1.8)","[0.55,1.00]",market_favorite,1.0,False,-1.0,"league|market_prob_bucket=T1|[0.55,1.00]",2025-05
2025-05-25,T1,Besiktas,Rizespor,home,away,1.45,"[1.0,1.8)","[0.55,1.00]",market_favorite,1.0,False,-1.0,"league|market_prob_bucket=T1|[0.55,1.00]",2025-05
2025-05-26,T1,Hatayspor,Fenerbahce,away,home,1.22,"[1.0,1.8)","[0.55,1.00]",market_favorite,1.0,False,-1.0,"league|market_prob_bucket=T1|[0.55,1.00]",2025-05
2025-05-30,T1,Galatasaray,Buyuksehyr,home,home,1.7,"[1.0,1.8)","[0.55,1.00]",market_favorite,1.0,True,0.7,"league|market_prob_bucket=T1|[0.55,1.00]",2025-05
2025-05-31,T1,Ad. Demirspor,Gaziantep,away,draw,1.38,"[1.0,1.8)","[0.55,1.00]",market_favorite,1.0,False,-1.0,"league|market_prob_bucket=T1|[0.55,1.00]",2025-05
2025-05-31,T1,Rizespor,Hatayspor,home,home,1.44,"[1.0,1.8)","[0.55,1.00]",market_favorite,1.0,True,0.44,"league|market_prob_bucket=T1|[0.55,1.00]",2025-05
2025-05-31,T1,Fenerbahce,Konyaspor,home,home,1.48,"[1.0,1.8)","[0.55,1.00]",market_favorite,1.0,True,0.48,"league|market_prob_bucket=T1|[0.55,1.00]",2025-05
2025-07-25,B1,Antwerp,St. Gilloise,draw,draw,3.4,"[2.8,3.5)","[0.20,0.28)",market_non_favorite,1.0,True,2.4,"league|odds_bucket|market_prob_bucket=B1|[2.8,3.5)|[0.20,0.28)",2025-07
2025-07-27,B1,St Truiden,Gent,draw,home,3.4,"[2.8,3.5)","[0.20,0.28)",market_non_favorite,1.0,False,-1.0,"league|odds_bucket|market_prob_bucket=B1|[2.8,3.5)|[0.20,0.28)",2025-07
2025-07-27,B1,St Truiden,Gent,away,home,3.4,"[2.8,3.5)","[0.20,0.28)",market_non_favorite,1.0,False,-1.0,"league|odds_bucket|market_prob_bucket=B1|[2.8,3.5)|[0.20,0.28)",2025-07
2025-08-02,B1,Gent,RAAL La Louviere,draw,home,3.4,"[2.8,3.5)","[0.20,0.28)",market_non_favorite,1.0,False,-1.0,"league|odds_bucket|market_prob_bucket=B1|[2.8,3.5)|[0.20,0.28)",2025-08
2025-08-08,T1,Gaziantep,Galatasaray,away,away,1.33,"[1.0,1.8)","[0.55,1.00]",market_favorite,1.0,True,0.33,"league|market_prob_bucket=T1|[0.55,1.00]",2025-08
2025-08-11,T1,Trabzonspor,Kocaelispor,home,home,1.53,"[1.0,1.8)","[0.55,1.00]",market_favorite,1.0,True,0.53,"league|market_prob_bucket=T1|[0.55,1.00]",2025-08
2025-08-15,T1,Galatasaray,Karagumruk,home,home,1.17,"[1.0,1.8)","[0.55,1.00]",market_favorite,1.0,True,0.17,"league|market_prob_bucket=T1|[0.55,1.00]",2025-08
2025-08-17,T1,Besiktas,Eyupspor,home,home,1.44,"[1.0,1.8)","[0.55,1.00]",market_favorite,1.0,True,0.44,"league|market_prob_bucket=T1|[0.55,1.00]",2025-08
2025-08-17,T1,Buyuksehyr,Kayserispor,home,draw,1.57,"[1.0,1.8)","[0.55,1.00]",market_favorite,1.0,False,-1.0,"league|market_prob_bucket=T1|[0.55,1.00]",2025-08
2025-08-17,B1,Charleroi,Antwerp,draw,draw,3.4,"[2.8,3.5)","[0.20,0.28)",market_non_favorite,1.0,True,2.4,"league|odds_bucket|market_prob_bucket=B1|[2.8,3.5)|[0.20,0.28)",2025-08
2025-08-23,T1,Fenerbahce,Kocaelispor,home,home,1.33,"[1.0,1.8)","[0.55,1.00]",market_favorite,1.0,True,0.33,"league|market_prob_bucket=T1|[0.55,1.00]",2025-08
2025-08-23,I1,Sassuolo,Napoli,away,away,1.57,"[1.0,1.8)","[0.55,1.00]",market_favorite,1.0,True,0.57,"league|outcome|odds_bucket=I1|away|[1.0,1.8)",2025-08
2025-08-24,T1,Kayserispor,Galatasaray,away,away,1.3,"[1.0,1.8)","[0.55,1.00]",market_favorite,1.0,True,0.3,"league|market_prob_bucket=T1|[0.55,1.00]",2025-08
2025-08-24,T1,Trabzonspor,Antalyaspor,home,home,1.6,"[1.0,1.8)","[0.55,1.00]",market_favorite,1.0,True,0.6,"league|market_prob_bucket=T1|[0.55,1.00]",2025-08
2025-08-29,I1,Lecce,Milan,away,away,1.57,"[1.0,1.8)","[0.55,1.00]",market_favorite,1.0,True,0.57,"league|outcome|odds_bucket=I1|away|[1.0,1.8)",2025-08
2025-08-29,B1,Cercle Brugge,St Truiden,draw,draw,3.4,"[2.8,3.5)","[0.20,0.28)",market_non_favorite,1.0,True,2.4,"league|odds_bucket|market_prob_bucket=B1|[2.8,3.5)|[0.20,0.28)",2025-08
2025-08-30,T1,Galatasaray,Rizespor,home,home,1.19,"[1.0,1.8)","[0.55,1.00]",market_favorite,1.0,True,0.19,"league|market_prob_bucket=T1|[0.55,1.00]",2025-08
2025-08-30,I1,Pisa,Roma,away,away,1.7,"[1.0,1.8)","[0.55,1.00]",market_favorite,1.0,True,0.7,"league|outcome|odds_bucket=I1|away|[1.0,1.8)",2025-08
2025-08-30,B1,Westerlo,Antwerp,draw,home,3.4,"[2.8,3.5)","[0.20,0.28)",market_non_favorite,1.0,False,-1.0,"league|odds_bucket|market_prob_bucket=B1|[2.8,3.5)|[0.20,0.28)",2025-08
2025-08-31,T1,Genclerbirligi,Fenerbahce,away,away,1.3,"[1.0,1.8)","[0.55,1.00]",market_favorite,1.0,True,0.3,"league|market_prob_bucket=T1|[0.55,1.00]",2025-08
2025-09-13,T1,Eyupspor,Galatasaray,away,away,1.33,"[1.0,1.8)","[0.55,1.00]",market_favorite,1.0,True,0.33,"league|market_prob_bucket=T1|[0.55,1.00]",2025-09
2025-09-13,T1,Besiktas,Buyuksehyr,home,home,1.66,"[1.0,1.8)","[0.55,1.00]",market_favorite,1.0,True,0.66,"league|market_prob_bucket=T1|[0.55,1.00]",2025-09
2025-09-13,B1,Waregem,Oud-Heverlee Leuven,draw,home,3.4,"[2.8,3.5)","[0.20,0.28)",market_non_favorite,1.0,False,-1.0,"league|odds_bucket|market_prob_bucket=B1|[2.8,3.5)|[0.20,0.28)",2025-09
2025-09-14,T1,Fenerbahce,Trabzonspor,home,home,1.35,"[1.0,1.8)","[0.55,1.00]",market_favorite,1.0,True,0.35,"league|market_prob_bucket=T1|[0.55,1.00]",2025-09
2025-09-14,B1,Anderlecht,Genk,draw,draw,3.4,"[2.8,3.5)","[0.20,0.28)",market_non_favorite,1.0,True,2.4,"league|odds_bucket|market_prob_bucket=B1|[2.8,3.5)|[0.20,0.28)",2025-09
2025-09-14,B1,Cercle Brugge,Charleroi,draw,away,3.4,"[2.8,3.5)","[0.20,0.28)",market_non_favorite,1.0,False,-1.0,"league|odds_bucket|market_prob_bucket=B1|[2.8,3.5)|[0.20,0.28)",2025-09
2025-09-15,T1,Rizespor,Genclerbirligi,home,home,1.62,"[1.0,1.8)","[0.55,1.00]",market_favorite,1.0,True,0.62,"league|market_prob_bucket=T1|[0.55,1.00]",2025-09
2025-09-17,T1,Fenerbahce,Alanyaspor,home,draw,1.27,"[1.0,1.8)","[0.55,1.00]",market_favorite,1.0,False,-1.0,"league|market_prob_bucket=T1|[0.55,1.00]",2025-09
2025-09-20,I1,Verona,Juventus,away,draw,1.55,"[1.0,1.8)","[0.55,1.00]",market_favorite,1.0,False,-1.0,"league|outcome|odds_bucket=I1|away|[1.0,1.8)",2025-09
2025-09-20,T1,Trabzonspor,Gaziantep,home,draw,1.61,"[1.0,1.8)","[0.55,1.00]",market_favorite,1.0,False,-1.0,"league|market_prob_bucket=T1|[0.55,1.00]",2025-09
2025-09-20,B1,Oud-Heverlee Leuven,RAAL La Louviere,draw,away,3.3,"[2.8,3.5)","[0.20,0.28)",market_non_favorite,1.0,False,-1.0,"league|odds_bucket|market_prob_bucket=B1|[2.8,3.5)|[0.20,0.28)",2025-09
2025-09-21,T1,Kasimpasa,Fenerbahce,away,draw,1.42,"[1.0,1.8)","[0.55,1.00]",market_favorite,1.0,False,-1.0,"league|market_prob_bucket=T1|[0.55,1.00]",2025-09
2025-09-21,T1,Samsunspor,Karagumruk,home,home,1.49,"[1.0,1.8)","[0.55,1.00]",market_favorite,1.0,True,0.49,"league|market_prob_bucket=T1|[0.55,1.00]",2025-09
2025-09-21,B1,Genk,St. Gilloise,draw,away,3.4,"[2.8,3.5)","[0.20,0.28)",market_non_favorite,1.0,False,-1.0,"league|odds_bucket|market_prob_bucket=B1|[2.8,3.5)|[0.20,0.28)",2025-09
2025-09-22,T1,Galatasaray,Konyaspor,home,home,1.22,"[1.0,1.8)","[0.55,1.00]",market_favorite,1.0,True,0.22,"league|market_prob_bucket=T1|[0.55,1.00]",2025-09
2025-09-26,T1,Alanyaspor,Galatasaray,away,away,1.42,"[1.0,1.8)","[0.55,1.00]",market_favorite,1.0,True,0.42,"league|market_prob_bucket=T1|[0.55,1.00]",2025-09
2025-09-27,I1,Cagliari,Inter,away,away,1.53,"[1.0,1.8)","[0.55,1.00]",market_favorite,1.0,True,0.53,"league|outcome|odds_bucket=I1|away|[1.0,1.8)",2025-09
2025-09-28,T1,Fenerbahce,Antalyaspor,home,home,1.19,"[1.0,1.8)","[0.55,1.00]",market_favorite,1.0,True,0.19,"league|market_prob_bucket=T1|[0.55,1.00]",2025-09
2025-09-29,T1,Besiktas,Kocaelispor,home,home,1.37,"[1.0,1.8)","[0.55,1.00]",market_favorite,1.0,True,0.37,"league|market_prob_bucket=T1|[0.55,1.00]",2025-09
2025-10-01,I2,Empoli,Monza,draw,draw,3.1,"[2.8,3.5)","[0.28,0.34)",market_non_favorite,1.0,True,2.1,"league|outcome|odds_bucket=I2|draw|[2.8,3.5)",2025-10
2025-10-01,I2,Carrarese,Modena,draw,draw,3.1,"[2.8,3.5)","[0.28,0.34)",market_non_favorite,1.0,True,2.1,"league|outcome|odds_bucket=I2|draw|[2.8,3.5)",2025-10
2025-10-01,I2,Pescara,Sudtirol,draw,draw,3.1,"[2.8,3.5)","[0.28,0.34)",market_non_favorite,1.0,True,2.1,"league|outcome|odds_bucket=I2|draw|[2.8,3.5)",2025-10
2025-10-01,I2,Sampdoria,Catanzaro,draw,draw,3.25,"[2.8,3.5)","[0.28,0.34)",market_non_favorite,1.0,True,2.25,"league|outcome|odds_bucket=I2|draw|[2.8,3.5)",2025-10
2025-10-03,T1,Trabzonspor,Kayserispor,home,home,1.41,"[1.0,1.8)","[0.55,1.00]",market_favorite,1.0,True,0.41,"league|market_prob_bucket=T1|[0.55,1.00]",2025-10
2025-10-03,B1,Gent,Charleroi,away,home,3.4,"[2.8,3.5)","[0.20,0.28)",market_non_favorite,1.0,False,-1.0,"league|odds_bucket|market_prob_bucket=B1|[2.8,3.5)|[0.20,0.28)",2025-10
2025-10-04,T1,Galatasaray,Besiktas,home,draw,1.56,"[1.0,1.8)","[0.55,1.00]",market_favorite,1.0,False,-1.0,"league|market_prob_bucket=T1|[0.55,1.00]",2025-10
2025-10-04,I2,Spezia,Palermo,draw,away,3.0,"[2.8,3.5)","[0.28,0.34)",market_non_favorite,1.0,False,-1.0,"league|outcome|odds_bucket=I2|draw|[2.8,3.5)",2025-10
2025-10-04,I2,Bari,Padova,draw,home,3.2,"[2.8,3.5)","[0.28,0.34)",market_non_favorite,1.0,False,-1.0,"league|outcome|odds_bucket=I2|draw|[2.8,3.5)",2025-10
2025-10-04,B1,Antwerp,Cercle Brugge,draw,draw,3.4,"[2.8,3.5)","[0.20,0.28)",market_non_favorite,1.0,True,2.4,"league|odds_bucket|market_prob_bucket=B1|[2.8,3.5)|[0.20,0.28)",2025-10
2025-10-04,I2,Avellino,Mantova,draw,draw,3.4,"[2.8,3.5)","[0.20,0.28)",market_non_favorite,1.0,True,2.4,"league|outcome|odds_bucket=I2|draw|[2.8,3.5)",2025-10
2025-10-05,T1,Samsunspor,Fenerbahce,away,draw,1.57,"[1.0,1.8)","[0.55,1.00]",market_favorite,1.0,False,-1.0,"league|market_prob_bucket=T1|[0.55,1.00]",2025-10
2025-10-05,I2,Sudtirol,Empoli,draw,away,3.0,"[2.8,3.5)","[0.28,0.34)",market_non_favorite,1.0,False,-1.0,"league|outcome|odds_bucket=I2|draw|[2.8,3.5)",2025-10
2025-10-05,I2,Carrarese,Juve Stabia,draw,home,3.1,"[2.8,3.5)","[0.28,0.34)",market_non_favorite,1.0,False,-1.0,"league|outcome|odds_bucket=I2|draw|[2.8,3.5)",2025-10
2025-10-05,I2,Modena,Virtus Entella,draw,home,3.4,"[2.8,3.5)","[0.20,0.28)",market_non_favorite,1.0,False,-1.0,"league|outcome|odds_bucket=I2|draw|[2.8,3.5)",2025-10
2025-10-05,I2,Sampdoria,Pescara,draw,home,3.4,"[2.8,3.5)","[0.20,0.28)",market_non_favorite,1.0,False,-1.0,"league|outcome|odds_bucket=I2|draw|[2.8,3.5)",2025-10
2025-10-17,I2,Virtus Entella,Sampdoria,draw,home,2.85,"[2.8,3.5)","[0.28,0.34)",market_non_favorite,1.0,False,-1.0,"league|outcome|odds_bucket=I2|draw|[2.8,3.5)",2025-10
2025-10-18,T1,Besiktas,Genclerbirligi,home,away,1.22,"[1.0,1.8)","[0.55,1.00]",market_favorite,1.0,False,-1.0,"league|market_prob_bucket=T1|[0.55,1.00]",2025-10
2025-10-18,T1,Buyuksehyr,Galatasaray,away,away,1.56,"[1.0,1.8)","[0.55,1.00]",market_favorite,1.0,True,0.56,"league|market_prob_bucket=T1|[0.55,1.00]",2025-10
2025-10-18,I2,Pescara,Carrarese,draw,draw,2.95,"[2.8,3.5)","[0.28,0.34)",market_non_favorite,1.0,True,1.95,"league|outcome|odds_bucket=I2|draw|[2.8,3.5)",2025-10
2025-10-18,I2,Reggiana,Bari,draw,home,2.95,"[2.8,3.5)","[0.28,0.34)",market_non_favorite,1.0,False,-1.0,"league|outcome|odds_bucket=I2|draw|[2.8,3.5)",2025-10
2025-10-18,I2,Juve Stabia,Avellino,draw,home,3.05,"[2.8,3.5)","[0.28,0.34)",market_non_favorite,1.0,False,-1.0,"league|outcome|odds_bucket=I2|draw|[2.8,3.5)",2025-10
2025-10-18,I2,Frosinone,Monza,draw,away,3.2,"[2.8,3.5)","[0.28,0.34)",market_non_favorite,1.0,False,-1.0,"league|outcome|odds_bucket=I2|draw|[2.8,3.5)",2025-10
2025-10-18,I2,Spezia,Cesena,draw,away,3.25,"[2.8,3.5)","[0.28,0.34)",market_non_favorite,1.0,False,-1.0,"league|outcome|odds_bucket=I2|draw|[2.8,3.5)",2025-10
2025-10-18,I2,Mantova,Sudtirol,draw,draw,3.25,"[2.8,3.5)","[0.28,0.34)",market_non_favorite,1.0,True,2.25,"league|outcome|odds_bucket=I2|draw|[2.8,3.5)",2025-10
2025-10-18,B1,RAAL La Louviere,Westerlo,draw,draw,3.4,"[2.8,3.5)","[0.20,0.28)",market_non_favorite,1.0,True,2.4,"league|odds_bucket|market_prob_bucket=B1|[2.8,3.5)|[0.20,0.28)",2025-10
2025-10-19,T1,Fenerbahce,Karagumruk,home,home,1.15,"[1.0,1.8)","[0.55,1.00]",market_favorite,1.0,True,0.15,"league|market_prob_bucket=T1|[0.55,1.00]",2025-10
2025-10-19,I2,Empoli,Venezia,draw,draw,3.05,"[2.8,3.5)","[0.28,0.34)",market_non_favorite,1.0,True,2.05,"league|outcome|odds_bucket=I2|draw|[2.8,3.5)",2025-10
2025-10-19,I2,Catanzaro,Padova,draw,away,3.2,"[2.8,3.5)","[0.28,0.34)",market_non_favorite,1.0,False,-1.0,"league|outcome|odds_bucket=I2|draw|[2.8,3.5)",2025-10
2025-10-19,I2,Palermo,Modena,draw,draw,3.2,"[2.8,3.5)","[0.28,0.34)",market_non_favorite,1.0,True,2.2,"league|outcome|odds_bucket=I2|draw|[2.8,3.5)",2025-10
2025-10-19,B1,Dender,Mechelen,draw,away,3.4,"[2.8,3.5)","[0.20,0.28)",market_non_favorite,1.0,False,-1.0,"league|odds_bucket|market_prob_bucket=B1|[2.8,3.5)|[0.20,0.28)",2025-10
2025-10-24,I2,Modena,Empoli,draw,home,3.4,"[2.8,3.5)","[0.20,0.28)",market_non_favorite,1.0,False,-1.0,"league|outcome|odds_bucket=I2|draw|[2.8,3.5)",2025-10
2025-10-25,T1,Trabzonspor,Eyupspor,home,home,1.53,"[1.0,1.8)","[0.55,1.00]",market_favorite,1.0,True,0.53,"league|market_prob_bucket=T1|[0.55,1.00]",2025-10
2025-10-25,I2,Avellino,Spezia,draw,away,2.95,"[2.8,3.5)","[0.28,0.34)",market_non_favorite,1.0,False,-1.0,"league|outcome|odds_bucket=I2|draw|[2.8,3.5)",2025-10
2025-10-25,I2,Sampdoria,Frosinone,draw,draw,3.05,"[2.8,3.5)","[0.28,0.34)",market_non_favorite,1.0,True,2.05,"league|outcome|odds_bucket=I2|draw|[2.8,3.5)",2025-10
2025-10-25,I2,Catanzaro,Palermo,draw,home,3.2,"[2.8,3.5)","[0.28,0.34)",market_non_favorite,1.0,False,-1.0,"league|outcome|odds_bucket=I2|draw|[2.8,3.5)",2025-10
2025-10-25,I2,Carrarese,Venezia,draw,home,3.2,"[2.8,3.5)","[0.28,0.34)",market_non_favorite,1.0,False,-1.0,"league|outcome|odds_bucket=I2|draw|[2.8,3.5)",2025-10
2025-10-25,I2,Sudtirol,Cesena,draw,away,3.25,"[2.8,3.5)","[0.28,0.34)",market_non_favorite,1.0,False,-1.0,"league|outcome|odds_bucket=I2|draw|[2.8,3.5)",2025-10
2025-10-25,B1,Mechelen,Oud-Heverlee Leuven,draw,draw,3.4,"[2.8,3.5)","[0.20,0.28)",market_non_favorite,1.0,True,2.4,"league|odds_bucket|market_prob_bucket=B1|[2.8,3.5)|[0.20,0.28)",2025-10
2025-10-26,T1,Galatasaray,Goztep,home,home,1.37,"[1.0,1.8)","[0.55,1.00]",market_favorite,1.0,True,0.37,"league|market_prob_bucket=T1|[0.55,1.00]",2025-10
2025-10-26,I2,Padova,Juve Stabia,draw,draw,2.95,"[2.8,3.5)","[0.28,0.34)",market_non_favorite,1.0,True,1.95,"league|outcome|odds_bucket=I2|draw|[2.8,3.5)",2025-10
2025-10-26,I2,Bari,Mantova,draw,home,3.2,"[2.8,3.5)","[0.28,0.34)",market_non_favorite,1.0,False,-1.0,"league|outcome|odds_bucket=I2|draw|[2.8,3.5)",2025-10
2025-10-27,T1,Gaziantep,Fenerbahce,away,away,1.57,"[1.0,1.8)","[0.55,1.00]",market_favorite,1.0,True,0.57,"league|market_prob_bucket=T1|[0.55,1.00]",2025-10
2025-10-28,I2,Palermo,Monza,draw,away,2.85,"[2.8,3.5)","[0.28,0.34)",market_non_favorite,1.0,False,-1.0,"league|outcome|odds_bucket=I2|draw|[2.8,3.5)",2025-10
2025-10-28,I2,Empoli,Sampdoria,draw,draw,2.95,"[2.8,3.5)","[0.28,0.34)",market_non_favorite,1.0,True,1.95,"league|outcome|odds_bucket=I2|draw|[2.8,3.5)",2025-10
2025-10-28,I2,Frosinone,Virtus Entella,draw,home,3.05,"[2.8,3.5)","[0.28,0.34)",market_non_favorite,1.0,False,-1.0,"league|outcome|odds_bucket=I2|draw|[2.8,3.5)",2025-10
2025-10-28,I2,Pescara,Avellino,draw,draw,3.05,"[2.8,3.5)","[0.28,0.34)",market_non_favorite,1.0,True,2.05,"league|outcome|odds_bucket=I2|draw|[2.8,3.5)",2025-10
2025-10-28,I2,Cesena,Carrarese,draw,home,3.2,"[2.8,3.5)","[0.28,0.34)",market_non_favorite,1.0,False,-1.0,"league|outcome|odds_bucket=I2|draw|[2.8,3.5)",2025-10
2025-10-28,I2,Reggiana,Modena,draw,home,3.3,"[2.8,3.5)","[0.28,0.34)",market_non_favorite,1.0,False,-1.0,"league|outcome|odds_bucket=I2|draw|[2.8,3.5)",2025-10
2025-10-29,I2,Mantova,Catanzaro,draw,away,3.25,"[2.8,3.5)","[0.28,0.34)",market_non_favorite,1.0,False,-1.0,"league|outcome|odds_bucket=I2|draw|[2.8,3.5)",2025-10
2025-10-29,I2,Spezia,Padova,draw,draw,3.3,"[2.8,3.5)","[0.28,0.34)",market_non_favorite,1.0,True,2.3,"league|outcome|odds_bucket=I2|draw|[2.8,3.5)",2025-10
2025-11-01,T1,Galatasaray,Trabzonspor,home,draw,1.41,"[1.0,1.8)","[0.55,1.00]",market_favorite,1.0,False,-1.0,"league|market_prob_bucket=T1|[0.55,1.00]",2025-11
2025-11-01,T1,Goztep,Genclerbirligi,home,home,1.45,"[1.0,1.8)","[0.55,1.00]",market_favorite,1.0,True,0.45,"league|market_prob_bucket=T1|[0.55,1.00]",2025-11
2025-11-01,I2,Virtus Entella,Empoli,draw,home,2.95,"[2.8,3.5)","[0.28,0.34)",market_non_favorite,1.0,False,-1.0,"league|outcome|odds_bucket=I2|draw|[2.8,3.5)",2025-11
2025-11-01,I2,Padova,Sudtirol,draw,draw,2.95,"[2.8,3.5)","[0.28,0.34)",market_non_favorite,1.0,True,1.95,"league|outcome|odds_bucket=I2|draw|[2.8,3.5)",2025-11
2025-11-01,I2,Carrarese,Frosinone,draw,away,3.25,"[2.8,3.5)","[0.28,0.34)",market_non_favorite,1.0,False,-1.0,"league|outcome|odds_bucket=I2|draw|[2.8,3.5)",2025-11
2025-11-02,I2,Monza,Spezia,draw,home,3.05,"[2.8,3.5)","[0.28,0.34)",market_non_favorite,1.0,False,-1.0,"league|outcome|odds_bucket=I2|draw|[2.8,3.5)",2025-11
2025-11-02,I2,Catanzaro,Venezia,draw,home,3.05,"[2.8,3.5)","[0.28,0.34)",market_non_favorite,1.0,False,-1.0,"league|outcome|odds_bucket=I2|draw|[2.8,3.5)",2025-11
2025-11-02,I2,Bari,Cesena,draw,home,3.05,"[2.8,3.5)","[0.28,0.34)",market_non_favorite,1.0,False,-1.0,"league|outcome|odds_bucket=I2|draw|[2.8,3.5)",2025-11
2025-11-02,I2,Modena,Juve Stabia,draw,home,3.3,"[2.8,3.5)","[0.28,0.34)",market_non_favorite,1.0,False,-1.0,"league|outcome|odds_bucket=I2|draw|[2.8,3.5)",2025-11
2025-11-02,B1,St Truiden,Antwerp,draw,home,3.4,"[2.8,3.5)","[0.20,0.28)",market_non_favorite,1.0,False,-1.0,"league|odds_bucket|market_prob_bucket=B1|[2.8,3.5)|[0.20,0.28)",2025-11
2025-11-02,I2,Sampdoria,Mantova,draw,away,3.4,"[2.8,3.5)","[0.20,0.28)",market_non_favorite,1.0,False,-1.0,"league|outcome|odds_bucket=I2|draw|[2.8,3.5)",2025-11
2025-11-03,T1,Rizespor,Karagumruk,home,home,1.62,"[1.0,1.8)","[0.55,1.00]",market_favorite,1.0,True,0.62,"league|market_prob_bucket=T1|[0.55,1.00]",2025-11
2025-11-07,I2,Spezia,Bari,draw,draw,3.2,"[2.8,3.5)","[0.28,0.34)",market_non_favorite,1.0,True,2.2,"league|outcome|odds_bucket=I2|draw|[2.8,3.5)",2025-11
2025-11-08,T1,Antalyaspor,Besiktas,away,away,1.56,"[1.0,1.8)","[0.55,1.00]",market_favorite,1.0,True,0.56,"league|market_prob_bucket=T1|[0.55,1.00]",2025-11
2025-11-08,T1,Trabzonspor,Alanyaspor,home,draw,1.61,"[1.0,1.8)","[0.55,1.00]",market_favorite,1.0,False,-1.0,"league|market_prob_bucket=T1|[0.55,1.00]",2025-11
2025-11-08,I2,Reggiana,Virtus Entella,draw,draw,2.95,"[2.8,3.5)","[0.28,0.34)",market_non_favorite,1.0,True,1.95,"league|outcome|odds_bucket=I2|draw|[2.8,3.5)",2025-11
2025-11-08,I2,Empoli,Catanzaro,draw,home,3.05,"[2.8,3.5)","[0.28,0.34)",market_non_favorite,1.0,False,-1.0,"league|outcome|odds_bucket=I2|draw|[2.8,3.5)",2025-11
2025-11-08,I2,Frosinone,Modena,draw,draw,3.05,"[2.8,3.5)","[0.28,0.34)",market_non_favorite,1.0,True,2.05,"league|outcome|odds_bucket=I2|draw|[2.8,3.5)",2025-11
2025-11-08,I2,Juve Stabia,Palermo,draw,home,3.05,"[2.8,3.5)","[0.28,0.34)",market_non_favorite,1.0,False,-1.0,"league|outcome|odds_bucket=I2|draw|[2.8,3.5)",2025-11
2025-11-08,I2,Mantova,Padova,draw,home,3.2,"[2.8,3.5)","[0.28,0.34)",market_non_favorite,1.0,False,-1.0,"league|outcome|odds_bucket=I2|draw|[2.8,3.5)",2025-11
2025-11-08,I2,Sudtirol,Carrarese,draw,draw,3.2,"[2.8,3.5)","[0.28,0.34)",market_non_favorite,1.0,True,2.2,"league|outcome|odds_bucket=I2|draw|[2.8,3.5)",2025-11
2025-11-08,B1,Cercle Brugge,Oud-Heverlee Leuven,away,away,3.4,"[2.8,3.5)","[0.20,0.28)",market_non_favorite,1.0,True,2.4,"league|odds_bucket|market_prob_bucket=B1|[2.8,3.5)|[0.20,0.28)",2025-11
2025-11-08,B1,Antwerp,RAAL La Louviere,away,home,3.4,"[2.8,3.5)","[0.20,0.28)",market_non_favorite,1.0,False,-1.0,"league|odds_bucket|market_prob_bucket=B1|[2.8,3.5)|[0.20,0.28)",2025-11
2025-11-08,B1,Charleroi,Westerlo,draw,home,3.4,"[2.8,3.5)","[0.20,0.28)",market_non_favorite,1.0,False,-1.0,"league|odds_bucket|market_prob_bucket=B1|[2.8,3.5)|[0.20,0.28)",2025-11
2025-11-09,T1,Fenerbahce,Kayserispor,home,home,1.15,"[1.0,1.8)","[0.55,1.00]",market_favorite,1.0,True,0.15,"league|market_prob_bucket=T1|[0.55,1.00]",2025-11
2025-11-09,T1,Kocaelispor,Galatasaray,away,home,1.42,"[1.0,1.8)","[0.55,1.00]",market_favorite,1.0,False,-1.0,"league|market_prob_bucket=T1|[0.55,1.00]",2025-11
2025-11-09,B1,St Truiden,Standard,draw,home,3.4,"[2.8,3.5)","[0.20,0.28)",market_non_favorite,1.0,False,-1.0,"league|odds_bucket|market_prob_bucket=B1|[2.8,3.5)|[0.20,0.28)",2025-11
2025-11-21,B1,Standard,Waregem,draw,draw,3.3,"[2.8,3.5)","[0.20,0.28)",market_non_favorite,1.0,True,2.3,"league|odds_bucket|market_prob_bucket=B1|[2.8,3.5)|[0.20,0.28)",2025-11
2025-11-21,I2,Catanzaro,Pescara,draw,draw,3.4,"[2.8,3.5)","[0.20,0.28)",market_non_favorite,1.0,True,2.4,"league|outcome|odds_bucket=I2|draw|[2.8,3.5)",2025-11
2025-11-22,T1,Galatasaray,Genclerbirligi,home,home,1.13,"[1.0,1.8)","[0.55,1.00]",market_favorite,1.0,True,0.13,"league|market_prob_bucket=T1|[0.55,1.00]",2025-11
2025-11-22,I2,Avellino,Empoli,draw,away,3.05,"[2.8,3.5)","[0.28,0.34)",market_non_favorite,1.0,False,-1.0,"league|outcome|odds_bucket=I2|draw|[2.8,3.5)",2025-11
2025-11-22,I2,Virtus Entella,Palermo,draw,draw,3.05,"[2.8,3.5)","[0.28,0.34)",market_non_favorite,1.0,True,2.05,"league|outcome|odds_bucket=I2|draw|[2.8,3.5)",2025-11
2025-11-22,I2,Bari,Frosinone,draw,away,3.2,"[2.8,3.5)","[0.28,0.34)",market_non_favorite,1.0,False,-1.0,"league|outcome|odds_bucket=I2|draw|[2.8,3.5)",2025-11
2025-11-22,I2,Carrarese,Reggiana,draw,draw,3.4,"[2.8,3.5)","[0.20,0.28)",market_non_favorite,1.0,True,2.4,"league|outcome|odds_bucket=I2|draw|[2.8,3.5)",2025-11
2025-11-23,T1,Rizespor,Fenerbahce,away,away,1.51,"[1.0,1.8)","[0.55,1.00]",market_favorite,1.0,True,0.51,"league|market_prob_bucket=T1|[0.55,1.00]",2025-11
2025-11-23,T1,Goztep,Kocaelispor,home,draw,1.62,"[1.0,1.8)","[0.55,1.00]",market_favorite,1.0,False,-1.0,"league|market_prob_bucket=T1|[0.55,1.00]",2025-11
2025-11-23,I2,Mantova,Spezia,draw,home,3.2,"[2.8,3.5)","[0.28,0.34)",market_non_favorite,1.0,False,-1.0,"league|outcome|odds_bucket=I2|draw|[2.8,3.5)",2025-11
2025-11-23,B1,Antwerp,Dender,draw,away,3.4,"[2.8,3.5)","[0.20,0.28)",market_non_favorite,1.0,False,-1.0,"league|odds_bucket|market_prob_bucket=B1|[2.8,3.5)|[0.20,0.28)",2025-11
2025-11-24,T1,Konyaspor,Antalyaspor,home,draw,1.66,"[1.0,1.8)","[0.55,1.00]",market_favorite,1.0,False,-1.0,"league|market_prob_bucket=T1|[0.55,1.00]",2025-11
2025-11-24,I2,Sampdoria,Juve Stabia,draw,home,2.95,"[2.8,3.5)","[0.28,0.34)",market_non_favorite,1.0,False,-1.0,"league|outcome|odds_bucket=I2|draw|[2.8,3.5)",2025-11
2025-11-28,I2,Cesena,Modena,draw,home,2.82,"[2.8,3.5)","[0.28,0.34)",market_non_favorite,1.0,False,-1.0,"league|outcome|odds_bucket=I2|draw|[2.8,3.5)",2025-11
2025-11-28,B1,Mechelen,Standard,draw,away,3.3,"[2.8,3.5)","[0.20,0.28)",market_non_favorite,1.0,False,-1.0,"league|odds_bucket|market_prob_bucket=B1|[2.8,3.5)|[0.20,0.28)",2025-11
2025-11-29,T1,Trabzonspor,Konyaspor,home,home,1.61,"[1.0,1.8)","[0.55,1.00]",market_favorite,1.0,True,0.61,"league|market_prob_bucket=T1|[0.55,1.00]",2025-11
2025-11-29,I2,Pescara,Padova,draw,away,2.95,"[2.8,3.5)","[0.28,0.34)",market_non_favorite,1.0,False,-1.0,"league|outcome|odds_bucket=I2|draw|[2.8,3.5)",2025-11
2025-11-29,I2,Empoli,Bari,draw,home,3.05,"[2.8,3.5)","[0.28,0.34)",market_non_favorite,1.0,False,-1.0,"league|outcome|odds_bucket=I2|draw|[2.8,3.5)",2025-11
2025-11-29,I2,Catanzaro,Virtus Entella,draw,home,3.05,"[2.8,3.5)","[0.28,0.34)",market_non_favorite,1.0,False,-1.0,"league|outcome|odds_bucket=I2|draw|[2.8,3.5)",2025-11
2025-11-29,I2,Sudtirol,Avellino,draw,away,3.2,"[2.8,3.5)","[0.28,0.34)",market_non_favorite,1.0,False,-1.0,"league|outcome|odds_bucket=I2|draw|[2.8,3.5)",2025-11
2025-11-29,I2,Reggiana,Frosinone,draw,away,3.3,"[2.8,3.5)","[0.28,0.34)",market_non_favorite,1.0,False,-1.0,"league|outcome|odds_bucket=I2|draw|[2.8,3.5)",2025-11
2025-11-29,I2,Palermo,Carrarese,draw,home,3.4,"[2.8,3.5)","[0.20,0.28)",market_non_favorite,1.0,False,-1.0,"league|outcome|odds_bucket=I2|draw|[2.8,3.5)",2025-11
2025-11-30,T1,Karagumruk,Besiktas,away,away,1.66,"[1.0,1.8)","[0.55,1.00]",market_favorite,1.0,True,0.66,"league|market_prob_bucket=T1|[0.55,1.00]",2025-11
2025-11-30,I2,Juve Stabia,Monza,draw,draw,2.85,"[2.8,3.5)","[0.28,0.34)",market_non_favorite,1.0,True,1.85,"league|outcome|odds_bucket=I2|draw|[2.8,3.5)",2025-11
2025-11-30,I2,Spezia,Sampdoria,draw,home,3.05,"[2.8,3.5)","[0.28,0.34)",market_non_favorite,1.0,False,-1.0,"league|outcome|odds_bucket=I2|draw|[2.8,3.5)",2025-11
2025-12-04,I2,Juve Stabia,Bari,draw,draw,3.2,"[2.8,3.5)","[0.28,0.34)",market_non_favorite,1.0,True,2.2,"league|outcome|odds_bucket=I2|draw|[2.8,3.5)",2025-12
2025-12-05,T1,Galatasaray,Samsunspor,home,home,1.45,"[1.0,1.8)","[0.55,1.00]",market_favorite,1.0,True,0.45,"league|market_prob_bucket=T1|[0.55,1.00]",2025-12
2025-12-05,B1,RAAL La Louviere,Dender,away,away,3.4,"[2.8,3.5)","[0.20,0.28)",market_non_favorite,1.0,True,2.4,"league|odds_bucket|market_prob_bucket=B1|[2.8,3.5)|[0.20,0.28)",2025-12
2025-12-06,T1,Buyuksehyr,Fenerbahce,away,draw,1.56,"[1.0,1.8)","[0.55,1.00]",market_favorite,1.0,False,-1.0,"league|market_prob_bucket=T1|[0.55,1.00]",2025-12
2025-12-06,B1,Cercle Brugge,Standard,draw,away,3.4,"[2.8,3.5)","[0.20,0.28)",market_non_favorite,1.0,False,-1.0,"league|odds_bucket|market_prob_bucket=B1|[2.8,3.5)|[0.20,0.28)",2025-12
2025-12-07,I2,Empoli,Palermo,draw,away,3.2,"[2.8,3.5)","[0.28,0.34)",market_non_favorite,1.0,False,-1.0,"league|outcome|odds_bucket=I2|draw|[2.8,3.5)",2025-12
2025-12-07,I2,Sampdoria,Carrarese,draw,home,3.2,"[2.8,3.5)","[0.28,0.34)",market_non_favorite,1.0,False,-1.0,"league|outcome|odds_bucket=I2|draw|[2.8,3.5)",2025-12
2025-12-07,B1,Oud-Heverlee Leuven,Waregem,draw,draw,3.4,"[2.8,3.5)","[0.20,0.28)",market_non_favorite,1.0,True,2.4,"league|odds_bucket|market_prob_bucket=B1|[2.8,3.5)|[0.20,0.28)",2025-12
2025-12-07,B1,Oud-Heverlee Leuven,Waregem,away,draw,3.4,"[2.8,3.5)","[0.20,0.28)",market_non_favorite,1.0,False,-1.0,"league|odds_bucket|market_prob_bucket=B1|[2.8,3.5)|[0.20,0.28)",2025-12
2025-12-08,T1,Besiktas,Gaziantep,home,draw,1.45,"[1.0,1.8)","[0.55,1.00]",market_favorite,1.0,False,-1.0,"league|market_prob_bucket=T1|[0.55,1.00]",2025-12
2025-12-08,T1,Alanyaspor,Antalyaspor,home,draw,1.62,"[1.0,1.8)","[0.55,1.00]",market_favorite,1.0,False,-1.0,"league|market_prob_bucket=T1|[0.55,1.00]",2025-12
2025-12-08,I2,Padova,Cesena,draw,draw,2.82,"[2.8,3.5)","[0.28,0.34)",market_non_favorite,1.0,True,1.82,"league|outcome|odds_bucket=I2|draw|[2.8,3.5)",2025-12
2025-12-08,I2,Virtus Entella,Spezia,draw,away,3.05,"[2.8,3.5)","[0.28,0.34)",market_non_favorite,1.0,False,-1.0,"league|outcome|odds_bucket=I2|draw|[2.8,3.5)",2025-12
2025-12-08,I2,Bari,Pescara,draw,draw,3.3,"[2.8,3.5)","[0.28,0.34)",market_non_favorite,1.0,True,2.3,"league|outcome|odds_bucket=I2|draw|[2.8,3.5)",2025-12
2025-12-08,I2,Frosinone,Juve Stabia,draw,home,3.3,"[2.8,3.5)","[0.28,0.34)",market_non_favorite,1.0,False,-1.0,"league|outcome|odds_bucket=I2|draw|[2.8,3.5)",2025-12
2025-12-08,I2,Mantova,Reggiana,draw,away,3.4,"[2.8,3.5)","[0.20,0.28)",market_non_favorite,1.0,False,-1.0,"league|outcome|odds_bucket=I2|draw|[2.8,3.5)",2025-12
2025-12-13,T1,Antalyaspor,Galatasaray,away,away,1.3,"[1.0,1.8)","[0.55,1.00]",market_favorite,1.0,True,0.3,"league|market_prob_bucket=T1|[0.55,1.00]",2025-12
2025-12-13,I2,Juve Stabia,Empoli,draw,home,2.85,"[2.8,3.5)","[0.28,0.34)",market_non_favorite,1.0,False,-1.0,"league|outcome|odds_bucket=I2|draw|[2.8,3.5)",2025-12
2025-12-13,I2,Venezia,Monza,draw,home,2.95,"[2.8,3.5)","[0.28,0.34)",market_non_favorite,1.0,False,-1.0,"league|outcome|odds_bucket=I2|draw|[2.8,3.5)",2025-12
2025-12-13,I2,Reggiana,Padova,draw,away,3.05,"[2.8,3.5)","[0.28,0.34)",market_non_favorite,1.0,False,-1.0,"league|outcome|odds_bucket=I2|draw|[2.8,3.5)",2025-12
2025-12-13,I2,Spezia,Modena,draw,away,3.2,"[2.8,3.5)","[0.28,0.34)",market_non_favorite,1.0,False,-1.0,"league|outcome|odds_bucket=I2|draw|[2.8,3.5)",2025-12
2025-12-13,I2,Sudtirol,Bari,draw,draw,3.2,"[2.8,3.5)","[0.28,0.34)",market_non_favorite,1.0,True,2.2,"league|outcome|odds_bucket=I2|draw|[2.8,3.5)",2025-12
2025-12-14,I2,Carrarese,Virtus Entella,draw,home,3.05,"[2.8,3.5)","[0.28,0.34)",market_non_favorite,1.0,False,-1.0,"league|outcome|odds_bucket=I2|draw|[2.8,3.5)",2025-12
2025-12-14,B1,Gent,Antwerp,draw,away,3.4,"[2.8,3.5)","[0.20,0.28)",market_non_favorite,1.0,False,-1.0,"league|odds_bucket|market_prob_bucket=B1|[2.8,3.5)|[0.20,0.28)",2025-12
2025-12-15,T1,Fenerbahce,Konyaspor,home,home,1.24,"[1.0,1.8)","[0.55,1.00]",market_favorite,1.0,True,0.24,"league|market_prob_bucket=T1|[0.55,1.00]",2025-12
2025-12-19,T1,Kocaelispor,Antalyaspor,home,home,1.62,"[1.0,1.8)","[0.55,1.00]",market_favorite,1.0,True,0.62,"league|market_prob_bucket=T1|[0.55,1.00]",2025-12
2025-12-19,I2,Bari,Catanzaro,draw,away,2.95,"[2.8,3.5)","[0.28,0.34)",market_non_favorite,1.0,False,-1.0,"league|outcome|odds_bucket=I2|draw|[2.8,3.5)",2025-12
2025-12-20,T1,Eyupspor,Fenerbahce,away,away,1.39,"[1.0,1.8)","[0.55,1.00]",market_favorite,1.0,True,0.39,"league|market_prob_bucket=T1|[0.55,1.00]",2025-12
2025-12-20,T1,Besiktas,Rizespor,home,home,1.62,"[1.0,1.8)","[0.55,1.00]",market_favorite,1.0,True,0.62,"league|market_prob_bucket=T1|[0.55,1.00]",2025-12
2025-12-20,I2,Padova,Sampdoria,draw,draw,2.95,"[2.8,3.5)","[0.28,0.34)",market_non_favorite,1.0,True,1.95,"league|outcome|odds_bucket=I2|draw|[2.8,3.5)",2025-12
2025-12-20,I2,Cesena,Juve Stabia,draw,draw,3.05,"[2.8,3.5)","[0.28,0.34)",market_non_favorite,1.0,True,2.05,"league|outcome|odds_bucket=I2|draw|[2.8,3.5)",2025-12
2025-12-20,I2,Modena,Venezia,draw,away,3.2,"[2.8,3.5)","[0.28,0.34)",market_non_favorite,1.0,False,-1.0,"league|outcome|odds_bucket=I2|draw|[2.8,3.5)",2025-12
2025-12-20,I2,Pescara,Reggiana,draw,home,3.2,"[2.8,3.5)","[0.28,0.34)",market_non_favorite,1.0,False,-1.0,"league|outcome|odds_bucket=I2|draw|[2.8,3.5)",2025-12
2025-12-21,T1,Galatasaray,Kasimpasa,home,home,1.19,"[1.0,1.8)","[0.55,1.00]",market_favorite,1.0,True,0.19,"league|market_prob_bucket=T1|[0.55,1.00]",2025-12
2025-12-21,T1,Alanyaspor,Karagumruk,home,home,1.62,"[1.0,1.8)","[0.55,1.00]",market_favorite,1.0,True,0.62,"league|market_prob_bucket=T1|[0.55,1.00]",2025-12
2025-12-21,I2,Virtus Entella,Sudtirol,draw,draw,2.95,"[2.8,3.5)","[0.28,0.34)",market_non_favorite,1.0,True,1.95,"league|outcome|odds_bucket=I2|draw|[2.8,3.5)",2025-12
2025-12-21,I2,Mantova,Empoli,draw,away,2.95,"[2.8,3.5)","[0.28,0.34)",market_non_favorite,1.0,False,-1.0,"league|outcome|odds_bucket=I2|draw|[2.8,3.5)",2025-12
2025-12-21,B1,Antwerp,Anderlecht,draw,draw,3.3,"[2.8,3.5)","[0.20,0.28)",market_non_favorite,1.0,True,2.3,"league|odds_bucket|market_prob_bucket=B1|[2.8,3.5)|[0.20,0.28)",2025-12
2025-12-21,B1,Oud-Heverlee Leuven,Cercle Brugge,draw,away,3.3,"[2.8,3.5)","[0.20,0.28)",market_non_favorite,1.0,False,-1.0,"league|odds_bucket|market_prob_bucket=B1|[2.8,3.5)|[0.20,0.28)",2025-12
2025-12-22,T1,Buyuksehyr,Gaziantep,home,home,1.68,"[1.0,1.8)","[0.55,1.00]",market_favorite,1.0,True,0.68,"league|market_prob_bucket=T1|[0.55,1.00]",2025-12
2025-12-26,I2,Modena,Monza,draw,away,3.05,"[2.8,3.5)","[0.28,0.34)",market_non_favorite,1.0,False,-1.0,"league|outcome|odds_bucket=I2|draw|[2.8,3.5)",2025-12
2025-12-26,B1,Standard,St Truiden,draw,away,3.3,"[2.8,3.5)","[0.20,0.28)",market_non_favorite,1.0,False,-1.0,"league|odds_bucket|market_prob_bucket=B1|[2.8,3.5)|[0.20,0.28)",2025-12
2025-12-27,I2,Catanzaro,Cesena,draw,home,2.95,"[2.8,3.5)","[0.28,0.34)",market_non_favorite,1.0,False,-1.0,"league|outcome|odds_bucket=I2|draw|[2.8,3.5)",2025-12
2025-12-27,I2,Juve Stabia,Sudtirol,draw,home,3.05,"[2.8,3.5)","[0.28,0.34)",market_non_favorite,1.0,False,-1.0,"league|outcome|odds_bucket=I2|draw|[2.8,3.5)",2025-12
2025-12-27,I2,Bari,Avellino,draw,draw,3.05,"[2.8,3.5)","[0.28,0.34)",market_non_favorite,1.0,True,2.05,"league|outcome|odds_bucket=I2|draw|[2.8,3.5)",2025-12
2025-12-27,I2,Empoli,Frosinone,draw,draw,3.2,"[2.8,3.5)","[0.28,0.34)",market_non_favorite,1.0,True,2.2,"league|outcome|odds_bucket=I2|draw|[2.8,3.5)",2025-12
2025-12-27,I2,Sampdoria,Reggiana,draw,home,3.25,"[2.8,3.5)","[0.20,0.28)",market_non_favorite,1.0,False,-1.0,"league|outcome|odds_bucket=I2|draw|[2.8,3.5)",2025-12
2025-12-27,I2,Carrarese,Mantova,draw,draw,3.3,"[2.8,3.5)","[0.20,0.28)",market_non_favorite,1.0,True,2.3,"league|outcome|odds_bucket=I2|draw|[2.8,3.5)",2025-12
2025-12-27,B1,Mechelen,Dender,draw,draw,3.4,"[2.8,3.5)","[0.20,0.28)",market_non_favorite,1.0,True,2.4,"league|odds_bucket|market_prob_bucket=B1|[2.8,3.5)|[0.20,0.28)",2025-12
2025-12-27,B1,Antwerp,Waregem,draw,home,3.4,"[2.8,3.5)","[0.20,0.28)",market_non_favorite,1.0,False,-1.0,"league|odds_bucket|market_prob_bucket=B1|[2.8,3.5)|[0.20,0.28)",2025-12
2026-01-02,P1,Gil Vicente,Sp Lisbon,away,draw,1.42,"[1.0,1.8)","[0.55,1.00]",market_favorite,1.0,False,-1.0,"league|outcome|odds_bucket=P1|away|[1.0,1.8)",2026-01
2026-01-03,P1,Estrela,Sp Braga,away,draw,1.45,"[1.0,1.8)","[0.55,1.00]",market_favorite,1.0,False,-1.0,"league|outcome|odds_bucket=P1|away|[1.0,1.8)",2026-01
2026-01-04,P1,Santa Clara,Porto,away,away,1.42,"[1.0,1.8)","[0.55,1.00]",market_favorite,1.0,True,0.42,"league|outcome|odds_bucket=P1|away|[1.0,1.8)",2026-01
2026-01-10,I2,Sudtirol,Spezia,draw,home,3.0,"[2.8,3.5)","[0.28,0.34)",market_non_favorite,1.0,False,-1.0,"league|outcome|odds_bucket=I2|draw|[2.8,3.5)",2026-01
2026-01-10,I2,Carrarese,Bari,draw,home,3.0,"[2.8,3.5)","[0.28,0.34)",market_non_favorite,1.0,False,-1.0,"league|outcome|odds_bucket=I2|draw|[2.8,3.5)",2026-01
2026-01-10,I2,Avellino,Sampdoria,draw,home,3.0,"[2.8,3.5)","[0.28,0.34)",market_non_favorite,1.0,False,-1.0,"league|outcome|odds_bucket=I2|draw|[2.8,3.5)",2026-01
2026-01-10,I2,Cesena,Empoli,draw,away,3.2,"[2.8,3.5)","[0.28,0.34)",market_non_favorite,1.0,False,-1.0,"league|outcome|odds_bucket=I2|draw|[2.8,3.5)",2026-01
2026-01-10,I2,Frosinone,Catanzaro,draw,home,3.25,"[2.8,3.5)","[0.28,0.34)",market_non_favorite,1.0,False,-1.0,"league|outcome|odds_bucket=I2|draw|[2.8,3.5)",2026-01
2026-01-10,I2,Virtus Entella,Monza,draw,home,3.3,"[2.8,3.5)","[0.28,0.34)",market_non_favorite,1.0,False,-1.0,"league|outcome|odds_bucket=I2|draw|[2.8,3.5)",2026-01
2026-01-10,I2,Juve Stabia,Pescara,draw,draw,3.4,"[2.8,3.5)","[0.20,0.28)",market_non_favorite,1.0,True,2.4,"league|outcome|odds_bucket=I2|draw|[2.8,3.5)",2026-01
2026-01-11,I2,Padova,Modena,draw,home,3.1,"[2.8,3.5)","[0.28,0.34)",market_non_favorite,1.0,False,-1.0,"league|outcome|odds_bucket=I2|draw|[2.8,3.5)",2026-01
2026-01-11,I2,Mantova,Palermo,draw,draw,3.4,"[2.8,3.5)","[0.20,0.28)",market_non_favorite,1.0,True,2.4,"league|outcome|odds_bucket=I2|draw|[2.8,3.5)",2026-01
2026-01-16,I2,Sampdoria,Virtus Entella,draw,draw,3.0,"[2.8,3.5)","[0.28,0.34)",market_non_favorite,1.0,True,2.0,"league|outcome|odds_bucket=I2|draw|[2.8,3.5)",2026-01
2026-01-17,T1,Galatasaray,Gaziantep,home,draw,1.11,"[1.0,1.8)","[0.55,1.00]",market_favorite,1.0,False,-1.0,"league|market_prob_bucket=T1|[0.55,1.00]",2026-01
2026-01-17,P1,Rio Ave,Benfica,away,away,1.27,"[1.0,1.8)","[0.55,1.00]",market_favorite,1.0,True,0.27,"league|outcome|odds_bucket=P1|away|[1.0,1.8)",2026-01
2026-01-17,T1,Buyuksehyr,Karagumruk,home,home,1.45,"[1.0,1.8)","[0.55,1.00]",market_favorite,1.0,True,0.45,"league|market_prob_bucket=T1|[0.55,1.00]",2026-01
2026-01-17,I2,Bari,Juve Stabia,draw,away,2.85,"[2.8,3.5)","[0.28,0.34)",market_non_favorite,1.0,False,-1.0,"league|outcome|odds_bucket=I2|draw|[2.8,3.5)",2026-01
2026-01-17,I2,Avellino,Carrarese,draw,away,3.0,"[2.8,3.5)","[0.28,0.34)",market_non_favorite,1.0,False,-1.0,"league|outcome|odds_bucket=I2|draw|[2.8,3.5)",2026-01
2026-01-17,I2,Padova,Mantova,draw,away,3.0,"[2.8,3.5)","[0.28,0.34)",market_non_favorite,1.0,False,-1.0,"league|outcome|odds_bucket=I2|draw|[2.8,3.5)",2026-01
2026-01-17,I2,Reggiana,Cesena,draw,away,3.1,"[2.8,3.5)","[0.28,0.34)",market_non_favorite,1.0,False,-1.0,"league|outcome|odds_bucket=I2|draw|[2.8,3.5)",2026-01
2026-01-17,I2,Empoli,Sudtirol,draw,away,3.1,"[2.8,3.5)","[0.28,0.34)",market_non_favorite,1.0,False,-1.0,"league|outcome|odds_bucket=I2|draw|[2.8,3.5)",2026-01
2026-01-17,I2,Monza,Frosinone,draw,draw,3.3,"[2.8,3.5)","[0.28,0.34)",market_non_favorite,1.0,True,2.3,"league|outcome|odds_bucket=I2|draw|[2.8,3.5)",2026-01
2026-01-18,P1,Guimaraes,Porto,away,away,1.45,"[1.0,1.8)","[0.55,1.00]",market_favorite,1.0,True,0.45,"league|outcome|odds_bucket=P1|away|[1.0,1.8)",2026-01
2026-01-18,T1,Alanyaspor,Fenerbahce,away,away,1.49,"[1.0,1.8)","[0.55,1.00]",market_favorite,1.0,True,0.49,"league|market_prob_bucket=T1|[0.55,1.00]",2026-01
2026-01-18,P1,Tondela,Sp Braga,away,away,1.56,"[1.0,1.8)","[0.55,1.00]",market_favorite,1.0,True,0.56,"league|outcome|odds_bucket=P1|away|[1.0,1.8)",2026-01
2026-01-19,T1,Besiktas,Kayserispor,home,home,1.39,"[1.0,1.8)","[0.55,1.00]",market_favorite,1.0,True,0.39,"league|market_prob_bucket=T1|[0.55,1.00]",2026-01
2026-01-19,T1,Konyaspor,Eyupspor,home,draw,1.53,"[1.0,1.8)","[0.55,1.00]",market_favorite,1.0,False,-1.0,"league|market_prob_bucket=T1|[0.55,1.00]",2026-01
2026-01-23,T1,Trabzonspor,Kasimpasa,home,home,1.51,"[1.0,1.8)","[0.55,1.00]",market_favorite,1.0,True,0.51,"league|market_prob_bucket=T1|[0.55,1.00]",2026-01
2026-01-23,I2,Carrarese,Empoli,draw,home,3.0,"[2.8,3.5)","[0.28,0.34)",market_non_favorite,1.0,False,-1.0,"league|outcome|odds_bucket=I2|draw|[2.8,3.5)",2026-01
2026-01-24,P1,Arouca,Sp Lisbon,away,away,1.22,"[1.0,1.8)","[0.55,1.00]",market_favorite,1.0,True,0.22,"league|outcome|odds_bucket=P1|away|[1.0,1.8)",2026-01
2026-01-24,T1,Karagumruk,Galatasaray,away,away,1.3,"[1.0,1.8)","[0.55,1.00]",market_favorite,1.0,True,0.3,"league|market_prob_bucket=T1|[0.55,1.00]",2026-01
2026-01-24,I2,Juve Stabia,Virtus Entella,draw,home,3.1,"[2.8,3.5)","[0.28,0.34)",market_non_favorite,1.0,False,-1.0,"league|outcome|odds_bucket=I2|draw|[2.8,3.5)",2026-01
2026-01-24,I2,Modena,Palermo,draw,draw,3.1,"[2.8,3.5)","[0.28,0.34)",market_non_favorite,1.0,True,2.1,"league|outcome|odds_bucket=I2|draw|[2.8,3.5)",2026-01
2026-01-24,I2,Spezia,Avellino,draw,home,3.3,"[2.8,3.5)","[0.20,0.28)",market_non_favorite,1.0,False,-1.0,"league|outcome|odds_bucket=I2|draw|[2.8,3.5)",2026-01
2026-01-24,I2,Cesena,Bari,draw,away,3.4,"[2.8,3.5)","[0.20,0.28)",market_non_favorite,1.0,False,-1.0,"league|outcome|odds_bucket=I2|draw|[2.8,3.5)",2026-01
2026-01-25,T1,Fenerbahce,Goztep,home,draw,1.41,"[1.0,1.8)","[0.55,1.00]",market_favorite,1.0,False,-1.0,"league|market_prob_bucket=T1|[0.55,1.00]",2026-01
2026-01-25,I2,Catanzaro,Sampdoria,draw,draw,3.0,"[2.8,3.5)","[0.28,0.34)",market_non_favorite,1.0,True,2.0,"league|outcome|odds_bucket=I2|draw|[2.8,3.5)",2026-01
2026-01-25,I2,Sudtirol,Padova,draw,home,3.2,"[2.8,3.5)","[0.28,0.34)",market_non_favorite,1.0,False,-1.0,"league|outcome|odds_bucket=I2|draw|[2.8,3.5)",2026-01
2026-01-26,T1,Eyupspor,Besiktas,away,draw,1.39,"[1.0,1.8)","[0.55,1.00]",market_favorite,1.0,False,-1.0,"league|market_prob_bucket=T1|[0.55,1.00]",2026-01
2026-01-30,I2,Bari,Palermo,draw,away,3.2,"[2.8,3.5)","[0.28,0.34)",market_non_favorite,1.0,False,-1.0,"league|outcome|odds_bucket=I2|draw|[2.8,3.5)",2026-01
2026-01-31,T1,Alanyaspor,Eyupspor,home,away,1.45,"[1.0,1.8)","[0.55,1.00]",market_favorite,1.0,False,-1.0,"league|market_prob_bucket=T1|[0.55,1.00]",2026-01
2026-01-31,T1,Goztep,Karagumruk,home,home,1.45,"[1.0,1.8)","[0.55,1.00]",market_favorite,1.0,True,0.45,"league|market_prob_bucket=T1|[0.55,1.00]",2026-01
2026-01-31,T1,Besiktas,Konyaspor,home,home,1.49,"[1.0,1.8)","[0.55,1.00]",market_favorite,1.0,True,0.49,"league|market_prob_bucket=T1|[0.55,1.00]",2026-01
2026-01-31,I2,Sudtirol,Catanzaro,draw,home,2.82,"[2.8,3.5)","[0.28,0.34)",market_non_favorite,1.0,False,-1.0,"league|outcome|odds_bucket=I2|draw|[2.8,3.5)",2026-01
2026-01-31,I2,Avellino,Cesena,draw,home,3.1,"[2.8,3.5)","[0.28,0.34)",market_non_favorite,1.0,False,-1.0,"league|outcome|odds_bucket=I2|draw|[2.8,3.5)",2026-01
2026-01-31,I2,Sampdoria,Spezia,draw,home,3.1,"[2.8,3.5)","[0.28,0.34)",market_non_favorite,1.0,False,-1.0,"league|outcome|odds_bucket=I2|draw|[2.8,3.5)",2026-01
2026-01-31,I2,Empoli,Modena,draw,draw,3.2,"[2.8,3.5)","[0.28,0.34)",market_non_favorite,1.0,True,2.2,"league|outcome|odds_bucket=I2|draw|[2.8,3.5)",2026-01
2026-01-31,I2,Virtus Entella,Frosinone,draw,draw,3.3,"[2.8,3.5)","[0.28,0.34)",market_non_favorite,1.0,True,2.3,"league|outcome|odds_bucket=I2|draw|[2.8,3.5)",2026-01
2026-01-31,I2,Pescara,Mantova,draw,draw,3.4,"[2.8,3.5)","[0.20,0.28)",market_non_favorite,1.0,True,2.4,"league|outcome|odds_bucket=I2|draw|[2.8,3.5)",2026-01
2026-02-01,P1,Tondela,Benfica,away,draw,1.19,"[1.0,1.8)","[0.55,1.00]",market_favorite,1.0,False,-1.0,"league|outcome|odds_bucket=P1|away|[1.0,1.8)",2026-02
2026-02-01,I2,Reggiana,Juve Stabia,draw,draw,3.1,"[2.8,3.5)","[0.28,0.34)",market_non_favorite,1.0,True,2.1,"league|outcome|odds_bucket=I2|draw|[2.8,3.5)",2026-02
2026-02-01,B1,Standard,Anderlecht,home,home,3.4,"[2.8,3.5)","[0.20,0.28)",market_non_favorite,1.0,True,2.4,"league|odds_bucket|market_prob_bucket=B1|[2.8,3.5)|[0.20,0.28)",2026-02
2026-02-01,B1,Dender,Genk,draw,away,3.4,"[2.8,3.5)","[0.20,0.28)",market_non_favorite,1.0,False,-1.0,"league|odds_bucket|market_prob_bucket=B1|[2.8,3.5)|[0.20,0.28)",2026-02
2026-02-01,B1,Oud-Heverlee Leuven,Mechelen,away,draw,3.4,"[2.8,3.5)","[0.20,0.28)",market_non_favorite,1.0,False,-1.0,"league|odds_bucket|market_prob_bucket=B1|[2.8,3.5)|[0.20,0.28)",2026-02
2026-02-01,B1,St. Gilloise,Club Brugge,draw,home,3.4,"[2.8,3.5)","[0.20,0.28)",market_non_favorite,1.0,False,-1.0,"league|odds_bucket|market_prob_bucket=B1|[2.8,3.5)|[0.20,0.28)",2026-02
2026-02-02,P1,Casa Pia,Porto,away,home,1.25,"[1.0,1.8)","[0.55,1.00]",market_favorite,1.0,False,-1.0,"league|outcome|odds_bucket=P1|away|[1.0,1.8)",2026-02
2026-02-02,P1,AVS,Sp Braga,away,away,1.35,"[1.0,1.8)","[0.55,1.00]",market_favorite,1.0,True,0.35,"league|outcome|odds_bucket=P1|away|[1.0,1.8)",2026-02
2026-02-07,I2,Carrarese,Sudtirol,draw,draw,2.82,"[2.8,3.5)","[0.28,0.34)",market_non_favorite,1.0,True,1.82,"league|outcome|odds_bucket=I2|draw|[2.8,3.5)",2026-02
2026-02-07,I2,Frosinone,Venezia,draw,away,3.0,"[2.8,3.5)","[0.28,0.34)",market_non_favorite,1.0,False,-1.0,"league|outcome|odds_bucket=I2|draw|[2.8,3.5)",2026-02
2026-02-07,I2,Modena,Sampdoria,draw,away,3.0,"[2.8,3.5)","[0.28,0.34)",market_non_favorite,1.0,False,-1.0,"league|outcome|odds_bucket=I2|draw|[2.8,3.5)",2026-02
2026-02-07,I2,Mantova,Bari,draw,home,3.0,"[2.8,3.5)","[0.28,0.34)",market_non_favorite,1.0,False,-1.0,"league|outcome|odds_bucket=I2|draw|[2.8,3.5)",2026-02
2026-02-07,I2,Juve Stabia,Padova,draw,draw,3.4,"[2.8,3.5)","[0.20,0.28)",market_non_favorite,1.0,True,2.4,"league|outcome|odds_bucket=I2|draw|[2.8,3.5)",2026-02
2026-02-07,B1,Charleroi,Cercle Brugge,draw,away,3.4,"[2.8,3.5)","[0.20,0.28)",market_non_favorite,1.0,False,-1.0,"league|odds_bucket|market_prob_bucket=B1|[2.8,3.5)|[0.20,0.28)",2026-02
2026-02-08,B1,Genk,Anderlecht,draw,home,3.4,"[2.8,3.5)","[0.20,0.28)",market_non_favorite,1.0,False,-1.0,"league|odds_bucket|market_prob_bucket=B1|[2.8,3.5)|[0.20,0.28)",2026-02
2026-02-10,I2,Virtus Entella,Cesena,draw,home,2.82,"[2.8,3.5)","[0.28,0.34)",market_non_favorite,1.0,False,-1.0,"league|outcome|odds_bucket=I2|draw|[2.8,3.5)",2026-02
2026-02-10,I2,Padova,Carrarese,draw,home,2.85,"[2.8,3.5)","[0.28,0.34)",market_non_favorite,1.0,False,-1.0,"league|outcome|odds_bucket=I2|draw|[2.8,3.5)",2026-02
2026-02-10,I2,Reggiana,Mantova,draw,home,3.0,"[2.8,3.5)","[0.28,0.34)",market_non_favorite,1.0,False,-1.0,"league|outcome|odds_bucket=I2|draw|[2.8,3.5)",2026-02
2026-02-10,I2,Sampdoria,Palermo,draw,draw,3.0,"[2.8,3.5)","[0.28,0.34)",market_non_favorite,1.0,True,2.0,"league|outcome|odds_bucket=I2|draw|[2.8,3.5)",2026-02
2026-02-10,I2,Pescara,Catanzaro,draw,away,3.3,"[2.8,3.5)","[0.28,0.34)",market_non_favorite,1.0,False,-1.0,"league|outcome|odds_bucket=I2|draw|[2.8,3.5)",2026-02
2026-02-11,I2,Bari,Spezia,draw,draw,2.85,"[2.8,3.5)","[0.28,0.34)",market_non_favorite,1.0,True,1.85,"league|outcome|odds_bucket=I2|draw|[2.8,3.5)",2026-02
2026-02-11,I2,Empoli,Juve Stabia,draw,away,3.0,"[2.8,3.5)","[0.28,0.34)",market_non_favorite,1.0,False,-1.0,"league|outcome|odds_bucket=I2|draw|[2.8,3.5)",2026-02
2026-02-11,I2,Sudtirol,Monza,draw,draw,3.0,"[2.8,3.5)","[0.28,0.34)",market_non_favorite,1.0,True,2.0,"league|outcome|odds_bucket=I2|draw|[2.8,3.5)",2026-02
2026-02-11,I2,Avellino,Frosinone,draw,away,3.1,"[2.8,3.5)","[0.28,0.34)",market_non_favorite,1.0,False,-1.0,"league|outcome|odds_bucket=I2|draw|[2.8,3.5)",2026-02
2026-02-13,P1,Santa Clara,Benfica,away,away,1.51,"[1.0,1.8)","[0.55,1.00]",market_favorite,1.0,True,0.51,"league|outcome|odds_bucket=P1|away|[1.0,1.8)",2026-02
2026-02-13,B1,Mechelen,Genk,home,away,3.4,"[2.8,3.5)","[0.20,0.28)",market_non_favorite,1.0,False,-1.0,"league|odds_bucket|market_prob_bucket=B1|[2.8,3.5)|[0.20,0.28)",2026-02
2026-02-14,I2,Cesena,Venezia,draw,away,3.1,"[2.8,3.5)","[0.28,0.34)",market_non_favorite,1.0,False,-1.0,"league|outcome|odds_bucket=I2|draw|[2.8,3.5)",2026-02
2026-02-14,I2,Sampdoria,Padova,draw,home,3.1,"[2.8,3.5)","[0.28,0.34)",market_non_favorite,1.0,False,-1.0,"league|outcome|odds_bucket=I2|draw|[2.8,3.5)",2026-02
2026-02-14,B1,Charleroi,Gent,draw,away,3.4,"[2.8,3.5)","[0.20,0.28)",market_non_favorite,1.0,False,-1.0,"league|odds_bucket|market_prob_bucket=B1|[2.8,3.5)|[0.20,0.28)",2026-02
2026-02-14,B1,Oud-Heverlee Leuven,Dender,draw,home,3.4,"[2.8,3.5)","[0.20,0.28)",market_non_favorite,1.0,False,-1.0,"league|odds_bucket|market_prob_bucket=B1|[2.8,3.5)|[0.20,0.28)",2026-02
2026-02-15,P1,Nacional,Porto,away,away,1.3,"[1.0,1.8)","[0.55,1.00]",market_favorite,1.0,True,0.3,"league|outcome|odds_bucket=P1|away|[1.0,1.8)",2026-02
2026-02-15,P1,AVS,Estoril,away,home,1.71,"[1.0,1.8)","[0.42,0.55)",market_favorite,1.0,False,-1.0,"league|outcome|odds_bucket=P1|away|[1.0,1.8)",2026-02
2026-02-15,I2,Bari,Sudtirol,draw,away,3.0,"[2.8,3.5)","[0.28,0.34)",market_non_favorite,1.0,False,-1.0,"league|outcome|odds_bucket=I2|draw|[2.8,3.5)",2026-02
2026-02-15,I2,Empoli,Reggiana,draw,draw,3.25,"[2.8,3.5)","[0.20,0.28)",market_non_favorite,1.0,True,2.25,"league|outcome|odds_bucket=I2|draw|[2.8,3.5)",2026-02
2026-02-15,I2,Avellino,Pescara,draw,away,3.3,"[2.8,3.5)","[0.20,0.28)",market_non_favorite,1.0,False,-1.0,"league|outcome|odds_bucket=I2|draw|[2.8,3.5)",2026-02
2026-02-15,I2,Spezia,Frosinone,draw,away,3.3,"[2.8,3.5)","[0.20,0.28)",market_non_favorite,1.0,False,-1.0,"league|outcome|odds_bucket=I2|draw|[2.8,3.5)",2026-02
2026-02-21,P1,Moreirense,Sp Lisbon,away,away,1.27,"[1.0,1.8)","[0.55,1.00]",market_favorite,1.0,True,0.27,"league|outcome|odds_bucket=P1|away|[1.0,1.8)",2026-02
2026-02-21,I2,Padova,Bari,draw,draw,3.0,"[2.8,3.5)","[0.28,0.34)",market_non_favorite,1.0,True,2.0,"league|outcome|odds_bucket=I2|draw|[2.8,3.5)",2026-02
2026-02-21,I2,Cesena,Spezia,draw,away,3.1,"[2.8,3.5)","[0.28,0.34)",market_non_favorite,1.0,False,-1.0,"league|outcome|odds_bucket=I2|draw|[2.8,3.5)",2026-02
2026-02-21,I2,Virtus Entella,Catanzaro,draw,away,3.1,"[2.8,3.5)","[0.28,0.34)",market_non_favorite,1.0,False,-1.0,"league|outcome|odds_bucket=I2|draw|[2.8,3.5)",2026-02
2026-02-21,I2,Carrarese,Monza,draw,away,3.3,"[2.8,3.5)","[0.28,0.34)",market_non_favorite,1.0,False,-1.0,"league|outcome|odds_bucket=I2|draw|[2.8,3.5)",2026-02
2026-02-21,B1,Dender,St Truiden,draw,away,3.4,"[2.8,3.5)","[0.20,0.28)",market_non_favorite,1.0,False,-1.0,"league|odds_bucket|market_prob_bucket=B1|[2.8,3.5)|[0.20,0.28)",2026-02
2026-02-22,I2,Juve Stabia,Modena,draw,away,3.0,"[2.8,3.5)","[0.28,0.34)",market_non_favorite,1.0,False,-1.0,"league|outcome|odds_bucket=I2|draw|[2.8,3.5)",2026-02
2026-02-22,B1,Waregem,Anderlecht,draw,away,3.3,"[2.8,3.5)","[0.20,0.28)",market_non_favorite,1.0,False,-1.0,"league|odds_bucket|market_prob_bucket=B1|[2.8,3.5)|[0.20,0.28)",2026-02
2026-02-22,B1,Westerlo,Charleroi,draw,home,3.4,"[2.8,3.5)","[0.20,0.28)",market_non_favorite,1.0,False,-1.0,"league|odds_bucket|market_prob_bucket=B1|[2.8,3.5)|[0.20,0.28)",2026-02
2026-02-27,I2,Sampdoria,Bari,draw,away,3.3,"[2.8,3.5)","[0.20,0.28)",market_non_favorite,1.0,False,-1.0,"league|outcome|odds_bucket=I2|draw|[2.8,3.5)",2026-02
2026-02-28,P1,Nacional,Sp Braga,away,away,1.51,"[1.0,1.8)","[0.55,1.00]",market_favorite,1.0,True,0.51,"league|outcome|odds_bucket=P1|away|[1.0,1.8)",2026-02
2026-02-28,I2,Sudtirol,Venezia,draw,draw,3.0,"[2.8,3.5)","[0.28,0.34)",market_non_favorite,1.0,True,2.0,"league|outcome|odds_bucket=I2|draw|[2.8,3.5)",2026-02
2026-02-28,I2,Empoli,Cesena,draw,draw,3.1,"[2.8,3.5)","[0.28,0.34)",market_non_favorite,1.0,True,2.1,"league|outcome|odds_bucket=I2|draw|[2.8,3.5)",2026-02
2026-02-28,I2,Spezia,Reggiana,draw,away,3.25,"[2.8,3.5)","[0.28,0.34)",market_non_favorite,1.0,False,-1.0,"league|outcome|odds_bucket=I2|draw|[2.8,3.5)",2026-02
2026-02-28,B1,Antwerp,St Truiden,draw,home,3.3,"[2.8,3.5)","[0.20,0.28)",market_non_favorite,1.0,False,-1.0,"league|odds_bucket|market_prob_bucket=B1|[2.8,3.5)|[0.20,0.28)",2026-02
2026-02-28,B1,Mechelen,Waregem,draw,home,3.4,"[2.8,3.5)","[0.20,0.28)",market_non_favorite,1.0,False,-1.0,"league|odds_bucket|market_prob_bucket=B1|[2.8,3.5)|[0.20,0.28)",2026-02
2026-03-01,I1,Cremonese,Milan,away,away,1.5,"[1.0,1.8)","[0.55,1.00]",market_favorite,1.0,True,0.5,"league|outcome|odds_bucket=I1|away|[1.0,1.8)",2026-03
2026-03-01,I2,Catanzaro,Frosinone,draw,draw,2.85,"[2.8,3.5)","[0.28,0.34)",market_non_favorite,1.0,True,1.85,"league|outcome|odds_bucket=I2|draw|[2.8,3.5)",2026-03
2026-03-01,I2,Mantova,Carrarese,draw,draw,3.0,"[2.8,3.5)","[0.28,0.34)",market_non_favorite,1.0,True,2.0,"league|outcome|odds_bucket=I2|draw|[2.8,3.5)",2026-03
2026-03-02,P1,Gil Vicente,Benfica,away,away,1.56,"[1.0,1.8)","[0.55,1.00]",market_favorite,1.0,True,0.56,"league|outcome|odds_bucket=P1|away|[1.0,1.8)",2026-03
2026-03-03,I2,Reggiana,Sudtirol,draw,away,3.0,"[2.8,3.5)","[0.28,0.34)",market_non_favorite,1.0,False,-1.0,"league|outcome|odds_bucket=I2|draw|[2.8,3.5)",2026-03
2026-03-03,I2,Padova,Spezia,draw,draw,3.0,"[2.8,3.5)","[0.28,0.34)",market_non_favorite,1.0,True,2.0,"league|outcome|odds_bucket=I2|draw|[2.8,3.5)",2026-03
2026-03-03,I2,Virtus Entella,Modena,draw,home,3.25,"[2.8,3.5)","[0.28,0.34)",market_non_favorite,1.0,False,-1.0,"league|outcome|odds_bucket=I2|draw|[2.8,3.5)",2026-03
2026-03-03,I2,Cesena,Monza,draw,away,3.3,"[2.8,3.5)","[0.28,0.34)",market_non_favorite,1.0,False,-1.0,"league|outcome|odds_bucket=I2|draw|[2.8,3.5)",2026-03
2026-03-04,I2,Juve Stabia,Sampdoria,draw,draw,3.1,"[2.8,3.5)","[0.28,0.34)",market_non_favorite,1.0,True,2.1,"league|outcome|odds_bucket=I2|draw|[2.8,3.5)",2026-03
2026-03-04,I2,Carrarese,Catanzaro,draw,draw,3.25,"[2.8,3.5)","[0.28,0.34)",market_non_favorite,1.0,True,2.25,"league|outcome|odds_bucket=I2|draw|[2.8,3.5)",2026-03
2026-03-04,I2,Bari,Empoli,draw,home,3.2,"[2.8,3.5)","[0.28,0.34)",market_non_favorite,1.0,False,-1.0,"league|outcome|odds_bucket=I2|draw|[2.8,3.5)",2026-03
2026-03-07,I1,Cagliari,Como,away,away,1.57,"[1.0,1.8)","[0.55,1.00]",market_favorite,1.0,True,0.57,"league|outcome|odds_bucket=I1|away|[1.0,1.8)",2026-03
2026-03-07,I2,Modena,Cesena,draw,draw,3.0,"[2.8,3.5)","[0.28,0.34)",market_non_favorite,1.0,True,2.0,"league|outcome|odds_bucket=I2|draw|[2.8,3.5)",2026-03
2026-03-07,I2,Spezia,Monza,draw,home,3.25,"[2.8,3.5)","[0.28,0.34)",market_non_favorite,1.0,False,-1.0,"league|outcome|odds_bucket=I2|draw|[2.8,3.5)",2026-03
2026-03-08,P1,Estrela,Gil Vicente,away,draw,1.79,"[1.0,1.8)","[0.42,0.55)",market_favorite,1.0,False,-1.0,"league|outcome|odds_bucket=P1|away|[1.0,1.8)",2026-03
2026-03-08,I2,Pescara,Bari,draw,home,3.1,"[2.8,3.5)","[0.28,0.34)",market_non_favorite,1.0,False,-1.0,"league|outcome|odds_bucket=I2|draw|[2.8,3.5)",2026-03
2026-03-08,I2,Mantova,Juve Stabia,draw,home,3.2,"[2.8,3.5)","[0.28,0.34)",market_non_favorite,1.0,False,-1.0,"league|outcome|odds_bucket=I2|draw|[2.8,3.5)",2026-03
2026-03-08,I2,Carrarese,Palermo,draw,away,3.25,"[2.8,3.5)","[0.28,0.34)",market_non_favorite,1.0,False,-1.0,"league|outcome|odds_bucket=I2|draw|[2.8,3.5)",2026-03
2026-03-08,I2,Catanzaro,Empoli,draw,home,3.25,"[2.8,3.5)","[0.28,0.34)",market_non_favorite,1.0,False,-1.0,"league|outcome|odds_bucket=I2|draw|[2.8,3.5)",2026-03
2026-03-14,P1,Arouca,Benfica,away,away,1.24,"[1.0,1.8)","[0.55,1.00]",market_favorite,1.0,True,0.24,"league|outcome|odds_bucket=P1|away|[1.0,1.8)",2026-03
2026-03-14,I1,Udinese,Juventus,away,away,1.55,"[1.0,1.8)","[0.55,1.00]",market_favorite,1.0,True,0.55,"league|outcome|odds_bucket=I1|away|[1.0,1.8)",2026-03
2026-03-14,I2,Sampdoria,Venezia,draw,draw,3.1,"[2.8,3.5)","[0.28,0.34)",market_non_favorite,1.0,True,2.1,"league|outcome|odds_bucket=I2|draw|[2.8,3.5)",2026-03
2026-03-14,I2,Padova,Catanzaro,draw,away,3.2,"[2.8,3.5)","[0.28,0.34)",market_non_favorite,1.0,False,-1.0,"league|outcome|odds_bucket=I2|draw|[2.8,3.5)",2026-03
2026-03-14,I2,Bari,Reggiana,draw,home,3.2,"[2.8,3.5)","[0.28,0.34)",market_non_favorite,1.0,False,-1.0,"league|outcome|odds_bucket=I2|draw|[2.8,3.5)",2026-03
2026-03-14,I2,Juve Stabia,Carrarese,draw,draw,3.25,"[2.8,3.5)","[0.28,0.34)",market_non_favorite,1.0,True,2.25,"league|outcome|odds_bucket=I2|draw|[2.8,3.5)",2026-03
2026-03-14,I2,Monza,Palermo,draw,home,3.3,"[2.8,3.5)","[0.28,0.34)",market_non_favorite,1.0,False,-1.0,"league|outcome|odds_bucket=I2|draw|[2.8,3.5)",2026-03
2026-03-14,I2,Empoli,Mantova,draw,draw,3.4,"[2.8,3.5)","[0.20,0.28)",market_non_favorite,1.0,True,2.4,"league|outcome|odds_bucket=I2|draw|[2.8,3.5)",2026-03
2026-03-15,P1,AVS,Santa Clara,away,away,1.79,"[1.0,1.8)","[0.42,0.55)",market_favorite,1.0,True,0.79,"league|outcome|odds_bucket=P1|away|[1.0,1.8)",2026-03
2026-03-17,I2,Reggiana,Monza,draw,draw,3.3,"[2.8,3.5)","[0.28,0.34)",market_non_favorite,1.0,True,2.3,"league|outcome|odds_bucket=I2|draw|[2.8,3.5)",2026-03
2026-03-17,I2,Palermo,Juve Stabia,draw,draw,3.3,"[2.8,3.5)","[0.20,0.28)",market_non_favorite,1.0,True,2.3,"league|outcome|odds_bucket=I2|draw|[2.8,3.5)",2026-03
2026-03-17,I2,Mantova,Cesena,draw,home,3.4,"[2.8,3.5)","[0.20,0.28)",market_non_favorite,1.0,False,-1.0,"league|outcome|odds_bucket=I2|draw|[2.8,3.5)",2026-03
2026-03-18,I2,Avellino,Sudtirol,draw,home,2.82,"[2.8,3.5)","[0.28,0.34)",market_non_favorite,1.0,False,-1.0,"league|outcome|odds_bucket=I2|draw|[2.8,3.5)",2026-03
2026-03-18,I2,Carrarese,Sampdoria,draw,home,2.82,"[2.8,3.5)","[0.28,0.34)",market_non_favorite,1.0,False,-1.0,"league|outcome|odds_bucket=I2|draw|[2.8,3.5)",2026-03
2026-03-18,I2,Pescara,Virtus Entella,draw,home,3.4,"[2.8,3.5)","[0.20,0.28)",market_non_favorite,1.0,False,-1.0,"league|outcome|odds_bucket=I2|draw|[2.8,3.5)",2026-03
2026-03-20,I1,Cagliari,Napoli,away,away,1.75,"[1.0,1.8)","[0.42,0.55)",market_favorite,1.0,True,0.75,"league|outcome|odds_bucket=I1|away|[1.0,1.8)",2026-03
2026-03-21,I2,Juve Stabia,Spezia,draw,home,3.0,"[2.8,3.5)","[0.28,0.34)",market_non_favorite,1.0,False,-1.0,"league|outcome|odds_bucket=I2|draw|[2.8,3.5)",2026-03
2026-03-21,I2,Monza,Venezia,draw,draw,3.0,"[2.8,3.5)","[0.28,0.34)",market_non_favorite,1.0,True,2.0,"league|outcome|odds_bucket=I2|draw|[2.8,3.5)",2026-03
2026-03-21,I2,Cesena,Catanzaro,draw,home,3.4,"[2.8,3.5)","[0.20,0.28)",market_non_favorite,1.0,False,-1.0,"league|outcome|odds_bucket=I2|draw|[2.8,3.5)",2026-03
2026-03-22,P1,Alverca,Sp Lisbon,away,away,1.27,"[1.0,1.8)","[0.55,1.00]",market_favorite,1.0,True,0.27,"league|outcome|odds_bucket=P1|away|[1.0,1.8)",2026-03
2026-03-22,I1,Fiorentina,Inter,away,draw,1.62,"[1.0,1.8)","[0.55,1.00]",market_favorite,1.0,False,-1.0,"league|outcome|odds_bucket=I1|away|[1.0,1.8)",2026-03
2026-03-22,I2,Bari,Carrarese,draw,away,2.85,"[2.8,3.5)","[0.28,0.34)",market_non_favorite,1.0,False,-1.0,"league|outcome|odds_bucket=I2|draw|[2.8,3.5)",2026-03
2026-03-22,I2,Sampdoria,Avellino,draw,home,3.1,"[2.8,3.5)","[0.28,0.34)",market_non_favorite,1.0,False,-1.0,"league|outcome|odds_bucket=I2|draw|[2.8,3.5)",2026-03
2026-03-22,I2,Virtus Entella,Reggiana,draw,home,3.1,"[2.8,3.5)","[0.28,0.34)",market_non_favorite,1.0,False,-1.0,"league|outcome|odds_bucket=I2|draw|[2.8,3.5)",2026-03
2026-03-22,I2,Sudtirol,Frosinone,draw,away,3.3,"[2.8,3.5)","[0.20,0.28)",market_non_favorite,1.0,False,-1.0,"league|outcome|odds_bucket=I2|draw|[2.8,3.5)",2026-03
2026-04-04,P1,Moreirense,Sp Braga,away,away,1.51,"[1.0,1.8)","[0.55,1.00]",market_favorite,1.0,True,0.51,"league|outcome|odds_bucket=P1|away|[1.0,1.8)",2026-04
2026-04-06,P1,Casa Pia,Benfica,away,draw,1.19,"[1.0,1.8)","[0.55,1.00]",market_favorite,1.0,False,-1.0,"league|outcome|odds_bucket=P1|away|[1.0,1.8)",2026-04
2026-04-06,I1,Udinese,Como,away,draw,1.7,"[1.0,1.8)","[0.55,1.00]",market_favorite,1.0,False,-1.0,"league|outcome|odds_bucket=I1|away|[1.0,1.8)",2026-04
2026-04-06,I1,Lecce,Atalanta,away,away,1.75,"[1.0,1.8)","[0.55,1.00]",market_favorite,1.0,True,0.75,"league|outcome|odds_bucket=I1|away|[1.0,1.8)",2026-04
2026-04-06,I2,Mantova,Virtus Entella,draw,home,3.0,"[2.8,3.5)","[0.28,0.34)",market_non_favorite,1.0,False,-1.0,"league|outcome|odds_bucket=I2|draw|[2.8,3.5)",2026-04
2026-04-06,I2,Carrarese,Spezia,draw,home,3.1,"[2.8,3.5)","[0.28,0.34)",market_non_favorite,1.0,False,-1.0,"league|outcome|odds_bucket=I2|draw|[2.8,3.5)",2026-04
2026-04-06,I2,Sampdoria,Empoli,draw,home,3.1,"[2.8,3.5)","[0.28,0.34)",market_non_favorite,1.0,False,-1.0,"league|outcome|odds_bucket=I2|draw|[2.8,3.5)",2026-04
2026-04-06,I2,Cesena,Sudtirol,draw,draw,3.2,"[2.8,3.5)","[0.28,0.34)",market_non_favorite,1.0,True,2.2,"league|outcome|odds_bucket=I2|draw|[2.8,3.5)",2026-04
2026-04-06,I2,Catanzaro,Monza,draw,draw,3.3,"[2.8,3.5)","[0.20,0.28)",market_non_favorite,1.0,True,2.3,"league|outcome|odds_bucket=I2|draw|[2.8,3.5)",2026-04
2026-04-06,I2,Bari,Modena,draw,home,3.3,"[2.8,3.5)","[0.20,0.28)",market_non_favorite,1.0,False,-1.0,"league|outcome|odds_bucket=I2|draw|[2.8,3.5)",2026-04
2026-04-06,I2,Reggiana,Pescara,draw,away,3.3,"[2.8,3.5)","[0.20,0.28)",market_non_favorite,1.0,False,-1.0,"league|outcome|odds_bucket=I2|draw|[2.8,3.5)",2026-04
2026-04-10,I2,Frosinone,Palermo,draw,draw,3.4,"[2.8,3.5)","[0.20,0.28)",market_non_favorite,1.0,True,2.4,"league|outcome|odds_bucket=I2|draw|[2.8,3.5)",2026-04
2026-04-11,P1,Estrela,Sp Lisbon,away,away,1.19,"[1.0,1.8)","[0.55,1.00]",market_favorite,1.0,True,0.19,"league|outcome|odds_bucket=P1|away|[1.0,1.8)",2026-04
2026-04-11,P1,AVS,Guimaraes,away,draw,1.61,"[1.0,1.8)","[0.55,1.00]",market_favorite,1.0,False,-1.0,"league|outcome|odds_bucket=P1|away|[1.0,1.8)",2026-04
2026-04-11,I2,Sudtirol,Modena,draw,draw,3.1,"[2.8,3.5)","[0.28,0.34)",market_non_favorite,1.0,True,2.1,"league|outcome|odds_bucket=I2|draw|[2.8,3.5)",2026-04
2026-04-11,I2,Juve Stabia,Cesena,draw,home,3.2,"[2.8,3.5)","[0.28,0.34)",market_non_favorite,1.0,False,-1.0,"league|outcome|odds_bucket=I2|draw|[2.8,3.5)",2026-04
2026-04-11,I2,Avellino,Catanzaro,draw,draw,3.25,"[2.8,3.5)","[0.28,0.34)",market_non_favorite,1.0,True,2.25,"league|outcome|odds_bucket=I2|draw|[2.8,3.5)",2026-04
2026-04-11,I2,Pescara,Sampdoria,draw,away,3.4,"[2.8,3.5)","[0.20,0.28)",market_non_favorite,1.0,False,-1.0,"league|outcome|odds_bucket=I2|draw|[2.8,3.5)",2026-04
2026-04-12,P1,Estoril,Porto,away,away,1.42,"[1.0,1.8)","[0.55,1.00]",market_favorite,1.0,True,0.42,"league|outcome|odds_bucket=P1|away|[1.0,1.8)",2026-04
2026-04-12,I1,Parma,Napoli,away,draw,1.6,"[1.0,1.8)","[0.55,1.00]",market_favorite,1.0,False,-1.0,"league|outcome|odds_bucket=I1|away|[1.0,1.8)",2026-04
2026-04-12,I2,Reggiana,Carrarese,draw,home,3.2,"[2.8,3.5)","[0.28,0.34)",market_non_favorite,1.0,False,-1.0,"league|outcome|odds_bucket=I2|draw|[2.8,3.5)",2026-04
2026-04-12,I2,Spezia,Mantova,draw,away,3.25,"[2.8,3.5)","[0.28,0.34)",market_non_favorite,1.0,False,-1.0,"league|outcome|odds_bucket=I2|draw|[2.8,3.5)",2026-04
2026-04-12,I2,Padova,Empoli,draw,home,3.3,"[2.8,3.5)","[0.28,0.34)",market_non_favorite,1.0,False,-1.0,"league|outcome|odds_bucket=I2|draw|[2.8,3.5)",2026-04
2026-04-14,I2,Catanzaro,Modena,draw,draw,3.2,"[2.8,3.5)","[0.28,0.34)",market_non_favorite,1.0,True,2.2,"league|outcome|odds_bucket=I2|draw|[2.8,3.5)",2026-04
2026-04-17,I1,Sassuolo,Como,away,home,1.53,"[1.0,1.8)","[0.55,1.00]",market_favorite,1.0,False,-1.0,"league|outcome|odds_bucket=I1|away|[1.0,1.8)",2026-04
2026-04-17,I2,Sampdoria,Monza,draw,away,3.2,"[2.8,3.5)","[0.28,0.34)",market_non_favorite,1.0,False,-1.0,"league|outcome|odds_bucket=I2|draw|[2.8,3.5)",2026-04
2026-04-18,I2,Mantova,Avellino,draw,away,3.0,"[2.8,3.5)","[0.28,0.34)",market_non_favorite,1.0,False,-1.0,"league|outcome|odds_bucket=I2|draw|[2.8,3.5)",2026-04
2026-04-18,I2,Juve Stabia,Catanzaro,draw,draw,3.2,"[2.8,3.5)","[0.28,0.34)",market_non_favorite,1.0,True,2.2,"league|outcome|odds_bucket=I2|draw|[2.8,3.5)",2026-04
2026-04-18,I2,Spezia,Sudtirol,draw,home,3.2,"[2.8,3.5)","[0.28,0.34)",market_non_favorite,1.0,False,-1.0,"league|outcome|odds_bucket=I2|draw|[2.8,3.5)",2026-04
2026-04-18,I2,Modena,Frosinone,draw,away,3.4,"[2.8,3.5)","[0.20,0.28)",market_non_favorite,1.0,False,-1.0,"league|outcome|odds_bucket=I2|draw|[2.8,3.5)",2026-04
2026-04-19,I1,Verona,Milan,away,away,1.57,"[1.0,1.8)","[0.55,1.00]",market_favorite,1.0,True,0.57,"league|outcome|odds_bucket=I1|away|[1.0,1.8)",2026-04
2026-04-19,I2,Empoli,Virtus Entella,draw,draw,3.2,"[2.8,3.5)","[0.28,0.34)",market_non_favorite,1.0,True,2.2,"league|outcome|odds_bucket=I2|draw|[2.8,3.5)",2026-04
2026-04-19,I2,Padova,Reggiana,draw,home,3.3,"[2.8,3.5)","[0.28,0.34)",market_non_favorite,1.0,False,-1.0,"league|outcome|odds_bucket=I2|draw|[2.8,3.5)",2026-04
2026-04-19,I2,Carrarese,Pescara,draw,draw,3.4,"[2.8,3.5)","[0.20,0.28)",market_non_favorite,1.0,True,2.4,"league|outcome|odds_bucket=I2|draw|[2.8,3.5)",2026-04
2026-04-23,P1,Casa Pia,Sp Braga,away,away,1.53,"[1.0,1.8)","[0.55,1.00]",market_favorite,1.0,True,0.53,"league|outcome|odds_bucket=P1|away|[1.0,1.8)",2026-04
2026-04-24,I2,Avellino,Bari,draw,home,3.4,"[2.8,3.5)","[0.20,0.28)",market_non_favorite,1.0,False,-1.0,"league|outcome|odds_bucket=I2|draw|[2.8,3.5)",2026-04
2026-04-25,I2,Cesena,Sampdoria,draw,draw,3.2,"[2.8,3.5)","[0.28,0.34)",market_non_favorite,1.0,True,2.2,"league|outcome|odds_bucket=I2|draw|[2.8,3.5)",2026-04
2026-04-25,I2,Virtus Entella,Padova,draw,home,3.4,"[2.8,3.5)","[0.20,0.28)",market_non_favorite,1.0,False,-1.0,"league|outcome|odds_bucket=I2|draw|[2.8,3.5)",2026-04
2026-04-26,P1,AVS,Sp Lisbon,away,draw,1.1,"[1.0,1.8)","[0.55,1.00]",market_favorite,1.0,False,-1.0,"league|outcome|odds_bucket=P1|away|[1.0,1.8)",2026-04
2026-04-26,P1,Estrela,Porto,away,away,1.33,"[1.0,1.8)","[0.55,1.00]",market_favorite,1.0,True,0.33,"league|outcome|odds_bucket=P1|away|[1.0,1.8)",2026-04
2026-04-26,I1,Torino,Inter,away,draw,1.4,"[1.0,1.8)","[0.55,1.00]",market_favorite,1.0,False,-1.0,"league|outcome|odds_bucket=I1|away|[1.0,1.8)",2026-04
2026-04-26,I1,Genoa,Como,away,away,1.75,"[1.0,1.8)","[0.42,0.55)",market_favorite,1.0,True,0.75,"league|outcome|odds_bucket=I1|away|[1.0,1.8)",2026-04
2026-05-01,I2,Bari,Virtus Entella,draw,home,3.1,"[2.8,3.5)","[0.28,0.34)",market_non_favorite,1.0,False,-1.0,"league|outcome|odds_bucket=I2|draw|[2.8,3.5)",2026-05
2026-05-01,I2,Sampdoria,Sudtirol,draw,home,3.1,"[2.8,3.5)","[0.28,0.34)",market_non_favorite,1.0,False,-1.0,"league|outcome|odds_bucket=I2|draw|[2.8,3.5)",2026-05
2026-05-01,I2,Empoli,Avellino,draw,home,3.2,"[2.8,3.5)","[0.28,0.34)",market_non_favorite,1.0,False,-1.0,"league|outcome|odds_bucket=I2|draw|[2.8,3.5)",2026-05
2026-05-01,I2,Carrarese,Cesena,draw,draw,3.4,"[2.8,3.5)","[0.20,0.28)",market_non_favorite,1.0,True,2.4,"league|outcome|odds_bucket=I2|draw|[2.8,3.5)",2026-05
2026-05-01,I2,Padova,Pescara,draw,home,3.4,"[2.8,3.5)","[0.20,0.28)",market_non_favorite,1.0,False,-1.0,"league|outcome|odds_bucket=I2|draw|[2.8,3.5)",2026-05
2026-05-02,P1,Famalicao,Benfica,away,draw,1.57,"[1.0,1.8)","[0.55,1.00]",market_favorite,1.0,False,-1.0,"league|outcome|odds_bucket=P1|away|[1.0,1.8)",2026-05
2026-05-03,I1,Sassuolo,Milan,away,home,1.73,"[1.0,1.8)","[0.55,1.00]",market_favorite,1.0,False,-1.0,"league|outcome|odds_bucket=I1|away|[1.0,1.8)",2026-05
2026-05-08,I2,Catanzaro,Bari,draw,away,3.1,"[2.8,3.5)","[0.28,0.34)",market_non_favorite,1.0,False,-1.0,"league|outcome|odds_bucket=I2|draw|[2.8,3.5)",2026-05
2026-05-08,I2,Reggiana,Sampdoria,draw,home,3.25,"[2.8,3.5)","[0.28,0.34)",market_non_favorite,1.0,False,-1.0,"league|outcome|odds_bucket=I2|draw|[2.8,3.5)",2026-05
2026-05-09,I1,Lecce,Juventus,away,away,1.45,"[1.0,1.8)","[0.55,1.00]",market_favorite,1.0,True,0.45,"league|outcome|odds_bucket=I1|away|[1.0,1.8)",2026-05
2026-05-10,P1,AVS,Porto,away,home,1.19,"[1.0,1.8)","[0.55,1.00]",market_favorite,1.0,False,-1.0,"league|outcome|odds_bucket=P1|away|[1.0,1.8)",2026-05
2026-05-10,I1,Verona,Como,away,away,1.38,"[1.0,1.8)","[0.55,1.00]",market_favorite,1.0,True,0.38,"league|outcome|odds_bucket=I1|away|[1.0,1.8)",2026-05
2026-05-10,I1,Parma,Roma,away,away,1.53,"[1.0,1.8)","[0.55,1.00]",market_favorite,1.0,True,0.53,"league|outcome|odds_bucket=I1|away|[1.0,1.8)",2026-05
2026-05-11,P1,Rio Ave,Sp Lisbon,away,away,1.24,"[1.0,1.8)","[0.55,1.00]",market_favorite,1.0,True,0.24,"league|outcome|odds_bucket=P1|away|[1.0,1.8)",2026-05
2026-05-16,P1,Estoril,Benfica,away,away,1.3,"[1.0,1.8)","[0.55,1.00]",market_favorite,1.0,True,0.3,"league|outcome|odds_bucket=P1|away|[1.0,1.8)",2026-05
2026-05-17,I1,Pisa,Napoli,away,away,1.36,"[1.0,1.8)","[0.55,1.00]",market_favorite,1.0,True,0.36,"league|outcome|odds_bucket=I1|away|[1.0,1.8)",2026-05
2026-05-17,I1,Genoa,Milan,away,away,1.7,"[1.0,1.8)","[0.42,0.55)",market_favorite,1.0,True,0.7,"league|outcome|odds_bucket=I1|away|[1.0,1.8)",2026-05
2026-05-24,I1,Verona,Roma,away,away,1.3,"[1.0,1.8)","[0.55,1.00]",market_favorite,1.0,True,0.3,"league|outcome|odds_bucket=I1|away|[1.0,1.8)",2026-05
2026-05-24,I1,Torino,Juventus,away,draw,1.42,"[1.0,1.8)","[0.55,1.00]",market_favorite,1.0,False,-1.0,"league|outcome|odds_bucket=I1|away|[1.0,1.8)",2026-05
2026-05-24,I1,Cremonese,Como,away,away,1.57,"[1.0,1.8)","[0.55,1.00]",market_favorite,1.0,True,0.57,"league|outcome|odds_bucket=I1|away|[1.0,1.8)",2026-05
