test_month,candidate_id,source_file,source_row,date,league,home_team,away_team,outcome,probability,conservative_probability,odds,raw_odds,conservative_ev_pct,reference_dispersion,reference_bookmakers,execution_cost_rate,execution_bookmaker,odds_band,source_type,implied_probability,price_ratio,probability_uncertainty,relative_dispersion,log_odds,probability_squared,odds_probability_interaction,reference_depth_inverse,raw_net_odds_gap_pct,outcome_odds_band,outcome_source_type,source_odds_band,direct_predicted_clv_pct,direct_lower_clv_pct,direct_staking_probability,decision_frozen_before_closing_and_result,movement_predicted_clv_pct,movement_lower_clv_pct,movement_staking_probability,predicted_closing_edge_pct,model_disagreement_pct,lower_closing_edge_pct,staking_probability,stake_multiplier,stake,stake_policy,actual_outcome,closing_edge_pct,positive_clv,closing_probability,closing_fair_odds,won,profit
2021-12,data\historical_csv\football-data\2122\D2.csv:139,data\historical_csv\football-data\2122\D2.csv,139,2021-12-04,D2,Hansa Rostock,Ingolstadt,home,0.6345145420320519,0.6093168669209921,1.8134,1.83,10.493520647452703,0.0231976751110598,5,0.0,B365,1.5-2.0,sportsbook,0.5514503143266791,1.150628670520923,0.0251976751110598,0.03655972176267,0.5952035362298188,0.4026087040501446,0.3776652992067213,0.2,0.9154075217822744,home:1.5-2.0,home:sportsbook,sportsbook:1.5-2.0,7.801394727482835,5.864688108773716,0.5837911553367912,True,11.68294099407201,10.754597453274116,0.6107565757873282,9.742167860777423,3.881546266589176,5.864688108773716,0.5837911553367912,1.0,4.51,model_agreement_0.625_kelly,draw,9.98131770374988,True,0.6064923221779523,1.6488254895114527,False,-4.51
2021-12,data\historical_csv\football-data\2122\B1.csv:153,data\historical_csv\football-data\2122\B1.csv,153,2021-12-05,B1,Standard,Charleroi,draw,0.2705801500737049,0.2539979153803977,4.038,4.1,2.564358230604613,0.0145822346933071,5,0.0,BW,4.0-5.0,sportsbook,0.2476473501733531,1.0926026459976204,0.0165822346933071,0.0538924776608151,1.3957495198906458,0.0732136176139086,0.3776621145573124,0.2,1.535413571074784,draw:4.0-5.0,draw:sportsbook,sportsbook:4.0-5.0,6.943728357759463,5.007021739050344,0.260047106832715,True,6.58834047893635,4.521145586611519,0.2588438474160761,6.766034418347907,0.3553878788231133,4.521145586611519,0.2588438474160761,1.0,0.93,model_agreement_0.625_kelly,away,12.32058169908623,True,0.2781589442770832,3.595066851432493,False,-0.93
2021-12,data\historical_csv\football-data\2122\D2.csv:147,data\historical_csv\football-data\2122\D2.csv,147,2021-12-10,D2,Schalke 04,Nurnberg,away,0.3021902208825318,0.2878940552661994,3.842,3.9,10.60889603327382,0.0122961656163324,5,0.0,BW,3.0-4.0,sportsbook,0.2602811035918792,1.1610148286306874,0.0142961656163324,0.0406901506621295,1.345993064346365,0.0913189295970333,0.4067459414211839,0.2,1.5096304008328951,away:3.0-4.0,away:sportsbook,sportsbook:3.0-4.0,8.578955557571254,6.642248938862135,0.2775696224332695,True,8.325945330819495,6.359089764620385,0.2768326126096314,8.452450444195375,0.25301022675175844,6.359089764620385,0.2768326126096314,1.0,1.4,model_agreement_0.625_kelly,home,4.67176791284869,True,0.2724408326726931,3.670521742977445,False,-1.4
2021-12,data\historical_csv\football-data\2122\I2.csv:162,data\historical_csv\football-data\2122\I2.csv,162,2021-12-10,I2,Cremonese,Crotone,home,0.5471061763299465,0.5330356378786342,1.9604,1.98,4.49630644972745,0.0120705384513122,5,0.0,BW,1.5-2.0,sportsbook,0.5100999795960008,1.0725469480772272,0.0140705384513123,0.0220625154193705,0.6731485340532554,0.2993251681783745,0.3682837205679853,0.2,0.9997959600081652,home:1.5-2.0,home:sportsbook,sportsbook:1.5-2.0,6.1996159099991655,4.262909291290047,0.5318450790210674,True,7.081712515540239,6.078114480148056,0.5411044403190577,6.640664212769702,0.8820966055410739,4.262909291290047,0.5318450790210674,1.0,2.77,model_agreement_0.625_kelly,home,7.271962503132157,True,0.5471942588407068,1.8275045540839805,True,2.66
2021-12,data\historical_csv\football-data\2122\B1.csv:158,data\historical_csv\football-data\2122\B1.csv,158,2021-12-11,B1,St Truiden,Cercle Brugge,away,0.3742291928140182,0.3680812060592269,2.862,2.9,5.3448411741507496,0.0041479867547913,5,0.0,WH,2.0-3.0,sportsbook,0.3494060097833683,1.0710439498337203,0.0061479867547913,0.0110840811845825,1.0515206811342592,0.1400474887542316,0.3935097357281205,0.2,1.327742837176782,away:2.0-3.0,away:sportsbook,sportsbook:2.0-3.0,6.231884553833973,4.295177935124855,0.3644136196195837,True,6.297591220499532,4.832432284929022,0.366290818605622,6.264737887166753,0.0657066666655588,4.295177935124855,0.3644136196195837,1.0,1.44,model_agreement_0.625_kelly,away,7.2490295702065,True,0.3747345547526432,2.668555614413742,True,2.68
2021-12,data\historical_csv\football-data\2122\SC0.csv:102,data\historical_csv\football-data\2122\SC0.csv,102,2021-12-11,SC0,St Johnstone,Aberdeen,home,0.300276244410064,0.2940077717883871,3.352,3.4,-1.4485948965326512,0.0042684726216769,5,0.0,WH,3.0-4.0,sportsbook,0.2983293556085919,1.0065259712625347,0.0062684726216769,0.014215152550822,1.2095571826198366,0.0901658229570125,0.3632012881963025,0.2,1.4319809069212486,home:3.0-4.0,home:sportsbook,sportsbook:3.0-4.0,4.187342936096799,2.25063631738768,0.3050436644313475,True,4.262060029295789,2.5460527784109788,0.30592497845588,4.224701482696294,0.07471709319898956,2.25063631738768,0.3050436644313475,1.0,0.6,model_agreement_0.625_kelly,away,-13.874146427884249,False,0.2569387039740923,3.891978843719987,False,-0.6
2021-12,data\historical_csv\football-data\2122\N1.csv:140,data\historical_csv\football-data\2122\N1.csv,140,2021-12-11,N1,Zwolle,For Sittard,home,0.5228425503533685,0.5068772830637751,1.98,2.0,0.3617020466274656,0.0139652672895933,5,0.0,BW,1.5-2.0,sportsbook,0.5050505050505051,1.0352282496996696,0.0159652672895933,0.0267102730643379,0.6830968447064438,0.2733643324600146,0.3571520964246559,0.2,1.0101010101010166,home:1.5-2.0,home:sportsbook,sportsbook:1.5-2.0,3.5659335269338244,1.6292269082247053,0.5132789237789127,True,3.742450550975218,2.7288185829704714,0.5188324170857095,3.6541920389545215,0.1765170240413938,1.6292269082247053,0.5132789237789127,1.0,1.04,model_agreement_0.625_kelly,away,-9.884464934947534,False,0.4551289649750124,2.1971794303509165,False,-1.04
2021-12,data\historical_csv\football-data\2122\B1.csv:162,data\historical_csv\football-data\2122\B1.csv,162,2021-12-12,B1,Gent,Genk,home,0.5207001905742764,0.5087468653108813,2.029,2.05,3.224738971577823,0.009953325263395,5,0.0,WH,2.0-3.0,sportsbook,0.4928536224741252,1.0565006866752067,0.011953325263395,0.0191152710207722,0.7075430608436777,0.2711286884640878,0.3684178066208098,0.2,1.0349926071956617,home:2.0-3.0,home:sportsbook,sportsbook:2.0-3.0,7.242971303105008,5.30626468439589,0.5190057401892356,True,6.7166340638313615,5.677917264295185,0.5208374433922878,6.9798026834681846,0.5263372392736461,5.30626468439589,0.5190057401892356,1.0,3.22,model_agreement_0.625_kelly,home,20.93255773125138,True,0.5960204915290852,1.6777946634594878,True,3.31
2021-12,data\historical_csv\football-data\2122\T1.csv:191,data\historical_csv\football-data\2122\T1.csv,191,2021-12-27,T1,Konyaspor,Besiktas,draw,0.2834178223434885,0.2749427582864788,3.8126,3.87,4.824676024302943,0.0064750640570096,4,0.0,PS,3.0-4.0,sportsbook,0.2622882022766616,1.0805587894667843,0.0084750640570096,0.0228463545569204,1.3383113710977392,0.0803256620219252,0.3793012944140496,0.25,1.5055342810680328,draw:3.0-4.0,draw:sportsbook,sportsbook:3.0-4.0,5.071350634698003,3.134644015988884,0.2705100037139717,True,5.005572615472054,3.05376794819181,0.2702978753296747,5.038461625085029,0.06577801922594961,3.05376794819181,0.2702978753296747,0.5,0.34,model_agreement_0.625_kelly,home,7.653369343054206,True,0.2823620871401516,3.5415519488763585,False,-0.34
2022-01,data\historical_csv\football-data\2122\SP2.csv:239,data\historical_csv\football-data\2122\SP2.csv,239,2022-01-02,SP2,Mirandes,Zaragoza,away,0.4296060844392185,0.4144572229411089,2.568,2.6,6.432614851276775,0.0131488614981095,5,0.0,B365,2.0-3.0,sportsbook,0.3894080996884735,1.1032284248399131,0.0151488614981095,0.0306067860171796,0.9431273858277148,0.1845613877871969,0.4051732633528406,0.2,1.2461059190031154,away:2.0-3.0,away:sportsbook,sportsbook:2.0-3.0,3.4808384130097143,1.588630451981034,0.3955943553426052,True,4.322818813111606,3.009130454127429,0.4011258974070382,3.90182861306066,0.841980400101892,1.588630451981034,0.3955943553426052,1.0,0.63,model_agreement_0.625_kelly,home,1.890369612557774,True,0.3967693520738231,2.520355956863169,False,-0.63
2022-01,data\historical_csv\football-data\2122\P1.csv:154,data\historical_csv\football-data\2122\P1.csv,154,2022-01-13,P1,Famalicao,Belenenses,home,0.5626507100116103,0.545669470012285,1.882,1.9,2.6949942563120333,0.0149812399993252,5,0.0,B365,1.5-2.0,sportsbook,0.5313496280552604,1.0589086362418505,0.0169812399993252,0.0266261816305467,0.6323350411631878,0.3165758214765691,0.3557837598756884,0.2,0.9564293304994642,home:1.5-2.0,home:sportsbook,sportsbook:1.5-2.0,3.0276634629514025,1.1354555019227224,0.5373828666414598,True,3.9490778322480713,2.9863202420579382,0.5472174295539742,3.488370647599737,0.9214143692966688,1.1354555019227224,0.5373828666414598,1.0,0.8,model_agreement_0.625_kelly,home,18.53231315825139,True,0.6298210050916653,1.5877526978549377,True,0.71
2022-01,data\historical_csv\football-data\2122\N1.csv:164,data\historical_csv\football-data\2122\N1.csv,164,2022-01-14,N1,Zwolle,Willem II,home,0.3123726560091148,0.3085295519898937,3.45,3.5,6.442695436513324,0.001843104019221,5,0.0,BW,3.0-4.0,sportsbook,0.2898550724637681,1.077685663231446,0.0038431040192211,0.0059003372534864,1.2383742310432684,0.0975766762221887,0.3868342476842309,0.2,1.4492753623188248,home:3.0-4.0,home:sportsbook,sportsbook:3.0-4.0,5.846194217301145,3.9539862562724646,0.3013159021920941,True,6.347051558780259,4.582166497060847,0.3031367144842343,6.096622888040702,0.5008573414791142,3.9539862562724646,0.3013159021920941,1.0,1.01,model_agreement_0.625_kelly,home,35.082187773320705,True,0.391542573256002,2.554000684227436,True,2.47
2022-02,data\historical_csv\football-data\2122\T1.csv:234,data\historical_csv\football-data\2122\T1.csv,234,2022-02-05,T1,Trabzonspor,Kasimpasa,draw,0.2656433253386424,0.259801151610176,3.9498,4.01,2.6162588629873307,0.0038421737284663,5,0.0,PS,3.0-4.0,sportsbook,0.2531773760696744,1.04923800642257,0.0058421737284664,0.0144636561960229,1.3736649447197489,0.0705663762969718,0.3649049238164765,0.2,1.5241278039394457,draw:3.0-4.0,draw:sportsbook,sportsbook:3.0-4.0,3.111708554002907,3.111708554002907,0.2610555181376346,True,3.388875668569536,3.388875668569536,0.2617572425656224,3.250292111286221,0.277167114566629,3.111708554002907,0.2610555181376346,1.0,0.66,model_agreement_0.625_kelly,home,0.5284899030463697,True,0.2545153929390004,3.9290354443892896,False,-0.66
2022-02,data\historical_csv\football-data\2122\SP2.csv:284,data\historical_csv\football-data\2122\SP2.csv,284,2022-02-06,SP2,Fuenlabrada,Valladolid,home,0.2701310785941815,0.2593515113072516,3.94,4.0,2.184495455057145,0.0087795672869298,5,0.0,WH,3.0-4.0,sportsbook,0.2538071065989847,1.064316449661075,0.0107795672869298,0.032501137346434,1.3711807233098423,0.0729707996224558,0.3703985277352377,0.2,1.522842639593902,home:3.0-4.0,home:sportsbook,sportsbook:3.0-4.0,5.149138238476132,5.149138238476132,0.266875985376843,True,5.864780970414563,5.864780970414563,0.2686923374883618,5.506959604445347,0.7156427319384306,5.149138238476132,0.266875985376843,1.0,1.09,model_agreement_0.625_kelly,draw,-2.235111797802969,False,0.2481342340157285,4.030076720234471,False,-1.09
2022-02,data\historical_csv\football-data\2122\B1.csv:235,data\historical_csv\football-data\2122\B1.csv,235,2022-02-12,B1,Eupen,Gent,away,0.5487808885282728,0.5413274488873124,1.98,2.0,7.182834879687872,0.0054534396409603,5,0.0,WH,1.5-2.0,sportsbook,0.5050505050505051,1.08658615928598,0.0074534396409603,0.0099373716449663,0.6830968447064438,0.3011604636138805,0.3748704933888618,0.2,1.0101010101010166,away:1.5-2.0,away:sportsbook,sportsbook:1.5-2.0,7.320006654306632,7.320006654306632,0.5420202356278113,True,8.329439506014857,8.329439506014857,0.5471183813435094,7.824723080160744,1.0094328517082252,7.320006654306632,0.5420202356278113,1.0,4.67,model_agreement_0.625_kelly,away,22.04882216367352,True,0.6164081927458258,1.6223016043077598,True,4.58
2022-02,data\historical_csv\football-data\2122\I2.csv:216,data\historical_csv\football-data\2122\I2.csv,216,2022-02-12,I2,Vicenza,Cosenza,draw,0.2881650845183673,0.2825315302114359,3.646,3.7,3.0109959150895538,0.0036335543069313,5,0.0,PS,3.0-4.0,sportsbook,0.274273176083379,1.0506498981539674,0.0056335543069314,0.0126092802429705,1.293630676256471,0.0830391159354778,0.3727791931589987,0.2,1.4810751508502529,draw:3.0-4.0,draw:sportsbook,sportsbook:3.0-4.0,3.234162572348249,3.234162572348249,0.2831436164902585,True,3.57723329546753,3.57723329546753,0.28408456745877,3.4056979339078897,0.3430707231192809,3.234162572348249,0.2831436164902585,1.0,0.76,model_agreement_0.625_kelly,draw,0.0159227478156775,True,0.2743168479095328,3.645419549038383,True,2.01
2022-02,data\historical_csv\football-data\2122\B1.csv:236,data\historical_csv\football-data\2122\B1.csv,236,2022-02-12,B1,Mechelen,Oostende,home,0.5235819655100769,0.5080483258930739,1.931,1.95,-1.8958682700474292,0.0135336396170029,5,0.0,WH,1.5-2.0,sportsbook,0.5178663904712584,1.0110367753999585,0.0155336396170029,0.0258481775700933,0.6580380034463774,0.2741380746073953,0.344536831224781,0.2,0.9839461418953864,home:1.5-2.0,home:sportsbook,sportsbook:1.5-2.0,1.5042477625731587,1.5042477625731587,0.5256563840630407,True,1.4131602360530682,1.4131602360530682,0.5251846723772815,1.4587039993131135,0.09108752652009056,1.4131602360530682,0.5251846723772815,1.0,0.95,model_agreement_0.625_kelly,home,0.5142363785761939,True,0.5205294478434811,1.921120897468786,True,0.88
2022-02,data\historical_csv\football-data\2122\SP2.csv:297,data\historical_csv\football-data\2122\SP2.csv,297,2022-02-13,SP2,Las Palmas,Burgos,home,0.557522243825372,0.5379732735591451,3.205,3.25,72.42043417570602,0.0175489702662268,5,0.0,WH,3.0-4.0,sportsbook,0.31201248049922,1.7868587914603171,0.0195489702662268,0.0314767176746467,1.1647120903726331,0.3108310523600775,0.64935289803509,0.2,1.4040561622464809,home:3.0-4.0,home:sportsbook,sportsbook:3.0-4.0,62.00494056283728,62.00494056283728,0.5054756335813956,True,67.98482511116848,67.98482511116848,0.5241336196916333,64.99488283700288,5.979884548331199,62.00494056283728,0.5054756335813956,1.0,15.0,model_agreement_0.625_kelly,away,95.67995570333196,True,0.6105458836297409,1.63787853920974,False,-15.0
2022-02,data\historical_csv\football-data\2122\B1.csv:240,data\historical_csv\football-data\2122\B1.csv,240,2022-02-13,B1,St. Gilloise,St Truiden,home,0.6812181510308626,0.6642446755720056,1.6076,1.62,6.783974044955632,0.0149734754588569,5,0.0,WH,1.5-2.0,sportsbook,0.6220452848967404,1.0951262995972149,0.0169734754588569,0.0219804411203637,0.4747423835929091,0.4640581692939071,0.323403128767146,0.2,0.771336153271962,home:1.5-2.0,home:sportsbook,sportsbook:1.5-2.0,9.807071202060085,9.807071202060085,0.6830497088956212,True,10.019840178188776,10.019840178188776,0.6843732282793529,9.91345569012443,0.21276897612869128,9.807071202060085,0.6830497088956212,1.0,10.09,model_agreement_0.625_kelly,away,4.335118732199472,True,0.6490116865650626,1.5408043039911443,False,-10.09
2022-02,data\historical_csv\football-data\2122\B1.csv:239,data\historical_csv\football-data\2122\B1.csv,239,2022-02-13,B1,Genk,Standard,home,0.5631690651038209,0.5510857689691911,1.8624,1.88,2.634213612822145,0.0100832961346298,5,0.0,WH,1.5-2.0,sportsbook,0.5369415807560138,1.048846066849356,0.0120832961346297,0.0179045632287543,0.6218659785549815,0.3171593958899117,0.3502156817626817,0.2,0.9450171821305808,home:1.5-2.0,home:sportsbook,sportsbook:1.5-2.0,5.3296082209419255,5.3296082209419255,0.5655584633856419,True,5.476660765591301,5.476660765591301,0.5663480496434241,5.403134493266613,0.14705254464937578,5.3296082209419255,0.5655584633856419,1.0,3.86,model_agreement_0.625_kelly,home,5.818652169932315,True,0.5681843436959425,1.7599921770022209,True,3.33
2022-02,data\historical_csv\football-data\2122\SP2.csv:299,data\historical_csv\football-data\2122\SP2.csv,299,2022-02-18,SP2,Cartagena,Valladolid,away,0.471618301895688,0.4550706829437315,2.4210000000000003,2.45,10.17261234067741,0.0145476189519564,5,0.0,WH,2.0-3.0,sportsbook,0.413052457662123,1.1417879088894607,0.0165476189519565,0.0308461713497584,0.8841806779559216,0.2224238226829722,0.4169957899065499,0.2,1.1978521272201448,away:2.0-3.0,away:sportsbook,sportsbook:2.0-3.0,9.620667734239362,9.620667734239362,0.4527908621819055,True,11.071094721276232,11.071094721276232,0.4587818864984561,10.345881227757797,1.4504269870368702,9.620667734239362,0.4527908621819055,1.0,4.23,model_agreement_0.625_kelly,away,4.103390313713096,True,0.4300016122003845,2.325572676071715,True,6.01
2022-02,data\historical_csv\football-data\2122\SP2.csv:303,data\historical_csv\football-data\2122\SP2.csv,303,2022-02-19,SP2,Sociedad B,Malaga,home,0.4319217041276469,0.4234469909037365,2.764,2.8,17.040748285792784,0.0064747132239103,5,0.0,WH,2.0-3.0,sportsbook,0.361794500723589,1.193831590208816,0.0084747132239103,0.0149904789734689,1.016678905905423,0.1865563584965305,0.439125685589302,0.2,1.302460202604916,home:2.0-3.0,home:sportsbook,sportsbook:2.0-3.0,15.98543081544257,15.98543081544257,0.4196289103308342,True,17.66325354878211,17.66325354878211,0.4256991807119469,16.82434218211234,1.6778227333395392,15.98543081544257,0.4196289103308342,1.0,5.66,model_agreement_0.625_kelly,home,19.841861166643305,True,0.4335812632657138,2.306372725767822,True,9.98
2022-02,data\historical_csv\football-data\2122\SP2.csv:300,data\historical_csv\football-data\2122\SP2.csv,300,2022-02-19,SP2,Zaragoza,Las Palmas,home,0.3794501867216367,0.3713135615228519,2.8326,2.87,5.178279436963051,0.0061366251987847,5,0.0,WH,2.0-3.0,sportsbook,0.3530325496010731,1.0748305989077085,0.0081366251987847,0.0161724131744506,1.041195017798159,0.1439824442030849,0.3950816439171493,0.2,1.3203417355080127,home:2.0-3.0,home:sportsbook,sportsbook:2.0-3.0,6.295188407643908,6.295188407643908,0.3752566137387697,True,6.9510107357587,6.9510107357587,0.3775718800245664,6.623099571701305,0.6558223281147919,6.295188407643908,0.3752566137387697,1.0,2.15,model_agreement_0.625_kelly,home,11.184385336083324,True,0.3925170703102567,2.5476598997581723,True,3.94
2022-02,data\historical_csv\football-data\2122\I2.csv:232,data\historical_csv\football-data\2122\I2.csv,232,2022-02-19,I2,Ascoli,Alessandria,draw,0.3208522091227121,0.3097738524061922,3.205,3.25,-0.7174803038153765,0.0090783567165198,5,0.0,WH,3.0-4.0,sportsbook,0.31201248049922,1.0283313302382924,0.0110783567165198,0.0282945121099284,1.1647120903726331,0.1029461400989245,0.3737004471879913,0.2,1.4040561622464809,draw:3.0-4.0,draw:sportsbook,sportsbook:3.0-4.0,2.960447301398077,2.960447301398077,0.3212494455581843,True,3.198635709784159,3.198635709784159,0.3219926231194513,3.079541505591118,0.2381884083860819,2.960447301398077,0.3212494455581843,1.0,0.84,model_agreement_0.625_kelly,home,1.8498468996508863,True,0.3177842336962586,3.146789217226585,False,-0.84
2022-02,data\historical_csv\football-data\2122\SP2.csv:310,data\historical_csv\football-data\2122\SP2.csv,310,2022-02-25,SP2,Almeria,Fuenlabrada,draw,0.2486031076262283,0.2422766545324116,4.136,4.2,0.2056243146054681,0.0043264530938166,4,0.0,B365,4.0-5.0,sportsbook,0.241779497098646,1.0282224531420805,0.0063264530938166,0.0174030531441363,1.419729137206128,0.061803505121418,0.3529490754969473,0.25,1.547388781431347,draw:4.0-5.0,draw:sportsbook,sportsbook:4.0-5.0,5.114223757166076,5.114223757166076,0.2541446415792217,True,4.212858278193421,4.212858278193421,0.2519653246571408,4.663541017679748,0.9013654789726546,4.212858278193421,0.2519653246571408,0.5,0.42,model_agreement_0.625_kelly,home,-1.363345117101178,False,0.2384832081307998,4.193167342211928,False,-0.42
2022-02,data\historical_csv\football-data\2122\E0.csv:250,data\historical_csv\football-data\2122\E0.csv,250,2022-02-25,E0,Southampton,Norwich,home,0.6211318326460751,0.6161250322819855,1.6174,1.63,-0.3479372787116741,0.0030068003640896,5,0.0,IW,1.5-2.0,sportsbook,0.6182762458266353,1.0046186261217618,0.0050068003640896,0.004840840874763,0.4808199216795847,0.3858047535262718,0.2986525591255827,0.2,0.7790280697415497,home:1.5-2.0,home:sportsbook,sportsbook:1.5-2.0,1.7412458823328127,1.7412458823328127,0.6290419554985336,True,1.5515950715383031,1.5515950715383031,0.6278693895853735,1.646420476935558,0.18965081079450963,1.5515950715383031,0.6278693895853735,1.0,1.57,model_agreement_0.625_kelly,home,3.2086268157363262,True,0.6381144232455567,1.5671170617235586,True,0.97
2022-02,data\historical_csv\football-data\2122\I2.csv:256,data\historical_csv\football-data\2122\I2.csv,256,2022-02-26,I2,Vicenza,Pordenone,home,0.4843215734089643,0.4764615677530101,2.274,2.3,8.347360507034484,0.0058600056559543,5,0.0,WH,2.0-3.0,sportsbook,0.4397537379067722,1.101347257931985,0.0078600056559542,0.0120994107586573,0.8215403953283443,0.2345673864693348,0.3978897368844463,0.2,1.1433597185575906,home:2.0-3.0,home:sportsbook,sportsbook:2.0-3.0,9.260216570761177,9.260216570761177,0.4804758864149567,True,9.9557595707358,9.9557595707358,0.4835345627560941,9.607988070748489,0.6955429999746237,9.260216570761177,0.4804758864149567,1.0,4.54,model_agreement_0.625_kelly,home,2.665668745951111,True,0.4514761158573048,2.2149565943286,True,5.78
2022-02,data\historical_csv\football-data\2122\I2.csv:254,data\historical_csv\football-data\2122\I2.csv,254,2022-02-26,I2,Parma,Spal,home,0.4780212498990455,0.4681725610155291,2.176,2.2,1.874349276979137,0.0078486888835163,5,0.0,WH,2.0-3.0,sportsbook,0.4595588235294117,1.040174239780323,0.0098486888835163,0.0164191212946578,0.7774883289936962,0.2285043153550457,0.371655942807487,0.2,1.1029411764705843,home:2.0-3.0,home:sportsbook,sportsbook:2.0-3.0,4.150228735778225,4.150228735778225,0.4786315658813336,True,4.169259189348695,4.169259189348695,0.4787190220098745,4.159743962563461,0.019030453570469952,4.150228735778225,0.4786315658813336,1.0,2.21,model_agreement_0.625_kelly,home,16.752477619601013,True,0.5365463125900781,1.863772010980161,True,2.6
2022-02,data\historical_csv\football-data\2122\I2.csv:252,data\historical_csv\football-data\2122\I2.csv,252,2022-02-26,I2,Como,Brescia,away,0.3988314743557221,0.3856239834137213,2.6660000000000004,2.7,2.807353978098104,0.0112074909420007,5,0.0,WH,2.0-3.0,sportsbook,0.3750937734433608,1.0632847106323553,0.0132074909420007,0.0281008186731137,0.980579221756517,0.159066544936759,0.3910858567357382,0.2,1.275318829707417,away:2.0-3.0,away:sportsbook,sportsbook:2.0-3.0,3.347553973054852,3.347553973054852,0.3876502399589454,True,3.93123675915803,3.93123675915803,0.3898395977462791,3.6393953661064407,0.5836827861031781,3.347553973054852,0.3876502399589454,1.0,1.26,model_agreement_0.625_kelly,draw,13.947943582231748,True,0.4274116413437049,2.3396648646634444,False,-1.26
2022-02,data\historical_csv\football-data\2122\I2.csv:261,data\historical_csv\football-data\2122\I2.csv,261,2022-02-27,I2,Reggina,Pisa,home,0.2809288248409143,0.2739190998745605,3.6656,3.72,0.4077852500188994,0.0050097249663538,4,0.0,PS,3.0-4.0,sportsbook,0.2728066346573549,1.0297727003368558,0.0070097249663538,0.0178327196192513,1.298992032717094,0.0789210046264971,0.3649243052289238,0.25,1.484068092536006,home:3.0-4.0,home:sportsbook,sportsbook:3.0-4.0,4.604828697534042,4.604828697534042,0.2853689128588336,True,3.2828623166078152,3.2828623166078152,0.2817625008637271,3.9438455070709284,1.3219663809262263,3.2828623166078152,0.2817625008637271,0.5,0.38,model_agreement_0.625_kelly,home,-9.612442733397495,False,0.2465832531280077,4.055425448868072,True,1.01
2022-03,data\historical_csv\football-data\2122\G1.csv:176,data\historical_csv\football-data\2122\G1.csv,176,2022-03-03,G1,Atromitos,Volos NFC,home,0.5304011189346198,0.5153269120728419,2.176,2.2,12.13513606705039,0.0130742068617779,5,0.0,WH,2.0-3.0,sportsbook,0.4595588235294117,1.154152834801733,0.0150742068617779,0.0246496592768114,0.7774883289936962,0.2813253469670967,0.4123806796568643,0.2,1.1029411764705843,home:2.0-3.0,home:sportsbook,sportsbook:2.0-3.0,14.723185942567245,12.623372081785922,0.5175706437582073,True,15.05746628957858,13.848208823016051,0.5231994890763605,14.890326116072913,0.3342803470113349,12.623372081785922,0.5175706437582073,1.0,6.71,model_agreement_0.625_kelly,home,-1.7962079269033482,False,0.4513041915123926,2.215800382107775,True,7.89
2022-03,data\historical_csv\football-data\2122\I2.csv:273,data\historical_csv\football-data\2122\I2.csv,273,2022-03-05,I2,Como,Spal,away,0.2828980623420387,0.2785765588920084,4.2634,4.33,18.768330118018884,0.0023215034500303,5,0.0,WH,4.0-5.0,sportsbook,0.234554580850964,1.206107598989048,0.0043215034500302,0.0082061482882251,1.450066964016957,0.08003131367688,0.4102211343865999,0.2,1.5621335084674337,away:4.0-5.0,away:sportsbook,sportsbook:4.0-5.0,17.896364729529825,15.796550868748502,0.2716061145300664,True,19.589132047828816,17.2198543442706,0.2749445380313144,18.74274838867932,1.6927673182989906,15.796550868748502,0.2716061145300664,1.0,3.03,model_agreement_0.625_kelly,away,43.24430863501716,True,0.3359860877117258,2.976313712304643,True,9.89
2022-03,data\historical_csv\football-data\2122\I2.csv:274,data\historical_csv\football-data\2122\I2.csv,274,2022-03-05,I2,Parma,Reggina,home,0.5693915641277388,0.5562253432573707,1.882,1.9,4.681609601037162,0.0111662208703681,5,0.0,WH,1.5-2.0,sportsbook,0.5313496280552604,1.0715949236884044,0.0131662208703681,0.0196107943528701,0.6323350411631878,0.3242067532998329,0.3600462381406856,0.2,0.9564293304994642,home:1.5-2.0,home:sportsbook,sportsbook:1.5-2.0,8.036093721564882,5.936279860783559,0.5628920290158531,True,7.888487283121592,6.84261294853028,0.5677078265065372,7.962290502343237,0.14760643844328936,5.936279860783559,0.5628920290158531,1.0,4.21,model_agreement_0.625_kelly,draw,17.666299931581374,True,0.6252194470328447,1.599438412777757,False,-4.21
2022-03,data\historical_csv\football-data\2122\F2.csv:272,data\historical_csv\football-data\2122\F2.csv,272,2022-03-12,F2,Ajaccio,Bastia,draw,0.3304886393849185,0.3214939662279518,3.205,3.25,3.0388161760585675,0.0069946731569666,5,0.0,B365,3.0-4.0,sportsbook,0.31201248049922,1.059216089228664,0.0089946731569666,0.0211646402429585,1.1647120903726331,0.1092227407624947,0.3849241140224158,0.2,1.4040561622464809,draw:3.0-4.0,draw:sportsbook,sportsbook:3.0-4.0,4.592587105800379,2.4927732450190563,0.3197902441342248,True,5.003427835294527,3.222329406832713,0.3220665504113345,4.798007470547454,0.41084072949414807,2.4927732450190563,0.3197902441342248,1.0,0.71,model_agreement_0.625_kelly,away,2.7473045595865164,True,0.320584413602454,3.119303239863889,False,-0.71
2022-03,data\historical_csv\football-data\2122\SP2.csv:333,data\historical_csv\football-data\2122\SP2.csv,333,2022-03-12,SP2,Ibiza,Leganes,home,0.439010889282371,0.4235636528070371,2.372,2.4,0.4692984458291915,0.0134472364753338,5,0.0,WH,2.0-3.0,sportsbook,0.4215851602023609,1.0413338293777838,0.0154472364753338,0.0306307583789444,0.863733481135479,0.1927305609084982,0.3791884036562446,0.2,1.180438448566612,home:2.0-3.0,home:sportsbook,sportsbook:2.0-3.0,3.673782794496187,1.5739689337148643,0.4282207796530981,True,3.5388329442344046,2.220653389691063,0.4309471053528291,3.606307869365296,0.13494985026178252,1.5739689337148643,0.4282207796530981,1.0,0.72,model_agreement_0.625_kelly,draw,-2.1893330698674607,False,0.4123552568723969,2.425093371149745,False,-0.72
2022-03,data\historical_csv\football-data\2122\SP2.csv:342,data\historical_csv\football-data\2122\SP2.csv,342,2022-03-13,SP2,Oviedo,Valladolid,away,0.3898485744784831,0.3784821604571512,2.8424,2.88,7.579769288340654,0.0093664140213319,5,0.0,WH,2.0-3.0,sportsbook,0.3518153672952435,1.1081055880976405,0.0113664140213319,0.0240257747097364,1.04464876572468,0.1519819110229054,0.4072548321484734,0.2,1.3228257810301347,away:2.0-3.0,away:sportsbook,sportsbook:2.0-3.0,8.29806620164534,6.198252340864018,0.3736217715341403,True,8.752950764842682,7.173358199145374,0.3770523437909702,8.52550848324401,0.45488456319734105,6.198252340864018,0.3736217715341403,1.0,2.1,model_agreement_0.625_kelly,home,12.73410782980051,True,0.3966159155284285,2.521330992649795,False,-2.1
2022-03,data\historical_csv\football-data\2122\SP2.csv:340,data\historical_csv\football-data\2122\SP2.csv,340,2022-03-13,SP2,Sp Gijon,Tenerife,home,0.3700701946201881,0.3583544469822608,2.8424,2.88,1.858668010237796,0.0097157476379272,5,0.0,WH,2.0-3.0,sportsbook,0.3518153672952435,1.0518875211884224,0.0117157476379272,0.0262537966557905,1.04464876572468,0.1369519489462239,0.3865933720414716,0.2,1.3228257810301347,home:2.0-3.0,home:sportsbook,sportsbook:2.0-3.0,4.610906047035243,2.5110921862539204,0.3606497754934348,True,4.7329457877342,3.153353222036892,0.362909348515469,4.671925917384721,0.1220397406989564,2.5110921862539204,0.3606497754934348,1.0,0.85,model_agreement_0.625_kelly,away,6.998798969320008,True,0.3764382175954124,2.656478416000732,False,-0.85
2022-03,data\historical_csv\football-data\2122\I2.csv:295,data\historical_csv\football-data\2122\I2.csv,295,2022-03-15,I2,Crotone,Frosinone,home,0.2980209107857554,0.2764918053676389,3.744,3.8,3.5185319296439976,0.0195291054181164,5,0.0,WH,3.0-4.0,sportsbook,0.2670940170940171,1.115790289981868,0.0215291054181164,0.0655293125795316,1.3201545586153456,0.0888164632655711,0.3934336639365122,0.2,1.4957264957264904,home:3.0-4.0,home:sportsbook,sportsbook:3.0-4.0,8.774927265973353,6.675113405192031,0.2849228456335257,True,9.299755394203736,7.219121223794667,0.2863758579695371,9.037341330088545,0.5248281282303822,6.675113405192031,0.2849228456335257,1.0,1.52,model_agreement_0.625_kelly,home,17.183185744017226,True,0.3129892781624392,3.194997623787634,True,4.17
2022-03,data\historical_csv\football-data\2122\I2.csv:292,data\historical_csv\football-data\2122\I2.csv,292,2022-03-15,I2,Cittadella,Reggina,home,0.5396805484843955,0.5319979241675219,1.931,1.95,2.728799156748485,0.0056826243168735,5,0.0,WH,1.5-2.0,sportsbook,0.5178663904712584,1.0421231391233678,0.0076826243168736,0.0105296074369037,0.6580380034463774,0.291255094412418,0.3551303106235175,0.2,0.9839461418953864,home:1.5-2.0,home:sportsbook,sportsbook:1.5-2.0,5.850423799770598,3.750609938989276,0.5372895387829585,True,5.511113407942148,4.438008551355632,0.5408493451649696,5.680768603856373,0.3393103918284499,3.750609938989276,0.5372895387829585,1.0,2.52,model_agreement_0.625_kelly,draw,7.569675200405102,True,0.5570671942019942,1.7951155810431676,False,-2.52
2022-03,data\historical_csv\football-data\2122\E1.csv:451,data\historical_csv\football-data\2122\E1.csv,451,2022-03-19,E1,Huddersfield,Bournemouth,away,0.3956834532374101,0.3888004673499053,3.205,3.25,24.610549785644675,0.0048829858875047,5,0.0,IW,3.0-4.0,sportsbook,0.31201248049922,1.268165467625899,0.0068829858875047,0.0123406370611483,1.1647120903726331,0.1565653951658817,0.460857301946006,0.2,1.4040561622464809,away:3.0-4.0,away:sportsbook,sportsbook:3.0-4.0,21.34666282408345,19.246848963302128,0.3720650513675573,True,23.33733228641201,21.556233857950204,0.3792706204616231,22.34199755524773,1.9906694623285617,19.246848963302128,0.3720650513675573,1.0,5.46,model_agreement_0.625_kelly,away,32.10621623248646,True,0.4121878821606441,2.426078114567824,True,12.04
2022-03,data\historical_csv\football-data\2122\E1.csv:448,data\historical_csv\football-data\2122\E1.csv,448,2022-03-19,E1,Derby,Coventry,away,0.3849319591256835,0.37964665134076,3.107,3.15,17.956214571574126,0.0032853077849235,5,0.0,IW,3.0-4.0,sportsbook,0.321853878339234,1.1959835970034989,0.0052853077849235,0.0085347753207753,1.1336576304109105,0.1481726131563369,0.4363810526518518,0.2,1.3839716768587085,away:3.0-4.0,away:sportsbook,sportsbook:3.0-4.0,15.078889893036468,12.979076032255144,0.3636275379216451,True,16.74880717900633,15.022169794534925,0.3702033144336496,15.9138485360214,1.6699172859698628,12.979076032255144,0.3636275379216451,1.0,3.85,model_agreement_0.625_kelly,draw,20.50681647427961,True,0.3878558624856119,2.5782773878713683,False,-3.85
2022-03,data\historical_csv\football-data\2122\E1.csv:450,data\historical_csv\football-data\2122\E1.csv,450,2022-03-19,E1,Bristol City,West Brom,away,0.4640458126677398,0.4505516085471336,2.4210000000000003,2.45,9.07854442926106,0.0114942041206062,5,0.0,IW,2.0-3.0,sportsbook,0.413052457662123,1.1234549124685984,0.0134942041206062,0.0247695460379818,0.8841806779559216,0.2153385162544631,0.4103003412471688,0.2,1.1978521272201448,away:2.0-3.0,away:sportsbook,sportsbook:2.0-3.0,8.391303848574264,6.291489987792941,0.4390396116802681,True,9.577339569371636,8.231929492833089,0.4470546447452833,8.98432170897295,1.1860357207973724,6.291489987792941,0.4390396116802681,1.0,2.77,model_agreement_0.625_kelly,draw,20.831584366779232,True,0.4990978288590632,2.003615207635742,False,-2.77
2022-03,data\historical_csv\football-data\2122\I1.csv:293,data\historical_csv\football-data\2122\I1.csv,293,2022-03-20,I1,Empoli,Verona,home,0.3590874588218956,0.3513918061975577,3.058,3.1,7.455614335213134,0.0056956526243379,5,0.0,BW,3.0-4.0,sportsbook,0.3270111183780249,1.0980894490773567,0.0076956526243379,0.0158614635081503,1.1177611075068703,0.1289438030831665,0.4013739956645898,0.2,1.373446697187708,home:3.0-4.0,home:sportsbook,sportsbook:3.0-4.0,9.334964920704628,7.2351510599233055,0.3506708667754195,True,9.61835377835978,7.918946915883596,0.3529069552514179,9.476659349532204,0.28338885765515087,7.2351510599233055,0.3506708667754195,1.0,2.2,model_agreement_0.625_kelly,draw,10.6028866762631,True,0.3616837366784274,2.7648464627788853,False,-2.2
2022-03,data\historical_csv\football-data\2122\SP2.csv:356,data\historical_csv\football-data\2122\SP2.csv,356,2022-03-26,SP2,Eibar,Lugo,home,0.5854352586387034,0.5744339290115107,1.784,1.8,2.479012935653513,0.0090013296271926,5,0.0,WH,1.5-2.0,sportsbook,0.5605381165919282,1.0444165014114468,0.0110013296271926,0.0153754484281031,0.5788580341578177,0.3427344420573655,0.3388839029422734,0.2,0.8968609865470878,home:1.5-2.0,home:sportsbook,sportsbook:1.5-2.0,6.049120884658845,3.9493070238775214,0.5826754878020041,True,5.548868632239734,4.557455341638828,0.5860843909284688,5.79899475844929,0.5002522524191111,3.9493070238775214,0.5826754878020041,1.0,3.15,model_agreement_0.625_kelly,home,3.270400975102916,True,0.5788699606227742,1.727503702082166,True,2.47
2022-03,data\historical_csv\football-data\2122\SP2.csv:355,data\historical_csv\football-data\2122\SP2.csv,355,2022-03-26,SP2,Ibiza,Sociedad B,home,0.5433938829374321,0.5374648394779583,1.8918,1.91,1.6775983324401444,0.0039290434594737,5,0.0,WH,1.5-2.0,sportsbook,0.528597103287874,1.027992547741034,0.0059290434594737,0.0072305625492773,0.637528756796933,0.2952769120138196,0.3464292266401592,0.2,0.9620467279839228,home:1.5-2.0,home:sportsbook,sportsbook:1.5-2.0,4.851818197642368,2.752004336861045,0.5431441184948782,True,4.340574258620777,3.2892538196304333,0.5459840036982262,4.596196228131573,0.5112439390215906,2.752004336861045,0.5431441184948782,1.0,1.93,model_agreement_0.625_kelly,draw,-3.1481687807559,False,0.5119559743061851,1.9532929591362296,False,-1.93
2022-03,data\historical_csv\football-data\2122\SP2.csv:363,data\historical_csv\football-data\2122\SP2.csv,363,2022-03-27,SP2,Almeria,Girona,away,0.2628433765751904,0.2551031311881025,4.675,4.75,19.26071383043793,0.0057402453870878,5,0.0,WH,4.0-5.0,sportsbook,0.213903743315508,1.228792785489015,0.0077402453870878,0.0218390338074422,1.5422291627406504,0.0690866406094473,0.4053647205874814,0.2,1.6042780748663166,away:4.0-5.0,away:sportsbook,sportsbook:4.0-5.0,19.315391738238507,17.215577877457186,0.2507285088287854,True,21.014582340141864,18.41656825182394,0.2532974721964148,20.164987039190187,1.6991906019033571,17.215577877457186,0.2507285088287854,1.0,2.93,model_agreement_0.625_kelly,away,36.08031776088247,True,0.2910808936061657,3.435471107743012,True,10.77
2022-03,data\historical_csv\football-data\2122\SP2.csv:362,data\historical_csv\football-data\2122\SP2.csv,362,2022-03-27,SP2,Malaga,Huesca,away,0.3248471922735175,0.3202506123306678,3.548,3.6,13.624917254920945,0.0025965799428497,5,0.0,WH,3.0-4.0,sportsbook,0.2818489289740699,1.1525578381864403,0.0045965799428497,0.007993234987432,1.266384064447333,0.1055256983279876,0.4113813076756414,0.2,1.4656144306651742,away:3.0-4.0,away:sportsbook,sportsbook:3.0-4.0,12.492394967650128,10.392581106868803,0.3111403075165411,True,13.53699992720847,11.565287844780237,0.3144455688973512,13.014697447429299,1.0446049595583418,10.392581106868803,0.3111403075165411,1.0,2.55,model_agreement_0.625_kelly,away,7.96445855417689,True,0.3042966701076011,3.286266654335698,True,6.5
2022-03,data\historical_csv\football-data\2122\SP2.csv:359,data\historical_csv\football-data\2122\SP2.csv,359,2022-03-27,SP2,Mirandes,Ponferradina,home,0.43005259638776,0.4143289447340609,2.519,2.55,4.369461178509937,0.0137236516536991,5,0.0,WH,2.0-3.0,sportsbook,0.3969829297340214,1.0833024903007675,0.0157236516536991,0.0319115656293472,0.9238619973704733,0.1849452356598536,0.3973092506731539,0.2,1.2306470821754625,home:2.0-3.0,home:sportsbook,sportsbook:2.0-3.0,7.301888583803694,5.202074723022371,0.4176342783764286,True,7.475379200106613,6.075508079577663,0.421101659704556,7.388633891955154,0.17349061630291907,5.202074723022371,0.4176342783764286,1.0,2.14,model_agreement_0.625_kelly,home,14.202491532963668,True,0.4533643967168069,2.2057312114533945,True,3.25
2022-03,data\historical_csv\football-data\2122\SP2.csv:364,data\historical_csv\football-data\2122\SP2.csv,364,2022-03-28,SP2,Las Palmas,Leganes,home,0.4592355315878979,0.445238213120961,2.274,2.3,1.2471696637065488,0.0119973184669368,5,0.0,WH,2.0-3.0,sportsbook,0.4397537379067722,1.04430159883088,0.0139973184669368,0.0261245431629685,0.8215403953283443,0.2108972734728192,0.377280540169544,0.2,1.1433597185575906,home:2.0-3.0,home:sportsbook,sportsbook:2.0-3.0,4.320513883393542,2.2207000226122195,0.4495193492639059,True,4.137604363198344,2.873885852645408,0.4523917583669543,4.229059123295944,0.18290952019519846,2.2207000226122195,0.4495193492639059,1.0,1.09,model_agreement_0.625_kelly,home,4.29248026053024,True,0.4586300803013643,2.1804064821542086,True,1.39
2022-04,data\historical_csv\football-data\2122\SP2.csv:380,data\historical_csv\football-data\2122\SP2.csv,380,2022-04-09,SP2,Las Palmas,Amorebieta,home,0.5975611521825509,0.5765138277172466,1.7644,1.78,1.7200997624309933,0.0190473244653043,5,0.0,WH,1.5-2.0,sportsbook,0.5667649059170257,1.0543368969108928,0.0210473244653043,0.0318751049925774,0.5678106892486476,0.3570793305977378,0.3393016096889902,0.2,0.8841532532305685,home:1.5-2.0,home:sportsbook,sportsbook:1.5-2.0,5.854488352182807,3.681585591089001,0.587630841028616,True,5.577293939142547,3.568500752189752,0.5869899158478222,5.7158911456626775,0.2771944130402604,3.568500752189752,0.5869899158478222,1.0,2.92,model_agreement_0.625_kelly,home,3.473098868361957,True,0.5864492114507026,1.705177499559245,True,2.23
2022-04,data\historical_csv\football-data\2122\I2.csv:337,data\historical_csv\football-data\2122\I2.csv,337,2022-04-10,I2,Cosenza,Monza,away,0.5349767258899889,0.5210737378292015,2.372,2.4,23.598690613086596,0.0119029880607874,5,0.0,WH,2.0-3.0,sportsbook,0.4215851602023609,1.2689647938110535,0.0139029880607873,0.0222495437366655,0.863733481135479,0.2862000972439723,0.462077309779421,0.2,1.180438448566612,away:2.0-3.0,away:sportsbook,sportsbook:2.0-3.0,25.56421304964339,23.391310288549583,0.520199453155774,True,25.752894397887616,23.052340419508567,0.5187704064903397,25.6585537237655,0.1886813482442271,23.052340419508567,0.5187704064903397,1.0,10.5,model_agreement_0.625_kelly,away,32.36581526930393,True,0.5580346343562561,1.792003467945303,True,14.41
2022-04,data\historical_csv\football-data\2122\I2.csv:339,data\historical_csv\football-data\2122\I2.csv,339,2022-04-10,I2,Perugia,Pisa,home,0.3579563597658329,0.3489457540778616,3.058,3.1,6.707611597010077,0.0070106056879712,5,0.0,WH,3.0-4.0,sportsbook,0.3270111183780249,1.094630548163917,0.0090106056879712,0.0195850848761493,1.1177611075068703,0.1281327554968064,0.4001096971309851,0.2,1.373446697187708,home:3.0-4.0,home:sportsbook,sportsbook:3.0-4.0,9.860365959304644,7.687463198210837,0.3521499777573932,True,9.915828617140466,6.434254390376926,0.3480518456192836,9.888097288222555,0.055462657835821716,6.434254390376926,0.3480518456192836,1.0,1.95,model_agreement_0.625_kelly,draw,16.38110930800387,True,0.3805791671288551,2.627574198409614,False,-1.95
2022-04,data\historical_csv\football-data\2122\I2.csv:338,data\historical_csv\football-data\2122\I2.csv,338,2022-04-10,I2,Crotone,Ternana,home,0.3838945520637903,0.3748577965368875,2.8424,2.88,6.549580087644902,0.0070367555269027,5,0.0,WH,2.0-3.0,sportsbook,0.3518153672952435,1.0911818747861175,0.0090367555269028,0.0183299176533599,1.04464876572468,0.1473750271042582,0.4010349699818675,0.2,1.3228257810301347,home:2.0-3.0,home:sportsbook,sportsbook:2.0-3.0,9.590716489148752,7.417813728054945,0.377912375907877,True,9.515056841947334,6.278946121818918,0.3739056646559912,9.552886665548044,0.07565964720141771,6.278946121818918,0.3739056646559912,1.0,2.13,model_agreement_0.625_kelly,away,22.94607911982307,True,0.4325431998305062,2.311907805721727,False,-2.13
2022-04,data\historical_csv\football-data\2122\I2.csv:336,data\historical_csv\football-data\2122\I2.csv,336,2022-04-10,I2,Ascoli,Reggina,home,0.4596956825843141,0.4471964030731303,2.274,2.3,1.6924620588298245,0.0104992795111837,5,0.0,WH,2.0-3.0,sportsbook,0.4397537379067722,1.0453479821967302,0.0124992795111837,0.0228396304532577,0.8215403953283443,0.2113201205866584,0.3776585728010505,0.2,1.1433597185575906,home:2.0-3.0,home:sportsbook,sportsbook:2.0-3.0,5.212071233866389,3.0391684727725825,0.4531185948670738,True,4.709039323287945,2.1200596661066884,0.4490767795343302,4.960555278577167,0.5030319105784447,2.1200596661066884,0.4490767795343302,1.0,1.04,model_agreement_0.625_kelly,home,24.440500826705257,True,0.5472317538553442,1.8273793378304963,True,1.32
2022-04,data\historical_csv\football-data\2122\F2.csv:326,data\historical_csv\football-data\2122\F2.csv,326,2022-04-16,F2,Dijon,Ajaccio,away,0.3730242360379346,0.3668072954618717,3.156,3.2,15.764382447766724,0.0042169405760629,5,0.0,VC,3.0-4.0,sportsbook,0.3168567807351077,1.1772644889357218,0.0062169405760629,0.0113047361770726,1.1493054029836278,0.1391470806716848,0.4287187699222384,0.2,1.3941698352344822,away:3.0-4.0,away:sportsbook,sportsbook:3.0-4.0,13.810869972803966,11.637967211710158,0.3537324689851399,True,14.52900986387997,10.935861315918638,0.3515077988463835,14.169939918341967,0.7181398910760048,10.935861315918638,0.3515077988463835,1.0,3.17,model_agreement_0.625_kelly,away,26.303556182849206,True,0.4002013820749341,2.498741995380613,True,6.83
2022-04,data\historical_csv\football-data\2122\SP2.csv:409,data\historical_csv\football-data\2122\SP2.csv,409,2022-04-29,SP2,Las Palmas,Malaga,home,0.5890645570319245,0.5829845136878523,1.833,1.85,6.861061358983345,0.0040800433440721,5,0.0,WH,1.5-2.0,sportsbook,0.5455537370430987,1.0797553330395178,0.0060800433440721,0.0069263093414242,0.605953968857568,0.3469970523512174,0.3569460062468199,0.2,0.9274413529732684,home:1.5-2.0,home:sportsbook,sportsbook:1.5-2.0,10.77003081566692,8.597128054573112,0.5924556904232029,True,9.808050167193638,7.721154955402398,0.5876767864451848,10.28904049143028,0.9619806484732827,7.721154955402398,0.5876767864451848,1.0,5.79,model_agreement_0.625_kelly,home,0.7328970236230692,True,0.549552084144152,1.819663738619708,True,4.82
2022-04,data\historical_csv\football-data\2122\SP2.csv:410,data\historical_csv\football-data\2122\SP2.csv,410,2022-04-30,SP2,Oviedo,Mirandes,home,0.5605589059670222,0.5449196905116134,2.029,2.05,10.564205204806342,0.0136392154554087,5,0.0,WH,2.0-3.0,sportsbook,0.4928536224741252,1.137374020207088,0.0156392154554088,0.024331457961371,0.7075430608436777,0.3142262870589448,0.3966195641110902,0.2,1.0349926071956617,home:2.0-3.0,home:sportsbook,sportsbook:2.0-3.0,14.39835625836098,12.225453497267171,0.5531072128992961,True,13.850137138411611,11.540093284224806,0.5497293902623204,14.124246698386296,0.5482191199493691,11.540093284224806,0.5497293902623204,1.0,7.01,model_agreement_0.625_kelly,home,-7.305703356834536,False,0.4568471988327524,2.188915686809521,True,7.21
2022-04,data\historical_csv\football-data\2122\SP2.csv:412,data\historical_csv\football-data\2122\SP2.csv,412,2022-04-30,SP2,Burgos,Almeria,away,0.4712492436083678,0.4639550268583929,2.274,2.3,5.5033731075985415,0.0052942167499749,5,0.0,WH,2.0-3.0,sportsbook,0.4397537379067722,1.0716207799654285,0.0072942167499749,0.0112344302336423,0.8215403953283443,0.2220758496014588,0.3871502898922017,0.2,1.1433597185575906,away:2.0-3.0,away:sportsbook,sportsbook:2.0-3.0,7.203425294017988,5.030522532924181,0.4618756487815487,True,6.881160573091161,4.292180915909882,0.458628763922207,7.042292933554574,0.32226472092682723,4.292180915909882,0.458628763922207,1.0,2.11,model_agreement_0.625_kelly,away,11.378316675729996,True,0.4897903107991644,2.0416900415370693,True,2.69
2022-05,data\historical_csv\football-data\2122\SP2.csv:413,data\historical_csv\football-data\2122\SP2.csv,413,2022-05-01,SP2,Amorebieta,Fuenlabrada,home,0.4976514291514918,0.4874889311195417,2.176,2.2,6.077591411612282,0.00816249803195,5,0.0,WH,2.0-3.0,sportsbook,0.4595588235294117,1.0828895098336462,0.01016249803195,0.016402038764095,0.7774883289936962,0.2476569449365222,0.3869181780723181,0.2,1.1029411764705843,home:2.0-3.0,home:sportsbook,sportsbook:2.0-3.0,9.891595357453468,5.421000355137569,0.4844715089850072,True,8.783801114027634,6.262451091642407,0.4883384700902684,9.33769823574055,1.1077942434258343,5.421000355137569,0.4844715089850072,1.0,2.88,model_agreement_0.625_kelly,home,26.47855171342661,True,0.581243344271262,1.7204498079092108,True,3.39
2022-05,data\historical_csv\football-data\2122\SP2.csv:422,data\historical_csv\football-data\2122\SP2.csv,422,2022-05-07,SP2,Huesca,Sp Gijon,away,0.2965403624382208,0.2894111037891269,3.744,3.8,8.355517258649115,0.0051292586490938,5,0.0,WH,3.0-4.0,sportsbook,0.2670940170940171,1.1102471169686985,0.0071292586490938,0.0172969999999997,1.3201545586153456,0.0879361865549913,0.391479111286264,0.2,1.4957264957264904,away:3.0-4.0,away:sportsbook,sportsbook:3.0-4.0,10.459687297004107,5.989092294688212,0.2830905242913681,True,10.093831375091922,5.755626189517371,0.2824669502925143,10.276759336048015,0.3658559219121855,5.755626189517371,0.2824669502925143,1.0,1.31,model_agreement_0.625_kelly,draw,5.727236984403494,True,0.2823911244241546,3.5411877835720813,False,-1.31
2022-05,data\historical_csv\football-data\2122\SP2.csv:452,data\historical_csv\football-data\2122\SP2.csv,452,2022-05-21,SP2,Ponferradina,Leganes,home,0.6233498811187735,0.6195013967297761,1.7644,1.78,9.3048264390017,0.0018484843889974,5,0.0,WH,1.5-2.0,sportsbook,0.5667649059170257,1.099838530245964,0.0038484843889974,0.0029654042536749,0.5678106892486476,0.3885650742907891,0.3539447256411133,0.2,0.8841532532305685,home:1.5-2.0,home:sportsbook,sportsbook:1.5-2.0,13.728819614343992,9.258224612028094,0.6192372739289735,True,11.915563690225706,9.871138148177682,0.6227110527554846,12.82219165228485,1.8132559241182857,9.258224612028094,0.6192372739289735,1.0,7.57,model_agreement_0.625_kelly,away,-2.965467235921804,False,0.5499576783273532,1.8183217353040877,False,-7.57
2022-05,data\historical_csv\football-data\2122\SP2.csv:443,data\historical_csv\football-data\2122\SP2.csv,443,2022-05-21,SP2,Cartagena,Amorebieta,away,0.4102114589026323,0.3979339424616097,2.715,2.75,8.039065378327015,0.0102775164410225,5,0.0,WH,2.0-3.0,sportsbook,0.3683241252302026,1.1137241109206466,0.0122775164410225,0.0250541914858162,0.9987919533858988,0.1682734410150259,0.4097159043386393,0.2,1.2891344383057168,away:2.0-3.0,away:sportsbook,sportsbook:2.0-3.0,10.794574006907004,6.323979004591107,0.3916168655786045,True,10.20660057134788,7.060706586616328,0.3943304110004285,10.500587289127441,0.5879734355591246,6.323979004591107,0.3916168655786045,1.0,2.3,model_agreement_0.625_kelly,home,-6.614842623350126,False,0.3439600640023936,2.9073142630681708,False,-2.3
2022-05,data\historical_csv\football-data\2122\SP2.csv:448,data\historical_csv\football-data\2122\SP2.csv,448,2022-05-21,SP2,Eibar,Tenerife,home,0.5038581329409396,0.4934907487140482,2.127,2.15,4.965482251478059,0.0083673842268913,5,0.0,WH,2.0-3.0,sportsbook,0.4701457451810061,1.0717062487653786,0.0103673842268913,0.0166066273021183,0.7547125362181001,0.2538730181307296,0.3802680494059732,0.2,1.0813352139163124,home:2.0-3.0,home:sportsbook,sportsbook:2.0-3.0,8.799201964687699,4.3286069623718015,0.490496506640206,True,7.663838021493885,5.19926472295833,0.4945898670566918,8.231519993090792,1.1353639431938136,4.3286069623718015,0.490496506640206,1.0,2.4,model_agreement_0.625_kelly,home,0.3090589544183952,True,0.4715987727053051,2.120446570001752,True,2.7
2022-10,data\historical_csv\football-data\2223\I2.csv:72,data\historical_csv\football-data\2223\I2.csv,72,2022-10-07,I2,Genoa,Cagliari,home,0.5392195506503745,0.5291989829196576,1.8918,1.91,0.1138635887408145,0.0080205677307168,5,0.0,WH,1.5-2.0,sportsbook,0.528597103287874,1.0200955459203784,0.0100205677307169,0.0148744008280912,0.637528756796933,0.2907577238035918,0.3437679697667341,0.2,0.9620467279839228,home:1.5-2.0,home:sportsbook,sportsbook:1.5-2.0,2.521279017784068,2.521279017784068,0.5419245111416856,True,2.1113559543420424,2.1113559543420424,0.5397576697026221,2.3163174860630553,0.40992306344202545,2.1113559543420424,0.5397576697026221,1.0,1.48,model_agreement_0.625_kelly,draw,4.215892161043455,True,0.5508821871288903,1.8152701673144305,False,-1.48
2022-10,data\historical_csv\football-data\2223\SP2.csv:93,data\historical_csv\football-data\2223\SP2.csv,93,2022-10-08,SP2,Las Palmas,Ibiza,draw,0.257105935562417,0.252704318969331,3.94,4.0,-0.4344983260835877,0.002401616593086,4,0.0,B365,3.0-4.0,sportsbook,0.2538071065989847,1.012997386115923,0.004401616593086,0.0093409612960996,1.3711807233098423,0.0661034621014257,0.3525387026917287,0.25,1.522842639593902,draw:3.0-4.0,draw:sportsbook,sportsbook:3.0-4.0,3.164422212863621,3.164422212863621,0.2618386350580295,True,3.235692484072694,3.235692484072694,0.2620195240712505,3.2000573484681576,0.07127027120907314,3.164422212863621,0.2618386350580295,0.5,0.34,model_agreement_0.625_kelly,draw,-3.606123324477484,False,0.2446545093287373,4.087396560740763,True,1.0
2022-10,data\historical_csv\football-data\2223\I2.csv:82,data\historical_csv\football-data\2223\I2.csv,82,2022-10-14,I2,Venezia,Frosinone,home,0.343865160521059,0.3411624678312342,2.96,3.0,0.9840904780453296,0.0007026926898248,5,0.0,WH,2.0-3.0,sportsbook,0.3378378378378378,1.017840875142335,0.0027026926898248,0.0020435123138384,1.085189268335969,0.1182432486201737,0.3731587819520786,0.2,1.3513513513513598,home:2.0-3.0,home:sportsbook,sportsbook:2.0-3.0,2.390906399864931,2.390906399864931,0.345915224323868,True,2.5832867033148688,2.5832867033148688,0.3465651577814692,2.4870965515899,0.19238030344993762,2.390906399864931,0.345915224323868,1.0,0.76,model_agreement_0.625_kelly,away,10.83706197221086,True,0.3744495336899016,2.6705868482350543,False,-0.76
2022-10,data\historical_csv\football-data\2223\B1.csv:113,data\historical_csv\football-data\2223\B1.csv,113,2022-10-18,B1,Seraing,Cercle Brugge,away,0.4912235605170387,0.4863664058601483,2.47,2.5,20.132502247456618,0.0028571546568904,5,0.0,IW,2.0-3.0,sportsbook,0.4048582995951417,1.2133221944770856,0.0048571546568904,0.0058164039483023,0.9042181506398858,0.2413005864070368,0.4441732594414568,0.2,1.2145748987854257,away:2.0-3.0,away:sportsbook,sportsbook:2.0-3.0,22.02632075675835,22.02632075675835,0.4940336872743253,True,20.73903450525505,20.73903450525505,0.488822002045567,21.3826776310067,1.2872862515033,20.73903450525505,0.488822002045567,1.0,8.82,model_agreement_0.625_kelly,away,18.18359930360509,True,0.4784761105409113,2.089968502020952,True,12.97
2022-10,data\historical_csv\football-data\2223\B1.csv:116,data\historical_csv\football-data\2223\B1.csv,116,2022-10-19,B1,Mechelen,Standard,draw,0.2744976098153741,0.2654818008780744,3.8224,3.88,1.477763567635182,0.0070158089372996,5,0.0,PS,3.0-4.0,sportsbook,0.2616157388028464,1.049239663758286,0.0090158089372996,0.0255587250541761,1.340878497589408,0.0753489377943533,0.3680679426411224,0.2,1.506906655504392,draw:3.0-4.0,draw:sportsbook,sportsbook:3.0-4.0,3.8162004163947016,3.8162004163947016,0.2715995197163947,True,3.915162094186497,3.915162094186497,0.2718584190408813,3.8656812552905992,0.09896167779179521,3.8162004163947016,0.2715995197163947,1.0,0.85,model_agreement_0.625_kelly,home,3.2245141291396218,True,0.2700515752645971,3.702996359196193,False,-0.85
2022-10,data\historical_csv\football-data\2223\SP1.csv:95,data\historical_csv\football-data\2223\SP1.csv,95,2022-10-19,SP1,Cadiz,Betis,home,0.261373581783174,0.2588471928183051,3.94,4.0,1.9857939704122085,0.0005263889648688,5,0.0,B365,3.0-4.0,sportsbook,0.2538071065989847,1.0298119122257057,0.0025263889648688,0.0020139333182707,1.3711807233098423,0.0683161492541655,0.3583904169235368,0.2,1.522842639593902,home:3.0-4.0,home:sportsbook,sportsbook:3.0-4.0,2.9613627995443355,2.9613627995443355,0.2613232558364069,True,2.8316470829756524,2.8316470829756524,0.2609940281293798,2.8965049412599937,0.12971571656868308,2.8316470829756524,0.2609940281293798,1.0,0.6,model_agreement_0.625_kelly,draw,7.287956045724475,True,0.2723044569688438,3.6723600161800394,False,-0.6
2022-10,data\historical_csv\football-data\2223\T1.csv:92,data\historical_csv\football-data\2223\T1.csv,92,2022-10-21,T1,Antalyaspor,Istanbulspor,home,0.5424024404823852,0.5382719030360479,2.0780000000000003,2.1,11.852901450890773,0.0021305374463372,5,0.0,VC,2.0-3.0,sportsbook,0.4812319538017324,1.1271122713223964,0.0041305374463372,0.0039279643440439,0.7314058926770358,0.2942004074412473,0.3967163411712217,0.2,1.0587102983637964,home:2.0-3.0,home:sportsbook,sportsbook:2.0-3.0,13.2444854486081,13.2444854486081,0.5449686498970553,True,11.371658616849343,11.371658616849343,0.5359560087432595,12.30807203272872,1.872826831758756,11.371658616849343,0.5359560087432595,1.0,6.59,model_agreement_0.625_kelly,home,13.01538114565053,True,0.5438661267836887,1.838687777659168,True,7.1
2022-10,data\historical_csv\football-data\2223\I2.csv:95,data\historical_csv\football-data\2223\I2.csv,95,2022-10-22,I2,Reggina,Perugia,home,0.4866725528081893,0.4751981248524113,2.0780000000000003,2.1,-1.2538296556689033,0.0094744279557779,5,0.0,WH,2.0-3.0,sportsbook,0.4812319538017324,1.0113055647354177,0.0114744279557779,0.0194677671898873,0.7314058926770358,0.2368501736568398,0.3559551729280856,0.2,1.0587102983637964,home:2.0-3.0,home:sportsbook,sportsbook:2.0-3.0,1.421712503761048,1.421712503761048,0.4880736886610251,True,1.2641126115238157,1.2641126115238157,0.4873152676204225,1.342912557642432,0.15759989223723236,1.2641126115238157,0.4873152676204225,1.0,0.73,model_agreement_0.625_kelly,away,2.3818444830446817,True,0.492694150544007,2.029656733078427,False,-0.73
2022-10,data\historical_csv\football-data\2223\P1.csv:100,data\historical_csv\football-data\2223\P1.csv,100,2022-10-31,P1,Guimaraes,Famalicao,draw,0.2945858409566534,0.288593973582527,3.548,3.6,2.3931418270805915,0.0039918673741263,5,0.0,B365,3.0-4.0,sportsbook,0.2818489289740699,1.0451905637142065,0.0059918673741263,0.0135507781404665,1.266384064447333,0.0867808176921387,0.3730588145993223,0.2,1.4656144306651742,draw:3.0-4.0,draw:sportsbook,sportsbook:3.0-4.0,5.292322268693386,5.292322268693386,0.2967652826062384,True,5.238388194336241,5.238388194336241,0.2966132699953107,5.265355231514814,0.053934074357145256,5.238388194336241,0.2966132699953107,1.0,1.28,model_agreement_0.625_kelly,home,7.381883213932028,True,0.3026546877506539,3.3040955269256003,False,-1.28
2022-11,data\historical_csv\football-data\2223\G1.csv:77,data\historical_csv\football-data\2223\G1.csv,77,2022-11-06,G1,Panathinaikos,Olympiakos,home,0.4259662630646156,0.4170147100713783,2.4210000000000003,2.45,0.9592613082807012,0.0069515529932373,5,0.0,IW,2.0-3.0,sportsbook,0.413052457662123,1.0312643228794347,0.0089515529932373,0.0163194919316482,0.8841806779559216,0.1814472572692333,0.3766311392628223,0.2,1.1978521272201448,home:2.0-3.0,home:sportsbook,sportsbook:2.0-3.0,2.3446736516834656,2.3446736516834656,0.4227371898045579,True,2.781897998312788,1.4402535513354795,0.4190014603524802,2.5632858249981267,0.4372243466293222,1.4402535513354795,0.4190014603524802,1.0,0.63,model_agreement_0.625_kelly,draw,3.266293038382217,True,0.4265439613316076,2.3444242344403303,False,-0.63
2022-11,data\historical_csv\football-data\2223\I2.csv:122,data\historical_csv\football-data\2223\I2.csv,122,2022-11-11,I2,Ascoli,Frosinone,home,0.3092074609008986,0.3011984754290649,3.352,3.4,0.9617289638225834,0.0060089854718336,5,0.0,WH,3.0-4.0,sportsbook,0.2983293556085919,1.036463408939812,0.0080089854718336,0.0194335073750356,1.2095571826198366,0.0956092538767807,0.3740041052523242,0.2,1.4319809069212486,home:3.0-4.0,home:sportsbook,sportsbook:3.0-4.0,6.007801908267904,6.007801908267904,0.3162523923277682,True,6.023206186781982,4.165629901665113,0.3107566524512682,6.015504047524943,0.015404278514077774,4.165629901665113,0.3107566524512682,1.0,1.11,model_agreement_0.625_kelly,away,-3.7276031470902415,False,0.287208821160232,3.481787209600036,False,-1.11
2023-02,data\historical_csv\football-data\2223\I2.csv:238,data\historical_csv\football-data\2223\I2.csv,238,2023-02-11,I2,Venezia,Spal,draw,0.2826637054568087,0.2712245542535578,3.646,3.7,-1.111527519152811,0.0094391512032509,5,0.0,B365,3.0-4.0,sportsbook,0.274273176083379,1.0305918700955246,0.0114391512032508,0.033393573426756,1.293630676256471,0.0798987703825735,0.3656624404432515,0.2,1.4810751508502529,draw:3.0-4.0,draw:sportsbook,sportsbook:3.0-4.0,3.4752731944954505,3.4752731944954505,0.283804918251496,True,3.584515344019024,3.584515344019024,0.2841045401646161,3.5298942692572375,0.10924214952357358,3.4752731944954505,0.283804918251496,1.0,0.82,model_agreement_0.625_kelly,home,6.528928654287469,True,0.2921802760677111,3.422544510733009,False,-0.82
2023-02,data\historical_csv\football-data\2223\I2.csv:242,data\historical_csv\football-data\2223\I2.csv,242,2023-02-17,I2,Pisa,Venezia,away,0.2839855673002867,0.2771865331353201,3.646,3.7,1.0622099811377297,0.0047990341649665,5,0.0,WH,3.0-4.0,sportsbook,0.274273176083379,1.0354113783768455,0.0067990341649665,0.0168988664127852,1.293630676256471,0.0806478024348656,0.3673724414737476,0.2,1.4810751508502529,away:3.0-4.0,away:sportsbook,sportsbook:3.0-4.0,3.1085772794227635,3.1085772794227635,0.2827991697186581,True,4.064918895615599,4.064918895615599,0.2854221582435973,3.5867480875191813,0.9563416161928355,3.1085772794227635,0.2827991697186581,1.0,0.73,model_agreement_0.625_kelly,draw,-0.752318601732227,False,0.272209767960142,3.6736374579564086,False,-0.73
2023-02,data\historical_csv\football-data\2223\B1.csv:234,data\historical_csv\football-data\2223\B1.csv,234,2023-02-19,B1,Kortrijk,Anderlecht,home,0.2605710148794662,0.2555716900790206,3.94,4.0,0.6952458911340997,0.0029993248004456,4,0.0,B365,3.0-4.0,sportsbook,0.2538071065989847,1.0266497986250969,0.0049993248004456,0.0115105849429685,1.3711807233098423,0.067897253795315,0.3572899526560062,0.25,1.522842639593902,home:3.0-4.0,home:sportsbook,sportsbook:3.0-4.0,3.953356194723496,3.953356194723496,0.2638410055703642,True,3.824928763384361,3.824928763384361,0.2635150476228029,3.8891424790539286,0.12842743133913492,3.824928763384361,0.2635150476228029,0.5,0.41,model_agreement_0.625_kelly,draw,-2.250016112245645,False,0.2480964058064831,4.030691201467895,False,-0.41
2023-02,data\historical_csv\football-data\2223\F2.csv:240,data\historical_csv\football-data\2223\F2.csv,240,2023-02-20,F2,Nimes,St Etienne,home,0.2742936179339074,0.267481730242012,3.842,3.9,2.766480758981027,0.0048118876918953,4,0.0,PS,3.0-4.0,sportsbook,0.2602811035918792,1.0538360801020723,0.0068118876918953,0.0175428350398397,1.345993064346365,0.0752369888392723,0.3691973073335111,0.25,1.5096304008328951,home:3.0-4.0,home:sportsbook,sportsbook:3.0-4.0,4.296855675760486,4.296855675760486,0.2714650069644989,True,4.3282140435621175,4.3282140435621175,0.2715466268702814,4.312534859661302,0.031358367801631815,4.296855675760486,0.2714650069644989,0.5,0.47,model_agreement_0.625_kelly,away,0.3250374560667346,True,0.2611271146696167,3.829552519910543,False,-0.47
2023-02,data\historical_csv\football-data\2223\E3.csv:373,data\historical_csv\football-data\2223\E3.csv,373,2023-02-21,E3,Grimsby,Harrogate,home,0.5385975187269482,0.5244919841641833,1.931,1.95,1.2794021421038029,0.0121055345627648,5,0.0,IW,1.5-2.0,sportsbook,0.5178663904712584,1.0400318086617368,0.0141055345627648,0.0224760310656053,0.6580380034463774,0.2900872871788252,0.3544176358842538,0.2,0.9839461418953864,home:1.5-2.0,home:sportsbook,sportsbook:1.5-2.0,1.294799626359758,1.294799626359758,0.5245717225601231,True,1.595741694249031,1.595741694249031,0.5261302003845107,1.4452706603043945,0.3009420678892729,1.294799626359758,0.5245717225601231,1.0,0.87,model_agreement_0.625_kelly,draw,2.436911214306847,True,0.5304863346157785,1.8850626957700645,False,-0.87
2023-02,data\historical_csv\football-data\2223\F2.csv:250,data\historical_csv\football-data\2223\F2.csv,250,2023-02-27,F2,Amiens,Bordeaux,draw,0.3014033106072671,0.2862114530580802,3.45,3.5,-1.257048694962326,0.0131918575491869,4,0.0,B365,3.0-4.0,sportsbook,0.2898550724637681,1.0398414215950715,0.0151918575491868,0.0437681242538708,1.2383742310432684,0.0908439556450207,0.3732500930071697,0.25,1.4492753623188248,draw:3.0-4.0,draw:sportsbook,sportsbook:3.0-4.0,5.369563364723336,5.369563364723336,0.3054190242455749,True,5.263930691412333,5.263930691412333,0.3051128425838038,5.316747028067835,0.10563267331100334,5.263930691412333,0.3051128425838038,0.5,0.67,model_agreement_0.625_kelly,away,-1.1099887166424738,False,0.2866377138648044,3.4887244477244894,False,-0.67
2023-02,data\historical_csv\football-data\2223\I2.csv:264,data\historical_csv\football-data\2223\I2.csv,264,2023-02-28,I2,Parma,Pisa,away,0.2583405049347829,0.2461392104223662,4.038,4.1,-0.6089868314484881,0.0102012945124166,4,0.0,VC,4.0-5.0,sportsbook,0.2476473501733531,1.0431789589266534,0.0122012945124166,0.0394877857616322,1.3957495198906458,0.0667398164899585,0.3605786357310302,0.25,1.535413571074784,away:4.0-5.0,away:sportsbook,sportsbook:4.0-5.0,4.20121421536238,4.20121421536238,0.2580515458528042,True,4.0867233622512655,4.0867233622512655,0.2577680122888837,4.143968788806823,0.11449085311111418,4.0867233622512655,0.2577680122888837,0.5,0.42,model_agreement_0.625_kelly,away,-1.4934877390365808,False,0.2439487673624651,4.099221368535038,True,1.28
2023-03,data\historical_csv\football-data\2223\SP2.csv:362,data\historical_csv\football-data\2223\SP2.csv,362,2023-03-26,SP2,Villarreal B,Huesca,away,0.310317453747539,0.3020586956541224,3.548,3.6,7.170425218082643,0.0062587580934166,5,0.0,WH,3.0-4.0,sportsbook,0.2818489289740699,1.1010063258962686,0.0082587580934166,0.0201688884006778,1.266384064447333,0.096296922100356,0.3929810783457557,0.2,1.4656144306651742,away:3.0-4.0,away:sportsbook,sportsbook:3.0-4.0,6.207353403474278,6.207353403474278,0.2993442880593976,True,7.623089401979488,7.623089401979488,0.3033345248082849,6.915221402726884,1.4157359985052098,6.207353403474278,0.2993442880593976,1.0,1.52,model_agreement_0.625_kelly,draw,-23.44641631172804,False,0.2157654557166628,4.634662192233275,False,-1.52
2023-03,data\historical_csv\football-data\2223\SP2.csv:359,data\historical_csv\football-data\2223\SP2.csv,359,2023-03-26,SP2,Ponferradina,Mirandes,home,0.4543732165755941,0.4424389789951854,2.372,2.4,4.946525817657976,0.0099342375804087,5,0.0,WH,2.0-3.0,sportsbook,0.4215851602023609,1.0777732697173092,0.0119342375804087,0.0218636073122411,0.863733481135479,0.2064550199412518,0.3924573600875629,0.2,1.180438448566612,home:2.0-3.0,home:sportsbook,sportsbook:2.0-3.0,3.8010458558107807,3.8010458558107807,0.437609805462946,True,5.019330506233577,5.019330506233577,0.4427459127581516,4.410188181022178,1.2182846504227962,3.8010458558107807,0.437609805462946,1.0,1.73,model_agreement_0.625_kelly,draw,-2.806437466693812,False,0.4097536363124207,2.440490849573669,False,-1.73
2023-03,data\historical_csv\football-data\2223\B1.csv:272,data\historical_csv\football-data\2223\B1.csv,272,2023-03-31,B1,Waregem,Antwerp,away,0.5538805028105109,0.5375492535187537,1.931,1.95,3.800760854471341,0.0143312492917571,5,0.0,WH,1.5-2.0,sportsbook,0.5178663904712584,1.0695432509270966,0.0163312492917572,0.0258742620818701,0.6580380034463774,0.3067836113936244,0.3644744202173042,0.2,0.9839461418953864,away:1.5-2.0,away:sportsbook,sportsbook:1.5-2.0,3.83316267288166,3.83316267288166,0.5377170516462022,True,4.781968753715904,4.781968753715904,0.5426305994495904,4.307565713298782,0.948806080834244,3.83316267288166,0.5377170516462022,1.0,2.57,model_agreement_0.625_kelly,away,0.5811368119873261,True,0.520875902703197,1.91984308510009,True,2.39
2023-04,data\historical_csv\football-data\2223\G1.csv:194,data\historical_csv\football-data\2223\G1.csv,194,2023-04-01,G1,Ionikos,Asteras Tripolis,home,0.4278544220533012,0.4056121304732898,2.617,2.65,6.148694544859934,0.0202422915800114,5,0.0,IW,2.0-3.0,sportsbook,0.3821169277799006,1.1196950225134894,0.0222422915800114,0.0473111659869432,0.9620286235480088,0.1830594064705644,0.4116082007268662,0.2,1.260985861673669,home:2.0-3.0,home:sportsbook,sportsbook:2.0-3.0,6.205390968078103,6.205390968078103,0.4058287771038521,True,7.647905440191205,7.647905440191205,0.4113408690874712,6.926648204134654,1.4425144721131016,6.205390968078103,0.4058287771038521,1.0,2.4,model_agreement_0.625_kelly,home,19.66431697101456,True,0.4572576116584431,2.186951019520629,True,3.88
2023-04,data\historical_csv\football-data\2223\B1.csv:293,data\historical_csv\football-data\2223\B1.csv,293,2023-04-15,B1,Oostende,Oud-Heverlee Leuven,draw,0.2588141309145537,0.2487115567579561,4.1458,4.21,3.1108372007134344,0.0081025741565976,4,0.0,PS,4.0-5.0,sportsbook,0.2412079695113126,1.0729916239455568,0.0101025741565976,0.0313065369652194,1.4220957735832738,0.0669847543610557,0.368058481717215,0.25,1.5485551642626438,draw:4.0-5.0,draw:sportsbook,sportsbook:4.0-5.0,4.847759776542869,4.847759776542869,0.2529011524350978,True,5.019227170131013,5.019227170131013,0.2533147454535458,4.9334934733369415,0.1714673935881441,4.847759776542869,0.2529011524350978,0.5,0.48,model_agreement_0.625_kelly,away,4.851784691735039,True,0.2529108608513075,3.953962264150944,False,-0.48
2023-04,data\historical_csv\football-data\2223\T1.csv:263,data\historical_csv\football-data\2223\T1.csv,263,2023-04-18,T1,Alanyaspor,Galatasaray,away,0.6334581322664995,0.6222876508227329,1.8036,1.82,12.2358007023881,0.0091704814437666,5,0.0,BW,1.5-2.0,sportsbook,0.5544466622310933,1.1425050873558589,0.0111704814437666,0.0144768548648272,0.5897846675647921,0.4012692053345619,0.3736038939550115,0.2,0.9092925260590023,away:1.5-2.0,away:sportsbook,sportsbook:1.5-2.0,12.146669845582313,12.146669845582313,0.6217934677621552,True,10.567103235451224,10.567103235451224,0.6130356134145666,11.356886540516768,1.5795666101310886,10.567103235451224,0.6130356134145666,1.0,8.22,model_agreement_0.625_kelly,away,19.832952021326776,True,0.6644098027352338,1.5050951925802611,True,6.61
2023-04,data\historical_csv\football-data\2223\N1.csv:263,data\historical_csv\football-data\2223\N1.csv,263,2023-04-21,N1,Volendam,Cambuur,home,0.5574158469416841,0.5513886469346645,1.882,1.9,3.771343353103851,0.0040272000070196,5,0.0,IW,1.5-2.0,sportsbook,0.5313496280552604,1.0490566239442494,0.0060272000070196,0.0072247677010176,0.6323350411631878,0.310712426421715,0.352473572520883,0.2,0.9564293304994642,home:1.5-2.0,home:sportsbook,sportsbook:1.5-2.0,2.2871976526134907,2.2871976526134907,0.5435026442753108,True,2.4971065571937734,2.4971065571937734,0.544617994459053,2.392152104903632,0.20990890458028266,2.2871976526134907,0.5435026442753108,1.0,1.62,model_agreement_0.625_kelly,home,2.344849032548524,True,0.5438089746681644,1.8388810162800389,True,1.43
2023-04,data\historical_csv\football-data\2223\E2.csv:525,data\historical_csv\football-data\2223\E2.csv,525,2023-04-25,E2,Lincoln,Burton,home,0.4610379126664662,0.44217558656864,2.274,2.3,0.550728385708732,0.0168623260978262,5,0.0,BW,2.0-3.0,sportsbook,0.4397537379067722,1.0484002134035444,0.0188623260978262,0.0365747059722291,0.8215403953283443,0.2125559569158521,0.3787612690333634,0.2,1.1433597185575906,home:2.0-3.0,home:sportsbook,sportsbook:2.0-3.0,2.241904076267185,2.241904076267185,0.4496125948824414,True,2.069528046543456,2.069528046543456,0.4488545648484761,2.1557160614053203,0.17237602972372912,2.069528046543456,0.4488545648484761,1.0,1.02,model_agreement_0.625_kelly,away,-0.0275368721855406,False,0.4396326434820337,2.2746263609537145,False,-1.02
2023-04,data\historical_csv\football-data\2223\T1.csv:284,data\historical_csv\football-data\2223\T1.csv,284,2023-04-29,T1,Ankaragucu,Kasimpasa,home,0.4784654253883985,0.4654323897218781,2.274,2.3,5.839325422755093,0.0110330356665203,5,0.0,BW,2.0-3.0,sportsbook,0.4397537379067722,1.088030377333218,0.0130330356665203,0.0230592119745416,0.8215403953283443,0.2289291632921011,0.3930786747245293,0.2,1.1433597185575906,home:2.0-3.0,home:sportsbook,sportsbook:2.0-3.0,5.473254940372685,5.473254940372685,0.4638225810922282,True,5.274959843959914,5.274959843959914,0.4629505709936671,5.3741073921663,0.198295096412771,5.274959843959914,0.4629505709936671,1.0,2.59,model_agreement_0.625_kelly,draw,12.656742611228466,True,0.4954122366368886,2.018520993321665,False,-2.59
2023-04,data\historical_csv\football-data\2223\E1.csv:538,data\historical_csv\football-data\2223\E1.csv,538,2023-04-30,E1,Cardiff,Huddersfield,away,0.3024166189530927,0.2904843645597609,3.45,3.5,0.2171057731175096,0.0099322543933318,5,0.0,BW,3.0-4.0,sportsbook,0.2898550724637681,1.04333733538817,0.0119322543933318,0.032842951646359,1.2383742310432684,0.0914558114190201,0.3745049479507413,0.2,1.4492753623188248,away:3.0-4.0,away:sportsbook,sportsbook:3.0-4.0,2.4802863141413667,2.4802863141413667,0.2970443081569315,True,2.641811653285675,2.641811653285675,0.2975124975457555,2.561048983713521,0.16152533914430833,2.4802863141413667,0.2970443081569315,1.0,0.63,model_agreement_0.625_kelly,away,6.243916710973285,True,0.307953381770937,3.247244742854694,True,1.54
2023-05,data\historical_csv\football-data\2223\G1.csv:229,data\historical_csv\football-data\2223\G1.csv,229,2023-05-06,G1,Giannina,Asteras Tripolis,draw,0.4017102322417646,0.3846307730584543,2.715,2.75,4.427254885370346,0.0150794591833102,5,0.0,VC,2.0-3.0,sportsbook,0.3683241252302026,1.0906432805363908,0.0170794591833102,0.037538150569774,0.9987919533858988,0.1613711106877324,0.4012249475558551,0.2,1.2891344383057168,draw:2.0-3.0,draw:sportsbook,sportsbook:2.0-3.0,8.88053582823554,6.853129995521371,0.3935658563370953,True,7.348667506181039,5.972086968637758,0.3903207623154245,8.11460166720829,1.5318683220545015,5.972086968637758,0.3903207623154245,1.0,2.18,model_agreement_0.625_kelly,home,14.41608166826054,True,0.4214220319272948,2.372918177596665,False,-2.18
2023-05,data\historical_csv\football-data\2223\E3.csv:544,data\historical_csv\football-data\2223\E3.csv,544,2023-05-08,E3,Colchester,Mansfield,home,0.2735544269827748,0.2674604309537525,3.94,4.0,5.379409795778511,0.0040939960290222,5,0.0,B365,3.0-4.0,sportsbook,0.2538071065989847,1.077804442312133,0.0060939960290222,0.0149659286240689,1.3711807233098423,0.0748320245218742,0.3750925570548507,0.2,1.522842639593902,home:3.0-4.0,home:sportsbook,sportsbook:3.0-4.0,5.956042834800358,3.928637002086188,0.2637782665027568,True,6.1018609351048525,4.104171315244631,0.2642237850640727,6.028951884952605,0.1458181003044947,3.928637002086188,0.2637782665027568,1.0,0.84,model_agreement_0.625_kelly,away,-16.459804167551283,False,0.2120309538894637,4.716292511334554,False,-0.84
2023-05,data\historical_csv\football-data\2223\F2.csv:345,data\historical_csv\football-data\2223\F2.csv,345,2023-05-13,F2,Dijon,Amiens,home,0.4976985672323841,0.4902451714302382,2.274,2.3,11.481751983236176,0.0054533958021458,5,0.0,BW,2.0-3.0,sportsbook,0.4397537379067722,1.1317665418864415,0.0074533958021458,0.0109572262433287,0.8215403953283443,0.2477038638251679,0.4088794776784434,0.2,1.1433597185575906,home:2.0-3.0,home:sportsbook,sportsbook:2.0-3.0,9.825192633769255,7.797786801055086,0.4740447968384129,True,9.895215186239836,8.742233918330665,0.478198038339185,9.860203910004547,0.07002255247058109,7.797786801055086,0.4740447968384129,1.0,3.83,model_agreement_0.625_kelly,home,9.815775029653404,True,0.4829189755041926,2.0707407468425685,True,4.88
2023-12,data\historical_csv\football-data\2324\G1.csv:94,data\historical_csv\football-data\2324\G1.csv,94,2023-12-17,G1,Aris,OFI Crete,home,0.582356546595575,0.5714074666166875,2.0780000000000003,2.1,18.73847156294768,0.0089490799788874,5,0.0,VC,2.0-3.0,sportsbook,0.4812319538017324,1.2101369038256051,0.0109490799788875,0.0153670118953814,0.7314058926770358,0.3391391473627241,0.4259390098190523,0.2,1.0587102983637964,home:2.0-3.0,home:sportsbook,sportsbook:2.0-3.0,16.963317843890188,16.963317843890188,0.562864859691483,True,16.750598001411877,16.750598001411877,0.5618411838374007,16.856957922651034,0.212719842478311,16.750598001411877,0.5618411838374007,1.0,9.71,model_agreement_0.625_kelly,home,8.143470870196001,True,0.5204209377776515,1.921521459667419,True,10.47
2023-12,data\historical_csv\football-data\2324\G1.csv:96,data\historical_csv\football-data\2324\G1.csv,96,2023-12-17,G1,Lamia,Volos NFC,home,0.5007764890005578,0.4964795167947295,2.127,2.15,5.601193222238976,0.0022969722058282,5,0.0,VC,2.0-3.0,sportsbook,0.4701457451810061,1.0651515921041863,0.0042969722058282,0.00458682117927,0.7547125362181001,0.2507770919357258,0.3779422940920064,0.2,1.0813352139163124,home:2.0-3.0,home:sportsbook,sportsbook:2.0-3.0,5.721683895815542,5.721683895815542,0.4970459985698897,True,5.048755549448836,5.048755549448836,0.4938822545813298,5.385219722632189,0.6729283463667066,5.048755549448836,0.4938822545813298,1.0,2.8,model_agreement_0.625_kelly,away,-6.708452759711592,False,0.4386062399637443,2.2799493232988683,False,-2.8
2024-12,data\historical_csv\football-data\2425\I2.csv:195,data\historical_csv\football-data\2425\I2.csv,195,2024-12-29,I2,Mantova,Reggiana,away,0.3013719943223605,0.2947973508943761,4.92,5.0,45.04029664003306,0.0045746434279844,6,0.0,BF,4.0-5.0,sportsbook,0.2032520325203252,1.482750212066014,0.0065746434279844,0.0151793912976903,1.5933085305042167,0.0908250789618369,0.4801785694088854,0.1666666666666666,1.6260162601626105,away:4.0-5.0,away:sportsbook,sportsbook:4.0-5.0,34.24653805975692,34.24653805975692,0.2728588171946279,True,36.49070426457257,36.49070426457257,0.2774201306190499,35.36862116216474,2.2441662048156488,34.24653805975692,0.2728588171946279,1.0,5.46,model_agreement_0.625_kelly,away,82.38070827612091,True,0.3706924964961807,2.697653741179255,True,21.4
2024-12,data\historical_csv\football-data\2425\I2.csv:199,data\historical_csv\football-data\2425\I2.csv,199,2024-12-29,I2,Cittadella,Palermo,home,0.2760625576249778,0.2656390352388727,3.9596,4.02,5.182432393184033,0.008423522386105,6,0.0,1XB,3.0-4.0,sportsbook,0.2525507627033034,1.093097303171862,0.0104235223861051,0.0305130926068872,1.3761430100635152,0.0762105357224442,0.3799015590158696,0.1666666666666666,1.5254066067279526,home:3.0-4.0,home:sportsbook,sportsbook:3.0-4.0,6.103705681694028,6.103705681694028,0.2679657179555865,True,7.000562776661079,7.000562776661079,0.2702307373892845,6.552134229177554,0.8968570949670509,6.103705681694028,0.2679657179555865,1.0,1.29,model_agreement_0.625_kelly,home,21.241690264664093,True,0.3061968134777859,3.265873307569703,True,3.82
2025-01,data\historical_csv\football-data\2425\F1.csv:143,data\historical_csv\football-data\2425\F1.csv,143,2025-01-05,F1,Lens,Toulouse,draw,0.2776607207221662,0.2707672017869565,3.6754,3.73,-0.4822226552219866,0.0048935189352096,6,0.0,1XB,3.0-4.0,sportsbook,0.2720792294716221,1.0205142129422498,0.0068935189352096,0.0176240950555848,1.301661970279187,0.0770954758319528,0.361420400804354,0.1666666666666666,1.4855525929150517,draw:3.0-4.0,draw:sportsbook,sportsbook:3.0-4.0,2.5781747646440785,2.5781747646440785,0.2790939075056975,True,2.6676275657515847,2.6676275657515847,0.2793372899976916,2.6229011651978316,0.0894528011075062,2.5781747646440785,0.2790939075056975,1.0,0.6,model_agreement_0.625_kelly,away,1.0373484805239477,True,0.2749016392243673,3.637664740092099,False,-0.6
2025-01,data\historical_csv\football-data\2425\I1.csv:197,data\historical_csv\football-data\2425\I1.csv,197,2025-01-14,I1,Como,Milan,draw,0.2712682705929208,0.2675395415987964,3.7734,3.83,0.953370626889849,0.0017287289941243,6,0.0,1XB,3.0-4.0,sportsbook,0.2650129856362961,1.0236036922553275,0.0037287289941244,0.0063727651978827,1.3279764517953756,0.0735864746304741,0.3602378754666548,0.1666666666666666,1.4999734987014346,draw:3.0-4.0,draw:sportsbook,sportsbook:3.0-4.0,2.946978579719388,2.946978579719388,0.2728228615564727,True,2.9599061730014364,2.9599061730014364,0.2728571213574003,2.953442376360412,0.012927593282048289,2.946978579719388,0.2728228615564727,1.0,0.66,model_agreement_0.625_kelly,away,1.4362478473488594,True,0.2688192289376924,3.719971982479655,False,-0.66
2025-01,data\historical_csv\football-data\2425\F1.csv:156,data\historical_csv\football-data\2425\F1.csv,156,2025-01-17,F1,Lille,Nice,draw,0.2796527214330315,0.2759070361967595,3.6754,3.73,1.4068720837570048,0.001745685236272,6,0.0,1XB,3.0-4.0,sportsbook,0.2720792294716221,1.027835612354964,0.003745685236272,0.0062423323732612,1.301661970279187,0.0782056446049007,0.3640133123744564,0.1666666666666666,1.4855525929150517,draw:3.0-4.0,draw:sportsbook,sportsbook:3.0-4.0,3.3685231842749173,3.3685231842749173,0.2812442813959703,True,3.324297233995699,3.324297233995699,0.2811239517712241,3.346410209135308,0.044225950279218385,3.324297233995699,0.2811239517712241,1.0,0.78,model_agreement_0.625_kelly,home,3.071261583683671,True,0.2804354943235666,3.565882423022385,False,-0.78
2025-01,data\historical_csv\football-data\2425\T1.csv:175,data\historical_csv\football-data\2425\T1.csv,175,2025-01-18,T1,Gaziantep,Bodrumspor,draw,0.2872519986814653,0.2787524712021582,3.6558,3.71,1.90632842208498,0.0064995274793071,6,0.0,1XB,3.0-4.0,sportsbook,0.2735379397122381,1.050135856779701,0.0084995274793071,0.0226265700818133,1.2963149475003666,0.0825137107464965,0.3723690595901391,0.1666666666666666,1.482575633240346,draw:3.0-4.0,draw:sportsbook,sportsbook:3.0-4.0,5.1872327798258695,5.1872327798258695,0.2877269893862516,True,5.462836084643108,5.462836084643108,0.2884808689880275,5.325034432234489,0.2756033048172384,5.1872327798258695,0.2877269893862516,1.0,1.22,model_agreement_0.625_kelly,draw,7.312696468432378,True,0.2935409389693976,3.4066798434008296,True,3.24
2025-01,data\historical_csv\football-data\2425\SP1.csv:199,data\historical_csv\football-data\2425\SP1.csv,199,2025-01-19,SP1,Osasuna,Vallecano,draw,0.3122669990438055,0.3029881556349855,3.2932,3.34,-0.2199405862865711,0.00727884340882,6,0.0,1XB,3.0-4.0,sportsbook,0.3036560184622859,1.0283576812510604,0.00927884340882,0.0233096786759683,1.1918597364421335,0.097510678691824,0.3721784631799261,0.1666666666666666,1.4211101664034942,draw:3.0-4.0,draw:sportsbook,sportsbook:3.0-4.0,3.487104913544701,3.487104913544701,0.3142448224023585,True,3.429325403146044,3.429325403146044,0.3140693714415949,3.4582151583453724,0.05777951039865714,3.429325403146044,0.3140693714415949,1.0,0.93,model_agreement_0.625_kelly,draw,2.3120248377987096,True,0.3106766210306046,3.21878098417161,True,2.13
2025-01,data\historical_csv\football-data\2425\D1.csv:172,data\historical_csv\football-data\2425\D1.csv,172,2025-01-26,D1,St Pauli,Union Berlin,draw,0.3065613292368431,0.3017939210367986,3.3324,3.38,0.569806246302762,0.0027674082000444,6,0.0,1XB,3.0-4.0,sportsbook,0.3000840235265875,1.0215849735488558,0.0047674082000444,0.0090272579615103,1.2036927651186171,0.0939798485834601,0.3690056540675344,0.1666666666666666,1.428399951986559,draw:3.0-4.0,draw:sportsbook,sportsbook:3.0-4.0,2.920491666207703,2.920491666207703,0.3088479524253021,True,2.654766191236724,2.654766191236724,0.3080505527284741,2.7876289287222136,0.26572547497097876,2.654766191236724,0.3080505527284741,1.0,0.71,model_agreement_0.625_kelly,home,1.8520528051530816,True,0.3056417381021278,3.27180445383365,False,-0.71
2025-01,data\historical_csv\football-data\2425\T1.csv:191,data\historical_csv\football-data\2425\T1.csv,191,2025-01-31,T1,Eyupspor,Sivasspor,draw,0.2701295256295146,0.2596891589085561,3.842,3.9,-0.2274251473327271,0.0084403667209584,6,0.0,1XB,3.0-4.0,sportsbook,0.2602811035918792,1.0378376374685951,0.0104403667209584,0.0312456281899909,1.345993064346365,0.0729699606168265,0.3635924679725003,0.1666666666666666,1.5096304008328951,draw:3.0-4.0,draw:sportsbook,sportsbook:3.0-4.0,3.8214844720089753,3.8214844720089753,0.2702277055492165,True,4.286579833727089,4.286579833727089,0.271438260889451,4.054032152868032,0.4650953617181135,3.8214844720089753,0.2702277055492165,1.0,0.84,model_agreement_0.625_kelly,home,-0.9323996150012448,False,0.2578542435840675,3.878159948428278,False,-0.84
2025-02,data\historical_csv\football-data\2425\SP1.csv:218,data\historical_csv\football-data\2425\SP1.csv,218,2025-02-02,SP1,Valencia,Celta,draw,0.3058379980076529,0.2991060465859152,3.3324,3.38,-0.3259010357096192,0.0047319514217376,6,0.0,1XB,3.0-4.0,sportsbook,0.3000840235265875,1.0191745445607023,0.0067319514217376,0.0154720847395138,1.2036927651186171,0.093536881025329,0.3681349855001738,0.1666666666666666,1.428399951986559,draw:3.0-4.0,draw:sportsbook,sportsbook:3.0-4.0,2.7874485213346656,2.7874485213346656,0.3084487112031409,True,2.596048879991097,2.596048879991097,0.3078743514583816,2.691748700662881,0.19139964134356857,2.596048879991097,0.3078743514583816,1.0,0.7,model_agreement_0.625_kelly,home,4.004411160907884,True,0.3121006216567876,3.204094867518992,False,-0.7
2025-02,data\historical_csv\football-data\2425\I1.csv:230,data\historical_csv\football-data\2425\I1.csv,230,2025-02-06,I1,Fiorentina,Inter,draw,0.2718794036819876,0.2684945257528818,3.7538,3.81,0.7874750771167616,0.0013848779291057,6,0.0,1XB,3.0-4.0,sportsbook,0.2663967179924343,1.020580905541445,0.0033848779291058,0.0050937213718684,1.3227686602400124,0.0739184101464731,0.3596335545552762,0.1666666666666666,1.497149555117483,draw:3.0-4.0,draw:sportsbook,sportsbook:3.0-4.0,2.878986291702354,2.878986291702354,0.2740662429849815,True,2.699580167083959,2.699580167083959,0.2735883109571206,2.7892832293931566,0.1794061246183949,2.699580167083959,0.2735883109571206,1.0,0.61,model_agreement_0.625_kelly,home,3.4074853969856544,True,0.2754741472560756,3.630104712041884,False,-0.61
2025-02,data\historical_csv\football-data\2425\D2.csv:184,data\historical_csv\football-data\2425\D2.csv,184,2025-02-08,D2,Darmstadt,Elversberg,draw,0.2768820997128245,0.2586985231764657,3.7636,3.82,-2.636223817305361,0.0161835765363588,6,0.0,1XB,3.0-4.0,sportsbook,0.2657030502710171,1.0420734704791863,0.0181835765363588,0.0584493419875971,1.3253759461504735,0.0766636971413825,0.3669728748790146,0.1666666666666666,1.4985652035285346,draw:3.0-4.0,draw:sportsbook,sportsbook:3.0-4.0,4.332040101418715,4.332040101418715,0.2772134129594503,True,5.216986133092916,5.216986133092916,0.2795647415588609,4.7745131172558155,0.8849460316742004,4.332040101418715,0.2772134129594503,1.0,0.98,model_agreement_0.625_kelly,away,3.4473842535091226,True,0.2748628553871536,3.6381780236964585,False,-0.98
2025-02,data\historical_csv\football-data\2425\D1.csv:187,data\historical_csv\football-data\2425\D1.csv,187,2025-02-08,D1,Wolfsburg,Leverkusen,draw,0.2534073774310105,0.2453444790613734,4.038,4.1,-0.929899355017394,0.0060628983696371,6,0.0,1XB,4.0-5.0,sportsbook,0.2476473501733531,1.0232589900664206,0.0080628983696371,0.0239255006349912,1.3957495198906458,0.0642152989364626,0.3536932253860806,0.1666666666666666,1.535413571074784,draw:4.0-5.0,draw:sportsbook,sportsbook:4.0-5.0,2.942140870476398,2.942140870476398,0.2549334840774551,True,2.951332193266132,2.951332193266132,0.2549562461447898,2.946736531871265,0.009191322789734002,2.942140870476398,0.2549334840774551,1.0,0.61,model_agreement_0.625_kelly,draw,16.739868707744353,True,0.2891031914505803,3.4589725384299026,True,1.85
2025-02,data\historical_csv\football-data\2425\F1.csv:184,data\historical_csv\football-data\2425\F1.csv,184,2025-02-08,F1,Nice,Lens,draw,0.2822412305261566,0.2739961643455746,3.6166,3.67,-0.906547202779484,0.006245066180582,6,0.0,1XB,3.0-4.0,sportsbook,0.276502792678206,1.020753634320898,0.008245066180582,0.0221266969710269,1.2855343579687422,0.079660112208919,0.3628307990767505,0.1666666666666666,1.4765249129016222,draw:3.0-4.0,draw:sportsbook,sportsbook:3.0-4.0,2.756845310864302,2.756845310864302,0.284125546952564,True,2.829256298044114,2.829256298044114,0.284325765354322,2.793050804454208,0.07241098717981176,2.756845310864302,0.284125546952564,1.0,0.66,model_agreement_0.625_kelly,home,0.6743655852695207,True,0.278367432354337,3.5923742642677,False,-0.66
2025-02,data\historical_csv\football-data\2425\I1.csv:243,data\historical_csv\football-data\2425\I1.csv,243,2025-02-15,I1,Lazio,Napoli,draw,0.3064159580926258,0.300542570234997,3.3912,3.44,1.9199964180921736,0.0038733878576288,5,0.0,1XB,3.0-4.0,sportsbook,0.2948808681292758,1.0391177970837129,0.0058733878576288,0.0126409469067469,1.2211838410562903,0.0938907393738218,0.3741902166644961,0.2,1.439018636470868,draw:3.0-4.0,draw:sportsbook,sportsbook:3.0-4.0,4.54512805165218,4.54512805165218,0.3082835811855749,True,4.3991806485280005,4.3991806485280005,0.3078532102162302,4.47215435009009,0.14594740312417986,4.3991806485280005,0.3078532102162302,1.0,1.15,model_agreement_0.625_kelly,draw,5.50793129595335,True,0.3111227037507471,3.2141659478542595,True,2.75
2025-02,data\historical_csv\football-data\2425\SC0.csv:155,data\historical_csv\football-data\2425\SC0.csv,155,2025-02-15,SC0,Motherwell,Ross County,draw,0.3027681660899654,0.2910185869178848,3.3716,3.42,-1.8801732347659472,0.0097495791720805,5,0.0,1XB,3.0-4.0,sportsbook,0.2965950883853363,1.0208131487889271,0.0117495791720805,0.0322014672083573,1.21538740914119,0.0916685623974808,0.3679806169545125,0.2,1.4355202277850363,draw:3.0-4.0,draw:sportsbook,sportsbook:3.0-4.0,2.6724514649719526,2.6724514649719526,0.3045214481699251,True,2.8461329212287723,2.8461329212287723,0.3050365788386189,2.7592921931003627,0.17368145625681963,2.6724514649719526,0.3045214481699251,1.0,0.7,model_agreement_0.625_kelly,away,2.6631522072286806,True,0.3044938670282023,3.28413839582319,False,-0.7
2025-02,data\historical_csv\football-data\2425\SP1.csv:233,data\historical_csv\football-data\2425\SP1.csv,233,2025-02-15,SP1,Leganes,Alaves,draw,0.3290258598322025,0.325172103778204,3.107,3.15,1.0309726438879618,0.0018537560539985,5,0.0,1XB,3.0-4.0,sportsbook,0.321853878339234,1.0222833464986532,0.0038537560539985,0.0056340740358338,1.1336576304109105,0.1082580164383201,0.373002676601287,0.2,1.3839716768587085,draw:3.0-4.0,draw:sportsbook,sportsbook:3.0-4.0,2.942261022452009,2.942261022452009,0.3313236595508594,True,2.5429794257774585,2.5429794257774585,0.3300385562464675,2.7426202241147335,0.39928159667455043,2.5429794257774585,0.3300385562464675,1.0,0.75,model_agreement_0.625_kelly,draw,-0.1139417297303602,False,0.32148715246305,3.1105442078744794,True,1.58
2025-02,data\historical_csv\football-data\2425\I2.csv:256,data\historical_csv\football-data\2425\I2.csv,256,2025-02-15,I2,Sudtirol,Sampdoria,draw,0.3244751277171186,0.3138182553346414,3.1364,3.18,-1.574042396843045,0.0086568723824771,5,0.0,1XB,3.0-4.0,sportsbook,0.3188368830506313,1.0176837905719711,0.0106568723824772,0.0266796177672649,1.1430756453746298,0.1052841085070404,0.3708996160232609,0.2,1.3901288101007658,draw:3.0-4.0,draw:sportsbook,sportsbook:3.0-4.0,2.562151028112746,2.562151028112746,0.3270059655277156,True,2.498499211175975,2.498499211175975,0.3268030200585893,2.5303251196443606,0.0636518169367708,2.498499211175975,0.3268030200585893,1.0,0.73,model_agreement_0.625_kelly,home,3.6636528852405537,True,0.3305179597157268,3.025554196389461,False,-0.73
2025-02,data\historical_csv\football-data\2425\I2.csv:260,data\historical_csv\football-data\2425\I2.csv,260,2025-02-16,I2,Palermo,Mantova,draw,0.282069854104253,0.2708768253663367,3.7636,3.82,1.9472019948744808,0.0091930287379162,5,0.0,1XB,3.0-4.0,sportsbook,0.2657030502710171,1.0615981029067665,0.0111930287379162,0.0325913195052688,1.3253759461504735,0.0795634025943945,0.3738485997639503,0.2,1.4985652035285346,draw:3.0-4.0,draw:sportsbook,sportsbook:3.0-4.0,6.3922896464886,6.3922896464886,0.2826875588438957,True,6.83934425376429,6.83934425376429,0.2838753965718044,6.615816950126446,0.4470546072756898,6.3922896464886,0.2826875588438957,1.0,1.45,model_agreement_0.625_kelly,draw,2.4899970854952214,True,0.2723190484788373,3.6721632422922954,True,4.01
2025-02,data\historical_csv\football-data\2425\I2.csv:259,data\historical_csv\football-data\2425\I2.csv,259,2025-02-16,I2,Juve Stabia,Cosenza,home,0.4811431133547002,0.4659254351240253,2.176,2.2,1.3853746829879166,0.0132176782306748,5,0.0,WH,2.0-3.0,sportsbook,0.4595588235294117,1.0469674146598278,0.0152176782306748,0.0274714068720979,0.7774883289936962,0.2314986955286539,0.3740831552089704,0.2,1.1029411764705843,home:2.0-3.0,home:sportsbook,sportsbook:2.0-3.0,5.559527183287689,5.559527183287689,0.4851081212467265,True,5.366059869400885,5.366059869400885,0.4842190251351143,5.462793526344287,0.19346731388680372,5.366059869400885,0.4842190251351143,1.0,2.85,model_agreement_0.625_kelly,home,-2.49321990481346,False,0.4481010114668499,2.2316396848257933,True,3.35
2025-02,data\historical_csv\football-data\2425\I1.csv:246,data\historical_csv\football-data\2425\I1.csv,246,2025-02-16,I1,Monza,Lecce,draw,0.3082567406989133,0.3036783801351719,3.303,3.35,0.3049689586472892,0.0025783605637413,5,0.0,1XB,3.0-4.0,sportsbook,0.3027550711474417,1.0181720145285105,0.0045783605637413,0.0083643282476009,1.1948311464086523,0.095022218186317,0.3683147548774773,0.2,1.4229488343929786,draw:3.0-4.0,draw:sportsbook,sportsbook:3.0-4.0,2.50253041023863,2.50253041023863,0.310331608871446,True,2.23120712329119,2.23120712329119,0.3095101638610087,2.36686876676491,0.2713232869474398,2.23120712329119,0.3095101638610087,1.0,0.61,model_agreement_0.625_kelly,draw,4.543214623551428,True,0.3165098838133558,3.159458996830869,True,1.4
2025-02,data\historical_csv\football-data\2425\I1.csv:250,data\historical_csv\football-data\2425\I1.csv,250,2025-02-17,I1,Genoa,Venezia,draw,0.2807517703015229,0.2685027202164663,3.695,3.75,-0.7882448800156983,0.0102490500850566,5,0.0,1XB,3.0-4.0,sportsbook,0.2706359945872801,1.037377791264127,0.0122490500850566,0.0365057362738953,1.3069805544001651,0.0788215565274391,0.3669371043975122,0.2,1.4884979702300516,draw:3.0-4.0,draw:sportsbook,sportsbook:3.0-4.0,3.995876829092434,3.995876829092434,0.2814502755861771,True,4.443144506545016,4.443144506545016,0.2826607429135183,4.219510667818724,0.4472676774525821,3.995876829092434,0.2814502755861771,1.0,0.93,model_agreement_0.625_kelly,home,5.022190130566684,True,0.2842278487972035,3.518304079743783,False,-0.93
2025-02,data\historical_csv\football-data\2425\B1.csv:210,data\historical_csv\football-data\2425\B1.csv,210,2025-02-21,B1,Mechelen,St Truiden,home,0.5298674055938342,0.5263690888220407,1.98,2.0,4.221079586764054,0.0014983167717934,5,0.0,WH,1.5-2.0,sportsbook,0.5050505050505051,1.0491374630757917,0.0034983167717934,0.0028277202107087,0.6830968447064438,0.2807594675107407,0.3619507528739376,0.2,1.0101010101010166,home:1.5-2.0,home:sportsbook,sportsbook:1.5-2.0,4.322500987050103,4.322500987050103,0.5268813181164146,True,4.495339097956896,4.495339097956896,0.5277542378684692,4.4089200425035,0.17283811090679357,4.322500987050103,0.5268813181164146,1.0,2.76,model_agreement_0.625_kelly,draw,2.7106928015175447,True,0.5187408727349371,1.9277447615179024,False,-2.76
2025-02,data\historical_csv\football-data\2425\D1.csv:200,data\historical_csv\football-data\2425\D1.csv,200,2025-02-21,D1,Freiburg,Werder Bremen,draw,0.2790610534513509,0.2728275005499503,3.7048,3.76,1.0771324037455845,0.0042335529014005,5,0.0,1XB,3.0-4.0,sportsbook,0.2699201036493198,1.0338653908265647,0.0062335529014005,0.0151707049372929,1.309629276184405,0.0778750715533777,0.3654665254427502,0.2,1.4899589721442563,draw:3.0-4.0,draw:sportsbook,sportsbook:3.0-4.0,3.8798345104238408,3.8798345104238408,0.2803925569812779,True,3.914138055804872,3.914138055804872,0.2804851491465258,3.8969862831143565,0.03430354538103142,3.8798345104238408,0.2803925569812779,1.0,0.9,model_agreement_0.625_kelly,home,2.800389351575338,True,0.2774789174896765,3.603877401018059,False,-0.9
2025-02,data\historical_csv\football-data\2425\T1.csv:220,data\historical_csv\football-data\2425\T1.csv,220,2025-02-22,T1,Sivasspor,Konyaspor,draw,0.3030887971165121,0.287428058447005,3.3912,3.44,-2.527396819451677,0.0136607386695071,5,0.0,1XB,3.0-4.0,sportsbook,0.2948808681292758,1.0278347287815155,0.0156607386695071,0.0450717373900682,1.2211838410562903,0.0918628189375342,0.3701271414438729,0.2,1.439018636470868,draw:3.0-4.0,draw:sportsbook,sportsbook:3.0-4.0,3.3108415055628786,3.3108415055628786,0.304643906303264,True,3.736573916894947,3.736573916894947,0.3058993097337076,3.523707711228913,0.4257324113320684,3.3108415055628786,0.304643906303264,1.0,0.87,model_agreement_0.625_kelly,draw,3.349232511428601,True,0.3047571140346444,3.281301580662433,True,2.08
2025-02,data\historical_csv\football-data\2425\I1.csv:257,data\historical_csv\football-data\2425\I1.csv,257,2025-02-23,I1,Verona,Fiorentina,draw,0.2778006020365483,0.2718290027116946,3.7146,3.77,0.9736013472860572,0.0039715993248537,5,0.0,1XB,3.0-4.0,sportsbook,0.269207990093146,1.0319181163249624,0.0059715993248537,0.0142965828574093,1.3122710007711045,0.0771731744918687,0.3645496740493166,0.2,1.491412265116021,draw:3.0-4.0,draw:sportsbook,sportsbook:3.0-4.0,3.692843997419902,3.692843997419902,0.2791494211958754,True,3.712672839769615,3.712672839769615,0.2792028020238238,3.7027584185947586,0.01982884234971305,3.692843997419902,0.2791494211958754,1.0,0.85,model_agreement_0.625_kelly,home,7.834991278798231,True,0.290300412638772,3.444707470134825,False,-0.85
2025-02,data\historical_csv\football-data\2425\T1.csv:226,data\historical_csv\football-data\2425\T1.csv,226,2025-02-24,T1,Galatasaray,Fenerbahce,draw,0.2640733738454227,0.2565133064787879,4.0576,4.12,4.082839236832969,0.0055600673666347,5,0.0,1XB,4.0-5.0,sportsbook,0.2464511041009463,1.071504121715187,0.0075600673666347,0.0210550093925387,1.400591665820715,0.0697347467741043,0.3698589665730569,0.2,1.537854889589907,draw:4.0-5.0,draw:sportsbook,sportsbook:4.0-5.0,7.556073469696494,7.556073469696494,0.2650731305936921,True,7.60761049479608,7.60761049479608,0.2652001441610708,7.581841982246287,0.05153702509958613,7.556073469696494,0.2650731305936921,1.0,1.54,model_agreement_0.625_kelly,draw,11.364694583783418,True,0.274459519380381,3.6435245615003513,True,4.71
2025-02,data\historical_csv\football-data\2425\P1.csv:208,data\historical_csv\football-data\2425\P1.csv,208,2025-02-24,P1,Porto,Guimaraes,draw,0.2553107788171416,0.249296068445147,4.1654,4.4,3.8417843501415305,0.0040147103719946,5,0.05,BFE,4.0-5.0,exchange,0.2400729821865847,1.063471518084922,0.0060147103719946,0.0157247977958268,1.4268123094227787,0.0651835937802154,0.3642805619446141,0.2,5.632112162097291,draw:4.0-5.0,draw:exchange,exchange:4.0-5.0,5.0936239284438125,5.0936239284438125,0.2523013970529693,True,5.3327453706106365,5.3327453706106365,0.2528754630302267,5.213184649527225,0.23912144216682396,5.0936239284438125,0.2523013970529693,1.0,1.01,model_agreement_0.625_kelly,draw,13.051305274787753,True,0.2714056399740427,3.6845218105844815,True,3.2
2025-03,data\historical_csv\football-data\2425\SP2.csv:343,data\historical_csv\football-data\2425\SP2.csv,343,2025-03-21,SP2,Burgos,Almeria,away,0.4162307626604239,0.4130803384256547,2.47,2.5,2.0308435911366995,0.0011504242347692,5,0.0,WH,2.0-3.0,sportsbook,0.4048582995951417,1.0280899837712472,0.0031504242347692,0.0027639096817738,0.9042181506398858,0.1732480477848781,0.3763634104522377,0.2,1.2145748987854257,away:2.0-3.0,away:sportsbook,sportsbook:2.0-3.0,2.958367962797702,2.958367962797702,0.4168354978250919,True,3.039223493865584,1.7792525681468163,0.4120617512880438,2.9987957283316433,0.08085553106788224,1.7792525681468163,0.4120617512880438,1.0,0.76,model_agreement_0.625_kelly,home,-6.472571145991745,False,0.3786535581133938,2.640936493459634,False,-0.76
2025-03,data\historical_csv\football-data\2425\I1.csv:300,data\historical_csv\football-data\2425\I1.csv,300,2025-03-31,I1,Verona,Parma,draw,0.3092567800786537,0.2956385394664472,3.352,3.4,-0.9019615708468876,0.0116182406122064,4,0.0,1XB,3.0-4.0,sportsbook,0.2983293556085919,1.0366287268236472,0.0136182406122064,0.0375682648226874,1.2095571826198366,0.0956397560246167,0.3740637596180188,0.25,1.4319809069212486,draw:3.0-4.0,draw:sportsbook,sportsbook:3.0-4.0,3.755129512436701,3.755129512436701,0.3095320092853124,True,4.979358728648653,3.2694710594141307,0.3080831475519515,4.367244120542677,1.2242292162119521,3.2694710594141307,0.3080831475519515,0.5,0.43,model_agreement_0.625_kelly,draw,7.642313372782206,True,0.3211286198472023,3.1140170579495985,True,1.01
2025-04,data\historical_csv\football-data\2425\F2.csv:262,data\historical_csv\football-data\2425\F2.csv,262,2025-04-07,F2,Dunkerque,Guingamp,draw,0.3242153144007538,0.3154808220078314,3.205,3.25,1.1116034535099797,0.0067344923929223,4,0.0,B365,3.0-4.0,sportsbook,0.31201248049922,1.039110082654416,0.0087344923929223,0.0207716665246664,1.1647120903726331,0.1051155700919796,0.3776174965665225,0.25,1.4040561622464809,draw:3.0-4.0,draw:sportsbook,sportsbook:3.0-4.0,3.277564556781756,3.277564556781756,0.322238890972798,True,3.931278632625368,3.931278632625368,0.3242785604762102,3.6044215947035623,0.6537140758436117,3.277564556781756,0.322238890972798,0.5,0.46,model_agreement_0.625_kelly,home,-5.437559727766428,False,0.2950466155139893,3.389294936523636,False,-0.46
2025-04,data\historical_csv\football-data\2425\I1.csv:318,data\historical_csv\football-data\2425\I1.csv,318,2025-04-13,I1,Verona,Genoa,draw,0.3306328336043428,0.3266054366884371,3.107,3.15,1.4763091790974237,0.0020273969159056,4,0.0,1XB,3.0-4.0,sportsbook,0.321853878339234,1.027276214008693,0.0040273969159056,0.0061318680719162,1.1336576304109105,0.109318070657237,0.3748244346799441,0.25,1.3839716768587085,draw:3.0-4.0,draw:sportsbook,sportsbook:3.0-4.0,2.5441820294618984,2.5441820294618984,0.3300424268730669,True,2.6262376216023675,2.6262376216023675,0.3303065259787653,2.585209825532133,0.08205559214046909,2.5441820294618984,0.3300424268730669,0.5,0.38,model_agreement_0.625_kelly,draw,7.9072102063777905,True,0.3473035410568966,2.8793256669852845,True,0.8
2025-04,data\historical_csv\football-data\2425\SP1.csv:306,data\historical_csv\football-data\2425\SP1.csv,306,2025-04-13,SP1,Osasuna,Girona,draw,0.3046582765097005,0.3008910664268072,3.3716,3.42,1.4484319564623371,0.0017672100828933,4,0.0,1XB,3.0-4.0,sportsbook,0.2965950883853363,1.0271858450801064,0.0037672100828933,0.0058006304740487,1.21538740914119,0.0928166654458611,0.3702778333605452,0.25,1.4355202277850363,draw:3.0-4.0,draw:sportsbook,sportsbook:3.0-4.0,2.45624384438088,2.45624384438088,0.3038801869865372,True,2.609390574363557,2.609390574363557,0.3043344126656885,2.5328172093722188,0.15314672998267698,2.45624384438088,0.3038801869865372,0.5,0.32,model_agreement_0.625_kelly,home,4.142541775855801,True,0.3088816638268353,3.237485798317307,False,-0.32
2025-04,data\historical_csv\football-data\2425\SP1.csv:311,data\historical_csv\football-data\2425\SP1.csv,311,2025-04-18,SP1,Espanol,Getafe,draw,0.3520139881138036,0.3481233408819592,2.9208,2.96,1.6798654048026274,0.0018906472318444,4,0.0,1XB,2.0-3.0,sportsbook,0.3423719528896193,1.0281624564827974,0.0038906472318444,0.0053709434729428,1.07185755135929,0.123913847827785,0.3773088513438797,0.25,1.342098055327301,draw:2.0-3.0,draw:sportsbook,sportsbook:2.0-3.0,3.070788524277285,3.070788524277285,0.3528854715292978,True,3.1767050732711466,3.1767050732711466,0.3532481000865213,3.123746798774216,0.1059165489938616,3.070788524277285,0.3528854715292978,0.5,0.5,model_agreement_0.625_kelly,home,5.521755833386943,True,0.3612768961701826,2.767960006855631,False,-0.5
2025-04,data\historical_csv\football-data\2425\SP1.csv:316,data\historical_csv\football-data\2425\SP1.csv,316,2025-04-20,SP1,Valladolid,Osasuna,draw,0.2801570660586736,0.2658386925956044,3.695,3.75,-1.7726030859241848,0.0123183734630692,4,0.0,1XB,3.0-4.0,sportsbook,0.2706359945872801,1.035180359086799,0.0143183734630692,0.0439695262245836,1.3069805544001651,0.078487981662604,0.3661598375164889,0.25,1.4884979702300516,draw:3.0-4.0,draw:sportsbook,sportsbook:3.0-4.0,2.726075467077851,2.726075467077851,0.2780137360408061,True,3.533438724626281,3.533438724626281,0.2801987516228045,3.129757095852066,0.8073632575484302,2.726075467077851,0.2780137360408061,0.5,0.32,model_agreement_0.625_kelly,away,-0.3406289652198691,False,0.269714129999405,3.7076292591797326,False,-0.32
2025-04,data\historical_csv\football-data\2425\F1.csv:269,data\historical_csv\football-data\2425\F1.csv,269,2025-04-20,F1,Reims,Toulouse,draw,0.2911977074084623,0.2868672355607224,3.5382,3.59,1.4993652860948004,0.0023304718477399,4,0.0,1XB,3.0-4.0,sportsbook,0.2826295856650274,1.0303157283526214,0.0043304718477399,0.0080030569899747,1.2636181232523764,0.0847961047999444,0.3679627005308758,0.25,1.4640212537448516,draw:3.0-4.0,draw:sportsbook,sportsbook:3.0-4.0,2.7021486577351834,2.7021486577351834,0.2902666572204375,True,2.9291733453371327,2.9291733453371327,0.2909082961543642,2.8156610015361583,0.22702468760194927,2.7021486577351834,0.2902666572204375,0.5,0.33,model_agreement_0.625_kelly,home,-3.8933744308905394,False,0.2716257576426134,3.68153598052999,False,-0.33
2025-04,data\historical_csv\football-data\2425\SP1.csv:318,data\historical_csv\football-data\2425\SP1.csv,318,2025-04-20,SP1,Sevilla,Alaves,draw,0.3162626093522685,0.309806902351751,3.2442,3.29,0.5075552609550948,0.0044557070005174,4,0.0,1XB,3.0-4.0,sportsbook,0.308242401824795,1.0260191572606296,0.0064557070005174,0.0140886303621002,1.1768687866338772,0.1000220380743056,0.3721995933260681,0.25,1.4117502003575533,draw:3.0-4.0,draw:sportsbook,sportsbook:3.0-4.0,2.3884780764600477,2.3884780764600477,0.3156047040147341,True,2.5998966582073457,2.5998966582073457,0.3162563857290159,2.494187367333697,0.211418581747298,2.3884780764600477,0.3156047040147341,0.5,0.33,model_agreement_0.625_kelly,draw,4.070194846403585,True,0.3207884681782984,3.117319041045412,True,0.74
2025-04,data\historical_csv\football-data\2425\B1.csv:283,data\historical_csv\football-data\2425\B1.csv,283,2025-04-27,B1,Gent,Anderlecht,draw,0.3057195969867792,0.2872760903506611,3.4794,3.53,-0.0451571233909708,0.0164435066361181,4,0.0,1XB,3.0-4.0,sportsbook,0.2874058745760763,1.0637207657557997,0.0184435066361181,0.0537862367940685,1.2468598651283127,0.0934644719817587,0.3811894954660177,0.25,1.4542737253549598,draw:3.0-4.0,draw:sportsbook,sportsbook:3.0-4.0,5.817756888839158,5.817756888839158,0.3041264496431545,True,6.739090661094194,6.739090661094194,0.3067744170290688,6.278423774966676,0.9213337722550357,5.817756888839158,0.3041264496431545,0.5,0.73,model_agreement_0.625_kelly,away,-0.7961919384844474,False,0.2851175721719709,3.5073250392187054,False,-0.73
2025-04,data\historical_csv\football-data\2425\I1.csv:332,data\historical_csv\football-data\2425\I1.csv,332,2025-04-27,I1,Como,Genoa,draw,0.2772667776235947,0.270349670153821,3.7342,3.79,0.953973828839838,0.0049171074697737,4,0.0,1XB,3.0-4.0,sportsbook,0.2677949761662471,1.0353696010020277,0.0069171074697737,0.0177342107551341,1.3175336055490985,0.0768768659737719,0.3653082972213948,0.25,1.4942959670076528,draw:3.0-4.0,draw:sportsbook,sportsbook:3.0-4.0,3.0176760628948545,3.0176760628948545,0.2758761610596509,True,3.4414189484058166,3.4414189484058166,0.2770109232189112,3.2295475056503355,0.4237428855109622,3.0176760628948545,0.2758761610596509,0.5,0.34,model_agreement_0.625_kelly,home,-0.6957779246502094,False,0.2659317178387601,3.760363781075264,False,-0.34
2025-04,data\historical_csv\football-data\2425\I1.csv:341,data\historical_csv\football-data\2425\I1.csv,341,2025-04-28,I1,Verona,Cagliari,draw,0.3485998444925297,0.3414857625270284,2.9208,2.96,-0.2588384811055499,0.0051140819655012,4,0.0,1XB,2.0-3.0,sportsbook,0.3423719528896193,1.0181904257937806,0.0071140819655012,0.0146703506794331,1.07185755135929,0.1215218515802158,0.3736493757219921,0.25,1.342098055327301,draw:2.0-3.0,draw:sportsbook,sportsbook:2.0-3.0,2.198479172530355,2.198479172530355,0.349898928966483,True,2.3578029302085524,2.3578029302085524,0.350444408827063,2.2781410513694538,0.15932375767819718,2.198479172530355,0.349898928966483,0.5,0.36,model_agreement_0.625_kelly,away,1.1916597929819028,True,0.3464518617946518,2.886403885434213,False,-0.36
2025-05,data\historical_csv\football-data\2425\I2.csv:349,data\historical_csv\football-data\2425\I2.csv,349,2025-05-01,I2,Spezia,Salernitana,draw,0.3047452385779514,0.2873519205770747,3.45,3.5,-0.8635874009092048,0.0153933180008766,4,0.0,B365,3.0-4.0,sportsbook,0.2898550724637681,1.0513710730939323,0.0173933180008766,0.0505120869901276,1.2383742310432684,0.0928696604359325,0.3773886504880679,0.25,1.4492753623188248,draw:3.0-4.0,draw:sportsbook,sportsbook:3.0-4.0,4.180222234452266,4.180222234452266,0.3019716586505863,True,5.02074466925031,5.02074466925031,0.3044079555630443,4.600483451851288,0.8405224347980438,4.180222234452266,0.3019716586505863,0.5,0.53,model_agreement_0.625_kelly,home,-1.9941861924539284,False,0.2840748226305683,3.5201993289650773,False,-0.53
2025-05,data\historical_csv\football-data\2425\SP1.csv:335,data\historical_csv\football-data\2425\SP1.csv,335,2025-05-03,SP1,Las Palmas,Valencia,away,0.3489087719187157,0.3433802378126639,2.96,3.0,1.6405503925485343,0.0035285341060517,4,0.0,1XB,2.0-3.0,sportsbook,0.3378378378378378,1.0327699648793984,0.0055285341060517,0.0101130564492478,1.085189268335969,0.1217373311218263,0.3786320549144726,0.25,1.3513513513513598,away:2.0-3.0,away:sportsbook,sportsbook:2.0-3.0,2.304180452172369,2.304180452172369,0.3456222312573391,True,2.7643276245692183,2.7643276245692183,0.3471767825154365,2.5342540383707934,0.4601471723968493,2.304180452172369,0.3456222312573391,0.5,0.37,model_agreement_0.625_kelly,away,-3.086058928280788,False,0.3274119630801325,3.054256144437993,True,0.73
2025-05,data\historical_csv\football-data\2425\I2.csv:357,data\historical_csv\football-data\2425\I2.csv,357,2025-05-04,I2,Frosinone,Cittadella,draw,0.3406481124071761,0.3316241354207036,3.0874,3.13,2.385635569788036,0.0070239769864724,4,0.0,1XB,3.0-4.0,sportsbook,0.3238971302714258,1.0517169822459154,0.0090239769864724,0.0206194507782175,1.1273293127656037,0.116041136486572,0.3840226024548819,0.25,1.3798017749562907,draw:3.0-4.0,draw:sportsbook,sportsbook:3.0-4.0,5.60535499993378,5.60535499993378,0.3420527142577372,True,5.250057127322338,5.250057127322338,0.3409019146444333,5.42770606362806,0.35529787261144197,5.250057127322338,0.3409019146444333,0.5,0.79,model_agreement_0.625_kelly,draw,-12.593504881673812,False,0.2831071293590924,3.5322317818835365,True,1.65
2025-05,data\historical_csv\football-data\2425\F1.csv:285,data\historical_csv\football-data\2425\F1.csv,285,2025-05-04,F1,Nantes,Angers,draw,0.2869981482250794,0.2769135233591915,3.6558,3.71,1.234045869653233,0.0080846248658878,4,0.0,1XB,3.0-4.0,sportsbook,0.2735379397122381,1.049207830281245,0.0100846248658878,0.0281696063751166,1.2963149475003666,0.0823679370846246,0.3720399894490962,0.25,1.482575633240346,draw:3.0-4.0,draw:sportsbook,sportsbook:3.0-4.0,4.436307166265664,4.436307166265664,0.2856729229341476,True,4.801989765804193,4.801989765804193,0.2866732035828114,4.619148466034929,0.36568259953852955,4.436307166265664,0.2856729229341476,0.5,0.52,model_agreement_0.625_kelly,away,6.133532483441084,True,0.2903154780990237,3.4445287125163544,False,-0.52
2025-05,data\historical_csv\football-data\2425\SP1.csv:341,data\historical_csv\football-data\2425\SP1.csv,341,2025-05-05,SP1,Girona,Mallorca,draw,0.3031543181474176,0.2952485702283127,3.401,3.45,0.4140387346491581,0.0059057479191049,4,0.0,1XB,3.0-4.0,sportsbook,0.2940311673037342,1.0310278360193674,0.0079057479191049,0.0194809955378339,1.2240695060250584,0.0919025406114256,0.3710819564640729,0.25,1.4407527197882963,draw:3.0-4.0,draw:sportsbook,sportsbook:3.0-4.0,3.0775462252422376,3.0775462252422376,0.3030801123941259,True,3.091800763652297,3.091800763652297,0.3031220251798068,3.0846734944472676,0.014254538410059414,3.0775462252422376,0.3030801123941259,0.5,0.4,model_agreement_0.625_kelly,home,-0.0838487655756448,False,0.2937846257995423,3.403854089636156,False,-0.4
2025-05,data\historical_csv\football-data\2425\I2.csv:364,data\historical_csv\football-data\2425\I2.csv,364,2025-05-09,I2,Juve Stabia,Reggiana,away,0.2591517628825479,0.2512014495509748,4.444700000000001,4.7,11.651508281921808,0.005950313331573,4,0.05,BFE,4.0-5.0,exchange,0.2249870632438634,1.151851840484061,0.007950313331573,0.0229607287459197,1.4917123751246557,0.0671596362051323,0.3865798917272671,0.25,5.743919724615809,away:4.0-5.0,away:exchange,exchange:4.0-5.0,11.24504838491563,11.24504838491563,0.2502869673654366,True,11.475905865378166,11.475905865378166,0.250806366831008,11.360477125146899,0.23085748046253585,11.24504838491563,0.2502869673654366,0.5,1.02,model_agreement_0.625_kelly,away,14.048946714745348,True,0.2565953758740642,3.897186364304535,True,3.51
2025-05,data\historical_csv\football-data\2425\B1.csv:294,data\historical_csv\football-data\2425\B1.csv,294,2025-05-09,B1,Charleroi,Westerlo,home,0.5699947746942149,0.562688733272644,1.8918,1.91,6.449454560518797,0.0053060414215708,4,0.0,BF,1.5-2.0,sportsbook,0.528597103287874,1.0783161147665157,0.0073060414215708,0.0093089299360988,0.637528756796933,0.3248940431787088,0.3633880600915507,0.25,0.9620467279839228,home:1.5-2.0,home:sportsbook,sportsbook:1.5-2.0,6.562277591215322,6.562277591215322,0.5632851125447474,True,6.797332040640081,6.797332040640081,0.564527603555556,6.679804815927701,0.23505444942475862,6.562277591215322,0.5632851125447474,0.5,2.3,model_agreement_0.625_kelly,home,8.34555938604231,True,0.5727114884556629,1.746079867712338,True,2.05
2025-05,data\historical_csv\football-data\2425\I2.csv:365,data\historical_csv\football-data\2425\I2.csv,365,2025-05-09,I2,Mantova,Carrarese,away,0.262615804785069,0.2462658355492678,4.136,4.2,1.855549583177152,0.0143499692358012,4,0.0,B365,4.0-5.0,sportsbook,0.241779497098646,1.0861789685910457,0.0163499692358012,0.0546424433500702,1.419729137206128,0.0689670609229094,0.372843309944199,0.25,1.547388781431347,away:4.0-5.0,away:sportsbook,sportsbook:4.0-5.0,5.961907851727041,5.961907851727041,0.2561941679200363,True,6.471160141358912,6.471160141358912,0.2574254355448716,6.216533996542976,0.5092522896318714,5.961907851727041,0.2561941679200363,0.5,0.59,model_agreement_0.625_kelly,home,-1.1785745560659031,False,0.2389299454640573,4.185327201484805,False,-0.59
2025-05,data\historical_csv\football-data\2425\D2.csv:291,data\historical_csv\football-data\2425\D2.csv,291,2025-05-09,D2,Preußen Münster,Hertha,away,0.3563203424244835,0.3482639639180432,2.90855,3.05,1.2943152253824808,0.0060563785064403,4,0.05,BFE,2.0-3.0,exchange,0.3438139279022193,1.0363755319587318,0.0080563785064403,0.0169970046201441,1.067654675212836,0.1269641864255012,0.3804270794629385,0.25,4.863248010176879,away:2.0-3.0,away:exchange,exchange:2.0-3.0,2.8025926050575865,2.8025926050575865,0.353449631620765,True,2.789524988949488,2.789524988949488,0.3534047033365405,2.7960587970035373,0.013067616108098257,2.789524988949488,0.3534047033365405,0.5,0.46,model_agreement_0.625_kelly,home,14.269312437639314,True,0.392873811478707,2.545346548389617,False,-0.46
2025-05,data\historical_csv\football-data\2425\I2.csv:366,data\historical_csv\football-data\2425\I2.csv,366,2025-05-09,I2,Modena,Brescia,home,0.4097727347015831,0.3978098079771283,2.519,2.55,0.2082906294386344,0.0099629267244547,4,0.0,BF,2.0-3.0,sportsbook,0.3969829297340214,1.0322175187132878,0.0119629267244547,0.0243132982766904,0.9238619973704733,0.167913694104814,0.3785734571493656,0.25,1.2306470821754625,home:2.0-3.0,home:sportsbook,sportsbook:2.0-3.0,2.088320108740825,2.088320108740825,0.4052732040839255,True,2.5197335326575976,2.5197335326575976,0.4069858417334561,2.304026820699211,0.4314134239167724,2.088320108740825,0.4052732040839255,0.5,0.43,model_agreement_0.625_kelly,draw,6.539287029368901,True,0.4229427829669269,2.364386012181221,False,-0.43
2025-05,data\historical_csv\football-data\2425\I1.csv:357,data\historical_csv\football-data\2425\I1.csv,357,2025-05-11,I1,Verona,Lecce,home,0.4291802519971979,0.4196974085795396,2.4210000000000003,2.45,1.608742617106551,0.0074828434176583,4,0.0,BF,2.0-3.0,sportsbook,0.413052457662123,1.039045390085216,0.0094828434176583,0.0174351997391231,0.8841806779559216,0.1841956887043782,0.3794728861761757,0.25,1.1978521272201448,home:2.0-3.0,home:sportsbook,sportsbook:2.0-3.0,2.7630693227016736,2.7630693227016736,0.4244653834064504,True,3.1183577438860244,3.1183577438860244,0.4259329109619414,2.9407135332938488,0.3552884211843508,2.7630693227016736,0.4244653834064504,0.5,0.61,model_agreement_0.625_kelly,draw,-8.640757121567722,False,0.3773615980108726,2.649978178148344,False,-0.61
2025-05,data\historical_csv\football-data\2425\SP2.csv:436,data\historical_csv\football-data\2425\SP2.csv,436,2025-05-17,SP2,Malaga,Sp Gijon,draw,0.3665979337012816,0.3528004159806482,2.764,2.8,-2.485965022948844,0.0117975177206334,4,0.0,1XB,2.0-3.0,sportsbook,0.361794500723589,1.0132766887503424,0.0137975177206334,0.0321810807865777,1.016678905905423,0.1343940449940492,0.3727123861426079,0.25,1.302460202604916,draw:2.0-3.0,draw:sportsbook,sportsbook:2.0-3.0,1.8679792630451009,1.8679792630451009,0.3685527469719432,True,1.970765498525906,1.970765498525906,0.3689246219194135,1.9193723807855034,0.10278623548080512,1.8679792630451009,0.3685527469719432,0.5,0.33,model_agreement_0.625_kelly,home,-6.026679100124421,False,0.339990307163081,2.941260321048907,False,-0.33
2025-05,data\historical_csv\football-data\2425\SP1.csv:370,data\historical_csv\football-data\2425\SP1.csv,370,2025-05-18,SP1,Valencia,Ath Bilbao,draw,0.3216535837831563,0.315253778696458,3.1756,3.22,0.1119899628472254,0.0043998050866983,4,0.0,1XB,3.0-4.0,sportsbook,0.3149011210479909,1.021443120661791,0.0063998050866982,0.0136787068713789,1.1554965908688213,0.1034610279605479,0.3716696195021759,0.25,1.398160977453089,draw:3.0-4.0,draw:sportsbook,sportsbook:3.0-4.0,2.453022022146594,2.453022022146594,0.3226257148952846,True,2.1819072743951784,2.1819072743951784,0.3217719715152889,2.317464648270886,0.27111474775141575,2.1819072743951784,0.3217719715152889,0.5,0.31,model_agreement_0.625_kelly,away,3.3987526832007786,True,0.3256038313490388,3.071216932112897,False,-0.31
2025-05,data\historical_csv\football-data\2425\SP1.csv:362,data\historical_csv\football-data\2425\SP1.csv,362,2025-05-18,SP1,Ath Madrid,Betis,home,0.4974630009062348,0.4937957087088681,2.0682,2.09,2.126828475168119,0.0016672921973667,4,0.0,1XB,2.0-3.0,sportsbook,0.4835122328594913,1.028852978474275,0.0036672921973667,0.003351590358136,0.7266786637687377,0.2474694372706366,0.3614957487729291,0.25,1.0540566676336738,home:2.0-3.0,home:sportsbook,sportsbook:2.0-3.0,1.7122552733555492,1.7122552733555492,0.4917911965639471,True,1.9258279168666848,1.9258279168666848,0.4928238464213649,1.819041595111117,0.21357264351113558,1.7122552733555492,0.4917911965639471,0.5,0.5,model_agreement_0.625_kelly,home,28.683796979404264,True,0.6222019001034922,1.6071953490236337,True,0.53
2025-10,data\historical_csv\football-data\2526\F2.csv:77,data\historical_csv\football-data\2526\F2.csv,77,2025-10-03,F2,Guingamp,Nancy,away,0.3406356479880296,0.3366577039094627,3.499,3.55,17.796530597921013,0.0019779440785668,8,0.0,PS,3.0-4.0,sportsbook,0.2857959416976279,1.1918841323101157,0.0039779440785668,0.0058066267880347,1.2524772133855508,0.1160326446802248,0.4266383871718288,0.125,1.457559302657896,away:3.0-4.0,away:sportsbook,sportsbook:3.0-4.0,15.721975034838708,13.563693215830664,0.3245604264527884,True,15.825812108301474,15.825812108301474,0.3310254704438453,15.773893571570092,0.10383707346276516,13.563693215830664,0.3245604264527884,1.0,3.39,model_agreement_0.625_kelly,draw,12.254786120251282,True,0.3208196230930302,3.1170163170163168,False,-3.39
2025-10,data\historical_csv\football-data\2526\B1.csv:90,data\historical_csv\football-data\2526\B1.csv,90,2025-10-24,B1,Charleroi,Anderlecht,home,0.3577911552626501,0.3477430706724538,3.0874,3.13,7.362195639413405,0.0080480845901962,8,0.0,PS,3.0-4.0,sportsbook,0.3238971302714258,1.1046444127579058,0.0100480845901962,0.0224938053158084,1.1273293127656037,0.1280145107841818,0.4033484571758547,0.125,1.3798017749562907,home:3.0-4.0,home:sportsbook,sportsbook:3.0-4.0,5.453618156334521,3.2953363373264786,0.3345706301008178,True,6.270065330211905,6.270065330211905,0.3442056919421258,5.861841743273213,0.8164471738773837,3.2953363373264786,0.3345706301008178,1.0,0.99,model_agreement_0.625_kelly,home,7.514371255769103,True,0.3482359631268029,2.871616104841736,True,2.07
2025-10,data\historical_csv\football-data\2526\F2.csv:99,data\historical_csv\football-data\2526\F2.csv,99,2025-10-25,F2,Annecy,St Etienne,home,0.2711367613210543,0.2577143955622994,4.0478000000000005,4.11,4.317633035707602,0.0114223657587548,8,0.0,PS,4.0-5.0,sportsbook,0.2470477790404664,1.097507382475364,0.0134223657587548,0.0421276912179001,1.3981735236499684,0.0735151433396704,0.379096240967299,0.125,1.5366371856317065,home:4.0-5.0,home:sportsbook,sportsbook:4.0-5.0,5.652767711343676,3.494485892335634,0.255680828826364,True,5.197888645814741,5.197888645814741,0.2598890474969483,5.425328178579209,0.4548790655289352,3.494485892335634,0.255680828826364,1.0,0.72,model_agreement_0.625_kelly,home,-7.341750525725765,False,0.2289101474239691,4.3685263028024695,True,2.19
2025-10,data\historical_csv\football-data\2526\SP2.csv:119,data\historical_csv\football-data\2526\SP2.csv,119,2025-10-26,SP2,Almeria,Castellon,away,0.2682081161683699,0.260297829288861,4.087,4.15,6.3837228303574856,0.0059102868795088,8,0.0,PS,4.0-5.0,sportsbook,0.2446782481037435,1.0961665707801278,0.0079102868795088,0.022036196979955,1.4078112045821405,0.0719355935785858,0.3775863911016994,0.125,1.5414729630536028,away:4.0-5.0,away:sportsbook,sportsbook:4.0-5.0,6.637253749823666,4.478971930815623,0.2556373181571217,True,6.220301550740404,6.220301550740404,0.2598979729648652,6.428777650282035,0.4169521990832621,4.478971930815623,0.2556373181571217,1.0,0.91,model_agreement_0.625_kelly,home,8.676118818117583,True,0.2659068236313129,3.760715826482616,False,-0.91
2025-10,data\historical_csv\football-data\2526\SP2.csv:118,data\historical_csv\football-data\2526\SP2.csv,118,2025-10-26,SP2,Malaga,Andorra,away,0.3006769352956935,0.2938413046612447,3.6558,3.71,7.42250415805783,0.0048356306344488,8,0.0,PS,3.0-4.0,sportsbook,0.2735379397122381,1.0992147400539962,0.0068356306344488,0.0160824794548785,1.2963149475003666,0.0904066194188106,0.389772005592408,0.125,1.482575633240346,away:3.0-4.0,away:sportsbook,sportsbook:3.0-4.0,5.948516099070281,3.790234280062238,0.2839056684721873,True,6.0854559157398125,6.0854559157398125,0.2901839704462493,6.0169860074050465,0.13693981666953192,3.790234280062238,0.2839056684721873,1.0,0.89,model_agreement_0.625_kelly,home,-5.614042025070553,False,0.2581814048222809,3.8732456378427007,False,-0.89
2025-11,data\historical_csv\football-data\2526\B1.csv:104,data\historical_csv\football-data\2526\B1.csv,104,2025-11-02,B1,St Truiden,Antwerp,away,0.277940908734857,0.2698996094017852,3.8861,4.1,4.885687209627743,0.0060412993330718,6,0.05,BFE,3.0-4.0,exchange,0.2573273976480276,1.0801061654345276,0.0080412993330717,0.0217359127181776,1.3574060840261055,0.0772511487483581,0.3772786805164395,0.1666666666666666,5.504233035691319,away:3.0-4.0,away:exchange,exchange:3.0-4.0,5.558077030554077,3.4487644729246774,0.2662020135172144,True,5.662032628611424,3.5307230148789337,0.2664129153003756,5.610054829582751,0.10395559805734678,3.4487644729246774,0.2662020135172144,1.0,0.75,model_agreement_0.625_kelly,home,9.71310711050235,True,0.2823218834062488,3.542056279643912,False,-0.75
2025-11,data\historical_csv\football-data\2526\E2.csv:195,data\historical_csv\football-data\2526\E2.csv,195,2025-11-25,E2,Peterboro,Stevenage,home,0.3814568809691414,0.3765333921484713,3.45,3.5,29.90402029122261,0.00292348882067,8,0.0,PS,3.0-4.0,sportsbook,0.2898550724637681,1.3160262393435378,0.00492348882067,0.0076640086115173,1.2383742310432684,0.1455093520387056,0.472386371646324,0.125,1.4492753623188248,home:3.0-4.0,home:sportsbook,sportsbook:3.0-4.0,26.11593046823219,24.006617910602788,0.3594394722046457,True,27.05433839586877,25.16220536599896,0.3627890010608665,26.58513443205048,0.9384079276365789,24.006617910602788,0.3594394722046457,1.0,6.12,model_agreement_0.625_kelly,away,44.25340839057355,True,0.4181258214219523,2.391624599024341,False,-6.12
2025-11,data\historical_csv\football-data\2526\E3.csv:216,data\historical_csv\football-data\2526\E3.csv,216,2025-11-29,E3,Shrewsbury,Gillingham,home,0.3894132408376038,0.3872188984552482,2.715,2.75,5.129930930599902,0.0001943423823555,7,0.0,BMGM,2.0-3.0,sportsbook,0.3683241252302026,1.0572569488740944,0.0021943423823555,0.0004990646490025,0.9987919533858988,0.1516426721396456,0.3889428114905237,0.1428571428571428,1.2891344383057168,home:2.0-3.0,home:sportsbook,sportsbook:2.0-3.0,5.68443267283868,3.57512011520928,0.3814921551204762,True,5.926507305149031,4.437480877294964,0.3846684378537568,5.805469988993856,0.2420746323103513,3.57512011520928,0.3814921551204762,1.0,1.3,model_agreement_0.625_kelly,draw,4.576014323264044,True,0.3851786899567737,2.5961976248276457,False,-1.3
2025-12,data\historical_csv\football-data\2526\I2.csv:147,data\historical_csv\football-data\2526\I2.csv,147,2025-12-08,I2,Mantova,Reggiana,away,0.2633631755644789,0.256005013570644,4.136,4.2,5.883673612818363,0.005358161993835,7,0.0,BMGM,4.0-5.0,sportsbook,0.241779497098646,1.0892700941346851,0.0073581619938349,0.0203451449973998,1.419729137206128,0.0693601622434065,0.3739043740160237,0.1428571428571428,1.547388781431347,away:4.0-5.0,away:sportsbook,sportsbook:4.0-5.0,7.609182747437169,5.527844711799832,0.2551446922432298,True,8.096636878558527,5.841134436088247,0.255902162563076,7.852909812997848,0.4874541311213587,5.527844711799832,0.2551446922432298,1.0,1.1,model_agreement_0.625_kelly,away,28.117482364573053,True,0.3097618045565112,3.228286978220924,True,3.45
2026-01,data\historical_csv\football-data\2526\F2.csv:157,data\historical_csv\football-data\2526\F2.csv,157,2026-01-03,F2,Bastia,Grenoble,away,0.2765583089752307,0.2647323304282794,3.94,4.0,4.304538188742102,0.0098259785469512,7,0.0,BMGM,3.0-4.0,sportsbook,0.2538071065989847,1.089639737362409,0.0118259785469512,0.0355295003912947,1.3711807233098423,0.0764844982632391,0.3792114221380037,0.1428571428571428,1.522842639593902,away:3.0-4.0,away:sportsbook,sportsbook:3.0-4.0,5.826169682449821,3.771673343175312,0.2633798815816632,True,6.13239210082277,4.061684093472406,0.2641159494758183,5.979280891636296,0.3062224183729487,3.771673343175312,0.2633798815816632,1.0,0.8,model_agreement_0.625_kelly,home,3.794955360494612,True,0.2634389729961792,3.795945560471432,False,-0.8
2026-01,data\historical_csv\football-data\2526\E2.csv:340,data\historical_csv\football-data\2526\E2.csv,340,2026-01-31,E2,Wigan,Lincoln,away,0.4289168186315699,0.4236239993459098,2.568,2.6,8.786643032029652,0.0032928192856601,5,0.0,BMGM,2.0-3.0,sportsbook,0.3894080996884735,1.1014583902458717,0.0052928192856601,0.0076770579809988,0.9431273858277148,0.183969637305027,0.4045231978935326,0.2,1.2461059190031154,away:2.0-3.0,away:sportsbook,sportsbook:2.0-3.0,7.826117746427066,5.771621407152557,0.4118832609312794,True,8.368406730333145,7.018767602699705,0.4167397492316966,8.097262238380106,0.5422889839060794,5.771621407152557,0.4118832609312794,1.0,2.3,model_agreement_0.625_kelly,away,12.150170737052978,True,0.4367218486645365,2.289786973236917,True,3.61
2026-04,data\historical_csv\football-data\2526\T1.csv:244,data\historical_csv\football-data\2526\T1.csv,244,2026-04-04,T1,Kasimpasa,Kayserispor,away,0.2996129769863386,0.2894900447798069,3.65335,3.85,5.760845509630763,0.0081229322065317,5,0.05,BFE,3.0-4.0,exchange,0.2737213790083074,1.0945910694730403,0.0101229322065317,0.0271114164954949,1.2956445548851494,0.0897679359786162,0.3881919222052792,0.2,5.382730918198364,away:3.0-4.0,away:exchange,exchange:3.0-4.0,5.123323917305949,5.123323917305949,0.2877450118858197,True,5.436170150848674,5.436170150848674,0.2886013389104484,5.279747034077311,0.3128462335427251,5.123323917305949,0.2877450118858197,1.0,1.21,model_agreement_0.625_kelly,home,5.62025871425289,True,0.289105228664795,3.4589481643704785,False,-1.21
2026-04,data\historical_csv\football-data\2526\E1.csv:483,data\historical_csv\football-data\2526\E1.csv,483,2026-04-06,E1,Bristol City,Sheffield United,home,0.3328367737816556,0.3195785491438686,3.205,3.25,2.42492500060989,0.011258224637787,5,0.0,BW,3.0-4.0,sportsbook,0.31201248049922,1.0667418599702063,0.013258224637787,0.0338250623868039,1.1647120903726331,0.110780317981381,0.3876590145441154,0.2,1.4040561622464809,home:3.0-4.0,home:sportsbook,sportsbook:3.0-4.0,4.189740759638364,4.189740759638364,0.3250849945698544,True,3.566183162410508,3.566183162410508,0.3231394170434025,3.877961961024436,0.6235575972278564,3.566183162410508,0.3231394170434025,1.0,1.01,model_agreement_0.625_kelly,home,19.961321697737656,True,0.3742942954687602,2.6716944717194147,True,2.23
2026-04,data\historical_csv\football-data\2526\I2.csv:349,data\historical_csv\football-data\2526\I2.csv,349,2026-04-19,I2,Carrarese,Pescara,away,0.3168417485598102,0.3145168408276297,3.254,3.3,2.343780005310725,0.0003249077321804,5,0.0,BMGM,3.0-4.0,sportsbook,0.3073140749846343,1.0310030498136225,0.0023249077321804,0.0010254574520477,1.179885008796846,0.100388693630438,0.3738368292866997,0.2,1.41364474492931,away:3.0-4.0,away:sportsbook,sportsbook:3.0-4.0,2.8896818097643964,2.8896818097643964,0.3161944739083109,True,2.7794442421120724,2.7794442421120724,0.3158556983469947,2.8345630259382344,0.11023756765232395,2.7794442421120724,0.3158556983469947,1.0,0.77,model_agreement_0.625_kelly,draw,-1.836415802471936,False,0.301670510748396,3.3148748862431425,False,-0.77
2026-04,data\historical_csv\football-data\2526\G1.csv:199,data\historical_csv\football-data\2526\G1.csv,199,2026-04-19,G1,AEK,PAOK,home,0.422964047804546,0.4123549264756993,2.4014,2.43,-0.9770879561255552,0.0086091213288466,5,0.0,BMGM,2.0-3.0,sportsbook,0.4164237528108603,1.015705864397837,0.0106091213288466,0.0203542626696843,0.8760519006144807,0.1788985857352062,0.3705384579707665,0.2,1.1909719330390534,home:2.0-3.0,home:sportsbook,sportsbook:2.0-3.0,1.958243324594656,1.958243324594656,0.4245783431523056,True,1.3425330773460642,1.3425330773460642,0.4220143794342719,1.65038820097036,0.6157102472485918,1.3425330773460642,0.4220143794342719,1.0,0.6,model_agreement_0.625_kelly,home,8.533610079770826,True,0.4519597321552878,2.212586495773062,True,0.84
2026-04,data\historical_csv\football-data\2526\SP1.csv:329,data\historical_csv\football-data\2526\SP1.csv,329,2026-04-26,SP1,Osasuna,Sevilla,away,0.2694154097004101,0.2657368498246257,3.94,4.0,4.700318830902539,0.0016785598757843,4,0.0,B365,3.0-4.0,sportsbook,0.2538071065989847,1.061496714219616,0.0036785598757844,0.006230378127409,1.3711807233098423,0.0725846629840398,0.3694172163438259,0.25,1.522842639593902,away:3.0-4.0,away:sportsbook,sportsbook:3.0-4.0,3.093194263176532,3.093194263176532,0.2616578534598389,True,3.681245101484465,3.681245101484465,0.2631503682778793,3.3872196823304987,0.5880508383079328,3.093194263176532,0.2616578534598389,0.5,0.33,model_agreement_0.625_kelly,home,-11.315467735070284,False,0.2250876453424612,4.442713852546384,False,-0.33
