test_month,candidate_id,match_key,source_file,source_row,date,league,home_team,away_team,outcome,probability,conservative_probability,odds,raw_odds,conservative_ev_pct,reference_dispersion,reference_bookmakers,execution_cost_rate,execution_bookmaker,odds_band,source_type,implied_probability,price_ratio,probability_uncertainty,relative_dispersion,log_odds,probability_squared,odds_probability_interaction,reference_depth_inverse,raw_net_odds_gap_pct,outcome_odds_band,outcome_source_type,source_odds_band,consensus_home_probability,consensus_draw_probability,consensus_away_probability,consensus_entropy,consensus_favorite_probability,selected_vs_favorite_probability,home_away_probability_gap,consensus_max_dispersion,execution_quote_advantage_pct,execution_book_overround,execution_selected_probability_gap,execution_nonselected_mean_absolute_gap,execution_selection_specificity,consensus_favorite_outcome,predicted_closing_edge_pct,lower_closing_edge_pct,stake,estimated_probability_from_lower_clv,estimated_probability_from_unshrunk_training_market,estimated_probability_from_training_market,market_calibration_weight,estimated_probability_from_training_market_logistic,estimated_probability_from_validated_market_residual,outcome_probability_weight,staking_probability_profile,decision_frozen_before_closing_and_result,closing_probability,closing_fair_odds,closing_edge_pct,positive_clv,actual_outcome,won,profit
2021-11,data\historical_csv\football-data\2122\B1.csv:119:home,data\historical_csv\football-data\2122\B1.csv:119,data\historical_csv\football-data\2122\B1.csv,119,2021-11-05,B1,Oud-Heverlee Leuven,Oostende,home,0.4970961823934177,0.4903947771720581,2.225,2.25,9.112837920782923,0.004701405221359606,5,0.0,WH,2.0-3.0,sportsbook,0.449438202247191,1.1060390058253544,0.006701405221359591,0.009457737532248366,0.7997569156182036,0.24710461455010999,0.3975561095965437,0.2,1.1235955056179803,home:2.0-3.0,home:sportsbook,sportsbook:2.0-3.0,0.4970961823934177,0.24139383245115956,0.2615099851554228,1.041314249009638,0.4970961823934177,0.0,0.2355861972379949,0.005710115641130082,15.97938144329898,0.0793650793650793,0.08533147651106476,0.042665738255532396,0.04266573825553237,home,10.065144156490614,5.921238640934669,0.48,0.4760505107457738,0.49810976460261425,0.4760505107457738,0.0,,,0.0,lower_clv,True,0.5421595740457542,1.844475405161078,20.630505225180308,True,home,True,0.59
2021-11,data\historical_csv\football-data\2122\SP2.csv:163:home,data\historical_csv\football-data\2122\SP2.csv:163,data\historical_csv\football-data\2122\SP2.csv,163,2021-11-07,SP2,Almeria,Burgos,home,0.6294575586352333,0.616145259982506,1.7153999999999998,1.73,5.693557897399071,0.011312298652727289,5,0.0,WH,1.5-2.0,sportsbook,0.5829544129649062,1.0797714960828793,0.013312298652727317,0.017971503396121254,0.5396462895741839,0.3962168181230282,0.339684435961928,0.2,0.8511134429287637,home:1.5-2.0,home:sportsbook,sportsbook:1.5-2.0,0.6294575586352333,0.23911569881435893,0.13142674255040773,0.9002075491818455,0.6294575586352333,0.0,0.4980308160848256,0.012114982843738496,13.815789473684204,0.08048566247308186,0.09448083274524455,0.04724041637262223,0.047240416372622315,home,8.297395107640082,4.153489592084136,0.58,0.6071673638339987,0.6324901565865254,0.6071673638339987,0.0,,,0.0,lower_clv,True,0.6733347606525323,1.4851453666685717,15.50384484233538,True,home,True,0.41
2021-11,data\historical_csv\football-data\2122\SP2.csv:189:home,data\historical_csv\football-data\2122\SP2.csv:189,data\historical_csv\football-data\2122\SP2.csv,189,2021-11-26,SP2,Alcorcon,Lugo,home,0.42539013641633056,0.4139378549031113,2.4699999999999998,2.5,2.2426501610684824,0.009452281513219255,5,0.0,WH,2.0-3.0,sportsbook,0.40485829959514175,1.0507136369483363,0.011452281513219253,0.02222026489106997,0.9042181506398858,0.18095676816030432,0.38464548245082314,0.2,1.2145748987854255,home:2.0-3.0,home:sportsbook,sportsbook:2.0-3.0,0.42539013641633056,0.3119527667053091,0.2626570968783603,1.0781443004988684,0.42539013641633056,0.0,0.16273303953797025,0.009452281513219255,8.69565217391306,0.08055555555555549,0.055210187830212254,0.027605093915106182,0.02760509391510607,home,5.803498281094251,1.6595927655383056,0.11,0.41157729864590414,0.4252107763924143,0.41157729864590414,0.0,,,0.0,lower_clv,True,0.4067551749975636,2.4584813211189998,0.4685282243982014,True,draw,False,-0.11
2021-12,data\historical_csv\football-data\2122\B1.csv:146:home,data\historical_csv\football-data\2122\B1.csv:146,data\historical_csv\football-data\2122\B1.csv,146,2021-12-03,B1,St Truiden,St. Gilloise,home,0.2491322587215617,0.23960760899493816,4.43,4.5,6.1461707847575875,0.007524649726623528,5,0.0,WH,4.0-5.0,sportsbook,0.22573363431151244,1.1036559061365183,0.009524649726623535,0.030203433972126915,1.4883995840570443,0.06206688233570715,0.3708083502563644,0.2,1.5801354401805856,home:4.0-5.0,home:sportsbook,sportsbook:4.0-5.0,0.2491322587215617,0.2780991634364587,0.4727685778419797,1.0563161756054789,0.4727685778419797,-0.22363631912041798,0.22363631912041798,0.007524649726623528,12.5,0.0771241830065359,0.04282157910991122,0.051937137457433724,-0.009115558347522507,away,9.403535922442597,5.789725757451002,0.17,0.23880299268047633,0.24670329000871832,0.2425063078275715,0.46875642690769903,,,0.0,lower_clv,True,0.210824674735707,4.743277803006764,-6.604669092081794,False,away,False,-0.17
2021-12,data\historical_csv\football-data\2122\D2.csv:139:home,data\historical_csv\football-data\2122\D2.csv:139,data\historical_csv\football-data\2122\D2.csv,139,2021-12-04,D2,Hansa Rostock,Ingolstadt,home,0.6345145420320519,0.6093168669209921,1.8134000000000001,1.83,10.493520647452703,0.023197675111059853,5,0.0,B365,1.5-2.0,sportsbook,0.5514503143266791,1.150628670520923,0.02519767511105986,0.03655972176267009,0.5952035362298188,0.4026087040501446,0.3776652992067213,0.2,0.9154075217822744,home:1.5-2.0,home:sportsbook,sportsbook:1.5-2.0,0.6345145420320519,0.2292089706251252,0.13627648734282283,0.897898628119901,0.6345145420320519,0.0,0.4982380546892291,0.023197675111059853,21.19205298013245,0.0510920502799912,0.11462849847751222,0.05731424923875611,0.05731424923875611,home,11.108663590257557,7.494853425265962,0.92,0.5927807070986322,0.6355457857721719,0.6128271125740673,0.46875642690769903,,,0.0,lower_clv,True,0.6064923221779523,1.6488254895114527,9.98131770374988,True,draw,False,-0.92
2021-12,data\historical_csv\football-data\2122\D2.csv:147:away,data\historical_csv\football-data\2122\D2.csv:147,data\historical_csv\football-data\2122\D2.csv,147,2021-12-10,D2,Schalke 04,Nurnberg,away,0.30219022088253183,0.28789405526619943,3.842,3.9,10.608896033273819,0.012296165616332415,5,0.0,BW,3.0-4.0,sportsbook,0.2602811035918792,1.1610148286306874,0.014296165616332401,0.040690150662129505,1.345993064346365,0.09131892959703337,0.4067459414211839,0.2,1.5096304008328953,away:3.0-4.0,away:sportsbook,sportsbook:3.0-4.0,0.41855476620620097,0.27925501291126714,0.30219022088253183,1.0823958941160785,0.41855476620620097,-0.11636454532366913,0.11636454532366913,0.015150202068281668,17.469879518072283,0.05944055944055959,0.060166018462289805,0.030083009231144875,0.03008300923114493,home,8.653276195015541,5.039466030023947,0.18,0.2733978813899634,0.3000406779946549,0.28588686352920717,0.46875642690769903,,,0.0,lower_clv,True,0.2724408326726931,3.6705217429774453,4.67176791284869,True,home,False,-0.18
2021-12,data\historical_csv\football-data\2122\I2.csv:162:home,data\historical_csv\football-data\2122\I2.csv:162,data\historical_csv\football-data\2122\I2.csv,162,2021-12-10,I2,Cremonese,Crotone,home,0.5471061763299465,0.5330356378786342,1.9604,1.98,4.49630644972745,0.012070538451312295,5,0.0,BW,1.5-2.0,sportsbook,0.5100999795960008,1.0725469480772272,0.014070538451312342,0.022062515419370526,0.6731485340532554,0.2993251681783745,0.36828372056798536,0.2,0.9997959600081652,home:1.5-2.0,home:sportsbook,sportsbook:1.5-2.0,0.5471061763299465,0.25708740266775676,0.19580642100229662,0.9984659810958169,0.5471061763299465,0.0,0.3512997553276499,0.012070538451312295,13.142857142857146,0.06943842237959874,0.07484849932716847,0.03742424966358432,0.03742424966358415,home,6.138147497794804,2.524337332803209,0.26,0.5229766238155643,0.5472597124394177,0.5343594776731648,0.46875642690769903,,,0.0,lower_clv,True,0.5471942588407068,1.8275045540839803,7.271962503132157,True,home,True,0.25
2021-12,data\historical_csv\football-data\2122\B1.csv:162:home,data\historical_csv\football-data\2122\B1.csv:162,data\historical_csv\football-data\2122\B1.csv,162,2021-12-12,B1,Gent,Genk,home,0.5207001905742764,0.5087468653108813,2.029,2.05,3.224738971577823,0.009953325263395072,5,0.0,WH,2.0-3.0,sportsbook,0.49285362247412523,1.0565006866752067,0.011953325263395098,0.019115271020772286,0.7075430608436777,0.2711286884640878,0.3684178066208098,0.2,1.0349926071956617,home:2.0-3.0,home:sportsbook,sportsbook:2.0-3.0,0.5207001905742764,0.25030388493923683,0.22899592448648676,1.0240414572357663,0.5207001905742764,0.0,0.29170426608778965,0.02180935764366524,2.499999999999991,0.06763681082188988,0.063798673968402,0.031899336984200916,0.03189933698420108,home,5.651247816109325,2.03743765111773,0.2,0.5028952077433106,0.5205750989025622,0.5111827703512384,0.46875642690769903,,,0.0,lower_clv,True,0.5960204915290852,1.6777946634594878,20.93255773125138,True,home,True,0.21
2022-01,data\historical_csv\football-data\2122\SP2.csv:239:away,data\historical_csv\football-data\2122\SP2.csv:239,data\historical_csv\football-data\2122\SP2.csv,239,2022-01-02,SP2,Mirandes,Zaragoza,away,0.4296060844392185,0.4144572229411089,2.568,2.6,6.4326148512767745,0.013148861498109581,5,0.0,B365,2.0-3.0,sportsbook,0.3894080996884735,1.1032284248399131,0.015148861498109567,0.030606786017179668,0.9431273858277147,0.18456138778719694,0.4051732633528406,0.2,1.2461059190031154,away:2.0-3.0,away:sportsbook,sportsbook:2.0-3.0,0.27244130861100085,0.2979526069497806,0.4296060844392185,1.0779998094380936,0.4296060844392185,0.0,0.15716477582821764,0.013148861498109581,0.0,0.10256410256410242,0.0807688751368929,0.04038443756844651,0.040384437568446396,away,3.5787814338953194,1.786237994824518,0.11,0.39636385512003314,0.4324273413787716,0.39636385512003314,0.0,,,0.0,lower_clv,True,0.3967693520738231,2.520355956863169,1.890369612557774,True,home,False,-0.11
2022-01,data\historical_csv\football-data\2122\N1.csv:164:home,data\historical_csv\football-data\2122\N1.csv:164,data\historical_csv\football-data\2122\N1.csv,164,2022-01-14,N1,Zwolle,Willem II,home,0.3123726560091148,0.3085295519898937,3.45,3.5,6.442695436513324,0.001843104019221093,5,0.0,BW,3.0-4.0,sportsbook,0.2898550724637681,1.077685663231446,0.0038431040192211108,0.005900337253486466,1.2383742310432684,0.09757667622218875,0.3868342476842309,0.2,1.4492753623188248,home:3.0-4.0,home:sportsbook,sportsbook:3.0-4.0,0.3123726560091148,0.28742095330835943,0.4002063906825257,1.0883213604878528,0.4002063906825257,-0.08783373467341093,0.08783373467341093,0.006698571057630517,14.006514657980462,0.05602240896358546,0.041815626831396,0.029814177864640967,0.012001448966755035,away,4.811650264541278,3.0191068254704767,0.12,0.29860610674049415,0.30846087035394376,0.29860610674049415,0.0,,,0.0,lower_clv,True,0.391542573256002,2.554000684227436,35.082187773320705,True,home,True,0.29
2022-02,data\historical_csv\football-data\2122\SP2.csv:284:home,data\historical_csv\football-data\2122\SP2.csv:284,data\historical_csv\football-data\2122\SP2.csv,284,2022-02-06,SP2,Fuenlabrada,Valladolid,home,0.2701310785941815,0.25935151130725165,3.94,4.0,2.184495455057145,0.008779567286929862,5,0.0,WH,3.0-4.0,sportsbook,0.25380710659898476,1.064316449661075,0.010779567286929859,0.03250113734643404,1.3711807233098425,0.07297079962245587,0.37039852773523774,0.2,1.522842639593902,home:3.0-4.0,home:sportsbook,sportsbook:3.0-4.0,0.2701310785941815,0.286502659115041,0.44336626229077747,1.0723069454416747,0.44336626229077747,-0.17323518369659596,0.17323518369659596,0.008779567286929862,14.28571428571428,0.07258064516129026,0.0370483718272642,0.018524185913632113,0.018524185913632085,away,3.8701711433338595,3.8701711433338595,0.13,0.2636298759983093,0.26565975159950267,0.2648009962215515,0.5769418690257264,,,0.0,lower_clv,True,0.2481342340157285,4.030076720234471,-2.235111797802969,False,draw,False,-0.13
2022-02,data\historical_csv\football-data\2122\B1.csv:235:away,data\historical_csv\football-data\2122\B1.csv:235,data\historical_csv\football-data\2122\B1.csv,235,2022-02-12,B1,Eupen,Gent,away,0.5487808885282728,0.5413274488873124,1.98,2.0,7.182834879687872,0.005453439640960315,5,0.0,WH,1.5-2.0,sportsbook,0.5050505050505051,1.08658615928598,0.0074534396409603465,0.009937371644966383,0.6830968447064438,0.30116046361388055,0.3748704933888618,0.2,1.0101010101010166,away:1.5-2.0,away:sportsbook,sportsbook:1.5-2.0,0.2061899695591947,0.24502914191253244,0.5487808885282728,0.9994680744697002,0.5487808885282728,0.0,0.3425909189690781,0.014666746370665978,14.28571428571428,0.11669829222011385,0.10103237535919884,0.05051618767959949,0.05051618767959935,away,6.240087174738196,6.240087174738196,0.64,0.5365660968421122,0.5533302770082951,0.5462380542798737,0.5769418690257264,,,0.0,lower_clv,True,0.6164081927458258,1.6223016043077598,22.04882216367352,True,away,True,0.63
2022-02,data\historical_csv\football-data\2122\B1.csv:240:home,data\historical_csv\football-data\2122\B1.csv:240,data\historical_csv\football-data\2122\B1.csv,240,2022-02-13,B1,St. Gilloise,St Truiden,home,0.6812181510308626,0.6642446755720056,1.6076000000000001,1.62,6.783974044955632,0.014973475458856913,5,0.0,WH,1.5-2.0,sportsbook,0.6220452848967404,1.0951262995972149,0.016973475458856968,0.021980441120363715,0.4747423835929091,0.4640581692939071,0.32340312876714605,0.2,0.771336153271962,home:1.5-2.0,home:sportsbook,sportsbook:1.5-2.0,0.6812181510308626,0.20140362726129854,0.11737822170783885,0.8357048231648554,0.6812181510308626,0.0,0.5638399293230237,0.014973475458856913,10.95890410958904,0.07091803583031653,0.10481180622718744,0.052405903113593735,0.05240590311359371,home,5.995949436480497,5.995949436480497,0.99,0.65934280565116,0.6893919240879278,0.6766794002046442,0.5769418690257264,,,0.0,lower_clv,True,0.6490116865650626,1.5408043039911443,4.335118732199472,True,away,False,-0.99
2022-02,data\historical_csv\football-data\2122\G1.csv:150:draw,data\historical_csv\football-data\2122\G1.csv:150,data\historical_csv\football-data\2122\G1.csv,150,2022-02-13,G1,Panathinaikos,Lamia,draw,0.22408006750908355,0.21791294030393316,4.675,4.75,1.8742995920887573,0.004167127205150378,5,0.0,BW,4.0-5.0,sportsbook,0.21390374331550802,1.0475743156049655,0.006167127205150391,0.018596599204351163,1.5422291627406504,0.05021187665487544,0.3455828149014023,0.2,1.6042780748663166,draw:4.0-5.0,draw:sportsbook,sportsbook:4.0-5.0,0.6762378765669073,0.22408006750908355,0.09968205592400917,0.8295633031497411,0.6762378765669073,-0.4521578090578237,0.5765558206428981,0.004167127205150378,3.0368763557483636,0.06766917293233088,0.026896968917534264,0.02067227651863214,0.0062246923989021236,home,4.736275789748725,4.736275789748725,0.13,0.22403481452352672,0.21867010014594077,0.2209396861837331,0.5769418690257264,,,0.0,lower_clv,True,0.23340336752290852,4.284428329432094,9.116074316959732,True,home,False,-0.13
2022-02,data\historical_csv\football-data\2122\B1.csv:241:draw,data\historical_csv\football-data\2122\B1.csv:241,data\historical_csv\football-data\2122\B1.csv,241,2022-02-13,B1,Club Brugge,Charleroi,draw,0.23314277042089387,0.2250482332872087,4.6064,4.68,3.6662181814198114,0.006094537133685187,5,0.0,PS,4.0-5.0,sportsbook,0.21708926710663426,1.0739488576668055,0.008094537133685187,0.02614079399795536,1.5274466408757743,0.05435555139952963,0.3561131415238662,0.2,1.5977770059048213,draw:4.0-5.0,draw:sportsbook,sportsbook:4.0-5.0,0.5592961966136106,0.23314277042089387,0.20756103296549547,0.9908282296673736,0.5592961966136106,-0.32615342619271676,0.3517351636481152,0.015089688409223048,11.42857142857141,0.04972971204251464,0.029590168999853284,0.01479508449992667,0.014795084499926614,home,4.6604149228751535,4.6604149228751535,0.13,0.2272065277068321,0.22789111449175087,0.22760149448603345,0.5769418690257264,,,0.0,lower_clv,True,0.1997959775453074,5.0051057698257795,-7.965980903529601,False,home,False,-0.13
2022-02,data\historical_csv\football-data\2122\T1.csv:247:away,data\historical_csv\football-data\2122\T1.csv:247,data\historical_csv\football-data\2122\T1.csv,247,2022-02-13,T1,Trabzonspor,Konyaspor,away,0.24089651973404522,0.2301125271168716,4.537800000000001,4.61,4.420462555094007,0.00878399261717361,5,0.0,PS,4.0-5.0,sportsbook,0.22037110494072013,1.0931402272491506,0.01078399261717361,0.03646375890723254,1.512442313107902,0.05803113321997524,0.3643420895262027,0.2,1.591079377672,away:4.0-5.0,away:sportsbook,sportsbook:4.0-5.0,0.4748607655189093,0.2842427147470455,0.24089651973404522,1.0540904809733949,0.4748607655189093,-0.2339642457848641,0.2339642457848641,0.009441661697252452,15.250000000000007,0.02999130872156286,0.030293053608145937,0.015146526804072885,0.015146526804073052,home,4.330323001925619,4.330323001925619,0.12,0.22991388558756579,0.2357912386023673,0.23330477662084936,0.5769418690257264,,,0.0,lower_clv,True,0.2211887510767498,4.521025572647735,0.3710314636075296,True,home,False,-0.12
2022-02,data\historical_csv\football-data\2122\B1.csv:239:home,data\historical_csv\football-data\2122\B1.csv:239,data\historical_csv\football-data\2122\B1.csv,239,2022-02-13,B1,Genk,Standard,home,0.5631690651038209,0.5510857689691911,1.8623999999999998,1.88,2.634213612822145,0.010083296134629818,5,0.0,WH,1.5-2.0,sportsbook,0.5369415807560138,1.048846066849356,0.012083296134629773,0.017904563228754316,0.6218659785549815,0.3171593958899117,0.3502156817626817,0.2,0.9450171821305808,home:1.5-2.0,home:sportsbook,sportsbook:1.5-2.0,0.5631690651038209,0.2336537558747004,0.20317717902147864,0.9868692823022986,0.5631690651038209,0.0,0.3599918860823423,0.018296384646039804,9.302325581395344,0.0728505661316412,0.0673731822392225,0.03368659111961125,0.03368659111961125,home,2.8546967721954646,2.8546967721954646,0.33,0.5522696347304311,0.5681828345342632,0.5614506259674339,0.5769418690257264,,,0.0,lower_clv,True,0.5681843436959425,1.7599921770022209,5.818652169932315,True,home,True,0.28
2022-02,data\historical_csv\football-data\2122\SP2.csv:299:away,data\historical_csv\football-data\2122\SP2.csv:299,data\historical_csv\football-data\2122\SP2.csv,299,2022-02-18,SP2,Cartagena,Valladolid,away,0.471618301895688,0.4550706829437315,2.4210000000000003,2.45,10.17261234067741,0.014547618951956496,5,0.0,WH,2.0-3.0,sportsbook,0.41305245766212306,1.1417879088894607,0.0165476189519565,0.030846171349758436,0.8841806779559216,0.22242382268297228,0.4169957899065499,0.2,1.1978521272201448,away:2.0-3.0,away:sportsbook,sportsbook:2.0-3.0,0.25745007032042644,0.27093162778388563,0.471618301895688,1.057609548677693,0.471618301895688,0.0,0.21416823157526155,0.014547618951956496,20.098039215686292,0.06407724380074598,0.08803405772163148,0.04401702886081574,0.04401702886081574,away,8.23562409397871,8.23562409397871,0.58,0.4470699053861161,0.4735320433762118,0.4623370207365386,0.5769418690257264,,,0.0,lower_clv,True,0.4300016122003845,2.325572676071715,4.103390313713096,True,away,True,0.82
2022-02,data\historical_csv\football-data\2122\SP2.csv:303:home,data\historical_csv\football-data\2122\SP2.csv:303,data\historical_csv\football-data\2122\SP2.csv,303,2022-02-19,SP2,Sociedad B,Malaga,home,0.4319217041276469,0.42344699090373655,2.764,2.8,17.040748285792784,0.006474713223910373,5,0.0,WH,2.0-3.0,sportsbook,0.36179450072358904,1.193831590208816,0.008474713223910357,0.014990478973468961,1.0166789059054233,0.18655635849653054,0.43912568558930204,0.2,1.302460202604916,home:2.0-3.0,home:sportsbook,sportsbook:2.0-3.0,0.4319217041276469,0.29587297163484066,0.2722053242375124,1.0771177152137024,0.4319217041276469,0.0,0.15971637989013449,0.01131981226995188,24.99999999999998,0.07234081372012402,0.09887193807064987,0.04943596903532496,0.049435969035324906,home,13.377723037830066,13.377723037830066,0.76,0.41019436699649087,0.4324434648179354,0.4230308030777313,0.5769418690257264,,,0.0,lower_clv,True,0.43358126326571383,2.306372725767822,19.841861166643305,True,home,True,1.34
2022-02,data\historical_csv\football-data\2122\SP2.csv:300:home,data\historical_csv\football-data\2122\SP2.csv:300,data\historical_csv\football-data\2122\SP2.csv,300,2022-02-19,SP2,Zaragoza,Las Palmas,home,0.3794501867216367,0.37131356152285194,2.8326000000000002,2.87,5.178279436963051,0.0061366251987847705,5,0.0,WH,2.0-3.0,sportsbook,0.35303254960107316,1.0748305989077083,0.008136625198784775,0.016172413174450687,1.041195017798159,0.14398244420308498,0.39508164391714934,0.2,1.3203417355080127,home:2.0-3.0,home:sportsbook,sportsbook:2.0-3.0,0.3794501867216367,0.3106979180874614,0.30985189519090184,1.093926101547956,0.3794501867216367,0.0,0.06959829153073488,0.006594483356470222,13.438735177865624,0.07392225182756018,0.05500206661221502,0.02781024982222216,0.027191816789992856,home,5.57257055624887,5.57257055624887,0.3,0.3727055375141173,0.3781756146714248,0.3758614540529692,0.5769418690257264,,,0.0,lower_clv,True,0.3925170703102567,2.5476598997581723,11.184385336083324,True,home,True,0.55
2022-02,data\historical_csv\football-data\2122\I2.csv:232:draw,data\historical_csv\football-data\2122\I2.csv:232,data\historical_csv\football-data\2122\I2.csv,232,2022-02-19,I2,Ascoli,Alessandria,draw,0.3208522091227121,0.30977385240619226,3.205,3.25,-0.7174803038153765,0.009078356716519872,5,0.0,WH,3.0-4.0,sportsbook,0.31201248049922,1.0283313302382924,0.011078356716519855,0.028294512109928446,1.1647120903726333,0.10294614009892458,0.37370044718799134,0.2,1.4040561622464809,draw:3.0-4.0,draw:sportsbook,sportsbook:3.0-4.0,0.4158507098275497,0.3208522091227121,0.26329708104973826,1.0809787782015805,0.4158507098275497,-0.09499850070483756,0.15255362877781142,0.009078356716519872,3.833865814696491,0.06993006993007,0.03327050977630691,0.016635254888153372,0.01663525488815354,home,2.648958354702836,2.648958354702836,0.12,0.32027756116911965,0.3177338321428541,0.31880997739041106,0.5769418690257264,,,0.0,lower_clv,True,0.31778423369625863,3.1467892172265852,1.8498468996508866,True,home,False,-0.12
2022-02,data\historical_csv\football-data\2122\G1.csv:162:draw,data\historical_csv\football-data\2122\G1.csv:162,data\historical_csv\football-data\2122\G1.csv,162,2022-02-20,G1,AEK,Giannina,draw,0.2515139418766103,0.2477002236817007,4.2144,4.28,4.390782268415938,0.0018137181949096093,5,0.0,PS,4.0-5.0,sportsbook,0.23728170083523156,1.0599803566447865,0.00381371819490961,0.007211203408355778,1.438507232566825,0.0632592629583109,0.36180462448089595,0.2,1.5565679574791158,draw:4.0-5.0,draw:sportsbook,sportsbook:4.0-5.0,0.5781844550110454,0.2515139418766103,0.1703016031123443,0.9653845485324881,0.5781844550110454,-0.3266705131344351,0.4078828518987011,0.0039848948189615254,12.631578947368439,0.062064805880089,0.03152279018839263,0.021454234355916174,0.010068555832476456,home,4.071530610607374,4.071530610607374,0.13,0.2469426979181078,0.2466245019997244,0.2467591173702393,0.5769418690257264,,,0.0,lower_clv,True,0.2011690033990145,4.970944743492718,-15.219335207519325,False,home,False,-0.13
2022-02,data\historical_csv\football-data\2122\SP2.csv:304:away,data\historical_csv\football-data\2122\SP2.csv:304,data\historical_csv\football-data\2122\SP2.csv,304,2022-02-20,SP2,Fuenlabrada,Alcorcon,away,0.23763687025040894,0.2254549079556142,4.5868,4.66,3.4116571810811402,0.010181962294794742,5,0.0,PS,4.0-5.0,sportsbook,0.21801691811284554,1.0899927964645757,0.012181962294794735,0.042846727799711964,1.5231826131820123,0.056471282102409696,0.3619643490164127,0.2,1.595883840586021,away:4.0-5.0,away:sportsbook,sportsbook:4.0-5.0,0.45343519842405955,0.3089279313255316,0.23763687025040894,1.0629914886630485,0.45343519842405955,-0.2157983281736506,0.2157983281736506,0.010181962294794742,16.500000000000004,0.04028339642186496,0.031354355873828205,0.01567717793691406,0.015677177936914144,home,4.013946304293894,4.013946304293894,0.11,0.22676800014017157,0.23246886145387682,0.23005706572155712,0.5769418690257264,,,0.0,lower_clv,True,0.21423005077730373,4.667879209156886,-1.7369603094663177,False,draw,False,-0.11
2022-02,data\historical_csv\football-data\2122\I2.csv:256:home,data\historical_csv\football-data\2122\I2.csv:256,data\historical_csv\football-data\2122\I2.csv,256,2022-02-26,I2,Vicenza,Pordenone,home,0.48432157340896437,0.4764615677530101,2.274,2.3,8.347360507034484,0.005860005655954303,5,0.0,WH,2.0-3.0,sportsbook,0.4397537379067722,1.101347257931985,0.007860005655954294,0.012099410758657399,0.8215403953283443,0.23456738646933487,0.39788973688444634,0.2,1.1433597185575906,home:2.0-3.0,home:sportsbook,sportsbook:2.0-3.0,0.48432157340896437,0.2875659342115726,0.22811249237946296,1.046661643908015,0.48432157340896437,0.0,0.2562090810295014,0.005860005655954303,14.999999999999991,0.07372784196137228,0.07939344199212656,0.039696720996063334,0.03969672099606322,home,7.535529376113676,7.535529376113676,0.59,0.47289151000929497,0.48667977337477164,0.48084653644599207,0.5769418690257264,,,0.0,lower_clv,True,0.4514761158573048,2.2149565943285996,2.665668745951111,True,home,True,0.75
2022-02,data\historical_csv\football-data\2122\I2.csv:254:home,data\historical_csv\football-data\2122\I2.csv:254,data\historical_csv\football-data\2122\I2.csv,254,2022-02-26,I2,Parma,Spal,home,0.4780212498990455,0.4681725610155291,2.176,2.2,1.874349276979137,0.007848688883516362,5,0.0,WH,2.0-3.0,sportsbook,0.45955882352941174,1.040174239780323,0.009848688883516366,0.016419121294657814,0.7774883289936962,0.2285043153550457,0.371655942807487,0.2,1.1029411764705843,home:2.0-3.0,home:sportsbook,sportsbook:2.0-3.0,0.4780212498990455,0.2816195493445994,0.2403592007563551,1.0523564013433733,0.4780212498990455,0.0,0.23766204914269037,0.01443106084529368,7.317073170731736,0.07007575757575757,0.05324248883709859,0.02662124441854931,0.02662124441854928,home,3.510980358345876,3.510980358345876,0.3,0.47569384355857475,0.4801592583193097,0.47827012829660825,0.5769418690257264,,,0.0,lower_clv,True,0.5365463125900781,1.863772010980161,16.752477619601013,True,home,True,0.35
2022-02,data\historical_csv\football-data\2122\I2.csv:252:away,data\historical_csv\football-data\2122\I2.csv:252,data\historical_csv\football-data\2122\I2.csv,252,2022-02-26,I2,Como,Brescia,away,0.3988314743557221,0.3856239834137213,2.6660000000000004,2.7,2.807353978098104,0.011207490942000771,5,0.0,WH,2.0-3.0,sportsbook,0.3750937734433608,1.0632847106323553,0.013207490942000799,0.028100818673113773,0.980579221756517,0.159066544936759,0.39108585673573826,0.2,1.275318829707417,away:2.0-3.0,away:sportsbook,sportsbook:2.0-3.0,0.3052613027351938,0.2959072229090841,0.3988314743557221,1.0891605167247862,0.3988314743557221,0.0,0.09357017162052828,0.011207490942000771,10.20408163265305,0.07234081372012402,0.05344653177809555,0.026723265889047804,0.026723265889047748,away,2.9417871987698425,2.9417871987698425,0.18,0.38612823405390034,0.39820984803898113,0.39309862300730025,0.5769418690257264,,,0.0,lower_clv,True,0.42741164134370496,2.3396648646634444,13.947943582231748,True,draw,False,-0.18
2022-03,data\historical_csv\football-data\2122\G1.csv:176:home,data\historical_csv\football-data\2122\G1.csv:176,data\historical_csv\football-data\2122\G1.csv,176,2022-03-03,G1,Atromitos,Volos NFC,home,0.5304011189346198,0.5153269120728419,2.176,2.2,12.13513606705039,0.013074206861777907,5,0.0,WH,2.0-3.0,sportsbook,0.45955882352941174,1.154152834801733,0.015074206861777961,0.02464965927681142,0.7774883289936962,0.2813253469670967,0.4123806796568643,0.2,1.1029411764705843,home:2.0-3.0,home:sportsbook,sportsbook:2.0-3.0,0.5304011189346198,0.2622106204701582,0.20738826059522192,1.0135913533887568,0.5304011189346198,0.0,0.3230128583393979,0.013074206861777907,2.3255813953488413,0.10037878787878785,0.11732022392601399,0.05866011196300702,0.05866011196300697,home,11.947551425495284,9.988967519739589,0.85,0.5054640051458621,0.5395004586438668,0.5359571212529487,0.8958958109097417,,,0.0,lower_clv,True,0.45130419151239265,2.215800382107775,-1.7962079269033482,False,home,True,1.0
2022-03,data\historical_csv\football-data\2122\I2.csv:274:home,data\historical_csv\football-data\2122\I2.csv:274,data\historical_csv\football-data\2122\I2.csv,274,2022-03-05,I2,Parma,Reggina,home,0.5693915641277388,0.5562253432573707,1.882,1.9,4.681609601037162,0.011166220870368171,5,0.0,WH,1.5-2.0,sportsbook,0.5313496280552604,1.0715949236884044,0.013166220870368117,0.019610794352870164,0.6323350411631878,0.32420675329983295,0.36004623814068565,0.2,0.9564293304994642,home:1.5-2.0,home:sportsbook,sportsbook:1.5-2.0,0.5693915641277388,0.2626246952321117,0.16798374064014954,0.97147498190717,0.5693915641277388,0.0,0.4014078234875893,0.01383250156539345,11.764705882352944,0.07210333526122992,0.07847266464922775,0.03923633232461386,0.03923633232461389,home,5.839689918438369,3.8811060126826726,0.44,0.5519718704180802,0.5806572579865673,0.5776709889750102,0.8958958109097417,,,0.0,lower_clv,True,0.6252194470328447,1.599438412777757,17.666299931581374,True,draw,False,-0.44
2022-03,data\historical_csv\football-data\2122\SP2.csv:333:home,data\historical_csv\football-data\2122\SP2.csv:333,data\historical_csv\football-data\2122\SP2.csv,333,2022-03-12,SP2,Ibiza,Leganes,home,0.439010889282371,0.4235636528070371,2.372,2.4,0.46929844582919156,0.013447236475333847,5,0.0,WH,2.0-3.0,sportsbook,0.4215851602023609,1.0413338293777838,0.015447236475333859,0.030630758378944467,0.863733481135479,0.1927305609084982,0.3791884036562446,0.2,1.180438448566612,home:2.0-3.0,home:sportsbook,sportsbook:2.0-3.0,0.439010889282371,0.2981878098586641,0.2628013008589648,1.0734204888827412,0.439010889282371,0.0,0.17620958842340617,0.013447236475333847,9.090909090909083,0.07258064516129026,0.050539711337508786,0.02526985566875445,0.025269855668754337,home,3.6223083452849045,1.6637244395292086,0.12,0.4285991755460759,0.44256057081248656,0.44110713107970834,0.8958958109097417,,,0.0,lower_clv,True,0.4123552568723969,2.425093371149745,-2.1893330698674607,False,draw,False,-0.12
2022-03,data\historical_csv\football-data\2122\SP2.csv:342:away,data\historical_csv\football-data\2122\SP2.csv:342,data\historical_csv\football-data\2122\SP2.csv,342,2022-03-13,SP2,Oviedo,Valladolid,away,0.38984857447848315,0.3784821604571512,2.8423999999999996,2.88,7.579769288340654,0.009366414021331936,5,0.0,WH,2.0-3.0,sportsbook,0.3518153672952435,1.1081055880976403,0.011366414021331928,0.024025774709736422,1.0446487657246801,0.15198191102290542,0.40725483214847347,0.2,1.3228257810301347,away:2.0-3.0,away:sportsbook,sportsbook:2.0-3.0,0.31349285213721945,0.29665857338429746,0.38984857447848315,1.0913727833670623,0.38984857447848315,0.0,0.0763557223412637,0.009366414021331936,19.999999999999996,0.06980286738351249,0.06528202786653908,0.03264101393326954,0.03264101393326954,away,7.085476526711041,5.126892620955345,0.28,0.3698525634004903,0.3903591139064274,0.3882242960949684,0.8958958109097417,,,0.0,lower_clv,True,0.39661591552842856,2.521330992649795,12.73410782980051,True,home,False,-0.28
2022-03,data\historical_csv\football-data\2122\SP2.csv:340:home,data\historical_csv\football-data\2122\SP2.csv:340,data\historical_csv\football-data\2122\SP2.csv,340,2022-03-13,SP2,Sp Gijon,Tenerife,home,0.3700701946201881,0.3583544469822608,2.8423999999999996,2.88,1.8586680102377962,0.009715747637927263,5,0.0,WH,2.0-3.0,sportsbook,0.3518153672952435,1.0518875211884224,0.011715747637927265,0.02625379665579058,1.0446487657246801,0.1369519489462239,0.38659337204147165,0.2,1.3228257810301347,home:2.0-3.0,home:sportsbook,sportsbook:2.0-3.0,0.3700701946201881,0.31902602984498973,0.31090377553482224,1.0955747321872091,0.3700701946201881,0.0,0.05916641908536585,0.01087890093909088,9.505703422053235,0.06980286738351249,0.045503648008244024,0.04024506215801532,0.005258585850228703,home,4.102047550444524,2.143463644688828,0.12,0.3593564017896455,0.3693876730260033,0.3683433756683978,0.8958958109097417,,,0.0,lower_clv,True,0.3764382175954124,2.656478416000732,6.998798969320008,True,away,False,-0.12
2022-03,data\historical_csv\football-data\2122\I2.csv:295:home,data\historical_csv\football-data\2122\I2.csv:295,data\historical_csv\football-data\2122\I2.csv,295,2022-03-15,I2,Crotone,Frosinone,home,0.2980209107857554,0.2764918053676389,3.7439999999999998,3.8,3.5185319296439976,0.01952910541811649,5,0.0,WH,3.0-4.0,sportsbook,0.2670940170940171,1.1157902899818681,0.02152910541811648,0.06552931257953169,1.3201545586153456,0.08881646326557116,0.3934336639365122,0.2,1.4957264957264904,home:3.0-4.0,home:sportsbook,sportsbook:3.0-4.0,0.2980209107857554,0.2951197677105399,0.4068593215037048,1.0868217381338268,0.4068593215037048,-0.10883841071794942,0.10883841071794942,0.01952910541811649,13.772455089820369,0.07085020242914974,0.052274218914299814,0.033922283594910924,0.01835193531938889,away,6.885367704893157,4.926783799137461,0.18,0.2802531618566706,0.29332278541256956,0.2919621828505678,0.8958958109097417,,,0.0,lower_clv,True,0.3129892781624392,3.194997623787634,17.183185744017226,True,home,True,0.49
2022-03,data\historical_csv\football-data\2122\I2.csv:292:home,data\historical_csv\football-data\2122\I2.csv:292,data\historical_csv\football-data\2122\I2.csv,292,2022-03-15,I2,Cittadella,Reggina,home,0.5396805484843955,0.5319979241675219,1.931,1.95,2.728799156748485,0.0056826243168735914,5,0.0,WH,1.5-2.0,sportsbook,0.5178663904712584,1.0421231391233678,0.00768262431687361,0.010529607436903761,0.6580380034463774,0.291255094412418,0.3551303106235175,0.2,0.9839461418953865,home:1.5-2.0,home:sportsbook,sportsbook:1.5-2.0,0.5396805484843955,0.2801930083232624,0.18012644319234217,0.9981000921193957,0.5396805484843955,0.0,0.35955410529205334,0.009682160519417211,8.333333333333325,0.07349639607704139,0.06197003665170425,0.030985018325852057,0.030985018325852196,home,3.733023159256753,1.774439253501057,0.19,0.5270556149844694,0.5493112424401703,0.5469943383911996,0.8958958109097417,,,0.0,lower_clv,True,0.5570671942019942,1.7951155810431676,7.569675200405102,True,draw,False,-0.19
2022-03,data\historical_csv\football-data\2122\E1.csv:448:away,data\historical_csv\football-data\2122\E1.csv:448,data\historical_csv\football-data\2122\E1.csv,448,2022-03-19,E1,Derby,Coventry,away,0.38493195912568356,0.37964665134076,3.1069999999999998,3.15,17.956214571574126,0.0032853077849235874,5,0.0,IW,3.0-4.0,sportsbook,0.321853878339234,1.1959835970034987,0.0052853077849235874,0.008534775320775343,1.1336576304109103,0.14817261315633692,0.4363810526518518,0.2,1.3839716768587085,away:3.0-4.0,away:sportsbook,sportsbook:3.0-4.0,0.31013784821399015,0.3049301926603262,0.38493195912568356,1.092737653934544,0.38493195912568356,0.0,0.07479411091169341,0.009594643433972934,24.505928853754956,0.05993523384827748,0.08542279354419507,0.05734809048421183,0.028074703059983247,away,11.253793848311084,9.295209942555388,0.44,0.3517708720391226,0.38514357489520124,0.381669336726619,0.8958958109097417,,,0.0,lower_clv,True,0.3878558624856119,2.5782773878713683,20.50681647427961,True,draw,False,-0.44
2022-03,data\historical_csv\football-data\2122\E1.csv:450:away,data\historical_csv\football-data\2122\E1.csv:450,data\historical_csv\football-data\2122\E1.csv,450,2022-03-19,E1,Bristol City,West Brom,away,0.46404581266773987,0.4505516085471336,2.4210000000000003,2.45,9.07854442926106,0.011494204120606272,5,0.0,IW,2.0-3.0,sportsbook,0.41305245766212306,1.1234549124685984,0.013494204120606257,0.024769546037981826,0.8841806779559216,0.21533851625446312,0.4103003412471688,0.2,1.1978521272201448,away:2.0-3.0,away:sportsbook,sportsbook:2.0-3.0,0.26215283636782394,0.2738013509644362,0.46404581266773987,1.0619280792001549,0.46404581266773987,0.0,0.20189297629991593,0.011494204120606272,16.666666666666675,0.05754792097514572,0.07809331140447562,0.03904665570223778,0.03904665570223784,away,6.831550529328666,4.87296662357297,0.34,0.4331803660618462,0.46915080450235686,0.4654061311772864,0.8958958109097417,,,0.0,lower_clv,True,0.49909782885906323,2.003615207635742,20.831584366779232,True,draw,False,-0.34
2022-03,data\historical_csv\football-data\2122\I1.csv:293:home,data\historical_csv\football-data\2122\I1.csv:293,data\historical_csv\football-data\2122\I1.csv,293,2022-03-20,I1,Empoli,Verona,home,0.35908745882189563,0.3513918061975577,3.058,3.1,7.455614335213134,0.0056956526243379345,5,0.0,BW,3.0-4.0,sportsbook,0.3270111183780249,1.0980894490773567,0.007695652624337912,0.015861463508150337,1.1177611075068705,0.12894380308316658,0.4013739956645898,0.2,1.373446697187708,home:3.0-4.0,home:sportsbook,sportsbook:3.0-4.0,0.35908745882189563,0.2770598233343534,0.3638527178437509,1.091243187181235,0.3638527178437509,-0.0047652590218552615,0.0047652590218552615,0.010976732306058116,14.814814814814813,0.06039355688724557,0.054879041988228294,0.027439520994114203,0.02743952099411409,away,6.619947588680163,4.661363682924467,0.23,0.3422542958892233,0.3577550251056917,0.35614133426030353,0.8958958109097417,,,0.0,lower_clv,True,0.36168373667842746,2.7648464627788853,10.6028866762631,True,draw,False,-0.23
2022-03,data\historical_csv\football-data\2122\SP2.csv:356:home,data\historical_csv\football-data\2122\SP2.csv:356,data\historical_csv\football-data\2122\SP2.csv,356,2022-03-26,SP2,Eibar,Lugo,home,0.5854352586387034,0.5744339290115107,1.784,1.8,2.479012935653513,0.00900132962719264,5,0.0,WH,1.5-2.0,sportsbook,0.5605381165919282,1.0444165014114468,0.01100132962719269,0.015375448428103197,0.5788580341578177,0.34273444205736553,0.3388839029422734,0.2,0.8968609865470878,home:1.5-2.0,home:sportsbook,sportsbook:1.5-2.0,0.5854352586387034,0.26546953638148585,0.14909520497981082,0.9492757510033851,0.5854352586387034,0.0,0.43634005365889256,0.00900132962719264,9.090909090909104,0.06706450696220534,0.06479611083577397,0.032398055417886915,0.03239805541788705,home,3.8708489135665083,1.9122650078108123,0.24,0.5712570908509574,0.5975347133891152,0.5947991028035604,0.8958958109097417,,,0.0,lower_clv,True,0.5788699606227742,1.727503702082166,3.270400975102916,True,home,True,0.19
2022-03,data\historical_csv\football-data\2122\SP2.csv:362:away,data\historical_csv\football-data\2122\SP2.csv:362,data\historical_csv\football-data\2122\SP2.csv,362,2022-03-27,SP2,Malaga,Huesca,away,0.32484719227351755,0.3202506123306678,3.548,3.6,13.624917254920943,0.002596579942849743,5,0.0,WH,3.0-4.0,sportsbook,0.2818489289740699,1.1525578381864403,0.004596579942849732,0.007993234987432039,1.266384064447333,0.10552569832798768,0.4113813076756414,0.2,1.4656144306651742,away:3.0-4.0,away:sportsbook,sportsbook:3.0-4.0,0.3506101677784571,0.32454263994802535,0.32484719227351755,1.0979461986540584,0.3506101677784571,-0.025762975504939556,0.025762975504939556,0.006794400434284479,20.805369127516784,0.06547470200883554,0.0641391930558371,0.05385455996508923,0.010284633090747869,home,9.646452500629122,7.687868594873426,0.3,0.3035171042696545,0.32156685586486244,0.3196878011117627,0.8958958109097417,,,0.0,lower_clv,True,0.30429667010760114,3.286266654335698,7.96445855417689,True,away,True,0.76
2022-03,data\historical_csv\football-data\2122\SP2.csv:359:home,data\historical_csv\football-data\2122\SP2.csv:359,data\historical_csv\football-data\2122\SP2.csv,359,2022-03-27,SP2,Mirandes,Ponferradina,home,0.43005259638776006,0.4143289447340609,2.519,2.55,4.369461178509937,0.013723651653699173,5,0.0,WH,2.0-3.0,sportsbook,0.39698292973402144,1.0833024903007675,0.015723651653699156,0.03191156562934721,0.9238619973704731,0.18494523565985366,0.3973092506731539,0.2,1.2306470821754623,home:2.0-3.0,home:sportsbook,sportsbook:2.0-3.0,0.43005259638776006,0.2845789711933232,0.28536843241891674,1.078386621404327,0.43005259638776006,0.0,0.14468416396884332,0.013723651653699173,15.909090909090896,0.07031778228532803,0.06365967156148084,0.03182983578074039,0.031829835780740445,home,6.399175833005092,4.440591927249396,0.29,0.4146113216643485,0.43304475212002885,0.4311257547902886,0.8958958109097417,,,0.0,lower_clv,True,0.45336439671680695,2.2057312114533945,14.202491532963668,True,home,True,0.44
2022-03,data\historical_csv\football-data\2122\SP2.csv:364:home,data\historical_csv\football-data\2122\SP2.csv:364,data\historical_csv\football-data\2122\SP2.csv,364,2022-03-28,SP2,Las Palmas,Leganes,home,0.4592355315878979,0.44523821312096107,2.274,2.3,1.2471696637065488,0.011997318466936847,5,0.0,WH,2.0-3.0,sportsbook,0.4397537379067722,1.04430159883088,0.013997318466936859,0.026124543162968552,0.8215403953283443,0.2108972734728192,0.37728054016954404,0.2,1.1433597185575906,home:2.0-3.0,home:sportsbook,sportsbook:2.0-3.0,0.4592355315878979,0.2990615570500505,0.24170291136205155,1.061601638815126,0.4592355315878979,0.0,0.21753262022584638,0.014425225613214855,12.195121951219523,0.0650555615492503,0.05101024795742792,0.025505123978713948,0.025505123978713976,home,3.9484134910045143,1.9898295852488184,0.16,0.44850408788587875,0.4640425085151631,0.4624248938358081,0.8958958109097417,,,0.0,lower_clv,True,0.4586300803013643,2.1804064821542086,4.29248026053024,True,home,True,0.2
2022-04,data\historical_csv\football-data\2122\SP2.csv:380:home,data\historical_csv\football-data\2122\SP2.csv:380,data\historical_csv\football-data\2122\SP2.csv,380,2022-04-09,SP2,Las Palmas,Amorebieta,home,0.5975611521825509,0.5765138277172466,1.7644,1.78,1.7200997624309933,0.019047324465304362,5,0.0,WH,1.5-2.0,sportsbook,0.5667649059170257,1.0543368969108928,0.02104732446530433,0.03187510499257745,0.5678106892486476,0.3570793305977378,0.33930160968899026,0.2,0.8841532532305685,home:1.5-2.0,home:sportsbook,sportsbook:1.5-2.0,0.5975611521825509,0.25534687189559047,0.1470919759218587,0.9381964933197016,0.5975611521825509,0.0,0.4504691762606922,0.019047324465304362,11.250000000000004,0.06477394328517927,0.06993953225855354,0.03496976612927674,0.0349697661292768,home,4.701083669748605,4.701083669748605,0.62,0.5934089983549569,0.621449585505194,0.6212089350833759,0.9914177823549605,,,0.0,lower_clv,True,0.5864492114507026,1.705177499559245,3.473098868361957,True,home,True,0.47
2022-04,data\historical_csv\football-data\2122\I2.csv:332:away,data\historical_csv\football-data\2122\I2.csv:332,data\historical_csv\football-data\2122\I2.csv,332,2022-04-09,I2,Como,Cittadella,away,0.36668913783625845,0.36331663302336736,2.8423999999999996,2.88,3.2691197705619235,0.0013725048128910952,5,0.0,WH,2.0-3.0,sportsbook,0.3518153672952435,1.042277205385781,0.003372504812891086,0.003742965556574447,1.0446487657246801,0.13446092380709854,0.3830613552452945,0.2,1.3228257810301347,away:2.0-3.0,away:sportsbook,sportsbook:2.0-3.0,0.33514256829487277,0.2981682938688688,0.36668913783625845,1.095067741049566,0.36668913783625845,0.0,0.03154656954138568,0.004480141086399348,9.505703422053235,0.06517094017094016,0.04071120403485423,0.020355602017427088,0.020355602017427143,away,3.1812992129982343,3.1812992129982343,0.17,0.36300766680621394,0.3671144840421078,0.36707923844276097,0.9914177823549605,,,0.0,lower_clv,True,0.37088521931990004,2.6962519612771865,5.420414739488377,True,away,True,0.31
2022-04,data\historical_csv\football-data\2122\SP2.csv:379:away,data\historical_csv\football-data\2122\SP2.csv:379,data\historical_csv\football-data\2122\SP2.csv,379,2022-04-09,SP2,Malaga,Valladolid,away,0.46461430643241197,0.44748313182536487,2.225,2.25,-0.4350031688563183,0.015131174607047083,5,0.0,WH,2.0-3.0,sportsbook,0.449438202247191,1.0337668318121167,0.017131174607047106,0.03256717323931185,0.7997569156182036,0.2158664537416712,0.37157850466447667,0.2,1.1235955056179803,away:2.0-3.0,away:sportsbook,sportsbook:2.0-3.0,0.25380126542673237,0.2815844281408557,0.46461430643241197,1.0610206653250989,0.46461430643241197,0.0,0.2108130410056796,0.015131174607047083,9.756097560975618,0.06944444444444442,0.049029890847996416,0.024514945423998152,0.024514945423998263,away,2.494647270339005,2.494647270339005,0.2,0.4606501000914113,0.47561990086557593,0.47549142677722916,0.9914177823549605,,,0.0,lower_clv,True,0.4209474945620115,2.375593186605095,-6.339182459952431,False,draw,False,-0.2
2022-04,data\historical_csv\football-data\2122\I2.csv:333:home,data\historical_csv\football-data\2122\I2.csv:333,data\historical_csv\football-data\2122\I2.csv,333,2022-04-09,I2,Lecce,Spal,home,0.604513636940817,0.5977830657756812,1.686,1.7,0.7862248897798407,0.004730571165135774,5,0.0,WH,1.5-2.0,sportsbook,0.5931198102016607,1.0192099918822173,0.006730571165135757,0.007825416791381509,0.5223588595796637,0.3654367372474138,0.31577305399275996,0.2,0.8303677342823335,home:1.5-2.0,home:sportsbook,sportsbook:1.5-2.0,0.604513636940817,0.24247196900973345,0.15301439404944964,0.9350637236401269,0.604513636940817,0.0,0.45149924289136734,0.005161269632142187,8.280254777070063,0.06367939025139835,0.051494278373928726,0.025747139186964363,0.025747139186964363,home,2.28201891993978,2.28201891993978,0.33,0.6066549164883736,0.6289545481825313,0.6287631678899278,0.9914177823549605,,,0.0,lower_clv,True,0.6618067398681645,1.5110151344170435,11.580616341772544,True,home,True,0.23
2022-04,data\historical_csv\football-data\2122\I2.csv:338:home,data\historical_csv\football-data\2122\I2.csv:338,data\historical_csv\football-data\2122\I2.csv,338,2022-04-10,I2,Crotone,Ternana,home,0.38389455206379036,0.37485779653688756,2.8423999999999996,2.88,6.549580087644902,0.007036755526902778,5,0.0,WH,2.0-3.0,sportsbook,0.3518153672952435,1.0911818747861175,0.009036755526902807,0.01832991765335994,1.0446487657246801,0.14737502710425826,0.40103496998186755,0.2,1.3228257810301347,home:2.0-3.0,home:sportsbook,sportsbook:2.0-3.0,0.38389455206379036,0.29827067268859103,0.3178347752476186,1.0926796286650653,0.38389455206379036,0.0,0.06605977681617176,0.0083002590472802,12.941176470588234,0.06517094017094016,0.057916618262386144,0.028958309131193044,0.0289583091311931,home,7.441132526045605,7.441132526045605,0.4,0.3779944150226767,0.38614692680386137,0.38607696017340154,0.9914177823549605,,,0.0,lower_clv,True,0.4325431998305062,2.311907805721727,22.94607911982307,True,away,False,-0.4
2022-04,data\historical_csv\football-data\2122\I2.csv:339:home,data\historical_csv\football-data\2122\I2.csv:339,data\historical_csv\football-data\2122\I2.csv,339,2022-04-10,I2,Perugia,Pisa,home,0.3579563597658329,0.3489457540778616,3.058,3.1,6.707611597010077,0.0070106056879712985,5,0.0,WH,3.0-4.0,sportsbook,0.3270111183780249,1.094630548163917,0.009010605687971296,0.019585084876149374,1.1177611075068705,0.1281327554968064,0.40010969713098515,0.2,1.373446697187708,home:3.0-4.0,home:sportsbook,sportsbook:3.0-4.0,0.3579563597658329,0.31548696114954766,0.3265566790846195,1.09716859212111,0.3579563597658329,0.0,0.031399680681213404,0.007218623116959538,10.320284697508896,0.07608204572151434,0.05818307905376641,0.03481277727396212,0.023370301779804287,home,7.23309212186529,7.23309212186529,0.35,0.3506641338190494,0.35746820670504653,0.3574098126706662,0.9914177823549605,,,0.0,lower_clv,True,0.3805791671288551,2.627574198409614,16.38110930800387,True,draw,False,-0.35
2022-04,data\historical_csv\football-data\2122\I2.csv:336:home,data\historical_csv\football-data\2122\I2.csv:336,data\historical_csv\football-data\2122\I2.csv,336,2022-04-10,I2,Ascoli,Reggina,home,0.4596956825843141,0.4471964030731303,2.274,2.3,1.6924620588298245,0.010499279511183785,5,0.0,WH,2.0-3.0,sportsbook,0.4397537379067722,1.0453479821967302,0.012499279511183792,0.0228396304532577,0.8215403953283443,0.21132012058665844,0.3776585728010505,0.2,1.1433597185575906,home:2.0-3.0,home:sportsbook,sportsbook:2.0-3.0,0.4596956825843141,0.29525143846562807,0.2450528789500578,1.062069902485955,0.4596956825843141,0.0,0.21464280363425628,0.010499279511183785,9.523809523809511,0.06771911663216024,0.05248876653034301,0.026244383265171464,0.026244383265171548,home,4.459229439821425,4.459229439821425,0.35,0.45936336605022615,0.4701712742269167,0.4700785184066567,0.9914177823549605,,,0.0,lower_clv,True,0.5472317538553442,1.8273793378304963,24.440500826705257,True,home,True,0.45
2022-04,data\historical_csv\football-data\2122\SP2.csv:381:away,data\historical_csv\football-data\2122\SP2.csv:381,data\historical_csv\football-data\2122\SP2.csv,381,2022-04-10,SP2,Fuenlabrada,Huesca,away,0.3799889800111756,0.37112987254497526,2.715,2.75,0.7617603959607866,0.006859107466200329,5,0.0,WH,2.0-3.0,sportsbook,0.3683241252302026,1.0316700807303416,0.008859107466200333,0.018050806278641557,0.9987919533858987,0.1443916249299336,0.37952993561047726,0.2,1.2891344383057168,away:2.0-3.0,away:sportsbook,sportsbook:2.0-3.0,0.307295042164054,0.3127159778247704,0.3799889800111756,1.0937939232056788,0.3799889800111756,0.0,0.07269393784712158,0.006859107466200329,10.000000000000009,0.07210031347962387,0.04080769346146801,0.020403846730733977,0.020403846730734032,away,2.320256219485037,2.320256219485037,0.14,0.37687018865372024,0.38182387661494,0.3817813629867112,0.9914177823549605,,,0.0,lower_clv,True,0.4080655563442708,2.450586638477114,10.789798547469509,True,away,True,0.24
2022-04,data\historical_csv\football-data\2122\SP2.csv:384:home,data\historical_csv\football-data\2122\SP2.csv:384,data\historical_csv\football-data\2122\SP2.csv,384,2022-04-10,SP2,Mirandes,Burgos,home,0.4653478699014318,0.44330218775301083,2.176,2.2,-3.5374439449448403,0.02004568214842096,5,0.0,WH,2.0-3.0,sportsbook,0.45955882352941174,1.0125969649055155,0.022045682148420953,0.04307676782246142,0.7774883289936962,0.21654864002179988,0.36180253777044014,0.2,1.1029411764705843,home:2.0-3.0,home:sportsbook,sportsbook:2.0-3.0,0.4653478699014318,0.28236416026134237,0.2522879698372258,1.0604899346403722,0.4653478699014318,0.0,0.213059900064206,0.02004568214842096,7.317073170731736,0.07124374676556844,0.04103224993363791,0.020516124966818983,0.020516124966818927,home,2.0241888939576382,2.0241888939576382,0.17,0.46886116219649643,0.47643235855065613,0.4763673808957114,0.9914177823549605,,,0.0,lower_clv,True,0.5135383570315987,1.947274212933755,11.745946490075877,True,home,True,0.2
2022-04,data\historical_csv\football-data\2122\SP2.csv:385:home,data\historical_csv\football-data\2122\SP2.csv:385,data\historical_csv\football-data\2122\SP2.csv,385,2022-04-10,SP2,Oviedo,Leganes,home,0.44094619700108856,0.42885273873384533,2.274,2.3,-2.478887211923575,0.010093458267243244,5,0.0,WH,2.0-3.0,sportsbook,0.4397537379067722,1.0027116519804753,0.012093458267243229,0.02289045315707378,0.8215403953283443,0.1944335486497228,0.3622551130028043,0.2,1.1433597185575906,home:2.0-3.0,home:sportsbook,sportsbook:2.0-3.0,0.44094619700108856,0.308662337900762,0.25039146509814947,1.0706203923981579,0.44094619700108856,0.0,0.1905547319029391,0.010093458267243244,6.976744186046502,0.06986325385694259,0.034555373568069314,0.024424252460298473,0.01013112110777084,home,1.5083237473165811,1.5083237473165811,0.12,0.44638664796533234,0.4493889212806767,0.44936315511765457,0.9914177823549605,,,0.0,lower_clv,True,0.4395568626596596,2.2750185128477467,-0.044769431193403264,False,home,True,0.15
2022-04,data\historical_csv\football-data\2122\F2.csv:326:away,data\historical_csv\football-data\2122\F2.csv:326,data\historical_csv\football-data\2122\F2.csv,326,2022-04-16,F2,Dijon,Ajaccio,away,0.37302423603793466,0.36680729546187174,3.156,3.2,15.764382447766723,0.004216940576062939,5,0.0,VC,3.0-4.0,sportsbook,0.3168567807351077,1.1772644889357218,0.006216940576062924,0.011304736177072682,1.1493054029836278,0.1391470806716848,0.4287187699222384,0.2,1.3941698352344822,away:3.0-4.0,away:sportsbook,sportsbook:3.0-4.0,0.3108535300316122,0.3161222339304531,0.37302423603793466,1.0951099790456884,0.37302423603793466,0.0,0.06217070600632246,0.004216940576062939,25.490196078431392,0.05425824175824179,0.07660729792718551,0.03830364896359273,0.038303648963592785,away,8.762162295898946,8.762162295898946,0.41,0.3446202861086785,0.3741184811835949,0.37386532125332617,0.9914177823549605,,,0.0,lower_clv,True,0.4002013820749341,2.498741995380613,26.303556182849206,True,away,True,0.88
2022-04,data\historical_csv\football-data\2122\SP2.csv:395:home,data\historical_csv\football-data\2122\SP2.csv:395,data\historical_csv\football-data\2122\SP2.csv,395,2022-04-17,SP2,Huesca,Zaragoza,home,0.4998815371736349,0.48173448287628634,2.029,2.05,-2.2560734244015057,0.016147054297348598,5,0.0,WH,2.0-3.0,sportsbook,0.49285362247412523,1.0142596389253051,0.018147054297348586,0.03230176171067483,0.7075430608436777,0.24988155120707617,0.3536877128710763,0.2,1.0349926071956617,home:2.0-3.0,home:sportsbook,sportsbook:2.0-3.0,0.4998815371736349,0.28899401367850774,0.2111244491478574,1.0337158868611036,0.4998815371736349,0.0,0.2887570880257775,0.016147054297348598,7.8947368421052655,0.07354341794691299,0.04549388047160985,0.02274694023580484,0.022746940235805008,home,2.2302004678932565,2.2302004678932565,0.22,0.5038452462685721,0.514619999533828,0.5145275282562339,0.9914177823549605,,,0.0,lower_clv,True,0.43246971330379963,2.312300651901429,-12.251895170659054,False,draw,False,-0.22
2022-04,data\historical_csv\football-data\2122\SP2.csv:403:away,data\historical_csv\football-data\2122\SP2.csv:403,data\historical_csv\football-data\2122\SP2.csv,403,2022-04-24,SP2,Alcorcon,Oviedo,away,0.4972073002640727,0.48274217062074315,2.0780000000000003,2.1,0.3138230549904364,0.012465129643329595,5,0.0,WH,2.0-3.0,sportsbook,0.4812319538017324,1.0331967699487432,0.014465129643329577,0.02507028685361059,0.7314058926770358,0.24721509943588776,0.3636603492951831,0.2,1.0587102983637964,away:2.0-3.0,away:sportsbook,sportsbook:2.0-3.0,0.2148392382271411,0.2879534615087862,0.4972073002640727,1.036306031155685,0.4972073002640727,0.0,0.28236806203693166,0.012465129643329595,9.375,0.06904139162203671,0.051770407060189205,0.02588520353009459,0.025885203530094616,away,2.5300407529887137,2.5300407529887137,0.23,0.49340731834931995,0.5116679055681589,0.5115111892343205,0.9914177823549605,,,0.0,lower_clv,True,0.4037551579443645,2.476748545062043,-16.099678179161046,False,away,True,0.25
2022-04,data\historical_csv\football-data\2122\I2.csv:359:home,data\historical_csv\football-data\2122\I2.csv:359,data\historical_csv\football-data\2122\I2.csv,359,2022-04-25,I2,Brescia,Spal,home,0.5776518391182047,0.5643555156011636,1.7644,1.78,-0.4251128273306981,0.011296323517041157,5,0.0,WH,1.5-2.0,sportsbook,0.5667649059170257,1.0192089049401605,0.013296323517041131,0.019555591711237663,0.5678106892486476,0.3336816472366443,0.32799688891545675,0.2,0.8841532532305685,home:1.5-2.0,home:sportsbook,sportsbook:1.5-2.0,0.5776518391182047,0.2524907483532472,0.16985741252854814,0.9656519734492,0.5776518391182047,0.0,0.4077944265896566,0.014865338289623303,7.878787878787885,0.06949006050129647,0.05235686578702636,0.026178432893513223,0.02617843289351314,home,2.3642991389219197,2.3642991389219197,0.31,0.5801649237073334,0.599872426950601,0.5997032928685269,0.9914177823549605,,,0.0,lower_clv,True,0.5944187217352305,1.6823157875660348,4.879239262964052,True,draw,False,-0.31
2022-04,data\historical_csv\football-data\2122\SP2.csv:409:home,data\historical_csv\football-data\2122\SP2.csv:409,data\historical_csv\football-data\2122\SP2.csv,409,2022-04-29,SP2,Las Palmas,Malaga,home,0.5890645570319245,0.5829845136878523,1.8330000000000002,1.85,6.861061358983345,0.004080043344072175,5,0.0,WH,1.5-2.0,sportsbook,0.5455537370430987,1.0797553330395178,0.006080043344072195,0.006926309341424281,0.605953968857568,0.3469970523512174,0.3569460062468199,0.2,0.9274413529732684,home:1.5-2.0,home:sportsbook,sportsbook:1.5-2.0,0.5890645570319245,0.24431420773620444,0.1666212352318711,0.9546470982458366,0.5890645570319245,0.0,0.4224433218000534,0.006483184711322788,14.906832298136653,0.0736475014913045,0.08560272268710878,0.04280136134355432,0.04280136134355446,home,6.722084722169703,6.722084722169703,0.81,0.5822263214520987,0.6122562863773244,0.6119985626824632,0.9914177823549605,,,0.0,lower_clv,True,0.549552084144152,1.8196637386197079,0.7328970236230692,True,home,True,0.67
2022-04,data\historical_csv\football-data\2122\SP2.csv:410:home,data\historical_csv\football-data\2122\SP2.csv:410,data\historical_csv\football-data\2122\SP2.csv,410,2022-04-30,SP2,Oviedo,Mirandes,home,0.5605589059670222,0.5449196905116134,2.029,2.05,10.564205204806342,0.013639215455408771,5,0.0,WH,2.0-3.0,sportsbook,0.49285362247412523,1.1373740202070879,0.015639215455408806,0.02433145796137109,0.7075430608436777,0.31422628705894484,0.3966195641110902,0.2,1.0349926071956617,home:2.0-3.0,home:sportsbook,sportsbook:2.0-3.0,0.5605589059670222,0.2647083722622049,0.1747327217707731,0.9811150044292662,0.5605589059670222,0.0,0.3858261841962491,0.013639215455408771,20.58823529411764,0.06697154471544708,0.10337250726238356,0.05168625363119175,0.05168625363119181,home,10.805464834738158,10.805464834738158,1.05,0.5461087473373,0.5812549616660323,0.580953329205264,0.9914177823549605,,,0.0,lower_clv,True,0.45684719883275243,2.188915686809521,-7.305703356834536,False,home,True,1.08
2022-04,data\historical_csv\football-data\2122\SP2.csv:412:away,data\historical_csv\football-data\2122\SP2.csv:412,data\historical_csv\football-data\2122\SP2.csv,412,2022-04-30,SP2,Burgos,Almeria,away,0.47124924360836784,0.4639550268583929,2.274,2.3,5.5033731075985415,0.005294216749974914,5,0.0,WH,2.0-3.0,sportsbook,0.4397537379067722,1.0716207799654285,0.0072942167499749355,0.011234430233642302,0.8215403953283443,0.22207584960145882,0.38715028989220174,0.2,1.1433597185575906,away:2.0-3.0,away:sportsbook,sportsbook:2.0-3.0,0.2375360358929154,0.29121472049871683,0.47124924360836784,1.055265727293929,0.47124924360836784,0.0,0.23371320771545245,0.005294216749974914,12.745098039215685,0.07372784196137228,0.06632111219153003,0.033160556095765015,0.033160556095765015,away,5.33079154397767,5.33079154397767,0.42,0.4631960929814321,0.48296685249255494,0.48279717553142276,0.9914177823549605,,,0.0,lower_clv,True,0.4897903107991644,2.0416900415370693,11.378316675729995,True,away,True,0.54
2022-05,data\historical_csv\football-data\2122\SP2.csv:413:home,data\historical_csv\football-data\2122\SP2.csv:413,data\historical_csv\football-data\2122\SP2.csv,413,2022-05-01,SP2,Amorebieta,Fuenlabrada,home,0.4976514291514918,0.4874889311195417,2.176,2.2,6.077591411612282,0.008162498031950082,5,0.0,WH,2.0-3.0,sportsbook,0.45955882352941174,1.0828895098336462,0.010162498031950074,0.016402038764095076,0.7774883289936962,0.24765694493652227,0.38691817807231815,0.2,1.1029411764705843,home:2.0-3.0,home:sportsbook,sportsbook:2.0-3.0,0.4976514291514918,0.2768163100166238,0.2255322608318844,1.0387153206281958,0.4976514291514918,0.0,0.27211916831960736,0.008162498031950082,13.989637305699487,0.07359307359307365,0.07426433237729829,0.03713216618864908,0.037132166188649215,home,6.921261442355281,4.964105611965521,0.42,0.482371808878518,0.5127463541084303,0.5125146995535957,0.9923733984136669,,,0.0,lower_clv,True,0.581243344271262,1.7204498079092108,26.47855171342661,True,home,True,0.49
2022-05,data\historical_csv\football-data\2122\SP2.csv:422:away,data\historical_csv\football-data\2122\SP2.csv:422,data\historical_csv\football-data\2122\SP2.csv,422,2022-05-07,SP2,Huesca,Sp Gijon,away,0.2965403624382208,0.28941110378912693,3.7439999999999998,3.8,8.355517258649115,0.005129258649093833,5,0.0,WH,3.0-4.0,sportsbook,0.2670940170940171,1.1102471169686985,0.007129258649093861,0.017296999999999757,1.3201545586153456,0.08793618655499134,0.391479111286264,0.2,1.4957264957264904,away:3.0-4.0,away:sportsbook,sportsbook:3.0-4.0,0.4019769357495881,0.30148270181219106,0.2965403624382208,1.0883026854552822,0.4019769357495881,-0.1054365733113673,0.1054365733113673,0.005129258649093833,13.095238095238093,0.07354341794691299,0.05141017921739152,0.026705631343741237,0.024704547873650284,home,6.6621485127479,4.7049926823581405,0.17,0.279660771053307,0.2894155198532752,0.28934112427060305,0.9923733984136669,,,0.0,lower_clv,True,0.28239112442415465,3.5411877835720813,5.727236984403494,True,draw,False,-0.17
2022-05,data\historical_csv\football-data\2122\SP2.csv:428:home,data\historical_csv\football-data\2122\SP2.csv:428,data\historical_csv\football-data\2122\SP2.csv,428,2022-05-08,SP2,Ibiza,Lugo,home,0.47508069934735725,0.46260248889364686,2.176,2.2,0.662301583257574,0.010478210453710363,5,0.0,WH,2.0-3.0,sportsbook,0.45955882352941174,1.0337756017798494,0.012478210453710392,0.022055643321450057,0.7774883289936962,0.22570167089237406,0.36936969907273337,0.2,1.1029411764705843,home:2.0-3.0,home:sportsbook,sportsbook:2.0-3.0,0.47508069934735725,0.28504841960841437,0.23987088104422843,1.0538045309603101,0.47508069934735725,0.0,0.23520981830312881,0.010478210453710363,10.000000000000009,0.07359307359307365,0.051693602573163744,0.02584680128658179,0.025846801286581955,home,3.4808007960189635,1.5236449656292037,0.13,0.4665608684082224,0.4876540354565438,0.4874931662752723,0.9923733984136669,,,0.0,lower_clv,True,0.4774725570682249,2.0943612050506024,3.8980284180457403,True,draw,False,-0.13
2022-05,data\historical_csv\football-data\2122\SP2.csv:452:home,data\historical_csv\football-data\2122\SP2.csv:452,data\historical_csv\football-data\2122\SP2.csv,452,2022-05-21,SP2,Ponferradina,Leganes,home,0.6233498811187735,0.6195013967297761,1.7644,1.78,9.304826439001701,0.0018484843889974099,5,0.0,WH,1.5-2.0,sportsbook,0.5667649059170257,1.0998385302459641,0.0038484843889974307,0.002965404253674989,0.5678106892486476,0.3885650742907891,0.35394472564111334,0.2,0.8841532532305685,home:1.5-2.0,home:sportsbook,sportsbook:1.5-2.0,0.6233498811187735,0.2253211075472581,0.15132901133396834,0.9161590475073207,0.6233498811187735,0.0,0.4720208697848052,0.006266274462925212,15.58441558441559,0.07330670421563834,0.09992283961944282,0.04996141980972149,0.049961419809721325,home,8.444217967291472,6.487062136901712,0.85,0.6035312975340156,0.6504717038322023,0.6501137080550655,0.9923733984136669,,,0.0,lower_clv,True,0.5499576783273532,1.8183217353040875,-2.9654672359218037,False,away,False,-0.85
2022-05,data\historical_csv\football-data\2122\SP2.csv:443:away,data\historical_csv\football-data\2122\SP2.csv:443,data\historical_csv\football-data\2122\SP2.csv,443,2022-05-21,SP2,Cartagena,Amorebieta,away,0.4102114589026323,0.3979339424616097,2.715,2.75,8.039065378327015,0.010277516441022573,5,0.0,WH,2.0-3.0,sportsbook,0.3683241252302026,1.1137241109206466,0.012277516441022596,0.025054191485816203,0.9987919533858987,0.16827344101502598,0.40971590433863936,0.2,1.2891344383057168,away:2.0-3.0,away:sportsbook,sportsbook:2.0-3.0,0.3144954518253514,0.27529308927201634,0.4102114589026323,1.084441860155543,0.4102114589026323,0.0,0.0957160070772809,0.019492843668718767,12.704918032786882,0.0708323934130386,0.07062856444297355,0.03531428222148675,0.035314282221486804,away,7.990262270073659,6.033106439683899,0.35,0.3905455117483753,0.4153386734765117,0.4151495859099457,0.9923733984136669,,,0.0,lower_clv,True,0.34396006400239365,2.9073142630681708,-6.614842623350126,False,home,False,-0.35
2022-05,data\historical_csv\football-data\2122\SP2.csv:448:home,data\historical_csv\football-data\2122\SP2.csv:448,data\historical_csv\football-data\2122\SP2.csv,448,2022-05-21,SP2,Eibar,Tenerife,home,0.5038581329409396,0.49349074871404824,2.127,2.15,4.965482251478059,0.008367384226891381,5,0.0,WH,2.0-3.0,sportsbook,0.47014574518100616,1.0717062487653786,0.010367384226891374,0.016606627302118343,0.7547125362181001,0.2538730181307296,0.3802680494059732,0.2,1.0813352139163124,home:2.0-3.0,home:sportsbook,sportsbook:2.0-3.0,0.5038581329409396,0.2839979389077718,0.21214392815128852,1.0317952552763165,0.5038581329409396,0.0,0.2917142047896511,0.011823816665895813,11.398963730569944,0.07341120994534345,0.07055142367576389,0.03527571183788197,0.03527571183788192,home,6.156902080373996,4.199746249984236,0.37,0.48989067348370585,0.519634374757888,0.5194075313985669,0.9923733984136669,,,0.0,lower_clv,True,0.47159877270530515,2.120446570001752,0.30905895441839526,True,home,True,0.42
2022-10,data\historical_csv\football-data\2223\I2.csv:64:away,data\historical_csv\football-data\2223\I2.csv:64,data\historical_csv\football-data\2223\I2.csv,64,2022-10-01,I2,Cagliari,Venezia,away,0.22146151190842828,0.20989697037199492,4.9004,4.98,2.857911361092391,0.009564541536433364,5,0.0,PS,4.0-5.0,sportsbook,0.20406497428781323,1.085249992956062,0.011564541536433354,0.043188278875239454,1.5893168344378785,0.04904520125676692,0.35197250905612976,0.2,1.6243571953310054,away:4.0-5.0,away:sportsbook,sportsbook:4.0-5.0,0.5041320469346174,0.2744064411569544,0.22146151190842828,1.033990586767424,0.5041320469346174,-0.28267053502618916,0.28267053502618916,0.012489262914019144,3.750000000000009,0.031342209374008556,0.02676065410751788,0.013380327053758911,0.013380327053758967,home,5.051550491187786,5.051550491187786,0.13,0.2143734194987915,0.2053352811189905,0.20545404772056475,0.9868593955321945,,,0.0,lower_clv,True,0.22390492395074366,4.466181369999651,9.722368932822434,True,away,True,0.51
2022-10,data\historical_csv\football-data\2223\D2.csv:89:away,data\historical_csv\football-data\2223\D2.csv:89,data\historical_csv\football-data\2223\D2.csv,89,2022-10-02,D2,Kaiserslautern,Braunschweig,away,0.2454381438012925,0.23916231969370622,4.2634,4.33,1.964463378214698,0.00427582410758629,5,0.0,B365,4.0-5.0,sportsbook,0.23455458085096403,1.0464009822824305,0.006275824107586286,0.01742118825282516,1.450066964016957,0.06023988243262394,0.3559017440358975,0.2,1.5621335084674337,away:4.0-5.0,away:sportsbook,sportsbook:4.0-5.0,0.497468793935315,0.25709306226339246,0.2454381438012925,1.0413272900806874,0.497468793935315,-0.2520306501340225,0.2520306501340225,0.00427582410758629,5.352798053527974,0.04926520053540839,0.02533470179326172,0.012667350896630847,0.012667350896630875,home,3.5643383050578894,3.5643383050578894,0.11,0.24291489962250293,0.2314853155459022,0.23163550718948436,0.9868593955321945,,,0.0,lower_clv,True,0.2578278733260624,3.878556600958922,9.922335513833435,True,draw,False,-0.11
2022-10,data\historical_csv\football-data\2223\E1.csv:131:away,data\historical_csv\football-data\2223\E1.csv:131,data\historical_csv\football-data\2223\E1.csv,131,2022-10-04,E1,Bristol City,Coventry,away,0.2771778778313004,0.26481544127107626,3.7439999999999998,3.8,-0.8530987881090524,0.010362436560224115,5,0.0,B365,3.0-4.0,sportsbook,0.2670940170940171,1.0377539746003885,0.012362436560224122,0.03738551085426463,1.3201545586153456,0.07682757595906328,0.3659176389663185,0.2,1.4957264957264904,away:3.0-4.0,away:sportsbook,sportsbook:3.0-4.0,0.45970965103727873,0.26311247113142083,0.2771778778313004,1.064214662090399,0.45970965103727873,-0.18253177320597835,0.18253177320597835,0.010362436560224115,5.555555555555558,0.048872180451127845,0.026281820483630147,0.013140910241815074,0.013140910241815074,home,2.8619944467347564,2.8619944467347564,0.1,0.2747382330308087,0.2666439348285775,0.26675029879969747,0.9868593955321945,,,0.0,lower_clv,True,0.29806874970385666,3.3549307030459934,11.596939889123936,True,draw,False,-0.1
2022-10,data\historical_csv\football-data\2223\SC0.csv:51:away,data\historical_csv\football-data\2223\SC0.csv:51,data\historical_csv\football-data\2223\SC0.csv,51,2022-10-05,SC0,Kilmarnock,St Johnstone,away,0.28821159269843993,0.2847655669233398,3.6264000000000003,3.68,3.2673851890799632,0.0014460257751001326,5,0.0,PS,3.0-4.0,sportsbook,0.2757555702625193,1.0451705197616226,0.0034460257751001144,0.00501723668212448,1.2882404206445026,0.08306592216577144,0.3712858234124603,0.2,1.4780498566070888,away:3.0-4.0,away:sportsbook,sportsbook:3.0-4.0,0.4112717046146202,0.30051670268693975,0.28821159269843993,1.085264814565624,0.4112717046146202,-0.12306011191618027,0.12306011191618027,0.00442752165532295,11.515151515151523,0.028179185998743028,0.0239199846449048,0.016855686609085402,0.0070642980358194,home,2.877043599481003,2.877043599481003,0.11,0.28368917824696943,0.2789886113732535,0.2790503796633154,0.9868593955321945,,,0.0,lower_clv,True,0.2686155018750889,3.7227933347831064,-2.5892744000177492,False,home,False,-0.11
2022-10,data\historical_csv\football-data\2223\I2.csv:72:home,data\historical_csv\football-data\2223\I2.csv:72,data\historical_csv\football-data\2223\I2.csv,72,2022-10-07,I2,Genoa,Cagliari,home,0.5392195506503745,0.5291989829196576,1.8918,1.91,0.11386358874081459,0.008020567730716898,5,0.0,WH,1.5-2.0,sportsbook,0.528597103287874,1.0200955459203784,0.010020567730716912,0.014874400828091204,0.637528756796933,0.2907577238035918,0.3437679697667341,0.2,0.9620467279839229,home:1.5-2.0,home:sportsbook,sportsbook:1.5-2.0,0.5392195506503745,0.2621206148994876,0.19865983445013796,1.0050723662773398,0.5392195506503745,0.0,0.34055971620023656,0.015017098653926555,6.703910614525133,0.0693477552116295,0.04961249170024984,0.02480624585012489,0.024806245850124947,home,1.2225209256944796,1.2225209256944796,0.14,0.5350593134881831,0.5656734311591909,0.5652711431477453,0.9868593955321945,,,0.0,lower_clv,True,0.5508821871288903,1.8152701673144305,4.215892161043455,True,draw,False,-0.14
2022-10,data\historical_csv\football-data\2223\E3.csv:147:away,data\historical_csv\football-data\2223\E3.csv:147,data\historical_csv\football-data\2223\E3.csv,147,2022-10-08,E3,Stevenage,Swindon,away,0.22238279709798262,0.21660922235933883,4.92,5.0,6.571737400794708,0.0037735747386437824,5,0.0,B365,4.0-5.0,sportsbook,0.2032520325203252,1.0941233617220745,0.0057735747386437886,0.016968824872641262,1.5933085305042167,0.049454108445122505,0.35432440765360407,0.2,1.6260162601626105,away:4.0-5.0,away:sportsbook,sportsbook:4.0-5.0,0.5111758425948234,0.26644136030719395,0.22238279709798262,1.0297362131425543,0.5111758425948234,-0.2887930454968408,0.2887930454968408,0.010814681789306897,3.950103950103956,0.04947839046199709,0.03181193654700279,0.015905968273501325,0.015905968273501464,home,7.002454929352702,7.002454929352702,0.18,0.21748466449055426,0.20633270238299556,0.20647924590609093,0.9868593955321945,,,0.0,lower_clv,True,0.20870471336908614,4.791458630028825,2.6827189775903815,True,home,False,-0.18
2022-10,data\historical_csv\football-data\2223\SP2.csv:119:away,data\historical_csv\football-data\2223\SP2.csv:119,data\historical_csv\football-data\2223\SP2.csv,119,2022-10-16,SP2,Malaga,Lugo,away,0.22594829717900825,0.2147052966079451,4.7044,4.78,1.0059597362416905,0.009243000571063146,4,0.0,PS,4.0-5.0,sportsbook,0.21256695859195648,1.0629511692489264,0.011243000571063144,0.04090759118994532,1.5484982409947443,0.05105263299809343,0.349880540737452,0.25,1.6070062069551971,away:4.0-5.0,away:sportsbook,sportsbook:4.0-5.0,0.48528102255731714,0.2887706802636747,0.22594829717900825,1.045646460945047,0.48528102255731714,-0.25933272537830887,0.25933272537830887,0.01384065572672106,6.222222222222218,0.047047290144965004,0.02614354825354434,0.013071774126772184,0.013071774126772157,home,3.696486438936824,3.696486438936824,0.1,0.22042446738996863,0.2101986589317366,0.21033303223604977,0.9868593955321945,,,0.0,lower_clv,True,0.21037668798862832,4.753378378378377,-1.0303909026296965,False,home,False,-0.1
2022-10,data\historical_csv\football-data\2223\B1.csv:116:draw,data\historical_csv\football-data\2223\B1.csv:116,data\historical_csv\football-data\2223\B1.csv,116,2022-10-19,B1,Mechelen,Standard,draw,0.27449760981537413,0.26548180087807444,3.8224,3.88,1.477763567635182,0.007015808937299671,5,0.0,PS,3.0-4.0,sportsbook,0.2616157388028464,1.0492396637582861,0.009015808937299696,0.025558725054176147,1.3408784975894081,0.07534893779435338,0.3680679426411224,0.2,1.506906655504392,draw:3.0-4.0,draw:sportsbook,sportsbook:3.0-4.0,0.3670030034525068,0.27449760981537413,0.358499386732119,1.0905112264622625,0.3670030034525068,-0.09250539363713267,0.008503616720387797,0.007818346458777634,7.777777777777772,0.03445734486327279,0.02535059564153036,0.01267529782076518,0.01267529782076518,home,2.8015596216677965,2.8015596216677965,0.1,0.2689450597050748,0.26365403233688434,0.2637235596347581,0.9868593955321945,,,0.0,lower_clv,True,0.27005157526459717,3.702996359196193,3.2245141291396218,True,home,False,-0.1
2022-10,data\historical_csv\football-data\2223\T1.csv:92:home,data\historical_csv\football-data\2223\T1.csv:92,data\historical_csv\football-data\2223\T1.csv,92,2022-10-21,T1,Antalyaspor,Istanbulspor,home,0.5424024404823852,0.5382719030360479,2.0780000000000003,2.1,11.852901450890773,0.002130537446337237,5,0.0,VC,2.0-3.0,sportsbook,0.4812319538017324,1.1271122713223964,0.00413053744633729,0.003927964344043963,0.7314058926770358,0.29420040744124737,0.39671634117122173,0.2,1.0587102983637964,home:2.0-3.0,home:sportsbook,sportsbook:2.0-3.0,0.5424024404823852,0.252346803653219,0.2052507558643957,1.0043015171650924,0.5424024404823852,0.0,0.3371516846179895,0.005424266946159171,17.31843575418994,0.05602240896358546,0.0914740585195205,0.04573702925976027,0.04573702925976024,home,8.291015832732693,8.291015832732693,0.77,0.5211309712836029,0.569271112729667,0.5686385221719,0.9868593955321945,,,0.0,lower_clv,True,0.5438661267836887,1.8386877776591681,13.01538114565053,True,home,True,0.83
2022-10,data\historical_csv\football-data\2223\SC0.csv:67:away,data\historical_csv\football-data\2223\SC0.csv:67,data\historical_csv\football-data\2223\SC0.csv,67,2022-10-22,SC0,Kilmarnock,Ross County,away,0.25262977146342463,0.24295586286134765,4.136,4.2,0.48654487945338776,0.007673908602076975,5,0.0,B365,4.0-5.0,sportsbook,0.24177949709864602,1.0448767347727244,0.00967390860207698,0.030376105546166765,1.419729137206128,0.06382180142966216,0.35866584747234914,0.2,1.547388781431347,away:4.0-5.0,away:sportsbook,sportsbook:4.0-5.0,0.46411866659273554,0.2832515619438398,0.25262977146342463,1.0611392760177827,0.46411866659273554,-0.2114888951293109,0.2114888951293109,0.007673908602076975,1.6949152542373058,0.04578754578754585,0.02495901839862605,0.01247950919931301,0.012479509199313038,home,3.3506827473100143,3.3506827473100143,0.11,0.24988076099446327,0.2394014987059741,0.23953920254682154,0.9868593955321945,,,0.0,lower_clv,True,0.22141896121365304,4.516325045148565,-8.421117642033105,False,home,False,-0.11
2022-10,data\historical_csv\football-data\2223\E2.csv:184:draw,data\historical_csv\football-data\2223\E2.csv:184,data\historical_csv\football-data\2223\E2.csv,184,2022-10-26,E2,Sheffield Weds,Bristol Rvs,draw,0.21937813563875289,0.21255264676763175,4.8416,4.92,2.90948945901659,0.004825488871121124,5,0.0,PS,4.0-5.0,sportsbook,0.20654329147389294,1.062141181508586,0.006825488871121138,0.02199621606351507,1.5772452446118996,0.048126766396335056,0.3460131212080473,0.2,1.6192994051553278,draw:4.0-5.0,draw:sportsbook,sportsbook:4.0-5.0,0.6252546436500683,0.21937813563875289,0.15536722071117878,0.915692900333676,0.6252546436500683,-0.4058765080113155,0.4698874229388895,0.004825488871121124,13.62586605080831,0.03855276326793611,0.023671148272249448,0.011835574136124766,0.011835574136124682,home,3.728448299542786,3.728448299542786,0.1,0.21424415131267097,0.20308203469774225,0.20322871165720255,0.9868593955321945,,,0.0,lower_clv,True,0.2081057618052419,4.805248981697399,0.7564856356259142,True,draw,True,0.38
2022-10,data\historical_csv\football-data\2223\E3.csv:197:away,data\historical_csv\football-data\2223\E3.csv:197,data\historical_csv\football-data\2223\E3.csv,197,2022-10-29,E3,Walsall,Rochdale,away,0.25121980005704525,0.24834138130647376,4.204599999999999,4.27,4.4176171841199485,0.0008784187505714886,5,0.0,PS,4.0-5.0,sportsbook,0.23783475241402277,1.0562787713198523,0.0028784187505714875,0.0034966143208935894,1.4361791640488881,0.0631113879407018,0.36079664243845605,0.2,1.5554392807877182,away:4.0-5.0,away:sportsbook,sportsbook:4.0-5.0,0.46622163392674537,0.2825585660162093,0.25121980005704525,1.0599299576087282,0.46622163392674537,-0.21500183386970012,0.21500183386970012,0.012021330031064708,13.86666666666665,0.03592389772751914,0.025149103180115068,0.01257455159005752,0.012574551590057548,home,3.56826959027838,3.56826959027838,0.11,0.24632133755952623,0.23784701032118502,0.2379583681035548,0.9868593955321945,,,0.0,lower_clv,True,0.2541426154393665,3.934798570759891,6.856804087636026,True,home,False,-0.11
2022-10,data\historical_csv\football-data\2223\P1.csv:100:draw,data\historical_csv\football-data\2223\P1.csv:100,data\historical_csv\football-data\2223\P1.csv,100,2022-10-31,P1,Guimaraes,Famalicao,draw,0.2945858409566534,0.28859397358252703,3.548,3.6,2.3931418270805915,0.003991867374126367,5,0.0,B365,3.0-4.0,sportsbook,0.2818489289740699,1.0451905637142063,0.005991867374126381,0.013550778140466523,1.266384064447333,0.0867808176921387,0.37305881459932233,0.2,1.4656144306651742,draw:3.0-4.0,draw:sportsbook,sportsbook:3.0-4.0,0.4632236078467432,0.2945858409566534,0.24219055119660346,1.059943517931839,0.4632236078467432,-0.1686377668900898,0.22103305665013975,0.008839088013248701,8.761329305135956,0.07631257631257649,0.03650302757038004,0.018251513785189924,0.018251513785190118,home,3.6531503983087434,3.6531503983087434,0.14,0.29214529424551505,0.2861453917163447,0.2862242340623259,0.9868593955321945,,,0.0,lower_clv,True,0.30265468775065396,3.3040955269256003,7.381883213932028,True,home,False,-0.14
2022-11,data\historical_csv\football-data\2223\D2.csv:128:away,data\historical_csv\football-data\2223\D2.csv:128,data\historical_csv\football-data\2223\D2.csv,128,2022-11-04,D2,Darmstadt,Hannover,away,0.21400918240579486,0.20787465408979122,4.92,5.0,2.274329812177278,0.004134528316003638,5,0.0,B365,4.0-5.0,sportsbook,0.2032520325203252,1.0529251774365107,0.00613452831600364,0.01931939681057202,1.5933085305042167,0.045799930153996776,0.3409826559333859,0.2,1.6260162601626105,away:4.0-5.0,away:sportsbook,sportsbook:4.0-5.0,0.5389933749960999,0.24699744259810533,0.21400918240579486,1.0084672861905513,0.5389933749960999,-0.32498419259030503,0.32498419259030503,0.005048327465836808,8.69565217391306,0.05490196078431375,0.024418104338880364,0.01220905216944014,0.012209052169440224,home,3.9591519209833352,3.9591519209833352,0.1,0.2112990892702913,0.1938179484656778,0.19395908475507398,0.9919263684805425,,,0.0,lower_clv,True,0.220825216810943,4.528468326405578,8.646006670983963,True,home,False,-0.1
2022-11,data\historical_csv\football-data\2223\E1.csv:230:away,data\historical_csv\football-data\2223\E1.csv:230,data\historical_csv\football-data\2223\E1.csv,230,2022-11-05,E1,Watford,Coventry,away,0.2473708030750493,0.23866243557932385,4.2634,4.33,1.7513427848889318,0.006708367495725464,5,0.0,B365,4.0-5.0,sportsbook,0.23455458085096403,1.0546406818301652,0.008708367495725455,0.027118671291576097,1.450066964016957,0.06119231421399482,0.3587042294014733,0.2,1.5621335084674337,away:4.0-5.0,away:sportsbook,sportsbook:4.0-5.0,0.4872389829398114,0.2653902139851393,0.2473708030750493,1.04792362773305,0.4872389829398114,-0.23986817986476208,0.23986817986476208,0.01376349841490461,0.932400932400923,0.04297695740506002,0.025940328914154265,0.012970164457077105,0.01297016445707716,home,4.066561044540667,4.066561044540667,0.12,0.24409288606403495,0.23087600797992758,0.23098271618341626,0.9919263684805425,,,0.0,lower_clv,True,0.21067853659240005,4.746567999637765,-10.179312709196164,False,away,True,0.39
2022-11,data\historical_csv\football-data\2223\F2.csv:139:draw,data\historical_csv\football-data\2223\F2.csv:139,data\historical_csv\football-data\2223\F2.csv,139,2022-11-05,F2,Rodez,Grenoble,draw,0.32291555599626626,0.31511703585231654,3.205,3.25,0.9950099906674614,0.00579852014394969,5,0.0,B365,3.0-4.0,sportsbook,0.31201248049922,1.0349443569680334,0.0077985201439497165,0.017956769304779904,1.1647120903726333,0.10427445630437777,0.37610365223825243,0.2,1.4040561622464809,draw:3.0-4.0,draw:sportsbook,sportsbook:3.0-4.0,0.3795905311303048,0.32291555599626626,0.29749391287342897,1.0933774108320642,0.3795905311303048,-0.05667497513403852,0.08209661825687581,0.00579852014394969,9.797297297297302,0.05769230769230771,0.03200646508717536,0.01600323254358768,0.01600323254358768,home,2.4948836927046667,2.4948836927046667,0.11,0.3197968289943984,0.3177149542848436,0.3177317625741182,0.9919263684805425,,,0.0,lower_clv,True,0.33656019134595083,2.9712367229197887,7.8675413263772365,True,away,False,-0.11
2022-11,data\historical_csv\football-data\2223\SP2.csv:163:away,data\historical_csv\football-data\2223\SP2.csv:163,data\historical_csv\football-data\2223\SP2.csv,163,2022-11-06,SP2,Las Palmas,Eibar,away,0.2648607127637512,0.2554848695597734,3.9595999999999996,4.02,1.1617889508878543,0.007375843203977815,4,0.0,PS,3.0-4.0,sportsbook,0.2525507627033034,1.0487424782593493,0.00937584320397783,0.027848007834053036,1.3761430100635152,0.07015119716572234,0.36448621851027674,0.25,1.5254066067279526,away:3.0-4.0,away:sportsbook,sportsbook:3.0-4.0,0.44127272008914664,0.2938665671471022,0.2648607127637512,1.0727604387689793,0.44127272008914664,-0.17641200732539541,0.17641200732539541,0.019280318679732338,7.199999999999984,0.04571959186013497,0.02698028971173308,0.013490144855866498,0.013490144855866582,home,3.038584642369147,3.038584642369147,0.1,0.2602247313929921,0.2506655223160942,0.2507426998477985,0.9919263684805425,,,0.0,lower_clv,True,0.22599624506013297,4.424852279001009,-10.514526805989766,False,draw,False,-0.1
2022-11,data\historical_csv\football-data\2223\I2.csv:122:home,data\historical_csv\football-data\2223\I2.csv:122,data\historical_csv\football-data\2223\I2.csv,122,2022-11-11,I2,Ascoli,Frosinone,home,0.3092074609008986,0.30119847542906497,3.352,3.4,0.9617289638225834,0.006008985471833647,5,0.0,WH,3.0-4.0,sportsbook,0.2983293556085919,1.0364634089398121,0.008008985471833652,0.019433507375035606,1.2095571826198366,0.09560925387678075,0.3740041052523242,0.2,1.4319809069212486,home:3.0-4.0,home:sportsbook,sportsbook:3.0-4.0,0.3092074609008986,0.30310749332370024,0.38768504577540125,1.0920953075573923,0.38768504577540125,-0.07847758487450263,0.07847758487450263,0.006008985471833647,5.263157894736836,0.07124374676556844,0.03465029503938494,0.019305426672700216,0.015344868366684722,away,3.2528039579080423,3.2528039579080423,0.14,0.3080334246954297,0.3017254425461797,0.30177637086968406,0.9919263684805425,,,0.0,lower_clv,True,0.287208821160232,3.481787209600036,-3.7276031470902415,False,away,False,-0.14
2022-11,data\historical_csv\football-data\2223\F2.csv:143:away,data\historical_csv\football-data\2223\F2.csv:143,data\historical_csv\football-data\2223\F2.csv,143,2022-11-12,F2,Amiens,Quevilly Rouen,away,0.21672599253951183,0.2110960770290158,4.92,5.0,3.8592698982757856,0.0036299155104960274,5,0.0,PS,4.0-5.0,sportsbook,0.2032520325203252,1.0662918832943982,0.00562991551049602,0.016748870165327535,1.5933085305042167,0.04697015584223654,0.3453113726951974,0.2,1.6260162601626105,away:4.0-5.0,away:sportsbook,sportsbook:4.0-5.0,0.4964507663320947,0.2868232411283935,0.21672599253951183,1.0372608456437302,0.4964507663320947,-0.27972477379258287,0.27972477379258287,0.007530155359634819,5.263157894736836,0.037276445585050944,0.023913362067415456,0.012707770126349938,0.011205591941065518,home,4.188862122226987,4.188862122226987,0.11,0.21176597992322557,0.1967980679038,0.1969189133100605,0.9919263684805425,,,0.0,lower_clv,True,0.24422348128200502,4.094610373870231,20.157952790746457,True,away,True,0.43
2022-11,data\historical_csv\football-data\2223\E2.csv:215:home,data\historical_csv\football-data\2223\E2.csv:215,data\historical_csv\football-data\2223\E2.csv,215,2022-11-19,E2,Exeter,Ipswich,home,0.2173529206297587,0.20958228126194614,4.92,5.0,3.1144823808775035,0.005770639367812553,5,0.0,B365,4.0-5.0,sportsbook,0.2032520325203252,1.0693763694984129,0.007770639367812554,0.026549628829889624,1.5933085305042167,0.04724229210628618,0.34631026256940045,0.2,1.6260162601626105,home:4.0-5.0,home:sportsbook,sportsbook:4.0-5.0,0.2173529206297587,0.2519878058074353,0.5306592735628061,1.015309120932018,0.5306592735628061,-0.31330635293304737,0.31330635293304737,0.009875158273281138,8.225108225108224,0.05917312661498708,0.028526377570475936,0.014263188785237968,0.014263188785237968,away,4.403087865418916,4.403087865418916,0.11,0.21220139810044497,0.1974867695776281,0.197605570066267,0.9919263684805425,,,0.0,lower_clv,True,0.20958403125155312,4.771355880638399,3.1153433757641347,True,away,False,-0.11
2022-11,data\historical_csv\football-data\2223\E3.csv:221:away,data\historical_csv\football-data\2223\E3.csv:221,data\historical_csv\football-data\2223\E3.csv,221,2022-11-19,E3,Newport County,Gillingham,away,0.23393802680876893,0.21597542542704884,4.5182,4.59,-2.417983283550784,0.015962601381720086,5,0.0,PS,4.0-5.0,sportsbook,0.22132707715461908,1.05697879272738,0.017962601381720095,0.0682343165814962,1.5081136844409848,0.05472700038718029,0.3528051395414264,0.2,1.5891284139701645,away:4.0-5.0,away:sportsbook,sportsbook:4.0-5.0,0.4776455007079725,0.2884164724832587,0.23393802680876893,1.0513698879842925,0.4776455007079725,-0.24370747389920358,0.24370747389920358,0.015962601381720086,6.004618937644346,0.03728020905420504,0.023903243685000908,0.011951621842500343,0.011951621842500565,home,3.5793743754073786,3.5793743754073786,0.1,0.22924920184012965,0.21583818435674595,0.2159464599702078,0.9919263684805425,,,0.0,lower_clv,True,0.20189515817092318,4.9530657845365775,-8.779729635213485,False,home,False,-0.1
2022-11,data\historical_csv\football-data\2223\I2.csv:138:away,data\historical_csv\football-data\2223\I2.csv:138,data\historical_csv\football-data\2223\I2.csv,138,2022-11-27,I2,Frosinone,Cagliari,away,0.23793369636436718,0.23308902854251748,4.4887999999999995,4.56,4.6290031321652325,0.002844667821849699,5,0.0,PS,4.0-5.0,sportsbook,0.22277668864729996,1.0680367762403713,0.004844667821849696,0.011955716509751642,1.5015854054546252,0.05661244386561087,0.357277765926606,0.2,1.586170023168787,away:4.0-5.0,away:sportsbook,sportsbook:4.0-5.0,0.4757158667320049,0.2863504369036279,0.23793369636436718,1.0531345569830513,0.4757158667320049,-0.2377821703676377,0.2377821703676377,0.008758655908300198,8.571428571428562,0.02782737438898164,0.02457272634310989,0.01228636317155496,0.012286363171554932,home,4.25825238195618,4.25825238195618,0.12,0.23226308229806675,0.220295719752355,0.22039233982780887,0.9919263684805425,,,0.0,lower_clv,True,0.2473044084357673,4.043599571577113,11.010002858647216,True,draw,False,-0.12
2022-11,data\historical_csv\football-data\2223\I2.csv:135:away,data\historical_csv\football-data\2223\I2.csv:135,data\historical_csv\football-data\2223\I2.csv,135,2022-11-27,I2,Brescia,Spal,away,0.2368372422772418,0.2319104357414157,4.4692,4.54,3.6454119415535002,0.002926806535826077,5,0.0,PS,4.0-5.0,sportsbook,0.22375369193591696,1.058473003185449,0.004926806535826084,0.012357881335233401,1.4972094216910459,0.056091879329488926,0.35459495054481127,0.2,1.5841761389062903,away:4.0-5.0,away:sportsbook,sportsbook:4.0-5.0,0.4868201096362742,0.276342648086484,0.2368372422772418,1.0469868154177864,0.4868201096362742,-0.2499828673590324,0.2499828673590324,0.004763995604071744,8.095238095238088,0.028983366671199384,0.022777108445166117,0.011388554222583003,0.011388554222583114,home,3.525018668869138,3.525018668869138,0.1,0.23164105134894197,0.21907118076824308,0.2191726652715589,0.9919263684805425,,,0.0,lower_clv,True,0.20635816045398792,4.845943566273319,-7.774410929903719,False,home,False,-0.1
2022-12,data\historical_csv\football-data\2223\I2.csv:169:away,data\historical_csv\football-data\2223\I2.csv:169,data\historical_csv\football-data\2223\I2.csv,169,2022-12-11,I2,Bari,Modena,away,0.2322383011149716,0.22085354943641702,4.684799999999999,4.76,3.4654708399726397,0.00938475167855457,5,0.0,PS,4.0-5.0,sportsbook,0.2134562841530055,1.0879899930634187,0.011384751678554572,0.04041000831257617,1.5443232253448005,0.05393462850476822,0.3586510022264699,0.2,1.605191256830607,away:4.0-5.0,away:sportsbook,sportsbook:4.0-5.0,0.48259306787058937,0.2851686310144391,0.2322383011149716,1.0484681037345678,0.48259306787058937,-0.25035476675561774,0.25035476675561774,0.010398943174519065,13.33333333333333,0.03033355226472989,0.02833925002450763,0.014169625012253745,0.014169625012253884,home,5.245085575934218,5.245085575934218,0.14,0.22465224892403995,0.21536480438344727,0.21820376819888332,0.6943223937405202,,,0.0,lower_clv,True,0.2333080032343567,4.286179582941719,9.30013335523141,True,home,False,-0.14
2022-12,data\historical_csv\football-data\2223\I2.csv:162:away,data\historical_csv\football-data\2223\I2.csv:162,data\historical_csv\football-data\2223\I2.csv,162,2022-12-11,I2,Cagliari,Perugia,away,0.21959342982790653,0.21410008946495296,4.8808,4.96,4.497971666054235,0.003493340362953575,5,0.0,PS,4.0-5.0,sportsbook,0.20488444517292248,1.071791612304046,0.005493340362953569,0.0159082189557824,1.5853091408555056,0.04822127442358371,0.3481234715779922,0.2,1.6226848057695475,away:4.0-5.0,away:sportsbook,sportsbook:4.0-5.0,0.5039849209165067,0.2764216492555868,0.21959342982790653,1.0336643236709586,0.5039849209165067,-0.2843914910886002,0.2843914910886002,0.012271133879568172,7.826086956521738,0.030792501332330025,0.024003237849195225,0.01200161892459764,0.012001618924597585,home,4.219305619556659,4.219305619556659,0.11,0.21352914608170107,0.201488052620707,0.20516874524661033,0.6943223937405202,,,0.0,lower_clv,True,0.20174900473968133,4.956653943796697,-1.530345766656338,False,home,False,-0.11
2023-01,data\historical_csv\football-data\2223\E2.csv:279:away,data\historical_csv\football-data\2223\E2.csv:279,data\historical_csv\football-data\2223\E2.csv,279,2023-01-01,E2,Bristol Rvs,Cheltenham,away,0.24147050450841537,0.23477160014125834,4.43,4.5,4.003818862577435,0.004698904367157034,5,0.0,B365,4.0-5.0,sportsbook,0.22573363431151244,1.06971433497228,0.0066989043671570325,0.01945953762229902,1.4883995840570443,0.05830800454754865,0.35940459847237005,0.2,1.5801354401805856,away:4.0-5.0,away:sportsbook,sportsbook:4.0-5.0,0.49921502445515625,0.2593144710364284,0.24147050450841537,1.03994566670495,0.49921502445515625,-0.25774451994674086,0.25774451994674086,0.011047804742785237,2.505694760820054,0.04847704847704826,0.02952287766717146,0.0147614388335858,0.01476143883358566,home,4.205098723215706,4.205098723215706,0.12,0.23522595648581424,0.22912029399437123,0.2294326084398628,0.9488483934496423,,,0.0,lower_clv,True,0.20907240140665578,4.783032065791182,-7.380926176851499,False,home,False,-0.12
2023-01,data\historical_csv\football-data\2223\I2.csv:199:home,data\historical_csv\football-data\2223\I2.csv:199,data\historical_csv\football-data\2223\I2.csv,199,2023-01-15,I2,Cosenza,Benevento,home,0.2795641929546222,0.2701680166486572,3.8518,3.91,4.063316652729765,0.007396176305964998,5,0.0,PS,3.0-4.0,sportsbook,0.25961887948491613,1.0768253584226137,0.00939617630596501,0.026456093063268363,1.3485405715079748,0.07815613798236923,0.37700365654019197,0.2,1.5109818786022133,home:3.0-4.0,home:sportsbook,sportsbook:3.0-4.0,0.2795641929546222,0.29760059250008164,0.4228352145452961,1.0809689220128176,0.4228352145452961,-0.1432710215906739,0.1432710215906739,0.007396176305964998,8.611111111111104,0.03288830078235527,0.031953221362045287,0.01597661068102274,0.015976610681022546,away,4.236556138021548,4.236556138021548,0.15,0.2706177790591971,0.27073675416800697,0.27073066840005183,0.9488483934496423,,,0.0,lower_clv,True,0.2812318778987724,3.555784669474573,8.32489472904916,True,draw,False,-0.15
2023-01,data\historical_csv\football-data\2223\I2.csv:213:away,data\historical_csv\football-data\2223\I2.csv:213,data\historical_csv\football-data\2223\I2.csv,213,2023-01-28,I2,Bari,Perugia,away,0.2580763289586106,0.2467667220832402,4.2242,4.29,4.239198742402306,0.00930960687537041,5,0.0,PS,4.0-5.0,sportsbook,0.23673121537805977,1.0901660287869628,0.011309606875370415,0.036073075407328244,1.4408298937679047,0.06660339156875299,0.37184408963744575,0.2,1.5576913971876438,away:4.0-5.0,away:sportsbook,sportsbook:4.0-5.0,0.4539882234935297,0.2879354475478596,0.2580763289586106,1.066556697379231,0.4539882234935297,-0.19591189453491908,0.19591189453491908,0.00930960687537041,10.000000000000009,0.028334872674495193,0.03139896996368943,0.015699484981844786,0.015699484981844647,home,5.027943704006463,5.027943704006463,0.16,0.2486339276170789,0.2471772227480627,0.2472517355423826,0.9488483934496423,,,0.0,lower_clv,True,0.256659389226734,3.896214368049461,8.418059197156968,True,away,True,0.52
2023-02,data\historical_csv\football-data\2223\E3.csv:330:away,data\historical_csv\football-data\2223\E3.csv:330,data\historical_csv\football-data\2223\E3.csv,330,2023-02-04,E3,Leyton Orient,AFC Wimbledon,away,0.21368072225571857,0.20660349791415222,4.92,5.0,1.6489209737629018,0.005077224341566349,5,0.0,B365,4.0-5.0,sportsbook,0.2032520325203252,1.0513091534981354,0.007077224341566352,0.023760797361449724,1.5933085305042167,0.04565945106372554,0.3404593175743386,0.2,1.6260162601626105,away:4.0-5.0,away:sportsbook,sportsbook:4.0-5.0,0.5058091650790548,0.28051011266522663,0.21368072225571857,1.0310941293588047,0.5058091650790548,-0.2921284428233363,0.2921284428233363,0.008131308992524624,6.157112526539277,0.054140395124001595,0.02395267376700333,0.011976336883501693,0.011976336883501637,home,3.850067707619533,3.850067707619533,0.1,0.2110773733894706,0.19915625236916268,0.2068033500939972,0.3585252836702615,,,0.0,lower_clv,True,0.24960982149951652,4.006252614550814,22.80803217776213,True,home,False,-0.1
2023-02,data\historical_csv\football-data\2223\I2.csv:227:away,data\historical_csv\football-data\2223\I2.csv:227,data\historical_csv\football-data\2223\I2.csv,227,2023-02-04,I2,Pisa,Sudtirol,away,0.22503524203637107,0.21545178372498838,4.7044,4.78,1.3571371355835193,0.007583458311382672,5,0.0,PS,4.0-5.0,sportsbook,0.21256695859195648,1.058655792635904,0.009583458311382687,0.033698980847439906,1.5484982409947443,0.050640860158368106,0.3484666764551471,0.2,1.6070062069551971,away:4.0-5.0,away:sportsbook,sportsbook:4.0-5.0,0.489631944625608,0.2853328133380209,0.22503524203637107,1.0431220811917747,0.489631944625608,-0.26459670258923695,0.26459670258923695,0.010011189716152698,0.6315789473684275,0.029006625772969308,0.021727492911479435,0.010863746455739787,0.010863746455739648,home,3.6695151136523227,3.6695151136523227,0.1,0.22036713526411938,0.21135970035321935,0.21713774210754752,0.3585252836702615,,,0.0,lower_clv,True,0.22080700591356714,4.528841808540444,3.876447861978516,True,away,True,0.37
2023-02,data\historical_csv\football-data\2223\E3.csv:345:away,data\historical_csv\football-data\2223\E3.csv:345,data\historical_csv\football-data\2223\E3.csv,345,2023-02-11,E3,Stevenage,Bradford,away,0.21563664018740875,0.20351238945004868,4.9004,4.98,-0.2707886738981369,0.01012425073736006,5,0.0,PS,4.0-5.0,sportsbook,0.20406497428781323,1.0567057915743778,0.012124250737360065,0.04695051234595903,1.5893168344378785,0.04649916059131398,0.34271494237147226,0.2,1.6243571953310054,away:4.0-5.0,away:sportsbook,sportsbook:4.0-5.0,0.5175279364497809,0.26683542336281024,0.21563664018740875,1.0242350801955347,0.5175279364497809,-0.30189129626237216,0.30189129626237216,0.010306612234712085,8.26086956521741,0.03604523453410513,0.021819607727717016,0.01687797813227293,0.004941629595444086,home,3.883187877253593,3.883187877253593,0.1,0.21198920063107823,0.2012523638596498,0.20813977318188054,0.3585252836702615,,,0.0,lower_clv,True,0.20413951245629217,4.8986106999452526,0.03652668408142823,True,away,True,0.39
2023-02,data\historical_csv\football-data\2223\E1.csv:359:away,data\historical_csv\football-data\2223\E1.csv:359,data\historical_csv\football-data\2223\E1.csv,359,2023-02-11,E1,Sheffield United,Swansea,away,0.23310395374157142,0.22871913658979856,4.5672,4.64,4.4606040632927835,0.0023848171517728577,5,0.0,PS,4.0-5.0,sportsbook,0.21895253109125942,1.064632377528505,0.004384817151772857,0.010230702283225807,1.5189003256679123,0.05433745324995267,0.3540616712525508,0.2,1.593974426344369,away:4.0-5.0,away:sportsbook,sportsbook:4.0-5.0,0.5038003223595516,0.2630957238988769,0.23310395374157142,1.0361507547612059,0.5038003223595516,-0.2706963686179802,0.2706963686179802,0.008272436222086108,7.159353348729791,0.030388644486007532,0.023942835232916265,0.011971417616458147,0.011971417616458119,home,3.5688263745369495,3.5688263745369495,0.1,0.2267665667685605,0.2200811952055853,0.2243696920325037,0.3585252836702615,,,0.0,lower_clv,True,0.20360014269978852,4.911587913150508,-7.01174282615259,False,home,False,-0.1
2023-02,data\historical_csv\football-data\2223\E2.csv:344:away,data\historical_csv\football-data\2223\E2.csv:344,data\historical_csv\football-data\2223\E2.csv,344,2023-02-11,E2,Charlton,Fleetwood Town,away,0.2539892494554002,0.2449856141832312,4.136,4.2,1.3260500261844221,0.007003635272168995,5,0.0,B365,4.0-5.0,sportsbook,0.24177949709864602,1.0504995357475353,0.009003635272168992,0.027574534304841962,1.419729137206128,0.06451053883891751,0.36059593798894735,0.2,1.547388781431347,away:4.0-5.0,away:sportsbook,sportsbook:4.0-5.0,0.4847069387715584,0.26130381177304146,0.2539892494554002,1.0498013680214235,0.4847069387715584,-0.23071768931615821,0.23071768931615821,0.00873630406198398,1.6949152542373058,0.0473697332336076,0.026662422509434958,0.013331211254717423,0.013331211254717534,home,3.2472902593855357,3.2472902593855357,0.1,0.24963077915712167,0.24283028825742986,0.24719263122821264,0.3585252836702615,,,0.0,lower_clv,True,0.2219413414682731,4.505695033581437,-8.205061168722239,False,away,True,0.31
2023-02,data\historical_csv\football-data\2223\I2.csv:238:draw,data\historical_csv\football-data\2223\I2.csv:238,data\historical_csv\football-data\2223\I2.csv,238,2023-02-11,I2,Venezia,Spal,draw,0.28266370545680874,0.27122455425355785,3.646,3.7,-1.1115275191528107,0.0094391512032509,5,0.0,B365,3.0-4.0,sportsbook,0.27427317608337903,1.0305918700955246,0.011439151203250897,0.03339357342675609,1.2936306762564713,0.07989877038257354,0.3656624404432515,0.2,1.4810751508502529,draw:3.0-4.0,draw:sportsbook,sportsbook:3.0-4.0,0.49482756530487954,0.28266370545680874,0.22250872923831166,1.0396624373844348,0.49482756530487954,-0.2121638598480708,0.27231883606656787,0.0094391512032509,7.558139534883734,0.05471324983520098,0.026413705456808767,0.013206852728404397,0.01320685272840437,home,2.5759138415911953,2.5759138415911953,0.1,0.2813382167898826,0.274419695066417,0.2788577518263982,0.3585252836702615,,,0.0,lower_clv,True,0.29218027606771113,3.4225445107330095,6.528928654287469,True,home,False,-0.1
2023-02,data\historical_csv\football-data\2223\SP1.csv:225:away,data\historical_csv\football-data\2223\SP1.csv:225,data\historical_csv\football-data\2223\SP1.csv,225,2023-02-25,SP1,Real Madrid,Ath Madrid,away,0.2142862280958094,0.2053300555640871,4.92,5.0,1.022387337530839,0.006956172531722324,5,0.0,B365,4.0-5.0,sportsbook,0.2032520325203252,1.0542882422313822,0.008956172531722317,0.03246206064447666,1.5933085305042167,0.04591858755152926,0.3414240751946255,0.2,1.6260162601626105,away:4.0-5.0,away:sportsbook,sportsbook:4.0-5.0,0.5267752987839806,0.25893847312021007,0.2142862280958094,1.017617256934436,0.5267752987839806,-0.3124890706881711,0.3124890706881711,0.006956172531722324,4.8218029350104885,0.041269841269841345,0.02221305736410209,0.011106528682051031,0.011106528682051059,home,4.212008826611693,4.212008826611693,0.11,0.211813026070349,0.19980488353142956,0.20750780336022995,0.3585252836702615,,,0.0,lower_clv,True,0.19980889817805605,5.0047821149029526,-1.6940220963964192,False,draw,False,-0.11
2023-02,data\historical_csv\football-data\2223\F2.csv:250:draw,data\historical_csv\football-data\2223\F2.csv:250,data\historical_csv\football-data\2223\F2.csv,250,2023-02-27,F2,Amiens,Bordeaux,draw,0.3014033106072671,0.2862114530580802,3.45,3.5,-1.257048694962326,0.013191857549186904,4,0.0,B365,3.0-4.0,sportsbook,0.2898550724637681,1.0398414215950715,0.015191857549186893,0.043768124253870874,1.2383742310432684,0.09084395564502074,0.37325009300716977,0.25,1.4492753623188248,draw:3.0-4.0,draw:sportsbook,sportsbook:3.0-4.0,0.3295492759789064,0.3014033106072671,0.3690474134138265,1.095161771805456,0.3690474134138265,-0.06764410280655941,0.039498137434920144,0.013191857549186904,9.375,0.07625272331154687,0.035931939872738516,0.01796596993636923,0.017965969936369286,away,3.3494201674666138,3.3494201674666138,0.14,0.2995635367172945,0.29525017542538157,0.2980170876365391,0.3585252836702615,,,0.0,lower_clv,True,0.2866377138648044,3.4887244477244894,-1.1099887166424738,False,away,False,-0.14
2023-02,data\historical_csv\football-data\2223\I2.csv:262:home,data\historical_csv\football-data\2223\I2.csv:262,data\historical_csv\football-data\2223\I2.csv,262,2023-02-28,I2,Cosenza,Reggina,home,0.2156195124762267,0.20342771442423882,4.92,5.0,0.08643549672548989,0.010191798051987881,4,0.0,VC,4.0-5.0,sportsbook,0.2032520325203252,1.0608480013830355,0.01219179805198789,0.047267512735479286,1.5933085305042167,0.04649177416048569,0.3435484085715324,0.25,1.6260162601626105,home:4.0-5.0,home:sportsbook,sportsbook:4.0-5.0,0.2156195124762267,0.29243060994006204,0.4919498775837113,1.0393422914126855,0.4919498775837113,-0.27633036510748454,0.27633036510748454,0.010930577373613151,1.2145748987854255,0.047259358288769926,0.024644852362612074,0.012322426181306023,0.012322426181306051,away,4.387285829122593,4.387285829122593,0.11,0.2121692801404931,0.20123399734605474,0.20824870477460256,0.3585252836702615,,,0.0,lower_clv,True,0.25287356321839083,3.954545454545454,24.41379310344829,True,home,True,0.43
2023-02,data\historical_csv\football-data\2223\I2.csv:264:away,data\historical_csv\football-data\2223\I2.csv:264,data\historical_csv\football-data\2223\I2.csv,264,2023-02-28,I2,Parma,Pisa,away,0.2583405049347829,0.24613921042236628,4.038,4.1,-0.6089868314484881,0.010201294512416612,4,0.0,VC,4.0-5.0,sportsbook,0.24764735017335313,1.0431789589266534,0.01220129451241661,0.039487785761632276,1.3957495198906458,0.06673981648995858,0.3605786357310302,0.25,1.535413571074784,away:4.0-5.0,away:sportsbook,sportsbook:4.0-5.0,0.45176221095090163,0.28989728411431553,0.2583405049347829,1.0675869311451585,0.45176221095090163,-0.19342170601611874,0.19342170601611874,0.010201294512416612,3.535353535353525,0.05119613496454467,0.026316783659764365,0.013158391829882127,0.013158391829882238,home,3.7841160312029407,3.7841160312029407,0.12,0.2570186132521123,0.24759903874047495,0.25364145762827434,0.3585252836702615,,,0.0,lower_clv,True,0.24394876736246512,4.099221368535038,-1.4934877390365808,False,away,True,0.36
2023-03,data\historical_csv\football-data\2223\E3.csv:395:away,data\historical_csv\football-data\2223\E3.csv:395,data\historical_csv\football-data\2223\E3.csv,395,2023-03-04,E3,Bradford,Colchester,away,0.216451359532833,0.20810454619792262,4.92,5.0,2.387436729377934,0.0063468133349103804,5,0.0,B365,4.0-5.0,sportsbook,0.2032520325203252,1.0649406889015385,0.008346813334910386,0.029322122755933287,1.5933085305042167,0.04685119104361174,0.34487379758289805,0.2,1.6260162601626105,away:4.0-5.0,away:sportsbook,sportsbook:4.0-5.0,0.508774869265107,0.2747737712020601,0.216451359532833,1.0300140443321522,0.508774869265107,-0.29232350973227395,0.29232350973227395,0.010736103272373194,6.157112526539277,0.05858585858585874,0.027520061822909364,0.013760030911454585,0.01376003091145478,home,3.998538502035241,3.998538502035241,0.1,0.2113791432968196,0.1979930602049616,0.1981255694416658,0.9901009701049297,,,0.0,lower_clv,True,0.19674676011840928,5.082675818387881,-3.200594021742642,False,home,False,-0.1
2023-03,data\historical_csv\football-data\2223\G1.csv:186:away,data\historical_csv\football-data\2223\G1.csv:186,data\historical_csv\football-data\2223\G1.csv,186,2023-03-18,G1,Atromitos,Ionikos,away,0.2238966630785791,0.2218966630785791,4.8808,4.96,8.303323315392896,0.0,5,0.0,PS,4.0-5.0,sportsbook,0.20488444517292248,1.0927948331539288,0.0020000000000000018,0.0,1.5853091408555056,0.05012971573772277,0.35494542658551687,0.2,1.6226848057695475,away:4.0-5.0,away:sportsbook,sportsbook:4.0-5.0,0.48223896663078586,0.2938643702906351,0.2238966630785791,1.0466586970643428,0.48223896663078586,-0.2583423035522068,0.2583423035522068,0.0,12.72727272727272,0.07654318766529333,0.036618618374171324,0.027235304712732278,0.009383313661439047,home,4.455264862191231,4.455264862191231,0.11,0.21401258986680716,0.20615400038074375,0.20623179279299939,0.9901009701049297,,,0.0,lower_clv,True,0.2637211861140623,3.7918834460553694,28.71703651855153,True,home,False,-0.11
2023-03,data\historical_csv\football-data\2223\SP2.csv:362:away,data\historical_csv\football-data\2223\SP2.csv:362,data\historical_csv\football-data\2223\SP2.csv,362,2023-03-26,SP2,Villarreal B,Huesca,away,0.31031745374753905,0.3020586956541224,3.548,3.6,7.170425218082643,0.006258758093416621,5,0.0,WH,3.0-4.0,sportsbook,0.2818489289740699,1.1010063258962686,0.00825875809341664,0.020168888400677838,1.266384064447333,0.09629692210035604,0.39298107834575574,0.2,1.4656144306651742,away:3.0-4.0,away:sportsbook,sportsbook:3.0-4.0,0.38453705006738087,0.3051454961850801,0.31031745374753905,1.0928262892445586,0.38453705006738087,-0.07421959631984182,0.07421959631984182,0.006258758093416621,19.999999999999996,0.06646825396825395,0.04985233746846929,0.037048409105361224,0.012803928363108064,home,4.855483742897246,4.855483742897246,0.19,0.29553405789993586,0.303758535956202,0.3036771216020517,0.9901009701049297,,,0.0,lower_clv,True,0.2157654557166628,4.634662192233275,-23.446416311728036,False,draw,False,-0.19
2023-03,data\historical_csv\football-data\2223\SP2.csv:359:home,data\historical_csv\football-data\2223\SP2.csv:359,data\historical_csv\football-data\2223\SP2.csv,359,2023-03-26,SP2,Ponferradina,Mirandes,home,0.45437321657559415,0.4424389789951854,2.372,2.4,4.946525817657976,0.009934237580408707,5,0.0,WH,2.0-3.0,sportsbook,0.4215851602023609,1.0777732697173092,0.011934237580408735,0.021863607312241184,0.863733481135479,0.2064550199412518,0.3924573600875629,0.2,1.180438448566612,home:2.0-3.0,home:sportsbook,sportsbook:2.0-3.0,0.45437321657559415,0.3000196393294902,0.24560714409491569,1.0644597912274598,0.45437321657559415,0.0,0.20876607248067847,0.009934237580408707,13.207547169811317,0.07258064516129026,0.06590203863073196,0.032951019315365954,0.03295101931536601,home,2.083975037882827,2.083975037882827,0.15,0.4303708897043964,0.47230801769253633,0.4718928808088683,0.9901009701049297,,,0.0,lower_clv,True,0.40975363631242073,2.4404908495736692,-2.806437466693812,False,draw,False,-0.15
2023-03,data\historical_csv\football-data\2223\B1.csv:272:away,data\historical_csv\football-data\2223\B1.csv:272,data\historical_csv\football-data\2223\B1.csv,272,2023-03-31,B1,Waregem,Antwerp,away,0.5538805028105109,0.5375492535187537,1.931,1.95,3.800760854471341,0.01433124929175718,5,0.0,WH,1.5-2.0,sportsbook,0.5178663904712584,1.0695432509270966,0.01633124929175722,0.02587426208187016,0.6580380034463774,0.3067836113936244,0.36447442021730425,0.2,0.9839461418953865,away:1.5-2.0,away:sportsbook,sportsbook:1.5-2.0,0.20896040084807307,0.23715909634141596,0.5538805028105109,0.9956643473542272,0.5538805028105109,0.0,0.34492010196243783,0.01433124929175718,10.169491525423723,0.06880506880506876,0.07407316676012182,0.03703658338006095,0.03703658338006087,away,2.6195955970739084,2.6195955970739084,0.28,0.531432395634769,0.5879005944805049,0.5873416140920102,0.9901009701049297,,,0.0,lower_clv,True,0.520875902703197,1.91984308510009,0.5811368119873261,True,away,True,0.26
2024-10,data\historical_csv\football-data\2425\I2.csv:72:draw,data\historical_csv\football-data\2425\I2.csv:72,data\historical_csv\football-data\2425\I2.csv,72,2024-10-04,I2,Sampdoria,Juve Stabia,draw,0.2986982896602612,0.2893875192653481,3.45,3.5,-0.16130585345489612,0.00731077039491308,6,0.0,WH,3.0-4.0,sportsbook,0.2898550724637681,1.0305090993279011,0.00931077039491307,0.024475434403150868,1.2383742310432684,0.08922066824596529,0.3699002647719654,0.16666666666666666,1.4492753623188248,draw:3.0-4.0,draw:sportsbook,sportsbook:3.0-4.0,0.4887461426228056,0.2986982896602612,0.21255556771693324,1.0399760707104073,0.4887461426228056,-0.1900478529625444,0.27619057490587234,0.00731077039491308,5.421686746987953,0.0793650793650793,0.033992407307320005,0.01699620365366003,0.016996203653659975,home,2.349418559162393,2.349418559162393,0.1,0.29666498133090546,0.296849676325574,0.2966906882808229,0.13918595879405193,,,0.0,lower_clv,True,0.28625954198473286,3.4933333333333327,-1.240458015267154,False,away,False,-0.1
2024-10,data\historical_csv\football-data\2425\P1.csv:66:away,data\historical_csv\football-data\2425\P1.csv:66,data\historical_csv\football-data\2425\P1.csv,66,2024-10-05,P1,Gil Vicente,Estrela,away,0.2225998594429205,0.21930084689106913,4.72645,4.9,3.6514487788293692,0.001299012551851365,6,0.025,BFE,4.0-5.0,exchange,0.21157528377534937,1.0521071056639915,0.0032990125518513602,0.005835639587115105,1.5531743921750678,0.04955069742400796,0.3457364013885136,0.16666666666666666,3.6718890499211954,away:4.0-5.0,away:exchange,exchange:4.0-5.0,0.5036518242349095,0.2737483163221699,0.2225998594429205,1.0345227502606964,0.5036518242349095,-0.281051964791989,0.281051964791989,0.0042259857679458075,9.14772727272728,0.02175948913596848,0.022864369023703562,0.01143218451185185,0.011432184511851712,home,4.090574696100383,4.090574696100383,0.11,0.22022992879666642,0.21900096127129498,0.22005887377332084,0.13918595879405193,,,0.0,lower_clv,True,0.22607985129129177,4.4232159313991835,6.855511313572582,True,home,False,-0.11
2024-10,data\historical_csv\football-data\2425\D1.csv:50:draw,data\historical_csv\football-data\2425\D1.csv:50,data\historical_csv\football-data\2425\D1.csv,50,2024-10-05,D1,Union Berlin,Dortmund,draw,0.2755938001933965,0.269953107162787,3.7342,3.79,0.8058892767279113,0.0036406930306095682,6,0.0,1XB,3.0-4.0,sportsbook,0.26779497616624715,1.0291223686821813,0.005640693030609545,0.013210358970538273,1.3175336055490983,0.07595194270503776,0.36310409323578346,0.16666666666666666,1.4942959670076528,draw:3.0-4.0,draw:sportsbook,sportsbook:3.0-4.0,0.28113346302533987,0.2755938001933965,0.44327273678126355,1.0725637084130757,0.44327273678126355,-0.16767893658786703,0.16213927375592369,0.0036406930306095682,7.213578500707207,0.0153794102502256,0.015737986612302968,0.007868993306151512,0.007868993306151456,away,2.7576265909683064,2.7576265909683064,0.1,0.2751797616382848,0.2731498980566648,0.2748972331294559,0.13918595879405193,,,0.0,lower_clv,True,0.2672333390229479,3.7420480680149266,-0.2097265420508032,False,home,False,-0.1
2024-10,data\historical_csv\football-data\2425\T1.csv:71:draw,data\historical_csv\football-data\2425\T1.csv:71,data\historical_csv\football-data\2425\T1.csv,71,2024-10-06,T1,Ad. Demirspor,Samsunspor,draw,0.24561022303461755,0.2389319240805194,4.2487,4.4,1.5150065840902727,0.0046782989540981625,6,0.025,BFE,4.0-5.0,exchange,0.23536611198719606,1.0435241546071796,0.006678298954098161,0.019047655656575742,1.4466130537918354,0.06032438165911458,0.3553029547866019,0.16666666666666666,3.561089274366269,draw:4.0-5.0,draw:exchange,exchange:4.0-5.0,0.20034947835184244,0.24561022303461755,0.55404029861354,0.994110027013672,0.55404029861354,-0.30843007557892244,0.3536908202616975,0.015312853270470493,2.251184834123232,0.007034632034631949,0.019925107505332218,0.009962553752666123,0.009962553752666095,away,3.8148453017640596,3.8148453017640596,0.12,0.24434496505228434,0.24247172496449793,0.24408423633461432,0.13918595879405193,,,0.0,lower_clv,True,0.23982092354866757,4.169777954328772,1.892715788122401,True,away,False,-0.12
2024-10,data\historical_csv\football-data\2425\B1.csv:84:away,data\historical_csv\football-data\2425\B1.csv:84,data\historical_csv\football-data\2425\B1.csv,84,2024-10-19,B1,Cercle Brugge,Dender,away,0.22722909284730264,0.22038720627450245,4.72645,4.9,4.164911109612213,0.004841886572800193,6,0.025,BFE,4.0-5.0,exchange,0.21157528377534937,1.0739869458881335,0.006841886572800188,0.021308391949854448,1.5531743921750678,0.05163306063620808,0.35292640816760135,0.16666666666666666,3.6718890499211954,away:4.0-5.0,away:exchange,exchange:4.0-5.0,0.5248133562049553,0.24795755094774208,0.22722909284730264,1.0208373027272084,0.5248133562049553,-0.29758426335765265,0.29758426335765265,0.006479419865402057,13.08647789486077,0.003532182103610504,0.023865776460912314,0.011932888230456226,0.011932888230456087,home,5.602139333984007,5.602139333984007,0.15,0.22342802596871653,0.2237171219224075,0.22346826406621448,0.13918595879405193,,,0.0,lower_clv,True,0.24893632107012825,4.017091582703547,17.658507472190756,True,draw,False,-0.15
2024-10,data\historical_csv\football-data\2425\I2.csv:87:away,data\historical_csv\football-data\2425\I2.csv:87,data\historical_csv\football-data\2425\I2.csv,87,2024-10-19,I2,Brescia,Sassuolo,away,0.3791160252276229,0.37249645923772834,2.764,2.8,2.958021333308114,0.004619565989894548,6,0.0,WH,2.0-3.0,sportsbook,0.36179450072358904,1.0478766937291495,0.006619565989894549,0.01218509818233334,1.0166789059054233,0.1437289605843916,0.3854392657396325,0.16666666666666666,1.302460202604916,away:2.0-3.0,away:sportsbook,sportsbook:2.0-3.0,0.32933964713861064,0.2915443276337665,0.3791160252276229,1.0928426196639436,0.3791160252276229,0.0,0.04977637808901225,0.00550402515776337,9.80392156862746,0.08150183150183166,0.04888740541390574,0.0314833732704399,0.017404032143465836,away,2.7660552850201574,2.7660552850201574,0.16,0.3718019366317662,0.37961413245805403,0.372889284598135,0.13918595879405193,,,0.0,lower_clv,True,0.465978482538998,2.1460218389296752,28.79645257377903,True,away,True,0.28
2024-10,data\historical_csv\football-data\2425\SP2.csv:120:away,data\historical_csv\football-data\2425\SP2.csv:120,data\historical_csv\football-data\2425\SP2.csv,120,2024-10-24,SP2,Burgos,Ferrol,away,0.2465793500964849,0.24161680696442017,4.478999999999999,4.55,8.220167839363768,0.0029625431320647404,5,0.0,PS,4.0-5.0,sportsbook,0.2232641214556821,1.1044289090821557,0.004962543132064734,0.012014562983094555,1.4993998072251629,0.06080137589400487,0.36972103000037543,0.2,1.5851752623353477,away:4.0-5.0,away:sportsbook,sportsbook:4.0-5.0,0.4615443379155102,0.2918763119880049,0.2465793500964849,1.061508074871237,0.4615443379155102,-0.2149649878190253,0.2149649878190253,0.006362497313709906,13.113735239279078,0.05244205163624982,0.03775054148082413,0.018875270740412065,0.018875270740412065,home,4.959117746462613,4.959117746462613,0.14,0.23433605212427466,0.24346172736356436,0.23560621798209833,0.13918595879405193,,,0.0,lower_clv,True,0.17656974734453992,5.663484345643331,-20.91441016438058,False,draw,False,-0.14
2024-10,data\historical_csv\football-data\2425\I2.csv:103:away,data\historical_csv\football-data\2425\I2.csv:103,data\historical_csv\football-data\2425\I2.csv,103,2024-10-29,I2,Brescia,Spezia,away,0.42132875480446796,0.41252840215914466,2.6660000000000004,2.7,9.980072015627982,0.006800352645323311,6,0.0,WH,2.0-3.0,sportsbook,0.3750937734433608,1.1232624603087118,0.008800352645323306,0.016140252873268163,0.980579221756517,0.17751791962508348,0.4131462224898076,0.16666666666666666,1.275318829707417,away:2.0-3.0,away:sportsbook,sportsbook:2.0-3.0,0.27264946210236685,0.3060217830931652,0.42132875480446796,1.0808587709574948,0.42132875480446796,0.0,0.14867929270210112,0.009629684145818234,16.079105760963053,0.08287037037037037,0.07930224775017125,0.05708804164118797,0.02221420610898328,away,7.929122473442794,7.929122473442794,0.48,0.4048354181299429,0.4231506839854083,0.4073846459686038,0.13918595879405193,,,0.0,lower_clv,True,0.403516959844515,2.478210582240024,7.577621494547726,True,draw,False,-0.48
2024-10,data\historical_csv\football-data\2425\I2.csv:107:draw,data\historical_csv\football-data\2425\I2.csv:107,data\historical_csv\football-data\2425\I2.csv,107,2024-10-29,I2,Salernitana,Cesena,draw,0.3080778252179559,0.29824640730906166,3.352,3.4,-0.027804270002540488,0.007831417908894234,6,0.0,WH,3.0-4.0,sportsbook,0.2983293556085919,1.0326768701305882,0.009831417908894247,0.025420258349830076,1.2095571826198366,0.09491194639102539,0.3726377462982772,0.16666666666666666,1.4319809069212486,draw:3.0-4.0,draw:sportsbook,sportsbook:3.0-4.0,0.38041236208830653,0.3080778252179559,0.31150981269373756,1.0937215560087528,0.38041236208830653,-0.07233453687035063,0.06890254939456897,0.008259308415115655,0.591715976331364,0.07873303167420809,0.0354268185065465,0.041582147180505985,-0.006155328673959487,home,2.493935121886768,2.493935121886768,0.11,0.305769496187013,0.3064833759625354,0.3058688582280327,0.13918595879405193,,,0.0,lower_clv,True,0.2990127215006058,3.3443393143323967,0.2290642470030635,True,draw,True,0.26
2024-12,data\historical_csv\football-data\2425\P1.csv:106:draw,data\historical_csv\football-data\2425\P1.csv:106,data\historical_csv\football-data\2425\P1.csv,106,2024-12-01,P1,AVS,Sp Braga,draw,0.2366772280069959,0.23000267932865717,4.34425,4.5,-0.08108603264811443,0.004674548678338721,6,0.025,BFE,4.0-5.0,exchange,0.23018933072452094,1.028185047769392,0.006674548678338721,0.019750732749838303,1.4688531316202267,0.05601611025707552,0.34764408754127035,0.16666666666666666,3.5851988260344303,draw:4.0-5.0,draw:exchange,exchange:4.0-5.0,0.18470781752842522,0.2366772280069959,0.5786149544645789,0.9696041088293702,0.5786149544645789,-0.341937726457583,0.39390713693615365,0.00837276010961798,8.950617283950614,0.019636015325670497,0.018734531905539836,0.024981612367996453,-0.006247080462456617,away,3.455714663940088,3.455714663940088,0.1,0.23814401718119374,0.22814228794411237,0.23814401718119374,0.0,,,0.0,lower_clv,True,0.21164589211746884,4.72487318319873,-8.055733316868608,False,away,False,-0.1
2024-12,data\historical_csv\football-data\2425\I1.csv:155:draw,data\historical_csv\football-data\2425\I1.csv:155,data\historical_csv\football-data\2425\I1.csv,155,2024-12-15,I1,Bologna,Fiorentina,draw,0.3064880411117284,0.30057317137375844,3.3226,3.37,-0.13155807935502084,0.003914869737969977,6,0.0,1XB,3.0-4.0,sportsbook,0.3009691205682297,1.0183371653978288,0.005914869737969952,0.0127733197150842,1.2007476089702414,0.09393491934450451,0.3680147825428809,0.16666666666666666,1.4265936314934224,draw:3.0-4.0,draw:sportsbook,sportsbook:3.0-4.0,0.35236150799059857,0.3064880411117284,0.34115045089767304,1.096877025165683,0.35236150799059857,-0.04587346687887017,0.011211057092925525,0.004778974142321963,5.312499999999987,0.013590992403194946,0.013730994858823065,0.0068654974294115045,0.00686549742941156,home,2.360456288528079,2.360456288528079,0.1,0.30807336510121014,0.3030412009369914,0.30807336510121014,0.0,,,0.0,lower_clv,True,0.3150340643578545,3.1742599075383695,4.673218223540743,True,home,False,-0.1
2024-12,data\historical_csv\football-data\2425\N1.csv:151:draw,data\historical_csv\football-data\2425\N1.csv:151,data\historical_csv\football-data\2425\N1.csv,151,2024-12-22,N1,PSV Eindhoven,Feyenoord,draw,0.22321923348466308,0.21971186386253663,4.72645,4.9,3.8457138953086334,0.0015073696221264295,6,0.025,BFE,4.0-5.0,exchange,0.21157528377534937,1.0550345461035857,0.003507369622126444,0.006752866223017461,1.5531743921750678,0.04982682619748053,0.3466983972893261,0.16666666666666666,3.6718890499211954,draw:4.0-5.0,draw:exchange,exchange:4.0-5.0,0.5643458663297964,0.22321923348466308,0.21243490018554045,0.9866823309003685,0.5643458663297964,-0.34112663284513334,0.351910966144256,0.010390173565076858,10.912240184757515,0.02154195011337867,0.023441209067349006,0.011720604533674475,0.01172060453367453,home,5.573391204185434,5.573391204185434,0.15,0.22336720203151506,0.21389169345602568,0.22336720203151506,0.0,,,0.0,lower_clv,True,0.21734458360665201,4.600988823396628,2.726830718766027,True,home,False,-0.15
2024-12,data\historical_csv\football-data\2425\T1.csv:152:draw,data\historical_csv\football-data\2425\T1.csv:152,data\historical_csv\football-data\2425\T1.csv,152,2024-12-22,T1,Trabzonspor,Bodrumspor,draw,0.2285663316923662,0.21794435511663462,4.535349999999999,4.7,-1.1546069021771355,0.008621976575731589,6,0.025,BFE,4.0-5.0,exchange,0.22049014960256655,1.036628312440973,0.010621976575731579,0.03772198867563814,1.511902258097338,0.05224256798330477,0.34556995301071364,0.16666666666666666,3.630370313206277,draw:4.0-5.0,draw:exchange,exchange:4.0-5.0,0.5973542687994895,0.2285663316923662,0.1740793995081442,0.9494646170843439,0.5973542687994895,-0.3687879371071233,0.4232748692913453,0.010993623674016436,4.242081447963808,0.01920015802977293,0.019808556518833342,0.017685111103899157,0.002123445414934186,home,3.885560247191852,3.885560247191852,0.11,0.22905742720449768,0.21954490877163113,0.22905742720449768,0.0,,,0.0,lower_clv,True,0.25572145138250385,3.910504944320126,15.978628452763877,True,home,False,-0.11
2024-12,data\historical_csv\football-data\2425\I2.csv:199:home,data\historical_csv\football-data\2425\I2.csv:199,data\historical_csv\football-data\2425\I2.csv,199,2024-12-29,I2,Cittadella,Palermo,home,0.2761100040017488,0.2652692885746266,3.9595999999999996,4.02,5.036027504009133,0.008840715427122187,6,0.0,1XB,3.0-4.0,sportsbook,0.2525507627033034,1.0932851718453245,0.010840715427122172,0.03201881604791905,1.3761430100635152,0.07623673430984573,0.3799668520156158,0.16666666666666666,1.5254066067279526,home:3.0-4.0,home:sportsbook,sportsbook:3.0-4.0,0.2761100040017488,0.30653609823459926,0.41735389776365195,1.082488236794751,0.41735389776365195,-0.14124389376190316,0.14124389376190316,0.009303743467298892,11.049723756906072,0.051637236615624804,0.03956815264431773,0.019784076322158894,0.01978407632215884,away,5.972438332716629,5.972438332716629,0.2,0.2676342012645637,0.27027475644421617,0.2676342012645637,0.0,,,0.0,lower_clv,True,0.306221580655551,3.2656091639891174,21.25149707637195,True,home,True,0.59
2024-12,data\historical_csv\football-data\2425\E1.csv:283:away,data\historical_csv\football-data\2425\E1.csv:283,data\historical_csv\football-data\2425\E1.csv,283,2024-12-29,E1,Watford,Cardiff,away,0.2582499997944217,0.251775606323468,4.153149999999999,4.3,4.5661859402311045,0.004474393470953679,6,0.025,BFE,4.0-5.0,exchange,0.2407810938685095,1.0725509866462022,0.006474393470953688,0.01732582177934363,1.423867082464937,0.06669306239381881,0.36771367375385383,0.16666666666666666,3.5358703634590816,away:4.0-5.0,away:exchange,exchange:4.0-5.0,0.47380382844254026,0.26794617176303803,0.2582499997944217,1.0564161255748759,0.47380382844254026,-0.21555382864811856,0.21555382864811856,0.005843715078106215,8.141025641025635,0.009297785330449226,0.027834216747059715,0.01391710837352983,0.013917108373529885,home,3.0287141036961778,3.0287141036961778,0.1,0.24807366481753898,0.25112831136616287,0.24807366481753898,0.0,,,0.0,lower_clv,True,0.2256717677171561,4.431214458573046,-6.275129790549327,False,away,True,0.32
2025-01,data\historical_csv\football-data\2425\F1.csv:143:draw,data\historical_csv\football-data\2425\F1.csv:143,data\historical_csv\football-data\2425\F1.csv,143,2025-01-05,F1,Lens,Toulouse,draw,0.27774765170327986,0.2704830100179388,3.6754,3.73,-0.5866744980067895,0.005264641685341072,6,0.0,1XB,3.0-4.0,sportsbook,0.27207922947162216,1.0208337190702348,0.007264641685341078,0.018954765784897912,1.301661970279187,0.07714375802668647,0.3615335555565086,0.16666666666666666,1.4855525929150515,draw:3.0-4.0,draw:sportsbook,sportsbook:3.0-4.0,0.4895688054115891,0.27774765170327986,0.23268354288513102,1.0447416232954203,0.4895688054115891,-0.21182115370830923,0.25688526252645805,0.010100017515221889,3.8997214484679743,0.01510785506549106,0.013641218670100652,0.006820609335050354,0.006820609335050298,home,2.651181831042564,2.651181831042564,0.1,0.2792925445694144,0.27298386947603814,0.27787162807388344,0.22523215643532074,,,0.0,lower_clv,True,0.2749016392243673,3.637664740092099,1.0373484805239475,True,away,False,-0.1
2025-01,data\historical_csv\football-data\2425\T1.csv:169:draw,data\historical_csv\football-data\2425\T1.csv:169,data\historical_csv\football-data\2425\T1.csv,169,2025-01-12,T1,Buyuksehyr,Galatasaray,draw,0.2181428295106151,0.2066934529364456,4.822,5.0,-0.3324169940459365,0.0094493765741695,6,0.025,BFE,4.0-5.0,exchange,0.20738282870178348,1.051884723900186,0.0114493765741695,0.04331738336468989,1.5731887797589794,0.04758629406689728,0.34317985177097565,0.16666666666666666,3.691414350891753,draw:4.0-5.0,draw:exchange,exchange:4.0-5.0,0.19661142867272846,0.2181428295106151,0.5852457418166565,0.9654688734657301,0.5852457418166565,-0.36710291230604136,0.388634313143928,0.0094493765741695,7.692307692307709,0.033021106531784694,0.0245359431310421,0.01906872731709952,0.0054672158139425775,away,3.6927994006296965,3.6927994006296965,0.1,0.21504106055709185,0.2098123093024395,0.2138633776365426,0.22523215643532074,,,0.0,lower_clv,True,0.2051020604674181,4.875621423407675,-1.0997864426109838,False,away,False,-0.1
2025-01,data\historical_csv\football-data\2425\I1.csv:197:draw,data\historical_csv\football-data\2425\I1.csv:197,data\historical_csv\football-data\2425\I1.csv,197,2025-01-14,I1,Como,Milan,draw,0.27108360716347835,0.26652705129899207,3.7734,3.83,0.5713175371616641,0.002556555864486302,6,0.0,1XB,3.0-4.0,sportsbook,0.26501298563629616,1.0229068832706691,0.004556555864486278,0.009430875925096267,1.3279764517953756,0.07348632207276305,0.3599926467808474,0.16666666666666666,1.4999734987014346,draw:3.0-4.0,draw:sportsbook,sportsbook:3.0-4.0,0.22851329116681365,0.27108360716347835,0.500403101669708,1.0376251419028035,0.500403101669708,-0.22931949450622968,0.2718898105028944,0.009354390586899314,4.644808743169393,0.015016237661306775,0.013849687097611696,0.0072234204204075225,0.006626266677204173,away,2.8969627191519933,2.8969627191519933,0.1,0.27269031303109126,0.2658691798690619,0.2711539744996749,0.22523215643532074,,,0.0,lower_clv,True,0.26865894771700594,3.722191307967744,1.375767331535016,True,away,False,-0.1
2025-01,data\historical_csv\football-data\2425\F1.csv:156:draw,data\historical_csv\football-data\2425\F1.csv:156,data\historical_csv\football-data\2425\F1.csv,156,2025-01-17,F1,Lille,Nice,draw,0.2796647331503652,0.27638094294668764,3.6754,3.73,1.5810517706255744,0.0012837902036775773,6,0.0,1XB,3.0-4.0,sportsbook,0.27207922947162216,1.0278797602208523,0.0032837902036775835,0.004590461547353314,1.301661970279187,0.07821236296806498,0.36402894757010745,0.16666666666666666,1.4855525929150515,draw:3.0-4.0,draw:sportsbook,sportsbook:3.0-4.0,0.46386286346605826,0.2796647331503652,0.25647240338357635,1.0616532754625139,0.46386286346605826,-0.18419813031569304,0.2073904600824819,0.006071094860252261,6.571428571428561,0.014661929012147912,0.015442229989808987,0.007721114994904521,0.0077211149949044655,home,3.328876826014729,3.328876826014729,0.12,0.2811364118899024,0.27503262643314613,0.27976164312905866,0.22523215643532074,,,0.0,lower_clv,True,0.27975572019967315,3.5745471059046046,2.8214174021878646,True,home,False,-0.12
2025-01,data\historical_csv\football-data\2425\T1.csv:175:draw,data\historical_csv\football-data\2425\T1.csv:175,data\historical_csv\football-data\2425\T1.csv,175,2025-01-18,T1,Gaziantep,Bodrumspor,draw,0.28725571633895275,0.2788937759942606,3.6557999999999997,3.71,1.957986627981767,0.00636194034469218,6,0.0,1XB,3.0-4.0,sportsbook,0.2735379397122381,1.0501494477919433,0.008361940344692176,0.022147306329616395,1.2963149475003666,0.08251584656940489,0.37237387884510975,0.16666666666666666,1.4825756332403461,draw:3.0-4.0,draw:sportsbook,sportsbook:3.0-4.0,0.4659986146173355,0.28725571633895275,0.24674566904371173,1.059436711515078,0.4659986146173355,-0.17874289827838274,0.21925294557362376,0.012279455364628662,9.117647058823541,0.024619808015214684,0.024190551223836454,0.012095275611918296,0.012095275611918158,home,4.7663587698972005,4.7663587698972005,0.18,0.28657573929070845,0.28315352059909604,0.2858049455950033,0.22523215643532074,,,0.0,lower_clv,True,0.293643180756494,3.4054936928001003,7.350074020959063,True,draw,True,0.48
2025-01,data\historical_csv\football-data\2425\SP1.csv:199:draw,data\historical_csv\football-data\2425\SP1.csv:199,data\historical_csv\football-data\2425\SP1.csv,199,2025-01-19,SP1,Osasuna,Vallecano,draw,0.3121141013640858,0.30258521313081227,3.2931999999999997,3.34,-0.3526376117609087,0.007528888233273524,6,0.0,1XB,3.0-4.0,sportsbook,0.30365601846228596,1.0278541586122072,0.009528888233273525,0.02412223030093396,1.1918597364421337,0.09741521227031082,0.3719962305916727,0.16666666666666666,1.4211101664034942,draw:3.0-4.0,draw:sportsbook,sportsbook:3.0-4.0,0.43618180317201083,0.3121141013640858,0.25170409546390343,1.0725458676881925,0.43618180317201083,-0.12406770180792503,0.1844777077081074,0.009379255175217194,6.709265175718859,0.013926283778670223,0.016825181060145133,0.008412590530072511,0.008412590530072622,home,3.204856946997669,3.204856946997669,0.14,0.313387759464951,0.3098330198163909,0.3125871177883397,0.22523215643532074,,,0.0,lower_clv,True,0.3108664956370923,3.2168149801753065,2.3745543432072136,True,draw,True,0.32
2025-01,data\historical_csv\football-data\2425\P1.csv:170:draw,data\historical_csv\football-data\2425\P1.csv:170,data\historical_csv\football-data\2425\P1.csv,170,2025-01-26,P1,Porto,Santa Clara,draw,0.22894143968511965,0.22557520614417229,4.535349999999999,4.7,2.306251118597169,0.0013662335409473602,6,0.025,BFE,4.0-5.0,exchange,0.22049014960256655,1.0383295584759074,0.0033662335409473665,0.005967611380562836,1.511902258097338,0.05241418280509528,0.3461370796319879,0.16666666666666666,3.630370313206277,draw:4.0-5.0,draw:exchange,exchange:4.0-5.0,0.6424966638518967,0.22894143968511965,0.12856189646298363,0.885487078854106,0.6424966638518967,-0.4135552241667771,0.5139347673889131,0.009386188059164937,11.024096385542158,0.016745083343742584,0.019679589362627065,0.021314703463854855,-0.00163511410122779,home,3.36675264080632,3.36675264080632,0.1,0.22791350753702877,0.22117074828480676,0.22639482133032657,0.22523215643532074,,,0.0,lower_clv,True,0.2617839007084113,3.819944608105801,18.7281614077893,True,draw,True,0.35
2025-01,data\historical_csv\football-data\2425\D1.csv:172:draw,data\historical_csv\football-data\2425\D1.csv:172,data\historical_csv\football-data\2425\D1.csv,172,2025-01-26,D1,St Pauli,Union Berlin,draw,0.3065382562722035,0.30173850466422986,3.3324,3.38,0.5513392943079509,0.0027997516079736155,6,0.0,1XB,3.0-4.0,sportsbook,0.3000840235265875,1.0215080852014908,0.004799751607973635,0.009133449253679642,1.2036927651186171,0.0939657025584031,0.3689778813069279,0.16666666666666666,1.4283999519865587,draw:3.0-4.0,draw:sportsbook,sportsbook:3.0-4.0,0.3763548572619445,0.3065382562722035,0.31710688646585194,1.0944397370065766,0.3763548572619445,-0.06981660098974102,0.059247970796092564,0.006760335317672308,5.624999999999991,0.015790229837052694,0.015279313751029255,0.007639656875514628,0.007639656875514628,home,2.8577087179571627,2.8577087179571627,0.12,0.30865955082810337,0.30383821426765906,0.307573630797694,0.22523215643532074,,,0.0,lower_clv,True,0.3055800596849742,3.272464836321162,1.831499089420796,True,home,False,-0.12
2025-01,data\historical_csv\football-data\2425\T1.csv:191:draw,data\historical_csv\football-data\2425\T1.csv:191,data\historical_csv\football-data\2425\T1.csv,191,2025-01-31,T1,Eyupspor,Sivasspor,draw,0.2699452566999116,0.25893237061292806,3.842,3.9,-0.5181832105130346,0.009012886086983517,6,0.0,1XB,3.0-4.0,sportsbook,0.2602811035918792,1.0371296762410604,0.011012886086983531,0.03338782906270073,1.345993064346365,0.07287044161478116,0.36334444327128007,0.16666666666666666,1.5096304008328953,draw:3.0-4.0,draw:sportsbook,sportsbook:3.0-4.0,0.5037620719120981,0.2699452566999116,0.2262926713879903,1.0351623162305308,0.5037620719120981,-0.2338168152121865,0.2774694005241078,0.010763088998367852,7.438016528925617,0.0258954008954011,0.020007245294010295,0.01000362264700512,0.010003622647005175,home,3.6327513034007186,3.6327513034007186,0.13,0.26973646877511903,0.26465498051880915,0.2685919542172496,0.22523215643532074,,,0.0,lower_clv,True,0.25808017519519527,3.8747648836012463,-0.8455966900059786,False,home,False,-0.13
2025-02,data\historical_csv\football-data\2425\I1.csv:222:draw,data\historical_csv\football-data\2425\I1.csv:222,data\historical_csv\football-data\2425\I1.csv,222,2025-02-01,I1,Udinese,Venezia,draw,0.272988188814126,0.26799682959020005,3.7243999999999997,3.78,-0.18726078742590246,0.0029913592239259722,6,0.0,1XB,3.0-4.0,sportsbook,0.2684996241005263,1.016717210419331,0.004991359223925962,0.010957833878896308,1.3149057650322376,0.07452255123201691,0.35895374325740326,0.16666666666666666,1.4928579099989348,draw:3.0-4.0,draw:sportsbook,sportsbook:3.0-4.0,0.5178504565704266,0.272988188814126,0.2091613546154473,1.02247324759014,0.5178504565704266,-0.2448622677563006,0.30868910195497934,0.006947801195292004,5.476107429368682,0.013583203244438735,0.011983207966525244,0.005991603983262664,0.005991603983262581,home,2.843821615940177,2.843821615940177,0.1,0.27613527444941516,0.26927829640175655,0.27613527444941516,0.0,,,0.0,lower_clv,True,0.2699206343073083,3.704792716445259,0.529241041413897,True,home,False,-0.1
2025-02,data\historical_csv\football-data\2425\E0.csv:237:draw,data\historical_csv\football-data\2425\E0.csv:237,data\historical_csv\football-data\2425\E0.csv,237,2025-02-02,E0,Brentford,Tottenham,draw,0.2433411661123239,0.23845429752403935,4.2634,4.33,1.6626052063989372,0.002886868588284557,6,0.0,1XB,4.0-5.0,sportsbook,0.23455458085096403,1.0374607276032817,0.004886868588284549,0.01186346163456785,1.450066964016957,0.05921492312490561,0.35286098596484355,0.16666666666666666,1.5621335084674337,draw:4.0-5.0,draw:sportsbook,sportsbook:4.0-5.0,0.4506593911364239,0.2433411661123239,0.3059994427512523,1.065462931891348,0.4506593911364239,-0.2073182250241,0.1446599483851716,0.002886868588284557,5.0970873786407855,0.025225640585927467,0.0180767237549308,0.009038361877465373,0.009038361877465428,home,3.902001599465277,3.902001599465277,0.12,0.24370690434738773,0.23829080412150164,0.24370690434738773,0.0,,,0.0,lower_clv,True,0.23562733828521745,4.243989713916558,0.4573594045196083,True,away,False,-0.12
2025-02,data\historical_csv\football-data\2425\SP1.csv:218:draw,data\historical_csv\football-data\2425\SP1.csv:218,data\historical_csv\football-data\2425\SP1.csv,218,2025-02-02,SP1,Valencia,Celta,draw,0.30567356235460913,0.29895202469849114,3.3324,3.38,-0.3772272894748241,0.004721537656118007,6,0.0,1XB,3.0-4.0,sportsbook,0.3000840235265875,1.0186265791904994,0.006721537656117993,0.01544633961716517,1.2036927651186171,0.09343632672255711,0.36793705549427747,0.16666666666666666,1.4283999519865587,draw:3.0-4.0,draw:sportsbook,sportsbook:3.0-4.0,0.4047544788628682,0.30567356235460913,0.2895719587825227,1.0872673608307037,0.4047544788628682,-0.09908091650825906,0.11518252008034552,0.004721537656118007,5.624999999999991,0.014568330306985011,0.014063840931350546,0.007031920465675273,0.007031920465675273,home,2.925495687533789,2.925495687533789,0.13,0.30886296869383567,0.3036221959238372,0.30886296869383567,0.0,,,0.0,lower_clv,True,0.3121006216567876,3.204094867518992,4.004411160907884,True,home,False,-0.13
2025-02,data\historical_csv\football-data\2425\I1.csv:230:draw,data\historical_csv\football-data\2425\I1.csv:230,data\historical_csv\football-data\2425\I1.csv,230,2025-02-06,I1,Fiorentina,Inter,draw,0.2717909998270954,0.2679366189311013,3.7538,3.81,0.5780480143568134,0.001854380895994119,6,0.0,1XB,3.0-4.0,sportsbook,0.2663967179924343,1.0202490551509509,0.003854380895994103,0.006822819361839854,1.3227686602400124,0.07387034758701219,0.35951661670658047,0.16666666666666666,1.497149555117483,draw:3.0-4.0,draw:sportsbook,sportsbook:3.0-4.0,0.25487376602315603,0.2717909998270954,0.4733352341497485,1.056508934071065,0.4733352341497485,-0.20154423432265306,0.21846146812659245,0.0038814283881408018,5.833333333333335,0.01552405903975096,0.013336077696318005,0.006668038848158975,0.00666803884815903,away,3.180821899772202,3.180821899772202,0.12,0.2748703231386121,0.26802366473683925,0.2748703231386121,0.0,,,0.0,lower_clv,True,0.2754741472560756,3.6301047120418843,3.4074853969856544,True,home,False,-0.12
2025-02,data\historical_csv\football-data\2425\D2.csv:184:draw,data\historical_csv\football-data\2425\D2.csv:184,data\historical_csv\football-data\2425\D2.csv,184,2025-02-08,D2,Darmstadt,Elversberg,draw,0.2770752458908314,0.258140213231886,3.7636,3.82,-2.8463493480473834,0.016935032658945356,6,0.0,1XB,3.0-4.0,sportsbook,0.26570305027101715,1.042800395434733,0.01893503265894536,0.0611206988357878,1.3253759461504735,0.07677069188546468,0.3672288661774357,0.16666666666666666,1.4985652035285346,draw:3.0-4.0,draw:sportsbook,sportsbook:3.0-4.0,0.4377790381551754,0.2770752458908314,0.2851457159539932,1.07502812368856,0.4377790381551754,-0.160703792264344,0.1526333222011822,0.016935032658945356,6.592256714335543,0.05274900423357298,0.02841188581230611,0.014205942906153124,0.014205942906152985,home,4.098162334353301,4.098162334353301,0.15,0.27659199259845174,0.2735633666164699,0.27659199259845174,0.0,,,0.0,lower_clv,True,0.27525072618217833,3.6330512688207652,3.593363305924635,True,away,False,-0.15
2025-02,data\historical_csv\football-data\2425\D1.csv:183:draw,data\historical_csv\football-data\2425\D1.csv:183,data\historical_csv\football-data\2425\D1.csv,183,2025-02-08,D1,Dortmund,Stuttgart,draw,0.24458840467142032,0.238943624360219,4.204599999999999,4.27,0.4662362984976465,0.0036447803112013284,6,0.0,1XB,4.0-5.0,sportsbook,0.23783475241402277,1.0283964062814537,0.005644780311201331,0.014901688884629345,1.4361791640488881,0.059823487699710465,0.3512727705570516,0.16666666666666666,1.5554392807877182,draw:4.0-5.0,draw:sportsbook,sportsbook:4.0-5.0,0.5106122667208208,0.24458840467142032,0.2447993286077588,1.0321396053053538,0.5106122667208208,-0.26602386204940054,0.26581293811306206,0.004137362550012239,6.152889993784982,0.016262302647735094,0.014143925071448876,0.00707196253572441,0.007071962535724466,home,3.140811782759312,3.140811782759312,0.1,0.24530469434133884,0.23959073085430735,0.24530469434133884,0.0,,,0.0,lower_clv,True,0.24888376659787137,4.0179398346045145,4.645668503740974,True,away,False,-0.1
2025-02,data\historical_csv\football-data\2425\F1.csv:184:draw,data\historical_csv\football-data\2425\F1.csv:184,data\historical_csv\football-data\2425\F1.csv,184,2025-02-08,F1,Nice,Lens,draw,0.28245167424741197,0.2745244440796656,3.6166,3.67,-0.715489554148141,0.005927230167746385,6,0.0,1XB,3.0-4.0,sportsbook,0.27650279267820604,1.0215147250831902,0.00792723016774638,0.020984935506363687,1.2855343579687422,0.07977894828516613,0.363101331710843,0.16666666666666666,1.4765249129016222,draw:3.0-4.0,draw:sportsbook,sportsbook:3.0-4.0,0.4060051354860811,0.28245167424741197,0.311543190266507,1.0863847215278022,0.4060051354860811,-0.12355346123866912,0.09446194521957407,0.006756730012762947,7.309941520467844,0.01487912972216554,0.013966929559350527,0.006983464779675291,0.006983464779675236,home,3.0679318855128153,3.0679318855128153,0.12,0.28498571001911416,0.2792046427723379,0.28498571001911416,0.0,,,0.0,lower_clv,True,0.278367432354337,3.5923742642676997,0.6743655852695207,True,home,False,-0.12
2025-02,data\historical_csv\football-data\2425\I1.csv:243:draw,data\historical_csv\football-data\2425\I1.csv:243,data\historical_csv\football-data\2425\I1.csv,243,2025-02-15,I1,Lazio,Napoli,draw,0.3062823621568367,0.3002109049648068,3.3912,3.44,1.8075220916652812,0.004071457192029867,5,0.0,1XB,3.0-4.0,sportsbook,0.2948808681292758,1.0386647465462646,0.006071457192029894,0.0132931493781056,1.2211838410562903,0.09380888536837166,0.37402707146647957,0.2,1.439018636470868,draw:3.0-4.0,draw:sportsbook,sportsbook:3.0-4.0,0.3550596348959699,0.3062823621568367,0.33865800294719345,1.0967482462055589,0.3550596348959699,-0.04877727273913324,0.016401631948776474,0.004071457192029867,7.499999999999996,0.014216619363130567,0.019659495928174398,0.009829747964087143,0.009829747964087254,home,4.254673892962247,4.254673892962247,0.18,0.3074270874409125,0.30426337266520076,0.3074270874409125,0.0,,,0.0,lower_clv,True,0.31119092488996986,3.213461319135761,5.531066448686572,True,draw,True,0.43
2025-02,data\historical_csv\football-data\2425\SP1.csv:233:draw,data\historical_csv\football-data\2425\SP1.csv:233,data\historical_csv\football-data\2425\SP1.csv,233,2025-02-15,SP1,Leganes,Alaves,draw,0.3288825905515166,0.325241245533063,3.1069999999999998,3.15,1.0524549871226752,0.0016413450184535722,5,0.0,1XB,3.0-4.0,sportsbook,0.321853878339234,1.021838208843562,0.00364134501845359,0.004990671642731633,1.1336576304109103,0.1081637583678765,0.3728402582880339,0.2,1.3839716768587085,draw:3.0-4.0,draw:sportsbook,sportsbook:3.0-4.0,0.3057340046045764,0.3288825905515166,0.3653834048439071,1.0959132758331078,0.3653834048439071,-0.03650081429239049,0.059649400239330685,0.0018765802366938937,5.000000000000004,0.01561622289630371,0.01630357664506904,0.008151788322534492,0.008151788322534548,away,3.057054494359113,3.057054494359113,0.15,0.3316931267922727,0.32809729963422296,0.3316931267922727,0.0,,,0.0,lower_clv,True,0.32129171612526736,3.1124362995095503,-0.1746637998794376,False,draw,True,0.32
2025-02,data\historical_csv\football-data\2425\SC0.csv:155:draw,data\historical_csv\football-data\2425\SC0.csv:155,data\historical_csv\football-data\2425\SC0.csv,155,2025-02-15,SC0,Motherwell,Ross County,draw,0.3029396279122054,0.29144425803777796,3.3716,3.42,-1.7366539599827813,0.009495369874427426,5,0.0,1XB,3.0-4.0,sportsbook,0.2965950883853363,1.0213912494687918,0.011495369874427452,0.03134409961439336,1.21538740914119,0.09177241815958546,0.36818900949441147,0.2,1.4355202277850365,draw:3.0-4.0,draw:sportsbook,sportsbook:3.0-4.0,0.4462736784205767,0.3029396279122054,0.2507866936672179,1.0687171563874158,0.4462736784205767,-0.14333405050837128,0.1954869847533588,0.014610293801923803,3.6363636363636376,0.05267904610009877,0.02517437562379854,0.012587187811899242,0.012587187811899297,home,2.6834234912288735,2.6834234912288735,0.11,0.3045539906608995,0.30074347270484086,0.3045539906608995,0.0,,,0.0,lower_clv,True,0.3043277002626478,3.285931576839562,2.6071274205543338,True,away,False,-0.11
2025-02,data\historical_csv\football-data\2425\D1.csv:195:draw,data\historical_csv\football-data\2425\D1.csv:195,data\historical_csv\football-data\2425\D1.csv,195,2025-02-15,D1,Union Berlin,M'gladbach,draw,0.2756227588222206,0.26755184175035795,3.695,3.75,-1.1395944732427443,0.006070917071862609,5,0.0,1XB,3.0-4.0,sportsbook,0.2706359945872801,1.0184260938481051,0.008070917071862638,0.02202618208236719,1.3069805544001651,0.07596790518077198,0.3602335861307689,0.2,1.4884979702300516,draw:3.0-4.0,draw:sportsbook,sportsbook:3.0-4.0,0.42238854700703116,0.2756227588222206,0.3019886941707483,1.0808190403496623,0.42238854700703116,-0.14676578818481056,0.12039985283628285,0.007830989320501316,5.042016806722693,0.015024512816310898,0.01290332367600222,0.006451661838001083,0.006451661838001138,home,2.563039304606104,2.563039304606104,0.1,0.27757250150096374,0.2720401733624119,0.27757250150096374,0.0,,,0.0,lower_clv,True,0.2710333475767558,3.689582883216255,0.14682192961126272,True,away,False,-0.1
2025-02,data\historical_csv\football-data\2425\I2.csv:256:draw,data\historical_csv\football-data\2425\I2.csv:256,data\historical_csv\football-data\2425\I2.csv,256,2025-02-15,I2,Sudtirol,Sampdoria,draw,0.3244180040943885,0.3140438965066301,3.1364,3.18,-1.5032722996605297,0.008374107587758375,5,0.0,1XB,3.0-4.0,sportsbook,0.3188368830506313,1.01750462804164,0.010374107587758363,0.02581270916555529,1.1430756453746298,0.10524704138058666,0.3708343194013424,0.2,1.3901288101007658,draw:3.0-4.0,draw:sportsbook,sportsbook:3.0-4.0,0.36065717392353064,0.3244180040943885,0.3149248219820809,1.0968835678211315,0.36065717392353064,-0.03623916982914216,0.045732351941449756,0.011877977435830344,6.000000000000005,0.05474075845538118,0.026273264466092128,0.013136632233046036,0.013136632233046092,home,2.4842378670919794,2.4842378670919794,0.12,0.32675754963363085,0.3233844250799672,0.32675754963363085,0.0,,,0.0,lower_clv,True,0.3305266101538195,3.0254750125402095,3.666366008643962,True,home,False,-0.12
2025-02,data\historical_csv\football-data\2425\I2.csv:260:draw,data\historical_csv\football-data\2425\I2.csv:260,data\historical_csv\football-data\2425\I2.csv,260,2025-02-16,I2,Palermo,Mantova,draw,0.2835719004684781,0.2701519377909617,3.7636,3.82,1.674383307006333,0.011419962677516363,5,0.0,1XB,3.0-4.0,sportsbook,0.26570305027101715,1.0672512046031641,0.013419962677516384,0.040271841669255265,1.3253759461504735,0.08041302273530444,0.375839375885097,0.2,1.4985652035285346,draw:3.0-4.0,draw:sportsbook,sportsbook:3.0-4.0,0.5311086713467379,0.2835719004684781,0.18531942818478409,1.0058504324773518,0.5311086713467379,-0.24753677087825982,0.3457892431619538,0.011419962677516363,11.127272727272718,0.05188835980413575,0.03470508654082324,0.01735254327041158,0.017352543270411663,home,6.045219905434916,6.045219905434916,0.22,0.2817653839553484,0.2803806578545064,0.2817653839553484,0.0,,,0.0,lower_clv,True,0.27227515106890604,3.67275528477046,2.473475856293472,True,draw,True,0.61
2025-02,data\historical_csv\football-data\2425\I1.csv:246:draw,data\historical_csv\football-data\2425\I1.csv:246,data\historical_csv\football-data\2425\I1.csv,246,2025-02-16,I1,Monza,Lecce,draw,0.308222093892778,0.30389214076331583,3.303,3.35,0.37557409412320997,0.002329953129462166,5,0.0,1XB,3.0-4.0,sportsbook,0.3027550711474417,1.0180575761278456,0.004329953129462161,0.007559331974017062,1.1948311464086525,0.09500085916364845,0.36827335779438325,0.2,1.4229488343929786,draw:3.0-4.0,draw:sportsbook,sportsbook:3.0-4.0,0.34612884367032093,0.308222093892778,0.345649062436901,1.0971744695915646,0.34612884367032093,-0.037906749777542936,0.00047978123341990697,0.005784251386557386,4.6875,0.015390179132473314,0.014239082414761461,0.007119541207380814,0.0071195412073806474,home,2.728688313204725,2.728688313204725,0.12,0.3110163133914766,0.30630658445002756,0.3110163133914766,0.0,,,0.0,lower_clv,True,0.31658009099778295,3.1587583314170034,4.566404056567697,True,draw,True,0.28
2025-02,data\historical_csv\football-data\2425\I2.csv:259:home,data\historical_csv\football-data\2425\I2.csv:259,data\historical_csv\football-data\2425\I2.csv,259,2025-02-16,I2,Juve Stabia,Cosenza,home,0.4811431133547002,0.46592543512402534,2.176,2.2,1.3853746829879166,0.013217678230674896,5,0.0,WH,2.0-3.0,sportsbook,0.45955882352941174,1.0469674146598278,0.01521767823067488,0.02747140687209791,0.7774883289936962,0.2314986955286539,0.37408315520897045,0.2,1.1029411764705843,home:2.0-3.0,home:sportsbook,sportsbook:2.0-3.0,0.4811431133547002,0.29748911740542977,0.2213677692398699,1.0464759593770694,0.4811431133547002,0.0,0.25977534411483033,0.013217678230674896,11.945045159648915,0.06565656565656575,0.05460282899451069,0.027301414497255344,0.027301414497255344,home,2.356492503946175,2.356492503946175,0.2,0.4703882927571056,0.4893554374745982,0.4703882927571056,0.0,,,0.0,lower_clv,True,0.448027161243134,2.2320075354925257,-2.509289713494034,False,home,True,0.24
2025-02,data\historical_csv\football-data\2425\E1.csv:393:draw,data\historical_csv\football-data\2425\E1.csv:393,data\historical_csv\football-data\2425\E1.csv,393,2025-02-17,E1,Leeds,Sunderland,draw,0.23127079504758852,0.22685964883067855,4.6309000000000005,4.8,5.05643477699893,0.0024111462169099694,4,0.025,BFE,4.0-5.0,exchange,0.21594074585933618,1.0709919247858777,0.004411146216909967,0.010425640714443987,1.5327512336571778,0.053486180641943694,0.3544805964180676,0.25,3.6515580124813596,draw:4.0-5.0,draw:exchange,exchange:4.0-5.0,0.6132573902538769,0.23127079504758852,0.15547181469853452,0.9278618924988412,0.6132573902538769,-0.3819865952062884,0.4577855755553424,0.0106341595925302,10.790604579972918,0.009199134199134207,0.02483647869370112,0.017756005788012424,0.007080472905688695,home,5.557878122558535,5.557878122558535,0.15,0.22794246933114198,0.22572924248063453,0.22794246933114198,0.0,,,0.0,lower_clv,True,0.2353964694904625,4.248152073667854,9.009751056338299,True,home,False,-0.15
2025-02,data\historical_csv\football-data\2425\I1.csv:250:draw,data\historical_csv\football-data\2425\I1.csv:250,data\historical_csv\football-data\2425\I1.csv,250,2025-02-17,I1,Genoa,Venezia,draw,0.2802803039263192,0.2687302498891396,3.695,3.75,-0.70417266596291,0.009550054037179576,5,0.0,1XB,3.0-4.0,sportsbook,0.2706359945872801,1.0356357230077493,0.011550054037179569,0.03407322563661169,1.3069805544001651,0.07855704876902986,0.36632090701306746,0.2,1.4884979702300516,draw:3.0-4.0,draw:sportsbook,sportsbook:3.0-4.0,0.5079523553293507,0.2802803039263192,0.21176734074433007,1.029296709252583,0.5079523553293507,-0.22767205140303148,0.2961850145850206,0.009550054037179576,6.232294617563738,0.016196741854636487,0.017863927565989923,0.008931963782995017,0.008931963782994906,home,3.7140294690730964,3.7140294690730964,0.14,0.2806874951801708,0.2769257241319845,0.2806874951801708,0.0,,,0.0,lower_clv,True,0.2839567502276694,3.521663067344675,4.922019209123851,True,home,False,-0.14
2025-02,data\historical_csv\football-data\2425\D1.csv:200:draw,data\historical_csv\football-data\2425\D1.csv:200,data\historical_csv\football-data\2425\D1.csv,200,2025-02-21,D1,Freiburg,Werder Bremen,draw,0.27951371294787913,0.27418753260449447,3.7047999999999996,3.76,1.5809970793130956,0.003326180343384642,5,0.0,1XB,3.0-4.0,sportsbook,0.26992010364931984,1.0355424037293026,0.005326180343384668,0.011899882507749716,1.309629276184405,0.07812791572590938,0.3660593415715465,0.2,1.4899589721442563,draw:3.0-4.0,draw:sportsbook,sportsbook:3.0-4.0,0.4683264879045014,0.27951371294787913,0.25215979914761943,1.0589634371595085,0.4683264879045014,-0.18881277495662224,0.21616668875688194,0.00478124402860583,7.428571428571429,0.015006681056634719,0.017488396492182923,0.008744198246091545,0.008744198246091378,home,4.036695274814486,4.036695274814486,0.15,0.2808159557191063,0.2761213516246731,0.2808159557191063,0.0,,,0.0,lower_clv,True,0.27715721201898763,3.6080605397758565,2.6812039087945383,True,home,False,-0.15
2025-02,data\historical_csv\football-data\2425\B1.csv:210:home,data\historical_csv\football-data\2425\B1.csv:210,data\historical_csv\football-data\2425\B1.csv,210,2025-02-21,B1,Mechelen,St Truiden,home,0.5300801278560043,0.5264951736301601,1.98,2.0,4.246044378771696,0.0015849542258442354,5,0.0,WH,1.5-2.0,sportsbook,0.5050505050505051,1.0495586531548886,0.0035849542258442613,0.0029900276251721447,0.6830968447064438,0.2809849419478379,0.3620960627800249,0.2,1.0101010101010166,home:1.5-2.0,home:sportsbook,sportsbook:1.5-2.0,0.5300801278560043,0.24166133669899992,0.22825853544499577,1.0168689340158688,0.5300801278560043,0.0,0.3018215924110086,0.0037233212873194112,9.364319890635663,0.07189542483660127,0.06361671322185797,0.031808356610929,0.03180835661092897,home,2.4617523680917124,2.4617523680917124,0.25,0.5174835978186451,0.5410421466549853,0.5174835978186451,0.0,,,0.0,lower_clv,True,0.518956496308657,1.9269437941581047,2.7533862691141,True,draw,False,-0.25
2025-02,data\historical_csv\football-data\2425\T1.csv:220:draw,data\historical_csv\football-data\2425\T1.csv:220,data\historical_csv\football-data\2425\T1.csv,220,2025-02-22,T1,Sivasspor,Konyaspor,draw,0.3030450552639176,0.2870467189761483,3.3912,3.44,-2.656716660808589,0.013998336287769312,5,0.0,1XB,3.0-4.0,sportsbook,0.2948808681292758,1.0276863914109975,0.01599833628776931,0.046192261000854676,1.2211838410562903,0.09183630551991089,0.3700737246003067,0.2,1.439018636470868,draw:3.0-4.0,draw:sportsbook,sportsbook:3.0-4.0,0.3479406190067202,0.3030450552639176,0.3490143257293623,1.0965138640733223,0.3490143257293623,-0.04596927046544469,0.0010737067226421204,0.013998336287769312,5.846153846153834,0.024664868105140014,0.019344809976717614,0.009672404988358752,0.009672404988358863,away,2.9731644870512723,2.9731644870512723,0.12,0.3036481613796039,0.3008544648898685,0.3036481613796039,0.0,,,0.0,lower_clv,True,0.30478454573425917,3.281006251779896,3.3585351494019644,True,draw,True,0.29
2025-02,data\historical_csv\football-data\2425\I1.csv:254:draw,data\historical_csv\football-data\2425\I1.csv:254,data\historical_csv\football-data\2425\I1.csv,254,2025-02-22,I1,Torino,Milan,draw,0.2856877441962224,0.2801270946509031,3.5676,3.62,-0.06185771234381576,0.0035606495453193126,5,0.0,1XB,3.0-4.0,sportsbook,0.28030048211682923,1.019219596194443,0.005560649545319318,0.01246343120296301,1.2718931008099152,0.0816174871839262,0.36336427082912315,0.2,1.4687745262921936,draw:3.0-4.0,draw:sportsbook,sportsbook:3.0-4.0,0.24145493514729746,0.2856877441962224,0.4728573206564802,1.0552024852498896,0.4728573206564802,-0.18716957646025778,0.2314023855091827,0.004798399611808752,5.5393586005830775,0.015304253378467525,0.013608618157459673,0.006804309078729878,0.006804309078729795,away,2.757542096410868,2.757542096410868,0.11,0.2880298859076434,0.2826024288728158,0.2880298859076434,0.0,,,0.0,lower_clv,True,0.26090615266309586,3.832795776538412,-6.919120975913917,False,home,False,-0.11
2025-02,data\historical_csv\football-data\2425\I1.csv:257:draw,data\historical_csv\football-data\2425\I1.csv:257,data\historical_csv\football-data\2425\I1.csv,257,2025-02-23,I1,Verona,Fiorentina,draw,0.2775296570005414,0.27009584291523425,3.7146,3.77,0.3298018092929178,0.005433814085307142,5,0.0,1XB,3.0-4.0,sportsbook,0.269207990093146,1.030911663894211,0.007433814085307133,0.019579219547324063,1.3122710007711045,0.07702271051483815,0.3641941207357618,0.2,1.491412265116021,draw:3.0-4.0,draw:sportsbook,sportsbook:3.0-4.0,0.22233820679816743,0.2775296570005414,0.5001321362012912,1.0365760236025232,0.5001321362012912,-0.22260247920074977,0.27779392940312375,0.005433814085307142,4.432132963988922,0.01392155881420698,0.015919686205428052,0.00795984310271404,0.007959843102714012,away,3.564348652019883,3.564348652019883,0.13,0.27880350145916083,0.2740399730290279,0.27880350145916083,0.0,,,0.0,lower_clv,True,0.290039593252675,3.447805138551639,7.738107309638642,True,home,False,-0.13
2025-02,data\historical_csv\football-data\2425\P1.csv:208:draw,data\historical_csv\football-data\2425\P1.csv:208,data\historical_csv\football-data\2425\P1.csv,208,2025-02-24,P1,Porto,Guimaraes,draw,0.25531077881714165,0.2477055674644795,4.2487,4.4,5.242664448633416,0.0056052113526621605,5,0.025,BFE,4.0-5.0,exchange,0.23536611198719606,1.0847389059603898,0.00760521135266215,0.021954464197051066,1.4466130537918354,0.06518359378021542,0.3693359054106371,0.2,3.561089274366269,draw:4.0-5.0,draw:exchange,exchange:4.0-5.0,0.5622915962044192,0.25531077881714165,0.1823976249784392,0.982661527016505,0.5622915962044192,-0.3069808173872775,0.37989397122597995,0.0056052113526621605,14.153439153439162,0.9780372532666111,0.1404126762170011,0.21120489144573765,-0.07079221522873655,home,6.4704864536492375,6.4704864536492375,0.2,0.2505954443798085,0.2507801064459041,0.2505954443798085,0.0,,,0.0,lower_clv,True,0.2710770271856528,3.6889883675577164,15.172496540368318,True,draw,True,0.65
2025-02,data\historical_csv\football-data\2425\T1.csv:226:draw,data\historical_csv\football-data\2425\T1.csv:226,data\historical_csv\football-data\2425\T1.csv,226,2025-02-24,T1,Galatasaray,Fenerbahce,draw,0.26414299885483467,0.2564797054492457,4.0576,4.12,4.0692052830859415,0.005663293405588974,5,0.0,1XB,4.0-5.0,sportsbook,0.24645110410094637,1.071786632153377,0.007663293405588967,0.021440255581793237,1.400591665820715,0.06977152384402519,0.3699564827809721,0.2,1.537854889589907,draw:4.0-5.0,draw:sportsbook,sportsbook:4.0-5.0,0.4105079506012365,0.26414299885483467,0.3253490505439287,1.0824644430933166,0.4105079506012365,-0.14636495174640185,0.08515890005730781,0.008909099153148935,9.866666666666667,0.02472327751981629,0.027280567868193967,0.01364028393409697,0.013640283934096997,home,6.111382012954981,6.111382012954981,0.2,0.26151267254770055,0.26001491080548317,0.26151267254770055,0.0,,,0.0,lower_clv,True,0.2743921280765149,3.644419419062735,11.337349888326687,True,draw,True,0.61
2025-03,data\historical_csv\football-data\2425\D1.csv:211:draw,data\historical_csv\football-data\2425\D1.csv:211,data\historical_csv\football-data\2425\D1.csv,211,2025-03-01,D1,Heidenheim,M'gladbach,draw,0.2714877791384305,0.2651305594949955,3.793,3.85,0.5640212164517822,0.004357219643434968,5,0.0,1XB,3.0-4.0,sportsbook,0.26364355391510674,1.0297531462720668,0.006357219643434997,0.016049413558365883,1.3331572627067618,0.07370561422151721,0.3619359044945279,0.2,1.5027682573161005,draw:3.0-4.0,draw:sportsbook,sportsbook:3.0-4.0,0.309727549940415,0.2714877791384305,0.4187846709211545,1.0815055989954008,0.4187846709211545,-0.14729689178272404,0.1090571209807395,0.004357219643434968,6.353591160220984,0.014184101000821236,0.01538017551504317,0.007690087757521585,0.007690087757521585,away,3.1732147022570136,3.1732147022570136,0.11,0.27200952992949384,0.2673599497056414,0.26739959483033315,0.9914733969986358,,,0.0,lower_clv,True,0.27912750989482865,3.582592057575357,5.873064503108516,True,away,False,-0.11
2025-03,data\historical_csv\football-data\2425\SP2.csv:312:draw,data\historical_csv\football-data\2425\SP2.csv:312,data\historical_csv\football-data\2425\SP2.csv,312,2025-03-01,SP2,Zaragoza,Sp Gijon,draw,0.32920000587050663,0.3171361903378196,3.0972,3.14,-1.7765791285705212,0.010063815532687021,4,0.0,1XB,3.0-4.0,sportsbook,0.3228722717293039,1.019598258182133,0.012063815532687039,0.030570520514041855,1.1304984775304314,0.1083726438651416,0.3721601054396168,0.25,1.3818933230014263,draw:3.0-4.0,draw:sportsbook,sportsbook:3.0-4.0,0.4025477807931161,0.32920000587050663,0.2682522133363773,1.0850393677747552,0.4025477807931161,-0.07334777492260947,0.13429556745673882,0.011492144366797756,8.275862068965534,0.05013781102450454,0.025933773347253164,0.012966886673626582,0.012966886673626582,home,2.369861121327293,2.369861121327293,0.11,0.33052389616856287,0.3283373365802177,0.3283559805057663,0.9914733969986358,,,0.0,lower_clv,True,0.3253261014613361,3.0738388205191294,0.760000144605022,True,draw,True,0.23
2025-03,data\historical_csv\football-data\2425\N1.csv:216:draw,data\historical_csv\football-data\2425\N1.csv:216,data\historical_csv\football-data\2425\N1.csv,216,2025-03-02,N1,Heracles,Zwolle,draw,0.2925455205583096,0.2798723846167155,3.5284,3.58,-1.2498278118381112,0.010673135941594133,5,0.0,1XB,3.0-4.0,sportsbook,0.28341457884593585,1.0322176147379396,0.012673135941594138,0.03648367584376252,1.2608445104024748,0.08558288159873235,0.368854413638779,0.2,1.4624192268450242,draw:3.0-4.0,draw:sportsbook,sportsbook:3.0-4.0,0.41917889724482305,0.2925455205583096,0.2882755821968673,1.082604400274505,0.41917889724482305,-0.12663337668651342,0.13090331504795577,0.010673135941594133,5.294117647058827,0.05152482909327416,0.02690309233394489,0.013451546166972445,0.013451546166972445,home,3.0477476002320487,3.0477476002320487,0.12,0.29205233987142065,0.2895488370735782,0.2895701834480482,0.9914733969986358,,,0.0,lower_clv,True,0.28478317061976227,3.511443453009319,0.48289392147691235,True,home,False,-0.12
2025-03,data\historical_csv\football-data\2425\D1.csv:223:draw,data\historical_csv\football-data\2425\D1.csv:223,data\historical_csv\football-data\2425\D1.csv,223,2025-03-08,D1,Wolfsburg,St Pauli,draw,0.259229709269307,0.2528225773832557,3.9792,4.04,0.6031599923451036,0.004407131886051281,5,0.0,1XB,3.0-4.0,sportsbook,0.25130679533574585,1.0315268591244264,0.006407131886051298,0.017000875009556972,1.3810807940670031,0.06720004216784943,0.3580171727234129,0.2,1.5279453156413325,draw:3.0-4.0,draw:sportsbook,sportsbook:3.0-4.0,0.5460173586393386,0.259229709269307,0.1947529320913543,0.9989886067982474,0.5460173586393386,-0.28678764937003165,0.35126442654798434,0.008248805226749981,6.315789473684208,0.01593407553217019,0.015587175332655412,0.007793587666327775,0.0077935876663276366,home,3.3233881655306594,3.3233881655306594,0.11,0.25965869563110844,0.2544827404649124,0.25452687377976746,0.9914733969986358,,,0.0,lower_clv,True,0.27096901298367737,3.6904588793709707,7.823989646464891,True,draw,True,0.33
2025-03,data\historical_csv\football-data\2425\P1.csv:220:away,data\historical_csv\football-data\2425\P1.csv:220,data\historical_csv\football-data\2425\P1.csv,220,2025-03-08,P1,Estoril,Farense,away,0.2608738056808538,0.2508444300335704,4.153149999999999,4.3,4.179454459392251,0.008029375647283375,5,0.025,BFE,4.0-5.0,exchange,0.2407810938685095,1.0834480460634377,0.0100293756472834,0.030778773002247316,1.423867082464937,0.06805514249041186,0.3714496245863222,0.2,3.5358703634590816,away:4.0-5.0,away:exchange,exchange:4.0-5.0,0.4459023777589497,0.2932238165601965,0.2608738056808538,1.0704089199447122,0.4459023777589497,-0.18502857207809592,0.18502857207809592,0.008029375647283375,10.98684210526315,0.012347859161051966,0.031152235737881617,0.015576117868940809,0.015576117868940809,home,3.1617821196310256,3.1617821196310256,0.1,0.24839406744189602,0.25620804438718847,0.2561414177079141,0.9914733969986358,,,0.0,lower_clv,True,0.3047696474593024,3.2811666395799324,26.575406134560154,True,draw,False,-0.1
2025-03,data\historical_csv\football-data\2425\T1.csv:243:draw,data\historical_csv\football-data\2425\T1.csv:243,data\historical_csv\football-data\2425\T1.csv,243,2025-03-09,T1,Alanyaspor,Galatasaray,draw,0.22996493482764602,0.22289223955077064,4.822,5.0,7.478637911381614,0.005072695276875378,5,0.025,BFE,4.0-5.0,exchange,0.20738282870178348,1.108890915738909,0.007072695276875374,0.022058559843818184,1.5731887797589794,0.05288387125028348,0.36177825520885765,0.2,3.691414350891753,draw:4.0-5.0,draw:exchange,exchange:4.0-5.0,0.19959128356987232,0.22996493482764602,0.5704437816024817,0.9798603655308009,0.5704437816024817,-0.34047884677483564,0.37085249803260933,0.005105544282808889,5.234899328859077,0.013496932515337345,0.03262837308430458,0.01856890836868326,0.01405946471562132,away,7.953675498885463,7.953675498885463,0.21,0.22387738593713286,0.22387868559961469,0.2238786745179087,0.9914733969986358,,,0.0,lower_clv,True,0.2189263566889847,4.567746045400275,5.566289195428409,True,away,False,-0.21
2025-03,data\historical_csv\football-data\2425\P1.csv:223:draw,data\historical_csv\football-data\2425\P1.csv:223,data\historical_csv\football-data\2425\P1.csv,223,2025-03-09,P1,Casa Pia,Sp Lisbon,draw,0.22389177675422361,0.2144173527508469,4.72645,4.9,1.3432896909240322,0.007474424003376728,5,0.025,BFE,4.0-5.0,exchange,0.21157528377534937,1.0582132882400002,0.009474424003376725,0.03338409347468688,1.5531743921750678,0.05012752769816311,0.34774297427323725,0.2,3.6718890499211954,draw:4.0-5.0,draw:exchange,exchange:4.0-5.0,0.14764405686282397,0.22389177675422361,0.6284641663829524,0.909417275044639,0.6284641663829524,-0.4045723896287288,0.48082010952012844,0.007474424003376728,10.40229885057473,0.005492922975641745,0.020925024836065037,0.010462512418032546,0.01046251241803249,away,3.9824865944208665,3.9824865944208665,0.11,0.22000124108881056,0.21755528592116086,0.21757614160983452,0.9914733969986358,,,0.0,lower_clv,True,0.21906827206012727,4.564786998116879,3.541523447858852,True,away,False,-0.11
2025-03,data\historical_csv\football-data\2425\T1.csv:241:draw,data\historical_csv\football-data\2425\T1.csv:241,data\historical_csv\football-data\2425\T1.csv,241,2025-03-09,T1,Eyupspor,Konyaspor,draw,0.28951500304864275,0.28409532128964543,3.5284,3.58,0.24019316383849798,0.0034196817589972925,5,0.0,1XB,3.0-4.0,sportsbook,0.28341457884593585,1.021524736756831,0.005419681758997319,0.011811760091834466,1.2608445104024748,0.08381893699025562,0.365033402273037,0.2,1.4624192268450242,draw:3.0-4.0,draw:sportsbook,sportsbook:3.0-4.0,0.4480589332895661,0.28951500304864275,0.2624260636617911,1.0696530574742351,0.4480589332895661,-0.15854393024092334,0.18563286962777498,0.0034196817589972925,8.484848484848495,0.025948937503263103,0.01725037200538576,0.008625186002692908,0.008625186002692853,home,2.5963703943759087,2.5963703943759087,0.1,0.29077307106443684,0.2863507179986504,0.2863884256475743,0.9914733969986358,,,0.0,lower_clv,True,0.28625369507135967,3.493404686883472,1.0017537689785527,True,home,False,-0.1
2025-03,data\historical_csv\football-data\2425\E0.csv:282:draw,data\historical_csv\football-data\2425\E0.csv:282,data\historical_csv\football-data\2425\E0.csv,282,2025-03-10,E0,West Ham,Newcastle,draw,0.2722002545705949,0.2627964810308706,3.7734,3.83,-0.836375847811277,0.007403773539724257,5,0.0,1XB,3.0-4.0,sportsbook,0.26501298563629616,1.0271204405966827,0.00940377353972427,0.027199730402177474,1.3279764517953756,0.07409297858829667,0.36147552824245655,0.2,1.4999734987014346,draw:3.0-4.0,draw:sportsbook,sportsbook:3.0-4.0,0.29385950418502366,0.2722002545705949,0.4339402412443815,1.0763420754342177,0.4339402412443815,-0.16173998667378664,0.14008073705935786,0.007403773539724257,5.8011049723756924,0.02620106650075993,0.01776999302892851,0.008884996514464227,0.008884996514464283,away,2.797743428133592,2.797743428133592,0.1,0.27242736902563625,0.26810935274831027,0.26814617075886044,0.9914733969986358,,,0.0,lower_clv,True,0.27769040849886795,3.60113266211021,4.7836987429628275,True,away,False,-0.1
2025-03,data\historical_csv\football-data\2425\T1.csv:257:draw,data\historical_csv\football-data\2425\T1.csv:257,data\historical_csv\football-data\2425\T1.csv,257,2025-03-28,T1,Konyaspor,Gaziantep,draw,0.2857112454520281,0.28059963440168345,3.597,3.65,0.9316884942855319,0.0031116110503446558,4,0.0,1XB,3.0-4.0,sportsbook,0.2780094523213789,1.027703349890945,0.005111611050344633,0.010890754563831496,1.2801001647134869,0.08163091577774904,0.36573901236363665,0.25,1.4734500973033082,draw:3.0-4.0,draw:sportsbook,sportsbook:3.0-4.0,0.4480307910627605,0.2857112454520281,0.2662579634852114,1.069988845029965,0.4480307910627605,-0.16231954561073242,0.1817728275775491,0.005724133973078523,7.709332349686471,0.025684029806603448,0.018599157539940236,0.009299578769970063,0.009299578769970174,home,3.1449587288943177,3.1449587288943177,0.12,0.2867527348593114,0.28233878797907075,0.2823764239517877,0.9914733969986358,,,0.0,lower_clv,True,0.2859373373402447,3.4972697490362115,2.8516602412860026,True,home,False,-0.12
2025-03,data\historical_csv\football-data\2425\I1.csv:300:draw,data\historical_csv\football-data\2425\I1.csv:300,data\historical_csv\football-data\2425\I1.csv,300,2025-03-31,I1,Verona,Parma,draw,0.30913517334902385,0.2955169327368174,3.352,3.4,-0.9427241466188119,0.011618240612206463,4,0.0,1XB,3.0-4.0,sportsbook,0.2983293556085919,1.036221101065928,0.013618240612206456,0.037583043321599265,1.2095571826198366,0.09556455540153103,0.3739166693247401,0.25,1.4319809069212486,draw:3.0-4.0,draw:sportsbook,sportsbook:3.0-4.0,0.3939147242923127,0.30913517334902385,0.2969501023586634,1.0904508243661941,0.3939147242923127,-0.08477955094328887,0.0969646219336493,0.011618240612206463,6.457925636007822,0.01478091236494583,0.01930153194421791,0.00965076597210901,0.009650765972108899,home,3.4442840262500947,3.4442840262500947,0.15,0.3086046659494335,0.30708148885038894,0.30709447637681325,0.9914733969986358,,,0.0,lower_clv,True,0.32102126070203285,3.115058478722333,7.60632658732141,True,draw,True,0.35
2025-04,data\historical_csv\football-data\2425\F2.csv:262:draw,data\historical_csv\football-data\2425\F2.csv:262,data\historical_csv\football-data\2425\F2.csv,262,2025-04-07,F2,Dunkerque,Guingamp,draw,0.3240391668775574,0.31530467448463506,3.205,3.25,1.0551481723255485,0.006734492392922337,4,0.0,B365,3.0-4.0,sportsbook,0.31201248049922,1.0385455298425714,0.008734492392922344,0.02078295799182528,1.1647120903726333,0.1050013816707015,0.37741233541656644,0.25,1.4040561622464809,draw:3.0-4.0,draw:sportsbook,sportsbook:3.0-4.0,0.40219031295487306,0.3240391668775574,0.2737705201675695,1.0861438790660705,0.40219031295487306,-0.07815114607731566,0.1284197927873036,0.03186088118186058,1.7612524461839474,0.06119370825253179,0.03408992829887719,0.023296190809895423,0.01079373748898177,home,2.939578648631038,2.939578648631038,0.13,0.3211843327570391,0.3223725654170339,0.32217394912281455,0.8328473026316253,,,0.0,lower_clv,True,0.2947194803105286,3.393057014576569,-5.542406560475587,False,home,False,-0.13
2025-04,data\historical_csv\football-data\2425\I1.csv:318:draw,data\historical_csv\football-data\2425\I1.csv:318,data\historical_csv\football-data\2425\I1.csv,318,2025-04-13,I1,Verona,Genoa,draw,0.33058615148896725,0.3264815337074587,3.1069999999999998,3.15,1.4378125229074001,0.0021046177815085693,4,0.0,1XB,3.0-4.0,sportsbook,0.321853878339234,1.0271311726762211,0.004104617781508557,0.00636632167448432,1.1336576304109103,0.1092872035562864,0.3747715131436448,0.25,1.3839716768587085,draw:3.0-4.0,draw:sportsbook,sportsbook:3.0-4.0,0.31501281406345105,0.33058615148896725,0.3544010344475816,1.0974358160685573,0.3544010344475816,-0.023814882958614336,0.039388220384130535,0.004613335754436923,6.7796610169491345,0.015411375918270576,0.0179440785426922,0.008972039271346127,0.008972039271346072,away,2.6959154003916534,2.6959154003916534,0.13,0.3305307866121392,0.3293644945278388,0.32955944339564897,0.8328473026316253,,,0.0,lower_clv,True,0.3472622135923176,2.879668333779586,7.894369763133069,True,draw,True,0.27
2025-04,data\historical_csv\football-data\2425\SP1.csv:306:draw,data\historical_csv\football-data\2425\SP1.csv:306,data\historical_csv\football-data\2425\SP1.csv,306,2025-04-13,SP1,Osasuna,Girona,draw,0.30452251650148154,0.3005619000430261,3.3716,3.42,1.337450218506664,0.001960616458455494,4,0.0,1XB,3.0-4.0,sportsbook,0.2965950883853363,1.026728116636395,0.003960616458455468,0.0064383300157246515,1.21538740914119,0.0927339630563951,0.37011283235589093,0.25,1.4355202277850365,draw:3.0-4.0,draw:sportsbook,sportsbook:3.0-4.0,0.3879245757424332,0.30452251650148154,0.30755290775608524,1.0920615183010152,0.3879245757424332,-0.08340205924095168,0.08037166798634798,0.003729714028524476,6.874999999999987,0.014428630789961261,0.01628374647483516,0.008141873237417552,0.008141873237417607,home,2.5321729811409783,2.5321729811409783,0.11,0.304105389076821,0.301566444771966,0.3019908361609906,0.8328473026316253,,,0.0,lower_clv,True,0.30895876590134075,3.2366778689144824,4.168537511296044,True,home,False,-0.11
2025-04,data\historical_csv\football-data\2425\SP1.csv:311:draw,data\historical_csv\football-data\2425\SP1.csv:311,data\historical_csv\football-data\2425\SP1.csv,311,2025-04-18,SP1,Espanol,Getafe,draw,0.35198488231536196,0.3483335326457371,2.9208,2.96,1.7412582151668854,0.0016513496696248745,4,0.0,1XB,2.0-3.0,sportsbook,0.3423719528896193,1.028077444266709,0.0036513496696248815,0.004691535780634302,1.07185755135929,0.12389335737855921,0.37727765407403174,0.25,1.342098055327301,draw:2.0-3.0,draw:sportsbook,sportsbook:2.0-3.0,0.33703220716637194,0.35198488231536196,0.31098291051826615,1.0973128458557997,0.35198488231536196,0.0,0.02604929664810579,0.0033212327545601873,5.941302791696512,0.015614091666759311,0.019340976908928997,0.010045840612149692,0.009295136296779305,draw,2.2277770384192728,2.2277770384192728,0.12,0.3499992366420819,0.35225344520174035,0.3518766481605626,0.8328473026316253,,,0.0,lower_clv,True,0.36126089757028124,2.76808258719851,5.517082962327735,True,home,False,-0.12
2025-04,data\historical_csv\football-data\2425\SP1.csv:316:draw,data\historical_csv\football-data\2425\SP1.csv:316,data\historical_csv\football-data\2425\SP1.csv,316,2025-04-20,SP1,Valladolid,Osasuna,draw,0.28041262277854095,0.2663406284665889,3.695,3.75,-1.5871377815954046,0.012071994311952076,4,0.0,1XB,3.0-4.0,sportsbook,0.2706359945872801,1.0361246411667089,0.014071994311952052,0.04305082343417212,1.3069805544001651,0.0786312390135403,0.36649384517990186,0.25,1.4884979702300516,draw:3.0-4.0,draw:sportsbook,sportsbook:3.0-4.0,0.20291853725477388,0.28041262277854095,0.5166688399666852,1.0213716718042107,0.5166688399666852,-0.23625621718814427,0.31375030271191134,0.012071994311952076,6.082036775106081,0.016196741854636487,0.01799624641821168,0.00899812320910584,0.00899812320910584,away,2.797112431708894,2.797112431708894,0.1,0.27820598763655996,0.2759545646950792,0.2763308961126647,0.8328473026316253,,,0.0,lower_clv,True,0.26953393753914306,3.710107933457452,-0.4072100792866462,False,away,False,-0.1
2025-04,data\historical_csv\football-data\2425\F1.csv:269:draw,data\historical_csv\football-data\2425\F1.csv:269,data\historical_csv\football-data\2425\F1.csv,269,2025-04-20,F1,Reims,Toulouse,draw,0.2911339604171674,0.287128327061014,3.5382,3.59,1.5917446807279578,0.002005633356153378,4,0.0,1XB,3.0-4.0,sportsbook,0.28262958566502744,1.0300901787480217,0.004005633356153393,0.006889039510469667,1.2636181232523764,0.08475898290818479,0.3678821486773727,0.25,1.4640212537448516,draw:3.0-4.0,draw:sportsbook,sportsbook:3.0-4.0,0.288479745125877,0.2911339604171674,0.4203862944569557,1.0821679080906321,0.4203862944569557,-0.1292523340397883,0.1319065493310787,0.002005633356153378,8.132530120481917,0.014767070880544075,0.01663595981519811,0.008317979907598999,0.00831797990759911,away,2.7184561983221878,2.7184561983221878,0.11,0.2903127471548307,0.28733005181199417,0.28782861738397736,0.8328473026316253,,,0.0,lower_clv,True,0.27158305265023935,3.682114882506527,-3.908484311292315,False,home,False,-0.11
2025-04,data\historical_csv\football-data\2425\SP1.csv:318:draw,data\historical_csv\football-data\2425\SP1.csv:318,data\historical_csv\football-data\2425\SP1.csv,318,2025-04-20,SP1,Sevilla,Alaves,draw,0.31594099099890705,0.3087502993956149,3.2442,3.29,0.16477212992538348,0.005190691603292145,4,0.0,1XB,3.0-4.0,sportsbook,0.308242401824795,1.0249757629986542,0.007190691603292165,0.016429307216138035,1.1768687866338772,0.09981870979337146,0.3718210907247884,0.25,1.4117502003575533,draw:3.0-4.0,draw:sportsbook,sportsbook:3.0-4.0,0.45868235992843087,0.31594099099890705,0.22537664907266203,1.057330175405228,0.45868235992843087,-0.14274136892952383,0.23330571085576884,0.008697846510258862,6.129032258064515,0.014851841714804248,0.016437797244471253,0.008218898622235696,0.008218898622235557,home,2.419966108407328,2.419966108407328,0.11,0.3157017634806958,0.3137322649198777,0.3140614719167816,0.8328473026316253,,,0.0,lower_clv,True,0.32043770941794897,3.1207313328272908,3.956401689371014,True,draw,True,0.25
2025-04,data\historical_csv\football-data\2425\B1.csv:283:draw,data\historical_csv\football-data\2425\B1.csv:283,data\historical_csv\football-data\2425\B1.csv,283,2025-04-27,B1,Gent,Anderlecht,draw,0.30571823602085085,0.28699873916516905,3.4793999999999996,3.53,-0.14165869487109406,0.016719496855681797,4,0.0,1XB,3.0-4.0,sportsbook,0.28740587457607636,1.0637160304109483,0.018719496855681805,0.054689236315433536,1.2468598651283127,0.09346363983570066,0.3811877985322238,0.25,1.4542737253549598,draw:3.0-4.0,draw:sportsbook,sportsbook:3.0-4.0,0.3170693225256609,0.30571823602085085,0.37721244145348826,1.0942629663174062,0.37721244145348826,-0.0714942054326374,0.060143118927827366,0.016719496855681797,7.25408279529054,0.046655934065398474,0.03505993298153581,0.01752996649076788,0.017529966490767934,away,4.906007883642358,4.906007883642358,0.2,0.30150602944082994,0.3028394279120507,0.3026165467609193,0.8328473026316253,,,0.0,lower_clv,True,0.2851052755817808,3.507476310143394,-0.800470414075205,False,away,False,-0.2
2025-04,data\historical_csv\football-data\2425\I1.csv:332:draw,data\historical_csv\football-data\2425\I1.csv:332,data\historical_csv\football-data\2425\I1.csv,332,2025-04-27,I1,Como,Genoa,draw,0.27723690238614107,0.2709696497677208,3.7342,3.79,1.185486616262299,0.004267252618420267,4,0.0,1XB,3.0-4.0,sportsbook,0.26779497616624715,1.035258040890328,0.00626725261842026,0.015392080136852608,1.3175336055490983,0.07686030004466271,0.36526893559207585,0.25,1.4942959670076528,draw:3.0-4.0,draw:sportsbook,sportsbook:3.0-4.0,0.5183642028595202,0.27723690238614107,0.20439889475433878,1.02078818432408,0.5183642028595202,-0.24112730047337916,0.3139653081051814,0.005826854920270128,7.670454545454541,0.014107747714796393,0.01705523693823241,0.008527618469116163,0.008527618469116247,home,2.9711565775341855,2.9711565775341855,0.11,0.2757515842149167,0.27258967088475194,0.27311819322673403,0.8328473026316253,,,0.0,lower_clv,True,0.2654009631610974,3.767883839189399,-0.8939723363830088,False,home,False,-0.11
2025-05,data\historical_csv\football-data\2425\I2.csv:349:draw,data\historical_csv\football-data\2425\I2.csv:349,data\historical_csv\football-data\2425\I2.csv,349,2025-05-01,I2,Spezia,Salernitana,draw,0.30489187561305775,0.287009627711616,3.45,3.5,-0.9816784394924838,0.015882247901441743,4,0.0,B365,3.0-4.0,sportsbook,0.2898550724637681,1.0518769708650493,0.017882247901441772,0.05209141066650825,1.2383742310432684,0.09295905581484828,0.37757024201366024,0.25,1.4492753623188248,draw:3.0-4.0,draw:sportsbook,sportsbook:3.0-4.0,0.48411306451801966,0.30489187561305775,0.21099505986892253,1.0416349633062594,0.48411306451801966,-0.17922118890496191,0.27311800464909713,0.01740205002993982,7.941403238242106,0.05494505494505497,0.034058542279724435,0.017029271139862273,0.017029271139862162,home,2.642727218324172,2.642727218324172,0.11,0.29751515135746137,0.30209010151397414,0.3020522419463102,0.9917245945051307,,,0.0,lower_clv,True,0.28461005913069515,3.513579256665669,-1.8095295999101646,False,home,False,-0.11
2025-05,data\historical_csv\football-data\2425\SP1.csv:335:away,data\historical_csv\football-data\2425\SP1.csv:335,data\historical_csv\football-data\2425\SP1.csv,335,2025-05-03,SP1,Las Palmas,Valencia,away,0.34881178487771064,0.34313945778466476,2.96,3.0,1.5692795042607566,0.00367232709304586,4,0.0,1XB,2.0-3.0,sportsbook,0.33783783783783783,1.0324828832380235,0.005672327093045881,0.010528104990298236,1.085189268335969,0.12166966126957429,0.37852680561840624,0.25,1.3513513513513598,away:2.0-3.0,away:sportsbook,sportsbook:2.0-3.0,0.36275770086816095,0.28843051425412836,0.34881178487771064,1.093826114315848,0.36275770086816095,-0.013945915990450308,0.013945915990450308,0.004633752586227435,5.170902716914982,0.015946572168461293,0.020710541697315343,0.01593988580934183,0.004770655887973513,home,2.260359649776011,2.260359649776011,0.12,0.345474188006,0.34862774058446205,0.34860164365812585,0.9917245945051307,,,0.0,lower_clv,True,0.327461545183757,3.053793688779072,-3.0713826256079324,False,away,True,0.24
2025-05,data\historical_csv\football-data\2425\I2.csv:357:draw,data\historical_csv\football-data\2425\I2.csv:357,data\historical_csv\football-data\2425\I2.csv,357,2025-05-04,I2,Frosinone,Cittadella,draw,0.34041822969714697,0.33171421028220593,3.0873999999999997,3.13,2.413445282528248,0.006704019414941007,4,0.0,1XB,3.0-4.0,sportsbook,0.3238971302714258,1.0510072423669714,0.008704019414941033,0.019693479461735164,1.1273293127656037,0.11588457111013951,0.3837634489373681,0.25,1.3798017749562907,draw:3.0-4.0,draw:sportsbook,sportsbook:3.0-4.0,0.4192169460123815,0.34041822969714697,0.24036482429047154,1.073944721135856,0.4192169460123815,-0.07879871631523455,0.17885212172190998,0.006704019414941007,10.483586304271086,0.05143957756754114,0.036559762974316345,0.018279881487158103,0.018279881487158242,home,3.6134256613532285,3.6134256613532285,0.17,0.33560091229304023,0.33971700641541575,0.339682944067498,0.9917245945051307,,,0.0,lower_clv,True,0.2824816733170845,3.540052663443069,-12.786608180083336,False,draw,True,0.35
2025-05,data\historical_csv\football-data\2425\F1.csv:285:draw,data\historical_csv\football-data\2425\F1.csv:285,data\historical_csv\football-data\2425\F1.csv,285,2025-05-04,F1,Nantes,Angers,draw,0.28671879981871934,0.27757770605654575,3.6557999999999997,3.71,1.4768577801519855,0.007141093762173582,4,0.0,1XB,3.0-4.0,sportsbook,0.2735379397122381,1.048186588377274,0.009141093762173591,0.024906262744851772,1.2963149475003666,0.08220767016948685,0.3716778659343713,0.25,1.4825756332403461,draw:3.0-4.0,draw:sportsbook,sportsbook:3.0-4.0,0.5033920332335308,0.28671879981871934,0.20988916694774995,1.0313795318525776,0.5033920332335308,-0.21667323341481143,0.2935028662857808,0.008618299839624387,9.117647058823541,0.01408875884151306,0.020921771081645446,0.010460885540822737,0.01046088554082271,home,3.1954431719335847,3.1954431719335847,0.12,0.2822786891294206,0.282912113822672,0.2829068719764849,0.9917245945051307,,,0.0,lower_clv,True,0.2899866225088364,3.448434935889252,6.013309456780402,True,away,False,-0.12
2025-05,data\historical_csv\football-data\2425\I2.csv:364:away,data\historical_csv\football-data\2425\I2.csv:364,data\historical_csv\football-data\2425\I2.csv,364,2025-05-09,I2,Juve Stabia,Reggiana,away,0.25915176288254793,0.25120144955097484,4.535349999999999,4.7,13.928649422101369,0.0059503133315730984,4,0.025,BFE,4.0-5.0,exchange,0.22049014960256655,1.1753439477893637,0.007950313331573089,0.022960728745919756,1.511902258097338,0.06715963620513235,0.39181213549203014,0.25,3.630370313206277,away:4.0-5.0,away:exchange,exchange:4.0-5.0,0.39315551063841697,0.34769272647903515,0.25915176288254793,1.0842888753311979,0.39315551063841697,-0.13400374775586904,0.13400374775586904,0.01120325603220341,4.41926345609065,0.027841596466109397,0.05214909031283163,0.031192426185568334,0.020956664127263297,home,10.299307531514133,10.299307531514133,0.29,0.24319910818683046,0.2539365534473795,0.2538476967338695,0.9917245945051307,,,0.0,lower_clv,True,0.256151021892875,3.90394694743092,16.173453714185037,True,away,True,1.03
2025-05,data\historical_csv\football-data\2425\I2.csv:368:home,data\historical_csv\football-data\2425\I2.csv:368,data\historical_csv\football-data\2425\I2.csv,368,2025-05-09,I2,Pisa,Sudtirol,home,0.4924045016435983,0.4277114111150872,2.127,2.15,-9.025782855820964,0.06269309052851106,4,0.0,1XB,2.0-3.0,sportsbook,0.47014574518100616,1.0473443749959335,0.06469309052851108,0.12732030336694247,0.7547125362181001,0.24246219323888038,0.3716238502806497,0.25,1.0813352139163124,home:2.0-3.0,home:sportsbook,sportsbook:2.0-3.0,0.4924045016435983,0.30037112924950404,0.2072243691068976,1.0362750679169879,0.4924045016435983,0.0,0.2851801325367007,0.06269309052851106,1.4150943396226356,0.05154916697512113,0.05008920752595125,0.02504460376297564,0.025044603762975612,home,4.136620381435784,4.136620381435784,0.37,0.4895938898986168,0.5014464633021052,0.5013483784510336,0.9917245945051307,,,0.0,lower_clv,True,0.39314651378715043,2.5435809931698903,-16.377736517473107,False,draw,False,-0.37
2025-05,data\historical_csv\football-data\2425\B1.csv:294:home,data\historical_csv\football-data\2425\B1.csv:294,data\historical_csv\football-data\2425\B1.csv,294,2025-05-09,B1,Charleroi,Westerlo,home,0.5699947746942149,0.562688733272644,1.888615,1.93,6.270238198971456,0.005306041421570892,4,0.025,BFE,1.5-2.0,exchange,0.5294885405442613,1.0765006814091147,0.007306041421570875,0.009308929936098843,0.6358437562064804,0.3248940431787088,0.36242761855963607,0.25,2.1912883250424287,home:1.5-2.0,home:exchange,exchange:1.5-2.0,0.5699947746942149,0.21680366798462902,0.21320155732115603,0.9813582083872604,0.5699947746942149,0.0,0.35679321737305886,0.005306041421570892,1.0332494370115297,0.03480138169257341,0.0692854364650568,0.03464271823252847,0.03464271823252833,home,3.9461413146941027,3.9461413146941027,0.44,0.5503829065992493,0.5835688660881743,0.5832942388166671,0.9917245945051307,,,0.0,lower_clv,True,0.5733803768523297,1.7440429431674522,8.28947804289626,True,home,True,0.39
2025-05,data\historical_csv\football-data\2425\I2.csv:365:away,data\historical_csv\football-data\2425\I2.csv:365,data\historical_csv\football-data\2425\I2.csv,365,2025-05-09,I2,Mantova,Carrarese,away,0.26247070047949517,0.2463358628871377,4.136,4.2,1.8845128901201713,0.014134837592357438,4,0.0,B365,4.0-5.0,sportsbook,0.24177949709864602,1.085578817183192,0.016134837592357454,0.05385301127529732,1.419729137206128,0.06889086861019686,0.37263730113364174,0.25,1.547388781431347,away:4.0-5.0,away:sportsbook,sportsbook:4.0-5.0,0.4229678107679256,0.31456148875257917,0.26247070047949517,1.0788456825108796,0.4229678107679256,-0.16049711028843044,0.16049711028843044,0.024957821866826203,11.111111111111116,0.059233449477351874,0.0376899987251092,0.018844999362554654,0.018844999362554543,home,3.3030914379255476,3.3030914379255476,0.11,0.24976569496597087,0.2574167524315688,0.2573534368285765,0.9917245945051307,,,0.0,lower_clv,True,0.23845743413935575,4.193620566325455,-1.3740052399624614,False,home,False,-0.11
2025-05,data\historical_csv\football-data\2425\D2.csv:291:away,data\historical_csv\football-data\2425\D2.csv:291,data\historical_csv\football-data\2425\D2.csv,291,2025-05-09,D2,Preußen Münster,Hertha,away,0.3561894986903289,0.3481331201838886,2.9587749999999997,3.05,3.00475726720848,0.006056378506440304,4,0.025,BFE,2.0-3.0,exchange,0.3379777103700011,1.0538845839874778,0.00805637850644031,0.017003248351534696,1.0847753313245125,0.1268709589772678,0.38638558145611357,0.25,3.0832016628503434,away:2.0-3.0,away:exchange,exchange:2.0-3.0,0.3999610518943544,0.24384944941531672,0.3561894986903289,1.0783326406118194,0.3999610518943544,-0.04377155320402548,0.04377155320402548,0.007469777158299804,5.85068831627249,0.014249167589601486,0.032926869608553844,0.019837026000224384,0.01308984360832946,home,2.6158512427483482,2.6158512427483482,0.13,0.3468187045069272,0.3564652958658402,0.3563854664107019,0.9917245945051307,,,0.0,lower_clv,True,0.393192883765862,2.543281023863796,16.336927466433828,True,home,False,-0.13
2025-05,data\historical_csv\football-data\2425\D2.csv:290:away,data\historical_csv\football-data\2425\D2.csv:290,data\historical_csv\football-data\2425\D2.csv,290,2025-05-09,D2,Nurnberg,FC Koln,away,0.6039224646992898,0.5956667948015284,1.6975149999999999,1.73,1.1153319177516385,0.00625566989776135,4,0.025,BFE,1.5-2.0,exchange,0.5890964144646734,1.025167442664015,0.008255669897761386,0.010358399071768635,0.5291654169359726,0.36472234336846493,0.3195748828295999,0.25,1.9136797023884933,away:1.5-2.0,away:exchange,exchange:1.5-2.0,0.17858854595071885,0.21748898934999147,0.6039224646992898,0.9440158111401462,0.6039224646992898,0.0,0.42533391874857096,0.00625566989776135,3.5384848026614346,0.023358779062617074,0.0390817715746391,0.01954088578731951,0.019540885787319592,away,1.0250272520246764,1.0250272520246764,0.15,0.5951348132536365,0.6192026896234499,0.6190035181870893,0.9917245945051307,,,0.0,lower_clv,True,0.6590181430096052,1.5174089068825911,11.869318303094989,True,away,True,0.1
2025-05,data\historical_csv\football-data\2425\I1.csv:357:home,data\historical_csv\football-data\2425\I1.csv:357,data\historical_csv\football-data\2425\I1.csv,357,2025-05-11,I1,Verona,Lecce,home,0.4291802519971979,0.4196974085795396,2.45236,2.52,2.9249136904119677,0.007482843417658333,4,0.025,BFE,2.0-3.0,exchange,0.4077704741555073,1.0525044827878483,0.009482843417658315,0.017435199739123105,0.8970508262204496,0.18419568870437827,0.38499649965158717,0.25,2.75815948718785,home:2.0-3.0,home:exchange,exchange:2.0-3.0,0.4291802519971979,0.31853565683718355,0.25228409116561856,1.0748912082663618,0.4291802519971979,0.0,0.17689616083157933,0.007482843417658333,2.8275504919730743,0.004131332898456019,0.033987527874200896,0.016993763937100503,0.016993763937100392,home,1.6294742096760024,1.6294742096760024,0.11,0.4144149888665449,0.43416122511843913,0.43399781700645723,0.9917245945051307,,,0.0,lower_clv,True,0.37736159801087266,2.649978178148344,-7.457351150205627,False,draw,False,-0.11
2025-05,data\historical_csv\football-data\2425\SP1.csv:362:home,data\historical_csv\football-data\2425\SP1.csv:362,data\historical_csv\football-data\2425\SP1.csv,362,2025-05-18,SP1,Ath Madrid,Betis,home,0.49755894854474925,0.4946292003555851,2.0682,2.09,2.2992112175421076,0.0009297481891641335,4,0.0,1XB,2.0-3.0,sportsbook,0.48351223285949135,1.0290514173802505,0.0029297481891641386,0.0018686191694138813,0.7266786637687377,0.24756490727695643,0.36156547187467647,0.25,1.0540566676336738,home:2.0-3.0,home:sportsbook,sportsbook:2.0-3.0,0.49755894854474925,0.25200464571608405,0.2504364057391667,1.0413984138299663,0.49755894854474925,0.0,0.24712254280558255,0.0048569711308012985,6.347792901666449,0.015047598929568196,0.02618312338531159,0.013091561692655851,0.01309156169265574,home,1.048042349126045,1.048042349126045,0.1,0.4885796458230638,0.5069220354531563,0.5067702447412223,0.9917245945051307,,,0.0,lower_clv,True,0.6220898443512376,1.607484849785445,28.66062160872296,True,home,True,0.11
2025-10,data\historical_csv\football-data\2526\F2.csv:77:away,data\historical_csv\football-data\2526\F2.csv:77,data\historical_csv\football-data\2526\F2.csv,77,2025-10-03,F2,Guingamp,Nancy,away,0.3405697924670639,0.3364942109931133,3.4989999999999997,3.55,17.739324426490334,0.002075581473950647,8,0.0,PS,3.0-4.0,sportsbook,0.2857959416976279,1.1916537038422566,0.004075581473950651,0.006094437967957401,1.2524772133855508,0.11598778354105899,0.4265559046324436,0.125,1.457559302657896,away:3.0-4.0,away:sportsbook,sportsbook:3.0-4.0,0.3794413312712877,0.2799888762616483,0.3405697924670639,1.0909666943428034,0.3794413312712877,-0.03887153880422378,0.03887153880422378,0.002563182438472104,25.308859865866552,0.03891319986191277,0.06943054726110126,0.034715273630550686,0.034715273630550575,home,11.646865088064935,11.646865088064935,0.47,0.31908220945431537,0.3390274154819822,0.31908220945431537,0.0,,,0.0,lower_clv,True,0.32081962309303025,3.1170163170163168,12.254786120251282,True,draw,False,-0.47
2025-10,data\historical_csv\football-data\2526\SP2.csv:80:away,data\historical_csv\football-data\2526\SP2.csv:80,data\historical_csv\football-data\2526\SP2.csv,80,2025-10-04,SP2,La Coruna,Almeria,away,0.2693843199429171,0.2627796960519159,3.94,4.0,3.5352002444548614,0.004604623891001197,8,0.0,B365,3.0-4.0,sportsbook,0.25380710659898476,1.0613742205750933,0.006604623891001193,0.017093139986681195,1.3711807233098425,0.07256791183110793,0.36937458666765915,0.125,1.522842639593902,away:3.0-4.0,away:sportsbook,sportsbook:3.0-4.0,0.4519314503908427,0.2786842296662403,0.2693843199429171,1.0683321280794245,0.4519314503908427,-0.1825471304479256,0.1825471304479256,0.006710968702522027,2.0408163265306145,0.07270408163265296,0.036328434092738726,0.018164217046369363,0.018164217046369363,home,2.9208390569466136,2.9208390569466136,0.1,0.26122040369783406,0.2662374455147863,0.26122040369783406,0.0,,,0.0,lower_clv,True,0.24395208199585272,4.099165671465761,-3.8828796936340337,False,draw,False,-0.1
2025-10,data\historical_csv\football-data\2526\T1.csv:66:away,data\historical_csv\football-data\2526\T1.csv:66,data\historical_csv\football-data\2526\T1.csv,66,2025-10-04,T1,Kocaelispor,Eyupspor,away,0.2967194949997017,0.2806604051638441,3.5798500000000004,3.7,0.47221514257873576,0.014059089835857583,8,0.025,BFE,3.0-4.0,exchange,0.27934131318351324,1.0622112841746822,0.016059089835857576,0.04738175304548735,1.2753209000934622,0.088042458712878,0.3784125734382971,0.125,3.3562858778999116,away:3.0-4.0,away:exchange,exchange:3.0-4.0,0.42319192570052655,0.2800885792997718,0.2967194949997017,1.080874471561142,0.42319192570052655,-0.12647243070082487,0.12647243070082487,0.014059089835857583,8.432835820895534,0.019228183407287824,0.03154799104191808,0.015773995520958956,0.015773995520959122,home,2.9153747905940364,2.9153747905940364,0.11,0.2874851594077797,0.2941426673297703,0.2874851594077797,0.0,,,0.0,lower_clv,True,0.2926094498250323,3.4175246240268606,4.749793895614185,True,home,False,-0.11
2025-10,data\historical_csv\football-data\2526\B1.csv:76:away,data\historical_csv\football-data\2526\B1.csv:76,data\historical_csv\football-data\2526\B1.csv,76,2025-10-04,B1,RAAL La Louviere,Waregem,away,0.3271707400962737,0.3196718119861467,3.19765,3.3,2.2198569597501994,0.005498928110127039,8,0.025,BFE,3.0-4.0,exchange,0.31272966084468284,1.0461775170688496,0.007498928110127034,0.01680751802104588,1.16241616502027,0.10704069317514349,0.380308557009554,0.125,3.2007880787453313,away:3.0-4.0,away:exchange,exchange:3.0-4.0,0.3960488529379061,0.27678040696582007,0.3271707400962737,1.0878994986370558,0.3960488529379061,-0.06887811284163237,0.06887811284163237,0.005498928110127039,7.367549668874163,0.019283746556473913,0.02987344279897647,0.014936721399488234,0.014936721399488234,home,2.315357639390439,2.315357639390439,0.11,0.31997047093769,0.3252990008888072,0.31997047093769,0.0,,,0.0,lower_clv,True,0.31853077725595413,3.139414057927765,1.8549939892501754,True,draw,False,-0.11
2025-10,data\historical_csv\football-data\2526\SP2.csv:86:away,data\historical_csv\football-data\2526\SP2.csv:86,data\historical_csv\football-data\2526\SP2.csv,86,2025-10-05,SP2,Santander,Malaga,away,0.24060572805840044,0.23068450390507741,4.5573999999999995,4.63,5.1321558096999675,0.007921224153323036,8,0.0,PS,4.0-5.0,sportsbook,0.21942335542195113,1.096536545053354,0.009921224153323027,0.03292200986753057,1.5167522854758682,0.05789111637451295,0.3649392879311641,0.125,1.5930135603633655,away:4.0-5.0,away:sportsbook,sportsbook:4.0-5.0,0.4941614546076117,0.2652328173339878,0.24060572805840044,1.0430998330993029,0.4941614546076117,-0.2535557265492112,0.2535557265492112,0.010477515949074456,10.238095238095223,0.05298174386518295,0.035490375735689667,0.02768658550985656,0.007803790225833107,home,4.995711059312078,4.995711059312078,0.14,0.23038511225547917,0.23693870831731811,0.23038511225547917,0.0,,,0.0,lower_clv,True,0.2345025053686471,4.264346764346764,6.872171796707227,True,home,False,-0.14
2025-10,data\historical_csv\football-data\2526\D2.csv:77:away,data\historical_csv\football-data\2526\D2.csv:77,data\historical_csv\football-data\2526\D2.csv,77,2025-10-18,D2,Paderborn,Bielefeld,away,0.23110652182038943,0.2209985245973972,4.72645,4.9,4.453847658336785,0.008107997222992235,8,0.025,BFE,4.0-5.0,exchange,0.21157528377534937,1.0923134200579796,0.010107997222992243,0.035083376960229534,1.5531743921750678,0.05341022442791814,0.3589487315560774,0.125,3.6718890499211954,away:4.0-5.0,away:exchange,exchange:4.0-5.0,0.5199393036568671,0.2489541745227433,0.23110652182038943,1.0247726905062868,0.5199393036568671,-0.2888327818364777,0.2888327818364777,0.009240982686913448,1.1052631578947425,0.0066432895545465165,0.02837171519055523,0.020847214438462894,0.007524500752092336,home,5.492848813269334,5.492848813269334,0.15,0.22319679423937486,0.2272887986117832,0.22319679423937486,0.0,,,0.0,lower_clv,True,0.20592857749146723,4.856052579887488,-2.6688874915454797,False,home,False,-0.15
2025-10,data\historical_csv\football-data\2526\D2.csv:80:away,data\historical_csv\football-data\2526\D2.csv:80,data\historical_csv\football-data\2526\D2.csv,80,2025-10-19,D2,Darmstadt,Magdeburg,away,0.24051483502637558,0.22750827714627458,4.535349999999999,4.7,3.18296647553562,0.011006557880101004,8,0.025,BFE,4.0-5.0,exchange,0.22049014960256655,1.0908189570368723,0.013006557880100994,0.045762490612664256,1.511902258097338,0.05784738586776466,0.363634922182286,0.125,3.630370313206277,away:4.0-5.0,away:exchange,exchange:4.0-5.0,0.5226957285721897,0.23678943640143466,0.24051483502637558,1.022944205654194,0.5226957285721897,-0.2821808935458141,0.2821808935458141,0.011006557880101004,2.388888888888885,0.018466149280187638,0.031606608084141674,0.015803304042070865,0.01580330404207081,home,4.972811207613444,4.972811207613444,0.14,0.2314547084736866,0.23684632063787553,0.2314547084736866,0.0,,,0.0,lower_clv,True,0.23452857712671654,4.263872711169423,6.366918227165375,True,draw,False,-0.14
2025-10,data\historical_csv\football-data\2526\T1.csv:78:away,data\historical_csv\football-data\2526\T1.csv:78,data\historical_csv\football-data\2526\T1.csv,78,2025-10-19,T1,Gaziantep,Antalyaspor,away,0.2405111522911209,0.2307342085992281,4.4398,4.6,2.4413739338853047,0.007776943691892812,7,0.025,BFE,4.0-5.0,exchange,0.22523537096265597,1.0678214139421187,0.009776943691892803,0.032335064789342484,1.4906093303845298,0.05784561437640275,0.3585081676666794,0.14285714285714285,3.6082706428217426,away:4.0-5.0,away:exchange,exchange:4.0-5.0,0.49149070658448724,0.26799814112439185,0.2405111522911209,1.0447308866571416,0.49149070658448724,-0.2509795542933663,0.2509795542933663,0.007776943691892812,7.380952380952377,0.034842167957117365,0.030439209845077725,0.018469544608081784,0.011969665236995941,home,3.6840746436435117,3.6840746436435117,0.11,0.2335332101528076,0.23684257736461353,0.2335332101528076,0.0,,,0.0,lower_clv,True,0.21572119070315834,4.635613203971431,-4.224105751611762,False,home,False,-0.11
2025-10,data\historical_csv\football-data\2526\B1.csv:89:away,data\historical_csv\football-data\2526\B1.csv:89,data\historical_csv\football-data\2526\B1.csv,89,2025-10-20,B1,Standard,Antwerp,away,0.2555302070719659,0.24374740038825782,4.2487,4.4,3.5609580029591026,0.009782806683708066,8,0.025,BFE,4.0-5.0,exchange,0.23536611198719606,1.0856711907866616,0.01178280668370807,0.03828434530620053,1.4466130537918354,0.06529568672624177,0.36965333318843663,0.125,3.561089274366269,away:4.0-5.0,away:exchange,exchange:4.0-5.0,0.46445596424259866,0.2800138286854354,0.2555302070719659,1.0612692720495787,0.46445596424259866,-0.20892575717063278,0.20892575717063278,0.01490918248523688,10.641025641025648,0.011072261072261114,0.030746345400496172,0.015373172700248072,0.0153731727002481,home,4.666860845307926,4.666860845307926,0.14,0.2463503209106501,0.252121659448255,0.2463503209106501,0.0,,,0.0,lower_clv,True,0.2448904683486052,4.083458236424642,4.046613287271894,True,home,False,-0.14
2025-10,data\historical_csv\football-data\2526\B1.csv:90:home,data\historical_csv\football-data\2526\B1.csv:90,data\historical_csv\football-data\2526\B1.csv,90,2025-10-24,B1,Charleroi,Anderlecht,home,0.3578313008516028,0.34767655487363786,3.0873999999999997,3.13,7.341659551686952,0.008154745977964976,8,0.0,PS,3.0-4.0,sportsbook,0.3238971302714258,1.1047683582492385,0.010154745977964952,0.02278935900397057,1.1273293127656037,0.12804323986915028,0.40339371447505934,0.125,1.3798017749562907,home:3.0-4.0,home:sportsbook,sportsbook:3.0-4.0,0.3578313008516028,0.28585256109472557,0.35631613805367157,1.0934039186612607,0.3578313008516028,0.0,0.0015151627979312354,0.010105070707465937,15.243004418262164,0.04964754805010396,0.05345406633619071,0.04037938168189523,0.013074684654295482,home,4.111640561239446,4.111640561239446,0.2,0.33721461605635633,0.35672735664897726,0.33721461605635633,0.0,,,0.0,lower_clv,True,0.3482359631268029,2.8716161048417357,7.514371255769103,True,home,True,0.42
2025-10,data\historical_csv\football-data\2526\T1.csv:84:away,data\historical_csv\football-data\2526\T1.csv:84,data\historical_csv\football-data\2526\T1.csv,84,2025-10-25,T1,Kocaelispor,Alanyaspor,away,0.32169394615266306,0.3100436026550287,3.340975,3.45,3.5847925380384504,0.009650343497634346,8,0.025,BFE,3.0-4.0,exchange,0.29931382306063353,1.0747714317473933,0.01165034349763433,0.029998523792719056,1.2062626805570393,0.10348699499127248,0.38804740180508324,0.125,3.2632689559185746,away:3.0-4.0,away:exchange,exchange:3.0-4.0,0.39675146276856693,0.2815545910787699,0.32169394615266306,1.0884761190480217,0.39675146276856693,-0.07505751661590387,0.07505751661590387,0.010708724559210823,9.66828478964401,0.07412148173017741,0.05184078950889659,0.025920394754448323,0.025920394754448267,home,4.003857279150257,4.003857279150257,0.17,0.3112979213527496,0.31969069152781665,0.3112979213527496,0.0,,,0.0,lower_clv,True,0.3041770840996449,3.2875586369695475,1.624803354981097,True,home,False,-0.17
2025-10,data\historical_csv\football-data\2526\F2.csv:99:home,data\historical_csv\football-data\2526\F2.csv:99,data\historical_csv\football-data\2526\F2.csv,99,2025-10-25,F2,Annecy,St Etienne,home,0.27113676132105435,0.25771439556229947,4.0478000000000005,4.11,4.317633035707602,0.01142236575875488,8,0.0,PS,4.0-5.0,sportsbook,0.2470477790404664,1.097507382475364,0.013422365758754884,0.042127691217900186,1.3981735236499684,0.0735151433396704,0.37909624096729905,0.125,1.5366371856317063,home:4.0-5.0,home:sportsbook,sportsbook:4.0-5.0,0.27113676132105435,0.2746063755202962,0.45425686315864944,1.0672257414168773,0.45425686315864944,-0.18312010183759508,0.18312010183759508,0.014693843301680398,12.602739726027412,0.058953085015235995,0.041373039135392725,0.04678529030297433,-0.005412251167581608,away,3.181152281841676,3.181152281841676,0.1,0.25490674510065137,0.26802437388926204,0.25490674510065137,0.0,,,0.0,lower_clv,True,0.22891014742396912,4.3685263028024695,-7.341750525725765,False,home,True,0.3
2025-10,data\historical_csv\football-data\2526\SC0.csv:53:away,data\historical_csv\football-data\2526\SC0.csv:53,data\historical_csv\football-data\2526\SC0.csv,53,2025-10-25,SC0,Livingston,Motherwell,away,0.4537152550627602,0.44630953247182975,2.2935999999999996,2.32,2.3655543677388646,0.005405722590930451,8,0.0,PS,2.0-3.0,sportsbook,0.43599581444018143,1.0406413090119466,0.007405722590930475,0.011914350532874861,0.8301226355870228,0.20585753267666557,0.3766393033387368,0.125,1.1510289501220905,away:2.0-3.0,away:sportsbook,sportsbook:2.0-3.0,0.27811623946998765,0.2681685054672522,0.4537152550627602,1.0674216377475356,0.4537152550627602,0.0,0.17559901559277258,0.005405722590930451,9.874496803220435,0.04960100963624181,0.043050174902439564,0.021525087451219782,0.021525087451219782,away,1.5657851643590737,1.5657851643590737,0.12,0.44282257221991234,0.4552168733575373,0.44282257221991234,0.0,,,0.0,lower_clv,True,0.42593103472406396,2.3477979261310273,-2.3084578756887075,False,away,True,0.16
2025-10,data\historical_csv\football-data\2526\SP2.csv:118:away,data\historical_csv\football-data\2526\SP2.csv:118,data\historical_csv\football-data\2526\SP2.csv,118,2025-10-26,SP2,Malaga,Andorra,away,0.3006769352956935,0.29412970211070516,3.6557999999999997,3.71,7.527936497631593,0.0045472331849883176,8,0.0,PS,3.0-4.0,sportsbook,0.2735379397122381,1.0992147400539962,0.006547233184988344,0.015123318922073123,1.2963149475003666,0.09040661941881066,0.38977200559240804,0.125,1.4825756332403461,away:3.0-4.0,away:sportsbook,sportsbook:3.0-4.0,0.4160609492413555,0.283262115462951,0.3006769352956935,1.083484691013724,0.4160609492413555,-0.115384013945662,0.115384013945662,0.013045976486639665,12.424242424242426,0.0492858258183575,0.04379575731397384,0.021897878656986947,0.02189787865698689,home,5.152485042170997,5.152485042170997,0.19,0.28763194114057394,0.2981879137260451,0.28763194114057394,0.0,,,0.0,lower_clv,True,0.2581814048222809,3.8732456378427007,-5.614042025070553,False,home,False,-0.19
2025-10,data\historical_csv\football-data\2526\SP2.csv:119:away,data\historical_csv\football-data\2526\SP2.csv:119,data\historical_csv\football-data\2526\SP2.csv,119,2025-10-26,SP2,Almeria,Castellon,away,0.2682081161683699,0.260297829288861,4.087,4.15,6.3837228303574856,0.005910286879508872,8,0.0,PS,4.0-5.0,sportsbook,0.24467824810374358,1.0961665707801278,0.007910286879508899,0.02203619697995507,1.4078112045821403,0.07193559357858581,0.37758639110169945,0.125,1.5414729630536028,away:4.0-5.0,away:sportsbook,sportsbook:4.0-5.0,0.48391706787201594,0.24787481595961414,0.2682081161683699,1.0499505367698228,0.48391706787201594,-0.215708951703646,0.215708951703646,0.008905542729422209,12.162162162162172,0.054546649011115944,0.03970816725890569,0.02013757113625325,0.01957059612265244,home,5.098546655592075,5.098546655592075,0.17,0.2571532827393983,0.26503826422542703,0.2571532827393983,0.0,,,0.0,lower_clv,True,0.26588444355266444,3.761032374208562,8.666972079973956,True,home,False,-0.17
2025-10,data\historical_csv\football-data\2526\B1.csv:95:away,data\historical_csv\football-data\2526\B1.csv:95,data\historical_csv\football-data\2526\B1.csv,95,2025-10-26,B1,Cercle Brugge,Waregem,away,0.23695068698475075,0.2278776260830548,4.535349999999999,4.7,3.3504791455782446,0.007073060901695927,8,0.025,BFE,4.0-5.0,exchange,0.22049014960256655,1.0746542982162892,0.009073060901695934,0.02985034984157325,1.511902258097338,0.056145628062545326,0.3582462787099602,0.125,3.630370313206277,away:4.0-5.0,away:exchange,exchange:4.0-5.0,0.5197148913126315,0.24333442170261774,0.23695068698475075,1.0252354679591624,0.5197148913126315,-0.28276420432788074,0.28276420432788074,0.007073060901695927,11.024096385542158,0.046099290780141855,0.03356085647627616,0.016780428238138093,0.016780428238138065,home,4.3419089040604435,4.3419089040604435,0.12,0.2300636310407366,0.23322435502729413,0.2300636310407366,0.0,,,0.0,lower_clv,True,0.26911203922280735,3.715924426450742,22.051728708915917,True,draw,False,-0.12
2025-10,data\historical_csv\football-data\2526\P1.csv:79:away,data\historical_csv\football-data\2526\P1.csv:79,data\historical_csv\football-data\2526\P1.csv,79,2025-10-26,P1,Famalicao,Guimaraes,away,0.23500273536610783,0.22780558127878647,4.535349999999999,4.7,3.317804305274419,0.005197154087321366,8,0.025,BFE,4.0-5.0,exchange,0.22049014960256655,1.065819655842677,0.007197154087321356,0.02211529188894242,1.511902258097338,0.05522628562955291,0.3553011662590696,0.125,3.630370313206277,away:4.0-5.0,away:exchange,exchange:4.0-5.0,0.48251620665571726,0.28248105797817485,0.23500273536610783,1.0490470255191644,0.48251620665571726,-0.24751347128960943,0.24751347128960943,0.0064741297241498125,12.378048780487806,0.21610346266166047,0.060045617012763064,0.07065137934905039,-0.010605762336287322,home,3.9485212798001923,3.9485212798001923,0.11,0.22919625007948716,0.23124546434601434,0.22919625007948716,0.0,,,0.0,lower_clv,True,0.20779981688489574,4.812323778677433,-5.755510049108825,False,home,False,-0.11
2025-10,data\historical_csv\football-data\2526\T1.csv:91:away,data\historical_csv\football-data\2526\T1.csv:91,data\historical_csv\football-data\2526\T1.csv,91,2025-10-27,T1,Samsunspor,Rizespor,away,0.24361228438114552,0.239091889228562,4.535349999999999,4.7,8.436539981275848,0.002520395152583516,8,0.025,BFE,4.0-5.0,exchange,0.22049014960256655,1.1048669739680281,0.004520395152583512,0.010345927993681189,1.511902258097338,0.059346945101400116,0.3683179628561048,0.125,3.630370313206277,away:4.0-5.0,away:exchange,exchange:4.0-5.0,0.4834241864635112,0.27296352915534317,0.24361228438114552,1.0498263321050092,0.4834241864635112,-0.2398119020823657,0.2398119020823657,0.005102089515331388,12.378048780487806,1.16440342888626,0.1453099278947248,0.11182811628954925,0.03348181160517555,home,6.918880292427796,6.918880292427796,0.2,0.23574559911016307,0.239995261787277,0.23574559911016307,0.0,,,0.0,lower_clv,True,0.23117720999479804,4.3256859100536,4.846955934990715,True,draw,False,-0.2
2025-10,data\historical_csv\football-data\2526\F2.csv:111:away,data\historical_csv\football-data\2526\F2.csv:111,data\historical_csv\football-data\2526\F2.csv,111,2025-10-31,F2,Guingamp,Laval,away,0.2391304347826087,0.22523892862392947,4.72645,4.9,6.458053419457133,0.011891506158679246,7,0.025,BFE,4.0-5.0,exchange,0.21157528377534937,1.1302380434782608,0.013891506158679234,0.04972811666356776,1.5531743921750678,0.057183364839319475,0.371411267694038,0.14285714285714285,3.6718890499211954,away:4.0-5.0,away:exchange,exchange:4.0-5.0,0.4782608695652174,0.2826086956521739,0.2391304347826087,1.052030013409421,0.4782608695652174,-0.2391304347826087,0.2391304347826087,0.01842315706945961,14.345238095238088,0.016333994737791624,0.03832869666332725,0.01916434833166361,0.01916434833166364,home,7.430030210302445,7.430030210302445,0.2,0.22729539127739096,0.23543927874050893,0.22729539127739096,0.0,,,0.0,lower_clv,True,0.20296555870670746,4.926944287355846,-4.069343505068257,False,home,False,-0.2
2025-10,data\historical_csv\football-data\2526\T1.csv:92:away,data\historical_csv\football-data\2526\T1.csv:92,data\historical_csv\football-data\2526\T1.csv,92,2025-10-31,T1,Buyuksehyr,Kocaelispor,away,0.22111544769312239,0.21528341116845953,4.917549999999999,5.1,5.8666938591457995,0.0038320365246628445,7,0.025,BFE,4.0-5.0,exchange,0.20335329584854248,1.0873462698033138,0.005832036524662854,0.017330478556076192,1.5928104389975604,0.04889204120852994,0.3521949933092244,0.14285714285714285,3.710180882756653,away:4.0-5.0,away:exchange,exchange:4.0-5.0,0.5114626516086438,0.2674219006982338,0.22111544769312239,1.029314760912644,0.5114626516086438,-0.2903472039155214,0.2903472039155214,0.007211513226444152,15.415704387990758,0.0076854427144255055,0.026532472628633952,0.013266236314317004,0.013266236314316948,home,5.715900721938646,5.715900721938646,0.15,0.21497676835403534,0.21715174178343352,0.21497676835403534,0.0,,,0.0,lower_clv,True,0.2600948095056724,3.8447518499141413,27.902923048461915,True,home,False,-0.15
2025-11,data\historical_csv\football-data\2526\D2.csv:96:away,data\historical_csv\football-data\2526\D2.csv:96,data\historical_csv\football-data\2526\D2.csv,96,2025-11-01,D2,Nurnberg,Braunschweig,away,0.22446689779675905,0.21657126291144335,4.72645,4.9,2.361324558779132,0.005895634885315692,7,0.025,BFE,4.0-5.0,exchange,0.21157528377534937,1.0609315690914918,0.007895634885315694,0.026265052634414834,1.5531743921750678,0.050385388206500674,0.3486362375489043,0.14285714285714285,3.6718890499211954,away:4.0-5.0,away:exchange,exchange:4.0-5.0,0.5267877492813481,0.24874535292189281,0.22446689779675905,1.0190939792676172,0.5267877492813481,-0.30232085148458904,0.30232085148458904,0.010520372966115995,6.722222222222229,0.019377447948876414,0.02426467332759827,0.012132336663799176,0.012132336663799093,home,3.7476340536672152,3.7476340536672152,0.1,0.21950435115925743,0.21579621001999527,0.21950435115925743,0.0,,,0.0,lower_clv,True,0.20195813768675028,4.9515211986707,-4.545496013045913,False,home,False,-0.1
2025-11,data\historical_csv\football-data\2526\P1.csv:85:away,data\historical_csv\football-data\2526\P1.csv:85,data\historical_csv\football-data\2526\P1.csv,85,2025-11-01,P1,Casa Pia,Estrela,away,0.2505241158385345,0.2364113295226688,4.2487,4.4,0.4440815742962956,0.012112786315865723,8,0.025,BFE,4.0-5.0,exchange,0.23536611198719606,1.0644018109631816,0.01411278631586571,0.04834978171791072,1.4466130537918354,0.06276233261667946,0.3624114562616819,0.125,3.561089274366269,away:4.0-5.0,away:exchange,exchange:4.0-5.0,0.4536167707271056,0.29585911343436,0.2505241158385345,1.0656792228123178,0.4536167707271056,-0.2030926548885711,0.2030926548885711,0.012112786315865723,9.240506329113929,0.02054195804195791,0.02782604303339531,0.013913021516697627,0.013913021516697682,home,3.3806970607765363,3.3806970607765363,0.1,0.2433231272172112,0.24309000709374692,0.2433231272172112,0.0,,,0.0,lower_clv,True,0.2688959180038865,3.7189110471567157,14.245808682311267,True,away,True,0.32
2025-11,data\historical_csv\football-data\2526\B1.csv:104:away,data\historical_csv\football-data\2526\B1.csv:104,data\historical_csv\football-data\2526\B1.csv,104,2025-11-02,B1,St Truiden,Antwerp,away,0.277940908734857,0.2698996094017852,3.962049999999999,4.1,6.9355747430342785,0.006041299333071819,6,0.025,BFE,3.0-4.0,exchange,0.2523945937078028,1.1012157774529399,0.008041299333071794,0.021735912718177604,1.3767615680856737,0.0772511487483581,0.38265836134495884,0.16666666666666666,3.481783420199158,away:3.0-4.0,away:exchange,exchange:3.0-4.0,0.45592172437141837,0.26613736689372464,0.277940908734857,1.0662546193196163,0.45592172437141837,-0.17798081563656137,0.17798081563656137,0.006152734966592408,11.73611111111108,0.01919440469204181,0.03863186435476404,0.019315932177382034,0.019315932177382006,home,5.373557810547847,5.373557810547847,0.18,0.26595716311138895,0.27202271977785764,0.26595716311138895,0.0,,,0.0,lower_clv,True,0.28231985151007044,3.5420817723274047,11.856536767547432,True,home,False,-0.18
2025-11,data\historical_csv\football-data\2526\SP2.csv:133:away,data\historical_csv\football-data\2526\SP2.csv:133,data\historical_csv\football-data\2526\SP2.csv,133,2025-11-05,SP2,Sociedad B,Huesca,away,0.37391681894744455,0.3647450956592896,2.8718000000000004,2.91,4.747496571434806,0.00717172328815498,8,0.0,PS,2.0-3.0,sportsbook,0.3482136639041716,1.0738143206532713,0.009171723288154965,0.019179996525277975,1.0549390108781396,0.13981378749177603,0.39445943913111753,0.125,1.3301761961139302,away:2.0-3.0,away:sportsbook,sportsbook:2.0-3.0,0.31224572825819524,0.31383745279436026,0.37391681894744455,1.094973185932121,0.37391681894744455,0.0,0.06167109068924931,0.00717172328815498,10.310841546626248,0.03330598461337231,0.04135065093823853,0.020675325469119266,0.020675325469119266,away,4.092661676996695,4.092661676996695,0.22,0.36246487108084363,0.37447838670886346,0.36246487108084363,0.0,,,0.0,lower_clv,True,0.3810818148935345,2.624108422175372,9.439075601125246,True,home,False,-0.22
2025-11,data\historical_csv\football-data\2526\D2.csv:104:away,data\historical_csv\football-data\2526\D2.csv:104,data\historical_csv\football-data\2526\D2.csv,104,2025-11-08,D2,Hannover,Darmstadt,away,0.2853043251844767,0.2747705301769943,3.818725,3.95,4.927309285014259,0.00853379500748234,7,0.025,BFE,3.0-4.0,exchange,0.26186750813425946,1.0894987591900906,0.01053379500748236,0.029911200967473663,1.3399165972714946,0.08139855796896961,0.382284000588024,0.14285714285714285,3.4376657130325006,away:3.0-4.0,away:exchange,exchange:3.0-4.0,0.45902923606413326,0.25566643875139017,0.2853043251844767,1.0639462818367447,0.45902923606413326,-0.17372491087965658,0.17372491087965658,0.011691464723403353,10.750000000000014,0.012574052905634847,0.035283542768063614,0.017641771384031724,0.01764177138403189,home,4.5088352148454245,4.5088352148454245,0.16,0.27367468255725513,0.27982545035898004,0.27367468255725513,0.0,,,0.0,lower_clv,True,0.2814697538643365,3.5527796016121242,7.485558582558838,True,away,True,0.45
2025-11,data\historical_csv\football-data\2526\B1.csv:109:away,data\historical_csv\football-data\2526\B1.csv:109,data\historical_csv\football-data\2526\B1.csv,109,2025-11-08,B1,Antwerp,RAAL La Louviere,away,0.2796610169491525,0.2746487044340094,3.8665,4.0,6.192921569409737,0.0030123125151431027,7,0.025,BFE,3.0-4.0,exchange,0.258631837579206,1.081309322033898,0.005012312515143114,0.010771299296572308,1.352349705066953,0.07821028440103417,0.3781994937899106,0.14285714285714285,3.452735031682397,away:3.0-4.0,away:exchange,exchange:3.0-4.0,0.43220338983050843,0.288135593220339,0.2796610169491525,1.0774294157005464,0.43220338983050843,-0.15254237288135591,0.15254237288135591,0.006459576134611346,15.441176470588225,0.02200577200577203,0.03504400318282708,0.01752200159141354,0.01752200159141354,home,4.35835518776313,4.35835518776313,0.15,0.26990393168954646,0.27384432460091396,0.26990393168954646,0.0,,,0.0,lower_clv,True,0.2580078327602541,3.8758513232007945,-0.24127146324777193,False,home,False,-0.15
2025-11,data\historical_csv\football-data\2526\B1.csv:107:away,data\historical_csv\football-data\2526\B1.csv:107,data\historical_csv\football-data\2526\B1.csv,107,2025-11-08,B1,Cercle Brugge,Oud-Heverlee Leuven,away,0.2777651820408236,0.2746541114915779,3.8665,4.0,6.195012208218609,0.001111070549245704,7,0.025,BFE,3.0-4.0,exchange,0.258631837579206,1.0739790763608446,0.003111070549245698,0.004000035357499948,1.352349705066953,0.07715349635417189,0.37563566201077636,0.14285714285714285,3.452735031682397,away:3.0-4.0,away:exchange,exchange:3.0-4.0,0.45960397506493045,0.26263084289424593,0.2777651820408236,1.06424197015858,0.45960397506493045,-0.18183879302410683,0.18183879302410683,0.0075769777867637075,15.441176470588225,0.01581576026637066,0.03165756117220847,0.015828780586104235,0.015828780586104235,home,4.001497517250247,4.001497517250247,0.14,0.26898098413875665,0.2718366636710497,0.26898098413875665,0.0,,,0.0,lower_clv,True,0.27481120612172527,3.6388617993876804,6.255752846965068,True,away,True,0.4
2025-11,data\historical_csv\football-data\2526\SP2.csv:136:away,data\historical_csv\football-data\2526\SP2.csv:136,data\historical_csv\football-data\2526\SP2.csv,136,2025-11-08,SP2,Eibar,Albacete,away,0.24103447983685694,0.22910307582020656,4.4398,4.6,1.7171836026553144,0.009931404016650394,7,0.025,BFE,4.0-5.0,exchange,0.22523537096265597,1.0701448835796774,0.011931404016650382,0.041203250353942796,1.4906093303845298,0.058097620470224196,0.3592882445892008,0.14285714285714285,3.6082706428217426,away:4.0-5.0,away:exchange,exchange:4.0-5.0,0.4808488126590775,0.2781167075040657,0.24103447983685694,1.050936153193487,0.4808488126590775,-0.23981433282222053,0.23981433282222053,0.01128032550269893,10.000000000000009,0.017450458444247197,0.027371689139182476,0.01368584456959121,0.013685844569591266,home,3.8926494698525183,3.8926494698525183,0.11,0.23400299443635417,0.23312490304773384,0.23400299443635417,0.0,,,0.0,lower_clv,True,0.2283194980218891,4.379827428948401,1.3692907317583325,True,home,False,-0.11
2025-11,data\historical_csv\football-data\2526\F1.csv:103:away,data\historical_csv\football-data\2526\F1.csv:103,data\historical_csv\football-data\2526\F1.csv,103,2025-11-08,F1,Le Havre,Nantes,away,0.22295001969525885,0.2168537690524949,4.72645,4.9,2.494849673816457,0.00409625064276395,8,0.025,BFE,4.0-5.0,exchange,0.21157528377534937,1.0537621205886563,0.006096250642763951,0.01837295483697622,1.5531743921750678,0.04970671128211631,0.3462802613256031,0.125,3.6718890499211954,away:4.0-5.0,away:exchange,exchange:4.0-5.0,0.49538541436312417,0.28166456594161704,0.22295001969525885,1.0394531464879542,0.49538541436312417,-0.2724353946678653,0.2724353946678653,0.006489807090340784,5.317982456140369,0.0026164311878598134,0.0194009591524614,0.00970047957623063,0.00970047957623077,home,3.54821579538787,3.54821579538787,0.1,0.21908243141340303,0.21421432103539462,0.21908243141340303,0.0,,,0.0,lower_clv,True,0.20491831414742329,4.879993299576803,-3.1463834097911203,False,draw,False,-0.1
2025-11,data\historical_csv\football-data\2526\I2.csv:114:away,data\historical_csv\football-data\2526\I2.csv:114,data\historical_csv\football-data\2526\I2.csv,114,2025-11-08,I2,Mantova,Padova,away,0.29831564801396165,0.2829277652988933,3.5798500000000004,3.7,1.2838960605243255,0.013387882715068345,7,0.025,BFE,3.0-4.0,exchange,0.27934131318351324,1.0679252725427808,0.015387882715068357,0.04487824492009809,1.2753209000934622,0.08899222584998986,0.38044818073713005,0.14285714285714285,3.3562858778999116,away:3.0-4.0,away:exchange,exchange:3.0-4.0,0.41465002009129687,0.28703433189474153,0.29831564801396165,1.0841313207789531,0.41465002009129687,-0.11633437207733521,0.11633437207733521,0.013387882715068345,11.769230769230777,0.025248146376464886,0.034701155049027654,0.017350577524513827,0.017350577524513827,home,2.7546884716530236,2.7546884716530236,0.11,0.28703629613434367,0.29364232403080104,0.28703629613434367,0.0,,,0.0,lower_clv,True,0.28750158411589033,3.478241704563636,2.921254589727007,True,home,False,-0.11
2025-11,data\historical_csv\football-data\2526\B1.csv:111:away,data\historical_csv\football-data\2526\B1.csv:111,data\historical_csv\football-data\2526\B1.csv,111,2025-11-09,B1,St Truiden,Standard,away,0.27454526786235295,0.26809349079537836,3.8665,4.0,3.658348216033036,0.004451777066974606,7,0.025,BFE,3.0-4.0,exchange,0.258631837579206,1.0615292781897876,0.006451777066974584,0.016215093057828867,1.352349705066953,0.07537510410561113,0.37128121202118064,0.14285714285714285,3.452735031682397,away:3.0-4.0,away:exchange,exchange:3.0-4.0,0.458753614785647,0.266701117352,0.27454526786235295,1.0648473446028126,0.458753614785647,-0.18420834692329408,0.18420834692329408,0.006779184897470469,9.027777777777768,0.02777777777777768,0.03130202461910969,0.0156510123095549,0.01565101230955479,home,2.9333306373292003,2.9333306373292003,0.1,0.2662183645088043,0.2684287937273618,0.2662183645088043,0.0,,,0.0,lower_clv,True,0.2660704641789057,3.758402884311129,2.8761449747738643,True,home,False,-0.1
2025-11,data\historical_csv\football-data\2526\SP2.csv:161:away,data\historical_csv\football-data\2526\SP2.csv:161,data\historical_csv\football-data\2526\SP2.csv,161,2025-11-23,SP2,Cadiz,Cultural Leonesa,away,0.23096922862616753,0.22265999159710337,4.6358,4.71,3.2207189045851736,0.006309237029064173,8,0.0,PS,4.0-5.0,sportsbook,0.21571249838215628,1.0707271500651874,0.008309237029064165,0.027316353206841733,1.5338087839084396,0.05334678457216685,0.3542626316793724,0.125,1.600586737995613,away:4.0-5.0,away:sportsbook,sportsbook:4.0-5.0,0.4771966414657862,0.2918341299080462,0.23096922862616753,1.050935506601174,0.4771966414657862,-0.2462274128396187,0.2462274128396187,0.007743032756249913,6.742209631728047,0.052453467254176545,0.0292365804293776,0.014618290214688828,0.014618290214688773,home,4.842994376564957,4.842994376564957,0.13,0.22615944254835185,0.22258631119070368,0.22615944254835185,0.0,,,0.0,lower_clv,True,0.25788049070372626,3.877765228657332,19.548237880433405,True,away,True,0.47
2025-11,data\historical_csv\football-data\2526\F2.csv:135:away,data\historical_csv\football-data\2526\F2.csv:135,data\historical_csv\football-data\2526\F2.csv,135,2025-11-24,F2,Reims,Montpellier,away,0.26381991956357936,0.25183462778820664,4.038,4.1,1.6908227008778587,0.009985291775372728,6,0.0,BMGM,4.0-5.0,sportsbook,0.24764735017335313,1.0653048351977334,0.01198529177537272,0.037848892501713916,1.3957495198906458,0.06960094995853348,0.3682265260684547,0.16666666666666666,1.535413571074784,away:4.0-5.0,away:sportsbook,sportsbook:4.0-5.0,0.45602284572423557,0.280157234712185,0.26381991956357936,1.06608506162542,0.45602284572423557,-0.1922029261606562,0.1922029261606562,0.009985291775372728,13.888888888888884,0.08169210034346319,0.03833760445103912,0.019181342403942536,0.019156262047096584,home,4.682518540955894,4.682518540955894,0.15,0.25924348326140634,0.257096039863541,0.25924348326140634,0.0,,,0.0,lower_clv,True,0.27199722922550124,3.6765080396129437,9.832481161257412,True,home,False,-0.15
2025-11,data\historical_csv\football-data\2526\E2.csv:194:away,data\historical_csv\football-data\2526\E2.csv:194,data\historical_csv\football-data\2526\E2.csv,194,2025-11-25,E2,Luton,Huddersfield,away,0.29411808007103957,0.28301276045629054,3.7243999999999997,3.78,5.405272504340841,0.009105319614749056,8,0.0,PS,3.0-4.0,sportsbook,0.2684996241005263,1.0954133774165797,0.011105319614749032,0.030958041112432836,1.3149057650322376,0.08650544502467444,0.3867375590856232,0.125,1.4928579099989348,away:3.0-4.0,away:sportsbook,sportsbook:3.0-4.0,0.4217413639143447,0.28414055601461574,0.29411808007103957,1.0815801051694545,0.4217413639143447,-0.12762328384330512,0.12762328384330512,0.009105319614749056,13.173652694610771,0.05579755530766484,0.04354895986392443,0.021774479931962215,0.021774479931962215,home,4.925219657464297,4.925219657464297,0.18,0.2817238203669431,0.2891809763405281,0.2817238203669431,0.0,,,0.0,lower_clv,True,0.2995776349980648,3.338032894232775,11.57469437867924,True,home,False,-0.18
2025-11,data\historical_csv\football-data\2526\T1.csv:119:away,data\historical_csv\football-data\2526\T1.csv:119,data\historical_csv\football-data\2526\T1.csv,119,2025-11-28,T1,Kocaelispor,Genclerbirligi,away,0.23313389531307283,0.22016072215948512,4.6309000000000005,4.8,1.9542288248359796,0.010973173153587692,8,0.025,BFE,4.0-5.0,exchange,0.21594074585933618,1.0796197558053091,0.012973173153587703,0.047068115680270105,1.5327512336571778,0.0543514131438468,0.3573362656484157,0.125,3.6515580124813596,away:4.0-5.0,away:exchange,exchange:4.0-5.0,0.48753714458965947,0.27932896009726776,0.23313389531307283,1.0459637707240124,0.48753714458965947,-0.25440324927658664,0.25440324927658664,0.010973173153587692,6.931818181818183,0.011008918617614327,0.027069112404733753,0.013534556202366849,0.013534556202366904,home,4.526584295985247,4.526584295985247,0.12,0.2257154857500383,0.2248499735235257,0.2257154857500383,0.0,,,0.0,lower_clv,True,0.1852995030634712,5.396668547230086,-14.18965312633711,False,home,False,-0.12
2025-11,data\historical_csv\football-data\2526\T1.csv:120:away,data\historical_csv\football-data\2526\T1.csv:120,data\historical_csv\football-data\2526\T1.csv,120,2025-11-29,T1,Rizespor,Kayserispor,away,0.25252646549265173,0.24634260553343923,4.34425,4.5,7.0173864088643345,0.004183859959212505,8,0.025,BFE,4.0-5.0,exchange,0.23018933072452094,1.0970380977164522,0.006183859959212501,0.016568005856535666,1.4688531316202267,0.06376961577421142,0.3709242896558686,0.125,3.5851988260344303,away:4.0-5.0,away:exchange,exchange:4.0-5.0,0.4941094002407121,0.2533641342666363,0.25252646549265173,1.04373372999955,0.4941094002407121,-0.24158293474806036,0.24158293474806036,0.004183859959212505,14.018087855297146,0.013325825825825754,0.03322659514629128,0.016613297573145613,0.01661329757314567,home,6.300545916719791,6.300545916719791,0.19,0.2446925152022094,0.2451961206576401,0.2446925152022094,0.0,,,0.0,lower_clv,True,0.24750267570460222,4.04036036036036,7.521349892971818,True,away,True,0.64
2025-11,data\historical_csv\football-data\2526\E3.csv:216:home,data\historical_csv\football-data\2526\E3.csv:216,data\historical_csv\football-data\2526\E3.csv,216,2025-11-29,E3,Shrewsbury,Gillingham,home,0.3894132408376038,0.38721889845524826,2.715,2.75,5.129930930599902,0.00019434238235555747,7,0.0,BMGM,2.0-3.0,sportsbook,0.3683241252302026,1.0572569488740944,0.002194342382355552,0.0004990646490025327,0.9987919533858987,0.15164267213964563,0.38894281149052373,0.14285714285714285,1.2891344383057168,home:2.0-3.0,home:sportsbook,sportsbook:2.0-3.0,0.3894132408376038,0.2985321974098939,0.3120545617525023,1.0915616403690227,0.3894132408376038,0.0,0.07735867908510152,0.0012699139055965738,9.93403957625425,0.089126559714795,0.055534353767227373,0.027767176883613714,0.02776717688361366,home,2.9907431867780216,2.9907431867780216,0.17,0.3793397539107846,0.39112531574728954,0.3793397539107846,0.0,,,0.0,lower_clv,True,0.38533685557116265,2.5951319878752774,4.6189562875706525,True,draw,False,-0.17
2025-11,data\historical_csv\football-data\2526\SP2.csv:175:away,data\historical_csv\football-data\2526\SP2.csv:175,data\historical_csv\football-data\2526\SP2.csv,175,2025-11-30,SP2,Cordoba,Cadiz,away,0.26119095272995085,0.2526407418699892,4.273199999999999,4.34,7.9584418158837655,0.006550210859961645,8,0.0,PS,4.0-5.0,sportsbook,0.23401666198633347,1.1161211792056258,0.00855021085996166,0.025078245595795978,1.4523629610895952,0.06822071378797942,0.3793440655166839,0.125,1.5632313020687238,away:4.0-5.0,away:sportsbook,sportsbook:4.0-5.0,0.4473488934925639,0.2914601537774853,0.26119095272995085,1.0698318160702405,0.4473488934925639,-0.18615794076261305,0.18615794076261305,0.014760910315402748,2.904564315352709,0.05029980028277947,0.041810975239959275,0.02090548761997954,0.020905487619979735,home,7.7768522367840545,7.7768522367840545,0.24,0.25221579199846506,0.2543227600052851,0.25221579199846506,0.0,,,0.0,lower_clv,True,0.2190449535558316,4.565272944053986,-6.397710446522065,False,away,True,0.79
2025-12,data\historical_csv\football-data\2526\SP1.csv:141:away,data\historical_csv\football-data\2526\SP1.csv:141,data\historical_csv\football-data\2526\SP1.csv,141,2025-12-01,SP1,Vallecano,Valencia,away,0.23558612526078032,0.23023869155190543,4.528,4.6,4.2520795347027684,0.0033474337088748875,8,0.0,BMGM,4.0-5.0,sportsbook,0.2208480565371025,1.0667339751808131,0.005347433708874888,0.014208959484220348,1.5102803409008818,0.055500822415388076,0.35580109357036915,0.125,1.590106007067149,away:4.0-5.0,away:sportsbook,sportsbook:4.0-5.0,0.4852825592652566,0.2791313154739631,0.23558612526078032,1.0476446856050092,0.4852825592652566,-0.24969643400447628,0.24969643400447628,0.004505068564137855,4.249291784702547,0.051399401513817944,0.02882235496109839,0.014411177480549237,0.014411177480549153,home,6.067370545589079,6.067370545589079,0.17,0.23424772646994058,0.22841933789806637,0.23274873893344844,0.25718730280368357,,,0.0,lower_clv,True,0.23913146071021463,4.18180024088016,8.278725409585164,True,draw,False,-0.17
2025-12,data\historical_csv\football-data\2526\E1.csv:227:away,data\historical_csv\football-data\2526\E1.csv:227,data\historical_csv\football-data\2526\E1.csv,227,2025-12-06,E1,Swansea,Oxford,away,0.2573644957998431,0.24986234890132383,4.038,4.1,0.8944164863545767,0.005502146898519271,8,0.0,BMGM,4.0-5.0,sportsbook,0.24764735017335313,1.0392378340397666,0.007502146898519274,0.021378810940567296,1.3957495198906458,0.06623648369830747,0.3592163714495291,0.125,1.535413571074784,away:4.0-5.0,away:sportsbook,sportsbook:4.0-5.0,0.4575794964102312,0.2850560077899256,0.2573644957998431,1.0648139376412047,0.4575794964102312,-0.2002150006103881,0.2002150006103881,0.005502146898519271,5.772331505965811,0.04198224700518827,0.023289069154713488,0.011644534577356813,0.011644534577356674,home,3.5241990760472897,3.5241990760472897,0.12,0.256374935800018,0.2510441024000763,0.2550039131361912,0.25718730280368357,,,0.0,lower_clv,True,0.25783674932351414,3.878423082138983,4.114479376835023,True,home,False,-0.12
2025-12,data\historical_csv\football-data\2526\B1.csv:131:away,data\historical_csv\football-data\2526\B1.csv:131,data\historical_csv\football-data\2526\B1.csv,131,2025-12-06,B1,Cercle Brugge,Standard,away,0.2478319361943582,0.24301313576729833,4.2487,4.4,3.248990993452039,0.002818800427059876,7,0.025,BFE,4.0-5.0,exchange,0.23536611198719606,1.0529635473089698,0.004818800427059872,0.011373838538909196,1.4466130537918354,0.06142066859784443,0.3585169140452638,0.14285714285714285,3.561089274366269,away:4.0-5.0,away:exchange,exchange:4.0-5.0,0.48663384645454366,0.26553421735109806,0.2478319361943582,1.0483228595363998,0.48663384645454366,-0.23880191026018546,0.23880191026018546,0.005355503455521959,5.243902439024417,0.019166949750450746,0.02483341045882842,0.012416705229414265,0.012416705229414154,home,3.475694195698473,3.475694195698473,0.11,0.24354671828017618,0.2411267223317955,0.24292432604941633,0.25718730280368357,,,0.0,lower_clv,True,0.24787099682880284,4.034356632255247,5.312950422653473,True,away,True,0.36
2025-12,data\historical_csv\football-data\2526\B1.csv:137:away,data\historical_csv\football-data\2526\B1.csv:137,data\historical_csv\football-data\2526\B1.csv,137,2025-12-07,B1,Oud-Heverlee Leuven,Waregem,away,0.2854615188642545,0.2803755324947216,3.7709499999999996,3.9,5.72821142609703,0.003085986369532961,7,0.025,BFE,3.0-4.0,exchange,0.26518516554183963,1.0764611145611604,0.005085986369532947,0.010810516183795825,1.327326959105846,0.08148827875228715,0.3789007697758271,0.14285714285714285,3.422214561317438,away:3.0-4.0,away:exchange,exchange:3.0-4.0,0.43773528574081705,0.2768031953949284,0.2854615188642545,1.0750387594564315,0.43773528574081705,-0.15227376687656252,0.15227376687656252,0.010867076436767634,12.573529411764707,0.026615832304370812,0.035698902370496804,0.01784945118524836,0.017849451185248444,home,3.2983523340602146,3.2983523340602146,0.12,0.27393190663907035,0.28039076674333796,0.2755930434484733,0.25718730280368357,,,0.0,lower_clv,True,0.2788857195876298,3.585698118493249,5.16641042789725,True,draw,False,-0.12
2025-12,data\historical_csv\football-data\2526\I2.csv:147:away,data\historical_csv\football-data\2526\I2.csv:147,data\historical_csv\football-data\2526\I2.csv,147,2025-12-08,I2,Mantova,Reggiana,away,0.26336317556447897,0.256005013570644,4.136,4.2,5.883673612818363,0.005358161993835006,7,0.0,BMGM,4.0-5.0,sportsbook,0.24177949709864602,1.0892700941346851,0.0073581619938349885,0.02034514499739988,1.419729137206128,0.06936016224340658,0.3739043740160237,0.14285714285714285,1.547388781431347,away:4.0-5.0,away:sportsbook,sportsbook:4.0-5.0,0.45681345039826216,0.27982337403725893,0.26336317556447897,1.0656711627541762,0.45681345039826216,-0.1934502748337832,0.1934502748337832,0.005477584683256659,16.666666666666675,0.08409880558016125,0.04373814058639858,0.02186907029319929,0.02186907029319929,home,6.714106905628932,6.714106905628932,0.21,0.2580128310097411,0.2572956624241528,0.2578283843555581,0.25718730280368357,,,0.0,lower_clv,True,0.30976180455651126,3.2282869782209236,28.117482364573053,True,away,True,0.66
2025-12,data\historical_csv\football-data\2526\I2.csv:150:away,data\historical_csv\football-data\2526\I2.csv:150,data\historical_csv\football-data\2526\I2.csv,150,2025-12-08,I2,Bari,Pescara,away,0.23882430830118212,0.23418943831483055,4.43,4.5,3.745921173469924,0.0026348699863515796,6,0.0,BMGM,4.0-5.0,sportsbook,0.22573363431151244,1.0579916857742366,0.00463486998635157,0.011032670857895823,1.4883995840570443,0.05703705023553809,0.35546600113819077,0.16666666666666666,1.5801354401805856,away:4.0-5.0,away:sportsbook,sportsbook:4.0-5.0,0.48043974287909547,0.2807359488197224,0.23882430830118212,1.050821212965658,0.48043974287909547,-0.24161543457791335,0.24161543457791335,0.0036175354251011625,9.756097560975618,0.08452168746286404,0.03392087041596095,0.026500657414910145,0.007420213001050807,home,5.024432294557884,5.024432294557884,0.15,0.23707546793353926,0.23177583338157073,0.2357124692172733,0.25718730280368357,,,0.0,lower_clv,True,0.2624313452666382,3.810520420051079,16.257085953120722,True,draw,False,-0.15
2025-12,data\historical_csv\football-data\2526\I2.csv:156:away,data\historical_csv\football-data\2526\I2.csv:156,data\historical_csv\football-data\2526\I2.csv,156,2025-12-13,I2,Sudtirol,Bari,away,0.24681674498301293,0.24094177159793698,4.34425,4.5,4.671129126433771,0.003874973385075934,7,0.025,BFE,4.0-5.0,exchange,0.23018933072452094,1.0722336443924538,0.005874973385075949,0.015699799401141232,1.4688531316202267,0.06091850560400964,0.3625375488046094,0.14285714285714285,3.5851988260344303,away:4.0-5.0,away:exchange,exchange:4.0-5.0,0.4637371318273494,0.28944612318963775,0.24681674498301293,1.060527807044615,0.4637371318273494,-0.21692038684433645,0.21692038684433645,0.0045308512137916075,5.0595238095237915,0.020110608345902392,0.028975443849449584,0.014487721924724778,0.014487721924724806,home,4.701203914418905,4.701203914418905,0.14,0.2410110005511168,0.24007183023299347,0.24076945787012538,0.25718730280368357,,,0.0,lower_clv,True,0.2153108410052245,4.644447977311719,-6.463587896305356,False,draw,False,-0.14
2025-12,data\historical_csv\football-data\2526\D2.csv:142:away,data\historical_csv\football-data\2526\D2.csv:142,data\historical_csv\football-data\2526\D2.csv,142,2025-12-13,D2,Hannover,Bochum,away,0.224319697811258,0.20705743948857894,4.92,5.0,1.8722602283808287,0.015262258322679044,7,0.0,B365,4.0-5.0,sportsbook,0.2032520325203252,1.1036529132313893,0.017262258322679053,0.06803797647552409,1.5933085305042167,0.0503193268261341,0.35741048808280546,0.14285714285714285,1.6260162601626105,away:4.0-5.0,away:sportsbook,sportsbook:4.0-5.0,0.5344485052005012,0.2412317969882408,0.224319697811258,1.0131603556223383,0.5344485052005012,-0.31012880738924326,0.31012880738924326,0.015262258322679044,2.0408163265306145,0.055812459858702645,0.0348921170581708,0.017446058529085443,0.01744605852908536,home,4.372654251253027,4.372654251253027,0.11,0.21213954116108338,0.2167634035772921,0.21332873986444345,0.25718730280368357,,,0.0,lower_clv,True,0.227786316807104,4.390079325295157,12.07086786909517,True,draw,False,-0.11
2025-12,data\historical_csv\football-data\2526\B1.csv:148:away,data\historical_csv\football-data\2526\B1.csv:148,data\historical_csv\football-data\2526\B1.csv,148,2025-12-20,B1,Westerlo,RAAL La Louviere,away,0.21655792783990563,0.21081421644158416,4.917549999999999,5.1,3.6689450062312057,0.003743711398321463,7,0.025,BFE,4.0-5.0,exchange,0.20335329584854248,1.064934438049128,0.005743711398321472,0.017287344017666576,1.5928104389975604,0.04689733611031377,0.3449357281110821,0.14285714285714285,3.710180882756653,away:4.0-5.0,away:exchange,exchange:4.0-5.0,0.535826187169595,0.24761588499049925,0.21655792783990563,1.0112788941980204,0.535826187169595,-0.31926825932968933,0.31926825932968933,0.005577475953942843,8.641304347826084,0.011722513954695035,0.022751396238564342,0.011375698119282268,0.011375698119282074,home,4.5939357653007065,4.5939357653007065,0.12,0.21269521563644647,0.20875433138456997,0.21168167024504486,0.25718730280368357,,,0.0,lower_clv,True,0.19542556277481218,5.117037841934192,-3.8985023776722416,False,home,False,-0.12
2025-12,data\historical_csv\football-data\2526\E1.csv:264:away,data\historical_csv\football-data\2526\E1.csv:264,data\historical_csv\football-data\2526\E1.csv,264,2025-12-26,E1,Birmingham,Derby,away,0.22300077976277036,0.21778196114897386,4.724,4.8,2.8801984467752506,0.0032188186137964907,8,0.0,BMGM,4.0-5.0,sportsbook,0.21168501270110077,1.0534556835993272,0.0052188186137965,0.014434113715748842,1.552655898335116,0.04972934777480361,0.34624347603199557,0.125,1.608806096528359,away:4.0-5.0,away:sportsbook,sportsbook:4.0-5.0,0.5021966225986061,0.27480259763862347,0.22300077976277036,1.0354883828844335,0.5021966225986061,-0.27919584283583576,0.27919584283583576,0.007386517678620986,6.430155210643007,0.0387289463376419,0.022435142242148126,0.011217571121074132,0.011217571121073994,home,5.2635011889024,5.2635011889024,0.14,0.22282705586135138,0.21540121763301937,0.2209172245563502,0.25718730280368357,,,0.0,lower_clv,True,0.2352799625073251,4.250255692593739,11.146254288460389,True,draw,False,-0.14
2025-12,data\historical_csv\football-data\2526\E2.csv:252:away,data\historical_csv\football-data\2526\E2.csv:252,data\historical_csv\football-data\2526\E2.csv,252,2025-12-26,E2,Huddersfield,Port Vale,away,0.21366643578781433,0.21074829348682783,4.917549999999999,5.1,3.6365270636150138,0.0009181423009864987,7,0.025,BFE,4.0-5.0,exchange,0.20335329584854248,1.0507153813083663,0.002918142300986498,0.004297082494970235,1.5928104389975604,0.045653345782268186,0.3403301293862326,0.14285714285714285,3.710180882756653,away:4.0-5.0,away:exchange,exchange:4.0-5.0,0.5242223761414571,0.26211118807072853,0.21366643578781433,1.0192865360472059,0.5242223761414571,-0.31055594035364276,0.31055594035364276,0.0034662879845978396,11.055555555555552,0.01352929498184019,0.020205395891515848,0.010102697945757994,0.010102697945757855,home,4.194922119949716,4.194922119949716,0.11,0.21188380823773978,0.2057753209982746,0.21031278288041103,0.25718730280368357,,,0.0,lower_clv,True,0.1995683407622485,5.010814822534045,-1.8612705884605063,False,home,False,-0.11
2025-12,data\historical_csv\football-data\2526\E3.csv:268:home,data\historical_csv\football-data\2526\E3.csv:268,data\historical_csv\football-data\2526\E3.csv,268,2025-12-29,E3,Bristol Rvs,Barnet,home,0.27631578947368424,0.2690894139446763,3.842,3.9,3.3841528375446295,0.005226375529007964,7,0.0,BMGM,3.0-4.0,sportsbook,0.2602811035918792,1.061605263157895,0.007226375529007956,0.01891450191450501,1.345993064346365,0.0763504155124654,0.3719191362009693,0.14285714285714285,1.5096304008328953,home:3.0-4.0,home:sportsbook,sportsbook:3.0-4.0,0.27631578947368424,0.27631578947368424,0.4473684210526316,1.070651758426683,0.4473684210526316,-0.17105263157894735,0.17105263157894735,0.005507566960104953,11.428571428571432,0.08300076886464325,0.03955671802901439,0.01977835901450717,0.019778359014507224,away,3.095297556711281,3.095297556711281,0.11,0.2683375782319398,0.2708206597709981,0.2689761952756119,0.25718730280368357,,,0.0,lower_clv,True,0.2843168103027088,3.517203217549155,9.234518518300705,True,away,False,-0.11
2026-01,data\historical_csv\football-data\2526\F2.csv:157:away,data\historical_csv\football-data\2526\F2.csv:157,data\historical_csv\football-data\2526\F2.csv,157,2026-01-03,F2,Bastia,Grenoble,away,0.2765583089752307,0.2647323304282794,3.94,4.0,4.304538188742102,0.00982597854695127,7,0.0,BMGM,3.0-4.0,sportsbook,0.25380710659898476,1.089639737362409,0.011825978546951277,0.03552950039129474,1.3711807233098425,0.07648449826323918,0.37921142213800374,0.14285714285714285,1.522842639593902,away:3.0-4.0,away:sportsbook,sportsbook:3.0-4.0,0.4274436070154708,0.2959980840092986,0.2765583089752307,1.079116823798195,0.4274436070154708,-0.1508852980402401,0.1508852980402401,0.00982597854695127,8.658743633276744,0.08804456268706362,0.046788308211113655,0.02339415410555673,0.023394154105556925,home,4.648788088426688,4.648788088426688,0.16,0.2656060611381388,0.2720040995159681,0.2656060611381388,0.0,,,0.0,lower_clv,True,0.26343897299617924,3.7959455604714316,3.794955360494612,True,home,False,-0.16
2026-01,data\historical_csv\football-data\2526\I1.csv:171:away,data\historical_csv\football-data\2526\I1.csv:171,data\historical_csv\football-data\2526\I1.csv,171,2026-01-03,I1,Sassuolo,Parma,away,0.23034423925618625,0.22269733326382893,4.5966000000000005,4.67,2.365056208051608,0.005646905992357302,8,0.0,PS,4.0-5.0,sportsbook,0.21755210372884304,1.0588003301649858,0.007646905992357317,0.02451507365928469,1.5253168997686932,0.05305846855851117,0.35134796090182413,0.125,1.5968324413697,away:4.0-5.0,away:sportsbook,sportsbook:4.0-5.0,0.4918877075231186,0.2777680532206952,0.23034423925618625,1.042995823468049,0.4918877075231186,-0.26154346826693237,0.26154346826693237,0.005646905992357302,1.3564839934888662,0.03540707739192395,0.023534022300734675,0.011767011150367268,0.011767011150367407,home,4.30338411951851,4.30338411951851,0.12,0.22691420641238852,0.22426367398572875,0.22691420641238852,0.0,,,0.0,lower_clv,True,0.24091216953633945,4.150890351137529,10.737687849073808,True,draw,False,-0.12
2026-01,data\historical_csv\football-data\2526\I2.csv:189:away,data\historical_csv\football-data\2526\I2.csv:189,data\historical_csv\football-data\2526\I2.csv,189,2026-01-10,I2,Cesena,Empoli,away,0.25884029669553726,0.25010754079724135,4.2487,4.4,6.263190858523937,0.006732755898295908,7,0.025,BFE,4.0-5.0,exchange,0.23536611198719606,1.0997347685703294,0.008732755898295919,0.02601123543841151,1.4466130537918354,0.06699829919343375,0.3744417520471159,0.14285714285714285,3.561089274366269,away:4.0-5.0,away:exchange,exchange:4.0-5.0,0.4531491167271043,0.28801058657735834,0.25884029669553726,1.0670204965139383,0.4531491167271043,-0.19430882003156702,0.19430882003156702,0.008006934835135794,2.7380952380952506,0.02054195804195791,0.03614222389039806,0.018071111945199114,0.018071111945198948,home,4.75087617083108,4.75087617083108,0.15,0.24654806451580735,0.25365332721063694,0.24654806451580735,0.0,,,0.0,lower_clv,True,0.2234130838988453,4.4760135912754775,-5.078483043897597,False,away,True,0.49
2026-01,data\historical_csv\football-data\2526\SP1.csv:188:away,data\historical_csv\football-data\2526\SP1.csv:188,data\historical_csv\football-data\2526\SP1.csv,188,2026-01-11,SP1,Vallecano,Mallorca,away,0.21636271570941285,0.2112838153924072,4.917549999999999,5.1,3.899872638293189,0.003078900317005651,8,0.025,BFE,4.0-5.0,exchange,0.20335329584854248,1.063974472636823,0.005078900317005641,0.01423027210076613,1.5928104389975604,0.0468128247491522,0.34462479219181424,0.125,3.710180882756653,away:4.0-5.0,away:exchange,exchange:4.0-5.0,0.4972943895760104,0.28634289471457675,0.21636271570941285,1.0366947932381014,0.4972943895760104,-0.28093167386659756,0.28093167386659756,0.008896184689630743,4.550209205020916,0.01004981158488949,0.0222352290017242,0.011117614500862072,0.011117614500862127,home,3.9022987824110946,3.9022987824110946,0.1,0.21128874903643297,0.20990814063967597,0.21128874903643297,0.0,,,0.0,lower_clv,True,0.20540055098113016,4.868536112602095,1.0067479477256613,True,home,False,-0.1
2026-01,data\historical_csv\football-data\2526\I1.csv:196:away,data\historical_csv\football-data\2526\I1.csv:196,data\historical_csv\football-data\2526\I1.csv,196,2026-01-12,I1,Genoa,Cagliari,away,0.2418585635977677,0.23092192855814864,4.3712,4.44,0.9405934113379422,0.00893663503961907,8,0.0,PS,4.0-5.0,sportsbook,0.2287701317715959,1.057212153198562,0.010936635039619058,0.03694983922290008,1.4750375709542791,0.05849556478557544,0.3567504681637423,0.125,1.5739385065885791,away:4.0-5.0,away:sportsbook,sportsbook:4.0-5.0,0.4449154761238048,0.31322596027842764,0.2418585635977677,1.0672209189463453,0.4449154761238048,-0.20305691252603708,0.20305691252603708,0.01006827214173712,2.8968713789107703,0.03362367513310893,0.023959892501422164,0.011979946250711054,0.01197994625071111,home,3.61681638512982,3.61681638512982,0.11,0.2370443273817941,0.2361190910640625,0.2370443273817941,0.0,,,0.0,lower_clv,True,0.23586154719122376,4.239775461106656,3.0997995082277408,True,home,False,-0.11
2026-01,data\historical_csv\football-data\2526\T1.csv:163:away,data\historical_csv\football-data\2526\T1.csv:163,data\historical_csv\football-data\2526\T1.csv,163,2026-01-19,T1,Goztep,Rizespor,away,0.2392388211647393,0.22594570914675383,4.72645,4.9,6.792109699667459,0.011293112017985458,7,0.025,BFE,4.0-5.0,exchange,0.21157528377534937,1.130750326294082,0.01329311201798547,0.04720434569525423,1.5531743921750678,0.05723521355229411,0.3715796106472237,0.14285714285714285,3.6718890499211954,away:4.0-5.0,away:exchange,exchange:4.0-5.0,0.48103578793494994,0.2797253909003106,0.2392388211647393,1.05056543650398,0.48103578793494994,-0.24179696677021065,0.24179696677021065,0.011293112017985458,17.134146341463442,0.026149304763712022,0.040357789227525837,0.020178894613763015,0.02017889461376282,home,5.869976584856675,5.869976584856675,0.16,0.22399470339230645,0.23341925252169834,0.22399470339230645,0.0,,,0.0,lower_clv,True,0.24523367773387328,4.077743355809378,15.908471612526531,True,home,False,-0.16
2026-01,data\historical_csv\football-data\2526\E1.csv:322:away,data\historical_csv\football-data\2526\E1.csv:322,data\historical_csv\football-data\2526\E1.csv,322,2026-01-20,E1,Coventry,Millwall,away,0.22340643053357598,0.21682529931863967,4.6259999999999994,4.7,0.30338346480269784,0.0045811312149363105,7,0.0,BMGM,4.0-5.0,sportsbook,0.216169476869866,1.0334781476483224,0.006581131214936309,0.020505816256026738,1.5316925638092473,0.04991043320375351,0.3421899683554455,0.14285714285714285,1.5996541288370247,away:4.0-5.0,away:sportsbook,sportsbook:4.0-5.0,0.5212816712450107,0.2553118982214134,0.22340643053357598,1.022999346380247,0.5212816712450107,-0.2978752407114347,0.2978752407114347,0.0045811312149363105,2.0075963103635353,0.04089560359607991,0.018999805400617437,0.011993080362536601,0.0070067250380808355,home,3.553380623622179,3.553380623622179,0.1,0.22385080117514525,0.2171345363892988,0.22385080117514525,0.0,,,0.0,lower_clv,True,0.22897200530696854,4.367346124515799,5.9224496550036365,True,home,False,-0.1
2026-01,data\historical_csv\football-data\2526\F2.csv:174:away,data\historical_csv\football-data\2526\F2.csv:174,data\historical_csv\football-data\2526\F2.csv,174,2026-01-23,F2,Annecy,Clermont,away,0.2533716320387636,0.24855393448674126,4.136,4.2,2.801907303716189,0.002817697552022365,7,0.0,BMGM,4.0-5.0,sportsbook,0.24177949709864602,1.0479450701123263,0.004817697552022354,0.011120809103014667,1.419729137206128,0.06419718392198663,0.35971908854690243,0.14285714285714285,1.547388781431347,away:4.0-5.0,away:sportsbook,sportsbook:4.0-5.0,0.45730489685045145,0.2893234711107848,0.2533716320387636,1.06447285354535,0.45730489685045145,-0.20393326481168783,0.20393326481168783,0.008918678848439629,1.9417475728155331,0.08747044917257685,0.03442753265988163,0.01721376632994087,0.01721376632994076,home,4.588820756502908,4.588820756502908,0.15,0.25287432484647704,0.24800064707742442,0.25287432484647704,0.0,,,0.0,lower_clv,True,0.23848118980569738,4.193202830020893,-1.3641798963635599,False,home,False,-0.15
2026-01,data\historical_csv\football-data\2526\F2.csv:179:away,data\historical_csv\football-data\2526\F2.csv:179,data\historical_csv\football-data\2526\F2.csv,179,2026-01-24,F2,Red Star,Boulogne,away,0.230251940600353,0.22008177119919142,4.72645,4.9,4.020548748441821,0.008170169401161567,7,0.025,BFE,4.0-5.0,exchange,0.21157528377534937,1.0882742846505384,0.010170169401161583,0.03548360712990682,1.5531743921750678,0.053015956150228485,0.3576214178890831,0.14285714285714285,3.6718890499211954,away:4.0-5.0,away:exchange,exchange:4.0-5.0,0.4889938263717176,0.2807542330279294,0.230251940600353,1.0446077507438205,0.4889938263717176,-0.2587418857713646,0.2587418857713646,0.008170169401161567,10.912240184757515,0.2082224194025437,0.06134129188554274,0.071522798187347,-0.010181506301804255,home,3.842606433312913,3.842606433312913,0.1,0.219705289241001,0.22416875803461273,0.219705289241001,0.0,,,0.0,lower_clv,True,0.2184788657407086,4.577101755859549,3.2629434980172123,True,draw,False,-0.1
2026-01,data\historical_csv\football-data\2526\E1.csv:340:away,data\historical_csv\football-data\2526\E1.csv:340,data\historical_csv\football-data\2526\E1.csv,340,2026-01-24,E1,Leicester,Oxford,away,0.23479934231437208,0.23000698230069408,4.43,4.5,1.8930931592074707,0.0027923600136779934,5,0.0,BMGM,4.0-5.0,sportsbook,0.22573363431151244,1.0401610864526682,0.004792360013677999,0.011892537628743916,1.4883995840570443,0.05513073115126168,0.34947524343757896,0.2,1.5801354401805856,away:4.0-5.0,away:sportsbook,sportsbook:4.0-5.0,0.49766454057397963,0.2675361171116482,0.23479934231437208,1.04026120894065,0.49766454057397963,-0.2628651982596075,0.2628651982596075,0.003097624846132652,1.9830028328611915,0.04347826086956519,0.021836379351409113,0.012250603083649114,0.009585776267759999,home,3.687346604755985,3.687346604755985,0.11,0.23405721581209027,0.2288473560463236,0.23405721581209027,0.0,,,0.0,lower_clv,True,0.208670739406111,4.792238733835218,-7.558862443092829,False,away,True,0.38
2026-01,data\historical_csv\football-data\2526\T1.csv:170:away,data\historical_csv\football-data\2526\T1.csv:170,data\historical_csv\football-data\2526\T1.csv,170,2026-01-25,T1,Rizespor,Alanyaspor,away,0.25700934579439255,0.25367211414448815,4.535349999999999,4.7,15.049182288520413,0.001337231649904402,4,0.025,BFE,4.0-5.0,exchange,0.22049014960256655,1.165627336448598,0.003337231649904404,0.0052030467832644,1.511902258097338,0.06605380382566164,0.3885730102586617,0.25,3.630370313206277,away:4.0-5.0,away:exchange,exchange:4.0-5.0,0.46261682242990654,0.28037383177570097,0.25700934579439255,1.0623271174310274,0.46261682242990654,-0.20560747663551399,0.20560747663551399,0.006016028577418949,22.866666666666656,0.0063229250838707785,0.045580238751963015,0.022790119375981438,0.022790119375981577,home,9.731683115595386,9.731683115595386,0.28,0.2419475522629905,0.2517601451230589,0.2419475522629905,0.0,,,0.0,lower_clv,True,0.22669792936681343,4.411156302984702,2.8154453953777248,True,draw,False,-0.28
2026-01,data\historical_csv\football-data\2526\SP2.csv:254:away,data\historical_csv\football-data\2526\SP2.csv:254,data\historical_csv\football-data\2526\SP2.csv,254,2026-01-26,SP2,Ceuta,Cultural Leonesa,away,0.2570918287531939,0.2482074027029792,4.038,4.1,0.22614921146300038,0.006884426050214734,4,0.0,BMGM,4.0-5.0,sportsbook,0.24764735017335313,1.0381368045053971,0.008884426050214722,0.026778081915717858,1.3957495198906458,0.06609620841166158,0.3588357965500785,0.25,1.535413571074784,away:4.0-5.0,away:sportsbook,sportsbook:4.0-5.0,0.46210304010011993,0.28080513114668615,0.2570918287531939,1.0625909536733809,0.46210304010011993,-0.20501121134692601,0.20501121134692601,0.011680122317321294,9.333333333333327,0.0888579891426513,0.033093436440864016,0.023204563253520438,0.009888873187343578,home,3.0415202865442734,3.0415202865442734,0.1,0.255179594567965,0.25184541821525286,0.255179594567965,0.0,,,0.0,lower_clv,True,0.27230383560667437,3.672368396031103,9.956288817975123,True,home,False,-0.1
2026-01,data\historical_csv\football-data\2526\E2.csv:340:away,data\historical_csv\football-data\2526\E2.csv:340,data\historical_csv\football-data\2526\E2.csv,340,2026-01-31,E2,Wigan,Lincoln,away,0.42891681863156994,0.42362399934590983,2.568,2.6,8.786643032029652,0.003292819285660128,5,0.0,BMGM,2.0-3.0,sportsbook,0.3894080996884735,1.1014583902458717,0.005292819285660111,0.007677057980998845,0.9431273858277147,0.18396963730502705,0.4045231978935326,0.2,1.2461059190031154,away:2.0-3.0,away:sportsbook,sportsbook:2.0-3.0,0.2876032150891873,0.2834799662792429,0.42891681863156994,1.0788370355571821,0.42891681863156994,0.0,0.14131360354238265,0.0033126019943945668,17.70031688546854,0.06075174825174834,0.0663292619772643,0.03316463098863204,0.03316463098863226,away,5.3941127028682505,5.3941127028682505,0.34,0.41041321145976734,0.43124921293288593,0.41041321145976734,0.0,,,0.0,lower_clv,True,0.4368479787485095,2.2891258484583568,12.182560942617249,True,away,True,0.53
2026-01,data\historical_csv\football-data\2526\E3.csv:334:away,data\historical_csv\football-data\2526\E3.csv:334,data\historical_csv\football-data\2526\E3.csv,334,2026-01-31,E3,Fleetwood Town,Notts County,away,0.43760061881651197,0.4242442493338607,2.4210000000000003,2.45,2.7095327637276734,0.01135636948265128,5,0.0,BMGM,2.0-3.0,sportsbook,0.41305245766212306,1.0594310981547757,0.013356369482651287,0.025951447494211747,0.8841806779559216,0.1914943015885942,0.3869180118191144,0.2,1.1978521272201448,away:2.0-3.0,away:sportsbook,sportsbook:2.0-3.0,0.2894896401401541,0.27290974104333393,0.43760061881651197,1.0749205905725356,0.43760061881651197,0.0,0.14811097867635786,0.01135636948265128,11.363636363636353,0.0910336356764927,0.06349366926033095,0.031746834630165505,0.03174683463016545,away,2.732320253860289,2.732320253860289,0.19,0.424338373621893,0.4403619139842188,0.424338373621893,0.0,,,0.0,lower_clv,True,0.4393739969176502,2.275965366670129,6.372444653763121,True,away,True,0.27
2026-02,data\historical_csv\football-data\2526\B1.csv:185:away,data\historical_csv\football-data\2526\B1.csv:185,data\historical_csv\football-data\2526\B1.csv,185,2026-02-01,B1,Oud-Heverlee Leuven,Mechelen,away,0.26649493568298266,0.26028861833817707,4.0576,4.2,5.61470977689873,0.004206317344805598,4,0.025,BFE,4.0-5.0,exchange,0.24645110410094637,1.0813298510272704,0.00620631734480559,0.01578385470637744,1.400591665820715,0.07101955074467707,0.37325058590101295,0.25,3.509463722397488,away:4.0-5.0,away:exchange,exchange:4.0-5.0,0.4497994994928436,0.2837055648241737,0.26649493568298266,1.0691991998454013,0.4497994994928436,-0.18330456380986093,0.18330456380986093,0.004206317344805598,12.876712328767127,0.026562434329424622,0.03456044233600211,0.01728022116800107,0.017280221168001042,home,2.9350472614350647,2.9350472614350647,0.1,0.2536845604826377,0.26012841125299496,0.2584317237315509,0.7366966458551244,,,0.0,lower_clv,True,0.28727727414817134,3.4809575625680083,16.565626758361994,True,draw,False,-0.1
2026-02,data\historical_csv\football-data\2526\SC0.csv:145:home,data\historical_csv\football-data\2526\SC0.csv:145,data\historical_csv\football-data\2526\SC0.csv,145,2026-02-03,SC0,St Mirren,Hearts,home,0.23515426188315697,0.2278622571371638,4.528,4.6,3.176030031707766,0.005292004745993181,7,0.0,BMGM,4.0-5.0,sportsbook,0.2208480565371025,1.0647784978069346,0.007292004745993175,0.02250439649111128,1.5102803409008818,0.05529752688181237,0.3551488588011895,0.14285714285714285,1.590106007067149,home:4.0-5.0,home:sportsbook,sportsbook:4.0-5.0,0.23515426188315697,0.2721383675910276,0.4927073705258153,1.0433199101181558,0.4927073705258153,-0.25755310864265835,0.25755310864265835,0.006682247444498619,4.249291784702547,0.06590559468868928,0.03120439481137574,0.01580740890100718,0.01539698591036856,away,4.171437890018434,4.171437890018434,0.12,0.23006059604686052,0.22709900290214163,0.22787880031075858,0.7366966458551244,,,0.0,lower_clv,True,0.23091941665545077,4.330515010316676,4.5603118615880955,True,home,True,0.42
2026-02,data\historical_csv\football-data\2526\B1.csv:188:away,data\historical_csv\football-data\2526\B1.csv:188,data\historical_csv\football-data\2526\B1.csv,188,2026-02-07,B1,Charleroi,Cercle Brugge,away,0.26080995992985967,0.25395414534307503,4.153149999999999,4.3,5.470965873159184,0.004855814586784624,5,0.025,BFE,4.0-5.0,exchange,0.2407810938685095,1.0831828850826966,0.0068558145867846365,0.01861820993374069,1.423867082464937,0.068021835198615,0.3713587167231264,0.2,3.5358703634590816,away:4.0-5.0,away:exchange,exchange:4.0-5.0,0.4681204408997482,0.27106959917039214,0.26080995992985967,1.0596850480593658,0.4681204408997482,-0.20731048096988852,0.20731048096988852,0.006104597863567763,15.54794520547944,0.01687186502507987,0.03211040836035295,0.016055204180176447,0.016055204180176502,home,3.0851548157150486,3.0851548157150486,0.1,0.2482095633813252,0.25411597599040275,0.25256079773946905,0.7366966458551244,,,0.0,lower_clv,True,0.2986622906218457,3.3482633442537955,24.038929229611817,True,away,True,0.32
2026-03,data\historical_csv\football-data\2526\T1.csv:222:away,data\historical_csv\football-data\2526\T1.csv:222,data\historical_csv\football-data\2526\T1.csv,222,2026-03-08,T1,Konyaspor,Kasimpasa,away,0.25734124442500017,0.2526988345019886,4.34425,4.5,9.778691178526389,0.0026424099230115752,5,0.025,BFE,4.0-5.0,exchange,0.23018933072452094,1.1179547010933069,0.00464240992301157,0.010268116674867803,1.4688531316202267,0.06622451608220768,0.3779964927687077,0.2,3.5851988260344303,away:4.0-5.0,away:exchange,exchange:4.0-5.0,0.4564793163286871,0.2861794392463127,0.25734124442500017,1.0653287026143141,0.4564793163286871,-0.19913807190368693,0.19913807190368693,0.007854842133094389,10.312499999999991,0.011380652890086829,0.03761959799325604,0.01880979899662802,0.01880979899662802,home,6.250281529970824,4.601971933044515,0.14,0.24078257911732642,0.2500201876239088,0.24994253455979834,0.9915938130464022,,,0.0,lower_clv,True,0.21304390893687652,4.693868062176296,-7.448399860097421,False,draw,False,-0.14
2026-03,data\historical_csv\football-data\2526\B1.csv:223:away,data\historical_csv\football-data\2526\B1.csv:223,data\historical_csv\football-data\2526\B1.csv,223,2026-03-08,B1,Gent,Mechelen,away,0.2695269982574083,0.2651249448773181,4.0576,4.2,7.577097633420582,0.0024020533800901936,7,0.025,BFE,4.0-5.0,exchange,0.24645110410094637,1.0936327481292598,0.004402053380090198,0.008912106748564548,1.400591665820715,0.07264480278964897,0.3774972674730004,0.14285714285714285,3.509463722397488,away:4.0-5.0,away:exchange,exchange:4.0-5.0,0.47481440107522704,0.2556586006673646,0.2695269982574083,1.0557258016036026,0.47481440107522704,-0.20528740281781876,0.20528740281781876,0.0030319051940388897,11.351351351351347,0.03020255586087095,0.03841202310936284,0.019206011554681407,0.019206011554681435,home,4.911123764776761,3.2628141678504523,0.11,0.25449234564237594,0.26304530895089584,0.26297341114231715,0.9915938130464022,,,0.0,lower_clv,True,0.2784213990175261,3.591677951223325,12.97226686535138,True,home,False,-0.11
2026-03,data\historical_csv\football-data\2526\P1.csv:226:away,data\historical_csv\football-data\2526\P1.csv:226,data\historical_csv\football-data\2526\P1.csv,226,2026-03-09,P1,Tondela,Rio Ave,away,0.2706393745293617,0.2634264241534999,4.0576,4.2,6.887905864524124,0.005212950375861788,7,0.025,BFE,4.0-5.0,exchange,0.24645110410094637,1.0981463260903381,0.007212950375861782,0.01926161108274448,1.400591665820715,0.07324567104564413,0.3790552524087551,0.14285714285714285,3.509463722397488,away:4.0-5.0,away:exchange,exchange:4.0-5.0,0.44442942458336543,0.28493120088727286,0.2706393745293617,1.0718665565267873,0.44442942458336543,-0.17379005005400372,0.17379005005400372,0.01320093511270238,5.641025641025643,0.04985618408437187,0.04385094226147737,0.021925471130738727,0.021925471130738644,home,4.921671615064209,3.2733620181379006,0.11,0.2545183409358683,0.2642365621992908,0.26415486901449403,0.9915938130464022,,,0.0,lower_clv,True,0.26743162657762687,3.739273521225553,8.513056800137875,True,away,True,0.34
2026-03,data\historical_csv\football-data\2526\T1.csv:240:away,data\historical_csv\football-data\2526\T1.csv:240,data\historical_csv\football-data\2526\T1.csv,240,2026-03-19,T1,Kayserispor,Karagumruk,away,0.2544720119041691,0.24711863762680136,4.34425,4.5,7.354514151023173,0.00535337427736775,5,0.025,BFE,4.0-5.0,exchange,0.23018933072452094,1.1054900377146866,0.0073533742773677635,0.021037182978628555,1.4688531316202267,0.06475600484255559,0.3737820115951384,0.2,3.5851988260344303,away:4.0-5.0,away:exchange,exchange:4.0-5.0,0.4797779638241894,0.2657500242716415,0.2544720119041691,1.0527972747132863,0.4797779638241894,-0.2253059519200203,0.2253059519200203,0.00535337427736775,16.11842105263157,0.02340042546228105,0.03733098216320335,0.018665491081601704,0.01866549108160165,home,5.134997210519636,3.486687613593327,0.1,0.23821531360670617,0.24696019175416087,0.24688668067356695,0.9915938130464022,,,0.0,lower_clv,True,0.2795181127062924,3.577585689592732,21.42965611243106,True,home,False,-0.1
2026-04,data\historical_csv\football-data\2526\SP2.csv:361:away,data\historical_csv\football-data\2526\SP2.csv:361,data\historical_csv\football-data\2526\SP2.csv,361,2026-04-02,SP2,Las Palmas,Granada,away,0.23887714496825665,0.22807016120382084,4.4398,4.6,1.2585901712723668,0.008806983764435805,5,0.025,BFE,4.0-5.0,exchange,0.22523537096265597,1.0605667482300658,0.010806983764435812,0.03686825613059854,1.4906093303845298,0.057062290388185506,0.3560725011053013,0.2,3.6082706428217426,away:4.0-5.0,away:exchange,exchange:4.0-5.0,0.46830570958678375,0.29281714544495974,0.23887714496825665,1.0569383754974964,0.46830570958678375,-0.2294285646185271,0.2294285646185271,0.012051635294503208,7.380952380952377,0.02494080929832121,0.026775819334971446,0.013387909667485626,0.01338790966748582,home,3.3141939307694113,3.3141939307694113,0.1,0.2327001079570463,0.23008425782534442,0.23010612948196402,0.9916387959866221,,,0.0,lower_clv,True,0.18168070560744776,5.50416180219308,-19.33740032440534,False,home,False,-0.1
2026-04,data\historical_csv\football-data\2526\T1.csv:244:away,data\historical_csv\football-data\2526\T1.csv:244,data\historical_csv\football-data\2526\T1.csv,244,2026-04-04,T1,Kasimpasa,Kayserispor,away,0.29961297698633865,0.2894900447798069,3.723175,3.85,7.782209747305746,0.008122932206531779,5,0.025,BFE,3.0-4.0,exchange,0.2685879659161871,1.1155115455911113,0.010122932206531765,0.027111416495494978,1.3145767988892858,0.08976793597861629,0.39386426819239034,0.2,3.406366877732059,away:3.0-4.0,away:exchange,exchange:3.0-4.0,0.43200010635239533,0.26838691666126596,0.29961297698633865,1.0767192464449866,0.43200010635239533,-0.13238712936605668,0.13238712936605668,0.009326429464371804,14.507575757575776,0.01682086976204622,0.0441694987254691,0.02208474936273455,0.02208474936273455,home,6.0393236145117255,6.0393236145117255,0.22,0.2848088623675001,0.2954183017952962,0.2953295941077728,0.9916387959866221,,,0.0,lower_clv,True,0.289105228664795,3.4589481643704785,7.638935973404815,True,home,False,-0.22
2026-04,data\historical_csv\football-data\2526\T1.csv:249:away,data\historical_csv\football-data\2526\T1.csv:249,data\historical_csv\football-data\2526\T1.csv,249,2026-04-05,T1,Antalyaspor,Eyupspor,away,0.26723839172144537,0.24582087218300547,4.0576,4.2,-0.25572290302370293,0.019417519538439898,5,0.025,BFE,4.0-5.0,exchange,0.24645110410094637,1.0843464982489366,0.0214175195384399,0.07265991766138023,1.400591665820715,0.07141635800986468,0.3742918642323879,0.2,3.509463722397488,away:4.0-5.0,away:exchange,exchange:4.0-5.0,0.43925010084431815,0.29351150743423654,0.26723839172144537,1.0738143037777907,0.43925010084431815,-0.17201170912287278,0.17201170912287278,0.019417519538439898,8.421052631578952,0.0568654646324549,0.04195405226387758,0.020977026131938775,0.020977026131938803,home,4.293041563003035,4.293041563003035,0.14,0.2570313524324799,0.2604468878513635,0.2604183298629113,0.9916387959866221,,,0.0,lower_clv,True,0.24383120336674463,4.101197821248118,-1.0630509219097029,False,home,False,-0.14
2026-04,data\historical_csv\football-data\2526\T1.csv:250:away,data\historical_csv\football-data\2526\T1.csv:250,data\historical_csv\football-data\2526\T1.csv,250,2026-04-05,T1,Fenerbahce,Besiktas,away,0.2801556420233463,0.26856535230117223,3.8665,4.0,3.840793467248238,0.009590289722174095,5,0.025,BFE,3.0-4.0,exchange,0.258631837579206,1.0832217898832683,0.011590289722174074,0.03423200636942698,1.352349705066953,0.07848718375751336,0.37886839986311527,0.2,3.452735031682397,away:3.0-4.0,away:exchange,exchange:3.0-4.0,0.4669260700389105,0.2529182879377432,0.2801556420233463,1.0597603563107143,0.4669260700389105,-0.1867704280155642,0.1867704280155642,0.01234612010210901,6.0810810810810745,0.03798185941043086,0.03930364857714205,0.01965182428857104,0.019651824288571013,home,3.8411139171670143,3.8411139171670143,0.13,0.2685661810866857,0.2743647761494939,0.27431629291318277,0.9916387959866221,,,0.0,lower_clv,True,0.24584344163287328,4.067629355324986,-4.944633292649547,False,home,False,-0.13
2026-04,data\historical_csv\football-data\2526\E1.csv:490:home,data\historical_csv\football-data\2526\E1.csv:490,data\historical_csv\football-data\2526\E1.csv,490,2026-04-06,E1,Hull,Coventry,home,0.24884822914891785,0.24417279189790772,4.34425,4.5,6.07476512024856,0.002675437251010127,4,0.025,BFE,4.0-5.0,exchange,0.23018933072452094,1.0810589194801863,0.004675437251010134,0.010751281052552996,1.4688531316202267,0.06192544115055233,0.3655215006835358,0.25,3.5851988260344303,home:4.0-5.0,home:exchange,exchange:4.0-5.0,0.24884822914891785,0.2626173899411103,0.48853438090997187,1.0472198263826722,0.48853438090997187,-0.239686151761054,0.239686151761054,0.009216763157453131,10.312499999999991,0.040716442778298445,0.03532011227879578,0.017660056139397917,0.01766005613939786,away,3.91432616902371,3.91432616902371,0.12,0.2391996919353714,0.24072576313247301,0.2407130033398551,0.9916387959866221,,,0.0,lower_clv,True,0.24179845642372172,4.135675697811836,5.0432944318753,True,draw,False,-0.12
2026-04,data\historical_csv\football-data\2526\E1.csv:483:home,data\historical_csv\football-data\2526\E1.csv:483,data\historical_csv\football-data\2526\E1.csv,483,2026-04-06,E1,Bristol City,Sheffield United,home,0.33283677378165566,0.31957854914386863,3.205,3.25,2.42492500060989,0.011258224637787055,5,0.0,BW,3.0-4.0,sportsbook,0.31201248049922,1.0667418599702063,0.01325822463778703,0.033825062386803946,1.1647120903726333,0.11078031798138102,0.38765901454411544,0.2,1.4040561622464809,home:3.0-4.0,home:sportsbook,sportsbook:3.0-4.0,0.33283677378165566,0.26920621408810386,0.3979570121302405,1.0861101268970244,0.3979570121302405,-0.06512023834858482,0.06512023834858482,0.011258224637787055,12.068965517241391,0.05635540929658589,0.04155951521467749,0.02077975760733869,0.0207797576073388,away,3.6363269245851666,3.6363269245851666,0.16,0.32335827433567915,0.3315694458598586,0.3315007905795561,0.9916387959866221,,,0.0,lower_clv,True,0.3744007828216268,2.6709345863638942,19.99545089433139,True,home,True,0.35
2026-04,data\historical_csv\football-data\2526\E2.csv:508:home,data\historical_csv\football-data\2526\E2.csv:508,data\historical_csv\football-data\2526\E2.csv,508,2026-04-16,E2,Peterboro,Port Vale,home,0.5267164958885111,0.4676987371962715,1.9996,2.02,-6.478960510233556,0.05701775869223963,5,0.0,BMGM,1.5-2.0,sportsbook,0.5001000200040008,1.0532223051786669,0.05901775869223963,0.10825132521444411,0.6929471605572782,0.27743026704107193,0.3649867002446231,0.2,1.0202040408081592,home:1.5-2.0,home:sportsbook,sportsbook:1.5-2.0,0.5267164958885111,0.24846548757370954,0.2248180165377792,1.019183069147145,0.5267164958885111,0.0,0.3018984793507319,0.05701775869223963,3.589743589743599,0.06659471825933361,0.06257627798230553,0.03128813899115285,0.03128813899115268,home,6.135215486206089,6.135215486206089,0.61,0.530782233877806,0.5439307618979612,0.5438208243727091,0.9916387959866221,,,0.0,lower_clv,True,0.5966617731626305,1.6759913991128652,19.308488161599602,True,away,False,-0.61
2026-04,data\historical_csv\football-data\2526\P1.csv:265:away,data\historical_csv\football-data\2526\P1.csv:265,data\historical_csv\football-data\2526\P1.csv,265,2026-04-19,P1,Arouca,Estrela,away,0.26470778953484786,0.2577159547248835,4.0576,4.2,4.57082578916872,0.00499183480996437,5,0.025,BFE,4.0-5.0,exchange,0.24645110410094637,1.0740783268165985,0.006991834809964348,0.0188579067459109,1.400591665820715,0.0700702138404253,0.3707475239003318,0.2,3.509463722397488,away:4.0-5.0,away:exchange,exchange:4.0-5.0,0.4545415245948589,0.2807506858702932,0.26470778953484786,1.0668555672979627,0.4545415245948589,-0.18983373506001106,0.18983373506001106,0.010115497145791099,11.351351351351347,0.017649778357945234,0.0307419958416357,0.015370997920817808,0.015370997920817892,home,4.445479562750087,4.445479562750087,0.15,0.25740703756592587,0.25772633903111847,0.2577236692864262,0.9916387959866221,,,0.0,lower_clv,True,0.26664195102455684,3.750347595933632,8.192638047724188,True,home,False,-0.15
2026-05,data\historical_csv\football-data\2526\G1.csv:225:home,data\historical_csv\football-data\2526\G1.csv:225,data\historical_csv\football-data\2526\G1.csv,225,2026-05-13,G1,Volos NFC,Aris,home,0.2624762514124746,0.2533154704705338,4.2634,4.33,7.99851768040738,0.007160780941940779,6,0.0,B365,4.0-5.0,sportsbook,0.23455458085096403,1.1190412502719442,0.009160780941940783,0.027281633684594946,1.450066964016957,0.06889378255554458,0.38060814101223855,0.16666666666666666,1.5621335084674337,home:4.0-5.0,home:sportsbook,sportsbook:4.0-5.0,0.2624762514124746,0.28045237009819557,0.4570713784893298,1.065488704166058,0.4570713784893298,-0.19459512707685522,0.19459512707685522,0.012668067818299204,10.318471337579616,0.0670070916411738,0.04603262697332636,0.023016313486663192,0.023016313486663165,away,4.925495213216536,4.925495213216536,0.15,0.24610755550315838,0.25400880534966863,0.25394327831494884,0.9917067507049262,,,0.0,lower_clv,True,0.29107930137240884,3.435489900123792,24.09874934711278,True,away,False,-0.15
2026-05,data\historical_csv\football-data\2526\SP1.csv:366:away,data\historical_csv\football-data\2526\SP1.csv:366,data\historical_csv\football-data\2526\SP1.csv,366,2026-05-17,SP1,Osasuna,Espanol,away,0.251450285289587,0.24627474317571527,4.2487,4.4,4.634750133066157,0.0031755421138717427,7,0.025,BFE,4.0-5.0,exchange,0.23536611198719606,1.0683368271098685,0.0051755421138717506,0.012628906386861226,1.4466130537918354,0.0632272459722147,0.3637512650795977,0.14285714285714285,3.561089274366269,away:4.0-5.0,away:exchange,exchange:4.0-5.0,0.4584147701455049,0.2901349445649081,0.251450285289587,1.063700022255199,0.4584147701455049,-0.2069644848559179,0.2069644848559179,0.004282210257834668,13.552631578947395,0.011470840480274358,0.026755001770774084,0.013377500885387028,0.013377500885387056,home,4.042093892903977,4.042093892903977,0.12,0.24487983122579604,0.24204731664986415,0.24207080739937425,0.9917067507049262,,,0.0,lower_clv,True,0.23301417818385203,4.291584348189248,-0.9992661150267756,False,away,True,0.39
2026-05,data\historical_csv\football-data\2526\T1.csv:307:away,data\historical_csv\football-data\2526\T1.csv:307,data\historical_csv\football-data\2526\T1.csv,307,2026-05-17,T1,Trabzonspor,Genclerbirligi,away,0.4353363593042617,0.42395570262182664,2.4210000000000003,2.45,2.6396756047442294,0.009380656682435035,7,0.0,BV,2.0-3.0,sportsbook,0.41305245766212306,1.0539493258756176,0.011380656682435042,0.021548066183644413,0.8841806779559216,0.18951774573228922,0.3849159973085048,0.14285714285714285,1.1978521272201448,away:2.0-3.0,away:sportsbook,sportsbook:2.0-3.0,0.3040693517949138,0.2605942889008246,0.4353363593042617,1.0744806569020688,0.4353363593042617,0.0,0.1312670075093479,0.009380656682435035,8.04851157662625,0.09387755102040818,0.062202030946052755,0.031101015473026322,0.031101015473026433,away,2.383203510086192,2.383203510086192,0.17,0.422896338331624,0.4455136769276237,0.445326105700256,0.9917067507049262,,,0.0,lower_clv,True,0.3864233771816443,2.587835154522586,-6.446900384323895,False,away,True,0.24
