date,bets,staked,settled_bets,settled_profit,equity,cooldown_active,skipped_reason
2017-05-04,1,10.0,0,0.0,0.0,False,
2017-05-05,0,0.0,1,-10.0,-10.0,False,
2017-05-06,1,10.0,0,0.0,-10.0,False,
2017-05-07,1,10.0,1,-10.0,-20.0,False,
2017-05-08,0,0.0,1,24.5,4.5,False,
2017-05-09,0,0.0,0,0.0,4.5,False,
2017-05-10,0,0.0,0,0.0,4.5,False,
2017-05-11,1,10.0,0,0.0,4.5,False,
2017-05-12,0,0.0,1,-10.0,-5.5,False,
2017-05-13,1,10.0,0,0.0,-5.5,False,
2017-05-14,1,10.0,1,-10.0,-15.5,False,
2017-05-15,1,10.0,1,13.2,-2.3,False,
2017-05-16,0,0.0,1,35.9,33.6,False,
2017-05-17,0,0.0,0,0.0,33.6,False,
2017-05-18,1,10.0,0,0.0,33.6,False,
2017-05-19,0,0.0,1,14.0,47.6,False,
2017-05-20,1,10.0,0,0.0,47.6,False,
2017-05-21,1,10.0,1,-10.0,37.6,False,
2017-05-22,1,10.0,1,-10.0,27.6,False,
2017-05-23,0,0.0,1,-10.0,17.6,False,
2017-05-24,0,0.0,0,0.0,17.6,False,
2017-05-25,0,0.0,0,0.0,17.6,False,
2017-05-26,1,10.0,0,0.0,17.6,False,
2017-05-27,1,10.0,1,8.5,26.1,False,
2017-05-28,1,10.0,1,11.4,37.5,False,
2017-05-29,0,0.0,1,17.6,55.1,False,
2017-05-30,0,0.0,0,0.0,55.1,False,
2017-05-31,0,0.0,0,0.0,55.1,False,
2017-06-01,1,10.0,0,0.0,55.1,False,
2017-06-02,0,0.0,1,-10.0,45.1,False,
2017-06-03,1,10.0,0,0.0,45.1,False,
2017-06-04,1,10.0,1,10.6,55.7,False,
2017-06-05,1,10.0,1,14.5,70.2,False,
2017-06-06,0,0.0,1,-10.0,60.2,False,
2017-06-07,0,0.0,0,0.0,60.2,False,
2017-06-08,0,0.0,0,0.0,60.2,False,
2017-06-09,0,0.0,0,0.0,60.2,False,
2017-06-10,0,0.0,0,0.0,60.2,False,
2017-06-11,1,10.0,0,0.0,60.2,False,
2017-06-12,0,0.0,1,10.6,70.8,False,
2017-06-13,0,0.0,0,0.0,70.8,False,
2017-06-14,0,0.0,0,0.0,70.8,False,
2017-06-15,0,0.0,0,0.0,70.8,False,
2017-06-16,0,0.0,0,0.0,70.8,False,
2017-06-17,1,10.0,0,0.0,70.8,False,
2017-06-18,1,10.0,1,10.2,81.0,False,
2017-06-19,0,0.0,1,-10.0,71.0,False,
2017-06-20,0,0.0,0,0.0,71.0,False,
2017-06-21,0,0.0,0,0.0,71.0,False,
2017-06-22,1,10.0,0,0.0,71.0,False,
2017-06-23,0,0.0,1,21.8,92.8,False,
2017-06-24,1,10.0,0,0.0,92.8,False,
2017-06-25,1,10.0,1,-10.0,82.8,False,
2017-06-26,1,10.0,1,-10.0,72.8,False,
2017-06-27,0,0.0,1,-10.0,62.8,False,
2017-06-28,0,0.0,0,0.0,62.8,False,
2017-06-29,0,0.0,0,0.0,62.8,False,
2017-06-30,1,10.0,0,0.0,62.8,False,
2017-07-01,1,10.0,1,-10.0,52.8,False,
2017-07-02,1,10.0,1,-10.0,42.8,False,
2017-07-03,0,0.0,1,16.7,59.5,False,
2017-07-04,0,0.0,0,0.0,59.5,False,
2017-07-05,1,10.0,0,0.0,59.5,False,
2017-07-06,1,10.0,1,-10.0,49.5,False,
2017-07-07,1,10.0,1,-10.0,39.5,False,
2017-07-08,0,0.0,1,-10.0,29.5,False,
2017-07-09,0,0.0,0,0.0,29.5,False,
2017-07-10,0,0.0,0,0.0,29.5,False,
2017-07-11,0,0.0,0,0.0,29.5,False,
2017-07-12,0,0.0,0,0.0,29.5,False,
2017-07-13,0,0.0,0,0.0,29.5,False,
2017-07-14,0,0.0,0,0.0,29.5,False,
2017-07-15,0,0.0,0,0.0,29.5,False,
2017-07-16,0,0.0,0,0.0,29.5,False,
2017-07-17,0,0.0,0,0.0,29.5,False,
2017-07-18,0,0.0,0,0.0,29.5,False,
2017-07-19,0,0.0,0,0.0,29.5,False,
2017-07-20,1,10.0,0,0.0,29.5,False,
2017-07-21,0,0.0,1,-10.0,19.5,False,
2017-07-22,1,10.0,0,0.0,19.5,False,
2017-07-23,1,10.0,1,-10.0,9.5,False,
2017-07-24,1,10.0,1,-10.0,-0.5,False,
2017-07-25,0,0.0,1,9.1,8.6,False,
2017-07-26,0,0.0,0,0.0,8.6,False,
2017-07-27,1,10.0,0,0.0,8.6,False,
2017-07-28,0,0.0,1,14.9,23.5,False,
2017-07-29,0,0.0,0,0.0,23.5,False,
2017-07-30,1,10.0,0,0.0,23.5,False,
2017-07-31,0,0.0,1,17.1,40.6,False,
2017-08-01,0,0.0,0,0.0,40.6,False,
2017-08-02,0,0.0,0,0.0,40.6,False,
2017-08-03,0,0.0,0,0.0,40.6,False,
2017-08-04,0,0.0,0,0.0,40.6,False,
2017-08-05,0,0.0,0,0.0,40.6,False,
2017-08-06,1,10.0,0,0.0,40.6,False,
2017-08-07,1,10.0,1,-10.0,30.6,False,
2017-08-08,0,0.0,1,-10.0,20.6,False,
2017-08-09,0,0.0,0,0.0,20.6,False,
2017-08-10,0,0.0,0,0.0,20.6,False,
2017-08-11,0,0.0,0,0.0,20.6,False,
2017-08-12,0,0.0,0,0.0,20.6,False,
2017-08-13,1,10.0,0,0.0,20.6,False,
2017-08-14,1,10.0,1,-10.0,10.6,False,
2017-08-15,0,0.0,1,-10.0,0.6,False,
2017-08-16,0,0.0,0,0.0,0.6,False,
2017-08-17,1,10.0,0,0.0,0.6,False,
2017-08-18,0,0.0,1,14.0,14.6,False,
2017-08-19,1,10.0,0,0.0,14.6,False,
2017-08-20,1,10.0,1,10.3,24.9,False,
2017-08-21,1,10.0,1,-10.0,14.9,False,
2017-08-22,0,0.0,1,-10.0,4.9,False,
2017-08-23,0,0.0,0,0.0,4.9,False,
2017-08-24,1,10.0,0,0.0,4.9,False,
2017-08-25,0,0.0,1,21.8,26.7,False,
2017-08-26,1,10.0,0,0.0,26.7,False,
2017-08-27,1,10.0,1,-10.0,16.7,False,
2017-08-28,1,10.0,1,-10.0,6.7,False,
2017-08-29,0,0.0,1,-10.0,-3.3,False,
2017-08-30,0,0.0,0,0.0,-3.3,False,
2017-08-31,0,0.0,0,0.0,-3.3,False,
2017-09-01,0,0.0,0,0.0,-3.3,False,
2017-09-02,0,0.0,0,0.0,-3.3,False,
2017-09-03,1,10.0,0,0.0,-3.3,False,
2017-09-04,0,0.0,1,-10.0,-13.3,False,
2017-09-05,0,0.0,0,0.0,-13.3,False,
2017-09-06,0,0.0,0,0.0,-13.3,False,
2017-09-07,1,10.0,0,0.0,-13.3,False,
2017-09-08,0,0.0,1,14.6,1.3,False,
2017-09-09,1,10.0,0,0.0,1.3,False,
2017-09-10,1,10.0,1,-10.0,-8.7,False,
2017-09-11,0,0.0,1,-10.0,-18.7,False,
2017-09-12,0,0.0,0,0.0,-18.7,False,
2017-09-13,0,0.0,0,0.0,-18.7,False,
2017-09-14,0,0.0,0,0.0,-18.7,False,
2017-09-15,0,0.0,0,0.0,-18.7,False,
2017-09-16,0,0.0,0,0.0,-18.7,False,
2017-09-17,1,10.0,0,0.0,-18.7,False,
2017-09-18,0,0.0,1,-10.0,-28.7,False,
2017-09-19,0,0.0,0,0.0,-28.7,False,
2017-09-20,0,0.0,0,0.0,-28.7,False,
2017-09-21,0,0.0,0,0.0,-28.7,False,
2017-09-22,0,0.0,0,0.0,-28.7,False,
2017-09-23,1,10.0,0,0.0,-28.7,False,
2017-09-24,1,10.0,1,13.3,-15.4,False,
2017-09-25,0,0.0,1,29.2,13.8,False,
2017-09-26,0,0.0,0,0.0,13.8,False,
2017-09-27,0,0.0,0,0.0,13.8,False,
2017-09-28,1,10.0,0,0.0,13.8,False,
2017-09-29,0,0.0,1,12.6,26.4,False,
2017-09-30,1,10.0,0,0.0,26.4,False,
2017-10-01,1,10.0,1,-10.0,16.4,False,
2017-10-02,0,0.0,1,20.0,36.4,False,
2017-10-03,0,0.0,0,0.0,36.4,False,
2017-10-04,0,0.0,0,0.0,36.4,False,
2017-10-05,0,0.0,0,0.0,36.4,False,
2017-10-06,0,0.0,0,0.0,36.4,False,
2017-10-07,0,0.0,0,0.0,36.4,False,
2017-10-08,1,10.0,0,0.0,36.4,False,
2017-10-09,0,0.0,1,-10.0,26.4,False,
2017-10-10,0,0.0,0,0.0,26.4,False,
2017-10-11,0,0.0,0,0.0,26.4,False,
2017-10-12,1,10.0,0,0.0,26.4,False,
2017-10-13,0,0.0,1,10.8,37.2,False,
2017-10-14,0,0.0,0,0.0,37.2,False,
2017-10-15,1,10.0,0,0.0,37.2,False,
2017-10-16,1,10.0,1,19.2,56.4,False,
2017-10-17,0,0.0,1,25.5,81.9,False,
2017-10-18,0,0.0,0,0.0,81.9,False,
2017-10-19,0,0.0,0,0.0,81.9,False,
2017-10-20,0,0.0,0,0.0,81.9,False,
2017-10-21,0,0.0,0,0.0,81.9,False,
2017-10-22,1,10.0,0,0.0,81.9,False,
2017-10-23,0,0.0,1,11.9,93.8,False,
2017-10-24,0,0.0,0,0.0,93.8,False,
2017-10-25,0,0.0,0,0.0,93.8,False,
2017-10-26,1,10.0,0,0.0,93.8,False,
2017-10-27,1,10.0,1,-10.0,83.8,False,
2017-10-28,0,0.0,1,-10.0,73.8,False,
2017-10-29,0,0.0,0,0.0,73.8,False,
2017-10-30,1,10.0,0,0.0,73.8,False,
2017-10-31,1,10.0,1,-10.0,63.8,False,
2017-11-01,1,10.0,1,-10.0,53.8,False,
2017-11-02,0,0.0,1,11.9,65.7,False,
2017-11-03,0,0.0,0,0.0,65.7,False,
2017-11-04,0,0.0,0,0.0,65.7,False,
2017-11-05,1,10.0,0,0.0,65.7,False,
2017-11-06,1,10.0,1,-10.0,55.7,False,
2017-11-07,0,0.0,1,-10.0,45.7,False,
2017-11-08,0,0.0,0,0.0,45.7,False,
2017-11-09,0,0.0,0,0.0,45.7,False,
2017-11-10,0,0.0,0,0.0,45.7,False,
2017-11-11,0,0.0,0,0.0,45.7,False,
2017-11-12,0,0.0,0,0.0,45.7,False,
2017-11-13,0,0.0,0,0.0,45.7,False,
2017-11-14,0,0.0,0,0.0,45.7,False,
2017-11-15,0,0.0,0,0.0,45.7,False,
2017-11-16,0,0.0,0,0.0,45.7,False,
2017-11-17,0,0.0,0,0.0,45.7,False,
2017-11-18,0,0.0,0,0.0,45.7,False,
2017-11-19,0,0.0,0,0.0,45.7,False,
2017-11-20,0,0.0,0,0.0,45.7,False,
2017-11-21,0,0.0,0,0.0,45.7,False,
2017-11-22,1,10.0,0,0.0,45.7,False,
2017-11-23,0,0.0,1,-10.0,35.7,False,
2017-11-24,0,0.0,0,0.0,35.7,False,
2017-11-25,0,0.0,0,0.0,35.7,False,
2017-11-26,0,0.0,0,0.0,35.7,False,
2017-11-27,0,0.0,0,0.0,35.7,False,
2017-11-28,0,0.0,0,0.0,35.7,False,
2017-11-29,0,0.0,0,0.0,35.7,False,
2017-11-30,0,0.0,0,0.0,35.7,False,
2017-12-01,0,0.0,0,0.0,35.7,False,
2017-12-02,0,0.0,0,0.0,35.7,False,
2017-12-03,0,0.0,0,0.0,35.7,False,
2017-12-04,0,0.0,0,0.0,35.7,False,
2017-12-05,0,0.0,0,0.0,35.7,False,
2017-12-06,0,0.0,0,0.0,35.7,False,
2017-12-07,0,0.0,0,0.0,35.7,False,
2017-12-08,0,0.0,0,0.0,35.7,False,
2017-12-09,0,0.0,0,0.0,35.7,False,
2017-12-10,0,0.0,0,0.0,35.7,False,
2017-12-11,0,0.0,0,0.0,35.7,False,
2017-12-12,0,0.0,0,0.0,35.7,False,
2017-12-13,0,0.0,0,0.0,35.7,False,
2017-12-14,0,0.0,0,0.0,35.7,False,
2017-12-15,0,0.0,0,0.0,35.7,False,
2017-12-16,0,0.0,0,0.0,35.7,False,
2017-12-17,0,0.0,0,0.0,35.7,False,
2017-12-18,0,0.0,0,0.0,35.7,False,
2017-12-19,0,0.0,0,0.0,35.7,False,
2017-12-20,0,0.0,0,0.0,35.7,False,
2017-12-21,0,0.0,0,0.0,35.7,False,
2017-12-22,0,0.0,0,0.0,35.7,False,
2017-12-23,0,0.0,0,0.0,35.7,False,
2017-12-24,0,0.0,0,0.0,35.7,False,
2017-12-25,0,0.0,0,0.0,35.7,False,
2017-12-26,0,0.0,0,0.0,35.7,False,
2017-12-27,0,0.0,0,0.0,35.7,False,
2017-12-28,0,0.0,0,0.0,35.7,False,
2017-12-29,0,0.0,0,0.0,35.7,False,
2017-12-30,0,0.0,0,0.0,35.7,False,
2017-12-31,0,0.0,0,0.0,35.7,False,
2018-01-01,0,0.0,0,0.0,35.7,False,
2018-01-02,0,0.0,0,0.0,35.7,False,
2018-01-03,0,0.0,0,0.0,35.7,False,
2018-01-04,0,0.0,0,0.0,35.7,False,
2018-01-05,0,0.0,0,0.0,35.7,False,
2018-01-06,0,0.0,0,0.0,35.7,False,
2018-01-07,0,0.0,0,0.0,35.7,False,
2018-01-08,0,0.0,0,0.0,35.7,False,
2018-01-09,0,0.0,0,0.0,35.7,False,
2018-01-10,0,0.0,0,0.0,35.7,False,
2018-01-11,0,0.0,0,0.0,35.7,False,
2018-01-12,0,0.0,0,0.0,35.7,False,
2018-01-13,0,0.0,0,0.0,35.7,False,
2018-01-14,0,0.0,0,0.0,35.7,False,
2018-01-15,0,0.0,0,0.0,35.7,False,
2018-01-16,0,0.0,0,0.0,35.7,False,
2018-01-17,0,0.0,0,0.0,35.7,False,
2018-01-18,0,0.0,0,0.0,35.7,False,
2018-01-19,0,0.0,0,0.0,35.7,False,
2018-01-20,0,0.0,0,0.0,35.7,False,
2018-01-21,0,0.0,0,0.0,35.7,False,
2018-01-22,0,0.0,0,0.0,35.7,False,
2018-01-23,0,0.0,0,0.0,35.7,False,
2018-01-24,0,0.0,0,0.0,35.7,False,
2018-01-25,0,0.0,0,0.0,35.7,False,
2018-01-26,0,0.0,0,0.0,35.7,False,
2018-01-27,0,0.0,0,0.0,35.7,False,
2018-01-28,0,0.0,0,0.0,35.7,False,
2018-01-29,0,0.0,0,0.0,35.7,False,
2018-01-30,0,0.0,0,0.0,35.7,False,
2018-01-31,0,0.0,0,0.0,35.7,False,
2018-02-01,0,0.0,0,0.0,35.7,False,
2018-02-02,0,0.0,0,0.0,35.7,False,
2018-02-03,0,0.0,0,0.0,35.7,False,
2018-02-04,0,0.0,0,0.0,35.7,False,
2018-02-05,0,0.0,0,0.0,35.7,False,
2018-02-06,0,0.0,0,0.0,35.7,False,
2018-02-07,0,0.0,0,0.0,35.7,False,
2018-02-08,0,0.0,0,0.0,35.7,False,
2018-02-09,0,0.0,0,0.0,35.7,False,
2018-02-10,0,0.0,0,0.0,35.7,False,
2018-02-11,0,0.0,0,0.0,35.7,False,
2018-02-12,0,0.0,0,0.0,35.7,False,
2018-02-13,0,0.0,0,0.0,35.7,False,
2018-02-14,0,0.0,0,0.0,35.7,False,
2018-02-15,0,0.0,0,0.0,35.7,False,
2018-02-16,0,0.0,0,0.0,35.7,False,
2018-02-17,0,0.0,0,0.0,35.7,False,
2018-02-18,0,0.0,0,0.0,35.7,False,
2018-02-19,0,0.0,0,0.0,35.7,False,
2018-02-20,0,0.0,0,0.0,35.7,False,
2018-02-21,0,0.0,0,0.0,35.7,False,
2018-02-22,0,0.0,0,0.0,35.7,False,
2018-02-23,0,0.0,0,0.0,35.7,False,
2018-02-24,0,0.0,0,0.0,35.7,False,
2018-02-25,0,0.0,0,0.0,35.7,False,
2018-02-26,0,0.0,0,0.0,35.7,False,
2018-02-27,0,0.0,0,0.0,35.7,False,
2018-02-28,0,0.0,0,0.0,35.7,False,
2018-03-01,0,0.0,0,0.0,35.7,False,
2018-03-02,0,0.0,0,0.0,35.7,False,
2018-03-03,1,10.0,0,0.0,35.7,False,
2018-03-04,1,10.0,1,15.7,51.4,False,
2018-03-05,1,10.0,1,-10.0,41.4,False,
2018-03-06,0,0.0,1,-10.0,31.4,False,
2018-03-07,0,0.0,0,0.0,31.4,False,
2018-03-08,0,0.0,0,0.0,31.4,False,
2018-03-09,0,0.0,0,0.0,31.4,False,
2018-03-10,1,10.0,0,0.0,31.4,False,
2018-03-11,1,10.0,1,-10.0,21.4,False,
2018-03-12,0,0.0,1,14.3,35.7,False,
2018-03-13,0,0.0,0,0.0,35.7,False,
2018-03-14,0,0.0,0,0.0,35.7,False,
2018-03-15,0,0.0,0,0.0,35.7,False,
2018-03-16,0,0.0,0,0.0,35.7,False,
2018-03-17,1,10.0,0,0.0,35.7,False,
2018-03-18,1,10.0,1,19.3,55.0,False,
2018-03-19,0,0.0,1,11.4,66.4,False,
2018-03-20,0,0.0,0,0.0,66.4,False,
2018-03-21,0,0.0,0,0.0,66.4,False,
2018-03-22,0,0.0,0,0.0,66.4,False,
2018-03-23,0,0.0,0,0.0,66.4,False,
2018-03-24,1,10.0,0,0.0,66.4,False,
2018-03-25,1,10.0,1,-10.0,56.4,False,
2018-03-26,0,0.0,1,-10.0,46.4,False,
2018-03-27,0,0.0,0,0.0,46.4,False,
2018-03-28,0,0.0,0,0.0,46.4,False,
2018-03-29,0,0.0,0,0.0,46.4,False,
2018-03-30,0,0.0,0,0.0,46.4,False,
2018-03-31,1,10.0,0,0.0,46.4,False,
2018-04-01,0,0.0,1,-10.0,36.4,False,
2018-04-02,0,0.0,0,0.0,36.4,False,
2018-04-03,0,0.0,0,0.0,36.4,False,
2018-04-04,0,0.0,0,0.0,36.4,False,
2018-04-05,0,0.0,0,0.0,36.4,False,
2018-04-06,0,0.0,0,0.0,36.4,False,
2018-04-07,0,0.0,0,0.0,36.4,False,
2018-04-08,0,0.0,0,0.0,36.4,False,
2018-04-09,0,0.0,0,0.0,36.4,False,
2018-04-10,0,0.0,0,0.0,36.4,False,
2018-04-11,0,0.0,0,0.0,36.4,False,
2018-04-12,0,0.0,0,0.0,36.4,False,
2018-04-13,0,0.0,0,0.0,36.4,False,
2018-04-14,0,0.0,0,0.0,36.4,False,
2018-04-15,0,0.0,0,0.0,36.4,False,
2018-04-16,0,0.0,0,0.0,36.4,False,
2018-04-17,0,0.0,0,0.0,36.4,False,
2018-04-18,0,0.0,0,0.0,36.4,False,
2018-04-19,0,0.0,0,0.0,36.4,False,
2018-04-20,0,0.0,0,0.0,36.4,False,
2018-04-21,0,0.0,0,0.0,36.4,False,
2018-04-22,0,0.0,0,0.0,36.4,False,
2018-04-23,0,0.0,0,0.0,36.4,False,
2018-04-24,0,0.0,0,0.0,36.4,False,
2018-04-25,0,0.0,0,0.0,36.4,False,
2018-04-26,0,0.0,0,0.0,36.4,False,
2018-04-27,0,0.0,0,0.0,36.4,False,
2018-04-28,0,0.0,0,0.0,36.4,False,
2018-04-29,0,0.0,0,0.0,36.4,False,
2018-04-30,0,0.0,0,0.0,36.4,False,
2018-05-01,0,0.0,0,0.0,36.4,False,
2018-05-02,0,0.0,0,0.0,36.4,False,
2018-05-03,0,0.0,0,0.0,36.4,False,
2018-05-04,0,0.0,0,0.0,36.4,False,
2018-05-05,0,0.0,0,0.0,36.4,False,
2018-05-06,0,0.0,0,0.0,36.4,False,
2018-05-07,0,0.0,0,0.0,36.4,False,
2018-05-08,0,0.0,0,0.0,36.4,False,
2018-05-09,0,0.0,0,0.0,36.4,False,
2018-05-10,0,0.0,0,0.0,36.4,False,
2018-05-11,0,0.0,0,0.0,36.4,False,
2018-05-12,0,0.0,0,0.0,36.4,False,
2018-05-13,0,0.0,0,0.0,36.4,False,
2018-05-14,0,0.0,0,0.0,36.4,False,
2018-05-15,0,0.0,0,0.0,36.4,False,
2018-05-16,0,0.0,0,0.0,36.4,False,
2018-05-17,0,0.0,0,0.0,36.4,False,
2018-05-18,0,0.0,0,0.0,36.4,False,
2018-05-19,0,0.0,0,0.0,36.4,False,
2018-05-20,0,0.0,0,0.0,36.4,False,
2018-05-21,0,0.0,0,0.0,36.4,False,
2018-05-22,0,0.0,0,0.0,36.4,False,
2018-05-23,0,0.0,0,0.0,36.4,False,
2018-05-24,0,0.0,0,0.0,36.4,False,
2018-05-25,0,0.0,0,0.0,36.4,False,
2018-05-26,0,0.0,0,0.0,36.4,False,
2018-05-27,0,0.0,0,0.0,36.4,False,
2018-05-28,0,0.0,0,0.0,36.4,False,
2018-05-29,0,0.0,0,0.0,36.4,False,
2018-05-30,0,0.0,0,0.0,36.4,False,
2018-05-31,0,0.0,0,0.0,36.4,False,
2018-06-01,0,0.0,0,0.0,36.4,False,
2018-06-02,0,0.0,0,0.0,36.4,False,
2018-06-03,0,0.0,0,0.0,36.4,False,
2018-06-04,0,0.0,0,0.0,36.4,False,
2018-06-05,0,0.0,0,0.0,36.4,False,
2018-06-06,0,0.0,0,0.0,36.4,False,
2018-06-07,0,0.0,0,0.0,36.4,False,
2018-06-08,0,0.0,0,0.0,36.4,False,
2018-06-09,0,0.0,0,0.0,36.4,False,
2018-06-10,0,0.0,0,0.0,36.4,False,
2018-06-11,0,0.0,0,0.0,36.4,False,
2018-06-12,0,0.0,0,0.0,36.4,False,
2018-06-13,0,0.0,0,0.0,36.4,False,
2018-06-14,0,0.0,0,0.0,36.4,False,
2018-06-15,0,0.0,0,0.0,36.4,False,
2018-06-16,0,0.0,0,0.0,36.4,False,
2018-06-17,0,0.0,0,0.0,36.4,False,
2018-06-18,0,0.0,0,0.0,36.4,False,
2018-06-19,0,0.0,0,0.0,36.4,False,
2018-06-20,0,0.0,0,0.0,36.4,False,
2018-06-21,0,0.0,0,0.0,36.4,False,
2018-06-22,0,0.0,0,0.0,36.4,False,
2018-06-23,0,0.0,0,0.0,36.4,False,
2018-06-24,0,0.0,0,0.0,36.4,False,
2018-06-25,0,0.0,0,0.0,36.4,False,
2018-06-26,0,0.0,0,0.0,36.4,False,
2018-06-27,0,0.0,0,0.0,36.4,False,
2018-06-28,0,0.0,0,0.0,36.4,False,
2018-06-29,0,0.0,0,0.0,36.4,False,
2018-06-30,0,0.0,0,0.0,36.4,False,
2018-07-01,0,0.0,0,0.0,36.4,False,
2018-07-02,0,0.0,0,0.0,36.4,False,
2018-07-03,0,0.0,0,0.0,36.4,False,
2018-07-04,0,0.0,0,0.0,36.4,False,
2018-07-05,0,0.0,0,0.0,36.4,False,
2018-07-06,0,0.0,0,0.0,36.4,False,
2018-07-07,0,0.0,0,0.0,36.4,False,
2018-07-08,0,0.0,0,0.0,36.4,False,
2018-07-09,0,0.0,0,0.0,36.4,False,
2018-07-10,0,0.0,0,0.0,36.4,False,
2018-07-11,0,0.0,0,0.0,36.4,False,
2018-07-12,0,0.0,0,0.0,36.4,False,
2018-07-13,0,0.0,0,0.0,36.4,False,
2018-07-14,0,0.0,0,0.0,36.4,False,
2018-07-15,0,0.0,0,0.0,36.4,False,
2018-07-16,0,0.0,0,0.0,36.4,False,
2018-07-17,0,0.0,0,0.0,36.4,False,
2018-07-18,0,0.0,0,0.0,36.4,False,
2018-07-19,0,0.0,0,0.0,36.4,False,
2018-07-20,0,0.0,0,0.0,36.4,False,
2018-07-21,0,0.0,0,0.0,36.4,False,
2018-07-22,0,0.0,0,0.0,36.4,False,
2018-07-23,0,0.0,0,0.0,36.4,False,
2018-07-24,0,0.0,0,0.0,36.4,False,
2018-07-25,0,0.0,0,0.0,36.4,False,
2018-07-26,0,0.0,0,0.0,36.4,False,
2018-07-27,0,0.0,0,0.0,36.4,False,
2018-07-28,0,0.0,0,0.0,36.4,False,
2018-07-29,0,0.0,0,0.0,36.4,False,
2018-07-30,0,0.0,0,0.0,36.4,False,
2018-07-31,0,0.0,0,0.0,36.4,False,
2018-08-01,0,0.0,0,0.0,36.4,False,
2018-08-02,0,0.0,0,0.0,36.4,False,
2018-08-03,0,0.0,0,0.0,36.4,False,
2018-08-04,0,0.0,0,0.0,36.4,False,
2018-08-05,0,0.0,0,0.0,36.4,False,
2018-08-06,0,0.0,0,0.0,36.4,False,
2018-08-07,0,0.0,0,0.0,36.4,False,
2018-08-08,0,0.0,0,0.0,36.4,False,
2018-08-09,0,0.0,0,0.0,36.4,False,
2018-08-10,0,0.0,0,0.0,36.4,False,
2018-08-11,0,0.0,0,0.0,36.4,False,
2018-08-12,0,0.0,0,0.0,36.4,False,
2018-08-13,0,0.0,0,0.0,36.4,False,
2018-08-14,0,0.0,0,0.0,36.4,False,
2018-08-15,0,0.0,0,0.0,36.4,False,
2018-08-16,0,0.0,0,0.0,36.4,False,
2018-08-17,0,0.0,0,0.0,36.4,False,
2018-08-18,0,0.0,0,0.0,36.4,False,
2018-08-19,0,0.0,0,0.0,36.4,False,
2018-08-20,0,0.0,0,0.0,36.4,False,
2018-08-21,0,0.0,0,0.0,36.4,False,
2018-08-22,0,0.0,0,0.0,36.4,False,
2018-08-23,0,0.0,0,0.0,36.4,False,
2018-08-24,0,0.0,0,0.0,36.4,False,
2018-08-25,0,0.0,0,0.0,36.4,False,
2018-08-26,0,0.0,0,0.0,36.4,False,
2018-08-27,0,0.0,0,0.0,36.4,False,
2018-08-28,0,0.0,0,0.0,36.4,False,
2018-08-29,0,0.0,0,0.0,36.4,False,
2018-08-30,0,0.0,0,0.0,36.4,False,
2018-08-31,0,0.0,0,0.0,36.4,False,
2018-09-01,0,0.0,0,0.0,36.4,False,
2018-09-02,0,0.0,0,0.0,36.4,False,
2018-09-03,0,0.0,0,0.0,36.4,False,
2018-09-04,0,0.0,0,0.0,36.4,False,
2018-09-05,0,0.0,0,0.0,36.4,False,
2018-09-06,0,0.0,0,0.0,36.4,False,
2018-09-07,0,0.0,0,0.0,36.4,False,
2018-09-08,0,0.0,0,0.0,36.4,False,
2018-09-09,0,0.0,0,0.0,36.4,False,
2018-09-10,0,0.0,0,0.0,36.4,False,
2018-09-11,0,0.0,0,0.0,36.4,False,
2018-09-12,0,0.0,0,0.0,36.4,False,
2018-09-13,0,0.0,0,0.0,36.4,False,
2018-09-14,0,0.0,0,0.0,36.4,False,
2018-09-15,0,0.0,0,0.0,36.4,False,
2018-09-16,0,0.0,0,0.0,36.4,False,
2018-09-17,0,0.0,0,0.0,36.4,False,
2018-09-18,0,0.0,0,0.0,36.4,False,
2018-09-19,0,0.0,0,0.0,36.4,False,
2018-09-20,0,0.0,0,0.0,36.4,False,
2018-09-21,0,0.0,0,0.0,36.4,False,
2018-09-22,0,0.0,0,0.0,36.4,False,
2018-09-23,0,0.0,0,0.0,36.4,False,
2018-09-24,0,0.0,0,0.0,36.4,False,
2018-09-25,0,0.0,0,0.0,36.4,False,
2018-09-26,0,0.0,0,0.0,36.4,False,
2018-09-27,0,0.0,0,0.0,36.4,False,
2018-09-28,0,0.0,0,0.0,36.4,False,
2018-09-29,0,0.0,0,0.0,36.4,False,
2018-09-30,0,0.0,0,0.0,36.4,False,
2018-10-01,0,0.0,0,0.0,36.4,False,
2018-10-02,0,0.0,0,0.0,36.4,False,
2018-10-03,0,0.0,0,0.0,36.4,False,
2018-10-04,0,0.0,0,0.0,36.4,False,
2018-10-05,0,0.0,0,0.0,36.4,False,
2018-10-06,0,0.0,0,0.0,36.4,False,
2018-10-07,0,0.0,0,0.0,36.4,False,
2018-10-08,0,0.0,0,0.0,36.4,False,
2018-10-09,0,0.0,0,0.0,36.4,False,
2018-10-10,0,0.0,0,0.0,36.4,False,
2018-10-11,0,0.0,0,0.0,36.4,False,
2018-10-12,0,0.0,0,0.0,36.4,False,
2018-10-13,0,0.0,0,0.0,36.4,False,
2018-10-14,0,0.0,0,0.0,36.4,False,
2018-10-15,0,0.0,0,0.0,36.4,False,
2018-10-16,0,0.0,0,0.0,36.4,False,
2018-10-17,0,0.0,0,0.0,36.4,False,
2018-10-18,0,0.0,0,0.0,36.4,False,
2018-10-19,0,0.0,0,0.0,36.4,False,
2018-10-20,0,0.0,0,0.0,36.4,False,
2018-10-21,0,0.0,0,0.0,36.4,False,
2018-10-22,0,0.0,0,0.0,36.4,False,
2018-10-23,0,0.0,0,0.0,36.4,False,
2018-10-24,0,0.0,0,0.0,36.4,False,
2018-10-25,0,0.0,0,0.0,36.4,False,
2018-10-26,0,0.0,0,0.0,36.4,False,
2018-10-27,0,0.0,0,0.0,36.4,False,
2018-10-28,0,0.0,0,0.0,36.4,False,
2018-10-29,0,0.0,0,0.0,36.4,False,
2018-10-30,0,0.0,0,0.0,36.4,False,
2018-10-31,0,0.0,0,0.0,36.4,False,
2018-11-01,0,0.0,0,0.0,36.4,False,
2018-11-02,0,0.0,0,0.0,36.4,False,
2018-11-03,0,0.0,0,0.0,36.4,False,
2018-11-04,0,0.0,0,0.0,36.4,False,
2018-11-05,0,0.0,0,0.0,36.4,False,
2018-11-06,0,0.0,0,0.0,36.4,False,
2018-11-07,0,0.0,0,0.0,36.4,False,
2018-11-08,0,0.0,0,0.0,36.4,False,
2018-11-09,0,0.0,0,0.0,36.4,False,
2018-11-10,0,0.0,0,0.0,36.4,False,
2018-11-11,0,0.0,0,0.0,36.4,False,
2018-11-12,0,0.0,0,0.0,36.4,False,
2018-11-13,0,0.0,0,0.0,36.4,False,
2018-11-14,0,0.0,0,0.0,36.4,False,
2018-11-15,0,0.0,0,0.0,36.4,False,
2018-11-16,0,0.0,0,0.0,36.4,False,
2018-11-17,0,0.0,0,0.0,36.4,False,
2018-11-18,0,0.0,0,0.0,36.4,False,
2018-11-19,0,0.0,0,0.0,36.4,False,
2018-11-20,0,0.0,0,0.0,36.4,False,
2018-11-21,0,0.0,0,0.0,36.4,False,
2018-11-22,0,0.0,0,0.0,36.4,False,
2018-11-23,0,0.0,0,0.0,36.4,False,
2018-11-24,0,0.0,0,0.0,36.4,False,
2018-11-25,0,0.0,0,0.0,36.4,False,
2018-11-26,0,0.0,0,0.0,36.4,False,
2018-11-27,0,0.0,0,0.0,36.4,False,
2018-11-28,0,0.0,0,0.0,36.4,False,
2018-11-29,0,0.0,0,0.0,36.4,False,
2018-11-30,0,0.0,0,0.0,36.4,False,
2018-12-01,0,0.0,0,0.0,36.4,False,
2018-12-02,0,0.0,0,0.0,36.4,False,
2018-12-03,0,0.0,0,0.0,36.4,False,
2018-12-04,0,0.0,0,0.0,36.4,False,
2018-12-05,0,0.0,0,0.0,36.4,False,
2018-12-06,0,0.0,0,0.0,36.4,False,
2018-12-07,0,0.0,0,0.0,36.4,False,
2018-12-08,0,0.0,0,0.0,36.4,False,
2018-12-09,0,0.0,0,0.0,36.4,False,
2018-12-10,0,0.0,0,0.0,36.4,False,
2018-12-11,0,0.0,0,0.0,36.4,False,
2018-12-12,0,0.0,0,0.0,36.4,False,
2018-12-13,0,0.0,0,0.0,36.4,False,
2018-12-14,0,0.0,0,0.0,36.4,False,
2018-12-15,0,0.0,0,0.0,36.4,False,
2018-12-16,0,0.0,0,0.0,36.4,False,
2018-12-17,0,0.0,0,0.0,36.4,False,
2018-12-18,0,0.0,0,0.0,36.4,False,
2018-12-19,0,0.0,0,0.0,36.4,False,
2018-12-20,0,0.0,0,0.0,36.4,False,
2018-12-21,0,0.0,0,0.0,36.4,False,
2018-12-22,0,0.0,0,0.0,36.4,False,
2018-12-23,0,0.0,0,0.0,36.4,False,
2018-12-24,0,0.0,0,0.0,36.4,False,
2018-12-25,0,0.0,0,0.0,36.4,False,
2018-12-26,0,0.0,0,0.0,36.4,False,
2018-12-27,0,0.0,0,0.0,36.4,False,
2018-12-28,0,0.0,0,0.0,36.4,False,
2018-12-29,0,0.0,0,0.0,36.4,False,
2018-12-30,0,0.0,0,0.0,36.4,False,
2018-12-31,0,0.0,0,0.0,36.4,False,
2019-01-01,0,0.0,0,0.0,36.4,False,
2019-01-02,0,0.0,0,0.0,36.4,False,
2019-01-03,0,0.0,0,0.0,36.4,False,
2019-01-04,0,0.0,0,0.0,36.4,False,
2019-01-05,0,0.0,0,0.0,36.4,False,
2019-01-06,0,0.0,0,0.0,36.4,False,
2019-01-07,0,0.0,0,0.0,36.4,False,
2019-01-08,0,0.0,0,0.0,36.4,False,
2019-01-09,0,0.0,0,0.0,36.4,False,
2019-01-10,0,0.0,0,0.0,36.4,False,
2019-01-11,0,0.0,0,0.0,36.4,False,
2019-01-12,0,0.0,0,0.0,36.4,False,
2019-01-13,0,0.0,0,0.0,36.4,False,
2019-01-14,0,0.0,0,0.0,36.4,False,
2019-01-15,0,0.0,0,0.0,36.4,False,
2019-01-16,0,0.0,0,0.0,36.4,False,
2019-01-17,0,0.0,0,0.0,36.4,False,
2019-01-18,0,0.0,0,0.0,36.4,False,
2019-01-19,0,0.0,0,0.0,36.4,False,
2019-01-20,0,0.0,0,0.0,36.4,False,
2019-01-21,0,0.0,0,0.0,36.4,False,
2019-01-22,0,0.0,0,0.0,36.4,False,
2019-01-23,0,0.0,0,0.0,36.4,False,
2019-01-24,0,0.0,0,0.0,36.4,False,
2019-01-25,0,0.0,0,0.0,36.4,False,
2019-01-26,0,0.0,0,0.0,36.4,False,
2019-01-27,0,0.0,0,0.0,36.4,False,
2019-01-28,0,0.0,0,0.0,36.4,False,
2019-01-29,0,0.0,0,0.0,36.4,False,
2019-01-30,0,0.0,0,0.0,36.4,False,
2019-01-31,0,0.0,0,0.0,36.4,False,
2019-02-01,0,0.0,0,0.0,36.4,False,
2019-02-02,0,0.0,0,0.0,36.4,False,
2019-02-03,0,0.0,0,0.0,36.4,False,
2019-02-04,0,0.0,0,0.0,36.4,False,
2019-02-05,0,0.0,0,0.0,36.4,False,
2019-02-06,0,0.0,0,0.0,36.4,False,
2019-02-07,0,0.0,0,0.0,36.4,False,
2019-02-08,0,0.0,0,0.0,36.4,False,
2019-02-09,0,0.0,0,0.0,36.4,False,
2019-02-10,0,0.0,0,0.0,36.4,False,
2019-02-11,0,0.0,0,0.0,36.4,False,
2019-02-12,0,0.0,0,0.0,36.4,False,
2019-02-13,0,0.0,0,0.0,36.4,False,
2019-02-14,0,0.0,0,0.0,36.4,False,
2019-02-15,0,0.0,0,0.0,36.4,False,
2019-02-16,0,0.0,0,0.0,36.4,False,
2019-02-17,0,0.0,0,0.0,36.4,False,
2019-02-18,0,0.0,0,0.0,36.4,False,
2019-02-19,0,0.0,0,0.0,36.4,False,
2019-02-20,0,0.0,0,0.0,36.4,False,
2019-02-21,0,0.0,0,0.0,36.4,False,
2019-02-22,0,0.0,0,0.0,36.4,False,
2019-02-23,0,0.0,0,0.0,36.4,False,
2019-02-24,0,0.0,0,0.0,36.4,False,
2019-02-25,0,0.0,0,0.0,36.4,False,
2019-02-26,0,0.0,0,0.0,36.4,False,
2019-02-27,0,0.0,0,0.0,36.4,False,
2019-02-28,0,0.0,0,0.0,36.4,False,
2019-03-01,0,0.0,0,0.0,36.4,False,
2019-03-02,1,10.0,0,0.0,36.4,False,
2019-03-03,1,10.0,1,-10.0,26.4,False,
2019-03-04,1,10.0,1,-10.0,16.4,False,
2019-03-05,0,0.0,1,11.7,28.1,False,
2019-03-06,0,0.0,0,0.0,28.1,False,
2019-03-07,0,0.0,0,0.0,28.1,False,
2019-03-08,0,0.0,0,0.0,28.1,False,
2019-03-09,1,10.0,0,0.0,28.1,False,
2019-03-10,1,10.0,1,-10.0,18.1,False,
2019-03-11,0,0.0,1,-10.0,8.1,False,
2019-03-12,0,0.0,0,0.0,8.1,False,
2019-03-13,0,0.0,0,0.0,8.1,False,
2019-03-14,0,0.0,0,0.0,8.1,False,
2019-03-15,0,0.0,0,0.0,8.1,False,
2019-03-16,1,10.0,0,0.0,8.1,False,
2019-03-17,1,10.0,1,-10.0,-1.9,False,
2019-03-18,1,10.0,1,16.2,14.3,False,
2019-03-19,0,0.0,1,-10.0,4.3,False,
2019-03-20,0,0.0,0,0.0,4.3,False,
2019-03-21,0,0.0,0,0.0,4.3,False,
2019-03-22,0,0.0,0,0.0,4.3,False,
2019-03-23,1,10.0,0,0.0,4.3,False,
2019-03-24,0,0.0,1,12.8,17.1,False,
2019-03-25,0,0.0,0,0.0,17.1,False,
2019-03-26,0,0.0,0,0.0,17.1,False,
2019-03-27,0,0.0,0,0.0,17.1,False,
2019-03-28,0,0.0,0,0.0,17.1,False,
2019-03-29,0,0.0,0,0.0,17.1,False,
2019-03-30,1,10.0,0,0.0,17.1,False,
2019-03-31,1,10.0,1,-10.0,7.1,False,
2019-04-01,1,10.0,1,-10.0,-2.9,False,
2019-04-02,0,0.0,1,7.2,4.3,False,
2019-04-03,0,0.0,0,0.0,4.3,False,
2019-04-04,0,0.0,0,0.0,4.3,False,
2019-04-05,0,0.0,0,0.0,4.3,False,
2019-04-06,1,10.0,0,0.0,4.3,False,
2019-04-07,1,10.0,1,-10.0,-5.7,False,
2019-04-08,0,0.0,1,23.2,17.5,False,
2019-04-09,0,0.0,0,0.0,17.5,False,
2019-04-10,1,10.0,0,0.0,17.5,False,
2019-04-11,0,0.0,1,-10.0,7.5,False,
2019-04-12,0,0.0,0,0.0,7.5,False,
2019-04-13,1,10.0,0,0.0,7.5,False,
2019-04-14,1,10.0,1,13.2,20.7,False,
2019-04-15,0,0.0,1,-10.0,10.7,False,
2019-04-16,0,0.0,0,0.0,10.7,False,
2019-04-17,0,0.0,0,0.0,10.7,False,
2019-04-18,1,10.0,0,0.0,10.7,False,
2019-04-19,0,0.0,1,26.3,37.0,False,
2019-04-20,1,10.0,0,0.0,37.0,False,
2019-04-21,1,10.0,1,8.5,45.5,False,
2019-04-22,0,0.0,1,28.4,73.9,False,
2019-04-23,0,0.0,0,0.0,73.9,False,
2019-04-24,0,0.0,0,0.0,73.9,False,
2019-04-25,1,10.0,0,0.0,73.9,False,
2019-04-26,0,0.0,1,-10.0,63.9,False,
2019-04-27,1,10.0,0,0.0,63.9,False,
2019-04-28,1,10.0,1,-10.0,53.9,False,
2019-04-29,0,0.0,1,-10.0,43.9,False,
2019-04-30,0,0.0,0,0.0,43.9,False,
2019-05-01,0,0.0,0,0.0,43.9,False,
2019-05-02,0,0.0,0,0.0,43.9,False,
2019-05-03,0,0.0,0,0.0,43.9,False,
2019-05-04,0,0.0,0,0.0,43.9,False,
2019-05-05,0,0.0,0,0.0,43.9,False,
2019-05-06,0,0.0,0,0.0,43.9,False,
2019-05-07,0,0.0,0,0.0,43.9,False,
2019-05-08,0,0.0,0,0.0,43.9,False,
2019-05-09,0,0.0,0,0.0,43.9,False,
2019-05-10,0,0.0,0,0.0,43.9,False,
2019-05-11,0,0.0,0,0.0,43.9,False,
2019-05-12,0,0.0,0,0.0,43.9,False,
2019-05-13,0,0.0,0,0.0,43.9,False,
2019-05-14,0,0.0,0,0.0,43.9,False,
2019-05-15,0,0.0,0,0.0,43.9,False,
2019-05-16,0,0.0,0,0.0,43.9,False,
2019-05-17,0,0.0,0,0.0,43.9,False,
2019-05-18,0,0.0,0,0.0,43.9,False,
2019-05-19,0,0.0,0,0.0,43.9,False,
2019-05-20,0,0.0,0,0.0,43.9,False,
2019-05-21,0,0.0,0,0.0,43.9,False,
2019-05-22,0,0.0,0,0.0,43.9,False,
2019-05-23,0,0.0,0,0.0,43.9,False,
2019-05-24,0,0.0,0,0.0,43.9,False,
2019-05-25,0,0.0,0,0.0,43.9,False,
2019-05-26,0,0.0,0,0.0,43.9,False,
2019-05-27,0,0.0,0,0.0,43.9,False,
2019-05-28,0,0.0,0,0.0,43.9,False,
2019-05-29,0,0.0,0,0.0,43.9,False,
2019-05-30,0,0.0,0,0.0,43.9,False,
2019-05-31,0,0.0,0,0.0,43.9,False,
2019-06-01,0,0.0,0,0.0,43.9,False,
2019-06-02,0,0.0,0,0.0,43.9,False,
2019-06-03,0,0.0,0,0.0,43.9,False,
2019-06-04,0,0.0,0,0.0,43.9,False,
2019-06-05,0,0.0,0,0.0,43.9,False,
2019-06-06,0,0.0,0,0.0,43.9,False,
2019-06-07,0,0.0,0,0.0,43.9,False,
2019-06-08,0,0.0,0,0.0,43.9,False,
2019-06-09,0,0.0,0,0.0,43.9,False,
2019-06-10,0,0.0,0,0.0,43.9,False,
2019-06-11,0,0.0,0,0.0,43.9,False,
2019-06-12,0,0.0,0,0.0,43.9,False,
2019-06-13,0,0.0,0,0.0,43.9,False,
2019-06-14,0,0.0,0,0.0,43.9,False,
2019-06-15,0,0.0,0,0.0,43.9,False,
2019-06-16,0,0.0,0,0.0,43.9,False,
2019-06-17,0,0.0,0,0.0,43.9,False,
2019-06-18,0,0.0,0,0.0,43.9,False,
2019-06-19,0,0.0,0,0.0,43.9,False,
2019-06-20,0,0.0,0,0.0,43.9,False,
2019-06-21,0,0.0,0,0.0,43.9,False,
2019-06-22,0,0.0,0,0.0,43.9,False,
2019-06-23,0,0.0,0,0.0,43.9,False,
2019-06-24,0,0.0,0,0.0,43.9,False,
2019-06-25,0,0.0,0,0.0,43.9,False,
2019-06-26,0,0.0,0,0.0,43.9,False,
2019-06-27,0,0.0,0,0.0,43.9,False,
2019-06-28,0,0.0,0,0.0,43.9,False,
2019-06-29,0,0.0,0,0.0,43.9,False,
2019-06-30,0,0.0,0,0.0,43.9,False,
2019-07-01,0,0.0,0,0.0,43.9,False,
2019-07-02,0,0.0,0,0.0,43.9,False,
2019-07-03,0,0.0,0,0.0,43.9,False,
2019-07-04,0,0.0,0,0.0,43.9,False,
2019-07-05,0,0.0,0,0.0,43.9,False,
2019-07-06,0,0.0,0,0.0,43.9,False,
2019-07-07,0,0.0,0,0.0,43.9,False,
2019-07-08,0,0.0,0,0.0,43.9,False,
2019-07-09,0,0.0,0,0.0,43.9,False,
2019-07-10,0,0.0,0,0.0,43.9,False,
2019-07-11,0,0.0,0,0.0,43.9,False,
2019-07-12,0,0.0,0,0.0,43.9,False,
2019-07-13,0,0.0,0,0.0,43.9,False,
2019-07-14,0,0.0,0,0.0,43.9,False,
2019-07-15,0,0.0,0,0.0,43.9,False,
2019-07-16,0,0.0,0,0.0,43.9,False,
2019-07-17,0,0.0,0,0.0,43.9,False,
2019-07-18,0,0.0,0,0.0,43.9,False,
2019-07-19,0,0.0,0,0.0,43.9,False,
2019-07-20,0,0.0,0,0.0,43.9,False,
2019-07-21,0,0.0,0,0.0,43.9,False,
2019-07-22,0,0.0,0,0.0,43.9,False,
2019-07-23,0,0.0,0,0.0,43.9,False,
2019-07-24,0,0.0,0,0.0,43.9,False,
2019-07-25,0,0.0,0,0.0,43.9,False,
2019-07-26,0,0.0,0,0.0,43.9,False,
2019-07-27,0,0.0,0,0.0,43.9,False,
2019-07-28,0,0.0,0,0.0,43.9,False,
2019-07-29,0,0.0,0,0.0,43.9,False,
2019-07-30,0,0.0,0,0.0,43.9,False,
2019-07-31,0,0.0,0,0.0,43.9,False,
2019-08-01,0,0.0,0,0.0,43.9,False,
2019-08-02,0,0.0,0,0.0,43.9,False,
2019-08-03,0,0.0,0,0.0,43.9,False,
2019-08-04,0,0.0,0,0.0,43.9,False,
2019-08-05,0,0.0,0,0.0,43.9,False,
2019-08-06,0,0.0,0,0.0,43.9,False,
2019-08-07,0,0.0,0,0.0,43.9,False,
2019-08-08,0,0.0,0,0.0,43.9,False,
2019-08-09,0,0.0,0,0.0,43.9,False,
2019-08-10,0,0.0,0,0.0,43.9,False,
2019-08-11,0,0.0,0,0.0,43.9,False,
2019-08-12,0,0.0,0,0.0,43.9,False,
2019-08-13,0,0.0,0,0.0,43.9,False,
2019-08-14,0,0.0,0,0.0,43.9,False,
2019-08-15,0,0.0,0,0.0,43.9,False,
2019-08-16,0,0.0,0,0.0,43.9,False,
2019-08-17,0,0.0,0,0.0,43.9,False,
2019-08-18,0,0.0,0,0.0,43.9,False,
2019-08-19,0,0.0,0,0.0,43.9,False,
2019-08-20,0,0.0,0,0.0,43.9,False,
2019-08-21,0,0.0,0,0.0,43.9,False,
2019-08-22,0,0.0,0,0.0,43.9,False,
2019-08-23,0,0.0,0,0.0,43.9,False,
2019-08-24,0,0.0,0,0.0,43.9,False,
2019-08-25,0,0.0,0,0.0,43.9,False,
2019-08-26,0,0.0,0,0.0,43.9,False,
2019-08-27,0,0.0,0,0.0,43.9,False,
2019-08-28,0,0.0,0,0.0,43.9,False,
2019-08-29,0,0.0,0,0.0,43.9,False,
2019-08-30,0,0.0,0,0.0,43.9,False,
2019-08-31,0,0.0,0,0.0,43.9,False,
2019-09-01,1,10.0,0,0.0,43.9,False,
2019-09-02,0,0.0,1,-10.0,33.9,False,
2019-09-03,0,0.0,0,0.0,33.9,False,
2019-09-04,0,0.0,0,0.0,33.9,False,
2019-09-05,0,0.0,0,0.0,33.9,False,
2019-09-06,0,0.0,0,0.0,33.9,False,
2019-09-07,0,0.0,0,0.0,33.9,False,
2019-09-08,1,10.0,0,0.0,33.9,False,
2019-09-09,0,0.0,1,-10.0,23.9,False,
2019-09-10,0,0.0,0,0.0,23.9,False,
2019-09-11,0,0.0,0,0.0,23.9,False,
2019-09-12,1,10.0,0,0.0,23.9,False,
2019-09-13,0,0.0,1,17.4,41.3,False,
2019-09-14,0,0.0,0,0.0,41.3,False,
2019-09-15,1,10.0,0,0.0,41.3,False,
2019-09-16,1,10.0,1,-10.0,31.3,False,
2019-09-17,0,0.0,1,10.6,41.9,False,
2019-09-18,0,0.0,0,0.0,41.9,False,
2019-09-19,1,10.0,0,0.0,41.9,False,
2019-09-20,0,0.0,1,-10.0,31.9,False,
2019-09-21,1,10.0,0,0.0,31.9,False,
2019-09-22,1,10.0,1,-10.0,21.9,False,
2019-09-23,1,10.0,1,-10.0,11.9,False,
2019-09-24,0,0.0,1,14.1,26.0,False,
2019-09-25,0,0.0,0,0.0,26.0,False,
2019-09-26,1,10.0,0,0.0,26.0,False,
2019-09-27,0,0.0,1,2.4,28.4,False,
2019-09-28,0,0.0,0,0.0,28.4,False,
2019-09-29,1,10.0,0,0.0,28.4,False,
2019-09-30,1,10.0,1,-10.0,18.4,False,
2019-10-01,0,0.0,1,-10.0,8.4,False,
2019-10-02,0,0.0,0,0.0,8.4,False,
2019-10-03,0,0.0,0,0.0,8.4,False,
2019-10-04,0,0.0,0,0.0,8.4,False,
2019-10-05,0,0.0,0,0.0,8.4,False,
2019-10-06,0,0.0,0,0.0,8.4,False,
2019-10-07,0,0.0,0,0.0,8.4,False,
2019-10-08,0,0.0,0,0.0,8.4,False,
2019-10-09,0,0.0,0,0.0,8.4,False,
2019-10-10,0,0.0,0,0.0,8.4,False,
2019-10-11,0,0.0,0,0.0,8.4,False,
2019-10-12,0,0.0,0,0.0,8.4,False,
2019-10-13,0,0.0,0,0.0,8.4,False,
2019-10-14,0,0.0,0,0.0,8.4,False,
2019-10-15,0,0.0,0,0.0,8.4,False,
2019-10-16,0,0.0,0,0.0,8.4,False,
2019-10-17,0,0.0,0,0.0,8.4,False,
2019-10-18,0,0.0,0,0.0,8.4,False,
2019-10-19,0,0.0,0,0.0,8.4,False,
2019-10-20,0,0.0,0,0.0,8.4,False,
2019-10-21,0,0.0,0,0.0,8.4,False,
2019-10-22,0,0.0,0,0.0,8.4,False,
2019-10-23,0,0.0,0,0.0,8.4,False,
2019-10-24,0,0.0,0,0.0,8.4,False,
2019-10-25,0,0.0,0,0.0,8.4,False,
2019-10-26,0,0.0,0,0.0,8.4,False,
2019-10-27,0,0.0,0,0.0,8.4,False,
2019-10-28,0,0.0,0,0.0,8.4,False,
2019-10-29,0,0.0,0,0.0,8.4,False,
2019-10-30,0,0.0,0,0.0,8.4,False,
2019-10-31,0,0.0,0,0.0,8.4,False,
2019-11-01,0,0.0,0,0.0,8.4,False,
2019-11-02,0,0.0,0,0.0,8.4,False,
2019-11-03,0,0.0,0,0.0,8.4,False,
2019-11-04,0,0.0,0,0.0,8.4,False,
2019-11-05,0,0.0,0,0.0,8.4,False,
2019-11-06,0,0.0,0,0.0,8.4,False,
2019-11-07,0,0.0,0,0.0,8.4,False,
2019-11-08,0,0.0,0,0.0,8.4,False,
2019-11-09,0,0.0,0,0.0,8.4,False,
2019-11-10,0,0.0,0,0.0,8.4,False,
2019-11-11,0,0.0,0,0.0,8.4,False,
2019-11-12,0,0.0,0,0.0,8.4,False,
2019-11-13,0,0.0,0,0.0,8.4,False,
2019-11-14,0,0.0,0,0.0,8.4,False,
2019-11-15,0,0.0,0,0.0,8.4,False,
2019-11-16,0,0.0,0,0.0,8.4,False,
2019-11-17,0,0.0,0,0.0,8.4,False,
2019-11-18,0,0.0,0,0.0,8.4,False,
2019-11-19,0,0.0,0,0.0,8.4,False,
2019-11-20,0,0.0,0,0.0,8.4,False,
2019-11-21,0,0.0,0,0.0,8.4,False,
2019-11-22,0,0.0,0,0.0,8.4,False,
2019-11-23,0,0.0,0,0.0,8.4,False,
2019-11-24,0,0.0,0,0.0,8.4,False,
2019-11-25,0,0.0,0,0.0,8.4,False,
2019-11-26,0,0.0,0,0.0,8.4,False,
2019-11-27,0,0.0,0,0.0,8.4,False,
2019-11-28,0,0.0,0,0.0,8.4,False,
2019-11-29,0,0.0,0,0.0,8.4,False,
2019-11-30,0,0.0,0,0.0,8.4,False,
2019-12-01,0,0.0,0,0.0,8.4,False,
2019-12-02,0,0.0,0,0.0,8.4,False,
2019-12-03,0,0.0,0,0.0,8.4,False,
2019-12-04,0,0.0,0,0.0,8.4,False,
2019-12-05,0,0.0,0,0.0,8.4,False,
2019-12-06,0,0.0,0,0.0,8.4,False,
2019-12-07,0,0.0,0,0.0,8.4,False,
2019-12-08,0,0.0,0,0.0,8.4,False,
2019-12-09,0,0.0,0,0.0,8.4,False,
2019-12-10,0,0.0,0,0.0,8.4,False,
2019-12-11,0,0.0,0,0.0,8.4,False,
2019-12-12,0,0.0,0,0.0,8.4,False,
2019-12-13,0,0.0,0,0.0,8.4,False,
2019-12-14,0,0.0,0,0.0,8.4,False,
2019-12-15,0,0.0,0,0.0,8.4,False,
2019-12-16,0,0.0,0,0.0,8.4,False,
2019-12-17,0,0.0,0,0.0,8.4,False,
2019-12-18,0,0.0,0,0.0,8.4,False,
2019-12-19,0,0.0,0,0.0,8.4,False,
2019-12-20,0,0.0,0,0.0,8.4,False,
2019-12-21,0,0.0,0,0.0,8.4,False,
2019-12-22,0,0.0,0,0.0,8.4,False,
2019-12-23,0,0.0,0,0.0,8.4,False,
2019-12-24,0,0.0,0,0.0,8.4,False,
2019-12-25,0,0.0,0,0.0,8.4,False,
2019-12-26,0,0.0,0,0.0,8.4,False,
2019-12-27,0,0.0,0,0.0,8.4,False,
2019-12-28,0,0.0,0,0.0,8.4,False,
2019-12-29,0,0.0,0,0.0,8.4,False,
2019-12-30,0,0.0,0,0.0,8.4,False,
2019-12-31,0,0.0,0,0.0,8.4,False,
2020-01-01,0,0.0,0,0.0,8.4,False,
2020-01-02,0,0.0,0,0.0,8.4,False,
2020-01-03,0,0.0,0,0.0,8.4,False,
2020-01-04,0,0.0,0,0.0,8.4,False,
2020-01-05,0,0.0,0,0.0,8.4,False,
2020-01-06,0,0.0,0,0.0,8.4,False,
2020-01-07,0,0.0,0,0.0,8.4,False,
2020-01-08,0,0.0,0,0.0,8.4,False,
2020-01-09,0,0.0,0,0.0,8.4,False,
2020-01-10,0,0.0,0,0.0,8.4,False,
2020-01-11,0,0.0,0,0.0,8.4,False,
2020-01-12,0,0.0,0,0.0,8.4,False,
2020-01-13,0,0.0,0,0.0,8.4,False,
2020-01-14,0,0.0,0,0.0,8.4,False,
2020-01-15,0,0.0,0,0.0,8.4,False,
2020-01-16,0,0.0,0,0.0,8.4,False,
2020-01-17,0,0.0,0,0.0,8.4,False,
2020-01-18,0,0.0,0,0.0,8.4,False,
2020-01-19,0,0.0,0,0.0,8.4,False,
2020-01-20,0,0.0,0,0.0,8.4,False,
2020-01-21,0,0.0,0,0.0,8.4,False,
2020-01-22,0,0.0,0,0.0,8.4,False,
2020-01-23,0,0.0,0,0.0,8.4,False,
2020-01-24,0,0.0,0,0.0,8.4,False,
2020-01-25,0,0.0,0,0.0,8.4,False,
2020-01-26,0,0.0,0,0.0,8.4,False,
2020-01-27,0,0.0,0,0.0,8.4,False,
2020-01-28,0,0.0,0,0.0,8.4,False,
2020-01-29,0,0.0,0,0.0,8.4,False,
2020-01-30,0,0.0,0,0.0,8.4,False,
2020-01-31,0,0.0,0,0.0,8.4,False,
2020-02-01,0,0.0,0,0.0,8.4,False,
2020-02-02,0,0.0,0,0.0,8.4,False,
2020-02-03,0,0.0,0,0.0,8.4,False,
2020-02-04,0,0.0,0,0.0,8.4,False,
2020-02-05,0,0.0,0,0.0,8.4,False,
2020-02-06,0,0.0,0,0.0,8.4,False,
2020-02-07,0,0.0,0,0.0,8.4,False,
2020-02-08,0,0.0,0,0.0,8.4,False,
2020-02-09,0,0.0,0,0.0,8.4,False,
2020-02-10,0,0.0,0,0.0,8.4,False,
2020-02-11,0,0.0,0,0.0,8.4,False,
2020-02-12,0,0.0,0,0.0,8.4,False,
2020-02-13,0,0.0,0,0.0,8.4,False,
2020-02-14,0,0.0,0,0.0,8.4,False,
2020-02-15,0,0.0,0,0.0,8.4,False,
2020-02-16,0,0.0,0,0.0,8.4,False,
2020-02-17,0,0.0,0,0.0,8.4,False,
2020-02-18,0,0.0,0,0.0,8.4,False,
2020-02-19,0,0.0,0,0.0,8.4,False,
2020-02-20,0,0.0,0,0.0,8.4,False,
2020-02-21,0,0.0,0,0.0,8.4,False,
2020-02-22,0,0.0,0,0.0,8.4,False,
2020-02-23,0,0.0,0,0.0,8.4,False,
2020-02-24,0,0.0,0,0.0,8.4,False,
2020-02-25,0,0.0,0,0.0,8.4,False,
2020-02-26,0,0.0,0,0.0,8.4,False,
2020-02-27,0,0.0,0,0.0,8.4,False,
2020-02-28,0,0.0,0,0.0,8.4,False,
2020-02-29,0,0.0,0,0.0,8.4,False,
2020-03-01,0,0.0,0,0.0,8.4,False,
2020-03-02,0,0.0,0,0.0,8.4,False,
2020-03-03,0,0.0,0,0.0,8.4,False,
2020-03-04,0,0.0,0,0.0,8.4,False,
2020-03-05,0,0.0,0,0.0,8.4,False,
2020-03-06,0,0.0,0,0.0,8.4,False,
2020-03-07,0,0.0,0,0.0,8.4,False,
2020-03-08,0,0.0,0,0.0,8.4,False,
2020-03-09,0,0.0,0,0.0,8.4,False,
2020-03-10,0,0.0,0,0.0,8.4,False,
2020-03-11,0,0.0,0,0.0,8.4,False,
2020-03-12,0,0.0,0,0.0,8.4,False,
2020-03-13,0,0.0,0,0.0,8.4,False,
2020-03-14,0,0.0,0,0.0,8.4,False,
2020-03-15,0,0.0,0,0.0,8.4,False,
2020-03-16,0,0.0,0,0.0,8.4,False,
2020-03-17,0,0.0,0,0.0,8.4,False,
2020-03-18,0,0.0,0,0.0,8.4,False,
2020-03-19,0,0.0,0,0.0,8.4,False,
2020-03-20,0,0.0,0,0.0,8.4,False,
2020-03-21,0,0.0,0,0.0,8.4,False,
2020-03-22,0,0.0,0,0.0,8.4,False,
2020-03-23,0,0.0,0,0.0,8.4,False,
2020-03-24,0,0.0,0,0.0,8.4,False,
2020-03-25,0,0.0,0,0.0,8.4,False,
2020-03-26,0,0.0,0,0.0,8.4,False,
2020-03-27,0,0.0,0,0.0,8.4,False,
2020-03-28,0,0.0,0,0.0,8.4,False,
2020-03-29,0,0.0,0,0.0,8.4,False,
2020-03-30,0,0.0,0,0.0,8.4,False,
2020-03-31,0,0.0,0,0.0,8.4,False,
2020-04-01,0,0.0,0,0.0,8.4,False,
2020-04-02,0,0.0,0,0.0,8.4,False,
2020-04-03,0,0.0,0,0.0,8.4,False,
2020-04-04,0,0.0,0,0.0,8.4,False,
2020-04-05,0,0.0,0,0.0,8.4,False,
2020-04-06,0,0.0,0,0.0,8.4,False,
2020-04-07,0,0.0,0,0.0,8.4,False,
2020-04-08,0,0.0,0,0.0,8.4,False,
2020-04-09,0,0.0,0,0.0,8.4,False,
2020-04-10,0,0.0,0,0.0,8.4,False,
2020-04-11,0,0.0,0,0.0,8.4,False,
2020-04-12,0,0.0,0,0.0,8.4,False,
2020-04-13,0,0.0,0,0.0,8.4,False,
2020-04-14,0,0.0,0,0.0,8.4,False,
2020-04-15,0,0.0,0,0.0,8.4,False,
2020-04-16,0,0.0,0,0.0,8.4,False,
2020-04-17,0,0.0,0,0.0,8.4,False,
2020-04-18,0,0.0,0,0.0,8.4,False,
2020-04-19,0,0.0,0,0.0,8.4,False,
2020-04-20,0,0.0,0,0.0,8.4,False,
2020-04-21,0,0.0,0,0.0,8.4,False,
2020-04-22,0,0.0,0,0.0,8.4,False,
2020-04-23,0,0.0,0,0.0,8.4,False,
2020-04-24,0,0.0,0,0.0,8.4,False,
2020-04-25,0,0.0,0,0.0,8.4,False,
2020-04-26,0,0.0,0,0.0,8.4,False,
2020-04-27,0,0.0,0,0.0,8.4,False,
2020-04-28,0,0.0,0,0.0,8.4,False,
2020-04-29,0,0.0,0,0.0,8.4,False,
2020-04-30,0,0.0,0,0.0,8.4,False,
2020-05-01,0,0.0,0,0.0,8.4,False,
2020-05-02,0,0.0,0,0.0,8.4,False,
2020-05-03,0,0.0,0,0.0,8.4,False,
2020-05-04,0,0.0,0,0.0,8.4,False,
2020-05-05,0,0.0,0,0.0,8.4,False,
2020-05-06,0,0.0,0,0.0,8.4,False,
2020-05-07,0,0.0,0,0.0,8.4,False,
2020-05-08,0,0.0,0,0.0,8.4,False,
2020-05-09,0,0.0,0,0.0,8.4,False,
2020-05-10,0,0.0,0,0.0,8.4,False,
2020-05-11,0,0.0,0,0.0,8.4,False,
2020-05-12,0,0.0,0,0.0,8.4,False,
2020-05-13,0,0.0,0,0.0,8.4,False,
2020-05-14,0,0.0,0,0.0,8.4,False,
2020-05-15,0,0.0,0,0.0,8.4,False,
2020-05-16,0,0.0,0,0.0,8.4,False,
2020-05-17,0,0.0,0,0.0,8.4,False,
2020-05-18,0,0.0,0,0.0,8.4,False,
2020-05-19,0,0.0,0,0.0,8.4,False,
2020-05-20,0,0.0,0,0.0,8.4,False,
2020-05-21,0,0.0,0,0.0,8.4,False,
2020-05-22,0,0.0,0,0.0,8.4,False,
2020-05-23,0,0.0,0,0.0,8.4,False,
2020-05-24,0,0.0,0,0.0,8.4,False,
2020-05-25,0,0.0,0,0.0,8.4,False,
2020-05-26,0,0.0,0,0.0,8.4,False,
2020-05-27,0,0.0,0,0.0,8.4,False,
2020-05-28,0,0.0,0,0.0,8.4,False,
2020-05-29,0,0.0,0,0.0,8.4,False,
2020-05-30,0,0.0,0,0.0,8.4,False,
2020-05-31,0,0.0,0,0.0,8.4,False,
2020-06-01,0,0.0,0,0.0,8.4,False,
2020-06-02,0,0.0,0,0.0,8.4,False,
2020-06-03,0,0.0,0,0.0,8.4,False,
2020-06-04,0,0.0,0,0.0,8.4,False,
2020-06-05,0,0.0,0,0.0,8.4,False,
2020-06-06,0,0.0,0,0.0,8.4,False,
2020-06-07,0,0.0,0,0.0,8.4,False,
2020-06-08,0,0.0,0,0.0,8.4,False,
2020-06-09,0,0.0,0,0.0,8.4,False,
2020-06-10,0,0.0,0,0.0,8.4,False,
2020-06-11,0,0.0,0,0.0,8.4,False,
2020-06-12,0,0.0,0,0.0,8.4,False,
2020-06-13,0,0.0,0,0.0,8.4,False,
2020-06-14,0,0.0,0,0.0,8.4,False,
2020-06-15,0,0.0,0,0.0,8.4,False,
2020-06-16,0,0.0,0,0.0,8.4,False,
2020-06-17,0,0.0,0,0.0,8.4,False,
2020-06-18,0,0.0,0,0.0,8.4,False,
2020-06-19,0,0.0,0,0.0,8.4,False,
2020-06-20,0,0.0,0,0.0,8.4,False,
2020-06-21,0,0.0,0,0.0,8.4,False,
2020-06-22,0,0.0,0,0.0,8.4,False,
2020-06-23,0,0.0,0,0.0,8.4,False,
2020-06-24,0,0.0,0,0.0,8.4,False,
2020-06-25,0,0.0,0,0.0,8.4,False,
2020-06-26,0,0.0,0,0.0,8.4,False,
2020-06-27,0,0.0,0,0.0,8.4,False,
2020-06-28,0,0.0,0,0.0,8.4,False,
2020-06-29,0,0.0,0,0.0,8.4,False,
2020-06-30,0,0.0,0,0.0,8.4,False,
2020-07-01,0,0.0,0,0.0,8.4,False,
2020-07-02,0,0.0,0,0.0,8.4,False,
2020-07-03,0,0.0,0,0.0,8.4,False,
2020-07-04,0,0.0,0,0.0,8.4,False,
2020-07-05,0,0.0,0,0.0,8.4,False,
2020-07-06,0,0.0,0,0.0,8.4,False,
2020-07-07,0,0.0,0,0.0,8.4,False,
2020-07-08,0,0.0,0,0.0,8.4,False,
2020-07-09,0,0.0,0,0.0,8.4,False,
2020-07-10,0,0.0,0,0.0,8.4,False,
2020-07-11,0,0.0,0,0.0,8.4,False,
2020-07-12,0,0.0,0,0.0,8.4,False,
2020-07-13,0,0.0,0,0.0,8.4,False,
2020-07-14,0,0.0,0,0.0,8.4,False,
2020-07-15,0,0.0,0,0.0,8.4,False,
2020-07-16,0,0.0,0,0.0,8.4,False,
2020-07-17,0,0.0,0,0.0,8.4,False,
2020-07-18,0,0.0,0,0.0,8.4,False,
2020-07-19,0,0.0,0,0.0,8.4,False,
2020-07-20,0,0.0,0,0.0,8.4,False,
2020-07-21,0,0.0,0,0.0,8.4,False,
2020-07-22,0,0.0,0,0.0,8.4,False,
2020-07-23,0,0.0,0,0.0,8.4,False,
2020-07-24,0,0.0,0,0.0,8.4,False,
2020-07-25,0,0.0,0,0.0,8.4,False,
2020-07-26,0,0.0,0,0.0,8.4,False,
2020-07-27,0,0.0,0,0.0,8.4,False,
2020-07-28,0,0.0,0,0.0,8.4,False,
2020-07-29,0,0.0,0,0.0,8.4,False,
2020-07-30,0,0.0,0,0.0,8.4,False,
2020-07-31,0,0.0,0,0.0,8.4,False,
2020-08-01,0,0.0,0,0.0,8.4,False,
2020-08-02,0,0.0,0,0.0,8.4,False,
2020-08-03,0,0.0,0,0.0,8.4,False,
2020-08-04,0,0.0,0,0.0,8.4,False,
2020-08-05,0,0.0,0,0.0,8.4,False,
2020-08-06,0,0.0,0,0.0,8.4,False,
2020-08-07,0,0.0,0,0.0,8.4,False,
2020-08-08,0,0.0,0,0.0,8.4,False,
2020-08-09,0,0.0,0,0.0,8.4,False,
2020-08-10,0,0.0,0,0.0,8.4,False,
2020-08-11,0,0.0,0,0.0,8.4,False,
2020-08-12,0,0.0,0,0.0,8.4,False,
2020-08-13,0,0.0,0,0.0,8.4,False,
2020-08-14,0,0.0,0,0.0,8.4,False,
2020-08-15,0,0.0,0,0.0,8.4,False,
2020-08-16,0,0.0,0,0.0,8.4,False,
2020-08-17,0,0.0,0,0.0,8.4,False,
2020-08-18,0,0.0,0,0.0,8.4,False,
2020-08-19,0,0.0,0,0.0,8.4,False,
2020-08-20,0,0.0,0,0.0,8.4,False,
2020-08-21,0,0.0,0,0.0,8.4,False,
2020-08-22,0,0.0,0,0.0,8.4,False,
2020-08-23,0,0.0,0,0.0,8.4,False,
2020-08-24,0,0.0,0,0.0,8.4,False,
2020-08-25,0,0.0,0,0.0,8.4,False,
2020-08-26,0,0.0,0,0.0,8.4,False,
2020-08-27,0,0.0,0,0.0,8.4,False,
2020-08-28,0,0.0,0,0.0,8.4,False,
2020-08-29,0,0.0,0,0.0,8.4,False,
2020-08-30,0,0.0,0,0.0,8.4,False,
2020-08-31,0,0.0,0,0.0,8.4,False,
2020-09-01,0,0.0,0,0.0,8.4,False,
2020-09-02,0,0.0,0,0.0,8.4,False,
2020-09-03,0,0.0,0,0.0,8.4,False,
2020-09-04,0,0.0,0,0.0,8.4,False,
2020-09-05,0,0.0,0,0.0,8.4,False,
2020-09-06,0,0.0,0,0.0,8.4,False,
2020-09-07,0,0.0,0,0.0,8.4,False,
2020-09-08,0,0.0,0,0.0,8.4,False,
2020-09-09,0,0.0,0,0.0,8.4,False,
2020-09-10,0,0.0,0,0.0,8.4,False,
2020-09-11,0,0.0,0,0.0,8.4,False,
2020-09-12,0,0.0,0,0.0,8.4,False,
2020-09-13,0,0.0,0,0.0,8.4,False,
2020-09-14,0,0.0,0,0.0,8.4,False,
2020-09-15,0,0.0,0,0.0,8.4,False,
2020-09-16,0,0.0,0,0.0,8.4,False,
2020-09-17,0,0.0,0,0.0,8.4,False,
2020-09-18,0,0.0,0,0.0,8.4,False,
2020-09-19,0,0.0,0,0.0,8.4,False,
2020-09-20,0,0.0,0,0.0,8.4,False,
2020-09-21,0,0.0,0,0.0,8.4,False,
2020-09-22,0,0.0,0,0.0,8.4,False,
2020-09-23,0,0.0,0,0.0,8.4,False,
2020-09-24,0,0.0,0,0.0,8.4,False,
2020-09-25,0,0.0,0,0.0,8.4,False,
2020-09-26,0,0.0,0,0.0,8.4,False,
2020-09-27,0,0.0,0,0.0,8.4,False,
2020-09-28,0,0.0,0,0.0,8.4,False,
2020-09-29,0,0.0,0,0.0,8.4,False,
2020-09-30,0,0.0,0,0.0,8.4,False,
2020-10-01,0,0.0,0,0.0,8.4,False,
2020-10-02,0,0.0,0,0.0,8.4,False,
2020-10-03,0,0.0,0,0.0,8.4,False,
2020-10-04,0,0.0,0,0.0,8.4,False,
2020-10-05,0,0.0,0,0.0,8.4,False,
2020-10-06,0,0.0,0,0.0,8.4,False,
2020-10-07,0,0.0,0,0.0,8.4,False,
2020-10-08,0,0.0,0,0.0,8.4,False,
2020-10-09,0,0.0,0,0.0,8.4,False,
2020-10-10,0,0.0,0,0.0,8.4,False,
2020-10-11,0,0.0,0,0.0,8.4,False,
2020-10-12,0,0.0,0,0.0,8.4,False,
2020-10-13,0,0.0,0,0.0,8.4,False,
2020-10-14,0,0.0,0,0.0,8.4,False,
2020-10-15,0,0.0,0,0.0,8.4,False,
2020-10-16,0,0.0,0,0.0,8.4,False,
2020-10-17,0,0.0,0,0.0,8.4,False,
2020-10-18,0,0.0,0,0.0,8.4,False,
2020-10-19,0,0.0,0,0.0,8.4,False,
2020-10-20,0,0.0,0,0.0,8.4,False,
2020-10-21,0,0.0,0,0.0,8.4,False,
2020-10-22,0,0.0,0,0.0,8.4,False,
2020-10-23,0,0.0,0,0.0,8.4,False,
2020-10-24,0,0.0,0,0.0,8.4,False,
2020-10-25,0,0.0,0,0.0,8.4,False,
2020-10-26,0,0.0,0,0.0,8.4,False,
2020-10-27,0,0.0,0,0.0,8.4,False,
2020-10-28,0,0.0,0,0.0,8.4,False,
2020-10-29,0,0.0,0,0.0,8.4,False,
2020-10-30,0,0.0,0,0.0,8.4,False,
2020-10-31,0,0.0,0,0.0,8.4,False,
2020-11-01,0,0.0,0,0.0,8.4,False,
2020-11-02,1,10.0,0,0.0,8.4,False,
2020-11-03,0,0.0,1,-10.0,-1.6,False,
2020-11-04,0,0.0,0,0.0,-1.6,False,
2020-11-05,1,10.0,0,0.0,-1.6,False,
2020-11-06,0,0.0,1,24.2,22.6,False,
2020-11-07,0,0.0,0,0.0,22.6,False,
2020-11-08,1,10.0,0,0.0,22.6,False,
2020-11-09,0,0.0,1,-10.0,12.6,False,
2020-11-10,0,0.0,0,0.0,12.6,False,
2020-11-11,0,0.0,0,0.0,12.6,False,
2020-11-12,0,0.0,0,0.0,12.6,False,
2020-11-13,0,0.0,0,0.0,12.6,False,
2020-11-14,0,0.0,0,0.0,12.6,False,
2020-11-15,0,0.0,0,0.0,12.6,False,
2020-11-16,0,0.0,0,0.0,12.6,False,
2020-11-17,0,0.0,0,0.0,12.6,False,
2020-11-18,0,0.0,0,0.0,12.6,False,
2020-11-19,0,0.0,0,0.0,12.6,False,
2020-11-20,0,0.0,0,0.0,12.6,False,
2020-11-21,1,10.0,0,0.0,12.6,False,
2020-11-22,0,0.0,1,-10.0,2.6,False,
2020-11-23,1,10.0,0,0.0,2.6,False,
2020-11-24,0,0.0,1,14.8,17.4,False,
2020-11-25,0,0.0,0,0.0,17.4,False,
2020-11-26,0,0.0,0,0.0,17.4,False,
2020-11-27,0,0.0,0,0.0,17.4,False,
2020-11-28,0,0.0,0,0.0,17.4,False,
2020-11-29,0,0.0,0,0.0,17.4,False,
2020-11-30,0,0.0,0,0.0,17.4,False,
2020-12-01,0,0.0,0,0.0,17.4,False,
2020-12-02,0,0.0,0,0.0,17.4,False,
2020-12-03,0,0.0,0,0.0,17.4,False,
2020-12-04,0,0.0,0,0.0,17.4,False,
2020-12-05,0,0.0,0,0.0,17.4,False,
2020-12-06,1,10.0,0,0.0,17.4,False,
2020-12-07,0,0.0,1,16.5,33.9,False,
2020-12-08,0,0.0,0,0.0,33.9,False,
2020-12-09,0,0.0,0,0.0,33.9,False,
2020-12-10,0,0.0,0,0.0,33.9,False,
2020-12-11,0,0.0,0,0.0,33.9,False,
2020-12-12,0,0.0,0,0.0,33.9,False,
2020-12-13,1,10.0,0,0.0,33.9,False,
2020-12-14,0,0.0,1,18.1,52.0,False,
2020-12-15,0,0.0,0,0.0,52.0,False,
2020-12-16,0,0.0,0,0.0,52.0,False,
2020-12-17,0,0.0,0,0.0,52.0,False,
2020-12-18,0,0.0,0,0.0,52.0,False,
2020-12-19,0,0.0,0,0.0,52.0,False,
2020-12-20,0,0.0,0,0.0,52.0,False,
2020-12-21,0,0.0,0,0.0,52.0,False,
2020-12-22,0,0.0,0,0.0,52.0,False,
2020-12-23,0,0.0,0,0.0,52.0,False,
2020-12-24,0,0.0,0,0.0,52.0,False,
2020-12-25,0,0.0,0,0.0,52.0,False,
2020-12-26,0,0.0,0,0.0,52.0,False,
2020-12-27,0,0.0,0,0.0,52.0,False,
2020-12-28,0,0.0,0,0.0,52.0,False,
2020-12-29,0,0.0,0,0.0,52.0,False,
2020-12-30,0,0.0,0,0.0,52.0,False,
2020-12-31,0,0.0,0,0.0,52.0,False,
2021-01-01,0,0.0,0,0.0,52.0,False,
2021-01-02,0,0.0,0,0.0,52.0,False,
2021-01-03,0,0.0,0,0.0,52.0,False,
2021-01-04,0,0.0,0,0.0,52.0,False,
2021-01-05,0,0.0,0,0.0,52.0,False,
2021-01-06,0,0.0,0,0.0,52.0,False,
2021-01-07,0,0.0,0,0.0,52.0,False,
2021-01-08,0,0.0,0,0.0,52.0,False,
2021-01-09,0,0.0,0,0.0,52.0,False,
2021-01-10,0,0.0,0,0.0,52.0,False,
2021-01-11,0,0.0,0,0.0,52.0,False,
2021-01-12,0,0.0,0,0.0,52.0,False,
2021-01-13,0,0.0,0,0.0,52.0,False,
2021-01-14,0,0.0,0,0.0,52.0,False,
2021-01-15,0,0.0,0,0.0,52.0,False,
2021-01-16,0,0.0,0,0.0,52.0,False,
2021-01-17,0,0.0,0,0.0,52.0,False,
2021-01-18,0,0.0,0,0.0,52.0,False,
2021-01-19,0,0.0,0,0.0,52.0,False,
2021-01-20,0,0.0,0,0.0,52.0,False,
2021-01-21,0,0.0,0,0.0,52.0,False,
2021-01-22,0,0.0,0,0.0,52.0,False,
2021-01-23,0,0.0,0,0.0,52.0,False,
2021-01-24,0,0.0,0,0.0,52.0,False,
2021-01-25,0,0.0,0,0.0,52.0,False,
2021-01-26,0,0.0,0,0.0,52.0,False,
2021-01-27,0,0.0,0,0.0,52.0,False,
2021-01-28,0,0.0,0,0.0,52.0,False,
2021-01-29,0,0.0,0,0.0,52.0,False,
2021-01-30,0,0.0,0,0.0,52.0,False,
2021-01-31,0,0.0,0,0.0,52.0,False,
2021-02-01,0,0.0,0,0.0,52.0,False,
2021-02-02,0,0.0,0,0.0,52.0,False,
2021-02-03,0,0.0,0,0.0,52.0,False,
2021-02-04,0,0.0,0,0.0,52.0,False,
2021-02-05,0,0.0,0,0.0,52.0,False,
2021-02-06,0,0.0,0,0.0,52.0,False,
2021-02-07,0,0.0,0,0.0,52.0,False,
2021-02-08,0,0.0,0,0.0,52.0,False,
2021-02-09,0,0.0,0,0.0,52.0,False,
2021-02-10,0,0.0,0,0.0,52.0,False,
2021-02-11,0,0.0,0,0.0,52.0,False,
2021-02-12,0,0.0,0,0.0,52.0,False,
2021-02-13,0,0.0,0,0.0,52.0,False,
2021-02-14,0,0.0,0,0.0,52.0,False,
2021-02-15,0,0.0,0,0.0,52.0,False,
2021-02-16,0,0.0,0,0.0,52.0,False,
2021-02-17,0,0.0,0,0.0,52.0,False,
2021-02-18,0,0.0,0,0.0,52.0,False,
2021-02-19,0,0.0,0,0.0,52.0,False,
2021-02-20,0,0.0,0,0.0,52.0,False,
2021-02-21,0,0.0,0,0.0,52.0,False,
2021-02-22,0,0.0,0,0.0,52.0,False,
2021-02-23,0,0.0,0,0.0,52.0,False,
2021-02-24,0,0.0,0,0.0,52.0,False,
2021-02-25,0,0.0,0,0.0,52.0,False,
2021-02-26,0,0.0,0,0.0,52.0,False,
2021-02-27,0,0.0,0,0.0,52.0,False,
2021-02-28,0,0.0,0,0.0,52.0,False,
2021-03-01,0,0.0,0,0.0,52.0,False,
2021-03-02,0,0.0,0,0.0,52.0,False,
2021-03-03,0,0.0,0,0.0,52.0,False,
2021-03-04,0,0.0,0,0.0,52.0,False,
2021-03-05,0,0.0,0,0.0,52.0,False,
2021-03-06,0,0.0,0,0.0,52.0,False,
2021-03-07,0,0.0,0,0.0,52.0,False,
2021-03-08,0,0.0,0,0.0,52.0,False,
2021-03-09,0,0.0,0,0.0,52.0,False,
2021-03-10,0,0.0,0,0.0,52.0,False,
2021-03-11,0,0.0,0,0.0,52.0,False,
2021-03-12,0,0.0,0,0.0,52.0,False,
2021-03-13,0,0.0,0,0.0,52.0,False,
2021-03-14,0,0.0,0,0.0,52.0,False,
2021-03-15,0,0.0,0,0.0,52.0,False,
2021-03-16,0,0.0,0,0.0,52.0,False,
2021-03-17,0,0.0,0,0.0,52.0,False,
2021-03-18,0,0.0,0,0.0,52.0,False,
2021-03-19,0,0.0,0,0.0,52.0,False,
2021-03-20,0,0.0,0,0.0,52.0,False,
2021-03-21,0,0.0,0,0.0,52.0,False,
2021-03-22,0,0.0,0,0.0,52.0,False,
2021-03-23,0,0.0,0,0.0,52.0,False,
2021-03-24,0,0.0,0,0.0,52.0,False,
2021-03-25,0,0.0,0,0.0,52.0,False,
2021-03-26,0,0.0,0,0.0,52.0,False,
2021-03-27,0,0.0,0,0.0,52.0,False,
2021-03-28,0,0.0,0,0.0,52.0,False,
2021-03-29,0,0.0,0,0.0,52.0,False,
2021-03-30,0,0.0,0,0.0,52.0,False,
2021-03-31,0,0.0,0,0.0,52.0,False,
2021-04-01,0,0.0,0,0.0,52.0,False,
2021-04-02,0,0.0,0,0.0,52.0,False,
2021-04-03,0,0.0,0,0.0,52.0,False,
2021-04-04,0,0.0,0,0.0,52.0,False,
2021-04-05,0,0.0,0,0.0,52.0,False,
2021-04-06,0,0.0,0,0.0,52.0,False,
2021-04-07,0,0.0,0,0.0,52.0,False,
2021-04-08,0,0.0,0,0.0,52.0,False,
2021-04-09,0,0.0,0,0.0,52.0,False,
2021-04-10,0,0.0,0,0.0,52.0,False,
2021-04-11,0,0.0,0,0.0,52.0,False,
2021-04-12,0,0.0,0,0.0,52.0,False,
2021-04-13,0,0.0,0,0.0,52.0,False,
2021-04-14,0,0.0,0,0.0,52.0,False,
2021-04-15,0,0.0,0,0.0,52.0,False,
2021-04-16,0,0.0,0,0.0,52.0,False,
2021-04-17,1,10.0,0,0.0,52.0,False,
2021-04-18,1,10.0,1,-10.0,42.0,False,
2021-04-19,1,10.0,1,30.5,72.5,False,
2021-04-20,0,0.0,1,34.4,106.9,False,
2021-04-21,0,0.0,0,0.0,106.9,False,
2021-04-22,0,0.0,0,0.0,106.9,False,
2021-04-23,0,0.0,0,0.0,106.9,False,
2021-04-24,1,10.0,0,0.0,106.9,False,
2021-04-25,1,10.0,1,-10.0,96.9,False,
2021-04-26,0,0.0,1,-10.0,86.9,False,
2021-04-27,0,0.0,0,0.0,86.9,False,
2021-04-28,0,0.0,0,0.0,86.9,False,
2021-04-29,0,0.0,0,0.0,86.9,False,
2021-04-30,0,0.0,0,0.0,86.9,False,
2021-05-01,1,10.0,0,0.0,86.9,False,
2021-05-02,1,10.0,1,-10.0,76.9,False,
2021-05-03,1,10.0,1,-10.0,66.9,False,
2021-05-04,0,0.0,1,-10.0,56.9,False,
2021-05-05,0,0.0,0,0.0,56.9,False,
2021-05-06,0,0.0,0,0.0,56.9,False,
2021-05-07,0,0.0,0,0.0,56.9,False,
2021-05-08,1,10.0,0,0.0,56.9,False,
2021-05-09,1,10.0,1,21.2,78.1,False,
2021-05-10,0,0.0,1,29.5,107.6,False,
2021-05-11,0,0.0,0,0.0,107.6,False,
2021-05-12,0,0.0,0,0.0,107.6,False,
2021-05-13,1,10.0,0,0.0,107.6,False,
2021-05-14,1,10.0,1,-10.0,97.6,False,
2021-05-15,0,0.0,1,13.4,111.0,False,
2021-05-16,1,10.0,0,0.0,111.0,False,
2021-05-17,1,10.0,1,-10.0,101.0,False,
2021-05-18,0,0.0,1,-10.0,91.0,False,
2021-05-19,0,0.0,0,0.0,91.0,False,
2021-05-20,0,0.0,0,0.0,91.0,False,
2021-05-21,0,0.0,0,0.0,91.0,False,
2021-05-22,1,10.0,0,0.0,91.0,False,
2021-05-23,1,10.0,1,13.7,104.7,False,
2021-05-24,1,10.0,1,-10.0,94.7,False,
2021-05-25,0,0.0,1,-10.0,84.7,False,
2021-05-26,0,0.0,0,0.0,84.7,False,
2021-05-27,0,0.0,0,0.0,84.7,False,
2021-05-28,0,0.0,0,0.0,84.7,False,
2021-05-29,1,10.0,0,0.0,84.7,False,
2021-05-30,1,10.0,1,-10.0,74.7,False,
2021-05-31,1,10.0,1,-10.0,64.7,False,
2021-06-01,0,0.0,1,-10.0,54.7,False,
2021-06-02,0,0.0,0,0.0,54.7,False,
2021-06-03,0,0.0,0,0.0,54.7,False,
2021-06-04,0,0.0,0,0.0,54.7,False,
2021-06-05,0,0.0,0,0.0,54.7,False,
2021-06-06,0,0.0,0,0.0,54.7,False,
2021-06-07,0,0.0,0,0.0,54.7,False,
2021-06-08,0,0.0,0,0.0,54.7,False,
2021-06-09,0,0.0,0,0.0,54.7,False,
2021-06-10,0,0.0,0,0.0,54.7,False,
2021-06-11,0,0.0,0,0.0,54.7,False,
2021-06-12,0,0.0,0,0.0,54.7,False,
2021-06-13,0,0.0,0,0.0,54.7,False,
2021-06-14,0,0.0,0,0.0,54.7,False,
2021-06-15,0,0.0,0,0.0,54.7,False,
2021-06-16,0,0.0,0,0.0,54.7,False,
2021-06-17,0,0.0,0,0.0,54.7,False,
2021-06-18,0,0.0,0,0.0,54.7,False,
2021-06-19,1,10.0,0,0.0,54.7,False,
2021-06-20,1,10.0,1,16.0,70.7,False,
2021-06-21,0,0.0,1,-10.0,60.7,False,
2021-06-22,0,0.0,0,0.0,60.7,False,
2021-06-23,1,10.0,0,0.0,60.7,False,
2021-06-24,1,10.0,1,-10.0,50.7,False,
2021-06-25,0,0.0,1,-10.0,40.7,False,
2021-06-26,1,10.0,0,0.0,40.7,False,
2021-06-27,1,10.0,1,-10.0,30.7,False,
2021-06-28,1,10.0,1,-10.0,20.7,False,
2021-06-29,0,0.0,1,24.5,45.2,False,
2021-06-30,0,0.0,0,0.0,45.2,False,
2021-07-01,0,0.0,0,0.0,45.2,False,
2021-07-02,0,0.0,0,0.0,45.2,False,
2021-07-03,0,0.0,0,0.0,45.2,False,
2021-07-04,0,0.0,0,0.0,45.2,False,
2021-07-05,0,0.0,0,0.0,45.2,False,
2021-07-06,0,0.0,0,0.0,45.2,False,
2021-07-07,0,0.0,0,0.0,45.2,False,
2021-07-08,0,0.0,0,0.0,45.2,False,
2021-07-09,0,0.0,0,0.0,45.2,False,
2021-07-10,0,0.0,0,0.0,45.2,False,
2021-07-11,0,0.0,0,0.0,45.2,False,
2021-07-12,0,0.0,0,0.0,45.2,False,
2021-07-13,0,0.0,0,0.0,45.2,False,
2021-07-14,0,0.0,0,0.0,45.2,False,
2021-07-15,0,0.0,0,0.0,45.2,False,
2021-07-16,0,0.0,0,0.0,45.2,False,
2021-07-17,0,0.0,0,0.0,45.2,False,
2021-07-18,0,0.0,0,0.0,45.2,False,
2021-07-19,0,0.0,0,0.0,45.2,False,
2021-07-20,0,0.0,0,0.0,45.2,False,
2021-07-21,0,0.0,0,0.0,45.2,False,
2021-07-22,0,0.0,0,0.0,45.2,False,
2021-07-23,0,0.0,0,0.0,45.2,False,
2021-07-24,0,0.0,0,0.0,45.2,False,
2021-07-25,0,0.0,0,0.0,45.2,False,
2021-07-26,0,0.0,0,0.0,45.2,False,
2021-07-27,0,0.0,0,0.0,45.2,False,
2021-07-28,0,0.0,0,0.0,45.2,False,
2021-07-29,0,0.0,0,0.0,45.2,False,
2021-07-30,0,0.0,0,0.0,45.2,False,
2021-07-31,0,0.0,0,0.0,45.2,False,
2021-08-01,0,0.0,0,0.0,45.2,False,
2021-08-02,0,0.0,0,0.0,45.2,False,
2021-08-03,0,0.0,0,0.0,45.2,False,
2021-08-04,0,0.0,0,0.0,45.2,False,
2021-08-05,0,0.0,0,0.0,45.2,False,
2021-08-06,0,0.0,0,0.0,45.2,False,
2021-08-07,0,0.0,0,0.0,45.2,False,
2021-08-08,0,0.0,0,0.0,45.2,False,
2021-08-09,0,0.0,0,0.0,45.2,False,
2021-08-10,0,0.0,0,0.0,45.2,False,
2021-08-11,0,0.0,0,0.0,45.2,False,
2021-08-12,0,0.0,0,0.0,45.2,False,
2021-08-13,0,0.0,0,0.0,45.2,False,
2021-08-14,0,0.0,0,0.0,45.2,False,
2021-08-15,0,0.0,0,0.0,45.2,False,
2021-08-16,0,0.0,0,0.0,45.2,False,
2021-08-17,0,0.0,0,0.0,45.2,False,
2021-08-18,0,0.0,0,0.0,45.2,False,
2021-08-19,0,0.0,0,0.0,45.2,False,
2021-08-20,0,0.0,0,0.0,45.2,False,
2021-08-21,0,0.0,0,0.0,45.2,False,
2021-08-22,0,0.0,0,0.0,45.2,False,
2021-08-23,0,0.0,0,0.0,45.2,False,
2021-08-24,0,0.0,0,0.0,45.2,False,
2021-08-25,0,0.0,0,0.0,45.2,False,
2021-08-26,0,0.0,0,0.0,45.2,False,
2021-08-27,0,0.0,0,0.0,45.2,False,
2021-08-28,0,0.0,0,0.0,45.2,False,
2021-08-29,0,0.0,0,0.0,45.2,False,
2021-08-30,0,0.0,0,0.0,45.2,False,
2021-08-31,0,0.0,0,0.0,45.2,False,
2021-09-01,0,0.0,0,0.0,45.2,False,
2021-09-02,0,0.0,0,0.0,45.2,False,
2021-09-03,0,0.0,0,0.0,45.2,False,
2021-09-04,0,0.0,0,0.0,45.2,False,
2021-09-05,0,0.0,0,0.0,45.2,False,
2021-09-06,0,0.0,0,0.0,45.2,False,
2021-09-07,0,0.0,0,0.0,45.2,False,
2021-09-08,0,0.0,0,0.0,45.2,False,
2021-09-09,0,0.0,0,0.0,45.2,False,
2021-09-10,0,0.0,0,0.0,45.2,False,
2021-09-11,0,0.0,0,0.0,45.2,False,
2021-09-12,0,0.0,0,0.0,45.2,False,
2021-09-13,0,0.0,0,0.0,45.2,False,
2021-09-14,0,0.0,0,0.0,45.2,False,
2021-09-15,0,0.0,0,0.0,45.2,False,
2021-09-16,0,0.0,0,0.0,45.2,False,
2021-09-17,0,0.0,0,0.0,45.2,False,
2021-09-18,0,0.0,0,0.0,45.2,False,
2021-09-19,0,0.0,0,0.0,45.2,False,
2021-09-20,0,0.0,0,0.0,45.2,False,
2021-09-21,0,0.0,0,0.0,45.2,False,
2021-09-22,0,0.0,0,0.0,45.2,False,
2021-09-23,0,0.0,0,0.0,45.2,False,
2021-09-24,0,0.0,0,0.0,45.2,False,
2021-09-25,0,0.0,0,0.0,45.2,False,
2021-09-26,0,0.0,0,0.0,45.2,False,
2021-09-27,0,0.0,0,0.0,45.2,False,
2021-09-28,0,0.0,0,0.0,45.2,False,
2021-09-29,0,0.0,0,0.0,45.2,False,
2021-09-30,0,0.0,0,0.0,45.2,False,
2021-10-01,0,0.0,0,0.0,45.2,False,
2021-10-02,0,0.0,0,0.0,45.2,False,
2021-10-03,0,0.0,0,0.0,45.2,False,
2021-10-04,0,0.0,0,0.0,45.2,False,
2021-10-05,0,0.0,0,0.0,45.2,False,
2021-10-06,0,0.0,0,0.0,45.2,False,
2021-10-07,0,0.0,0,0.0,45.2,False,
2021-10-08,0,0.0,0,0.0,45.2,False,
2021-10-09,0,0.0,0,0.0,45.2,False,
2021-10-10,0,0.0,0,0.0,45.2,False,
2021-10-11,0,0.0,0,0.0,45.2,False,
2021-10-12,0,0.0,0,0.0,45.2,False,
2021-10-13,0,0.0,0,0.0,45.2,False,
2021-10-14,0,0.0,0,0.0,45.2,False,
2021-10-15,0,0.0,0,0.0,45.2,False,
2021-10-16,0,0.0,0,0.0,45.2,False,
2021-10-17,0,0.0,0,0.0,45.2,False,
2021-10-18,0,0.0,0,0.0,45.2,False,
2021-10-19,0,0.0,0,0.0,45.2,False,
2021-10-20,0,0.0,0,0.0,45.2,False,
2021-10-21,0,0.0,0,0.0,45.2,False,
2021-10-22,0,0.0,0,0.0,45.2,False,
2021-10-23,0,0.0,0,0.0,45.2,False,
2021-10-24,0,0.0,0,0.0,45.2,False,
2021-10-25,0,0.0,0,0.0,45.2,False,
2021-10-26,0,0.0,0,0.0,45.2,False,
2021-10-27,0,0.0,0,0.0,45.2,False,
2021-10-28,0,0.0,0,0.0,45.2,False,
2021-10-29,0,0.0,0,0.0,45.2,False,
2021-10-30,0,0.0,0,0.0,45.2,False,
2021-10-31,0,0.0,0,0.0,45.2,False,
2021-11-01,0,0.0,0,0.0,45.2,False,
2021-11-02,0,0.0,0,0.0,45.2,False,
2021-11-03,0,0.0,0,0.0,45.2,False,
2021-11-04,0,0.0,0,0.0,45.2,False,
2021-11-05,0,0.0,0,0.0,45.2,False,
2021-11-06,0,0.0,0,0.0,45.2,False,
2021-11-07,0,0.0,0,0.0,45.2,False,
2021-11-08,0,0.0,0,0.0,45.2,False,
2021-11-09,0,0.0,0,0.0,45.2,False,
2021-11-10,0,0.0,0,0.0,45.2,False,
2021-11-11,0,0.0,0,0.0,45.2,False,
2021-11-12,0,0.0,0,0.0,45.2,False,
2021-11-13,0,0.0,0,0.0,45.2,False,
2021-11-14,0,0.0,0,0.0,45.2,False,
2021-11-15,0,0.0,0,0.0,45.2,False,
2021-11-16,0,0.0,0,0.0,45.2,False,
2021-11-17,0,0.0,0,0.0,45.2,False,
2021-11-18,0,0.0,0,0.0,45.2,False,
2021-11-19,0,0.0,0,0.0,45.2,False,
2021-11-20,0,0.0,0,0.0,45.2,False,
2021-11-21,0,0.0,0,0.0,45.2,False,
2021-11-22,0,0.0,0,0.0,45.2,False,
2021-11-23,0,0.0,0,0.0,45.2,False,
2021-11-24,0,0.0,0,0.0,45.2,False,
2021-11-25,0,0.0,0,0.0,45.2,False,
2021-11-26,0,0.0,0,0.0,45.2,False,
2021-11-27,0,0.0,0,0.0,45.2,False,
2021-11-28,0,0.0,0,0.0,45.2,False,
2021-11-29,0,0.0,0,0.0,45.2,False,
2021-11-30,0,0.0,0,0.0,45.2,False,
2021-12-01,0,0.0,0,0.0,45.2,False,
2021-12-02,0,0.0,0,0.0,45.2,False,
2021-12-03,0,0.0,0,0.0,45.2,False,
2021-12-04,0,0.0,0,0.0,45.2,False,
2021-12-05,0,0.0,0,0.0,45.2,False,
2021-12-06,0,0.0,0,0.0,45.2,False,
2021-12-07,0,0.0,0,0.0,45.2,False,
2021-12-08,0,0.0,0,0.0,45.2,False,
2021-12-09,0,0.0,0,0.0,45.2,False,
2021-12-10,0,0.0,0,0.0,45.2,False,
2021-12-11,0,0.0,0,0.0,45.2,False,
2021-12-12,0,0.0,0,0.0,45.2,False,
2021-12-13,0,0.0,0,0.0,45.2,False,
2021-12-14,0,0.0,0,0.0,45.2,False,
2021-12-15,0,0.0,0,0.0,45.2,False,
2021-12-16,0,0.0,0,0.0,45.2,False,
2021-12-17,0,0.0,0,0.0,45.2,False,
2021-12-18,0,0.0,0,0.0,45.2,False,
2021-12-19,0,0.0,0,0.0,45.2,False,
2021-12-20,0,0.0,0,0.0,45.2,False,
2021-12-21,0,0.0,0,0.0,45.2,False,
2021-12-22,0,0.0,0,0.0,45.2,False,
2021-12-23,0,0.0,0,0.0,45.2,False,
2021-12-24,0,0.0,0,0.0,45.2,False,
2021-12-25,0,0.0,0,0.0,45.2,False,
2021-12-26,0,0.0,0,0.0,45.2,False,
2021-12-27,0,0.0,0,0.0,45.2,False,
2021-12-28,0,0.0,0,0.0,45.2,False,
2021-12-29,0,0.0,0,0.0,45.2,False,
2021-12-30,0,0.0,0,0.0,45.2,False,
2021-12-31,0,0.0,0,0.0,45.2,False,
2022-01-01,0,0.0,0,0.0,45.2,False,
2022-01-02,0,0.0,0,0.0,45.2,False,
2022-01-03,0,0.0,0,0.0,45.2,False,
2022-01-04,0,0.0,0,0.0,45.2,False,
2022-01-05,0,0.0,0,0.0,45.2,False,
2022-01-06,0,0.0,0,0.0,45.2,False,
2022-01-07,0,0.0,0,0.0,45.2,False,
2022-01-08,0,0.0,0,0.0,45.2,False,
2022-01-09,0,0.0,0,0.0,45.2,False,
2022-01-10,0,0.0,0,0.0,45.2,False,
2022-01-11,0,0.0,0,0.0,45.2,False,
2022-01-12,0,0.0,0,0.0,45.2,False,
2022-01-13,0,0.0,0,0.0,45.2,False,
2022-01-14,0,0.0,0,0.0,45.2,False,
2022-01-15,0,0.0,0,0.0,45.2,False,
2022-01-16,0,0.0,0,0.0,45.2,False,
2022-01-17,0,0.0,0,0.0,45.2,False,
2022-01-18,0,0.0,0,0.0,45.2,False,
2022-01-19,0,0.0,0,0.0,45.2,False,
2022-01-20,0,0.0,0,0.0,45.2,False,
2022-01-21,0,0.0,0,0.0,45.2,False,
2022-01-22,0,0.0,0,0.0,45.2,False,
2022-01-23,0,0.0,0,0.0,45.2,False,
2022-01-24,0,0.0,0,0.0,45.2,False,
2022-01-25,0,0.0,0,0.0,45.2,False,
2022-01-26,0,0.0,0,0.0,45.2,False,
2022-01-27,0,0.0,0,0.0,45.2,False,
2022-01-28,0,0.0,0,0.0,45.2,False,
2022-01-29,0,0.0,0,0.0,45.2,False,
2022-01-30,0,0.0,0,0.0,45.2,False,
2022-01-31,0,0.0,0,0.0,45.2,False,
2022-02-01,0,0.0,0,0.0,45.2,False,
2022-02-02,0,0.0,0,0.0,45.2,False,
2022-02-03,0,0.0,0,0.0,45.2,False,
2022-02-04,0,0.0,0,0.0,45.2,False,
2022-02-05,0,0.0,0,0.0,45.2,False,
2022-02-06,0,0.0,0,0.0,45.2,False,
2022-02-07,0,0.0,0,0.0,45.2,False,
2022-02-08,0,0.0,0,0.0,45.2,False,
2022-02-09,0,0.0,0,0.0,45.2,False,
2022-02-10,0,0.0,0,0.0,45.2,False,
2022-02-11,0,0.0,0,0.0,45.2,False,
2022-02-12,0,0.0,0,0.0,45.2,False,
2022-02-13,0,0.0,0,0.0,45.2,False,
2022-02-14,0,0.0,0,0.0,45.2,False,
2022-02-15,0,0.0,0,0.0,45.2,False,
2022-02-16,0,0.0,0,0.0,45.2,False,
2022-02-17,0,0.0,0,0.0,45.2,False,
2022-02-18,0,0.0,0,0.0,45.2,False,
2022-02-19,0,0.0,0,0.0,45.2,False,
2022-02-20,0,0.0,0,0.0,45.2,False,
2022-02-21,0,0.0,0,0.0,45.2,False,
2022-02-22,0,0.0,0,0.0,45.2,False,
2022-02-23,0,0.0,0,0.0,45.2,False,
2022-02-24,0,0.0,0,0.0,45.2,False,
2022-02-25,0,0.0,0,0.0,45.2,False,
2022-02-26,0,0.0,0,0.0,45.2,False,
2022-02-27,0,0.0,0,0.0,45.2,False,
2022-02-28,0,0.0,0,0.0,45.2,False,
2022-03-01,0,0.0,0,0.0,45.2,False,
2022-03-02,0,0.0,0,0.0,45.2,False,
2022-03-03,0,0.0,0,0.0,45.2,False,
2022-03-04,0,0.0,0,0.0,45.2,False,
2022-03-05,0,0.0,0,0.0,45.2,False,
2022-03-06,0,0.0,0,0.0,45.2,False,
2022-03-07,0,0.0,0,0.0,45.2,False,
2022-03-08,0,0.0,0,0.0,45.2,False,
2022-03-09,0,0.0,0,0.0,45.2,False,
2022-03-10,0,0.0,0,0.0,45.2,False,
2022-03-11,0,0.0,0,0.0,45.2,False,
2022-03-12,0,0.0,0,0.0,45.2,False,
2022-03-13,0,0.0,0,0.0,45.2,False,
2022-03-14,0,0.0,0,0.0,45.2,False,
2022-03-15,0,0.0,0,0.0,45.2,False,
2022-03-16,0,0.0,0,0.0,45.2,False,
2022-03-17,0,0.0,0,0.0,45.2,False,
2022-03-18,0,0.0,0,0.0,45.2,False,
2022-03-19,0,0.0,0,0.0,45.2,False,
2022-03-20,0,0.0,0,0.0,45.2,False,
2022-03-21,0,0.0,0,0.0,45.2,False,
2022-03-22,0,0.0,0,0.0,45.2,False,
2022-03-23,0,0.0,0,0.0,45.2,False,
2022-03-24,0,0.0,0,0.0,45.2,False,
2022-03-25,0,0.0,0,0.0,45.2,False,
2022-03-26,0,0.0,0,0.0,45.2,False,
2022-03-27,0,0.0,0,0.0,45.2,False,
2022-03-28,0,0.0,0,0.0,45.2,False,
2022-03-29,0,0.0,0,0.0,45.2,False,
2022-03-30,0,0.0,0,0.0,45.2,False,
2022-03-31,0,0.0,0,0.0,45.2,False,
2022-04-01,0,0.0,0,0.0,45.2,False,
2022-04-02,0,0.0,0,0.0,45.2,False,
2022-04-03,0,0.0,0,0.0,45.2,False,
2022-04-04,0,0.0,0,0.0,45.2,False,
2022-04-05,0,0.0,0,0.0,45.2,False,
2022-04-06,0,0.0,0,0.0,45.2,False,
2022-04-07,0,0.0,0,0.0,45.2,False,
2022-04-08,0,0.0,0,0.0,45.2,False,
2022-04-09,0,0.0,0,0.0,45.2,False,
2022-04-10,0,0.0,0,0.0,45.2,False,
2022-04-11,0,0.0,0,0.0,45.2,False,
2022-04-12,0,0.0,0,0.0,45.2,False,
2022-04-13,0,0.0,0,0.0,45.2,False,
2022-04-14,0,0.0,0,0.0,45.2,False,
2022-04-15,0,0.0,0,0.0,45.2,False,
2022-04-16,0,0.0,0,0.0,45.2,False,
2022-04-17,0,0.0,0,0.0,45.2,False,
2022-04-18,0,0.0,0,0.0,45.2,False,
2022-04-19,0,0.0,0,0.0,45.2,False,
2022-04-20,0,0.0,0,0.0,45.2,False,
2022-04-21,0,0.0,0,0.0,45.2,False,
2022-04-22,0,0.0,0,0.0,45.2,False,
2022-04-23,0,0.0,0,0.0,45.2,False,
2022-04-24,0,0.0,0,0.0,45.2,False,
2022-04-25,0,0.0,0,0.0,45.2,False,
2022-04-26,0,0.0,0,0.0,45.2,False,
2022-04-27,0,0.0,0,0.0,45.2,False,
2022-04-28,0,0.0,0,0.0,45.2,False,
2022-04-29,0,0.0,0,0.0,45.2,False,
2022-04-30,0,0.0,0,0.0,45.2,False,
2022-05-01,0,0.0,0,0.0,45.2,False,
2022-05-02,0,0.0,0,0.0,45.2,False,
2022-05-03,0,0.0,0,0.0,45.2,False,
2022-05-04,0,0.0,0,0.0,45.2,False,
2022-05-05,0,0.0,0,0.0,45.2,False,
2022-05-06,0,0.0,0,0.0,45.2,False,
2022-05-07,0,0.0,0,0.0,45.2,False,
2022-05-08,0,0.0,0,0.0,45.2,False,
2022-05-09,0,0.0,0,0.0,45.2,False,
2022-05-10,0,0.0,0,0.0,45.2,False,
2022-05-11,0,0.0,0,0.0,45.2,False,
2022-05-12,0,0.0,0,0.0,45.2,False,
2022-05-13,0,0.0,0,0.0,45.2,False,
2022-05-14,0,0.0,0,0.0,45.2,False,
2022-05-15,0,0.0,0,0.0,45.2,False,
2022-05-16,0,0.0,0,0.0,45.2,False,
2022-05-17,0,0.0,0,0.0,45.2,False,
2022-05-18,0,0.0,0,0.0,45.2,False,
2022-05-19,0,0.0,0,0.0,45.2,False,
2022-05-20,0,0.0,0,0.0,45.2,False,
2022-05-21,0,0.0,0,0.0,45.2,False,
2022-05-22,0,0.0,0,0.0,45.2,False,
2022-05-23,0,0.0,0,0.0,45.2,False,
2022-05-24,0,0.0,0,0.0,45.2,False,
2022-05-25,0,0.0,0,0.0,45.2,False,
2022-05-26,0,0.0,0,0.0,45.2,False,
2022-05-27,0,0.0,0,0.0,45.2,False,
2022-05-28,0,0.0,0,0.0,45.2,False,
2022-05-29,0,0.0,0,0.0,45.2,False,
2022-05-30,0,0.0,0,0.0,45.2,False,
2022-05-31,0,0.0,0,0.0,45.2,False,
2022-06-01,0,0.0,0,0.0,45.2,False,
2022-06-02,0,0.0,0,0.0,45.2,False,
2022-06-03,0,0.0,0,0.0,45.2,False,
2022-06-04,0,0.0,0,0.0,45.2,False,
2022-06-05,0,0.0,0,0.0,45.2,False,
2022-06-06,0,0.0,0,0.0,45.2,False,
2022-06-07,0,0.0,0,0.0,45.2,False,
2022-06-08,0,0.0,0,0.0,45.2,False,
2022-06-09,0,0.0,0,0.0,45.2,False,
2022-06-10,0,0.0,0,0.0,45.2,False,
2022-06-11,0,0.0,0,0.0,45.2,False,
2022-06-12,0,0.0,0,0.0,45.2,False,
2022-06-13,0,0.0,0,0.0,45.2,False,
2022-06-14,0,0.0,0,0.0,45.2,False,
2022-06-15,0,0.0,0,0.0,45.2,False,
2022-06-16,0,0.0,0,0.0,45.2,False,
2022-06-17,0,0.0,0,0.0,45.2,False,
2022-06-18,0,0.0,0,0.0,45.2,False,
2022-06-19,0,0.0,0,0.0,45.2,False,
2022-06-20,0,0.0,0,0.0,45.2,False,
2022-06-21,0,0.0,0,0.0,45.2,False,
2022-06-22,0,0.0,0,0.0,45.2,False,
2022-06-23,0,0.0,0,0.0,45.2,False,
2022-06-24,0,0.0,0,0.0,45.2,False,
2022-06-25,0,0.0,0,0.0,45.2,False,
2022-06-26,0,0.0,0,0.0,45.2,False,
2022-06-27,0,0.0,0,0.0,45.2,False,
2022-06-28,0,0.0,0,0.0,45.2,False,
2022-06-29,0,0.0,0,0.0,45.2,False,
2022-06-30,0,0.0,0,0.0,45.2,False,
2022-07-01,0,0.0,0,0.0,45.2,False,
2022-07-02,0,0.0,0,0.0,45.2,False,
2022-07-03,1,10.0,0,0.0,45.2,False,
2022-07-04,1,10.0,1,21.0,66.2,False,
2022-07-05,0,0.0,1,-10.0,56.2,False,
2022-07-06,0,0.0,0,0.0,56.2,False,
2022-07-07,0,0.0,0,0.0,56.2,False,
2022-07-08,0,0.0,0,0.0,56.2,False,
2022-07-09,1,10.0,0,0.0,56.2,False,
2022-07-10,1,10.0,1,-10.0,46.2,False,
2022-07-11,0,0.0,1,-10.0,36.2,False,
2022-07-12,0,0.0,0,0.0,36.2,False,
2022-07-13,0,0.0,0,0.0,36.2,False,
2022-07-14,1,10.0,0,0.0,36.2,False,
2022-07-15,0,0.0,1,-10.0,26.2,False,
2022-07-16,0,0.0,0,0.0,26.2,False,
2022-07-17,0,0.0,0,0.0,26.2,False,
2022-07-18,0,0.0,0,0.0,26.2,False,
2022-07-19,0,0.0,0,0.0,26.2,False,
2022-07-20,0,0.0,0,0.0,26.2,False,
2022-07-21,0,0.0,0,0.0,26.2,False,
2022-07-22,0,0.0,0,0.0,26.2,False,
2022-07-23,0,0.0,0,0.0,26.2,False,
2022-07-24,1,10.0,0,0.0,26.2,False,
2022-07-25,0,0.0,1,-10.0,16.2,False,
2022-07-26,0,0.0,0,0.0,16.2,False,
2022-07-27,0,0.0,0,0.0,16.2,False,
2022-07-28,0,0.0,0,0.0,16.2,False,
2022-07-29,0,0.0,0,0.0,16.2,False,
2022-07-30,1,10.0,0,0.0,16.2,False,
2022-07-31,1,10.0,1,-10.0,6.2,False,
2022-08-01,0,0.0,1,-10.0,-3.8,False,
2022-08-02,0,0.0,0,0.0,-3.8,False,
2022-08-03,0,0.0,0,0.0,-3.8,False,
2022-08-04,0,0.0,0,0.0,-3.8,False,
2022-08-05,0,0.0,0,0.0,-3.8,False,
2022-08-06,0,0.0,0,0.0,-3.8,False,
2022-08-07,0,0.0,0,0.0,-3.8,False,
2022-08-08,0,0.0,0,0.0,-3.8,False,
2022-08-09,0,0.0,0,0.0,-3.8,False,
2022-08-10,0,0.0,0,0.0,-3.8,False,
2022-08-11,0,0.0,0,0.0,-3.8,False,
2022-08-12,0,0.0,0,0.0,-3.8,False,
2022-08-13,0,0.0,0,0.0,-3.8,False,
2022-08-14,0,0.0,0,0.0,-3.8,False,
2022-08-15,0,0.0,0,0.0,-3.8,False,
2022-08-16,0,0.0,0,0.0,-3.8,False,
2022-08-17,0,0.0,0,0.0,-3.8,False,
2022-08-18,0,0.0,0,0.0,-3.8,False,
2022-08-19,0,0.0,0,0.0,-3.8,False,
2022-08-20,0,0.0,0,0.0,-3.8,False,
2022-08-21,0,0.0,0,0.0,-3.8,False,
2022-08-22,0,0.0,0,0.0,-3.8,False,
2022-08-23,0,0.0,0,0.0,-3.8,False,
2022-08-24,0,0.0,0,0.0,-3.8,False,
2022-08-25,0,0.0,0,0.0,-3.8,False,
2022-08-26,0,0.0,0,0.0,-3.8,False,
2022-08-27,0,0.0,0,0.0,-3.8,False,
2022-08-28,0,0.0,0,0.0,-3.8,False,
2022-08-29,0,0.0,0,0.0,-3.8,False,
2022-08-30,0,0.0,0,0.0,-3.8,False,
2022-08-31,0,0.0,0,0.0,-3.8,False,
2022-09-01,0,0.0,0,0.0,-3.8,False,
2022-09-02,0,0.0,0,0.0,-3.8,False,
2022-09-03,0,0.0,0,0.0,-3.8,False,
2022-09-04,0,0.0,0,0.0,-3.8,False,
2022-09-05,0,0.0,0,0.0,-3.8,False,
2022-09-06,0,0.0,0,0.0,-3.8,False,
2022-09-07,0,0.0,0,0.0,-3.8,False,
2022-09-08,0,0.0,0,0.0,-3.8,False,
2022-09-09,0,0.0,0,0.0,-3.8,False,
2022-09-10,0,0.0,0,0.0,-3.8,False,
2022-09-11,0,0.0,0,0.0,-3.8,False,
2022-09-12,0,0.0,0,0.0,-3.8,False,
2022-09-13,0,0.0,0,0.0,-3.8,False,
2022-09-14,0,0.0,0,0.0,-3.8,False,
2022-09-15,0,0.0,0,0.0,-3.8,False,
2022-09-16,0,0.0,0,0.0,-3.8,False,
2022-09-17,0,0.0,0,0.0,-3.8,False,
2022-09-18,0,0.0,0,0.0,-3.8,False,
2022-09-19,0,0.0,0,0.0,-3.8,False,
2022-09-20,0,0.0,0,0.0,-3.8,False,
2022-09-21,0,0.0,0,0.0,-3.8,False,
2022-09-22,0,0.0,0,0.0,-3.8,False,
2022-09-23,0,0.0,0,0.0,-3.8,False,
2022-09-24,0,0.0,0,0.0,-3.8,False,
2022-09-25,0,0.0,0,0.0,-3.8,False,
2022-09-26,0,0.0,0,0.0,-3.8,False,
2022-09-27,0,0.0,0,0.0,-3.8,False,
2022-09-28,0,0.0,0,0.0,-3.8,False,
2022-09-29,0,0.0,0,0.0,-3.8,False,
2022-09-30,0,0.0,0,0.0,-3.8,False,
2022-10-01,0,0.0,0,0.0,-3.8,False,
2022-10-02,0,0.0,0,0.0,-3.8,False,
2022-10-03,0,0.0,0,0.0,-3.8,False,
2022-10-04,0,0.0,0,0.0,-3.8,False,
2022-10-05,0,0.0,0,0.0,-3.8,False,
2022-10-06,0,0.0,0,0.0,-3.8,False,
2022-10-07,0,0.0,0,0.0,-3.8,False,
2022-10-08,0,0.0,0,0.0,-3.8,False,
2022-10-09,0,0.0,0,0.0,-3.8,False,
2022-10-10,0,0.0,0,0.0,-3.8,False,
2022-10-11,0,0.0,0,0.0,-3.8,False,
2022-10-12,0,0.0,0,0.0,-3.8,False,
2022-10-13,0,0.0,0,0.0,-3.8,False,
2022-10-14,0,0.0,0,0.0,-3.8,False,
2022-10-15,0,0.0,0,0.0,-3.8,False,
2022-10-16,0,0.0,0,0.0,-3.8,False,
2022-10-17,0,0.0,0,0.0,-3.8,False,
2022-10-18,0,0.0,0,0.0,-3.8,False,
2022-10-19,0,0.0,0,0.0,-3.8,False,
2022-10-20,0,0.0,0,0.0,-3.8,False,
2022-10-21,0,0.0,0,0.0,-3.8,False,
2022-10-22,0,0.0,0,0.0,-3.8,False,
2022-10-23,0,0.0,0,0.0,-3.8,False,
2022-10-24,0,0.0,0,0.0,-3.8,False,
2022-10-25,0,0.0,0,0.0,-3.8,False,
2022-10-26,0,0.0,0,0.0,-3.8,False,
2022-10-27,0,0.0,0,0.0,-3.8,False,
2022-10-28,0,0.0,0,0.0,-3.8,False,
2022-10-29,0,0.0,0,0.0,-3.8,False,
2022-10-30,0,0.0,0,0.0,-3.8,False,
2022-10-31,0,0.0,0,0.0,-3.8,False,
2022-11-01,0,0.0,0,0.0,-3.8,False,
2022-11-02,0,0.0,0,0.0,-3.8,False,
2022-11-03,0,0.0,0,0.0,-3.8,False,
2022-11-04,0,0.0,0,0.0,-3.8,False,
2022-11-05,0,0.0,0,0.0,-3.8,False,
2022-11-06,0,0.0,0,0.0,-3.8,False,
2022-11-07,0,0.0,0,0.0,-3.8,False,
2022-11-08,0,0.0,0,0.0,-3.8,False,
2022-11-09,0,0.0,0,0.0,-3.8,False,
2022-11-10,0,0.0,0,0.0,-3.8,False,
2022-11-11,0,0.0,0,0.0,-3.8,False,
2022-11-12,0,0.0,0,0.0,-3.8,False,
2022-11-13,0,0.0,0,0.0,-3.8,False,
2022-11-14,0,0.0,0,0.0,-3.8,False,
2022-11-15,0,0.0,0,0.0,-3.8,False,
2022-11-16,0,0.0,0,0.0,-3.8,False,
2022-11-17,0,0.0,0,0.0,-3.8,False,
2022-11-18,0,0.0,0,0.0,-3.8,False,
2022-11-19,0,0.0,0,0.0,-3.8,False,
2022-11-20,0,0.0,0,0.0,-3.8,False,
2022-11-21,0,0.0,0,0.0,-3.8,False,
2022-11-22,0,0.0,0,0.0,-3.8,False,
2022-11-23,0,0.0,0,0.0,-3.8,False,
2022-11-24,0,0.0,0,0.0,-3.8,False,
2022-11-25,0,0.0,0,0.0,-3.8,False,
2022-11-26,0,0.0,0,0.0,-3.8,False,
2022-11-27,0,0.0,0,0.0,-3.8,False,
2022-11-28,0,0.0,0,0.0,-3.8,False,
2022-11-29,0,0.0,0,0.0,-3.8,False,
2022-11-30,0,0.0,0,0.0,-3.8,False,
2022-12-01,0,0.0,0,0.0,-3.8,False,
2022-12-02,0,0.0,0,0.0,-3.8,False,
2022-12-03,0,0.0,0,0.0,-3.8,False,
2022-12-04,0,0.0,0,0.0,-3.8,False,
2022-12-05,0,0.0,0,0.0,-3.8,False,
2022-12-06,0,0.0,0,0.0,-3.8,False,
2022-12-07,0,0.0,0,0.0,-3.8,False,
2022-12-08,0,0.0,0,0.0,-3.8,False,
2022-12-09,0,0.0,0,0.0,-3.8,False,
2022-12-10,0,0.0,0,0.0,-3.8,False,
2022-12-11,0,0.0,0,0.0,-3.8,False,
2022-12-12,0,0.0,0,0.0,-3.8,False,
2022-12-13,0,0.0,0,0.0,-3.8,False,
2022-12-14,0,0.0,0,0.0,-3.8,False,
2022-12-15,0,0.0,0,0.0,-3.8,False,
2022-12-16,0,0.0,0,0.0,-3.8,False,
2022-12-17,0,0.0,0,0.0,-3.8,False,
2022-12-18,0,0.0,0,0.0,-3.8,False,
2022-12-19,0,0.0,0,0.0,-3.8,False,
2022-12-20,0,0.0,0,0.0,-3.8,False,
2022-12-21,0,0.0,0,0.0,-3.8,False,
2022-12-22,0,0.0,0,0.0,-3.8,False,
2022-12-23,0,0.0,0,0.0,-3.8,False,
2022-12-24,0,0.0,0,0.0,-3.8,False,
2022-12-25,0,0.0,0,0.0,-3.8,False,
2022-12-26,0,0.0,0,0.0,-3.8,False,
2022-12-27,0,0.0,0,0.0,-3.8,False,
2022-12-28,0,0.0,0,0.0,-3.8,False,
2022-12-29,0,0.0,0,0.0,-3.8,False,
2022-12-30,0,0.0,0,0.0,-3.8,False,
2022-12-31,0,0.0,0,0.0,-3.8,False,
2023-01-01,0,0.0,0,0.0,-3.8,False,
2023-01-02,0,0.0,0,0.0,-3.8,False,
2023-01-03,0,0.0,0,0.0,-3.8,False,
2023-01-04,0,0.0,0,0.0,-3.8,False,
2023-01-05,0,0.0,0,0.0,-3.8,False,
2023-01-06,0,0.0,0,0.0,-3.8,False,
2023-01-07,0,0.0,0,0.0,-3.8,False,
2023-01-08,0,0.0,0,0.0,-3.8,False,
2023-01-09,0,0.0,0,0.0,-3.8,False,
2023-01-10,0,0.0,0,0.0,-3.8,False,
2023-01-11,0,0.0,0,0.0,-3.8,False,
2023-01-12,0,0.0,0,0.0,-3.8,False,
2023-01-13,0,0.0,0,0.0,-3.8,False,
2023-01-14,0,0.0,0,0.0,-3.8,False,
2023-01-15,0,0.0,0,0.0,-3.8,False,
2023-01-16,0,0.0,0,0.0,-3.8,False,
2023-01-17,0,0.0,0,0.0,-3.8,False,
2023-01-18,0,0.0,0,0.0,-3.8,False,
2023-01-19,0,0.0,0,0.0,-3.8,False,
2023-01-20,0,0.0,0,0.0,-3.8,False,
2023-01-21,0,0.0,0,0.0,-3.8,False,
2023-01-22,0,0.0,0,0.0,-3.8,False,
2023-01-23,0,0.0,0,0.0,-3.8,False,
2023-01-24,0,0.0,0,0.0,-3.8,False,
2023-01-25,0,0.0,0,0.0,-3.8,False,
2023-01-26,0,0.0,0,0.0,-3.8,False,
2023-01-27,0,0.0,0,0.0,-3.8,False,
2023-01-28,0,0.0,0,0.0,-3.8,False,
2023-01-29,0,0.0,0,0.0,-3.8,False,
2023-01-30,0,0.0,0,0.0,-3.8,False,
2023-01-31,0,0.0,0,0.0,-3.8,False,
2023-02-01,0,0.0,0,0.0,-3.8,False,
2023-02-02,0,0.0,0,0.0,-3.8,False,
2023-02-03,0,0.0,0,0.0,-3.8,False,
2023-02-04,0,0.0,0,0.0,-3.8,False,
2023-02-05,0,0.0,0,0.0,-3.8,False,
2023-02-06,0,0.0,0,0.0,-3.8,False,
2023-02-07,0,0.0,0,0.0,-3.8,False,
2023-02-08,0,0.0,0,0.0,-3.8,False,
2023-02-09,0,0.0,0,0.0,-3.8,False,
2023-02-10,0,0.0,0,0.0,-3.8,False,
2023-02-11,0,0.0,0,0.0,-3.8,False,
2023-02-12,0,0.0,0,0.0,-3.8,False,
2023-02-13,0,0.0,0,0.0,-3.8,False,
2023-02-14,0,0.0,0,0.0,-3.8,False,
2023-02-15,0,0.0,0,0.0,-3.8,False,
2023-02-16,0,0.0,0,0.0,-3.8,False,
2023-02-17,0,0.0,0,0.0,-3.8,False,
2023-02-18,0,0.0,0,0.0,-3.8,False,
2023-02-19,0,0.0,0,0.0,-3.8,False,
2023-02-20,0,0.0,0,0.0,-3.8,False,
2023-02-21,0,0.0,0,0.0,-3.8,False,
2023-02-22,0,0.0,0,0.0,-3.8,False,
2023-02-23,0,0.0,0,0.0,-3.8,False,
2023-02-24,0,0.0,0,0.0,-3.8,False,
2023-02-25,0,0.0,0,0.0,-3.8,False,
2023-02-26,1,10.0,0,0.0,-3.8,False,
2023-02-27,0,0.0,1,16.5,12.7,False,
2023-02-28,0,0.0,0,0.0,12.7,False,
2023-03-01,0,0.0,0,0.0,12.7,False,
2023-03-02,0,0.0,0,0.0,12.7,False,
2023-03-03,0,0.0,0,0.0,12.7,False,
2023-03-04,0,0.0,0,0.0,12.7,False,
2023-03-05,1,10.0,0,0.0,12.7,False,
2023-03-06,0,0.0,1,20.7,33.4,False,
2023-03-07,0,0.0,0,0.0,33.4,False,
2023-03-08,0,0.0,0,0.0,33.4,False,
2023-03-09,0,0.0,0,0.0,33.4,False,
2023-03-10,0,0.0,0,0.0,33.4,False,
2023-03-11,0,0.0,0,0.0,33.4,False,
2023-03-12,1,10.0,0,0.0,33.4,False,
2023-03-13,0,0.0,1,-10.0,23.4,False,
2023-03-14,0,0.0,0,0.0,23.4,False,
2023-03-15,0,0.0,0,0.0,23.4,False,
2023-03-16,0,0.0,0,0.0,23.4,False,
2023-03-17,0,0.0,0,0.0,23.4,False,
2023-03-18,1,10.0,0,0.0,23.4,False,
2023-03-19,1,10.0,1,18.9,42.3,False,
2023-03-20,0,0.0,1,-10.0,32.3,False,
2023-03-21,0,0.0,0,0.0,32.3,False,
2023-03-22,0,0.0,0,0.0,32.3,False,
2023-03-23,0,0.0,0,0.0,32.3,False,
2023-03-24,0,0.0,0,0.0,32.3,False,
2023-03-25,1,10.0,0,0.0,32.3,False,
2023-03-26,1,10.0,1,19.5,51.8,False,
2023-03-27,0,0.0,1,17.7,69.5,False,
2023-03-28,0,0.0,0,0.0,69.5,False,
2023-03-29,0,0.0,0,0.0,69.5,False,
2023-03-30,0,0.0,0,0.0,69.5,False,
2023-03-31,0,0.0,0,0.0,69.5,False,
2023-04-01,0,0.0,0,0.0,69.5,False,
2023-04-02,1,10.0,0,0.0,69.5,False,
2023-04-03,0,0.0,1,-10.0,59.5,False,
2023-04-04,0,0.0,0,0.0,59.5,False,
2023-04-05,0,0.0,0,0.0,59.5,False,
2023-04-06,0,0.0,0,0.0,59.5,False,
2023-04-07,0,0.0,0,0.0,59.5,False,
2023-04-08,0,0.0,0,0.0,59.5,False,
2023-04-09,0,0.0,0,0.0,59.5,False,
2023-04-10,0,0.0,0,0.0,59.5,False,
2023-04-11,0,0.0,0,0.0,59.5,False,
2023-04-12,0,0.0,0,0.0,59.5,False,
2023-04-13,0,0.0,0,0.0,59.5,False,
2023-04-14,0,0.0,0,0.0,59.5,False,
2023-04-15,0,0.0,0,0.0,59.5,False,
2023-04-16,1,10.0,0,0.0,59.5,False,
2023-04-17,0,0.0,1,24.5,84.0,False,
2023-04-18,0,0.0,0,0.0,84.0,False,
2023-04-19,0,0.0,0,0.0,84.0,False,
2023-04-20,0,0.0,0,0.0,84.0,False,
2023-04-21,0,0.0,0,0.0,84.0,False,
2023-04-22,0,0.0,0,0.0,84.0,False,
2023-04-23,1,10.0,0,0.0,84.0,False,
2023-04-24,0,0.0,1,25.1,109.1,False,
2023-04-25,0,0.0,0,0.0,109.1,False,
2023-04-26,0,0.0,0,0.0,109.1,False,
2023-04-27,0,0.0,0,0.0,109.1,False,
2023-04-28,0,0.0,0,0.0,109.1,False,
2023-04-29,0,0.0,0,0.0,109.1,False,
2023-04-30,0,0.0,0,0.0,109.1,False,
2023-05-01,0,0.0,0,0.0,109.1,False,
2023-05-02,0,0.0,0,0.0,109.1,False,
2023-05-03,0,0.0,0,0.0,109.1,False,
2023-05-04,0,0.0,0,0.0,109.1,False,
2023-05-05,0,0.0,0,0.0,109.1,False,
2023-05-06,0,0.0,0,0.0,109.1,False,
2023-05-07,1,10.0,0,0.0,109.1,False,
2023-05-08,0,0.0,1,21.9,131.0,False,
2023-05-09,0,0.0,0,0.0,131.0,False,
2023-05-10,0,0.0,0,0.0,131.0,False,
2023-05-11,0,0.0,0,0.0,131.0,False,
2023-05-12,0,0.0,0,0.0,131.0,False,
2023-05-13,0,0.0,0,0.0,131.0,False,
2023-05-14,1,10.0,0,0.0,131.0,False,
2023-05-15,0,0.0,1,-10.0,121.0,False,
2023-05-16,0,0.0,0,0.0,121.0,False,
2023-05-17,0,0.0,0,0.0,121.0,False,
2023-05-18,1,10.0,0,0.0,121.0,False,
2023-05-19,0,0.0,1,44.2,165.2,False,
2023-05-20,0,0.0,0,0.0,165.2,False,
2023-05-21,1,10.0,0,0.0,165.2,False,
2023-05-22,0,0.0,1,-10.0,155.2,False,
2023-05-23,0,0.0,0,0.0,155.2,False,
2023-05-24,0,0.0,0,0.0,155.2,False,
2023-05-25,0,0.0,0,0.0,155.2,False,
2023-05-26,0,0.0,0,0.0,155.2,False,
2023-05-27,0,0.0,0,0.0,155.2,False,
2023-05-28,0,0.0,0,0.0,155.2,False,
2023-05-29,0,0.0,0,0.0,155.2,False,
2023-05-30,0,0.0,0,0.0,155.2,False,
2023-05-31,0,0.0,0,0.0,155.2,False,
2023-06-01,1,10.0,0,0.0,155.2,False,
2023-06-02,0,0.0,1,-10.0,145.2,False,
2023-06-03,0,0.0,0,0.0,145.2,False,
2023-06-04,1,10.0,0,0.0,145.2,False,
2023-06-05,0,0.0,1,-10.0,135.2,False,
2023-06-06,0,0.0,0,0.0,135.2,False,
2023-06-07,0,0.0,0,0.0,135.2,False,
2023-06-08,0,0.0,0,0.0,135.2,False,
2023-06-09,0,0.0,0,0.0,135.2,False,
2023-06-10,0,0.0,0,0.0,135.2,False,
2023-06-11,1,10.0,0,0.0,135.2,False,
2023-06-12,0,0.0,1,22.5,157.7,False,
2023-06-13,0,0.0,0,0.0,157.7,False,
2023-06-14,0,0.0,0,0.0,157.7,False,
2023-06-15,1,10.0,0,0.0,157.7,False,
2023-06-16,0,0.0,1,-10.0,147.7,False,
2023-06-17,0,0.0,0,0.0,147.7,False,
2023-06-18,0,0.0,0,0.0,147.7,False,
2023-06-19,0,0.0,0,0.0,147.7,False,
2023-06-20,0,0.0,0,0.0,147.7,False,
2023-06-21,0,0.0,0,0.0,147.7,False,
2023-06-22,1,10.0,0,0.0,147.7,False,
2023-06-23,0,0.0,1,16.5,164.2,False,
2023-06-24,0,0.0,0,0.0,164.2,False,
2023-06-25,1,10.0,0,0.0,164.2,False,
2023-06-26,0,0.0,1,-10.0,154.2,False,
2023-06-27,0,0.0,0,0.0,154.2,False,
2023-06-28,0,0.0,0,0.0,154.2,False,
2023-06-29,0,0.0,0,0.0,154.2,False,
2023-06-30,0,0.0,0,0.0,154.2,False,
2023-07-01,0,0.0,0,0.0,154.2,False,
2023-07-02,1,10.0,0,0.0,154.2,False,
2023-07-03,0,0.0,1,21.4,175.6,False,
2023-07-04,0,0.0,0,0.0,175.6,False,
2023-07-05,1,10.0,0,0.0,175.6,False,
2023-07-06,0,0.0,1,-10.0,165.6,False,
2023-07-07,0,0.0,0,0.0,165.6,False,
2023-07-08,0,0.0,0,0.0,165.6,False,
2023-07-09,1,10.0,0,0.0,165.6,False,
2023-07-10,0,0.0,1,43.6,209.2,False,
2023-07-11,0,0.0,0,0.0,209.2,False,
2023-07-12,0,0.0,0,0.0,209.2,False,
2023-07-13,1,10.0,0,0.0,209.2,False,
2023-07-14,0,0.0,1,-10.0,199.2,False,
2023-07-15,0,0.0,0,0.0,199.2,False,
2023-07-16,1,10.0,0,0.0,199.2,False,
2023-07-17,0,0.0,1,-10.0,189.2,False,
2023-07-18,0,0.0,0,0.0,189.2,False,
2023-07-19,0,0.0,0,0.0,189.2,False,
2023-07-20,0,0.0,0,0.0,189.2,False,
2023-07-21,0,0.0,0,0.0,189.2,False,
2023-07-22,0,0.0,0,0.0,189.2,False,
2023-07-23,0,0.0,0,0.0,189.2,False,
2023-07-24,0,0.0,0,0.0,189.2,False,
2023-07-25,0,0.0,0,0.0,189.2,False,
2023-07-26,0,0.0,0,0.0,189.2,False,
2023-07-27,0,0.0,0,0.0,189.2,False,
2023-07-28,0,0.0,0,0.0,189.2,False,
2023-07-29,0,0.0,0,0.0,189.2,False,
2023-07-30,0,0.0,0,0.0,189.2,False,
2023-07-31,0,0.0,0,0.0,189.2,False,
2023-08-01,0,0.0,0,0.0,189.2,False,
2023-08-02,0,0.0,0,0.0,189.2,False,
2023-08-03,0,0.0,0,0.0,189.2,False,
2023-08-04,0,0.0,0,0.0,189.2,False,
2023-08-05,0,0.0,0,0.0,189.2,False,
2023-08-06,0,0.0,0,0.0,189.2,False,
2023-08-07,0,0.0,0,0.0,189.2,False,
2023-08-08,0,0.0,0,0.0,189.2,False,
2023-08-09,0,0.0,0,0.0,189.2,False,
2023-08-10,0,0.0,0,0.0,189.2,False,
2023-08-11,0,0.0,0,0.0,189.2,False,
2023-08-12,0,0.0,0,0.0,189.2,False,
2023-08-13,0,0.0,0,0.0,189.2,False,
2023-08-14,0,0.0,0,0.0,189.2,False,
2023-08-15,0,0.0,0,0.0,189.2,False,
2023-08-16,0,0.0,0,0.0,189.2,False,
2023-08-17,0,0.0,0,0.0,189.2,False,
2023-08-18,0,0.0,0,0.0,189.2,False,
2023-08-19,0,0.0,0,0.0,189.2,False,
2023-08-20,0,0.0,0,0.0,189.2,False,
2023-08-21,1,10.0,0,0.0,189.2,False,
2023-08-22,0,0.0,1,-10.0,179.2,False,
2023-08-23,0,0.0,0,0.0,179.2,False,
2023-08-24,1,10.0,0,0.0,179.2,False,
2023-08-25,0,0.0,1,-10.0,169.2,False,
2023-08-26,0,0.0,0,0.0,169.2,False,
2023-08-27,1,10.0,0,0.0,169.2,False,
2023-08-28,0,0.0,1,-10.0,159.2,False,
2023-08-29,0,0.0,0,0.0,159.2,False,
2023-08-30,0,0.0,0,0.0,159.2,False,
2023-08-31,1,10.0,0,0.0,159.2,False,
2023-09-01,0,0.0,1,27.4,186.6,False,
2023-09-02,0,0.0,0,0.0,186.6,False,
2023-09-03,1,10.0,0,0.0,186.6,False,
2023-09-04,0,0.0,1,-10.0,176.6,False,
2023-09-05,0,0.0,0,0.0,176.6,False,
2023-09-06,0,0.0,0,0.0,176.6,False,
2023-09-07,0,0.0,0,0.0,176.6,False,
2023-09-08,0,0.0,0,0.0,176.6,False,
2023-09-09,0,0.0,0,0.0,176.6,False,
2023-09-10,1,10.0,0,0.0,176.6,False,
2023-09-11,0,0.0,1,19.9,196.5,False,
2023-09-12,0,0.0,0,0.0,196.5,False,
2023-09-13,0,0.0,0,0.0,196.5,False,
2023-09-14,0,0.0,0,0.0,196.5,False,
2023-09-15,0,0.0,0,0.0,196.5,False,
2023-09-16,1,10.0,0,0.0,196.5,False,
2023-09-17,1,10.0,1,-10.0,186.5,False,
2023-09-18,0,0.0,1,-10.0,176.5,False,
2023-09-19,0,0.0,0,0.0,176.5,False,
2023-09-20,0,0.0,0,0.0,176.5,False,
2023-09-21,1,10.0,0,0.0,176.5,False,
2023-09-22,0,0.0,1,-10.0,166.5,False,
2023-09-23,0,0.0,0,0.0,166.5,False,
2023-09-24,1,10.0,0,0.0,166.5,False,
2023-09-25,0,0.0,1,-10.0,156.5,False,
2023-09-26,0,0.0,0,0.0,156.5,False,
2023-09-27,0,0.0,0,0.0,156.5,False,
2023-09-28,1,10.0,0,0.0,156.5,False,
2023-09-29,0,0.0,1,-10.0,146.5,False,
2023-09-30,0,0.0,0,0.0,146.5,False,
2023-10-01,1,10.0,0,0.0,146.5,False,
2023-10-02,1,10.0,1,-10.0,136.5,False,
2023-10-03,0,0.0,1,-10.0,126.5,False,
2023-10-04,0,0.0,0,0.0,126.5,False,
2023-10-05,1,10.0,0,0.0,126.5,False,
2023-10-06,0,0.0,1,-10.0,116.5,False,
2023-10-07,0,0.0,0,0.0,116.5,False,
2023-10-08,1,10.0,0,0.0,116.5,False,
2023-10-09,0,0.0,1,-10.0,106.5,False,
2023-10-10,0,0.0,0,0.0,106.5,False,
2023-10-11,0,0.0,0,0.0,106.5,False,
2023-10-12,0,0.0,0,0.0,106.5,False,
2023-10-13,0,0.0,0,0.0,106.5,False,
2023-10-14,0,0.0,0,0.0,106.5,False,
2023-10-15,1,10.0,0,0.0,106.5,False,
2023-10-16,0,0.0,1,34.1,140.6,False,
2023-10-17,0,0.0,0,0.0,140.6,False,
2023-10-18,0,0.0,0,0.0,140.6,False,
2023-10-19,1,10.0,0,0.0,140.6,False,
2023-10-20,0,0.0,1,26.5,167.1,False,
2023-10-21,1,10.0,0,0.0,167.1,False,
2023-10-22,1,10.0,1,-10.0,157.1,False,
2023-10-23,0,0.0,1,-10.0,147.1,False,
2023-10-24,0,0.0,0,0.0,147.1,False,
2023-10-25,0,0.0,0,0.0,147.1,False,
2023-10-26,1,10.0,0,0.0,147.1,False,
2023-10-27,0,0.0,1,29.6,176.7,False,
2023-10-28,1,10.0,0,0.0,176.7,False,
2023-10-29,1,10.0,1,-10.0,166.7,False,
2023-10-30,1,10.0,1,-10.0,156.7,False,
2023-10-31,1,10.0,1,-10.0,146.7,False,
2023-11-01,1,10.0,1,-10.0,136.7,False,
2023-11-02,0,0.0,1,-10.0,126.7,False,
2023-11-03,0,0.0,0,0.0,126.7,False,
2023-11-04,1,10.0,0,0.0,126.7,False,
2023-11-05,1,10.0,1,25.5,152.2,False,
2023-11-06,1,10.0,1,-10.0,142.2,False,
2023-11-07,1,10.0,1,-10.0,132.2,False,
2023-11-08,1,10.0,1,24.7,156.9,False,
2023-11-09,1,10.0,1,-10.0,146.9,False,
2023-11-10,0,0.0,1,-10.0,136.9,False,
2023-11-11,1,10.0,0,0.0,136.9,False,
2023-11-12,0,0.0,1,-10.0,126.9,False,
2023-11-13,1,10.0,0,0.0,126.9,False,
2023-11-14,0,0.0,1,-10.0,116.9,False,
2023-11-15,0,0.0,0,0.0,116.9,False,
2023-11-16,0,0.0,0,0.0,116.9,False,
2023-11-17,0,0.0,0,0.0,116.9,False,
2023-11-18,0,0.0,0,0.0,116.9,False,
2023-11-19,0,0.0,0,0.0,116.9,False,
2023-11-20,0,0.0,0,0.0,116.9,False,
2023-11-21,0,0.0,0,0.0,116.9,False,
2023-11-22,0,0.0,0,0.0,116.9,False,
2023-11-23,0,0.0,0,0.0,116.9,False,
2023-11-24,0,0.0,0,0.0,116.9,False,
2023-11-25,1,10.0,0,0.0,116.9,False,
2023-11-26,1,10.0,1,26.2,143.1,False,
2023-11-27,1,10.0,1,-10.0,133.1,False,
2023-11-28,0,0.0,1,-10.0,123.1,False,
2023-11-29,0,0.0,0,0.0,123.1,False,
2023-11-30,0,0.0,0,0.0,123.1,False,
2023-12-01,0,0.0,0,0.0,123.1,False,
2023-12-02,1,10.0,0,0.0,123.1,False,
2023-12-03,1,10.0,1,27.3,150.4,False,
2023-12-04,0,0.0,1,-10.0,140.4,False,
2023-12-05,0,0.0,0,0.0,140.4,False,
2023-12-06,0,0.0,0,0.0,140.4,False,
2023-12-07,0,0.0,0,0.0,140.4,False,
2023-12-08,0,0.0,0,0.0,140.4,False,
2023-12-09,1,10.0,0,0.0,140.4,False,
2023-12-10,0,0.0,1,-10.0,130.4,False,
2023-12-11,0,0.0,0,0.0,130.4,False,
2023-12-12,0,0.0,0,0.0,130.4,False,
2023-12-13,0,0.0,0,0.0,130.4,False,
2023-12-14,0,0.0,0,0.0,130.4,False,
2023-12-15,0,0.0,0,0.0,130.4,False,
2023-12-16,0,0.0,0,0.0,130.4,False,
2023-12-17,0,0.0,0,0.0,130.4,False,
2023-12-18,0,0.0,0,0.0,130.4,False,
2023-12-19,0,0.0,0,0.0,130.4,False,
2023-12-20,0,0.0,0,0.0,130.4,False,
2023-12-21,0,0.0,0,0.0,130.4,False,
2023-12-22,0,0.0,0,0.0,130.4,False,
2023-12-23,0,0.0,0,0.0,130.4,False,
2023-12-24,0,0.0,0,0.0,130.4,False,
2023-12-25,0,0.0,0,0.0,130.4,False,
2023-12-26,0,0.0,0,0.0,130.4,False,
2023-12-27,0,0.0,0,0.0,130.4,False,
2023-12-28,0,0.0,0,0.0,130.4,False,
2023-12-29,0,0.0,0,0.0,130.4,False,
2023-12-30,0,0.0,0,0.0,130.4,False,
2023-12-31,0,0.0,0,0.0,130.4,False,
2024-01-01,0,0.0,0,0.0,130.4,False,
2024-01-02,0,0.0,0,0.0,130.4,False,
2024-01-03,0,0.0,0,0.0,130.4,False,
2024-01-04,0,0.0,0,0.0,130.4,False,
2024-01-05,0,0.0,0,0.0,130.4,False,
2024-01-06,0,0.0,0,0.0,130.4,False,
2024-01-07,0,0.0,0,0.0,130.4,False,
2024-01-08,0,0.0,0,0.0,130.4,False,
2024-01-09,0,0.0,0,0.0,130.4,False,
2024-01-10,0,0.0,0,0.0,130.4,False,
2024-01-11,0,0.0,0,0.0,130.4,False,
2024-01-12,0,0.0,0,0.0,130.4,False,
2024-01-13,0,0.0,0,0.0,130.4,False,
2024-01-14,0,0.0,0,0.0,130.4,False,
2024-01-15,0,0.0,0,0.0,130.4,False,
2024-01-16,0,0.0,0,0.0,130.4,False,
2024-01-17,0,0.0,0,0.0,130.4,False,
2024-01-18,0,0.0,0,0.0,130.4,False,
2024-01-19,0,0.0,0,0.0,130.4,False,
2024-01-20,0,0.0,0,0.0,130.4,False,
2024-01-21,0,0.0,0,0.0,130.4,False,
2024-01-22,0,0.0,0,0.0,130.4,False,
2024-01-23,0,0.0,0,0.0,130.4,False,
2024-01-24,0,0.0,0,0.0,130.4,False,
2024-01-25,0,0.0,0,0.0,130.4,False,
2024-01-26,0,0.0,0,0.0,130.4,False,
2024-01-27,0,0.0,0,0.0,130.4,False,
2024-01-28,0,0.0,0,0.0,130.4,False,
2024-01-29,0,0.0,0,0.0,130.4,False,
2024-01-30,0,0.0,0,0.0,130.4,False,
2024-01-31,0,0.0,0,0.0,130.4,False,
2024-02-01,0,0.0,0,0.0,130.4,False,
2024-02-02,0,0.0,0,0.0,130.4,False,
2024-02-03,0,0.0,0,0.0,130.4,False,
2024-02-04,0,0.0,0,0.0,130.4,False,
2024-02-05,0,0.0,0,0.0,130.4,False,
2024-02-06,0,0.0,0,0.0,130.4,False,
2024-02-07,0,0.0,0,0.0,130.4,False,
2024-02-08,0,0.0,0,0.0,130.4,False,
2024-02-09,0,0.0,0,0.0,130.4,False,
2024-02-10,0,0.0,0,0.0,130.4,False,
2024-02-11,0,0.0,0,0.0,130.4,False,
2024-02-12,0,0.0,0,0.0,130.4,False,
2024-02-13,0,0.0,0,0.0,130.4,False,
2024-02-14,0,0.0,0,0.0,130.4,False,
2024-02-15,0,0.0,0,0.0,130.4,False,
2024-02-16,0,0.0,0,0.0,130.4,False,
2024-02-17,0,0.0,0,0.0,130.4,False,
2024-02-18,0,0.0,0,0.0,130.4,False,
2024-02-19,0,0.0,0,0.0,130.4,False,
2024-02-20,0,0.0,0,0.0,130.4,False,
2024-02-21,0,0.0,0,0.0,130.4,False,
2024-02-22,0,0.0,0,0.0,130.4,False,
2024-02-23,0,0.0,0,0.0,130.4,False,
2024-02-24,0,0.0,0,0.0,130.4,False,
2024-02-25,0,0.0,0,0.0,130.4,False,
2024-02-26,0,0.0,0,0.0,130.4,False,
2024-02-27,0,0.0,0,0.0,130.4,False,
2024-02-28,0,0.0,0,0.0,130.4,False,
2024-02-29,0,0.0,0,0.0,130.4,False,
2024-03-01,0,0.0,0,0.0,130.4,False,
2024-03-02,0,0.0,0,0.0,130.4,False,
2024-03-03,0,0.0,0,0.0,130.4,False,
2024-03-04,0,0.0,0,0.0,130.4,False,
2024-03-05,0,0.0,0,0.0,130.4,False,
2024-03-06,0,0.0,0,0.0,130.4,False,
2024-03-07,0,0.0,0,0.0,130.4,False,
2024-03-08,0,0.0,0,0.0,130.4,False,
2024-03-09,0,0.0,0,0.0,130.4,False,
2024-03-10,0,0.0,0,0.0,130.4,False,
2024-03-11,0,0.0,0,0.0,130.4,False,
2024-03-12,0,0.0,0,0.0,130.4,False,
2024-03-13,0,0.0,0,0.0,130.4,False,
2024-03-14,0,0.0,0,0.0,130.4,False,
2024-03-15,0,0.0,0,0.0,130.4,False,
2024-03-16,0,0.0,0,0.0,130.4,False,
2024-03-17,0,0.0,0,0.0,130.4,False,
2024-03-18,0,0.0,0,0.0,130.4,False,
2024-03-19,0,0.0,0,0.0,130.4,False,
2024-03-20,0,0.0,0,0.0,130.4,False,
2024-03-21,0,0.0,0,0.0,130.4,False,
2024-03-22,0,0.0,0,0.0,130.4,False,
2024-03-23,0,0.0,0,0.0,130.4,False,
2024-03-24,0,0.0,0,0.0,130.4,False,
2024-03-25,0,0.0,0,0.0,130.4,False,
2024-03-26,0,0.0,0,0.0,130.4,False,
2024-03-27,0,0.0,0,0.0,130.4,False,
2024-03-28,0,0.0,0,0.0,130.4,False,
2024-03-29,0,0.0,0,0.0,130.4,False,
2024-03-30,0,0.0,0,0.0,130.4,False,
2024-03-31,0,0.0,0,0.0,130.4,False,
2024-04-01,0,0.0,0,0.0,130.4,False,
2024-04-02,0,0.0,0,0.0,130.4,False,
2024-04-03,0,0.0,0,0.0,130.4,False,
2024-04-04,0,0.0,0,0.0,130.4,False,
2024-04-05,0,0.0,0,0.0,130.4,False,
2024-04-06,0,0.0,0,0.0,130.4,False,
2024-04-07,1,10.0,0,0.0,130.4,False,
2024-04-08,0,0.0,1,27.4,157.8,False,
2024-04-09,0,0.0,0,0.0,157.8,False,
2024-04-10,0,0.0,0,0.0,157.8,False,
2024-04-11,0,0.0,0,0.0,157.8,False,
2024-04-12,0,0.0,0,0.0,157.8,False,
2024-04-13,1,10.0,0,0.0,157.8,False,
2024-04-14,1,10.0,1,27.1,184.9,False,
2024-04-15,0,0.0,1,28.0,212.9,False,
2024-04-16,0,0.0,0,0.0,212.9,False,
2024-04-17,0,0.0,0,0.0,212.9,False,
2024-04-18,0,0.0,0,0.0,212.9,False,
2024-04-19,0,0.0,0,0.0,212.9,False,
2024-04-20,0,0.0,0,0.0,212.9,False,
2024-04-21,1,10.0,0,0.0,212.9,False,
2024-04-22,1,10.0,1,24.9,237.8,False,
2024-04-23,0,0.0,1,-10.0,227.8,False,
2024-04-24,0,0.0,0,0.0,227.8,False,
2024-04-25,0,0.0,0,0.0,227.8,False,
2024-04-26,0,0.0,0,0.0,227.8,False,
2024-04-27,1,10.0,0,0.0,227.8,False,
2024-04-28,1,10.0,1,-10.0,217.8,False,
2024-04-29,0,0.0,1,28.6,246.4,False,
2024-04-30,0,0.0,0,0.0,246.4,False,
2024-05-01,1,10.0,0,0.0,246.4,False,
2024-05-02,0,0.0,1,-10.0,236.4,False,
2024-05-03,0,0.0,0,0.0,236.4,False,
2024-05-04,0,0.0,0,0.0,236.4,False,
2024-05-05,1,10.0,0,0.0,236.4,False,
2024-05-06,0,0.0,1,-10.0,226.4,False,
2024-05-07,0,0.0,0,0.0,226.4,False,
2024-05-08,0,0.0,0,0.0,226.4,False,
2024-05-09,0,0.0,0,0.0,226.4,False,
2024-05-10,0,0.0,0,0.0,226.4,False,
2024-05-11,0,0.0,0,0.0,226.4,False,
2024-05-12,1,10.0,0,0.0,226.4,False,
2024-05-13,0,0.0,1,-10.0,216.4,False,
2024-05-14,0,0.0,0,0.0,216.4,False,
2024-05-15,0,0.0,0,0.0,216.4,False,
2024-05-16,1,10.0,0,0.0,216.4,False,
2024-05-17,0,0.0,1,29.5,245.9,False,
2024-05-18,1,10.0,0,0.0,245.9,False,
2024-05-19,1,10.0,1,27.8,273.7,False,
2024-05-20,0,0.0,1,-10.0,263.7,False,
2024-05-21,0,0.0,0,0.0,263.7,False,
2024-05-22,0,0.0,0,0.0,263.7,False,
2024-05-23,0,0.0,0,0.0,263.7,False,
2024-05-24,0,0.0,0,0.0,263.7,False,
2024-05-25,0,0.0,0,0.0,263.7,False,
2024-05-26,1,10.0,0,0.0,263.7,False,
2024-05-27,0,0.0,1,31.3,295.0,False,
2024-05-28,0,0.0,0,0.0,295.0,False,
2024-05-29,0,0.0,0,0.0,295.0,False,
2024-05-30,1,10.0,0,0.0,295.0,False,
2024-05-31,0,0.0,1,-10.0,285.0,False,
2024-06-01,0,0.0,0,0.0,285.0,False,
2024-06-02,0,0.0,0,0.0,285.0,False,
2024-06-03,0,0.0,0,0.0,285.0,False,
2024-06-04,0,0.0,0,0.0,285.0,False,
2024-06-05,0,0.0,0,0.0,285.0,False,
2024-06-06,0,0.0,0,0.0,285.0,False,
2024-06-07,0,0.0,0,0.0,285.0,False,
2024-06-08,0,0.0,0,0.0,285.0,False,
2024-06-09,0,0.0,0,0.0,285.0,False,
2024-06-10,0,0.0,0,0.0,285.0,False,
2024-06-11,0,0.0,0,0.0,285.0,False,
2024-06-12,0,0.0,0,0.0,285.0,False,
2024-06-13,0,0.0,0,0.0,285.0,False,
2024-06-14,0,0.0,0,0.0,285.0,False,
2024-06-15,0,0.0,0,0.0,285.0,False,
2024-06-16,0,0.0,0,0.0,285.0,False,
2024-06-17,0,0.0,0,0.0,285.0,False,
2024-06-18,0,0.0,0,0.0,285.0,False,
2024-06-19,0,0.0,0,0.0,285.0,False,
2024-06-20,0,0.0,0,0.0,285.0,False,
2024-06-21,0,0.0,0,0.0,285.0,False,
2024-06-22,0,0.0,0,0.0,285.0,False,
2024-06-23,0,0.0,0,0.0,285.0,False,
2024-06-24,0,0.0,0,0.0,285.0,False,
2024-06-25,0,0.0,0,0.0,285.0,False,
2024-06-26,0,0.0,0,0.0,285.0,False,
2024-06-27,0,0.0,0,0.0,285.0,False,
2024-06-28,0,0.0,0,0.0,285.0,False,
2024-06-29,0,0.0,0,0.0,285.0,False,
2024-06-30,0,0.0,0,0.0,285.0,False,
2024-07-01,0,0.0,0,0.0,285.0,False,
2024-07-02,0,0.0,0,0.0,285.0,False,
2024-07-03,0,0.0,0,0.0,285.0,False,
2024-07-04,0,0.0,0,0.0,285.0,False,
2024-07-05,0,0.0,0,0.0,285.0,False,
2024-07-06,0,0.0,0,0.0,285.0,False,
2024-07-07,0,0.0,0,0.0,285.0,False,
2024-07-08,0,0.0,0,0.0,285.0,False,
2024-07-09,0,0.0,0,0.0,285.0,False,
2024-07-10,0,0.0,0,0.0,285.0,False,
2024-07-11,0,0.0,0,0.0,285.0,False,
2024-07-12,0,0.0,0,0.0,285.0,False,
2024-07-13,0,0.0,0,0.0,285.0,False,
2024-07-14,0,0.0,0,0.0,285.0,False,
2024-07-15,0,0.0,0,0.0,285.0,False,
2024-07-16,0,0.0,0,0.0,285.0,False,
2024-07-17,0,0.0,0,0.0,285.0,False,
2024-07-18,0,0.0,0,0.0,285.0,False,
2024-07-19,0,0.0,0,0.0,285.0,False,
2024-07-20,0,0.0,0,0.0,285.0,False,
2024-07-21,0,0.0,0,0.0,285.0,False,
2024-07-22,0,0.0,0,0.0,285.0,False,
2024-07-23,0,0.0,0,0.0,285.0,False,
2024-07-24,0,0.0,0,0.0,285.0,False,
2024-07-25,0,0.0,0,0.0,285.0,False,
2024-07-26,0,0.0,0,0.0,285.0,False,
2024-07-27,0,0.0,0,0.0,285.0,False,
2024-07-28,0,0.0,0,0.0,285.0,False,
2024-07-29,0,0.0,0,0.0,285.0,False,
2024-07-30,0,0.0,0,0.0,285.0,False,
2024-07-31,0,0.0,0,0.0,285.0,False,
2024-08-01,0,0.0,0,0.0,285.0,False,
2024-08-02,0,0.0,0,0.0,285.0,False,
2024-08-03,0,0.0,0,0.0,285.0,False,
2024-08-04,0,0.0,0,0.0,285.0,False,
2024-08-05,0,0.0,0,0.0,285.0,False,
2024-08-06,0,0.0,0,0.0,285.0,False,
2024-08-07,0,0.0,0,0.0,285.0,False,
2024-08-08,0,0.0,0,0.0,285.0,False,
2024-08-09,0,0.0,0,0.0,285.0,False,
2024-08-10,0,0.0,0,0.0,285.0,False,
2024-08-11,0,0.0,0,0.0,285.0,False,
2024-08-12,0,0.0,0,0.0,285.0,False,
2024-08-13,0,0.0,0,0.0,285.0,False,
2024-08-14,0,0.0,0,0.0,285.0,False,
2024-08-15,0,0.0,0,0.0,285.0,False,
2024-08-16,0,0.0,0,0.0,285.0,False,
2024-08-17,0,0.0,0,0.0,285.0,False,
2024-08-18,0,0.0,0,0.0,285.0,False,
2024-08-19,0,0.0,0,0.0,285.0,False,
2024-08-20,0,0.0,0,0.0,285.0,False,
2024-08-21,0,0.0,0,0.0,285.0,False,
2024-08-22,0,0.0,0,0.0,285.0,False,
2024-08-23,0,0.0,0,0.0,285.0,False,
2024-08-24,0,0.0,0,0.0,285.0,False,
2024-08-25,0,0.0,0,0.0,285.0,False,
2024-08-26,0,0.0,0,0.0,285.0,False,
2024-08-27,0,0.0,0,0.0,285.0,False,
2024-08-28,0,0.0,0,0.0,285.0,False,
2024-08-29,0,0.0,0,0.0,285.0,False,
2024-08-30,0,0.0,0,0.0,285.0,False,
2024-08-31,0,0.0,0,0.0,285.0,False,
2024-09-01,0,0.0,0,0.0,285.0,False,
2024-09-02,0,0.0,0,0.0,285.0,False,
2024-09-03,0,0.0,0,0.0,285.0,False,
2024-09-04,0,0.0,0,0.0,285.0,False,
2024-09-05,0,0.0,0,0.0,285.0,False,
2024-09-06,0,0.0,0,0.0,285.0,False,
2024-09-07,0,0.0,0,0.0,285.0,False,
2024-09-08,0,0.0,0,0.0,285.0,False,
2024-09-09,0,0.0,0,0.0,285.0,False,
2024-09-10,0,0.0,0,0.0,285.0,False,
2024-09-11,0,0.0,0,0.0,285.0,False,
2024-09-12,0,0.0,0,0.0,285.0,False,
2024-09-13,0,0.0,0,0.0,285.0,False,
2024-09-14,0,0.0,0,0.0,285.0,False,
2024-09-15,0,0.0,0,0.0,285.0,False,
2024-09-16,0,0.0,0,0.0,285.0,False,
2024-09-17,0,0.0,0,0.0,285.0,False,
2024-09-18,0,0.0,0,0.0,285.0,False,
2024-09-19,0,0.0,0,0.0,285.0,False,
2024-09-20,0,0.0,0,0.0,285.0,False,
2024-09-21,0,0.0,0,0.0,285.0,False,
2024-09-22,0,0.0,0,0.0,285.0,False,
2024-09-23,0,0.0,0,0.0,285.0,False,
2024-09-24,0,0.0,0,0.0,285.0,False,
2024-09-25,0,0.0,0,0.0,285.0,False,
2024-09-26,0,0.0,0,0.0,285.0,False,
2024-09-27,0,0.0,0,0.0,285.0,False,
2024-09-28,0,0.0,0,0.0,285.0,False,
2024-09-29,0,0.0,0,0.0,285.0,False,
2024-09-30,0,0.0,0,0.0,285.0,False,
2024-10-01,0,0.0,0,0.0,285.0,False,
2024-10-02,0,0.0,0,0.0,285.0,False,
2024-10-03,0,0.0,0,0.0,285.0,False,
2024-10-04,0,0.0,0,0.0,285.0,False,
2024-10-05,0,0.0,0,0.0,285.0,False,
2024-10-06,0,0.0,0,0.0,285.0,False,
2024-10-07,0,0.0,0,0.0,285.0,False,
2024-10-08,0,0.0,0,0.0,285.0,False,
2024-10-09,0,0.0,0,0.0,285.0,False,
2024-10-10,0,0.0,0,0.0,285.0,False,
2024-10-11,0,0.0,0,0.0,285.0,False,
2024-10-12,0,0.0,0,0.0,285.0,False,
2024-10-13,0,0.0,0,0.0,285.0,False,
2024-10-14,0,0.0,0,0.0,285.0,False,
2024-10-15,0,0.0,0,0.0,285.0,False,
2024-10-16,0,0.0,0,0.0,285.0,False,
2024-10-17,0,0.0,0,0.0,285.0,False,
2024-10-18,0,0.0,0,0.0,285.0,False,
2024-10-19,0,0.0,0,0.0,285.0,False,
2024-10-20,0,0.0,0,0.0,285.0,False,
2024-10-21,0,0.0,0,0.0,285.0,False,
2024-10-22,0,0.0,0,0.0,285.0,False,
2024-10-23,0,0.0,0,0.0,285.0,False,
2024-10-24,0,0.0,0,0.0,285.0,False,
2024-10-25,0,0.0,0,0.0,285.0,False,
2024-10-26,0,0.0,0,0.0,285.0,False,
2024-10-27,0,0.0,0,0.0,285.0,False,
2024-10-28,0,0.0,0,0.0,285.0,False,
2024-10-29,0,0.0,0,0.0,285.0,False,
2024-10-30,0,0.0,0,0.0,285.0,False,
2024-10-31,0,0.0,0,0.0,285.0,False,
2024-11-01,0,0.0,0,0.0,285.0,False,
2024-11-02,0,0.0,0,0.0,285.0,False,
2024-11-03,0,0.0,0,0.0,285.0,False,
2024-11-04,0,0.0,0,0.0,285.0,False,
2024-11-05,0,0.0,0,0.0,285.0,False,
2024-11-06,0,0.0,0,0.0,285.0,False,
2024-11-07,0,0.0,0,0.0,285.0,False,
2024-11-08,0,0.0,0,0.0,285.0,False,
2024-11-09,0,0.0,0,0.0,285.0,False,
2024-11-10,0,0.0,0,0.0,285.0,False,
2024-11-11,0,0.0,0,0.0,285.0,False,
2024-11-12,0,0.0,0,0.0,285.0,False,
2024-11-13,0,0.0,0,0.0,285.0,False,
2024-11-14,0,0.0,0,0.0,285.0,False,
2024-11-15,0,0.0,0,0.0,285.0,False,
2024-11-16,0,0.0,0,0.0,285.0,False,
2024-11-17,0,0.0,0,0.0,285.0,False,
2024-11-18,0,0.0,0,0.0,285.0,False,
2024-11-19,0,0.0,0,0.0,285.0,False,
2024-11-20,0,0.0,0,0.0,285.0,False,
2024-11-21,0,0.0,0,0.0,285.0,False,
2024-11-22,0,0.0,0,0.0,285.0,False,
2024-11-23,0,0.0,0,0.0,285.0,False,
2024-11-24,0,0.0,0,0.0,285.0,False,
2024-11-25,0,0.0,0,0.0,285.0,False,
2024-11-26,0,0.0,0,0.0,285.0,False,
2024-11-27,0,0.0,0,0.0,285.0,False,
2024-11-28,0,0.0,0,0.0,285.0,False,
2024-11-29,0,0.0,0,0.0,285.0,False,
2024-11-30,0,0.0,0,0.0,285.0,False,
2024-12-01,0,0.0,0,0.0,285.0,False,
2024-12-02,0,0.0,0,0.0,285.0,False,
2024-12-03,0,0.0,0,0.0,285.0,False,
2024-12-04,0,0.0,0,0.0,285.0,False,
2024-12-05,0,0.0,0,0.0,285.0,False,
2024-12-06,0,0.0,0,0.0,285.0,False,
2024-12-07,0,0.0,0,0.0,285.0,False,
2024-12-08,0,0.0,0,0.0,285.0,False,
2024-12-09,0,0.0,0,0.0,285.0,False,
2024-12-10,0,0.0,0,0.0,285.0,False,
2024-12-11,0,0.0,0,0.0,285.0,False,
2024-12-12,0,0.0,0,0.0,285.0,False,
2024-12-13,0,0.0,0,0.0,285.0,False,
2024-12-14,0,0.0,0,0.0,285.0,False,
2024-12-15,0,0.0,0,0.0,285.0,False,
2024-12-16,0,0.0,0,0.0,285.0,False,
2024-12-17,0,0.0,0,0.0,285.0,False,
2024-12-18,0,0.0,0,0.0,285.0,False,
2024-12-19,0,0.0,0,0.0,285.0,False,
2024-12-20,0,0.0,0,0.0,285.0,False,
2024-12-21,0,0.0,0,0.0,285.0,False,
2024-12-22,0,0.0,0,0.0,285.0,False,
2024-12-23,0,0.0,0,0.0,285.0,False,
2024-12-24,0,0.0,0,0.0,285.0,False,
2024-12-25,0,0.0,0,0.0,285.0,False,
2024-12-26,0,0.0,0,0.0,285.0,False,
2024-12-27,0,0.0,0,0.0,285.0,False,
2024-12-28,0,0.0,0,0.0,285.0,False,
2024-12-29,0,0.0,0,0.0,285.0,False,
2024-12-30,0,0.0,0,0.0,285.0,False,
2024-12-31,0,0.0,0,0.0,285.0,False,
2025-01-01,0,0.0,0,0.0,285.0,False,
2025-01-02,0,0.0,0,0.0,285.0,False,
2025-01-03,0,0.0,0,0.0,285.0,False,
2025-01-04,0,0.0,0,0.0,285.0,False,
2025-01-05,0,0.0,0,0.0,285.0,False,
2025-01-06,0,0.0,0,0.0,285.0,False,
2025-01-07,0,0.0,0,0.0,285.0,False,
2025-01-08,0,0.0,0,0.0,285.0,False,
2025-01-09,0,0.0,0,0.0,285.0,False,
2025-01-10,0,0.0,0,0.0,285.0,False,
2025-01-11,0,0.0,0,0.0,285.0,False,
2025-01-12,0,0.0,0,0.0,285.0,False,
2025-01-13,0,0.0,0,0.0,285.0,False,
2025-01-14,0,0.0,0,0.0,285.0,False,
2025-01-15,0,0.0,0,0.0,285.0,False,
2025-01-16,0,0.0,0,0.0,285.0,False,
2025-01-17,0,0.0,0,0.0,285.0,False,
2025-01-18,0,0.0,0,0.0,285.0,False,
2025-01-19,0,0.0,0,0.0,285.0,False,
2025-01-20,0,0.0,0,0.0,285.0,False,
2025-01-21,0,0.0,0,0.0,285.0,False,
2025-01-22,0,0.0,0,0.0,285.0,False,
2025-01-23,0,0.0,0,0.0,285.0,False,
2025-01-24,0,0.0,0,0.0,285.0,False,
2025-01-25,0,0.0,0,0.0,285.0,False,
2025-01-26,0,0.0,0,0.0,285.0,False,
2025-01-27,0,0.0,0,0.0,285.0,False,
2025-01-28,0,0.0,0,0.0,285.0,False,
2025-01-29,0,0.0,0,0.0,285.0,False,
2025-01-30,0,0.0,0,0.0,285.0,False,
2025-01-31,0,0.0,0,0.0,285.0,False,
2025-02-01,0,0.0,0,0.0,285.0,False,
2025-02-02,0,0.0,0,0.0,285.0,False,
2025-02-03,0,0.0,0,0.0,285.0,False,
2025-02-04,0,0.0,0,0.0,285.0,False,
2025-02-05,0,0.0,0,0.0,285.0,False,
2025-02-06,0,0.0,0,0.0,285.0,False,
2025-02-07,0,0.0,0,0.0,285.0,False,
2025-02-08,0,0.0,0,0.0,285.0,False,
2025-02-09,0,0.0,0,0.0,285.0,False,
2025-02-10,0,0.0,0,0.0,285.0,False,
2025-02-11,0,0.0,0,0.0,285.0,False,
2025-02-12,0,0.0,0,0.0,285.0,False,
2025-02-13,0,0.0,0,0.0,285.0,False,
2025-02-14,0,0.0,0,0.0,285.0,False,
2025-02-15,0,0.0,0,0.0,285.0,False,
2025-02-16,0,0.0,0,0.0,285.0,False,
2025-02-17,0,0.0,0,0.0,285.0,False,
2025-02-18,0,0.0,0,0.0,285.0,False,
2025-02-19,0,0.0,0,0.0,285.0,False,
2025-02-20,0,0.0,0,0.0,285.0,False,
2025-02-21,0,0.0,0,0.0,285.0,False,
2025-02-22,0,0.0,0,0.0,285.0,False,
2025-02-23,0,0.0,0,0.0,285.0,False,
2025-02-24,0,0.0,0,0.0,285.0,False,
2025-02-25,0,0.0,0,0.0,285.0,False,
2025-02-26,0,0.0,0,0.0,285.0,False,
2025-02-27,0,0.0,0,0.0,285.0,False,
2025-02-28,0,0.0,0,0.0,285.0,False,
2025-03-01,0,0.0,0,0.0,285.0,False,
2025-03-02,0,0.0,0,0.0,285.0,False,
2025-03-03,0,0.0,0,0.0,285.0,False,
2025-03-04,0,0.0,0,0.0,285.0,False,
2025-03-05,0,0.0,0,0.0,285.0,False,
2025-03-06,0,0.0,0,0.0,285.0,False,
2025-03-07,0,0.0,0,0.0,285.0,False,
2025-03-08,0,0.0,0,0.0,285.0,False,
2025-03-09,0,0.0,0,0.0,285.0,False,
2025-03-10,0,0.0,0,0.0,285.0,False,
2025-03-11,0,0.0,0,0.0,285.0,False,
2025-03-12,0,0.0,0,0.0,285.0,False,
2025-03-13,0,0.0,0,0.0,285.0,False,
2025-03-14,0,0.0,0,0.0,285.0,False,
2025-03-15,0,0.0,0,0.0,285.0,False,
2025-03-16,0,0.0,0,0.0,285.0,False,
2025-03-17,0,0.0,0,0.0,285.0,False,
2025-03-18,0,0.0,0,0.0,285.0,False,
2025-03-19,0,0.0,0,0.0,285.0,False,
2025-03-20,0,0.0,0,0.0,285.0,False,
2025-03-21,0,0.0,0,0.0,285.0,False,
2025-03-22,0,0.0,0,0.0,285.0,False,
2025-03-23,0,0.0,0,0.0,285.0,False,
2025-03-24,0,0.0,0,0.0,285.0,False,
2025-03-25,0,0.0,0,0.0,285.0,False,
2025-03-26,0,0.0,0,0.0,285.0,False,
2025-03-27,0,0.0,0,0.0,285.0,False,
2025-03-28,0,0.0,0,0.0,285.0,False,
2025-03-29,0,0.0,0,0.0,285.0,False,
2025-03-30,0,0.0,0,0.0,285.0,False,
2025-03-31,0,0.0,0,0.0,285.0,False,
2025-04-01,0,0.0,0,0.0,285.0,False,
2025-04-02,0,0.0,0,0.0,285.0,False,
2025-04-03,0,0.0,0,0.0,285.0,False,
2025-04-04,0,0.0,0,0.0,285.0,False,
2025-04-05,0,0.0,0,0.0,285.0,False,
2025-04-06,0,0.0,0,0.0,285.0,False,
2025-04-07,0,0.0,0,0.0,285.0,False,
2025-04-08,0,0.0,0,0.0,285.0,False,
2025-04-09,0,0.0,0,0.0,285.0,False,
2025-04-10,0,0.0,0,0.0,285.0,False,
2025-04-11,0,0.0,0,0.0,285.0,False,
2025-04-12,0,0.0,0,0.0,285.0,False,
2025-04-13,0,0.0,0,0.0,285.0,False,
2025-04-14,0,0.0,0,0.0,285.0,False,
2025-04-15,0,0.0,0,0.0,285.0,False,
2025-04-16,0,0.0,0,0.0,285.0,False,
2025-04-17,0,0.0,0,0.0,285.0,False,
2025-04-18,0,0.0,0,0.0,285.0,False,
2025-04-19,0,0.0,0,0.0,285.0,False,
2025-04-20,0,0.0,0,0.0,285.0,False,
2025-04-21,0,0.0,0,0.0,285.0,False,
2025-04-22,0,0.0,0,0.0,285.0,False,
2025-04-23,0,0.0,0,0.0,285.0,False,
2025-04-24,0,0.0,0,0.0,285.0,False,
2025-04-25,0,0.0,0,0.0,285.0,False,
2025-04-26,0,0.0,0,0.0,285.0,False,
2025-04-27,0,0.0,0,0.0,285.0,False,
2025-04-28,0,0.0,0,0.0,285.0,False,
2025-04-29,0,0.0,0,0.0,285.0,False,
2025-04-30,0,0.0,0,0.0,285.0,False,
2025-05-01,0,0.0,0,0.0,285.0,False,
2025-05-02,0,0.0,0,0.0,285.0,False,
2025-05-03,1,10.0,0,0.0,285.0,False,
2025-05-04,1,10.0,1,25.1,310.1,False,
2025-05-05,1,10.0,1,-10.0,300.1,False,
2025-05-06,0,0.0,1,-10.0,290.1,False,
2025-05-07,0,0.0,0,0.0,290.1,False,
2025-05-08,0,0.0,0,0.0,290.1,False,
2025-05-09,0,0.0,0,0.0,290.1,False,
2025-05-10,1,10.0,0,0.0,290.1,False,
2025-05-11,1,10.0,1,-10.0,280.1,False,
2025-05-12,1,10.0,1,-10.0,270.1,False,
2025-05-13,0,0.0,1,26.7,296.8,False,
2025-05-14,0,0.0,0,0.0,296.8,False,
2025-05-15,1,10.0,0,0.0,296.8,False,
2025-05-16,0,0.0,1,-10.0,286.8,False,
2025-05-17,1,10.0,0,0.0,286.8,False,
2025-05-18,1,10.0,1,-10.0,276.8,False,
2025-05-19,1,10.0,1,-10.0,266.8,False,
2025-05-20,0,0.0,1,-10.0,256.8,False,
2025-05-21,0,0.0,0,0.0,256.8,False,
2025-05-22,0,0.0,0,0.0,256.8,False,
2025-05-23,0,0.0,0,0.0,256.8,False,
2025-05-24,1,10.0,0,0.0,256.8,False,
2025-05-25,1,10.0,1,-10.0,246.8,False,
2025-05-26,1,10.0,1,27.1,273.9,False,
2025-05-27,0,0.0,1,-10.0,263.9,False,
2025-05-28,0,0.0,0,0.0,263.9,False,
2025-05-29,1,10.0,0,0.0,263.9,False,
2025-05-30,0,0.0,1,24.5,288.4,False,
2025-05-31,1,10.0,0,0.0,288.4,False,
2025-06-01,1,10.0,1,26.1,314.5,False,
2025-06-02,0,0.0,1,-10.0,304.5,False,
2025-06-03,0,0.0,0,0.0,304.5,False,
2025-06-04,0,0.0,0,0.0,304.5,False,
2025-06-05,0,0.0,0,0.0,304.5,False,
2025-06-06,0,0.0,0,0.0,304.5,False,
2025-06-07,0,0.0,0,0.0,304.5,False,
2025-06-08,1,10.0,0,0.0,304.5,False,
2025-06-09,1,10.0,1,-10.0,294.5,False,
2025-06-10,0,0.0,1,-10.0,284.5,False,
2025-06-11,0,0.0,0,0.0,284.5,False,
2025-06-12,0,0.0,0,0.0,284.5,False,
2025-06-13,1,10.0,0,0.0,284.5,False,
2025-06-14,1,10.0,1,-10.0,274.5,False,
2025-06-15,1,10.0,1,25.8,300.3,False,
2025-06-16,0,0.0,1,-10.0,290.3,False,
2025-06-17,0,0.0,0,0.0,290.3,False,
2025-06-18,0,0.0,0,0.0,290.3,False,
2025-06-19,0,0.0,0,0.0,290.3,False,
2025-06-20,0,0.0,0,0.0,290.3,False,
2025-06-21,0,0.0,0,0.0,290.3,False,
2025-06-22,0,0.0,0,0.0,290.3,False,
2025-06-23,0,0.0,0,0.0,290.3,False,
2025-06-24,0,0.0,0,0.0,290.3,False,
2025-06-25,0,0.0,0,0.0,290.3,False,
2025-06-26,1,10.0,0,0.0,290.3,False,
2025-06-27,0,0.0,1,-10.0,280.3,False,
2025-06-28,0,0.0,0,0.0,280.3,False,
2025-06-29,1,10.0,0,0.0,280.3,False,
2025-06-30,1,10.0,1,26.0,306.3,False,
2025-07-01,0,0.0,1,-10.0,296.3,False,
2025-07-02,0,0.0,0,0.0,296.3,False,
2025-07-03,0,0.0,0,0.0,296.3,False,
2025-07-04,0,0.0,0,0.0,296.3,False,
2025-07-05,1,10.0,0,0.0,296.3,False,
2025-07-06,1,10.0,1,-10.0,286.3,False,
2025-07-07,0,0.0,1,-10.0,276.3,False,
2025-07-08,0,0.0,0,0.0,276.3,False,
2025-07-09,0,0.0,0,0.0,276.3,False,
2025-07-10,0,0.0,0,0.0,276.3,False,
2025-07-11,0,0.0,0,0.0,276.3,False,
2025-07-12,0,0.0,0,0.0,276.3,False,
2025-07-13,1,10.0,0,0.0,276.3,False,
2025-07-14,1,10.0,1,16.0,292.3,False,
2025-07-15,0,0.0,1,-10.0,282.3,False,
2025-07-16,0,0.0,0,0.0,282.3,False,
2025-07-17,1,10.0,0,0.0,282.3,False,
2025-07-18,0,0.0,1,-10.0,272.3,False,
2025-07-19,0,0.0,0,0.0,272.3,False,
2025-07-20,1,10.0,0,0.0,272.3,False,
2025-07-21,0,0.0,1,-10.0,262.3,False,
2025-07-22,0,0.0,0,0.0,262.3,False,
2025-07-23,0,0.0,0,0.0,262.3,False,
2025-07-24,0,0.0,0,0.0,262.3,False,
2025-07-25,0,0.0,0,0.0,262.3,False,
2025-07-26,1,10.0,0,0.0,262.3,False,
2025-07-27,1,10.0,1,-10.0,252.3,False,
2025-07-28,0,0.0,1,-10.0,242.3,False,
2025-07-29,0,0.0,0,0.0,242.3,False,
2025-07-30,0,0.0,0,0.0,242.3,False,
2025-07-31,0,0.0,0,0.0,242.3,False,
2025-08-01,0,0.0,0,0.0,242.3,False,
2025-08-02,0,0.0,0,0.0,242.3,False,
2025-08-03,0,0.0,0,0.0,242.3,False,
2025-08-04,0,0.0,0,0.0,242.3,False,
2025-08-05,0,0.0,0,0.0,242.3,False,
2025-08-06,0,0.0,0,0.0,242.3,False,
2025-08-07,0,0.0,0,0.0,242.3,False,
2025-08-08,0,0.0,0,0.0,242.3,False,
2025-08-09,0,0.0,0,0.0,242.3,False,
2025-08-10,1,10.0,0,0.0,242.3,False,
2025-08-11,1,10.0,1,25.3,267.6,False,
2025-08-12,0,0.0,1,17.5,285.1,False,
2025-08-13,0,0.0,0,0.0,285.1,False,
2025-08-14,0,0.0,0,0.0,285.1,False,
2025-08-15,0,0.0,0,0.0,285.1,False,
2025-08-16,0,0.0,0,0.0,285.1,False,
2025-08-17,1,10.0,0,0.0,285.1,False,
2025-08-18,1,10.0,1,-10.0,275.1,False,
2025-08-19,0,0.0,1,22.7,297.8,False,
2025-08-20,0,0.0,0,0.0,297.8,False,
2025-08-21,0,0.0,0,0.0,297.8,False,
2025-08-22,0,0.0,0,0.0,297.8,False,
2025-08-23,0,0.0,0,0.0,297.8,False,
2025-08-24,1,10.0,0,0.0,297.8,False,
2025-08-25,0,0.0,1,19.3,317.1,False,
2025-08-26,0,0.0,0,0.0,317.1,False,
2025-08-27,0,0.0,0,0.0,317.1,False,
2025-08-28,0,0.0,0,0.0,317.1,False,
2025-08-29,0,0.0,0,0.0,317.1,False,
2025-08-30,0,0.0,0,0.0,317.1,False,
2025-08-31,1,10.0,0,0.0,317.1,False,
2025-09-01,0,0.0,1,-10.0,307.1,False,
2025-09-02,0,0.0,0,0.0,307.1,False,
2025-09-03,0,0.0,0,0.0,307.1,False,
2025-09-04,0,0.0,0,0.0,307.1,False,
2025-09-05,0,0.0,0,0.0,307.1,False,
2025-09-06,0,0.0,0,0.0,307.1,False,
2025-09-07,1,10.0,0,0.0,307.1,False,
2025-09-08,1,10.0,1,30.5,337.6,False,
2025-09-09,0,0.0,1,20.5,358.1,False,
2025-09-10,0,0.0,0,0.0,358.1,False,
2025-09-11,0,0.0,0,0.0,358.1,False,
2025-09-12,0,0.0,0,0.0,358.1,False,
2025-09-13,0,0.0,0,0.0,358.1,False,
2025-09-14,1,10.0,0,0.0,358.1,False,
2025-09-15,0,0.0,1,-10.0,348.1,False,
2025-09-16,0,0.0,0,0.0,348.1,False,
2025-09-17,1,10.0,0,0.0,348.1,False,
2025-09-18,1,10.0,1,-10.0,338.1,False,
2025-09-19,0,0.0,1,-10.0,328.1,False,
2025-09-20,1,10.0,0,0.0,328.1,False,
2025-09-21,1,10.0,1,-10.0,318.1,False,
2025-09-22,1,10.0,1,-10.0,308.1,False,
2025-09-23,0,0.0,1,-10.0,298.1,False,
2025-09-24,0,0.0,0,0.0,298.1,False,
2025-09-25,1,10.0,0,0.0,298.1,False,
2025-09-26,0,0.0,1,18.3,316.4,False,
2025-09-27,0,0.0,0,0.0,316.4,False,
2025-09-28,1,10.0,0,0.0,316.4,False,
2025-09-29,1,10.0,1,-10.0,306.4,False,
2025-09-30,0,0.0,1,-10.0,296.4,False,
2025-10-01,0,0.0,0,0.0,296.4,False,
2025-10-02,0,0.0,0,0.0,296.4,False,
2025-10-03,0,0.0,0,0.0,296.4,False,
2025-10-04,1,10.0,0,0.0,296.4,False,
2025-10-05,1,10.0,1,17.5,313.9,False,
2025-10-06,0,0.0,1,18.1,332.0,False,
2025-10-07,0,0.0,0,0.0,332.0,False,
2025-10-08,0,0.0,0,0.0,332.0,False,
2025-10-09,0,0.0,0,0.0,332.0,False,
2025-10-10,0,0.0,0,0.0,332.0,False,
2025-10-11,0,0.0,0,0.0,332.0,False,
2025-10-12,1,10.0,0,0.0,332.0,False,
2025-10-13,1,10.0,1,-10.0,322.0,False,
2025-10-14,0,0.0,1,-10.0,312.0,False,
2025-10-15,0,0.0,0,0.0,312.0,False,
2025-10-16,0,0.0,0,0.0,312.0,False,
2025-10-17,0,0.0,0,0.0,312.0,False,
2025-10-18,1,10.0,0,0.0,312.0,False,
2025-10-19,1,10.0,1,-10.0,302.0,False,
2025-10-20,0,0.0,1,-10.0,292.0,False,
2025-10-21,0,0.0,0,0.0,292.0,False,
2025-10-22,0,0.0,0,0.0,292.0,False,
2025-10-23,1,10.0,0,0.0,292.0,False,
2025-10-24,0,0.0,1,-10.0,282.0,False,
2025-10-25,0,0.0,0,0.0,282.0,False,
2025-10-26,0,0.0,0,0.0,282.0,False,
2025-10-27,1,10.0,0,0.0,282.0,False,
2025-10-28,1,10.0,1,-10.0,272.0,False,
2025-10-29,0,0.0,1,-10.0,262.0,False,
2025-10-30,0,0.0,0,0.0,262.0,False,
2025-10-31,0,0.0,0,0.0,262.0,False,
2025-11-01,0,0.0,0,0.0,262.0,False,
2025-11-02,0,0.0,0,0.0,262.0,False,
2025-11-03,0,0.0,0,0.0,262.0,False,
2025-11-04,0,0.0,0,0.0,262.0,False,
2025-11-05,0,0.0,0,0.0,262.0,False,
2025-11-06,0,0.0,0,0.0,262.0,False,
2025-11-07,0,0.0,0,0.0,262.0,False,
2025-11-08,0,0.0,0,0.0,262.0,False,
2025-11-09,0,0.0,0,0.0,262.0,False,
2025-11-10,0,0.0,0,0.0,262.0,False,
2025-11-11,0,0.0,0,0.0,262.0,False,
2025-11-12,0,0.0,0,0.0,262.0,False,
2025-11-13,0,0.0,0,0.0,262.0,False,
2025-11-14,0,0.0,0,0.0,262.0,False,
2025-11-15,0,0.0,0,0.0,262.0,False,
2025-11-16,0,0.0,0,0.0,262.0,False,
2025-11-17,0,0.0,0,0.0,262.0,False,
2025-11-18,0,0.0,0,0.0,262.0,False,
2025-11-19,0,0.0,0,0.0,262.0,False,
2025-11-20,0,0.0,0,0.0,262.0,False,
2025-11-21,0,0.0,0,0.0,262.0,False,
2025-11-22,0,0.0,0,0.0,262.0,False,
2025-11-23,1,10.0,0,0.0,262.0,False,
2025-11-24,1,10.0,1,-10.0,252.0,False,
2025-11-25,0,0.0,1,-10.0,242.0,False,
2025-11-26,0,0.0,0,0.0,242.0,False,
2025-11-27,0,0.0,0,0.0,242.0,False,
2025-11-28,0,0.0,0,0.0,242.0,False,
2025-11-29,0,0.0,0,0.0,242.0,False,
2025-11-30,1,10.0,0,0.0,242.0,False,
2025-12-01,0,0.0,1,16.8,258.8,False,
2025-12-02,0,0.0,0,0.0,258.8,False,
2025-12-03,0,0.0,0,0.0,258.8,False,
2025-12-04,0,0.0,0,0.0,258.8,False,
2025-12-05,0,0.0,0,0.0,258.8,False,
2025-12-06,1,10.0,0,0.0,258.8,False,
2025-12-07,0,0.0,1,-10.0,248.8,False,
