date,month,league,home_team,away_team,outcome,actual_result,odds,odds_bucket,market_probability,market_prob_bucket,favorite_relation,odds_source,won,unit_profit
2021-08-13,2021-08,D1,M'gladbach,Bayern Munich,home,draw,4.33,"[4.0,5.0)",0.21878697704933395,"[0.20,0.28)",market_non_favorite,B365_OPEN,False,-1.0
2021-08-13,2021-08,D1,M'gladbach,Bayern Munich,draw,draw,4.5,"[4.0,5.0)",0.21052169124969244,"[0.20,0.28)",market_non_favorite,B365_OPEN,True,3.5
2021-08-13,2021-08,D1,M'gladbach,Bayern Munich,away,draw,1.66,"[1.0,1.8)",0.5706913317009735,"[0.55,1.00]",market_favorite,B365_OPEN,False,-1.0
2021-08-14,2021-08,D1,Wolfsburg,Bochum,home,home,1.53,"[1.0,1.8)",0.6226312939902545,"[0.55,1.00]",market_favorite,B365_OPEN,True,0.53
2021-08-14,2021-08,D1,Wolfsburg,Bochum,draw,home,4.5,"[4.0,5.0)",0.21169463995668653,"[0.20,0.28)",market_non_favorite,B365_OPEN,False,-1.0
2021-08-14,2021-08,D1,Wolfsburg,Bochum,away,home,5.75,"[5.0,7.0)",0.16567406605305904,"[0.00,0.20)",market_non_favorite,B365_OPEN,False,-1.0
2021-08-14,2021-08,D1,Union Berlin,Leverkusen,home,draw,2.75,"[2.2,2.8)",0.3463497453310696,"[0.34,0.42)",market_non_favorite,B365_OPEN,False,-1.0
2021-08-14,2021-08,D1,Union Berlin,Leverkusen,draw,draw,3.4,"[2.8,3.5)",0.2801358234295416,"[0.28,0.34)",market_non_favorite,B365_OPEN,True,2.4
2021-08-14,2021-08,D1,Union Berlin,Leverkusen,away,draw,2.55,"[2.2,2.8)",0.3735144312393888,"[0.34,0.42)",market_favorite,B365_OPEN,False,-1.0
2021-08-14,2021-08,D1,Stuttgart,Greuther Furth,home,home,1.83,"[1.8,2.2)",0.5221932114882506,"[0.42,0.55)",market_favorite,B365_OPEN,True,0.8300000000000001
2021-08-14,2021-08,D1,Stuttgart,Greuther Furth,draw,home,4.0,"[4.0,5.0)",0.23890339425587467,"[0.20,0.28)",market_non_favorite,B365_OPEN,False,-1.0
2021-08-14,2021-08,D1,Stuttgart,Greuther Furth,away,home,4.0,"[4.0,5.0)",0.23890339425587467,"[0.20,0.28)",market_non_favorite,B365_OPEN,False,-1.0
2021-08-14,2021-08,D1,Dortmund,Ein Frankfurt,home,home,1.4,"[1.0,1.8)",0.6803044719314938,"[0.55,1.00]",market_favorite,B365_OPEN,True,0.3999999999999999
2021-08-14,2021-08,D1,Dortmund,Ein Frankfurt,draw,home,5.5,"[5.0,7.0)",0.1731684110371075,"[0.00,0.20)",market_non_favorite,B365_OPEN,False,-1.0
2021-08-14,2021-08,D1,Dortmund,Ein Frankfurt,away,home,6.5,"[5.0,7.0)",0.14652711703139867,"[0.00,0.20)",market_non_favorite,B365_OPEN,False,-1.0
2021-08-14,2021-08,D1,Bielefeld,Freiburg,home,draw,2.8,"[2.8,3.5)",0.33972821742605913,"[0.28,0.34)",market_non_favorite,B365_OPEN,False,-1.0
2021-08-14,2021-08,D1,Bielefeld,Freiburg,draw,draw,3.4,"[2.8,3.5)",0.2797761790567546,"[0.20,0.28)",market_non_favorite,B365_OPEN,True,2.4
2021-08-14,2021-08,D1,Bielefeld,Freiburg,away,draw,2.5,"[2.2,2.8)",0.38049560351718625,"[0.34,0.42)",market_favorite,B365_OPEN,False,-1.0
2021-08-14,2021-08,D1,Augsburg,Hoffenheim,home,away,3.2,"[2.8,3.5)",0.2961082910321489,"[0.28,0.34)",market_non_favorite,B365_OPEN,False,-1.0
2021-08-14,2021-08,D1,Augsburg,Hoffenheim,draw,away,3.75,"[3.5,4.0)",0.25267907501410036,"[0.20,0.28)",market_non_favorite,B365_OPEN,False,-1.0
2021-08-14,2021-08,D1,Augsburg,Hoffenheim,away,away,2.1,"[1.8,2.2)",0.45121263395375066,"[0.42,0.55)",market_favorite,B365_OPEN,True,1.1
2021-08-15,2021-08,D1,FC Koln,Hertha,home,home,2.55,"[2.2,2.8)",0.3735144312393888,"[0.34,0.42)",market_favorite,B365_OPEN,True,1.5499999999999998
2021-08-15,2021-08,D1,FC Koln,Hertha,draw,home,3.4,"[2.8,3.5)",0.2801358234295416,"[0.28,0.34)",market_non_favorite,B365_OPEN,False,-1.0
2021-08-15,2021-08,D1,FC Koln,Hertha,away,home,2.75,"[2.2,2.8)",0.3463497453310696,"[0.34,0.42)",market_non_favorite,B365_OPEN,False,-1.0
2021-08-15,2021-08,D1,Mainz,RB Leipzig,home,home,8.0,"[7.0,inf)",0.11806956662093454,"[0.00,0.20)",market_non_favorite,B365_OPEN,True,7.0
2021-08-15,2021-08,D1,Mainz,RB Leipzig,draw,home,5.5,"[5.0,7.0)",0.17173755144863206,"[0.00,0.20)",market_non_favorite,B365_OPEN,False,-1.0
2021-08-15,2021-08,D1,Mainz,RB Leipzig,away,home,1.33,"[1.0,1.8)",0.7101928819304333,"[0.55,1.00]",market_favorite,B365_OPEN,False,-1.0
2021-08-20,2021-08,D1,RB Leipzig,Stuttgart,home,home,1.36,"[1.0,1.8)",0.6880733944954128,"[0.55,1.00]",market_favorite,B365_OPEN,True,0.3600000000000001
2021-08-20,2021-08,D1,RB Leipzig,Stuttgart,draw,home,5.25,"[5.0,7.0)",0.1782437745740498,"[0.00,0.20)",market_non_favorite,B365_OPEN,False,-1.0
2021-08-20,2021-08,D1,RB Leipzig,Stuttgart,away,home,7.0,"[7.0,inf)",0.13368283093053734,"[0.00,0.20)",market_non_favorite,B365_OPEN,False,-1.0
2021-08-21,2021-08,D1,Leverkusen,M'gladbach,home,home,2.2,"[2.2,2.8)",0.4310344827586207,"[0.42,0.55)",market_favorite,B365_OPEN,True,1.2000000000000002
2021-08-21,2021-08,D1,Leverkusen,M'gladbach,draw,home,3.75,"[3.5,4.0)",0.25287356321839083,"[0.20,0.28)",market_non_favorite,B365_OPEN,False,-1.0
2021-08-21,2021-08,D1,Leverkusen,M'gladbach,away,home,3.0,"[2.8,3.5)",0.3160919540229885,"[0.28,0.34)",market_non_favorite,B365_OPEN,False,-1.0
2021-08-21,2021-08,D1,Hertha,Wolfsburg,home,away,3.0,"[2.8,3.5)",0.3176442762535478,"[0.28,0.34)",market_non_favorite,B365_OPEN,False,-1.0
2021-08-21,2021-08,D1,Hertha,Wolfsburg,draw,away,3.4,"[2.8,3.5)",0.28027436140018924,"[0.28,0.34)",market_non_favorite,B365_OPEN,False,-1.0
2021-08-21,2021-08,D1,Hertha,Wolfsburg,away,away,2.37,"[2.2,2.8)",0.40208136234626296,"[0.34,0.42)",market_favorite,B365_OPEN,True,1.37
2021-08-21,2021-08,D1,Greuther Furth,Bielefeld,home,draw,2.55,"[2.2,2.8)",0.3711340206185567,"[0.34,0.42)",market_favorite,B365_OPEN,False,-1.0
2021-08-21,2021-08,D1,Greuther Furth,Bielefeld,draw,draw,3.4,"[2.8,3.5)",0.27835051546391754,"[0.20,0.28)",market_non_favorite,B365_OPEN,True,2.4
2021-08-21,2021-08,D1,Greuther Furth,Bielefeld,away,draw,2.7,"[2.2,2.8)",0.35051546391752575,"[0.34,0.42)",market_non_favorite,B365_OPEN,False,-1.0
2021-08-21,2021-08,D1,Freiburg,Dortmund,home,home,5.5,"[5.0,7.0)",0.17168674698795183,"[0.00,0.20)",market_non_favorite,B365_OPEN,True,4.5
2021-08-21,2021-08,D1,Freiburg,Dortmund,draw,home,4.75,"[4.0,5.0)",0.19879518072289157,"[0.00,0.20)",market_non_favorite,B365_OPEN,False,-1.0
2021-08-21,2021-08,D1,Freiburg,Dortmund,away,home,1.5,"[1.0,1.8)",0.6295180722891567,"[0.55,1.00]",market_favorite,B365_OPEN,False,-1.0
2021-08-21,2021-08,D1,Ein Frankfurt,Augsburg,home,draw,1.57,"[1.0,1.8)",0.6068194952802928,"[0.55,1.00]",market_favorite,B365_OPEN,False,-1.0
2021-08-21,2021-08,D1,Ein Frankfurt,Augsburg,draw,draw,4.5,"[4.0,5.0)",0.2117125794644577,"[0.20,0.28)",market_non_favorite,B365_OPEN,True,3.5
2021-08-21,2021-08,D1,Ein Frankfurt,Augsburg,away,draw,5.25,"[5.0,7.0)",0.18146792525524946,"[0.00,0.20)",market_non_favorite,B365_OPEN,False,-1.0
2021-08-21,2021-08,D1,Bochum,Mainz,home,home,2.62,"[2.2,2.8)",0.36382536382536385,"[0.34,0.42)",market_favorite,B365_OPEN,True,1.62
2021-08-21,2021-08,D1,Bochum,Mainz,draw,home,3.5,"[3.5,4.0)",0.27234927234927236,"[0.20,0.28)",market_non_favorite,B365_OPEN,False,-1.0
2021-08-21,2021-08,D1,Bochum,Mainz,away,home,2.62,"[2.2,2.8)",0.36382536382536385,"[0.34,0.42)",market_non_favorite,B365_OPEN,False,-1.0
2021-08-22,2021-08,D1,Bayern Munich,FC Koln,home,home,1.11,"[1.0,1.8)",0.8544933728212847,"[0.55,1.00]",market_favorite,B365_OPEN,True,0.1100000000000001
2021-08-22,2021-08,D1,Bayern Munich,FC Koln,draw,home,11.0,"[7.0,inf)",0.08622614943923874,"[0.00,0.20)",market_non_favorite,B365_OPEN,False,-1.0
2021-08-22,2021-08,D1,Bayern Munich,FC Koln,away,home,16.0,"[7.0,inf)",0.05928047773947663,"[0.00,0.20)",market_non_favorite,B365_OPEN,False,-1.0
2021-08-22,2021-08,D1,Hoffenheim,Union Berlin,home,draw,2.0,"[1.8,2.2)",0.47368421052631576,"[0.42,0.55)",market_favorite,B365_OPEN,False,-1.0
2021-08-22,2021-08,D1,Hoffenheim,Union Berlin,draw,draw,3.6,"[3.5,4.0)",0.2631578947368421,"[0.20,0.28)",market_non_favorite,B365_OPEN,True,2.6
2021-08-22,2021-08,D1,Hoffenheim,Union Berlin,away,draw,3.6,"[3.5,4.0)",0.2631578947368421,"[0.20,0.28)",market_non_favorite,B365_OPEN,False,-1.0
2021-08-27,2021-08,D1,Dortmund,Hoffenheim,home,home,1.4,"[1.0,1.8)",0.6803044719314938,"[0.55,1.00]",market_favorite,B365_OPEN,True,0.3999999999999999
2021-08-27,2021-08,D1,Dortmund,Hoffenheim,draw,home,5.5,"[5.0,7.0)",0.1731684110371075,"[0.00,0.20)",market_non_favorite,B365_OPEN,False,-1.0
2021-08-27,2021-08,D1,Dortmund,Hoffenheim,away,home,6.5,"[5.0,7.0)",0.14652711703139867,"[0.00,0.20)",market_non_favorite,B365_OPEN,False,-1.0
2021-08-28,2021-08,D1,Mainz,Greuther Furth,home,home,1.66,"[1.0,1.8)",0.5724098454493417,"[0.55,1.00]",market_favorite,B365_OPEN,True,0.6599999999999999
2021-08-28,2021-08,D1,Mainz,Greuther Furth,draw,home,4.0,"[4.0,5.0)",0.2375500858614768,"[0.20,0.28)",market_non_favorite,B365_OPEN,False,-1.0
2021-08-28,2021-08,D1,Mainz,Greuther Furth,away,home,5.0,"[5.0,7.0)",0.19004006868918144,"[0.00,0.20)",market_non_favorite,B365_OPEN,False,-1.0
2021-08-28,2021-08,D1,FC Koln,Bochum,home,home,1.83,"[1.8,2.2)",0.5198277142432793,"[0.42,0.55)",market_favorite,B365_OPEN,True,0.8300000000000001
2021-08-28,2021-08,D1,FC Koln,Bochum,draw,home,3.75,"[3.5,4.0)",0.25367592455072036,"[0.20,0.28)",market_non_favorite,B365_OPEN,False,-1.0
2021-08-28,2021-08,D1,FC Koln,Bochum,away,home,4.2,"[4.0,5.0)",0.2264963612060003,"[0.20,0.28)",market_non_favorite,B365_OPEN,False,-1.0
2021-08-28,2021-08,D1,Bielefeld,Ein Frankfurt,home,draw,3.3,"[2.8,3.5)",0.2866894197952219,"[0.28,0.34)",market_non_favorite,B365_OPEN,False,-1.0
2021-08-28,2021-08,D1,Bielefeld,Ein Frankfurt,draw,draw,3.6,"[3.5,4.0)",0.2627986348122867,"[0.20,0.28)",market_non_favorite,B365_OPEN,True,2.6
2021-08-28,2021-08,D1,Bielefeld,Ein Frankfurt,away,draw,2.1,"[1.8,2.2)",0.45051194539249145,"[0.42,0.55)",market_favorite,B365_OPEN,False,-1.0
2021-08-28,2021-08,D1,Bayern Munich,Hertha,home,home,1.14,"[1.0,1.8)",0.8314855875831485,"[0.55,1.00]",market_favorite,B365_OPEN,True,0.1399999999999999
2021-08-28,2021-08,D1,Bayern Munich,Hertha,draw,home,9.0,"[7.0,inf)",0.10532150776053213,"[0.00,0.20)",market_non_favorite,B365_OPEN,False,-1.0
2021-08-28,2021-08,D1,Bayern Munich,Hertha,away,home,15.0,"[7.0,inf)",0.06319290465631928,"[0.00,0.20)",market_non_favorite,B365_OPEN,False,-1.0
2021-08-28,2021-08,D1,Augsburg,Leverkusen,home,away,4.75,"[4.0,5.0)",0.19953596287703013,"[0.00,0.20)",market_non_favorite,B365_OPEN,False,-1.0
2021-08-28,2021-08,D1,Augsburg,Leverkusen,draw,away,3.8,"[3.5,4.0)",0.24941995359628769,"[0.20,0.28)",market_non_favorite,B365_OPEN,False,-1.0
2021-08-28,2021-08,D1,Augsburg,Leverkusen,away,away,1.72,"[1.0,1.8)",0.5510440835266821,"[0.55,1.00]",market_favorite,B365_OPEN,True,0.72
2021-08-28,2021-08,D1,Stuttgart,Freiburg,home,away,2.15,"[1.8,2.2)",0.4407039020657995,"[0.42,0.55)",market_favorite,B365_OPEN,False,-1.0
2021-08-28,2021-08,D1,Stuttgart,Freiburg,draw,away,3.6,"[3.5,4.0)",0.2631981637337414,"[0.20,0.28)",market_non_favorite,B365_OPEN,False,-1.0
2021-08-28,2021-08,D1,Stuttgart,Freiburg,away,away,3.2,"[2.8,3.5)",0.29609793420045905,"[0.28,0.34)",market_non_favorite,B365_OPEN,True,2.2
2021-08-29,2021-08,D1,Union Berlin,M'gladbach,home,home,2.45,"[2.2,2.8)",0.384811677043993,"[0.34,0.42)",market_favorite,B365_OPEN,True,1.4500000000000002
2021-08-29,2021-08,D1,Union Berlin,M'gladbach,draw,home,3.25,"[2.8,3.5)",0.29008880269470244,"[0.28,0.34)",market_non_favorite,B365_OPEN,False,-1.0
2021-08-29,2021-08,D1,Union Berlin,M'gladbach,away,home,2.9,"[2.8,3.5)",0.3250995202613045,"[0.28,0.34)",market_non_favorite,B365_OPEN,False,-1.0
2021-08-29,2021-08,D1,Wolfsburg,RB Leipzig,home,home,3.6,"[3.5,4.0)",0.2642238998342847,"[0.20,0.28)",market_non_favorite,B365_OPEN,True,2.6
2021-08-29,2021-08,D1,Wolfsburg,RB Leipzig,draw,home,3.5,"[3.5,4.0)",0.2717731541152642,"[0.20,0.28)",market_non_favorite,B365_OPEN,False,-1.0
2021-08-29,2021-08,D1,Wolfsburg,RB Leipzig,away,home,2.05,"[1.8,2.2)",0.46400294605045117,"[0.42,0.55)",market_favorite,B365_OPEN,False,-1.0
2021-09-11,2021-09,D1,Union Berlin,Augsburg,home,draw,1.7,"[1.0,1.8)",0.5576208178438662,"[0.55,1.00]",market_favorite,B365_OPEN,False,-1.0
2021-09-11,2021-09,D1,Union Berlin,Augsburg,draw,draw,3.75,"[3.5,4.0)",0.2527881040892193,"[0.20,0.28)",market_non_favorite,B365_OPEN,True,2.75
2021-09-11,2021-09,D1,Union Berlin,Augsburg,away,draw,5.0,"[5.0,7.0)",0.1895910780669145,"[0.00,0.20)",market_non_favorite,B365_OPEN,False,-1.0
2021-09-11,2021-09,D1,RB Leipzig,Bayern Munich,home,away,3.0,"[2.8,3.5)",0.31714719271623676,"[0.28,0.34)",market_non_favorite,B365_OPEN,False,-1.0
2021-09-11,2021-09,D1,RB Leipzig,Bayern Munich,draw,away,3.8,"[3.5,4.0)",0.2503793626707132,"[0.20,0.28)",market_non_favorite,B365_OPEN,False,-1.0
2021-09-11,2021-09,D1,RB Leipzig,Bayern Munich,away,away,2.2,"[2.2,2.8)",0.4324734446130501,"[0.42,0.55)",market_favorite,B365_OPEN,True,1.2000000000000002
2021-09-11,2021-09,D1,Leverkusen,Dortmund,home,away,3.1,"[2.8,3.5)",0.3069697538981777,"[0.28,0.34)",market_non_favorite,B365_OPEN,False,-1.0
2021-09-11,2021-09,D1,Leverkusen,Dortmund,draw,away,3.8,"[3.5,4.0)",0.250422693969566,"[0.20,0.28)",market_non_favorite,B365_OPEN,False,-1.0
2021-09-11,2021-09,D1,Leverkusen,Dortmund,away,away,2.15,"[1.8,2.2)",0.4426075521322562,"[0.42,0.55)",market_favorite,B365_OPEN,True,1.15
2021-09-11,2021-09,D1,Hoffenheim,Mainz,home,away,2.0,"[1.8,2.2)",0.4751131221719457,"[0.42,0.55)",market_favorite,B365_OPEN,False,-1.0
2021-09-11,2021-09,D1,Hoffenheim,Mainz,draw,away,3.75,"[3.5,4.0)",0.25339366515837103,"[0.20,0.28)",market_non_favorite,B365_OPEN,False,-1.0
2021-09-11,2021-09,D1,Hoffenheim,Mainz,away,away,3.5,"[3.5,4.0)",0.27149321266968324,"[0.20,0.28)",market_non_favorite,B365_OPEN,True,2.5
2021-09-11,2021-09,D1,Greuther Furth,Wolfsburg,home,away,5.5,"[5.0,7.0)",0.17320838460970087,"[0.00,0.20)",market_non_favorite,B365_OPEN,False,-1.0
2021-09-11,2021-09,D1,Greuther Furth,Wolfsburg,draw,away,4.33,"[4.0,5.0)",0.2200106501970796,"[0.20,0.28)",market_non_favorite,B365_OPEN,False,-1.0
2021-09-11,2021-09,D1,Greuther Furth,Wolfsburg,away,away,1.57,"[1.0,1.8)",0.6067809651932196,"[0.55,1.00]",market_favorite,B365_OPEN,True,0.5700000000000001
2021-09-11,2021-09,D1,Freiburg,FC Koln,home,draw,2.2,"[2.2,2.8)",0.43088803088803085,"[0.42,0.55)",market_favorite,B365_OPEN,False,-1.0
2021-09-11,2021-09,D1,Freiburg,FC Koln,draw,draw,3.6,"[3.5,4.0)",0.2633204633204633,"[0.20,0.28)",market_non_favorite,B365_OPEN,True,2.6
2021-09-11,2021-09,D1,Freiburg,FC Koln,away,draw,3.1,"[2.8,3.5)",0.30579150579150577,"[0.28,0.34)",market_non_favorite,B365_OPEN,False,-1.0
2021-09-12,2021-09,D1,Bochum,Hertha,home,away,2.8,"[2.8,3.5)",0.33972821742605913,"[0.28,0.34)",market_non_favorite,B365_OPEN,False,-1.0
2021-09-12,2021-09,D1,Bochum,Hertha,draw,away,3.4,"[2.8,3.5)",0.2797761790567546,"[0.20,0.28)",market_non_favorite,B365_OPEN,False,-1.0
2021-09-12,2021-09,D1,Bochum,Hertha,away,away,2.5,"[2.2,2.8)",0.38049560351718625,"[0.34,0.42)",market_favorite,B365_OPEN,True,1.5
2021-09-12,2021-09,D1,Ein Frankfurt,Stuttgart,home,draw,2.0,"[1.8,2.2)",0.4751131221719457,"[0.42,0.55)",market_favorite,B365_OPEN,False,-1.0
2021-09-12,2021-09,D1,Ein Frankfurt,Stuttgart,draw,draw,3.75,"[3.5,4.0)",0.25339366515837103,"[0.20,0.28)",market_non_favorite,B365_OPEN,True,2.75
2021-09-12,2021-09,D1,Ein Frankfurt,Stuttgart,away,draw,3.5,"[3.5,4.0)",0.27149321266968324,"[0.20,0.28)",market_non_favorite,B365_OPEN,False,-1.0
2021-09-12,2021-09,D1,M'gladbach,Bielefeld,home,home,1.44,"[1.0,1.8)",0.6627466613514053,"[0.55,1.00]",market_favorite,B365_OPEN,True,0.43999999999999995
2021-09-12,2021-09,D1,M'gladbach,Bielefeld,draw,home,4.75,"[4.0,5.0)",0.20091688259916285,"[0.20,0.28)",market_non_favorite,B365_OPEN,False,-1.0
2021-09-12,2021-09,D1,M'gladbach,Bielefeld,away,home,7.0,"[7.0,inf)",0.13633645604943193,"[0.00,0.20)",market_non_favorite,B365_OPEN,False,-1.0
2021-09-17,2021-09,D1,Hertha,Greuther Furth,home,home,1.75,"[1.0,1.8)",0.5309734513274337,"[0.42,0.55)",market_favorite,B365_OPEN,True,0.75
2021-09-17,2021-09,D1,Hertha,Greuther Furth,draw,home,3.75,"[3.5,4.0)",0.24778761061946902,"[0.20,0.28)",market_non_favorite,B365_OPEN,False,-1.0
2021-09-17,2021-09,D1,Hertha,Greuther Furth,away,home,4.2,"[4.0,5.0)",0.22123893805309736,"[0.20,0.28)",market_non_favorite,B365_OPEN,False,-1.0
2021-09-18,2021-09,D1,Mainz,Freiburg,home,draw,2.0,"[1.8,2.2)",0.47368421052631576,"[0.42,0.55)",market_favorite,B365_OPEN,False,-1.0
2021-09-18,2021-09,D1,Mainz,Freiburg,draw,draw,3.6,"[3.5,4.0)",0.2631578947368421,"[0.20,0.28)",market_non_favorite,B365_OPEN,True,2.6
2021-09-18,2021-09,D1,Mainz,Freiburg,away,draw,3.6,"[3.5,4.0)",0.2631578947368421,"[0.20,0.28)",market_non_favorite,B365_OPEN,False,-1.0
2021-09-18,2021-09,D1,FC Koln,RB Leipzig,home,draw,4.5,"[4.0,5.0)",0.21091354996934394,"[0.20,0.28)",market_non_favorite,B365_OPEN,False,-1.0
2021-09-18,2021-09,D1,FC Koln,RB Leipzig,draw,draw,4.0,"[4.0,5.0)",0.23727774371551194,"[0.20,0.28)",market_non_favorite,B365_OPEN,True,3.0
2021-09-18,2021-09,D1,FC Koln,RB Leipzig,away,draw,1.72,"[1.0,1.8)",0.5518087063151441,"[0.55,1.00]",market_favorite,B365_OPEN,False,-1.0
2021-09-18,2021-09,D1,Bielefeld,Hoffenheim,home,draw,3.5,"[3.5,4.0)",0.2717731541152642,"[0.20,0.28)",market_non_favorite,B365_OPEN,False,-1.0
2021-09-18,2021-09,D1,Bielefeld,Hoffenheim,draw,draw,3.6,"[3.5,4.0)",0.2642238998342847,"[0.20,0.28)",market_non_favorite,B365_OPEN,True,2.6
2021-09-18,2021-09,D1,Bielefeld,Hoffenheim,away,draw,2.05,"[1.8,2.2)",0.46400294605045117,"[0.42,0.55)",market_favorite,B365_OPEN,False,-1.0
2021-09-18,2021-09,D1,Bayern Munich,Bochum,home,home,1.06,"[1.0,1.8)",0.8943822357183527,"[0.55,1.00]",market_favorite,B365_OPEN,True,0.06000000000000005
2021-09-18,2021-09,D1,Bayern Munich,Bochum,draw,home,13.0,"[7.0,inf)",0.07292655152780415,"[0.00,0.20)",market_non_favorite,B365_OPEN,False,-1.0
2021-09-18,2021-09,D1,Bayern Munich,Bochum,away,home,29.0,"[7.0,inf)",0.03269121275384324,"[0.00,0.20)",market_non_favorite,B365_OPEN,False,-1.0
2021-09-18,2021-09,D1,Augsburg,M'gladbach,home,home,4.2,"[4.0,5.0)",0.22813688212927755,"[0.20,0.28)",market_non_favorite,B365_OPEN,True,3.2
2021-09-18,2021-09,D1,Augsburg,M'gladbach,draw,home,4.0,"[4.0,5.0)",0.23954372623574144,"[0.20,0.28)",market_non_favorite,B365_OPEN,False,-1.0
2021-09-18,2021-09,D1,Augsburg,M'gladbach,away,home,1.8,"[1.8,2.2)",0.532319391634981,"[0.42,0.55)",market_favorite,B365_OPEN,False,-1.0
2021-09-19,2021-09,D1,Dortmund,Union Berlin,home,home,1.36,"[1.0,1.8)",0.6997667444185273,"[0.55,1.00]",market_favorite,B365_OPEN,True,0.3600000000000001
2021-09-19,2021-09,D1,Dortmund,Union Berlin,draw,home,5.25,"[5.0,7.0)",0.18127290903032325,"[0.00,0.20)",market_non_favorite,B365_OPEN,False,-1.0
2021-09-19,2021-09,D1,Dortmund,Union Berlin,away,home,8.0,"[7.0,inf)",0.11896034655114963,"[0.00,0.20)",market_non_favorite,B365_OPEN,False,-1.0
2021-09-19,2021-09,D1,Stuttgart,Leverkusen,home,away,3.3,"[2.8,3.5)",0.2897350993377484,"[0.28,0.34)",market_non_favorite,B365_OPEN,False,-1.0
2021-09-19,2021-09,D1,Stuttgart,Leverkusen,draw,away,3.75,"[3.5,4.0)",0.25496688741721857,"[0.20,0.28)",market_non_favorite,B365_OPEN,False,-1.0
2021-09-19,2021-09,D1,Stuttgart,Leverkusen,away,away,2.1,"[1.8,2.2)",0.4552980132450331,"[0.42,0.55)",market_favorite,B365_OPEN,True,1.1
2021-09-19,2021-09,D1,Wolfsburg,Ein Frankfurt,home,draw,1.8,"[1.8,2.2)",0.5292717447246527,"[0.42,0.55)",market_favorite,B365_OPEN,False,-1.0
2021-09-19,2021-09,D1,Wolfsburg,Ein Frankfurt,draw,draw,3.8,"[3.5,4.0)",0.2507076685537828,"[0.20,0.28)",market_non_favorite,B365_OPEN,True,2.8
2021-09-19,2021-09,D1,Wolfsburg,Ein Frankfurt,away,draw,4.33,"[4.0,5.0)",0.22002058672156458,"[0.20,0.28)",market_non_favorite,B365_OPEN,False,-1.0
2021-09-24,2021-09,D1,Greuther Furth,Bayern Munich,home,away,23.0,"[7.0,inf)",0.04121237260014221,"[0.00,0.20)",market_non_favorite,B365_OPEN,False,-1.0
2021-09-24,2021-09,D1,Greuther Furth,Bayern Munich,draw,away,13.0,"[7.0,inf)",0.07291419767717469,"[0.00,0.20)",market_non_favorite,B365_OPEN,False,-1.0
2021-09-24,2021-09,D1,Greuther Furth,Bayern Munich,away,away,1.07,"[1.0,1.8)",0.8858734297226831,"[0.55,1.00]",market_favorite,B365_OPEN,True,0.07000000000000006
2021-09-25,2021-09,D1,RB Leipzig,Hertha,home,home,1.3,"[1.0,1.8)",0.7318695941450433,"[0.55,1.00]",market_favorite,B365_OPEN,True,0.30000000000000004
2021-09-25,2021-09,D1,RB Leipzig,Hertha,draw,home,5.5,"[5.0,7.0)",0.17298735861610115,"[0.00,0.20)",market_non_favorite,B365_OPEN,False,-1.0
2021-09-25,2021-09,D1,RB Leipzig,Hertha,away,home,10.0,"[7.0,inf)",0.09514304723885564,"[0.00,0.20)",market_non_favorite,B365_OPEN,False,-1.0
2021-09-25,2021-09,D1,M'gladbach,Dortmund,home,home,4.33,"[4.0,5.0)",0.21985781067393842,"[0.20,0.28)",market_non_favorite,B365_OPEN,True,3.33
2021-09-25,2021-09,D1,M'gladbach,Dortmund,draw,home,4.2,"[4.0,5.0)",0.22666293338527463,"[0.20,0.28)",market_non_favorite,B365_OPEN,False,-1.0
2021-09-25,2021-09,D1,M'gladbach,Dortmund,away,home,1.72,"[1.0,1.8)",0.553479255940787,"[0.55,1.00]",market_favorite,B365_OPEN,False,-1.0
2021-09-25,2021-09,D1,Leverkusen,Mainz,home,home,1.72,"[1.0,1.8)",0.5518087063151441,"[0.55,1.00]",market_favorite,B365_OPEN,True,0.72
2021-09-25,2021-09,D1,Leverkusen,Mainz,draw,home,4.0,"[4.0,5.0)",0.23727774371551194,"[0.20,0.28)",market_non_favorite,B365_OPEN,False,-1.0
2021-09-25,2021-09,D1,Leverkusen,Mainz,away,home,4.5,"[4.0,5.0)",0.21091354996934394,"[0.20,0.28)",market_non_favorite,B365_OPEN,False,-1.0
2021-09-25,2021-09,D1,Hoffenheim,Wolfsburg,home,home,2.75,"[2.2,2.8)",0.34653465346534656,"[0.34,0.42)",market_non_favorite,B365_OPEN,True,1.75
2021-09-25,2021-09,D1,Hoffenheim,Wolfsburg,draw,home,3.5,"[3.5,4.0)",0.2722772277227723,"[0.20,0.28)",market_non_favorite,B365_OPEN,False,-1.0
2021-09-25,2021-09,D1,Hoffenheim,Wolfsburg,away,home,2.5,"[2.2,2.8)",0.38118811881188125,"[0.34,0.42)",market_favorite,B365_OPEN,False,-1.0
2021-09-25,2021-09,D1,Ein Frankfurt,FC Koln,home,draw,2.0,"[1.8,2.2)",0.4751131221719457,"[0.42,0.55)",market_favorite,B365_OPEN,False,-1.0
2021-09-25,2021-09,D1,Ein Frankfurt,FC Koln,draw,draw,3.75,"[3.5,4.0)",0.25339366515837103,"[0.20,0.28)",market_non_favorite,B365_OPEN,True,2.75
2021-09-25,2021-09,D1,Ein Frankfurt,FC Koln,away,draw,3.5,"[3.5,4.0)",0.27149321266968324,"[0.20,0.28)",market_non_favorite,B365_OPEN,False,-1.0
2021-09-25,2021-09,D1,Union Berlin,Bielefeld,home,home,1.66,"[1.0,1.8)",0.5751554846166547,"[0.55,1.00]",market_favorite,B365_OPEN,True,0.6599999999999999
2021-09-25,2021-09,D1,Union Berlin,Bielefeld,draw,home,3.8,"[3.5,4.0)",0.2512521327535912,"[0.20,0.28)",market_non_favorite,B365_OPEN,False,-1.0
2021-09-25,2021-09,D1,Union Berlin,Bielefeld,away,home,5.5,"[5.0,7.0)",0.17359238262975396,"[0.00,0.20)",market_non_favorite,B365_OPEN,False,-1.0
2021-09-26,2021-09,D1,Bochum,Stuttgart,home,draw,3.0,"[2.8,3.5)",0.3163064833005894,"[0.28,0.34)",market_non_favorite,B365_OPEN,False,-1.0
2021-09-26,2021-09,D1,Bochum,Stuttgart,draw,draw,3.5,"[3.5,4.0)",0.27111984282907664,"[0.20,0.28)",market_non_favorite,B365_OPEN,True,2.5
2021-09-26,2021-09,D1,Bochum,Stuttgart,away,draw,2.3,"[2.2,2.8)",0.41257367387033406,"[0.34,0.42)",market_favorite,B365_OPEN,False,-1.0
2021-09-26,2021-09,D1,Freiburg,Augsburg,home,home,1.85,"[1.8,2.2)",0.5151610291323099,"[0.42,0.55)",market_favorite,B365_OPEN,True,0.8500000000000001
2021-09-26,2021-09,D1,Freiburg,Augsburg,draw,home,3.6,"[3.5,4.0)",0.2647355288596593,"[0.20,0.28)",market_non_favorite,B365_OPEN,False,-1.0
2021-09-26,2021-09,D1,Freiburg,Augsburg,away,home,4.33,"[4.0,5.0)",0.22010344200803078,"[0.20,0.28)",market_non_favorite,B365_OPEN,False,-1.0
2021-10-01,2021-10,D1,FC Koln,Greuther Furth,home,home,1.4,"[1.0,1.8)",0.6756756756756757,"[0.55,1.00]",market_favorite,B365_OPEN,True,0.3999999999999999
2021-10-01,2021-10,D1,FC Koln,Greuther Furth,draw,home,5.0,"[5.0,7.0)",0.1891891891891892,"[0.00,0.20)",market_non_favorite,B365_OPEN,False,-1.0
2021-10-01,2021-10,D1,FC Koln,Greuther Furth,away,home,7.0,"[7.0,inf)",0.13513513513513511,"[0.00,0.20)",market_non_favorite,B365_OPEN,False,-1.0
2021-10-02,2021-10,D1,Wolfsburg,M'gladbach,home,away,2.1,"[1.8,2.2)",0.45434298440979953,"[0.42,0.55)",market_favorite,B365_OPEN,False,-1.0
2021-10-02,2021-10,D1,Wolfsburg,M'gladbach,draw,away,3.6,"[3.5,4.0)",0.2650334075723831,"[0.20,0.28)",market_non_favorite,B365_OPEN,False,-1.0
2021-10-02,2021-10,D1,Wolfsburg,M'gladbach,away,away,3.4,"[2.8,3.5)",0.2806236080178174,"[0.28,0.34)",market_non_favorite,B365_OPEN,True,2.4
2021-10-02,2021-10,D1,Stuttgart,Hoffenheim,home,home,2.62,"[2.2,2.8)",0.3612645734620451,"[0.34,0.42)",market_non_favorite,B365_OPEN,True,1.62
2021-10-02,2021-10,D1,Stuttgart,Hoffenheim,draw,home,3.75,"[3.5,4.0)",0.2524035153254822,"[0.20,0.28)",market_non_favorite,B365_OPEN,False,-1.0
2021-10-02,2021-10,D1,Stuttgart,Hoffenheim,away,home,2.45,"[2.2,2.8)",0.38633191121247273,"[0.34,0.42)",market_favorite,B365_OPEN,False,-1.0
2021-10-02,2021-10,D1,RB Leipzig,Bochum,home,home,1.2,"[1.0,1.8)",0.7865168539325843,"[0.55,1.00]",market_favorite,B365_OPEN,True,0.19999999999999996
2021-10-02,2021-10,D1,RB Leipzig,Bochum,draw,home,7.0,"[7.0,inf)",0.1348314606741573,"[0.00,0.20)",market_non_favorite,B365_OPEN,False,-1.0
2021-10-02,2021-10,D1,RB Leipzig,Bochum,away,home,12.0,"[7.0,inf)",0.07865168539325842,"[0.00,0.20)",market_non_favorite,B365_OPEN,False,-1.0
2021-10-02,2021-10,D1,Hertha,Freiburg,home,away,2.9,"[2.8,3.5)",0.3266613290632506,"[0.28,0.34)",market_non_favorite,B365_OPEN,False,-1.0
2021-10-02,2021-10,D1,Hertha,Freiburg,draw,away,3.4,"[2.8,3.5)",0.27862289831865494,"[0.20,0.28)",market_non_favorite,B365_OPEN,False,-1.0
2021-10-02,2021-10,D1,Hertha,Freiburg,away,away,2.4,"[2.2,2.8)",0.39471577261809454,"[0.34,0.42)",market_favorite,B365_OPEN,True,1.4
2021-10-02,2021-10,D1,Dortmund,Augsburg,home,home,1.22,"[1.0,1.8)",0.7755791985681615,"[0.55,1.00]",market_favorite,B365_OPEN,True,0.21999999999999997
2021-10-02,2021-10,D1,Dortmund,Augsburg,draw,home,6.5,"[5.0,7.0)",0.14557024957740877,"[0.00,0.20)",market_non_favorite,B365_OPEN,False,-1.0
2021-10-02,2021-10,D1,Dortmund,Augsburg,away,home,12.0,"[7.0,inf)",0.07885055185442974,"[0.00,0.20)",market_non_favorite,B365_OPEN,False,-1.0
2021-10-03,2021-10,D1,Bayern Munich,Ein Frankfurt,home,away,1.16,"[1.0,1.8)",0.8181074447777474,"[0.55,1.00]",market_favorite,B365_OPEN,False,-1.0
2021-10-03,2021-10,D1,Bayern Munich,Ein Frankfurt,draw,away,8.0,"[7.0,inf)",0.11862557949277337,"[0.00,0.20)",market_non_favorite,B365_OPEN,False,-1.0
2021-10-03,2021-10,D1,Bayern Munich,Ein Frankfurt,away,away,15.0,"[7.0,inf)",0.06326697572947913,"[0.00,0.20)",market_non_favorite,B365_OPEN,True,14.0
2021-10-03,2021-10,D1,Bielefeld,Leverkusen,home,away,5.0,"[5.0,7.0)",0.1867207886343868,"[0.00,0.20)",market_non_favorite,B365_OPEN,False,-1.0
2021-10-03,2021-10,D1,Bielefeld,Leverkusen,draw,away,4.0,"[4.0,5.0)",0.23340098579298346,"[0.20,0.28)",market_non_favorite,B365_OPEN,False,-1.0
2021-10-03,2021-10,D1,Bielefeld,Leverkusen,away,away,1.61,"[1.0,1.8)",0.5798782255726297,"[0.55,1.00]",market_favorite,B365_OPEN,True,0.6100000000000001
2021-10-03,2021-10,D1,Mainz,Union Berlin,home,away,2.05,"[1.8,2.2)",0.46400294605045117,"[0.42,0.55)",market_favorite,B365_OPEN,False,-1.0
2021-10-03,2021-10,D1,Mainz,Union Berlin,draw,away,3.5,"[3.5,4.0)",0.2717731541152642,"[0.20,0.28)",market_non_favorite,B365_OPEN,False,-1.0
2021-10-03,2021-10,D1,Mainz,Union Berlin,away,away,3.6,"[3.5,4.0)",0.2642238998342847,"[0.20,0.28)",market_non_favorite,B365_OPEN,True,2.6
2021-10-15,2021-10,D1,Hoffenheim,FC Koln,home,home,2.0,"[1.8,2.2)",0.4719471947194719,"[0.42,0.55)",market_favorite,B365_OPEN,True,1.0
2021-10-15,2021-10,D1,Hoffenheim,FC Koln,draw,home,3.9,"[3.5,4.0)",0.24202420242024203,"[0.20,0.28)",market_non_favorite,B365_OPEN,False,-1.0
2021-10-15,2021-10,D1,Hoffenheim,FC Koln,away,home,3.3,"[2.8,3.5)",0.286028602860286,"[0.28,0.34)",market_non_favorite,B365_OPEN,False,-1.0
2021-10-16,2021-10,D1,Union Berlin,Wolfsburg,home,home,2.7,"[2.2,2.8)",0.3532608695652174,"[0.34,0.42)",market_favorite,B365_OPEN,True,1.7000000000000002
2021-10-16,2021-10,D1,Union Berlin,Wolfsburg,draw,home,3.25,"[2.8,3.5)",0.29347826086956524,"[0.28,0.34)",market_non_favorite,B365_OPEN,False,-1.0
2021-10-16,2021-10,D1,Union Berlin,Wolfsburg,away,home,2.7,"[2.2,2.8)",0.3532608695652174,"[0.34,0.42)",market_non_favorite,B365_OPEN,False,-1.0
2021-10-16,2021-10,D1,M'gladbach,Stuttgart,home,draw,1.5,"[1.0,1.8)",0.638655462184874,"[0.55,1.00]",market_favorite,B365_OPEN,False,-1.0
2021-10-16,2021-10,D1,M'gladbach,Stuttgart,draw,draw,4.75,"[4.0,5.0)",0.20168067226890757,"[0.20,0.28)",market_non_favorite,B365_OPEN,True,3.75
2021-10-16,2021-10,D1,M'gladbach,Stuttgart,away,draw,6.0,"[5.0,7.0)",0.1596638655462185,"[0.00,0.20)",market_non_favorite,B365_OPEN,False,-1.0
2021-10-16,2021-10,D1,Greuther Furth,Bochum,home,away,2.37,"[2.2,2.8)",0.40090054506675094,"[0.34,0.42)",market_favorite,B365_OPEN,False,-1.0
2021-10-16,2021-10,D1,Greuther Furth,Bochum,draw,away,3.5,"[3.5,4.0)",0.2714669405166285,"[0.20,0.28)",market_non_favorite,B365_OPEN,False,-1.0
2021-10-16,2021-10,D1,Greuther Furth,Bochum,away,away,2.9,"[2.8,3.5)",0.32763251441662067,"[0.28,0.34)",market_non_favorite,B365_OPEN,True,1.9
2021-10-16,2021-10,D1,Freiburg,RB Leipzig,home,draw,4.0,"[4.0,5.0)",0.2402597402597403,"[0.20,0.28)",market_non_favorite,B365_OPEN,False,-1.0
2021-10-16,2021-10,D1,Freiburg,RB Leipzig,draw,draw,4.0,"[4.0,5.0)",0.2402597402597403,"[0.20,0.28)",market_non_favorite,B365_OPEN,True,3.0
2021-10-16,2021-10,D1,Freiburg,RB Leipzig,away,draw,1.85,"[1.8,2.2)",0.5194805194805195,"[0.42,0.55)",market_favorite,B365_OPEN,False,-1.0
2021-10-16,2021-10,D1,Ein Frankfurt,Hertha,home,away,1.75,"[1.0,1.8)",0.5407114624505929,"[0.42,0.55)",market_favorite,B365_OPEN,False,-1.0
2021-10-16,2021-10,D1,Ein Frankfurt,Hertha,draw,away,3.8,"[3.5,4.0)",0.24901185770750986,"[0.20,0.28)",market_non_favorite,B365_OPEN,False,-1.0
2021-10-16,2021-10,D1,Ein Frankfurt,Hertha,away,away,4.5,"[4.0,5.0)",0.2102766798418972,"[0.20,0.28)",market_non_favorite,B365_OPEN,True,3.5
2021-10-16,2021-10,D1,Dortmund,Mainz,home,home,1.4,"[1.0,1.8)",0.6818181818181818,"[0.55,1.00]",market_favorite,B365_OPEN,True,0.3999999999999999
2021-10-16,2021-10,D1,Dortmund,Mainz,draw,home,5.0,"[5.0,7.0)",0.19090909090909092,"[0.00,0.20)",market_non_favorite,B365_OPEN,False,-1.0
2021-10-16,2021-10,D1,Dortmund,Mainz,away,home,7.5,"[7.0,inf)",0.12727272727272726,"[0.00,0.20)",market_non_favorite,B365_OPEN,False,-1.0
2021-10-17,2021-10,D1,Augsburg,Bielefeld,home,draw,2.25,"[2.2,2.8)",0.42285270112708895,"[0.42,0.55)",market_favorite,B365_OPEN,False,-1.0
2021-10-17,2021-10,D1,Augsburg,Bielefeld,draw,draw,3.2,"[2.8,3.5)",0.29731830547998445,"[0.28,0.34)",market_non_favorite,B365_OPEN,True,2.2
2021-10-17,2021-10,D1,Augsburg,Bielefeld,away,draw,3.4,"[2.8,3.5)",0.27982899339292655,"[0.20,0.28)",market_non_favorite,B365_OPEN,False,-1.0
2021-10-17,2021-10,D1,Leverkusen,Bayern Munich,home,away,4.75,"[4.0,5.0)",0.19994566693833196,"[0.00,0.20)",market_non_favorite,B365_OPEN,False,-1.0
2021-10-17,2021-10,D1,Leverkusen,Bayern Munich,draw,away,4.6,"[4.0,5.0)",0.206465634338495,"[0.20,0.28)",market_non_favorite,B365_OPEN,False,-1.0
2021-10-17,2021-10,D1,Leverkusen,Bayern Munich,away,away,1.6,"[1.0,1.8)",0.593588698723173,"[0.55,1.00]",market_favorite,B365_OPEN,True,0.6000000000000001
2021-10-22,2021-10,D1,Mainz,Augsburg,home,home,1.61,"[1.0,1.8)",0.5869632375656473,"[0.55,1.00]",market_favorite,B365_OPEN,True,0.6100000000000001
2021-10-22,2021-10,D1,Mainz,Augsburg,draw,home,3.8,"[3.5,4.0)",0.2486870559159716,"[0.20,0.28)",market_non_favorite,B365_OPEN,False,-1.0
2021-10-22,2021-10,D1,Mainz,Augsburg,away,home,5.75,"[5.0,7.0)",0.16434970651838124,"[0.00,0.20)",market_non_favorite,B365_OPEN,False,-1.0
2021-10-23,2021-10,D1,Wolfsburg,Freiburg,home,away,2.1,"[1.8,2.2)",0.45051194539249145,"[0.42,0.55)",market_favorite,B365_OPEN,False,-1.0
2021-10-23,2021-10,D1,Wolfsburg,Freiburg,draw,away,3.3,"[2.8,3.5)",0.2866894197952219,"[0.28,0.34)",market_non_favorite,B365_OPEN,False,-1.0
2021-10-23,2021-10,D1,Wolfsburg,Freiburg,away,away,3.6,"[3.5,4.0)",0.2627986348122867,"[0.20,0.28)",market_non_favorite,B365_OPEN,True,2.6
2021-10-23,2021-10,D1,RB Leipzig,Greuther Furth,home,home,1.12,"[1.0,1.8)",0.843812045003309,"[0.55,1.00]",market_favorite,B365_OPEN,True,0.1200000000000001
2021-10-23,2021-10,D1,RB Leipzig,Greuther Furth,draw,home,8.5,"[7.0,inf)",0.11118464592984778,"[0.00,0.20)",market_non_favorite,B365_OPEN,False,-1.0
2021-10-23,2021-10,D1,RB Leipzig,Greuther Furth,away,home,21.0,"[7.0,inf)",0.04500330906684315,"[0.00,0.20)",market_non_favorite,B365_OPEN,False,-1.0
2021-10-23,2021-10,D1,Hertha,M'gladbach,home,home,3.75,"[3.5,4.0)",0.25339366515837103,"[0.20,0.28)",market_non_favorite,B365_OPEN,True,2.75
2021-10-23,2021-10,D1,Hertha,M'gladbach,draw,home,3.5,"[3.5,4.0)",0.27149321266968324,"[0.20,0.28)",market_non_favorite,B365_OPEN,False,-1.0
2021-10-23,2021-10,D1,Hertha,M'gladbach,away,home,2.0,"[1.8,2.2)",0.4751131221719457,"[0.42,0.55)",market_favorite,B365_OPEN,False,-1.0
2021-10-23,2021-10,D1,Bielefeld,Dortmund,home,away,6.0,"[5.0,7.0)",0.15789473684210525,"[0.00,0.20)",market_non_favorite,B365_OPEN,False,-1.0
2021-10-23,2021-10,D1,Bielefeld,Dortmund,draw,away,4.5,"[4.0,5.0)",0.21052631578947367,"[0.20,0.28)",market_non_favorite,B365_OPEN,False,-1.0
2021-10-23,2021-10,D1,Bielefeld,Dortmund,away,away,1.5,"[1.0,1.8)",0.631578947368421,"[0.55,1.00]",market_favorite,B365_OPEN,True,0.5
2021-10-23,2021-10,D1,Bayern Munich,Hoffenheim,home,home,1.14,"[1.0,1.8)",0.8314855875831485,"[0.55,1.00]",market_favorite,B365_OPEN,True,0.1399999999999999
2021-10-23,2021-10,D1,Bayern Munich,Hoffenheim,draw,home,9.0,"[7.0,inf)",0.10532150776053213,"[0.00,0.20)",market_non_favorite,B365_OPEN,False,-1.0
2021-10-23,2021-10,D1,Bayern Munich,Hoffenheim,away,home,15.0,"[7.0,inf)",0.06319290465631928,"[0.00,0.20)",market_non_favorite,B365_OPEN,False,-1.0
2021-10-24,2021-10,D1,Bochum,Ein Frankfurt,home,home,3.2,"[2.8,3.5)",0.2968388589051658,"[0.28,0.34)",market_non_favorite,B365_OPEN,True,2.2
2021-10-24,2021-10,D1,Bochum,Ein Frankfurt,draw,home,3.5,"[3.5,4.0)",0.27139552814186585,"[0.20,0.28)",market_non_favorite,B365_OPEN,False,-1.0
2021-10-24,2021-10,D1,Bochum,Ein Frankfurt,away,home,2.2,"[2.2,2.8)",0.4317656129529684,"[0.42,0.55)",market_favorite,B365_OPEN,False,-1.0
2021-10-24,2021-10,D1,FC Koln,Leverkusen,home,draw,3.3,"[2.8,3.5)",0.28750692009595863,"[0.28,0.34)",market_non_favorite,B365_OPEN,False,-1.0
2021-10-24,2021-10,D1,FC Koln,Leverkusen,draw,draw,3.8,"[3.5,4.0)",0.24967706218859564,"[0.20,0.28)",market_non_favorite,B365_OPEN,True,2.8
2021-10-24,2021-10,D1,FC Koln,Leverkusen,away,draw,2.05,"[1.8,2.2)",0.46281601771544567,"[0.42,0.55)",market_favorite,B365_OPEN,False,-1.0
2021-10-24,2021-10,D1,Stuttgart,Union Berlin,home,draw,2.37,"[2.2,2.8)",0.40090054506675094,"[0.34,0.42)",market_favorite,B365_OPEN,False,-1.0
2021-10-24,2021-10,D1,Stuttgart,Union Berlin,draw,draw,3.5,"[3.5,4.0)",0.2714669405166285,"[0.20,0.28)",market_non_favorite,B365_OPEN,True,2.5
2021-10-24,2021-10,D1,Stuttgart,Union Berlin,away,draw,2.9,"[2.8,3.5)",0.32763251441662067,"[0.28,0.34)",market_non_favorite,B365_OPEN,False,-1.0
2021-10-29,2021-10,D1,Hoffenheim,Hertha,home,home,1.66,"[1.0,1.8)",0.5667412378821775,"[0.55,1.00]",market_favorite,B365_OPEN,True,0.6599999999999999
2021-10-29,2021-10,D1,Hoffenheim,Hertha,draw,home,4.0,"[4.0,5.0)",0.23519761372110362,"[0.20,0.28)",market_non_favorite,B365_OPEN,False,-1.0
2021-10-29,2021-10,D1,Hoffenheim,Hertha,away,home,4.75,"[4.0,5.0)",0.19806114839671882,"[0.00,0.20)",market_non_favorite,B365_OPEN,False,-1.0
2021-10-30,2021-10,D1,Leverkusen,Wolfsburg,home,away,1.9,"[1.8,2.2)",0.5046257359125315,"[0.42,0.55)",market_favorite,B365_OPEN,False,-1.0
2021-10-30,2021-10,D1,Leverkusen,Wolfsburg,draw,away,3.75,"[3.5,4.0)",0.255677039529016,"[0.20,0.28)",market_non_favorite,B365_OPEN,False,-1.0
2021-10-30,2021-10,D1,Leverkusen,Wolfsburg,away,away,4.0,"[4.0,5.0)",0.23969722455845247,"[0.20,0.28)",market_non_favorite,B365_OPEN,True,3.0
2021-10-30,2021-10,D1,Freiburg,Greuther Furth,home,home,1.36,"[1.0,1.8)",0.6934812760055478,"[0.55,1.00]",market_favorite,B365_OPEN,True,0.3600000000000001
2021-10-30,2021-10,D1,Freiburg,Greuther Furth,draw,home,5.0,"[5.0,7.0)",0.18862690707350901,"[0.00,0.20)",market_non_favorite,B365_OPEN,False,-1.0
2021-10-30,2021-10,D1,Freiburg,Greuther Furth,away,home,8.0,"[7.0,inf)",0.11789181692094314,"[0.00,0.20)",market_non_favorite,B365_OPEN,False,-1.0
2021-10-30,2021-10,D1,Ein Frankfurt,RB Leipzig,home,draw,4.2,"[4.0,5.0)",0.2247191011235955,"[0.20,0.28)",market_non_favorite,B365_OPEN,False,-1.0
2021-10-30,2021-10,D1,Ein Frankfurt,RB Leipzig,draw,draw,4.0,"[4.0,5.0)",0.23595505617977527,"[0.20,0.28)",market_non_favorite,B365_OPEN,True,3.0
2021-10-30,2021-10,D1,Ein Frankfurt,RB Leipzig,away,draw,1.75,"[1.0,1.8)",0.5393258426966292,"[0.42,0.55)",market_favorite,B365_OPEN,False,-1.0
2021-10-30,2021-10,D1,Dortmund,FC Koln,home,home,1.45,"[1.0,1.8)",0.6528835690968444,"[0.55,1.00]",market_favorite,B365_OPEN,True,0.44999999999999996
2021-10-30,2021-10,D1,Dortmund,FC Koln,draw,home,5.0,"[5.0,7.0)",0.18933623503808486,"[0.00,0.20)",market_non_favorite,B365_OPEN,False,-1.0
2021-10-30,2021-10,D1,Dortmund,FC Koln,away,home,6.0,"[5.0,7.0)",0.15778019586507072,"[0.00,0.20)",market_non_favorite,B365_OPEN,False,-1.0
2021-10-30,2021-10,D1,Bielefeld,Mainz,home,away,3.75,"[3.5,4.0)",0.25339366515837103,"[0.20,0.28)",market_non_favorite,B365_OPEN,False,-1.0
2021-10-30,2021-10,D1,Bielefeld,Mainz,draw,away,3.5,"[3.5,4.0)",0.27149321266968324,"[0.20,0.28)",market_non_favorite,B365_OPEN,False,-1.0
2021-10-30,2021-10,D1,Bielefeld,Mainz,away,away,2.0,"[1.8,2.2)",0.4751131221719457,"[0.42,0.55)",market_favorite,B365_OPEN,True,1.0
2021-10-30,2021-10,D1,Union Berlin,Bayern Munich,home,away,9.0,"[7.0,inf)",0.10539302079661615,"[0.00,0.20)",market_non_favorite,B365_OPEN,False,-1.0
2021-10-30,2021-10,D1,Union Berlin,Bayern Munich,draw,away,5.75,"[5.0,7.0)",0.16496298907296442,"[0.00,0.20)",market_non_favorite,B365_OPEN,False,-1.0
2021-10-30,2021-10,D1,Union Berlin,Bayern Munich,away,away,1.3,"[1.0,1.8)",0.7296439901304195,"[0.55,1.00]",market_favorite,B365_OPEN,True,0.30000000000000004
2021-10-31,2021-10,D1,Augsburg,Stuttgart,home,home,3.0,"[2.8,3.5)",0.31654676258992803,"[0.28,0.34)",market_non_favorite,B365_OPEN,True,2.0
2021-10-31,2021-10,D1,Augsburg,Stuttgart,draw,home,3.3,"[2.8,3.5)",0.2877697841726619,"[0.28,0.34)",market_non_favorite,B365_OPEN,False,-1.0
2021-10-31,2021-10,D1,Augsburg,Stuttgart,away,home,2.4,"[2.2,2.8)",0.3956834532374101,"[0.34,0.42)",market_favorite,B365_OPEN,False,-1.0
2021-10-31,2021-10,D1,M'gladbach,Bochum,home,home,1.36,"[1.0,1.8)",0.6983240223463686,"[0.55,1.00]",market_favorite,B365_OPEN,True,0.3600000000000001
2021-10-31,2021-10,D1,M'gladbach,Bochum,draw,home,5.0,"[5.0,7.0)",0.18994413407821228,"[0.00,0.20)",market_non_favorite,B365_OPEN,False,-1.0
2021-10-31,2021-10,D1,M'gladbach,Bochum,away,home,8.5,"[7.0,inf)",0.11173184357541899,"[0.00,0.20)",market_non_favorite,B365_OPEN,False,-1.0
2021-11-05,2021-11,D1,Mainz,M'gladbach,home,draw,2.62,"[2.2,2.8)",0.36294626971889454,"[0.34,0.42)",market_non_favorite,B365_OPEN,False,-1.0
2021-11-05,2021-11,D1,Mainz,M'gladbach,draw,draw,3.6,"[3.5,4.0)",0.26414422962875106,"[0.20,0.28)",market_non_favorite,B365_OPEN,True,2.6
2021-11-05,2021-11,D1,Mainz,M'gladbach,away,draw,2.55,"[2.2,2.8)",0.37290950065235445,"[0.34,0.42)",market_favorite,B365_OPEN,False,-1.0
2021-11-06,2021-11,D1,Wolfsburg,Augsburg,home,home,1.5,"[1.0,1.8)",0.629757785467128,"[0.55,1.00]",market_favorite,B365_OPEN,True,0.5
2021-11-06,2021-11,D1,Wolfsburg,Augsburg,draw,home,4.2,"[4.0,5.0)",0.22491349480968856,"[0.20,0.28)",market_non_favorite,B365_OPEN,False,-1.0
2021-11-06,2021-11,D1,Wolfsburg,Augsburg,away,home,6.5,"[5.0,7.0)",0.1453287197231834,"[0.00,0.20)",market_non_favorite,B365_OPEN,False,-1.0
2021-11-06,2021-11,D1,Stuttgart,Bielefeld,home,away,1.8,"[1.8,2.2)",0.5292717447246527,"[0.42,0.55)",market_favorite,B365_OPEN,False,-1.0
2021-11-06,2021-11,D1,Stuttgart,Bielefeld,draw,away,3.8,"[3.5,4.0)",0.2507076685537828,"[0.20,0.28)",market_non_favorite,B365_OPEN,False,-1.0
2021-11-06,2021-11,D1,Stuttgart,Bielefeld,away,away,4.33,"[4.0,5.0)",0.22002058672156458,"[0.20,0.28)",market_non_favorite,B365_OPEN,True,3.33
2021-11-06,2021-11,D1,RB Leipzig,Dortmund,home,home,1.9,"[1.8,2.2)",0.5,"[0.42,0.55)",market_favorite,B365_OPEN,True,0.8999999999999999
2021-11-06,2021-11,D1,RB Leipzig,Dortmund,draw,home,3.8,"[3.5,4.0)",0.25,"[0.20,0.28)",market_non_favorite,B365_OPEN,False,-1.0
2021-11-06,2021-11,D1,RB Leipzig,Dortmund,away,home,3.8,"[3.5,4.0)",0.25,"[0.20,0.28)",market_non_favorite,B365_OPEN,False,-1.0
2021-11-06,2021-11,D1,Bochum,Hoffenheim,home,home,3.8,"[3.5,4.0)",0.25,"[0.20,0.28)",market_non_favorite,B365_OPEN,True,2.8
2021-11-06,2021-11,D1,Bochum,Hoffenheim,draw,home,3.8,"[3.5,4.0)",0.25,"[0.20,0.28)",market_non_favorite,B365_OPEN,False,-1.0
2021-11-06,2021-11,D1,Bochum,Hoffenheim,away,home,1.9,"[1.8,2.2)",0.5,"[0.42,0.55)",market_favorite,B365_OPEN,False,-1.0
2021-11-06,2021-11,D1,Bayern Munich,Freiburg,home,home,1.16,"[1.0,1.8)",0.8181074447777474,"[0.55,1.00]",market_favorite,B365_OPEN,True,0.15999999999999992
2021-11-06,2021-11,D1,Bayern Munich,Freiburg,draw,home,8.0,"[7.0,inf)",0.11862557949277337,"[0.00,0.20)",market_non_favorite,B365_OPEN,False,-1.0
2021-11-06,2021-11,D1,Bayern Munich,Freiburg,away,home,15.0,"[7.0,inf)",0.06326697572947913,"[0.00,0.20)",market_non_favorite,B365_OPEN,False,-1.0
2021-11-07,2021-11,D1,FC Koln,Union Berlin,home,draw,2.05,"[1.8,2.2)",0.46400294605045117,"[0.42,0.55)",market_favorite,B365_OPEN,False,-1.0
2021-11-07,2021-11,D1,FC Koln,Union Berlin,draw,draw,3.5,"[3.5,4.0)",0.2717731541152642,"[0.20,0.28)",market_non_favorite,B365_OPEN,True,2.5
2021-11-07,2021-11,D1,FC Koln,Union Berlin,away,draw,3.6,"[3.5,4.0)",0.2642238998342847,"[0.20,0.28)",market_non_favorite,B365_OPEN,False,-1.0
2021-11-07,2021-11,D1,Greuther Furth,Ein Frankfurt,home,away,3.75,"[3.5,4.0)",0.2549019607843137,"[0.20,0.28)",market_non_favorite,B365_OPEN,False,-1.0
2021-11-07,2021-11,D1,Greuther Furth,Ein Frankfurt,draw,away,3.75,"[3.5,4.0)",0.2549019607843137,"[0.20,0.28)",market_non_favorite,B365_OPEN,False,-1.0
2021-11-07,2021-11,D1,Greuther Furth,Ein Frankfurt,away,away,1.95,"[1.8,2.2)",0.4901960784313726,"[0.42,0.55)",market_favorite,B365_OPEN,True,0.95
2021-11-07,2021-11,D1,Hertha,Leverkusen,home,draw,3.5,"[3.5,4.0)",0.27149321266968324,"[0.20,0.28)",market_non_favorite,B365_OPEN,False,-1.0
2021-11-07,2021-11,D1,Hertha,Leverkusen,draw,draw,3.75,"[3.5,4.0)",0.25339366515837103,"[0.20,0.28)",market_non_favorite,B365_OPEN,True,2.75
2021-11-07,2021-11,D1,Hertha,Leverkusen,away,draw,2.0,"[1.8,2.2)",0.4751131221719457,"[0.42,0.55)",market_favorite,B365_OPEN,False,-1.0
2021-11-19,2021-11,D1,Augsburg,Bayern Munich,home,home,15.0,"[7.0,inf)",0.06326697572947913,"[0.00,0.20)",market_non_favorite,B365_OPEN,True,14.0
2021-11-19,2021-11,D1,Augsburg,Bayern Munich,draw,home,8.0,"[7.0,inf)",0.11862557949277337,"[0.00,0.20)",market_non_favorite,B365_OPEN,False,-1.0
2021-11-19,2021-11,D1,Augsburg,Bayern Munich,away,home,1.16,"[1.0,1.8)",0.8181074447777474,"[0.55,1.00]",market_favorite,B365_OPEN,False,-1.0
2021-11-20,2021-11,D1,Union Berlin,Hertha,home,home,2.0,"[1.8,2.2)",0.4767025089605735,"[0.42,0.55)",market_favorite,B365_OPEN,True,1.0
2021-11-20,2021-11,D1,Union Berlin,Hertha,draw,home,3.5,"[3.5,4.0)",0.27240143369175623,"[0.20,0.28)",market_non_favorite,B365_OPEN,False,-1.0
2021-11-20,2021-11,D1,Union Berlin,Hertha,away,home,3.8,"[3.5,4.0)",0.25089605734767023,"[0.20,0.28)",market_non_favorite,B365_OPEN,False,-1.0
2021-11-20,2021-11,D1,M'gladbach,Greuther Furth,home,home,1.28,"[1.0,1.8)",0.7455268389662029,"[0.55,1.00]",market_favorite,B365_OPEN,True,0.28
2021-11-20,2021-11,D1,M'gladbach,Greuther Furth,draw,home,6.0,"[5.0,7.0)",0.15904572564612326,"[0.00,0.20)",market_non_favorite,B365_OPEN,False,-1.0
2021-11-20,2021-11,D1,M'gladbach,Greuther Furth,away,home,10.0,"[7.0,inf)",0.09542743538767397,"[0.00,0.20)",market_non_favorite,B365_OPEN,False,-1.0
2021-11-20,2021-11,D1,Leverkusen,Bochum,home,home,1.36,"[1.0,1.8)",0.702685821361649,"[0.55,1.00]",market_favorite,B365_OPEN,True,0.3600000000000001
2021-11-20,2021-11,D1,Leverkusen,Bochum,draw,home,5.0,"[5.0,7.0)",0.19113054341036856,"[0.00,0.20)",market_non_favorite,B365_OPEN,False,-1.0
2021-11-20,2021-11,D1,Leverkusen,Bochum,away,home,9.0,"[7.0,inf)",0.10618363522798252,"[0.00,0.20)",market_non_favorite,B365_OPEN,False,-1.0
2021-11-20,2021-11,D1,Hoffenheim,RB Leipzig,home,home,4.0,"[4.0,5.0)",0.23755780233560622,"[0.20,0.28)",market_non_favorite,B365_OPEN,True,3.0
2021-11-20,2021-11,D1,Hoffenheim,RB Leipzig,draw,home,4.33,"[4.0,5.0)",0.21945293518300807,"[0.20,0.28)",market_non_favorite,B365_OPEN,False,-1.0
2021-11-20,2021-11,D1,Hoffenheim,RB Leipzig,away,home,1.75,"[1.0,1.8)",0.5429892624813857,"[0.42,0.55)",market_favorite,B365_OPEN,False,-1.0
2021-11-20,2021-11,D1,Dortmund,Stuttgart,home,home,1.33,"[1.0,1.8)",0.7101928819304333,"[0.55,1.00]",market_favorite,B365_OPEN,True,0.33000000000000007
2021-11-20,2021-11,D1,Dortmund,Stuttgart,draw,home,5.5,"[5.0,7.0)",0.17173755144863206,"[0.00,0.20)",market_non_favorite,B365_OPEN,False,-1.0
2021-11-20,2021-11,D1,Dortmund,Stuttgart,away,home,8.0,"[7.0,inf)",0.11806956662093454,"[0.00,0.20)",market_non_favorite,B365_OPEN,False,-1.0
2021-11-20,2021-11,D1,Bielefeld,Wolfsburg,home,draw,4.2,"[4.0,5.0)",0.22673031026252982,"[0.20,0.28)",market_non_favorite,B365_OPEN,False,-1.0
2021-11-20,2021-11,D1,Bielefeld,Wolfsburg,draw,draw,3.5,"[3.5,4.0)",0.2720763723150358,"[0.20,0.28)",market_non_favorite,B365_OPEN,True,2.5
2021-11-20,2021-11,D1,Bielefeld,Wolfsburg,away,draw,1.9,"[1.8,2.2)",0.5011933174224343,"[0.42,0.55)",market_favorite,B365_OPEN,False,-1.0
2021-11-21,2021-11,D1,Freiburg,Ein Frankfurt,home,away,2.0,"[1.8,2.2)",0.47368421052631576,"[0.42,0.55)",market_favorite,B365_OPEN,False,-1.0
2021-11-21,2021-11,D1,Freiburg,Ein Frankfurt,draw,away,3.6,"[3.5,4.0)",0.2631578947368421,"[0.20,0.28)",market_non_favorite,B365_OPEN,False,-1.0
2021-11-21,2021-11,D1,Freiburg,Ein Frankfurt,away,away,3.6,"[3.5,4.0)",0.2631578947368421,"[0.20,0.28)",market_non_favorite,B365_OPEN,True,2.6
2021-11-21,2021-11,D1,Mainz,FC Koln,home,draw,2.1,"[1.8,2.2)",0.45434298440979953,"[0.42,0.55)",market_favorite,B365_OPEN,False,-1.0
2021-11-21,2021-11,D1,Mainz,FC Koln,draw,draw,3.6,"[3.5,4.0)",0.2650334075723831,"[0.20,0.28)",market_non_favorite,B365_OPEN,True,2.6
2021-11-21,2021-11,D1,Mainz,FC Koln,away,draw,3.4,"[2.8,3.5)",0.2806236080178174,"[0.28,0.34)",market_non_favorite,B365_OPEN,False,-1.0
2021-11-26,2021-11,D1,Stuttgart,Mainz,home,home,2.9,"[2.8,3.5)",0.32653473344103395,"[0.28,0.34)",market_non_favorite,B365_OPEN,True,1.9
2021-11-26,2021-11,D1,Stuttgart,Mainz,draw,home,3.3,"[2.8,3.5)",0.28695476575121165,"[0.28,0.34)",market_non_favorite,B365_OPEN,False,-1.0
2021-11-26,2021-11,D1,Stuttgart,Mainz,away,home,2.45,"[2.2,2.8)",0.3865105008077544,"[0.34,0.42)",market_favorite,B365_OPEN,False,-1.0
2021-11-27,2021-11,D1,Greuther Furth,Hoffenheim,home,away,4.75,"[4.0,5.0)",0.20097329076358317,"[0.20,0.28)",market_non_favorite,B365_OPEN,False,-1.0
2021-11-27,2021-11,D1,Greuther Furth,Hoffenheim,draw,away,4.33,"[4.0,5.0)",0.22046723582610164,"[0.20,0.28)",market_non_favorite,B365_OPEN,False,-1.0
2021-11-27,2021-11,D1,Greuther Furth,Hoffenheim,away,away,1.65,"[1.0,1.8)",0.5785594734103152,"[0.55,1.00]",market_favorite,B365_OPEN,True,0.6499999999999999
2021-11-27,2021-11,D1,FC Koln,M'gladbach,home,home,2.7,"[2.2,2.8)",0.350905902980713,"[0.34,0.42)",market_non_favorite,B365_OPEN,True,1.7000000000000002
2021-11-27,2021-11,D1,FC Koln,M'gladbach,draw,home,3.8,"[3.5,4.0)",0.24932787843366452,"[0.20,0.28)",market_non_favorite,B365_OPEN,False,-1.0
2021-11-27,2021-11,D1,FC Koln,M'gladbach,away,home,2.37,"[2.2,2.8)",0.3997662185856224,"[0.34,0.42)",market_favorite,B365_OPEN,False,-1.0
2021-11-27,2021-11,D1,Bochum,Freiburg,home,home,3.2,"[2.8,3.5)",0.29731830547998445,"[0.28,0.34)",market_non_favorite,B365_OPEN,True,2.2
2021-11-27,2021-11,D1,Bochum,Freiburg,draw,home,3.4,"[2.8,3.5)",0.27982899339292655,"[0.20,0.28)",market_non_favorite,B365_OPEN,False,-1.0
2021-11-27,2021-11,D1,Bochum,Freiburg,away,home,2.25,"[2.2,2.8)",0.42285270112708895,"[0.42,0.55)",market_favorite,B365_OPEN,False,-1.0
2021-11-27,2021-11,D1,Bayern Munich,Bielefeld,home,home,1.07,"[1.0,1.8)",0.885899434008695,"[0.55,1.00]",market_favorite,B365_OPEN,True,0.07000000000000006
2021-11-27,2021-11,D1,Bayern Munich,Bielefeld,draw,home,12.0,"[7.0,inf)",0.07899269953244197,"[0.00,0.20)",market_non_favorite,B365_OPEN,False,-1.0
2021-11-27,2021-11,D1,Bayern Munich,Bielefeld,away,home,27.0,"[7.0,inf)",0.035107866458863095,"[0.00,0.20)",market_non_favorite,B365_OPEN,False,-1.0
2021-11-27,2021-11,D1,Wolfsburg,Dortmund,home,away,2.9,"[2.8,3.5)",0.32763251441662067,"[0.28,0.34)",market_non_favorite,B365_OPEN,False,-1.0
2021-11-27,2021-11,D1,Wolfsburg,Dortmund,draw,away,3.5,"[3.5,4.0)",0.2714669405166285,"[0.20,0.28)",market_non_favorite,B365_OPEN,False,-1.0
2021-11-27,2021-11,D1,Wolfsburg,Dortmund,away,away,2.37,"[2.2,2.8)",0.40090054506675094,"[0.34,0.42)",market_favorite,B365_OPEN,True,1.37
2021-11-27,2021-11,D1,Hertha,Augsburg,home,draw,2.05,"[1.8,2.2)",0.4607779125081615,"[0.42,0.55)",market_favorite,B365_OPEN,False,-1.0
2021-11-27,2021-11,D1,Hertha,Augsburg,draw,draw,3.25,"[2.8,3.5)",0.29064452942822494,"[0.28,0.34)",market_non_favorite,B365_OPEN,True,2.25
2021-11-27,2021-11,D1,Hertha,Augsburg,away,draw,3.8,"[3.5,4.0)",0.24857755806361342,"[0.20,0.28)",market_non_favorite,B365_OPEN,False,-1.0
2021-11-28,2021-11,D1,Ein Frankfurt,Union Berlin,home,home,2.3,"[2.2,2.8)",0.41257367387033406,"[0.34,0.42)",market_favorite,B365_OPEN,True,1.2999999999999998
2021-11-28,2021-11,D1,Ein Frankfurt,Union Berlin,draw,home,3.5,"[3.5,4.0)",0.27111984282907664,"[0.20,0.28)",market_non_favorite,B365_OPEN,False,-1.0
2021-11-28,2021-11,D1,Ein Frankfurt,Union Berlin,away,home,3.0,"[2.8,3.5)",0.3163064833005894,"[0.28,0.34)",market_non_favorite,B365_OPEN,False,-1.0
2021-11-28,2021-11,D1,RB Leipzig,Leverkusen,home,away,1.85,"[1.8,2.2)",0.5129935875801552,"[0.42,0.55)",market_favorite,B365_OPEN,False,-1.0
2021-11-28,2021-11,D1,RB Leipzig,Leverkusen,draw,away,4.0,"[4.0,5.0)",0.2372595342558218,"[0.20,0.28)",market_non_favorite,B365_OPEN,False,-1.0
2021-11-28,2021-11,D1,RB Leipzig,Leverkusen,away,away,3.8,"[3.5,4.0)",0.24974687816402294,"[0.20,0.28)",market_non_favorite,B365_OPEN,True,2.8
2021-12-03,2021-12,D1,Union Berlin,RB Leipzig,home,home,3.5,"[3.5,4.0)",0.2705667276051188,"[0.20,0.28)",market_non_favorite,B365_OPEN,True,2.5
2021-12-03,2021-12,D1,Union Berlin,RB Leipzig,draw,home,3.7,"[3.5,4.0)",0.2559414990859232,"[0.20,0.28)",market_non_favorite,B365_OPEN,False,-1.0
2021-12-03,2021-12,D1,Union Berlin,RB Leipzig,away,home,2.0,"[1.8,2.2)",0.473491773308958,"[0.42,0.55)",market_favorite,B365_OPEN,False,-1.0
2021-12-04,2021-12,D1,Augsburg,Bochum,home,away,2.3,"[2.2,2.8)",0.41349548842683403,"[0.34,0.42)",market_favorite,B365_OPEN,False,-1.0
2021-12-04,2021-12,D1,Augsburg,Bochum,draw,away,3.4,"[2.8,3.5)",0.27971753628874063,"[0.20,0.28)",market_non_favorite,B365_OPEN,False,-1.0
2021-12-04,2021-12,D1,Augsburg,Bochum,away,away,3.1,"[2.8,3.5)",0.3067869752844252,"[0.28,0.34)",market_non_favorite,B365_OPEN,True,2.1
2021-12-04,2021-12,D1,Bielefeld,FC Koln,home,draw,3.4,"[2.8,3.5)",0.27851458885941643,"[0.20,0.28)",market_non_favorite,B365_OPEN,False,-1.0
2021-12-04,2021-12,D1,Bielefeld,FC Koln,draw,draw,3.5,"[3.5,4.0)",0.2705570291777188,"[0.20,0.28)",market_non_favorite,B365_OPEN,True,2.5
2021-12-04,2021-12,D1,Bielefeld,FC Koln,away,draw,2.1,"[1.8,2.2)",0.45092838196286467,"[0.42,0.55)",market_favorite,B365_OPEN,False,-1.0
2021-12-04,2021-12,D1,Dortmund,Bayern Munich,home,away,4.0,"[4.0,5.0)",0.23755780233560622,"[0.20,0.28)",market_non_favorite,B365_OPEN,False,-1.0
2021-12-04,2021-12,D1,Dortmund,Bayern Munich,draw,away,4.33,"[4.0,5.0)",0.21945293518300807,"[0.20,0.28)",market_non_favorite,B365_OPEN,False,-1.0
2021-12-04,2021-12,D1,Dortmund,Bayern Munich,away,away,1.75,"[1.0,1.8)",0.5429892624813857,"[0.42,0.55)",market_favorite,B365_OPEN,True,0.75
2021-12-04,2021-12,D1,Hoffenheim,Ein Frankfurt,home,home,1.9,"[1.8,2.2)",0.4983388704318937,"[0.42,0.55)",market_favorite,B365_OPEN,True,0.8999999999999999
2021-12-04,2021-12,D1,Hoffenheim,Ein Frankfurt,draw,home,3.8,"[3.5,4.0)",0.24916943521594684,"[0.20,0.28)",market_non_favorite,B365_OPEN,False,-1.0
2021-12-04,2021-12,D1,Hoffenheim,Ein Frankfurt,away,home,3.75,"[3.5,4.0)",0.25249169435215946,"[0.20,0.28)",market_non_favorite,B365_OPEN,False,-1.0
2021-12-04,2021-12,D1,Leverkusen,Greuther Furth,home,home,1.22,"[1.0,1.8)",0.7755791985681615,"[0.55,1.00]",market_favorite,B365_OPEN,True,0.21999999999999997
2021-12-04,2021-12,D1,Leverkusen,Greuther Furth,draw,home,6.5,"[5.0,7.0)",0.14557024957740877,"[0.00,0.20)",market_non_favorite,B365_OPEN,False,-1.0
2021-12-04,2021-12,D1,Leverkusen,Greuther Furth,away,home,12.0,"[7.0,inf)",0.07885055185442974,"[0.00,0.20)",market_non_favorite,B365_OPEN,False,-1.0
2021-12-04,2021-12,D1,Mainz,Wolfsburg,home,home,2.5,"[2.2,2.8)",0.380422557840617,"[0.34,0.42)",market_favorite,B365_OPEN,True,1.5
2021-12-04,2021-12,D1,Mainz,Wolfsburg,draw,home,3.3,"[2.8,3.5)",0.28819890745501286,"[0.28,0.34)",market_non_favorite,B365_OPEN,False,-1.0
2021-12-04,2021-12,D1,Mainz,Wolfsburg,away,home,2.87,"[2.8,3.5)",0.3313785347043702,"[0.28,0.34)",market_non_favorite,B365_OPEN,False,-1.0
2021-12-05,2021-12,D1,M'gladbach,Freiburg,home,away,1.83,"[1.8,2.2)",0.5198277142432793,"[0.42,0.55)",market_favorite,B365_OPEN,False,-1.0
2021-12-05,2021-12,D1,M'gladbach,Freiburg,draw,away,3.75,"[3.5,4.0)",0.25367592455072036,"[0.20,0.28)",market_non_favorite,B365_OPEN,False,-1.0
2021-12-05,2021-12,D1,M'gladbach,Freiburg,away,away,4.2,"[4.0,5.0)",0.2264963612060003,"[0.20,0.28)",market_non_favorite,B365_OPEN,True,3.2
2021-12-05,2021-12,D1,Stuttgart,Hertha,home,draw,2.2,"[2.2,2.8)",0.43220338983050843,"[0.42,0.55)",market_favorite,B365_OPEN,False,-1.0
2021-12-05,2021-12,D1,Stuttgart,Hertha,draw,draw,3.4,"[2.8,3.5)",0.2796610169491525,"[0.20,0.28)",market_non_favorite,B365_OPEN,True,2.4
2021-12-05,2021-12,D1,Stuttgart,Hertha,away,draw,3.3,"[2.8,3.5)",0.288135593220339,"[0.28,0.34)",market_non_favorite,B365_OPEN,False,-1.0
2021-12-10,2021-12,D1,FC Koln,Augsburg,home,away,1.65,"[1.0,1.8)",0.5738880918220947,"[0.55,1.00]",market_favorite,B365_OPEN,False,-1.0
2021-12-10,2021-12,D1,FC Koln,Augsburg,draw,away,4.0,"[4.0,5.0)",0.23672883787661403,"[0.20,0.28)",market_non_favorite,B365_OPEN,False,-1.0
2021-12-10,2021-12,D1,FC Koln,Augsburg,away,away,5.0,"[5.0,7.0)",0.18938307030129126,"[0.00,0.20)",market_non_favorite,B365_OPEN,True,4.0
2021-12-11,2021-12,D1,RB Leipzig,M'gladbach,home,home,1.75,"[1.0,1.8)",0.5454545454545455,"[0.42,0.55)",market_favorite,B365_OPEN,True,0.75
2021-12-11,2021-12,D1,RB Leipzig,M'gladbach,draw,home,4.2,"[4.0,5.0)",0.2272727272727273,"[0.20,0.28)",market_non_favorite,B365_OPEN,False,-1.0
2021-12-11,2021-12,D1,RB Leipzig,M'gladbach,away,home,4.2,"[4.0,5.0)",0.2272727272727273,"[0.20,0.28)",market_non_favorite,B365_OPEN,False,-1.0
2021-12-11,2021-12,D1,Hertha,Bielefeld,home,home,2.0,"[1.8,2.2)",0.47482014388489213,"[0.42,0.55)",market_favorite,B365_OPEN,True,1.0
2021-12-11,2021-12,D1,Hertha,Bielefeld,draw,home,3.3,"[2.8,3.5)",0.2877697841726619,"[0.28,0.34)",market_non_favorite,B365_OPEN,False,-1.0
2021-12-11,2021-12,D1,Hertha,Bielefeld,away,home,4.0,"[4.0,5.0)",0.23741007194244607,"[0.20,0.28)",market_non_favorite,B365_OPEN,False,-1.0
2021-12-11,2021-12,D1,Freiburg,Hoffenheim,home,away,2.3,"[2.2,2.8)",0.41257367387033406,"[0.34,0.42)",market_favorite,B365_OPEN,False,-1.0
2021-12-11,2021-12,D1,Freiburg,Hoffenheim,draw,away,3.5,"[3.5,4.0)",0.27111984282907664,"[0.20,0.28)",market_non_favorite,B365_OPEN,False,-1.0
2021-12-11,2021-12,D1,Freiburg,Hoffenheim,away,away,3.0,"[2.8,3.5)",0.3163064833005894,"[0.28,0.34)",market_non_favorite,B365_OPEN,True,2.0
2021-12-11,2021-12,D1,Bochum,Dortmund,home,draw,6.0,"[5.0,7.0)",0.15789473684210525,"[0.00,0.20)",market_non_favorite,B365_OPEN,False,-1.0
2021-12-11,2021-12,D1,Bochum,Dortmund,draw,draw,4.5,"[4.0,5.0)",0.21052631578947367,"[0.20,0.28)",market_non_favorite,B365_OPEN,True,3.5
2021-12-11,2021-12,D1,Bochum,Dortmund,away,draw,1.5,"[1.0,1.8)",0.631578947368421,"[0.55,1.00]",market_favorite,B365_OPEN,False,-1.0
2021-12-11,2021-12,D1,Bayern Munich,Mainz,home,home,1.2,"[1.0,1.8)",0.7936507936507936,"[0.55,1.00]",market_favorite,B365_OPEN,True,0.19999999999999996
2021-12-11,2021-12,D1,Bayern Munich,Mainz,draw,home,7.5,"[7.0,inf)",0.12698412698412698,"[0.00,0.20)",market_non_favorite,B365_OPEN,False,-1.0
2021-12-11,2021-12,D1,Bayern Munich,Mainz,away,home,12.0,"[7.0,inf)",0.07936507936507936,"[0.00,0.20)",market_non_favorite,B365_OPEN,False,-1.0
2021-12-11,2021-12,D1,Wolfsburg,Stuttgart,home,away,1.8,"[1.8,2.2)",0.5275084060230983,"[0.42,0.55)",market_favorite,B365_OPEN,False,-1.0
2021-12-11,2021-12,D1,Wolfsburg,Stuttgart,draw,away,3.75,"[3.5,4.0)",0.25320403489108717,"[0.20,0.28)",market_non_favorite,B365_OPEN,False,-1.0
2021-12-11,2021-12,D1,Wolfsburg,Stuttgart,away,away,4.33,"[4.0,5.0)",0.21928755908581452,"[0.20,0.28)",market_non_favorite,B365_OPEN,True,3.33
2021-12-12,2021-12,D1,Ein Frankfurt,Leverkusen,home,home,3.2,"[2.8,3.5)",0.29709605361131797,"[0.28,0.34)",market_non_favorite,B365_OPEN,True,2.2
2021-12-12,2021-12,D1,Ein Frankfurt,Leverkusen,draw,home,3.8,"[3.5,4.0)",0.2501861504095309,"[0.20,0.28)",market_non_favorite,B365_OPEN,False,-1.0
2021-12-12,2021-12,D1,Ein Frankfurt,Leverkusen,away,home,2.1,"[1.8,2.2)",0.4527177959791511,"[0.42,0.55)",market_favorite,B365_OPEN,False,-1.0
2021-12-12,2021-12,D1,Greuther Furth,Union Berlin,home,home,4.75,"[4.0,5.0)",0.2007380073800738,"[0.20,0.28)",market_non_favorite,B365_OPEN,True,3.75
2021-12-12,2021-12,D1,Greuther Furth,Union Berlin,draw,home,4.0,"[4.0,5.0)",0.23837638376383766,"[0.20,0.28)",market_non_favorite,B365_OPEN,False,-1.0
2021-12-12,2021-12,D1,Greuther Furth,Union Berlin,away,home,1.7,"[1.0,1.8)",0.5608856088560886,"[0.55,1.00]",market_favorite,B365_OPEN,False,-1.0
2021-12-14,2021-12,D1,Bielefeld,Bochum,home,home,2.3,"[2.2,2.8)",0.41349548842683403,"[0.34,0.42)",market_favorite,B365_OPEN,True,1.2999999999999998
2021-12-14,2021-12,D1,Bielefeld,Bochum,draw,home,3.4,"[2.8,3.5)",0.27971753628874063,"[0.20,0.28)",market_non_favorite,B365_OPEN,False,-1.0
2021-12-14,2021-12,D1,Bielefeld,Bochum,away,home,3.1,"[2.8,3.5)",0.3067869752844252,"[0.28,0.34)",market_non_favorite,B365_OPEN,False,-1.0
2021-12-14,2021-12,D1,Mainz,Hertha,home,home,1.9,"[1.8,2.2)",0.5011933174224343,"[0.42,0.55)",market_favorite,B365_OPEN,True,0.8999999999999999
2021-12-14,2021-12,D1,Mainz,Hertha,draw,home,3.5,"[3.5,4.0)",0.2720763723150358,"[0.20,0.28)",market_non_favorite,B365_OPEN,False,-1.0
2021-12-14,2021-12,D1,Mainz,Hertha,away,home,4.2,"[4.0,5.0)",0.22673031026252982,"[0.20,0.28)",market_non_favorite,B365_OPEN,False,-1.0
2021-12-14,2021-12,D1,Stuttgart,Bayern Munich,home,away,9.0,"[7.0,inf)",0.10491803278688525,"[0.00,0.20)",market_non_favorite,B365_OPEN,False,-1.0
2021-12-14,2021-12,D1,Stuttgart,Bayern Munich,draw,away,6.0,"[5.0,7.0)",0.15737704918032788,"[0.00,0.20)",market_non_favorite,B365_OPEN,False,-1.0
2021-12-14,2021-12,D1,Stuttgart,Bayern Munich,away,away,1.28,"[1.0,1.8)",0.7377049180327869,"[0.55,1.00]",market_favorite,B365_OPEN,True,0.28
2021-12-14,2021-12,D1,Wolfsburg,FC Koln,home,away,2.1,"[1.8,2.2)",0.45092838196286467,"[0.42,0.55)",market_favorite,B365_OPEN,False,-1.0
2021-12-14,2021-12,D1,Wolfsburg,FC Koln,draw,away,3.5,"[3.5,4.0)",0.2705570291777188,"[0.20,0.28)",market_non_favorite,B365_OPEN,False,-1.0
2021-12-14,2021-12,D1,Wolfsburg,FC Koln,away,away,3.4,"[2.8,3.5)",0.27851458885941643,"[0.20,0.28)",market_non_favorite,B365_OPEN,True,2.4
2021-12-15,2021-12,D1,M'gladbach,Ein Frankfurt,home,away,1.95,"[1.8,2.2)",0.4866595517609392,"[0.42,0.55)",market_favorite,B365_OPEN,False,-1.0
2021-12-15,2021-12,D1,M'gladbach,Ein Frankfurt,draw,away,3.8,"[3.5,4.0)",0.24973319103521877,"[0.20,0.28)",market_non_favorite,B365_OPEN,False,-1.0
2021-12-15,2021-12,D1,M'gladbach,Ein Frankfurt,away,away,3.6,"[3.5,4.0)",0.26360725720384204,"[0.20,0.28)",market_non_favorite,B365_OPEN,True,2.6
2021-12-15,2021-12,D1,Leverkusen,Hoffenheim,home,draw,1.8,"[1.8,2.2)",0.5263157894736842,"[0.42,0.55)",market_favorite,B365_OPEN,False,-1.0
2021-12-15,2021-12,D1,Leverkusen,Hoffenheim,draw,draw,4.0,"[4.0,5.0)",0.23684210526315788,"[0.20,0.28)",market_non_favorite,B365_OPEN,True,3.0
2021-12-15,2021-12,D1,Leverkusen,Hoffenheim,away,draw,4.0,"[4.0,5.0)",0.23684210526315788,"[0.20,0.28)",market_non_favorite,B365_OPEN,False,-1.0
2021-12-15,2021-12,D1,Dortmund,Greuther Furth,home,home,1.1,"[1.0,1.8)",0.8603031544448996,"[0.55,1.00]",market_favorite,B365_OPEN,True,0.10000000000000009
2021-12-15,2021-12,D1,Dortmund,Greuther Furth,draw,home,10.0,"[7.0,inf)",0.09463334698893897,"[0.00,0.20)",market_non_favorite,B365_OPEN,False,-1.0
2021-12-15,2021-12,D1,Dortmund,Greuther Furth,away,home,21.0,"[7.0,inf)",0.04506349856616141,"[0.00,0.20)",market_non_favorite,B365_OPEN,False,-1.0
2021-12-15,2021-12,D1,Augsburg,RB Leipzig,home,draw,6.5,"[5.0,7.0)",0.14596026490066225,"[0.00,0.20)",market_non_favorite,B365_OPEN,False,-1.0
2021-12-15,2021-12,D1,Augsburg,RB Leipzig,draw,draw,4.75,"[4.0,5.0)",0.1997350993377483,"[0.00,0.20)",market_non_favorite,B365_OPEN,True,3.75
2021-12-15,2021-12,D1,Augsburg,RB Leipzig,away,draw,1.45,"[1.0,1.8)",0.6543046357615894,"[0.55,1.00]",market_favorite,B365_OPEN,False,-1.0
2021-12-15,2021-12,D1,Union Berlin,Freiburg,home,draw,2.4,"[2.2,2.8)",0.39471577261809454,"[0.34,0.42)",market_favorite,B365_OPEN,False,-1.0
2021-12-15,2021-12,D1,Union Berlin,Freiburg,draw,draw,3.4,"[2.8,3.5)",0.27862289831865494,"[0.20,0.28)",market_non_favorite,B365_OPEN,True,2.4
2021-12-15,2021-12,D1,Union Berlin,Freiburg,away,draw,2.9,"[2.8,3.5)",0.3266613290632506,"[0.28,0.34)",market_non_favorite,B365_OPEN,False,-1.0
2021-12-17,2021-12,D1,Bayern Munich,Wolfsburg,home,home,1.18,"[1.0,1.8)",0.8075788165864264,"[0.55,1.00]",market_favorite,B365_OPEN,True,0.17999999999999994
2021-12-17,2021-12,D1,Bayern Munich,Wolfsburg,draw,home,8.0,"[7.0,inf)",0.11911787544649789,"[0.00,0.20)",market_non_favorite,B365_OPEN,False,-1.0
2021-12-17,2021-12,D1,Bayern Munich,Wolfsburg,away,home,13.0,"[7.0,inf)",0.07330330796707563,"[0.00,0.20)",market_non_favorite,B365_OPEN,False,-1.0
2021-12-18,2021-12,D1,Ein Frankfurt,Mainz,home,home,2.25,"[2.2,2.8)",0.417910447761194,"[0.34,0.42)",market_favorite,B365_OPEN,True,1.25
2021-12-18,2021-12,D1,Ein Frankfurt,Mainz,draw,home,3.5,"[3.5,4.0)",0.26865671641791045,"[0.20,0.28)",market_non_favorite,B365_OPEN,False,-1.0
2021-12-18,2021-12,D1,Ein Frankfurt,Mainz,away,home,3.0,"[2.8,3.5)",0.3134328358208955,"[0.28,0.34)",market_non_favorite,B365_OPEN,False,-1.0
2021-12-18,2021-12,D1,Greuther Furth,Augsburg,home,draw,2.9,"[2.8,3.5)",0.32503731192771573,"[0.28,0.34)",market_non_favorite,B365_OPEN,False,-1.0
2021-12-18,2021-12,D1,Greuther Furth,Augsburg,draw,draw,3.4,"[2.8,3.5)",0.2772377072324634,"[0.20,0.28)",market_non_favorite,B365_OPEN,True,2.4
2021-12-18,2021-12,D1,Greuther Furth,Augsburg,away,draw,2.37,"[2.2,2.8)",0.39772498083982083,"[0.34,0.42)",market_favorite,B365_OPEN,False,-1.0
2021-12-18,2021-12,D1,Hertha,Dortmund,home,home,5.25,"[5.0,7.0)",0.17997199064943042,"[0.00,0.20)",market_non_favorite,B365_OPEN,True,4.25
2021-12-18,2021-12,D1,Hertha,Dortmund,draw,home,4.33,"[4.0,5.0)",0.2182108431661685,"[0.20,0.28)",market_non_favorite,B365_OPEN,False,-1.0
2021-12-18,2021-12,D1,Hertha,Dortmund,away,home,1.57,"[1.0,1.8)",0.6018171661844011,"[0.55,1.00]",market_favorite,B365_OPEN,False,-1.0
2021-12-18,2021-12,D1,Hoffenheim,M'gladbach,home,draw,1.95,"[1.8,2.2)",0.4830216088614491,"[0.42,0.55)",market_favorite,B365_OPEN,False,-1.0
2021-12-18,2021-12,D1,Hoffenheim,M'gladbach,draw,draw,3.8,"[3.5,4.0)",0.24786635191574358,"[0.20,0.28)",market_non_favorite,B365_OPEN,True,2.8
2021-12-18,2021-12,D1,Hoffenheim,M'gladbach,away,draw,3.5,"[3.5,4.0)",0.26911203922280735,"[0.20,0.28)",market_non_favorite,B365_OPEN,False,-1.0
2021-12-18,2021-12,D1,RB Leipzig,Bielefeld,home,away,1.2,"[1.0,1.8)",0.7913043478260869,"[0.55,1.00]",market_favorite,B365_OPEN,False,-1.0
2021-12-18,2021-12,D1,RB Leipzig,Bielefeld,draw,away,7.0,"[7.0,inf)",0.13565217391304346,"[0.00,0.20)",market_non_favorite,B365_OPEN,False,-1.0
2021-12-18,2021-12,D1,RB Leipzig,Bielefeld,away,away,13.0,"[7.0,inf)",0.07304347826086957,"[0.00,0.20)",market_non_favorite,B365_OPEN,True,12.0
2021-12-18,2021-12,D1,Bochum,Union Berlin,home,away,2.9,"[2.8,3.5)",0.32503731192771573,"[0.28,0.34)",market_non_favorite,B365_OPEN,False,-1.0
2021-12-18,2021-12,D1,Bochum,Union Berlin,draw,away,3.4,"[2.8,3.5)",0.2772377072324634,"[0.20,0.28)",market_non_favorite,B365_OPEN,False,-1.0
2021-12-18,2021-12,D1,Bochum,Union Berlin,away,away,2.37,"[2.2,2.8)",0.39772498083982083,"[0.34,0.42)",market_favorite,B365_OPEN,True,1.37
2021-12-19,2021-12,D1,Freiburg,Leverkusen,home,home,2.75,"[2.2,2.8)",0.34385964912280703,"[0.34,0.42)",market_non_favorite,B365_OPEN,True,1.75
2021-12-19,2021-12,D1,Freiburg,Leverkusen,draw,home,3.5,"[3.5,4.0)",0.27017543859649124,"[0.20,0.28)",market_non_favorite,B365_OPEN,False,-1.0
2021-12-19,2021-12,D1,Freiburg,Leverkusen,away,home,2.45,"[2.2,2.8)",0.38596491228070173,"[0.34,0.42)",market_favorite,B365_OPEN,False,-1.0
2021-12-19,2021-12,D1,FC Koln,Stuttgart,home,home,1.9,"[1.8,2.2)",0.49628844114528103,"[0.42,0.55)",market_favorite,B365_OPEN,True,0.8999999999999999
2021-12-19,2021-12,D1,FC Koln,Stuttgart,draw,home,3.9,"[3.5,4.0)",0.24178154825026515,"[0.20,0.28)",market_non_favorite,B365_OPEN,False,-1.0
2021-12-19,2021-12,D1,FC Koln,Stuttgart,away,home,3.6,"[3.5,4.0)",0.26193001060445387,"[0.20,0.28)",market_non_favorite,B365_OPEN,False,-1.0
2022-01-07,2022-01,D1,Bayern Munich,M'gladbach,home,away,1.33,"[1.0,1.8)",0.7155356795644564,"[0.55,1.00]",market_favorite,B365_OPEN,False,-1.0
2022-01-07,2022-01,D1,Bayern Munich,M'gladbach,draw,away,5.75,"[5.0,7.0)",0.16550651370795255,"[0.00,0.20)",market_non_favorite,B365_OPEN,False,-1.0
2022-01-07,2022-01,D1,Bayern Munich,M'gladbach,away,away,8.0,"[7.0,inf)",0.11895780672759089,"[0.00,0.20)",market_non_favorite,B365_OPEN,True,7.0
2022-01-08,2022-01,D1,Ein Frankfurt,Dortmund,home,away,3.5,"[3.5,4.0)",0.2708333333333333,"[0.20,0.28)",market_non_favorite,B365_OPEN,False,-1.0
2022-01-08,2022-01,D1,Ein Frankfurt,Dortmund,draw,away,3.9,"[3.5,4.0)",0.24305555555555558,"[0.20,0.28)",market_non_favorite,B365_OPEN,False,-1.0
2022-01-08,2022-01,D1,Ein Frankfurt,Dortmund,away,away,1.95,"[1.8,2.2)",0.48611111111111116,"[0.42,0.55)",market_favorite,B365_OPEN,True,0.95
2022-01-08,2022-01,D1,Greuther Furth,Stuttgart,home,draw,3.75,"[3.5,4.0)",0.25222312045270817,"[0.20,0.28)",market_non_favorite,B365_OPEN,False,-1.0
2022-01-08,2022-01,D1,Greuther Furth,Stuttgart,draw,draw,3.6,"[3.5,4.0)",0.2627324171382377,"[0.20,0.28)",market_non_favorite,B365_OPEN,True,2.6
2022-01-08,2022-01,D1,Greuther Furth,Stuttgart,away,draw,1.95,"[1.8,2.2)",0.4850444624090542,"[0.42,0.55)",market_favorite,B365_OPEN,False,-1.0
2022-01-08,2022-01,D1,Hoffenheim,Augsburg,home,home,1.53,"[1.0,1.8)",0.6174990513369328,"[0.55,1.00]",market_favorite,B365_OPEN,True,0.53
2022-01-08,2022-01,D1,Hoffenheim,Augsburg,draw,home,4.33,"[4.0,5.0)",0.21819250543776147,"[0.20,0.28)",market_non_favorite,B365_OPEN,False,-1.0
2022-01-08,2022-01,D1,Hoffenheim,Augsburg,away,home,5.75,"[5.0,7.0)",0.1643084432253056,"[0.00,0.20)",market_non_favorite,B365_OPEN,False,-1.0
2022-01-08,2022-01,D1,Leverkusen,Union Berlin,home,draw,1.8,"[1.8,2.2)",0.5256916996047432,"[0.42,0.55)",market_favorite,B365_OPEN,False,-1.0
2022-01-08,2022-01,D1,Leverkusen,Union Berlin,draw,draw,3.8,"[3.5,4.0)",0.24901185770750986,"[0.20,0.28)",market_non_favorite,B365_OPEN,True,2.8
2022-01-08,2022-01,D1,Leverkusen,Union Berlin,away,draw,4.2,"[4.0,5.0)",0.225296442687747,"[0.20,0.28)",market_non_favorite,B365_OPEN,False,-1.0
2022-01-08,2022-01,D1,RB Leipzig,Mainz,home,home,1.8,"[1.8,2.2)",0.5275084060230983,"[0.42,0.55)",market_favorite,B365_OPEN,True,0.8
2022-01-08,2022-01,D1,RB Leipzig,Mainz,draw,home,3.75,"[3.5,4.0)",0.25320403489108717,"[0.20,0.28)",market_non_favorite,B365_OPEN,False,-1.0
2022-01-08,2022-01,D1,RB Leipzig,Mainz,away,home,4.33,"[4.0,5.0)",0.21928755908581452,"[0.20,0.28)",market_non_favorite,B365_OPEN,False,-1.0
2022-01-08,2022-01,D1,Freiburg,Bielefeld,home,draw,1.6,"[1.0,1.8)",0.5958549222797929,"[0.55,1.00]",market_favorite,B365_OPEN,False,-1.0
2022-01-08,2022-01,D1,Freiburg,Bielefeld,draw,draw,4.0,"[4.0,5.0)",0.2383419689119171,"[0.20,0.28)",market_non_favorite,B365_OPEN,True,3.0
2022-01-08,2022-01,D1,Freiburg,Bielefeld,away,draw,5.75,"[5.0,7.0)",0.16580310880829016,"[0.00,0.20)",market_non_favorite,B365_OPEN,False,-1.0
2022-01-09,2022-01,D1,Bochum,Wolfsburg,home,home,3.5,"[3.5,4.0)",0.2705570291777188,"[0.20,0.28)",market_non_favorite,B365_OPEN,True,2.5
2022-01-09,2022-01,D1,Bochum,Wolfsburg,draw,home,3.4,"[2.8,3.5)",0.27851458885941643,"[0.20,0.28)",market_non_favorite,B365_OPEN,False,-1.0
2022-01-09,2022-01,D1,Bochum,Wolfsburg,away,home,2.1,"[1.8,2.2)",0.45092838196286467,"[0.42,0.55)",market_favorite,B365_OPEN,False,-1.0
2022-01-09,2022-01,D1,Hertha,FC Koln,home,away,2.75,"[2.2,2.8)",0.34653465346534656,"[0.34,0.42)",market_non_favorite,B365_OPEN,False,-1.0
2022-01-09,2022-01,D1,Hertha,FC Koln,draw,away,3.5,"[3.5,4.0)",0.2722772277227723,"[0.20,0.28)",market_non_favorite,B365_OPEN,False,-1.0
2022-01-09,2022-01,D1,Hertha,FC Koln,away,away,2.5,"[2.2,2.8)",0.38118811881188125,"[0.34,0.42)",market_favorite,B365_OPEN,True,1.5
2022-01-14,2022-01,D1,Dortmund,Freiburg,home,home,1.44,"[1.0,1.8)",0.6500113045444268,"[0.55,1.00]",market_favorite,B365_OPEN,True,0.43999999999999995
2022-01-14,2022-01,D1,Dortmund,Freiburg,draw,home,5.0,"[5.0,7.0)",0.18720325570879495,"[0.00,0.20)",market_non_favorite,B365_OPEN,False,-1.0
2022-01-14,2022-01,D1,Dortmund,Freiburg,away,home,5.75,"[5.0,7.0)",0.1627854397467782,"[0.00,0.20)",market_non_favorite,B365_OPEN,False,-1.0
2022-01-15,2022-01,D1,Mainz,Bochum,home,home,1.65,"[1.0,1.8)",0.5747126436781609,"[0.55,1.00]",market_favorite,B365_OPEN,True,0.6499999999999999
2022-01-15,2022-01,D1,Mainz,Bochum,draw,home,3.75,"[3.5,4.0)",0.2528735632183908,"[0.20,0.28)",market_non_favorite,B365_OPEN,False,-1.0
2022-01-15,2022-01,D1,Mainz,Bochum,away,home,5.5,"[5.0,7.0)",0.17241379310344826,"[0.00,0.20)",market_non_favorite,B365_OPEN,False,-1.0
2022-01-15,2022-01,D1,Union Berlin,Hoffenheim,home,home,2.87,"[2.8,3.5)",0.33158331030671456,"[0.28,0.34)",market_non_favorite,B365_OPEN,True,1.87
2022-01-15,2022-01,D1,Union Berlin,Hoffenheim,draw,home,3.5,"[3.5,4.0)",0.2718983144515059,"[0.20,0.28)",market_non_favorite,B365_OPEN,False,-1.0
2022-01-15,2022-01,D1,Union Berlin,Hoffenheim,away,home,2.4,"[2.2,2.8)",0.3965183752417795,"[0.34,0.42)",market_favorite,B365_OPEN,False,-1.0
2022-01-15,2022-01,D1,Stuttgart,RB Leipzig,home,away,6.0,"[5.0,7.0)",0.15818639798488665,"[0.00,0.20)",market_non_favorite,B365_OPEN,False,-1.0
2022-01-15,2022-01,D1,Stuttgart,RB Leipzig,draw,away,4.0,"[4.0,5.0)",0.23727959697732998,"[0.20,0.28)",market_non_favorite,B365_OPEN,False,-1.0
2022-01-15,2022-01,D1,Stuttgart,RB Leipzig,away,away,1.57,"[1.0,1.8)",0.6045340050377834,"[0.55,1.00]",market_favorite,B365_OPEN,True,0.5700000000000001
2022-01-15,2022-01,D1,M'gladbach,Leverkusen,home,away,2.55,"[2.2,2.8)",0.36874938112684436,"[0.34,0.42)",market_non_favorite,B365_OPEN,False,-1.0
2022-01-15,2022-01,D1,M'gladbach,Leverkusen,draw,away,3.8,"[3.5,4.0)",0.24745024259827708,"[0.20,0.28)",market_non_favorite,B365_OPEN,False,-1.0
2022-01-15,2022-01,D1,M'gladbach,Leverkusen,away,away,2.45,"[2.2,2.8)",0.3838003762748787,"[0.34,0.42)",market_favorite,B365_OPEN,True,1.4500000000000002
2022-01-15,2022-01,D1,FC Koln,Bayern Munich,home,away,8.0,"[7.0,inf)",0.11895780672759089,"[0.00,0.20)",market_non_favorite,B365_OPEN,False,-1.0
2022-01-15,2022-01,D1,FC Koln,Bayern Munich,draw,away,5.75,"[5.0,7.0)",0.16550651370795255,"[0.00,0.20)",market_non_favorite,B365_OPEN,False,-1.0
2022-01-15,2022-01,D1,FC Koln,Bayern Munich,away,away,1.33,"[1.0,1.8)",0.7155356795644564,"[0.55,1.00]",market_favorite,B365_OPEN,True,0.33000000000000007
2022-01-15,2022-01,D1,Wolfsburg,Hertha,home,draw,1.95,"[1.8,2.2)",0.4866595517609392,"[0.42,0.55)",market_favorite,B365_OPEN,False,-1.0
2022-01-15,2022-01,D1,Wolfsburg,Hertha,draw,draw,3.6,"[3.5,4.0)",0.26360725720384204,"[0.20,0.28)",market_non_favorite,B365_OPEN,True,2.6
2022-01-15,2022-01,D1,Wolfsburg,Hertha,away,draw,3.8,"[3.5,4.0)",0.24973319103521877,"[0.20,0.28)",market_non_favorite,B365_OPEN,False,-1.0
2022-01-16,2022-01,D1,Augsburg,Ein Frankfurt,home,draw,3.3,"[2.8,3.5)",0.28754298815437523,"[0.28,0.34)",market_non_favorite,B365_OPEN,False,-1.0
2022-01-16,2022-01,D1,Augsburg,Ein Frankfurt,draw,draw,3.5,"[3.5,4.0)",0.2711119602598395,"[0.20,0.28)",market_non_favorite,B365_OPEN,True,2.5
2022-01-16,2022-01,D1,Augsburg,Ein Frankfurt,away,draw,2.15,"[1.8,2.2)",0.44134505158578524,"[0.42,0.55)",market_favorite,B365_OPEN,False,-1.0
2022-01-16,2022-01,D1,Bielefeld,Greuther Furth,home,draw,1.95,"[1.8,2.2)",0.49281314168377827,"[0.42,0.55)",market_favorite,B365_OPEN,False,-1.0
2022-01-16,2022-01,D1,Bielefeld,Greuther Furth,draw,draw,3.6,"[3.5,4.0)",0.2669404517453799,"[0.20,0.28)",market_non_favorite,B365_OPEN,True,2.6
2022-01-16,2022-01,D1,Bielefeld,Greuther Furth,away,draw,4.0,"[4.0,5.0)",0.24024640657084187,"[0.20,0.28)",market_non_favorite,B365_OPEN,False,-1.0
2022-01-21,2022-01,D1,Ein Frankfurt,Bielefeld,home,away,1.75,"[1.0,1.8)",0.5449330783938815,"[0.42,0.55)",market_favorite,B365_OPEN,False,-1.0
2022-01-21,2022-01,D1,Ein Frankfurt,Bielefeld,draw,away,3.75,"[3.5,4.0)",0.25430210325047803,"[0.20,0.28)",market_non_favorite,B365_OPEN,False,-1.0
2022-01-21,2022-01,D1,Ein Frankfurt,Bielefeld,away,away,4.75,"[4.0,5.0)",0.20076481835564056,"[0.20,0.28)",market_non_favorite,B365_OPEN,True,3.75
2022-01-22,2022-01,D1,M'gladbach,Union Berlin,home,away,2.15,"[1.8,2.2)",0.4407039020657995,"[0.42,0.55)",market_favorite,B365_OPEN,False,-1.0
2022-01-22,2022-01,D1,M'gladbach,Union Berlin,draw,away,3.6,"[3.5,4.0)",0.2631981637337414,"[0.20,0.28)",market_non_favorite,B365_OPEN,False,-1.0
2022-01-22,2022-01,D1,M'gladbach,Union Berlin,away,away,3.2,"[2.8,3.5)",0.29609793420045905,"[0.28,0.34)",market_non_favorite,B365_OPEN,True,2.2
2022-01-22,2022-01,D1,Hoffenheim,Dortmund,home,away,3.0,"[2.8,3.5)",0.3146067415730337,"[0.28,0.34)",market_non_favorite,B365_OPEN,False,-1.0
2022-01-22,2022-01,D1,Hoffenheim,Dortmund,draw,away,4.0,"[4.0,5.0)",0.23595505617977527,"[0.20,0.28)",market_non_favorite,B365_OPEN,False,-1.0
2022-01-22,2022-01,D1,Hoffenheim,Dortmund,away,away,2.1,"[1.8,2.2)",0.449438202247191,"[0.42,0.55)",market_favorite,B365_OPEN,True,1.1
2022-01-22,2022-01,D1,Greuther Furth,Mainz,home,home,5.0,"[5.0,7.0)",0.19062027231467474,"[0.00,0.20)",market_non_favorite,B365_OPEN,True,4.0
2022-01-22,2022-01,D1,Greuther Furth,Mainz,draw,home,3.6,"[3.5,4.0)",0.264750378214826,"[0.20,0.28)",market_non_favorite,B365_OPEN,False,-1.0
2022-01-22,2022-01,D1,Greuther Furth,Mainz,away,home,1.75,"[1.0,1.8)",0.5446293494704992,"[0.42,0.55)",market_favorite,B365_OPEN,False,-1.0
2022-01-22,2022-01,D1,Freiburg,Stuttgart,home,home,1.9,"[1.8,2.2)",0.49930651872399445,"[0.42,0.55)",market_favorite,B365_OPEN,True,0.8999999999999999
2022-01-22,2022-01,D1,Freiburg,Stuttgart,draw,home,3.6,"[3.5,4.0)",0.2635228848821082,"[0.20,0.28)",market_non_favorite,B365_OPEN,False,-1.0
2022-01-22,2022-01,D1,Freiburg,Stuttgart,away,home,4.0,"[4.0,5.0)",0.23717059639389737,"[0.20,0.28)",market_non_favorite,B365_OPEN,False,-1.0
2022-01-22,2022-01,D1,Bochum,FC Koln,home,draw,3.2,"[2.8,3.5)",0.29731830547998445,"[0.28,0.34)",market_non_favorite,B365_OPEN,False,-1.0
2022-01-22,2022-01,D1,Bochum,FC Koln,draw,draw,3.4,"[2.8,3.5)",0.27982899339292655,"[0.20,0.28)",market_non_favorite,B365_OPEN,True,2.4
2022-01-22,2022-01,D1,Bochum,FC Koln,away,draw,2.25,"[2.2,2.8)",0.42285270112708895,"[0.42,0.55)",market_favorite,B365_OPEN,False,-1.0
2022-01-22,2022-01,D1,Leverkusen,Augsburg,home,home,1.44,"[1.0,1.8)",0.6554307116104868,"[0.55,1.00]",market_favorite,B365_OPEN,True,0.43999999999999995
2022-01-22,2022-01,D1,Leverkusen,Augsburg,draw,home,4.5,"[4.0,5.0)",0.2097378277153558,"[0.20,0.28)",market_non_favorite,B365_OPEN,False,-1.0
2022-01-22,2022-01,D1,Leverkusen,Augsburg,away,home,7.0,"[7.0,inf)",0.1348314606741573,"[0.00,0.20)",market_non_favorite,B365_OPEN,False,-1.0
2022-01-23,2022-01,D1,Hertha,Bayern Munich,home,away,11.0,"[7.0,inf)",0.08432432432432432,"[0.00,0.20)",market_non_favorite,B365_OPEN,False,-1.0
2022-01-23,2022-01,D1,Hertha,Bayern Munich,draw,away,6.5,"[5.0,7.0)",0.14270270270270272,"[0.00,0.20)",market_non_favorite,B365_OPEN,False,-1.0
2022-01-23,2022-01,D1,Hertha,Bayern Munich,away,away,1.2,"[1.0,1.8)",0.7729729729729731,"[0.55,1.00]",market_favorite,B365_OPEN,True,0.19999999999999996
2022-01-23,2022-01,D1,RB Leipzig,Wolfsburg,home,home,1.53,"[1.0,1.8)",0.6217557060086298,"[0.55,1.00]",market_favorite,B365_OPEN,True,0.53
2022-01-23,2022-01,D1,RB Leipzig,Wolfsburg,draw,home,4.33,"[4.0,5.0)",0.21969658895916944,"[0.20,0.28)",market_non_favorite,B365_OPEN,False,-1.0
2022-01-23,2022-01,D1,RB Leipzig,Wolfsburg,away,home,6.0,"[5.0,7.0)",0.15854770503220061,"[0.00,0.20)",market_non_favorite,B365_OPEN,False,-1.0
2022-02-04,2022-02,D1,Hertha,Bochum,home,draw,2.15,"[1.8,2.2)",0.4427206508371961,"[0.42,0.55)",market_favorite,B365_OPEN,False,-1.0
2022-02-04,2022-02,D1,Hertha,Bochum,draw,draw,3.6,"[3.5,4.0)",0.2644026109166588,"[0.20,0.28)",market_non_favorite,B365_OPEN,True,2.6
2022-02-04,2022-02,D1,Hertha,Bochum,away,draw,3.25,"[2.8,3.5)",0.29287673824614513,"[0.28,0.34)",market_non_favorite,B365_OPEN,False,-1.0
2022-02-05,2022-02,D1,Stuttgart,Ein Frankfurt,home,away,2.7,"[2.2,2.8)",0.354025912089659,"[0.34,0.42)",market_non_favorite,B365_OPEN,False,-1.0
2022-02-05,2022-02,D1,Stuttgart,Ein Frankfurt,draw,away,3.4,"[2.8,3.5)",0.28113822430649393,"[0.28,0.34)",market_non_favorite,B365_OPEN,False,-1.0
2022-02-05,2022-02,D1,Stuttgart,Ein Frankfurt,away,away,2.62,"[2.2,2.8)",0.36483586360384707,"[0.34,0.42)",market_favorite,B365_OPEN,True,1.62
2022-02-05,2022-02,D1,Mainz,Hoffenheim,home,home,2.6,"[2.2,2.8)",0.36661341853035145,"[0.34,0.42)",market_favorite,B365_OPEN,True,1.6
2022-02-05,2022-02,D1,Mainz,Hoffenheim,draw,home,3.4,"[2.8,3.5)",0.2803514376996806,"[0.28,0.34)",market_non_favorite,B365_OPEN,False,-1.0
2022-02-05,2022-02,D1,Mainz,Hoffenheim,away,home,2.7,"[2.2,2.8)",0.3530351437699681,"[0.34,0.42)",market_non_favorite,B365_OPEN,False,-1.0
2022-02-05,2022-02,D1,Bielefeld,M'gladbach,home,draw,3.4,"[2.8,3.5)",0.2806236080178174,"[0.28,0.34)",market_non_favorite,B365_OPEN,False,-1.0
2022-02-05,2022-02,D1,Bielefeld,M'gladbach,draw,draw,3.6,"[3.5,4.0)",0.2650334075723831,"[0.20,0.28)",market_non_favorite,B365_OPEN,True,2.6
2022-02-05,2022-02,D1,Bielefeld,M'gladbach,away,draw,2.1,"[1.8,2.2)",0.45434298440979953,"[0.42,0.55)",market_favorite,B365_OPEN,False,-1.0
2022-02-05,2022-02,D1,Bayern Munich,RB Leipzig,home,home,1.4,"[1.0,1.8)",0.6720977596741344,"[0.55,1.00]",market_favorite,B365_OPEN,True,0.3999999999999999
2022-02-05,2022-02,D1,Bayern Munich,RB Leipzig,draw,home,5.5,"[5.0,7.0)",0.1710794297352342,"[0.00,0.20)",market_non_favorite,B365_OPEN,False,-1.0
2022-02-05,2022-02,D1,Bayern Munich,RB Leipzig,away,home,6.0,"[5.0,7.0)",0.15682281059063136,"[0.00,0.20)",market_non_favorite,B365_OPEN,False,-1.0
2022-02-05,2022-02,D1,Augsburg,Union Berlin,home,home,2.75,"[2.2,2.8)",0.3458980044345898,"[0.34,0.42)",market_non_favorite,B365_OPEN,True,1.75
2022-02-05,2022-02,D1,Augsburg,Union Berlin,draw,home,3.3,"[2.8,3.5)",0.28824833702882485,"[0.28,0.34)",market_non_favorite,B365_OPEN,False,-1.0
2022-02-05,2022-02,D1,Augsburg,Union Berlin,away,home,2.6,"[2.2,2.8)",0.3658536585365853,"[0.34,0.42)",market_favorite,B365_OPEN,False,-1.0
2022-02-05,2022-02,D1,FC Koln,Freiburg,home,home,2.3,"[2.2,2.8)",0.41257367387033406,"[0.34,0.42)",market_favorite,B365_OPEN,True,1.2999999999999998
2022-02-05,2022-02,D1,FC Koln,Freiburg,draw,home,3.5,"[3.5,4.0)",0.27111984282907664,"[0.20,0.28)",market_non_favorite,B365_OPEN,False,-1.0
2022-02-05,2022-02,D1,FC Koln,Freiburg,away,home,3.0,"[2.8,3.5)",0.3163064833005894,"[0.28,0.34)",market_non_favorite,B365_OPEN,False,-1.0
2022-02-06,2022-02,D1,Dortmund,Leverkusen,home,away,1.95,"[1.8,2.2)",0.48657187993680884,"[0.42,0.55)",market_favorite,B365_OPEN,False,-1.0
2022-02-06,2022-02,D1,Dortmund,Leverkusen,draw,away,4.2,"[4.0,5.0)",0.22590837282780407,"[0.20,0.28)",market_non_favorite,B365_OPEN,False,-1.0
2022-02-06,2022-02,D1,Dortmund,Leverkusen,away,away,3.3,"[2.8,3.5)",0.287519747235387,"[0.28,0.34)",market_non_favorite,B365_OPEN,True,2.3
2022-02-06,2022-02,D1,Wolfsburg,Greuther Furth,home,home,1.57,"[1.0,1.8)",0.5970774629445347,"[0.55,1.00]",market_favorite,B365_OPEN,True,0.5700000000000001
2022-02-06,2022-02,D1,Wolfsburg,Greuther Furth,draw,home,3.8,"[3.5,4.0)",0.2466872675849788,"[0.20,0.28)",market_non_favorite,B365_OPEN,False,-1.0
2022-02-06,2022-02,D1,Wolfsburg,Greuther Furth,away,home,6.0,"[5.0,7.0)",0.15623526947048658,"[0.00,0.20)",market_non_favorite,B365_OPEN,False,-1.0
2022-02-11,2022-02,D1,RB Leipzig,FC Koln,home,home,1.44,"[1.0,1.8)",0.6627466613514053,"[0.55,1.00]",market_favorite,B365_OPEN,True,0.43999999999999995
2022-02-11,2022-02,D1,RB Leipzig,FC Koln,draw,home,4.75,"[4.0,5.0)",0.20091688259916285,"[0.20,0.28)",market_non_favorite,B365_OPEN,False,-1.0
2022-02-11,2022-02,D1,RB Leipzig,FC Koln,away,home,7.0,"[7.0,inf)",0.13633645604943193,"[0.00,0.20)",market_non_favorite,B365_OPEN,False,-1.0
2022-02-12,2022-02,D1,Leverkusen,Stuttgart,home,home,1.4,"[1.0,1.8)",0.6690140845070423,"[0.55,1.00]",market_favorite,B365_OPEN,True,0.3999999999999999
2022-02-12,2022-02,D1,Leverkusen,Stuttgart,draw,home,4.75,"[4.0,5.0)",0.19718309859154928,"[0.00,0.20)",market_non_favorite,B365_OPEN,False,-1.0
2022-02-12,2022-02,D1,Leverkusen,Stuttgart,away,home,7.0,"[7.0,inf)",0.13380281690140844,"[0.00,0.20)",market_non_favorite,B365_OPEN,False,-1.0
2022-02-12,2022-02,D1,Greuther Furth,Hertha,home,home,3.0,"[2.8,3.5)",0.31770573566084787,"[0.28,0.34)",market_non_favorite,B365_OPEN,True,2.0
2022-02-12,2022-02,D1,Greuther Furth,Hertha,draw,home,3.25,"[2.8,3.5)",0.2932668329177058,"[0.28,0.34)",market_non_favorite,B365_OPEN,False,-1.0
2022-02-12,2022-02,D1,Greuther Furth,Hertha,away,home,2.45,"[2.2,2.8)",0.38902743142144636,"[0.34,0.42)",market_favorite,B365_OPEN,False,-1.0
2022-02-12,2022-02,D1,Freiburg,Mainz,home,draw,2.15,"[1.8,2.2)",0.44134505158578524,"[0.42,0.55)",market_favorite,B365_OPEN,False,-1.0
2022-02-12,2022-02,D1,Freiburg,Mainz,draw,draw,3.3,"[2.8,3.5)",0.28754298815437523,"[0.28,0.34)",market_non_favorite,B365_OPEN,True,2.3
2022-02-12,2022-02,D1,Freiburg,Mainz,away,draw,3.5,"[3.5,4.0)",0.2711119602598395,"[0.20,0.28)",market_non_favorite,B365_OPEN,False,-1.0
2022-02-12,2022-02,D1,Ein Frankfurt,Wolfsburg,home,away,2.2,"[2.2,2.8)",0.4350453172205438,"[0.42,0.55)",market_favorite,B365_OPEN,False,-1.0
2022-02-12,2022-02,D1,Ein Frankfurt,Wolfsburg,draw,away,3.6,"[3.5,4.0)",0.26586102719033233,"[0.20,0.28)",market_non_favorite,B365_OPEN,False,-1.0
2022-02-12,2022-02,D1,Ein Frankfurt,Wolfsburg,away,away,3.2,"[2.8,3.5)",0.2990936555891239,"[0.28,0.34)",market_non_favorite,B365_OPEN,True,2.2
2022-02-12,2022-02,D1,Bochum,Bayern Munich,home,home,10.0,"[7.0,inf)",0.09496626881162429,"[0.00,0.20)",market_non_favorite,B365_OPEN,True,9.0
2022-02-12,2022-02,D1,Bochum,Bayern Munich,draw,home,7.5,"[7.0,inf)",0.12662169174883237,"[0.00,0.20)",market_non_favorite,B365_OPEN,False,-1.0
2022-02-12,2022-02,D1,Bochum,Bayern Munich,away,home,1.22,"[1.0,1.8)",0.7784120394395433,"[0.55,1.00]",market_favorite,B365_OPEN,False,-1.0
2022-02-12,2022-02,D1,M'gladbach,Augsburg,home,home,1.65,"[1.0,1.8)",0.5785594734103152,"[0.55,1.00]",market_favorite,B365_OPEN,True,0.6499999999999999
2022-02-12,2022-02,D1,M'gladbach,Augsburg,draw,home,4.33,"[4.0,5.0)",0.22046723582610164,"[0.20,0.28)",market_non_favorite,B365_OPEN,False,-1.0
2022-02-12,2022-02,D1,M'gladbach,Augsburg,away,home,4.75,"[4.0,5.0)",0.20097329076358317,"[0.20,0.28)",market_non_favorite,B365_OPEN,False,-1.0
2022-02-13,2022-02,D1,Hoffenheim,Bielefeld,home,home,1.5,"[1.0,1.8)",0.6221653026800774,"[0.55,1.00]",market_favorite,B365_OPEN,True,0.5
2022-02-13,2022-02,D1,Hoffenheim,Bielefeld,draw,home,4.33,"[4.0,5.0)",0.21553070531642404,"[0.20,0.28)",market_non_favorite,B365_OPEN,False,-1.0
2022-02-13,2022-02,D1,Hoffenheim,Bielefeld,away,home,5.75,"[5.0,7.0)",0.16230399200349846,"[0.00,0.20)",market_non_favorite,B365_OPEN,False,-1.0
2022-02-13,2022-02,D1,Union Berlin,Dortmund,home,away,4.0,"[4.0,5.0)",0.23515805705474174,"[0.20,0.28)",market_non_favorite,B365_OPEN,False,-1.0
2022-02-13,2022-02,D1,Union Berlin,Dortmund,draw,away,3.75,"[3.5,4.0)",0.2508352608583912,"[0.20,0.28)",market_non_favorite,B365_OPEN,False,-1.0
2022-02-13,2022-02,D1,Union Berlin,Dortmund,away,away,1.83,"[1.8,2.2)",0.5140066820868672,"[0.42,0.55)",market_favorite,B365_OPEN,True,0.8300000000000001
2022-02-18,2022-02,D1,Mainz,Leverkusen,home,home,3.1,"[2.8,3.5)",0.3059482022578503,"[0.28,0.34)",market_non_favorite,B365_OPEN,True,2.1
2022-02-18,2022-02,D1,Mainz,Leverkusen,draw,home,3.75,"[3.5,4.0)",0.25291718053315626,"[0.20,0.28)",market_non_favorite,B365_OPEN,False,-1.0
2022-02-18,2022-02,D1,Mainz,Leverkusen,away,home,2.15,"[1.8,2.2)",0.44113461720899344,"[0.42,0.55)",market_favorite,B365_OPEN,False,-1.0
2022-02-19,2022-02,D1,Wolfsburg,Hoffenheim,home,away,2.7,"[2.2,2.8)",0.3533254156769596,"[0.34,0.42)",market_non_favorite,B365_OPEN,False,-1.0
2022-02-19,2022-02,D1,Wolfsburg,Hoffenheim,draw,away,3.5,"[3.5,4.0)",0.2725653206650831,"[0.20,0.28)",market_non_favorite,B365_OPEN,False,-1.0
2022-02-19,2022-02,D1,Wolfsburg,Hoffenheim,away,away,2.55,"[2.2,2.8)",0.37410926365795727,"[0.34,0.42)",market_favorite,B365_OPEN,True,1.5499999999999998
2022-02-19,2022-02,D1,Stuttgart,Bochum,home,draw,2.2,"[2.2,2.8)",0.43220338983050843,"[0.42,0.55)",market_favorite,B365_OPEN,False,-1.0
2022-02-19,2022-02,D1,Stuttgart,Bochum,draw,draw,3.4,"[2.8,3.5)",0.2796610169491525,"[0.20,0.28)",market_non_favorite,B365_OPEN,True,2.4
2022-02-19,2022-02,D1,Stuttgart,Bochum,away,draw,3.3,"[2.8,3.5)",0.288135593220339,"[0.28,0.34)",market_non_favorite,B365_OPEN,False,-1.0
2022-02-19,2022-02,D1,FC Koln,Ein Frankfurt,home,home,2.25,"[2.2,2.8)",0.42217898832684825,"[0.42,0.55)",market_favorite,B365_OPEN,True,1.25
2022-02-19,2022-02,D1,FC Koln,Ein Frankfurt,draw,home,3.5,"[3.5,4.0)",0.2714007782101167,"[0.20,0.28)",market_non_favorite,B365_OPEN,False,-1.0
2022-02-19,2022-02,D1,FC Koln,Ein Frankfurt,away,home,3.1,"[2.8,3.5)",0.306420233463035,"[0.28,0.34)",market_non_favorite,B365_OPEN,False,-1.0
2022-02-19,2022-02,D1,Bielefeld,Union Berlin,home,home,3.0,"[2.8,3.5)",0.31770573566084787,"[0.28,0.34)",market_non_favorite,B365_OPEN,True,2.0
2022-02-19,2022-02,D1,Bielefeld,Union Berlin,draw,home,3.25,"[2.8,3.5)",0.2932668329177058,"[0.28,0.34)",market_non_favorite,B365_OPEN,False,-1.0
2022-02-19,2022-02,D1,Bielefeld,Union Berlin,away,home,2.45,"[2.2,2.8)",0.38902743142144636,"[0.34,0.42)",market_favorite,B365_OPEN,False,-1.0
2022-02-19,2022-02,D1,Augsburg,Freiburg,home,away,3.1,"[2.8,3.5)",0.3067869752844252,"[0.28,0.34)",market_non_favorite,B365_OPEN,False,-1.0
2022-02-19,2022-02,D1,Augsburg,Freiburg,draw,away,3.4,"[2.8,3.5)",0.27971753628874063,"[0.20,0.28)",market_non_favorite,B365_OPEN,False,-1.0
2022-02-19,2022-02,D1,Augsburg,Freiburg,away,away,2.3,"[2.2,2.8)",0.41349548842683403,"[0.34,0.42)",market_favorite,B365_OPEN,True,1.2999999999999998
2022-02-20,2022-02,D1,Bayern Munich,Greuther Furth,home,home,1.07,"[1.0,1.8)",0.8901061280383431,"[0.55,1.00]",market_favorite,B365_OPEN,True,0.07000000000000006
2022-02-20,2022-02,D1,Bayern Munich,Greuther Furth,draw,home,13.0,"[7.0,inf)",0.07326258130777132,"[0.00,0.20)",market_non_favorite,B365_OPEN,False,-1.0
2022-02-20,2022-02,D1,Bayern Munich,Greuther Furth,away,home,26.0,"[7.0,inf)",0.03663129065388566,"[0.00,0.20)",market_non_favorite,B365_OPEN,False,-1.0
2022-02-20,2022-02,D1,Dortmund,M'gladbach,home,home,1.6,"[1.0,1.8)",0.5932203389830508,"[0.55,1.00]",market_favorite,B365_OPEN,True,0.6000000000000001
2022-02-20,2022-02,D1,Dortmund,M'gladbach,draw,home,4.2,"[4.0,5.0)",0.22598870056497172,"[0.20,0.28)",market_non_favorite,B365_OPEN,False,-1.0
2022-02-20,2022-02,D1,Dortmund,M'gladbach,away,home,5.25,"[5.0,7.0)",0.18079096045197737,"[0.00,0.20)",market_non_favorite,B365_OPEN,False,-1.0
2022-02-20,2022-02,D1,Hertha,RB Leipzig,home,away,6.5,"[5.0,7.0)",0.14714570309816583,"[0.00,0.20)",market_non_favorite,B365_OPEN,False,-1.0
2022-02-20,2022-02,D1,Hertha,RB Leipzig,draw,away,4.2,"[4.0,5.0)",0.22772549289001853,"[0.20,0.28)",market_non_favorite,B365_OPEN,False,-1.0
2022-02-20,2022-02,D1,Hertha,RB Leipzig,away,away,1.53,"[1.0,1.8)",0.6251288040118156,"[0.55,1.00]",market_favorite,B365_OPEN,True,0.53
2022-02-25,2022-02,D1,Hoffenheim,Stuttgart,home,home,1.5,"[1.0,1.8)",0.6272727272727273,"[0.55,1.00]",market_favorite,B365_OPEN,True,0.5
2022-02-25,2022-02,D1,Hoffenheim,Stuttgart,draw,home,4.5,"[4.0,5.0)",0.2090909090909091,"[0.20,0.28)",market_non_favorite,B365_OPEN,False,-1.0
2022-02-25,2022-02,D1,Hoffenheim,Stuttgart,away,home,5.75,"[5.0,7.0)",0.16363636363636366,"[0.00,0.20)",market_non_favorite,B365_OPEN,False,-1.0
2022-02-26,2022-02,D1,Union Berlin,Mainz,home,home,2.6,"[2.2,2.8)",0.3658536585365853,"[0.34,0.42)",market_favorite,B365_OPEN,True,1.6
2022-02-26,2022-02,D1,Union Berlin,Mainz,draw,home,3.3,"[2.8,3.5)",0.28824833702882485,"[0.28,0.34)",market_non_favorite,B365_OPEN,False,-1.0
2022-02-26,2022-02,D1,Union Berlin,Mainz,away,home,2.75,"[2.2,2.8)",0.3458980044345898,"[0.34,0.42)",market_non_favorite,B365_OPEN,False,-1.0
2022-02-26,2022-02,D1,M'gladbach,Wolfsburg,home,draw,2.0,"[1.8,2.2)",0.47134935304990755,"[0.42,0.55)",market_favorite,B365_OPEN,False,-1.0
2022-02-26,2022-02,D1,M'gladbach,Wolfsburg,draw,draw,3.4,"[2.8,3.5)",0.27726432532347506,"[0.20,0.28)",market_non_favorite,B365_OPEN,True,2.4
2022-02-26,2022-02,D1,M'gladbach,Wolfsburg,away,draw,3.75,"[3.5,4.0)",0.2513863216266174,"[0.20,0.28)",market_non_favorite,B365_OPEN,False,-1.0
2022-02-26,2022-02,D1,Leverkusen,Bielefeld,home,home,1.36,"[1.0,1.8)",0.6997667444185273,"[0.55,1.00]",market_favorite,B365_OPEN,True,0.3600000000000001
2022-02-26,2022-02,D1,Leverkusen,Bielefeld,draw,home,5.25,"[5.0,7.0)",0.18127290903032325,"[0.00,0.20)",market_non_favorite,B365_OPEN,False,-1.0
2022-02-26,2022-02,D1,Leverkusen,Bielefeld,away,home,8.0,"[7.0,inf)",0.11896034655114963,"[0.00,0.20)",market_non_favorite,B365_OPEN,False,-1.0
2022-02-26,2022-02,D1,Greuther Furth,FC Koln,home,draw,3.6,"[3.5,4.0)",0.2631578947368421,"[0.20,0.28)",market_non_favorite,B365_OPEN,False,-1.0
2022-02-26,2022-02,D1,Greuther Furth,FC Koln,draw,draw,3.6,"[3.5,4.0)",0.2631578947368421,"[0.20,0.28)",market_non_favorite,B365_OPEN,True,2.6
2022-02-26,2022-02,D1,Greuther Furth,FC Koln,away,draw,2.0,"[1.8,2.2)",0.47368421052631576,"[0.42,0.55)",market_favorite,B365_OPEN,False,-1.0
2022-02-26,2022-02,D1,Freiburg,Hertha,home,home,1.55,"[1.0,1.8)",0.6098357297414951,"[0.55,1.00]",market_favorite,B365_OPEN,True,0.55
2022-02-26,2022-02,D1,Freiburg,Hertha,draw,home,4.33,"[4.0,5.0)",0.2183014736949925,"[0.20,0.28)",market_non_favorite,B365_OPEN,False,-1.0
2022-02-26,2022-02,D1,Freiburg,Hertha,away,home,5.5,"[5.0,7.0)",0.17186279656351228,"[0.00,0.20)",market_non_favorite,B365_OPEN,False,-1.0
2022-02-26,2022-02,D1,Ein Frankfurt,Bayern Munich,home,away,6.0,"[5.0,7.0)",0.15706806282722513,"[0.00,0.20)",market_non_favorite,B365_OPEN,False,-1.0
2022-02-26,2022-02,D1,Ein Frankfurt,Bayern Munich,draw,away,5.0,"[5.0,7.0)",0.18848167539267016,"[0.00,0.20)",market_non_favorite,B365_OPEN,False,-1.0
2022-02-26,2022-02,D1,Ein Frankfurt,Bayern Munich,away,away,1.44,"[1.0,1.8)",0.6544502617801047,"[0.55,1.00]",market_favorite,B365_OPEN,True,0.43999999999999995
2022-02-27,2022-02,D1,Augsburg,Dortmund,home,draw,5.0,"[5.0,7.0)",0.1901023416131962,"[0.00,0.20)",market_non_favorite,B365_OPEN,False,-1.0
2022-02-27,2022-02,D1,Augsburg,Dortmund,draw,draw,4.33,"[4.0,5.0)",0.21951771548867918,"[0.20,0.28)",market_non_favorite,B365_OPEN,True,3.33
2022-02-27,2022-02,D1,Augsburg,Dortmund,away,draw,1.61,"[1.0,1.8)",0.5903799428981247,"[0.55,1.00]",market_favorite,B365_OPEN,False,-1.0
2022-02-27,2022-02,D1,Bochum,RB Leipzig,home,away,5.0,"[5.0,7.0)",0.18938307030129126,"[0.00,0.20)",market_non_favorite,B365_OPEN,False,-1.0
2022-02-27,2022-02,D1,Bochum,RB Leipzig,draw,away,4.0,"[4.0,5.0)",0.23672883787661403,"[0.20,0.28)",market_non_favorite,B365_OPEN,False,-1.0
2022-02-27,2022-02,D1,Bochum,RB Leipzig,away,away,1.65,"[1.0,1.8)",0.5738880918220947,"[0.55,1.00]",market_favorite,B365_OPEN,True,0.6499999999999999
2022-03-04,2022-03,D1,Bielefeld,Augsburg,home,away,2.5,"[2.2,2.8)",0.3800403225806452,"[0.34,0.42)",market_favorite,B365_OPEN,False,-1.0
2022-03-04,2022-03,D1,Bielefeld,Augsburg,draw,away,3.25,"[2.8,3.5)",0.2923387096774194,"[0.28,0.34)",market_non_favorite,B365_OPEN,False,-1.0
2022-03-04,2022-03,D1,Bielefeld,Augsburg,away,away,2.9,"[2.8,3.5)",0.3276209677419355,"[0.28,0.34)",market_non_favorite,B365_OPEN,True,1.9
2022-03-05,2022-03,D1,Wolfsburg,Union Berlin,home,home,2.2,"[2.2,2.8)",0.4317656129529684,"[0.42,0.55)",market_favorite,B365_OPEN,True,1.2000000000000002
2022-03-05,2022-03,D1,Wolfsburg,Union Berlin,draw,home,3.2,"[2.8,3.5)",0.2968388589051658,"[0.28,0.34)",market_non_favorite,B365_OPEN,False,-1.0
2022-03-05,2022-03,D1,Wolfsburg,Union Berlin,away,home,3.5,"[3.5,4.0)",0.27139552814186585,"[0.20,0.28)",market_non_favorite,B365_OPEN,False,-1.0
2022-03-05,2022-03,D1,RB Leipzig,Freiburg,home,draw,1.61,"[1.0,1.8)",0.591715976331361,"[0.55,1.00]",market_favorite,B365_OPEN,False,-1.0
2022-03-05,2022-03,D1,RB Leipzig,Freiburg,draw,draw,4.2,"[4.0,5.0)",0.22682445759368838,"[0.20,0.28)",market_non_favorite,B365_OPEN,True,3.2
2022-03-05,2022-03,D1,RB Leipzig,Freiburg,away,draw,5.25,"[5.0,7.0)",0.1814595660749507,"[0.00,0.20)",market_non_favorite,B365_OPEN,False,-1.0
2022-03-05,2022-03,D1,Hertha,Ein Frankfurt,home,away,3.3,"[2.8,3.5)",0.28526829268292686,"[0.28,0.34)",market_non_favorite,B365_OPEN,False,-1.0
2022-03-05,2022-03,D1,Hertha,Ein Frankfurt,draw,away,3.4,"[2.8,3.5)",0.27687804878048783,"[0.20,0.28)",market_non_favorite,B365_OPEN,False,-1.0
2022-03-05,2022-03,D1,Hertha,Ein Frankfurt,away,away,2.15,"[1.8,2.2)",0.43785365853658537,"[0.42,0.55)",market_favorite,B365_OPEN,True,1.15
2022-03-05,2022-03,D1,Bochum,Greuther Furth,home,home,1.72,"[1.0,1.8)",0.5492176057966546,"[0.42,0.55)",market_favorite,B365_OPEN,True,0.72
2022-03-05,2022-03,D1,Bochum,Greuther Furth,draw,home,3.75,"[3.5,4.0)",0.2519078085253989,"[0.20,0.28)",market_non_favorite,B365_OPEN,False,-1.0
2022-03-05,2022-03,D1,Bochum,Greuther Furth,away,home,4.75,"[4.0,5.0)",0.19887458567794647,"[0.00,0.20)",market_non_favorite,B365_OPEN,False,-1.0
2022-03-05,2022-03,D1,Bayern Munich,Leverkusen,home,draw,1.4,"[1.0,1.8)",0.677134445534838,"[0.55,1.00]",market_favorite,B365_OPEN,False,-1.0
2022-03-05,2022-03,D1,Bayern Munich,Leverkusen,draw,draw,5.75,"[5.0,7.0)",0.16486751717369968,"[0.00,0.20)",market_non_favorite,B365_OPEN,True,4.75
2022-03-05,2022-03,D1,Bayern Munich,Leverkusen,away,draw,6.0,"[5.0,7.0)",0.1579980372914622,"[0.00,0.20)",market_non_favorite,B365_OPEN,False,-1.0
2022-03-05,2022-03,D1,Stuttgart,M'gladbach,home,home,3.1,"[2.8,3.5)",0.30275767651085467,"[0.28,0.34)",market_non_favorite,B365_OPEN,True,2.1
2022-03-05,2022-03,D1,Stuttgart,M'gladbach,draw,home,3.6,"[3.5,4.0)",0.26070799921768045,"[0.20,0.28)",market_non_favorite,B365_OPEN,False,-1.0
2022-03-05,2022-03,D1,Stuttgart,M'gladbach,away,home,2.15,"[1.8,2.2)",0.4365343242714649,"[0.42,0.55)",market_favorite,B365_OPEN,False,-1.0
2022-03-06,2022-03,D1,FC Koln,Hoffenheim,home,away,2.62,"[2.2,2.8)",0.36294626971889454,"[0.34,0.42)",market_non_favorite,B365_OPEN,False,-1.0
2022-03-06,2022-03,D1,FC Koln,Hoffenheim,draw,away,3.6,"[3.5,4.0)",0.26414422962875106,"[0.20,0.28)",market_non_favorite,B365_OPEN,False,-1.0
2022-03-06,2022-03,D1,FC Koln,Hoffenheim,away,away,2.55,"[2.2,2.8)",0.37290950065235445,"[0.34,0.42)",market_favorite,B365_OPEN,True,1.5499999999999998
2022-03-12,2022-03,D1,Union Berlin,Stuttgart,home,draw,2.1,"[1.8,2.2)",0.4545454545454546,"[0.42,0.55)",market_favorite,B365_OPEN,False,-1.0
2022-03-12,2022-03,D1,Union Berlin,Stuttgart,draw,draw,3.5,"[3.5,4.0)",0.27272727272727276,"[0.20,0.28)",market_non_favorite,B365_OPEN,True,2.5
2022-03-12,2022-03,D1,Union Berlin,Stuttgart,away,draw,3.5,"[3.5,4.0)",0.27272727272727276,"[0.20,0.28)",market_non_favorite,B365_OPEN,False,-1.0
2022-03-12,2022-03,D1,M'gladbach,Hertha,home,home,1.57,"[1.0,1.8)",0.6018171661844011,"[0.55,1.00]",market_favorite,B365_OPEN,True,0.5700000000000001
2022-03-12,2022-03,D1,M'gladbach,Hertha,draw,home,4.33,"[4.0,5.0)",0.2182108431661685,"[0.20,0.28)",market_non_favorite,B365_OPEN,False,-1.0
2022-03-12,2022-03,D1,M'gladbach,Hertha,away,home,5.25,"[5.0,7.0)",0.17997199064943042,"[0.00,0.20)",market_non_favorite,B365_OPEN,False,-1.0
2022-03-12,2022-03,D1,Hoffenheim,Bayern Munich,home,draw,4.75,"[4.0,5.0)",0.19745222929936307,"[0.00,0.20)",market_non_favorite,B365_OPEN,False,-1.0
2022-03-12,2022-03,D1,Hoffenheim,Bayern Munich,draw,draw,4.75,"[4.0,5.0)",0.19745222929936307,"[0.00,0.20)",market_non_favorite,B365_OPEN,True,3.75
2022-03-12,2022-03,D1,Hoffenheim,Bayern Munich,away,draw,1.55,"[1.0,1.8)",0.605095541401274,"[0.55,1.00]",market_favorite,B365_OPEN,False,-1.0
2022-03-12,2022-03,D1,Freiburg,Wolfsburg,home,home,2.1,"[1.8,2.2)",0.45092838196286467,"[0.42,0.55)",market_favorite,B365_OPEN,True,1.1
2022-03-12,2022-03,D1,Freiburg,Wolfsburg,draw,home,3.5,"[3.5,4.0)",0.2705570291777188,"[0.20,0.28)",market_non_favorite,B365_OPEN,False,-1.0
2022-03-12,2022-03,D1,Freiburg,Wolfsburg,away,home,3.4,"[2.8,3.5)",0.27851458885941643,"[0.20,0.28)",market_non_favorite,B365_OPEN,False,-1.0
2022-03-13,2022-03,D1,Dortmund,Bielefeld,home,home,1.28,"[1.0,1.8)",0.7455268389662029,"[0.55,1.00]",market_favorite,B365_OPEN,True,0.28
2022-03-13,2022-03,D1,Dortmund,Bielefeld,draw,home,6.0,"[5.0,7.0)",0.15904572564612326,"[0.00,0.20)",market_non_favorite,B365_OPEN,False,-1.0
2022-03-13,2022-03,D1,Dortmund,Bielefeld,away,home,10.0,"[7.0,inf)",0.09542743538767397,"[0.00,0.20)",market_non_favorite,B365_OPEN,False,-1.0
2022-03-13,2022-03,D1,Ein Frankfurt,Bochum,home,home,1.9,"[1.8,2.2)",0.5011933174224343,"[0.42,0.55)",market_favorite,B365_OPEN,True,0.8999999999999999
2022-03-13,2022-03,D1,Ein Frankfurt,Bochum,draw,home,3.5,"[3.5,4.0)",0.2720763723150358,"[0.20,0.28)",market_non_favorite,B365_OPEN,False,-1.0
2022-03-13,2022-03,D1,Ein Frankfurt,Bochum,away,home,4.2,"[4.0,5.0)",0.22673031026252982,"[0.20,0.28)",market_non_favorite,B365_OPEN,False,-1.0
2022-03-13,2022-03,D1,Greuther Furth,RB Leipzig,home,away,8.5,"[7.0,inf)",0.11173184357541899,"[0.00,0.20)",market_non_favorite,B365_OPEN,False,-1.0
2022-03-13,2022-03,D1,Greuther Furth,RB Leipzig,draw,away,5.0,"[5.0,7.0)",0.18994413407821228,"[0.00,0.20)",market_non_favorite,B365_OPEN,False,-1.0
2022-03-13,2022-03,D1,Greuther Furth,RB Leipzig,away,away,1.36,"[1.0,1.8)",0.6983240223463686,"[0.55,1.00]",market_favorite,B365_OPEN,True,0.3600000000000001
2022-03-13,2022-03,D1,Leverkusen,FC Koln,home,away,1.61,"[1.0,1.8)",0.591715976331361,"[0.55,1.00]",market_favorite,B365_OPEN,False,-1.0
2022-03-13,2022-03,D1,Leverkusen,FC Koln,draw,away,4.2,"[4.0,5.0)",0.22682445759368838,"[0.20,0.28)",market_non_favorite,B365_OPEN,False,-1.0
2022-03-13,2022-03,D1,Leverkusen,FC Koln,away,away,5.25,"[5.0,7.0)",0.1814595660749507,"[0.00,0.20)",market_non_favorite,B365_OPEN,True,4.25
2022-03-16,2022-03,D1,Mainz,Dortmund,home,away,4.0,"[4.0,5.0)",0.2372595342558218,"[0.20,0.28)",market_non_favorite,B365_OPEN,False,-1.0
2022-03-16,2022-03,D1,Mainz,Dortmund,draw,away,3.8,"[3.5,4.0)",0.24974687816402294,"[0.20,0.28)",market_non_favorite,B365_OPEN,False,-1.0
2022-03-16,2022-03,D1,Mainz,Dortmund,away,away,1.85,"[1.8,2.2)",0.5129935875801552,"[0.42,0.55)",market_favorite,B365_OPEN,True,0.8500000000000001
2022-03-18,2022-03,D1,Bochum,M'gladbach,home,away,2.8,"[2.8,3.5)",0.33792775665399244,"[0.28,0.34)",market_non_favorite,B365_OPEN,False,-1.0
2022-03-18,2022-03,D1,Bochum,M'gladbach,draw,away,3.6,"[3.5,4.0)",0.2628326996197719,"[0.20,0.28)",market_non_favorite,B365_OPEN,False,-1.0
2022-03-18,2022-03,D1,Bochum,M'gladbach,away,away,2.37,"[2.2,2.8)",0.3992395437262357,"[0.34,0.42)",market_favorite,B365_OPEN,True,1.37
2022-03-19,2022-03,D1,Stuttgart,Augsburg,home,home,2.0,"[1.8,2.2)",0.47368421052631576,"[0.42,0.55)",market_favorite,B365_OPEN,True,1.0
2022-03-19,2022-03,D1,Stuttgart,Augsburg,draw,home,3.6,"[3.5,4.0)",0.2631578947368421,"[0.20,0.28)",market_non_favorite,B365_OPEN,False,-1.0
2022-03-19,2022-03,D1,Stuttgart,Augsburg,away,home,3.6,"[3.5,4.0)",0.2631578947368421,"[0.20,0.28)",market_non_favorite,B365_OPEN,False,-1.0
2022-03-19,2022-03,D1,Mainz,Bielefeld,home,home,1.6,"[1.0,1.8)",0.5905511811023622,"[0.55,1.00]",market_favorite,B365_OPEN,True,0.6000000000000001
2022-03-19,2022-03,D1,Mainz,Bielefeld,draw,home,3.75,"[3.5,4.0)",0.25196850393700787,"[0.20,0.28)",market_non_favorite,B365_OPEN,False,-1.0
2022-03-19,2022-03,D1,Mainz,Bielefeld,away,home,6.0,"[5.0,7.0)",0.15748031496062992,"[0.00,0.20)",market_non_favorite,B365_OPEN,False,-1.0
2022-03-19,2022-03,D1,Hertha,Hoffenheim,home,home,4.2,"[4.0,5.0)",0.225130890052356,"[0.20,0.28)",market_non_favorite,B365_OPEN,True,3.2
2022-03-19,2022-03,D1,Hertha,Hoffenheim,draw,home,4.2,"[4.0,5.0)",0.225130890052356,"[0.20,0.28)",market_non_favorite,B365_OPEN,False,-1.0
2022-03-19,2022-03,D1,Hertha,Hoffenheim,away,home,1.72,"[1.0,1.8)",0.549738219895288,"[0.42,0.55)",market_favorite,B365_OPEN,False,-1.0
2022-03-19,2022-03,D1,Greuther Furth,Freiburg,home,draw,4.75,"[4.0,5.0)",0.2007380073800738,"[0.20,0.28)",market_non_favorite,B365_OPEN,False,-1.0
2022-03-19,2022-03,D1,Greuther Furth,Freiburg,draw,draw,4.0,"[4.0,5.0)",0.23837638376383766,"[0.20,0.28)",market_non_favorite,B365_OPEN,True,3.0
2022-03-19,2022-03,D1,Greuther Furth,Freiburg,away,draw,1.7,"[1.0,1.8)",0.5608856088560886,"[0.55,1.00]",market_favorite,B365_OPEN,False,-1.0
2022-03-19,2022-03,D1,Bayern Munich,Union Berlin,home,home,1.16,"[1.0,1.8)",0.8102212527267061,"[0.55,1.00]",market_favorite,B365_OPEN,True,0.15999999999999992
2022-03-19,2022-03,D1,Bayern Munich,Union Berlin,draw,home,8.0,"[7.0,inf)",0.11748208164537238,"[0.00,0.20)",market_non_favorite,B365_OPEN,False,-1.0
2022-03-19,2022-03,D1,Bayern Munich,Union Berlin,away,home,13.0,"[7.0,inf)",0.07229666562792146,"[0.00,0.20)",market_non_favorite,B365_OPEN,False,-1.0
2022-03-20,2022-03,D1,FC Koln,Dortmund,home,draw,3.5,"[3.5,4.0)",0.27149321266968324,"[0.20,0.28)",market_non_favorite,B365_OPEN,False,-1.0
2022-03-20,2022-03,D1,FC Koln,Dortmund,draw,draw,3.75,"[3.5,4.0)",0.25339366515837103,"[0.20,0.28)",market_non_favorite,B365_OPEN,True,2.75
2022-03-20,2022-03,D1,FC Koln,Dortmund,away,draw,2.0,"[1.8,2.2)",0.4751131221719457,"[0.42,0.55)",market_favorite,B365_OPEN,False,-1.0
2022-03-20,2022-03,D1,RB Leipzig,Ein Frankfurt,home,draw,1.44,"[1.0,1.8)",0.6613756613756613,"[0.55,1.00]",market_favorite,B365_OPEN,False,-1.0
2022-03-20,2022-03,D1,RB Leipzig,Ein Frankfurt,draw,draw,4.5,"[4.0,5.0)",0.21164021164021163,"[0.20,0.28)",market_non_favorite,B365_OPEN,True,3.5
2022-03-20,2022-03,D1,RB Leipzig,Ein Frankfurt,away,draw,7.5,"[7.0,inf)",0.12698412698412698,"[0.00,0.20)",market_non_favorite,B365_OPEN,False,-1.0
2022-03-20,2022-03,D1,Wolfsburg,Leverkusen,home,away,3.0,"[2.8,3.5)",0.3138041733547351,"[0.28,0.34)",market_non_favorite,B365_OPEN,False,-1.0
2022-03-20,2022-03,D1,Wolfsburg,Leverkusen,draw,away,3.4,"[2.8,3.5)",0.2768860353130016,"[0.20,0.28)",market_non_favorite,B365_OPEN,False,-1.0
2022-03-20,2022-03,D1,Wolfsburg,Leverkusen,away,away,2.3,"[2.2,2.8)",0.40930979133226325,"[0.34,0.42)",market_favorite,B365_OPEN,True,1.2999999999999998
2022-04-01,2022-04,D1,Union Berlin,FC Koln,home,home,2.25,"[2.2,2.8)",0.423076923076923,"[0.42,0.55)",market_favorite,B365_OPEN,True,1.25
2022-04-01,2022-04,D1,Union Berlin,FC Koln,draw,home,3.3,"[2.8,3.5)",0.28846153846153844,"[0.28,0.34)",market_non_favorite,B365_OPEN,False,-1.0
2022-04-01,2022-04,D1,Union Berlin,FC Koln,away,home,3.3,"[2.8,3.5)",0.28846153846153844,"[0.28,0.34)",market_non_favorite,B365_OPEN,False,-1.0
2022-04-02,2022-04,D1,Hoffenheim,Bochum,home,away,1.5,"[1.0,1.8)",0.6340391980175715,"[0.55,1.00]",market_favorite,B365_OPEN,False,-1.0
2022-04-02,2022-04,D1,Hoffenheim,Bochum,draw,away,4.33,"[4.0,5.0)",0.2196440639783735,"[0.20,0.28)",market_non_favorite,B365_OPEN,False,-1.0
2022-04-02,2022-04,D1,Hoffenheim,Bochum,away,away,6.5,"[5.0,7.0)",0.14631673800405498,"[0.00,0.20)",market_non_favorite,B365_OPEN,True,5.5
2022-04-02,2022-04,D1,Freiburg,Bayern Munich,home,away,5.5,"[5.0,7.0)",0.17168674698795183,"[0.00,0.20)",market_non_favorite,B365_OPEN,False,-1.0
2022-04-02,2022-04,D1,Freiburg,Bayern Munich,draw,away,4.75,"[4.0,5.0)",0.19879518072289157,"[0.00,0.20)",market_non_favorite,B365_OPEN,False,-1.0
2022-04-02,2022-04,D1,Freiburg,Bayern Munich,away,away,1.5,"[1.0,1.8)",0.6295180722891567,"[0.55,1.00]",market_favorite,B365_OPEN,True,0.5
2022-04-02,2022-04,D1,Ein Frankfurt,Greuther Furth,home,draw,1.44,"[1.0,1.8)",0.6558682952734998,"[0.55,1.00]",market_favorite,B365_OPEN,False,-1.0
2022-04-02,2022-04,D1,Ein Frankfurt,Greuther Furth,draw,draw,4.75,"[4.0,5.0)",0.19883165161975572,"[0.00,0.20)",market_non_favorite,B365_OPEN,True,3.75
2022-04-02,2022-04,D1,Ein Frankfurt,Greuther Furth,away,draw,6.5,"[5.0,7.0)",0.14530005310674457,"[0.00,0.20)",market_non_favorite,B365_OPEN,False,-1.0
2022-04-02,2022-04,D1,Dortmund,RB Leipzig,home,away,2.5,"[2.2,2.8)",0.3775518373228725,"[0.34,0.42)",market_favorite,B365_OPEN,False,-1.0
2022-04-02,2022-04,D1,Dortmund,RB Leipzig,draw,away,3.6,"[3.5,4.0)",0.26218877591866147,"[0.20,0.28)",market_non_favorite,B365_OPEN,False,-1.0
2022-04-02,2022-04,D1,Dortmund,RB Leipzig,away,away,2.62,"[2.2,2.8)",0.3602593867584661,"[0.34,0.42)",market_non_favorite,B365_OPEN,True,1.62
2022-04-02,2022-04,D1,Bielefeld,Stuttgart,home,draw,3.0,"[2.8,3.5)",0.3165610142630745,"[0.28,0.34)",market_non_favorite,B365_OPEN,False,-1.0
2022-04-02,2022-04,D1,Bielefeld,Stuttgart,draw,draw,3.4,"[2.8,3.5)",0.2793185419968304,"[0.20,0.28)",market_non_favorite,B365_OPEN,True,2.4
2022-04-02,2022-04,D1,Bielefeld,Stuttgart,away,draw,2.35,"[2.2,2.8)",0.4041204437400951,"[0.34,0.42)",market_favorite,B365_OPEN,False,-1.0
2022-04-02,2022-04,D1,Leverkusen,Hertha,home,home,1.4,"[1.0,1.8)",0.6666666666666667,"[0.55,1.00]",market_favorite,B365_OPEN,True,0.3999999999999999
2022-04-02,2022-04,D1,Leverkusen,Hertha,draw,home,5.25,"[5.0,7.0)",0.17777777777777778,"[0.00,0.20)",market_non_favorite,B365_OPEN,False,-1.0
2022-04-02,2022-04,D1,Leverkusen,Hertha,away,home,6.0,"[5.0,7.0)",0.15555555555555556,"[0.00,0.20)",market_non_favorite,B365_OPEN,False,-1.0
2022-04-03,2022-04,D1,Augsburg,Wolfsburg,home,home,2.8,"[2.8,3.5)",0.33972821742605913,"[0.28,0.34)",market_non_favorite,B365_OPEN,True,1.7999999999999998
2022-04-03,2022-04,D1,Augsburg,Wolfsburg,draw,home,3.4,"[2.8,3.5)",0.2797761790567546,"[0.20,0.28)",market_non_favorite,B365_OPEN,False,-1.0
2022-04-03,2022-04,D1,Augsburg,Wolfsburg,away,home,2.5,"[2.2,2.8)",0.38049560351718625,"[0.34,0.42)",market_favorite,B365_OPEN,False,-1.0
2022-04-03,2022-04,D1,M'gladbach,Mainz,home,draw,2.25,"[2.2,2.8)",0.42285270112708895,"[0.42,0.55)",market_favorite,B365_OPEN,False,-1.0
2022-04-03,2022-04,D1,M'gladbach,Mainz,draw,draw,3.4,"[2.8,3.5)",0.27982899339292655,"[0.20,0.28)",market_non_favorite,B365_OPEN,True,2.4
2022-04-03,2022-04,D1,M'gladbach,Mainz,away,draw,3.2,"[2.8,3.5)",0.29731830547998445,"[0.28,0.34)",market_non_favorite,B365_OPEN,False,-1.0
2022-04-06,2022-04,D1,Augsburg,Mainz,home,home,3.3,"[2.8,3.5)",0.28846153846153844,"[0.28,0.34)",market_non_favorite,B365_OPEN,True,2.3
2022-04-06,2022-04,D1,Augsburg,Mainz,draw,home,3.3,"[2.8,3.5)",0.28846153846153844,"[0.28,0.34)",market_non_favorite,B365_OPEN,False,-1.0
2022-04-06,2022-04,D1,Augsburg,Mainz,away,home,2.25,"[2.2,2.8)",0.423076923076923,"[0.42,0.55)",market_favorite,B365_OPEN,False,-1.0
2022-04-08,2022-04,D1,Stuttgart,Dortmund,home,away,3.9,"[3.5,4.0)",0.24284304047384012,"[0.20,0.28)",market_non_favorite,B365_OPEN,False,-1.0
2022-04-08,2022-04,D1,Stuttgart,Dortmund,draw,away,4.1,"[4.0,5.0)",0.23099703849950645,"[0.20,0.28)",market_non_favorite,B365_OPEN,False,-1.0
2022-04-08,2022-04,D1,Stuttgart,Dortmund,away,away,1.8,"[1.8,2.2)",0.5261599210266535,"[0.42,0.55)",market_favorite,B365_OPEN,True,0.8
2022-04-09,2022-04,D1,Wolfsburg,Bielefeld,home,home,1.66,"[1.0,1.8)",0.5704400537557545,"[0.55,1.00]",market_favorite,B365_OPEN,True,0.6599999999999999
2022-04-09,2022-04,D1,Wolfsburg,Bielefeld,draw,home,3.8,"[3.5,4.0)",0.24919223400909268,"[0.20,0.28)",market_non_favorite,B365_OPEN,False,-1.0
2022-04-09,2022-04,D1,Wolfsburg,Bielefeld,away,home,5.25,"[5.0,7.0)",0.1803677122351528,"[0.00,0.20)",market_non_favorite,B365_OPEN,False,-1.0
2022-04-09,2022-04,D1,Hertha,Union Berlin,home,away,2.87,"[2.8,3.5)",0.3332532243851638,"[0.28,0.34)",market_non_favorite,B365_OPEN,False,-1.0
2022-04-09,2022-04,D1,Hertha,Union Berlin,draw,away,3.2,"[2.8,3.5)",0.2988864856204438,"[0.28,0.34)",market_non_favorite,B365_OPEN,False,-1.0
2022-04-09,2022-04,D1,Hertha,Union Berlin,away,away,2.6,"[2.2,2.8)",0.36786028999439235,"[0.34,0.42)",market_favorite,B365_OPEN,True,1.6
2022-04-09,2022-04,D1,Greuther Furth,M'gladbach,home,away,4.75,"[4.0,5.0)",0.2007380073800738,"[0.20,0.28)",market_non_favorite,B365_OPEN,False,-1.0
2022-04-09,2022-04,D1,Greuther Furth,M'gladbach,draw,away,4.0,"[4.0,5.0)",0.23837638376383766,"[0.20,0.28)",market_non_favorite,B365_OPEN,False,-1.0
2022-04-09,2022-04,D1,Greuther Furth,M'gladbach,away,away,1.7,"[1.0,1.8)",0.5608856088560886,"[0.55,1.00]",market_favorite,B365_OPEN,True,0.7
2022-04-09,2022-04,D1,FC Koln,Mainz,home,home,2.45,"[2.2,2.8)",0.3898003558015417,"[0.34,0.42)",market_favorite,B365_OPEN,True,1.4500000000000002
2022-04-09,2022-04,D1,FC Koln,Mainz,draw,home,3.4,"[2.8,3.5)",0.2808855505040522,"[0.28,0.34)",market_non_favorite,B365_OPEN,False,-1.0
2022-04-09,2022-04,D1,FC Koln,Mainz,away,home,2.9,"[2.8,3.5)",0.329314093694406,"[0.28,0.34)",market_non_favorite,B365_OPEN,False,-1.0
2022-04-09,2022-04,D1,Bayern Munich,Augsburg,home,home,1.11,"[1.0,1.8)",0.8551239929789819,"[0.55,1.00]",market_favorite,B365_OPEN,True,0.1100000000000001
2022-04-09,2022-04,D1,Bayern Munich,Augsburg,draw,home,10.0,"[7.0,inf)",0.094918763220667,"[0.00,0.20)",market_non_favorite,B365_OPEN,False,-1.0
2022-04-09,2022-04,D1,Bayern Munich,Augsburg,away,home,19.0,"[7.0,inf)",0.049957243800351055,"[0.00,0.20)",market_non_favorite,B365_OPEN,False,-1.0
2022-04-10,2022-04,D1,Bochum,Leverkusen,home,draw,4.0,"[4.0,5.0)",0.23954372623574144,"[0.20,0.28)",market_non_favorite,B365_OPEN,False,-1.0
2022-04-10,2022-04,D1,Bochum,Leverkusen,draw,draw,4.2,"[4.0,5.0)",0.22813688212927755,"[0.20,0.28)",market_non_favorite,B365_OPEN,True,3.2
2022-04-10,2022-04,D1,Bochum,Leverkusen,away,draw,1.8,"[1.8,2.2)",0.532319391634981,"[0.42,0.55)",market_favorite,B365_OPEN,False,-1.0
2022-04-10,2022-04,D1,Ein Frankfurt,Freiburg,home,away,2.4,"[2.2,2.8)",0.39471577261809454,"[0.34,0.42)",market_favorite,B365_OPEN,False,-1.0
2022-04-10,2022-04,D1,Ein Frankfurt,Freiburg,draw,away,3.4,"[2.8,3.5)",0.27862289831865494,"[0.20,0.28)",market_non_favorite,B365_OPEN,False,-1.0
2022-04-10,2022-04,D1,Ein Frankfurt,Freiburg,away,away,2.9,"[2.8,3.5)",0.3266613290632506,"[0.28,0.34)",market_non_favorite,B365_OPEN,True,1.9
2022-04-10,2022-04,D1,RB Leipzig,Hoffenheim,home,home,1.5,"[1.0,1.8)",0.638655462184874,"[0.55,1.00]",market_favorite,B365_OPEN,True,0.5
2022-04-10,2022-04,D1,RB Leipzig,Hoffenheim,draw,home,4.75,"[4.0,5.0)",0.20168067226890757,"[0.20,0.28)",market_non_favorite,B365_OPEN,False,-1.0
2022-04-10,2022-04,D1,RB Leipzig,Hoffenheim,away,home,6.0,"[5.0,7.0)",0.1596638655462185,"[0.00,0.20)",market_non_favorite,B365_OPEN,False,-1.0
2022-04-16,2022-04,D1,Augsburg,Hertha,home,away,1.9,"[1.8,2.2)",0.5011933174224343,"[0.42,0.55)",market_favorite,B365_OPEN,False,-1.0
2022-04-16,2022-04,D1,Augsburg,Hertha,draw,away,3.5,"[3.5,4.0)",0.2720763723150358,"[0.20,0.28)",market_non_favorite,B365_OPEN,False,-1.0
2022-04-16,2022-04,D1,Augsburg,Hertha,away,away,4.2,"[4.0,5.0)",0.22673031026252982,"[0.20,0.28)",market_non_favorite,B365_OPEN,True,3.2
2022-04-16,2022-04,D1,Dortmund,Wolfsburg,home,home,1.53,"[1.0,1.8)",0.6174990513369328,"[0.55,1.00]",market_favorite,B365_OPEN,True,0.53
2022-04-16,2022-04,D1,Dortmund,Wolfsburg,draw,home,4.33,"[4.0,5.0)",0.21819250543776147,"[0.20,0.28)",market_non_favorite,B365_OPEN,False,-1.0
2022-04-16,2022-04,D1,Dortmund,Wolfsburg,away,home,5.75,"[5.0,7.0)",0.1643084432253056,"[0.00,0.20)",market_non_favorite,B365_OPEN,False,-1.0
2022-04-16,2022-04,D1,Freiburg,Bochum,home,home,1.65,"[1.0,1.8)",0.5791106514994829,"[0.55,1.00]",market_favorite,B365_OPEN,True,0.6499999999999999
2022-04-16,2022-04,D1,Freiburg,Bochum,draw,home,4.0,"[4.0,5.0)",0.2388831437435367,"[0.20,0.28)",market_non_favorite,B365_OPEN,False,-1.0
2022-04-16,2022-04,D1,Freiburg,Bochum,away,home,5.25,"[5.0,7.0)",0.18200620475698032,"[0.00,0.20)",market_non_favorite,B365_OPEN,False,-1.0
2022-04-16,2022-04,D1,M'gladbach,FC Koln,home,away,2.05,"[1.8,2.2)",0.46400294605045117,"[0.42,0.55)",market_favorite,B365_OPEN,False,-1.0
2022-04-16,2022-04,D1,M'gladbach,FC Koln,draw,away,3.6,"[3.5,4.0)",0.2642238998342847,"[0.20,0.28)",market_non_favorite,B365_OPEN,False,-1.0
2022-04-16,2022-04,D1,M'gladbach,FC Koln,away,away,3.5,"[3.5,4.0)",0.2717731541152642,"[0.20,0.28)",market_non_favorite,B365_OPEN,True,2.5
2022-04-16,2022-04,D1,Mainz,Stuttgart,home,draw,2.05,"[1.8,2.2)",0.46400294605045117,"[0.42,0.55)",market_favorite,B365_OPEN,False,-1.0
2022-04-16,2022-04,D1,Mainz,Stuttgart,draw,draw,3.5,"[3.5,4.0)",0.2717731541152642,"[0.20,0.28)",market_non_favorite,B365_OPEN,True,2.5
2022-04-16,2022-04,D1,Mainz,Stuttgart,away,draw,3.6,"[3.5,4.0)",0.2642238998342847,"[0.20,0.28)",market_non_favorite,B365_OPEN,False,-1.0
2022-04-17,2022-04,D1,Bielefeld,Bayern Munich,home,away,13.0,"[7.0,inf)",0.07272577861779932,"[0.00,0.20)",market_non_favorite,B365_OPEN,False,-1.0
2022-04-17,2022-04,D1,Bielefeld,Bayern Munich,draw,away,7.5,"[7.0,inf)",0.12605801627085214,"[0.00,0.20)",market_non_favorite,B365_OPEN,False,-1.0
2022-04-17,2022-04,D1,Bielefeld,Bayern Munich,away,away,1.18,"[1.0,1.8)",0.8012162051113485,"[0.55,1.00]",market_favorite,B365_OPEN,True,0.17999999999999994
2022-04-17,2022-04,D1,Hoffenheim,Greuther Furth,home,draw,1.28,"[1.0,1.8)",0.7467449578759255,"[0.55,1.00]",market_favorite,B365_OPEN,False,-1.0
2022-04-17,2022-04,D1,Hoffenheim,Greuther Furth,draw,draw,6.5,"[5.0,7.0)",0.14705131478172073,"[0.00,0.20)",market_non_favorite,B365_OPEN,True,5.5
2022-04-17,2022-04,D1,Hoffenheim,Greuther Furth,away,draw,9.0,"[7.0,inf)",0.10620372734235384,"[0.00,0.20)",market_non_favorite,B365_OPEN,False,-1.0
2022-04-17,2022-04,D1,Union Berlin,Ein Frankfurt,home,home,2.15,"[1.8,2.2)",0.44155844155844154,"[0.42,0.55)",market_favorite,B365_OPEN,True,1.15
2022-04-17,2022-04,D1,Union Berlin,Ein Frankfurt,draw,home,3.4,"[2.8,3.5)",0.2792207792207792,"[0.20,0.28)",market_non_favorite,B365_OPEN,False,-1.0
2022-04-17,2022-04,D1,Union Berlin,Ein Frankfurt,away,home,3.4,"[2.8,3.5)",0.2792207792207792,"[0.20,0.28)",market_non_favorite,B365_OPEN,False,-1.0
2022-04-17,2022-04,D1,Leverkusen,RB Leipzig,home,away,3.0,"[2.8,3.5)",0.3187066974595843,"[0.28,0.34)",market_non_favorite,B365_OPEN,False,-1.0
2022-04-17,2022-04,D1,Leverkusen,RB Leipzig,draw,away,3.6,"[3.5,4.0)",0.2655889145496536,"[0.20,0.28)",market_non_favorite,B365_OPEN,False,-1.0
2022-04-17,2022-04,D1,Leverkusen,RB Leipzig,away,away,2.3,"[2.2,2.8)",0.41570438799076215,"[0.34,0.42)",market_favorite,B365_OPEN,True,1.2999999999999998
2022-04-22,2022-04,D1,Wolfsburg,Mainz,home,home,2.3,"[2.2,2.8)",0.41349548842683403,"[0.34,0.42)",market_favorite,B365_OPEN,True,1.2999999999999998
2022-04-22,2022-04,D1,Wolfsburg,Mainz,draw,home,3.4,"[2.8,3.5)",0.27971753628874063,"[0.20,0.28)",market_non_favorite,B365_OPEN,False,-1.0
2022-04-22,2022-04,D1,Wolfsburg,Mainz,away,home,3.1,"[2.8,3.5)",0.3067869752844252,"[0.28,0.34)",market_non_favorite,B365_OPEN,False,-1.0
2022-04-23,2022-04,D1,RB Leipzig,Union Berlin,home,away,1.55,"[1.0,1.8)",0.6150206978119456,"[0.55,1.00]",market_favorite,B365_OPEN,False,-1.0
2022-04-23,2022-04,D1,RB Leipzig,Union Berlin,draw,away,4.0,"[4.0,5.0)",0.23832052040212892,"[0.20,0.28)",market_non_favorite,B365_OPEN,False,-1.0
2022-04-23,2022-04,D1,RB Leipzig,Union Berlin,away,away,6.5,"[5.0,7.0)",0.1466587817859255,"[0.00,0.20)",market_non_favorite,B365_OPEN,True,5.5
2022-04-23,2022-04,D1,Greuther Furth,Leverkusen,home,away,8.5,"[7.0,inf)",0.1109874826147427,"[0.00,0.20)",market_non_favorite,B365_OPEN,False,-1.0
2022-04-23,2022-04,D1,Greuther Furth,Leverkusen,draw,away,5.25,"[5.0,7.0)",0.17969401947148816,"[0.00,0.20)",market_non_favorite,B365_OPEN,False,-1.0
2022-04-23,2022-04,D1,Greuther Furth,Leverkusen,away,away,1.33,"[1.0,1.8)",0.7093184979137691,"[0.55,1.00]",market_favorite,B365_OPEN,True,0.33000000000000007
2022-04-23,2022-04,D1,Freiburg,M'gladbach,home,draw,1.83,"[1.8,2.2)",0.5221932114882506,"[0.42,0.55)",market_favorite,B365_OPEN,False,-1.0
2022-04-23,2022-04,D1,Freiburg,M'gladbach,draw,draw,4.0,"[4.0,5.0)",0.23890339425587467,"[0.20,0.28)",market_non_favorite,B365_OPEN,True,3.0
2022-04-23,2022-04,D1,Freiburg,M'gladbach,away,draw,4.0,"[4.0,5.0)",0.23890339425587467,"[0.20,0.28)",market_non_favorite,B365_OPEN,False,-1.0
2022-04-23,2022-04,D1,FC Koln,Bielefeld,home,home,1.53,"[1.0,1.8)",0.6251288040118156,"[0.55,1.00]",market_favorite,B365_OPEN,True,0.53
2022-04-23,2022-04,D1,FC Koln,Bielefeld,draw,home,4.2,"[4.0,5.0)",0.22772549289001853,"[0.20,0.28)",market_non_favorite,B365_OPEN,False,-1.0
2022-04-23,2022-04,D1,FC Koln,Bielefeld,away,home,6.5,"[5.0,7.0)",0.14714570309816583,"[0.00,0.20)",market_non_favorite,B365_OPEN,False,-1.0
2022-04-23,2022-04,D1,Ein Frankfurt,Hoffenheim,home,draw,2.55,"[2.2,2.8)",0.37290950065235445,"[0.34,0.42)",market_favorite,B365_OPEN,False,-1.0
2022-04-23,2022-04,D1,Ein Frankfurt,Hoffenheim,draw,draw,3.6,"[3.5,4.0)",0.26414422962875106,"[0.20,0.28)",market_non_favorite,B365_OPEN,True,2.6
2022-04-23,2022-04,D1,Ein Frankfurt,Hoffenheim,away,draw,2.62,"[2.2,2.8)",0.36294626971889454,"[0.34,0.42)",market_non_favorite,B365_OPEN,False,-1.0
2022-04-23,2022-04,D1,Bayern Munich,Dortmund,home,home,1.36,"[1.0,1.8)",0.698906060079875,"[0.55,1.00]",market_favorite,B365_OPEN,True,0.3600000000000001
2022-04-23,2022-04,D1,Bayern Munich,Dortmund,draw,home,5.75,"[5.0,7.0)",0.16530647681889218,"[0.00,0.20)",market_non_favorite,B365_OPEN,False,-1.0
2022-04-23,2022-04,D1,Bayern Munich,Dortmund,away,home,7.0,"[7.0,inf)",0.13578746310123285,"[0.00,0.20)",market_non_favorite,B365_OPEN,False,-1.0
2022-04-24,2022-04,D1,Bochum,Augsburg,home,away,2.25,"[2.2,2.8)",0.42626070409134154,"[0.42,0.55)",market_favorite,B365_OPEN,False,-1.0
2022-04-24,2022-04,D1,Bochum,Augsburg,draw,away,3.2,"[2.8,3.5)",0.29971455756422455,"[0.28,0.34)",market_non_favorite,B365_OPEN,False,-1.0
2022-04-24,2022-04,D1,Bochum,Augsburg,away,away,3.5,"[3.5,4.0)",0.27402473834443386,"[0.20,0.28)",market_non_favorite,B365_OPEN,True,2.5
2022-04-24,2022-04,D1,Hertha,Stuttgart,home,home,3.1,"[2.8,3.5)",0.30420841683366734,"[0.28,0.34)",market_non_favorite,B365_OPEN,True,2.1
2022-04-24,2022-04,D1,Hertha,Stuttgart,draw,home,3.3,"[2.8,3.5)",0.28577154308617236,"[0.28,0.34)",market_non_favorite,B365_OPEN,False,-1.0
2022-04-24,2022-04,D1,Hertha,Stuttgart,away,home,2.3,"[2.2,2.8)",0.41002004008016035,"[0.34,0.42)",market_favorite,B365_OPEN,False,-1.0
2022-04-29,2022-04,D1,Union Berlin,Greuther Furth,home,draw,1.28,"[1.0,1.8)",0.7450060037113853,"[0.55,1.00]",market_favorite,B365_OPEN,False,-1.0
2022-04-29,2022-04,D1,Union Berlin,Greuther Furth,draw,draw,5.25,"[5.0,7.0)",0.18163955900010917,"[0.00,0.20)",market_non_favorite,B365_OPEN,True,4.25
2022-04-29,2022-04,D1,Union Berlin,Greuther Furth,away,draw,13.0,"[7.0,inf)",0.07335443728850563,"[0.00,0.20)",market_non_favorite,B365_OPEN,False,-1.0
2022-04-30,2022-04,D1,Stuttgart,Wolfsburg,home,draw,2.05,"[1.8,2.2)",0.46400294605045117,"[0.42,0.55)",market_favorite,B365_OPEN,False,-1.0
2022-04-30,2022-04,D1,Stuttgart,Wolfsburg,draw,draw,3.5,"[3.5,4.0)",0.2717731541152642,"[0.20,0.28)",market_non_favorite,B365_OPEN,True,2.5
2022-04-30,2022-04,D1,Stuttgart,Wolfsburg,away,draw,3.6,"[3.5,4.0)",0.2642238998342847,"[0.20,0.28)",market_non_favorite,B365_OPEN,False,-1.0
2022-04-30,2022-04,D1,Mainz,Bayern Munich,home,home,5.75,"[5.0,7.0)",0.16567406605305904,"[0.00,0.20)",market_non_favorite,B365_OPEN,True,4.75
2022-04-30,2022-04,D1,Mainz,Bayern Munich,draw,home,4.5,"[4.0,5.0)",0.21169463995668653,"[0.20,0.28)",market_non_favorite,B365_OPEN,False,-1.0
2022-04-30,2022-04,D1,Mainz,Bayern Munich,away,home,1.53,"[1.0,1.8)",0.6226312939902545,"[0.55,1.00]",market_favorite,B365_OPEN,False,-1.0
2022-04-30,2022-04,D1,Hoffenheim,Freiburg,home,away,2.5,"[2.2,2.8)",0.38118811881188125,"[0.34,0.42)",market_favorite,B365_OPEN,False,-1.0
2022-04-30,2022-04,D1,Hoffenheim,Freiburg,draw,away,3.5,"[3.5,4.0)",0.2722772277227723,"[0.20,0.28)",market_non_favorite,B365_OPEN,False,-1.0
2022-04-30,2022-04,D1,Hoffenheim,Freiburg,away,away,2.75,"[2.2,2.8)",0.34653465346534656,"[0.34,0.42)",market_non_favorite,B365_OPEN,True,1.75
2022-04-30,2022-04,D1,Dortmund,Bochum,home,away,1.36,"[1.0,1.8)",0.6942607775720708,"[0.55,1.00]",market_favorite,B365_OPEN,False,-1.0
2022-04-30,2022-04,D1,Dortmund,Bochum,draw,away,5.25,"[5.0,7.0)",0.1798466014281936,"[0.00,0.20)",market_non_favorite,B365_OPEN,False,-1.0
2022-04-30,2022-04,D1,Dortmund,Bochum,away,away,7.5,"[7.0,inf)",0.12589262099973553,"[0.00,0.20)",market_non_favorite,B365_OPEN,True,6.5
2022-04-30,2022-04,D1,Bielefeld,Hertha,home,draw,2.62,"[2.2,2.8)",0.3630470016207455,"[0.34,0.42)",market_favorite,B365_OPEN,False,-1.0
2022-04-30,2022-04,D1,Bielefeld,Hertha,draw,draw,3.2,"[2.8,3.5)",0.2972447325769854,"[0.28,0.34)",market_non_favorite,B365_OPEN,True,2.2
2022-04-30,2022-04,D1,Bielefeld,Hertha,away,draw,2.8,"[2.8,3.5)",0.33970826580226904,"[0.28,0.34)",market_non_favorite,B365_OPEN,False,-1.0
2022-04-30,2022-04,D1,Augsburg,FC Koln,home,away,2.8,"[2.8,3.5)",0.3403141361256544,"[0.34,0.42)",market_non_favorite,B365_OPEN,False,-1.0
2022-04-30,2022-04,D1,Augsburg,FC Koln,draw,away,3.25,"[2.8,3.5)",0.2931937172774869,"[0.28,0.34)",market_non_favorite,B365_OPEN,False,-1.0
2022-04-30,2022-04,D1,Augsburg,FC Koln,away,away,2.6,"[2.2,2.8)",0.3664921465968586,"[0.34,0.42)",market_favorite,B365_OPEN,True,1.6
2022-05-02,2022-05,D1,M'gladbach,RB Leipzig,home,home,4.33,"[4.0,5.0)",0.21945293518300807,"[0.20,0.28)",market_non_favorite,B365_OPEN,True,3.33
2022-05-02,2022-05,D1,M'gladbach,RB Leipzig,draw,home,4.0,"[4.0,5.0)",0.23755780233560622,"[0.20,0.28)",market_non_favorite,B365_OPEN,False,-1.0
2022-05-02,2022-05,D1,M'gladbach,RB Leipzig,away,home,1.75,"[1.0,1.8)",0.5429892624813857,"[0.42,0.55)",market_favorite,B365_OPEN,False,-1.0
2022-05-02,2022-05,D1,Leverkusen,Ein Frankfurt,home,home,1.4,"[1.0,1.8)",0.6756756756756757,"[0.55,1.00]",market_favorite,B365_OPEN,True,0.3999999999999999
2022-05-02,2022-05,D1,Leverkusen,Ein Frankfurt,draw,home,5.0,"[5.0,7.0)",0.1891891891891892,"[0.00,0.20)",market_non_favorite,B365_OPEN,False,-1.0
2022-05-02,2022-05,D1,Leverkusen,Ein Frankfurt,away,home,7.0,"[7.0,inf)",0.13513513513513511,"[0.00,0.20)",market_non_favorite,B365_OPEN,False,-1.0
2022-05-06,2022-05,D1,Bochum,Bielefeld,home,home,2.15,"[1.8,2.2)",0.4407039020657995,"[0.42,0.55)",market_favorite,B365_OPEN,True,1.15
2022-05-06,2022-05,D1,Bochum,Bielefeld,draw,home,3.6,"[3.5,4.0)",0.2631981637337414,"[0.20,0.28)",market_non_favorite,B365_OPEN,False,-1.0
2022-05-06,2022-05,D1,Bochum,Bielefeld,away,home,3.2,"[2.8,3.5)",0.29609793420045905,"[0.28,0.34)",market_non_favorite,B365_OPEN,False,-1.0
2022-05-07,2022-05,D1,Hoffenheim,Leverkusen,home,away,3.2,"[2.8,3.5)",0.29753265602322204,"[0.28,0.34)",market_non_favorite,B365_OPEN,False,-1.0
2022-05-07,2022-05,D1,Hoffenheim,Leverkusen,draw,away,4.0,"[4.0,5.0)",0.23802612481857766,"[0.20,0.28)",market_non_favorite,B365_OPEN,False,-1.0
2022-05-07,2022-05,D1,Hoffenheim,Leverkusen,away,away,2.05,"[1.8,2.2)",0.46444121915820036,"[0.42,0.55)",market_favorite,B365_OPEN,True,1.0499999999999998
2022-05-07,2022-05,D1,Hertha,Mainz,home,away,2.55,"[2.2,2.8)",0.3711340206185567,"[0.34,0.42)",market_favorite,B365_OPEN,False,-1.0
2022-05-07,2022-05,D1,Hertha,Mainz,draw,away,3.4,"[2.8,3.5)",0.27835051546391754,"[0.20,0.28)",market_non_favorite,B365_OPEN,False,-1.0
2022-05-07,2022-05,D1,Hertha,Mainz,away,away,2.7,"[2.2,2.8)",0.35051546391752575,"[0.34,0.42)",market_non_favorite,B365_OPEN,True,1.7000000000000002
2022-05-07,2022-05,D1,Greuther Furth,Dortmund,home,away,9.0,"[7.0,inf)",0.10612244897959185,"[0.00,0.20)",market_non_favorite,B365_OPEN,False,-1.0
2022-05-07,2022-05,D1,Greuther Furth,Dortmund,draw,away,6.0,"[5.0,7.0)",0.15918367346938778,"[0.00,0.20)",market_non_favorite,B365_OPEN,False,-1.0
2022-05-07,2022-05,D1,Greuther Furth,Dortmund,away,away,1.3,"[1.0,1.8)",0.7346938775510204,"[0.55,1.00]",market_favorite,B365_OPEN,True,0.30000000000000004
2022-05-07,2022-05,D1,Freiburg,Union Berlin,home,away,1.9,"[1.8,2.2)",0.49930651872399445,"[0.42,0.55)",market_favorite,B365_OPEN,False,-1.0
2022-05-07,2022-05,D1,Freiburg,Union Berlin,draw,away,3.6,"[3.5,4.0)",0.2635228848821082,"[0.20,0.28)",market_non_favorite,B365_OPEN,False,-1.0
2022-05-07,2022-05,D1,Freiburg,Union Berlin,away,away,4.0,"[4.0,5.0)",0.23717059639389737,"[0.20,0.28)",market_non_favorite,B365_OPEN,True,3.0
2022-05-07,2022-05,D1,FC Koln,Wolfsburg,home,away,1.6,"[1.0,1.8)",0.5968169761273209,"[0.55,1.00]",market_favorite,B365_OPEN,False,-1.0
2022-05-07,2022-05,D1,FC Koln,Wolfsburg,draw,away,4.5,"[4.0,5.0)",0.21220159151193632,"[0.20,0.28)",market_non_favorite,B365_OPEN,False,-1.0
2022-05-07,2022-05,D1,FC Koln,Wolfsburg,away,away,5.0,"[5.0,7.0)",0.19098143236074272,"[0.00,0.20)",market_non_favorite,B365_OPEN,True,4.0
2022-05-08,2022-05,D1,Ein Frankfurt,M'gladbach,home,draw,2.3,"[2.2,2.8)",0.4120836560805577,"[0.34,0.42)",market_favorite,B365_OPEN,False,-1.0
2022-05-08,2022-05,D1,Ein Frankfurt,M'gladbach,draw,draw,3.8,"[3.5,4.0)",0.249419054996127,"[0.20,0.28)",market_non_favorite,B365_OPEN,True,2.8
2022-05-08,2022-05,D1,Ein Frankfurt,M'gladbach,away,draw,2.8,"[2.8,3.5)",0.3384972889233152,"[0.28,0.34)",market_non_favorite,B365_OPEN,False,-1.0
2022-05-08,2022-05,D1,Bayern Munich,Stuttgart,home,draw,1.25,"[1.0,1.8)",0.763271162123386,"[0.55,1.00]",market_favorite,B365_OPEN,False,-1.0
2022-05-08,2022-05,D1,Bayern Munich,Stuttgart,draw,draw,7.0,"[7.0,inf)",0.13629842180774748,"[0.00,0.20)",market_non_favorite,B365_OPEN,True,6.0
2022-05-08,2022-05,D1,Bayern Munich,Stuttgart,away,draw,9.5,"[7.0,inf)",0.10043041606886656,"[0.00,0.20)",market_non_favorite,B365_OPEN,False,-1.0
2022-05-08,2022-05,D1,RB Leipzig,Augsburg,home,home,1.25,"[1.0,1.8)",0.7619047619047619,"[0.55,1.00]",market_favorite,B365_OPEN,True,0.25
2022-05-08,2022-05,D1,RB Leipzig,Augsburg,draw,home,6.0,"[5.0,7.0)",0.15873015873015872,"[0.00,0.20)",market_non_favorite,B365_OPEN,False,-1.0
2022-05-08,2022-05,D1,RB Leipzig,Augsburg,away,home,12.0,"[7.0,inf)",0.07936507936507936,"[0.00,0.20)",market_non_favorite,B365_OPEN,False,-1.0
2022-05-14,2022-05,D1,Augsburg,Greuther Furth,home,home,1.55,"[1.0,1.8)",0.6111289803795432,"[0.55,1.00]",market_favorite,B365_OPEN,True,0.55
2022-05-14,2022-05,D1,Augsburg,Greuther Furth,draw,home,4.75,"[4.0,5.0)",0.19942103570279832,"[0.00,0.20)",market_non_favorite,B365_OPEN,False,-1.0
2022-05-14,2022-05,D1,Augsburg,Greuther Furth,away,home,5.0,"[5.0,7.0)",0.1894499839176584,"[0.00,0.20)",market_non_favorite,B365_OPEN,False,-1.0
2022-05-14,2022-05,D1,Bielefeld,RB Leipzig,home,draw,10.0,"[7.0,inf)",0.09375,"[0.00,0.20)",market_non_favorite,B365_OPEN,False,-1.0
2022-05-14,2022-05,D1,Bielefeld,RB Leipzig,draw,draw,6.0,"[5.0,7.0)",0.15625,"[0.00,0.20)",market_non_favorite,B365_OPEN,True,5.0
2022-05-14,2022-05,D1,Bielefeld,RB Leipzig,away,draw,1.25,"[1.0,1.8)",0.75,"[0.55,1.00]",market_favorite,B365_OPEN,False,-1.0
2022-05-14,2022-05,D1,Dortmund,Hertha,home,home,1.5,"[1.0,1.8)",0.6306306306306306,"[0.55,1.00]",market_favorite,B365_OPEN,True,0.5
2022-05-14,2022-05,D1,Dortmund,Hertha,draw,home,5.0,"[5.0,7.0)",0.1891891891891892,"[0.00,0.20)",market_non_favorite,B365_OPEN,False,-1.0
2022-05-14,2022-05,D1,Dortmund,Hertha,away,home,5.25,"[5.0,7.0)",0.18018018018018017,"[0.00,0.20)",market_non_favorite,B365_OPEN,False,-1.0
2022-05-14,2022-05,D1,Leverkusen,Freiburg,home,home,2.4,"[2.2,2.8)",0.392524838353572,"[0.34,0.42)",market_favorite,B365_OPEN,True,1.4
2022-05-14,2022-05,D1,Leverkusen,Freiburg,draw,home,3.8,"[3.5,4.0)",0.2479104242233086,"[0.20,0.28)",market_non_favorite,B365_OPEN,False,-1.0
2022-05-14,2022-05,D1,Leverkusen,Freiburg,away,home,2.62,"[2.2,2.8)",0.35956473742311934,"[0.34,0.42)",market_non_favorite,B365_OPEN,False,-1.0
2022-05-14,2022-05,D1,M'gladbach,Hoffenheim,home,home,2.0,"[1.8,2.2)",0.47459604709542835,"[0.42,0.55)",market_favorite,B365_OPEN,True,1.0
2022-05-14,2022-05,D1,M'gladbach,Hoffenheim,draw,home,4.33,"[4.0,5.0)",0.21921295477848884,"[0.20,0.28)",market_non_favorite,B365_OPEN,False,-1.0
2022-05-14,2022-05,D1,M'gladbach,Hoffenheim,away,home,3.1,"[2.8,3.5)",0.3061909981260828,"[0.28,0.34)",market_non_favorite,B365_OPEN,False,-1.0
2022-05-14,2022-05,D1,Mainz,Ein Frankfurt,home,draw,1.7,"[1.0,1.8)",0.5601552393272963,"[0.55,1.00]",market_favorite,B365_OPEN,False,-1.0
2022-05-14,2022-05,D1,Mainz,Ein Frankfurt,draw,draw,4.33,"[4.0,5.0)",0.21992238033635186,"[0.20,0.28)",market_non_favorite,B365_OPEN,True,3.33
2022-05-14,2022-05,D1,Mainz,Ein Frankfurt,away,draw,4.33,"[4.0,5.0)",0.21992238033635186,"[0.20,0.28)",market_non_favorite,B365_OPEN,False,-1.0
2022-05-14,2022-05,D1,Union Berlin,Bochum,home,home,1.4,"[1.0,1.8)",0.6756756756756757,"[0.55,1.00]",market_favorite,B365_OPEN,True,0.3999999999999999
2022-05-14,2022-05,D1,Union Berlin,Bochum,draw,home,5.0,"[5.0,7.0)",0.1891891891891892,"[0.00,0.20)",market_non_favorite,B365_OPEN,False,-1.0
2022-05-14,2022-05,D1,Union Berlin,Bochum,away,home,7.0,"[7.0,inf)",0.13513513513513511,"[0.00,0.20)",market_non_favorite,B365_OPEN,False,-1.0
2022-05-14,2022-05,D1,Wolfsburg,Bayern Munich,home,draw,5.0,"[5.0,7.0)",0.1894499839176584,"[0.00,0.20)",market_non_favorite,B365_OPEN,False,-1.0
2022-05-14,2022-05,D1,Wolfsburg,Bayern Munich,draw,draw,4.75,"[4.0,5.0)",0.19942103570279832,"[0.00,0.20)",market_non_favorite,B365_OPEN,True,3.75
2022-05-14,2022-05,D1,Wolfsburg,Bayern Munich,away,draw,1.55,"[1.0,1.8)",0.6111289803795432,"[0.55,1.00]",market_favorite,B365_OPEN,False,-1.0
2022-05-14,2022-05,D1,Stuttgart,FC Koln,home,home,2.2,"[2.2,2.8)",0.43167631796645867,"[0.42,0.55)",market_favorite,B365_OPEN,True,1.2000000000000002
2022-05-14,2022-05,D1,Stuttgart,FC Koln,draw,home,4.0,"[4.0,5.0)",0.23742197488155226,"[0.20,0.28)",market_non_favorite,B365_OPEN,False,-1.0
2022-05-14,2022-05,D1,Stuttgart,FC Koln,away,home,2.87,"[2.8,3.5)",0.3309017071519892,"[0.28,0.34)",market_non_favorite,B365_OPEN,False,-1.0
2022-08-05,2022-08,D1,Ein Frankfurt,Bayern Munich,home,away,6.0,"[5.0,7.0)",0.16129032258064518,"[0.00,0.20)",market_non_favorite,B365_OPEN,False,-1.0
2022-08-05,2022-08,D1,Ein Frankfurt,Bayern Munich,draw,away,5.0,"[5.0,7.0)",0.19354838709677422,"[0.00,0.20)",market_non_favorite,B365_OPEN,False,-1.0
2022-08-05,2022-08,D1,Ein Frankfurt,Bayern Munich,away,away,1.5,"[1.0,1.8)",0.6451612903225807,"[0.55,1.00]",market_favorite,B365_OPEN,True,0.5
2022-08-06,2022-08,D1,Wolfsburg,Werder Bremen,home,draw,1.85,"[1.8,2.2)",0.5066666666666666,"[0.42,0.55)",market_favorite,B365_OPEN,False,-1.0
2022-08-06,2022-08,D1,Wolfsburg,Werder Bremen,draw,draw,3.8,"[3.5,4.0)",0.24666666666666667,"[0.20,0.28)",market_non_favorite,B365_OPEN,True,2.8
2022-08-06,2022-08,D1,Wolfsburg,Werder Bremen,away,draw,3.8,"[3.5,4.0)",0.24666666666666667,"[0.20,0.28)",market_non_favorite,B365_OPEN,False,-1.0
2022-08-06,2022-08,D1,Union Berlin,Hertha,home,home,1.72,"[1.0,1.8)",0.5432158377595365,"[0.42,0.55)",market_favorite,B365_OPEN,True,0.72
2022-08-06,2022-08,D1,Union Berlin,Hertha,draw,home,3.75,"[3.5,4.0)",0.2491549975857074,"[0.20,0.28)",market_non_favorite,B365_OPEN,False,-1.0
2022-08-06,2022-08,D1,Union Berlin,Hertha,away,home,4.5,"[4.0,5.0)",0.20762916465475614,"[0.20,0.28)",market_non_favorite,B365_OPEN,False,-1.0
2022-08-06,2022-08,D1,M'gladbach,Hoffenheim,home,home,2.05,"[1.8,2.2)",0.46052631578947373,"[0.42,0.55)",market_favorite,B365_OPEN,True,1.0499999999999998
2022-08-06,2022-08,D1,M'gladbach,Hoffenheim,draw,home,4.2,"[4.0,5.0)",0.22478070175438597,"[0.20,0.28)",market_non_favorite,B365_OPEN,False,-1.0
2022-08-06,2022-08,D1,M'gladbach,Hoffenheim,away,home,3.0,"[2.8,3.5)",0.31469298245614036,"[0.28,0.34)",market_non_favorite,B365_OPEN,False,-1.0
2022-08-06,2022-08,D1,Bochum,Mainz,home,away,3.2,"[2.8,3.5)",0.29448818897637796,"[0.28,0.34)",market_non_favorite,B365_OPEN,False,-1.0
2022-08-06,2022-08,D1,Bochum,Mainz,draw,away,3.4,"[2.8,3.5)",0.2771653543307087,"[0.20,0.28)",market_non_favorite,B365_OPEN,False,-1.0
2022-08-06,2022-08,D1,Bochum,Mainz,away,away,2.2,"[2.2,2.8)",0.42834645669291344,"[0.42,0.55)",market_favorite,B365_OPEN,True,1.2000000000000002
2022-08-06,2022-08,D1,Augsburg,Freiburg,home,away,3.3,"[2.8,3.5)",0.28754298815437523,"[0.28,0.34)",market_non_favorite,B365_OPEN,False,-1.0
2022-08-06,2022-08,D1,Augsburg,Freiburg,draw,away,3.5,"[3.5,4.0)",0.2711119602598395,"[0.20,0.28)",market_non_favorite,B365_OPEN,False,-1.0
2022-08-06,2022-08,D1,Augsburg,Freiburg,away,away,2.15,"[1.8,2.2)",0.44134505158578524,"[0.42,0.55)",market_favorite,B365_OPEN,True,1.15
2022-08-06,2022-08,D1,Dortmund,Leverkusen,home,home,2.0,"[1.8,2.2)",0.4759206798866855,"[0.42,0.55)",market_favorite,B365_OPEN,True,1.0
2022-08-06,2022-08,D1,Dortmund,Leverkusen,draw,home,4.2,"[4.0,5.0)",0.22662889518413595,"[0.20,0.28)",market_non_favorite,B365_OPEN,False,-1.0
2022-08-06,2022-08,D1,Dortmund,Leverkusen,away,home,3.2,"[2.8,3.5)",0.29745042492917845,"[0.28,0.34)",market_non_favorite,B365_OPEN,False,-1.0
2022-08-07,2022-08,D1,FC Koln,Schalke 04,home,home,1.7,"[1.0,1.8)",0.5546995377503853,"[0.55,1.00]",market_favorite,B365_OPEN,True,0.7
2022-08-07,2022-08,D1,FC Koln,Schalke 04,draw,home,4.0,"[4.0,5.0)",0.2357473035439137,"[0.20,0.28)",market_non_favorite,B365_OPEN,False,-1.0
2022-08-07,2022-08,D1,FC Koln,Schalke 04,away,home,4.5,"[4.0,5.0)",0.20955315870570107,"[0.20,0.28)",market_non_favorite,B365_OPEN,False,-1.0
2022-08-07,2022-08,D1,Stuttgart,RB Leipzig,home,draw,4.5,"[4.0,5.0)",0.2102766798418972,"[0.20,0.28)",market_non_favorite,B365_OPEN,False,-1.0
2022-08-07,2022-08,D1,Stuttgart,RB Leipzig,draw,draw,3.8,"[3.5,4.0)",0.24901185770750986,"[0.20,0.28)",market_non_favorite,B365_OPEN,True,2.8
2022-08-07,2022-08,D1,Stuttgart,RB Leipzig,away,draw,1.75,"[1.0,1.8)",0.5407114624505929,"[0.42,0.55)",market_favorite,B365_OPEN,False,-1.0
2022-08-12,2022-08,D1,Freiburg,Dortmund,home,away,3.0,"[2.8,3.5)",0.3160919540229885,"[0.28,0.34)",market_non_favorite,B365_OPEN,False,-1.0
2022-08-12,2022-08,D1,Freiburg,Dortmund,draw,away,3.75,"[3.5,4.0)",0.25287356321839083,"[0.20,0.28)",market_non_favorite,B365_OPEN,False,-1.0
2022-08-12,2022-08,D1,Freiburg,Dortmund,away,away,2.2,"[2.2,2.8)",0.4310344827586207,"[0.42,0.55)",market_favorite,B365_OPEN,True,1.2000000000000002
2022-08-13,2022-08,D1,Werder Bremen,Stuttgart,home,draw,2.25,"[2.2,2.8)",0.42105263157894735,"[0.42,0.55)",market_favorite,B365_OPEN,False,-1.0
2022-08-13,2022-08,D1,Werder Bremen,Stuttgart,draw,draw,3.6,"[3.5,4.0)",0.2631578947368421,"[0.20,0.28)",market_non_favorite,B365_OPEN,True,2.6
2022-08-13,2022-08,D1,Werder Bremen,Stuttgart,away,draw,3.0,"[2.8,3.5)",0.3157894736842105,"[0.28,0.34)",market_non_favorite,B365_OPEN,False,-1.0
2022-08-13,2022-08,D1,RB Leipzig,FC Koln,home,draw,1.44,"[1.0,1.8)",0.6627466613514053,"[0.55,1.00]",market_favorite,B365_OPEN,False,-1.0
2022-08-13,2022-08,D1,RB Leipzig,FC Koln,draw,draw,4.75,"[4.0,5.0)",0.20091688259916285,"[0.20,0.28)",market_non_favorite,B365_OPEN,True,3.75
2022-08-13,2022-08,D1,RB Leipzig,FC Koln,away,draw,7.0,"[7.0,inf)",0.13633645604943193,"[0.00,0.20)",market_non_favorite,B365_OPEN,False,-1.0
2022-08-13,2022-08,D1,Leverkusen,Augsburg,home,away,1.3,"[1.0,1.8)",0.7337139019476159,"[0.55,1.00]",market_favorite,B365_OPEN,False,-1.0
2022-08-13,2022-08,D1,Leverkusen,Augsburg,draw,away,5.75,"[5.0,7.0)",0.1658831430490262,"[0.00,0.20)",market_non_favorite,B365_OPEN,False,-1.0
2022-08-13,2022-08,D1,Leverkusen,Augsburg,away,away,9.5,"[7.0,inf)",0.10040295500335795,"[0.00,0.20)",market_non_favorite,B365_OPEN,True,8.5
2022-08-13,2022-08,D1,Hoffenheim,Bochum,home,home,1.57,"[1.0,1.8)",0.6068194952802928,"[0.55,1.00]",market_favorite,B365_OPEN,True,0.5700000000000001
2022-08-13,2022-08,D1,Hoffenheim,Bochum,draw,home,4.5,"[4.0,5.0)",0.2117125794644577,"[0.20,0.28)",market_non_favorite,B365_OPEN,False,-1.0
2022-08-13,2022-08,D1,Hoffenheim,Bochum,away,home,5.25,"[5.0,7.0)",0.18146792525524946,"[0.00,0.20)",market_non_favorite,B365_OPEN,False,-1.0
2022-08-13,2022-08,D1,Hertha,Ein Frankfurt,home,draw,3.0,"[2.8,3.5)",0.3163064833005894,"[0.28,0.34)",market_non_favorite,B365_OPEN,False,-1.0
2022-08-13,2022-08,D1,Hertha,Ein Frankfurt,draw,draw,3.5,"[3.5,4.0)",0.27111984282907664,"[0.20,0.28)",market_non_favorite,B365_OPEN,True,2.5
2022-08-13,2022-08,D1,Hertha,Ein Frankfurt,away,draw,2.3,"[2.2,2.8)",0.41257367387033406,"[0.34,0.42)",market_favorite,B365_OPEN,False,-1.0
2022-08-13,2022-08,D1,Schalke 04,M'gladbach,home,draw,3.1,"[2.8,3.5)",0.3069697538981777,"[0.28,0.34)",market_non_favorite,B365_OPEN,False,-1.0
2022-08-13,2022-08,D1,Schalke 04,M'gladbach,draw,draw,3.8,"[3.5,4.0)",0.250422693969566,"[0.20,0.28)",market_non_favorite,B365_OPEN,True,2.8
2022-08-13,2022-08,D1,Schalke 04,M'gladbach,away,draw,2.15,"[1.8,2.2)",0.4426075521322562,"[0.42,0.55)",market_favorite,B365_OPEN,False,-1.0
2022-08-14,2022-08,D1,Bayern Munich,Wolfsburg,home,home,1.12,"[1.0,1.8)",0.8447536353175019,"[0.55,1.00]",market_favorite,B365_OPEN,True,0.1200000000000001
2022-08-14,2022-08,D1,Bayern Munich,Wolfsburg,draw,home,9.5,"[7.0,inf)",0.09959200753216865,"[0.00,0.20)",market_non_favorite,B365_OPEN,False,-1.0
2022-08-14,2022-08,D1,Bayern Munich,Wolfsburg,away,home,17.0,"[7.0,inf)",0.05565435715032954,"[0.00,0.20)",market_non_favorite,B365_OPEN,False,-1.0
2022-08-14,2022-08,D1,Mainz,Union Berlin,home,draw,2.2,"[2.2,2.8)",0.43029595015576316,"[0.42,0.55)",market_favorite,B365_OPEN,False,-1.0
2022-08-14,2022-08,D1,Mainz,Union Berlin,draw,draw,3.25,"[2.8,3.5)",0.29127725856697817,"[0.28,0.34)",market_non_favorite,B365_OPEN,True,2.25
2022-08-14,2022-08,D1,Mainz,Union Berlin,away,draw,3.4,"[2.8,3.5)",0.27842679127725856,"[0.20,0.28)",market_non_favorite,B365_OPEN,False,-1.0
2022-08-19,2022-08,D1,M'gladbach,Hertha,home,home,1.5,"[1.0,1.8)",0.631578947368421,"[0.55,1.00]",market_favorite,B365_OPEN,True,0.5
2022-08-19,2022-08,D1,M'gladbach,Hertha,draw,home,4.5,"[4.0,5.0)",0.21052631578947367,"[0.20,0.28)",market_non_favorite,B365_OPEN,False,-1.0
2022-08-19,2022-08,D1,M'gladbach,Hertha,away,home,6.0,"[5.0,7.0)",0.15789473684210525,"[0.00,0.20)",market_non_favorite,B365_OPEN,False,-1.0
2022-08-20,2022-08,D1,Wolfsburg,Schalke 04,home,draw,1.83,"[1.8,2.2)",0.5215686274509804,"[0.42,0.55)",market_favorite,B365_OPEN,False,-1.0
2022-08-20,2022-08,D1,Wolfsburg,Schalke 04,draw,draw,3.8,"[3.5,4.0)",0.2511764705882353,"[0.20,0.28)",market_non_favorite,B365_OPEN,True,2.8
2022-08-20,2022-08,D1,Wolfsburg,Schalke 04,away,draw,4.2,"[4.0,5.0)",0.22725490196078432,"[0.20,0.28)",market_non_favorite,B365_OPEN,False,-1.0
2022-08-20,2022-08,D1,Union Berlin,RB Leipzig,home,home,3.6,"[3.5,4.0)",0.2642238998342847,"[0.20,0.28)",market_non_favorite,B365_OPEN,True,2.6
2022-08-20,2022-08,D1,Union Berlin,RB Leipzig,draw,home,3.5,"[3.5,4.0)",0.2717731541152642,"[0.20,0.28)",market_non_favorite,B365_OPEN,False,-1.0
2022-08-20,2022-08,D1,Union Berlin,RB Leipzig,away,home,2.05,"[1.8,2.2)",0.46400294605045117,"[0.42,0.55)",market_favorite,B365_OPEN,False,-1.0
2022-08-20,2022-08,D1,Stuttgart,Freiburg,home,away,2.62,"[2.2,2.8)",0.36294626971889454,"[0.34,0.42)",market_non_favorite,B365_OPEN,False,-1.0
2022-08-20,2022-08,D1,Stuttgart,Freiburg,draw,away,3.6,"[3.5,4.0)",0.26414422962875106,"[0.20,0.28)",market_non_favorite,B365_OPEN,False,-1.0
2022-08-20,2022-08,D1,Stuttgart,Freiburg,away,away,2.55,"[2.2,2.8)",0.37290950065235445,"[0.34,0.42)",market_favorite,B365_OPEN,True,1.5499999999999998
2022-08-20,2022-08,D1,Leverkusen,Hoffenheim,home,away,1.66,"[1.0,1.8)",0.5706913317009735,"[0.55,1.00]",market_favorite,B365_OPEN,False,-1.0
2022-08-20,2022-08,D1,Leverkusen,Hoffenheim,draw,away,4.33,"[4.0,5.0)",0.21878697704933395,"[0.20,0.28)",market_non_favorite,B365_OPEN,False,-1.0
2022-08-20,2022-08,D1,Leverkusen,Hoffenheim,away,away,4.5,"[4.0,5.0)",0.21052169124969244,"[0.20,0.28)",market_non_favorite,B365_OPEN,True,3.5
2022-08-20,2022-08,D1,Dortmund,Werder Bremen,home,away,1.36,"[1.0,1.8)",0.6942607775720708,"[0.55,1.00]",market_favorite,B365_OPEN,False,-1.0
2022-08-20,2022-08,D1,Dortmund,Werder Bremen,draw,away,5.25,"[5.0,7.0)",0.1798466014281936,"[0.00,0.20)",market_non_favorite,B365_OPEN,False,-1.0
2022-08-20,2022-08,D1,Dortmund,Werder Bremen,away,away,7.5,"[7.0,inf)",0.12589262099973553,"[0.00,0.20)",market_non_favorite,B365_OPEN,True,6.5
2022-08-20,2022-08,D1,Augsburg,Mainz,home,away,3.5,"[3.5,4.0)",0.27272727272727276,"[0.20,0.28)",market_non_favorite,B365_OPEN,False,-1.0
2022-08-20,2022-08,D1,Augsburg,Mainz,draw,away,3.5,"[3.5,4.0)",0.27272727272727276,"[0.20,0.28)",market_non_favorite,B365_OPEN,False,-1.0
2022-08-20,2022-08,D1,Augsburg,Mainz,away,away,2.1,"[1.8,2.2)",0.4545454545454546,"[0.42,0.55)",market_favorite,B365_OPEN,True,1.1
2022-08-21,2022-08,D1,Bochum,Bayern Munich,home,away,13.0,"[7.0,inf)",0.07330330796707563,"[0.00,0.20)",market_non_favorite,B365_OPEN,False,-1.0
2022-08-21,2022-08,D1,Bochum,Bayern Munich,draw,away,8.0,"[7.0,inf)",0.11911787544649789,"[0.00,0.20)",market_non_favorite,B365_OPEN,False,-1.0
2022-08-21,2022-08,D1,Bochum,Bayern Munich,away,away,1.18,"[1.0,1.8)",0.8075788165864264,"[0.55,1.00]",market_favorite,B365_OPEN,True,0.17999999999999994
2022-08-21,2022-08,D1,Ein Frankfurt,FC Koln,home,draw,1.95,"[1.8,2.2)",0.4850444624090542,"[0.42,0.55)",market_favorite,B365_OPEN,False,-1.0
2022-08-21,2022-08,D1,Ein Frankfurt,FC Koln,draw,draw,3.75,"[3.5,4.0)",0.25222312045270817,"[0.20,0.28)",market_non_favorite,B365_OPEN,True,2.75
2022-08-21,2022-08,D1,Ein Frankfurt,FC Koln,away,draw,3.6,"[3.5,4.0)",0.2627324171382377,"[0.20,0.28)",market_non_favorite,B365_OPEN,False,-1.0
2022-08-26,2022-08,D1,Freiburg,Bochum,home,home,1.5,"[1.0,1.8)",0.631578947368421,"[0.55,1.00]",market_favorite,B365_OPEN,True,0.5
2022-08-26,2022-08,D1,Freiburg,Bochum,draw,home,4.5,"[4.0,5.0)",0.21052631578947367,"[0.20,0.28)",market_non_favorite,B365_OPEN,False,-1.0
2022-08-26,2022-08,D1,Freiburg,Bochum,away,home,6.0,"[5.0,7.0)",0.15789473684210525,"[0.00,0.20)",market_non_favorite,B365_OPEN,False,-1.0
2022-08-27,2022-08,D1,Schalke 04,Union Berlin,home,away,3.1,"[2.8,3.5)",0.3067869752844252,"[0.28,0.34)",market_non_favorite,B365_OPEN,False,-1.0
2022-08-27,2022-08,D1,Schalke 04,Union Berlin,draw,away,3.4,"[2.8,3.5)",0.27971753628874063,"[0.20,0.28)",market_non_favorite,B365_OPEN,False,-1.0
2022-08-27,2022-08,D1,Schalke 04,Union Berlin,away,away,2.3,"[2.2,2.8)",0.41349548842683403,"[0.34,0.42)",market_favorite,B365_OPEN,True,1.2999999999999998
2022-08-27,2022-08,D1,RB Leipzig,Wolfsburg,home,home,1.45,"[1.0,1.8)",0.6464417351857102,"[0.55,1.00]",market_favorite,B365_OPEN,True,0.44999999999999996
2022-08-27,2022-08,D1,RB Leipzig,Wolfsburg,draw,home,4.75,"[4.0,5.0)",0.1973348454777431,"[0.00,0.20)",market_non_favorite,B365_OPEN,False,-1.0
2022-08-27,2022-08,D1,RB Leipzig,Wolfsburg,away,home,6.0,"[5.0,7.0)",0.15622341933654663,"[0.00,0.20)",market_non_favorite,B365_OPEN,False,-1.0
2022-08-27,2022-08,D1,Mainz,Leverkusen,home,away,2.75,"[2.2,2.8)",0.3455818022747157,"[0.34,0.42)",market_non_favorite,B365_OPEN,False,-1.0
2022-08-27,2022-08,D1,Mainz,Leverkusen,draw,away,3.75,"[3.5,4.0)",0.25342665500145817,"[0.20,0.28)",market_non_favorite,B365_OPEN,False,-1.0
2022-08-27,2022-08,D1,Mainz,Leverkusen,away,away,2.37,"[2.2,2.8)",0.40099154272382614,"[0.34,0.42)",market_favorite,B365_OPEN,True,1.37
2022-08-27,2022-08,D1,Hoffenheim,Augsburg,home,home,1.45,"[1.0,1.8)",0.6538661131292164,"[0.55,1.00]",market_favorite,B365_OPEN,True,0.44999999999999996
2022-08-27,2022-08,D1,Hoffenheim,Augsburg,draw,home,4.5,"[4.0,5.0)",0.21069019200830302,"[0.20,0.28)",market_non_favorite,B365_OPEN,False,-1.0
2022-08-27,2022-08,D1,Hoffenheim,Augsburg,away,home,7.0,"[7.0,inf)",0.13544369486248053,"[0.00,0.20)",market_non_favorite,B365_OPEN,False,-1.0
2022-08-27,2022-08,D1,Hertha,Dortmund,home,away,4.5,"[4.0,5.0)",0.21052169124969244,"[0.20,0.28)",market_non_favorite,B365_OPEN,False,-1.0
2022-08-27,2022-08,D1,Hertha,Dortmund,draw,away,4.33,"[4.0,5.0)",0.21878697704933395,"[0.20,0.28)",market_non_favorite,B365_OPEN,False,-1.0
2022-08-27,2022-08,D1,Hertha,Dortmund,away,away,1.66,"[1.0,1.8)",0.5706913317009735,"[0.55,1.00]",market_favorite,B365_OPEN,True,0.6599999999999999
2022-08-27,2022-08,D1,Bayern Munich,M'gladbach,home,draw,1.18,"[1.0,1.8)",0.802675585284281,"[0.55,1.00]",market_favorite,B365_OPEN,False,-1.0
2022-08-27,2022-08,D1,Bayern Munich,M'gladbach,draw,draw,8.0,"[7.0,inf)",0.11839464882943143,"[0.00,0.20)",market_non_favorite,B365_OPEN,True,7.0
2022-08-27,2022-08,D1,Bayern Munich,M'gladbach,away,draw,12.0,"[7.0,inf)",0.07892976588628761,"[0.00,0.20)",market_non_favorite,B365_OPEN,False,-1.0
2022-08-28,2022-08,D1,FC Koln,Stuttgart,home,draw,2.05,"[1.8,2.2)",0.4652011310772599,"[0.42,0.55)",market_favorite,B365_OPEN,False,-1.0
2022-08-28,2022-08,D1,FC Koln,Stuttgart,draw,draw,3.75,"[3.5,4.0)",0.25430995165556874,"[0.20,0.28)",market_non_favorite,B365_OPEN,True,2.75
2022-08-28,2022-08,D1,FC Koln,Stuttgart,away,draw,3.4,"[2.8,3.5)",0.2804889172671714,"[0.28,0.34)",market_non_favorite,B365_OPEN,False,-1.0
2022-08-28,2022-08,D1,Werder Bremen,Ein Frankfurt,home,away,2.45,"[2.2,2.8)",0.3883495145631068,"[0.34,0.42)",market_favorite,B365_OPEN,False,-1.0
2022-08-28,2022-08,D1,Werder Bremen,Ein Frankfurt,draw,away,3.5,"[3.5,4.0)",0.27184466019417475,"[0.20,0.28)",market_non_favorite,B365_OPEN,False,-1.0
2022-08-28,2022-08,D1,Werder Bremen,Ein Frankfurt,away,away,2.8,"[2.8,3.5)",0.33980582524271846,"[0.28,0.34)",market_non_favorite,B365_OPEN,True,1.7999999999999998
2022-09-02,2022-09,D1,Dortmund,Hoffenheim,home,home,1.61,"[1.0,1.8)",0.5893706486523748,"[0.55,1.00]",market_favorite,B365_OPEN,True,0.6100000000000001
2022-09-02,2022-09,D1,Dortmund,Hoffenheim,draw,home,4.5,"[4.0,5.0)",0.21086372096229405,"[0.20,0.28)",market_non_favorite,B365_OPEN,False,-1.0
2022-09-02,2022-09,D1,Dortmund,Hoffenheim,away,home,4.75,"[4.0,5.0)",0.1997656303853312,"[0.00,0.20)",market_non_favorite,B365_OPEN,False,-1.0
2022-09-03,2022-09,D1,Wolfsburg,FC Koln,home,away,2.05,"[1.8,2.2)",0.4652011310772599,"[0.42,0.55)",market_favorite,B365_OPEN,False,-1.0
2022-09-03,2022-09,D1,Wolfsburg,FC Koln,draw,away,3.4,"[2.8,3.5)",0.2804889172671714,"[0.28,0.34)",market_non_favorite,B365_OPEN,False,-1.0
2022-09-03,2022-09,D1,Wolfsburg,FC Koln,away,away,3.75,"[3.5,4.0)",0.25430995165556874,"[0.20,0.28)",market_non_favorite,B365_OPEN,True,2.75
2022-09-03,2022-09,D1,Union Berlin,Bayern Munich,home,draw,7.0,"[7.0,inf)",0.13368283093053734,"[0.00,0.20)",market_non_favorite,B365_OPEN,False,-1.0
2022-09-03,2022-09,D1,Union Berlin,Bayern Munich,draw,draw,5.25,"[5.0,7.0)",0.1782437745740498,"[0.00,0.20)",market_non_favorite,B365_OPEN,True,4.25
2022-09-03,2022-09,D1,Union Berlin,Bayern Munich,away,draw,1.36,"[1.0,1.8)",0.6880733944954128,"[0.55,1.00]",market_favorite,B365_OPEN,False,-1.0
2022-09-03,2022-09,D1,Stuttgart,Schalke 04,home,draw,1.75,"[1.0,1.8)",0.5429892624813857,"[0.42,0.55)",market_favorite,B365_OPEN,False,-1.0
2022-09-03,2022-09,D1,Stuttgart,Schalke 04,draw,draw,4.0,"[4.0,5.0)",0.23755780233560622,"[0.20,0.28)",market_non_favorite,B365_OPEN,True,3.0
2022-09-03,2022-09,D1,Stuttgart,Schalke 04,away,draw,4.33,"[4.0,5.0)",0.21945293518300807,"[0.20,0.28)",market_non_favorite,B365_OPEN,False,-1.0
2022-09-03,2022-09,D1,Leverkusen,Freiburg,home,away,1.9,"[1.8,2.2)",0.4983388704318937,"[0.42,0.55)",market_favorite,B365_OPEN,False,-1.0
2022-09-03,2022-09,D1,Leverkusen,Freiburg,draw,away,3.75,"[3.5,4.0)",0.25249169435215946,"[0.20,0.28)",market_non_favorite,B365_OPEN,False,-1.0
2022-09-03,2022-09,D1,Leverkusen,Freiburg,away,away,3.8,"[3.5,4.0)",0.24916943521594684,"[0.20,0.28)",market_non_favorite,B365_OPEN,True,2.8
2022-09-03,2022-09,D1,Ein Frankfurt,RB Leipzig,home,home,3.5,"[3.5,4.0)",0.27149321266968324,"[0.20,0.28)",market_non_favorite,B365_OPEN,True,2.5
2022-09-03,2022-09,D1,Ein Frankfurt,RB Leipzig,draw,home,3.75,"[3.5,4.0)",0.25339366515837103,"[0.20,0.28)",market_non_favorite,B365_OPEN,False,-1.0
2022-09-03,2022-09,D1,Ein Frankfurt,RB Leipzig,away,home,2.0,"[1.8,2.2)",0.4751131221719457,"[0.42,0.55)",market_favorite,B365_OPEN,False,-1.0
2022-09-03,2022-09,D1,Bochum,Werder Bremen,home,away,2.9,"[2.8,3.5)",0.32611264277274515,"[0.28,0.34)",market_non_favorite,B365_OPEN,False,-1.0
2022-09-03,2022-09,D1,Bochum,Werder Bremen,draw,away,3.6,"[3.5,4.0)",0.26270185112248917,"[0.20,0.28)",market_non_favorite,B365_OPEN,False,-1.0
2022-09-03,2022-09,D1,Bochum,Werder Bremen,away,away,2.3,"[2.2,2.8)",0.4111855061047657,"[0.34,0.42)",market_favorite,B365_OPEN,True,1.2999999999999998
2022-09-04,2022-09,D1,Augsburg,Hertha,home,away,2.45,"[2.2,2.8)",0.3851957295373665,"[0.34,0.42)",market_favorite,B365_OPEN,False,-1.0
2022-09-04,2022-09,D1,Augsburg,Hertha,draw,away,3.3,"[2.8,3.5)",0.28597864768683273,"[0.28,0.34)",market_non_favorite,B365_OPEN,False,-1.0
2022-09-04,2022-09,D1,Augsburg,Hertha,away,away,2.87,"[2.8,3.5)",0.3288256227758007,"[0.28,0.34)",market_non_favorite,B365_OPEN,True,1.87
2022-09-04,2022-09,D1,M'gladbach,Mainz,home,away,2.2,"[2.2,2.8)",0.4324734446130501,"[0.42,0.55)",market_favorite,B365_OPEN,False,-1.0
2022-09-04,2022-09,D1,M'gladbach,Mainz,draw,away,3.8,"[3.5,4.0)",0.2503793626707132,"[0.20,0.28)",market_non_favorite,B365_OPEN,False,-1.0
2022-09-04,2022-09,D1,M'gladbach,Mainz,away,away,3.0,"[2.8,3.5)",0.31714719271623676,"[0.28,0.34)",market_non_favorite,B365_OPEN,True,2.0
2022-09-09,2022-09,D1,Werder Bremen,Augsburg,home,away,1.53,"[1.0,1.8)",0.6179775280898876,"[0.55,1.00]",market_favorite,B365_OPEN,False,-1.0
2022-09-09,2022-09,D1,Werder Bremen,Augsburg,draw,away,4.5,"[4.0,5.0)",0.21011235955056176,"[0.20,0.28)",market_non_favorite,B365_OPEN,False,-1.0
2022-09-09,2022-09,D1,Werder Bremen,Augsburg,away,away,5.5,"[5.0,7.0)",0.17191011235955056,"[0.00,0.20)",market_non_favorite,B365_OPEN,True,4.5
2022-09-10,2022-09,D1,Schalke 04,Bochum,home,home,2.0,"[1.8,2.2)",0.4767025089605735,"[0.42,0.55)",market_favorite,B365_OPEN,True,1.0
2022-09-10,2022-09,D1,Schalke 04,Bochum,draw,home,3.8,"[3.5,4.0)",0.25089605734767023,"[0.20,0.28)",market_non_favorite,B365_OPEN,False,-1.0
2022-09-10,2022-09,D1,Schalke 04,Bochum,away,home,3.5,"[3.5,4.0)",0.27240143369175623,"[0.20,0.28)",market_non_favorite,B365_OPEN,False,-1.0
2022-09-10,2022-09,D1,Bayern Munich,Stuttgart,home,draw,1.14,"[1.0,1.8)",0.8267477203647416,"[0.55,1.00]",market_favorite,B365_OPEN,False,-1.0
2022-09-10,2022-09,D1,Bayern Munich,Stuttgart,draw,draw,8.0,"[7.0,inf)",0.11781155015197567,"[0.00,0.20)",market_non_favorite,B365_OPEN,True,7.0
2022-09-10,2022-09,D1,Bayern Munich,Stuttgart,away,draw,17.0,"[7.0,inf)",0.05544072948328267,"[0.00,0.20)",market_non_favorite,B365_OPEN,False,-1.0
2022-09-10,2022-09,D1,Ein Frankfurt,Wolfsburg,home,away,2.0,"[1.8,2.2)",0.47368421052631576,"[0.42,0.55)",market_favorite,B365_OPEN,False,-1.0
2022-09-10,2022-09,D1,Ein Frankfurt,Wolfsburg,draw,away,3.6,"[3.5,4.0)",0.2631578947368421,"[0.20,0.28)",market_non_favorite,B365_OPEN,False,-1.0
2022-09-10,2022-09,D1,Ein Frankfurt,Wolfsburg,away,away,3.6,"[3.5,4.0)",0.2631578947368421,"[0.20,0.28)",market_non_favorite,B365_OPEN,True,2.6
2022-09-10,2022-09,D1,Hertha,Leverkusen,home,draw,3.6,"[3.5,4.0)",0.2635228848821082,"[0.20,0.28)",market_non_favorite,B365_OPEN,False,-1.0
2022-09-10,2022-09,D1,Hertha,Leverkusen,draw,draw,4.0,"[4.0,5.0)",0.23717059639389737,"[0.20,0.28)",market_non_favorite,B365_OPEN,True,3.0
2022-09-10,2022-09,D1,Hertha,Leverkusen,away,draw,1.9,"[1.8,2.2)",0.49930651872399445,"[0.42,0.55)",market_favorite,B365_OPEN,False,-1.0
2022-09-10,2022-09,D1,RB Leipzig,Dortmund,home,home,2.3,"[2.2,2.8)",0.41218293620292085,"[0.34,0.42)",market_favorite,B365_OPEN,True,1.2999999999999998
2022-09-10,2022-09,D1,RB Leipzig,Dortmund,draw,home,3.9,"[3.5,4.0)",0.2430822444273636,"[0.20,0.28)",market_non_favorite,B365_OPEN,False,-1.0
2022-09-10,2022-09,D1,RB Leipzig,Dortmund,away,home,2.75,"[2.2,2.8)",0.3447348193697156,"[0.34,0.42)",market_non_favorite,B365_OPEN,False,-1.0
2022-09-10,2022-09,D1,Hoffenheim,Mainz,home,home,2.25,"[2.2,2.8)",0.420899854862119,"[0.42,0.55)",market_favorite,B365_OPEN,True,1.25
2022-09-10,2022-09,D1,Hoffenheim,Mainz,draw,home,3.75,"[3.5,4.0)",0.2525399129172714,"[0.20,0.28)",market_non_favorite,B365_OPEN,False,-1.0
2022-09-10,2022-09,D1,Hoffenheim,Mainz,away,home,2.9,"[2.8,3.5)",0.3265602322206096,"[0.28,0.34)",market_non_favorite,B365_OPEN,False,-1.0
2022-09-11,2022-09,D1,FC Koln,Union Berlin,home,away,2.37,"[2.2,2.8)",0.39772498083982083,"[0.34,0.42)",market_favorite,B365_OPEN,False,-1.0
2022-09-11,2022-09,D1,FC Koln,Union Berlin,draw,away,3.4,"[2.8,3.5)",0.2772377072324634,"[0.20,0.28)",market_non_favorite,B365_OPEN,False,-1.0
2022-09-11,2022-09,D1,FC Koln,Union Berlin,away,away,2.9,"[2.8,3.5)",0.32503731192771573,"[0.28,0.34)",market_non_favorite,B365_OPEN,True,1.9
2022-09-11,2022-09,D1,Freiburg,M'gladbach,home,draw,2.0,"[1.8,2.2)",0.4701492537313433,"[0.42,0.55)",market_favorite,B365_OPEN,False,-1.0
2022-09-11,2022-09,D1,Freiburg,M'gladbach,draw,draw,3.6,"[3.5,4.0)",0.2611940298507463,"[0.20,0.28)",market_non_favorite,B365_OPEN,True,2.6
2022-09-11,2022-09,D1,Freiburg,M'gladbach,away,draw,3.5,"[3.5,4.0)",0.26865671641791045,"[0.20,0.28)",market_non_favorite,B365_OPEN,False,-1.0
2022-09-16,2022-09,D1,Mainz,Hertha,home,draw,1.72,"[1.0,1.8)",0.5472768867149485,"[0.42,0.55)",market_favorite,B365_OPEN,False,-1.0
2022-09-16,2022-09,D1,Mainz,Hertha,draw,draw,4.0,"[4.0,5.0)",0.2353290612874278,"[0.20,0.28)",market_non_favorite,B365_OPEN,True,3.0
2022-09-16,2022-09,D1,Mainz,Hertha,away,draw,4.33,"[4.0,5.0)",0.21739405199762382,"[0.20,0.28)",market_non_favorite,B365_OPEN,False,-1.0
2022-09-17,2022-09,D1,Stuttgart,Ein Frankfurt,home,away,2.25,"[2.2,2.8)",0.42217898832684825,"[0.42,0.55)",market_favorite,B365_OPEN,False,-1.0
2022-09-17,2022-09,D1,Stuttgart,Ein Frankfurt,draw,away,3.5,"[3.5,4.0)",0.2714007782101167,"[0.20,0.28)",market_non_favorite,B365_OPEN,False,-1.0
2022-09-17,2022-09,D1,Stuttgart,Ein Frankfurt,away,away,3.1,"[2.8,3.5)",0.306420233463035,"[0.28,0.34)",market_non_favorite,B365_OPEN,True,2.1
2022-09-17,2022-09,D1,M'gladbach,RB Leipzig,home,home,3.0,"[2.8,3.5)",0.3157894736842105,"[0.28,0.34)",market_non_favorite,B365_OPEN,True,2.0
2022-09-17,2022-09,D1,M'gladbach,RB Leipzig,draw,home,3.6,"[3.5,4.0)",0.2631578947368421,"[0.20,0.28)",market_non_favorite,B365_OPEN,False,-1.0
2022-09-17,2022-09,D1,M'gladbach,RB Leipzig,away,home,2.25,"[2.2,2.8)",0.42105263157894735,"[0.42,0.55)",market_favorite,B365_OPEN,False,-1.0
2022-09-17,2022-09,D1,Leverkusen,Werder Bremen,home,draw,1.61,"[1.0,1.8)",0.5903799428981247,"[0.55,1.00]",market_favorite,B365_OPEN,False,-1.0
2022-09-17,2022-09,D1,Leverkusen,Werder Bremen,draw,draw,4.33,"[4.0,5.0)",0.21951771548867918,"[0.20,0.28)",market_non_favorite,B365_OPEN,True,3.33
2022-09-17,2022-09,D1,Leverkusen,Werder Bremen,away,draw,5.0,"[5.0,7.0)",0.1901023416131962,"[0.00,0.20)",market_non_favorite,B365_OPEN,False,-1.0
2022-09-17,2022-09,D1,Dortmund,Schalke 04,home,home,1.36,"[1.0,1.8)",0.6934812760055478,"[0.55,1.00]",market_favorite,B365_OPEN,True,0.3600000000000001
2022-09-17,2022-09,D1,Dortmund,Schalke 04,draw,home,5.0,"[5.0,7.0)",0.18862690707350901,"[0.00,0.20)",market_non_favorite,B365_OPEN,False,-1.0
2022-09-17,2022-09,D1,Dortmund,Schalke 04,away,home,8.0,"[7.0,inf)",0.11789181692094314,"[0.00,0.20)",market_non_favorite,B365_OPEN,False,-1.0
2022-09-17,2022-09,D1,Augsburg,Bayern Munich,home,home,17.0,"[7.0,inf)",0.05624242424242425,"[0.00,0.20)",market_non_favorite,B365_OPEN,True,16.0
2022-09-17,2022-09,D1,Augsburg,Bayern Munich,draw,home,8.0,"[7.0,inf)",0.11951515151515152,"[0.00,0.20)",market_non_favorite,B365_OPEN,False,-1.0
2022-09-17,2022-09,D1,Augsburg,Bayern Munich,away,home,1.16,"[1.0,1.8)",0.8242424242424243,"[0.55,1.00]",market_favorite,B365_OPEN,False,-1.0
2022-09-18,2022-09,D1,Bochum,FC Koln,home,draw,3.1,"[2.8,3.5)",0.30579150579150577,"[0.28,0.34)",market_non_favorite,B365_OPEN,False,-1.0
2022-09-18,2022-09,D1,Bochum,FC Koln,draw,draw,3.6,"[3.5,4.0)",0.2633204633204633,"[0.20,0.28)",market_non_favorite,B365_OPEN,True,2.6
2022-09-18,2022-09,D1,Bochum,FC Koln,away,draw,2.2,"[2.2,2.8)",0.43088803088803085,"[0.42,0.55)",market_favorite,B365_OPEN,False,-1.0
2022-09-18,2022-09,D1,Hoffenheim,Freiburg,home,draw,2.15,"[1.8,2.2)",0.4407039020657995,"[0.42,0.55)",market_favorite,B365_OPEN,False,-1.0
2022-09-18,2022-09,D1,Hoffenheim,Freiburg,draw,draw,3.6,"[3.5,4.0)",0.2631981637337414,"[0.20,0.28)",market_non_favorite,B365_OPEN,True,2.6
2022-09-18,2022-09,D1,Hoffenheim,Freiburg,away,draw,3.2,"[2.8,3.5)",0.29609793420045905,"[0.28,0.34)",market_non_favorite,B365_OPEN,False,-1.0
2022-09-18,2022-09,D1,Union Berlin,Wolfsburg,home,home,1.95,"[1.8,2.2)",0.4830216088614491,"[0.42,0.55)",market_favorite,B365_OPEN,True,0.95
2022-09-18,2022-09,D1,Union Berlin,Wolfsburg,draw,home,3.5,"[3.5,4.0)",0.26911203922280735,"[0.20,0.28)",market_non_favorite,B365_OPEN,False,-1.0
2022-09-18,2022-09,D1,Union Berlin,Wolfsburg,away,home,3.8,"[3.5,4.0)",0.24786635191574358,"[0.20,0.28)",market_non_favorite,B365_OPEN,False,-1.0
2022-09-30,2022-09,D1,Bayern Munich,Leverkusen,home,home,1.36,"[1.0,1.8)",0.7037533512064343,"[0.55,1.00]",market_favorite,B365_OPEN,True,0.3600000000000001
2022-09-30,2022-09,D1,Bayern Munich,Leverkusen,draw,home,6.0,"[5.0,7.0)",0.15951742627345847,"[0.00,0.20)",market_non_favorite,B365_OPEN,False,-1.0
2022-09-30,2022-09,D1,Bayern Munich,Leverkusen,away,home,7.0,"[7.0,inf)",0.13672922252010725,"[0.00,0.20)",market_non_favorite,B365_OPEN,False,-1.0
2022-10-01,2022-10,D1,Wolfsburg,Stuttgart,home,home,2.4,"[2.2,2.8)",0.39471577261809454,"[0.34,0.42)",market_favorite,B365_OPEN,True,1.4
2022-10-01,2022-10,D1,Wolfsburg,Stuttgart,draw,home,3.4,"[2.8,3.5)",0.27862289831865494,"[0.20,0.28)",market_non_favorite,B365_OPEN,False,-1.0
2022-10-01,2022-10,D1,Wolfsburg,Stuttgart,away,home,2.9,"[2.8,3.5)",0.3266613290632506,"[0.28,0.34)",market_non_favorite,B365_OPEN,False,-1.0
2022-10-01,2022-10,D1,Werder Bremen,M'gladbach,home,home,2.5,"[2.2,2.8)",0.3786407766990291,"[0.34,0.42)",market_favorite,B365_OPEN,True,1.5
2022-10-01,2022-10,D1,Werder Bremen,M'gladbach,draw,home,3.9,"[3.5,4.0)",0.24271844660194178,"[0.20,0.28)",market_non_favorite,B365_OPEN,False,-1.0
2022-10-01,2022-10,D1,Werder Bremen,M'gladbach,away,home,2.5,"[2.2,2.8)",0.3786407766990291,"[0.34,0.42)",market_non_favorite,B365_OPEN,False,-1.0
2022-10-01,2022-10,D1,RB Leipzig,Bochum,home,home,1.22,"[1.0,1.8)",0.7755791985681615,"[0.55,1.00]",market_favorite,B365_OPEN,True,0.21999999999999997
2022-10-01,2022-10,D1,RB Leipzig,Bochum,draw,home,6.5,"[5.0,7.0)",0.14557024957740877,"[0.00,0.20)",market_non_favorite,B365_OPEN,False,-1.0
2022-10-01,2022-10,D1,RB Leipzig,Bochum,away,home,12.0,"[7.0,inf)",0.07885055185442974,"[0.00,0.20)",market_non_favorite,B365_OPEN,False,-1.0
2022-10-01,2022-10,D1,Freiburg,Mainz,home,home,2.1,"[1.8,2.2)",0.45434298440979953,"[0.42,0.55)",market_favorite,B365_OPEN,True,1.1
2022-10-01,2022-10,D1,Freiburg,Mainz,draw,home,3.6,"[3.5,4.0)",0.2650334075723831,"[0.20,0.28)",market_non_favorite,B365_OPEN,False,-1.0
2022-10-01,2022-10,D1,Freiburg,Mainz,away,home,3.4,"[2.8,3.5)",0.2806236080178174,"[0.28,0.34)",market_non_favorite,B365_OPEN,False,-1.0
2022-10-01,2022-10,D1,FC Koln,Dortmund,home,home,3.1,"[2.8,3.5)",0.30421072157299195,"[0.28,0.34)",market_non_favorite,B365_OPEN,True,2.1
2022-10-01,2022-10,D1,FC Koln,Dortmund,draw,home,4.0,"[4.0,5.0)",0.2357633092190688,"[0.20,0.28)",market_non_favorite,B365_OPEN,False,-1.0
2022-10-01,2022-10,D1,FC Koln,Dortmund,away,home,2.05,"[1.8,2.2)",0.46002596920793914,"[0.42,0.55)",market_favorite,B365_OPEN,False,-1.0
2022-10-01,2022-10,D1,Ein Frankfurt,Union Berlin,home,home,2.25,"[2.2,2.8)",0.42285270112708895,"[0.42,0.55)",market_favorite,B365_OPEN,True,1.25
2022-10-01,2022-10,D1,Ein Frankfurt,Union Berlin,draw,home,3.4,"[2.8,3.5)",0.27982899339292655,"[0.20,0.28)",market_non_favorite,B365_OPEN,False,-1.0
2022-10-01,2022-10,D1,Ein Frankfurt,Union Berlin,away,home,3.2,"[2.8,3.5)",0.29731830547998445,"[0.28,0.34)",market_non_favorite,B365_OPEN,False,-1.0
2022-10-02,2022-10,D1,Hertha,Hoffenheim,home,draw,2.75,"[2.2,2.8)",0.3455818022747157,"[0.34,0.42)",market_non_favorite,B365_OPEN,False,-1.0
2022-10-02,2022-10,D1,Hertha,Hoffenheim,draw,draw,3.75,"[3.5,4.0)",0.25342665500145817,"[0.20,0.28)",market_non_favorite,B365_OPEN,True,2.75
2022-10-02,2022-10,D1,Hertha,Hoffenheim,away,draw,2.37,"[2.2,2.8)",0.40099154272382614,"[0.34,0.42)",market_favorite,B365_OPEN,False,-1.0
2022-10-02,2022-10,D1,Schalke 04,Augsburg,home,away,1.95,"[1.8,2.2)",0.4866595517609392,"[0.42,0.55)",market_favorite,B365_OPEN,False,-1.0
2022-10-02,2022-10,D1,Schalke 04,Augsburg,draw,away,3.8,"[3.5,4.0)",0.24973319103521877,"[0.20,0.28)",market_non_favorite,B365_OPEN,False,-1.0
2022-10-02,2022-10,D1,Schalke 04,Augsburg,away,away,3.6,"[3.5,4.0)",0.26360725720384204,"[0.20,0.28)",market_non_favorite,B365_OPEN,True,2.6
2022-10-07,2022-10,D1,Hoffenheim,Werder Bremen,home,away,1.95,"[1.8,2.2)",0.4830216088614491,"[0.42,0.55)",market_favorite,B365_OPEN,False,-1.0
2022-10-07,2022-10,D1,Hoffenheim,Werder Bremen,draw,away,3.8,"[3.5,4.0)",0.24786635191574358,"[0.20,0.28)",market_non_favorite,B365_OPEN,False,-1.0
2022-10-07,2022-10,D1,Hoffenheim,Werder Bremen,away,away,3.5,"[3.5,4.0)",0.26911203922280735,"[0.20,0.28)",market_non_favorite,B365_OPEN,True,2.5
2022-10-08,2022-10,D1,Mainz,RB Leipzig,home,draw,3.0,"[2.8,3.5)",0.3187066974595843,"[0.28,0.34)",market_non_favorite,B365_OPEN,False,-1.0
2022-10-08,2022-10,D1,Mainz,RB Leipzig,draw,draw,3.6,"[3.5,4.0)",0.2655889145496536,"[0.20,0.28)",market_non_favorite,B365_OPEN,True,2.6
2022-10-08,2022-10,D1,Mainz,RB Leipzig,away,draw,2.3,"[2.2,2.8)",0.41570438799076215,"[0.34,0.42)",market_favorite,B365_OPEN,False,-1.0
2022-10-08,2022-10,D1,Leverkusen,Schalke 04,home,home,1.45,"[1.0,1.8)",0.6538661131292164,"[0.55,1.00]",market_favorite,B365_OPEN,True,0.44999999999999996
2022-10-08,2022-10,D1,Leverkusen,Schalke 04,draw,home,4.5,"[4.0,5.0)",0.21069019200830302,"[0.20,0.28)",market_non_favorite,B365_OPEN,False,-1.0
2022-10-08,2022-10,D1,Leverkusen,Schalke 04,away,home,7.0,"[7.0,inf)",0.13544369486248053,"[0.00,0.20)",market_non_favorite,B365_OPEN,False,-1.0
2022-10-08,2022-10,D1,Dortmund,Bayern Munich,home,draw,4.33,"[4.0,5.0)",0.22046723582610164,"[0.20,0.28)",market_non_favorite,B365_OPEN,False,-1.0
2022-10-08,2022-10,D1,Dortmund,Bayern Munich,draw,draw,4.75,"[4.0,5.0)",0.20097329076358317,"[0.20,0.28)",market_non_favorite,B365_OPEN,True,3.75
2022-10-08,2022-10,D1,Dortmund,Bayern Munich,away,draw,1.65,"[1.0,1.8)",0.5785594734103152,"[0.55,1.00]",market_favorite,B365_OPEN,False,-1.0
2022-10-08,2022-10,D1,Bochum,Ein Frankfurt,home,home,3.75,"[3.5,4.0)",0.25249169435215946,"[0.20,0.28)",market_non_favorite,B365_OPEN,True,2.75
2022-10-08,2022-10,D1,Bochum,Ein Frankfurt,draw,home,3.8,"[3.5,4.0)",0.24916943521594684,"[0.20,0.28)",market_non_favorite,B365_OPEN,False,-1.0
2022-10-08,2022-10,D1,Bochum,Ein Frankfurt,away,home,1.9,"[1.8,2.2)",0.4983388704318937,"[0.42,0.55)",market_favorite,B365_OPEN,False,-1.0
2022-10-08,2022-10,D1,Augsburg,Wolfsburg,home,draw,2.9,"[2.8,3.5)",0.3266613290632506,"[0.28,0.34)",market_non_favorite,B365_OPEN,False,-1.0
2022-10-08,2022-10,D1,Augsburg,Wolfsburg,draw,draw,3.4,"[2.8,3.5)",0.27862289831865494,"[0.20,0.28)",market_non_favorite,B365_OPEN,True,2.4
2022-10-08,2022-10,D1,Augsburg,Wolfsburg,away,draw,2.4,"[2.2,2.8)",0.39471577261809454,"[0.34,0.42)",market_favorite,B365_OPEN,False,-1.0
2022-10-09,2022-10,D1,Hertha,Freiburg,home,draw,3.0,"[2.8,3.5)",0.3163064833005894,"[0.28,0.34)",market_non_favorite,B365_OPEN,False,-1.0
2022-10-09,2022-10,D1,Hertha,Freiburg,draw,draw,3.5,"[3.5,4.0)",0.27111984282907664,"[0.20,0.28)",market_non_favorite,B365_OPEN,True,2.5
2022-10-09,2022-10,D1,Hertha,Freiburg,away,draw,2.3,"[2.2,2.8)",0.41257367387033406,"[0.34,0.42)",market_favorite,B365_OPEN,False,-1.0
2022-10-09,2022-10,D1,M'gladbach,FC Koln,home,home,1.95,"[1.8,2.2)",0.4850444624090542,"[0.42,0.55)",market_favorite,B365_OPEN,True,0.95
2022-10-09,2022-10,D1,M'gladbach,FC Koln,draw,home,3.75,"[3.5,4.0)",0.25222312045270817,"[0.20,0.28)",market_non_favorite,B365_OPEN,False,-1.0
2022-10-09,2022-10,D1,M'gladbach,FC Koln,away,home,3.6,"[3.5,4.0)",0.2627324171382377,"[0.20,0.28)",market_non_favorite,B365_OPEN,False,-1.0
2022-10-09,2022-10,D1,Stuttgart,Union Berlin,home,away,2.55,"[2.2,2.8)",0.3701111568546727,"[0.34,0.42)",market_favorite,B365_OPEN,False,-1.0
2022-10-09,2022-10,D1,Stuttgart,Union Berlin,draw,away,3.1,"[2.8,3.5)",0.3044462741869082,"[0.28,0.34)",market_non_favorite,B365_OPEN,False,-1.0
2022-10-09,2022-10,D1,Stuttgart,Union Berlin,away,away,2.9,"[2.8,3.5)",0.3254425689584191,"[0.28,0.34)",market_non_favorite,B365_OPEN,True,1.9
2022-10-14,2022-10,D1,Schalke 04,Hoffenheim,home,away,3.6,"[3.5,4.0)",0.26360725720384204,"[0.20,0.28)",market_non_favorite,B365_OPEN,False,-1.0
2022-10-14,2022-10,D1,Schalke 04,Hoffenheim,draw,away,3.8,"[3.5,4.0)",0.24973319103521877,"[0.20,0.28)",market_non_favorite,B365_OPEN,False,-1.0
2022-10-14,2022-10,D1,Schalke 04,Hoffenheim,away,away,1.95,"[1.8,2.2)",0.4866595517609392,"[0.42,0.55)",market_favorite,B365_OPEN,True,0.95
2022-10-15,2022-10,D1,Wolfsburg,M'gladbach,home,draw,2.62,"[2.2,2.8)",0.36280998325492386,"[0.34,0.42)",market_non_favorite,B365_OPEN,False,-1.0
2022-10-15,2022-10,D1,Wolfsburg,M'gladbach,draw,draw,3.5,"[3.5,4.0)",0.27158918746511446,"[0.20,0.28)",market_non_favorite,B365_OPEN,True,2.5
2022-10-15,2022-10,D1,Wolfsburg,M'gladbach,away,draw,2.6,"[2.2,2.8)",0.36560082927996174,"[0.34,0.42)",market_favorite,B365_OPEN,False,-1.0
2022-10-15,2022-10,D1,Werder Bremen,Mainz,home,away,2.37,"[2.2,2.8)",0.4025574789896322,"[0.34,0.42)",market_favorite,B365_OPEN,False,-1.0
2022-10-15,2022-10,D1,Werder Bremen,Mainz,draw,away,3.6,"[3.5,4.0)",0.2650170070015079,"[0.20,0.28)",market_non_favorite,B365_OPEN,False,-1.0
2022-10-15,2022-10,D1,Werder Bremen,Mainz,away,away,2.87,"[2.8,3.5)",0.33242551400886,"[0.28,0.34)",market_non_favorite,B365_OPEN,True,1.87
2022-10-15,2022-10,D1,Stuttgart,Bochum,home,home,1.65,"[1.0,1.8)",0.5791106514994829,"[0.55,1.00]",market_favorite,B365_OPEN,True,0.6499999999999999
2022-10-15,2022-10,D1,Stuttgart,Bochum,draw,home,4.0,"[4.0,5.0)",0.2388831437435367,"[0.20,0.28)",market_non_favorite,B365_OPEN,False,-1.0
2022-10-15,2022-10,D1,Stuttgart,Bochum,away,home,5.25,"[5.0,7.0)",0.18200620475698032,"[0.00,0.20)",market_non_favorite,B365_OPEN,False,-1.0
2022-10-15,2022-10,D1,RB Leipzig,Hertha,home,home,1.4,"[1.0,1.8)",0.6756756756756757,"[0.55,1.00]",market_favorite,B365_OPEN,True,0.3999999999999999
2022-10-15,2022-10,D1,RB Leipzig,Hertha,draw,home,5.0,"[5.0,7.0)",0.1891891891891892,"[0.00,0.20)",market_non_favorite,B365_OPEN,False,-1.0
2022-10-15,2022-10,D1,RB Leipzig,Hertha,away,home,7.0,"[7.0,inf)",0.13513513513513511,"[0.00,0.20)",market_non_favorite,B365_OPEN,False,-1.0
2022-10-15,2022-10,D1,Ein Frankfurt,Leverkusen,home,home,2.75,"[2.2,2.8)",0.346459785917706,"[0.34,0.42)",market_non_favorite,B365_OPEN,True,1.75
2022-10-15,2022-10,D1,Ein Frankfurt,Leverkusen,draw,home,3.6,"[3.5,4.0)",0.26465678090935874,"[0.20,0.28)",market_non_favorite,B365_OPEN,False,-1.0
2022-10-15,2022-10,D1,Ein Frankfurt,Leverkusen,away,home,2.45,"[2.2,2.8)",0.3888834331729352,"[0.34,0.42)",market_favorite,B365_OPEN,False,-1.0
2022-10-16,2022-10,D1,Bayern Munich,Freiburg,home,home,1.25,"[1.0,1.8)",0.7512038523274479,"[0.55,1.00]",market_favorite,B365_OPEN,True,0.25
2022-10-16,2022-10,D1,Bayern Munich,Freiburg,draw,home,6.5,"[5.0,7.0)",0.14446227929373998,"[0.00,0.20)",market_non_favorite,B365_OPEN,False,-1.0
2022-10-16,2022-10,D1,Bayern Munich,Freiburg,away,home,9.0,"[7.0,inf)",0.1043338683788122,"[0.00,0.20)",market_non_favorite,B365_OPEN,False,-1.0
2022-10-16,2022-10,D1,FC Koln,Augsburg,home,home,1.66,"[1.0,1.8)",0.5724098454493417,"[0.55,1.00]",market_favorite,B365_OPEN,True,0.6599999999999999
2022-10-16,2022-10,D1,FC Koln,Augsburg,draw,home,4.0,"[4.0,5.0)",0.2375500858614768,"[0.20,0.28)",market_non_favorite,B365_OPEN,False,-1.0
2022-10-16,2022-10,D1,FC Koln,Augsburg,away,home,5.0,"[5.0,7.0)",0.19004006868918144,"[0.00,0.20)",market_non_favorite,B365_OPEN,False,-1.0
2022-10-16,2022-10,D1,Union Berlin,Dortmund,home,home,2.9,"[2.8,3.5)",0.32763251441662067,"[0.28,0.34)",market_non_favorite,B365_OPEN,True,1.9
2022-10-16,2022-10,D1,Union Berlin,Dortmund,draw,home,3.5,"[3.5,4.0)",0.2714669405166285,"[0.20,0.28)",market_non_favorite,B365_OPEN,False,-1.0
2022-10-16,2022-10,D1,Union Berlin,Dortmund,away,home,2.37,"[2.2,2.8)",0.40090054506675094,"[0.34,0.42)",market_favorite,B365_OPEN,False,-1.0
2022-10-21,2022-10,D1,Mainz,FC Koln,home,home,2.15,"[1.8,2.2)",0.43940125543215836,"[0.42,0.55)",market_favorite,B365_OPEN,True,1.15
2022-10-21,2022-10,D1,Mainz,FC Koln,draw,home,3.5,"[3.5,4.0)",0.269917914051183,"[0.20,0.28)",market_non_favorite,B365_OPEN,False,-1.0
2022-10-21,2022-10,D1,Mainz,FC Koln,away,home,3.25,"[2.8,3.5)",0.2906808305166586,"[0.28,0.34)",market_non_favorite,B365_OPEN,False,-1.0
2022-10-22,2022-10,D1,Hoffenheim,Bayern Munich,home,away,5.5,"[5.0,7.0)",0.17341040462427748,"[0.00,0.20)",market_non_favorite,B365_OPEN,False,-1.0
2022-10-22,2022-10,D1,Hoffenheim,Bayern Munich,draw,away,5.0,"[5.0,7.0)",0.19075144508670525,"[0.00,0.20)",market_non_favorite,B365_OPEN,False,-1.0
2022-10-22,2022-10,D1,Hoffenheim,Bayern Munich,away,away,1.5,"[1.0,1.8)",0.6358381502890174,"[0.55,1.00]",market_favorite,B365_OPEN,True,0.5
2022-10-22,2022-10,D1,Freiburg,Werder Bremen,home,home,1.9,"[1.8,2.2)",0.4983388704318937,"[0.42,0.55)",market_favorite,B365_OPEN,True,0.8999999999999999
2022-10-22,2022-10,D1,Freiburg,Werder Bremen,draw,home,3.75,"[3.5,4.0)",0.25249169435215946,"[0.20,0.28)",market_non_favorite,B365_OPEN,False,-1.0
2022-10-22,2022-10,D1,Freiburg,Werder Bremen,away,home,3.8,"[3.5,4.0)",0.24916943521594684,"[0.20,0.28)",market_non_favorite,B365_OPEN,False,-1.0
2022-10-22,2022-10,D1,Dortmund,Stuttgart,home,home,1.53,"[1.0,1.8)",0.6248878789690845,"[0.55,1.00]",market_favorite,B365_OPEN,True,0.53
2022-10-22,2022-10,D1,Dortmund,Stuttgart,draw,home,4.75,"[4.0,5.0)",0.20127967469951563,"[0.20,0.28)",market_non_favorite,B365_OPEN,False,-1.0
2022-10-22,2022-10,D1,Dortmund,Stuttgart,away,home,5.5,"[5.0,7.0)",0.17383244633139988,"[0.00,0.20)",market_non_favorite,B365_OPEN,False,-1.0
2022-10-22,2022-10,D1,Augsburg,RB Leipzig,home,draw,5.5,"[5.0,7.0)",0.17320838460970087,"[0.00,0.20)",market_non_favorite,B365_OPEN,False,-1.0
2022-10-22,2022-10,D1,Augsburg,RB Leipzig,draw,draw,4.33,"[4.0,5.0)",0.2200106501970796,"[0.20,0.28)",market_non_favorite,B365_OPEN,True,3.33
2022-10-22,2022-10,D1,Augsburg,RB Leipzig,away,draw,1.57,"[1.0,1.8)",0.6067809651932196,"[0.55,1.00]",market_favorite,B365_OPEN,False,-1.0
2022-10-22,2022-10,D1,Leverkusen,Wolfsburg,home,draw,1.7,"[1.0,1.8)",0.5609973285841496,"[0.55,1.00]",market_favorite,B365_OPEN,False,-1.0
2022-10-22,2022-10,D1,Leverkusen,Wolfsburg,draw,draw,4.2,"[4.0,5.0)",0.22707034728406053,"[0.20,0.28)",market_non_favorite,B365_OPEN,True,3.2
2022-10-22,2022-10,D1,Leverkusen,Wolfsburg,away,draw,4.5,"[4.0,5.0)",0.21193232413178983,"[0.20,0.28)",market_non_favorite,B365_OPEN,False,-1.0
2022-10-22,2022-10,D1,M'gladbach,Ein Frankfurt,home,away,2.3,"[2.2,2.8)",0.414125478577063,"[0.34,0.42)",market_favorite,B365_OPEN,False,-1.0
2022-10-22,2022-10,D1,M'gladbach,Ein Frankfurt,draw,away,3.75,"[3.5,4.0)",0.253996960193932,"[0.20,0.28)",market_non_favorite,B365_OPEN,False,-1.0
2022-10-22,2022-10,D1,M'gladbach,Ein Frankfurt,away,away,2.87,"[2.8,3.5)",0.33187756122900514,"[0.28,0.34)",market_non_favorite,B365_OPEN,True,1.87
2022-10-23,2022-10,D1,Bochum,Union Berlin,home,home,4.33,"[4.0,5.0)",0.21966064810092148,"[0.20,0.28)",market_non_favorite,B365_OPEN,True,3.33
2022-10-23,2022-10,D1,Bochum,Union Berlin,draw,home,3.4,"[2.8,3.5)",0.2797442959638206,"[0.20,0.28)",market_non_favorite,B365_OPEN,False,-1.0
2022-10-23,2022-10,D1,Bochum,Union Berlin,away,home,1.9,"[1.8,2.2)",0.5005950559352579,"[0.42,0.55)",market_favorite,B365_OPEN,False,-1.0
2022-10-23,2022-10,D1,Hertha,Schalke 04,home,home,1.75,"[1.0,1.8)",0.5449330783938815,"[0.42,0.55)",market_favorite,B365_OPEN,True,0.75
2022-10-23,2022-10,D1,Hertha,Schalke 04,draw,home,3.75,"[3.5,4.0)",0.25430210325047803,"[0.20,0.28)",market_non_favorite,B365_OPEN,False,-1.0
2022-10-23,2022-10,D1,Hertha,Schalke 04,away,home,4.75,"[4.0,5.0)",0.20076481835564056,"[0.20,0.28)",market_non_favorite,B365_OPEN,False,-1.0
2022-10-28,2022-10,D1,Werder Bremen,Hertha,home,home,2.0,"[1.8,2.2)",0.47291361639824303,"[0.42,0.55)",market_favorite,B365_OPEN,True,1.0
2022-10-28,2022-10,D1,Werder Bremen,Hertha,draw,home,3.8,"[3.5,4.0)",0.24890190336749632,"[0.20,0.28)",market_non_favorite,B365_OPEN,False,-1.0
2022-10-28,2022-10,D1,Werder Bremen,Hertha,away,home,3.4,"[2.8,3.5)",0.2781844802342606,"[0.20,0.28)",market_non_favorite,B365_OPEN,False,-1.0
2022-10-29,2022-10,D1,Wolfsburg,Bochum,home,home,1.65,"[1.0,1.8)",0.5746381507885073,"[0.55,1.00]",market_favorite,B365_OPEN,True,0.6499999999999999
2022-10-29,2022-10,D1,Wolfsburg,Bochum,draw,home,4.2,"[4.0,5.0)",0.22575070209548498,"[0.20,0.28)",market_non_favorite,B365_OPEN,False,-1.0
2022-10-29,2022-10,D1,Wolfsburg,Bochum,away,home,4.75,"[4.0,5.0)",0.19961114711600778,"[0.00,0.20)",market_non_favorite,B365_OPEN,False,-1.0
2022-10-29,2022-10,D1,Stuttgart,Augsburg,home,home,1.8,"[1.8,2.2)",0.5292717447246527,"[0.42,0.55)",market_favorite,B365_OPEN,True,0.8
2022-10-29,2022-10,D1,Stuttgart,Augsburg,draw,home,3.8,"[3.5,4.0)",0.2507076685537828,"[0.20,0.28)",market_non_favorite,B365_OPEN,False,-1.0
2022-10-29,2022-10,D1,Stuttgart,Augsburg,away,home,4.33,"[4.0,5.0)",0.22002058672156458,"[0.20,0.28)",market_non_favorite,B365_OPEN,False,-1.0
2022-10-29,2022-10,D1,RB Leipzig,Leverkusen,home,home,1.8,"[1.8,2.2)",0.5293737895416398,"[0.42,0.55)",market_favorite,B365_OPEN,True,0.8
2022-10-29,2022-10,D1,RB Leipzig,Leverkusen,draw,home,4.0,"[4.0,5.0)",0.23821820529373788,"[0.20,0.28)",market_non_favorite,B365_OPEN,False,-1.0
2022-10-29,2022-10,D1,RB Leipzig,Leverkusen,away,home,4.1,"[4.0,5.0)",0.23240800516462234,"[0.20,0.28)",market_non_favorite,B365_OPEN,False,-1.0
2022-10-29,2022-10,D1,Ein Frankfurt,Dortmund,home,away,2.75,"[2.2,2.8)",0.3473227206946455,"[0.34,0.42)",market_non_favorite,B365_OPEN,False,-1.0
2022-10-29,2022-10,D1,Ein Frankfurt,Dortmund,draw,away,3.75,"[3.5,4.0)",0.2547033285094067,"[0.20,0.28)",market_non_favorite,B365_OPEN,False,-1.0
2022-10-29,2022-10,D1,Ein Frankfurt,Dortmund,away,away,2.4,"[2.2,2.8)",0.39797395079594794,"[0.34,0.42)",market_favorite,B365_OPEN,True,1.4
2022-10-29,2022-10,D1,Bayern Munich,Mainz,home,home,1.25,"[1.0,1.8)",0.7657295850066934,"[0.55,1.00]",market_favorite,B365_OPEN,True,0.25
2022-10-29,2022-10,D1,Bayern Munich,Mainz,draw,home,6.5,"[5.0,7.0)",0.14725568942436412,"[0.00,0.20)",market_non_favorite,B365_OPEN,False,-1.0
2022-10-29,2022-10,D1,Bayern Munich,Mainz,away,home,11.0,"[7.0,inf)",0.08701472556894244,"[0.00,0.20)",market_non_favorite,B365_OPEN,False,-1.0
2022-10-30,2022-10,D1,FC Koln,Hoffenheim,home,draw,2.9,"[2.8,3.5)",0.32763251441662067,"[0.28,0.34)",market_non_favorite,B365_OPEN,False,-1.0
2022-10-30,2022-10,D1,FC Koln,Hoffenheim,draw,draw,3.5,"[3.5,4.0)",0.2714669405166285,"[0.20,0.28)",market_non_favorite,B365_OPEN,True,2.5
2022-10-30,2022-10,D1,FC Koln,Hoffenheim,away,draw,2.37,"[2.2,2.8)",0.40090054506675094,"[0.34,0.42)",market_favorite,B365_OPEN,False,-1.0
2022-10-30,2022-10,D1,Schalke 04,Freiburg,home,away,4.0,"[4.0,5.0)",0.23969722455845247,"[0.20,0.28)",market_non_favorite,B365_OPEN,False,-1.0
2022-10-30,2022-10,D1,Schalke 04,Freiburg,draw,away,3.75,"[3.5,4.0)",0.255677039529016,"[0.20,0.28)",market_non_favorite,B365_OPEN,False,-1.0
2022-10-30,2022-10,D1,Schalke 04,Freiburg,away,away,1.9,"[1.8,2.2)",0.5046257359125315,"[0.42,0.55)",market_favorite,B365_OPEN,True,0.8999999999999999
2022-10-30,2022-10,D1,Union Berlin,M'gladbach,home,home,2.05,"[1.8,2.2)",0.46676300578034685,"[0.42,0.55)",market_favorite,B365_OPEN,True,1.0499999999999998
2022-10-30,2022-10,D1,Union Berlin,M'gladbach,draw,home,3.4,"[2.8,3.5)",0.2814306358381503,"[0.28,0.34)",market_non_favorite,B365_OPEN,False,-1.0
2022-10-30,2022-10,D1,Union Berlin,M'gladbach,away,home,3.8,"[3.5,4.0)",0.2518063583815029,"[0.20,0.28)",market_non_favorite,B365_OPEN,False,-1.0
2022-11-04,2022-11,D1,M'gladbach,Stuttgart,home,home,2.15,"[1.8,2.2)",0.44113461720899344,"[0.42,0.55)",market_favorite,B365_OPEN,True,1.15
2022-11-04,2022-11,D1,M'gladbach,Stuttgart,draw,home,3.75,"[3.5,4.0)",0.25291718053315626,"[0.20,0.28)",market_non_favorite,B365_OPEN,False,-1.0
2022-11-04,2022-11,D1,M'gladbach,Stuttgart,away,home,3.1,"[2.8,3.5)",0.3059482022578503,"[0.28,0.34)",market_non_favorite,B365_OPEN,False,-1.0
2022-11-05,2022-11,D1,Werder Bremen,Schalke 04,home,home,1.65,"[1.0,1.8)",0.5721710787120644,"[0.55,1.00]",market_favorite,B365_OPEN,True,0.6499999999999999
2022-11-05,2022-11,D1,Werder Bremen,Schalke 04,draw,home,4.33,"[4.0,5.0)",0.21803285909351183,"[0.20,0.28)",market_non_favorite,B365_OPEN,False,-1.0
2022-11-05,2022-11,D1,Werder Bremen,Schalke 04,away,home,4.5,"[4.0,5.0)",0.20979606219442362,"[0.20,0.28)",market_non_favorite,B365_OPEN,False,-1.0
2022-11-05,2022-11,D1,Mainz,Wolfsburg,home,away,2.0,"[1.8,2.2)",0.4751131221719457,"[0.42,0.55)",market_favorite,B365_OPEN,False,-1.0
2022-11-05,2022-11,D1,Mainz,Wolfsburg,draw,away,3.75,"[3.5,4.0)",0.25339366515837103,"[0.20,0.28)",market_non_favorite,B365_OPEN,False,-1.0
2022-11-05,2022-11,D1,Mainz,Wolfsburg,away,away,3.5,"[3.5,4.0)",0.27149321266968324,"[0.20,0.28)",market_non_favorite,B365_OPEN,True,2.5
2022-11-05,2022-11,D1,Hoffenheim,RB Leipzig,home,away,2.9,"[2.8,3.5)",0.3265602322206096,"[0.28,0.34)",market_non_favorite,B365_OPEN,False,-1.0
2022-11-05,2022-11,D1,Hoffenheim,RB Leipzig,draw,away,3.75,"[3.5,4.0)",0.2525399129172714,"[0.20,0.28)",market_non_favorite,B365_OPEN,False,-1.0
2022-11-05,2022-11,D1,Hoffenheim,RB Leipzig,away,away,2.25,"[2.2,2.8)",0.420899854862119,"[0.42,0.55)",market_favorite,B365_OPEN,True,1.25
2022-11-05,2022-11,D1,Hertha,Bayern Munich,home,away,10.0,"[7.0,inf)",0.09489051094890512,"[0.00,0.20)",market_non_favorite,B365_OPEN,False,-1.0
2022-11-05,2022-11,D1,Hertha,Bayern Munich,draw,away,6.5,"[5.0,7.0)",0.14598540145985403,"[0.00,0.20)",market_non_favorite,B365_OPEN,False,-1.0
2022-11-05,2022-11,D1,Hertha,Bayern Munich,away,away,1.25,"[1.0,1.8)",0.759124087591241,"[0.55,1.00]",market_favorite,B365_OPEN,True,0.25
2022-11-05,2022-11,D1,Dortmund,Bochum,home,home,1.22,"[1.0,1.8)",0.7780921584478576,"[0.55,1.00]",market_favorite,B365_OPEN,True,0.21999999999999997
2022-11-05,2022-11,D1,Dortmund,Bochum,draw,home,7.0,"[7.0,inf)",0.13561034761519805,"[0.00,0.20)",market_non_favorite,B365_OPEN,False,-1.0
2022-11-05,2022-11,D1,Dortmund,Bochum,away,home,11.0,"[7.0,inf)",0.08629749393694422,"[0.00,0.20)",market_non_favorite,B365_OPEN,False,-1.0
2022-11-05,2022-11,D1,Augsburg,Ein Frankfurt,home,away,4.33,"[4.0,5.0)",0.21739405199762382,"[0.20,0.28)",market_non_favorite,B365_OPEN,False,-1.0
2022-11-05,2022-11,D1,Augsburg,Ein Frankfurt,draw,away,4.0,"[4.0,5.0)",0.2353290612874278,"[0.20,0.28)",market_non_favorite,B365_OPEN,False,-1.0
2022-11-05,2022-11,D1,Augsburg,Ein Frankfurt,away,away,1.72,"[1.0,1.8)",0.5472768867149485,"[0.42,0.55)",market_favorite,B365_OPEN,True,0.72
2022-11-06,2022-11,D1,Freiburg,FC Koln,home,home,1.7,"[1.0,1.8)",0.5608856088560886,"[0.55,1.00]",market_favorite,B365_OPEN,True,0.7
2022-11-06,2022-11,D1,Freiburg,FC Koln,draw,home,4.0,"[4.0,5.0)",0.23837638376383766,"[0.20,0.28)",market_non_favorite,B365_OPEN,False,-1.0
2022-11-06,2022-11,D1,Freiburg,FC Koln,away,home,4.75,"[4.0,5.0)",0.2007380073800738,"[0.20,0.28)",market_non_favorite,B365_OPEN,False,-1.0
2022-11-06,2022-11,D1,Leverkusen,Union Berlin,home,home,2.15,"[1.8,2.2)",0.44155844155844154,"[0.42,0.55)",market_favorite,B365_OPEN,True,1.15
2022-11-06,2022-11,D1,Leverkusen,Union Berlin,draw,home,3.4,"[2.8,3.5)",0.2792207792207792,"[0.20,0.28)",market_non_favorite,B365_OPEN,False,-1.0
2022-11-06,2022-11,D1,Leverkusen,Union Berlin,away,home,3.4,"[2.8,3.5)",0.2792207792207792,"[0.20,0.28)",market_non_favorite,B365_OPEN,False,-1.0
2022-11-08,2022-11,D1,Bayern Munich,Werder Bremen,home,home,1.14,"[1.0,1.8)",0.8361204013377925,"[0.55,1.00]",market_favorite,B365_OPEN,True,0.1399999999999999
2022-11-08,2022-11,D1,Bayern Munich,Werder Bremen,draw,home,9.5,"[7.0,inf)",0.10033444816053509,"[0.00,0.20)",market_non_favorite,B365_OPEN,False,-1.0
2022-11-08,2022-11,D1,Bayern Munich,Werder Bremen,away,home,15.0,"[7.0,inf)",0.06354515050167223,"[0.00,0.20)",market_non_favorite,B365_OPEN,False,-1.0
2022-11-08,2022-11,D1,Bochum,M'gladbach,home,home,3.2,"[2.8,3.5)",0.29971455756422455,"[0.28,0.34)",market_non_favorite,B365_OPEN,True,2.2
2022-11-08,2022-11,D1,Bochum,M'gladbach,draw,home,3.5,"[3.5,4.0)",0.27402473834443386,"[0.20,0.28)",market_non_favorite,B365_OPEN,False,-1.0
2022-11-08,2022-11,D1,Bochum,M'gladbach,away,home,2.25,"[2.2,2.8)",0.42626070409134154,"[0.42,0.55)",market_favorite,B365_OPEN,False,-1.0
2022-11-08,2022-11,D1,Stuttgart,Hertha,home,home,1.95,"[1.8,2.2)",0.49184571576494956,"[0.42,0.55)",market_favorite,B365_OPEN,True,0.95
2022-11-08,2022-11,D1,Stuttgart,Hertha,draw,home,3.8,"[3.5,4.0)",0.2523945120372767,"[0.20,0.28)",market_non_favorite,B365_OPEN,False,-1.0
2022-11-08,2022-11,D1,Stuttgart,Hertha,away,home,3.75,"[3.5,4.0)",0.25575977219777374,"[0.20,0.28)",market_non_favorite,B365_OPEN,False,-1.0
2022-11-08,2022-11,D1,Wolfsburg,Dortmund,home,home,3.1,"[2.8,3.5)",0.30579150579150577,"[0.28,0.34)",market_non_favorite,B365_OPEN,True,2.1
2022-11-08,2022-11,D1,Wolfsburg,Dortmund,draw,home,3.6,"[3.5,4.0)",0.2633204633204633,"[0.20,0.28)",market_non_favorite,B365_OPEN,False,-1.0
2022-11-08,2022-11,D1,Wolfsburg,Dortmund,away,home,2.2,"[2.2,2.8)",0.43088803088803085,"[0.42,0.55)",market_favorite,B365_OPEN,False,-1.0
2022-11-09,2022-11,D1,Ein Frankfurt,Hoffenheim,home,home,1.9,"[1.8,2.2)",0.4983388704318937,"[0.42,0.55)",market_favorite,B365_OPEN,True,0.8999999999999999
2022-11-09,2022-11,D1,Ein Frankfurt,Hoffenheim,draw,home,3.8,"[3.5,4.0)",0.24916943521594684,"[0.20,0.28)",market_non_favorite,B365_OPEN,False,-1.0
2022-11-09,2022-11,D1,Ein Frankfurt,Hoffenheim,away,home,3.75,"[3.5,4.0)",0.25249169435215946,"[0.20,0.28)",market_non_favorite,B365_OPEN,False,-1.0
2022-11-09,2022-11,D1,FC Koln,Leverkusen,home,away,3.0,"[2.8,3.5)",0.3160919540229885,"[0.28,0.34)",market_non_favorite,B365_OPEN,False,-1.0
2022-11-09,2022-11,D1,FC Koln,Leverkusen,draw,away,3.75,"[3.5,4.0)",0.25287356321839083,"[0.20,0.28)",market_non_favorite,B365_OPEN,False,-1.0
2022-11-09,2022-11,D1,FC Koln,Leverkusen,away,away,2.2,"[2.2,2.8)",0.4310344827586207,"[0.42,0.55)",market_favorite,B365_OPEN,True,1.2000000000000002
2022-11-09,2022-11,D1,RB Leipzig,Freiburg,home,home,1.72,"[1.0,1.8)",0.5518087063151441,"[0.55,1.00]",market_favorite,B365_OPEN,True,0.72
2022-11-09,2022-11,D1,RB Leipzig,Freiburg,draw,home,4.0,"[4.0,5.0)",0.23727774371551194,"[0.20,0.28)",market_non_favorite,B365_OPEN,False,-1.0
2022-11-09,2022-11,D1,RB Leipzig,Freiburg,away,home,4.5,"[4.0,5.0)",0.21091354996934394,"[0.20,0.28)",market_non_favorite,B365_OPEN,False,-1.0
2022-11-09,2022-11,D1,Schalke 04,Mainz,home,home,3.4,"[2.8,3.5)",0.2804889172671714,"[0.28,0.34)",market_non_favorite,B365_OPEN,True,2.4
2022-11-09,2022-11,D1,Schalke 04,Mainz,draw,home,3.75,"[3.5,4.0)",0.25430995165556874,"[0.20,0.28)",market_non_favorite,B365_OPEN,False,-1.0
2022-11-09,2022-11,D1,Schalke 04,Mainz,away,home,2.05,"[1.8,2.2)",0.4652011310772599,"[0.42,0.55)",market_favorite,B365_OPEN,False,-1.0
2022-11-09,2022-11,D1,Union Berlin,Augsburg,home,draw,1.55,"[1.0,1.8)",0.6144842721287491,"[0.55,1.00]",market_favorite,B365_OPEN,False,-1.0
2022-11-09,2022-11,D1,Union Berlin,Augsburg,draw,draw,4.2,"[4.0,5.0)",0.22677395757132407,"[0.20,0.28)",market_non_favorite,B365_OPEN,True,3.2
2022-11-09,2022-11,D1,Union Berlin,Augsburg,away,draw,6.0,"[5.0,7.0)",0.15874177029992684,"[0.00,0.20)",market_non_favorite,B365_OPEN,False,-1.0
2022-11-11,2022-11,D1,M'gladbach,Dortmund,home,home,3.2,"[2.8,3.5)",0.3041018387553041,"[0.28,0.34)",market_non_favorite,B365_OPEN,True,2.2
2022-11-11,2022-11,D1,M'gladbach,Dortmund,draw,home,4.0,"[4.0,5.0)",0.2432814710042433,"[0.20,0.28)",market_non_favorite,B365_OPEN,False,-1.0
2022-11-11,2022-11,D1,M'gladbach,Dortmund,away,home,2.15,"[1.8,2.2)",0.45261669024045265,"[0.42,0.55)",market_favorite,B365_OPEN,False,-1.0
2022-11-12,2022-11,D1,Werder Bremen,RB Leipzig,home,away,3.6,"[3.5,4.0)",0.2635228848821082,"[0.20,0.28)",market_non_favorite,B365_OPEN,False,-1.0
2022-11-12,2022-11,D1,Werder Bremen,RB Leipzig,draw,away,4.0,"[4.0,5.0)",0.23717059639389737,"[0.20,0.28)",market_non_favorite,B365_OPEN,False,-1.0
2022-11-12,2022-11,D1,Werder Bremen,RB Leipzig,away,away,1.9,"[1.8,2.2)",0.49930651872399445,"[0.42,0.55)",market_favorite,B365_OPEN,True,0.8999999999999999
2022-11-12,2022-11,D1,Leverkusen,Stuttgart,home,home,1.72,"[1.0,1.8)",0.553479255940787,"[0.55,1.00]",market_favorite,B365_OPEN,True,0.72
2022-11-12,2022-11,D1,Leverkusen,Stuttgart,draw,home,4.2,"[4.0,5.0)",0.22666293338527463,"[0.20,0.28)",market_non_favorite,B365_OPEN,False,-1.0
2022-11-12,2022-11,D1,Leverkusen,Stuttgart,away,home,4.33,"[4.0,5.0)",0.21985781067393842,"[0.20,0.28)",market_non_favorite,B365_OPEN,False,-1.0
2022-11-12,2022-11,D1,Hoffenheim,Wolfsburg,home,away,2.25,"[2.2,2.8)",0.4299583911234397,"[0.42,0.55)",market_favorite,B365_OPEN,False,-1.0
2022-11-12,2022-11,D1,Hoffenheim,Wolfsburg,draw,away,3.75,"[3.5,4.0)",0.25797503467406385,"[0.20,0.28)",market_non_favorite,B365_OPEN,False,-1.0
2022-11-12,2022-11,D1,Hoffenheim,Wolfsburg,away,away,3.1,"[2.8,3.5)",0.31206657420249656,"[0.28,0.34)",market_non_favorite,B365_OPEN,True,2.1
2022-11-12,2022-11,D1,Hertha,FC Koln,home,home,2.2,"[2.2,2.8)",0.43088803088803085,"[0.42,0.55)",market_favorite,B365_OPEN,True,1.2000000000000002
2022-11-12,2022-11,D1,Hertha,FC Koln,draw,home,3.6,"[3.5,4.0)",0.2633204633204633,"[0.20,0.28)",market_non_favorite,B365_OPEN,False,-1.0
2022-11-12,2022-11,D1,Hertha,FC Koln,away,home,3.1,"[2.8,3.5)",0.30579150579150577,"[0.28,0.34)",market_non_favorite,B365_OPEN,False,-1.0
2022-11-12,2022-11,D1,Augsburg,Bochum,home,away,2.2,"[2.2,2.8)",0.4317656129529684,"[0.42,0.55)",market_favorite,B365_OPEN,False,-1.0
2022-11-12,2022-11,D1,Augsburg,Bochum,draw,away,3.5,"[3.5,4.0)",0.27139552814186585,"[0.20,0.28)",market_non_favorite,B365_OPEN,False,-1.0
2022-11-12,2022-11,D1,Augsburg,Bochum,away,away,3.2,"[2.8,3.5)",0.2968388589051658,"[0.28,0.34)",market_non_favorite,B365_OPEN,True,2.2
2022-11-12,2022-11,D1,Schalke 04,Bayern Munich,home,away,15.0,"[7.0,inf)",0.06277056277056277,"[0.00,0.20)",market_non_favorite,B365_OPEN,False,-1.0
2022-11-12,2022-11,D1,Schalke 04,Bayern Munich,draw,away,7.5,"[7.0,inf)",0.12554112554112554,"[0.00,0.20)",market_non_favorite,B365_OPEN,False,-1.0
2022-11-12,2022-11,D1,Schalke 04,Bayern Munich,away,away,1.16,"[1.0,1.8)",0.8116883116883117,"[0.55,1.00]",market_favorite,B365_OPEN,True,0.15999999999999992
2022-11-13,2022-11,D1,Freiburg,Union Berlin,home,home,2.0,"[1.8,2.2)",0.47482014388489213,"[0.42,0.55)",market_favorite,B365_OPEN,True,1.0
2022-11-13,2022-11,D1,Freiburg,Union Berlin,draw,home,3.3,"[2.8,3.5)",0.2877697841726619,"[0.28,0.34)",market_non_favorite,B365_OPEN,False,-1.0
2022-11-13,2022-11,D1,Freiburg,Union Berlin,away,home,4.0,"[4.0,5.0)",0.23741007194244607,"[0.20,0.28)",market_non_favorite,B365_OPEN,False,-1.0
2022-11-13,2022-11,D1,Mainz,Ein Frankfurt,home,draw,2.75,"[2.2,2.8)",0.34385964912280703,"[0.34,0.42)",market_non_favorite,B365_OPEN,False,-1.0
2022-11-13,2022-11,D1,Mainz,Ein Frankfurt,draw,draw,3.5,"[3.5,4.0)",0.27017543859649124,"[0.20,0.28)",market_non_favorite,B365_OPEN,True,2.5
2022-11-13,2022-11,D1,Mainz,Ein Frankfurt,away,draw,2.45,"[2.2,2.8)",0.38596491228070173,"[0.34,0.42)",market_favorite,B365_OPEN,False,-1.0
2023-01-20,2023-01,D1,RB Leipzig,Bayern Munich,home,draw,3.6,"[3.5,4.0)",0.2647355288596593,"[0.20,0.28)",market_non_favorite,B365_OPEN,False,-1.0
2023-01-20,2023-01,D1,RB Leipzig,Bayern Munich,draw,draw,4.33,"[4.0,5.0)",0.22010344200803078,"[0.20,0.28)",market_non_favorite,B365_OPEN,True,3.33
2023-01-20,2023-01,D1,RB Leipzig,Bayern Munich,away,draw,1.85,"[1.8,2.2)",0.5151610291323099,"[0.42,0.55)",market_favorite,B365_OPEN,False,-1.0
2023-01-21,2023-01,D1,Bochum,Hertha,home,home,2.38,"[2.2,2.8)",0.39988968560397137,"[0.34,0.42)",market_favorite,B365_OPEN,True,1.38
2023-01-21,2023-01,D1,Bochum,Hertha,draw,home,3.5,"[3.5,4.0)",0.2719249862107005,"[0.20,0.28)",market_non_favorite,B365_OPEN,False,-1.0
2023-01-21,2023-01,D1,Bochum,Hertha,away,home,2.9,"[2.8,3.5)",0.3281853281853282,"[0.28,0.34)",market_non_favorite,B365_OPEN,False,-1.0
2023-01-21,2023-01,D1,FC Koln,Werder Bremen,home,home,2.25,"[2.2,2.8)",0.42230312320367885,"[0.42,0.55)",market_favorite,B365_OPEN,True,1.25
2023-01-21,2023-01,D1,FC Koln,Werder Bremen,draw,home,3.8,"[3.5,4.0)",0.2500479018969151,"[0.20,0.28)",market_non_favorite,B365_OPEN,False,-1.0
2023-01-21,2023-01,D1,FC Koln,Werder Bremen,away,home,2.9,"[2.8,3.5)",0.3276489748994061,"[0.28,0.34)",market_non_favorite,B365_OPEN,False,-1.0
2023-01-21,2023-01,D1,Stuttgart,Mainz,home,draw,2.4,"[2.2,2.8)",0.39697542533081287,"[0.34,0.42)",market_favorite,B365_OPEN,False,-1.0
2023-01-21,2023-01,D1,Stuttgart,Mainz,draw,draw,3.5,"[3.5,4.0)",0.2722117202268431,"[0.20,0.28)",market_non_favorite,B365_OPEN,True,2.5
2023-01-21,2023-01,D1,Stuttgart,Mainz,away,draw,2.88,"[2.8,3.5)",0.33081285444234404,"[0.28,0.34)",market_non_favorite,B365_OPEN,False,-1.0
2023-01-21,2023-01,D1,Union Berlin,Hoffenheim,home,home,2.25,"[2.2,2.8)",0.42285270112708895,"[0.42,0.55)",market_favorite,B365_OPEN,True,1.25
2023-01-21,2023-01,D1,Union Berlin,Hoffenheim,draw,home,3.4,"[2.8,3.5)",0.27982899339292655,"[0.20,0.28)",market_non_favorite,B365_OPEN,False,-1.0
2023-01-21,2023-01,D1,Union Berlin,Hoffenheim,away,home,3.2,"[2.8,3.5)",0.29731830547998445,"[0.28,0.34)",market_non_favorite,B365_OPEN,False,-1.0
2023-01-21,2023-01,D1,Wolfsburg,Freiburg,home,home,2.55,"[2.2,2.8)",0.3735144312393888,"[0.34,0.42)",market_favorite,B365_OPEN,True,1.5499999999999998
2023-01-21,2023-01,D1,Wolfsburg,Freiburg,draw,home,3.4,"[2.8,3.5)",0.2801358234295416,"[0.28,0.34)",market_non_favorite,B365_OPEN,False,-1.0
2023-01-21,2023-01,D1,Wolfsburg,Freiburg,away,home,2.75,"[2.2,2.8)",0.3463497453310696,"[0.34,0.42)",market_non_favorite,B365_OPEN,False,-1.0
2023-01-21,2023-01,D1,Ein Frankfurt,Schalke 04,home,home,1.36,"[1.0,1.8)",0.6983240223463686,"[0.55,1.00]",market_favorite,B365_OPEN,True,0.3600000000000001
2023-01-21,2023-01,D1,Ein Frankfurt,Schalke 04,draw,home,5.0,"[5.0,7.0)",0.18994413407821228,"[0.00,0.20)",market_non_favorite,B365_OPEN,False,-1.0
2023-01-21,2023-01,D1,Ein Frankfurt,Schalke 04,away,home,8.5,"[7.0,inf)",0.11173184357541899,"[0.00,0.20)",market_non_favorite,B365_OPEN,False,-1.0
2023-01-22,2023-01,D1,Dortmund,Augsburg,home,home,1.3,"[1.0,1.8)",0.7250755287009063,"[0.55,1.00]",market_favorite,B365_OPEN,True,0.30000000000000004
2023-01-22,2023-01,D1,Dortmund,Augsburg,draw,home,6.0,"[5.0,7.0)",0.15709969788519637,"[0.00,0.20)",market_non_favorite,B365_OPEN,False,-1.0
2023-01-22,2023-01,D1,Dortmund,Augsburg,away,home,8.0,"[7.0,inf)",0.11782477341389729,"[0.00,0.20)",market_non_favorite,B365_OPEN,False,-1.0
2023-01-22,2023-01,D1,M'gladbach,Leverkusen,home,away,2.63,"[2.2,2.8)",0.36158850373822704,"[0.34,0.42)",market_non_favorite,B365_OPEN,False,-1.0
2023-01-22,2023-01,D1,M'gladbach,Leverkusen,draw,away,3.8,"[3.5,4.0)",0.250257306534615,"[0.20,0.28)",market_non_favorite,B365_OPEN,False,-1.0
2023-01-22,2023-01,D1,M'gladbach,Leverkusen,away,away,2.45,"[2.2,2.8)",0.38815418972715793,"[0.34,0.42)",market_favorite,B365_OPEN,True,1.4500000000000002
2023-01-24,2023-01,D1,Bayern Munich,FC Koln,home,draw,1.2,"[1.0,1.8)",0.7936507936507936,"[0.55,1.00]",market_favorite,B365_OPEN,False,-1.0
2023-01-24,2023-01,D1,Bayern Munich,FC Koln,draw,draw,7.5,"[7.0,inf)",0.12698412698412698,"[0.00,0.20)",market_non_favorite,B365_OPEN,True,6.5
2023-01-24,2023-01,D1,Bayern Munich,FC Koln,away,draw,12.0,"[7.0,inf)",0.07936507936507936,"[0.00,0.20)",market_non_favorite,B365_OPEN,False,-1.0
2023-01-24,2023-01,D1,Schalke 04,RB Leipzig,home,away,5.75,"[5.0,7.0)",0.1643084432253056,"[0.00,0.20)",market_non_favorite,B365_OPEN,False,-1.0
2023-01-24,2023-01,D1,Schalke 04,RB Leipzig,draw,away,4.33,"[4.0,5.0)",0.21819250543776147,"[0.20,0.28)",market_non_favorite,B365_OPEN,False,-1.0
2023-01-24,2023-01,D1,Schalke 04,RB Leipzig,away,away,1.53,"[1.0,1.8)",0.6174990513369328,"[0.55,1.00]",market_favorite,B365_OPEN,True,0.53
2023-01-24,2023-01,D1,Hoffenheim,Stuttgart,home,draw,2.1,"[1.8,2.2)",0.45092838196286467,"[0.42,0.55)",market_favorite,B365_OPEN,False,-1.0
2023-01-24,2023-01,D1,Hoffenheim,Stuttgart,draw,draw,3.5,"[3.5,4.0)",0.2705570291777188,"[0.20,0.28)",market_non_favorite,B365_OPEN,True,2.5
2023-01-24,2023-01,D1,Hoffenheim,Stuttgart,away,draw,3.4,"[2.8,3.5)",0.27851458885941643,"[0.20,0.28)",market_non_favorite,B365_OPEN,False,-1.0
2023-01-24,2023-01,D1,Hertha,Wolfsburg,home,away,3.0,"[2.8,3.5)",0.3138041733547351,"[0.28,0.34)",market_non_favorite,B365_OPEN,False,-1.0
2023-01-24,2023-01,D1,Hertha,Wolfsburg,draw,away,3.4,"[2.8,3.5)",0.2768860353130016,"[0.20,0.28)",market_non_favorite,B365_OPEN,False,-1.0
2023-01-24,2023-01,D1,Hertha,Wolfsburg,away,away,2.3,"[2.2,2.8)",0.40930979133226325,"[0.34,0.42)",market_favorite,B365_OPEN,True,1.2999999999999998
2023-01-25,2023-01,D1,Mainz,Dortmund,home,away,2.9,"[2.8,3.5)",0.32611264277274515,"[0.28,0.34)",market_non_favorite,B365_OPEN,False,-1.0
2023-01-25,2023-01,D1,Mainz,Dortmund,draw,away,3.6,"[3.5,4.0)",0.26270185112248917,"[0.20,0.28)",market_non_favorite,B365_OPEN,False,-1.0
2023-01-25,2023-01,D1,Mainz,Dortmund,away,away,2.3,"[2.2,2.8)",0.4111855061047657,"[0.34,0.42)",market_favorite,B365_OPEN,True,1.2999999999999998
2023-01-25,2023-01,D1,Leverkusen,Bochum,home,home,1.4,"[1.0,1.8)",0.6747404844290658,"[0.55,1.00]",market_favorite,B365_OPEN,True,0.3999999999999999
2023-01-25,2023-01,D1,Leverkusen,Bochum,draw,home,5.25,"[5.0,7.0)",0.17993079584775085,"[0.00,0.20)",market_non_favorite,B365_OPEN,False,-1.0
2023-01-25,2023-01,D1,Leverkusen,Bochum,away,home,6.5,"[5.0,7.0)",0.1453287197231834,"[0.00,0.20)",market_non_favorite,B365_OPEN,False,-1.0
2023-01-25,2023-01,D1,Freiburg,Ein Frankfurt,home,draw,2.5,"[2.2,2.8)",0.3787575150300601,"[0.34,0.42)",market_favorite,B365_OPEN,False,-1.0
2023-01-25,2023-01,D1,Freiburg,Ein Frankfurt,draw,draw,3.5,"[3.5,4.0)",0.2705410821643286,"[0.20,0.28)",market_non_favorite,B365_OPEN,True,2.5
2023-01-25,2023-01,D1,Freiburg,Ein Frankfurt,away,draw,2.7,"[2.2,2.8)",0.3507014028056112,"[0.34,0.42)",market_non_favorite,B365_OPEN,False,-1.0
2023-01-25,2023-01,D1,Augsburg,M'gladbach,home,home,3.0,"[2.8,3.5)",0.3157894736842105,"[0.28,0.34)",market_non_favorite,B365_OPEN,True,2.0
2023-01-25,2023-01,D1,Augsburg,M'gladbach,draw,home,3.6,"[3.5,4.0)",0.2631578947368421,"[0.20,0.28)",market_non_favorite,B365_OPEN,False,-1.0
2023-01-25,2023-01,D1,Augsburg,M'gladbach,away,home,2.25,"[2.2,2.8)",0.42105263157894735,"[0.42,0.55)",market_favorite,B365_OPEN,False,-1.0
2023-01-25,2023-01,D1,Werder Bremen,Union Berlin,home,away,2.8,"[2.8,3.5)",0.34017784963621667,"[0.34,0.42)",market_non_favorite,B365_OPEN,False,-1.0
2023-01-25,2023-01,D1,Werder Bremen,Union Berlin,draw,away,3.2,"[2.8,3.5)",0.2976556184316896,"[0.28,0.34)",market_non_favorite,B365_OPEN,False,-1.0
2023-01-25,2023-01,D1,Werder Bremen,Union Berlin,away,away,2.63,"[2.2,2.8)",0.3621665319320938,"[0.34,0.42)",market_favorite,B365_OPEN,True,1.63
2023-01-27,2023-01,D1,RB Leipzig,Stuttgart,home,home,1.33,"[1.0,1.8)",0.7073247406475951,"[0.55,1.00]",market_favorite,B365_OPEN,True,0.33000000000000007
2023-01-27,2023-01,D1,RB Leipzig,Stuttgart,draw,home,5.0,"[5.0,7.0)",0.1881483810122603,"[0.00,0.20)",market_non_favorite,B365_OPEN,False,-1.0
2023-01-27,2023-01,D1,RB Leipzig,Stuttgart,away,home,9.0,"[7.0,inf)",0.10452687834014461,"[0.00,0.20)",market_non_favorite,B365_OPEN,False,-1.0
2023-01-28,2023-01,D1,Werder Bremen,Wolfsburg,home,home,3.2,"[2.8,3.5)",0.29609793420045905,"[0.28,0.34)",market_non_favorite,B365_OPEN,True,2.2
2023-01-28,2023-01,D1,Werder Bremen,Wolfsburg,draw,home,3.6,"[3.5,4.0)",0.2631981637337414,"[0.20,0.28)",market_non_favorite,B365_OPEN,False,-1.0
2023-01-28,2023-01,D1,Werder Bremen,Wolfsburg,away,home,2.15,"[1.8,2.2)",0.4407039020657995,"[0.42,0.55)",market_favorite,B365_OPEN,False,-1.0
2023-01-28,2023-01,D1,Mainz,Bochum,home,home,1.7,"[1.0,1.8)",0.5608856088560886,"[0.55,1.00]",market_favorite,B365_OPEN,True,0.7
2023-01-28,2023-01,D1,Mainz,Bochum,draw,home,4.0,"[4.0,5.0)",0.23837638376383766,"[0.20,0.28)",market_non_favorite,B365_OPEN,False,-1.0
2023-01-28,2023-01,D1,Mainz,Bochum,away,home,4.75,"[4.0,5.0)",0.2007380073800738,"[0.20,0.28)",market_non_favorite,B365_OPEN,False,-1.0
2023-01-28,2023-01,D1,Freiburg,Augsburg,home,home,1.5,"[1.0,1.8)",0.6355932203389831,"[0.55,1.00]",market_favorite,B365_OPEN,True,0.5
2023-01-28,2023-01,D1,Freiburg,Augsburg,draw,home,4.5,"[4.0,5.0)",0.21186440677966104,"[0.20,0.28)",market_non_favorite,B365_OPEN,False,-1.0
2023-01-28,2023-01,D1,Freiburg,Augsburg,away,home,6.25,"[5.0,7.0)",0.15254237288135594,"[0.00,0.20)",market_non_favorite,B365_OPEN,False,-1.0
2023-01-28,2023-01,D1,Bayern Munich,Ein Frankfurt,home,draw,1.33,"[1.0,1.8)",0.7147962830593281,"[0.55,1.00]",market_favorite,B365_OPEN,False,-1.0
2023-01-28,2023-01,D1,Bayern Munich,Ein Frankfurt,draw,draw,6.0,"[5.0,7.0)",0.1584465094114844,"[0.00,0.20)",market_non_favorite,B365_OPEN,True,5.0
2023-01-28,2023-01,D1,Bayern Munich,Ein Frankfurt,away,draw,7.5,"[7.0,inf)",0.1267572075291875,"[0.00,0.20)",market_non_favorite,B365_OPEN,False,-1.0
2023-01-28,2023-01,D1,Hertha,Union Berlin,home,away,3.5,"[3.5,4.0)",0.2726406101048618,"[0.20,0.28)",market_non_favorite,B365_OPEN,False,-1.0
2023-01-28,2023-01,D1,Hertha,Union Berlin,draw,away,3.25,"[2.8,3.5)",0.2936129647283127,"[0.28,0.34)",market_non_favorite,B365_OPEN,False,-1.0
2023-01-28,2023-01,D1,Hertha,Union Berlin,away,away,2.2,"[2.2,2.8)",0.43374642516682554,"[0.42,0.55)",market_favorite,B365_OPEN,True,1.2000000000000002
2023-01-28,2023-01,D1,Hoffenheim,M'gladbach,home,away,2.0,"[1.8,2.2)",0.47595118449389806,"[0.42,0.55)",market_favorite,B365_OPEN,False,-1.0
2023-01-28,2023-01,D1,Hoffenheim,M'gladbach,draw,away,3.9,"[3.5,4.0)",0.24407753050969133,"[0.20,0.28)",market_non_favorite,B365_OPEN,False,-1.0
2023-01-28,2023-01,D1,Hoffenheim,M'gladbach,away,away,3.4,"[2.8,3.5)",0.2799712849964106,"[0.20,0.28)",market_non_favorite,B365_OPEN,True,2.4
2023-01-29,2023-01,D1,Leverkusen,Dortmund,home,away,2.45,"[2.2,2.8)",0.38815418972715793,"[0.34,0.42)",market_favorite,B365_OPEN,False,-1.0
2023-01-29,2023-01,D1,Leverkusen,Dortmund,draw,away,3.8,"[3.5,4.0)",0.250257306534615,"[0.20,0.28)",market_non_favorite,B365_OPEN,False,-1.0
2023-01-29,2023-01,D1,Leverkusen,Dortmund,away,away,2.63,"[2.2,2.8)",0.36158850373822704,"[0.34,0.42)",market_non_favorite,B365_OPEN,True,1.63
2023-01-29,2023-01,D1,Schalke 04,FC Koln,home,draw,3.8,"[3.5,4.0)",0.24973319103521877,"[0.20,0.28)",market_non_favorite,B365_OPEN,False,-1.0
2023-01-29,2023-01,D1,Schalke 04,FC Koln,draw,draw,3.6,"[3.5,4.0)",0.26360725720384204,"[0.20,0.28)",market_non_favorite,B365_OPEN,True,2.6
2023-01-29,2023-01,D1,Schalke 04,FC Koln,away,draw,1.95,"[1.8,2.2)",0.4866595517609392,"[0.42,0.55)",market_favorite,B365_OPEN,False,-1.0
2023-02-03,2023-02,D1,Augsburg,Leverkusen,home,home,4.0,"[4.0,5.0)",0.2372595342558218,"[0.20,0.28)",market_non_favorite,B365_OPEN,True,3.0
2023-02-03,2023-02,D1,Augsburg,Leverkusen,draw,home,3.8,"[3.5,4.0)",0.24974687816402294,"[0.20,0.28)",market_non_favorite,B365_OPEN,False,-1.0
2023-02-03,2023-02,D1,Augsburg,Leverkusen,away,home,1.85,"[1.8,2.2)",0.5129935875801552,"[0.42,0.55)",market_favorite,B365_OPEN,False,-1.0
2023-02-04,2023-02,D1,Union Berlin,Mainz,home,home,1.95,"[1.8,2.2)",0.48908296943231444,"[0.42,0.55)",market_favorite,B365_OPEN,True,0.95
2023-02-04,2023-02,D1,Union Berlin,Mainz,draw,home,3.5,"[3.5,4.0)",0.2724890829694323,"[0.20,0.28)",market_non_favorite,B365_OPEN,False,-1.0
2023-02-04,2023-02,D1,Union Berlin,Mainz,away,home,4.0,"[4.0,5.0)",0.23842794759825325,"[0.20,0.28)",market_non_favorite,B365_OPEN,False,-1.0
2023-02-04,2023-02,D1,M'gladbach,Schalke 04,home,draw,1.53,"[1.0,1.8)",0.6226312939902545,"[0.55,1.00]",market_favorite,B365_OPEN,False,-1.0
2023-02-04,2023-02,D1,M'gladbach,Schalke 04,draw,draw,4.5,"[4.0,5.0)",0.21169463995668653,"[0.20,0.28)",market_non_favorite,B365_OPEN,True,3.5
2023-02-04,2023-02,D1,M'gladbach,Schalke 04,away,draw,5.75,"[5.0,7.0)",0.16567406605305904,"[0.00,0.20)",market_non_favorite,B365_OPEN,False,-1.0
2023-02-04,2023-02,D1,FC Koln,RB Leipzig,home,draw,4.2,"[4.0,5.0)",0.22906256246252246,"[0.20,0.28)",market_non_favorite,B365_OPEN,False,-1.0
2023-02-04,2023-02,D1,FC Koln,RB Leipzig,draw,draw,3.6,"[3.5,4.0)",0.2672396562062762,"[0.20,0.28)",market_non_favorite,B365_OPEN,True,2.6
2023-02-04,2023-02,D1,FC Koln,RB Leipzig,away,draw,1.91,"[1.8,2.2)",0.5036977813312012,"[0.42,0.55)",market_favorite,B365_OPEN,False,-1.0
2023-02-04,2023-02,D1,Ein Frankfurt,Hertha,home,home,1.45,"[1.0,1.8)",0.6471238938053098,"[0.55,1.00]",market_favorite,B365_OPEN,True,0.44999999999999996
2023-02-04,2023-02,D1,Ein Frankfurt,Hertha,draw,home,4.5,"[4.0,5.0)",0.20851769911504422,"[0.20,0.28)",market_non_favorite,B365_OPEN,False,-1.0
2023-02-04,2023-02,D1,Ein Frankfurt,Hertha,away,home,6.5,"[5.0,7.0)",0.144358407079646,"[0.00,0.20)",market_non_favorite,B365_OPEN,False,-1.0
2023-02-04,2023-02,D1,Dortmund,Freiburg,home,home,1.67,"[1.0,1.8)",0.5709391949757351,"[0.55,1.00]",market_favorite,B365_OPEN,True,0.6699999999999999
2023-02-04,2023-02,D1,Dortmund,Freiburg,draw,home,4.0,"[4.0,5.0)",0.2383671139023694,"[0.20,0.28)",market_non_favorite,B365_OPEN,False,-1.0
2023-02-04,2023-02,D1,Dortmund,Freiburg,away,home,5.0,"[5.0,7.0)",0.19069369112189552,"[0.00,0.20)",market_non_favorite,B365_OPEN,False,-1.0
2023-02-04,2023-02,D1,Bochum,Hoffenheim,home,home,2.75,"[2.2,2.8)",0.34653465346534656,"[0.34,0.42)",market_non_favorite,B365_OPEN,True,1.75
2023-02-04,2023-02,D1,Bochum,Hoffenheim,draw,home,3.5,"[3.5,4.0)",0.2722772277227723,"[0.20,0.28)",market_non_favorite,B365_OPEN,False,-1.0
2023-02-04,2023-02,D1,Bochum,Hoffenheim,away,home,2.5,"[2.2,2.8)",0.38118811881188125,"[0.34,0.42)",market_favorite,B365_OPEN,False,-1.0
2023-02-05,2023-02,D1,Stuttgart,Werder Bremen,home,away,2.0,"[1.8,2.2)",0.47368421052631576,"[0.42,0.55)",market_favorite,B365_OPEN,False,-1.0
2023-02-05,2023-02,D1,Stuttgart,Werder Bremen,draw,away,3.6,"[3.5,4.0)",0.2631578947368421,"[0.20,0.28)",market_non_favorite,B365_OPEN,False,-1.0
2023-02-05,2023-02,D1,Stuttgart,Werder Bremen,away,away,3.6,"[3.5,4.0)",0.2631578947368421,"[0.20,0.28)",market_non_favorite,B365_OPEN,True,2.6
2023-02-05,2023-02,D1,Wolfsburg,Bayern Munich,home,away,5.25,"[5.0,7.0)",0.18146792525524946,"[0.00,0.20)",market_non_favorite,B365_OPEN,False,-1.0
2023-02-05,2023-02,D1,Wolfsburg,Bayern Munich,draw,away,4.5,"[4.0,5.0)",0.2117125794644577,"[0.20,0.28)",market_non_favorite,B365_OPEN,False,-1.0
2023-02-05,2023-02,D1,Wolfsburg,Bayern Munich,away,away,1.57,"[1.0,1.8)",0.6068194952802928,"[0.55,1.00]",market_favorite,B365_OPEN,True,0.5700000000000001
2023-02-10,2023-02,D1,Schalke 04,Wolfsburg,home,draw,3.6,"[3.5,4.0)",0.26360725720384204,"[0.20,0.28)",market_non_favorite,B365_OPEN,False,-1.0
2023-02-10,2023-02,D1,Schalke 04,Wolfsburg,draw,draw,3.8,"[3.5,4.0)",0.24973319103521877,"[0.20,0.28)",market_non_favorite,B365_OPEN,True,2.8
2023-02-10,2023-02,D1,Schalke 04,Wolfsburg,away,draw,1.95,"[1.8,2.2)",0.4866595517609392,"[0.42,0.55)",market_favorite,B365_OPEN,False,-1.0
2023-02-11,2023-02,D1,Werder Bremen,Dortmund,home,away,4.0,"[4.0,5.0)",0.23684210526315788,"[0.20,0.28)",market_non_favorite,B365_OPEN,False,-1.0
2023-02-11,2023-02,D1,Werder Bremen,Dortmund,draw,away,4.0,"[4.0,5.0)",0.23684210526315788,"[0.20,0.28)",market_non_favorite,B365_OPEN,False,-1.0
2023-02-11,2023-02,D1,Werder Bremen,Dortmund,away,away,1.8,"[1.8,2.2)",0.5263157894736842,"[0.42,0.55)",market_favorite,B365_OPEN,True,0.8
2023-02-11,2023-02,D1,RB Leipzig,Union Berlin,home,away,1.7,"[1.0,1.8)",0.5576208178438662,"[0.55,1.00]",market_favorite,B365_OPEN,False,-1.0
2023-02-11,2023-02,D1,RB Leipzig,Union Berlin,draw,away,3.75,"[3.5,4.0)",0.2527881040892193,"[0.20,0.28)",market_non_favorite,B365_OPEN,False,-1.0
2023-02-11,2023-02,D1,RB Leipzig,Union Berlin,away,away,5.0,"[5.0,7.0)",0.1895910780669145,"[0.00,0.20)",market_non_favorite,B365_OPEN,True,4.0
2023-02-11,2023-02,D1,Mainz,Augsburg,home,home,1.8,"[1.8,2.2)",0.532319391634981,"[0.42,0.55)",market_favorite,B365_OPEN,True,0.8
2023-02-11,2023-02,D1,Mainz,Augsburg,draw,home,4.0,"[4.0,5.0)",0.23954372623574144,"[0.20,0.28)",market_non_favorite,B365_OPEN,False,-1.0
2023-02-11,2023-02,D1,Mainz,Augsburg,away,home,4.2,"[4.0,5.0)",0.22813688212927755,"[0.20,0.28)",market_non_favorite,B365_OPEN,False,-1.0
2023-02-11,2023-02,D1,Hoffenheim,Leverkusen,home,away,2.88,"[2.8,3.5)",0.332216638749302,"[0.28,0.34)",market_non_favorite,B365_OPEN,False,-1.0
2023-02-11,2023-02,D1,Hoffenheim,Leverkusen,draw,away,3.6,"[3.5,4.0)",0.2657733109994416,"[0.20,0.28)",market_non_favorite,B365_OPEN,False,-1.0
2023-02-11,2023-02,D1,Hoffenheim,Leverkusen,away,away,2.38,"[2.2,2.8)",0.40201005025125625,"[0.34,0.42)",market_favorite,B365_OPEN,True,1.38
2023-02-11,2023-02,D1,Freiburg,Stuttgart,home,home,1.8,"[1.8,2.2)",0.5292717447246527,"[0.42,0.55)",market_favorite,B365_OPEN,True,0.8
2023-02-11,2023-02,D1,Freiburg,Stuttgart,draw,home,3.8,"[3.5,4.0)",0.2507076685537828,"[0.20,0.28)",market_non_favorite,B365_OPEN,False,-1.0
2023-02-11,2023-02,D1,Freiburg,Stuttgart,away,home,4.33,"[4.0,5.0)",0.22002058672156458,"[0.20,0.28)",market_non_favorite,B365_OPEN,False,-1.0
2023-02-11,2023-02,D1,Bayern Munich,Bochum,home,home,1.11,"[1.0,1.8)",0.8501275191278691,"[0.55,1.00]",market_favorite,B365_OPEN,True,0.1100000000000001
2023-02-11,2023-02,D1,Bayern Munich,Bochum,draw,home,10.0,"[7.0,inf)",0.09436415462319349,"[0.00,0.20)",market_non_favorite,B365_OPEN,False,-1.0
2023-02-11,2023-02,D1,Bayern Munich,Bochum,away,home,17.0,"[7.0,inf)",0.05550832624893734,"[0.00,0.20)",market_non_favorite,B365_OPEN,False,-1.0
2023-02-12,2023-02,D1,FC Koln,Ein Frankfurt,home,home,2.7,"[2.2,2.8)",0.3507014028056112,"[0.34,0.42)",market_non_favorite,B365_OPEN,True,1.7000000000000002
2023-02-12,2023-02,D1,FC Koln,Ein Frankfurt,draw,home,3.5,"[3.5,4.0)",0.2705410821643286,"[0.20,0.28)",market_non_favorite,B365_OPEN,False,-1.0
2023-02-12,2023-02,D1,FC Koln,Ein Frankfurt,away,home,2.5,"[2.2,2.8)",0.3787575150300601,"[0.34,0.42)",market_favorite,B365_OPEN,False,-1.0
2023-02-12,2023-02,D1,Hertha,M'gladbach,home,home,2.88,"[2.8,3.5)",0.33081285444234404,"[0.28,0.34)",market_non_favorite,B365_OPEN,True,1.88
2023-02-12,2023-02,D1,Hertha,M'gladbach,draw,home,3.5,"[3.5,4.0)",0.2722117202268431,"[0.20,0.28)",market_non_favorite,B365_OPEN,False,-1.0
2023-02-12,2023-02,D1,Hertha,M'gladbach,away,home,2.4,"[2.2,2.8)",0.39697542533081287,"[0.34,0.42)",market_favorite,B365_OPEN,False,-1.0
2023-02-17,2023-02,D1,Augsburg,Hoffenheim,home,home,2.7,"[2.2,2.8)",0.35588580367618305,"[0.34,0.42)",market_non_favorite,B365_OPEN,True,1.7000000000000002
2023-02-17,2023-02,D1,Augsburg,Hoffenheim,draw,home,3.5,"[3.5,4.0)",0.27454047712162694,"[0.20,0.28)",market_non_favorite,B365_OPEN,False,-1.0
2023-02-17,2023-02,D1,Augsburg,Hoffenheim,away,home,2.6,"[2.2,2.8)",0.36957371920219007,"[0.34,0.42)",market_favorite,B365_OPEN,False,-1.0
2023-02-18,2023-02,D1,Wolfsburg,RB Leipzig,home,away,3.3,"[2.8,3.5)",0.28972487366647953,"[0.28,0.34)",market_non_favorite,B365_OPEN,False,-1.0
2023-02-18,2023-02,D1,Wolfsburg,RB Leipzig,draw,away,3.6,"[3.5,4.0)",0.26558113419427287,"[0.20,0.28)",market_non_favorite,B365_OPEN,False,-1.0
2023-02-18,2023-02,D1,Wolfsburg,RB Leipzig,away,away,2.15,"[1.8,2.2)",0.4446939921392476,"[0.42,0.55)",market_favorite,B365_OPEN,True,1.15
2023-02-18,2023-02,D1,Stuttgart,FC Koln,home,home,2.45,"[2.2,2.8)",0.38891095400746684,"[0.34,0.42)",market_favorite,B365_OPEN,True,1.4500000000000002
2023-02-18,2023-02,D1,Stuttgart,FC Koln,draw,home,3.4,"[2.8,3.5)",0.2802446580347923,"[0.28,0.34)",market_non_favorite,B365_OPEN,False,-1.0
2023-02-18,2023-02,D1,Stuttgart,FC Koln,away,home,2.88,"[2.8,3.5)",0.3308443879577409,"[0.28,0.34)",market_non_favorite,B365_OPEN,False,-1.0
2023-02-18,2023-02,D1,M'gladbach,Bayern Munich,home,home,7.0,"[7.0,inf)",0.13578746310123285,"[0.00,0.20)",market_non_favorite,B365_OPEN,True,6.0
2023-02-18,2023-02,D1,M'gladbach,Bayern Munich,draw,home,5.75,"[5.0,7.0)",0.16530647681889218,"[0.00,0.20)",market_non_favorite,B365_OPEN,False,-1.0
2023-02-18,2023-02,D1,M'gladbach,Bayern Munich,away,home,1.36,"[1.0,1.8)",0.698906060079875,"[0.55,1.00]",market_favorite,B365_OPEN,False,-1.0
2023-02-18,2023-02,D1,Ein Frankfurt,Werder Bremen,home,home,1.62,"[1.0,1.8)",0.5902192242833053,"[0.55,1.00]",market_favorite,B365_OPEN,True,0.6200000000000001
2023-02-18,2023-02,D1,Ein Frankfurt,Werder Bremen,draw,home,4.2,"[4.0,5.0)",0.22765598650927488,"[0.20,0.28)",market_non_favorite,B365_OPEN,False,-1.0
2023-02-18,2023-02,D1,Ein Frankfurt,Werder Bremen,away,home,5.25,"[5.0,7.0)",0.1821247892074199,"[0.00,0.20)",market_non_favorite,B365_OPEN,False,-1.0
2023-02-18,2023-02,D1,Bochum,Freiburg,home,away,3.1,"[2.8,3.5)",0.306420233463035,"[0.28,0.34)",market_non_favorite,B365_OPEN,False,-1.0
2023-02-18,2023-02,D1,Bochum,Freiburg,draw,away,3.5,"[3.5,4.0)",0.2714007782101167,"[0.20,0.28)",market_non_favorite,B365_OPEN,False,-1.0
2023-02-18,2023-02,D1,Bochum,Freiburg,away,away,2.25,"[2.2,2.8)",0.42217898832684825,"[0.42,0.55)",market_favorite,B365_OPEN,True,1.25
2023-02-19,2023-02,D1,Union Berlin,Schalke 04,home,draw,1.6,"[1.0,1.8)",0.5925155925155925,"[0.55,1.00]",market_favorite,B365_OPEN,False,-1.0
2023-02-19,2023-02,D1,Union Berlin,Schalke 04,draw,draw,3.8,"[3.5,4.0)",0.24948024948024947,"[0.20,0.28)",market_non_favorite,B365_OPEN,True,2.8
2023-02-19,2023-02,D1,Union Berlin,Schalke 04,away,draw,6.0,"[5.0,7.0)",0.15800415800415799,"[0.00,0.20)",market_non_favorite,B365_OPEN,False,-1.0
2023-02-19,2023-02,D1,Dortmund,Hertha,home,home,1.33,"[1.0,1.8)",0.7151598592626587,"[0.55,1.00]",market_favorite,B365_OPEN,True,0.33000000000000007
2023-02-19,2023-02,D1,Dortmund,Hertha,draw,home,5.5,"[5.0,7.0)",0.17293865687624294,"[0.00,0.20)",market_non_favorite,B365_OPEN,False,-1.0
2023-02-19,2023-02,D1,Dortmund,Hertha,away,home,8.5,"[7.0,inf)",0.11190148386109836,"[0.00,0.20)",market_non_favorite,B365_OPEN,False,-1.0
2023-02-19,2023-02,D1,Leverkusen,Mainz,home,away,1.8,"[1.8,2.2)",0.5256916996047432,"[0.42,0.55)",market_favorite,B365_OPEN,False,-1.0
2023-02-19,2023-02,D1,Leverkusen,Mainz,draw,away,3.8,"[3.5,4.0)",0.24901185770750986,"[0.20,0.28)",market_non_favorite,B365_OPEN,False,-1.0
2023-02-19,2023-02,D1,Leverkusen,Mainz,away,away,4.2,"[4.0,5.0)",0.225296442687747,"[0.20,0.28)",market_non_favorite,B365_OPEN,True,3.2
2023-02-24,2023-02,D1,Mainz,M'gladbach,home,home,2.15,"[1.8,2.2)",0.4407039020657995,"[0.42,0.55)",market_favorite,B365_OPEN,True,1.15
2023-02-24,2023-02,D1,Mainz,M'gladbach,draw,home,3.6,"[3.5,4.0)",0.2631981637337414,"[0.20,0.28)",market_non_favorite,B365_OPEN,False,-1.0
2023-02-24,2023-02,D1,Mainz,M'gladbach,away,home,3.2,"[2.8,3.5)",0.29609793420045905,"[0.28,0.34)",market_non_favorite,B365_OPEN,False,-1.0
2023-02-25,2023-02,D1,Werder Bremen,Bochum,home,home,2.0,"[1.8,2.2)",0.48033707865168535,"[0.42,0.55)",market_favorite,B365_OPEN,True,1.0
2023-02-25,2023-02,D1,Werder Bremen,Bochum,draw,home,3.8,"[3.5,4.0)",0.2528089887640449,"[0.20,0.28)",market_non_favorite,B365_OPEN,False,-1.0
2023-02-25,2023-02,D1,Werder Bremen,Bochum,away,home,3.6,"[3.5,4.0)",0.26685393258426965,"[0.20,0.28)",market_non_favorite,B365_OPEN,False,-1.0
2023-02-25,2023-02,D1,Schalke 04,Stuttgart,home,home,3.0,"[2.8,3.5)",0.3218701700154559,"[0.28,0.34)",market_non_favorite,B365_OPEN,True,2.0
2023-02-25,2023-02,D1,Schalke 04,Stuttgart,draw,home,3.4,"[2.8,3.5)",0.2840030911901082,"[0.28,0.34)",market_non_favorite,B365_OPEN,False,-1.0
2023-02-25,2023-02,D1,Schalke 04,Stuttgart,away,home,2.45,"[2.2,2.8)",0.3941267387944358,"[0.34,0.42)",market_favorite,B365_OPEN,False,-1.0
2023-02-25,2023-02,D1,RB Leipzig,Ein Frankfurt,home,home,1.7,"[1.0,1.8)",0.5572380375529982,"[0.55,1.00]",market_favorite,B365_OPEN,True,0.7
2023-02-25,2023-02,D1,RB Leipzig,Ein Frankfurt,draw,home,4.0,"[4.0,5.0)",0.23682616596002423,"[0.20,0.28)",market_non_favorite,B365_OPEN,False,-1.0
2023-02-25,2023-02,D1,RB Leipzig,Ein Frankfurt,away,home,4.6,"[4.0,5.0)",0.2059357964869776,"[0.20,0.28)",market_non_favorite,B365_OPEN,False,-1.0
2023-02-25,2023-02,D1,Hoffenheim,Dortmund,home,away,4.0,"[4.0,5.0)",0.23595505617977527,"[0.20,0.28)",market_non_favorite,B365_OPEN,False,-1.0
2023-02-25,2023-02,D1,Hoffenheim,Dortmund,draw,away,4.2,"[4.0,5.0)",0.2247191011235955,"[0.20,0.28)",market_non_favorite,B365_OPEN,False,-1.0
2023-02-25,2023-02,D1,Hoffenheim,Dortmund,away,away,1.75,"[1.0,1.8)",0.5393258426966292,"[0.42,0.55)",market_favorite,B365_OPEN,True,0.75
2023-02-25,2023-02,D1,Hertha,Augsburg,home,home,2.1,"[1.8,2.2)",0.4485336400230017,"[0.42,0.55)",market_favorite,B365_OPEN,True,1.1
2023-02-25,2023-02,D1,Hertha,Augsburg,draw,home,3.6,"[3.5,4.0)",0.26164462334675104,"[0.20,0.28)",market_non_favorite,B365_OPEN,False,-1.0
2023-02-25,2023-02,D1,Hertha,Augsburg,away,home,3.25,"[2.8,3.5)",0.2898217366302473,"[0.28,0.34)",market_non_favorite,B365_OPEN,False,-1.0
2023-02-25,2023-02,D1,FC Koln,Wolfsburg,home,away,2.3,"[2.2,2.8)",0.41257367387033406,"[0.34,0.42)",market_favorite,B365_OPEN,False,-1.0
2023-02-25,2023-02,D1,FC Koln,Wolfsburg,draw,away,3.5,"[3.5,4.0)",0.27111984282907664,"[0.20,0.28)",market_non_favorite,B365_OPEN,False,-1.0
2023-02-25,2023-02,D1,FC Koln,Wolfsburg,away,away,3.0,"[2.8,3.5)",0.3163064833005894,"[0.28,0.34)",market_non_favorite,B365_OPEN,True,2.0
2023-02-26,2023-02,D1,Bayern Munich,Union Berlin,home,home,1.33,"[1.0,1.8)",0.7137192704203014,"[0.55,1.00]",market_favorite,B365_OPEN,True,0.33000000000000007
2023-02-26,2023-02,D1,Bayern Munich,Union Berlin,draw,home,5.25,"[5.0,7.0)",0.18080888183980967,"[0.00,0.20)",market_non_favorite,B365_OPEN,False,-1.0
2023-02-26,2023-02,D1,Bayern Munich,Union Berlin,away,home,9.0,"[7.0,inf)",0.10547184773988898,"[0.00,0.20)",market_non_favorite,B365_OPEN,False,-1.0
2023-02-26,2023-02,D1,Freiburg,Leverkusen,home,draw,2.15,"[1.8,2.2)",0.43940125543215836,"[0.42,0.55)",market_favorite,B365_OPEN,False,-1.0
2023-02-26,2023-02,D1,Freiburg,Leverkusen,draw,draw,3.5,"[3.5,4.0)",0.269917914051183,"[0.20,0.28)",market_non_favorite,B365_OPEN,True,2.5
2023-02-26,2023-02,D1,Freiburg,Leverkusen,away,draw,3.25,"[2.8,3.5)",0.2906808305166586,"[0.28,0.34)",market_non_favorite,B365_OPEN,False,-1.0
2023-03-03,2023-03,D1,Dortmund,RB Leipzig,home,home,2.2,"[2.2,2.8)",0.4317656129529684,"[0.42,0.55)",market_favorite,B365_OPEN,True,1.2000000000000002
2023-03-03,2023-03,D1,Dortmund,RB Leipzig,draw,home,3.5,"[3.5,4.0)",0.27139552814186585,"[0.20,0.28)",market_non_favorite,B365_OPEN,False,-1.0
2023-03-03,2023-03,D1,Dortmund,RB Leipzig,away,home,3.2,"[2.8,3.5)",0.2968388589051658,"[0.28,0.34)",market_non_favorite,B365_OPEN,False,-1.0
2023-03-04,2023-03,D1,Stuttgart,Bayern Munich,home,away,7.0,"[7.0,inf)",0.13636363636363635,"[0.00,0.20)",market_non_favorite,B365_OPEN,False,-1.0
2023-03-04,2023-03,D1,Stuttgart,Bayern Munich,draw,away,5.25,"[5.0,7.0)",0.1818181818181818,"[0.00,0.20)",market_non_favorite,B365_OPEN,False,-1.0
2023-03-04,2023-03,D1,Stuttgart,Bayern Munich,away,away,1.4,"[1.0,1.8)",0.6818181818181818,"[0.55,1.00]",market_favorite,B365_OPEN,True,0.3999999999999999
2023-03-04,2023-03,D1,Mainz,Hoffenheim,home,home,1.91,"[1.8,2.2)",0.49799419006778256,"[0.42,0.55)",market_favorite,B365_OPEN,True,0.9099999999999999
2023-03-04,2023-03,D1,Mainz,Hoffenheim,draw,home,3.6,"[3.5,4.0)",0.2642135841748513,"[0.20,0.28)",market_non_favorite,B365_OPEN,False,-1.0
2023-03-04,2023-03,D1,Mainz,Hoffenheim,away,home,4.0,"[4.0,5.0)",0.23779222575736617,"[0.20,0.28)",market_non_favorite,B365_OPEN,False,-1.0
2023-03-04,2023-03,D1,M'gladbach,Freiburg,home,draw,2.4,"[2.2,2.8)",0.39622641509433965,"[0.34,0.42)",market_favorite,B365_OPEN,False,-1.0
2023-03-04,2023-03,D1,M'gladbach,Freiburg,draw,draw,3.6,"[3.5,4.0)",0.2641509433962264,"[0.20,0.28)",market_non_favorite,B365_OPEN,True,2.6
2023-03-04,2023-03,D1,M'gladbach,Freiburg,away,draw,2.8,"[2.8,3.5)",0.33962264150943394,"[0.28,0.34)",market_non_favorite,B365_OPEN,False,-1.0
2023-03-04,2023-03,D1,Bochum,Schalke 04,home,away,2.3,"[2.2,2.8)",0.41349548842683403,"[0.34,0.42)",market_favorite,B365_OPEN,False,-1.0
2023-03-04,2023-03,D1,Bochum,Schalke 04,draw,away,3.4,"[2.8,3.5)",0.27971753628874063,"[0.20,0.28)",market_non_favorite,B365_OPEN,False,-1.0
2023-03-04,2023-03,D1,Bochum,Schalke 04,away,away,3.1,"[2.8,3.5)",0.3067869752844252,"[0.28,0.34)",market_non_favorite,B365_OPEN,True,2.1
2023-03-04,2023-03,D1,Augsburg,Werder Bremen,home,home,2.3,"[2.2,2.8)",0.41257367387033406,"[0.34,0.42)",market_favorite,B365_OPEN,True,1.2999999999999998
2023-03-04,2023-03,D1,Augsburg,Werder Bremen,draw,home,3.5,"[3.5,4.0)",0.27111984282907664,"[0.20,0.28)",market_non_favorite,B365_OPEN,False,-1.0
2023-03-04,2023-03,D1,Augsburg,Werder Bremen,away,home,3.0,"[2.8,3.5)",0.3163064833005894,"[0.28,0.34)",market_non_favorite,B365_OPEN,False,-1.0
2023-03-04,2023-03,D1,Union Berlin,FC Koln,home,draw,1.91,"[1.8,2.2)",0.4992827177367116,"[0.42,0.55)",market_favorite,B365_OPEN,False,-1.0
2023-03-04,2023-03,D1,Union Berlin,FC Koln,draw,draw,3.4,"[2.8,3.5)",0.28047940908150565,"[0.28,0.34)",market_non_favorite,B365_OPEN,True,2.4
2023-03-04,2023-03,D1,Union Berlin,FC Koln,away,draw,4.33,"[4.0,5.0)",0.2202378731817827,"[0.20,0.28)",market_non_favorite,B365_OPEN,False,-1.0
2023-03-05,2023-03,D1,Leverkusen,Hertha,home,home,1.53,"[1.0,1.8)",0.6175562417291575,"[0.55,1.00]",market_favorite,B365_OPEN,True,0.53
2023-03-05,2023-03,D1,Leverkusen,Hertha,draw,home,4.2,"[4.0,5.0)",0.22496691662990734,"[0.20,0.28)",market_non_favorite,B365_OPEN,False,-1.0
2023-03-05,2023-03,D1,Leverkusen,Hertha,away,home,6.0,"[5.0,7.0)",0.15747684164093514,"[0.00,0.20)",market_non_favorite,B365_OPEN,False,-1.0
2023-03-05,2023-03,D1,Wolfsburg,Ein Frankfurt,home,draw,2.45,"[2.2,2.8)",0.3883495145631068,"[0.34,0.42)",market_favorite,B365_OPEN,False,-1.0
2023-03-05,2023-03,D1,Wolfsburg,Ein Frankfurt,draw,draw,3.5,"[3.5,4.0)",0.27184466019417475,"[0.20,0.28)",market_non_favorite,B365_OPEN,True,2.5
2023-03-05,2023-03,D1,Wolfsburg,Ein Frankfurt,away,draw,2.8,"[2.8,3.5)",0.33980582524271846,"[0.28,0.34)",market_non_favorite,B365_OPEN,False,-1.0
2023-03-10,2023-03,D1,FC Koln,Bochum,home,away,1.73,"[1.0,1.8)",0.5477819635580841,"[0.42,0.55)",market_favorite,B365_OPEN,False,-1.0
2023-03-10,2023-03,D1,FC Koln,Bochum,draw,away,3.75,"[3.5,4.0)",0.25271007918812943,"[0.20,0.28)",market_non_favorite,B365_OPEN,False,-1.0
2023-03-10,2023-03,D1,FC Koln,Bochum,away,away,4.75,"[4.0,5.0)",0.1995079572537864,"[0.00,0.20)",market_non_favorite,B365_OPEN,True,3.75
2023-03-11,2023-03,D1,RB Leipzig,M'gladbach,home,home,1.4,"[1.0,1.8)",0.6756756756756757,"[0.55,1.00]",market_favorite,B365_OPEN,True,0.3999999999999999
2023-03-11,2023-03,D1,RB Leipzig,M'gladbach,draw,home,5.0,"[5.0,7.0)",0.1891891891891892,"[0.00,0.20)",market_non_favorite,B365_OPEN,False,-1.0
2023-03-11,2023-03,D1,RB Leipzig,M'gladbach,away,home,7.0,"[7.0,inf)",0.13513513513513511,"[0.00,0.20)",market_non_favorite,B365_OPEN,False,-1.0
2023-03-11,2023-03,D1,Hertha,Mainz,home,draw,2.9,"[2.8,3.5)",0.329314093694406,"[0.28,0.34)",market_non_favorite,B365_OPEN,False,-1.0
2023-03-11,2023-03,D1,Hertha,Mainz,draw,draw,3.4,"[2.8,3.5)",0.2808855505040522,"[0.28,0.34)",market_non_favorite,B365_OPEN,True,2.4
2023-03-11,2023-03,D1,Hertha,Mainz,away,draw,2.45,"[2.2,2.8)",0.3898003558015417,"[0.34,0.42)",market_favorite,B365_OPEN,False,-1.0
2023-03-11,2023-03,D1,Ein Frankfurt,Stuttgart,home,draw,1.8,"[1.8,2.2)",0.532319391634981,"[0.42,0.55)",market_favorite,B365_OPEN,False,-1.0
2023-03-11,2023-03,D1,Ein Frankfurt,Stuttgart,draw,draw,4.0,"[4.0,5.0)",0.23954372623574144,"[0.20,0.28)",market_non_favorite,B365_OPEN,True,3.0
2023-03-11,2023-03,D1,Ein Frankfurt,Stuttgart,away,draw,4.2,"[4.0,5.0)",0.22813688212927755,"[0.20,0.28)",market_non_favorite,B365_OPEN,False,-1.0
2023-03-11,2023-03,D1,Bayern Munich,Augsburg,home,home,1.13,"[1.0,1.8)",0.8438610343466245,"[0.55,1.00]",market_favorite,B365_OPEN,True,0.1299999999999999
2023-03-11,2023-03,D1,Bayern Munich,Augsburg,draw,home,9.0,"[7.0,inf)",0.10595144097907619,"[0.00,0.20)",market_non_favorite,B365_OPEN,False,-1.0
2023-03-11,2023-03,D1,Bayern Munich,Augsburg,away,home,19.0,"[7.0,inf)",0.050187524674299246,"[0.00,0.20)",market_non_favorite,B365_OPEN,False,-1.0
2023-03-11,2023-03,D1,Schalke 04,Dortmund,home,draw,4.5,"[4.0,5.0)",0.21158844213423023,"[0.20,0.28)",market_non_favorite,B365_OPEN,False,-1.0
2023-03-11,2023-03,D1,Schalke 04,Dortmund,draw,draw,4.0,"[4.0,5.0)",0.238036997401009,"[0.20,0.28)",market_non_favorite,B365_OPEN,True,3.0
2023-03-11,2023-03,D1,Schalke 04,Dortmund,away,draw,1.73,"[1.0,1.8)",0.5503745604647607,"[0.55,1.00]",market_favorite,B365_OPEN,False,-1.0
2023-03-12,2023-03,D1,Freiburg,Hoffenheim,home,home,1.91,"[1.8,2.2)",0.49799419006778256,"[0.42,0.55)",market_favorite,B365_OPEN,True,0.9099999999999999
2023-03-12,2023-03,D1,Freiburg,Hoffenheim,draw,home,3.6,"[3.5,4.0)",0.2642135841748513,"[0.20,0.28)",market_non_favorite,B365_OPEN,False,-1.0
2023-03-12,2023-03,D1,Freiburg,Hoffenheim,away,home,4.0,"[4.0,5.0)",0.23779222575736617,"[0.20,0.28)",market_non_favorite,B365_OPEN,False,-1.0
2023-03-12,2023-03,D1,Werder Bremen,Leverkusen,home,away,3.3,"[2.8,3.5)",0.2897350993377484,"[0.28,0.34)",market_non_favorite,B365_OPEN,False,-1.0
2023-03-12,2023-03,D1,Werder Bremen,Leverkusen,draw,away,3.75,"[3.5,4.0)",0.25496688741721857,"[0.20,0.28)",market_non_favorite,B365_OPEN,False,-1.0
2023-03-12,2023-03,D1,Werder Bremen,Leverkusen,away,away,2.1,"[1.8,2.2)",0.4552980132450331,"[0.42,0.55)",market_favorite,B365_OPEN,True,1.1
2023-03-12,2023-03,D1,Wolfsburg,Union Berlin,home,draw,2.25,"[2.2,2.8)",0.4212076583210604,"[0.42,0.55)",market_favorite,B365_OPEN,False,-1.0
2023-03-12,2023-03,D1,Wolfsburg,Union Berlin,draw,draw,3.25,"[2.8,3.5)",0.2916053019145803,"[0.28,0.34)",market_non_favorite,B365_OPEN,True,2.25
2023-03-12,2023-03,D1,Wolfsburg,Union Berlin,away,draw,3.3,"[2.8,3.5)",0.2871870397643594,"[0.28,0.34)",market_non_favorite,B365_OPEN,False,-1.0
2023-03-17,2023-03,D1,M'gladbach,Werder Bremen,home,draw,1.8,"[1.8,2.2)",0.532319391634981,"[0.42,0.55)",market_favorite,B365_OPEN,False,-1.0
2023-03-17,2023-03,D1,M'gladbach,Werder Bremen,draw,draw,4.0,"[4.0,5.0)",0.23954372623574144,"[0.20,0.28)",market_non_favorite,B365_OPEN,True,3.0
2023-03-17,2023-03,D1,M'gladbach,Werder Bremen,away,draw,4.2,"[4.0,5.0)",0.22813688212927755,"[0.20,0.28)",market_non_favorite,B365_OPEN,False,-1.0
2023-03-18,2023-03,D1,Stuttgart,Wolfsburg,home,away,2.38,"[2.2,2.8)",0.3967168262653899,"[0.34,0.42)",market_favorite,B365_OPEN,False,-1.0
2023-03-18,2023-03,D1,Stuttgart,Wolfsburg,draw,away,3.4,"[2.8,3.5)",0.2777017783857729,"[0.20,0.28)",market_non_favorite,B365_OPEN,False,-1.0
2023-03-18,2023-03,D1,Stuttgart,Wolfsburg,away,away,2.9,"[2.8,3.5)",0.32558139534883723,"[0.28,0.34)",market_non_favorite,B365_OPEN,True,1.9
2023-03-18,2023-03,D1,Hoffenheim,Hertha,home,home,2.05,"[1.8,2.2)",0.46052631578947373,"[0.42,0.55)",market_favorite,B365_OPEN,True,1.0499999999999998
2023-03-18,2023-03,D1,Hoffenheim,Hertha,draw,home,3.5,"[3.5,4.0)",0.26973684210526316,"[0.20,0.28)",market_non_favorite,B365_OPEN,False,-1.0
2023-03-18,2023-03,D1,Hoffenheim,Hertha,away,home,3.5,"[3.5,4.0)",0.26973684210526316,"[0.20,0.28)",market_non_favorite,B365_OPEN,False,-1.0
2023-03-18,2023-03,D1,Dortmund,FC Koln,home,home,1.45,"[1.0,1.8)",0.6543046357615894,"[0.55,1.00]",market_favorite,B365_OPEN,True,0.44999999999999996
2023-03-18,2023-03,D1,Dortmund,FC Koln,draw,home,4.75,"[4.0,5.0)",0.1997350993377483,"[0.00,0.20)",market_non_favorite,B365_OPEN,False,-1.0
2023-03-18,2023-03,D1,Dortmund,FC Koln,away,home,6.5,"[5.0,7.0)",0.14596026490066225,"[0.00,0.20)",market_non_favorite,B365_OPEN,False,-1.0
2023-03-18,2023-03,D1,Bochum,RB Leipzig,home,home,5.5,"[5.0,7.0)",0.17186279656351228,"[0.00,0.20)",market_non_favorite,B365_OPEN,True,4.5
2023-03-18,2023-03,D1,Bochum,RB Leipzig,draw,home,4.33,"[4.0,5.0)",0.2183014736949925,"[0.20,0.28)",market_non_favorite,B365_OPEN,False,-1.0
2023-03-18,2023-03,D1,Bochum,RB Leipzig,away,home,1.55,"[1.0,1.8)",0.6098357297414951,"[0.55,1.00]",market_favorite,B365_OPEN,False,-1.0
2023-03-18,2023-03,D1,Augsburg,Schalke 04,home,draw,2.3,"[2.2,2.8)",0.41349548842683403,"[0.34,0.42)",market_favorite,B365_OPEN,False,-1.0
2023-03-18,2023-03,D1,Augsburg,Schalke 04,draw,draw,3.4,"[2.8,3.5)",0.27971753628874063,"[0.20,0.28)",market_non_favorite,B365_OPEN,True,2.4
2023-03-18,2023-03,D1,Augsburg,Schalke 04,away,draw,3.1,"[2.8,3.5)",0.3067869752844252,"[0.28,0.34)",market_non_favorite,B365_OPEN,False,-1.0
2023-03-19,2023-03,D1,Leverkusen,Bayern Munich,home,home,5.25,"[5.0,7.0)",0.18005808325266215,"[0.00,0.20)",market_non_favorite,B365_OPEN,True,4.25
2023-03-19,2023-03,D1,Leverkusen,Bayern Munich,draw,home,4.5,"[4.0,5.0)",0.21006776379477252,"[0.20,0.28)",market_non_favorite,B365_OPEN,False,-1.0
2023-03-19,2023-03,D1,Leverkusen,Bayern Munich,away,home,1.55,"[1.0,1.8)",0.6098741529525653,"[0.55,1.00]",market_favorite,B365_OPEN,False,-1.0
2023-03-19,2023-03,D1,Mainz,Freiburg,home,draw,2.1,"[1.8,2.2)",0.44715447154471544,"[0.42,0.55)",market_favorite,B365_OPEN,False,-1.0
2023-03-19,2023-03,D1,Mainz,Freiburg,draw,draw,3.5,"[3.5,4.0)",0.2682926829268293,"[0.20,0.28)",market_non_favorite,B365_OPEN,True,2.5
2023-03-19,2023-03,D1,Mainz,Freiburg,away,draw,3.3,"[2.8,3.5)",0.28455284552845533,"[0.28,0.34)",market_non_favorite,B365_OPEN,False,-1.0
2023-03-19,2023-03,D1,Union Berlin,Ein Frankfurt,home,home,2.38,"[2.2,2.8)",0.40201005025125625,"[0.34,0.42)",market_favorite,B365_OPEN,True,1.38
2023-03-19,2023-03,D1,Union Berlin,Ein Frankfurt,draw,home,3.2,"[2.8,3.5)",0.2989949748743718,"[0.28,0.34)",market_non_favorite,B365_OPEN,False,-1.0
2023-03-19,2023-03,D1,Union Berlin,Ein Frankfurt,away,home,3.2,"[2.8,3.5)",0.2989949748743718,"[0.28,0.34)",market_non_favorite,B365_OPEN,False,-1.0
2023-03-31,2023-03,D1,Ein Frankfurt,Bochum,home,draw,1.5,"[1.0,1.8)",0.6340391980175715,"[0.55,1.00]",market_favorite,B365_OPEN,False,-1.0
2023-03-31,2023-03,D1,Ein Frankfurt,Bochum,draw,draw,4.33,"[4.0,5.0)",0.2196440639783735,"[0.20,0.28)",market_non_favorite,B365_OPEN,True,3.33
2023-03-31,2023-03,D1,Ein Frankfurt,Bochum,away,draw,6.5,"[5.0,7.0)",0.14631673800405498,"[0.00,0.20)",market_non_favorite,B365_OPEN,False,-1.0
2023-04-01,2023-04,D1,Union Berlin,Stuttgart,home,home,2.05,"[1.8,2.2)",0.46162382097281307,"[0.42,0.55)",market_favorite,B365_OPEN,True,1.0499999999999998
2023-04-01,2023-04,D1,Union Berlin,Stuttgart,draw,home,3.2,"[2.8,3.5)",0.29572776031070835,"[0.28,0.34)",market_non_favorite,B365_OPEN,False,-1.0
2023-04-01,2023-04,D1,Union Berlin,Stuttgart,away,home,3.9,"[3.5,4.0)",0.2426484187164787,"[0.20,0.28)",market_non_favorite,B365_OPEN,False,-1.0
2023-04-01,2023-04,D1,Schalke 04,Leverkusen,home,away,3.8,"[3.5,4.0)",0.24982124483353968,"[0.20,0.28)",market_non_favorite,B365_OPEN,False,-1.0
2023-04-01,2023-04,D1,Schalke 04,Leverkusen,draw,away,3.75,"[3.5,4.0)",0.25315219476465356,"[0.20,0.28)",market_non_favorite,B365_OPEN,False,-1.0
2023-04-01,2023-04,D1,Schalke 04,Leverkusen,away,away,1.91,"[1.8,2.2)",0.49702656040180676,"[0.42,0.55)",market_favorite,B365_OPEN,True,0.9099999999999999
2023-04-01,2023-04,D1,RB Leipzig,Mainz,home,away,1.53,"[1.0,1.8)",0.6179775280898876,"[0.55,1.00]",market_favorite,B365_OPEN,False,-1.0
2023-04-01,2023-04,D1,RB Leipzig,Mainz,draw,away,4.5,"[4.0,5.0)",0.21011235955056176,"[0.20,0.28)",market_non_favorite,B365_OPEN,False,-1.0
2023-04-01,2023-04,D1,RB Leipzig,Mainz,away,away,5.5,"[5.0,7.0)",0.17191011235955056,"[0.00,0.20)",market_non_favorite,B365_OPEN,True,4.5
2023-04-01,2023-04,D1,Freiburg,Hertha,home,draw,1.62,"[1.0,1.8)",0.5883926183471516,"[0.55,1.00]",market_favorite,B365_OPEN,False,-1.0
2023-04-01,2023-04,D1,Freiburg,Hertha,draw,draw,4.0,"[4.0,5.0)",0.23829901043059643,"[0.20,0.28)",market_non_favorite,B365_OPEN,True,3.0
2023-04-01,2023-04,D1,Freiburg,Hertha,away,draw,5.5,"[5.0,7.0)",0.17330837122225196,"[0.00,0.20)",market_non_favorite,B365_OPEN,False,-1.0
2023-04-01,2023-04,D1,Bayern Munich,Dortmund,home,home,1.45,"[1.0,1.8)",0.6528835690968444,"[0.55,1.00]",market_favorite,B365_OPEN,True,0.44999999999999996
2023-04-01,2023-04,D1,Bayern Munich,Dortmund,draw,home,5.0,"[5.0,7.0)",0.18933623503808486,"[0.00,0.20)",market_non_favorite,B365_OPEN,False,-1.0
2023-04-01,2023-04,D1,Bayern Munich,Dortmund,away,home,6.0,"[5.0,7.0)",0.15778019586507072,"[0.00,0.20)",market_non_favorite,B365_OPEN,False,-1.0
2023-04-01,2023-04,D1,Wolfsburg,Augsburg,home,draw,1.62,"[1.0,1.8)",0.5883926183471516,"[0.55,1.00]",market_favorite,B365_OPEN,False,-1.0
2023-04-01,2023-04,D1,Wolfsburg,Augsburg,draw,draw,4.0,"[4.0,5.0)",0.23829901043059643,"[0.20,0.28)",market_non_favorite,B365_OPEN,True,3.0
2023-04-01,2023-04,D1,Wolfsburg,Augsburg,away,draw,5.5,"[5.0,7.0)",0.17330837122225196,"[0.00,0.20)",market_non_favorite,B365_OPEN,False,-1.0
2023-04-02,2023-04,D1,FC Koln,M'gladbach,home,draw,2.25,"[2.2,2.8)",0.42105263157894735,"[0.42,0.55)",market_favorite,B365_OPEN,False,-1.0
2023-04-02,2023-04,D1,FC Koln,M'gladbach,draw,draw,3.6,"[3.5,4.0)",0.2631578947368421,"[0.20,0.28)",market_non_favorite,B365_OPEN,True,2.6
2023-04-02,2023-04,D1,FC Koln,M'gladbach,away,draw,3.0,"[2.8,3.5)",0.3157894736842105,"[0.28,0.34)",market_non_favorite,B365_OPEN,False,-1.0
2023-04-02,2023-04,D1,Werder Bremen,Hoffenheim,home,away,2.3,"[2.2,2.8)",0.41257367387033406,"[0.34,0.42)",market_favorite,B365_OPEN,False,-1.0
2023-04-02,2023-04,D1,Werder Bremen,Hoffenheim,draw,away,3.5,"[3.5,4.0)",0.27111984282907664,"[0.20,0.28)",market_non_favorite,B365_OPEN,False,-1.0
2023-04-02,2023-04,D1,Werder Bremen,Hoffenheim,away,away,3.0,"[2.8,3.5)",0.3163064833005894,"[0.28,0.34)",market_non_favorite,B365_OPEN,True,2.0
2023-04-08,2023-04,D1,Augsburg,FC Koln,home,away,2.8,"[2.8,3.5)",0.3422818791946309,"[0.34,0.42)",market_non_favorite,B365_OPEN,False,-1.0
2023-04-08,2023-04,D1,Augsburg,FC Koln,draw,away,3.4,"[2.8,3.5)",0.28187919463087246,"[0.28,0.34)",market_non_favorite,B365_OPEN,False,-1.0
2023-04-08,2023-04,D1,Augsburg,FC Koln,away,away,2.55,"[2.2,2.8)",0.37583892617449666,"[0.34,0.42)",market_favorite,B365_OPEN,True,1.5499999999999998
2023-04-08,2023-04,D1,Freiburg,Bayern Munich,home,away,6.5,"[5.0,7.0)",0.14743263853584138,"[0.00,0.20)",market_non_favorite,B365_OPEN,False,-1.0
2023-04-08,2023-04,D1,Freiburg,Bayern Munich,draw,away,5.0,"[5.0,7.0)",0.19166243009659378,"[0.00,0.20)",market_non_favorite,B365_OPEN,False,-1.0
2023-04-08,2023-04,D1,Freiburg,Bayern Munich,away,away,1.45,"[1.0,1.8)",0.6609049313675648,"[0.55,1.00]",market_favorite,B365_OPEN,True,0.44999999999999996
2023-04-08,2023-04,D1,Hertha,RB Leipzig,home,away,5.5,"[5.0,7.0)",0.17330837122225196,"[0.00,0.20)",market_non_favorite,B365_OPEN,False,-1.0
2023-04-08,2023-04,D1,Hertha,RB Leipzig,draw,away,4.0,"[4.0,5.0)",0.23829901043059643,"[0.20,0.28)",market_non_favorite,B365_OPEN,False,-1.0
2023-04-08,2023-04,D1,Hertha,RB Leipzig,away,away,1.62,"[1.0,1.8)",0.5883926183471516,"[0.55,1.00]",market_favorite,B365_OPEN,True,0.6200000000000001
2023-04-08,2023-04,D1,Leverkusen,Ein Frankfurt,home,home,1.8,"[1.8,2.2)",0.5263157894736842,"[0.42,0.55)",market_favorite,B365_OPEN,True,0.8
2023-04-08,2023-04,D1,Leverkusen,Ein Frankfurt,draw,home,4.0,"[4.0,5.0)",0.23684210526315788,"[0.20,0.28)",market_non_favorite,B365_OPEN,False,-1.0
2023-04-08,2023-04,D1,Leverkusen,Ein Frankfurt,away,home,4.0,"[4.0,5.0)",0.23684210526315788,"[0.20,0.28)",market_non_favorite,B365_OPEN,False,-1.0
2023-04-08,2023-04,D1,Mainz,Werder Bremen,home,draw,1.7,"[1.0,1.8)",0.5608856088560886,"[0.55,1.00]",market_favorite,B365_OPEN,False,-1.0
2023-04-08,2023-04,D1,Mainz,Werder Bremen,draw,draw,4.0,"[4.0,5.0)",0.23837638376383766,"[0.20,0.28)",market_non_favorite,B365_OPEN,True,3.0
2023-04-08,2023-04,D1,Mainz,Werder Bremen,away,draw,4.75,"[4.0,5.0)",0.2007380073800738,"[0.20,0.28)",market_non_favorite,B365_OPEN,False,-1.0
2023-04-08,2023-04,D1,Dortmund,Union Berlin,home,home,1.6,"[1.0,1.8)",0.5958549222797929,"[0.55,1.00]",market_favorite,B365_OPEN,True,0.6000000000000001
2023-04-08,2023-04,D1,Dortmund,Union Berlin,draw,home,4.0,"[4.0,5.0)",0.2383419689119171,"[0.20,0.28)",market_non_favorite,B365_OPEN,False,-1.0
2023-04-08,2023-04,D1,Dortmund,Union Berlin,away,home,5.75,"[5.0,7.0)",0.16580310880829016,"[0.00,0.20)",market_non_favorite,B365_OPEN,False,-1.0
2023-04-09,2023-04,D1,Bochum,Stuttgart,home,away,3.1,"[2.8,3.5)",0.306420233463035,"[0.28,0.34)",market_non_favorite,B365_OPEN,False,-1.0
2023-04-09,2023-04,D1,Bochum,Stuttgart,draw,away,3.5,"[3.5,4.0)",0.2714007782101167,"[0.20,0.28)",market_non_favorite,B365_OPEN,False,-1.0
2023-04-09,2023-04,D1,Bochum,Stuttgart,away,away,2.25,"[2.2,2.8)",0.42217898832684825,"[0.42,0.55)",market_favorite,B365_OPEN,True,1.25
2023-04-09,2023-04,D1,Hoffenheim,Schalke 04,home,home,1.91,"[1.8,2.2)",0.49868766404199477,"[0.42,0.55)",market_favorite,B365_OPEN,True,0.9099999999999999
2023-04-09,2023-04,D1,Hoffenheim,Schalke 04,draw,home,3.8,"[3.5,4.0)",0.25065616797900264,"[0.20,0.28)",market_non_favorite,B365_OPEN,False,-1.0
2023-04-09,2023-04,D1,Hoffenheim,Schalke 04,away,home,3.8,"[3.5,4.0)",0.25065616797900264,"[0.20,0.28)",market_non_favorite,B365_OPEN,False,-1.0
2023-04-09,2023-04,D1,M'gladbach,Wolfsburg,home,home,2.38,"[2.2,2.8)",0.40201005025125625,"[0.34,0.42)",market_favorite,B365_OPEN,True,1.38
2023-04-09,2023-04,D1,M'gladbach,Wolfsburg,draw,home,3.6,"[3.5,4.0)",0.2657733109994416,"[0.20,0.28)",market_non_favorite,B365_OPEN,False,-1.0
2023-04-09,2023-04,D1,M'gladbach,Wolfsburg,away,home,2.88,"[2.8,3.5)",0.332216638749302,"[0.28,0.34)",market_non_favorite,B365_OPEN,False,-1.0
2023-04-14,2023-04,D1,Schalke 04,Hertha,home,home,2.25,"[2.2,2.8)",0.41929720071471116,"[0.34,0.42)",market_favorite,B365_OPEN,True,1.25
2023-04-14,2023-04,D1,Schalke 04,Hertha,draw,home,3.3,"[2.8,3.5)",0.2858844550327576,"[0.28,0.34)",market_non_favorite,B365_OPEN,False,-1.0
2023-04-14,2023-04,D1,Schalke 04,Hertha,away,home,3.2,"[2.8,3.5)",0.2948183442525313,"[0.28,0.34)",market_non_favorite,B365_OPEN,False,-1.0
2023-04-15,2023-04,D1,Stuttgart,Dortmund,home,draw,3.5,"[3.5,4.0)",0.26911203922280735,"[0.20,0.28)",market_non_favorite,B365_OPEN,False,-1.0
2023-04-15,2023-04,D1,Stuttgart,Dortmund,draw,draw,3.8,"[3.5,4.0)",0.24786635191574358,"[0.20,0.28)",market_non_favorite,B365_OPEN,True,2.8
2023-04-15,2023-04,D1,Stuttgart,Dortmund,away,draw,1.95,"[1.8,2.2)",0.4830216088614491,"[0.42,0.55)",market_favorite,B365_OPEN,False,-1.0
2023-04-15,2023-04,D1,RB Leipzig,Augsburg,home,home,1.25,"[1.0,1.8)",0.759124087591241,"[0.55,1.00]",market_favorite,B365_OPEN,True,0.25
2023-04-15,2023-04,D1,RB Leipzig,Augsburg,draw,home,6.5,"[5.0,7.0)",0.14598540145985403,"[0.00,0.20)",market_non_favorite,B365_OPEN,False,-1.0
2023-04-15,2023-04,D1,RB Leipzig,Augsburg,away,home,10.0,"[7.0,inf)",0.09489051094890512,"[0.00,0.20)",market_non_favorite,B365_OPEN,False,-1.0
2023-04-15,2023-04,D1,FC Koln,Mainz,home,draw,2.55,"[2.2,2.8)",0.3711340206185567,"[0.34,0.42)",market_favorite,B365_OPEN,False,-1.0
2023-04-15,2023-04,D1,FC Koln,Mainz,draw,draw,3.4,"[2.8,3.5)",0.27835051546391754,"[0.20,0.28)",market_non_favorite,B365_OPEN,True,2.4
2023-04-15,2023-04,D1,FC Koln,Mainz,away,draw,2.7,"[2.2,2.8)",0.35051546391752575,"[0.34,0.42)",market_non_favorite,B365_OPEN,False,-1.0
2023-04-15,2023-04,D1,Ein Frankfurt,M'gladbach,home,draw,1.73,"[1.0,1.8)",0.5520461161585652,"[0.55,1.00]",market_favorite,B365_OPEN,False,-1.0
2023-04-15,2023-04,D1,Ein Frankfurt,M'gladbach,draw,draw,4.2,"[4.0,5.0)",0.22739042403674234,"[0.20,0.28)",market_non_favorite,B365_OPEN,True,3.2
2023-04-15,2023-04,D1,Ein Frankfurt,M'gladbach,away,draw,4.33,"[4.0,5.0)",0.22056345980469233,"[0.20,0.28)",market_non_favorite,B365_OPEN,False,-1.0
2023-04-15,2023-04,D1,Bayern Munich,Hoffenheim,home,draw,1.22,"[1.0,1.8)",0.7851908251641764,"[0.55,1.00]",market_favorite,B365_OPEN,False,-1.0
2023-04-15,2023-04,D1,Bayern Munich,Hoffenheim,draw,draw,7.5,"[7.0,inf)",0.12772437422670602,"[0.00,0.20)",market_non_favorite,B365_OPEN,True,6.5
2023-04-15,2023-04,D1,Bayern Munich,Hoffenheim,away,draw,11.0,"[7.0,inf)",0.08708480060911775,"[0.00,0.20)",market_non_favorite,B365_OPEN,False,-1.0
2023-04-16,2023-04,D1,Werder Bremen,Freiburg,home,away,2.7,"[2.2,2.8)",0.3533254156769596,"[0.34,0.42)",market_non_favorite,B365_OPEN,False,-1.0
2023-04-16,2023-04,D1,Werder Bremen,Freiburg,draw,away,3.5,"[3.5,4.0)",0.2725653206650831,"[0.20,0.28)",market_non_favorite,B365_OPEN,False,-1.0
2023-04-16,2023-04,D1,Werder Bremen,Freiburg,away,away,2.55,"[2.2,2.8)",0.37410926365795727,"[0.34,0.42)",market_favorite,B365_OPEN,True,1.5499999999999998
2023-04-16,2023-04,D1,Wolfsburg,Leverkusen,home,draw,2.75,"[2.2,2.8)",0.3436754176610978,"[0.34,0.42)",market_non_favorite,B365_OPEN,False,-1.0
2023-04-16,2023-04,D1,Wolfsburg,Leverkusen,draw,draw,3.6,"[3.5,4.0)",0.26252983293556087,"[0.20,0.28)",market_non_favorite,B365_OPEN,True,2.6
2023-04-16,2023-04,D1,Wolfsburg,Leverkusen,away,draw,2.4,"[2.2,2.8)",0.39379474940334125,"[0.34,0.42)",market_favorite,B365_OPEN,False,-1.0
2023-04-16,2023-04,D1,Union Berlin,Bochum,home,draw,1.6,"[1.0,1.8)",0.5925155925155925,"[0.55,1.00]",market_favorite,B365_OPEN,False,-1.0
2023-04-16,2023-04,D1,Union Berlin,Bochum,draw,draw,3.8,"[3.5,4.0)",0.24948024948024947,"[0.20,0.28)",market_non_favorite,B365_OPEN,True,2.8
2023-04-16,2023-04,D1,Union Berlin,Bochum,away,draw,6.0,"[5.0,7.0)",0.15800415800415799,"[0.00,0.20)",market_non_favorite,B365_OPEN,False,-1.0
2023-04-21,2023-04,D1,Augsburg,Stuttgart,home,draw,3.2,"[2.8,3.5)",0.29609793420045905,"[0.28,0.34)",market_non_favorite,B365_OPEN,False,-1.0
2023-04-21,2023-04,D1,Augsburg,Stuttgart,draw,draw,3.6,"[3.5,4.0)",0.2631981637337414,"[0.20,0.28)",market_non_favorite,B365_OPEN,True,2.6
2023-04-21,2023-04,D1,Augsburg,Stuttgart,away,draw,2.15,"[1.8,2.2)",0.4407039020657995,"[0.42,0.55)",market_favorite,B365_OPEN,False,-1.0
2023-04-22,2023-04,D1,Mainz,Bayern Munich,home,home,5.25,"[5.0,7.0)",0.18146792525524946,"[0.00,0.20)",market_non_favorite,B365_OPEN,True,4.25
2023-04-22,2023-04,D1,Mainz,Bayern Munich,draw,home,4.5,"[4.0,5.0)",0.2117125794644577,"[0.20,0.28)",market_non_favorite,B365_OPEN,False,-1.0
2023-04-22,2023-04,D1,Mainz,Bayern Munich,away,home,1.57,"[1.0,1.8)",0.6068194952802928,"[0.55,1.00]",market_favorite,B365_OPEN,False,-1.0
2023-04-22,2023-04,D1,Hoffenheim,FC Koln,home,away,2.2,"[2.2,2.8)",0.4317656129529684,"[0.42,0.55)",market_favorite,B365_OPEN,False,-1.0
2023-04-22,2023-04,D1,Hoffenheim,FC Koln,draw,away,3.5,"[3.5,4.0)",0.27139552814186585,"[0.20,0.28)",market_non_favorite,B365_OPEN,False,-1.0
2023-04-22,2023-04,D1,Hoffenheim,FC Koln,away,away,3.2,"[2.8,3.5)",0.2968388589051658,"[0.28,0.34)",market_non_favorite,B365_OPEN,True,2.2
2023-04-22,2023-04,D1,Hertha,Werder Bremen,home,away,2.25,"[2.2,2.8)",0.42217898832684825,"[0.42,0.55)",market_favorite,B365_OPEN,False,-1.0
2023-04-22,2023-04,D1,Hertha,Werder Bremen,draw,away,3.5,"[3.5,4.0)",0.2714007782101167,"[0.20,0.28)",market_non_favorite,B365_OPEN,False,-1.0
2023-04-22,2023-04,D1,Hertha,Werder Bremen,away,away,3.1,"[2.8,3.5)",0.306420233463035,"[0.28,0.34)",market_non_favorite,B365_OPEN,True,2.1
2023-04-22,2023-04,D1,Dortmund,Ein Frankfurt,home,home,1.62,"[1.0,1.8)",0.5878712871287128,"[0.55,1.00]",market_favorite,B365_OPEN,True,0.6200000000000001
2023-04-22,2023-04,D1,Dortmund,Ein Frankfurt,draw,home,4.5,"[4.0,5.0)",0.21163366336633663,"[0.20,0.28)",market_non_favorite,B365_OPEN,False,-1.0
2023-04-22,2023-04,D1,Dortmund,Ein Frankfurt,away,home,4.75,"[4.0,5.0)",0.2004950495049505,"[0.20,0.28)",market_non_favorite,B365_OPEN,False,-1.0
2023-04-22,2023-04,D1,Bochum,Wolfsburg,home,away,3.0,"[2.8,3.5)",0.3163064833005894,"[0.28,0.34)",market_non_favorite,B365_OPEN,False,-1.0
2023-04-22,2023-04,D1,Bochum,Wolfsburg,draw,away,3.5,"[3.5,4.0)",0.27111984282907664,"[0.20,0.28)",market_non_favorite,B365_OPEN,False,-1.0
2023-04-22,2023-04,D1,Bochum,Wolfsburg,away,away,2.3,"[2.2,2.8)",0.41257367387033406,"[0.34,0.42)",market_favorite,B365_OPEN,True,1.2999999999999998
2023-04-23,2023-04,D1,Freiburg,Schalke 04,home,home,1.8,"[1.8,2.2)",0.5319148936170213,"[0.42,0.55)",market_favorite,B365_OPEN,True,0.8
2023-04-23,2023-04,D1,Freiburg,Schalke 04,draw,home,3.75,"[3.5,4.0)",0.2553191489361702,"[0.20,0.28)",market_non_favorite,B365_OPEN,False,-1.0
2023-04-23,2023-04,D1,Freiburg,Schalke 04,away,home,4.5,"[4.0,5.0)",0.21276595744680848,"[0.20,0.28)",market_non_favorite,B365_OPEN,False,-1.0
2023-04-23,2023-04,D1,Leverkusen,RB Leipzig,home,home,2.5,"[2.2,2.8)",0.37806972008145995,"[0.34,0.42)",market_favorite,B365_OPEN,True,1.5
2023-04-23,2023-04,D1,Leverkusen,RB Leipzig,draw,home,3.6,"[3.5,4.0)",0.26254841672323603,"[0.20,0.28)",market_non_favorite,B365_OPEN,False,-1.0
2023-04-23,2023-04,D1,Leverkusen,RB Leipzig,away,home,2.63,"[2.2,2.8)",0.35938186319530413,"[0.34,0.42)",market_non_favorite,B365_OPEN,False,-1.0
2023-04-23,2023-04,D1,M'gladbach,Union Berlin,home,away,2.38,"[2.2,2.8)",0.40177519440735215,"[0.34,0.42)",market_favorite,B365_OPEN,False,-1.0
2023-04-23,2023-04,D1,M'gladbach,Union Berlin,draw,away,3.3,"[2.8,3.5)",0.28976514020893884,"[0.28,0.34)",market_non_favorite,B365_OPEN,False,-1.0
2023-04-23,2023-04,D1,M'gladbach,Union Berlin,away,away,3.1,"[2.8,3.5)",0.30845966538370906,"[0.28,0.34)",market_non_favorite,B365_OPEN,True,2.1
2023-04-28,2023-04,D1,Bochum,Dortmund,home,draw,6.0,"[5.0,7.0)",0.15849056603773584,"[0.00,0.20)",market_non_favorite,B365_OPEN,False,-1.0
2023-04-28,2023-04,D1,Bochum,Dortmund,draw,draw,5.25,"[5.0,7.0)",0.1811320754716981,"[0.00,0.20)",market_non_favorite,B365_OPEN,True,4.25
2023-04-28,2023-04,D1,Bochum,Dortmund,away,draw,1.44,"[1.0,1.8)",0.660377358490566,"[0.55,1.00]",market_favorite,B365_OPEN,False,-1.0
2023-04-29,2023-04,D1,Union Berlin,Leverkusen,home,draw,2.8,"[2.8,3.5)",0.3371104815864023,"[0.28,0.34)",market_non_favorite,B365_OPEN,False,-1.0
2023-04-29,2023-04,D1,Union Berlin,Leverkusen,draw,draw,3.4,"[2.8,3.5)",0.2776203966005666,"[0.20,0.28)",market_non_favorite,B365_OPEN,True,2.4
2023-04-29,2023-04,D1,Union Berlin,Leverkusen,away,draw,2.45,"[2.2,2.8)",0.38526912181303113,"[0.34,0.42)",market_favorite,B365_OPEN,False,-1.0
2023-04-29,2023-04,D1,Stuttgart,M'gladbach,home,home,1.8,"[1.8,2.2)",0.532319391634981,"[0.42,0.55)",market_favorite,B365_OPEN,True,0.8
2023-04-29,2023-04,D1,Stuttgart,M'gladbach,draw,home,4.0,"[4.0,5.0)",0.23954372623574144,"[0.20,0.28)",market_non_favorite,B365_OPEN,False,-1.0
2023-04-29,2023-04,D1,Stuttgart,M'gladbach,away,home,4.2,"[4.0,5.0)",0.22813688212927755,"[0.20,0.28)",market_non_favorite,B365_OPEN,False,-1.0
2023-04-29,2023-04,D1,Schalke 04,Werder Bremen,home,home,2.25,"[2.2,2.8)",0.42217898832684825,"[0.42,0.55)",market_favorite,B365_OPEN,True,1.25
2023-04-29,2023-04,D1,Schalke 04,Werder Bremen,draw,home,3.5,"[3.5,4.0)",0.2714007782101167,"[0.20,0.28)",market_non_favorite,B365_OPEN,False,-1.0
2023-04-29,2023-04,D1,Schalke 04,Werder Bremen,away,home,3.1,"[2.8,3.5)",0.306420233463035,"[0.28,0.34)",market_non_favorite,B365_OPEN,False,-1.0
2023-04-29,2023-04,D1,RB Leipzig,Hoffenheim,home,home,1.44,"[1.0,1.8)",0.6624541377904606,"[0.55,1.00]",market_favorite,B365_OPEN,True,0.43999999999999995
2023-04-29,2023-04,D1,RB Leipzig,Hoffenheim,draw,home,5.0,"[5.0,7.0)",0.19078679168365267,"[0.00,0.20)",market_non_favorite,B365_OPEN,False,-1.0
2023-04-29,2023-04,D1,RB Leipzig,Hoffenheim,away,home,6.5,"[5.0,7.0)",0.14675907052588666,"[0.00,0.20)",market_non_favorite,B365_OPEN,False,-1.0
2023-04-29,2023-04,D1,FC Koln,Freiburg,home,away,2.4,"[2.2,2.8)",0.393939393939394,"[0.34,0.42)",market_favorite,B365_OPEN,False,-1.0
2023-04-29,2023-04,D1,FC Koln,Freiburg,draw,away,3.25,"[2.8,3.5)",0.2909090909090909,"[0.28,0.34)",market_non_favorite,B365_OPEN,False,-1.0
2023-04-29,2023-04,D1,FC Koln,Freiburg,away,away,3.0,"[2.8,3.5)",0.3151515151515151,"[0.28,0.34)",market_non_favorite,B365_OPEN,True,2.0
2023-04-29,2023-04,D1,Ein Frankfurt,Augsburg,home,draw,1.53,"[1.0,1.8)",0.6179775280898876,"[0.55,1.00]",market_favorite,B365_OPEN,False,-1.0
2023-04-29,2023-04,D1,Ein Frankfurt,Augsburg,draw,draw,4.5,"[4.0,5.0)",0.21011235955056176,"[0.20,0.28)",market_non_favorite,B365_OPEN,True,3.5
2023-04-29,2023-04,D1,Ein Frankfurt,Augsburg,away,draw,5.5,"[5.0,7.0)",0.17191011235955056,"[0.00,0.20)",market_non_favorite,B365_OPEN,False,-1.0
2023-04-30,2023-04,D1,Bayern Munich,Hertha,home,home,1.11,"[1.0,1.8)",0.8551239929789819,"[0.55,1.00]",market_favorite,B365_OPEN,True,0.1100000000000001
2023-04-30,2023-04,D1,Bayern Munich,Hertha,draw,home,10.0,"[7.0,inf)",0.094918763220667,"[0.00,0.20)",market_non_favorite,B365_OPEN,False,-1.0
2023-04-30,2023-04,D1,Bayern Munich,Hertha,away,home,19.0,"[7.0,inf)",0.049957243800351055,"[0.00,0.20)",market_non_favorite,B365_OPEN,False,-1.0
2023-04-30,2023-04,D1,Wolfsburg,Mainz,home,home,2.2,"[2.2,2.8)",0.4276704769412692,"[0.42,0.55)",market_favorite,B365_OPEN,True,1.2000000000000002
2023-04-30,2023-04,D1,Wolfsburg,Mainz,draw,home,3.5,"[3.5,4.0)",0.26882144264879776,"[0.20,0.28)",market_non_favorite,B365_OPEN,False,-1.0
2023-04-30,2023-04,D1,Wolfsburg,Mainz,away,home,3.1,"[2.8,3.5)",0.303508080409933,"[0.28,0.34)",market_non_favorite,B365_OPEN,False,-1.0
2023-05-05,2023-05,D1,Mainz,Schalke 04,home,away,1.62,"[1.0,1.8)",0.5835764902042518,"[0.55,1.00]",market_favorite,B365_OPEN,False,-1.0
2023-05-05,2023-05,D1,Mainz,Schalke 04,draw,away,4.0,"[4.0,5.0)",0.236348478532722,"[0.20,0.28)",market_non_favorite,B365_OPEN,False,-1.0
2023-05-05,2023-05,D1,Mainz,Schalke 04,away,away,5.25,"[5.0,7.0)",0.18007503126302626,"[0.00,0.20)",market_non_favorite,B365_OPEN,True,4.25
2023-05-05,2023-05,D1,Leverkusen,FC Koln,home,away,1.67,"[1.0,1.8)",0.5709391949757351,"[0.55,1.00]",market_favorite,B365_OPEN,False,-1.0
2023-05-05,2023-05,D1,Leverkusen,FC Koln,draw,away,4.0,"[4.0,5.0)",0.2383671139023694,"[0.20,0.28)",market_non_favorite,B365_OPEN,False,-1.0
2023-05-05,2023-05,D1,Leverkusen,FC Koln,away,away,5.0,"[5.0,7.0)",0.19069369112189552,"[0.00,0.20)",market_non_favorite,B365_OPEN,True,4.0
2023-05-06,2023-05,D1,Augsburg,Union Berlin,home,home,3.4,"[2.8,3.5)",0.27842679127725856,"[0.20,0.28)",market_non_favorite,B365_OPEN,True,2.4
2023-05-06,2023-05,D1,Augsburg,Union Berlin,draw,home,3.25,"[2.8,3.5)",0.29127725856697817,"[0.28,0.34)",market_non_favorite,B365_OPEN,False,-1.0
2023-05-06,2023-05,D1,Augsburg,Union Berlin,away,home,2.2,"[2.2,2.8)",0.43029595015576316,"[0.42,0.55)",market_favorite,B365_OPEN,False,-1.0
2023-05-06,2023-05,D1,Freiburg,RB Leipzig,home,away,4.0,"[4.0,5.0)",0.23647209203238176,"[0.20,0.28)",market_non_favorite,B365_OPEN,False,-1.0
2023-05-06,2023-05,D1,Freiburg,RB Leipzig,draw,away,3.75,"[3.5,4.0)",0.25223689816787387,"[0.20,0.28)",market_non_favorite,B365_OPEN,False,-1.0
2023-05-06,2023-05,D1,Freiburg,RB Leipzig,away,away,1.85,"[1.8,2.2)",0.5112910097997443,"[0.42,0.55)",market_favorite,B365_OPEN,True,0.8500000000000001
2023-05-06,2023-05,D1,Hoffenheim,Ein Frankfurt,home,home,2.3,"[2.2,2.8)",0.4111855061047657,"[0.34,0.42)",market_favorite,B365_OPEN,True,1.2999999999999998
2023-05-06,2023-05,D1,Hoffenheim,Ein Frankfurt,draw,home,3.6,"[3.5,4.0)",0.26270185112248917,"[0.20,0.28)",market_non_favorite,B365_OPEN,False,-1.0
2023-05-06,2023-05,D1,Hoffenheim,Ein Frankfurt,away,home,2.9,"[2.8,3.5)",0.32611264277274515,"[0.28,0.34)",market_non_favorite,B365_OPEN,False,-1.0
2023-05-06,2023-05,D1,M'gladbach,Bochum,home,home,1.85,"[1.8,2.2)",0.5129935875801552,"[0.42,0.55)",market_favorite,B365_OPEN,True,0.8500000000000001
2023-05-06,2023-05,D1,M'gladbach,Bochum,draw,home,3.8,"[3.5,4.0)",0.24974687816402294,"[0.20,0.28)",market_non_favorite,B365_OPEN,False,-1.0
2023-05-06,2023-05,D1,M'gladbach,Bochum,away,home,4.0,"[4.0,5.0)",0.2372595342558218,"[0.20,0.28)",market_non_favorite,B365_OPEN,False,-1.0
2023-05-06,2023-05,D1,Werder Bremen,Bayern Munich,home,away,8.5,"[7.0,inf)",0.11166785969935578,"[0.00,0.20)",market_non_favorite,B365_OPEN,False,-1.0
2023-05-06,2023-05,D1,Werder Bremen,Bayern Munich,draw,away,6.0,"[5.0,7.0)",0.15819613457408735,"[0.00,0.20)",market_non_favorite,B365_OPEN,False,-1.0
2023-05-06,2023-05,D1,Werder Bremen,Bayern Munich,away,away,1.3,"[1.0,1.8)",0.730136005726557,"[0.55,1.00]",market_favorite,B365_OPEN,True,0.30000000000000004
2023-05-06,2023-05,D1,Hertha,Stuttgart,home,home,3.1,"[2.8,3.5)",0.306420233463035,"[0.28,0.34)",market_non_favorite,B365_OPEN,True,2.1
2023-05-06,2023-05,D1,Hertha,Stuttgart,draw,home,3.5,"[3.5,4.0)",0.2714007782101167,"[0.20,0.28)",market_non_favorite,B365_OPEN,False,-1.0
2023-05-06,2023-05,D1,Hertha,Stuttgart,away,home,2.25,"[2.2,2.8)",0.42217898832684825,"[0.42,0.55)",market_favorite,B365_OPEN,False,-1.0
2023-05-07,2023-05,D1,Dortmund,Wolfsburg,home,home,1.44,"[1.0,1.8)",0.6558579110314486,"[0.55,1.00]",market_favorite,B365_OPEN,True,0.43999999999999995
2023-05-07,2023-05,D1,Dortmund,Wolfsburg,draw,home,5.25,"[5.0,7.0)",0.17989245559719735,"[0.00,0.20)",market_non_favorite,B365_OPEN,False,-1.0
2023-05-07,2023-05,D1,Dortmund,Wolfsburg,away,home,5.75,"[5.0,7.0)",0.1642496333713541,"[0.00,0.20)",market_non_favorite,B365_OPEN,False,-1.0
2023-05-12,2023-05,D1,FC Koln,Hertha,home,home,1.85,"[1.8,2.2)",0.5112910097997443,"[0.42,0.55)",market_favorite,B365_OPEN,True,0.8500000000000001
2023-05-12,2023-05,D1,FC Koln,Hertha,draw,home,3.75,"[3.5,4.0)",0.25223689816787387,"[0.20,0.28)",market_non_favorite,B365_OPEN,False,-1.0
2023-05-12,2023-05,D1,FC Koln,Hertha,away,home,4.0,"[4.0,5.0)",0.23647209203238176,"[0.20,0.28)",market_non_favorite,B365_OPEN,False,-1.0
2023-05-13,2023-05,D1,Bayern Munich,Schalke 04,home,home,1.13,"[1.0,1.8)",0.8478380130666799,"[0.55,1.00]",market_favorite,B365_OPEN,True,0.1299999999999999
2023-05-13,2023-05,D1,Bayern Munich,Schalke 04,draw,home,10.0,"[7.0,inf)",0.09580569547653482,"[0.00,0.20)",market_non_favorite,B365_OPEN,False,-1.0
2023-05-13,2023-05,D1,Bayern Munich,Schalke 04,away,home,17.0,"[7.0,inf)",0.05635629145678519,"[0.00,0.20)",market_non_favorite,B365_OPEN,False,-1.0
2023-05-13,2023-05,D1,Bochum,Augsburg,home,home,2.1,"[1.8,2.2)",0.45051194539249145,"[0.42,0.55)",market_favorite,B365_OPEN,True,1.1
2023-05-13,2023-05,D1,Bochum,Augsburg,draw,home,3.6,"[3.5,4.0)",0.2627986348122867,"[0.20,0.28)",market_non_favorite,B365_OPEN,False,-1.0
2023-05-13,2023-05,D1,Bochum,Augsburg,away,home,3.3,"[2.8,3.5)",0.2866894197952219,"[0.28,0.34)",market_non_favorite,B365_OPEN,False,-1.0
2023-05-13,2023-05,D1,Dortmund,M'gladbach,home,home,1.25,"[1.0,1.8)",0.759124087591241,"[0.55,1.00]",market_favorite,B365_OPEN,True,0.25
2023-05-13,2023-05,D1,Dortmund,M'gladbach,draw,home,6.5,"[5.0,7.0)",0.14598540145985403,"[0.00,0.20)",market_non_favorite,B365_OPEN,False,-1.0
2023-05-13,2023-05,D1,Dortmund,M'gladbach,away,home,10.0,"[7.0,inf)",0.09489051094890512,"[0.00,0.20)",market_non_favorite,B365_OPEN,False,-1.0
2023-05-13,2023-05,D1,Ein Frankfurt,Mainz,home,home,2.1,"[1.8,2.2)",0.45051194539249145,"[0.42,0.55)",market_favorite,B365_OPEN,True,1.1
2023-05-13,2023-05,D1,Ein Frankfurt,Mainz,draw,home,3.6,"[3.5,4.0)",0.2627986348122867,"[0.20,0.28)",market_non_favorite,B365_OPEN,False,-1.0
2023-05-13,2023-05,D1,Ein Frankfurt,Mainz,away,home,3.3,"[2.8,3.5)",0.2866894197952219,"[0.28,0.34)",market_non_favorite,B365_OPEN,False,-1.0
2023-05-13,2023-05,D1,Union Berlin,Freiburg,home,home,2.2,"[2.2,2.8)",0.4317656129529684,"[0.42,0.55)",market_favorite,B365_OPEN,True,1.2000000000000002
2023-05-13,2023-05,D1,Union Berlin,Freiburg,draw,home,3.2,"[2.8,3.5)",0.2968388589051658,"[0.28,0.34)",market_non_favorite,B365_OPEN,False,-1.0
2023-05-13,2023-05,D1,Union Berlin,Freiburg,away,home,3.5,"[3.5,4.0)",0.27139552814186585,"[0.20,0.28)",market_non_favorite,B365_OPEN,False,-1.0
2023-05-13,2023-05,D1,Wolfsburg,Hoffenheim,home,home,1.91,"[1.8,2.2)",0.49702656040180676,"[0.42,0.55)",market_favorite,B365_OPEN,True,0.9099999999999999
2023-05-13,2023-05,D1,Wolfsburg,Hoffenheim,draw,home,3.75,"[3.5,4.0)",0.25315219476465356,"[0.20,0.28)",market_non_favorite,B365_OPEN,False,-1.0
2023-05-13,2023-05,D1,Wolfsburg,Hoffenheim,away,home,3.8,"[3.5,4.0)",0.24982124483353968,"[0.20,0.28)",market_non_favorite,B365_OPEN,False,-1.0
2023-05-14,2023-05,D1,RB Leipzig,Werder Bremen,home,home,1.25,"[1.0,1.8)",0.759124087591241,"[0.55,1.00]",market_favorite,B365_OPEN,True,0.25
2023-05-14,2023-05,D1,RB Leipzig,Werder Bremen,draw,home,6.5,"[5.0,7.0)",0.14598540145985403,"[0.00,0.20)",market_non_favorite,B365_OPEN,False,-1.0
2023-05-14,2023-05,D1,RB Leipzig,Werder Bremen,away,home,10.0,"[7.0,inf)",0.09489051094890512,"[0.00,0.20)",market_non_favorite,B365_OPEN,False,-1.0
2023-05-14,2023-05,D1,Stuttgart,Leverkusen,home,draw,2.5,"[2.2,2.8)",0.378159757330637,"[0.34,0.42)",market_favorite,B365_OPEN,False,-1.0
2023-05-14,2023-05,D1,Stuttgart,Leverkusen,draw,draw,3.4,"[2.8,3.5)",0.2780586450960566,"[0.20,0.28)",market_non_favorite,B365_OPEN,True,2.4
2023-05-14,2023-05,D1,Stuttgart,Leverkusen,away,draw,2.75,"[2.2,2.8)",0.34378159757330634,"[0.34,0.42)",market_non_favorite,B365_OPEN,False,-1.0
2023-05-19,2023-05,D1,Freiburg,Wolfsburg,home,home,2.0,"[1.8,2.2)",0.47291361639824303,"[0.42,0.55)",market_favorite,B365_OPEN,True,1.0
2023-05-19,2023-05,D1,Freiburg,Wolfsburg,draw,home,3.8,"[3.5,4.0)",0.24890190336749632,"[0.20,0.28)",market_non_favorite,B365_OPEN,False,-1.0
2023-05-19,2023-05,D1,Freiburg,Wolfsburg,away,home,3.4,"[2.8,3.5)",0.2781844802342606,"[0.20,0.28)",market_non_favorite,B365_OPEN,False,-1.0
2023-05-20,2023-05,D1,Bayern Munich,RB Leipzig,home,away,1.5,"[1.0,1.8)",0.6358381502890174,"[0.55,1.00]",market_favorite,B365_OPEN,False,-1.0
2023-05-20,2023-05,D1,Bayern Munich,RB Leipzig,draw,away,5.0,"[5.0,7.0)",0.19075144508670525,"[0.00,0.20)",market_non_favorite,B365_OPEN,False,-1.0
2023-05-20,2023-05,D1,Bayern Munich,RB Leipzig,away,away,5.5,"[5.0,7.0)",0.17341040462427748,"[0.00,0.20)",market_non_favorite,B365_OPEN,True,4.5
2023-05-20,2023-05,D1,Hoffenheim,Union Berlin,home,home,2.5,"[2.2,2.8)",0.38049560351718625,"[0.34,0.42)",market_favorite,B365_OPEN,True,1.5
2023-05-20,2023-05,D1,Hoffenheim,Union Berlin,draw,home,3.4,"[2.8,3.5)",0.2797761790567546,"[0.20,0.28)",market_non_favorite,B365_OPEN,False,-1.0
2023-05-20,2023-05,D1,Hoffenheim,Union Berlin,away,home,2.8,"[2.8,3.5)",0.33972821742605913,"[0.28,0.34)",market_non_favorite,B365_OPEN,False,-1.0
2023-05-20,2023-05,D1,Schalke 04,Ein Frankfurt,home,draw,3.0,"[2.8,3.5)",0.3157894736842105,"[0.28,0.34)",market_non_favorite,B365_OPEN,False,-1.0
2023-05-20,2023-05,D1,Schalke 04,Ein Frankfurt,draw,draw,3.6,"[3.5,4.0)",0.2631578947368421,"[0.20,0.28)",market_non_favorite,B365_OPEN,True,2.6
2023-05-20,2023-05,D1,Schalke 04,Ein Frankfurt,away,draw,2.25,"[2.2,2.8)",0.42105263157894735,"[0.42,0.55)",market_favorite,B365_OPEN,False,-1.0
2023-05-20,2023-05,D1,Werder Bremen,FC Koln,home,draw,2.6,"[2.2,2.8)",0.3647199046483909,"[0.34,0.42)",market_non_favorite,B365_OPEN,False,-1.0
2023-05-20,2023-05,D1,Werder Bremen,FC Koln,draw,draw,3.6,"[3.5,4.0)",0.2634088200238379,"[0.20,0.28)",market_non_favorite,B365_OPEN,True,2.6
2023-05-20,2023-05,D1,Werder Bremen,FC Koln,away,draw,2.55,"[2.2,2.8)",0.3718712753277712,"[0.34,0.42)",market_favorite,B365_OPEN,False,-1.0
2023-05-20,2023-05,D1,Hertha,Bochum,home,draw,2.2,"[2.2,2.8)",0.43088803088803085,"[0.42,0.55)",market_favorite,B365_OPEN,False,-1.0
2023-05-20,2023-05,D1,Hertha,Bochum,draw,draw,3.6,"[3.5,4.0)",0.2633204633204633,"[0.20,0.28)",market_non_favorite,B365_OPEN,True,2.6
2023-05-20,2023-05,D1,Hertha,Bochum,away,draw,3.1,"[2.8,3.5)",0.30579150579150577,"[0.28,0.34)",market_non_favorite,B365_OPEN,False,-1.0
2023-05-21,2023-05,D1,Augsburg,Dortmund,home,away,7.0,"[7.0,inf)",0.13477477477477479,"[0.00,0.20)",market_non_favorite,B365_OPEN,False,-1.0
2023-05-21,2023-05,D1,Augsburg,Dortmund,draw,away,5.5,"[5.0,7.0)",0.17153153153153156,"[0.00,0.20)",market_non_favorite,B365_OPEN,False,-1.0
2023-05-21,2023-05,D1,Augsburg,Dortmund,away,away,1.36,"[1.0,1.8)",0.6936936936936937,"[0.55,1.00]",market_favorite,B365_OPEN,True,0.3600000000000001
2023-05-21,2023-05,D1,Leverkusen,M'gladbach,home,draw,1.45,"[1.0,1.8)",0.6542942292061772,"[0.55,1.00]",market_favorite,B365_OPEN,False,-1.0
2023-05-21,2023-05,D1,Leverkusen,M'gladbach,draw,draw,5.25,"[5.0,7.0)",0.18070983473313462,"[0.00,0.20)",market_non_favorite,B365_OPEN,True,4.25
2023-05-21,2023-05,D1,Leverkusen,M'gladbach,away,draw,5.75,"[5.0,7.0)",0.16499593606068813,"[0.00,0.20)",market_non_favorite,B365_OPEN,False,-1.0
2023-05-21,2023-05,D1,Mainz,Stuttgart,home,away,2.5,"[2.2,2.8)",0.3787575150300601,"[0.34,0.42)",market_favorite,B365_OPEN,False,-1.0
2023-05-21,2023-05,D1,Mainz,Stuttgart,draw,away,3.5,"[3.5,4.0)",0.2705410821643286,"[0.20,0.28)",market_non_favorite,B365_OPEN,False,-1.0
2023-05-21,2023-05,D1,Mainz,Stuttgart,away,away,2.7,"[2.2,2.8)",0.3507014028056112,"[0.34,0.42)",market_non_favorite,B365_OPEN,True,1.7000000000000002
2023-05-27,2023-05,D1,FC Koln,Bayern Munich,home,away,7.5,"[7.0,inf)",0.12470023980815348,"[0.00,0.20)",market_non_favorite,B365_OPEN,False,-1.0
2023-05-27,2023-05,D1,FC Koln,Bayern Munich,draw,away,6.0,"[5.0,7.0)",0.15587529976019185,"[0.00,0.20)",market_non_favorite,B365_OPEN,False,-1.0
2023-05-27,2023-05,D1,FC Koln,Bayern Munich,away,away,1.3,"[1.0,1.8)",0.7194244604316546,"[0.55,1.00]",market_favorite,B365_OPEN,True,0.30000000000000004
2023-05-27,2023-05,D1,Bochum,Leverkusen,home,home,3.25,"[2.8,3.5)",0.2909090909090909,"[0.28,0.34)",market_non_favorite,B365_OPEN,True,2.25
2023-05-27,2023-05,D1,Bochum,Leverkusen,draw,home,4.0,"[4.0,5.0)",0.23636363636363636,"[0.20,0.28)",market_non_favorite,B365_OPEN,False,-1.0
2023-05-27,2023-05,D1,Bochum,Leverkusen,away,home,2.0,"[1.8,2.2)",0.4727272727272727,"[0.42,0.55)",market_favorite,B365_OPEN,False,-1.0
2023-05-27,2023-05,D1,Dortmund,Mainz,home,draw,1.14,"[1.0,1.8)",0.8263659342796034,"[0.55,1.00]",market_favorite,B365_OPEN,False,-1.0
2023-05-27,2023-05,D1,Dortmund,Mainz,draw,draw,8.5,"[7.0,inf)",0.11083025471514679,"[0.00,0.20)",market_non_favorite,B365_OPEN,True,7.5
2023-05-27,2023-05,D1,Dortmund,Mainz,away,draw,15.0,"[7.0,inf)",0.06280381100524984,"[0.00,0.20)",market_non_favorite,B365_OPEN,False,-1.0
2023-05-27,2023-05,D1,Ein Frankfurt,Freiburg,home,home,2.4,"[2.2,2.8)",0.3954305799648506,"[0.34,0.42)",market_favorite,B365_OPEN,True,1.4
2023-05-27,2023-05,D1,Ein Frankfurt,Freiburg,draw,home,3.75,"[3.5,4.0)",0.25307557117750434,"[0.20,0.28)",market_non_favorite,B365_OPEN,False,-1.0
2023-05-27,2023-05,D1,Ein Frankfurt,Freiburg,away,home,2.7,"[2.2,2.8)",0.35149384885764495,"[0.34,0.42)",market_non_favorite,B365_OPEN,False,-1.0
2023-05-27,2023-05,D1,M'gladbach,Augsburg,home,home,2.2,"[2.2,2.8)",0.4324734446130501,"[0.42,0.55)",market_favorite,B365_OPEN,True,1.2000000000000002
2023-05-27,2023-05,D1,M'gladbach,Augsburg,draw,home,3.8,"[3.5,4.0)",0.2503793626707132,"[0.20,0.28)",market_non_favorite,B365_OPEN,False,-1.0
2023-05-27,2023-05,D1,M'gladbach,Augsburg,away,home,3.0,"[2.8,3.5)",0.31714719271623676,"[0.28,0.34)",market_non_favorite,B365_OPEN,False,-1.0
2023-05-27,2023-05,D1,Stuttgart,Hoffenheim,home,draw,1.57,"[1.0,1.8)",0.6080778339627472,"[0.55,1.00]",market_favorite,B365_OPEN,False,-1.0
2023-05-27,2023-05,D1,Stuttgart,Hoffenheim,draw,draw,4.75,"[4.0,5.0)",0.20098572617295013,"[0.20,0.28)",market_non_favorite,B365_OPEN,True,3.75
2023-05-27,2023-05,D1,Stuttgart,Hoffenheim,away,draw,5.0,"[5.0,7.0)",0.19093643986430264,"[0.00,0.20)",market_non_favorite,B365_OPEN,False,-1.0
2023-05-27,2023-05,D1,Union Berlin,Werder Bremen,home,home,1.44,"[1.0,1.8)",0.6627466613514053,"[0.55,1.00]",market_favorite,B365_OPEN,True,0.43999999999999995
2023-05-27,2023-05,D1,Union Berlin,Werder Bremen,draw,home,4.75,"[4.0,5.0)",0.20091688259916285,"[0.20,0.28)",market_non_favorite,B365_OPEN,False,-1.0
2023-05-27,2023-05,D1,Union Berlin,Werder Bremen,away,home,7.0,"[7.0,inf)",0.13633645604943193,"[0.00,0.20)",market_non_favorite,B365_OPEN,False,-1.0
2023-05-27,2023-05,D1,Wolfsburg,Hertha,home,away,1.36,"[1.0,1.8)",0.6997667444185273,"[0.55,1.00]",market_favorite,B365_OPEN,False,-1.0
2023-05-27,2023-05,D1,Wolfsburg,Hertha,draw,away,5.25,"[5.0,7.0)",0.18127290903032325,"[0.00,0.20)",market_non_favorite,B365_OPEN,False,-1.0
2023-05-27,2023-05,D1,Wolfsburg,Hertha,away,away,8.0,"[7.0,inf)",0.11896034655114963,"[0.00,0.20)",market_non_favorite,B365_OPEN,True,7.0
2023-05-27,2023-05,D1,RB Leipzig,Schalke 04,home,home,1.6,"[1.0,1.8)",0.5908776779543885,"[0.55,1.00]",market_favorite,B365_OPEN,True,0.6000000000000001
2023-05-27,2023-05,D1,RB Leipzig,Schalke 04,draw,home,4.5,"[4.0,5.0)",0.21008984105044923,"[0.20,0.28)",market_non_favorite,B365_OPEN,False,-1.0
2023-05-27,2023-05,D1,RB Leipzig,Schalke 04,away,home,4.75,"[4.0,5.0)",0.1990324809951624,"[0.00,0.20)",market_non_favorite,B365_OPEN,False,-1.0
2023-08-18,2023-08,D1,Werder Bremen,Bayern Munich,home,away,7.5,"[7.0,inf)",0.1262135922330097,"[0.00,0.20)",market_non_favorite,B365_OPEN,False,-1.0
2023-08-18,2023-08,D1,Werder Bremen,Bayern Munich,draw,away,6.5,"[5.0,7.0)",0.14563106796116507,"[0.00,0.20)",market_non_favorite,B365_OPEN,False,-1.0
2023-08-18,2023-08,D1,Werder Bremen,Bayern Munich,away,away,1.3,"[1.0,1.8)",0.7281553398058251,"[0.55,1.00]",market_favorite,B365_OPEN,True,0.30000000000000004
2023-08-19,2023-08,D1,Wolfsburg,Heidenheim,home,home,1.6,"[1.0,1.8)",0.5932203389830508,"[0.55,1.00]",market_favorite,B365_OPEN,True,0.6000000000000001
2023-08-19,2023-08,D1,Wolfsburg,Heidenheim,draw,home,4.2,"[4.0,5.0)",0.22598870056497172,"[0.20,0.28)",market_non_favorite,B365_OPEN,False,-1.0
2023-08-19,2023-08,D1,Wolfsburg,Heidenheim,away,home,5.25,"[5.0,7.0)",0.18079096045197737,"[0.00,0.20)",market_non_favorite,B365_OPEN,False,-1.0
2023-08-19,2023-08,D1,Stuttgart,Bochum,home,home,1.65,"[1.0,1.8)",0.5721710787120644,"[0.55,1.00]",market_favorite,B365_OPEN,True,0.6499999999999999
2023-08-19,2023-08,D1,Stuttgart,Bochum,draw,home,4.33,"[4.0,5.0)",0.21803285909351183,"[0.20,0.28)",market_non_favorite,B365_OPEN,False,-1.0
2023-08-19,2023-08,D1,Stuttgart,Bochum,away,home,4.5,"[4.0,5.0)",0.20979606219442362,"[0.20,0.28)",market_non_favorite,B365_OPEN,False,-1.0
2023-08-19,2023-08,D1,Leverkusen,RB Leipzig,home,home,2.45,"[2.2,2.8)",0.3888834331729352,"[0.34,0.42)",market_favorite,B365_OPEN,True,1.4500000000000002
2023-08-19,2023-08,D1,Leverkusen,RB Leipzig,draw,home,3.6,"[3.5,4.0)",0.26465678090935874,"[0.20,0.28)",market_non_favorite,B365_OPEN,False,-1.0
2023-08-19,2023-08,D1,Leverkusen,RB Leipzig,away,home,2.75,"[2.2,2.8)",0.346459785917706,"[0.34,0.42)",market_non_favorite,B365_OPEN,False,-1.0
2023-08-19,2023-08,D1,Hoffenheim,Freiburg,home,away,2.3,"[2.2,2.8)",0.4111855061047657,"[0.34,0.42)",market_favorite,B365_OPEN,False,-1.0
2023-08-19,2023-08,D1,Hoffenheim,Freiburg,draw,away,3.6,"[3.5,4.0)",0.26270185112248917,"[0.20,0.28)",market_non_favorite,B365_OPEN,False,-1.0
2023-08-19,2023-08,D1,Hoffenheim,Freiburg,away,away,2.9,"[2.8,3.5)",0.32611264277274515,"[0.28,0.34)",market_non_favorite,B365_OPEN,True,1.9
2023-08-19,2023-08,D1,Dortmund,FC Koln,home,home,1.4,"[1.0,1.8)",0.6756756756756757,"[0.55,1.00]",market_favorite,B365_OPEN,True,0.3999999999999999
2023-08-19,2023-08,D1,Dortmund,FC Koln,draw,home,5.0,"[5.0,7.0)",0.1891891891891892,"[0.00,0.20)",market_non_favorite,B365_OPEN,False,-1.0
2023-08-19,2023-08,D1,Dortmund,FC Koln,away,home,7.0,"[7.0,inf)",0.13513513513513511,"[0.00,0.20)",market_non_favorite,B365_OPEN,False,-1.0
2023-08-19,2023-08,D1,Augsburg,M'gladbach,home,draw,2.7,"[2.2,2.8)",0.3506261180679785,"[0.34,0.42)",market_non_favorite,B365_OPEN,False,-1.0
2023-08-19,2023-08,D1,Augsburg,M'gladbach,draw,draw,3.6,"[3.5,4.0)",0.2629695885509839,"[0.20,0.28)",market_non_favorite,B365_OPEN,True,2.6
2023-08-19,2023-08,D1,Augsburg,M'gladbach,away,draw,2.45,"[2.2,2.8)",0.38640429338103754,"[0.34,0.42)",market_favorite,B365_OPEN,False,-1.0
2023-08-20,2023-08,D1,Ein Frankfurt,Darmstadt,home,home,1.36,"[1.0,1.8)",0.6942607775720708,"[0.55,1.00]",market_favorite,B365_OPEN,True,0.3600000000000001
2023-08-20,2023-08,D1,Ein Frankfurt,Darmstadt,draw,home,5.25,"[5.0,7.0)",0.1798466014281936,"[0.00,0.20)",market_non_favorite,B365_OPEN,False,-1.0
2023-08-20,2023-08,D1,Ein Frankfurt,Darmstadt,away,home,7.5,"[7.0,inf)",0.12589262099973553,"[0.00,0.20)",market_non_favorite,B365_OPEN,False,-1.0
2023-08-20,2023-08,D1,Union Berlin,Mainz,home,home,1.95,"[1.8,2.2)",0.48611111111111116,"[0.42,0.55)",market_favorite,B365_OPEN,True,0.95
2023-08-20,2023-08,D1,Union Berlin,Mainz,draw,home,3.5,"[3.5,4.0)",0.2708333333333333,"[0.20,0.28)",market_non_favorite,B365_OPEN,False,-1.0
2023-08-20,2023-08,D1,Union Berlin,Mainz,away,home,3.9,"[3.5,4.0)",0.24305555555555558,"[0.20,0.28)",market_non_favorite,B365_OPEN,False,-1.0
2023-08-25,2023-08,D1,RB Leipzig,Stuttgart,home,home,1.5,"[1.0,1.8)",0.6342525399129173,"[0.55,1.00]",market_favorite,B365_OPEN,True,0.5
2023-08-25,2023-08,D1,RB Leipzig,Stuttgart,draw,home,4.75,"[4.0,5.0)",0.20029027576197386,"[0.20,0.28)",market_non_favorite,B365_OPEN,False,-1.0
2023-08-25,2023-08,D1,RB Leipzig,Stuttgart,away,home,5.75,"[5.0,7.0)",0.16545718432510886,"[0.00,0.20)",market_non_favorite,B365_OPEN,False,-1.0
2023-08-26,2023-08,D1,Heidenheim,Hoffenheim,home,away,3.0,"[2.8,3.5)",0.3157894736842105,"[0.28,0.34)",market_non_favorite,B365_OPEN,False,-1.0
2023-08-26,2023-08,D1,Heidenheim,Hoffenheim,draw,away,3.6,"[3.5,4.0)",0.2631578947368421,"[0.20,0.28)",market_non_favorite,B365_OPEN,False,-1.0
2023-08-26,2023-08,D1,Heidenheim,Hoffenheim,away,away,2.25,"[2.2,2.8)",0.42105263157894735,"[0.42,0.55)",market_favorite,B365_OPEN,True,1.25
2023-08-26,2023-08,D1,Freiburg,Werder Bremen,home,home,1.7,"[1.0,1.8)",0.5521115846571096,"[0.55,1.00]",market_favorite,B365_OPEN,True,0.7
2023-08-26,2023-08,D1,Freiburg,Werder Bremen,draw,home,3.75,"[3.5,4.0)",0.25029058504455637,"[0.20,0.28)",market_non_favorite,B365_OPEN,False,-1.0
2023-08-26,2023-08,D1,Freiburg,Werder Bremen,away,home,4.75,"[4.0,5.0)",0.19759783029833397,"[0.00,0.20)",market_non_favorite,B365_OPEN,False,-1.0
2023-08-26,2023-08,D1,FC Koln,Wolfsburg,home,away,2.3,"[2.2,2.8)",0.40930979133226325,"[0.34,0.42)",market_favorite,B365_OPEN,False,-1.0
2023-08-26,2023-08,D1,FC Koln,Wolfsburg,draw,away,3.4,"[2.8,3.5)",0.2768860353130016,"[0.20,0.28)",market_non_favorite,B365_OPEN,False,-1.0
2023-08-26,2023-08,D1,FC Koln,Wolfsburg,away,away,3.0,"[2.8,3.5)",0.3138041733547351,"[0.28,0.34)",market_non_favorite,B365_OPEN,True,2.0
2023-08-26,2023-08,D1,Darmstadt,Union Berlin,home,away,4.0,"[4.0,5.0)",0.23455440131219243,"[0.20,0.28)",market_non_favorite,B365_OPEN,False,-1.0
2023-08-26,2023-08,D1,Darmstadt,Union Berlin,draw,away,3.3,"[2.8,3.5)",0.2843083652268999,"[0.28,0.34)",market_non_favorite,B365_OPEN,False,-1.0
2023-08-26,2023-08,D1,Darmstadt,Union Berlin,away,away,1.95,"[1.8,2.2)",0.4811372334609076,"[0.42,0.55)",market_favorite,B365_OPEN,True,0.95
2023-08-26,2023-08,D1,Bochum,Dortmund,home,draw,7.0,"[7.0,inf)",0.13513513513513511,"[0.00,0.20)",market_non_favorite,B365_OPEN,False,-1.0
2023-08-26,2023-08,D1,Bochum,Dortmund,draw,draw,5.0,"[5.0,7.0)",0.1891891891891892,"[0.00,0.20)",market_non_favorite,B365_OPEN,True,4.0
2023-08-26,2023-08,D1,Bochum,Dortmund,away,draw,1.4,"[1.0,1.8)",0.6756756756756757,"[0.55,1.00]",market_favorite,B365_OPEN,False,-1.0
2023-08-26,2023-08,D1,M'gladbach,Leverkusen,home,away,3.8,"[3.5,4.0)",0.24666666666666667,"[0.20,0.28)",market_non_favorite,B365_OPEN,False,-1.0
2023-08-26,2023-08,D1,M'gladbach,Leverkusen,draw,away,3.8,"[3.5,4.0)",0.24666666666666667,"[0.20,0.28)",market_non_favorite,B365_OPEN,False,-1.0
2023-08-26,2023-08,D1,M'gladbach,Leverkusen,away,away,1.85,"[1.8,2.2)",0.5066666666666666,"[0.42,0.55)",market_favorite,B365_OPEN,True,0.8500000000000001
2023-08-27,2023-08,D1,Bayern Munich,Augsburg,home,home,1.08,"[1.0,1.8)",0.871959614502065,"[0.55,1.00]",market_favorite,B365_OPEN,True,0.08000000000000007
2023-08-27,2023-08,D1,Bayern Munich,Augsburg,draw,home,12.0,"[7.0,inf)",0.07847636530518586,"[0.00,0.20)",market_non_favorite,B365_OPEN,False,-1.0
2023-08-27,2023-08,D1,Bayern Munich,Augsburg,away,home,19.0,"[7.0,inf)",0.04956402019274896,"[0.00,0.20)",market_non_favorite,B365_OPEN,False,-1.0
2023-08-27,2023-08,D1,Mainz,Ein Frankfurt,home,draw,2.38,"[2.2,2.8)",0.39898038346447967,"[0.34,0.42)",market_favorite,B365_OPEN,False,-1.0
2023-08-27,2023-08,D1,Mainz,Ein Frankfurt,draw,draw,3.5,"[3.5,4.0)",0.27130666075584614,"[0.20,0.28)",market_non_favorite,B365_OPEN,True,2.5
2023-08-27,2023-08,D1,Mainz,Ein Frankfurt,away,draw,2.88,"[2.8,3.5)",0.32971295577967413,"[0.28,0.34)",market_non_favorite,B365_OPEN,False,-1.0
2023-09-01,2023-09,D1,Dortmund,Heidenheim,home,draw,1.25,"[1.0,1.8)",0.763271162123386,"[0.55,1.00]",market_favorite,B365_OPEN,False,-1.0
2023-09-01,2023-09,D1,Dortmund,Heidenheim,draw,draw,7.0,"[7.0,inf)",0.13629842180774748,"[0.00,0.20)",market_non_favorite,B365_OPEN,True,6.0
2023-09-01,2023-09,D1,Dortmund,Heidenheim,away,draw,9.5,"[7.0,inf)",0.10043041606886656,"[0.00,0.20)",market_non_favorite,B365_OPEN,False,-1.0
2023-09-02,2023-09,D1,Werder Bremen,Mainz,home,home,2.63,"[2.2,2.8)",0.35935014998087494,"[0.34,0.42)",market_non_favorite,B365_OPEN,True,1.63
2023-09-02,2023-09,D1,Werder Bremen,Mainz,draw,home,3.5,"[3.5,4.0)",0.2700259698427717,"[0.20,0.28)",market_non_favorite,B365_OPEN,False,-1.0
2023-09-02,2023-09,D1,Werder Bremen,Mainz,away,home,2.55,"[2.2,2.8)",0.3706238801763534,"[0.34,0.42)",market_favorite,B365_OPEN,False,-1.0
2023-09-02,2023-09,D1,Stuttgart,Freiburg,home,home,2.2,"[2.2,2.8)",0.4317656129529684,"[0.42,0.55)",market_favorite,B365_OPEN,True,1.2000000000000002
2023-09-02,2023-09,D1,Stuttgart,Freiburg,draw,home,3.5,"[3.5,4.0)",0.27139552814186585,"[0.20,0.28)",market_non_favorite,B365_OPEN,False,-1.0
2023-09-02,2023-09,D1,Stuttgart,Freiburg,away,home,3.2,"[2.8,3.5)",0.2968388589051658,"[0.28,0.34)",market_non_favorite,B365_OPEN,False,-1.0
2023-09-02,2023-09,D1,M'gladbach,Bayern Munich,home,away,8.5,"[7.0,inf)",0.11090504451038577,"[0.00,0.20)",market_non_favorite,B365_OPEN,False,-1.0
2023-09-02,2023-09,D1,M'gladbach,Bayern Munich,draw,away,5.75,"[5.0,7.0)",0.16394658753709201,"[0.00,0.20)",market_non_favorite,B365_OPEN,False,-1.0
2023-09-02,2023-09,D1,M'gladbach,Bayern Munich,away,away,1.3,"[1.0,1.8)",0.7251483679525222,"[0.55,1.00]",market_favorite,B365_OPEN,True,0.30000000000000004
2023-09-02,2023-09,D1,Leverkusen,Darmstadt,home,home,1.2,"[1.0,1.8)",0.7865168539325843,"[0.55,1.00]",market_favorite,B365_OPEN,True,0.19999999999999996
2023-09-02,2023-09,D1,Leverkusen,Darmstadt,draw,home,7.0,"[7.0,inf)",0.1348314606741573,"[0.00,0.20)",market_non_favorite,B365_OPEN,False,-1.0
2023-09-02,2023-09,D1,Leverkusen,Darmstadt,away,home,12.0,"[7.0,inf)",0.07865168539325842,"[0.00,0.20)",market_non_favorite,B365_OPEN,False,-1.0
2023-09-02,2023-09,D1,Hoffenheim,Wolfsburg,home,home,2.5,"[2.2,2.8)",0.37806972008145995,"[0.34,0.42)",market_favorite,B365_OPEN,True,1.5
2023-09-02,2023-09,D1,Hoffenheim,Wolfsburg,draw,home,3.6,"[3.5,4.0)",0.26254841672323603,"[0.20,0.28)",market_non_favorite,B365_OPEN,False,-1.0
2023-09-02,2023-09,D1,Hoffenheim,Wolfsburg,away,home,2.63,"[2.2,2.8)",0.35938186319530413,"[0.34,0.42)",market_non_favorite,B365_OPEN,False,-1.0
2023-09-02,2023-09,D1,Augsburg,Bochum,home,draw,2.0,"[1.8,2.2)",0.48387096774193555,"[0.42,0.55)",market_favorite,B365_OPEN,False,-1.0
2023-09-02,2023-09,D1,Augsburg,Bochum,draw,draw,3.75,"[3.5,4.0)",0.2580645161290323,"[0.20,0.28)",market_non_favorite,B365_OPEN,True,2.75
2023-09-02,2023-09,D1,Augsburg,Bochum,away,draw,3.75,"[3.5,4.0)",0.2580645161290323,"[0.20,0.28)",market_non_favorite,B365_OPEN,False,-1.0
2023-09-03,2023-09,D1,Ein Frankfurt,FC Koln,home,draw,2.1,"[1.8,2.2)",0.45092838196286467,"[0.42,0.55)",market_favorite,B365_OPEN,False,-1.0
2023-09-03,2023-09,D1,Ein Frankfurt,FC Koln,draw,draw,3.4,"[2.8,3.5)",0.27851458885941643,"[0.20,0.28)",market_non_favorite,B365_OPEN,True,2.4
2023-09-03,2023-09,D1,Ein Frankfurt,FC Koln,away,draw,3.5,"[3.5,4.0)",0.2705570291777188,"[0.20,0.28)",market_non_favorite,B365_OPEN,False,-1.0
2023-09-03,2023-09,D1,Union Berlin,RB Leipzig,home,away,3.4,"[2.8,3.5)",0.27842679127725856,"[0.20,0.28)",market_non_favorite,B365_OPEN,False,-1.0
2023-09-03,2023-09,D1,Union Berlin,RB Leipzig,draw,away,3.25,"[2.8,3.5)",0.29127725856697817,"[0.28,0.34)",market_non_favorite,B365_OPEN,False,-1.0
2023-09-03,2023-09,D1,Union Berlin,RB Leipzig,away,away,2.2,"[2.2,2.8)",0.43029595015576316,"[0.42,0.55)",market_favorite,B365_OPEN,True,1.2000000000000002
2023-09-15,2023-09,D1,Bayern Munich,Leverkusen,home,draw,1.65,"[1.0,1.8)",0.5769230769230769,"[0.55,1.00]",market_favorite,B365_OPEN,False,-1.0
2023-09-15,2023-09,D1,Bayern Munich,Leverkusen,draw,draw,4.5,"[4.0,5.0)",0.2115384615384615,"[0.20,0.28)",market_non_favorite,B365_OPEN,True,3.5
2023-09-15,2023-09,D1,Bayern Munich,Leverkusen,away,draw,4.5,"[4.0,5.0)",0.2115384615384615,"[0.20,0.28)",market_non_favorite,B365_OPEN,False,-1.0
2023-09-16,2023-09,D1,Wolfsburg,Union Berlin,home,home,2.25,"[2.2,2.8)",0.42285270112708895,"[0.42,0.55)",market_favorite,B365_OPEN,True,1.25
2023-09-16,2023-09,D1,Wolfsburg,Union Berlin,draw,home,3.4,"[2.8,3.5)",0.27982899339292655,"[0.20,0.28)",market_non_favorite,B365_OPEN,False,-1.0
2023-09-16,2023-09,D1,Wolfsburg,Union Berlin,away,home,3.2,"[2.8,3.5)",0.29731830547998445,"[0.28,0.34)",market_non_favorite,B365_OPEN,False,-1.0
2023-09-16,2023-09,D1,RB Leipzig,Augsburg,home,home,1.25,"[1.0,1.8)",0.7671232876712328,"[0.55,1.00]",market_favorite,B365_OPEN,True,0.25
2023-09-16,2023-09,D1,RB Leipzig,Augsburg,draw,home,7.0,"[7.0,inf)",0.136986301369863,"[0.00,0.20)",market_non_favorite,B365_OPEN,False,-1.0
2023-09-16,2023-09,D1,RB Leipzig,Augsburg,away,home,10.0,"[7.0,inf)",0.0958904109589041,"[0.00,0.20)",market_non_favorite,B365_OPEN,False,-1.0
2023-09-16,2023-09,D1,Mainz,Stuttgart,home,away,2.63,"[2.2,2.8)",0.3639535344725053,"[0.34,0.42)",market_favorite,B365_OPEN,False,-1.0
2023-09-16,2023-09,D1,Mainz,Stuttgart,draw,away,3.4,"[2.8,3.5)",0.28152876343020256,"[0.28,0.34)",market_non_favorite,B365_OPEN,False,-1.0
2023-09-16,2023-09,D1,Mainz,Stuttgart,away,away,2.7,"[2.2,2.8)",0.3545177020972921,"[0.34,0.42)",market_non_favorite,B365_OPEN,True,1.7000000000000002
2023-09-16,2023-09,D1,Freiburg,Dortmund,home,away,3.1,"[2.8,3.5)",0.30376855728968405,"[0.28,0.34)",market_non_favorite,B365_OPEN,False,-1.0
2023-09-16,2023-09,D1,Freiburg,Dortmund,draw,away,3.8,"[3.5,4.0)",0.2478111914731633,"[0.20,0.28)",market_non_favorite,B365_OPEN,False,-1.0
2023-09-16,2023-09,D1,Freiburg,Dortmund,away,away,2.1,"[1.8,2.2)",0.4484202512371526,"[0.42,0.55)",market_favorite,B365_OPEN,True,1.1
2023-09-16,2023-09,D1,FC Koln,Hoffenheim,home,away,2.25,"[2.2,2.8)",0.42538593481989706,"[0.42,0.55)",market_favorite,B365_OPEN,False,-1.0
2023-09-16,2023-09,D1,FC Koln,Hoffenheim,draw,away,3.6,"[3.5,4.0)",0.2658662092624357,"[0.20,0.28)",market_non_favorite,B365_OPEN,False,-1.0
2023-09-16,2023-09,D1,FC Koln,Hoffenheim,away,away,3.1,"[2.8,3.5)",0.30874785591766724,"[0.28,0.34)",market_non_favorite,B365_OPEN,True,2.1
2023-09-16,2023-09,D1,Bochum,Ein Frankfurt,home,draw,2.88,"[2.8,3.5)",0.332216638749302,"[0.28,0.34)",market_non_favorite,B365_OPEN,False,-1.0
2023-09-16,2023-09,D1,Bochum,Ein Frankfurt,draw,draw,3.6,"[3.5,4.0)",0.2657733109994416,"[0.20,0.28)",market_non_favorite,B365_OPEN,True,2.6
2023-09-16,2023-09,D1,Bochum,Ein Frankfurt,away,draw,2.38,"[2.2,2.8)",0.40201005025125625,"[0.34,0.42)",market_favorite,B365_OPEN,False,-1.0
2023-09-17,2023-09,D1,Darmstadt,M'gladbach,home,draw,2.9,"[2.8,3.5)",0.3281853281853282,"[0.28,0.34)",market_non_favorite,B365_OPEN,False,-1.0
2023-09-17,2023-09,D1,Darmstadt,M'gladbach,draw,draw,3.5,"[3.5,4.0)",0.2719249862107005,"[0.20,0.28)",market_non_favorite,B365_OPEN,True,2.5
2023-09-17,2023-09,D1,Darmstadt,M'gladbach,away,draw,2.38,"[2.2,2.8)",0.39988968560397137,"[0.34,0.42)",market_favorite,B365_OPEN,False,-1.0
2023-09-17,2023-09,D1,Heidenheim,Werder Bremen,home,home,2.3,"[2.2,2.8)",0.4120564669973293,"[0.34,0.42)",market_favorite,B365_OPEN,True,1.2999999999999998
2023-09-17,2023-09,D1,Heidenheim,Werder Bremen,draw,home,4.0,"[4.0,5.0)",0.23693246852346433,"[0.20,0.28)",market_non_favorite,B365_OPEN,False,-1.0
2023-09-17,2023-09,D1,Heidenheim,Werder Bremen,away,home,2.7,"[2.2,2.8)",0.3510110644792064,"[0.34,0.42)",market_non_favorite,B365_OPEN,False,-1.0
2023-09-22,2023-09,D1,Stuttgart,Darmstadt,home,home,1.36,"[1.0,1.8)",0.6792452830188679,"[0.55,1.00]",market_favorite,B365_OPEN,True,0.3600000000000001
2023-09-22,2023-09,D1,Stuttgart,Darmstadt,draw,home,4.5,"[4.0,5.0)",0.20528301886792452,"[0.20,0.28)",market_non_favorite,B365_OPEN,False,-1.0
2023-09-22,2023-09,D1,Stuttgart,Darmstadt,away,home,8.0,"[7.0,inf)",0.11547169811320755,"[0.00,0.20)",market_non_favorite,B365_OPEN,False,-1.0
2023-09-23,2023-09,D1,Werder Bremen,FC Koln,home,home,2.5,"[2.2,2.8)",0.3765084473049075,"[0.34,0.42)",market_favorite,B365_OPEN,True,1.5
2023-09-23,2023-09,D1,Werder Bremen,FC Koln,draw,home,3.6,"[3.5,4.0)",0.2614641995172969,"[0.20,0.28)",market_non_favorite,B365_OPEN,False,-1.0
2023-09-23,2023-09,D1,Werder Bremen,FC Koln,away,home,2.6,"[2.2,2.8)",0.3620273531777956,"[0.34,0.42)",market_non_favorite,B365_OPEN,False,-1.0
2023-09-23,2023-09,D1,Union Berlin,Hoffenheim,home,away,2.05,"[1.8,2.2)",0.4603234298608499,"[0.42,0.55)",market_favorite,B365_OPEN,False,-1.0
2023-09-23,2023-09,D1,Union Berlin,Hoffenheim,draw,away,3.6,"[3.5,4.0)",0.26212861978187285,"[0.20,0.28)",market_non_favorite,B365_OPEN,False,-1.0
2023-09-23,2023-09,D1,Union Berlin,Hoffenheim,away,away,3.4,"[2.8,3.5)",0.27754795035727714,"[0.20,0.28)",market_non_favorite,B365_OPEN,True,2.4
2023-09-23,2023-09,D1,M'gladbach,RB Leipzig,home,away,4.75,"[4.0,5.0)",0.19898605830164767,"[0.00,0.20)",market_non_favorite,B365_OPEN,False,-1.0
2023-09-23,2023-09,D1,M'gladbach,RB Leipzig,draw,away,4.75,"[4.0,5.0)",0.19898605830164767,"[0.00,0.20)",market_non_favorite,B365_OPEN,False,-1.0
2023-09-23,2023-09,D1,M'gladbach,RB Leipzig,away,away,1.57,"[1.0,1.8)",0.6020278833967048,"[0.55,1.00]",market_favorite,B365_OPEN,True,0.5700000000000001
2023-09-23,2023-09,D1,Dortmund,Wolfsburg,home,home,1.65,"[1.0,1.8)",0.5682242990654205,"[0.55,1.00]",market_favorite,B365_OPEN,True,0.6499999999999999
2023-09-23,2023-09,D1,Dortmund,Wolfsburg,draw,home,4.0,"[4.0,5.0)",0.23439252336448596,"[0.20,0.28)",market_non_favorite,B365_OPEN,False,-1.0
2023-09-23,2023-09,D1,Dortmund,Wolfsburg,away,home,4.75,"[4.0,5.0)",0.19738317757009344,"[0.00,0.20)",market_non_favorite,B365_OPEN,False,-1.0
2023-09-23,2023-09,D1,Bayern Munich,Bochum,home,home,1.11,"[1.0,1.8)",0.8551239929789819,"[0.55,1.00]",market_favorite,B365_OPEN,True,0.1100000000000001
2023-09-23,2023-09,D1,Bayern Munich,Bochum,draw,home,10.0,"[7.0,inf)",0.094918763220667,"[0.00,0.20)",market_non_favorite,B365_OPEN,False,-1.0
2023-09-23,2023-09,D1,Bayern Munich,Bochum,away,home,19.0,"[7.0,inf)",0.049957243800351055,"[0.00,0.20)",market_non_favorite,B365_OPEN,False,-1.0
2023-09-23,2023-09,D1,Augsburg,Mainz,home,home,2.55,"[2.2,2.8)",0.3706238801763534,"[0.34,0.42)",market_favorite,B365_OPEN,True,1.5499999999999998
2023-09-23,2023-09,D1,Augsburg,Mainz,draw,home,3.5,"[3.5,4.0)",0.2700259698427717,"[0.20,0.28)",market_non_favorite,B365_OPEN,False,-1.0
2023-09-23,2023-09,D1,Augsburg,Mainz,away,home,2.63,"[2.2,2.8)",0.35935014998087494,"[0.34,0.42)",market_non_favorite,B365_OPEN,False,-1.0
2023-09-24,2023-09,D1,Ein Frankfurt,Freiburg,home,draw,2.05,"[1.8,2.2)",0.4603234298608499,"[0.42,0.55)",market_favorite,B365_OPEN,False,-1.0
2023-09-24,2023-09,D1,Ein Frankfurt,Freiburg,draw,draw,3.6,"[3.5,4.0)",0.26212861978187285,"[0.20,0.28)",market_non_favorite,B365_OPEN,True,2.6
2023-09-24,2023-09,D1,Ein Frankfurt,Freiburg,away,draw,3.4,"[2.8,3.5)",0.27754795035727714,"[0.20,0.28)",market_non_favorite,B365_OPEN,False,-1.0
2023-09-24,2023-09,D1,Leverkusen,Heidenheim,home,home,1.22,"[1.0,1.8)",0.7755791985681615,"[0.55,1.00]",market_favorite,B365_OPEN,True,0.21999999999999997
2023-09-24,2023-09,D1,Leverkusen,Heidenheim,draw,home,6.5,"[5.0,7.0)",0.14557024957740877,"[0.00,0.20)",market_non_favorite,B365_OPEN,False,-1.0
2023-09-24,2023-09,D1,Leverkusen,Heidenheim,away,home,12.0,"[7.0,inf)",0.07885055185442974,"[0.00,0.20)",market_non_favorite,B365_OPEN,False,-1.0
2023-09-29,2023-09,D1,Hoffenheim,Dortmund,home,away,3.1,"[2.8,3.5)",0.30421072157299195,"[0.28,0.34)",market_non_favorite,B365_OPEN,False,-1.0
2023-09-29,2023-09,D1,Hoffenheim,Dortmund,draw,away,4.0,"[4.0,5.0)",0.2357633092190688,"[0.20,0.28)",market_non_favorite,B365_OPEN,False,-1.0
2023-09-29,2023-09,D1,Hoffenheim,Dortmund,away,away,2.05,"[1.8,2.2)",0.46002596920793914,"[0.42,0.55)",market_favorite,B365_OPEN,True,1.0499999999999998
2023-09-30,2023-09,D1,Wolfsburg,Ein Frankfurt,home,home,2.05,"[1.8,2.2)",0.46052631578947373,"[0.42,0.55)",market_favorite,B365_OPEN,True,1.0499999999999998
2023-09-30,2023-09,D1,Wolfsburg,Ein Frankfurt,draw,home,3.5,"[3.5,4.0)",0.26973684210526316,"[0.20,0.28)",market_non_favorite,B365_OPEN,False,-1.0
2023-09-30,2023-09,D1,Wolfsburg,Ein Frankfurt,away,home,3.5,"[3.5,4.0)",0.26973684210526316,"[0.20,0.28)",market_non_favorite,B365_OPEN,False,-1.0
2023-09-30,2023-09,D1,RB Leipzig,Bayern Munich,home,draw,3.4,"[2.8,3.5)",0.2785803583831088,"[0.20,0.28)",market_non_favorite,B365_OPEN,False,-1.0
2023-09-30,2023-09,D1,RB Leipzig,Bayern Munich,draw,draw,4.2,"[4.0,5.0)",0.22551743297680232,"[0.20,0.28)",market_non_favorite,B365_OPEN,True,3.2
2023-09-30,2023-09,D1,RB Leipzig,Bayern Munich,away,draw,1.91,"[1.8,2.2)",0.4959022086400889,"[0.42,0.55)",market_favorite,B365_OPEN,False,-1.0
2023-09-30,2023-09,D1,Mainz,Leverkusen,home,away,5.75,"[5.0,7.0)",0.16567406605305904,"[0.00,0.20)",market_non_favorite,B365_OPEN,False,-1.0
2023-09-30,2023-09,D1,Mainz,Leverkusen,draw,away,4.5,"[4.0,5.0)",0.21169463995668653,"[0.20,0.28)",market_non_favorite,B365_OPEN,False,-1.0
2023-09-30,2023-09,D1,Mainz,Leverkusen,away,away,1.53,"[1.0,1.8)",0.6226312939902545,"[0.55,1.00]",market_favorite,B365_OPEN,True,0.53
2023-09-30,2023-09,D1,Heidenheim,Union Berlin,home,home,3.0,"[2.8,3.5)",0.3157894736842105,"[0.28,0.34)",market_non_favorite,B365_OPEN,True,2.0
2023-09-30,2023-09,D1,Heidenheim,Union Berlin,draw,home,3.6,"[3.5,4.0)",0.2631578947368421,"[0.20,0.28)",market_non_favorite,B365_OPEN,False,-1.0
2023-09-30,2023-09,D1,Heidenheim,Union Berlin,away,home,2.25,"[2.2,2.8)",0.42105263157894735,"[0.42,0.55)",market_favorite,B365_OPEN,False,-1.0
2023-09-30,2023-09,D1,FC Koln,Stuttgart,home,away,2.88,"[2.8,3.5)",0.32971295577967413,"[0.28,0.34)",market_non_favorite,B365_OPEN,False,-1.0
2023-09-30,2023-09,D1,FC Koln,Stuttgart,draw,away,3.5,"[3.5,4.0)",0.27130666075584614,"[0.20,0.28)",market_non_favorite,B365_OPEN,False,-1.0
2023-09-30,2023-09,D1,FC Koln,Stuttgart,away,away,2.38,"[2.2,2.8)",0.39898038346447967,"[0.34,0.42)",market_favorite,B365_OPEN,True,1.38
2023-09-30,2023-09,D1,Bochum,M'gladbach,home,away,2.3,"[2.2,2.8)",0.41555215896064196,"[0.34,0.42)",market_favorite,B365_OPEN,False,-1.0
2023-09-30,2023-09,D1,Bochum,M'gladbach,draw,away,3.75,"[3.5,4.0)",0.2548719908291937,"[0.20,0.28)",market_non_favorite,B365_OPEN,False,-1.0
2023-09-30,2023-09,D1,Bochum,M'gladbach,away,away,2.9,"[2.8,3.5)",0.3295758502101643,"[0.28,0.34)",market_non_favorite,B365_OPEN,True,1.9
2023-10-01,2023-10,D1,Darmstadt,Werder Bremen,home,home,2.8,"[2.8,3.5)",0.3384972889233152,"[0.28,0.34)",market_non_favorite,B365_OPEN,True,1.7999999999999998
2023-10-01,2023-10,D1,Darmstadt,Werder Bremen,draw,home,3.8,"[3.5,4.0)",0.249419054996127,"[0.20,0.28)",market_non_favorite,B365_OPEN,False,-1.0
2023-10-01,2023-10,D1,Darmstadt,Werder Bremen,away,home,2.3,"[2.2,2.8)",0.4120836560805577,"[0.34,0.42)",market_favorite,B365_OPEN,False,-1.0
2023-10-01,2023-10,D1,Freiburg,Augsburg,home,home,1.73,"[1.0,1.8)",0.5565726839985353,"[0.55,1.00]",market_favorite,B365_OPEN,True,0.73
2023-10-01,2023-10,D1,Freiburg,Augsburg,draw,home,4.0,"[4.0,5.0)",0.2407176858293665,"[0.20,0.28)",market_non_favorite,B365_OPEN,False,-1.0
2023-10-01,2023-10,D1,Freiburg,Augsburg,away,home,4.75,"[4.0,5.0)",0.2027096301720981,"[0.20,0.28)",market_non_favorite,B365_OPEN,False,-1.0
2023-10-06,2023-10,D1,M'gladbach,Mainz,home,draw,2.05,"[1.8,2.2)",0.4652011310772599,"[0.42,0.55)",market_favorite,B365_OPEN,False,-1.0
2023-10-06,2023-10,D1,M'gladbach,Mainz,draw,draw,3.75,"[3.5,4.0)",0.25430995165556874,"[0.20,0.28)",market_non_favorite,B365_OPEN,True,2.75
2023-10-06,2023-10,D1,M'gladbach,Mainz,away,draw,3.4,"[2.8,3.5)",0.2804889172671714,"[0.28,0.34)",market_non_favorite,B365_OPEN,False,-1.0
2023-10-07,2023-10,D1,Werder Bremen,Hoffenheim,home,away,2.75,"[2.2,2.8)",0.3473227206946455,"[0.34,0.42)",market_non_favorite,B365_OPEN,False,-1.0
2023-10-07,2023-10,D1,Werder Bremen,Hoffenheim,draw,away,3.75,"[3.5,4.0)",0.2547033285094067,"[0.20,0.28)",market_non_favorite,B365_OPEN,False,-1.0
2023-10-07,2023-10,D1,Werder Bremen,Hoffenheim,away,away,2.4,"[2.2,2.8)",0.39797395079594794,"[0.34,0.42)",market_favorite,B365_OPEN,True,1.4
2023-10-07,2023-10,D1,Stuttgart,Wolfsburg,home,home,2.0,"[1.8,2.2)",0.4751131221719457,"[0.42,0.55)",market_favorite,B365_OPEN,True,1.0
2023-10-07,2023-10,D1,Stuttgart,Wolfsburg,draw,home,3.5,"[3.5,4.0)",0.27149321266968324,"[0.20,0.28)",market_non_favorite,B365_OPEN,False,-1.0
2023-10-07,2023-10,D1,Stuttgart,Wolfsburg,away,home,3.75,"[3.5,4.0)",0.25339366515837103,"[0.20,0.28)",market_non_favorite,B365_OPEN,False,-1.0
2023-10-07,2023-10,D1,RB Leipzig,Bochum,home,draw,1.25,"[1.0,1.8)",0.7564469914040115,"[0.55,1.00]",market_favorite,B365_OPEN,False,-1.0
2023-10-07,2023-10,D1,RB Leipzig,Bochum,draw,draw,6.0,"[5.0,7.0)",0.15759312320916904,"[0.00,0.20)",market_non_favorite,B365_OPEN,True,5.0
2023-10-07,2023-10,D1,RB Leipzig,Bochum,away,draw,11.0,"[7.0,inf)",0.08595988538681948,"[0.00,0.20)",market_non_favorite,B365_OPEN,False,-1.0
2023-10-07,2023-10,D1,Dortmund,Union Berlin,home,home,1.57,"[1.0,1.8)",0.6018171661844011,"[0.55,1.00]",market_favorite,B365_OPEN,True,0.5700000000000001
2023-10-07,2023-10,D1,Dortmund,Union Berlin,draw,home,4.33,"[4.0,5.0)",0.2182108431661685,"[0.20,0.28)",market_non_favorite,B365_OPEN,False,-1.0
2023-10-07,2023-10,D1,Dortmund,Union Berlin,away,home,5.25,"[5.0,7.0)",0.17997199064943042,"[0.00,0.20)",market_non_favorite,B365_OPEN,False,-1.0
2023-10-07,2023-10,D1,Augsburg,Darmstadt,home,away,1.85,"[1.8,2.2)",0.5112910097997443,"[0.42,0.55)",market_favorite,B365_OPEN,False,-1.0
2023-10-07,2023-10,D1,Augsburg,Darmstadt,draw,away,3.75,"[3.5,4.0)",0.25223689816787387,"[0.20,0.28)",market_non_favorite,B365_OPEN,False,-1.0
2023-10-07,2023-10,D1,Augsburg,Darmstadt,away,away,4.0,"[4.0,5.0)",0.23647209203238176,"[0.20,0.28)",market_non_favorite,B365_OPEN,True,3.0
2023-10-08,2023-10,D1,Bayern Munich,Freiburg,home,home,1.14,"[1.0,1.8)",0.8325171400587659,"[0.55,1.00]",market_favorite,B365_OPEN,True,0.1399999999999999
2023-10-08,2023-10,D1,Bayern Munich,Freiburg,draw,home,8.5,"[7.0,inf)",0.11165523996082272,"[0.00,0.20)",market_non_favorite,B365_OPEN,False,-1.0
2023-10-08,2023-10,D1,Bayern Munich,Freiburg,away,home,17.0,"[7.0,inf)",0.05582761998041136,"[0.00,0.20)",market_non_favorite,B365_OPEN,False,-1.0
2023-10-08,2023-10,D1,Ein Frankfurt,Heidenheim,home,home,1.7,"[1.0,1.8)",0.5608856088560886,"[0.55,1.00]",market_favorite,B365_OPEN,True,0.7
2023-10-08,2023-10,D1,Ein Frankfurt,Heidenheim,draw,home,4.0,"[4.0,5.0)",0.23837638376383766,"[0.20,0.28)",market_non_favorite,B365_OPEN,False,-1.0
2023-10-08,2023-10,D1,Ein Frankfurt,Heidenheim,away,home,4.75,"[4.0,5.0)",0.2007380073800738,"[0.20,0.28)",market_non_favorite,B365_OPEN,False,-1.0
2023-10-08,2023-10,D1,Leverkusen,FC Koln,home,home,1.33,"[1.0,1.8)",0.7101928819304333,"[0.55,1.00]",market_favorite,B365_OPEN,True,0.33000000000000007
2023-10-08,2023-10,D1,Leverkusen,FC Koln,draw,home,5.5,"[5.0,7.0)",0.17173755144863206,"[0.00,0.20)",market_non_favorite,B365_OPEN,False,-1.0
2023-10-08,2023-10,D1,Leverkusen,FC Koln,away,home,8.0,"[7.0,inf)",0.11806956662093454,"[0.00,0.20)",market_non_favorite,B365_OPEN,False,-1.0
2023-10-20,2023-10,D1,Dortmund,Werder Bremen,home,home,1.29,"[1.0,1.8)",0.7354501096103528,"[0.55,1.00]",market_favorite,B365_OPEN,True,0.29000000000000004
2023-10-20,2023-10,D1,Dortmund,Werder Bremen,draw,home,6.5,"[5.0,7.0)",0.14595856021497775,"[0.00,0.20)",market_non_favorite,B365_OPEN,False,-1.0
2023-10-20,2023-10,D1,Dortmund,Werder Bremen,away,home,8.0,"[7.0,inf)",0.11859133017466941,"[0.00,0.20)",market_non_favorite,B365_OPEN,False,-1.0
2023-10-21,2023-10,D1,Union Berlin,Stuttgart,home,away,2.5,"[2.2,2.8)",0.3787575150300601,"[0.34,0.42)",market_favorite,B365_OPEN,False,-1.0
2023-10-21,2023-10,D1,Union Berlin,Stuttgart,draw,away,3.5,"[3.5,4.0)",0.2705410821643286,"[0.20,0.28)",market_non_favorite,B365_OPEN,False,-1.0
2023-10-21,2023-10,D1,Union Berlin,Stuttgart,away,away,2.7,"[2.2,2.8)",0.3507014028056112,"[0.34,0.42)",market_non_favorite,B365_OPEN,True,1.7000000000000002
2023-10-21,2023-10,D1,Mainz,Bayern Munich,home,away,9.0,"[7.0,inf)",0.10552147239263804,"[0.00,0.20)",market_non_favorite,B365_OPEN,False,-1.0
2023-10-21,2023-10,D1,Mainz,Bayern Munich,draw,away,6.0,"[5.0,7.0)",0.15828220858895706,"[0.00,0.20)",market_non_favorite,B365_OPEN,False,-1.0
2023-10-21,2023-10,D1,Mainz,Bayern Munich,away,away,1.29,"[1.0,1.8)",0.7361963190184049,"[0.55,1.00]",market_favorite,B365_OPEN,True,0.29000000000000004
2023-10-21,2023-10,D1,Hoffenheim,Ein Frankfurt,home,away,2.1,"[1.8,2.2)",0.45092838196286467,"[0.42,0.55)",market_favorite,B365_OPEN,False,-1.0
2023-10-21,2023-10,D1,Hoffenheim,Ein Frankfurt,draw,away,3.5,"[3.5,4.0)",0.2705570291777188,"[0.20,0.28)",market_non_favorite,B365_OPEN,False,-1.0
2023-10-21,2023-10,D1,Hoffenheim,Ein Frankfurt,away,away,3.4,"[2.8,3.5)",0.27851458885941643,"[0.20,0.28)",market_non_favorite,B365_OPEN,True,2.4
2023-10-21,2023-10,D1,Freiburg,Bochum,home,home,1.7,"[1.0,1.8)",0.5576208178438662,"[0.55,1.00]",market_favorite,B365_OPEN,True,0.7
2023-10-21,2023-10,D1,Freiburg,Bochum,draw,home,3.75,"[3.5,4.0)",0.2527881040892193,"[0.20,0.28)",market_non_favorite,B365_OPEN,False,-1.0
2023-10-21,2023-10,D1,Freiburg,Bochum,away,home,5.0,"[5.0,7.0)",0.1895910780669145,"[0.00,0.20)",market_non_favorite,B365_OPEN,False,-1.0
2023-10-21,2023-10,D1,Darmstadt,RB Leipzig,home,away,6.5,"[5.0,7.0)",0.14530005310674457,"[0.00,0.20)",market_non_favorite,B365_OPEN,False,-1.0
2023-10-21,2023-10,D1,Darmstadt,RB Leipzig,draw,away,4.75,"[4.0,5.0)",0.19883165161975572,"[0.00,0.20)",market_non_favorite,B365_OPEN,False,-1.0
2023-10-21,2023-10,D1,Darmstadt,RB Leipzig,away,away,1.44,"[1.0,1.8)",0.6558682952734998,"[0.55,1.00]",market_favorite,B365_OPEN,True,0.43999999999999995
2023-10-21,2023-10,D1,Wolfsburg,Leverkusen,home,away,4.33,"[4.0,5.0)",0.21945293518300807,"[0.20,0.28)",market_non_favorite,B365_OPEN,False,-1.0
2023-10-21,2023-10,D1,Wolfsburg,Leverkusen,draw,away,4.0,"[4.0,5.0)",0.23755780233560622,"[0.20,0.28)",market_non_favorite,B365_OPEN,False,-1.0
2023-10-21,2023-10,D1,Wolfsburg,Leverkusen,away,away,1.75,"[1.0,1.8)",0.5429892624813857,"[0.42,0.55)",market_favorite,B365_OPEN,True,0.75
2023-10-22,2023-10,D1,FC Koln,M'gladbach,home,home,2.4,"[2.2,2.8)",0.39999999999999997,"[0.34,0.42)",market_favorite,B365_OPEN,True,1.4
2023-10-22,2023-10,D1,FC Koln,M'gladbach,draw,home,3.6,"[3.5,4.0)",0.26666666666666666,"[0.20,0.28)",market_non_favorite,B365_OPEN,False,-1.0
2023-10-22,2023-10,D1,FC Koln,M'gladbach,away,home,2.88,"[2.8,3.5)",0.3333333333333333,"[0.28,0.34)",market_non_favorite,B365_OPEN,False,-1.0
2023-10-22,2023-10,D1,Heidenheim,Augsburg,home,away,2.45,"[2.2,2.8)",0.3883495145631068,"[0.34,0.42)",market_favorite,B365_OPEN,False,-1.0
2023-10-22,2023-10,D1,Heidenheim,Augsburg,draw,away,3.5,"[3.5,4.0)",0.27184466019417475,"[0.20,0.28)",market_non_favorite,B365_OPEN,False,-1.0
2023-10-22,2023-10,D1,Heidenheim,Augsburg,away,away,2.8,"[2.8,3.5)",0.33980582524271846,"[0.28,0.34)",market_non_favorite,B365_OPEN,True,1.7999999999999998
2023-10-27,2023-10,D1,Bochum,Mainz,home,draw,2.7,"[2.2,2.8)",0.3475836431226766,"[0.34,0.42)",market_non_favorite,B365_OPEN,False,-1.0
2023-10-27,2023-10,D1,Bochum,Mainz,draw,draw,3.3,"[2.8,3.5)",0.2843866171003718,"[0.28,0.34)",market_non_favorite,B365_OPEN,True,2.3
2023-10-27,2023-10,D1,Bochum,Mainz,away,draw,2.55,"[2.2,2.8)",0.36802973977695175,"[0.34,0.42)",market_favorite,B365_OPEN,False,-1.0
2023-10-28,2023-10,D1,Stuttgart,Hoffenheim,home,away,1.85,"[1.8,2.2)",0.5129935875801552,"[0.42,0.55)",market_favorite,B365_OPEN,False,-1.0
2023-10-28,2023-10,D1,Stuttgart,Hoffenheim,draw,away,4.0,"[4.0,5.0)",0.2372595342558218,"[0.20,0.28)",market_non_favorite,B365_OPEN,False,-1.0
2023-10-28,2023-10,D1,Stuttgart,Hoffenheim,away,away,3.8,"[3.5,4.0)",0.24974687816402294,"[0.20,0.28)",market_non_favorite,B365_OPEN,True,2.8
2023-10-28,2023-10,D1,RB Leipzig,FC Koln,home,home,1.44,"[1.0,1.8)",0.6627466613514053,"[0.55,1.00]",market_favorite,B365_OPEN,True,0.43999999999999995
2023-10-28,2023-10,D1,RB Leipzig,FC Koln,draw,home,4.75,"[4.0,5.0)",0.20091688259916285,"[0.20,0.28)",market_non_favorite,B365_OPEN,False,-1.0
2023-10-28,2023-10,D1,RB Leipzig,FC Koln,away,home,7.0,"[7.0,inf)",0.13633645604943193,"[0.00,0.20)",market_non_favorite,B365_OPEN,False,-1.0
2023-10-28,2023-10,D1,M'gladbach,Heidenheim,home,home,1.8,"[1.8,2.2)",0.5263157894736842,"[0.42,0.55)",market_favorite,B365_OPEN,True,0.8
2023-10-28,2023-10,D1,M'gladbach,Heidenheim,draw,home,4.0,"[4.0,5.0)",0.23684210526315788,"[0.20,0.28)",market_non_favorite,B365_OPEN,False,-1.0
2023-10-28,2023-10,D1,M'gladbach,Heidenheim,away,home,4.0,"[4.0,5.0)",0.23684210526315788,"[0.20,0.28)",market_non_favorite,B365_OPEN,False,-1.0
2023-10-28,2023-10,D1,Bayern Munich,Darmstadt,home,home,1.06,"[1.0,1.8)",0.885659134779153,"[0.55,1.00]",market_favorite,B365_OPEN,True,0.06000000000000005
2023-10-28,2023-10,D1,Bayern Munich,Darmstadt,draw,home,12.0,"[7.0,inf)",0.07823322357215852,"[0.00,0.20)",market_non_favorite,B365_OPEN,False,-1.0
2023-10-28,2023-10,D1,Bayern Munich,Darmstadt,away,home,26.0,"[7.0,inf)",0.03610764164868855,"[0.00,0.20)",market_non_favorite,B365_OPEN,False,-1.0
2023-10-28,2023-10,D1,Augsburg,Wolfsburg,home,home,2.9,"[2.8,3.5)",0.3281853281853282,"[0.28,0.34)",market_non_favorite,B365_OPEN,True,1.9
2023-10-28,2023-10,D1,Augsburg,Wolfsburg,draw,home,3.5,"[3.5,4.0)",0.2719249862107005,"[0.20,0.28)",market_non_favorite,B365_OPEN,False,-1.0
2023-10-28,2023-10,D1,Augsburg,Wolfsburg,away,home,2.38,"[2.2,2.8)",0.39988968560397137,"[0.34,0.42)",market_favorite,B365_OPEN,False,-1.0
2023-10-28,2023-10,D1,Werder Bremen,Union Berlin,home,home,2.7,"[2.2,2.8)",0.3500611995104039,"[0.34,0.42)",market_non_favorite,B365_OPEN,True,1.7000000000000002
2023-10-28,2023-10,D1,Werder Bremen,Union Berlin,draw,home,3.3,"[2.8,3.5)",0.2864137086903305,"[0.28,0.34)",market_non_favorite,B365_OPEN,False,-1.0
2023-10-28,2023-10,D1,Werder Bremen,Union Berlin,away,home,2.6,"[2.2,2.8)",0.36352509179926557,"[0.34,0.42)",market_favorite,B365_OPEN,False,-1.0
2023-10-29,2023-10,D1,Ein Frankfurt,Dortmund,home,draw,3.4,"[2.8,3.5)",0.2792207792207792,"[0.20,0.28)",market_non_favorite,B365_OPEN,False,-1.0
2023-10-29,2023-10,D1,Ein Frankfurt,Dortmund,draw,draw,3.4,"[2.8,3.5)",0.2792207792207792,"[0.20,0.28)",market_non_favorite,B365_OPEN,True,2.4
2023-10-29,2023-10,D1,Ein Frankfurt,Dortmund,away,draw,2.15,"[1.8,2.2)",0.44155844155844154,"[0.42,0.55)",market_favorite,B365_OPEN,False,-1.0
2023-10-29,2023-10,D1,Leverkusen,Freiburg,home,home,1.29,"[1.0,1.8)",0.7397444519166105,"[0.55,1.00]",market_favorite,B365_OPEN,True,0.29000000000000004
2023-10-29,2023-10,D1,Leverkusen,Freiburg,draw,home,5.5,"[5.0,7.0)",0.1735036987222596,"[0.00,0.20)",market_non_favorite,B365_OPEN,False,-1.0
2023-10-29,2023-10,D1,Leverkusen,Freiburg,away,home,11.0,"[7.0,inf)",0.0867518493611298,"[0.00,0.20)",market_non_favorite,B365_OPEN,False,-1.0
2023-11-03,2023-11,D1,Darmstadt,Bochum,home,away,2.3,"[2.2,2.8)",0.41460324772544055,"[0.34,0.42)",market_favorite,B365_OPEN,False,-1.0
2023-11-03,2023-11,D1,Darmstadt,Bochum,draw,away,3.75,"[3.5,4.0)",0.2542899919382702,"[0.20,0.28)",market_non_favorite,B365_OPEN,False,-1.0
2023-11-03,2023-11,D1,Darmstadt,Bochum,away,away,2.88,"[2.8,3.5)",0.3311067603362893,"[0.28,0.34)",market_non_favorite,B365_OPEN,True,1.88
2023-11-04,2023-11,D1,Mainz,RB Leipzig,home,home,5.75,"[5.0,7.0)",0.1677065136011979,"[0.00,0.20)",market_non_favorite,B365_OPEN,True,4.75
2023-11-04,2023-11,D1,Mainz,RB Leipzig,draw,home,4.2,"[4.0,5.0)",0.22959820314449714,"[0.20,0.28)",market_non_favorite,B365_OPEN,False,-1.0
2023-11-04,2023-11,D1,Mainz,RB Leipzig,away,home,1.6,"[1.0,1.8)",0.602695283254305,"[0.55,1.00]",market_favorite,B365_OPEN,False,-1.0
2023-11-04,2023-11,D1,Hoffenheim,Leverkusen,home,away,5.0,"[5.0,7.0)",0.18882801015635442,"[0.00,0.20)",market_non_favorite,B365_OPEN,False,-1.0
2023-11-04,2023-11,D1,Hoffenheim,Leverkusen,draw,away,4.5,"[4.0,5.0)",0.2098089001737271,"[0.20,0.28)",market_non_favorite,B365_OPEN,False,-1.0
2023-11-04,2023-11,D1,Hoffenheim,Leverkusen,away,away,1.57,"[1.0,1.8)",0.6013630896699185,"[0.55,1.00]",market_favorite,B365_OPEN,True,0.5700000000000001
2023-11-04,2023-11,D1,Freiburg,M'gladbach,home,draw,2.1,"[1.8,2.2)",0.4527177959791511,"[0.42,0.55)",market_favorite,B365_OPEN,False,-1.0
2023-11-04,2023-11,D1,Freiburg,M'gladbach,draw,draw,3.8,"[3.5,4.0)",0.2501861504095309,"[0.20,0.28)",market_non_favorite,B365_OPEN,True,2.8
2023-11-04,2023-11,D1,Freiburg,M'gladbach,away,draw,3.2,"[2.8,3.5)",0.29709605361131797,"[0.28,0.34)",market_non_favorite,B365_OPEN,False,-1.0
2023-11-04,2023-11,D1,FC Koln,Augsburg,home,draw,2.3,"[2.2,2.8)",0.4111855061047657,"[0.34,0.42)",market_favorite,B365_OPEN,False,-1.0
2023-11-04,2023-11,D1,FC Koln,Augsburg,draw,draw,3.6,"[3.5,4.0)",0.26270185112248917,"[0.20,0.28)",market_non_favorite,B365_OPEN,True,2.6
2023-11-04,2023-11,D1,FC Koln,Augsburg,away,draw,2.9,"[2.8,3.5)",0.32611264277274515,"[0.28,0.34)",market_non_favorite,B365_OPEN,False,-1.0
2023-11-04,2023-11,D1,Dortmund,Bayern Munich,home,away,4.0,"[4.0,5.0)",0.23755780233560622,"[0.20,0.28)",market_non_favorite,B365_OPEN,False,-1.0
2023-11-04,2023-11,D1,Dortmund,Bayern Munich,draw,away,4.33,"[4.0,5.0)",0.21945293518300807,"[0.20,0.28)",market_non_favorite,B365_OPEN,False,-1.0
2023-11-04,2023-11,D1,Dortmund,Bayern Munich,away,away,1.75,"[1.0,1.8)",0.5429892624813857,"[0.42,0.55)",market_favorite,B365_OPEN,True,0.75
2023-11-04,2023-11,D1,Union Berlin,Ein Frankfurt,home,away,2.55,"[2.2,2.8)",0.3701111568546727,"[0.34,0.42)",market_favorite,B365_OPEN,False,-1.0
2023-11-04,2023-11,D1,Union Berlin,Ein Frankfurt,draw,away,3.1,"[2.8,3.5)",0.3044462741869082,"[0.28,0.34)",market_non_favorite,B365_OPEN,False,-1.0
2023-11-04,2023-11,D1,Union Berlin,Ein Frankfurt,away,away,2.9,"[2.8,3.5)",0.3254425689584191,"[0.28,0.34)",market_non_favorite,B365_OPEN,True,1.9
2023-11-05,2023-11,D1,Heidenheim,Stuttgart,home,home,4.5,"[4.0,5.0)",0.20979606219442362,"[0.20,0.28)",market_non_favorite,B365_OPEN,True,3.5
2023-11-05,2023-11,D1,Heidenheim,Stuttgart,draw,home,4.33,"[4.0,5.0)",0.21803285909351183,"[0.20,0.28)",market_non_favorite,B365_OPEN,False,-1.0
2023-11-05,2023-11,D1,Heidenheim,Stuttgart,away,home,1.65,"[1.0,1.8)",0.5721710787120644,"[0.55,1.00]",market_favorite,B365_OPEN,False,-1.0
2023-11-05,2023-11,D1,Wolfsburg,Werder Bremen,home,draw,1.7,"[1.0,1.8)",0.5601552393272963,"[0.55,1.00]",market_favorite,B365_OPEN,False,-1.0
2023-11-05,2023-11,D1,Wolfsburg,Werder Bremen,draw,draw,4.33,"[4.0,5.0)",0.21992238033635186,"[0.20,0.28)",market_non_favorite,B365_OPEN,True,3.33
2023-11-05,2023-11,D1,Wolfsburg,Werder Bremen,away,draw,4.33,"[4.0,5.0)",0.21992238033635186,"[0.20,0.28)",market_non_favorite,B365_OPEN,False,-1.0
2023-11-10,2023-11,D1,M'gladbach,Wolfsburg,home,home,2.3,"[2.2,2.8)",0.40698135660452206,"[0.34,0.42)",market_favorite,B365_OPEN,True,1.2999999999999998
2023-11-10,2023-11,D1,M'gladbach,Wolfsburg,draw,home,3.8,"[3.5,4.0)",0.24633082110273702,"[0.20,0.28)",market_non_favorite,B365_OPEN,False,-1.0
2023-11-10,2023-11,D1,M'gladbach,Wolfsburg,away,home,2.7,"[2.2,2.8)",0.346687822292741,"[0.34,0.42)",market_non_favorite,B365_OPEN,False,-1.0
2023-11-11,2023-11,D1,Stuttgart,Dortmund,home,home,2.55,"[2.2,2.8)",0.373134328358209,"[0.34,0.42)",market_favorite,B365_OPEN,True,1.5499999999999998
2023-11-11,2023-11,D1,Stuttgart,Dortmund,draw,home,3.75,"[3.5,4.0)",0.2537313432835821,"[0.20,0.28)",market_non_favorite,B365_OPEN,False,-1.0
2023-11-11,2023-11,D1,Stuttgart,Dortmund,away,home,2.55,"[2.2,2.8)",0.373134328358209,"[0.34,0.42)",market_non_favorite,B365_OPEN,False,-1.0
2023-11-11,2023-11,D1,Darmstadt,Mainz,home,draw,3.1,"[2.8,3.5)",0.306420233463035,"[0.28,0.34)",market_non_favorite,B365_OPEN,False,-1.0
2023-11-11,2023-11,D1,Darmstadt,Mainz,draw,draw,3.5,"[3.5,4.0)",0.2714007782101167,"[0.20,0.28)",market_non_favorite,B365_OPEN,True,2.5
2023-11-11,2023-11,D1,Darmstadt,Mainz,away,draw,2.25,"[2.2,2.8)",0.42217898832684825,"[0.42,0.55)",market_favorite,B365_OPEN,False,-1.0
2023-11-11,2023-11,D1,Bochum,FC Koln,home,draw,2.45,"[2.2,2.8)",0.38891095400746684,"[0.34,0.42)",market_favorite,B365_OPEN,False,-1.0
2023-11-11,2023-11,D1,Bochum,FC Koln,draw,draw,3.4,"[2.8,3.5)",0.2802446580347923,"[0.28,0.34)",market_non_favorite,B365_OPEN,True,2.4
2023-11-11,2023-11,D1,Bochum,FC Koln,away,draw,2.88,"[2.8,3.5)",0.3308443879577409,"[0.28,0.34)",market_non_favorite,B365_OPEN,False,-1.0
2023-11-11,2023-11,D1,Bayern Munich,Heidenheim,home,home,1.06,"[1.0,1.8)",0.8986105517519131,"[0.55,1.00]",market_favorite,B365_OPEN,True,0.06000000000000005
2023-11-11,2023-11,D1,Bayern Munich,Heidenheim,draw,home,17.0,"[7.0,inf)",0.05603101087394282,"[0.00,0.20)",market_non_favorite,B365_OPEN,False,-1.0
2023-11-11,2023-11,D1,Bayern Munich,Heidenheim,away,home,21.0,"[7.0,inf)",0.04535843737414418,"[0.00,0.20)",market_non_favorite,B365_OPEN,False,-1.0
2023-11-11,2023-11,D1,Augsburg,Hoffenheim,home,draw,2.63,"[2.2,2.8)",0.36206590546056916,"[0.34,0.42)",market_non_favorite,B365_OPEN,False,-1.0
2023-11-11,2023-11,D1,Augsburg,Hoffenheim,draw,draw,3.6,"[3.5,4.0)",0.26450925871147135,"[0.20,0.28)",market_non_favorite,B365_OPEN,True,2.6
2023-11-11,2023-11,D1,Augsburg,Hoffenheim,away,draw,2.55,"[2.2,2.8)",0.3734248358279596,"[0.34,0.42)",market_favorite,B365_OPEN,False,-1.0
2023-11-12,2023-11,D1,Leverkusen,Union Berlin,home,home,1.29,"[1.0,1.8)",0.7361963190184049,"[0.55,1.00]",market_favorite,B365_OPEN,True,0.29000000000000004
2023-11-12,2023-11,D1,Leverkusen,Union Berlin,draw,home,6.0,"[5.0,7.0)",0.15828220858895706,"[0.00,0.20)",market_non_favorite,B365_OPEN,False,-1.0
2023-11-12,2023-11,D1,Leverkusen,Union Berlin,away,home,9.0,"[7.0,inf)",0.10552147239263804,"[0.00,0.20)",market_non_favorite,B365_OPEN,False,-1.0
2023-11-12,2023-11,D1,RB Leipzig,Freiburg,home,home,1.44,"[1.0,1.8)",0.6624541377904606,"[0.55,1.00]",market_favorite,B365_OPEN,True,0.43999999999999995
2023-11-12,2023-11,D1,RB Leipzig,Freiburg,draw,home,5.0,"[5.0,7.0)",0.19078679168365267,"[0.00,0.20)",market_non_favorite,B365_OPEN,False,-1.0
2023-11-12,2023-11,D1,RB Leipzig,Freiburg,away,home,6.5,"[5.0,7.0)",0.14675907052588666,"[0.00,0.20)",market_non_favorite,B365_OPEN,False,-1.0
2023-11-12,2023-11,D1,Werder Bremen,Ein Frankfurt,home,draw,3.1,"[2.8,3.5)",0.3067869752844252,"[0.28,0.34)",market_non_favorite,B365_OPEN,False,-1.0
2023-11-12,2023-11,D1,Werder Bremen,Ein Frankfurt,draw,draw,3.4,"[2.8,3.5)",0.27971753628874063,"[0.20,0.28)",market_non_favorite,B365_OPEN,True,2.4
2023-11-12,2023-11,D1,Werder Bremen,Ein Frankfurt,away,draw,2.3,"[2.2,2.8)",0.41349548842683403,"[0.34,0.42)",market_favorite,B365_OPEN,False,-1.0
2023-11-24,2023-11,D1,FC Koln,Bayern Munich,home,away,9.0,"[7.0,inf)",0.10542168674698794,"[0.00,0.20)",market_non_favorite,B365_OPEN,False,-1.0
2023-11-24,2023-11,D1,FC Koln,Bayern Munich,draw,away,7.0,"[7.0,inf)",0.1355421686746988,"[0.00,0.20)",market_non_favorite,B365_OPEN,False,-1.0
2023-11-24,2023-11,D1,FC Koln,Bayern Munich,away,away,1.25,"[1.0,1.8)",0.7590361445783133,"[0.55,1.00]",market_favorite,B365_OPEN,True,0.25
2023-11-25,2023-11,D1,Wolfsburg,RB Leipzig,home,home,3.6,"[3.5,4.0)",0.2642135841748513,"[0.20,0.28)",market_non_favorite,B365_OPEN,True,2.6
2023-11-25,2023-11,D1,Wolfsburg,RB Leipzig,draw,home,4.0,"[4.0,5.0)",0.23779222575736617,"[0.20,0.28)",market_non_favorite,B365_OPEN,False,-1.0
2023-11-25,2023-11,D1,Wolfsburg,RB Leipzig,away,home,1.91,"[1.8,2.2)",0.49799419006778256,"[0.42,0.55)",market_favorite,B365_OPEN,False,-1.0
2023-11-25,2023-11,D1,Werder Bremen,Leverkusen,home,away,6.5,"[5.0,7.0)",0.14743263853584138,"[0.00,0.20)",market_non_favorite,B365_OPEN,False,-1.0
2023-11-25,2023-11,D1,Werder Bremen,Leverkusen,draw,away,5.0,"[5.0,7.0)",0.19166243009659378,"[0.00,0.20)",market_non_favorite,B365_OPEN,False,-1.0
2023-11-25,2023-11,D1,Werder Bremen,Leverkusen,away,away,1.45,"[1.0,1.8)",0.6609049313675648,"[0.55,1.00]",market_favorite,B365_OPEN,True,0.44999999999999996
2023-11-25,2023-11,D1,Union Berlin,Augsburg,home,draw,1.95,"[1.8,2.2)",0.4866595517609392,"[0.42,0.55)",market_favorite,B365_OPEN,False,-1.0
2023-11-25,2023-11,D1,Union Berlin,Augsburg,draw,draw,3.6,"[3.5,4.0)",0.26360725720384204,"[0.20,0.28)",market_non_favorite,B365_OPEN,True,2.6
2023-11-25,2023-11,D1,Union Berlin,Augsburg,away,draw,3.8,"[3.5,4.0)",0.24973319103521877,"[0.20,0.28)",market_non_favorite,B365_OPEN,False,-1.0
2023-11-25,2023-11,D1,Freiburg,Darmstadt,home,draw,1.55,"[1.0,1.8)",0.6144269091716742,"[0.55,1.00]",market_favorite,B365_OPEN,False,-1.0
2023-11-25,2023-11,D1,Freiburg,Darmstadt,draw,draw,4.33,"[4.0,5.0)",0.21994496748639608,"[0.20,0.28)",market_non_favorite,B365_OPEN,True,3.33
2023-11-25,2023-11,D1,Freiburg,Darmstadt,away,draw,5.75,"[5.0,7.0)",0.16562812334192958,"[0.00,0.20)",market_non_favorite,B365_OPEN,False,-1.0
2023-11-25,2023-11,D1,Ein Frankfurt,Stuttgart,home,away,2.6,"[2.2,2.8)",0.3673469387755102,"[0.34,0.42)",market_favorite,B365_OPEN,False,-1.0
2023-11-25,2023-11,D1,Ein Frankfurt,Stuttgart,draw,away,3.6,"[3.5,4.0)",0.26530612244897966,"[0.20,0.28)",market_non_favorite,B365_OPEN,False,-1.0
2023-11-25,2023-11,D1,Ein Frankfurt,Stuttgart,away,away,2.6,"[2.2,2.8)",0.3673469387755102,"[0.34,0.42)",market_non_favorite,B365_OPEN,True,1.6
2023-11-25,2023-11,D1,Dortmund,M'gladbach,home,home,1.45,"[1.0,1.8)",0.6494236716333989,"[0.55,1.00]",market_favorite,B365_OPEN,True,0.44999999999999996
2023-11-25,2023-11,D1,Dortmund,M'gladbach,draw,home,5.5,"[5.0,7.0)",0.17121169524880517,"[0.00,0.20)",market_non_favorite,B365_OPEN,False,-1.0
2023-11-25,2023-11,D1,Dortmund,M'gladbach,away,home,5.25,"[5.0,7.0)",0.17936463311779588,"[0.00,0.20)",market_non_favorite,B365_OPEN,False,-1.0
2023-11-26,2023-11,D1,Heidenheim,Bochum,home,draw,2.2,"[2.2,2.8)",0.43088803088803085,"[0.42,0.55)",market_favorite,B365_OPEN,False,-1.0
2023-11-26,2023-11,D1,Heidenheim,Bochum,draw,draw,3.6,"[3.5,4.0)",0.2633204633204633,"[0.20,0.28)",market_non_favorite,B365_OPEN,True,2.6
2023-11-26,2023-11,D1,Heidenheim,Bochum,away,draw,3.1,"[2.8,3.5)",0.30579150579150577,"[0.28,0.34)",market_non_favorite,B365_OPEN,False,-1.0
2023-11-26,2023-11,D1,Hoffenheim,Mainz,home,draw,1.85,"[1.8,2.2)",0.5066666666666666,"[0.42,0.55)",market_favorite,B365_OPEN,False,-1.0
2023-11-26,2023-11,D1,Hoffenheim,Mainz,draw,draw,3.8,"[3.5,4.0)",0.24666666666666667,"[0.20,0.28)",market_non_favorite,B365_OPEN,True,2.8
2023-11-26,2023-11,D1,Hoffenheim,Mainz,away,draw,3.8,"[3.5,4.0)",0.24666666666666667,"[0.20,0.28)",market_non_favorite,B365_OPEN,False,-1.0
2023-12-01,2023-12,D1,Darmstadt,FC Koln,home,away,2.63,"[2.2,2.8)",0.3590576766856215,"[0.34,0.42)",market_non_favorite,B365_OPEN,False,-1.0
2023-12-01,2023-12,D1,Darmstadt,FC Koln,draw,away,3.4,"[2.8,3.5)",0.27774167343623074,"[0.20,0.28)",market_non_favorite,B365_OPEN,False,-1.0
2023-12-01,2023-12,D1,Darmstadt,FC Koln,away,away,2.6,"[2.2,2.8)",0.3632006498781478,"[0.34,0.42)",market_favorite,B365_OPEN,True,1.6
2023-12-02,2023-12,D1,RB Leipzig,Heidenheim,home,home,1.25,"[1.0,1.8)",0.7590361445783133,"[0.55,1.00]",market_favorite,B365_OPEN,True,0.25
2023-12-02,2023-12,D1,RB Leipzig,Heidenheim,draw,home,7.0,"[7.0,inf)",0.1355421686746988,"[0.00,0.20)",market_non_favorite,B365_OPEN,False,-1.0
2023-12-02,2023-12,D1,RB Leipzig,Heidenheim,away,home,9.0,"[7.0,inf)",0.10542168674698794,"[0.00,0.20)",market_non_favorite,B365_OPEN,False,-1.0
2023-12-02,2023-12,D1,M'gladbach,Hoffenheim,home,home,2.2,"[2.2,2.8)",0.43217286914765907,"[0.42,0.55)",market_favorite,B365_OPEN,True,1.2000000000000002
2023-12-02,2023-12,D1,M'gladbach,Hoffenheim,draw,home,4.0,"[4.0,5.0)",0.2376950780312125,"[0.20,0.28)",market_non_favorite,B365_OPEN,False,-1.0
2023-12-02,2023-12,D1,M'gladbach,Hoffenheim,away,home,2.88,"[2.8,3.5)",0.33013205282112845,"[0.28,0.34)",market_non_favorite,B365_OPEN,False,-1.0
2023-12-02,2023-12,D1,Stuttgart,Werder Bremen,home,home,1.4,"[1.0,1.8)",0.6747404844290658,"[0.55,1.00]",market_favorite,B365_OPEN,True,0.3999999999999999
2023-12-02,2023-12,D1,Stuttgart,Werder Bremen,draw,home,5.25,"[5.0,7.0)",0.17993079584775085,"[0.00,0.20)",market_non_favorite,B365_OPEN,False,-1.0
2023-12-02,2023-12,D1,Stuttgart,Werder Bremen,away,home,6.5,"[5.0,7.0)",0.1453287197231834,"[0.00,0.20)",market_non_favorite,B365_OPEN,False,-1.0
2023-12-02,2023-12,D1,Bochum,Wolfsburg,home,home,2.63,"[2.2,2.8)",0.36206590546056916,"[0.34,0.42)",market_non_favorite,B365_OPEN,True,1.63
2023-12-02,2023-12,D1,Bochum,Wolfsburg,draw,home,3.6,"[3.5,4.0)",0.26450925871147135,"[0.20,0.28)",market_non_favorite,B365_OPEN,False,-1.0
2023-12-02,2023-12,D1,Bochum,Wolfsburg,away,home,2.55,"[2.2,2.8)",0.3734248358279596,"[0.34,0.42)",market_favorite,B365_OPEN,False,-1.0
2023-12-03,2023-12,D1,Augsburg,Ein Frankfurt,home,home,2.63,"[2.2,2.8)",0.36206590546056916,"[0.34,0.42)",market_non_favorite,B365_OPEN,True,1.63
2023-12-03,2023-12,D1,Augsburg,Ein Frankfurt,draw,home,3.6,"[3.5,4.0)",0.26450925871147135,"[0.20,0.28)",market_non_favorite,B365_OPEN,False,-1.0
2023-12-03,2023-12,D1,Augsburg,Ein Frankfurt,away,home,2.55,"[2.2,2.8)",0.3734248358279596,"[0.34,0.42)",market_favorite,B365_OPEN,False,-1.0
2023-12-03,2023-12,D1,Leverkusen,Dortmund,home,draw,1.62,"[1.0,1.8)",0.5878712871287128,"[0.55,1.00]",market_favorite,B365_OPEN,False,-1.0
2023-12-03,2023-12,D1,Leverkusen,Dortmund,draw,draw,4.5,"[4.0,5.0)",0.21163366336633663,"[0.20,0.28)",market_non_favorite,B365_OPEN,True,3.5
2023-12-03,2023-12,D1,Leverkusen,Dortmund,away,draw,4.75,"[4.0,5.0)",0.2004950495049505,"[0.20,0.28)",market_non_favorite,B365_OPEN,False,-1.0
2023-12-03,2023-12,D1,Mainz,Freiburg,home,away,2.3,"[2.2,2.8)",0.41349548842683403,"[0.34,0.42)",market_favorite,B365_OPEN,False,-1.0
2023-12-03,2023-12,D1,Mainz,Freiburg,draw,away,3.4,"[2.8,3.5)",0.27971753628874063,"[0.20,0.28)",market_non_favorite,B365_OPEN,False,-1.0
2023-12-03,2023-12,D1,Mainz,Freiburg,away,away,3.1,"[2.8,3.5)",0.3067869752844252,"[0.28,0.34)",market_non_favorite,B365_OPEN,True,2.1
2023-12-08,2023-12,D1,Hoffenheim,Bochum,home,home,1.67,"[1.0,1.8)",0.5716905706876048,"[0.55,1.00]",market_favorite,B365_OPEN,True,0.6699999999999999
2023-12-08,2023-12,D1,Hoffenheim,Bochum,draw,home,4.2,"[4.0,5.0)",0.2273150602495952,"[0.20,0.28)",market_non_favorite,B365_OPEN,False,-1.0
2023-12-08,2023-12,D1,Hoffenheim,Bochum,away,home,4.75,"[4.0,5.0)",0.20099436906279997,"[0.20,0.28)",market_non_favorite,B365_OPEN,False,-1.0
2023-12-09,2023-12,D1,Wolfsburg,Freiburg,home,away,2.25,"[2.2,2.8)",0.42217898832684825,"[0.42,0.55)",market_favorite,B365_OPEN,False,-1.0
2023-12-09,2023-12,D1,Wolfsburg,Freiburg,draw,away,3.5,"[3.5,4.0)",0.2714007782101167,"[0.20,0.28)",market_non_favorite,B365_OPEN,False,-1.0
2023-12-09,2023-12,D1,Wolfsburg,Freiburg,away,away,3.1,"[2.8,3.5)",0.306420233463035,"[0.28,0.34)",market_non_favorite,B365_OPEN,True,2.1
2023-12-09,2023-12,D1,Werder Bremen,Augsburg,home,home,2.38,"[2.2,2.8)",0.39823008849557523,"[0.34,0.42)",market_favorite,B365_OPEN,True,1.38
2023-12-09,2023-12,D1,Werder Bremen,Augsburg,draw,home,3.6,"[3.5,4.0)",0.26327433628318586,"[0.20,0.28)",market_non_favorite,B365_OPEN,False,-1.0
2023-12-09,2023-12,D1,Werder Bremen,Augsburg,away,home,2.8,"[2.8,3.5)",0.33849557522123896,"[0.28,0.34)",market_non_favorite,B365_OPEN,False,-1.0
2023-12-09,2023-12,D1,Union Berlin,M'gladbach,home,home,2.1,"[1.8,2.2)",0.45092838196286467,"[0.42,0.55)",market_favorite,B365_OPEN,True,1.1
2023-12-09,2023-12,D1,Union Berlin,M'gladbach,draw,home,3.5,"[3.5,4.0)",0.2705570291777188,"[0.20,0.28)",market_non_favorite,B365_OPEN,False,-1.0
2023-12-09,2023-12,D1,Union Berlin,M'gladbach,away,home,3.4,"[2.8,3.5)",0.27851458885941643,"[0.20,0.28)",market_non_favorite,B365_OPEN,False,-1.0
2023-12-09,2023-12,D1,Heidenheim,Darmstadt,home,home,2.05,"[1.8,2.2)",0.46052631578947373,"[0.42,0.55)",market_favorite,B365_OPEN,True,1.0499999999999998
2023-12-09,2023-12,D1,Heidenheim,Darmstadt,draw,home,3.5,"[3.5,4.0)",0.26973684210526316,"[0.20,0.28)",market_non_favorite,B365_OPEN,False,-1.0
2023-12-09,2023-12,D1,Heidenheim,Darmstadt,away,home,3.5,"[3.5,4.0)",0.26973684210526316,"[0.20,0.28)",market_non_favorite,B365_OPEN,False,-1.0
2023-12-09,2023-12,D1,Ein Frankfurt,Bayern Munich,home,home,9.0,"[7.0,inf)",0.10460863204096563,"[0.00,0.20)",market_non_favorite,B365_OPEN,True,8.0
2023-12-09,2023-12,D1,Ein Frankfurt,Bayern Munich,draw,home,5.5,"[5.0,7.0)",0.17117776152158012,"[0.00,0.20)",market_non_favorite,B365_OPEN,False,-1.0
2023-12-09,2023-12,D1,Ein Frankfurt,Bayern Munich,away,home,1.3,"[1.0,1.8)",0.7242136064374544,"[0.55,1.00]",market_favorite,B365_OPEN,False,-1.0
2023-12-09,2023-12,D1,Dortmund,RB Leipzig,home,away,2.6,"[2.2,2.8)",0.3647199046483909,"[0.34,0.42)",market_non_favorite,B365_OPEN,False,-1.0
2023-12-09,2023-12,D1,Dortmund,RB Leipzig,draw,away,3.6,"[3.5,4.0)",0.2634088200238379,"[0.20,0.28)",market_non_favorite,B365_OPEN,False,-1.0
2023-12-09,2023-12,D1,Dortmund,RB Leipzig,away,away,2.55,"[2.2,2.8)",0.3718712753277712,"[0.34,0.42)",market_favorite,B365_OPEN,True,1.5499999999999998
2023-12-10,2023-12,D1,FC Koln,Mainz,home,draw,2.3,"[2.2,2.8)",0.41257367387033406,"[0.34,0.42)",market_favorite,B365_OPEN,False,-1.0
2023-12-10,2023-12,D1,FC Koln,Mainz,draw,draw,3.5,"[3.5,4.0)",0.27111984282907664,"[0.20,0.28)",market_non_favorite,B365_OPEN,True,2.5
2023-12-10,2023-12,D1,FC Koln,Mainz,away,draw,3.0,"[2.8,3.5)",0.3163064833005894,"[0.28,0.34)",market_non_favorite,B365_OPEN,False,-1.0
2023-12-10,2023-12,D1,Stuttgart,Leverkusen,home,draw,2.9,"[2.8,3.5)",0.32611264277274515,"[0.28,0.34)",market_non_favorite,B365_OPEN,False,-1.0
2023-12-10,2023-12,D1,Stuttgart,Leverkusen,draw,draw,3.6,"[3.5,4.0)",0.26270185112248917,"[0.20,0.28)",market_non_favorite,B365_OPEN,True,2.6
2023-12-10,2023-12,D1,Stuttgart,Leverkusen,away,draw,2.3,"[2.2,2.8)",0.4111855061047657,"[0.34,0.42)",market_favorite,B365_OPEN,False,-1.0
2023-12-15,2023-12,D1,M'gladbach,Werder Bremen,home,draw,2.0,"[1.8,2.2)",0.47482014388489213,"[0.42,0.55)",market_favorite,B365_OPEN,False,-1.0
2023-12-15,2023-12,D1,M'gladbach,Werder Bremen,draw,draw,4.0,"[4.0,5.0)",0.23741007194244607,"[0.20,0.28)",market_non_favorite,B365_OPEN,True,3.0
2023-12-15,2023-12,D1,M'gladbach,Werder Bremen,away,draw,3.3,"[2.8,3.5)",0.2877697841726619,"[0.28,0.34)",market_non_favorite,B365_OPEN,False,-1.0
2023-12-16,2023-12,D1,RB Leipzig,Hoffenheim,home,home,1.45,"[1.0,1.8)",0.6528835690968444,"[0.55,1.00]",market_favorite,B365_OPEN,True,0.44999999999999996
2023-12-16,2023-12,D1,RB Leipzig,Hoffenheim,draw,home,5.0,"[5.0,7.0)",0.18933623503808486,"[0.00,0.20)",market_non_favorite,B365_OPEN,False,-1.0
2023-12-16,2023-12,D1,RB Leipzig,Hoffenheim,away,home,6.0,"[5.0,7.0)",0.15778019586507072,"[0.00,0.20)",market_non_favorite,B365_OPEN,False,-1.0
2023-12-16,2023-12,D1,Mainz,Heidenheim,home,away,1.67,"[1.0,1.8)",0.5716905706876048,"[0.55,1.00]",market_favorite,B365_OPEN,False,-1.0
2023-12-16,2023-12,D1,Mainz,Heidenheim,draw,away,4.2,"[4.0,5.0)",0.2273150602495952,"[0.20,0.28)",market_non_favorite,B365_OPEN,False,-1.0
2023-12-16,2023-12,D1,Mainz,Heidenheim,away,away,4.75,"[4.0,5.0)",0.20099436906279997,"[0.20,0.28)",market_non_favorite,B365_OPEN,True,3.75
2023-12-16,2023-12,D1,Darmstadt,Wolfsburg,home,away,3.1,"[2.8,3.5)",0.30579150579150577,"[0.28,0.34)",market_non_favorite,B365_OPEN,False,-1.0
2023-12-16,2023-12,D1,Darmstadt,Wolfsburg,draw,away,3.6,"[3.5,4.0)",0.2633204633204633,"[0.20,0.28)",market_non_favorite,B365_OPEN,False,-1.0
2023-12-16,2023-12,D1,Darmstadt,Wolfsburg,away,away,2.2,"[2.2,2.8)",0.43088803088803085,"[0.42,0.55)",market_favorite,B365_OPEN,True,1.2000000000000002
2023-12-16,2023-12,D1,Bochum,Union Berlin,home,home,2.7,"[2.2,2.8)",0.3530351437699681,"[0.34,0.42)",market_non_favorite,B365_OPEN,True,1.7000000000000002
2023-12-16,2023-12,D1,Bochum,Union Berlin,draw,home,3.4,"[2.8,3.5)",0.2803514376996806,"[0.28,0.34)",market_non_favorite,B365_OPEN,False,-1.0
2023-12-16,2023-12,D1,Bochum,Union Berlin,away,home,2.6,"[2.2,2.8)",0.36661341853035145,"[0.34,0.42)",market_favorite,B365_OPEN,False,-1.0
2023-12-16,2023-12,D1,Augsburg,Dortmund,home,draw,3.5,"[3.5,4.0)",0.2727921923351583,"[0.20,0.28)",market_non_favorite,B365_OPEN,False,-1.0
2023-12-16,2023-12,D1,Augsburg,Dortmund,draw,draw,4.2,"[4.0,5.0)",0.22732682694596523,"[0.20,0.28)",market_non_favorite,B365_OPEN,True,3.2
2023-12-16,2023-12,D1,Augsburg,Dortmund,away,draw,1.91,"[1.8,2.2)",0.49988098071887643,"[0.42,0.55)",market_favorite,B365_OPEN,False,-1.0
2023-12-17,2023-12,D1,Bayern Munich,Stuttgart,home,home,1.45,"[1.0,1.8)",0.6494236716333989,"[0.55,1.00]",market_favorite,B365_OPEN,True,0.44999999999999996
2023-12-17,2023-12,D1,Bayern Munich,Stuttgart,draw,home,5.25,"[5.0,7.0)",0.17936463311779588,"[0.00,0.20)",market_non_favorite,B365_OPEN,False,-1.0
2023-12-17,2023-12,D1,Bayern Munich,Stuttgart,away,home,5.5,"[5.0,7.0)",0.17121169524880517,"[0.00,0.20)",market_non_favorite,B365_OPEN,False,-1.0
2023-12-17,2023-12,D1,Freiburg,FC Koln,home,home,1.8,"[1.8,2.2)",0.5256916996047432,"[0.42,0.55)",market_favorite,B365_OPEN,True,0.8
2023-12-17,2023-12,D1,Freiburg,FC Koln,draw,home,3.8,"[3.5,4.0)",0.24901185770750986,"[0.20,0.28)",market_non_favorite,B365_OPEN,False,-1.0
2023-12-17,2023-12,D1,Freiburg,FC Koln,away,home,4.2,"[4.0,5.0)",0.225296442687747,"[0.20,0.28)",market_non_favorite,B365_OPEN,False,-1.0
2023-12-17,2023-12,D1,Leverkusen,Ein Frankfurt,home,home,1.36,"[1.0,1.8)",0.6983240223463686,"[0.55,1.00]",market_favorite,B365_OPEN,True,0.3600000000000001
2023-12-17,2023-12,D1,Leverkusen,Ein Frankfurt,draw,home,5.0,"[5.0,7.0)",0.18994413407821228,"[0.00,0.20)",market_non_favorite,B365_OPEN,False,-1.0
2023-12-17,2023-12,D1,Leverkusen,Ein Frankfurt,away,home,8.5,"[7.0,inf)",0.11173184357541899,"[0.00,0.20)",market_non_favorite,B365_OPEN,False,-1.0
2023-12-19,2023-12,D1,Dortmund,Mainz,home,draw,1.55,"[1.0,1.8)",0.616692426584235,"[0.55,1.00]",market_favorite,B365_OPEN,False,-1.0
2023-12-19,2023-12,D1,Dortmund,Mainz,draw,draw,4.75,"[4.0,5.0)",0.20123647604327669,"[0.20,0.28)",market_non_favorite,B365_OPEN,True,3.75
2023-12-19,2023-12,D1,Dortmund,Mainz,away,draw,5.25,"[5.0,7.0)",0.18207109737248842,"[0.00,0.20)",market_non_favorite,B365_OPEN,False,-1.0
2023-12-19,2023-12,D1,Hoffenheim,Darmstadt,home,draw,1.44,"[1.0,1.8)",0.6624541377904606,"[0.55,1.00]",market_favorite,B365_OPEN,False,-1.0
2023-12-19,2023-12,D1,Hoffenheim,Darmstadt,draw,draw,5.0,"[5.0,7.0)",0.19078679168365267,"[0.00,0.20)",market_non_favorite,B365_OPEN,True,4.0
2023-12-19,2023-12,D1,Hoffenheim,Darmstadt,away,draw,6.5,"[5.0,7.0)",0.14675907052588666,"[0.00,0.20)",market_non_favorite,B365_OPEN,False,-1.0
2023-12-19,2023-12,D1,Werder Bremen,RB Leipzig,home,draw,5.0,"[5.0,7.0)",0.18882801015635442,"[0.00,0.20)",market_non_favorite,B365_OPEN,False,-1.0
2023-12-19,2023-12,D1,Werder Bremen,RB Leipzig,draw,draw,4.5,"[4.0,5.0)",0.2098089001737271,"[0.20,0.28)",market_non_favorite,B365_OPEN,True,3.5
2023-12-19,2023-12,D1,Werder Bremen,RB Leipzig,away,draw,1.57,"[1.0,1.8)",0.6013630896699185,"[0.55,1.00]",market_favorite,B365_OPEN,False,-1.0
2023-12-20,2023-12,D1,Heidenheim,Freiburg,home,home,2.8,"[2.8,3.5)",0.33849557522123896,"[0.28,0.34)",market_non_favorite,B365_OPEN,True,1.7999999999999998
2023-12-20,2023-12,D1,Heidenheim,Freiburg,draw,home,3.6,"[3.5,4.0)",0.26327433628318586,"[0.20,0.28)",market_non_favorite,B365_OPEN,False,-1.0
2023-12-20,2023-12,D1,Heidenheim,Freiburg,away,home,2.38,"[2.2,2.8)",0.39823008849557523,"[0.34,0.42)",market_favorite,B365_OPEN,False,-1.0
2023-12-20,2023-12,D1,Leverkusen,Bochum,home,home,1.17,"[1.0,1.8)",0.8168266285480907,"[0.55,1.00]",market_favorite,B365_OPEN,True,0.16999999999999993
2023-12-20,2023-12,D1,Leverkusen,Bochum,draw,home,8.0,"[7.0,inf)",0.11946089442515825,"[0.00,0.20)",market_non_favorite,B365_OPEN,False,-1.0
2023-12-20,2023-12,D1,Leverkusen,Bochum,away,home,15.0,"[7.0,inf)",0.06371247702675106,"[0.00,0.20)",market_non_favorite,B365_OPEN,False,-1.0
2023-12-20,2023-12,D1,Stuttgart,Augsburg,home,home,1.36,"[1.0,1.8)",0.6942607775720708,"[0.55,1.00]",market_favorite,B365_OPEN,True,0.3600000000000001
2023-12-20,2023-12,D1,Stuttgart,Augsburg,draw,home,5.25,"[5.0,7.0)",0.1798466014281936,"[0.00,0.20)",market_non_favorite,B365_OPEN,False,-1.0
2023-12-20,2023-12,D1,Stuttgart,Augsburg,away,home,7.5,"[7.0,inf)",0.12589262099973553,"[0.00,0.20)",market_non_favorite,B365_OPEN,False,-1.0
2023-12-20,2023-12,D1,Union Berlin,FC Koln,home,home,1.95,"[1.8,2.2)",0.4866595517609392,"[0.42,0.55)",market_favorite,B365_OPEN,True,0.95
2023-12-20,2023-12,D1,Union Berlin,FC Koln,draw,home,3.6,"[3.5,4.0)",0.26360725720384204,"[0.20,0.28)",market_non_favorite,B365_OPEN,False,-1.0
2023-12-20,2023-12,D1,Union Berlin,FC Koln,away,home,3.8,"[3.5,4.0)",0.24973319103521877,"[0.20,0.28)",market_non_favorite,B365_OPEN,False,-1.0
2023-12-20,2023-12,D1,Ein Frankfurt,M'gladbach,home,home,1.83,"[1.8,2.2)",0.5157087602632829,"[0.42,0.55)",market_favorite,B365_OPEN,True,0.8300000000000001
2023-12-20,2023-12,D1,Ein Frankfurt,M'gladbach,draw,home,4.0,"[4.0,5.0)",0.23593675782045195,"[0.20,0.28)",market_non_favorite,B365_OPEN,False,-1.0
2023-12-20,2023-12,D1,Ein Frankfurt,M'gladbach,away,home,3.8,"[3.5,4.0)",0.2483544819162652,"[0.20,0.28)",market_non_favorite,B365_OPEN,False,-1.0
2023-12-20,2023-12,D1,Wolfsburg,Bayern Munich,home,away,6.5,"[5.0,7.0)",0.14472101415749056,"[0.00,0.20)",market_non_favorite,B365_OPEN,False,-1.0
2023-12-20,2023-12,D1,Wolfsburg,Bayern Munich,draw,away,5.75,"[5.0,7.0)",0.16359766817803278,"[0.00,0.20)",market_non_favorite,B365_OPEN,False,-1.0
2023-12-20,2023-12,D1,Wolfsburg,Bayern Munich,away,away,1.36,"[1.0,1.8)",0.6916813176644768,"[0.55,1.00]",market_favorite,B365_OPEN,True,0.3600000000000001
2024-01-12,2024-01,D1,Bayern Munich,Hoffenheim,home,home,1.14,"[1.0,1.8)",0.8185538881309686,"[0.55,1.00]",market_favorite,B365_OPEN,True,0.1399999999999999
2024-01-12,2024-01,D1,Bayern Munich,Hoffenheim,draw,home,9.0,"[7.0,inf)",0.10368349249658936,"[0.00,0.20)",market_non_favorite,B365_OPEN,False,-1.0
2024-01-12,2024-01,D1,Bayern Munich,Hoffenheim,away,home,12.0,"[7.0,inf)",0.07776261937244201,"[0.00,0.20)",market_non_favorite,B365_OPEN,False,-1.0
2024-01-13,2024-01,D1,Augsburg,Leverkusen,home,away,5.25,"[5.0,7.0)",0.17840375586854462,"[0.00,0.20)",market_non_favorite,B365_OPEN,False,-1.0
2024-01-13,2024-01,D1,Augsburg,Leverkusen,draw,away,4.75,"[4.0,5.0)",0.1971830985915493,"[0.00,0.20)",market_non_favorite,B365_OPEN,False,-1.0
2024-01-13,2024-01,D1,Augsburg,Leverkusen,away,away,1.5,"[1.0,1.8)",0.6244131455399061,"[0.55,1.00]",market_favorite,B365_OPEN,True,0.5
2024-01-13,2024-01,D1,RB Leipzig,Ein Frankfurt,home,away,1.45,"[1.0,1.8)",0.6598240469208211,"[0.55,1.00]",market_favorite,B365_OPEN,False,-1.0
2024-01-13,2024-01,D1,RB Leipzig,Ein Frankfurt,draw,away,4.5,"[4.0,5.0)",0.21260997067448678,"[0.20,0.28)",market_non_favorite,B365_OPEN,False,-1.0
2024-01-13,2024-01,D1,RB Leipzig,Ein Frankfurt,away,away,7.5,"[7.0,inf)",0.12756598240469208,"[0.00,0.20)",market_non_favorite,B365_OPEN,True,6.5
2024-01-13,2024-01,D1,Mainz,Wolfsburg,home,draw,2.2,"[2.2,2.8)",0.43029595015576316,"[0.42,0.55)",market_favorite,B365_OPEN,False,-1.0
2024-01-13,2024-01,D1,Mainz,Wolfsburg,draw,draw,3.4,"[2.8,3.5)",0.27842679127725856,"[0.20,0.28)",market_non_favorite,B365_OPEN,True,2.4
2024-01-13,2024-01,D1,Mainz,Wolfsburg,away,draw,3.25,"[2.8,3.5)",0.29127725856697817,"[0.28,0.34)",market_non_favorite,B365_OPEN,False,-1.0
2024-01-13,2024-01,D1,Freiburg,Union Berlin,home,draw,2.05,"[1.8,2.2)",0.46400294605045117,"[0.42,0.55)",market_favorite,B365_OPEN,False,-1.0
2024-01-13,2024-01,D1,Freiburg,Union Berlin,draw,draw,3.6,"[3.5,4.0)",0.2642238998342847,"[0.20,0.28)",market_non_favorite,B365_OPEN,True,2.6
2024-01-13,2024-01,D1,Freiburg,Union Berlin,away,draw,3.5,"[3.5,4.0)",0.2717731541152642,"[0.20,0.28)",market_non_favorite,B365_OPEN,False,-1.0
2024-01-13,2024-01,D1,FC Koln,Heidenheim,home,draw,2.05,"[1.8,2.2)",0.4603234298608499,"[0.42,0.55)",market_favorite,B365_OPEN,False,-1.0
2024-01-13,2024-01,D1,FC Koln,Heidenheim,draw,draw,3.6,"[3.5,4.0)",0.26212861978187285,"[0.20,0.28)",market_non_favorite,B365_OPEN,True,2.6
2024-01-13,2024-01,D1,FC Koln,Heidenheim,away,draw,3.4,"[2.8,3.5)",0.27754795035727714,"[0.20,0.28)",market_non_favorite,B365_OPEN,False,-1.0
2024-01-13,2024-01,D1,Darmstadt,Dortmund,home,away,5.25,"[5.0,7.0)",0.1786339754816112,"[0.00,0.20)",market_non_favorite,B365_OPEN,False,-1.0
2024-01-13,2024-01,D1,Darmstadt,Dortmund,draw,away,4.5,"[4.0,5.0)",0.2084063047285464,"[0.20,0.28)",market_non_favorite,B365_OPEN,False,-1.0
2024-01-13,2024-01,D1,Darmstadt,Dortmund,away,away,1.53,"[1.0,1.8)",0.6129597197898424,"[0.55,1.00]",market_favorite,B365_OPEN,True,0.53
2024-01-14,2024-01,D1,Bochum,Werder Bremen,home,draw,2.15,"[1.8,2.2)",0.4365343242714649,"[0.42,0.55)",market_favorite,B365_OPEN,False,-1.0
2024-01-14,2024-01,D1,Bochum,Werder Bremen,draw,draw,3.6,"[3.5,4.0)",0.26070799921768045,"[0.20,0.28)",market_non_favorite,B365_OPEN,True,2.6
2024-01-14,2024-01,D1,Bochum,Werder Bremen,away,draw,3.1,"[2.8,3.5)",0.30275767651085467,"[0.28,0.34)",market_non_favorite,B365_OPEN,False,-1.0
2024-01-14,2024-01,D1,M'gladbach,Stuttgart,home,home,3.5,"[3.5,4.0)",0.26972639011473964,"[0.20,0.28)",market_non_favorite,B365_OPEN,True,2.5
2024-01-14,2024-01,D1,M'gladbach,Stuttgart,draw,home,4.0,"[4.0,5.0)",0.23601059135039718,"[0.20,0.28)",market_non_favorite,B365_OPEN,False,-1.0
2024-01-14,2024-01,D1,M'gladbach,Stuttgart,away,home,1.91,"[1.8,2.2)",0.4942630185348632,"[0.42,0.55)",market_favorite,B365_OPEN,False,-1.0
2024-01-20,2024-01,D1,FC Koln,Dortmund,home,away,4.5,"[4.0,5.0)",0.21158844213423023,"[0.20,0.28)",market_non_favorite,B365_OPEN,False,-1.0
2024-01-20,2024-01,D1,FC Koln,Dortmund,draw,away,4.0,"[4.0,5.0)",0.238036997401009,"[0.20,0.28)",market_non_favorite,B365_OPEN,False,-1.0
2024-01-20,2024-01,D1,FC Koln,Dortmund,away,away,1.73,"[1.0,1.8)",0.5503745604647607,"[0.55,1.00]",market_favorite,B365_OPEN,True,0.73
2024-01-20,2024-01,D1,RB Leipzig,Leverkusen,home,away,2.4,"[2.2,2.8)",0.3967517401392111,"[0.34,0.42)",market_favorite,B365_OPEN,False,-1.0
2024-01-20,2024-01,D1,RB Leipzig,Leverkusen,draw,away,3.8,"[3.5,4.0)",0.2505800464037123,"[0.20,0.28)",market_non_favorite,B365_OPEN,False,-1.0
2024-01-20,2024-01,D1,RB Leipzig,Leverkusen,away,away,2.7,"[2.2,2.8)",0.3526682134570765,"[0.34,0.42)",market_non_favorite,B365_OPEN,True,1.7000000000000002
2024-01-20,2024-01,D1,Darmstadt,Ein Frankfurt,home,draw,3.8,"[3.5,4.0)",0.24982124483353968,"[0.20,0.28)",market_non_favorite,B365_OPEN,False,-1.0
2024-01-20,2024-01,D1,Darmstadt,Ein Frankfurt,draw,draw,3.75,"[3.5,4.0)",0.25315219476465356,"[0.20,0.28)",market_non_favorite,B365_OPEN,True,2.75
2024-01-20,2024-01,D1,Darmstadt,Ein Frankfurt,away,draw,1.91,"[1.8,2.2)",0.49702656040180676,"[0.42,0.55)",market_favorite,B365_OPEN,False,-1.0
2024-01-20,2024-01,D1,Bochum,Stuttgart,home,home,3.6,"[3.5,4.0)",0.26360725720384204,"[0.20,0.28)",market_non_favorite,B365_OPEN,True,2.6
2024-01-20,2024-01,D1,Bochum,Stuttgart,draw,home,3.8,"[3.5,4.0)",0.24973319103521877,"[0.20,0.28)",market_non_favorite,B365_OPEN,False,-1.0
2024-01-20,2024-01,D1,Bochum,Stuttgart,away,home,1.95,"[1.8,2.2)",0.4866595517609392,"[0.42,0.55)",market_favorite,B365_OPEN,False,-1.0
2024-01-20,2024-01,D1,Freiburg,Hoffenheim,home,home,2.0,"[1.8,2.2)",0.47291361639824303,"[0.42,0.55)",market_favorite,B365_OPEN,True,1.0
2024-01-20,2024-01,D1,Freiburg,Hoffenheim,draw,home,3.8,"[3.5,4.0)",0.24890190336749632,"[0.20,0.28)",market_non_favorite,B365_OPEN,False,-1.0
2024-01-20,2024-01,D1,Freiburg,Hoffenheim,away,home,3.4,"[2.8,3.5)",0.2781844802342606,"[0.20,0.28)",market_non_favorite,B365_OPEN,False,-1.0
2024-01-20,2024-01,D1,Heidenheim,Wolfsburg,home,draw,2.7,"[2.2,2.8)",0.3533254156769596,"[0.34,0.42)",market_non_favorite,B365_OPEN,False,-1.0
2024-01-20,2024-01,D1,Heidenheim,Wolfsburg,draw,draw,3.5,"[3.5,4.0)",0.2725653206650831,"[0.20,0.28)",market_non_favorite,B365_OPEN,True,2.5
2024-01-20,2024-01,D1,Heidenheim,Wolfsburg,away,draw,2.55,"[2.2,2.8)",0.37410926365795727,"[0.34,0.42)",market_favorite,B365_OPEN,False,-1.0
2024-01-21,2024-01,D1,Bayern Munich,Werder Bremen,home,away,1.09,"[1.0,1.8)",0.868812998345118,"[0.55,1.00]",market_favorite,B365_OPEN,False,-1.0
2024-01-21,2024-01,D1,Bayern Munich,Werder Bremen,draw,away,11.0,"[7.0,inf)",0.08609146983601625,"[0.00,0.20)",market_non_favorite,B365_OPEN,False,-1.0
2024-01-21,2024-01,D1,Bayern Munich,Werder Bremen,away,away,21.0,"[7.0,inf)",0.04509553181886565,"[0.00,0.20)",market_non_favorite,B365_OPEN,True,20.0
2024-01-21,2024-01,D1,M'gladbach,Augsburg,home,away,1.91,"[1.8,2.2)",0.49868766404199477,"[0.42,0.55)",market_favorite,B365_OPEN,False,-1.0
2024-01-21,2024-01,D1,M'gladbach,Augsburg,draw,away,3.8,"[3.5,4.0)",0.25065616797900264,"[0.20,0.28)",market_non_favorite,B365_OPEN,False,-1.0
2024-01-21,2024-01,D1,M'gladbach,Augsburg,away,away,3.8,"[3.5,4.0)",0.25065616797900264,"[0.20,0.28)",market_non_favorite,B365_OPEN,True,2.8
2024-01-24,2024-01,D1,Bayern Munich,Union Berlin,home,home,1.18,"[1.0,1.8)",0.8077654086342655,"[0.55,1.00]",market_favorite,B365_OPEN,True,0.17999999999999994
2024-01-24,2024-01,D1,Bayern Munich,Union Berlin,draw,home,7.0,"[7.0,inf)",0.13616616888406188,"[0.00,0.20)",market_non_favorite,B365_OPEN,False,-1.0
2024-01-24,2024-01,D1,Bayern Munich,Union Berlin,away,home,17.0,"[7.0,inf)",0.05606842248167254,"[0.00,0.20)",market_non_favorite,B365_OPEN,False,-1.0
2024-01-26,2024-01,D1,Ein Frankfurt,Mainz,home,home,2.15,"[1.8,2.2)",0.44510940714419295,"[0.42,0.55)",market_favorite,B365_OPEN,True,1.15
2024-01-26,2024-01,D1,Ein Frankfurt,Mainz,draw,home,3.4,"[2.8,3.5)",0.2814662427529456,"[0.28,0.34)",market_non_favorite,B365_OPEN,False,-1.0
2024-01-26,2024-01,D1,Ein Frankfurt,Mainz,away,home,3.5,"[3.5,4.0)",0.27342435010286137,"[0.20,0.28)",market_non_favorite,B365_OPEN,False,-1.0
2024-01-27,2024-01,D1,Werder Bremen,Freiburg,home,home,2.4,"[2.2,2.8)",0.39697542533081287,"[0.34,0.42)",market_favorite,B365_OPEN,True,1.4
2024-01-27,2024-01,D1,Werder Bremen,Freiburg,draw,home,3.5,"[3.5,4.0)",0.2722117202268431,"[0.20,0.28)",market_non_favorite,B365_OPEN,False,-1.0
2024-01-27,2024-01,D1,Werder Bremen,Freiburg,away,home,2.88,"[2.8,3.5)",0.33081285444234404,"[0.28,0.34)",market_non_favorite,B365_OPEN,False,-1.0
2024-01-27,2024-01,D1,Stuttgart,RB Leipzig,home,home,2.63,"[2.2,2.8)",0.358687957209156,"[0.34,0.42)",market_non_favorite,B365_OPEN,True,1.63
2024-01-27,2024-01,D1,Stuttgart,RB Leipzig,draw,home,3.8,"[3.5,4.0)",0.24824982301581058,"[0.20,0.28)",market_non_favorite,B365_OPEN,False,-1.0
2024-01-27,2024-01,D1,Stuttgart,RB Leipzig,away,home,2.4,"[2.2,2.8)",0.3930622197750335,"[0.34,0.42)",market_favorite,B365_OPEN,False,-1.0
2024-01-27,2024-01,D1,Leverkusen,M'gladbach,home,draw,1.29,"[1.0,1.8)",0.7333822254816987,"[0.55,1.00]",market_favorite,B365_OPEN,False,-1.0
2024-01-27,2024-01,D1,Leverkusen,M'gladbach,draw,draw,5.5,"[5.0,7.0)",0.17201146743116208,"[0.00,0.20)",market_non_favorite,B365_OPEN,True,4.5
2024-01-27,2024-01,D1,Leverkusen,M'gladbach,away,draw,10.0,"[7.0,inf)",0.09460630708713914,"[0.00,0.20)",market_non_favorite,B365_OPEN,False,-1.0
2024-01-27,2024-01,D1,Hoffenheim,Heidenheim,home,draw,1.67,"[1.0,1.8)",0.5692192187805826,"[0.55,1.00]",market_favorite,B365_OPEN,False,-1.0
2024-01-27,2024-01,D1,Hoffenheim,Heidenheim,draw,draw,4.5,"[4.0,5.0)",0.21124357674746064,"[0.20,0.28)",market_non_favorite,B365_OPEN,True,3.5
2024-01-27,2024-01,D1,Hoffenheim,Heidenheim,away,draw,4.33,"[4.0,5.0)",0.21953720447195677,"[0.20,0.28)",market_non_favorite,B365_OPEN,False,-1.0
2024-01-27,2024-01,D1,Augsburg,Bayern Munich,home,away,8.5,"[7.0,inf)",0.11090504451038577,"[0.00,0.20)",market_non_favorite,B365_OPEN,False,-1.0
2024-01-27,2024-01,D1,Augsburg,Bayern Munich,draw,away,5.75,"[5.0,7.0)",0.16394658753709201,"[0.00,0.20)",market_non_favorite,B365_OPEN,False,-1.0
2024-01-27,2024-01,D1,Augsburg,Bayern Munich,away,away,1.3,"[1.0,1.8)",0.7251483679525222,"[0.55,1.00]",market_favorite,B365_OPEN,True,0.30000000000000004
2024-01-27,2024-01,D1,Wolfsburg,FC Koln,home,draw,1.83,"[1.8,2.2)",0.5198277142432793,"[0.42,0.55)",market_favorite,B365_OPEN,False,-1.0
2024-01-27,2024-01,D1,Wolfsburg,FC Koln,draw,draw,3.75,"[3.5,4.0)",0.25367592455072036,"[0.20,0.28)",market_non_favorite,B365_OPEN,True,2.75
2024-01-27,2024-01,D1,Wolfsburg,FC Koln,away,draw,4.2,"[4.0,5.0)",0.2264963612060003,"[0.20,0.28)",market_non_favorite,B365_OPEN,False,-1.0
2024-01-28,2024-01,D1,Dortmund,Bochum,home,home,1.36,"[1.0,1.8)",0.6999830307144069,"[0.55,1.00]",market_favorite,B365_OPEN,True,0.3600000000000001
2024-01-28,2024-01,D1,Dortmund,Bochum,draw,home,5.5,"[5.0,7.0)",0.17308671304938064,"[0.00,0.20)",market_non_favorite,B365_OPEN,False,-1.0
2024-01-28,2024-01,D1,Dortmund,Bochum,away,home,7.5,"[7.0,inf)",0.12693025623621246,"[0.00,0.20)",market_non_favorite,B365_OPEN,False,-1.0
2024-01-28,2024-01,D1,Union Berlin,Darmstadt,home,home,1.62,"[1.0,1.8)",0.5854612684547574,"[0.55,1.00]",market_favorite,B365_OPEN,True,0.6200000000000001
2024-01-28,2024-01,D1,Union Berlin,Darmstadt,draw,home,3.8,"[3.5,4.0)",0.24959138286755447,"[0.20,0.28)",market_non_favorite,B365_OPEN,False,-1.0
2024-01-28,2024-01,D1,Union Berlin,Darmstadt,away,home,5.75,"[5.0,7.0)",0.16494734867768818,"[0.00,0.20)",market_non_favorite,B365_OPEN,False,-1.0
2024-02-02,2024-02,D1,Heidenheim,Dortmund,home,draw,3.75,"[3.5,4.0)",0.2553191489361702,"[0.20,0.28)",market_non_favorite,B365_OPEN,False,-1.0
2024-02-02,2024-02,D1,Heidenheim,Dortmund,draw,draw,4.5,"[4.0,5.0)",0.21276595744680848,"[0.20,0.28)",market_non_favorite,B365_OPEN,True,3.5
2024-02-02,2024-02,D1,Heidenheim,Dortmund,away,draw,1.8,"[1.8,2.2)",0.5319148936170213,"[0.42,0.55)",market_favorite,B365_OPEN,False,-1.0
2024-02-03,2024-02,D1,Freiburg,Stuttgart,home,away,3.1,"[2.8,3.5)",0.30579150579150577,"[0.28,0.34)",market_non_favorite,B365_OPEN,False,-1.0
2024-02-03,2024-02,D1,Freiburg,Stuttgart,draw,away,3.6,"[3.5,4.0)",0.2633204633204633,"[0.20,0.28)",market_non_favorite,B365_OPEN,False,-1.0
2024-02-03,2024-02,D1,Freiburg,Stuttgart,away,away,2.2,"[2.2,2.8)",0.43088803088803085,"[0.42,0.55)",market_favorite,B365_OPEN,True,1.2000000000000002
2024-02-03,2024-02,D1,FC Koln,Ein Frankfurt,home,home,3.25,"[2.8,3.5)",0.29127725856697817,"[0.28,0.34)",market_non_favorite,B365_OPEN,True,2.25
2024-02-03,2024-02,D1,FC Koln,Ein Frankfurt,draw,home,3.4,"[2.8,3.5)",0.27842679127725856,"[0.20,0.28)",market_non_favorite,B365_OPEN,False,-1.0
2024-02-03,2024-02,D1,FC Koln,Ein Frankfurt,away,home,2.2,"[2.2,2.8)",0.43029595015576316,"[0.42,0.55)",market_favorite,B365_OPEN,False,-1.0
2024-02-03,2024-02,D1,Darmstadt,Leverkusen,home,away,9.5,"[7.0,inf)",0.09938837920489296,"[0.00,0.20)",market_non_favorite,B365_OPEN,False,-1.0
2024-02-03,2024-02,D1,Darmstadt,Leverkusen,draw,away,6.5,"[5.0,7.0)",0.1452599388379205,"[0.00,0.20)",market_non_favorite,B365_OPEN,False,-1.0
2024-02-03,2024-02,D1,Darmstadt,Leverkusen,away,away,1.25,"[1.0,1.8)",0.7553516819571866,"[0.55,1.00]",market_favorite,B365_OPEN,True,0.25
2024-02-03,2024-02,D1,Bochum,Augsburg,home,draw,2.15,"[1.8,2.2)",0.44155844155844154,"[0.42,0.55)",market_favorite,B365_OPEN,False,-1.0
2024-02-03,2024-02,D1,Bochum,Augsburg,draw,draw,3.4,"[2.8,3.5)",0.2792207792207792,"[0.20,0.28)",market_non_favorite,B365_OPEN,True,2.4
2024-02-03,2024-02,D1,Bochum,Augsburg,away,draw,3.4,"[2.8,3.5)",0.2792207792207792,"[0.20,0.28)",market_non_favorite,B365_OPEN,False,-1.0
2024-02-03,2024-02,D1,Bayern Munich,M'gladbach,home,home,1.14,"[1.0,1.8)",0.8280254777070063,"[0.55,1.00]",market_favorite,B365_OPEN,True,0.1399999999999999
2024-02-03,2024-02,D1,Bayern Munich,M'gladbach,draw,home,9.5,"[7.0,inf)",0.09936305732484074,"[0.00,0.20)",market_non_favorite,B365_OPEN,False,-1.0
2024-02-03,2024-02,D1,Bayern Munich,M'gladbach,away,home,13.0,"[7.0,inf)",0.07261146496815286,"[0.00,0.20)",market_non_favorite,B365_OPEN,False,-1.0
2024-02-03,2024-02,D1,Mainz,Werder Bremen,home,away,2.1,"[1.8,2.2)",0.4545454545454546,"[0.42,0.55)",market_favorite,B365_OPEN,False,-1.0
2024-02-03,2024-02,D1,Mainz,Werder Bremen,draw,away,3.5,"[3.5,4.0)",0.27272727272727276,"[0.20,0.28)",market_non_favorite,B365_OPEN,False,-1.0
2024-02-03,2024-02,D1,Mainz,Werder Bremen,away,away,3.5,"[3.5,4.0)",0.27272727272727276,"[0.20,0.28)",market_non_favorite,B365_OPEN,True,2.5
2024-02-04,2024-02,D1,RB Leipzig,Union Berlin,home,home,1.4,"[1.0,1.8)",0.6818181818181818,"[0.55,1.00]",market_favorite,B365_OPEN,True,0.3999999999999999
2024-02-04,2024-02,D1,RB Leipzig,Union Berlin,draw,home,5.0,"[5.0,7.0)",0.19090909090909092,"[0.00,0.20)",market_non_favorite,B365_OPEN,False,-1.0
2024-02-04,2024-02,D1,RB Leipzig,Union Berlin,away,home,7.5,"[7.0,inf)",0.12727272727272726,"[0.00,0.20)",market_non_favorite,B365_OPEN,False,-1.0
2024-02-04,2024-02,D1,Wolfsburg,Hoffenheim,home,draw,2.1,"[1.8,2.2)",0.45121263395375066,"[0.42,0.55)",market_favorite,B365_OPEN,False,-1.0
2024-02-04,2024-02,D1,Wolfsburg,Hoffenheim,draw,draw,3.75,"[3.5,4.0)",0.25267907501410036,"[0.20,0.28)",market_non_favorite,B365_OPEN,True,2.75
2024-02-04,2024-02,D1,Wolfsburg,Hoffenheim,away,draw,3.2,"[2.8,3.5)",0.2961082910321489,"[0.28,0.34)",market_non_favorite,B365_OPEN,False,-1.0
2024-02-07,2024-02,D1,Mainz,Union Berlin,home,draw,2.15,"[1.8,2.2)",0.44134505158578524,"[0.42,0.55)",market_favorite,B365_OPEN,False,-1.0
2024-02-07,2024-02,D1,Mainz,Union Berlin,draw,draw,3.3,"[2.8,3.5)",0.28754298815437523,"[0.28,0.34)",market_non_favorite,B365_OPEN,True,2.3
2024-02-07,2024-02,D1,Mainz,Union Berlin,away,draw,3.5,"[3.5,4.0)",0.2711119602598395,"[0.20,0.28)",market_non_favorite,B365_OPEN,False,-1.0
2024-02-09,2024-02,D1,Dortmund,Freiburg,home,home,1.45,"[1.0,1.8)",0.6543046357615894,"[0.55,1.00]",market_favorite,B365_OPEN,True,0.44999999999999996
2024-02-09,2024-02,D1,Dortmund,Freiburg,draw,home,4.75,"[4.0,5.0)",0.1997350993377483,"[0.00,0.20)",market_non_favorite,B365_OPEN,False,-1.0
2024-02-09,2024-02,D1,Dortmund,Freiburg,away,home,6.5,"[5.0,7.0)",0.14596026490066225,"[0.00,0.20)",market_non_favorite,B365_OPEN,False,-1.0
2024-02-10,2024-02,D1,Werder Bremen,Heidenheim,home,away,1.8,"[1.8,2.2)",0.5292717447246527,"[0.42,0.55)",market_favorite,B365_OPEN,False,-1.0
2024-02-10,2024-02,D1,Werder Bremen,Heidenheim,draw,away,3.8,"[3.5,4.0)",0.2507076685537828,"[0.20,0.28)",market_non_favorite,B365_OPEN,False,-1.0
2024-02-10,2024-02,D1,Werder Bremen,Heidenheim,away,away,4.33,"[4.0,5.0)",0.22002058672156458,"[0.20,0.28)",market_non_favorite,B365_OPEN,True,3.33
2024-02-10,2024-02,D1,Union Berlin,Wolfsburg,home,home,2.25,"[2.2,2.8)",0.42285270112708895,"[0.42,0.55)",market_favorite,B365_OPEN,True,1.25
2024-02-10,2024-02,D1,Union Berlin,Wolfsburg,draw,home,3.4,"[2.8,3.5)",0.27982899339292655,"[0.20,0.28)",market_non_favorite,B365_OPEN,False,-1.0
2024-02-10,2024-02,D1,Union Berlin,Wolfsburg,away,home,3.2,"[2.8,3.5)",0.29731830547998445,"[0.28,0.34)",market_non_favorite,B365_OPEN,False,-1.0
2024-02-10,2024-02,D1,M'gladbach,Darmstadt,home,draw,1.6,"[1.0,1.8)",0.5968169761273209,"[0.55,1.00]",market_favorite,B365_OPEN,False,-1.0
2024-02-10,2024-02,D1,M'gladbach,Darmstadt,draw,draw,4.5,"[4.0,5.0)",0.21220159151193632,"[0.20,0.28)",market_non_favorite,B365_OPEN,True,3.5
2024-02-10,2024-02,D1,M'gladbach,Darmstadt,away,draw,5.0,"[5.0,7.0)",0.19098143236074272,"[0.00,0.20)",market_non_favorite,B365_OPEN,False,-1.0
2024-02-10,2024-02,D1,Leverkusen,Bayern Munich,home,home,2.63,"[2.2,2.8)",0.358687957209156,"[0.34,0.42)",market_non_favorite,B365_OPEN,True,1.63
2024-02-10,2024-02,D1,Leverkusen,Bayern Munich,draw,home,3.8,"[3.5,4.0)",0.24824982301581058,"[0.20,0.28)",market_non_favorite,B365_OPEN,False,-1.0
2024-02-10,2024-02,D1,Leverkusen,Bayern Munich,away,home,2.4,"[2.2,2.8)",0.3930622197750335,"[0.34,0.42)",market_favorite,B365_OPEN,False,-1.0
2024-02-10,2024-02,D1,Ein Frankfurt,Bochum,home,draw,1.73,"[1.0,1.8)",0.5496094879953717,"[0.42,0.55)",market_favorite,B365_OPEN,False,-1.0
2024-02-10,2024-02,D1,Ein Frankfurt,Bochum,draw,draw,3.8,"[3.5,4.0)",0.25021695111368236,"[0.20,0.28)",market_non_favorite,B365_OPEN,True,2.8
2024-02-10,2024-02,D1,Ein Frankfurt,Bochum,away,draw,4.75,"[4.0,5.0)",0.20017356089094587,"[0.20,0.28)",market_non_favorite,B365_OPEN,False,-1.0
2024-02-10,2024-02,D1,Augsburg,RB Leipzig,home,draw,4.0,"[4.0,5.0)",0.23595505617977527,"[0.20,0.28)",market_non_favorite,B365_OPEN,False,-1.0
2024-02-10,2024-02,D1,Augsburg,RB Leipzig,draw,draw,4.2,"[4.0,5.0)",0.2247191011235955,"[0.20,0.28)",market_non_favorite,B365_OPEN,True,3.2
2024-02-10,2024-02,D1,Augsburg,RB Leipzig,away,draw,1.75,"[1.0,1.8)",0.5393258426966292,"[0.42,0.55)",market_favorite,B365_OPEN,False,-1.0
2024-02-11,2024-02,D1,Hoffenheim,FC Koln,home,draw,1.8,"[1.8,2.2)",0.5292717447246527,"[0.42,0.55)",market_favorite,B365_OPEN,False,-1.0
2024-02-11,2024-02,D1,Hoffenheim,FC Koln,draw,draw,3.8,"[3.5,4.0)",0.2507076685537828,"[0.20,0.28)",market_non_favorite,B365_OPEN,True,2.8
2024-02-11,2024-02,D1,Hoffenheim,FC Koln,away,draw,4.33,"[4.0,5.0)",0.22002058672156458,"[0.20,0.28)",market_non_favorite,B365_OPEN,False,-1.0
2024-02-11,2024-02,D1,Stuttgart,Mainz,home,home,1.44,"[1.0,1.8)",0.6613756613756613,"[0.55,1.00]",market_favorite,B365_OPEN,True,0.43999999999999995
2024-02-11,2024-02,D1,Stuttgart,Mainz,draw,home,4.5,"[4.0,5.0)",0.21164021164021163,"[0.20,0.28)",market_non_favorite,B365_OPEN,False,-1.0
2024-02-11,2024-02,D1,Stuttgart,Mainz,away,home,7.5,"[7.0,inf)",0.12698412698412698,"[0.00,0.20)",market_non_favorite,B365_OPEN,False,-1.0
2024-02-16,2024-02,D1,FC Koln,Werder Bremen,home,away,2.4,"[2.2,2.8)",0.3938223938223938,"[0.34,0.42)",market_favorite,B365_OPEN,False,-1.0
2024-02-16,2024-02,D1,FC Koln,Werder Bremen,draw,away,3.4,"[2.8,3.5)",0.277992277992278,"[0.20,0.28)",market_non_favorite,B365_OPEN,False,-1.0
2024-02-16,2024-02,D1,FC Koln,Werder Bremen,away,away,2.88,"[2.8,3.5)",0.3281853281853282,"[0.28,0.34)",market_non_favorite,B365_OPEN,True,1.88
2024-02-17,2024-02,D1,Wolfsburg,Dortmund,home,draw,3.2,"[2.8,3.5)",0.29709605361131797,"[0.28,0.34)",market_non_favorite,B365_OPEN,False,-1.0
2024-02-17,2024-02,D1,Wolfsburg,Dortmund,draw,draw,3.8,"[3.5,4.0)",0.2501861504095309,"[0.20,0.28)",market_non_favorite,B365_OPEN,True,2.8
2024-02-17,2024-02,D1,Wolfsburg,Dortmund,away,draw,2.1,"[1.8,2.2)",0.4527177959791511,"[0.42,0.55)",market_favorite,B365_OPEN,False,-1.0
2024-02-17,2024-02,D1,RB Leipzig,M'gladbach,home,home,1.36,"[1.0,1.8)",0.6936936936936937,"[0.55,1.00]",market_favorite,B365_OPEN,True,0.3600000000000001
2024-02-17,2024-02,D1,RB Leipzig,M'gladbach,draw,home,5.5,"[5.0,7.0)",0.17153153153153156,"[0.00,0.20)",market_non_favorite,B365_OPEN,False,-1.0
2024-02-17,2024-02,D1,RB Leipzig,M'gladbach,away,home,7.0,"[7.0,inf)",0.13477477477477479,"[0.00,0.20)",market_non_favorite,B365_OPEN,False,-1.0
2024-02-17,2024-02,D1,Mainz,Augsburg,home,home,2.0,"[1.8,2.2)",0.4767025089605735,"[0.42,0.55)",market_favorite,B365_OPEN,True,1.0
2024-02-17,2024-02,D1,Mainz,Augsburg,draw,home,3.5,"[3.5,4.0)",0.27240143369175623,"[0.20,0.28)",market_non_favorite,B365_OPEN,False,-1.0
2024-02-17,2024-02,D1,Mainz,Augsburg,away,home,3.8,"[3.5,4.0)",0.25089605734767023,"[0.20,0.28)",market_non_favorite,B365_OPEN,False,-1.0
2024-02-17,2024-02,D1,Hoffenheim,Union Berlin,home,away,2.0,"[1.8,2.2)",0.47368421052631576,"[0.42,0.55)",market_favorite,B365_OPEN,False,-1.0
2024-02-17,2024-02,D1,Hoffenheim,Union Berlin,draw,away,3.6,"[3.5,4.0)",0.2631578947368421,"[0.20,0.28)",market_non_favorite,B365_OPEN,False,-1.0
2024-02-17,2024-02,D1,Hoffenheim,Union Berlin,away,away,3.6,"[3.5,4.0)",0.2631578947368421,"[0.20,0.28)",market_non_favorite,B365_OPEN,True,2.6
2024-02-17,2024-02,D1,Heidenheim,Leverkusen,home,away,8.0,"[7.0,inf)",0.11895780672759089,"[0.00,0.20)",market_non_favorite,B365_OPEN,False,-1.0
2024-02-17,2024-02,D1,Heidenheim,Leverkusen,draw,away,5.75,"[5.0,7.0)",0.16550651370795255,"[0.00,0.20)",market_non_favorite,B365_OPEN,False,-1.0
2024-02-17,2024-02,D1,Heidenheim,Leverkusen,away,away,1.33,"[1.0,1.8)",0.7155356795644564,"[0.55,1.00]",market_favorite,B365_OPEN,True,0.33000000000000007
2024-02-17,2024-02,D1,Darmstadt,Stuttgart,home,away,6.5,"[5.0,7.0)",0.14530005310674457,"[0.00,0.20)",market_non_favorite,B365_OPEN,False,-1.0
2024-02-17,2024-02,D1,Darmstadt,Stuttgart,draw,away,4.75,"[4.0,5.0)",0.19883165161975572,"[0.00,0.20)",market_non_favorite,B365_OPEN,False,-1.0
2024-02-17,2024-02,D1,Darmstadt,Stuttgart,away,away,1.44,"[1.0,1.8)",0.6558682952734998,"[0.55,1.00]",market_favorite,B365_OPEN,True,0.43999999999999995
2024-02-18,2024-02,D1,Bochum,Bayern Munich,home,home,8.0,"[7.0,inf)",0.11895780672759089,"[0.00,0.20)",market_non_favorite,B365_OPEN,True,7.0
2024-02-18,2024-02,D1,Bochum,Bayern Munich,draw,home,5.75,"[5.0,7.0)",0.16550651370795255,"[0.00,0.20)",market_non_favorite,B365_OPEN,False,-1.0
2024-02-18,2024-02,D1,Bochum,Bayern Munich,away,home,1.33,"[1.0,1.8)",0.7155356795644564,"[0.55,1.00]",market_favorite,B365_OPEN,False,-1.0
2024-02-18,2024-02,D1,Freiburg,Ein Frankfurt,home,draw,2.3,"[2.2,2.8)",0.41349548842683403,"[0.34,0.42)",market_favorite,B365_OPEN,False,-1.0
2024-02-18,2024-02,D1,Freiburg,Ein Frankfurt,draw,draw,3.4,"[2.8,3.5)",0.27971753628874063,"[0.20,0.28)",market_non_favorite,B365_OPEN,True,2.4
2024-02-18,2024-02,D1,Freiburg,Ein Frankfurt,away,draw,3.1,"[2.8,3.5)",0.3067869752844252,"[0.28,0.34)",market_non_favorite,B365_OPEN,False,-1.0
2024-02-23,2024-02,D1,Leverkusen,Mainz,home,home,1.22,"[1.0,1.8)",0.78031212484994,"[0.55,1.00]",market_favorite,B365_OPEN,True,0.21999999999999997
2024-02-23,2024-02,D1,Leverkusen,Mainz,draw,home,6.5,"[5.0,7.0)",0.14645858343337334,"[0.00,0.20)",market_non_favorite,B365_OPEN,False,-1.0
2024-02-23,2024-02,D1,Leverkusen,Mainz,away,home,13.0,"[7.0,inf)",0.07322929171668667,"[0.00,0.20)",market_non_favorite,B365_OPEN,False,-1.0
2024-02-24,2024-02,D1,Werder Bremen,Darmstadt,home,draw,1.65,"[1.0,1.8)",0.5804311774461027,"[0.55,1.00]",market_favorite,B365_OPEN,False,-1.0
2024-02-24,2024-02,D1,Werder Bremen,Darmstadt,draw,draw,4.2,"[4.0,5.0)",0.2280265339966832,"[0.20,0.28)",market_non_favorite,B365_OPEN,True,3.2
2024-02-24,2024-02,D1,Werder Bremen,Darmstadt,away,draw,5.0,"[5.0,7.0)",0.19154228855721392,"[0.00,0.20)",market_non_favorite,B365_OPEN,False,-1.0
2024-02-24,2024-02,D1,Union Berlin,Heidenheim,home,draw,2.0,"[1.8,2.2)",0.4751131221719457,"[0.42,0.55)",market_favorite,B365_OPEN,False,-1.0
2024-02-24,2024-02,D1,Union Berlin,Heidenheim,draw,draw,3.5,"[3.5,4.0)",0.27149321266968324,"[0.20,0.28)",market_non_favorite,B365_OPEN,True,2.5
2024-02-24,2024-02,D1,Union Berlin,Heidenheim,away,draw,3.75,"[3.5,4.0)",0.25339366515837103,"[0.20,0.28)",market_non_favorite,B365_OPEN,False,-1.0
2024-02-24,2024-02,D1,Stuttgart,FC Koln,home,draw,1.3,"[1.0,1.8)",0.7258900795022467,"[0.55,1.00]",market_favorite,B365_OPEN,False,-1.0
2024-02-24,2024-02,D1,Stuttgart,FC Koln,draw,draw,5.25,"[5.0,7.0)",0.1797442101624611,"[0.00,0.20)",market_non_favorite,B365_OPEN,True,4.25
2024-02-24,2024-02,D1,Stuttgart,FC Koln,away,draw,10.0,"[7.0,inf)",0.09436571033529209,"[0.00,0.20)",market_non_favorite,B365_OPEN,False,-1.0
2024-02-24,2024-02,D1,M'gladbach,Bochum,home,home,2.0,"[1.8,2.2)",0.4767025089605735,"[0.42,0.55)",market_favorite,B365_OPEN,True,1.0
2024-02-24,2024-02,D1,M'gladbach,Bochum,draw,home,3.8,"[3.5,4.0)",0.25089605734767023,"[0.20,0.28)",market_non_favorite,B365_OPEN,False,-1.0
2024-02-24,2024-02,D1,M'gladbach,Bochum,away,home,3.5,"[3.5,4.0)",0.27240143369175623,"[0.20,0.28)",market_non_favorite,B365_OPEN,False,-1.0
2024-02-24,2024-02,D1,Bayern Munich,RB Leipzig,home,home,1.67,"[1.0,1.8)",0.5692192187805826,"[0.55,1.00]",market_favorite,B365_OPEN,True,0.6699999999999999
2024-02-24,2024-02,D1,Bayern Munich,RB Leipzig,draw,home,4.33,"[4.0,5.0)",0.21953720447195677,"[0.20,0.28)",market_non_favorite,B365_OPEN,False,-1.0
2024-02-24,2024-02,D1,Bayern Munich,RB Leipzig,away,home,4.5,"[4.0,5.0)",0.21124357674746064,"[0.20,0.28)",market_non_favorite,B365_OPEN,False,-1.0
2024-02-25,2024-02,D1,Augsburg,Freiburg,home,home,2.2,"[2.2,2.8)",0.43088803088803085,"[0.42,0.55)",market_favorite,B365_OPEN,True,1.2000000000000002
2024-02-25,2024-02,D1,Augsburg,Freiburg,draw,home,3.6,"[3.5,4.0)",0.2633204633204633,"[0.20,0.28)",market_non_favorite,B365_OPEN,False,-1.0
2024-02-25,2024-02,D1,Augsburg,Freiburg,away,home,3.1,"[2.8,3.5)",0.30579150579150577,"[0.28,0.34)",market_non_favorite,B365_OPEN,False,-1.0
2024-02-25,2024-02,D1,Dortmund,Hoffenheim,home,away,1.5,"[1.0,1.8)",0.6358381502890174,"[0.55,1.00]",market_favorite,B365_OPEN,False,-1.0
2024-02-25,2024-02,D1,Dortmund,Hoffenheim,draw,away,5.0,"[5.0,7.0)",0.19075144508670525,"[0.00,0.20)",market_non_favorite,B365_OPEN,False,-1.0
2024-02-25,2024-02,D1,Dortmund,Hoffenheim,away,away,5.5,"[5.0,7.0)",0.17341040462427748,"[0.00,0.20)",market_non_favorite,B365_OPEN,True,4.5
2024-02-25,2024-02,D1,Ein Frankfurt,Wolfsburg,home,draw,2.25,"[2.2,2.8)",0.42285270112708895,"[0.42,0.55)",market_favorite,B365_OPEN,False,-1.0
2024-02-25,2024-02,D1,Ein Frankfurt,Wolfsburg,draw,draw,3.4,"[2.8,3.5)",0.27982899339292655,"[0.20,0.28)",market_non_favorite,B365_OPEN,True,2.4
2024-02-25,2024-02,D1,Ein Frankfurt,Wolfsburg,away,draw,3.2,"[2.8,3.5)",0.29731830547998445,"[0.28,0.34)",market_non_favorite,B365_OPEN,False,-1.0
2024-03-01,2024-03,D1,Freiburg,Bayern Munich,home,draw,5.75,"[5.0,7.0)",0.16545718432510886,"[0.00,0.20)",market_non_favorite,B365_OPEN,False,-1.0
2024-03-01,2024-03,D1,Freiburg,Bayern Munich,draw,draw,4.75,"[4.0,5.0)",0.20029027576197386,"[0.20,0.28)",market_non_favorite,B365_OPEN,True,3.75
2024-03-01,2024-03,D1,Freiburg,Bayern Munich,away,draw,1.5,"[1.0,1.8)",0.6342525399129173,"[0.55,1.00]",market_favorite,B365_OPEN,False,-1.0
2024-03-02,2024-03,D1,Wolfsburg,Stuttgart,home,away,3.3,"[2.8,3.5)",0.28754298815437523,"[0.28,0.34)",market_non_favorite,B365_OPEN,False,-1.0
2024-03-02,2024-03,D1,Wolfsburg,Stuttgart,draw,away,3.5,"[3.5,4.0)",0.2711119602598395,"[0.20,0.28)",market_non_favorite,B365_OPEN,False,-1.0
2024-03-02,2024-03,D1,Wolfsburg,Stuttgart,away,away,2.15,"[1.8,2.2)",0.44134505158578524,"[0.42,0.55)",market_favorite,B365_OPEN,True,1.15
2024-03-02,2024-03,D1,Mainz,M'gladbach,home,draw,1.91,"[1.8,2.2)",0.4953764861294584,"[0.42,0.55)",market_favorite,B365_OPEN,False,-1.0
2024-03-02,2024-03,D1,Mainz,M'gladbach,draw,draw,3.75,"[3.5,4.0)",0.2523117569352708,"[0.20,0.28)",market_non_favorite,B365_OPEN,True,2.75
2024-03-02,2024-03,D1,Mainz,M'gladbach,away,draw,3.75,"[3.5,4.0)",0.2523117569352708,"[0.20,0.28)",market_non_favorite,B365_OPEN,False,-1.0
2024-03-02,2024-03,D1,Heidenheim,Ein Frankfurt,home,away,2.8,"[2.8,3.5)",0.3368721927317272,"[0.28,0.34)",market_non_favorite,B365_OPEN,False,-1.0
2024-03-02,2024-03,D1,Heidenheim,Ein Frankfurt,draw,away,3.3,"[2.8,3.5)",0.2858309514087382,"[0.28,0.34)",market_non_favorite,B365_OPEN,False,-1.0
2024-03-02,2024-03,D1,Heidenheim,Ein Frankfurt,away,away,2.5,"[2.2,2.8)",0.3772968558595345,"[0.34,0.42)",market_favorite,B365_OPEN,True,1.5
2024-03-02,2024-03,D1,Darmstadt,Augsburg,home,away,2.9,"[2.8,3.5)",0.3239263803680982,"[0.28,0.34)",market_non_favorite,B365_OPEN,False,-1.0
2024-03-02,2024-03,D1,Darmstadt,Augsburg,draw,away,3.3,"[2.8,3.5)",0.2846625766871166,"[0.28,0.34)",market_non_favorite,B365_OPEN,False,-1.0
2024-03-02,2024-03,D1,Darmstadt,Augsburg,away,away,2.4,"[2.2,2.8)",0.3914110429447853,"[0.34,0.42)",market_favorite,B365_OPEN,True,1.4
2024-03-02,2024-03,D1,Bochum,RB Leipzig,home,away,5.0,"[5.0,7.0)",0.18950534759358292,"[0.00,0.20)",market_non_favorite,B365_OPEN,False,-1.0
2024-03-02,2024-03,D1,Bochum,RB Leipzig,draw,away,4.2,"[4.0,5.0)",0.22560160427807488,"[0.20,0.28)",market_non_favorite,B365_OPEN,False,-1.0
2024-03-02,2024-03,D1,Bochum,RB Leipzig,away,away,1.62,"[1.0,1.8)",0.5848930481283423,"[0.55,1.00]",market_favorite,B365_OPEN,True,0.6200000000000001
2024-03-02,2024-03,D1,Union Berlin,Dortmund,home,away,3.4,"[2.8,3.5)",0.27754795035727714,"[0.20,0.28)",market_non_favorite,B365_OPEN,False,-1.0
2024-03-02,2024-03,D1,Union Berlin,Dortmund,draw,away,3.6,"[3.5,4.0)",0.26212861978187285,"[0.20,0.28)",market_non_favorite,B365_OPEN,False,-1.0
2024-03-02,2024-03,D1,Union Berlin,Dortmund,away,away,2.05,"[1.8,2.2)",0.4603234298608499,"[0.42,0.55)",market_favorite,B365_OPEN,True,1.0499999999999998
2024-03-03,2024-03,D1,FC Koln,Leverkusen,home,away,9.0,"[7.0,inf)",0.10512611879576893,"[0.00,0.20)",market_non_favorite,B365_OPEN,False,-1.0
2024-03-03,2024-03,D1,FC Koln,Leverkusen,draw,away,4.75,"[4.0,5.0)",0.19918633034987795,"[0.00,0.20)",market_non_favorite,B365_OPEN,False,-1.0
2024-03-03,2024-03,D1,FC Koln,Leverkusen,away,away,1.36,"[1.0,1.8)",0.6956875508543532,"[0.55,1.00]",market_favorite,B365_OPEN,True,0.3600000000000001
2024-03-03,2024-03,D1,Hoffenheim,Werder Bremen,home,home,1.91,"[1.8,2.2)",0.49799419006778256,"[0.42,0.55)",market_favorite,B365_OPEN,True,0.9099999999999999
2024-03-03,2024-03,D1,Hoffenheim,Werder Bremen,draw,home,4.0,"[4.0,5.0)",0.23779222575736617,"[0.20,0.28)",market_non_favorite,B365_OPEN,False,-1.0
2024-03-03,2024-03,D1,Hoffenheim,Werder Bremen,away,home,3.6,"[3.5,4.0)",0.2642135841748513,"[0.20,0.28)",market_non_favorite,B365_OPEN,False,-1.0
2024-03-08,2024-03,D1,Stuttgart,Union Berlin,home,home,1.45,"[1.0,1.8)",0.6538661131292164,"[0.55,1.00]",market_favorite,B365_OPEN,True,0.44999999999999996
2024-03-08,2024-03,D1,Stuttgart,Union Berlin,draw,home,4.5,"[4.0,5.0)",0.21069019200830302,"[0.20,0.28)",market_non_favorite,B365_OPEN,False,-1.0
2024-03-08,2024-03,D1,Stuttgart,Union Berlin,away,home,7.0,"[7.0,inf)",0.13544369486248053,"[0.00,0.20)",market_non_favorite,B365_OPEN,False,-1.0
2024-03-09,2024-03,D1,Werder Bremen,Dortmund,home,away,3.5,"[3.5,4.0)",0.2702552251142862,"[0.20,0.28)",market_non_favorite,B365_OPEN,False,-1.0
2024-03-09,2024-03,D1,Werder Bremen,Dortmund,draw,away,4.33,"[4.0,5.0)",0.21845110575057775,"[0.20,0.28)",market_non_favorite,B365_OPEN,False,-1.0
2024-03-09,2024-03,D1,Werder Bremen,Dortmund,away,away,1.85,"[1.8,2.2)",0.511293669135136,"[0.42,0.55)",market_favorite,B365_OPEN,True,0.8500000000000001
2024-03-09,2024-03,D1,RB Leipzig,Darmstadt,home,home,1.14,"[1.0,1.8)",0.8263659342796034,"[0.55,1.00]",market_favorite,B365_OPEN,True,0.1399999999999999
2024-03-09,2024-03,D1,RB Leipzig,Darmstadt,draw,home,8.5,"[7.0,inf)",0.11083025471514679,"[0.00,0.20)",market_non_favorite,B365_OPEN,False,-1.0
2024-03-09,2024-03,D1,RB Leipzig,Darmstadt,away,home,15.0,"[7.0,inf)",0.06280381100524984,"[0.00,0.20)",market_non_favorite,B365_OPEN,False,-1.0
2024-03-09,2024-03,D1,M'gladbach,FC Koln,home,draw,1.83,"[1.8,2.2)",0.5221932114882506,"[0.42,0.55)",market_favorite,B365_OPEN,False,-1.0
2024-03-09,2024-03,D1,M'gladbach,FC Koln,draw,draw,4.0,"[4.0,5.0)",0.23890339425587467,"[0.20,0.28)",market_non_favorite,B365_OPEN,True,3.0
2024-03-09,2024-03,D1,M'gladbach,FC Koln,away,draw,4.0,"[4.0,5.0)",0.23890339425587467,"[0.20,0.28)",market_non_favorite,B365_OPEN,False,-1.0
2024-03-09,2024-03,D1,Bayern Munich,Mainz,home,home,1.25,"[1.0,1.8)",0.7671232876712328,"[0.55,1.00]",market_favorite,B365_OPEN,True,0.25
2024-03-09,2024-03,D1,Bayern Munich,Mainz,draw,home,7.0,"[7.0,inf)",0.136986301369863,"[0.00,0.20)",market_non_favorite,B365_OPEN,False,-1.0
2024-03-09,2024-03,D1,Bayern Munich,Mainz,away,home,10.0,"[7.0,inf)",0.0958904109589041,"[0.00,0.20)",market_non_favorite,B365_OPEN,False,-1.0
2024-03-09,2024-03,D1,Augsburg,Heidenheim,home,home,1.85,"[1.8,2.2)",0.5078597339782346,"[0.42,0.55)",market_favorite,B365_OPEN,True,0.8500000000000001
2024-03-09,2024-03,D1,Augsburg,Heidenheim,draw,home,4.2,"[4.0,5.0)",0.22370012091898428,"[0.20,0.28)",market_non_favorite,B365_OPEN,False,-1.0
2024-03-09,2024-03,D1,Augsburg,Heidenheim,away,home,3.5,"[3.5,4.0)",0.26844014510278114,"[0.20,0.28)",market_non_favorite,B365_OPEN,False,-1.0
2024-03-10,2024-03,D1,Bochum,Freiburg,home,away,2.2,"[2.2,2.8)",0.4310344827586207,"[0.42,0.55)",market_favorite,B365_OPEN,False,-1.0
2024-03-10,2024-03,D1,Bochum,Freiburg,draw,away,3.75,"[3.5,4.0)",0.25287356321839083,"[0.20,0.28)",market_non_favorite,B365_OPEN,False,-1.0
2024-03-10,2024-03,D1,Bochum,Freiburg,away,away,3.0,"[2.8,3.5)",0.3160919540229885,"[0.28,0.34)",market_non_favorite,B365_OPEN,True,2.0
2024-03-10,2024-03,D1,Ein Frankfurt,Hoffenheim,home,home,2.0,"[1.8,2.2)",0.47482014388489213,"[0.42,0.55)",market_favorite,B365_OPEN,True,1.0
2024-03-10,2024-03,D1,Ein Frankfurt,Hoffenheim,draw,home,4.0,"[4.0,5.0)",0.23741007194244607,"[0.20,0.28)",market_non_favorite,B365_OPEN,False,-1.0
2024-03-10,2024-03,D1,Ein Frankfurt,Hoffenheim,away,home,3.3,"[2.8,3.5)",0.2877697841726619,"[0.28,0.34)",market_non_favorite,B365_OPEN,False,-1.0
2024-03-10,2024-03,D1,Leverkusen,Wolfsburg,home,home,1.33,"[1.0,1.8)",0.7205779366776013,"[0.55,1.00]",market_favorite,B365_OPEN,True,0.33000000000000007
2024-03-10,2024-03,D1,Leverkusen,Wolfsburg,draw,home,5.75,"[5.0,7.0)",0.16667280970107995,"[0.00,0.20)",market_non_favorite,B365_OPEN,False,-1.0
2024-03-10,2024-03,D1,Leverkusen,Wolfsburg,away,home,8.5,"[7.0,inf)",0.1127492536213188,"[0.00,0.20)",market_non_favorite,B365_OPEN,False,-1.0
2024-03-15,2024-03,D1,FC Koln,RB Leipzig,home,away,6.5,"[5.0,7.0)",0.14596026490066225,"[0.00,0.20)",market_non_favorite,B365_OPEN,False,-1.0
2024-03-15,2024-03,D1,FC Koln,RB Leipzig,draw,away,4.75,"[4.0,5.0)",0.1997350993377483,"[0.00,0.20)",market_non_favorite,B365_OPEN,False,-1.0
2024-03-15,2024-03,D1,FC Koln,RB Leipzig,away,away,1.45,"[1.0,1.8)",0.6543046357615894,"[0.55,1.00]",market_favorite,B365_OPEN,True,0.44999999999999996
2024-03-16,2024-03,D1,Wolfsburg,Augsburg,home,away,2.05,"[1.8,2.2)",0.46052631578947373,"[0.42,0.55)",market_favorite,B365_OPEN,False,-1.0
2024-03-16,2024-03,D1,Wolfsburg,Augsburg,draw,away,3.5,"[3.5,4.0)",0.26973684210526316,"[0.20,0.28)",market_non_favorite,B365_OPEN,False,-1.0
2024-03-16,2024-03,D1,Wolfsburg,Augsburg,away,away,3.5,"[3.5,4.0)",0.26973684210526316,"[0.20,0.28)",market_non_favorite,B365_OPEN,True,2.5
2024-03-16,2024-03,D1,Union Berlin,Werder Bremen,home,home,2.05,"[1.8,2.2)",0.46676300578034685,"[0.42,0.55)",market_favorite,B365_OPEN,True,1.0499999999999998
2024-03-16,2024-03,D1,Union Berlin,Werder Bremen,draw,home,3.4,"[2.8,3.5)",0.2814306358381503,"[0.28,0.34)",market_non_favorite,B365_OPEN,False,-1.0
2024-03-16,2024-03,D1,Union Berlin,Werder Bremen,away,home,3.8,"[3.5,4.0)",0.2518063583815029,"[0.20,0.28)",market_non_favorite,B365_OPEN,False,-1.0
2024-03-16,2024-03,D1,Mainz,Bochum,home,home,1.8,"[1.8,2.2)",0.5292717447246527,"[0.42,0.55)",market_favorite,B365_OPEN,True,0.8
2024-03-16,2024-03,D1,Mainz,Bochum,draw,home,3.8,"[3.5,4.0)",0.2507076685537828,"[0.20,0.28)",market_non_favorite,B365_OPEN,False,-1.0
2024-03-16,2024-03,D1,Mainz,Bochum,away,home,4.33,"[4.0,5.0)",0.22002058672156458,"[0.20,0.28)",market_non_favorite,B365_OPEN,False,-1.0
2024-03-16,2024-03,D1,Hoffenheim,Stuttgart,home,away,3.8,"[3.5,4.0)",0.2483544819162652,"[0.20,0.28)",market_non_favorite,B365_OPEN,False,-1.0
2024-03-16,2024-03,D1,Hoffenheim,Stuttgart,draw,away,4.0,"[4.0,5.0)",0.23593675782045195,"[0.20,0.28)",market_non_favorite,B365_OPEN,False,-1.0
2024-03-16,2024-03,D1,Hoffenheim,Stuttgart,away,away,1.83,"[1.8,2.2)",0.5157087602632829,"[0.42,0.55)",market_favorite,B365_OPEN,True,0.8300000000000001
2024-03-16,2024-03,D1,Heidenheim,M'gladbach,home,draw,2.45,"[2.2,2.8)",0.38640429338103754,"[0.34,0.42)",market_favorite,B365_OPEN,False,-1.0
2024-03-16,2024-03,D1,Heidenheim,M'gladbach,draw,draw,3.6,"[3.5,4.0)",0.2629695885509839,"[0.20,0.28)",market_non_favorite,B365_OPEN,True,2.6
2024-03-16,2024-03,D1,Heidenheim,M'gladbach,away,draw,2.7,"[2.2,2.8)",0.3506261180679785,"[0.34,0.42)",market_non_favorite,B365_OPEN,False,-1.0
2024-03-16,2024-03,D1,Darmstadt,Bayern Munich,home,away,17.0,"[7.0,inf)",0.05544072948328267,"[0.00,0.20)",market_non_favorite,B365_OPEN,False,-1.0
2024-03-16,2024-03,D1,Darmstadt,Bayern Munich,draw,away,8.0,"[7.0,inf)",0.11781155015197567,"[0.00,0.20)",market_non_favorite,B365_OPEN,False,-1.0
2024-03-16,2024-03,D1,Darmstadt,Bayern Munich,away,away,1.14,"[1.0,1.8)",0.8267477203647416,"[0.55,1.00]",market_favorite,B365_OPEN,True,0.1399999999999999
2024-03-17,2024-03,D1,Freiburg,Leverkusen,home,away,6.0,"[5.0,7.0)",0.15854770503220061,"[0.00,0.20)",market_non_favorite,B365_OPEN,False,-1.0
2024-03-17,2024-03,D1,Freiburg,Leverkusen,draw,away,4.33,"[4.0,5.0)",0.21969658895916944,"[0.20,0.28)",market_non_favorite,B365_OPEN,False,-1.0
2024-03-17,2024-03,D1,Freiburg,Leverkusen,away,away,1.53,"[1.0,1.8)",0.6217557060086298,"[0.55,1.00]",market_favorite,B365_OPEN,True,0.53
2024-03-17,2024-03,D1,Dortmund,Ein Frankfurt,home,home,1.62,"[1.0,1.8)",0.5848930481283423,"[0.55,1.00]",market_favorite,B365_OPEN,True,0.6200000000000001
2024-03-17,2024-03,D1,Dortmund,Ein Frankfurt,draw,home,4.2,"[4.0,5.0)",0.22560160427807488,"[0.20,0.28)",market_non_favorite,B365_OPEN,False,-1.0
2024-03-17,2024-03,D1,Dortmund,Ein Frankfurt,away,home,5.0,"[5.0,7.0)",0.18950534759358292,"[0.00,0.20)",market_non_favorite,B365_OPEN,False,-1.0
2024-03-30,2024-03,D1,Bayern Munich,Dortmund,home,away,1.4,"[1.0,1.8)",0.677134445534838,"[0.55,1.00]",market_favorite,B365_OPEN,False,-1.0
2024-03-30,2024-03,D1,Bayern Munich,Dortmund,draw,away,5.75,"[5.0,7.0)",0.16486751717369968,"[0.00,0.20)",market_non_favorite,B365_OPEN,False,-1.0
2024-03-30,2024-03,D1,Bayern Munich,Dortmund,away,away,6.0,"[5.0,7.0)",0.1579980372914622,"[0.00,0.20)",market_non_favorite,B365_OPEN,True,5.0
2024-03-30,2024-03,D1,Ein Frankfurt,Union Berlin,home,draw,2.0,"[1.8,2.2)",0.4767025089605735,"[0.42,0.55)",market_favorite,B365_OPEN,False,-1.0
2024-03-30,2024-03,D1,Ein Frankfurt,Union Berlin,draw,draw,3.5,"[3.5,4.0)",0.27240143369175623,"[0.20,0.28)",market_non_favorite,B365_OPEN,True,2.5
2024-03-30,2024-03,D1,Ein Frankfurt,Union Berlin,away,draw,3.8,"[3.5,4.0)",0.25089605734767023,"[0.20,0.28)",market_non_favorite,B365_OPEN,False,-1.0
2024-03-30,2024-03,D1,Leverkusen,Hoffenheim,home,home,1.2,"[1.0,1.8)",0.7936507936507936,"[0.55,1.00]",market_favorite,B365_OPEN,True,0.19999999999999996
2024-03-30,2024-03,D1,Leverkusen,Hoffenheim,draw,home,7.5,"[7.0,inf)",0.12698412698412698,"[0.00,0.20)",market_non_favorite,B365_OPEN,False,-1.0
2024-03-30,2024-03,D1,Leverkusen,Hoffenheim,away,home,12.0,"[7.0,inf)",0.07936507936507936,"[0.00,0.20)",market_non_favorite,B365_OPEN,False,-1.0
2024-03-30,2024-03,D1,M'gladbach,Freiburg,home,away,2.2,"[2.2,2.8)",0.4350453172205438,"[0.42,0.55)",market_favorite,B365_OPEN,False,-1.0
2024-03-30,2024-03,D1,M'gladbach,Freiburg,draw,away,3.6,"[3.5,4.0)",0.26586102719033233,"[0.20,0.28)",market_non_favorite,B365_OPEN,False,-1.0
2024-03-30,2024-03,D1,M'gladbach,Freiburg,away,away,3.2,"[2.8,3.5)",0.2990936555891239,"[0.28,0.34)",market_non_favorite,B365_OPEN,True,2.2
2024-03-30,2024-03,D1,RB Leipzig,Mainz,home,draw,1.4,"[1.0,1.8)",0.6880733944954128,"[0.55,1.00]",market_favorite,B365_OPEN,False,-1.0
2024-03-30,2024-03,D1,RB Leipzig,Mainz,draw,draw,5.25,"[5.0,7.0)",0.18348623853211007,"[0.00,0.20)",market_non_favorite,B365_OPEN,True,4.25
2024-03-30,2024-03,D1,RB Leipzig,Mainz,away,draw,7.5,"[7.0,inf)",0.12844036697247704,"[0.00,0.20)",market_non_favorite,B365_OPEN,False,-1.0
2024-03-30,2024-03,D1,Werder Bremen,Wolfsburg,home,away,2.88,"[2.8,3.5)",0.33081285444234404,"[0.28,0.34)",market_non_favorite,B365_OPEN,False,-1.0
2024-03-30,2024-03,D1,Werder Bremen,Wolfsburg,draw,away,3.5,"[3.5,4.0)",0.2722117202268431,"[0.20,0.28)",market_non_favorite,B365_OPEN,False,-1.0
2024-03-30,2024-03,D1,Werder Bremen,Wolfsburg,away,away,2.4,"[2.2,2.8)",0.39697542533081287,"[0.34,0.42)",market_favorite,B365_OPEN,True,1.4
2024-03-31,2024-03,D1,Bochum,Darmstadt,home,draw,1.62,"[1.0,1.8)",0.5835764902042518,"[0.55,1.00]",market_favorite,B365_OPEN,False,-1.0
2024-03-31,2024-03,D1,Bochum,Darmstadt,draw,draw,4.0,"[4.0,5.0)",0.236348478532722,"[0.20,0.28)",market_non_favorite,B365_OPEN,True,3.0
2024-03-31,2024-03,D1,Bochum,Darmstadt,away,draw,5.25,"[5.0,7.0)",0.18007503126302626,"[0.00,0.20)",market_non_favorite,B365_OPEN,False,-1.0
2024-03-31,2024-03,D1,Stuttgart,Heidenheim,home,draw,1.25,"[1.0,1.8)",0.75,"[0.55,1.00]",market_favorite,B365_OPEN,False,-1.0
2024-03-31,2024-03,D1,Stuttgart,Heidenheim,draw,draw,6.0,"[5.0,7.0)",0.15625,"[0.00,0.20)",market_non_favorite,B365_OPEN,True,5.0
2024-03-31,2024-03,D1,Stuttgart,Heidenheim,away,draw,10.0,"[7.0,inf)",0.09375,"[0.00,0.20)",market_non_favorite,B365_OPEN,False,-1.0
2024-03-31,2024-03,D1,Augsburg,FC Koln,home,draw,1.75,"[1.0,1.8)",0.5475285171102662,"[0.42,0.55)",market_favorite,B365_OPEN,False,-1.0
2024-03-31,2024-03,D1,Augsburg,FC Koln,draw,draw,4.0,"[4.0,5.0)",0.2395437262357415,"[0.20,0.28)",market_non_favorite,B365_OPEN,True,3.0
2024-03-31,2024-03,D1,Augsburg,FC Koln,away,draw,4.5,"[4.0,5.0)",0.2129277566539924,"[0.20,0.28)",market_non_favorite,B365_OPEN,False,-1.0
2024-04-05,2024-04,D1,Ein Frankfurt,Werder Bremen,home,draw,1.75,"[1.0,1.8)",0.5407114624505929,"[0.42,0.55)",market_favorite,B365_OPEN,False,-1.0
2024-04-05,2024-04,D1,Ein Frankfurt,Werder Bremen,draw,draw,3.8,"[3.5,4.0)",0.24901185770750986,"[0.20,0.28)",market_non_favorite,B365_OPEN,True,2.8
2024-04-05,2024-04,D1,Ein Frankfurt,Werder Bremen,away,draw,4.5,"[4.0,5.0)",0.2102766798418972,"[0.20,0.28)",market_non_favorite,B365_OPEN,False,-1.0
2024-04-06,2024-04,D1,Union Berlin,Leverkusen,home,away,5.75,"[5.0,7.0)",0.16562812334192958,"[0.00,0.20)",market_non_favorite,B365_OPEN,False,-1.0
2024-04-06,2024-04,D1,Union Berlin,Leverkusen,draw,away,4.33,"[4.0,5.0)",0.21994496748639608,"[0.20,0.28)",market_non_favorite,B365_OPEN,False,-1.0
2024-04-06,2024-04,D1,Union Berlin,Leverkusen,away,away,1.55,"[1.0,1.8)",0.6144269091716742,"[0.55,1.00]",market_favorite,B365_OPEN,True,0.55
2024-04-06,2024-04,D1,Mainz,Darmstadt,home,home,1.4,"[1.0,1.8)",0.6818181818181818,"[0.55,1.00]",market_favorite,B365_OPEN,True,0.3999999999999999
2024-04-06,2024-04,D1,Mainz,Darmstadt,draw,home,5.0,"[5.0,7.0)",0.19090909090909092,"[0.00,0.20)",market_non_favorite,B365_OPEN,False,-1.0
2024-04-06,2024-04,D1,Mainz,Darmstadt,away,home,7.5,"[7.0,inf)",0.12727272727272726,"[0.00,0.20)",market_non_favorite,B365_OPEN,False,-1.0
2024-04-06,2024-04,D1,Heidenheim,Bayern Munich,home,home,6.5,"[5.0,7.0)",0.1457142857142857,"[0.00,0.20)",market_non_favorite,B365_OPEN,True,5.5
2024-04-06,2024-04,D1,Heidenheim,Bayern Munich,draw,home,6.0,"[5.0,7.0)",0.15785714285714283,"[0.00,0.20)",market_non_favorite,B365_OPEN,False,-1.0
2024-04-06,2024-04,D1,Heidenheim,Bayern Munich,away,home,1.36,"[1.0,1.8)",0.6964285714285714,"[0.55,1.00]",market_favorite,B365_OPEN,False,-1.0
2024-04-06,2024-04,D1,Freiburg,RB Leipzig,home,away,4.75,"[4.0,5.0)",0.20097329076358317,"[0.20,0.28)",market_non_favorite,B365_OPEN,False,-1.0
2024-04-06,2024-04,D1,Freiburg,RB Leipzig,draw,away,4.33,"[4.0,5.0)",0.22046723582610164,"[0.20,0.28)",market_non_favorite,B365_OPEN,False,-1.0
2024-04-06,2024-04,D1,Freiburg,RB Leipzig,away,away,1.65,"[1.0,1.8)",0.5785594734103152,"[0.55,1.00]",market_favorite,B365_OPEN,True,0.6499999999999999
2024-04-06,2024-04,D1,FC Koln,Bochum,home,home,2.25,"[2.2,2.8)",0.42217898832684825,"[0.42,0.55)",market_favorite,B365_OPEN,True,1.25
2024-04-06,2024-04,D1,FC Koln,Bochum,draw,home,3.5,"[3.5,4.0)",0.2714007782101167,"[0.20,0.28)",market_non_favorite,B365_OPEN,False,-1.0
2024-04-06,2024-04,D1,FC Koln,Bochum,away,home,3.1,"[2.8,3.5)",0.306420233463035,"[0.28,0.34)",market_non_favorite,B365_OPEN,False,-1.0
2024-04-06,2024-04,D1,Dortmund,Stuttgart,home,away,2.25,"[2.2,2.8)",0.4226415094339622,"[0.42,0.55)",market_favorite,B365_OPEN,False,-1.0
2024-04-06,2024-04,D1,Dortmund,Stuttgart,draw,away,4.0,"[4.0,5.0)",0.23773584905660378,"[0.20,0.28)",market_non_favorite,B365_OPEN,False,-1.0
2024-04-06,2024-04,D1,Dortmund,Stuttgart,away,away,2.8,"[2.8,3.5)",0.33962264150943394,"[0.28,0.34)",market_non_favorite,B365_OPEN,True,1.7999999999999998
2024-04-07,2024-04,D1,Hoffenheim,Augsburg,home,home,2.2,"[2.2,2.8)",0.4331590739357729,"[0.42,0.55)",market_favorite,B365_OPEN,True,1.2000000000000002
2024-04-07,2024-04,D1,Hoffenheim,Augsburg,draw,home,4.0,"[4.0,5.0)",0.23823749066467512,"[0.20,0.28)",market_non_favorite,B365_OPEN,False,-1.0
2024-04-07,2024-04,D1,Hoffenheim,Augsburg,away,home,2.9,"[2.8,3.5)",0.3286034353995519,"[0.28,0.34)",market_non_favorite,B365_OPEN,False,-1.0
2024-04-07,2024-04,D1,Wolfsburg,M'gladbach,home,away,1.85,"[1.8,2.2)",0.5129935875801552,"[0.42,0.55)",market_favorite,B365_OPEN,False,-1.0
2024-04-07,2024-04,D1,Wolfsburg,M'gladbach,draw,away,4.0,"[4.0,5.0)",0.2372595342558218,"[0.20,0.28)",market_non_favorite,B365_OPEN,False,-1.0
2024-04-07,2024-04,D1,Wolfsburg,M'gladbach,away,away,3.8,"[3.5,4.0)",0.24974687816402294,"[0.20,0.28)",market_non_favorite,B365_OPEN,True,2.8
2024-04-12,2024-04,D1,Augsburg,Union Berlin,home,home,2.1,"[1.8,2.2)",0.4473684210526316,"[0.42,0.55)",market_favorite,B365_OPEN,True,1.1
2024-04-12,2024-04,D1,Augsburg,Union Berlin,draw,home,3.4,"[2.8,3.5)",0.27631578947368424,"[0.20,0.28)",market_non_favorite,B365_OPEN,False,-1.0
2024-04-12,2024-04,D1,Augsburg,Union Berlin,away,home,3.4,"[2.8,3.5)",0.27631578947368424,"[0.20,0.28)",market_non_favorite,B365_OPEN,False,-1.0
2024-04-13,2024-04,D1,Stuttgart,Ein Frankfurt,home,home,1.53,"[1.0,1.8)",0.6179775280898876,"[0.55,1.00]",market_favorite,B365_OPEN,True,0.53
2024-04-13,2024-04,D1,Stuttgart,Ein Frankfurt,draw,home,4.5,"[4.0,5.0)",0.21011235955056176,"[0.20,0.28)",market_non_favorite,B365_OPEN,False,-1.0
2024-04-13,2024-04,D1,Stuttgart,Ein Frankfurt,away,home,5.5,"[5.0,7.0)",0.17191011235955056,"[0.00,0.20)",market_non_favorite,B365_OPEN,False,-1.0
2024-04-13,2024-04,D1,RB Leipzig,Wolfsburg,home,home,1.36,"[1.0,1.8)",0.6934812760055478,"[0.55,1.00]",market_favorite,B365_OPEN,True,0.3600000000000001
2024-04-13,2024-04,D1,RB Leipzig,Wolfsburg,draw,home,5.0,"[5.0,7.0)",0.18862690707350901,"[0.00,0.20)",market_non_favorite,B365_OPEN,False,-1.0
2024-04-13,2024-04,D1,RB Leipzig,Wolfsburg,away,home,8.0,"[7.0,inf)",0.11789181692094314,"[0.00,0.20)",market_non_favorite,B365_OPEN,False,-1.0
2024-04-13,2024-04,D1,Mainz,Hoffenheim,home,home,1.95,"[1.8,2.2)",0.48519443453442745,"[0.42,0.55)",market_favorite,B365_OPEN,True,0.95
2024-04-13,2024-04,D1,Mainz,Hoffenheim,draw,home,4.0,"[4.0,5.0)",0.23653228683553335,"[0.20,0.28)",market_non_favorite,B365_OPEN,False,-1.0
2024-04-13,2024-04,D1,Mainz,Hoffenheim,away,home,3.4,"[2.8,3.5)",0.27827327863003926,"[0.20,0.28)",market_non_favorite,B365_OPEN,False,-1.0
2024-04-13,2024-04,D1,M'gladbach,Dortmund,home,away,3.25,"[2.8,3.5)",0.2909090909090909,"[0.28,0.34)",market_non_favorite,B365_OPEN,False,-1.0
2024-04-13,2024-04,D1,M'gladbach,Dortmund,draw,away,4.0,"[4.0,5.0)",0.23636363636363636,"[0.20,0.28)",market_non_favorite,B365_OPEN,False,-1.0
2024-04-13,2024-04,D1,M'gladbach,Dortmund,away,away,2.0,"[1.8,2.2)",0.4727272727272727,"[0.42,0.55)",market_favorite,B365_OPEN,True,1.0
2024-04-13,2024-04,D1,Bochum,Heidenheim,home,draw,2.05,"[1.8,2.2)",0.4612804025719877,"[0.42,0.55)",market_favorite,B365_OPEN,False,-1.0
2024-04-13,2024-04,D1,Bochum,Heidenheim,draw,draw,3.75,"[3.5,4.0)",0.2521666200726866,"[0.20,0.28)",market_non_favorite,B365_OPEN,True,2.75
2024-04-13,2024-04,D1,Bochum,Heidenheim,away,draw,3.3,"[2.8,3.5)",0.28655297735532564,"[0.28,0.34)",market_non_favorite,B365_OPEN,False,-1.0
2024-04-13,2024-04,D1,Bayern Munich,FC Koln,home,home,1.22,"[1.0,1.8)",0.7851908251641764,"[0.55,1.00]",market_favorite,B365_OPEN,True,0.21999999999999997
2024-04-13,2024-04,D1,Bayern Munich,FC Koln,draw,home,7.5,"[7.0,inf)",0.12772437422670602,"[0.00,0.20)",market_non_favorite,B365_OPEN,False,-1.0
2024-04-13,2024-04,D1,Bayern Munich,FC Koln,away,home,11.0,"[7.0,inf)",0.08708480060911775,"[0.00,0.20)",market_non_favorite,B365_OPEN,False,-1.0
2024-04-14,2024-04,D1,Darmstadt,Freiburg,home,away,4.0,"[4.0,5.0)",0.23593675782045195,"[0.20,0.28)",market_non_favorite,B365_OPEN,False,-1.0
2024-04-14,2024-04,D1,Darmstadt,Freiburg,draw,away,3.8,"[3.5,4.0)",0.2483544819162652,"[0.20,0.28)",market_non_favorite,B365_OPEN,False,-1.0
2024-04-14,2024-04,D1,Darmstadt,Freiburg,away,away,1.83,"[1.8,2.2)",0.5157087602632829,"[0.42,0.55)",market_favorite,B365_OPEN,True,0.8300000000000001
2024-04-14,2024-04,D1,Leverkusen,Werder Bremen,home,home,1.2,"[1.0,1.8)",0.7913043478260869,"[0.55,1.00]",market_favorite,B365_OPEN,True,0.19999999999999996
2024-04-14,2024-04,D1,Leverkusen,Werder Bremen,draw,home,7.0,"[7.0,inf)",0.13565217391304346,"[0.00,0.20)",market_non_favorite,B365_OPEN,False,-1.0
2024-04-14,2024-04,D1,Leverkusen,Werder Bremen,away,home,13.0,"[7.0,inf)",0.07304347826086957,"[0.00,0.20)",market_non_favorite,B365_OPEN,False,-1.0
2024-04-19,2024-04,D1,Ein Frankfurt,Augsburg,home,home,2.0,"[1.8,2.2)",0.4751131221719457,"[0.42,0.55)",market_favorite,B365_OPEN,True,1.0
2024-04-19,2024-04,D1,Ein Frankfurt,Augsburg,draw,home,3.75,"[3.5,4.0)",0.25339366515837103,"[0.20,0.28)",market_non_favorite,B365_OPEN,False,-1.0
2024-04-19,2024-04,D1,Ein Frankfurt,Augsburg,away,home,3.5,"[3.5,4.0)",0.27149321266968324,"[0.20,0.28)",market_non_favorite,B365_OPEN,False,-1.0
2024-04-20,2024-04,D1,Wolfsburg,Bochum,home,home,1.75,"[1.0,1.8)",0.5429892624813857,"[0.42,0.55)",market_favorite,B365_OPEN,True,0.75
2024-04-20,2024-04,D1,Wolfsburg,Bochum,draw,home,4.0,"[4.0,5.0)",0.23755780233560622,"[0.20,0.28)",market_non_favorite,B365_OPEN,False,-1.0
2024-04-20,2024-04,D1,Wolfsburg,Bochum,away,home,4.33,"[4.0,5.0)",0.21945293518300807,"[0.20,0.28)",market_non_favorite,B365_OPEN,False,-1.0
2024-04-20,2024-04,D1,Union Berlin,Bayern Munich,home,away,4.75,"[4.0,5.0)",0.2004950495049505,"[0.20,0.28)",market_non_favorite,B365_OPEN,False,-1.0
2024-04-20,2024-04,D1,Union Berlin,Bayern Munich,draw,away,4.5,"[4.0,5.0)",0.21163366336633663,"[0.20,0.28)",market_non_favorite,B365_OPEN,False,-1.0
2024-04-20,2024-04,D1,Union Berlin,Bayern Munich,away,away,1.62,"[1.0,1.8)",0.5878712871287128,"[0.55,1.00]",market_favorite,B365_OPEN,True,0.6200000000000001
2024-04-20,2024-04,D1,Hoffenheim,M'gladbach,home,home,2.1,"[1.8,2.2)",0.4540461369461735,"[0.42,0.55)",market_favorite,B365_OPEN,True,1.1
2024-04-20,2024-04,D1,Hoffenheim,M'gladbach,draw,home,4.0,"[4.0,5.0)",0.23837422189674112,"[0.20,0.28)",market_non_favorite,B365_OPEN,False,-1.0
2024-04-20,2024-04,D1,Hoffenheim,M'gladbach,away,home,3.1,"[2.8,3.5)",0.3075796411570853,"[0.28,0.34)",market_non_favorite,B365_OPEN,False,-1.0
2024-04-20,2024-04,D1,Heidenheim,RB Leipzig,home,away,5.75,"[5.0,7.0)",0.16499593606068813,"[0.00,0.20)",market_non_favorite,B365_OPEN,False,-1.0
2024-04-20,2024-04,D1,Heidenheim,RB Leipzig,draw,away,5.25,"[5.0,7.0)",0.18070983473313462,"[0.00,0.20)",market_non_favorite,B365_OPEN,False,-1.0
2024-04-20,2024-04,D1,Heidenheim,RB Leipzig,away,away,1.45,"[1.0,1.8)",0.6542942292061772,"[0.55,1.00]",market_favorite,B365_OPEN,True,0.44999999999999996
2024-04-20,2024-04,D1,FC Koln,Darmstadt,home,away,1.5,"[1.0,1.8)",0.6342525399129173,"[0.55,1.00]",market_favorite,B365_OPEN,False,-1.0
2024-04-20,2024-04,D1,FC Koln,Darmstadt,draw,away,4.75,"[4.0,5.0)",0.20029027576197386,"[0.20,0.28)",market_non_favorite,B365_OPEN,False,-1.0
2024-04-20,2024-04,D1,FC Koln,Darmstadt,away,away,5.75,"[5.0,7.0)",0.16545718432510886,"[0.00,0.20)",market_non_favorite,B365_OPEN,True,4.75
2024-04-21,2024-04,D1,Dortmund,Leverkusen,home,draw,2.55,"[2.2,2.8)",0.374384236453202,"[0.34,0.42)",market_favorite,B365_OPEN,False,-1.0
2024-04-21,2024-04,D1,Dortmund,Leverkusen,draw,draw,3.8,"[3.5,4.0)",0.25123152709359603,"[0.20,0.28)",market_non_favorite,B365_OPEN,True,2.8
2024-04-21,2024-04,D1,Dortmund,Leverkusen,away,draw,2.55,"[2.2,2.8)",0.374384236453202,"[0.34,0.42)",market_non_favorite,B365_OPEN,False,-1.0
2024-04-21,2024-04,D1,Freiburg,Mainz,home,draw,2.6,"[2.2,2.8)",0.36458333333333337,"[0.34,0.42)",market_favorite,B365_OPEN,False,-1.0
2024-04-21,2024-04,D1,Freiburg,Mainz,draw,draw,3.5,"[3.5,4.0)",0.27083333333333337,"[0.20,0.28)",market_non_favorite,B365_OPEN,True,2.5
2024-04-21,2024-04,D1,Freiburg,Mainz,away,draw,2.6,"[2.2,2.8)",0.36458333333333337,"[0.34,0.42)",market_non_favorite,B365_OPEN,False,-1.0
2024-04-21,2024-04,D1,Werder Bremen,Stuttgart,home,home,4.75,"[4.0,5.0)",0.19898605830164767,"[0.00,0.20)",market_non_favorite,B365_OPEN,True,3.75
2024-04-21,2024-04,D1,Werder Bremen,Stuttgart,draw,home,4.75,"[4.0,5.0)",0.19898605830164767,"[0.00,0.20)",market_non_favorite,B365_OPEN,False,-1.0
2024-04-21,2024-04,D1,Werder Bremen,Stuttgart,away,home,1.57,"[1.0,1.8)",0.6020278833967048,"[0.55,1.00]",market_favorite,B365_OPEN,False,-1.0
2024-04-26,2024-04,D1,Bochum,Hoffenheim,home,home,2.15,"[1.8,2.2)",0.4388121808208814,"[0.42,0.55)",market_favorite,B365_OPEN,True,1.15
2024-04-26,2024-04,D1,Bochum,Hoffenheim,draw,home,4.0,"[4.0,5.0)",0.23586154719122376,"[0.20,0.28)",market_non_favorite,B365_OPEN,False,-1.0
2024-04-26,2024-04,D1,Bochum,Hoffenheim,away,home,2.9,"[2.8,3.5)",0.3253262719878949,"[0.28,0.34)",market_non_favorite,B365_OPEN,False,-1.0
2024-04-27,2024-04,D1,RB Leipzig,Dortmund,home,home,1.67,"[1.0,1.8)",0.5692192187805826,"[0.55,1.00]",market_favorite,B365_OPEN,True,0.6699999999999999
2024-04-27,2024-04,D1,RB Leipzig,Dortmund,draw,home,4.33,"[4.0,5.0)",0.21953720447195677,"[0.20,0.28)",market_non_favorite,B365_OPEN,False,-1.0
2024-04-27,2024-04,D1,RB Leipzig,Dortmund,away,home,4.5,"[4.0,5.0)",0.21124357674746064,"[0.20,0.28)",market_non_favorite,B365_OPEN,False,-1.0
2024-04-27,2024-04,D1,Leverkusen,Stuttgart,home,draw,1.75,"[1.0,1.8)",0.5492019871049573,"[0.42,0.55)",market_favorite,B365_OPEN,False,-1.0
2024-04-27,2024-04,D1,Leverkusen,Stuttgart,draw,draw,4.2,"[4.0,5.0)",0.22883416129373219,"[0.20,0.28)",market_non_favorite,B365_OPEN,True,3.2
2024-04-27,2024-04,D1,Leverkusen,Stuttgart,away,draw,4.33,"[4.0,5.0)",0.22196385160131066,"[0.20,0.28)",market_non_favorite,B365_OPEN,False,-1.0
2024-04-27,2024-04,D1,Freiburg,Wolfsburg,home,away,2.3,"[2.2,2.8)",0.41025641025641024,"[0.34,0.42)",market_favorite,B365_OPEN,False,-1.0
2024-04-27,2024-04,D1,Freiburg,Wolfsburg,draw,away,3.6,"[3.5,4.0)",0.2621082621082621,"[0.20,0.28)",market_non_favorite,B365_OPEN,False,-1.0
2024-04-27,2024-04,D1,Freiburg,Wolfsburg,away,away,2.88,"[2.8,3.5)",0.3276353276353276,"[0.28,0.34)",market_non_favorite,B365_OPEN,True,1.88
2024-04-27,2024-04,D1,Bayern Munich,Ein Frankfurt,home,home,1.4,"[1.0,1.8)",0.6818181818181818,"[0.55,1.00]",market_favorite,B365_OPEN,True,0.3999999999999999
2024-04-27,2024-04,D1,Bayern Munich,Ein Frankfurt,draw,home,5.25,"[5.0,7.0)",0.1818181818181818,"[0.00,0.20)",market_non_favorite,B365_OPEN,False,-1.0
2024-04-27,2024-04,D1,Bayern Munich,Ein Frankfurt,away,home,7.0,"[7.0,inf)",0.13636363636363635,"[0.00,0.20)",market_non_favorite,B365_OPEN,False,-1.0
2024-04-27,2024-04,D1,Augsburg,Werder Bremen,home,away,1.8,"[1.8,2.2)",0.5263157894736842,"[0.42,0.55)",market_favorite,B365_OPEN,False,-1.0
2024-04-27,2024-04,D1,Augsburg,Werder Bremen,draw,away,4.0,"[4.0,5.0)",0.23684210526315788,"[0.20,0.28)",market_non_favorite,B365_OPEN,False,-1.0
2024-04-27,2024-04,D1,Augsburg,Werder Bremen,away,away,4.0,"[4.0,5.0)",0.23684210526315788,"[0.20,0.28)",market_non_favorite,B365_OPEN,True,3.0
2024-04-28,2024-04,D1,Darmstadt,Heidenheim,home,away,3.3,"[2.8,3.5)",0.2897350993377484,"[0.28,0.34)",market_non_favorite,B365_OPEN,False,-1.0
2024-04-28,2024-04,D1,Darmstadt,Heidenheim,draw,away,3.75,"[3.5,4.0)",0.25496688741721857,"[0.20,0.28)",market_non_favorite,B365_OPEN,False,-1.0
2024-04-28,2024-04,D1,Darmstadt,Heidenheim,away,away,2.1,"[1.8,2.2)",0.4552980132450331,"[0.42,0.55)",market_favorite,B365_OPEN,True,1.1
2024-04-28,2024-04,D1,Mainz,FC Koln,home,draw,1.55,"[1.0,1.8)",0.6186966409868664,"[0.55,1.00]",market_favorite,B365_OPEN,False,-1.0
2024-04-28,2024-04,D1,Mainz,FC Koln,draw,draw,4.33,"[4.0,5.0)",0.22147339342485978,"[0.20,0.28)",market_non_favorite,B365_OPEN,True,3.33
2024-04-28,2024-04,D1,Mainz,FC Koln,away,draw,6.0,"[5.0,7.0)",0.1598299655882738,"[0.00,0.20)",market_non_favorite,B365_OPEN,False,-1.0
2024-04-28,2024-04,D1,M'gladbach,Union Berlin,home,draw,2.3,"[2.2,2.8)",0.41257367387033406,"[0.34,0.42)",market_favorite,B365_OPEN,False,-1.0
2024-04-28,2024-04,D1,M'gladbach,Union Berlin,draw,draw,3.5,"[3.5,4.0)",0.27111984282907664,"[0.20,0.28)",market_non_favorite,B365_OPEN,True,2.5
2024-04-28,2024-04,D1,M'gladbach,Union Berlin,away,draw,3.0,"[2.8,3.5)",0.3163064833005894,"[0.28,0.34)",market_non_favorite,B365_OPEN,False,-1.0
2024-05-03,2024-05,D1,Hoffenheim,RB Leipzig,home,draw,5.25,"[5.0,7.0)",0.18018018018018017,"[0.00,0.20)",market_non_favorite,B365_OPEN,False,-1.0
2024-05-03,2024-05,D1,Hoffenheim,RB Leipzig,draw,draw,5.0,"[5.0,7.0)",0.1891891891891892,"[0.00,0.20)",market_non_favorite,B365_OPEN,True,4.0
2024-05-03,2024-05,D1,Hoffenheim,RB Leipzig,away,draw,1.5,"[1.0,1.8)",0.6306306306306306,"[0.55,1.00]",market_favorite,B365_OPEN,False,-1.0
2024-05-04,2024-05,D1,Dortmund,Augsburg,home,home,1.85,"[1.8,2.2)",0.5151610291323099,"[0.42,0.55)",market_favorite,B365_OPEN,True,0.8500000000000001
2024-05-04,2024-05,D1,Dortmund,Augsburg,draw,home,4.33,"[4.0,5.0)",0.22010344200803078,"[0.20,0.28)",market_non_favorite,B365_OPEN,False,-1.0
2024-05-04,2024-05,D1,Dortmund,Augsburg,away,home,3.6,"[3.5,4.0)",0.2647355288596593,"[0.20,0.28)",market_non_favorite,B365_OPEN,False,-1.0
2024-05-04,2024-05,D1,FC Koln,Freiburg,home,draw,2.3,"[2.2,2.8)",0.41460324772544055,"[0.34,0.42)",market_favorite,B365_OPEN,False,-1.0
2024-05-04,2024-05,D1,FC Koln,Freiburg,draw,draw,3.75,"[3.5,4.0)",0.2542899919382702,"[0.20,0.28)",market_non_favorite,B365_OPEN,True,2.75
2024-05-04,2024-05,D1,FC Koln,Freiburg,away,draw,2.88,"[2.8,3.5)",0.3311067603362893,"[0.28,0.34)",market_non_favorite,B365_OPEN,False,-1.0
2024-05-04,2024-05,D1,Stuttgart,Bayern Munich,home,home,2.1,"[1.8,2.2)",0.4540461369461735,"[0.42,0.55)",market_favorite,B365_OPEN,True,1.1
2024-05-04,2024-05,D1,Stuttgart,Bayern Munich,draw,home,4.0,"[4.0,5.0)",0.23837422189674112,"[0.20,0.28)",market_non_favorite,B365_OPEN,False,-1.0
2024-05-04,2024-05,D1,Stuttgart,Bayern Munich,away,home,3.1,"[2.8,3.5)",0.3075796411570853,"[0.28,0.34)",market_non_favorite,B365_OPEN,False,-1.0
2024-05-04,2024-05,D1,Wolfsburg,Darmstadt,home,home,1.4,"[1.0,1.8)",0.6872852233676976,"[0.55,1.00]",market_favorite,B365_OPEN,True,0.3999999999999999
2024-05-04,2024-05,D1,Wolfsburg,Darmstadt,draw,home,5.0,"[5.0,7.0)",0.1924398625429553,"[0.00,0.20)",market_non_favorite,B365_OPEN,False,-1.0
2024-05-04,2024-05,D1,Wolfsburg,Darmstadt,away,home,8.0,"[7.0,inf)",0.12027491408934707,"[0.00,0.20)",market_non_favorite,B365_OPEN,False,-1.0
2024-05-04,2024-05,D1,Werder Bremen,M'gladbach,home,draw,2.25,"[2.2,2.8)",0.4255319148936171,"[0.42,0.55)",market_favorite,B365_OPEN,False,-1.0
2024-05-04,2024-05,D1,Werder Bremen,M'gladbach,draw,draw,3.75,"[3.5,4.0)",0.25531914893617025,"[0.20,0.28)",market_non_favorite,B365_OPEN,True,2.75
2024-05-04,2024-05,D1,Werder Bremen,M'gladbach,away,draw,3.0,"[2.8,3.5)",0.3191489361702128,"[0.28,0.34)",market_non_favorite,B365_OPEN,False,-1.0
2024-05-05,2024-05,D1,Ein Frankfurt,Leverkusen,home,away,3.2,"[2.8,3.5)",0.2968388589051658,"[0.28,0.34)",market_non_favorite,B365_OPEN,False,-1.0
2024-05-05,2024-05,D1,Ein Frankfurt,Leverkusen,draw,away,3.5,"[3.5,4.0)",0.27139552814186585,"[0.20,0.28)",market_non_favorite,B365_OPEN,False,-1.0
2024-05-05,2024-05,D1,Ein Frankfurt,Leverkusen,away,away,2.2,"[2.2,2.8)",0.4317656129529684,"[0.42,0.55)",market_favorite,B365_OPEN,True,1.2000000000000002
2024-05-05,2024-05,D1,Heidenheim,Mainz,home,draw,3.0,"[2.8,3.5)",0.3163064833005894,"[0.28,0.34)",market_non_favorite,B365_OPEN,False,-1.0
2024-05-05,2024-05,D1,Heidenheim,Mainz,draw,draw,3.5,"[3.5,4.0)",0.27111984282907664,"[0.20,0.28)",market_non_favorite,B365_OPEN,True,2.5
2024-05-05,2024-05,D1,Heidenheim,Mainz,away,draw,2.3,"[2.2,2.8)",0.41257367387033406,"[0.34,0.42)",market_favorite,B365_OPEN,False,-1.0
2024-05-05,2024-05,D1,Union Berlin,Bochum,home,away,1.95,"[1.8,2.2)",0.48908296943231444,"[0.42,0.55)",market_favorite,B365_OPEN,False,-1.0
2024-05-05,2024-05,D1,Union Berlin,Bochum,draw,away,3.5,"[3.5,4.0)",0.2724890829694323,"[0.20,0.28)",market_non_favorite,B365_OPEN,False,-1.0
2024-05-05,2024-05,D1,Union Berlin,Bochum,away,away,4.0,"[4.0,5.0)",0.23842794759825325,"[0.20,0.28)",market_non_favorite,B365_OPEN,True,3.0
2024-05-10,2024-05,D1,Augsburg,Stuttgart,home,away,4.0,"[4.0,5.0)",0.23595505617977527,"[0.20,0.28)",market_non_favorite,B365_OPEN,False,-1.0
2024-05-10,2024-05,D1,Augsburg,Stuttgart,draw,away,4.2,"[4.0,5.0)",0.2247191011235955,"[0.20,0.28)",market_non_favorite,B365_OPEN,False,-1.0
2024-05-10,2024-05,D1,Augsburg,Stuttgart,away,away,1.75,"[1.0,1.8)",0.5393258426966292,"[0.42,0.55)",market_favorite,B365_OPEN,True,0.75
2024-05-11,2024-05,D1,FC Koln,Union Berlin,home,home,2.8,"[2.8,3.5)",0.33938294010889286,"[0.28,0.34)",market_non_favorite,B365_OPEN,True,1.7999999999999998
2024-05-11,2024-05,D1,FC Koln,Union Berlin,draw,home,3.3,"[2.8,3.5)",0.2879612825166364,"[0.28,0.34)",market_non_favorite,B365_OPEN,False,-1.0
2024-05-11,2024-05,D1,FC Koln,Union Berlin,away,home,2.55,"[2.2,2.8)",0.37265577737447064,"[0.34,0.42)",market_favorite,B365_OPEN,False,-1.0
2024-05-11,2024-05,D1,M'gladbach,Ein Frankfurt,home,draw,2.45,"[2.2,2.8)",0.38686331810069224,"[0.34,0.42)",market_favorite,B365_OPEN,False,-1.0
2024-05-11,2024-05,D1,M'gladbach,Ein Frankfurt,draw,draw,3.75,"[3.5,4.0)",0.25275070115911896,"[0.20,0.28)",market_non_favorite,B365_OPEN,True,2.75
2024-05-11,2024-05,D1,M'gladbach,Ein Frankfurt,away,draw,2.63,"[2.2,2.8)",0.3603859807401887,"[0.34,0.42)",market_non_favorite,B365_OPEN,False,-1.0
2024-05-11,2024-05,D1,Mainz,Dortmund,home,home,2.2,"[2.2,2.8)",0.43088803088803085,"[0.42,0.55)",market_favorite,B365_OPEN,True,1.2000000000000002
2024-05-11,2024-05,D1,Mainz,Dortmund,draw,home,3.6,"[3.5,4.0)",0.2633204633204633,"[0.20,0.28)",market_non_favorite,B365_OPEN,False,-1.0
2024-05-11,2024-05,D1,Mainz,Dortmund,away,home,3.1,"[2.8,3.5)",0.30579150579150577,"[0.28,0.34)",market_non_favorite,B365_OPEN,False,-1.0
2024-05-11,2024-05,D1,RB Leipzig,Werder Bremen,home,draw,1.29,"[1.0,1.8)",0.7354501096103528,"[0.55,1.00]",market_favorite,B365_OPEN,False,-1.0
2024-05-11,2024-05,D1,RB Leipzig,Werder Bremen,draw,draw,6.5,"[5.0,7.0)",0.14595856021497775,"[0.00,0.20)",market_non_favorite,B365_OPEN,True,5.5
2024-05-11,2024-05,D1,RB Leipzig,Werder Bremen,away,draw,8.0,"[7.0,inf)",0.11859133017466941,"[0.00,0.20)",market_non_favorite,B365_OPEN,False,-1.0
2024-05-11,2024-05,D1,Freiburg,Heidenheim,home,draw,1.7,"[1.0,1.8)",0.5546995377503853,"[0.55,1.00]",market_favorite,B365_OPEN,False,-1.0
2024-05-11,2024-05,D1,Freiburg,Heidenheim,draw,draw,4.0,"[4.0,5.0)",0.2357473035439137,"[0.20,0.28)",market_non_favorite,B365_OPEN,True,3.0
2024-05-11,2024-05,D1,Freiburg,Heidenheim,away,draw,4.5,"[4.0,5.0)",0.20955315870570107,"[0.20,0.28)",market_non_favorite,B365_OPEN,False,-1.0
2024-05-12,2024-05,D1,Bayern Munich,Wolfsburg,home,home,1.33,"[1.0,1.8)",0.7147962830593281,"[0.55,1.00]",market_favorite,B365_OPEN,True,0.33000000000000007
2024-05-12,2024-05,D1,Bayern Munich,Wolfsburg,draw,home,6.0,"[5.0,7.0)",0.1584465094114844,"[0.00,0.20)",market_non_favorite,B365_OPEN,False,-1.0
2024-05-12,2024-05,D1,Bayern Munich,Wolfsburg,away,home,7.5,"[7.0,inf)",0.1267572075291875,"[0.00,0.20)",market_non_favorite,B365_OPEN,False,-1.0
2024-05-12,2024-05,D1,Bochum,Leverkusen,home,away,4.2,"[4.0,5.0)",0.22519656132407379,"[0.20,0.28)",market_non_favorite,B365_OPEN,False,-1.0
2024-05-12,2024-05,D1,Bochum,Leverkusen,draw,away,4.33,"[4.0,5.0)",0.21843546363997918,"[0.20,0.28)",market_non_favorite,B365_OPEN,False,-1.0
2024-05-12,2024-05,D1,Bochum,Leverkusen,away,away,1.7,"[1.0,1.8)",0.556367975035947,"[0.55,1.00]",market_favorite,B365_OPEN,True,0.7
2024-05-12,2024-05,D1,Darmstadt,Hoffenheim,home,away,4.75,"[4.0,5.0)",0.2004950495049505,"[0.20,0.28)",market_non_favorite,B365_OPEN,False,-1.0
2024-05-12,2024-05,D1,Darmstadt,Hoffenheim,draw,away,4.5,"[4.0,5.0)",0.21163366336633663,"[0.20,0.28)",market_non_favorite,B365_OPEN,False,-1.0
2024-05-12,2024-05,D1,Darmstadt,Hoffenheim,away,away,1.62,"[1.0,1.8)",0.5878712871287128,"[0.55,1.00]",market_favorite,B365_OPEN,True,0.6200000000000001
2024-05-18,2024-05,D1,Dortmund,Darmstadt,home,home,1.17,"[1.0,1.8)",0.8145663632007667,"[0.55,1.00]",market_favorite,B365_OPEN,True,0.16999999999999993
2024-05-18,2024-05,D1,Dortmund,Darmstadt,draw,home,8.5,"[7.0,inf)",0.11212266411116434,"[0.00,0.20)",market_non_favorite,B365_OPEN,False,-1.0
2024-05-18,2024-05,D1,Dortmund,Darmstadt,away,home,13.0,"[7.0,inf)",0.07331097268806899,"[0.00,0.20)",market_non_favorite,B365_OPEN,False,-1.0
2024-05-18,2024-05,D1,Ein Frankfurt,RB Leipzig,home,draw,2.8,"[2.8,3.5)",0.3384972889233152,"[0.28,0.34)",market_non_favorite,B365_OPEN,False,-1.0
2024-05-18,2024-05,D1,Ein Frankfurt,RB Leipzig,draw,draw,3.8,"[3.5,4.0)",0.249419054996127,"[0.20,0.28)",market_non_favorite,B365_OPEN,True,2.8
2024-05-18,2024-05,D1,Ein Frankfurt,RB Leipzig,away,draw,2.3,"[2.2,2.8)",0.4120836560805577,"[0.34,0.42)",market_favorite,B365_OPEN,False,-1.0
2024-05-18,2024-05,D1,Heidenheim,FC Koln,home,home,2.3,"[2.2,2.8)",0.4120564669973293,"[0.34,0.42)",market_favorite,B365_OPEN,True,1.2999999999999998
2024-05-18,2024-05,D1,Heidenheim,FC Koln,draw,home,4.0,"[4.0,5.0)",0.23693246852346433,"[0.20,0.28)",market_non_favorite,B365_OPEN,False,-1.0
2024-05-18,2024-05,D1,Heidenheim,FC Koln,away,home,2.7,"[2.2,2.8)",0.3510110644792064,"[0.34,0.42)",market_non_favorite,B365_OPEN,False,-1.0
2024-05-18,2024-05,D1,Hoffenheim,Bayern Munich,home,home,2.88,"[2.8,3.5)",0.3246753246753247,"[0.28,0.34)",market_non_favorite,B365_OPEN,True,1.88
2024-05-18,2024-05,D1,Hoffenheim,Bayern Munich,draw,home,4.5,"[4.0,5.0)",0.20779220779220778,"[0.20,0.28)",market_non_favorite,B365_OPEN,False,-1.0
2024-05-18,2024-05,D1,Hoffenheim,Bayern Munich,away,home,2.0,"[1.8,2.2)",0.4675324675324675,"[0.42,0.55)",market_favorite,B365_OPEN,False,-1.0
2024-05-18,2024-05,D1,Leverkusen,Augsburg,home,home,1.3,"[1.0,1.8)",0.7346938775510204,"[0.55,1.00]",market_favorite,B365_OPEN,True,0.30000000000000004
2024-05-18,2024-05,D1,Leverkusen,Augsburg,draw,home,6.0,"[5.0,7.0)",0.15918367346938778,"[0.00,0.20)",market_non_favorite,B365_OPEN,False,-1.0
2024-05-18,2024-05,D1,Leverkusen,Augsburg,away,home,9.0,"[7.0,inf)",0.10612244897959185,"[0.00,0.20)",market_non_favorite,B365_OPEN,False,-1.0
2024-05-18,2024-05,D1,Stuttgart,M'gladbach,home,home,1.29,"[1.0,1.8)",0.73628772391809,"[0.55,1.00]",market_favorite,B365_OPEN,True,0.29000000000000004
2024-05-18,2024-05,D1,Stuttgart,M'gladbach,draw,home,6.25,"[5.0,7.0)",0.15196978621669383,"[0.00,0.20)",market_non_favorite,B365_OPEN,False,-1.0
2024-05-18,2024-05,D1,Stuttgart,M'gladbach,away,home,8.5,"[7.0,inf)",0.11174248986521604,"[0.00,0.20)",market_non_favorite,B365_OPEN,False,-1.0
2024-05-18,2024-05,D1,Werder Bremen,Bochum,home,home,2.38,"[2.2,2.8)",0.39823008849557523,"[0.34,0.42)",market_favorite,B365_OPEN,True,1.38
2024-05-18,2024-05,D1,Werder Bremen,Bochum,draw,home,3.6,"[3.5,4.0)",0.26327433628318586,"[0.20,0.28)",market_non_favorite,B365_OPEN,False,-1.0
2024-05-18,2024-05,D1,Werder Bremen,Bochum,away,home,2.8,"[2.8,3.5)",0.33849557522123896,"[0.28,0.34)",market_non_favorite,B365_OPEN,False,-1.0
2024-05-18,2024-05,D1,Wolfsburg,Mainz,home,away,3.2,"[2.8,3.5)",0.2968388589051658,"[0.28,0.34)",market_non_favorite,B365_OPEN,False,-1.0
2024-05-18,2024-05,D1,Wolfsburg,Mainz,draw,away,3.5,"[3.5,4.0)",0.27139552814186585,"[0.20,0.28)",market_non_favorite,B365_OPEN,False,-1.0
2024-05-18,2024-05,D1,Wolfsburg,Mainz,away,away,2.2,"[2.2,2.8)",0.4317656129529684,"[0.42,0.55)",market_favorite,B365_OPEN,True,1.2000000000000002
2024-05-18,2024-05,D1,Union Berlin,Freiburg,home,home,2.1,"[1.8,2.2)",0.45092838196286467,"[0.42,0.55)",market_favorite,B365_OPEN,True,1.1
2024-05-18,2024-05,D1,Union Berlin,Freiburg,draw,home,3.4,"[2.8,3.5)",0.27851458885941643,"[0.20,0.28)",market_non_favorite,B365_OPEN,False,-1.0
2024-05-18,2024-05,D1,Union Berlin,Freiburg,away,home,3.5,"[3.5,4.0)",0.2705570291777188,"[0.20,0.28)",market_non_favorite,B365_OPEN,False,-1.0
2024-08-23,2024-08,D1,M'gladbach,Leverkusen,home,away,5.25,"[5.0,7.0)",0.18005808325266215,"[0.00,0.20)",market_non_favorite,B365_OPEN,False,-1.0
2024-08-23,2024-08,D1,M'gladbach,Leverkusen,draw,away,4.5,"[4.0,5.0)",0.21006776379477252,"[0.20,0.28)",market_non_favorite,B365_OPEN,False,-1.0
2024-08-23,2024-08,D1,M'gladbach,Leverkusen,away,away,1.55,"[1.0,1.8)",0.6098741529525653,"[0.55,1.00]",market_favorite,B365_OPEN,True,0.55
2024-08-24,2024-08,D1,RB Leipzig,Bochum,home,home,1.25,"[1.0,1.8)",0.7590361445783133,"[0.55,1.00]",market_favorite,B365_OPEN,True,0.25
2024-08-24,2024-08,D1,RB Leipzig,Bochum,draw,home,7.0,"[7.0,inf)",0.1355421686746988,"[0.00,0.20)",market_non_favorite,B365_OPEN,False,-1.0
2024-08-24,2024-08,D1,RB Leipzig,Bochum,away,home,9.0,"[7.0,inf)",0.10542168674698794,"[0.00,0.20)",market_non_favorite,B365_OPEN,False,-1.0
2024-08-24,2024-08,D1,Mainz,Union Berlin,home,draw,2.0,"[1.8,2.2)",0.47595118449389806,"[0.42,0.55)",market_favorite,B365_OPEN,False,-1.0
2024-08-24,2024-08,D1,Mainz,Union Berlin,draw,draw,3.4,"[2.8,3.5)",0.2799712849964106,"[0.20,0.28)",market_non_favorite,B365_OPEN,True,2.4
2024-08-24,2024-08,D1,Mainz,Union Berlin,away,draw,3.9,"[3.5,4.0)",0.24407753050969133,"[0.20,0.28)",market_non_favorite,B365_OPEN,False,-1.0
2024-08-24,2024-08,D1,Hoffenheim,Holstein Kiel,home,home,1.65,"[1.0,1.8)",0.5769230769230769,"[0.55,1.00]",market_favorite,B365_OPEN,True,0.6499999999999999
2024-08-24,2024-08,D1,Hoffenheim,Holstein Kiel,draw,home,4.5,"[4.0,5.0)",0.2115384615384615,"[0.20,0.28)",market_non_favorite,B365_OPEN,False,-1.0
2024-08-24,2024-08,D1,Hoffenheim,Holstein Kiel,away,home,4.5,"[4.0,5.0)",0.2115384615384615,"[0.20,0.28)",market_non_favorite,B365_OPEN,False,-1.0
2024-08-24,2024-08,D1,Freiburg,Stuttgart,home,home,3.5,"[3.5,4.0)",0.2717731541152642,"[0.20,0.28)",market_non_favorite,B365_OPEN,True,2.5
2024-08-24,2024-08,D1,Freiburg,Stuttgart,draw,home,3.6,"[3.5,4.0)",0.2642238998342847,"[0.20,0.28)",market_non_favorite,B365_OPEN,False,-1.0
2024-08-24,2024-08,D1,Freiburg,Stuttgart,away,home,2.05,"[1.8,2.2)",0.46400294605045117,"[0.42,0.55)",market_favorite,B365_OPEN,False,-1.0
2024-08-24,2024-08,D1,Dortmund,Ein Frankfurt,home,home,1.7,"[1.0,1.8)",0.5579074690051407,"[0.55,1.00]",market_favorite,B365_OPEN,True,0.7
2024-08-24,2024-08,D1,Dortmund,Ein Frankfurt,draw,home,4.1,"[4.0,5.0)",0.23132748714847295,"[0.20,0.28)",market_non_favorite,B365_OPEN,False,-1.0
2024-08-24,2024-08,D1,Dortmund,Ein Frankfurt,away,home,4.5,"[4.0,5.0)",0.21076504384638645,"[0.20,0.28)",market_non_favorite,B365_OPEN,False,-1.0
2024-08-24,2024-08,D1,Augsburg,Werder Bremen,home,draw,2.2,"[2.2,2.8)",0.43088803088803085,"[0.42,0.55)",market_favorite,B365_OPEN,False,-1.0
2024-08-24,2024-08,D1,Augsburg,Werder Bremen,draw,draw,3.6,"[3.5,4.0)",0.2633204633204633,"[0.20,0.28)",market_non_favorite,B365_OPEN,True,2.6
2024-08-24,2024-08,D1,Augsburg,Werder Bremen,away,draw,3.1,"[2.8,3.5)",0.30579150579150577,"[0.28,0.34)",market_non_favorite,B365_OPEN,False,-1.0
2024-08-25,2024-08,D1,St Pauli,Heidenheim,home,away,2.1,"[1.8,2.2)",0.45092838196286467,"[0.42,0.55)",market_favorite,B365_OPEN,False,-1.0
2024-08-25,2024-08,D1,St Pauli,Heidenheim,draw,away,3.5,"[3.5,4.0)",0.2705570291777188,"[0.20,0.28)",market_non_favorite,B365_OPEN,False,-1.0
2024-08-25,2024-08,D1,St Pauli,Heidenheim,away,away,3.4,"[2.8,3.5)",0.27851458885941643,"[0.20,0.28)",market_non_favorite,B365_OPEN,True,2.4
2024-08-25,2024-08,D1,Wolfsburg,Bayern Munich,home,away,6.25,"[5.0,7.0)",0.1509175568337442,"[0.00,0.20)",market_non_favorite,B365_OPEN,False,-1.0
2024-08-25,2024-08,D1,Wolfsburg,Bayern Munich,draw,away,4.75,"[4.0,5.0)",0.1985757326759792,"[0.00,0.20)",market_non_favorite,B365_OPEN,False,-1.0
2024-08-25,2024-08,D1,Wolfsburg,Bayern Munich,away,away,1.45,"[1.0,1.8)",0.6505067104902768,"[0.55,1.00]",market_favorite,B365_OPEN,True,0.44999999999999996
2024-08-30,2024-08,D1,Union Berlin,St Pauli,home,home,1.91,"[1.8,2.2)",0.4971246449109679,"[0.42,0.55)",market_favorite,B365_OPEN,True,0.9099999999999999
2024-08-30,2024-08,D1,Union Berlin,St Pauli,draw,home,3.5,"[3.5,4.0)",0.27128802050855677,"[0.20,0.28)",market_non_favorite,B365_OPEN,False,-1.0
2024-08-30,2024-08,D1,Union Berlin,St Pauli,away,home,4.1,"[4.0,5.0)",0.2315873345804753,"[0.20,0.28)",market_non_favorite,B365_OPEN,False,-1.0
2024-08-31,2024-08,D1,Stuttgart,Mainz,home,draw,1.62,"[1.0,1.8)",0.5942810982926428,"[0.55,1.00]",market_favorite,B365_OPEN,False,-1.0
2024-08-31,2024-08,D1,Stuttgart,Mainz,draw,draw,4.33,"[4.0,5.0)",0.22234073423419892,"[0.20,0.28)",market_non_favorite,B365_OPEN,True,3.33
2024-08-31,2024-08,D1,Stuttgart,Mainz,away,draw,5.25,"[5.0,7.0)",0.18337816747315835,"[0.00,0.20)",market_non_favorite,B365_OPEN,False,-1.0
2024-08-31,2024-08,D1,Leverkusen,RB Leipzig,home,away,1.75,"[1.0,1.8)",0.5424476295479603,"[0.42,0.55)",market_favorite,B365_OPEN,False,-1.0
2024-08-31,2024-08,D1,Leverkusen,RB Leipzig,draw,away,4.2,"[4.0,5.0)",0.22601984564498345,"[0.20,0.28)",market_non_favorite,B365_OPEN,False,-1.0
2024-08-31,2024-08,D1,Leverkusen,RB Leipzig,away,away,4.1,"[4.0,5.0)",0.23153252480705624,"[0.20,0.28)",market_non_favorite,B365_OPEN,True,3.0999999999999996
2024-08-31,2024-08,D1,Holstein Kiel,Wolfsburg,home,away,3.2,"[2.8,3.5)",0.2982193064667292,"[0.28,0.34)",market_non_favorite,B365_OPEN,False,-1.0
2024-08-31,2024-08,D1,Holstein Kiel,Wolfsburg,draw,away,3.7,"[3.5,4.0)",0.2579194001874414,"[0.20,0.28)",market_non_favorite,B365_OPEN,False,-1.0
2024-08-31,2024-08,D1,Holstein Kiel,Wolfsburg,away,away,2.15,"[1.8,2.2)",0.44386129334582947,"[0.42,0.55)",market_favorite,B365_OPEN,True,1.15
2024-08-31,2024-08,D1,Ein Frankfurt,Hoffenheim,home,home,1.8,"[1.8,2.2)",0.5290697674418605,"[0.42,0.55)",market_favorite,B365_OPEN,True,0.8
2024-08-31,2024-08,D1,Ein Frankfurt,Hoffenheim,draw,home,4.2,"[4.0,5.0)",0.22674418604651161,"[0.20,0.28)",market_non_favorite,B365_OPEN,False,-1.0
2024-08-31,2024-08,D1,Ein Frankfurt,Hoffenheim,away,home,3.9,"[3.5,4.0)",0.24418604651162792,"[0.20,0.28)",market_non_favorite,B365_OPEN,False,-1.0
2024-08-31,2024-08,D1,Bochum,M'gladbach,home,away,2.6,"[2.2,2.8)",0.3673469387755102,"[0.34,0.42)",market_favorite,B365_OPEN,False,-1.0
2024-08-31,2024-08,D1,Bochum,M'gladbach,draw,away,3.6,"[3.5,4.0)",0.26530612244897966,"[0.20,0.28)",market_non_favorite,B365_OPEN,False,-1.0
2024-08-31,2024-08,D1,Bochum,M'gladbach,away,away,2.6,"[2.2,2.8)",0.3673469387755102,"[0.34,0.42)",market_non_favorite,B365_OPEN,True,1.6
2024-08-31,2024-08,D1,Werder Bremen,Dortmund,home,draw,4.1,"[4.0,5.0)",0.23240800516462234,"[0.20,0.28)",market_non_favorite,B365_OPEN,False,-1.0
2024-08-31,2024-08,D1,Werder Bremen,Dortmund,draw,draw,4.0,"[4.0,5.0)",0.23821820529373788,"[0.20,0.28)",market_non_favorite,B365_OPEN,True,3.0
2024-08-31,2024-08,D1,Werder Bremen,Dortmund,away,draw,1.8,"[1.8,2.2)",0.5293737895416398,"[0.42,0.55)",market_favorite,B365_OPEN,False,-1.0
2024-09-01,2024-09,D1,Bayern Munich,Freiburg,home,home,1.2,"[1.0,1.8)",0.7942238267148014,"[0.55,1.00]",market_favorite,B365_OPEN,True,0.19999999999999996
2024-09-01,2024-09,D1,Bayern Munich,Freiburg,draw,home,8.0,"[7.0,inf)",0.1191335740072202,"[0.00,0.20)",market_non_favorite,B365_OPEN,False,-1.0
2024-09-01,2024-09,D1,Bayern Munich,Freiburg,away,home,11.0,"[7.0,inf)",0.08664259927797834,"[0.00,0.20)",market_non_favorite,B365_OPEN,False,-1.0
2024-09-01,2024-09,D1,Heidenheim,Augsburg,home,home,2.38,"[2.2,2.8)",0.39988968560397137,"[0.34,0.42)",market_favorite,B365_OPEN,True,1.38
2024-09-01,2024-09,D1,Heidenheim,Augsburg,draw,home,3.5,"[3.5,4.0)",0.2719249862107005,"[0.20,0.28)",market_non_favorite,B365_OPEN,False,-1.0
2024-09-01,2024-09,D1,Heidenheim,Augsburg,away,home,2.9,"[2.8,3.5)",0.3281853281853282,"[0.28,0.34)",market_non_favorite,B365_OPEN,False,-1.0
2024-09-13,2024-09,D1,Dortmund,Heidenheim,home,home,1.4,"[1.0,1.8)",0.6803044719314938,"[0.55,1.00]",market_favorite,B365_OPEN,True,0.3999999999999999
2024-09-13,2024-09,D1,Dortmund,Heidenheim,draw,home,5.5,"[5.0,7.0)",0.1731684110371075,"[0.00,0.20)",market_non_favorite,B365_OPEN,False,-1.0
2024-09-13,2024-09,D1,Dortmund,Heidenheim,away,home,6.5,"[5.0,7.0)",0.14652711703139867,"[0.00,0.20)",market_non_favorite,B365_OPEN,False,-1.0
2024-09-14,2024-09,D1,Wolfsburg,Ein Frankfurt,home,away,2.63,"[2.2,2.8)",0.35938186319530413,"[0.34,0.42)",market_non_favorite,B365_OPEN,False,-1.0
2024-09-14,2024-09,D1,Wolfsburg,Ein Frankfurt,draw,away,3.6,"[3.5,4.0)",0.26254841672323603,"[0.20,0.28)",market_non_favorite,B365_OPEN,False,-1.0
2024-09-14,2024-09,D1,Wolfsburg,Ein Frankfurt,away,away,2.5,"[2.2,2.8)",0.37806972008145995,"[0.34,0.42)",market_favorite,B365_OPEN,True,1.5
2024-09-14,2024-09,D1,RB Leipzig,Union Berlin,home,draw,1.48,"[1.0,1.8)",0.6424335602899187,"[0.55,1.00]",market_favorite,B365_OPEN,False,-1.0
2024-09-14,2024-09,D1,RB Leipzig,Union Berlin,draw,draw,4.5,"[4.0,5.0)",0.21128925982868438,"[0.20,0.28)",market_non_favorite,B365_OPEN,True,3.5
2024-09-14,2024-09,D1,RB Leipzig,Union Berlin,away,draw,6.5,"[5.0,7.0)",0.14627717988139688,"[0.00,0.20)",market_non_favorite,B365_OPEN,False,-1.0
2024-09-14,2024-09,D1,M'gladbach,Stuttgart,home,away,2.75,"[2.2,2.8)",0.3468426013195099,"[0.34,0.42)",market_non_favorite,B365_OPEN,False,-1.0
2024-09-14,2024-09,D1,M'gladbach,Stuttgart,draw,away,4.0,"[4.0,5.0)",0.23845428840716304,"[0.20,0.28)",market_non_favorite,B365_OPEN,False,-1.0
2024-09-14,2024-09,D1,M'gladbach,Stuttgart,away,away,2.3,"[2.2,2.8)",0.41470311027332707,"[0.34,0.42)",market_favorite,B365_OPEN,True,1.2999999999999998
2024-09-14,2024-09,D1,Holstein Kiel,Bayern Munich,home,away,11.0,"[7.0,inf)",0.08629749393694422,"[0.00,0.20)",market_non_favorite,B365_OPEN,False,-1.0
2024-09-14,2024-09,D1,Holstein Kiel,Bayern Munich,draw,away,7.0,"[7.0,inf)",0.13561034761519805,"[0.00,0.20)",market_non_favorite,B365_OPEN,False,-1.0
2024-09-14,2024-09,D1,Holstein Kiel,Bayern Munich,away,away,1.22,"[1.0,1.8)",0.7780921584478576,"[0.55,1.00]",market_favorite,B365_OPEN,True,0.21999999999999997
2024-09-14,2024-09,D1,Hoffenheim,Leverkusen,home,away,5.75,"[5.0,7.0)",0.16226093312218298,"[0.00,0.20)",market_non_favorite,B365_OPEN,False,-1.0
2024-09-14,2024-09,D1,Hoffenheim,Leverkusen,draw,away,4.5,"[4.0,5.0)",0.20733341454501156,"[0.20,0.28)",market_non_favorite,B365_OPEN,False,-1.0
2024-09-14,2024-09,D1,Hoffenheim,Leverkusen,away,away,1.48,"[1.0,1.8)",0.6304056523328054,"[0.55,1.00]",market_favorite,B365_OPEN,True,0.48
2024-09-14,2024-09,D1,Freiburg,Bochum,home,home,1.7,"[1.0,1.8)",0.5630955818654346,"[0.55,1.00]",market_favorite,B365_OPEN,True,0.7
2024-09-14,2024-09,D1,Freiburg,Bochum,draw,home,3.9,"[3.5,4.0)",0.24545192030031765,"[0.20,0.28)",market_non_favorite,B365_OPEN,False,-1.0
2024-09-14,2024-09,D1,Freiburg,Bochum,away,home,5.0,"[5.0,7.0)",0.19145249783424775,"[0.00,0.20)",market_non_favorite,B365_OPEN,False,-1.0
2024-09-15,2024-09,D1,Augsburg,St Pauli,home,home,2.1,"[1.8,2.2)",0.45434298440979953,"[0.42,0.55)",market_favorite,B365_OPEN,True,1.1
2024-09-15,2024-09,D1,Augsburg,St Pauli,draw,home,3.6,"[3.5,4.0)",0.2650334075723831,"[0.20,0.28)",market_non_favorite,B365_OPEN,False,-1.0
2024-09-15,2024-09,D1,Augsburg,St Pauli,away,home,3.4,"[2.8,3.5)",0.2806236080178174,"[0.28,0.34)",market_non_favorite,B365_OPEN,False,-1.0
2024-09-15,2024-09,D1,Mainz,Werder Bremen,home,away,2.0,"[1.8,2.2)",0.473491773308958,"[0.42,0.55)",market_favorite,B365_OPEN,False,-1.0
2024-09-15,2024-09,D1,Mainz,Werder Bremen,draw,away,3.7,"[3.5,4.0)",0.2559414990859232,"[0.20,0.28)",market_non_favorite,B365_OPEN,False,-1.0
2024-09-15,2024-09,D1,Mainz,Werder Bremen,away,away,3.5,"[3.5,4.0)",0.2705667276051188,"[0.20,0.28)",market_non_favorite,B365_OPEN,True,2.5
2024-09-20,2024-09,D1,Augsburg,Mainz,home,away,2.38,"[2.2,2.8)",0.39988968560397137,"[0.34,0.42)",market_favorite,B365_OPEN,False,-1.0
2024-09-20,2024-09,D1,Augsburg,Mainz,draw,away,3.5,"[3.5,4.0)",0.2719249862107005,"[0.20,0.28)",market_non_favorite,B365_OPEN,False,-1.0
2024-09-20,2024-09,D1,Augsburg,Mainz,away,away,2.9,"[2.8,3.5)",0.3281853281853282,"[0.28,0.34)",market_non_favorite,B365_OPEN,True,1.9
2024-09-21,2024-09,D1,Werder Bremen,Bayern Munich,home,away,8.0,"[7.0,inf)",0.11994868505452214,"[0.00,0.20)",market_non_favorite,B365_OPEN,False,-1.0
2024-09-21,2024-09,D1,Werder Bremen,Bayern Munich,draw,away,5.5,"[5.0,7.0)",0.1744708146247595,"[0.00,0.20)",market_non_favorite,B365_OPEN,False,-1.0
2024-09-21,2024-09,D1,Werder Bremen,Bayern Munich,away,away,1.36,"[1.0,1.8)",0.7055805003207184,"[0.55,1.00]",market_favorite,B365_OPEN,True,0.3600000000000001
2024-09-21,2024-09,D1,Union Berlin,Hoffenheim,home,home,2.0,"[1.8,2.2)",0.47707736389684813,"[0.42,0.55)",market_favorite,B365_OPEN,True,1.0
2024-09-21,2024-09,D1,Union Berlin,Hoffenheim,draw,home,3.6,"[3.5,4.0)",0.26504297994269344,"[0.20,0.28)",market_non_favorite,B365_OPEN,False,-1.0
2024-09-21,2024-09,D1,Union Berlin,Hoffenheim,away,home,3.7,"[3.5,4.0)",0.2578796561604584,"[0.20,0.28)",market_non_favorite,B365_OPEN,False,-1.0
2024-09-21,2024-09,D1,Heidenheim,Freiburg,home,away,2.7,"[2.2,2.8)",0.3533254156769596,"[0.34,0.42)",market_non_favorite,B365_OPEN,False,-1.0
2024-09-21,2024-09,D1,Heidenheim,Freiburg,draw,away,3.5,"[3.5,4.0)",0.2725653206650831,"[0.20,0.28)",market_non_favorite,B365_OPEN,False,-1.0
2024-09-21,2024-09,D1,Heidenheim,Freiburg,away,away,2.55,"[2.2,2.8)",0.37410926365795727,"[0.34,0.42)",market_favorite,B365_OPEN,True,1.5499999999999998
2024-09-21,2024-09,D1,Ein Frankfurt,M'gladbach,home,home,1.75,"[1.0,1.8)",0.5429892624813857,"[0.42,0.55)",market_favorite,B365_OPEN,True,0.75
2024-09-21,2024-09,D1,Ein Frankfurt,M'gladbach,draw,home,4.0,"[4.0,5.0)",0.23755780233560622,"[0.20,0.28)",market_non_favorite,B365_OPEN,False,-1.0
2024-09-21,2024-09,D1,Ein Frankfurt,M'gladbach,away,home,4.33,"[4.0,5.0)",0.21945293518300807,"[0.20,0.28)",market_non_favorite,B365_OPEN,False,-1.0
2024-09-21,2024-09,D1,Bochum,Holstein Kiel,home,draw,1.91,"[1.8,2.2)",0.4942630185348632,"[0.42,0.55)",market_favorite,B365_OPEN,False,-1.0
2024-09-21,2024-09,D1,Bochum,Holstein Kiel,draw,draw,3.5,"[3.5,4.0)",0.26972639011473964,"[0.20,0.28)",market_non_favorite,B365_OPEN,True,2.5
2024-09-21,2024-09,D1,Bochum,Holstein Kiel,away,draw,4.0,"[4.0,5.0)",0.23601059135039718,"[0.20,0.28)",market_non_favorite,B365_OPEN,False,-1.0
2024-09-22,2024-09,D1,Leverkusen,Wolfsburg,home,home,1.3,"[1.0,1.8)",0.7201565557729942,"[0.55,1.00]",market_favorite,B365_OPEN,True,0.30000000000000004
2024-09-22,2024-09,D1,Leverkusen,Wolfsburg,draw,home,5.75,"[5.0,7.0)",0.16281800391389434,"[0.00,0.20)",market_non_favorite,B365_OPEN,False,-1.0
2024-09-22,2024-09,D1,Leverkusen,Wolfsburg,away,home,8.0,"[7.0,inf)",0.11702544031311157,"[0.00,0.20)",market_non_favorite,B365_OPEN,False,-1.0
2024-09-22,2024-09,D1,St Pauli,RB Leipzig,home,draw,5.75,"[5.0,7.0)",0.16600977455462715,"[0.00,0.20)",market_non_favorite,B365_OPEN,False,-1.0
2024-09-22,2024-09,D1,St Pauli,RB Leipzig,draw,draw,3.9,"[3.5,4.0)",0.24475800094592468,"[0.20,0.28)",market_non_favorite,B365_OPEN,True,2.9
2024-09-22,2024-09,D1,St Pauli,RB Leipzig,away,draw,1.62,"[1.0,1.8)",0.5892322244994482,"[0.55,1.00]",market_favorite,B365_OPEN,False,-1.0
2024-09-22,2024-09,D1,Stuttgart,Dortmund,home,home,2.3,"[2.2,2.8)",0.41555215896064196,"[0.34,0.42)",market_favorite,B365_OPEN,True,1.2999999999999998
2024-09-22,2024-09,D1,Stuttgart,Dortmund,draw,home,3.75,"[3.5,4.0)",0.2548719908291937,"[0.20,0.28)",market_non_favorite,B365_OPEN,False,-1.0
2024-09-22,2024-09,D1,Stuttgart,Dortmund,away,home,2.9,"[2.8,3.5)",0.3295758502101643,"[0.28,0.34)",market_non_favorite,B365_OPEN,False,-1.0
2024-09-27,2024-09,D1,Dortmund,Bochum,home,home,1.25,"[1.0,1.8)",0.7590361445783133,"[0.55,1.00]",market_favorite,B365_OPEN,True,0.25
2024-09-27,2024-09,D1,Dortmund,Bochum,draw,home,7.0,"[7.0,inf)",0.1355421686746988,"[0.00,0.20)",market_non_favorite,B365_OPEN,False,-1.0
2024-09-27,2024-09,D1,Dortmund,Bochum,away,home,9.0,"[7.0,inf)",0.10542168674698794,"[0.00,0.20)",market_non_favorite,B365_OPEN,False,-1.0
2024-09-28,2024-09,D1,RB Leipzig,Augsburg,home,home,1.4,"[1.0,1.8)",0.6747404844290658,"[0.55,1.00]",market_favorite,B365_OPEN,True,0.3999999999999999
2024-09-28,2024-09,D1,RB Leipzig,Augsburg,draw,home,5.25,"[5.0,7.0)",0.17993079584775085,"[0.00,0.20)",market_non_favorite,B365_OPEN,False,-1.0
2024-09-28,2024-09,D1,RB Leipzig,Augsburg,away,home,6.5,"[5.0,7.0)",0.1453287197231834,"[0.00,0.20)",market_non_favorite,B365_OPEN,False,-1.0
2024-09-28,2024-09,D1,Mainz,Heidenheim,home,away,1.83,"[1.8,2.2)",0.5198277142432793,"[0.42,0.55)",market_favorite,B365_OPEN,False,-1.0
2024-09-28,2024-09,D1,Mainz,Heidenheim,draw,away,3.75,"[3.5,4.0)",0.25367592455072036,"[0.20,0.28)",market_non_favorite,B365_OPEN,False,-1.0
2024-09-28,2024-09,D1,Mainz,Heidenheim,away,away,4.2,"[4.0,5.0)",0.2264963612060003,"[0.20,0.28)",market_non_favorite,B365_OPEN,True,3.2
2024-09-28,2024-09,D1,M'gladbach,Union Berlin,home,home,2.1,"[1.8,2.2)",0.45092838196286467,"[0.42,0.55)",market_favorite,B365_OPEN,True,1.1
2024-09-28,2024-09,D1,M'gladbach,Union Berlin,draw,home,3.5,"[3.5,4.0)",0.2705570291777188,"[0.20,0.28)",market_non_favorite,B365_OPEN,False,-1.0
2024-09-28,2024-09,D1,M'gladbach,Union Berlin,away,home,3.4,"[2.8,3.5)",0.27851458885941643,"[0.20,0.28)",market_non_favorite,B365_OPEN,False,-1.0
2024-09-28,2024-09,D1,Freiburg,St Pauli,home,away,1.62,"[1.0,1.8)",0.5883926183471516,"[0.55,1.00]",market_favorite,B365_OPEN,False,-1.0
2024-09-28,2024-09,D1,Freiburg,St Pauli,draw,away,4.0,"[4.0,5.0)",0.23829901043059643,"[0.20,0.28)",market_non_favorite,B365_OPEN,False,-1.0
2024-09-28,2024-09,D1,Freiburg,St Pauli,away,away,5.5,"[5.0,7.0)",0.17330837122225196,"[0.00,0.20)",market_non_favorite,B365_OPEN,True,4.5
2024-09-28,2024-09,D1,Bayern Munich,Leverkusen,home,draw,1.73,"[1.0,1.8)",0.5520461161585652,"[0.55,1.00]",market_favorite,B365_OPEN,False,-1.0
2024-09-28,2024-09,D1,Bayern Munich,Leverkusen,draw,draw,4.33,"[4.0,5.0)",0.22056345980469233,"[0.20,0.28)",market_non_favorite,B365_OPEN,True,3.33
2024-09-28,2024-09,D1,Bayern Munich,Leverkusen,away,draw,4.2,"[4.0,5.0)",0.22739042403674234,"[0.20,0.28)",market_non_favorite,B365_OPEN,False,-1.0
2024-09-28,2024-09,D1,Wolfsburg,Stuttgart,home,draw,3.2,"[2.8,3.5)",0.29572776031070835,"[0.28,0.34)",market_non_favorite,B365_OPEN,False,-1.0
2024-09-28,2024-09,D1,Wolfsburg,Stuttgart,draw,draw,3.9,"[3.5,4.0)",0.2426484187164787,"[0.20,0.28)",market_non_favorite,B365_OPEN,True,2.9
2024-09-28,2024-09,D1,Wolfsburg,Stuttgart,away,draw,2.05,"[1.8,2.2)",0.46162382097281307,"[0.42,0.55)",market_favorite,B365_OPEN,False,-1.0
2024-09-29,2024-09,D1,Hoffenheim,Werder Bremen,home,away,2.38,"[2.2,2.8)",0.3987563155849203,"[0.34,0.42)",market_favorite,B365_OPEN,False,-1.0
2024-09-29,2024-09,D1,Hoffenheim,Werder Bremen,draw,away,3.8,"[3.5,4.0)",0.2497473766031869,"[0.20,0.28)",market_non_favorite,B365_OPEN,False,-1.0
2024-09-29,2024-09,D1,Hoffenheim,Werder Bremen,away,away,2.7,"[2.2,2.8)",0.35149630781189267,"[0.34,0.42)",market_non_favorite,B365_OPEN,True,1.7000000000000002
2024-09-29,2024-09,D1,Holstein Kiel,Ein Frankfurt,home,away,4.2,"[4.0,5.0)",0.2258485639686684,"[0.20,0.28)",market_non_favorite,B365_OPEN,False,-1.0
2024-09-29,2024-09,D1,Holstein Kiel,Ein Frankfurt,draw,away,4.2,"[4.0,5.0)",0.2258485639686684,"[0.20,0.28)",market_non_favorite,B365_OPEN,False,-1.0
2024-09-29,2024-09,D1,Holstein Kiel,Ein Frankfurt,away,away,1.73,"[1.0,1.8)",0.5483028720626633,"[0.42,0.55)",market_favorite,B365_OPEN,True,0.73
2024-10-04,2024-10,D1,Augsburg,M'gladbach,home,home,2.38,"[2.2,2.8)",0.39608278487035126,"[0.34,0.42)",market_favorite,B365_OPEN,True,1.38
2024-10-04,2024-10,D1,Augsburg,M'gladbach,draw,home,3.7,"[3.5,4.0)",0.2547775751328205,"[0.20,0.28)",market_non_favorite,B365_OPEN,False,-1.0
2024-10-04,2024-10,D1,Augsburg,M'gladbach,away,home,2.7,"[2.2,2.8)",0.3491396399968281,"[0.34,0.42)",market_non_favorite,B365_OPEN,False,-1.0
2024-10-05,2024-10,D1,Werder Bremen,Freiburg,home,away,2.6,"[2.2,2.8)",0.36458333333333337,"[0.34,0.42)",market_favorite,B365_OPEN,False,-1.0
2024-10-05,2024-10,D1,Werder Bremen,Freiburg,draw,away,3.5,"[3.5,4.0)",0.27083333333333337,"[0.20,0.28)",market_non_favorite,B365_OPEN,False,-1.0
2024-10-05,2024-10,D1,Werder Bremen,Freiburg,away,away,2.6,"[2.2,2.8)",0.36458333333333337,"[0.34,0.42)",market_non_favorite,B365_OPEN,True,1.6
2024-10-05,2024-10,D1,Union Berlin,Dortmund,home,home,3.3,"[2.8,3.5)",0.28754298815437523,"[0.28,0.34)",market_non_favorite,B365_OPEN,True,2.3
2024-10-05,2024-10,D1,Union Berlin,Dortmund,draw,home,3.5,"[3.5,4.0)",0.2711119602598395,"[0.20,0.28)",market_non_favorite,B365_OPEN,False,-1.0
2024-10-05,2024-10,D1,Union Berlin,Dortmund,away,home,2.15,"[1.8,2.2)",0.44134505158578524,"[0.42,0.55)",market_favorite,B365_OPEN,False,-1.0
2024-10-05,2024-10,D1,St Pauli,Mainz,home,away,2.4,"[2.2,2.8)",0.3914110429447853,"[0.34,0.42)",market_favorite,B365_OPEN,False,-1.0
2024-10-05,2024-10,D1,St Pauli,Mainz,draw,away,3.3,"[2.8,3.5)",0.2846625766871166,"[0.28,0.34)",market_non_favorite,B365_OPEN,False,-1.0
2024-10-05,2024-10,D1,St Pauli,Mainz,away,away,2.9,"[2.8,3.5)",0.3239263803680982,"[0.28,0.34)",market_non_favorite,B365_OPEN,True,1.9
2024-10-05,2024-10,D1,Leverkusen,Holstein Kiel,home,draw,1.09,"[1.0,1.8)",0.868812998345118,"[0.55,1.00]",market_favorite,B365_OPEN,False,-1.0
2024-10-05,2024-10,D1,Leverkusen,Holstein Kiel,draw,draw,11.0,"[7.0,inf)",0.08609146983601625,"[0.00,0.20)",market_non_favorite,B365_OPEN,True,10.0
2024-10-05,2024-10,D1,Leverkusen,Holstein Kiel,away,draw,21.0,"[7.0,inf)",0.04509553181886565,"[0.00,0.20)",market_non_favorite,B365_OPEN,False,-1.0
2024-10-05,2024-10,D1,Bochum,Wolfsburg,home,away,3.0,"[2.8,3.5)",0.315015479876161,"[0.28,0.34)",market_non_favorite,B365_OPEN,False,-1.0
2024-10-05,2024-10,D1,Bochum,Wolfsburg,draw,away,3.7,"[3.5,4.0)",0.25541795665634676,"[0.20,0.28)",market_non_favorite,B365_OPEN,False,-1.0
2024-10-05,2024-10,D1,Bochum,Wolfsburg,away,away,2.2,"[2.2,2.8)",0.4295665634674923,"[0.42,0.55)",market_favorite,B365_OPEN,True,1.2000000000000002
2024-10-06,2024-10,D1,Ein Frankfurt,Bayern Munich,home,draw,5.5,"[5.0,7.0)",0.17191011235955056,"[0.00,0.20)",market_non_favorite,B365_OPEN,False,-1.0
2024-10-06,2024-10,D1,Ein Frankfurt,Bayern Munich,draw,draw,4.5,"[4.0,5.0)",0.21011235955056176,"[0.20,0.28)",market_non_favorite,B365_OPEN,True,3.5
2024-10-06,2024-10,D1,Ein Frankfurt,Bayern Munich,away,draw,1.53,"[1.0,1.8)",0.6179775280898876,"[0.55,1.00]",market_favorite,B365_OPEN,False,-1.0
2024-10-06,2024-10,D1,Heidenheim,RB Leipzig,home,away,4.5,"[4.0,5.0)",0.21124357674746064,"[0.20,0.28)",market_non_favorite,B365_OPEN,False,-1.0
2024-10-06,2024-10,D1,Heidenheim,RB Leipzig,draw,away,4.33,"[4.0,5.0)",0.21953720447195677,"[0.20,0.28)",market_non_favorite,B365_OPEN,False,-1.0
2024-10-06,2024-10,D1,Heidenheim,RB Leipzig,away,away,1.67,"[1.0,1.8)",0.5692192187805826,"[0.55,1.00]",market_favorite,B365_OPEN,True,0.6699999999999999
2024-10-06,2024-10,D1,Stuttgart,Hoffenheim,home,draw,1.3,"[1.0,1.8)",0.7250755287009063,"[0.55,1.00]",market_favorite,B365_OPEN,False,-1.0
2024-10-06,2024-10,D1,Stuttgart,Hoffenheim,draw,draw,6.0,"[5.0,7.0)",0.15709969788519637,"[0.00,0.20)",market_non_favorite,B365_OPEN,True,5.0
2024-10-06,2024-10,D1,Stuttgart,Hoffenheim,away,draw,8.0,"[7.0,inf)",0.11782477341389729,"[0.00,0.20)",market_non_favorite,B365_OPEN,False,-1.0
2024-10-18,2024-10,D1,Dortmund,St Pauli,home,home,1.3,"[1.0,1.8)",0.7223026792179579,"[0.55,1.00]",market_favorite,B365_OPEN,True,0.30000000000000004
2024-10-18,2024-10,D1,Dortmund,St Pauli,draw,home,5.25,"[5.0,7.0)",0.1788559015206372,"[0.00,0.20)",market_non_favorite,B365_OPEN,False,-1.0
2024-10-18,2024-10,D1,Dortmund,St Pauli,away,home,9.5,"[7.0,inf)",0.09884141926140477,"[0.00,0.20)",market_non_favorite,B365_OPEN,False,-1.0
2024-10-19,2024-10,D1,Mainz,RB Leipzig,home,away,3.9,"[3.5,4.0)",0.2418716669533804,"[0.20,0.28)",market_non_favorite,B365_OPEN,False,-1.0
2024-10-19,2024-10,D1,Mainz,RB Leipzig,draw,away,3.8,"[3.5,4.0)",0.24823671082057458,"[0.20,0.28)",market_non_favorite,B365_OPEN,False,-1.0
2024-10-19,2024-10,D1,Mainz,RB Leipzig,away,away,1.85,"[1.8,2.2)",0.509891622226045,"[0.42,0.55)",market_favorite,B365_OPEN,True,0.8500000000000001
2024-10-19,2024-10,D1,M'gladbach,Heidenheim,home,home,1.85,"[1.8,2.2)",0.5125,"[0.42,0.55)",market_favorite,B365_OPEN,True,0.8500000000000001
2024-10-19,2024-10,D1,M'gladbach,Heidenheim,draw,home,3.7,"[3.5,4.0)",0.25625,"[0.20,0.28)",market_non_favorite,B365_OPEN,False,-1.0
2024-10-19,2024-10,D1,M'gladbach,Heidenheim,away,home,4.1,"[4.0,5.0)",0.23125000000000004,"[0.20,0.28)",market_non_favorite,B365_OPEN,False,-1.0
2024-10-19,2024-10,D1,Leverkusen,Ein Frankfurt,home,home,1.44,"[1.0,1.8)",0.6558682952734998,"[0.55,1.00]",market_favorite,B365_OPEN,True,0.43999999999999995
2024-10-19,2024-10,D1,Leverkusen,Ein Frankfurt,draw,home,4.75,"[4.0,5.0)",0.19883165161975572,"[0.00,0.20)",market_non_favorite,B365_OPEN,False,-1.0
2024-10-19,2024-10,D1,Leverkusen,Ein Frankfurt,away,home,6.5,"[5.0,7.0)",0.14530005310674457,"[0.00,0.20)",market_non_favorite,B365_OPEN,False,-1.0
2024-10-19,2024-10,D1,Hoffenheim,Bochum,home,home,1.7,"[1.0,1.8)",0.5609973285841496,"[0.55,1.00]",market_favorite,B365_OPEN,True,0.7
2024-10-19,2024-10,D1,Hoffenheim,Bochum,draw,home,4.5,"[4.0,5.0)",0.21193232413178983,"[0.20,0.28)",market_non_favorite,B365_OPEN,False,-1.0
2024-10-19,2024-10,D1,Hoffenheim,Bochum,away,home,4.2,"[4.0,5.0)",0.22707034728406053,"[0.20,0.28)",market_non_favorite,B365_OPEN,False,-1.0
2024-10-19,2024-10,D1,Freiburg,Augsburg,home,home,1.73,"[1.0,1.8)",0.5477819635580841,"[0.42,0.55)",market_favorite,B365_OPEN,True,0.73
2024-10-19,2024-10,D1,Freiburg,Augsburg,draw,home,3.75,"[3.5,4.0)",0.25271007918812943,"[0.20,0.28)",market_non_favorite,B365_OPEN,False,-1.0
2024-10-19,2024-10,D1,Freiburg,Augsburg,away,home,4.75,"[4.0,5.0)",0.1995079572537864,"[0.00,0.20)",market_non_favorite,B365_OPEN,False,-1.0
2024-10-19,2024-10,D1,Bayern Munich,Stuttgart,home,home,1.36,"[1.0,1.8)",0.6942607775720708,"[0.55,1.00]",market_favorite,B365_OPEN,True,0.3600000000000001
2024-10-19,2024-10,D1,Bayern Munich,Stuttgart,draw,home,5.25,"[5.0,7.0)",0.1798466014281936,"[0.00,0.20)",market_non_favorite,B365_OPEN,False,-1.0
2024-10-19,2024-10,D1,Bayern Munich,Stuttgart,away,home,7.5,"[7.0,inf)",0.12589262099973553,"[0.00,0.20)",market_non_favorite,B365_OPEN,False,-1.0
2024-10-20,2024-10,D1,Wolfsburg,Werder Bremen,home,away,2.1,"[1.8,2.2)",0.45051194539249145,"[0.42,0.55)",market_favorite,B365_OPEN,False,-1.0
2024-10-20,2024-10,D1,Wolfsburg,Werder Bremen,draw,away,3.6,"[3.5,4.0)",0.2627986348122867,"[0.20,0.28)",market_non_favorite,B365_OPEN,False,-1.0
2024-10-20,2024-10,D1,Wolfsburg,Werder Bremen,away,away,3.3,"[2.8,3.5)",0.2866894197952219,"[0.28,0.34)",market_non_favorite,B365_OPEN,True,2.3
2024-10-20,2024-10,D1,Holstein Kiel,Union Berlin,home,away,3.5,"[3.5,4.0)",0.2711119602598395,"[0.20,0.28)",market_non_favorite,B365_OPEN,False,-1.0
2024-10-20,2024-10,D1,Holstein Kiel,Union Berlin,draw,away,3.3,"[2.8,3.5)",0.28754298815437523,"[0.28,0.34)",market_non_favorite,B365_OPEN,False,-1.0
2024-10-20,2024-10,D1,Holstein Kiel,Union Berlin,away,away,2.15,"[1.8,2.2)",0.44134505158578524,"[0.42,0.55)",market_favorite,B365_OPEN,True,1.15
2024-10-25,2024-10,D1,Mainz,M'gladbach,home,draw,2.3,"[2.2,2.8)",0.41071777821239974,"[0.34,0.42)",market_favorite,B365_OPEN,False,-1.0
2024-10-25,2024-10,D1,Mainz,M'gladbach,draw,draw,3.75,"[3.5,4.0)",0.2519069039702718,"[0.20,0.28)",market_non_favorite,B365_OPEN,True,2.75
2024-10-25,2024-10,D1,Mainz,M'gladbach,away,draw,2.8,"[2.8,3.5)",0.3373753178173283,"[0.28,0.34)",market_non_favorite,B365_OPEN,False,-1.0
2024-10-26,2024-10,D1,Werder Bremen,Leverkusen,home,draw,5.25,"[5.0,7.0)",0.18018018018018017,"[0.00,0.20)",market_non_favorite,B365_OPEN,False,-1.0
2024-10-26,2024-10,D1,Werder Bremen,Leverkusen,draw,draw,5.0,"[5.0,7.0)",0.1891891891891892,"[0.00,0.20)",market_non_favorite,B365_OPEN,True,4.0
2024-10-26,2024-10,D1,Werder Bremen,Leverkusen,away,draw,1.5,"[1.0,1.8)",0.6306306306306306,"[0.55,1.00]",market_favorite,B365_OPEN,False,-1.0
2024-10-26,2024-10,D1,Stuttgart,Holstein Kiel,home,home,1.22,"[1.0,1.8)",0.774540710946842,"[0.55,1.00]",market_favorite,B365_OPEN,True,0.21999999999999997
2024-10-26,2024-10,D1,Stuttgart,Holstein Kiel,draw,home,7.5,"[7.0,inf)",0.12599195564735297,"[0.00,0.20)",market_non_favorite,B365_OPEN,False,-1.0
2024-10-26,2024-10,D1,Stuttgart,Holstein Kiel,away,home,9.5,"[7.0,inf)",0.09946733340580496,"[0.00,0.20)",market_non_favorite,B365_OPEN,False,-1.0
2024-10-26,2024-10,D1,St Pauli,Wolfsburg,home,draw,2.55,"[2.2,2.8)",0.3706238801763534,"[0.34,0.42)",market_favorite,B365_OPEN,False,-1.0
2024-10-26,2024-10,D1,St Pauli,Wolfsburg,draw,draw,3.5,"[3.5,4.0)",0.2700259698427717,"[0.20,0.28)",market_non_favorite,B365_OPEN,True,2.5
2024-10-26,2024-10,D1,St Pauli,Wolfsburg,away,draw,2.63,"[2.2,2.8)",0.35935014998087494,"[0.34,0.42)",market_non_favorite,B365_OPEN,False,-1.0
2024-10-26,2024-10,D1,RB Leipzig,Freiburg,home,home,1.73,"[1.0,1.8)",0.5535885741718676,"[0.55,1.00]",market_favorite,B365_OPEN,True,0.73
2024-10-26,2024-10,D1,RB Leipzig,Freiburg,draw,home,4.1,"[4.0,5.0)",0.23358737397983678,"[0.20,0.28)",market_non_favorite,B365_OPEN,False,-1.0
2024-10-26,2024-10,D1,RB Leipzig,Freiburg,away,home,4.5,"[4.0,5.0)",0.2128240518482957,"[0.20,0.28)",market_non_favorite,B365_OPEN,False,-1.0
2024-10-26,2024-10,D1,Augsburg,Dortmund,home,home,3.6,"[3.5,4.0)",0.2635228848821082,"[0.20,0.28)",market_non_favorite,B365_OPEN,True,2.6
2024-10-26,2024-10,D1,Augsburg,Dortmund,draw,home,4.0,"[4.0,5.0)",0.23717059639389737,"[0.20,0.28)",market_non_favorite,B365_OPEN,False,-1.0
2024-10-26,2024-10,D1,Augsburg,Dortmund,away,home,1.9,"[1.8,2.2)",0.49930651872399445,"[0.42,0.55)",market_favorite,B365_OPEN,False,-1.0
2024-10-27,2024-10,D1,Bochum,Bayern Munich,home,away,12.0,"[7.0,inf)",0.0798749595774496,"[0.00,0.20)",market_non_favorite,B365_OPEN,False,-1.0
2024-10-27,2024-10,D1,Bochum,Bayern Munich,draw,away,9.5,"[7.0,inf)",0.1008946857820416,"[0.00,0.20)",market_non_favorite,B365_OPEN,False,-1.0
2024-10-27,2024-10,D1,Bochum,Bayern Munich,away,away,1.17,"[1.0,1.8)",0.8192303546405088,"[0.55,1.00]",market_favorite,B365_OPEN,True,0.16999999999999993
2024-10-27,2024-10,D1,Heidenheim,Hoffenheim,home,draw,2.25,"[2.2,2.8)",0.42217898832684825,"[0.42,0.55)",market_favorite,B365_OPEN,False,-1.0
2024-10-27,2024-10,D1,Heidenheim,Hoffenheim,draw,draw,3.5,"[3.5,4.0)",0.2714007782101167,"[0.20,0.28)",market_non_favorite,B365_OPEN,True,2.5
2024-10-27,2024-10,D1,Heidenheim,Hoffenheim,away,draw,3.1,"[2.8,3.5)",0.306420233463035,"[0.28,0.34)",market_non_favorite,B365_OPEN,False,-1.0
2024-10-27,2024-10,D1,Union Berlin,Ein Frankfurt,home,draw,2.55,"[2.2,2.8)",0.3703703703703704,"[0.34,0.42)",market_favorite,B365_OPEN,False,-1.0
2024-10-27,2024-10,D1,Union Berlin,Ein Frankfurt,draw,draw,3.3,"[2.8,3.5)",0.2861952861952862,"[0.28,0.34)",market_non_favorite,B365_OPEN,True,2.3
2024-10-27,2024-10,D1,Union Berlin,Ein Frankfurt,away,draw,2.75,"[2.2,2.8)",0.3434343434343434,"[0.34,0.42)",market_non_favorite,B365_OPEN,False,-1.0
2024-11-01,2024-11,D1,Leverkusen,Stuttgart,home,draw,1.55,"[1.0,1.8)",0.616692426584235,"[0.55,1.00]",market_favorite,B365_OPEN,False,-1.0
2024-11-01,2024-11,D1,Leverkusen,Stuttgart,draw,draw,4.75,"[4.0,5.0)",0.20123647604327669,"[0.20,0.28)",market_non_favorite,B365_OPEN,True,3.75
2024-11-01,2024-11,D1,Leverkusen,Stuttgart,away,draw,5.25,"[5.0,7.0)",0.18207109737248842,"[0.00,0.20)",market_non_favorite,B365_OPEN,False,-1.0
2024-11-02,2024-11,D1,Bayern Munich,Union Berlin,home,home,1.18,"[1.0,1.8)",0.8012162051113485,"[0.55,1.00]",market_favorite,B365_OPEN,True,0.17999999999999994
2024-11-02,2024-11,D1,Bayern Munich,Union Berlin,draw,home,7.5,"[7.0,inf)",0.12605801627085214,"[0.00,0.20)",market_non_favorite,B365_OPEN,False,-1.0
2024-11-02,2024-11,D1,Bayern Munich,Union Berlin,away,home,13.0,"[7.0,inf)",0.07272577861779932,"[0.00,0.20)",market_non_favorite,B365_OPEN,False,-1.0
2024-11-02,2024-11,D1,Dortmund,RB Leipzig,home,home,2.2,"[2.2,2.8)",0.4324734446130501,"[0.42,0.55)",market_favorite,B365_OPEN,True,1.2000000000000002
2024-11-02,2024-11,D1,Dortmund,RB Leipzig,draw,home,3.8,"[3.5,4.0)",0.2503793626707132,"[0.20,0.28)",market_non_favorite,B365_OPEN,False,-1.0
2024-11-02,2024-11,D1,Dortmund,RB Leipzig,away,home,3.0,"[2.8,3.5)",0.31714719271623676,"[0.28,0.34)",market_non_favorite,B365_OPEN,False,-1.0
2024-11-02,2024-11,D1,Ein Frankfurt,Bochum,home,home,1.33,"[1.0,1.8)",0.7099057574385776,"[0.55,1.00]",market_favorite,B365_OPEN,True,0.33000000000000007
2024-11-02,2024-11,D1,Ein Frankfurt,Bochum,draw,home,5.75,"[5.0,7.0)",0.16420428824231448,"[0.00,0.20)",market_non_favorite,B365_OPEN,False,-1.0
2024-11-02,2024-11,D1,Ein Frankfurt,Bochum,away,home,7.5,"[7.0,inf)",0.12588995431910777,"[0.00,0.20)",market_non_favorite,B365_OPEN,False,-1.0
2024-11-02,2024-11,D1,Hoffenheim,St Pauli,home,away,1.83,"[1.8,2.2)",0.5157087602632829,"[0.42,0.55)",market_favorite,B365_OPEN,False,-1.0
2024-11-02,2024-11,D1,Hoffenheim,St Pauli,draw,away,3.8,"[3.5,4.0)",0.2483544819162652,"[0.20,0.28)",market_non_favorite,B365_OPEN,False,-1.0
2024-11-02,2024-11,D1,Hoffenheim,St Pauli,away,away,4.0,"[4.0,5.0)",0.23593675782045195,"[0.20,0.28)",market_non_favorite,B365_OPEN,True,3.0
2024-11-02,2024-11,D1,Holstein Kiel,Heidenheim,home,home,2.7,"[2.2,2.8)",0.34801136363636365,"[0.34,0.42)",market_non_favorite,B365_OPEN,True,1.7000000000000002
2024-11-02,2024-11,D1,Holstein Kiel,Heidenheim,draw,home,3.5,"[3.5,4.0)",0.26846590909090906,"[0.20,0.28)",market_non_favorite,B365_OPEN,False,-1.0
2024-11-02,2024-11,D1,Holstein Kiel,Heidenheim,away,home,2.45,"[2.2,2.8)",0.38352272727272724,"[0.34,0.42)",market_favorite,B365_OPEN,False,-1.0
2024-11-02,2024-11,D1,Wolfsburg,Augsburg,home,draw,2.0,"[1.8,2.2)",0.4751131221719457,"[0.42,0.55)",market_favorite,B365_OPEN,False,-1.0
2024-11-02,2024-11,D1,Wolfsburg,Augsburg,draw,draw,3.75,"[3.5,4.0)",0.25339366515837103,"[0.20,0.28)",market_non_favorite,B365_OPEN,True,2.75
2024-11-02,2024-11,D1,Wolfsburg,Augsburg,away,draw,3.5,"[3.5,4.0)",0.27149321266968324,"[0.20,0.28)",market_non_favorite,B365_OPEN,False,-1.0
2024-11-03,2024-11,D1,Freiburg,Mainz,home,draw,1.7,"[1.0,1.8)",0.5574781823653325,"[0.55,1.00]",market_favorite,B365_OPEN,False,-1.0
2024-11-03,2024-11,D1,Freiburg,Mainz,draw,draw,3.9,"[3.5,4.0)",0.24300331026181163,"[0.20,0.28)",market_non_favorite,B365_OPEN,True,2.9
2024-11-03,2024-11,D1,Freiburg,Mainz,away,draw,4.75,"[4.0,5.0)",0.1995185073728558,"[0.00,0.20)",market_non_favorite,B365_OPEN,False,-1.0
2024-11-03,2024-11,D1,M'gladbach,Werder Bremen,home,home,2.1,"[1.8,2.2)",0.4527177959791511,"[0.42,0.55)",market_favorite,B365_OPEN,True,1.1
2024-11-03,2024-11,D1,M'gladbach,Werder Bremen,draw,home,3.8,"[3.5,4.0)",0.2501861504095309,"[0.20,0.28)",market_non_favorite,B365_OPEN,False,-1.0
2024-11-03,2024-11,D1,M'gladbach,Werder Bremen,away,home,3.2,"[2.8,3.5)",0.29709605361131797,"[0.28,0.34)",market_non_favorite,B365_OPEN,False,-1.0
2024-11-08,2024-11,D1,Union Berlin,Freiburg,home,draw,2.45,"[2.2,2.8)",0.384811677043993,"[0.34,0.42)",market_favorite,B365_OPEN,False,-1.0
2024-11-08,2024-11,D1,Union Berlin,Freiburg,draw,draw,3.25,"[2.8,3.5)",0.29008880269470244,"[0.28,0.34)",market_non_favorite,B365_OPEN,True,2.25
2024-11-08,2024-11,D1,Union Berlin,Freiburg,away,draw,2.9,"[2.8,3.5)",0.3250995202613045,"[0.28,0.34)",market_non_favorite,B365_OPEN,False,-1.0
2024-11-09,2024-11,D1,St Pauli,Bayern Munich,home,away,9.0,"[7.0,inf)",0.10542168674698794,"[0.00,0.20)",market_non_favorite,B365_OPEN,False,-1.0
2024-11-09,2024-11,D1,St Pauli,Bayern Munich,draw,away,7.0,"[7.0,inf)",0.1355421686746988,"[0.00,0.20)",market_non_favorite,B365_OPEN,False,-1.0
2024-11-09,2024-11,D1,St Pauli,Bayern Munich,away,away,1.25,"[1.0,1.8)",0.7590361445783133,"[0.55,1.00]",market_favorite,B365_OPEN,True,0.25
2024-11-09,2024-11,D1,RB Leipzig,M'gladbach,home,draw,1.57,"[1.0,1.8)",0.6018171661844011,"[0.55,1.00]",market_favorite,B365_OPEN,False,-1.0
2024-11-09,2024-11,D1,RB Leipzig,M'gladbach,draw,draw,4.33,"[4.0,5.0)",0.2182108431661685,"[0.20,0.28)",market_non_favorite,B365_OPEN,True,3.33
2024-11-09,2024-11,D1,RB Leipzig,M'gladbach,away,draw,5.25,"[5.0,7.0)",0.17997199064943042,"[0.00,0.20)",market_non_favorite,B365_OPEN,False,-1.0
2024-11-09,2024-11,D1,Mainz,Dortmund,home,home,3.5,"[3.5,4.0)",0.26865671641791045,"[0.20,0.28)",market_non_favorite,B365_OPEN,True,2.5
2024-11-09,2024-11,D1,Mainz,Dortmund,draw,home,3.6,"[3.5,4.0)",0.2611940298507463,"[0.20,0.28)",market_non_favorite,B365_OPEN,False,-1.0
2024-11-09,2024-11,D1,Mainz,Dortmund,away,home,2.0,"[1.8,2.2)",0.4701492537313433,"[0.42,0.55)",market_favorite,B365_OPEN,False,-1.0
2024-11-09,2024-11,D1,Bochum,Leverkusen,home,draw,9.5,"[7.0,inf)",0.10058486657731205,"[0.00,0.20)",market_non_favorite,B365_OPEN,False,-1.0
2024-11-09,2024-11,D1,Bochum,Leverkusen,draw,draw,6.5,"[5.0,7.0)",0.1470086511514561,"[0.00,0.20)",market_non_favorite,B365_OPEN,True,5.5
2024-11-09,2024-11,D1,Bochum,Leverkusen,away,draw,1.27,"[1.0,1.8)",0.7524064822712319,"[0.55,1.00]",market_favorite,B365_OPEN,False,-1.0
2024-11-09,2024-11,D1,Werder Bremen,Holstein Kiel,home,home,1.62,"[1.0,1.8)",0.5830269494941478,"[0.55,1.00]",market_favorite,B365_OPEN,True,0.6200000000000001
2024-11-09,2024-11,D1,Werder Bremen,Holstein Kiel,draw,home,4.33,"[4.0,5.0)",0.21813017509942711,"[0.20,0.28)",market_non_favorite,B365_OPEN,False,-1.0
2024-11-09,2024-11,D1,Werder Bremen,Holstein Kiel,away,home,4.75,"[4.0,5.0)",0.19884287540642515,"[0.00,0.20)",market_non_favorite,B365_OPEN,False,-1.0
2024-11-10,2024-11,D1,Augsburg,Hoffenheim,home,draw,2.05,"[1.8,2.2)",0.45925577013659913,"[0.42,0.55)",market_favorite,B365_OPEN,False,-1.0
2024-11-10,2024-11,D1,Augsburg,Hoffenheim,draw,draw,3.75,"[3.5,4.0)",0.2510598210080075,"[0.20,0.28)",market_non_favorite,B365_OPEN,True,2.75
2024-11-10,2024-11,D1,Augsburg,Hoffenheim,away,draw,3.25,"[2.8,3.5)",0.28968440885539326,"[0.28,0.34)",market_non_favorite,B365_OPEN,False,-1.0
2024-11-10,2024-11,D1,Heidenheim,Wolfsburg,home,away,2.75,"[2.2,2.8)",0.3411487662537115,"[0.34,0.42)",market_non_favorite,B365_OPEN,False,-1.0
2024-11-10,2024-11,D1,Heidenheim,Wolfsburg,draw,away,3.4,"[2.8,3.5)",0.2759291491757961,"[0.20,0.28)",market_non_favorite,B365_OPEN,False,-1.0
2024-11-10,2024-11,D1,Heidenheim,Wolfsburg,away,away,2.45,"[2.2,2.8)",0.3829220845704924,"[0.34,0.42)",market_favorite,B365_OPEN,True,1.4500000000000002
2024-11-10,2024-11,D1,Stuttgart,Ein Frankfurt,home,away,1.9,"[1.8,2.2)",0.5028882093102276,"[0.42,0.55)",market_favorite,B365_OPEN,False,-1.0
2024-11-10,2024-11,D1,Stuttgart,Ein Frankfurt,draw,away,4.0,"[4.0,5.0)",0.23887189942235815,"[0.20,0.28)",market_non_favorite,B365_OPEN,False,-1.0
2024-11-10,2024-11,D1,Stuttgart,Ein Frankfurt,away,away,3.7,"[3.5,4.0)",0.25823989126741415,"[0.20,0.28)",market_non_favorite,B365_OPEN,True,2.7
2024-11-22,2024-11,D1,Bayern Munich,Augsburg,home,home,1.13,"[1.0,1.8)",0.8415147265077139,"[0.55,1.00]",market_favorite,B365_OPEN,True,0.1299999999999999
2024-11-22,2024-11,D1,Bayern Munich,Augsburg,draw,home,10.0,"[7.0,inf)",0.09509116409537166,"[0.00,0.20)",market_non_favorite,B365_OPEN,False,-1.0
2024-11-22,2024-11,D1,Bayern Munich,Augsburg,away,home,15.0,"[7.0,inf)",0.06339410939691444,"[0.00,0.20)",market_non_favorite,B365_OPEN,False,-1.0
2024-11-23,2024-11,D1,Stuttgart,Bochum,home,home,1.29,"[1.0,1.8)",0.7361963190184049,"[0.55,1.00]",market_favorite,B365_OPEN,True,0.29000000000000004
2024-11-23,2024-11,D1,Stuttgart,Bochum,draw,home,6.0,"[5.0,7.0)",0.15828220858895706,"[0.00,0.20)",market_non_favorite,B365_OPEN,False,-1.0
2024-11-23,2024-11,D1,Stuttgart,Bochum,away,home,9.0,"[7.0,inf)",0.10552147239263804,"[0.00,0.20)",market_non_favorite,B365_OPEN,False,-1.0
2024-11-23,2024-11,D1,Wolfsburg,Union Berlin,home,home,2.3,"[2.2,2.8)",0.41395531164249316,"[0.34,0.42)",market_favorite,B365_OPEN,True,1.2999999999999998
2024-11-23,2024-11,D1,Wolfsburg,Union Berlin,draw,home,3.3,"[2.8,3.5)",0.2885143081144649,"[0.28,0.34)",market_non_favorite,B365_OPEN,False,-1.0
2024-11-23,2024-11,D1,Wolfsburg,Union Berlin,away,home,3.2,"[2.8,3.5)",0.2975303802430419,"[0.28,0.34)",market_non_favorite,B365_OPEN,False,-1.0
2024-11-23,2024-11,D1,Leverkusen,Heidenheim,home,home,1.2,"[1.0,1.8)",0.7907542579075426,"[0.55,1.00]",market_favorite,B365_OPEN,True,0.19999999999999996
2024-11-23,2024-11,D1,Leverkusen,Heidenheim,draw,home,6.5,"[5.0,7.0)",0.14598540145985403,"[0.00,0.20)",market_non_favorite,B365_OPEN,False,-1.0
2024-11-23,2024-11,D1,Leverkusen,Heidenheim,away,home,15.0,"[7.0,inf)",0.0632603406326034,"[0.00,0.20)",market_non_favorite,B365_OPEN,False,-1.0
2024-11-23,2024-11,D1,Hoffenheim,RB Leipzig,home,home,3.4,"[2.8,3.5)",0.27851458885941643,"[0.20,0.28)",market_non_favorite,B365_OPEN,True,2.4
2024-11-23,2024-11,D1,Hoffenheim,RB Leipzig,draw,home,3.5,"[3.5,4.0)",0.2705570291777188,"[0.20,0.28)",market_non_favorite,B365_OPEN,False,-1.0
2024-11-23,2024-11,D1,Hoffenheim,RB Leipzig,away,home,2.1,"[1.8,2.2)",0.45092838196286467,"[0.42,0.55)",market_favorite,B365_OPEN,False,-1.0
2024-11-23,2024-11,D1,Ein Frankfurt,Werder Bremen,home,home,1.7,"[1.0,1.8)",0.5579074690051407,"[0.55,1.00]",market_favorite,B365_OPEN,True,0.7
2024-11-23,2024-11,D1,Ein Frankfurt,Werder Bremen,draw,home,4.1,"[4.0,5.0)",0.23132748714847295,"[0.20,0.28)",market_non_favorite,B365_OPEN,False,-1.0
2024-11-23,2024-11,D1,Ein Frankfurt,Werder Bremen,away,home,4.5,"[4.0,5.0)",0.21076504384638645,"[0.20,0.28)",market_non_favorite,B365_OPEN,False,-1.0
2024-11-23,2024-11,D1,Dortmund,Freiburg,home,home,1.67,"[1.0,1.8)",0.5653773669568339,"[0.55,1.00]",market_favorite,B365_OPEN,True,0.6699999999999999
2024-11-23,2024-11,D1,Dortmund,Freiburg,draw,home,4.2,"[4.0,5.0)",0.22480481019474108,"[0.20,0.28)",market_non_favorite,B365_OPEN,False,-1.0
2024-11-23,2024-11,D1,Dortmund,Freiburg,away,home,4.5,"[4.0,5.0)",0.209817822848425,"[0.20,0.28)",market_non_favorite,B365_OPEN,False,-1.0
2024-11-24,2024-11,D1,Holstein Kiel,Mainz,home,away,3.1,"[2.8,3.5)",0.3067869752844252,"[0.28,0.34)",market_non_favorite,B365_OPEN,False,-1.0
2024-11-24,2024-11,D1,Holstein Kiel,Mainz,draw,away,3.4,"[2.8,3.5)",0.27971753628874063,"[0.20,0.28)",market_non_favorite,B365_OPEN,False,-1.0
2024-11-24,2024-11,D1,Holstein Kiel,Mainz,away,away,2.3,"[2.2,2.8)",0.41349548842683403,"[0.34,0.42)",market_favorite,B365_OPEN,True,1.2999999999999998
2024-11-24,2024-11,D1,M'gladbach,St Pauli,home,home,1.8,"[1.8,2.2)",0.5256916996047432,"[0.42,0.55)",market_favorite,B365_OPEN,True,0.8
2024-11-24,2024-11,D1,M'gladbach,St Pauli,draw,home,3.8,"[3.5,4.0)",0.24901185770750986,"[0.20,0.28)",market_non_favorite,B365_OPEN,False,-1.0
2024-11-24,2024-11,D1,M'gladbach,St Pauli,away,home,4.2,"[4.0,5.0)",0.225296442687747,"[0.20,0.28)",market_non_favorite,B365_OPEN,False,-1.0
2024-11-29,2024-11,D1,St Pauli,Holstein Kiel,home,home,1.67,"[1.0,1.8)",0.5670771224886585,"[0.55,1.00]",market_favorite,B365_OPEN,True,0.6699999999999999
2024-11-29,2024-11,D1,St Pauli,Holstein Kiel,draw,home,3.75,"[3.5,4.0)",0.2525383452149492,"[0.20,0.28)",market_non_favorite,B365_OPEN,False,-1.0
2024-11-29,2024-11,D1,St Pauli,Holstein Kiel,away,home,5.25,"[5.0,7.0)",0.1803845322963923,"[0.00,0.20)",market_non_favorite,B365_OPEN,False,-1.0
2024-11-30,2024-11,D1,Augsburg,Bochum,home,home,1.73,"[1.0,1.8)",0.5503745604647607,"[0.55,1.00]",market_favorite,B365_OPEN,True,0.73
2024-11-30,2024-11,D1,Augsburg,Bochum,draw,home,4.0,"[4.0,5.0)",0.238036997401009,"[0.20,0.28)",market_non_favorite,B365_OPEN,False,-1.0
2024-11-30,2024-11,D1,Augsburg,Bochum,away,home,4.5,"[4.0,5.0)",0.21158844213423023,"[0.20,0.28)",market_non_favorite,B365_OPEN,False,-1.0
2024-11-30,2024-11,D1,Freiburg,M'gladbach,home,home,1.95,"[1.8,2.2)",0.4866595517609392,"[0.42,0.55)",market_favorite,B365_OPEN,True,0.95
2024-11-30,2024-11,D1,Freiburg,M'gladbach,draw,home,3.8,"[3.5,4.0)",0.24973319103521877,"[0.20,0.28)",market_non_favorite,B365_OPEN,False,-1.0
2024-11-30,2024-11,D1,Freiburg,M'gladbach,away,home,3.6,"[3.5,4.0)",0.26360725720384204,"[0.20,0.28)",market_non_favorite,B365_OPEN,False,-1.0
2024-11-30,2024-11,D1,RB Leipzig,Wolfsburg,home,away,1.7,"[1.0,1.8)",0.5608856088560886,"[0.55,1.00]",market_favorite,B365_OPEN,False,-1.0
2024-11-30,2024-11,D1,RB Leipzig,Wolfsburg,draw,away,4.0,"[4.0,5.0)",0.23837638376383766,"[0.20,0.28)",market_non_favorite,B365_OPEN,False,-1.0
2024-11-30,2024-11,D1,RB Leipzig,Wolfsburg,away,away,4.75,"[4.0,5.0)",0.2007380073800738,"[0.20,0.28)",market_non_favorite,B365_OPEN,True,3.75
2024-11-30,2024-11,D1,Union Berlin,Leverkusen,home,away,4.75,"[4.0,5.0)",0.20007724990343764,"[0.20,0.28)",market_non_favorite,B365_OPEN,False,-1.0
2024-11-30,2024-11,D1,Union Berlin,Leverkusen,draw,away,3.7,"[3.5,4.0)",0.25685592893008885,"[0.20,0.28)",market_non_favorite,B365_OPEN,False,-1.0
2024-11-30,2024-11,D1,Union Berlin,Leverkusen,away,away,1.75,"[1.0,1.8)",0.5430668211664735,"[0.42,0.55)",market_favorite,B365_OPEN,True,0.75
2024-11-30,2024-11,D1,Werder Bremen,Stuttgart,home,draw,3.0,"[2.8,3.5)",0.3160919540229885,"[0.28,0.34)",market_non_favorite,B365_OPEN,False,-1.0
2024-11-30,2024-11,D1,Werder Bremen,Stuttgart,draw,draw,3.75,"[3.5,4.0)",0.25287356321839083,"[0.20,0.28)",market_non_favorite,B365_OPEN,True,2.75
2024-11-30,2024-11,D1,Werder Bremen,Stuttgart,away,draw,2.2,"[2.2,2.8)",0.4310344827586207,"[0.42,0.55)",market_favorite,B365_OPEN,False,-1.0
2024-11-30,2024-11,D1,Dortmund,Bayern Munich,home,draw,4.75,"[4.0,5.0)",0.19988614634573557,"[0.00,0.20)",market_non_favorite,B365_OPEN,False,-1.0
2024-11-30,2024-11,D1,Dortmund,Bayern Munich,draw,draw,4.1,"[4.0,5.0)",0.23157541344932783,"[0.20,0.28)",market_non_favorite,B365_OPEN,True,3.0999999999999996
2024-11-30,2024-11,D1,Dortmund,Bayern Munich,away,draw,1.67,"[1.0,1.8)",0.5685384402049366,"[0.55,1.00]",market_favorite,B365_OPEN,False,-1.0
2024-12-01,2024-12,D1,Heidenheim,Ein Frankfurt,home,away,3.7,"[3.5,4.0)",0.256578947368421,"[0.20,0.28)",market_non_favorite,B365_OPEN,False,-1.0
2024-12-01,2024-12,D1,Heidenheim,Ein Frankfurt,draw,away,3.7,"[3.5,4.0)",0.256578947368421,"[0.20,0.28)",market_non_favorite,B365_OPEN,False,-1.0
2024-12-01,2024-12,D1,Heidenheim,Ein Frankfurt,away,away,1.95,"[1.8,2.2)",0.48684210526315796,"[0.42,0.55)",market_favorite,B365_OPEN,True,0.95
2024-12-01,2024-12,D1,Mainz,Hoffenheim,home,home,2.1,"[1.8,2.2)",0.45092838196286467,"[0.42,0.55)",market_favorite,B365_OPEN,True,1.1
2024-12-01,2024-12,D1,Mainz,Hoffenheim,draw,home,3.4,"[2.8,3.5)",0.27851458885941643,"[0.20,0.28)",market_non_favorite,B365_OPEN,False,-1.0
2024-12-01,2024-12,D1,Mainz,Hoffenheim,away,home,3.5,"[3.5,4.0)",0.2705570291777188,"[0.20,0.28)",market_non_favorite,B365_OPEN,False,-1.0
2024-12-06,2024-12,D1,Stuttgart,Union Berlin,home,home,1.8,"[1.8,2.2)",0.5263157894736842,"[0.42,0.55)",market_favorite,B365_OPEN,True,0.8
2024-12-06,2024-12,D1,Stuttgart,Union Berlin,draw,home,3.6,"[3.5,4.0)",0.2631578947368421,"[0.20,0.28)",market_non_favorite,B365_OPEN,False,-1.0
2024-12-06,2024-12,D1,Stuttgart,Union Berlin,away,home,4.5,"[4.0,5.0)",0.21052631578947367,"[0.20,0.28)",market_non_favorite,B365_OPEN,False,-1.0
2024-12-07,2024-12,D1,M'gladbach,Dortmund,home,draw,3.2,"[2.8,3.5)",0.2961082910321489,"[0.28,0.34)",market_non_favorite,B365_OPEN,False,-1.0
2024-12-07,2024-12,D1,M'gladbach,Dortmund,draw,draw,3.75,"[3.5,4.0)",0.25267907501410036,"[0.20,0.28)",market_non_favorite,B365_OPEN,True,2.75
2024-12-07,2024-12,D1,M'gladbach,Dortmund,away,draw,2.1,"[1.8,2.2)",0.45121263395375066,"[0.42,0.55)",market_favorite,B365_OPEN,False,-1.0
2024-12-07,2024-12,D1,Leverkusen,St Pauli,home,home,1.25,"[1.0,1.8)",0.759124087591241,"[0.55,1.00]",market_favorite,B365_OPEN,True,0.25
2024-12-07,2024-12,D1,Leverkusen,St Pauli,draw,home,6.5,"[5.0,7.0)",0.14598540145985403,"[0.00,0.20)",market_non_favorite,B365_OPEN,False,-1.0
2024-12-07,2024-12,D1,Leverkusen,St Pauli,away,home,10.0,"[7.0,inf)",0.09489051094890512,"[0.00,0.20)",market_non_favorite,B365_OPEN,False,-1.0
2024-12-07,2024-12,D1,Holstein Kiel,RB Leipzig,home,away,5.75,"[5.0,7.0)",0.16579711602529448,"[0.00,0.20)",market_non_favorite,B365_OPEN,False,-1.0
2024-12-07,2024-12,D1,Holstein Kiel,RB Leipzig,draw,away,4.2,"[4.0,5.0)",0.22698414693939126,"[0.20,0.28)",market_non_favorite,B365_OPEN,False,-1.0
2024-12-07,2024-12,D1,Holstein Kiel,RB Leipzig,away,away,1.57,"[1.0,1.8)",0.6072187370353141,"[0.55,1.00]",market_favorite,B365_OPEN,True,0.5700000000000001
2024-12-07,2024-12,D1,Bochum,Werder Bremen,home,away,3.2,"[2.8,3.5)",0.2968388589051658,"[0.28,0.34)",market_non_favorite,B365_OPEN,False,-1.0
2024-12-07,2024-12,D1,Bochum,Werder Bremen,draw,away,3.5,"[3.5,4.0)",0.27139552814186585,"[0.20,0.28)",market_non_favorite,B365_OPEN,False,-1.0
2024-12-07,2024-12,D1,Bochum,Werder Bremen,away,away,2.2,"[2.2,2.8)",0.4317656129529684,"[0.42,0.55)",market_favorite,B365_OPEN,True,1.2000000000000002
2024-12-07,2024-12,D1,Bayern Munich,Heidenheim,home,home,1.1,"[1.0,1.8)",0.8636363636363636,"[0.55,1.00]",market_favorite,B365_OPEN,True,0.10000000000000009
2024-12-07,2024-12,D1,Bayern Munich,Heidenheim,draw,home,11.0,"[7.0,inf)",0.08636363636363636,"[0.00,0.20)",market_non_favorite,B365_OPEN,False,-1.0
2024-12-07,2024-12,D1,Bayern Munich,Heidenheim,away,home,19.0,"[7.0,inf)",0.05,"[0.00,0.20)",market_non_favorite,B365_OPEN,False,-1.0
2024-12-07,2024-12,D1,Ein Frankfurt,Augsburg,home,draw,1.53,"[1.0,1.8)",0.6180581517347837,"[0.55,1.00]",market_favorite,B365_OPEN,False,-1.0
2024-12-07,2024-12,D1,Ein Frankfurt,Augsburg,draw,draw,4.1,"[4.0,5.0)",0.23064121272054125,"[0.20,0.28)",market_non_favorite,B365_OPEN,True,3.0999999999999996
2024-12-07,2024-12,D1,Ein Frankfurt,Augsburg,away,draw,6.25,"[5.0,7.0)",0.15130063554467504,"[0.00,0.20)",market_non_favorite,B365_OPEN,False,-1.0
2024-12-08,2024-12,D1,Hoffenheim,Freiburg,home,draw,2.7,"[2.2,2.8)",0.35051546391752575,"[0.34,0.42)",market_non_favorite,B365_OPEN,False,-1.0
2024-12-08,2024-12,D1,Hoffenheim,Freiburg,draw,draw,3.4,"[2.8,3.5)",0.27835051546391754,"[0.20,0.28)",market_non_favorite,B365_OPEN,True,2.4
2024-12-08,2024-12,D1,Hoffenheim,Freiburg,away,draw,2.55,"[2.2,2.8)",0.3711340206185567,"[0.34,0.42)",market_favorite,B365_OPEN,False,-1.0
2024-12-08,2024-12,D1,Wolfsburg,Mainz,home,home,2.15,"[1.8,2.2)",0.44134505158578524,"[0.42,0.55)",market_favorite,B365_OPEN,True,1.15
2024-12-08,2024-12,D1,Wolfsburg,Mainz,draw,home,3.3,"[2.8,3.5)",0.28754298815437523,"[0.28,0.34)",market_non_favorite,B365_OPEN,False,-1.0
2024-12-08,2024-12,D1,Wolfsburg,Mainz,away,home,3.5,"[3.5,4.0)",0.2711119602598395,"[0.20,0.28)",market_non_favorite,B365_OPEN,False,-1.0
2024-12-13,2024-12,D1,Freiburg,Wolfsburg,home,home,2.2,"[2.2,2.8)",0.4285714285714286,"[0.42,0.55)",market_favorite,B365_OPEN,True,1.2000000000000002
2024-12-13,2024-12,D1,Freiburg,Wolfsburg,draw,home,3.3,"[2.8,3.5)",0.28571428571428575,"[0.28,0.34)",market_non_favorite,B365_OPEN,False,-1.0
2024-12-13,2024-12,D1,Freiburg,Wolfsburg,away,home,3.3,"[2.8,3.5)",0.28571428571428575,"[0.28,0.34)",market_non_favorite,B365_OPEN,False,-1.0
2024-12-14,2024-12,D1,Union Berlin,Bochum,home,away,1.6,"[1.0,1.8)",0.5925155925155925,"[0.55,1.00]",market_favorite,B365_OPEN,False,-1.0
2024-12-14,2024-12,D1,Union Berlin,Bochum,draw,away,3.8,"[3.5,4.0)",0.24948024948024947,"[0.20,0.28)",market_non_favorite,B365_OPEN,False,-1.0
2024-12-14,2024-12,D1,Union Berlin,Bochum,away,away,6.0,"[5.0,7.0)",0.15800415800415799,"[0.00,0.20)",market_non_favorite,B365_OPEN,True,5.0
2024-12-14,2024-12,D1,St Pauli,Werder Bremen,home,away,2.63,"[2.2,2.8)",0.3605514316012725,"[0.34,0.42)",market_favorite,B365_OPEN,False,-1.0
2024-12-14,2024-12,D1,St Pauli,Werder Bremen,draw,away,3.4,"[2.8,3.5)",0.2788971367974549,"[0.20,0.28)",market_non_favorite,B365_OPEN,False,-1.0
2024-12-14,2024-12,D1,St Pauli,Werder Bremen,away,away,2.63,"[2.2,2.8)",0.3605514316012725,"[0.34,0.42)",market_non_favorite,B365_OPEN,True,1.63
2024-12-14,2024-12,D1,Mainz,Bayern Munich,home,home,6.5,"[5.0,7.0)",0.14627717988139688,"[0.00,0.20)",market_non_favorite,B365_OPEN,True,5.5
2024-12-14,2024-12,D1,Mainz,Bayern Munich,draw,home,4.5,"[4.0,5.0)",0.21128925982868438,"[0.20,0.28)",market_non_favorite,B365_OPEN,False,-1.0
2024-12-14,2024-12,D1,Mainz,Bayern Munich,away,home,1.48,"[1.0,1.8)",0.6424335602899187,"[0.55,1.00]",market_favorite,B365_OPEN,False,-1.0
2024-12-14,2024-12,D1,M'gladbach,Holstein Kiel,home,home,1.44,"[1.0,1.8)",0.6558682952734998,"[0.55,1.00]",market_favorite,B365_OPEN,True,0.43999999999999995
2024-12-14,2024-12,D1,M'gladbach,Holstein Kiel,draw,home,4.75,"[4.0,5.0)",0.19883165161975572,"[0.00,0.20)",market_non_favorite,B365_OPEN,False,-1.0
2024-12-14,2024-12,D1,M'gladbach,Holstein Kiel,away,home,6.5,"[5.0,7.0)",0.14530005310674457,"[0.00,0.20)",market_non_favorite,B365_OPEN,False,-1.0
2024-12-14,2024-12,D1,Augsburg,Leverkusen,home,away,5.75,"[5.0,7.0)",0.1639365659466162,"[0.00,0.20)",market_non_favorite,B365_OPEN,False,-1.0
2024-12-14,2024-12,D1,Augsburg,Leverkusen,draw,away,4.0,"[4.0,5.0)",0.2356588135482608,"[0.20,0.28)",market_non_favorite,B365_OPEN,False,-1.0
2024-12-14,2024-12,D1,Augsburg,Leverkusen,away,away,1.57,"[1.0,1.8)",0.600404620505123,"[0.55,1.00]",market_favorite,B365_OPEN,True,0.5700000000000001
2024-12-15,2024-12,D1,Dortmund,Hoffenheim,home,draw,1.44,"[1.0,1.8)",0.6544502617801047,"[0.55,1.00]",market_favorite,B365_OPEN,False,-1.0
2024-12-15,2024-12,D1,Dortmund,Hoffenheim,draw,draw,5.0,"[5.0,7.0)",0.18848167539267016,"[0.00,0.20)",market_non_favorite,B365_OPEN,True,4.0
2024-12-15,2024-12,D1,Dortmund,Hoffenheim,away,draw,6.0,"[5.0,7.0)",0.15706806282722513,"[0.00,0.20)",market_non_favorite,B365_OPEN,False,-1.0
2024-12-15,2024-12,D1,Heidenheim,Stuttgart,home,away,4.0,"[4.0,5.0)",0.23684210526315788,"[0.20,0.28)",market_non_favorite,B365_OPEN,False,-1.0
2024-12-15,2024-12,D1,Heidenheim,Stuttgart,draw,away,4.0,"[4.0,5.0)",0.23684210526315788,"[0.20,0.28)",market_non_favorite,B365_OPEN,False,-1.0
2024-12-15,2024-12,D1,Heidenheim,Stuttgart,away,away,1.8,"[1.8,2.2)",0.5263157894736842,"[0.42,0.55)",market_favorite,B365_OPEN,True,0.8
2024-12-15,2024-12,D1,RB Leipzig,Ein Frankfurt,home,home,2.05,"[1.8,2.2)",0.46444121915820036,"[0.42,0.55)",market_favorite,B365_OPEN,True,1.0499999999999998
2024-12-15,2024-12,D1,RB Leipzig,Ein Frankfurt,draw,home,4.0,"[4.0,5.0)",0.23802612481857766,"[0.20,0.28)",market_non_favorite,B365_OPEN,False,-1.0
2024-12-15,2024-12,D1,RB Leipzig,Ein Frankfurt,away,home,3.2,"[2.8,3.5)",0.29753265602322204,"[0.28,0.34)",market_non_favorite,B365_OPEN,False,-1.0
2024-12-20,2024-12,D1,Bayern Munich,RB Leipzig,home,home,1.2,"[1.0,1.8)",0.7879656160458453,"[0.55,1.00]",market_favorite,B365_OPEN,True,0.19999999999999996
2024-12-20,2024-12,D1,Bayern Munich,RB Leipzig,draw,home,7.5,"[7.0,inf)",0.12607449856733524,"[0.00,0.20)",market_non_favorite,B365_OPEN,False,-1.0
2024-12-20,2024-12,D1,Bayern Munich,RB Leipzig,away,home,11.0,"[7.0,inf)",0.08595988538681948,"[0.00,0.20)",market_non_favorite,B365_OPEN,False,-1.0
2024-12-21,2024-12,D1,Leverkusen,Freiburg,home,home,1.38,"[1.0,1.8)",0.6849315068493151,"[0.55,1.00]",market_favorite,B365_OPEN,True,0.3799999999999999
2024-12-21,2024-12,D1,Leverkusen,Freiburg,draw,home,5.0,"[5.0,7.0)",0.18904109589041096,"[0.00,0.20)",market_non_favorite,B365_OPEN,False,-1.0
2024-12-21,2024-12,D1,Leverkusen,Freiburg,away,home,7.5,"[7.0,inf)",0.12602739726027395,"[0.00,0.20)",market_non_favorite,B365_OPEN,False,-1.0
2024-12-21,2024-12,D1,Holstein Kiel,Augsburg,home,home,3.0,"[2.8,3.5)",0.3165610142630745,"[0.28,0.34)",market_non_favorite,B365_OPEN,True,2.0
2024-12-21,2024-12,D1,Holstein Kiel,Augsburg,draw,home,3.4,"[2.8,3.5)",0.2793185419968304,"[0.20,0.28)",market_non_favorite,B365_OPEN,False,-1.0
2024-12-21,2024-12,D1,Holstein Kiel,Augsburg,away,home,2.35,"[2.2,2.8)",0.4041204437400951,"[0.34,0.42)",market_favorite,B365_OPEN,False,-1.0
2024-12-21,2024-12,D1,Hoffenheim,M'gladbach,home,away,2.3,"[2.2,2.8)",0.4111855061047657,"[0.34,0.42)",market_favorite,B365_OPEN,False,-1.0
2024-12-21,2024-12,D1,Hoffenheim,M'gladbach,draw,away,3.6,"[3.5,4.0)",0.26270185112248917,"[0.20,0.28)",market_non_favorite,B365_OPEN,False,-1.0
2024-12-21,2024-12,D1,Hoffenheim,M'gladbach,away,away,2.9,"[2.8,3.5)",0.32611264277274515,"[0.28,0.34)",market_non_favorite,B365_OPEN,True,1.9
2024-12-21,2024-12,D1,Ein Frankfurt,Mainz,home,away,1.83,"[1.8,2.2)",0.5190138736400838,"[0.42,0.55)",market_favorite,B365_OPEN,False,-1.0
2024-12-21,2024-12,D1,Ein Frankfurt,Mainz,draw,away,4.0,"[4.0,5.0)",0.23744884719033837,"[0.20,0.28)",market_non_favorite,B365_OPEN,False,-1.0
2024-12-21,2024-12,D1,Ein Frankfurt,Mainz,away,away,3.9,"[3.5,4.0)",0.24353727916957785,"[0.20,0.28)",market_non_favorite,B365_OPEN,True,2.9
2024-12-21,2024-12,D1,Werder Bremen,Union Berlin,home,home,2.05,"[1.8,2.2)",0.4612804025719877,"[0.42,0.55)",market_favorite,B365_OPEN,True,1.0499999999999998
2024-12-21,2024-12,D1,Werder Bremen,Union Berlin,draw,home,3.3,"[2.8,3.5)",0.28655297735532564,"[0.28,0.34)",market_non_favorite,B365_OPEN,False,-1.0
2024-12-21,2024-12,D1,Werder Bremen,Union Berlin,away,home,3.75,"[3.5,4.0)",0.2521666200726866,"[0.20,0.28)",market_non_favorite,B365_OPEN,False,-1.0
2024-12-21,2024-12,D1,Stuttgart,St Pauli,home,away,1.45,"[1.0,1.8)",0.6543046357615894,"[0.55,1.00]",market_favorite,B365_OPEN,False,-1.0
2024-12-21,2024-12,D1,Stuttgart,St Pauli,draw,away,4.75,"[4.0,5.0)",0.1997350993377483,"[0.00,0.20)",market_non_favorite,B365_OPEN,False,-1.0
2024-12-21,2024-12,D1,Stuttgart,St Pauli,away,away,6.5,"[5.0,7.0)",0.14596026490066225,"[0.00,0.20)",market_non_favorite,B365_OPEN,True,5.5
2024-12-22,2024-12,D1,Bochum,Heidenheim,home,home,2.3,"[2.2,2.8)",0.41257367387033406,"[0.34,0.42)",market_favorite,B365_OPEN,True,1.2999999999999998
2024-12-22,2024-12,D1,Bochum,Heidenheim,draw,home,3.5,"[3.5,4.0)",0.27111984282907664,"[0.20,0.28)",market_non_favorite,B365_OPEN,False,-1.0
2024-12-22,2024-12,D1,Bochum,Heidenheim,away,home,3.0,"[2.8,3.5)",0.3163064833005894,"[0.28,0.34)",market_non_favorite,B365_OPEN,False,-1.0
2024-12-22,2024-12,D1,Wolfsburg,Dortmund,home,away,3.1,"[2.8,3.5)",0.30579150579150577,"[0.28,0.34)",market_non_favorite,B365_OPEN,False,-1.0
2024-12-22,2024-12,D1,Wolfsburg,Dortmund,draw,away,3.6,"[3.5,4.0)",0.2633204633204633,"[0.20,0.28)",market_non_favorite,B365_OPEN,False,-1.0
2024-12-22,2024-12,D1,Wolfsburg,Dortmund,away,away,2.2,"[2.2,2.8)",0.43088803088803085,"[0.42,0.55)",market_favorite,B365_OPEN,True,1.2000000000000002
2025-01-10,2025-01,D1,Dortmund,Leverkusen,home,away,2.7,"[2.2,2.8)",0.3506261180679785,"[0.34,0.42)",market_non_favorite,B365_OPEN,False,-1.0
2025-01-10,2025-01,D1,Dortmund,Leverkusen,draw,away,3.6,"[3.5,4.0)",0.2629695885509839,"[0.20,0.28)",market_non_favorite,B365_OPEN,False,-1.0
2025-01-10,2025-01,D1,Dortmund,Leverkusen,away,away,2.45,"[2.2,2.8)",0.38640429338103754,"[0.34,0.42)",market_favorite,B365_OPEN,True,1.4500000000000002
2025-01-11,2025-01,D1,Freiburg,Holstein Kiel,home,home,1.4,"[1.0,1.8)",0.6750355281856939,"[0.55,1.00]",market_favorite,B365_OPEN,True,0.3999999999999999
2025-01-11,2025-01,D1,Freiburg,Holstein Kiel,draw,home,4.75,"[4.0,5.0)",0.19895783988630977,"[0.00,0.20)",market_non_favorite,B365_OPEN,False,-1.0
2025-01-11,2025-01,D1,Freiburg,Holstein Kiel,away,home,7.5,"[7.0,inf)",0.1260066319279962,"[0.00,0.20)",market_non_favorite,B365_OPEN,False,-1.0
2025-01-11,2025-01,D1,Heidenheim,Union Berlin,home,home,3.1,"[2.8,3.5)",0.30420841683366734,"[0.28,0.34)",market_non_favorite,B365_OPEN,True,2.1
2025-01-11,2025-01,D1,Heidenheim,Union Berlin,draw,home,3.3,"[2.8,3.5)",0.28577154308617236,"[0.28,0.34)",market_non_favorite,B365_OPEN,False,-1.0
2025-01-11,2025-01,D1,Heidenheim,Union Berlin,away,home,2.3,"[2.2,2.8)",0.41002004008016035,"[0.34,0.42)",market_favorite,B365_OPEN,False,-1.0
2025-01-11,2025-01,D1,Hoffenheim,Wolfsburg,home,away,2.35,"[2.2,2.8)",0.40506329113924056,"[0.34,0.42)",market_favorite,B365_OPEN,False,-1.0
2025-01-11,2025-01,D1,Hoffenheim,Wolfsburg,draw,away,3.6,"[3.5,4.0)",0.26441631504922647,"[0.20,0.28)",market_non_favorite,B365_OPEN,False,-1.0
2025-01-11,2025-01,D1,Hoffenheim,Wolfsburg,away,away,2.88,"[2.8,3.5)",0.33052039381153303,"[0.28,0.34)",market_non_favorite,B365_OPEN,True,1.88
2025-01-11,2025-01,D1,M'gladbach,Bayern Munich,home,away,7.0,"[7.0,inf)",0.13513513513513511,"[0.00,0.20)",market_non_favorite,B365_OPEN,False,-1.0
2025-01-11,2025-01,D1,M'gladbach,Bayern Munich,draw,away,5.0,"[5.0,7.0)",0.1891891891891892,"[0.00,0.20)",market_non_favorite,B365_OPEN,False,-1.0
2025-01-11,2025-01,D1,M'gladbach,Bayern Munich,away,away,1.4,"[1.0,1.8)",0.6756756756756757,"[0.55,1.00]",market_favorite,B365_OPEN,True,0.3999999999999999
2025-01-11,2025-01,D1,Mainz,Bochum,home,home,1.53,"[1.0,1.8)",0.6174990513369328,"[0.55,1.00]",market_favorite,B365_OPEN,True,0.53
2025-01-11,2025-01,D1,Mainz,Bochum,draw,home,4.33,"[4.0,5.0)",0.21819250543776147,"[0.20,0.28)",market_non_favorite,B365_OPEN,False,-1.0
2025-01-11,2025-01,D1,Mainz,Bochum,away,home,5.75,"[5.0,7.0)",0.1643084432253056,"[0.00,0.20)",market_non_favorite,B365_OPEN,False,-1.0
2025-01-11,2025-01,D1,St Pauli,Ein Frankfurt,home,away,3.7,"[3.5,4.0)",0.2589317935763262,"[0.20,0.28)",market_non_favorite,B365_OPEN,False,-1.0
2025-01-11,2025-01,D1,St Pauli,Ein Frankfurt,draw,away,3.5,"[3.5,4.0)",0.273727896066402,"[0.20,0.28)",market_non_favorite,B365_OPEN,False,-1.0
2025-01-11,2025-01,D1,St Pauli,Ein Frankfurt,away,away,2.05,"[1.8,2.2)",0.4673403103572718,"[0.42,0.55)",market_favorite,B365_OPEN,True,1.0499999999999998
2025-01-12,2025-01,D1,Augsburg,Stuttgart,home,away,3.6,"[3.5,4.0)",0.2631578947368421,"[0.20,0.28)",market_non_favorite,B365_OPEN,False,-1.0
2025-01-12,2025-01,D1,Augsburg,Stuttgart,draw,away,3.6,"[3.5,4.0)",0.2631578947368421,"[0.20,0.28)",market_non_favorite,B365_OPEN,False,-1.0
2025-01-12,2025-01,D1,Augsburg,Stuttgart,away,away,2.0,"[1.8,2.2)",0.47368421052631576,"[0.42,0.55)",market_favorite,B365_OPEN,True,1.0
2025-01-12,2025-01,D1,RB Leipzig,Werder Bremen,home,home,1.75,"[1.0,1.8)",0.5393258426966292,"[0.42,0.55)",market_favorite,B365_OPEN,True,0.75
2025-01-12,2025-01,D1,RB Leipzig,Werder Bremen,draw,home,4.0,"[4.0,5.0)",0.23595505617977527,"[0.20,0.28)",market_non_favorite,B365_OPEN,False,-1.0
2025-01-12,2025-01,D1,RB Leipzig,Werder Bremen,away,home,4.2,"[4.0,5.0)",0.2247191011235955,"[0.20,0.28)",market_non_favorite,B365_OPEN,False,-1.0
2025-01-14,2025-01,D1,Wolfsburg,M'gladbach,home,home,1.91,"[1.8,2.2)",0.49702656040180676,"[0.42,0.55)",market_favorite,B365_OPEN,True,0.9099999999999999
2025-01-14,2025-01,D1,Wolfsburg,M'gladbach,draw,home,3.8,"[3.5,4.0)",0.24982124483353968,"[0.20,0.28)",market_non_favorite,B365_OPEN,False,-1.0
2025-01-14,2025-01,D1,Wolfsburg,M'gladbach,away,home,3.75,"[3.5,4.0)",0.25315219476465356,"[0.20,0.28)",market_non_favorite,B365_OPEN,False,-1.0
2025-01-14,2025-01,D1,Leverkusen,Mainz,home,home,1.36,"[1.0,1.8)",0.6942607775720708,"[0.55,1.00]",market_favorite,B365_OPEN,True,0.3600000000000001
2025-01-14,2025-01,D1,Leverkusen,Mainz,draw,home,5.25,"[5.0,7.0)",0.1798466014281936,"[0.00,0.20)",market_non_favorite,B365_OPEN,False,-1.0
2025-01-14,2025-01,D1,Leverkusen,Mainz,away,home,7.5,"[7.0,inf)",0.12589262099973553,"[0.00,0.20)",market_non_favorite,B365_OPEN,False,-1.0
2025-01-14,2025-01,D1,Holstein Kiel,Dortmund,home,home,5.25,"[5.0,7.0)",0.18005808325266215,"[0.00,0.20)",market_non_favorite,B365_OPEN,True,4.25
2025-01-14,2025-01,D1,Holstein Kiel,Dortmund,draw,home,4.5,"[4.0,5.0)",0.21006776379477252,"[0.20,0.28)",market_non_favorite,B365_OPEN,False,-1.0
2025-01-14,2025-01,D1,Holstein Kiel,Dortmund,away,home,1.55,"[1.0,1.8)",0.6098741529525653,"[0.55,1.00]",market_favorite,B365_OPEN,False,-1.0
2025-01-14,2025-01,D1,Ein Frankfurt,Freiburg,home,home,1.7,"[1.0,1.8)",0.556367975035947,"[0.55,1.00]",market_favorite,B365_OPEN,True,0.7
2025-01-14,2025-01,D1,Ein Frankfurt,Freiburg,draw,home,4.2,"[4.0,5.0)",0.22519656132407379,"[0.20,0.28)",market_non_favorite,B365_OPEN,False,-1.0
2025-01-14,2025-01,D1,Ein Frankfurt,Freiburg,away,home,4.33,"[4.0,5.0)",0.21843546363997918,"[0.20,0.28)",market_non_favorite,B365_OPEN,False,-1.0
2025-01-15,2025-01,D1,Werder Bremen,Heidenheim,home,draw,1.6,"[1.0,1.8)",0.582141814998541,"[0.55,1.00]",market_favorite,B365_OPEN,False,-1.0
2025-01-15,2025-01,D1,Werder Bremen,Heidenheim,draw,draw,4.2,"[4.0,5.0)",0.22176831047563464,"[0.20,0.28)",market_non_favorite,B365_OPEN,True,3.2
2025-01-15,2025-01,D1,Werder Bremen,Heidenheim,away,draw,4.75,"[4.0,5.0)",0.19608987452582433,"[0.00,0.20)",market_non_favorite,B365_OPEN,False,-1.0
2025-01-15,2025-01,D1,Union Berlin,Augsburg,home,away,1.83,"[1.8,2.2)",0.5182625863770978,"[0.42,0.55)",market_favorite,B365_OPEN,False,-1.0
2025-01-15,2025-01,D1,Union Berlin,Augsburg,draw,away,3.5,"[3.5,4.0)",0.27097729516288255,"[0.20,0.28)",market_non_favorite,B365_OPEN,False,-1.0
2025-01-15,2025-01,D1,Union Berlin,Augsburg,away,away,4.5,"[4.0,5.0)",0.21076011846001974,"[0.20,0.28)",market_non_favorite,B365_OPEN,True,3.5
2025-01-15,2025-01,D1,Stuttgart,RB Leipzig,home,home,1.95,"[1.8,2.2)",0.48226950354609927,"[0.42,0.55)",market_favorite,B365_OPEN,True,0.95
2025-01-15,2025-01,D1,Stuttgart,RB Leipzig,draw,home,3.9,"[3.5,4.0)",0.24113475177304963,"[0.20,0.28)",market_non_favorite,B365_OPEN,False,-1.0
2025-01-15,2025-01,D1,Stuttgart,RB Leipzig,away,home,3.4,"[2.8,3.5)",0.276595744680851,"[0.20,0.28)",market_non_favorite,B365_OPEN,False,-1.0
2025-01-15,2025-01,D1,Bochum,St Pauli,home,home,2.6,"[2.2,2.8)",0.3642384105960265,"[0.34,0.42)",market_favorite,B365_OPEN,True,1.6
2025-01-15,2025-01,D1,Bochum,St Pauli,draw,home,3.25,"[2.8,3.5)",0.29139072847682124,"[0.28,0.34)",market_non_favorite,B365_OPEN,False,-1.0
2025-01-15,2025-01,D1,Bochum,St Pauli,away,home,2.75,"[2.2,2.8)",0.34437086092715236,"[0.34,0.42)",market_non_favorite,B365_OPEN,False,-1.0
2025-01-15,2025-01,D1,Bayern Munich,Hoffenheim,home,home,1.13,"[1.0,1.8)",0.8389077749753262,"[0.55,1.00]",market_favorite,B365_OPEN,True,0.1299999999999999
2025-01-15,2025-01,D1,Bayern Munich,Hoffenheim,draw,home,9.0,"[7.0,inf)",0.10532953174690206,"[0.00,0.20)",market_non_favorite,B365_OPEN,False,-1.0
2025-01-15,2025-01,D1,Bayern Munich,Hoffenheim,away,home,17.0,"[7.0,inf)",0.055762693277771676,"[0.00,0.20)",market_non_favorite,B365_OPEN,False,-1.0
2025-01-17,2025-01,D1,Ein Frankfurt,Dortmund,home,home,2.55,"[2.2,2.8)",0.3734248358279596,"[0.34,0.42)",market_favorite,B365_OPEN,True,1.5499999999999998
2025-01-17,2025-01,D1,Ein Frankfurt,Dortmund,draw,home,3.6,"[3.5,4.0)",0.26450925871147135,"[0.20,0.28)",market_non_favorite,B365_OPEN,False,-1.0
2025-01-17,2025-01,D1,Ein Frankfurt,Dortmund,away,home,2.63,"[2.2,2.8)",0.36206590546056916,"[0.34,0.42)",market_non_favorite,B365_OPEN,False,-1.0
2025-01-18,2025-01,D1,Leverkusen,M'gladbach,home,home,1.27,"[1.0,1.8)",0.7483214528675796,"[0.55,1.00]",market_favorite,B365_OPEN,True,0.27
2025-01-18,2025-01,D1,Leverkusen,M'gladbach,draw,home,5.75,"[5.0,7.0)",0.1652814339377089,"[0.00,0.20)",market_non_favorite,B365_OPEN,False,-1.0
2025-01-18,2025-01,D1,Leverkusen,M'gladbach,away,home,11.0,"[7.0,inf)",0.08639711319471147,"[0.00,0.20)",market_non_favorite,B365_OPEN,False,-1.0
2025-01-18,2025-01,D1,Stuttgart,Freiburg,home,home,1.65,"[1.0,1.8)",0.5769230769230769,"[0.55,1.00]",market_favorite,B365_OPEN,True,0.6499999999999999
2025-01-18,2025-01,D1,Stuttgart,Freiburg,draw,home,4.5,"[4.0,5.0)",0.2115384615384615,"[0.20,0.28)",market_non_favorite,B365_OPEN,False,-1.0
2025-01-18,2025-01,D1,Stuttgart,Freiburg,away,home,4.5,"[4.0,5.0)",0.2115384615384615,"[0.20,0.28)",market_non_favorite,B365_OPEN,False,-1.0
2025-01-18,2025-01,D1,Holstein Kiel,Hoffenheim,home,away,3.0,"[2.8,3.5)",0.3165610142630745,"[0.28,0.34)",market_non_favorite,B365_OPEN,False,-1.0
2025-01-18,2025-01,D1,Holstein Kiel,Hoffenheim,draw,away,3.4,"[2.8,3.5)",0.2793185419968304,"[0.20,0.28)",market_non_favorite,B365_OPEN,False,-1.0
2025-01-18,2025-01,D1,Holstein Kiel,Hoffenheim,away,away,2.35,"[2.2,2.8)",0.4041204437400951,"[0.34,0.42)",market_favorite,B365_OPEN,True,1.35
2025-01-18,2025-01,D1,Heidenheim,St Pauli,home,away,2.38,"[2.2,2.8)",0.3952569169960474,"[0.34,0.42)",market_favorite,B365_OPEN,False,-1.0
2025-01-18,2025-01,D1,Heidenheim,St Pauli,draw,away,3.5,"[3.5,4.0)",0.26877470355731226,"[0.20,0.28)",market_non_favorite,B365_OPEN,False,-1.0
2025-01-18,2025-01,D1,Heidenheim,St Pauli,away,away,2.8,"[2.8,3.5)",0.3359683794466403,"[0.28,0.34)",market_non_favorite,B365_OPEN,True,1.7999999999999998
2025-01-18,2025-01,D1,Bochum,RB Leipzig,home,draw,3.7,"[3.5,4.0)",0.2578796561604584,"[0.20,0.28)",market_non_favorite,B365_OPEN,False,-1.0
2025-01-18,2025-01,D1,Bochum,RB Leipzig,draw,draw,3.6,"[3.5,4.0)",0.26504297994269344,"[0.20,0.28)",market_non_favorite,B365_OPEN,True,2.6
2025-01-18,2025-01,D1,Bochum,RB Leipzig,away,draw,2.0,"[1.8,2.2)",0.47707736389684813,"[0.42,0.55)",market_favorite,B365_OPEN,False,-1.0
2025-01-18,2025-01,D1,Bayern Munich,Wolfsburg,home,home,1.17,"[1.0,1.8)",0.8103727714748785,"[0.55,1.00]",market_favorite,B365_OPEN,True,0.16999999999999993
2025-01-18,2025-01,D1,Bayern Munich,Wolfsburg,draw,home,7.5,"[7.0,inf)",0.12641815235008103,"[0.00,0.20)",market_non_favorite,B365_OPEN,False,-1.0
2025-01-18,2025-01,D1,Bayern Munich,Wolfsburg,away,home,15.0,"[7.0,inf)",0.06320907617504051,"[0.00,0.20)",market_non_favorite,B365_OPEN,False,-1.0
2025-01-19,2025-01,D1,Union Berlin,Mainz,home,home,2.55,"[2.2,2.8)",0.37281553398058254,"[0.34,0.42)",market_favorite,B365_OPEN,True,1.5499999999999998
2025-01-19,2025-01,D1,Union Berlin,Mainz,draw,home,3.2,"[2.8,3.5)",0.29708737864077667,"[0.28,0.34)",market_non_favorite,B365_OPEN,False,-1.0
2025-01-19,2025-01,D1,Union Berlin,Mainz,away,home,2.88,"[2.8,3.5)",0.33009708737864074,"[0.28,0.34)",market_non_favorite,B365_OPEN,False,-1.0
2025-01-19,2025-01,D1,Werder Bremen,Augsburg,home,away,1.85,"[1.8,2.2)",0.5129935875801552,"[0.42,0.55)",market_favorite,B365_OPEN,False,-1.0
2025-01-19,2025-01,D1,Werder Bremen,Augsburg,draw,away,3.8,"[3.5,4.0)",0.24974687816402294,"[0.20,0.28)",market_non_favorite,B365_OPEN,False,-1.0
2025-01-19,2025-01,D1,Werder Bremen,Augsburg,away,away,4.0,"[4.0,5.0)",0.2372595342558218,"[0.20,0.28)",market_non_favorite,B365_OPEN,True,3.0
2025-01-24,2025-01,D1,Wolfsburg,Holstein Kiel,home,draw,1.42,"[1.0,1.8)",0.6725595695618755,"[0.55,1.00]",market_favorite,B365_OPEN,False,-1.0
2025-01-24,2025-01,D1,Wolfsburg,Holstein Kiel,draw,draw,5.0,"[5.0,7.0)",0.19100691775557263,"[0.00,0.20)",market_non_favorite,B365_OPEN,True,4.0
2025-01-24,2025-01,D1,Wolfsburg,Holstein Kiel,away,draw,7.0,"[7.0,inf)",0.13643351268255186,"[0.00,0.20)",market_non_favorite,B365_OPEN,False,-1.0
2025-01-25,2025-01,D1,RB Leipzig,Leverkusen,home,draw,3.7,"[3.5,4.0)",0.25666782126775195,"[0.20,0.28)",market_non_favorite,B365_OPEN,False,-1.0
2025-01-25,2025-01,D1,RB Leipzig,Leverkusen,draw,draw,3.9,"[3.5,4.0)",0.24350536889504681,"[0.20,0.28)",market_non_favorite,B365_OPEN,True,2.9
2025-01-25,2025-01,D1,RB Leipzig,Leverkusen,away,draw,1.9,"[1.8,2.2)",0.49982680983720124,"[0.42,0.55)",market_favorite,B365_OPEN,False,-1.0
2025-01-25,2025-01,D1,Mainz,Stuttgart,home,home,2.8,"[2.8,3.5)",0.33980582524271846,"[0.28,0.34)",market_non_favorite,B365_OPEN,True,1.7999999999999998
2025-01-25,2025-01,D1,Mainz,Stuttgart,draw,home,3.5,"[3.5,4.0)",0.27184466019417475,"[0.20,0.28)",market_non_favorite,B365_OPEN,False,-1.0
2025-01-25,2025-01,D1,Mainz,Stuttgart,away,home,2.45,"[2.2,2.8)",0.3883495145631068,"[0.34,0.42)",market_favorite,B365_OPEN,False,-1.0
2025-01-25,2025-01,D1,M'gladbach,Bochum,home,home,1.73,"[1.0,1.8)",0.5503745604647607,"[0.55,1.00]",market_favorite,B365_OPEN,True,0.73
2025-01-25,2025-01,D1,M'gladbach,Bochum,draw,home,4.0,"[4.0,5.0)",0.238036997401009,"[0.20,0.28)",market_non_favorite,B365_OPEN,False,-1.0
2025-01-25,2025-01,D1,M'gladbach,Bochum,away,home,4.5,"[4.0,5.0)",0.21158844213423023,"[0.20,0.28)",market_non_favorite,B365_OPEN,False,-1.0
2025-01-25,2025-01,D1,Freiburg,Bayern Munich,home,away,7.5,"[7.0,inf)",0.12588995431910777,"[0.00,0.20)",market_non_favorite,B365_OPEN,False,-1.0
2025-01-25,2025-01,D1,Freiburg,Bayern Munich,draw,away,5.75,"[5.0,7.0)",0.16420428824231448,"[0.00,0.20)",market_non_favorite,B365_OPEN,False,-1.0
2025-01-25,2025-01,D1,Freiburg,Bayern Munich,away,away,1.33,"[1.0,1.8)",0.7099057574385776,"[0.55,1.00]",market_favorite,B365_OPEN,True,0.33000000000000007
2025-01-25,2025-01,D1,Dortmund,Werder Bremen,home,draw,1.62,"[1.0,1.8)",0.5830269494941478,"[0.55,1.00]",market_favorite,B365_OPEN,False,-1.0
2025-01-25,2025-01,D1,Dortmund,Werder Bremen,draw,draw,4.33,"[4.0,5.0)",0.21813017509942711,"[0.20,0.28)",market_non_favorite,B365_OPEN,True,3.33
2025-01-25,2025-01,D1,Dortmund,Werder Bremen,away,draw,4.75,"[4.0,5.0)",0.19884287540642515,"[0.00,0.20)",market_non_favorite,B365_OPEN,False,-1.0
2025-01-25,2025-01,D1,Augsburg,Heidenheim,home,home,1.82,"[1.8,2.2)",0.5100595069424766,"[0.42,0.55)",market_favorite,B365_OPEN,True,0.8200000000000001
2025-01-25,2025-01,D1,Augsburg,Heidenheim,draw,home,3.6,"[3.5,4.0)",0.25786341739869656,"[0.20,0.28)",market_non_favorite,B365_OPEN,False,-1.0
2025-01-25,2025-01,D1,Augsburg,Heidenheim,away,home,4.0,"[4.0,5.0)",0.23207707565882688,"[0.20,0.28)",market_non_favorite,B365_OPEN,False,-1.0
2025-01-26,2025-01,D1,Hoffenheim,Ein Frankfurt,home,draw,3.1,"[2.8,3.5)",0.30579150579150577,"[0.28,0.34)",market_non_favorite,B365_OPEN,False,-1.0
2025-01-26,2025-01,D1,Hoffenheim,Ein Frankfurt,draw,draw,3.6,"[3.5,4.0)",0.2633204633204633,"[0.20,0.28)",market_non_favorite,B365_OPEN,True,2.6
2025-01-26,2025-01,D1,Hoffenheim,Ein Frankfurt,away,draw,2.2,"[2.2,2.8)",0.43088803088803085,"[0.42,0.55)",market_favorite,B365_OPEN,False,-1.0
2025-01-26,2025-01,D1,St Pauli,Union Berlin,home,home,2.55,"[2.2,2.8)",0.3741701870850936,"[0.34,0.42)",market_favorite,B365_OPEN,True,1.5499999999999998
2025-01-26,2025-01,D1,St Pauli,Union Berlin,draw,home,3.1,"[2.8,3.5)",0.30778515389257693,"[0.28,0.34)",market_non_favorite,B365_OPEN,False,-1.0
2025-01-26,2025-01,D1,St Pauli,Union Berlin,away,home,3.0,"[2.8,3.5)",0.3180446590223295,"[0.28,0.34)",market_non_favorite,B365_OPEN,False,-1.0
2025-01-31,2025-01,D1,Werder Bremen,Mainz,home,home,2.25,"[2.2,2.8)",0.41929720071471116,"[0.34,0.42)",market_favorite,B365_OPEN,True,1.25
2025-01-31,2025-01,D1,Werder Bremen,Mainz,draw,home,3.3,"[2.8,3.5)",0.2858844550327576,"[0.28,0.34)",market_non_favorite,B365_OPEN,False,-1.0
2025-01-31,2025-01,D1,Werder Bremen,Mainz,away,home,3.2,"[2.8,3.5)",0.2948183442525313,"[0.28,0.34)",market_non_favorite,B365_OPEN,False,-1.0
2025-02-01,2025-02,D1,Union Berlin,RB Leipzig,home,draw,3.1,"[2.8,3.5)",0.306420233463035,"[0.28,0.34)",market_non_favorite,B365_OPEN,False,-1.0
2025-02-01,2025-02,D1,Union Berlin,RB Leipzig,draw,draw,3.5,"[3.5,4.0)",0.2714007782101167,"[0.20,0.28)",market_non_favorite,B365_OPEN,True,2.5
2025-02-01,2025-02,D1,Union Berlin,RB Leipzig,away,draw,2.25,"[2.2,2.8)",0.42217898832684825,"[0.42,0.55)",market_favorite,B365_OPEN,False,-1.0
2025-02-01,2025-02,D1,Stuttgart,M'gladbach,home,away,1.57,"[1.0,1.8)",0.6013630896699185,"[0.55,1.00]",market_favorite,B365_OPEN,False,-1.0
2025-02-01,2025-02,D1,Stuttgart,M'gladbach,draw,away,4.5,"[4.0,5.0)",0.2098089001737271,"[0.20,0.28)",market_non_favorite,B365_OPEN,False,-1.0
2025-02-01,2025-02,D1,Stuttgart,M'gladbach,away,away,5.0,"[5.0,7.0)",0.18882801015635442,"[0.00,0.20)",market_non_favorite,B365_OPEN,True,4.0
2025-02-01,2025-02,D1,St Pauli,Augsburg,home,draw,2.35,"[2.2,2.8)",0.4048278591214879,"[0.34,0.42)",market_favorite,B365_OPEN,False,-1.0
2025-02-01,2025-02,D1,St Pauli,Augsburg,draw,draw,3.3,"[2.8,3.5)",0.2882865057380293,"[0.28,0.34)",market_non_favorite,B365_OPEN,True,2.3
2025-02-01,2025-02,D1,St Pauli,Augsburg,away,draw,3.1,"[2.8,3.5)",0.3068856351404828,"[0.28,0.34)",market_non_favorite,B365_OPEN,False,-1.0
2025-02-01,2025-02,D1,Heidenheim,Dortmund,home,away,4.33,"[4.0,5.0)",0.21812429089630705,"[0.20,0.28)",market_non_favorite,B365_OPEN,False,-1.0
2025-02-01,2025-02,D1,Heidenheim,Dortmund,draw,away,3.9,"[3.5,4.0)",0.2421738922002589,"[0.20,0.28)",market_non_favorite,B365_OPEN,False,-1.0
2025-02-01,2025-02,D1,Heidenheim,Dortmund,away,away,1.75,"[1.0,1.8)",0.539701816903434,"[0.42,0.55)",market_favorite,B365_OPEN,True,0.75
2025-02-01,2025-02,D1,Bochum,Freiburg,home,away,2.8,"[2.8,3.5)",0.33972821742605913,"[0.28,0.34)",market_non_favorite,B365_OPEN,False,-1.0
2025-02-01,2025-02,D1,Bochum,Freiburg,draw,away,3.4,"[2.8,3.5)",0.2797761790567546,"[0.20,0.28)",market_non_favorite,B365_OPEN,False,-1.0
2025-02-01,2025-02,D1,Bochum,Freiburg,away,away,2.5,"[2.2,2.8)",0.38049560351718625,"[0.34,0.42)",market_favorite,B365_OPEN,True,1.5
2025-02-01,2025-02,D1,Bayern Munich,Holstein Kiel,home,home,1.05,"[1.0,1.8)",0.9073180745150363,"[0.55,1.00]",market_favorite,B365_OPEN,True,0.050000000000000044
2025-02-01,2025-02,D1,Bayern Munich,Holstein Kiel,draw,home,17.0,"[7.0,inf)",0.05604023401416401,"[0.00,0.20)",market_non_favorite,B365_OPEN,False,-1.0
2025-02-01,2025-02,D1,Bayern Munich,Holstein Kiel,away,home,26.0,"[7.0,inf)",0.03664169147079955,"[0.00,0.20)",market_non_favorite,B365_OPEN,False,-1.0
2025-02-02,2025-02,D1,Ein Frankfurt,Wolfsburg,home,draw,1.95,"[1.8,2.2)",0.4866595517609392,"[0.42,0.55)",market_favorite,B365_OPEN,False,-1.0
2025-02-02,2025-02,D1,Ein Frankfurt,Wolfsburg,draw,draw,3.8,"[3.5,4.0)",0.24973319103521877,"[0.20,0.28)",market_non_favorite,B365_OPEN,True,2.8
2025-02-02,2025-02,D1,Ein Frankfurt,Wolfsburg,away,draw,3.6,"[3.5,4.0)",0.26360725720384204,"[0.20,0.28)",market_non_favorite,B365_OPEN,False,-1.0
2025-02-02,2025-02,D1,Leverkusen,Hoffenheim,home,home,1.25,"[1.0,1.8)",0.763271162123386,"[0.55,1.00]",market_favorite,B365_OPEN,True,0.25
2025-02-02,2025-02,D1,Leverkusen,Hoffenheim,draw,home,7.0,"[7.0,inf)",0.13629842180774748,"[0.00,0.20)",market_non_favorite,B365_OPEN,False,-1.0
2025-02-02,2025-02,D1,Leverkusen,Hoffenheim,away,home,9.5,"[7.0,inf)",0.10043041606886656,"[0.00,0.20)",market_non_favorite,B365_OPEN,False,-1.0
2025-02-07,2025-02,D1,Bayern Munich,Werder Bremen,home,home,1.1,"[1.0,1.8)",0.8585858585858586,"[0.55,1.00]",market_favorite,B365_OPEN,True,0.10000000000000009
2025-02-07,2025-02,D1,Bayern Munich,Werder Bremen,draw,home,11.0,"[7.0,inf)",0.08585858585858586,"[0.00,0.20)",market_non_favorite,B365_OPEN,False,-1.0
2025-02-07,2025-02,D1,Bayern Munich,Werder Bremen,away,home,17.0,"[7.0,inf)",0.05555555555555555,"[0.00,0.20)",market_non_favorite,B365_OPEN,False,-1.0
2025-02-08,2025-02,D1,Dortmund,Stuttgart,home,away,1.85,"[1.8,2.2)",0.509891622226045,"[0.42,0.55)",market_favorite,B365_OPEN,False,-1.0
2025-02-08,2025-02,D1,Dortmund,Stuttgart,draw,away,3.8,"[3.5,4.0)",0.24823671082057458,"[0.20,0.28)",market_non_favorite,B365_OPEN,False,-1.0
2025-02-08,2025-02,D1,Dortmund,Stuttgart,away,away,3.9,"[3.5,4.0)",0.2418716669533804,"[0.20,0.28)",market_non_favorite,B365_OPEN,True,2.9
2025-02-08,2025-02,D1,Hoffenheim,Union Berlin,home,away,2.2,"[2.2,2.8)",0.4317656129529684,"[0.42,0.55)",market_favorite,B365_OPEN,False,-1.0
2025-02-08,2025-02,D1,Hoffenheim,Union Berlin,draw,away,3.5,"[3.5,4.0)",0.27139552814186585,"[0.20,0.28)",market_non_favorite,B365_OPEN,False,-1.0
2025-02-08,2025-02,D1,Hoffenheim,Union Berlin,away,away,3.2,"[2.8,3.5)",0.2968388589051658,"[0.28,0.34)",market_non_favorite,B365_OPEN,True,2.2
2025-02-08,2025-02,D1,M'gladbach,Ein Frankfurt,home,draw,2.63,"[2.2,2.8)",0.35935014998087494,"[0.34,0.42)",market_non_favorite,B365_OPEN,False,-1.0
2025-02-08,2025-02,D1,M'gladbach,Ein Frankfurt,draw,draw,3.5,"[3.5,4.0)",0.2700259698427717,"[0.20,0.28)",market_non_favorite,B365_OPEN,True,2.5
2025-02-08,2025-02,D1,M'gladbach,Ein Frankfurt,away,draw,2.55,"[2.2,2.8)",0.3706238801763534,"[0.34,0.42)",market_favorite,B365_OPEN,False,-1.0
2025-02-08,2025-02,D1,Mainz,Augsburg,home,draw,1.75,"[1.0,1.8)",0.5405405405405405,"[0.42,0.55)",market_favorite,B365_OPEN,False,-1.0
2025-02-08,2025-02,D1,Mainz,Augsburg,draw,draw,3.5,"[3.5,4.0)",0.27027027027027023,"[0.20,0.28)",market_non_favorite,B365_OPEN,True,2.5
2025-02-08,2025-02,D1,Mainz,Augsburg,away,draw,5.0,"[5.0,7.0)",0.1891891891891892,"[0.00,0.20)",market_non_favorite,B365_OPEN,False,-1.0
2025-02-08,2025-02,D1,Wolfsburg,Leverkusen,home,draw,4.33,"[4.0,5.0)",0.21699819168173598,"[0.20,0.28)",market_non_favorite,B365_OPEN,False,-1.0
2025-02-08,2025-02,D1,Wolfsburg,Leverkusen,draw,draw,3.6,"[3.5,4.0)",0.26100060277275466,"[0.20,0.28)",market_non_favorite,B365_OPEN,True,2.6
2025-02-08,2025-02,D1,Wolfsburg,Leverkusen,away,draw,1.8,"[1.8,2.2)",0.5220012055455093,"[0.42,0.55)",market_favorite,B365_OPEN,False,-1.0
2025-02-08,2025-02,D1,Freiburg,Heidenheim,home,home,1.7,"[1.0,1.8)",0.5521115846571096,"[0.55,1.00]",market_favorite,B365_OPEN,True,0.7
2025-02-08,2025-02,D1,Freiburg,Heidenheim,draw,home,3.75,"[3.5,4.0)",0.25029058504455637,"[0.20,0.28)",market_non_favorite,B365_OPEN,False,-1.0
2025-02-08,2025-02,D1,Freiburg,Heidenheim,away,home,4.75,"[4.0,5.0)",0.19759783029833397,"[0.00,0.20)",market_non_favorite,B365_OPEN,False,-1.0
2025-02-09,2025-02,D1,Holstein Kiel,Bochum,home,draw,2.25,"[2.2,2.8)",0.417910447761194,"[0.34,0.42)",market_favorite,B365_OPEN,False,-1.0
2025-02-09,2025-02,D1,Holstein Kiel,Bochum,draw,draw,3.5,"[3.5,4.0)",0.26865671641791045,"[0.20,0.28)",market_non_favorite,B365_OPEN,True,2.5
2025-02-09,2025-02,D1,Holstein Kiel,Bochum,away,draw,3.0,"[2.8,3.5)",0.3134328358208955,"[0.28,0.34)",market_non_favorite,B365_OPEN,False,-1.0
2025-02-09,2025-02,D1,RB Leipzig,St Pauli,home,home,1.57,"[1.0,1.8)",0.5977796754910334,"[0.55,1.00]",market_favorite,B365_OPEN,True,0.5700000000000001
2025-02-09,2025-02,D1,RB Leipzig,St Pauli,draw,home,4.2,"[4.0,5.0)",0.22345573583831485,"[0.20,0.28)",market_non_favorite,B365_OPEN,False,-1.0
2025-02-09,2025-02,D1,RB Leipzig,St Pauli,away,home,5.25,"[5.0,7.0)",0.17876458867065187,"[0.00,0.20)",market_non_favorite,B365_OPEN,False,-1.0
2025-02-14,2025-02,D1,Augsburg,RB Leipzig,home,draw,2.9,"[2.8,3.5)",0.3239263803680982,"[0.28,0.34)",market_non_favorite,B365_OPEN,False,-1.0
2025-02-14,2025-02,D1,Augsburg,RB Leipzig,draw,draw,3.3,"[2.8,3.5)",0.2846625766871166,"[0.28,0.34)",market_non_favorite,B365_OPEN,True,2.3
2025-02-14,2025-02,D1,Augsburg,RB Leipzig,away,draw,2.4,"[2.2,2.8)",0.3914110429447853,"[0.34,0.42)",market_favorite,B365_OPEN,False,-1.0
2025-02-15,2025-02,D1,Union Berlin,M'gladbach,home,away,2.2,"[2.2,2.8)",0.4276704769412692,"[0.42,0.55)",market_favorite,B365_OPEN,False,-1.0
2025-02-15,2025-02,D1,Union Berlin,M'gladbach,draw,away,3.5,"[3.5,4.0)",0.26882144264879776,"[0.20,0.28)",market_non_favorite,B365_OPEN,False,-1.0
2025-02-15,2025-02,D1,Union Berlin,M'gladbach,away,away,3.1,"[2.8,3.5)",0.303508080409933,"[0.28,0.34)",market_non_favorite,B365_OPEN,True,2.1
2025-02-15,2025-02,D1,Stuttgart,Wolfsburg,home,away,1.73,"[1.0,1.8)",0.5483028720626633,"[0.42,0.55)",market_favorite,B365_OPEN,False,-1.0
2025-02-15,2025-02,D1,Stuttgart,Wolfsburg,draw,away,4.2,"[4.0,5.0)",0.2258485639686684,"[0.20,0.28)",market_non_favorite,B365_OPEN,False,-1.0
2025-02-15,2025-02,D1,Stuttgart,Wolfsburg,away,away,4.2,"[4.0,5.0)",0.2258485639686684,"[0.20,0.28)",market_non_favorite,B365_OPEN,True,3.2
2025-02-15,2025-02,D1,St Pauli,Freiburg,home,away,2.5,"[2.2,2.8)",0.3791776382418473,"[0.34,0.42)",market_favorite,B365_OPEN,False,-1.0
2025-02-15,2025-02,D1,St Pauli,Freiburg,draw,away,3.25,"[2.8,3.5)",0.29167510633988253,"[0.28,0.34)",market_non_favorite,B365_OPEN,False,-1.0
2025-02-15,2025-02,D1,St Pauli,Freiburg,away,away,2.88,"[2.8,3.5)",0.32914725541827017,"[0.28,0.34)",market_non_favorite,B365_OPEN,True,1.88
2025-02-15,2025-02,D1,Leverkusen,Bayern Munich,home,draw,2.9,"[2.8,3.5)",0.32544956997654423,"[0.28,0.34)",market_non_favorite,B365_OPEN,False,-1.0
2025-02-15,2025-02,D1,Leverkusen,Bayern Munich,draw,draw,3.7,"[3.5,4.0)",0.2550820953870211,"[0.20,0.28)",market_non_favorite,B365_OPEN,True,2.7
2025-02-15,2025-02,D1,Leverkusen,Bayern Munich,away,draw,2.25,"[2.2,2.8)",0.41946833463643474,"[0.34,0.42)",market_favorite,B365_OPEN,False,-1.0
2025-02-15,2025-02,D1,Bochum,Dortmund,home,home,5.0,"[5.0,7.0)",0.18953525594389314,"[0.00,0.20)",market_non_favorite,B365_OPEN,True,4.0
2025-02-15,2025-02,D1,Bochum,Dortmund,draw,home,3.9,"[3.5,4.0)",0.24299391787678612,"[0.20,0.28)",market_non_favorite,B365_OPEN,False,-1.0
2025-02-15,2025-02,D1,Bochum,Dortmund,away,home,1.67,"[1.0,1.8)",0.5674708261793209,"[0.55,1.00]",market_favorite,B365_OPEN,False,-1.0
2025-02-16,2025-02,D1,Ein Frankfurt,Holstein Kiel,home,home,1.33,"[1.0,1.8)",0.7099057574385776,"[0.55,1.00]",market_favorite,B365_OPEN,True,0.33000000000000007
2025-02-16,2025-02,D1,Ein Frankfurt,Holstein Kiel,draw,home,5.75,"[5.0,7.0)",0.16420428824231448,"[0.00,0.20)",market_non_favorite,B365_OPEN,False,-1.0
2025-02-16,2025-02,D1,Ein Frankfurt,Holstein Kiel,away,home,7.5,"[7.0,inf)",0.12588995431910777,"[0.00,0.20)",market_non_favorite,B365_OPEN,False,-1.0
2025-02-16,2025-02,D1,Heidenheim,Mainz,home,away,3.6,"[3.5,4.0)",0.2642238998342847,"[0.20,0.28)",market_non_favorite,B365_OPEN,False,-1.0
2025-02-16,2025-02,D1,Heidenheim,Mainz,draw,away,3.5,"[3.5,4.0)",0.2717731541152642,"[0.20,0.28)",market_non_favorite,B365_OPEN,False,-1.0
2025-02-16,2025-02,D1,Heidenheim,Mainz,away,away,2.05,"[1.8,2.2)",0.46400294605045117,"[0.42,0.55)",market_favorite,B365_OPEN,True,1.0499999999999998
2025-02-16,2025-02,D1,Werder Bremen,Hoffenheim,home,away,1.85,"[1.8,2.2)",0.509891622226045,"[0.42,0.55)",market_favorite,B365_OPEN,False,-1.0
2025-02-16,2025-02,D1,Werder Bremen,Hoffenheim,draw,away,3.8,"[3.5,4.0)",0.24823671082057458,"[0.20,0.28)",market_non_favorite,B365_OPEN,False,-1.0
2025-02-16,2025-02,D1,Werder Bremen,Hoffenheim,away,away,3.9,"[3.5,4.0)",0.2418716669533804,"[0.20,0.28)",market_non_favorite,B365_OPEN,True,2.9
2025-02-21,2025-02,D1,Freiburg,Werder Bremen,home,home,2.0,"[1.8,2.2)",0.4751131221719457,"[0.42,0.55)",market_favorite,B365_OPEN,True,1.0
2025-02-21,2025-02,D1,Freiburg,Werder Bremen,draw,home,3.5,"[3.5,4.0)",0.27149321266968324,"[0.20,0.28)",market_non_favorite,B365_OPEN,False,-1.0
2025-02-21,2025-02,D1,Freiburg,Werder Bremen,away,home,3.75,"[3.5,4.0)",0.25339366515837103,"[0.20,0.28)",market_non_favorite,B365_OPEN,False,-1.0
2025-02-22,2025-02,D1,Wolfsburg,Bochum,home,draw,1.53,"[1.0,1.8)",0.6175562417291575,"[0.55,1.00]",market_favorite,B365_OPEN,False,-1.0
2025-02-22,2025-02,D1,Wolfsburg,Bochum,draw,draw,4.2,"[4.0,5.0)",0.22496691662990734,"[0.20,0.28)",market_non_favorite,B365_OPEN,True,3.2
2025-02-22,2025-02,D1,Wolfsburg,Bochum,away,draw,6.0,"[5.0,7.0)",0.15747684164093514,"[0.00,0.20)",market_non_favorite,B365_OPEN,False,-1.0
2025-02-22,2025-02,D1,Mainz,St Pauli,home,home,1.8,"[1.8,2.2)",0.5281969817315331,"[0.42,0.55)",market_favorite,B365_OPEN,True,0.8
2025-02-22,2025-02,D1,Mainz,St Pauli,draw,home,3.5,"[3.5,4.0)",0.27164416203335984,"[0.20,0.28)",market_non_favorite,B365_OPEN,False,-1.0
2025-02-22,2025-02,D1,Mainz,St Pauli,away,home,4.75,"[4.0,5.0)",0.20015885623510724,"[0.20,0.28)",market_non_favorite,B365_OPEN,False,-1.0
2025-02-22,2025-02,D1,M'gladbach,Augsburg,home,away,1.85,"[1.8,2.2)",0.5112910097997443,"[0.42,0.55)",market_favorite,B365_OPEN,False,-1.0
2025-02-22,2025-02,D1,M'gladbach,Augsburg,draw,away,3.75,"[3.5,4.0)",0.25223689816787387,"[0.20,0.28)",market_non_favorite,B365_OPEN,False,-1.0
2025-02-22,2025-02,D1,M'gladbach,Augsburg,away,away,4.0,"[4.0,5.0)",0.23647209203238176,"[0.20,0.28)",market_non_favorite,B365_OPEN,True,3.0
2025-02-22,2025-02,D1,Holstein Kiel,Leverkusen,home,away,11.0,"[7.0,inf)",0.08595988538681948,"[0.00,0.20)",market_non_favorite,B365_OPEN,False,-1.0
2025-02-22,2025-02,D1,Holstein Kiel,Leverkusen,draw,away,6.0,"[5.0,7.0)",0.15759312320916904,"[0.00,0.20)",market_non_favorite,B365_OPEN,False,-1.0
2025-02-22,2025-02,D1,Holstein Kiel,Leverkusen,away,away,1.25,"[1.0,1.8)",0.7564469914040115,"[0.55,1.00]",market_favorite,B365_OPEN,True,0.25
2025-02-22,2025-02,D1,Dortmund,Union Berlin,home,home,1.53,"[1.0,1.8)",0.6179775280898876,"[0.55,1.00]",market_favorite,B365_OPEN,True,0.53
2025-02-22,2025-02,D1,Dortmund,Union Berlin,draw,home,4.5,"[4.0,5.0)",0.21011235955056176,"[0.20,0.28)",market_non_favorite,B365_OPEN,False,-1.0
2025-02-22,2025-02,D1,Dortmund,Union Berlin,away,home,5.5,"[5.0,7.0)",0.17191011235955056,"[0.00,0.20)",market_non_favorite,B365_OPEN,False,-1.0
2025-02-23,2025-02,D1,Bayern Munich,Ein Frankfurt,home,home,1.3,"[1.0,1.8)",0.7281553398058251,"[0.55,1.00]",market_favorite,B365_OPEN,True,0.30000000000000004
2025-02-23,2025-02,D1,Bayern Munich,Ein Frankfurt,draw,home,6.5,"[5.0,7.0)",0.14563106796116507,"[0.00,0.20)",market_non_favorite,B365_OPEN,False,-1.0
2025-02-23,2025-02,D1,Bayern Munich,Ein Frankfurt,away,home,7.5,"[7.0,inf)",0.1262135922330097,"[0.00,0.20)",market_non_favorite,B365_OPEN,False,-1.0
2025-02-23,2025-02,D1,Hoffenheim,Stuttgart,home,draw,3.5,"[3.5,4.0)",0.2708333333333333,"[0.20,0.28)",market_non_favorite,B365_OPEN,False,-1.0
2025-02-23,2025-02,D1,Hoffenheim,Stuttgart,draw,draw,3.9,"[3.5,4.0)",0.24305555555555558,"[0.20,0.28)",market_non_favorite,B365_OPEN,True,2.9
2025-02-23,2025-02,D1,Hoffenheim,Stuttgart,away,draw,1.95,"[1.8,2.2)",0.48611111111111116,"[0.42,0.55)",market_favorite,B365_OPEN,False,-1.0
2025-02-23,2025-02,D1,RB Leipzig,Heidenheim,home,draw,1.33,"[1.0,1.8)",0.7030022330659168,"[0.55,1.00]",market_favorite,B365_OPEN,False,-1.0
2025-02-23,2025-02,D1,RB Leipzig,Heidenheim,draw,draw,5.0,"[5.0,7.0)",0.1869985939955339,"[0.00,0.20)",market_non_favorite,B365_OPEN,True,4.0
2025-02-23,2025-02,D1,RB Leipzig,Heidenheim,away,draw,8.5,"[7.0,inf)",0.10999917293854934,"[0.00,0.20)",market_non_favorite,B365_OPEN,False,-1.0
2025-02-28,2025-02,D1,Stuttgart,Bayern Munich,home,away,4.75,"[4.0,5.0)",0.19961114711600778,"[0.00,0.20)",market_non_favorite,B365_OPEN,False,-1.0
2025-02-28,2025-02,D1,Stuttgart,Bayern Munich,draw,away,4.2,"[4.0,5.0)",0.22575070209548498,"[0.20,0.28)",market_non_favorite,B365_OPEN,False,-1.0
2025-02-28,2025-02,D1,Stuttgart,Bayern Munich,away,away,1.65,"[1.0,1.8)",0.5746381507885073,"[0.55,1.00]",market_favorite,B365_OPEN,True,0.6499999999999999
2025-03-01,2025-03,D1,Werder Bremen,Wolfsburg,home,away,2.63,"[2.2,2.8)",0.3590576766856215,"[0.34,0.42)",market_non_favorite,B365_OPEN,False,-1.0
2025-03-01,2025-03,D1,Werder Bremen,Wolfsburg,draw,away,3.4,"[2.8,3.5)",0.27774167343623074,"[0.20,0.28)",market_non_favorite,B365_OPEN,False,-1.0
2025-03-01,2025-03,D1,Werder Bremen,Wolfsburg,away,away,2.6,"[2.2,2.8)",0.3632006498781478,"[0.34,0.42)",market_favorite,B365_OPEN,True,1.6
2025-03-01,2025-03,D1,RB Leipzig,Mainz,home,away,1.95,"[1.8,2.2)",0.4885133350937418,"[0.42,0.55)",market_favorite,B365_OPEN,False,-1.0
2025-03-01,2025-03,D1,RB Leipzig,Mainz,draw,away,3.7,"[3.5,4.0)",0.2574597306575125,"[0.20,0.28)",market_non_favorite,B365_OPEN,False,-1.0
2025-03-01,2025-03,D1,RB Leipzig,Mainz,away,away,3.75,"[3.5,4.0)",0.2540269342487457,"[0.20,0.28)",market_non_favorite,B365_OPEN,True,2.75
2025-03-01,2025-03,D1,Heidenheim,M'gladbach,home,away,3.1,"[2.8,3.5)",0.306420233463035,"[0.28,0.34)",market_non_favorite,B365_OPEN,False,-1.0
2025-03-01,2025-03,D1,Heidenheim,M'gladbach,draw,away,3.5,"[3.5,4.0)",0.2714007782101167,"[0.20,0.28)",market_non_favorite,B365_OPEN,False,-1.0
2025-03-01,2025-03,D1,Heidenheim,M'gladbach,away,away,2.25,"[2.2,2.8)",0.42217898832684825,"[0.42,0.55)",market_favorite,B365_OPEN,True,1.25
2025-03-01,2025-03,D1,Ein Frankfurt,Leverkusen,home,away,4.75,"[4.0,5.0)",0.1995079572537864,"[0.00,0.20)",market_non_favorite,B365_OPEN,False,-1.0
2025-03-01,2025-03,D1,Ein Frankfurt,Leverkusen,draw,away,3.75,"[3.5,4.0)",0.25271007918812943,"[0.20,0.28)",market_non_favorite,B365_OPEN,False,-1.0
2025-03-01,2025-03,D1,Ein Frankfurt,Leverkusen,away,away,1.73,"[1.0,1.8)",0.5477819635580841,"[0.42,0.55)",market_favorite,B365_OPEN,True,0.73
2025-03-01,2025-03,D1,Bochum,Hoffenheim,home,away,2.4,"[2.2,2.8)",0.39622641509433965,"[0.34,0.42)",market_favorite,B365_OPEN,False,-1.0
2025-03-01,2025-03,D1,Bochum,Hoffenheim,draw,away,3.6,"[3.5,4.0)",0.2641509433962264,"[0.20,0.28)",market_non_favorite,B365_OPEN,False,-1.0
2025-03-01,2025-03,D1,Bochum,Hoffenheim,away,away,2.8,"[2.8,3.5)",0.33962264150943394,"[0.28,0.34)",market_non_favorite,B365_OPEN,True,1.7999999999999998
2025-03-01,2025-03,D1,St Pauli,Dortmund,home,away,4.1,"[4.0,5.0)",0.23151446549255922,"[0.20,0.28)",market_non_favorite,B365_OPEN,False,-1.0
2025-03-01,2025-03,D1,St Pauli,Dortmund,draw,away,3.8,"[3.5,4.0)",0.24979192329460334,"[0.20,0.28)",market_non_favorite,B365_OPEN,False,-1.0
2025-03-01,2025-03,D1,St Pauli,Dortmund,away,away,1.83,"[1.8,2.2)",0.5186936112128375,"[0.42,0.55)",market_favorite,B365_OPEN,True,0.8300000000000001
2025-03-02,2025-03,D1,Augsburg,Freiburg,home,draw,2.63,"[2.2,2.8)",0.3592851147460438,"[0.34,0.42)",market_favorite,B365_OPEN,False,-1.0
2025-03-02,2025-03,D1,Augsburg,Freiburg,draw,draw,3.25,"[2.8,3.5)",0.2907445697791062,"[0.28,0.34)",market_non_favorite,B365_OPEN,True,2.25
2025-03-02,2025-03,D1,Augsburg,Freiburg,away,draw,2.7,"[2.2,2.8)",0.34997031547485,"[0.34,0.42)",market_non_favorite,B365_OPEN,False,-1.0
2025-03-02,2025-03,D1,Union Berlin,Holstein Kiel,home,away,1.57,"[1.0,1.8)",0.6018171661844011,"[0.55,1.00]",market_favorite,B365_OPEN,False,-1.0
2025-03-02,2025-03,D1,Union Berlin,Holstein Kiel,draw,away,4.33,"[4.0,5.0)",0.2182108431661685,"[0.20,0.28)",market_non_favorite,B365_OPEN,False,-1.0
2025-03-02,2025-03,D1,Union Berlin,Holstein Kiel,away,away,5.25,"[5.0,7.0)",0.17997199064943042,"[0.00,0.20)",market_non_favorite,B365_OPEN,True,4.25
2025-03-07,2025-03,D1,M'gladbach,Mainz,home,away,2.6,"[2.2,2.8)",0.36352509179926557,"[0.34,0.42)",market_favorite,B365_OPEN,False,-1.0
2025-03-07,2025-03,D1,M'gladbach,Mainz,draw,away,3.3,"[2.8,3.5)",0.2864137086903305,"[0.28,0.34)",market_non_favorite,B365_OPEN,False,-1.0
2025-03-07,2025-03,D1,M'gladbach,Mainz,away,away,2.7,"[2.2,2.8)",0.3500611995104039,"[0.34,0.42)",market_non_favorite,B365_OPEN,True,1.7000000000000002
2025-03-08,2025-03,D1,Wolfsburg,St Pauli,home,draw,1.75,"[1.0,1.8)",0.5405405405405405,"[0.42,0.55)",market_favorite,B365_OPEN,False,-1.0
2025-03-08,2025-03,D1,Wolfsburg,St Pauli,draw,draw,3.5,"[3.5,4.0)",0.27027027027027023,"[0.20,0.28)",market_non_favorite,B365_OPEN,True,2.5
2025-03-08,2025-03,D1,Wolfsburg,St Pauli,away,draw,5.0,"[5.0,7.0)",0.1891891891891892,"[0.00,0.20)",market_non_favorite,B365_OPEN,False,-1.0
2025-03-08,2025-03,D1,Holstein Kiel,Stuttgart,home,draw,5.75,"[5.0,7.0)",0.1643084432253056,"[0.00,0.20)",market_non_favorite,B365_OPEN,False,-1.0
2025-03-08,2025-03,D1,Holstein Kiel,Stuttgart,draw,draw,4.33,"[4.0,5.0)",0.21819250543776147,"[0.20,0.28)",market_non_favorite,B365_OPEN,True,3.33
2025-03-08,2025-03,D1,Holstein Kiel,Stuttgart,away,draw,1.53,"[1.0,1.8)",0.6174990513369328,"[0.55,1.00]",market_favorite,B365_OPEN,False,-1.0
2025-03-08,2025-03,D1,Freiburg,RB Leipzig,home,draw,2.55,"[2.2,2.8)",0.36802973977695175,"[0.34,0.42)",market_favorite,B365_OPEN,False,-1.0
2025-03-08,2025-03,D1,Freiburg,RB Leipzig,draw,draw,3.3,"[2.8,3.5)",0.2843866171003718,"[0.28,0.34)",market_non_favorite,B365_OPEN,True,2.3
2025-03-08,2025-03,D1,Freiburg,RB Leipzig,away,draw,2.7,"[2.2,2.8)",0.3475836431226766,"[0.34,0.42)",market_non_favorite,B365_OPEN,False,-1.0
2025-03-08,2025-03,D1,Dortmund,Augsburg,home,away,1.53,"[1.0,1.8)",0.6174990513369328,"[0.55,1.00]",market_favorite,B365_OPEN,False,-1.0
2025-03-08,2025-03,D1,Dortmund,Augsburg,draw,away,4.33,"[4.0,5.0)",0.21819250543776147,"[0.20,0.28)",market_non_favorite,B365_OPEN,False,-1.0
2025-03-08,2025-03,D1,Dortmund,Augsburg,away,away,5.75,"[5.0,7.0)",0.1643084432253056,"[0.00,0.20)",market_non_favorite,B365_OPEN,True,4.75
2025-03-08,2025-03,D1,Bayern Munich,Bochum,home,away,1.11,"[1.0,1.8)",0.850873264666368,"[0.55,1.00]",market_favorite,B365_OPEN,False,-1.0
2025-03-08,2025-03,D1,Bayern Munich,Bochum,draw,away,9.5,"[7.0,inf)",0.09941782355575458,"[0.00,0.20)",market_non_favorite,B365_OPEN,False,-1.0
2025-03-08,2025-03,D1,Bayern Munich,Bochum,away,away,19.0,"[7.0,inf)",0.04970891177787729,"[0.00,0.20)",market_non_favorite,B365_OPEN,True,18.0
2025-03-08,2025-03,D1,Leverkusen,Werder Bremen,home,away,1.27,"[1.0,1.8)",0.7483214528675796,"[0.55,1.00]",market_favorite,B365_OPEN,False,-1.0
2025-03-08,2025-03,D1,Leverkusen,Werder Bremen,draw,away,5.75,"[5.0,7.0)",0.1652814339377089,"[0.00,0.20)",market_non_favorite,B365_OPEN,False,-1.0
2025-03-08,2025-03,D1,Leverkusen,Werder Bremen,away,away,11.0,"[7.0,inf)",0.08639711319471147,"[0.00,0.20)",market_non_favorite,B365_OPEN,True,10.0
2025-03-09,2025-03,D1,Ein Frankfurt,Union Berlin,home,away,1.73,"[1.0,1.8)",0.5503745604647607,"[0.55,1.00]",market_favorite,B365_OPEN,False,-1.0
2025-03-09,2025-03,D1,Ein Frankfurt,Union Berlin,draw,away,4.0,"[4.0,5.0)",0.238036997401009,"[0.20,0.28)",market_non_favorite,B365_OPEN,False,-1.0
2025-03-09,2025-03,D1,Ein Frankfurt,Union Berlin,away,away,4.5,"[4.0,5.0)",0.21158844213423023,"[0.20,0.28)",market_non_favorite,B365_OPEN,True,3.5
2025-03-09,2025-03,D1,Hoffenheim,Heidenheim,home,draw,1.75,"[1.0,1.8)",0.5429892624813857,"[0.42,0.55)",market_favorite,B365_OPEN,False,-1.0
2025-03-09,2025-03,D1,Hoffenheim,Heidenheim,draw,draw,4.0,"[4.0,5.0)",0.23755780233560622,"[0.20,0.28)",market_non_favorite,B365_OPEN,True,3.0
2025-03-09,2025-03,D1,Hoffenheim,Heidenheim,away,draw,4.33,"[4.0,5.0)",0.21945293518300807,"[0.20,0.28)",market_non_favorite,B365_OPEN,False,-1.0
2025-03-14,2025-03,D1,St Pauli,Hoffenheim,home,home,2.25,"[2.2,2.8)",0.4212076583210604,"[0.42,0.55)",market_favorite,B365_OPEN,True,1.25
2025-03-14,2025-03,D1,St Pauli,Hoffenheim,draw,home,3.25,"[2.8,3.5)",0.2916053019145803,"[0.28,0.34)",market_non_favorite,B365_OPEN,False,-1.0
2025-03-14,2025-03,D1,St Pauli,Hoffenheim,away,home,3.3,"[2.8,3.5)",0.2871870397643594,"[0.28,0.34)",market_non_favorite,B365_OPEN,False,-1.0
2025-03-15,2025-03,D1,Werder Bremen,M'gladbach,home,away,2.35,"[2.2,2.8)",0.40127388535031844,"[0.34,0.42)",market_favorite,B365_OPEN,False,-1.0
2025-03-15,2025-03,D1,Werder Bremen,M'gladbach,draw,away,3.6,"[3.5,4.0)",0.26194267515923564,"[0.20,0.28)",market_non_favorite,B365_OPEN,False,-1.0
2025-03-15,2025-03,D1,Werder Bremen,M'gladbach,away,away,2.8,"[2.8,3.5)",0.3367834394904458,"[0.28,0.34)",market_non_favorite,B365_OPEN,True,1.7999999999999998
2025-03-15,2025-03,D1,Union Berlin,Bayern Munich,home,draw,8.5,"[7.0,inf)",0.11173184357541899,"[0.00,0.20)",market_non_favorite,B365_OPEN,False,-1.0
2025-03-15,2025-03,D1,Union Berlin,Bayern Munich,draw,draw,5.0,"[5.0,7.0)",0.18994413407821228,"[0.00,0.20)",market_non_favorite,B365_OPEN,True,4.0
2025-03-15,2025-03,D1,Union Berlin,Bayern Munich,away,draw,1.36,"[1.0,1.8)",0.6983240223463686,"[0.55,1.00]",market_favorite,B365_OPEN,False,-1.0
2025-03-15,2025-03,D1,RB Leipzig,Dortmund,home,home,2.38,"[2.2,2.8)",0.40201005025125625,"[0.34,0.42)",market_favorite,B365_OPEN,True,1.38
2025-03-15,2025-03,D1,RB Leipzig,Dortmund,draw,home,3.6,"[3.5,4.0)",0.2657733109994416,"[0.20,0.28)",market_non_favorite,B365_OPEN,False,-1.0
2025-03-15,2025-03,D1,RB Leipzig,Dortmund,away,home,2.88,"[2.8,3.5)",0.332216638749302,"[0.28,0.34)",market_non_favorite,B365_OPEN,False,-1.0
2025-03-15,2025-03,D1,Mainz,Freiburg,home,draw,1.95,"[1.8,2.2)",0.48390557939914164,"[0.42,0.55)",market_favorite,B365_OPEN,False,-1.0
2025-03-15,2025-03,D1,Mainz,Freiburg,draw,draw,3.3,"[2.8,3.5)",0.28594420600858367,"[0.28,0.34)",market_non_favorite,B365_OPEN,True,2.3
2025-03-15,2025-03,D1,Mainz,Freiburg,away,draw,4.1,"[4.0,5.0)",0.23015021459227467,"[0.20,0.28)",market_non_favorite,B365_OPEN,False,-1.0
2025-03-15,2025-03,D1,Augsburg,Wolfsburg,home,home,2.55,"[2.2,2.8)",0.3703703703703704,"[0.34,0.42)",market_favorite,B365_OPEN,True,1.5499999999999998
2025-03-15,2025-03,D1,Augsburg,Wolfsburg,draw,home,3.3,"[2.8,3.5)",0.2861952861952862,"[0.28,0.34)",market_non_favorite,B365_OPEN,False,-1.0
2025-03-15,2025-03,D1,Augsburg,Wolfsburg,away,home,2.75,"[2.2,2.8)",0.3434343434343434,"[0.34,0.42)",market_non_favorite,B365_OPEN,False,-1.0
2025-03-16,2025-03,D1,Heidenheim,Holstein Kiel,home,home,2.0,"[1.8,2.2)",0.4751131221719457,"[0.42,0.55)",market_favorite,B365_OPEN,True,1.0
2025-03-16,2025-03,D1,Heidenheim,Holstein Kiel,draw,home,3.5,"[3.5,4.0)",0.27149321266968324,"[0.20,0.28)",market_non_favorite,B365_OPEN,False,-1.0
2025-03-16,2025-03,D1,Heidenheim,Holstein Kiel,away,home,3.75,"[3.5,4.0)",0.25339366515837103,"[0.20,0.28)",market_non_favorite,B365_OPEN,False,-1.0
2025-03-16,2025-03,D1,Stuttgart,Leverkusen,home,away,3.1,"[2.8,3.5)",0.3067869752844252,"[0.28,0.34)",market_non_favorite,B365_OPEN,False,-1.0
2025-03-16,2025-03,D1,Stuttgart,Leverkusen,draw,away,3.4,"[2.8,3.5)",0.27971753628874063,"[0.20,0.28)",market_non_favorite,B365_OPEN,False,-1.0
2025-03-16,2025-03,D1,Stuttgart,Leverkusen,away,away,2.3,"[2.2,2.8)",0.41349548842683403,"[0.34,0.42)",market_favorite,B365_OPEN,True,1.2999999999999998
2025-03-16,2025-03,D1,Bochum,Ein Frankfurt,home,away,3.1,"[2.8,3.5)",0.30579150579150577,"[0.28,0.34)",market_non_favorite,B365_OPEN,False,-1.0
2025-03-16,2025-03,D1,Bochum,Ein Frankfurt,draw,away,3.6,"[3.5,4.0)",0.2633204633204633,"[0.20,0.28)",market_non_favorite,B365_OPEN,False,-1.0
2025-03-16,2025-03,D1,Bochum,Ein Frankfurt,away,away,2.2,"[2.2,2.8)",0.43088803088803085,"[0.42,0.55)",market_favorite,B365_OPEN,True,1.2000000000000002
2025-03-28,2025-03,D1,Leverkusen,Bochum,home,home,1.22,"[1.0,1.8)",0.7755791985681615,"[0.55,1.00]",market_favorite,B365_OPEN,True,0.21999999999999997
2025-03-28,2025-03,D1,Leverkusen,Bochum,draw,home,6.5,"[5.0,7.0)",0.14557024957740877,"[0.00,0.20)",market_non_favorite,B365_OPEN,False,-1.0
2025-03-28,2025-03,D1,Leverkusen,Bochum,away,home,12.0,"[7.0,inf)",0.07885055185442974,"[0.00,0.20)",market_non_favorite,B365_OPEN,False,-1.0
2025-03-29,2025-03,D1,Wolfsburg,Heidenheim,home,away,1.67,"[1.0,1.8)",0.562008242787561,"[0.55,1.00]",market_favorite,B365_OPEN,False,-1.0
2025-03-29,2025-03,D1,Wolfsburg,Heidenheim,draw,away,3.75,"[3.5,4.0)",0.2502810041213938,"[0.20,0.28)",market_non_favorite,B365_OPEN,False,-1.0
2025-03-29,2025-03,D1,Wolfsburg,Heidenheim,away,away,5.0,"[5.0,7.0)",0.18771075309104535,"[0.00,0.20)",market_non_favorite,B365_OPEN,True,4.0
2025-03-29,2025-03,D1,M'gladbach,RB Leipzig,home,home,2.88,"[2.8,3.5)",0.3299728576967817,"[0.28,0.34)",market_non_favorite,B365_OPEN,True,1.88
2025-03-29,2025-03,D1,M'gladbach,RB Leipzig,draw,home,3.7,"[3.5,4.0)",0.2568437378829003,"[0.20,0.28)",market_non_favorite,B365_OPEN,False,-1.0
2025-03-29,2025-03,D1,M'gladbach,RB Leipzig,away,home,2.3,"[2.2,2.8)",0.41318340442031803,"[0.34,0.42)",market_favorite,B365_OPEN,False,-1.0
2025-03-29,2025-03,D1,Holstein Kiel,Werder Bremen,home,away,3.2,"[2.8,3.5)",0.29572776031070835,"[0.28,0.34)",market_non_favorite,B365_OPEN,False,-1.0
2025-03-29,2025-03,D1,Holstein Kiel,Werder Bremen,draw,away,3.9,"[3.5,4.0)",0.2426484187164787,"[0.20,0.28)",market_non_favorite,B365_OPEN,False,-1.0
2025-03-29,2025-03,D1,Holstein Kiel,Werder Bremen,away,away,2.05,"[1.8,2.2)",0.46162382097281307,"[0.42,0.55)",market_favorite,B365_OPEN,True,1.0499999999999998
2025-03-29,2025-03,D1,Hoffenheim,Augsburg,home,draw,2.35,"[2.2,2.8)",0.4048278591214879,"[0.34,0.42)",market_favorite,B365_OPEN,False,-1.0
2025-03-29,2025-03,D1,Hoffenheim,Augsburg,draw,draw,3.3,"[2.8,3.5)",0.2882865057380293,"[0.28,0.34)",market_non_favorite,B365_OPEN,True,2.3
2025-03-29,2025-03,D1,Hoffenheim,Augsburg,away,draw,3.1,"[2.8,3.5)",0.3068856351404828,"[0.28,0.34)",market_non_favorite,B365_OPEN,False,-1.0
2025-03-29,2025-03,D1,Ein Frankfurt,Stuttgart,home,home,2.5,"[2.2,2.8)",0.3762376237623763,"[0.34,0.42)",market_favorite,B365_OPEN,True,1.5
2025-03-29,2025-03,D1,Ein Frankfurt,Stuttgart,draw,home,3.8,"[3.5,4.0)",0.24752475247524752,"[0.20,0.28)",market_non_favorite,B365_OPEN,False,-1.0
2025-03-29,2025-03,D1,Ein Frankfurt,Stuttgart,away,home,2.5,"[2.2,2.8)",0.3762376237623763,"[0.34,0.42)",market_non_favorite,B365_OPEN,False,-1.0
2025-03-29,2025-03,D1,Bayern Munich,St Pauli,home,home,1.14,"[1.0,1.8)",0.8206811653672549,"[0.55,1.00]",market_favorite,B365_OPEN,True,0.1399999999999999
2025-03-29,2025-03,D1,Bayern Munich,St Pauli,draw,home,8.0,"[7.0,inf)",0.11694706606483381,"[0.00,0.20)",market_non_favorite,B365_OPEN,False,-1.0
2025-03-29,2025-03,D1,Bayern Munich,St Pauli,away,home,15.0,"[7.0,inf)",0.062371768567911365,"[0.00,0.20)",market_non_favorite,B365_OPEN,False,-1.0
2025-03-30,2025-03,D1,Freiburg,Union Berlin,home,away,2.0,"[1.8,2.2)",0.473491773308958,"[0.42,0.55)",market_favorite,B365_OPEN,False,-1.0
2025-03-30,2025-03,D1,Freiburg,Union Berlin,draw,away,3.5,"[3.5,4.0)",0.2705667276051188,"[0.20,0.28)",market_non_favorite,B365_OPEN,False,-1.0
2025-03-30,2025-03,D1,Freiburg,Union Berlin,away,away,3.7,"[3.5,4.0)",0.2559414990859232,"[0.20,0.28)",market_non_favorite,B365_OPEN,True,2.7
2025-03-30,2025-03,D1,Dortmund,Mainz,home,home,1.62,"[1.0,1.8)",0.574915973819211,"[0.55,1.00]",market_favorite,B365_OPEN,True,0.6200000000000001
2025-03-30,2025-03,D1,Dortmund,Mainz,draw,home,3.9,"[3.5,4.0)",0.23881125066336462,"[0.20,0.28)",market_non_favorite,B365_OPEN,False,-1.0
2025-03-30,2025-03,D1,Dortmund,Mainz,away,home,5.0,"[5.0,7.0)",0.18627277551742438,"[0.00,0.20)",market_non_favorite,B365_OPEN,False,-1.0
2025-04-04,2025-04,D1,Augsburg,Bayern Munich,home,away,7.5,"[7.0,inf)",0.1272161448509996,"[0.00,0.20)",market_non_favorite,B365_OPEN,False,-1.0
2025-04-04,2025-04,D1,Augsburg,Bayern Munich,draw,away,4.75,"[4.0,5.0)",0.20086759713315727,"[0.20,0.28)",market_non_favorite,B365_OPEN,False,-1.0
2025-04-04,2025-04,D1,Augsburg,Bayern Munich,away,away,1.42,"[1.0,1.8)",0.6719162580158431,"[0.55,1.00]",market_favorite,B365_OPEN,True,0.41999999999999993
2025-04-05,2025-04,D1,Werder Bremen,Ein Frankfurt,home,home,2.63,"[2.2,2.8)",0.3567060741948635,"[0.34,0.42)",market_non_favorite,B365_OPEN,True,1.63
2025-04-05,2025-04,D1,Werder Bremen,Ein Frankfurt,draw,home,3.5,"[3.5,4.0)",0.2680391357521402,"[0.20,0.28)",market_non_favorite,B365_OPEN,False,-1.0
2025-04-05,2025-04,D1,Werder Bremen,Ein Frankfurt,away,home,2.5,"[2.2,2.8)",0.3752547900529964,"[0.34,0.42)",market_favorite,B365_OPEN,False,-1.0
2025-04-05,2025-04,D1,RB Leipzig,Hoffenheim,home,home,1.55,"[1.0,1.8)",0.6057427559984266,"[0.55,1.00]",market_favorite,B365_OPEN,True,0.55
2025-04-05,2025-04,D1,RB Leipzig,Hoffenheim,draw,home,4.2,"[4.0,5.0)",0.2235479218565622,"[0.20,0.28)",market_non_favorite,B365_OPEN,False,-1.0
2025-04-05,2025-04,D1,RB Leipzig,Hoffenheim,away,home,5.5,"[5.0,7.0)",0.17070932214501117,"[0.00,0.20)",market_non_favorite,B365_OPEN,False,-1.0
2025-04-05,2025-04,D1,Mainz,Holstein Kiel,home,draw,1.45,"[1.0,1.8)",0.6538661131292164,"[0.55,1.00]",market_favorite,B365_OPEN,False,-1.0
2025-04-05,2025-04,D1,Mainz,Holstein Kiel,draw,draw,4.5,"[4.0,5.0)",0.21069019200830302,"[0.20,0.28)",market_non_favorite,B365_OPEN,True,3.5
2025-04-05,2025-04,D1,Mainz,Holstein Kiel,away,draw,7.0,"[7.0,inf)",0.13544369486248053,"[0.00,0.20)",market_non_favorite,B365_OPEN,False,-1.0
2025-04-05,2025-04,D1,Heidenheim,Leverkusen,home,away,6.5,"[5.0,7.0)",0.14530005310674457,"[0.00,0.20)",market_non_favorite,B365_OPEN,False,-1.0
2025-04-05,2025-04,D1,Heidenheim,Leverkusen,draw,away,4.75,"[4.0,5.0)",0.19883165161975572,"[0.00,0.20)",market_non_favorite,B365_OPEN,False,-1.0
2025-04-05,2025-04,D1,Heidenheim,Leverkusen,away,away,1.44,"[1.0,1.8)",0.6558682952734998,"[0.55,1.00]",market_favorite,B365_OPEN,True,0.43999999999999995
2025-04-05,2025-04,D1,Freiburg,Dortmund,home,away,3.1,"[2.8,3.5)",0.303508080409933,"[0.28,0.34)",market_non_favorite,B365_OPEN,False,-1.0
2025-04-05,2025-04,D1,Freiburg,Dortmund,draw,away,3.5,"[3.5,4.0)",0.26882144264879776,"[0.20,0.28)",market_non_favorite,B365_OPEN,False,-1.0
2025-04-05,2025-04,D1,Freiburg,Dortmund,away,away,2.2,"[2.2,2.8)",0.4276704769412692,"[0.42,0.55)",market_favorite,B365_OPEN,True,1.2000000000000002
2025-04-05,2025-04,D1,Bochum,Stuttgart,home,away,3.1,"[2.8,3.5)",0.3049060942889996,"[0.28,0.34)",market_non_favorite,B365_OPEN,False,-1.0
2025-04-05,2025-04,D1,Bochum,Stuttgart,draw,away,3.7,"[3.5,4.0)",0.2554618627826753,"[0.20,0.28)",market_non_favorite,B365_OPEN,False,-1.0
2025-04-05,2025-04,D1,Bochum,Stuttgart,away,away,2.15,"[1.8,2.2)",0.43963204292832503,"[0.42,0.55)",market_favorite,B365_OPEN,True,1.15
2025-04-06,2025-04,D1,St Pauli,M'gladbach,home,draw,2.5,"[2.2,2.8)",0.375,"[0.34,0.42)",market_favorite,B365_OPEN,False,-1.0
2025-04-06,2025-04,D1,St Pauli,M'gladbach,draw,draw,3.3,"[2.8,3.5)",0.2840909090909091,"[0.28,0.34)",market_non_favorite,B365_OPEN,True,2.3
2025-04-06,2025-04,D1,St Pauli,M'gladbach,away,draw,2.75,"[2.2,2.8)",0.34090909090909094,"[0.34,0.42)",market_non_favorite,B365_OPEN,False,-1.0
2025-04-06,2025-04,D1,Union Berlin,Wolfsburg,home,home,2.45,"[2.2,2.8)",0.3856360316494218,"[0.34,0.42)",market_favorite,B365_OPEN,True,1.4500000000000002
2025-04-06,2025-04,D1,Union Berlin,Wolfsburg,draw,home,3.3,"[2.8,3.5)",0.2863055386488132,"[0.28,0.34)",market_non_favorite,B365_OPEN,False,-1.0
2025-04-06,2025-04,D1,Union Berlin,Wolfsburg,away,home,2.88,"[2.8,3.5)",0.3280584297017651,"[0.28,0.34)",market_non_favorite,B365_OPEN,False,-1.0
2025-04-11,2025-04,D1,Wolfsburg,RB Leipzig,home,away,2.88,"[2.8,3.5)",0.3311067603362893,"[0.28,0.34)",market_non_favorite,B365_OPEN,False,-1.0
2025-04-11,2025-04,D1,Wolfsburg,RB Leipzig,draw,away,3.75,"[3.5,4.0)",0.2542899919382702,"[0.20,0.28)",market_non_favorite,B365_OPEN,False,-1.0
2025-04-11,2025-04,D1,Wolfsburg,RB Leipzig,away,away,2.3,"[2.2,2.8)",0.41460324772544055,"[0.34,0.42)",market_favorite,B365_OPEN,True,1.2999999999999998
2025-04-12,2025-04,D1,Leverkusen,Union Berlin,home,draw,1.33,"[1.0,1.8)",0.7042253521126761,"[0.55,1.00]",market_favorite,B365_OPEN,False,-1.0
2025-04-12,2025-04,D1,Leverkusen,Union Berlin,draw,draw,4.75,"[4.0,5.0)",0.1971830985915493,"[0.00,0.20)",market_non_favorite,B365_OPEN,True,3.75
2025-04-12,2025-04,D1,Leverkusen,Union Berlin,away,draw,9.5,"[7.0,inf)",0.09859154929577466,"[0.00,0.20)",market_non_favorite,B365_OPEN,False,-1.0
2025-04-12,2025-04,D1,Holstein Kiel,St Pauli,home,away,3.25,"[2.8,3.5)",0.2916053019145803,"[0.28,0.34)",market_non_favorite,B365_OPEN,False,-1.0
2025-04-12,2025-04,D1,Holstein Kiel,St Pauli,draw,away,3.3,"[2.8,3.5)",0.2871870397643594,"[0.28,0.34)",market_non_favorite,B365_OPEN,False,-1.0
2025-04-12,2025-04,D1,Holstein Kiel,St Pauli,away,away,2.25,"[2.2,2.8)",0.4212076583210604,"[0.42,0.55)",market_favorite,B365_OPEN,True,1.25
2025-04-12,2025-04,D1,Hoffenheim,Mainz,home,home,2.7,"[2.2,2.8)",0.3533254156769596,"[0.34,0.42)",market_non_favorite,B365_OPEN,True,1.7000000000000002
2025-04-12,2025-04,D1,Hoffenheim,Mainz,draw,home,3.5,"[3.5,4.0)",0.2725653206650831,"[0.20,0.28)",market_non_favorite,B365_OPEN,False,-1.0
2025-04-12,2025-04,D1,Hoffenheim,Mainz,away,home,2.55,"[2.2,2.8)",0.37410926365795727,"[0.34,0.42)",market_favorite,B365_OPEN,False,-1.0
2025-04-12,2025-04,D1,Bochum,Augsburg,home,away,2.5,"[2.2,2.8)",0.38049560351718625,"[0.34,0.42)",market_favorite,B365_OPEN,False,-1.0
2025-04-12,2025-04,D1,Bochum,Augsburg,draw,away,3.4,"[2.8,3.5)",0.2797761790567546,"[0.20,0.28)",market_non_favorite,B365_OPEN,False,-1.0
2025-04-12,2025-04,D1,Bochum,Augsburg,away,away,2.8,"[2.8,3.5)",0.33972821742605913,"[0.28,0.34)",market_non_favorite,B365_OPEN,True,1.7999999999999998
2025-04-12,2025-04,D1,Bayern Munich,Dortmund,home,draw,1.44,"[1.0,1.8)",0.660377358490566,"[0.55,1.00]",market_favorite,B365_OPEN,False,-1.0
2025-04-12,2025-04,D1,Bayern Munich,Dortmund,draw,draw,5.25,"[5.0,7.0)",0.1811320754716981,"[0.00,0.20)",market_non_favorite,B365_OPEN,True,4.25
2025-04-12,2025-04,D1,Bayern Munich,Dortmund,away,draw,6.0,"[5.0,7.0)",0.15849056603773584,"[0.00,0.20)",market_non_favorite,B365_OPEN,False,-1.0
2025-04-12,2025-04,D1,M'gladbach,Freiburg,home,away,2.15,"[1.8,2.2)",0.4427206508371961,"[0.42,0.55)",market_favorite,B365_OPEN,False,-1.0
2025-04-12,2025-04,D1,M'gladbach,Freiburg,draw,away,3.6,"[3.5,4.0)",0.2644026109166588,"[0.20,0.28)",market_non_favorite,B365_OPEN,False,-1.0
2025-04-12,2025-04,D1,M'gladbach,Freiburg,away,away,3.25,"[2.8,3.5)",0.29287673824614513,"[0.28,0.34)",market_non_favorite,B365_OPEN,True,2.25
2025-04-13,2025-04,D1,Ein Frankfurt,Heidenheim,home,home,1.73,"[1.0,1.8)",0.5483028720626633,"[0.42,0.55)",market_favorite,B365_OPEN,True,0.73
2025-04-13,2025-04,D1,Ein Frankfurt,Heidenheim,draw,home,4.2,"[4.0,5.0)",0.2258485639686684,"[0.20,0.28)",market_non_favorite,B365_OPEN,False,-1.0
2025-04-13,2025-04,D1,Ein Frankfurt,Heidenheim,away,home,4.2,"[4.0,5.0)",0.2258485639686684,"[0.20,0.28)",market_non_favorite,B365_OPEN,False,-1.0
2025-04-13,2025-04,D1,Stuttgart,Werder Bremen,home,away,1.65,"[1.0,1.8)",0.5721710787120644,"[0.55,1.00]",market_favorite,B365_OPEN,False,-1.0
2025-04-13,2025-04,D1,Stuttgart,Werder Bremen,draw,away,4.33,"[4.0,5.0)",0.21803285909351183,"[0.20,0.28)",market_non_favorite,B365_OPEN,False,-1.0
2025-04-13,2025-04,D1,Stuttgart,Werder Bremen,away,away,4.5,"[4.0,5.0)",0.20979606219442362,"[0.20,0.28)",market_non_favorite,B365_OPEN,True,3.5
2025-04-19,2025-04,D1,Freiburg,Hoffenheim,home,home,1.91,"[1.8,2.2)",0.49369318080734403,"[0.42,0.55)",market_favorite,B365_OPEN,True,0.9099999999999999
2025-04-19,2025-04,D1,Freiburg,Hoffenheim,draw,home,3.7,"[3.5,4.0)",0.2548524257681154,"[0.20,0.28)",market_non_favorite,B365_OPEN,False,-1.0
2025-04-19,2025-04,D1,Freiburg,Hoffenheim,away,home,3.75,"[3.5,4.0)",0.25145439342454057,"[0.20,0.28)",market_non_favorite,B365_OPEN,False,-1.0
2025-04-19,2025-04,D1,Heidenheim,Bayern Munich,home,away,9.0,"[7.0,inf)",0.10552147239263804,"[0.00,0.20)",market_non_favorite,B365_OPEN,False,-1.0
2025-04-19,2025-04,D1,Heidenheim,Bayern Munich,draw,away,6.0,"[5.0,7.0)",0.15828220858895706,"[0.00,0.20)",market_non_favorite,B365_OPEN,False,-1.0
2025-04-19,2025-04,D1,Heidenheim,Bayern Munich,away,away,1.29,"[1.0,1.8)",0.7361963190184049,"[0.55,1.00]",market_favorite,B365_OPEN,True,0.29000000000000004
2025-04-19,2025-04,D1,Mainz,Wolfsburg,home,draw,2.0,"[1.8,2.2)",0.47368421052631576,"[0.42,0.55)",market_favorite,B365_OPEN,False,-1.0
2025-04-19,2025-04,D1,Mainz,Wolfsburg,draw,draw,3.6,"[3.5,4.0)",0.2631578947368421,"[0.20,0.28)",market_non_favorite,B365_OPEN,True,2.6
2025-04-19,2025-04,D1,Mainz,Wolfsburg,away,draw,3.6,"[3.5,4.0)",0.2631578947368421,"[0.20,0.28)",market_non_favorite,B365_OPEN,False,-1.0
2025-04-19,2025-04,D1,RB Leipzig,Holstein Kiel,home,draw,1.33,"[1.0,1.8)",0.7099057574385776,"[0.55,1.00]",market_favorite,B365_OPEN,False,-1.0
2025-04-19,2025-04,D1,RB Leipzig,Holstein Kiel,draw,draw,5.75,"[5.0,7.0)",0.16420428824231448,"[0.00,0.20)",market_non_favorite,B365_OPEN,True,4.75
2025-04-19,2025-04,D1,RB Leipzig,Holstein Kiel,away,draw,7.5,"[7.0,inf)",0.12588995431910777,"[0.00,0.20)",market_non_favorite,B365_OPEN,False,-1.0
2025-04-19,2025-04,D1,Union Berlin,Stuttgart,home,draw,2.8,"[2.8,3.5)",0.3371104815864023,"[0.28,0.34)",market_non_favorite,B365_OPEN,False,-1.0
2025-04-19,2025-04,D1,Union Berlin,Stuttgart,draw,draw,3.4,"[2.8,3.5)",0.2776203966005666,"[0.20,0.28)",market_non_favorite,B365_OPEN,True,2.4
2025-04-19,2025-04,D1,Union Berlin,Stuttgart,away,draw,2.45,"[2.2,2.8)",0.38526912181303113,"[0.34,0.42)",market_favorite,B365_OPEN,False,-1.0
2025-04-19,2025-04,D1,Werder Bremen,Bochum,home,home,1.73,"[1.0,1.8)",0.5490012957333573,"[0.42,0.55)",market_favorite,B365_OPEN,True,0.73
2025-04-19,2025-04,D1,Werder Bremen,Bochum,draw,home,4.1,"[4.0,5.0)",0.2316517662484654,"[0.20,0.28)",market_non_favorite,B365_OPEN,False,-1.0
2025-04-19,2025-04,D1,Werder Bremen,Bochum,away,home,4.33,"[4.0,5.0)",0.21934693801817737,"[0.20,0.28)",market_non_favorite,B365_OPEN,False,-1.0
2025-04-20,2025-04,D1,Dortmund,M'gladbach,home,home,1.42,"[1.0,1.8)",0.6716197598897855,"[0.55,1.00]",market_favorite,B365_OPEN,True,0.41999999999999993
2025-04-20,2025-04,D1,Dortmund,M'gladbach,draw,home,5.25,"[5.0,7.0)",0.1816571541035229,"[0.00,0.20)",market_non_favorite,B365_OPEN,False,-1.0
2025-04-20,2025-04,D1,Dortmund,M'gladbach,away,home,6.5,"[5.0,7.0)",0.1467230860066916,"[0.00,0.20)",market_non_favorite,B365_OPEN,False,-1.0
2025-04-20,2025-04,D1,St Pauli,Leverkusen,home,draw,5.25,"[5.0,7.0)",0.1809859255351006,"[0.00,0.20)",market_non_favorite,B365_OPEN,False,-1.0
2025-04-20,2025-04,D1,St Pauli,Leverkusen,draw,draw,3.8,"[3.5,4.0)",0.2500463444892837,"[0.20,0.28)",market_non_favorite,B365_OPEN,True,2.8
2025-04-20,2025-04,D1,St Pauli,Leverkusen,away,draw,1.67,"[1.0,1.8)",0.5689677299756157,"[0.55,1.00]",market_favorite,B365_OPEN,False,-1.0
2025-04-20,2025-04,D1,Augsburg,Ein Frankfurt,home,draw,2.55,"[2.2,2.8)",0.3703703703703704,"[0.34,0.42)",market_favorite,B365_OPEN,False,-1.0
2025-04-20,2025-04,D1,Augsburg,Ein Frankfurt,draw,draw,3.3,"[2.8,3.5)",0.2861952861952862,"[0.28,0.34)",market_non_favorite,B365_OPEN,True,2.3
2025-04-20,2025-04,D1,Augsburg,Ein Frankfurt,away,draw,2.75,"[2.2,2.8)",0.3434343434343434,"[0.34,0.42)",market_non_favorite,B365_OPEN,False,-1.0
2025-04-25,2025-04,D1,Stuttgart,Heidenheim,home,away,1.48,"[1.0,1.8)",0.6437527989252126,"[0.55,1.00]",market_favorite,B365_OPEN,False,-1.0
2025-04-25,2025-04,D1,Stuttgart,Heidenheim,draw,away,5.0,"[5.0,7.0)",0.19055082848186297,"[0.00,0.20)",market_non_favorite,B365_OPEN,False,-1.0
2025-04-25,2025-04,D1,Stuttgart,Heidenheim,away,away,5.75,"[5.0,7.0)",0.1656963725929243,"[0.00,0.20)",market_non_favorite,B365_OPEN,True,4.75
2025-04-26,2025-04,D1,Wolfsburg,Freiburg,home,away,2.35,"[2.2,2.8)",0.4020260838352012,"[0.34,0.42)",market_favorite,B365_OPEN,False,-1.0
2025-04-26,2025-04,D1,Wolfsburg,Freiburg,draw,away,3.5,"[3.5,4.0)",0.26993179914649224,"[0.20,0.28)",market_non_favorite,B365_OPEN,False,-1.0
2025-04-26,2025-04,D1,Wolfsburg,Freiburg,away,away,2.88,"[2.8,3.5)",0.32804211701830654,"[0.28,0.34)",market_non_favorite,B365_OPEN,True,1.88
2025-04-26,2025-04,D1,Leverkusen,Augsburg,home,home,1.36,"[1.0,1.8)",0.6983240223463686,"[0.55,1.00]",market_favorite,B365_OPEN,True,0.3600000000000001
2025-04-26,2025-04,D1,Leverkusen,Augsburg,draw,home,5.0,"[5.0,7.0)",0.18994413407821228,"[0.00,0.20)",market_non_favorite,B365_OPEN,False,-1.0
2025-04-26,2025-04,D1,Leverkusen,Augsburg,away,home,8.5,"[7.0,inf)",0.11173184357541899,"[0.00,0.20)",market_non_favorite,B365_OPEN,False,-1.0
2025-04-26,2025-04,D1,Hoffenheim,Dortmund,home,away,4.1,"[4.0,5.0)",0.2316517662484654,"[0.20,0.28)",market_non_favorite,B365_OPEN,False,-1.0
2025-04-26,2025-04,D1,Hoffenheim,Dortmund,draw,away,4.33,"[4.0,5.0)",0.21934693801817737,"[0.20,0.28)",market_non_favorite,B365_OPEN,False,-1.0
2025-04-26,2025-04,D1,Hoffenheim,Dortmund,away,away,1.73,"[1.0,1.8)",0.5490012957333573,"[0.42,0.55)",market_favorite,B365_OPEN,True,0.73
2025-04-26,2025-04,D1,Ein Frankfurt,RB Leipzig,home,home,2.15,"[1.8,2.2)",0.43812451960030746,"[0.42,0.55)",market_favorite,B365_OPEN,True,1.15
2025-04-26,2025-04,D1,Ein Frankfurt,RB Leipzig,draw,home,3.8,"[3.5,4.0)",0.24788624135280551,"[0.20,0.28)",market_non_favorite,B365_OPEN,False,-1.0
2025-04-26,2025-04,D1,Ein Frankfurt,RB Leipzig,away,home,3.0,"[2.8,3.5)",0.31398923904688697,"[0.28,0.34)",market_non_favorite,B365_OPEN,False,-1.0
2025-04-26,2025-04,D1,Bayern Munich,Mainz,home,home,1.22,"[1.0,1.8)",0.7780921584478576,"[0.55,1.00]",market_favorite,B365_OPEN,True,0.21999999999999997
2025-04-26,2025-04,D1,Bayern Munich,Mainz,draw,home,7.0,"[7.0,inf)",0.13561034761519805,"[0.00,0.20)",market_non_favorite,B365_OPEN,False,-1.0
2025-04-26,2025-04,D1,Bayern Munich,Mainz,away,home,11.0,"[7.0,inf)",0.08629749393694422,"[0.00,0.20)",market_non_favorite,B365_OPEN,False,-1.0
2025-04-26,2025-04,D1,Holstein Kiel,M'gladbach,home,home,3.1,"[2.8,3.5)",0.3069697538981777,"[0.28,0.34)",market_non_favorite,B365_OPEN,True,2.1
2025-04-26,2025-04,D1,Holstein Kiel,M'gladbach,draw,home,3.8,"[3.5,4.0)",0.250422693969566,"[0.20,0.28)",market_non_favorite,B365_OPEN,False,-1.0
2025-04-26,2025-04,D1,Holstein Kiel,M'gladbach,away,home,2.15,"[1.8,2.2)",0.4426075521322562,"[0.42,0.55)",market_favorite,B365_OPEN,False,-1.0
2025-04-27,2025-04,D1,Bochum,Union Berlin,home,draw,2.25,"[2.2,2.8)",0.41883568448241604,"[0.34,0.42)",market_favorite,B365_OPEN,False,-1.0
2025-04-27,2025-04,D1,Bochum,Union Berlin,draw,draw,3.4,"[2.8,3.5)",0.27717067355454006,"[0.20,0.28)",market_non_favorite,B365_OPEN,True,2.4
2025-04-27,2025-04,D1,Bochum,Union Berlin,away,draw,3.1,"[2.8,3.5)",0.3039936419630439,"[0.28,0.34)",market_non_favorite,B365_OPEN,False,-1.0
2025-04-27,2025-04,D1,Werder Bremen,St Pauli,home,draw,1.85,"[1.8,2.2)",0.5059732958538299,"[0.42,0.55)",market_favorite,B365_OPEN,False,-1.0
2025-04-27,2025-04,D1,Werder Bremen,St Pauli,draw,draw,3.6,"[3.5,4.0)",0.26001405481377377,"[0.20,0.28)",market_non_favorite,B365_OPEN,True,2.6
2025-04-27,2025-04,D1,Werder Bremen,St Pauli,away,draw,4.0,"[4.0,5.0)",0.23401264933239635,"[0.20,0.28)",market_non_favorite,B365_OPEN,False,-1.0
2025-05-02,2025-05,D1,Heidenheim,Bochum,home,draw,2.25,"[2.2,2.8)",0.42538593481989706,"[0.42,0.55)",market_favorite,B365_OPEN,False,-1.0
2025-05-02,2025-05,D1,Heidenheim,Bochum,draw,draw,3.6,"[3.5,4.0)",0.2658662092624357,"[0.20,0.28)",market_non_favorite,B365_OPEN,True,2.6
2025-05-02,2025-05,D1,Heidenheim,Bochum,away,draw,3.1,"[2.8,3.5)",0.30874785591766724,"[0.28,0.34)",market_non_favorite,B365_OPEN,False,-1.0
2025-05-03,2025-05,D1,Union Berlin,Werder Bremen,home,draw,2.7,"[2.2,2.8)",0.35051546391752575,"[0.34,0.42)",market_non_favorite,B365_OPEN,False,-1.0
2025-05-03,2025-05,D1,Union Berlin,Werder Bremen,draw,draw,3.4,"[2.8,3.5)",0.27835051546391754,"[0.20,0.28)",market_non_favorite,B365_OPEN,True,2.4
2025-05-03,2025-05,D1,Union Berlin,Werder Bremen,away,draw,2.55,"[2.2,2.8)",0.3711340206185567,"[0.34,0.42)",market_favorite,B365_OPEN,False,-1.0
2025-05-03,2025-05,D1,St Pauli,Stuttgart,home,away,2.62,"[2.2,2.8)",0.3602276396512754,"[0.34,0.42)",market_non_favorite,B365_OPEN,False,-1.0
2025-05-03,2025-05,D1,St Pauli,Stuttgart,draw,away,3.5,"[3.5,4.0)",0.269656118824669,"[0.20,0.28)",market_non_favorite,B365_OPEN,False,-1.0
2025-05-03,2025-05,D1,St Pauli,Stuttgart,away,away,2.55,"[2.2,2.8)",0.3701162415240556,"[0.34,0.42)",market_favorite,B365_OPEN,True,1.5499999999999998
2025-05-03,2025-05,D1,RB Leipzig,Bayern Munich,home,draw,4.5,"[4.0,5.0)",0.2075964202002983,"[0.20,0.28)",market_non_favorite,B365_OPEN,False,-1.0
2025-05-03,2025-05,D1,RB Leipzig,Bayern Munich,draw,draw,4.33,"[4.0,5.0)",0.21574685702109522,"[0.20,0.28)",market_non_favorite,B365_OPEN,True,3.33
2025-05-03,2025-05,D1,RB Leipzig,Bayern Munich,away,draw,1.62,"[1.0,1.8)",0.5766567227786064,"[0.55,1.00]",market_favorite,B365_OPEN,False,-1.0
2025-05-03,2025-05,D1,M'gladbach,Hoffenheim,home,draw,2.1,"[1.8,2.2)",0.449438202247191,"[0.42,0.55)",market_favorite,B365_OPEN,False,-1.0
2025-05-03,2025-05,D1,M'gladbach,Hoffenheim,draw,draw,4.0,"[4.0,5.0)",0.23595505617977527,"[0.20,0.28)",market_non_favorite,B365_OPEN,True,3.0
2025-05-03,2025-05,D1,M'gladbach,Hoffenheim,away,draw,3.0,"[2.8,3.5)",0.3146067415730337,"[0.28,0.34)",market_non_favorite,B365_OPEN,False,-1.0
2025-05-03,2025-05,D1,Dortmund,Wolfsburg,home,home,1.33,"[1.0,1.8)",0.7099057574385776,"[0.55,1.00]",market_favorite,B365_OPEN,True,0.33000000000000007
2025-05-03,2025-05,D1,Dortmund,Wolfsburg,draw,home,5.75,"[5.0,7.0)",0.16420428824231448,"[0.00,0.20)",market_non_favorite,B365_OPEN,False,-1.0
2025-05-03,2025-05,D1,Dortmund,Wolfsburg,away,home,7.5,"[7.0,inf)",0.12588995431910777,"[0.00,0.20)",market_non_favorite,B365_OPEN,False,-1.0
2025-05-04,2025-05,D1,Freiburg,Leverkusen,home,draw,3.2,"[2.8,3.5)",0.29731830547998445,"[0.28,0.34)",market_non_favorite,B365_OPEN,False,-1.0
2025-05-04,2025-05,D1,Freiburg,Leverkusen,draw,draw,3.4,"[2.8,3.5)",0.27982899339292655,"[0.20,0.28)",market_non_favorite,B365_OPEN,True,2.4
2025-05-04,2025-05,D1,Freiburg,Leverkusen,away,draw,2.25,"[2.2,2.8)",0.42285270112708895,"[0.42,0.55)",market_favorite,B365_OPEN,False,-1.0
2025-05-04,2025-05,D1,Mainz,Ein Frankfurt,home,draw,2.35,"[2.2,2.8)",0.40293767368003175,"[0.34,0.42)",market_favorite,B365_OPEN,False,-1.0
2025-05-04,2025-05,D1,Mainz,Ein Frankfurt,draw,draw,3.5,"[3.5,4.0)",0.2705438666137356,"[0.20,0.28)",market_non_favorite,B365_OPEN,True,2.5
2025-05-04,2025-05,D1,Mainz,Ein Frankfurt,away,draw,2.9,"[2.8,3.5)",0.3265184597062326,"[0.28,0.34)",market_non_favorite,B365_OPEN,False,-1.0
2025-05-04,2025-05,D1,Augsburg,Holstein Kiel,home,away,1.83,"[1.8,2.2)",0.5190138736400838,"[0.42,0.55)",market_favorite,B365_OPEN,False,-1.0
2025-05-04,2025-05,D1,Augsburg,Holstein Kiel,draw,away,3.9,"[3.5,4.0)",0.24353727916957785,"[0.20,0.28)",market_non_favorite,B365_OPEN,False,-1.0
2025-05-04,2025-05,D1,Augsburg,Holstein Kiel,away,away,4.0,"[4.0,5.0)",0.23744884719033837,"[0.20,0.28)",market_non_favorite,B365_OPEN,True,3.0
2025-05-09,2025-05,D1,Wolfsburg,Hoffenheim,home,draw,2.2,"[2.2,2.8)",0.4219886822958771,"[0.42,0.55)",market_favorite,B365_OPEN,False,-1.0
2025-05-09,2025-05,D1,Wolfsburg,Hoffenheim,draw,draw,3.6,"[3.5,4.0)",0.25788197251414713,"[0.20,0.28)",market_non_favorite,B365_OPEN,True,2.6
2025-05-09,2025-05,D1,Wolfsburg,Hoffenheim,away,draw,2.9,"[2.8,3.5)",0.32012934518997577,"[0.28,0.34)",market_non_favorite,B365_OPEN,False,-1.0
2025-05-10,2025-05,D1,Werder Bremen,RB Leipzig,home,draw,2.35,"[2.2,2.8)",0.40413497171835383,"[0.34,0.42)",market_favorite,B365_OPEN,False,-1.0
2025-05-10,2025-05,D1,Werder Bremen,RB Leipzig,draw,draw,3.7,"[3.5,4.0)",0.25668031987517065,"[0.20,0.28)",market_non_favorite,B365_OPEN,True,2.7
2025-05-10,2025-05,D1,Werder Bremen,RB Leipzig,away,draw,2.8,"[2.8,3.5)",0.3391847084064756,"[0.28,0.34)",market_non_favorite,B365_OPEN,False,-1.0
2025-05-10,2025-05,D1,Union Berlin,Heidenheim,home,away,2.25,"[2.2,2.8)",0.423076923076923,"[0.42,0.55)",market_favorite,B365_OPEN,False,-1.0
2025-05-10,2025-05,D1,Union Berlin,Heidenheim,draw,away,3.3,"[2.8,3.5)",0.28846153846153844,"[0.28,0.34)",market_non_favorite,B365_OPEN,False,-1.0
2025-05-10,2025-05,D1,Union Berlin,Heidenheim,away,away,3.3,"[2.8,3.5)",0.28846153846153844,"[0.28,0.34)",market_non_favorite,B365_OPEN,True,2.3
2025-05-10,2025-05,D1,Bayern Munich,M'gladbach,home,home,1.17,"[1.0,1.8)",0.8133245125890182,"[0.55,1.00]",market_favorite,B365_OPEN,True,0.16999999999999993
2025-05-10,2025-05,D1,Bayern Munich,M'gladbach,draw,home,9.5,"[7.0,inf)",0.1001673347083317,"[0.00,0.20)",market_non_favorite,B365_OPEN,False,-1.0
2025-05-10,2025-05,D1,Bayern Munich,M'gladbach,away,home,11.0,"[7.0,inf)",0.08650815270265011,"[0.00,0.20)",market_non_favorite,B365_OPEN,False,-1.0
2025-05-10,2025-05,D1,Bochum,Mainz,home,away,2.9,"[2.8,3.5)",0.32611264277274515,"[0.28,0.34)",market_non_favorite,B365_OPEN,False,-1.0
2025-05-10,2025-05,D1,Bochum,Mainz,draw,away,3.6,"[3.5,4.0)",0.26270185112248917,"[0.20,0.28)",market_non_favorite,B365_OPEN,False,-1.0
2025-05-10,2025-05,D1,Bochum,Mainz,away,away,2.3,"[2.2,2.8)",0.4111855061047657,"[0.34,0.42)",market_favorite,B365_OPEN,True,1.2999999999999998
2025-05-10,2025-05,D1,Holstein Kiel,Freiburg,home,away,3.1,"[2.8,3.5)",0.3059482022578503,"[0.28,0.34)",market_non_favorite,B365_OPEN,False,-1.0
2025-05-10,2025-05,D1,Holstein Kiel,Freiburg,draw,away,3.75,"[3.5,4.0)",0.25291718053315626,"[0.20,0.28)",market_non_favorite,B365_OPEN,False,-1.0
2025-05-10,2025-05,D1,Holstein Kiel,Freiburg,away,away,2.15,"[1.8,2.2)",0.44113461720899344,"[0.42,0.55)",market_favorite,B365_OPEN,True,1.15
2025-05-11,2025-05,D1,Ein Frankfurt,St Pauli,home,draw,1.53,"[1.0,1.8)",0.6174990513369328,"[0.55,1.00]",market_favorite,B365_OPEN,False,-1.0
2025-05-11,2025-05,D1,Ein Frankfurt,St Pauli,draw,draw,4.33,"[4.0,5.0)",0.21819250543776147,"[0.20,0.28)",market_non_favorite,B365_OPEN,True,3.33
2025-05-11,2025-05,D1,Ein Frankfurt,St Pauli,away,draw,5.75,"[5.0,7.0)",0.1643084432253056,"[0.00,0.20)",market_non_favorite,B365_OPEN,False,-1.0
2025-05-11,2025-05,D1,Stuttgart,Augsburg,home,home,1.55,"[1.0,1.8)",0.6144269091716742,"[0.55,1.00]",market_favorite,B365_OPEN,True,0.55
2025-05-11,2025-05,D1,Stuttgart,Augsburg,draw,home,4.33,"[4.0,5.0)",0.21994496748639608,"[0.20,0.28)",market_non_favorite,B365_OPEN,False,-1.0
2025-05-11,2025-05,D1,Stuttgart,Augsburg,away,home,5.75,"[5.0,7.0)",0.16562812334192958,"[0.00,0.20)",market_non_favorite,B365_OPEN,False,-1.0
2025-05-11,2025-05,D1,Leverkusen,Dortmund,home,away,2.7,"[2.2,2.8)",0.3519585253456221,"[0.34,0.42)",market_non_favorite,B365_OPEN,False,-1.0
2025-05-11,2025-05,D1,Leverkusen,Dortmund,draw,away,3.9,"[3.5,4.0)",0.24366359447004612,"[0.20,0.28)",market_non_favorite,B365_OPEN,False,-1.0
2025-05-11,2025-05,D1,Leverkusen,Dortmund,away,away,2.35,"[2.2,2.8)",0.4043778801843318,"[0.34,0.42)",market_favorite,B365_OPEN,True,1.35
2025-05-17,2025-05,D1,Dortmund,Holstein Kiel,home,home,1.09,"[1.0,1.8)",0.8709270789564154,"[0.55,1.00]",market_favorite,B365_OPEN,True,0.09000000000000008
2025-05-17,2025-05,D1,Dortmund,Holstein Kiel,draw,home,12.0,"[7.0,inf)",0.0791092096718744,"[0.00,0.20)",market_non_favorite,B365_OPEN,False,-1.0
2025-05-17,2025-05,D1,Dortmund,Holstein Kiel,away,home,19.0,"[7.0,inf)",0.04996371137171015,"[0.00,0.20)",market_non_favorite,B365_OPEN,False,-1.0
2025-05-17,2025-05,D1,Freiburg,Ein Frankfurt,home,away,2.35,"[2.2,2.8)",0.40413497171835383,"[0.34,0.42)",market_favorite,B365_OPEN,False,-1.0
2025-05-17,2025-05,D1,Freiburg,Ein Frankfurt,draw,away,3.7,"[3.5,4.0)",0.25668031987517065,"[0.20,0.28)",market_non_favorite,B365_OPEN,False,-1.0
2025-05-17,2025-05,D1,Freiburg,Ein Frankfurt,away,away,2.8,"[2.8,3.5)",0.3391847084064756,"[0.28,0.34)",market_non_favorite,B365_OPEN,True,1.7999999999999998
2025-05-17,2025-05,D1,Heidenheim,Werder Bremen,home,away,2.3,"[2.2,2.8)",0.40956300215559477,"[0.34,0.42)",market_favorite,B365_OPEN,False,-1.0
2025-05-17,2025-05,D1,Heidenheim,Werder Bremen,draw,away,3.8,"[3.5,4.0)",0.24789339604154417,"[0.20,0.28)",market_non_favorite,B365_OPEN,False,-1.0
2025-05-17,2025-05,D1,Heidenheim,Werder Bremen,away,away,2.75,"[2.2,2.8)",0.3425436018028611,"[0.34,0.42)",market_non_favorite,B365_OPEN,True,1.75
2025-05-17,2025-05,D1,Hoffenheim,Bayern Munich,home,away,5.0,"[5.0,7.0)",0.1891891891891892,"[0.00,0.20)",market_non_favorite,B365_OPEN,False,-1.0
2025-05-17,2025-05,D1,Hoffenheim,Bayern Munich,draw,away,5.25,"[5.0,7.0)",0.18018018018018017,"[0.00,0.20)",market_non_favorite,B365_OPEN,False,-1.0
2025-05-17,2025-05,D1,Hoffenheim,Bayern Munich,away,away,1.5,"[1.0,1.8)",0.6306306306306306,"[0.55,1.00]",market_favorite,B365_OPEN,True,0.5
2025-05-17,2025-05,D1,M'gladbach,Wolfsburg,home,away,2.2,"[2.2,2.8)",0.4329896907216495,"[0.42,0.55)",market_favorite,B365_OPEN,False,-1.0
2025-05-17,2025-05,D1,M'gladbach,Wolfsburg,draw,away,4.2,"[4.0,5.0)",0.2268041237113402,"[0.20,0.28)",market_non_favorite,B365_OPEN,False,-1.0
2025-05-17,2025-05,D1,M'gladbach,Wolfsburg,away,away,2.8,"[2.8,3.5)",0.3402061855670103,"[0.34,0.42)",market_non_favorite,B365_OPEN,True,1.7999999999999998
2025-05-17,2025-05,D1,Augsburg,Union Berlin,home,away,2.1,"[1.8,2.2)",0.45092838196286467,"[0.42,0.55)",market_favorite,B365_OPEN,False,-1.0
2025-05-17,2025-05,D1,Augsburg,Union Berlin,draw,away,3.5,"[3.5,4.0)",0.2705570291777188,"[0.20,0.28)",market_non_favorite,B365_OPEN,False,-1.0
2025-05-17,2025-05,D1,Augsburg,Union Berlin,away,away,3.4,"[2.8,3.5)",0.27851458885941643,"[0.20,0.28)",market_non_favorite,B365_OPEN,True,2.4
2025-05-17,2025-05,D1,RB Leipzig,Stuttgart,home,away,2.0,"[1.8,2.2)",0.4759206798866855,"[0.42,0.55)",market_favorite,B365_OPEN,False,-1.0
2025-05-17,2025-05,D1,RB Leipzig,Stuttgart,draw,away,4.2,"[4.0,5.0)",0.22662889518413595,"[0.20,0.28)",market_non_favorite,B365_OPEN,False,-1.0
2025-05-17,2025-05,D1,RB Leipzig,Stuttgart,away,away,3.2,"[2.8,3.5)",0.29745042492917845,"[0.28,0.34)",market_non_favorite,B365_OPEN,True,2.2
2025-05-17,2025-05,D1,St Pauli,Bochum,home,away,1.67,"[1.0,1.8)",0.5653773669568339,"[0.55,1.00]",market_favorite,B365_OPEN,False,-1.0
2025-05-17,2025-05,D1,St Pauli,Bochum,draw,away,4.2,"[4.0,5.0)",0.22480481019474108,"[0.20,0.28)",market_non_favorite,B365_OPEN,False,-1.0
2025-05-17,2025-05,D1,St Pauli,Bochum,away,away,4.5,"[4.0,5.0)",0.209817822848425,"[0.20,0.28)",market_non_favorite,B365_OPEN,True,3.5
2025-05-17,2025-05,D1,Mainz,Leverkusen,home,draw,2.15,"[1.8,2.2)",0.4409270774448841,"[0.42,0.55)",market_favorite,B365_OPEN,False,-1.0
2025-05-17,2025-05,D1,Mainz,Leverkusen,draw,draw,3.9,"[3.5,4.0)",0.24307518371961562,"[0.20,0.28)",market_non_favorite,B365_OPEN,True,2.9
2025-05-17,2025-05,D1,Mainz,Leverkusen,away,draw,3.0,"[2.8,3.5)",0.31599773883550025,"[0.28,0.34)",market_non_favorite,B365_OPEN,False,-1.0
2025-08-22,2025-08,D1,Bayern Munich,RB Leipzig,home,home,1.22,"[1.0,1.8)",0.7634512845370819,"[0.55,1.00]",market_favorite,B365_OPEN,True,0.21999999999999997
2025-08-22,2025-08,D1,Bayern Munich,RB Leipzig,draw,home,7.0,"[7.0,inf)",0.13305865244789142,"[0.00,0.20)",market_non_favorite,B365_OPEN,False,-1.0
2025-08-22,2025-08,D1,Bayern Munich,RB Leipzig,away,home,9.0,"[7.0,inf)",0.10349006301502665,"[0.00,0.20)",market_non_favorite,B365_OPEN,False,-1.0
2025-08-23,2025-08,D1,Union Berlin,Stuttgart,home,home,3.4,"[2.8,3.5)",0.2795282845034089,"[0.20,0.28)",market_non_favorite,B365_OPEN,True,2.4
2025-08-23,2025-08,D1,Union Berlin,Stuttgart,draw,home,3.7,"[3.5,4.0)",0.2568638290031325,"[0.20,0.28)",market_non_favorite,B365_OPEN,False,-1.0
2025-08-23,2025-08,D1,Union Berlin,Stuttgart,away,home,2.05,"[1.8,2.2)",0.4636078864934587,"[0.42,0.55)",market_favorite,B365_OPEN,False,-1.0
2025-08-23,2025-08,D1,St Pauli,Dortmund,home,draw,4.5,"[4.0,5.0)",0.21162790697674416,"[0.20,0.28)",market_non_favorite,B365_OPEN,False,-1.0
2025-08-23,2025-08,D1,St Pauli,Dortmund,draw,draw,3.9,"[3.5,4.0)",0.24418604651162792,"[0.20,0.28)",market_non_favorite,B365_OPEN,True,2.9
2025-08-23,2025-08,D1,St Pauli,Dortmund,away,draw,1.75,"[1.0,1.8)",0.5441860465116278,"[0.42,0.55)",market_favorite,B365_OPEN,False,-1.0
2025-08-23,2025-08,D1,Leverkusen,Hoffenheim,home,away,1.53,"[1.0,1.8)",0.619757688723206,"[0.55,1.00]",market_favorite,B365_OPEN,False,-1.0
2025-08-23,2025-08,D1,Leverkusen,Hoffenheim,draw,away,4.75,"[4.0,5.0)",0.1996272134203169,"[0.00,0.20)",market_non_favorite,B365_OPEN,False,-1.0
2025-08-23,2025-08,D1,Leverkusen,Hoffenheim,away,away,5.25,"[5.0,7.0)",0.18061509785647717,"[0.00,0.20)",market_non_favorite,B365_OPEN,True,4.25
2025-08-23,2025-08,D1,Heidenheim,Wolfsburg,home,away,3.2,"[2.8,3.5)",0.2968388589051658,"[0.28,0.34)",market_non_favorite,B365_OPEN,False,-1.0
2025-08-23,2025-08,D1,Heidenheim,Wolfsburg,draw,away,3.5,"[3.5,4.0)",0.27139552814186585,"[0.20,0.28)",market_non_favorite,B365_OPEN,False,-1.0
2025-08-23,2025-08,D1,Heidenheim,Wolfsburg,away,away,2.2,"[2.2,2.8)",0.4317656129529684,"[0.42,0.55)",market_favorite,B365_OPEN,True,1.2000000000000002
2025-08-23,2025-08,D1,Freiburg,Augsburg,home,away,1.85,"[1.8,2.2)",0.5151610291323099,"[0.42,0.55)",market_favorite,B365_OPEN,False,-1.0
2025-08-23,2025-08,D1,Freiburg,Augsburg,draw,away,3.6,"[3.5,4.0)",0.2647355288596593,"[0.20,0.28)",market_non_favorite,B365_OPEN,False,-1.0
2025-08-23,2025-08,D1,Freiburg,Augsburg,away,away,4.33,"[4.0,5.0)",0.22010344200803078,"[0.20,0.28)",market_non_favorite,B365_OPEN,True,3.33
2025-08-23,2025-08,D1,Ein Frankfurt,Werder Bremen,home,home,1.7,"[1.0,1.8)",0.5579074690051407,"[0.55,1.00]",market_favorite,B365_OPEN,True,0.7
2025-08-23,2025-08,D1,Ein Frankfurt,Werder Bremen,draw,home,4.1,"[4.0,5.0)",0.23132748714847295,"[0.20,0.28)",market_non_favorite,B365_OPEN,False,-1.0
2025-08-23,2025-08,D1,Ein Frankfurt,Werder Bremen,away,home,4.5,"[4.0,5.0)",0.21076504384638645,"[0.20,0.28)",market_non_favorite,B365_OPEN,False,-1.0
2025-08-24,2025-08,D1,M'gladbach,Hamburg,home,draw,1.85,"[1.8,2.2)",0.513157894736842,"[0.42,0.55)",market_favorite,B365_OPEN,False,-1.0
2025-08-24,2025-08,D1,M'gladbach,Hamburg,draw,draw,3.9,"[3.5,4.0)",0.24342105263157898,"[0.20,0.28)",market_non_favorite,B365_OPEN,True,2.9
2025-08-24,2025-08,D1,M'gladbach,Hamburg,away,draw,3.9,"[3.5,4.0)",0.24342105263157898,"[0.20,0.28)",market_non_favorite,B365_OPEN,False,-1.0
2025-08-24,2025-08,D1,Mainz,FC Koln,home,away,1.9,"[1.8,2.2)",0.5028882093102276,"[0.42,0.55)",market_favorite,B365_OPEN,False,-1.0
2025-08-24,2025-08,D1,Mainz,FC Koln,draw,away,3.7,"[3.5,4.0)",0.25823989126741415,"[0.20,0.28)",market_non_favorite,B365_OPEN,False,-1.0
2025-08-24,2025-08,D1,Mainz,FC Koln,away,away,4.0,"[4.0,5.0)",0.23887189942235815,"[0.20,0.28)",market_non_favorite,B365_OPEN,True,3.0
2025-08-29,2025-08,D1,Hamburg,St Pauli,home,away,2.4,"[2.2,2.8)",0.3956834532374101,"[0.34,0.42)",market_favorite,B365_OPEN,False,-1.0
2025-08-29,2025-08,D1,Hamburg,St Pauli,draw,away,3.3,"[2.8,3.5)",0.2877697841726619,"[0.28,0.34)",market_non_favorite,B365_OPEN,False,-1.0
2025-08-29,2025-08,D1,Hamburg,St Pauli,away,away,3.0,"[2.8,3.5)",0.31654676258992803,"[0.28,0.34)",market_non_favorite,B365_OPEN,True,2.0
2025-08-30,2025-08,D1,Werder Bremen,Leverkusen,home,draw,3.7,"[3.5,4.0)",0.25569843227056543,"[0.20,0.28)",market_non_favorite,B365_OPEN,False,-1.0
2025-08-30,2025-08,D1,Werder Bremen,Leverkusen,draw,draw,3.8,"[3.5,4.0)",0.24896952615818213,"[0.20,0.28)",market_non_favorite,B365_OPEN,True,2.8
2025-08-30,2025-08,D1,Werder Bremen,Leverkusen,away,draw,1.91,"[1.8,2.2)",0.49533204157125243,"[0.42,0.55)",market_favorite,B365_OPEN,False,-1.0
2025-08-30,2025-08,D1,Stuttgart,M'gladbach,home,home,1.6,"[1.0,1.8)",0.5908776779543885,"[0.55,1.00]",market_favorite,B365_OPEN,True,0.6000000000000001
2025-08-30,2025-08,D1,Stuttgart,M'gladbach,draw,home,4.5,"[4.0,5.0)",0.21008984105044923,"[0.20,0.28)",market_non_favorite,B365_OPEN,False,-1.0
2025-08-30,2025-08,D1,Stuttgart,M'gladbach,away,home,4.75,"[4.0,5.0)",0.1990324809951624,"[0.00,0.20)",market_non_favorite,B365_OPEN,False,-1.0
2025-08-30,2025-08,D1,RB Leipzig,Heidenheim,home,home,1.44,"[1.0,1.8)",0.6585879873551106,"[0.55,1.00]",market_favorite,B365_OPEN,True,0.43999999999999995
2025-08-30,2025-08,D1,RB Leipzig,Heidenheim,draw,home,5.0,"[5.0,7.0)",0.18967334035827185,"[0.00,0.20)",market_non_favorite,B365_OPEN,False,-1.0
2025-08-30,2025-08,D1,RB Leipzig,Heidenheim,away,home,6.25,"[5.0,7.0)",0.1517386722866175,"[0.00,0.20)",market_non_favorite,B365_OPEN,False,-1.0
2025-08-30,2025-08,D1,Hoffenheim,Ein Frankfurt,home,away,2.88,"[2.8,3.5)",0.32808398950131235,"[0.28,0.34)",market_non_favorite,B365_OPEN,False,-1.0
2025-08-30,2025-08,D1,Hoffenheim,Ein Frankfurt,draw,away,3.75,"[3.5,4.0)",0.25196850393700787,"[0.20,0.28)",market_non_favorite,B365_OPEN,False,-1.0
2025-08-30,2025-08,D1,Hoffenheim,Ein Frankfurt,away,away,2.25,"[2.2,2.8)",0.4199475065616798,"[0.34,0.42)",market_favorite,B365_OPEN,True,1.25
2025-08-30,2025-08,D1,Augsburg,Bayern Munich,home,away,9.0,"[7.0,inf)",0.10558291232333568,"[0.00,0.20)",market_non_favorite,B365_OPEN,False,-1.0
2025-08-30,2025-08,D1,Augsburg,Bayern Munich,draw,away,6.5,"[5.0,7.0)",0.1461917247553879,"[0.00,0.20)",market_non_favorite,B365_OPEN,False,-1.0
2025-08-30,2025-08,D1,Augsburg,Bayern Munich,away,away,1.27,"[1.0,1.8)",0.7482253629212765,"[0.55,1.00]",market_favorite,B365_OPEN,True,0.27
2025-08-31,2025-08,D1,FC Koln,Freiburg,home,home,2.55,"[2.2,2.8)",0.37265577737447064,"[0.34,0.42)",market_favorite,B365_OPEN,True,1.5499999999999998
2025-08-31,2025-08,D1,FC Koln,Freiburg,draw,home,3.3,"[2.8,3.5)",0.2879612825166364,"[0.28,0.34)",market_non_favorite,B365_OPEN,False,-1.0
2025-08-31,2025-08,D1,FC Koln,Freiburg,away,home,2.8,"[2.8,3.5)",0.33938294010889286,"[0.28,0.34)",market_non_favorite,B365_OPEN,False,-1.0
2025-08-31,2025-08,D1,Dortmund,Union Berlin,home,home,1.4,"[1.0,1.8)",0.6747404844290658,"[0.55,1.00]",market_favorite,B365_OPEN,True,0.3999999999999999
2025-08-31,2025-08,D1,Dortmund,Union Berlin,draw,home,5.25,"[5.0,7.0)",0.17993079584775085,"[0.00,0.20)",market_non_favorite,B365_OPEN,False,-1.0
2025-08-31,2025-08,D1,Dortmund,Union Berlin,away,home,6.5,"[5.0,7.0)",0.1453287197231834,"[0.00,0.20)",market_non_favorite,B365_OPEN,False,-1.0
2025-08-31,2025-08,D1,Wolfsburg,Mainz,home,draw,2.0,"[1.8,2.2)",0.4701492537313433,"[0.42,0.55)",market_favorite,B365_OPEN,False,-1.0
2025-08-31,2025-08,D1,Wolfsburg,Mainz,draw,draw,3.6,"[3.5,4.0)",0.2611940298507463,"[0.20,0.28)",market_non_favorite,B365_OPEN,True,2.6
2025-08-31,2025-08,D1,Wolfsburg,Mainz,away,draw,3.5,"[3.5,4.0)",0.26865671641791045,"[0.20,0.28)",market_non_favorite,B365_OPEN,False,-1.0
2025-09-12,2025-09,D1,Leverkusen,Ein Frankfurt,home,home,2.1,"[1.8,2.2)",0.4527177959791511,"[0.42,0.55)",market_favorite,B365_OPEN,True,1.1
2025-09-12,2025-09,D1,Leverkusen,Ein Frankfurt,draw,home,3.8,"[3.5,4.0)",0.2501861504095309,"[0.20,0.28)",market_non_favorite,B365_OPEN,False,-1.0
2025-09-12,2025-09,D1,Leverkusen,Ein Frankfurt,away,home,3.2,"[2.8,3.5)",0.29709605361131797,"[0.28,0.34)",market_non_favorite,B365_OPEN,False,-1.0
2025-09-13,2025-09,D1,Wolfsburg,FC Koln,home,draw,1.95,"[1.8,2.2)",0.48611111111111116,"[0.42,0.55)",market_favorite,B365_OPEN,False,-1.0
2025-09-13,2025-09,D1,Wolfsburg,FC Koln,draw,draw,3.5,"[3.5,4.0)",0.2708333333333333,"[0.20,0.28)",market_non_favorite,B365_OPEN,True,2.5
2025-09-13,2025-09,D1,Wolfsburg,FC Koln,away,draw,3.9,"[3.5,4.0)",0.24305555555555558,"[0.20,0.28)",market_non_favorite,B365_OPEN,False,-1.0
2025-09-13,2025-09,D1,Union Berlin,Hoffenheim,home,away,2.6,"[2.2,2.8)",0.36661341853035145,"[0.34,0.42)",market_favorite,B365_OPEN,False,-1.0
2025-09-13,2025-09,D1,Union Berlin,Hoffenheim,draw,away,3.4,"[2.8,3.5)",0.2803514376996806,"[0.28,0.34)",market_non_favorite,B365_OPEN,False,-1.0
2025-09-13,2025-09,D1,Union Berlin,Hoffenheim,away,away,2.7,"[2.2,2.8)",0.3530351437699681,"[0.34,0.42)",market_non_favorite,B365_OPEN,True,1.7000000000000002
2025-09-13,2025-09,D1,Mainz,RB Leipzig,home,away,2.55,"[2.2,2.8)",0.3734248358279596,"[0.34,0.42)",market_favorite,B365_OPEN,False,-1.0
2025-09-13,2025-09,D1,Mainz,RB Leipzig,draw,away,3.6,"[3.5,4.0)",0.26450925871147135,"[0.20,0.28)",market_non_favorite,B365_OPEN,False,-1.0
2025-09-13,2025-09,D1,Mainz,RB Leipzig,away,away,2.63,"[2.2,2.8)",0.36206590546056916,"[0.34,0.42)",market_non_favorite,B365_OPEN,True,1.63
2025-09-13,2025-09,D1,Heidenheim,Dortmund,home,away,5.5,"[5.0,7.0)",0.17329192546583852,"[0.00,0.20)",market_non_favorite,B365_OPEN,False,-1.0
2025-09-13,2025-09,D1,Heidenheim,Dortmund,draw,away,4.5,"[4.0,5.0)",0.21180124223602484,"[0.20,0.28)",market_non_favorite,B365_OPEN,False,-1.0
2025-09-13,2025-09,D1,Heidenheim,Dortmund,away,away,1.55,"[1.0,1.8)",0.6149068322981366,"[0.55,1.00]",market_favorite,B365_OPEN,True,0.55
2025-09-13,2025-09,D1,Freiburg,Stuttgart,home,home,2.9,"[2.8,3.5)",0.3289908613649621,"[0.28,0.34)",market_non_favorite,B365_OPEN,True,1.9
2025-09-13,2025-09,D1,Freiburg,Stuttgart,draw,home,3.6,"[3.5,4.0)",0.2650204160995528,"[0.20,0.28)",market_non_favorite,B365_OPEN,False,-1.0
2025-09-13,2025-09,D1,Freiburg,Stuttgart,away,home,2.35,"[2.2,2.8)",0.40598872253548507,"[0.34,0.42)",market_favorite,B365_OPEN,False,-1.0
2025-09-13,2025-09,D1,Bayern Munich,Hamburg,home,home,1.06,"[1.0,1.8)",0.885659134779153,"[0.55,1.00]",market_favorite,B365_OPEN,True,0.06000000000000005
2025-09-13,2025-09,D1,Bayern Munich,Hamburg,draw,home,12.0,"[7.0,inf)",0.07823322357215852,"[0.00,0.20)",market_non_favorite,B365_OPEN,False,-1.0
2025-09-13,2025-09,D1,Bayern Munich,Hamburg,away,home,26.0,"[7.0,inf)",0.03610764164868855,"[0.00,0.20)",market_non_favorite,B365_OPEN,False,-1.0
2025-09-14,2025-09,D1,M'gladbach,Werder Bremen,home,away,1.95,"[1.8,2.2)",0.48226950354609927,"[0.42,0.55)",market_favorite,B365_OPEN,False,-1.0
2025-09-14,2025-09,D1,M'gladbach,Werder Bremen,draw,away,3.9,"[3.5,4.0)",0.24113475177304963,"[0.20,0.28)",market_non_favorite,B365_OPEN,False,-1.0
2025-09-14,2025-09,D1,M'gladbach,Werder Bremen,away,away,3.4,"[2.8,3.5)",0.276595744680851,"[0.20,0.28)",market_non_favorite,B365_OPEN,True,2.4
2025-09-14,2025-09,D1,St Pauli,Augsburg,home,home,2.2,"[2.2,2.8)",0.43220338983050843,"[0.42,0.55)",market_favorite,B365_OPEN,True,1.2000000000000002
2025-09-14,2025-09,D1,St Pauli,Augsburg,draw,home,3.4,"[2.8,3.5)",0.2796610169491525,"[0.20,0.28)",market_non_favorite,B365_OPEN,False,-1.0
2025-09-14,2025-09,D1,St Pauli,Augsburg,away,home,3.3,"[2.8,3.5)",0.288135593220339,"[0.28,0.34)",market_non_favorite,B365_OPEN,False,-1.0
2025-09-19,2025-09,D1,Stuttgart,St Pauli,home,home,1.75,"[1.0,1.8)",0.5424476295479603,"[0.42,0.55)",market_favorite,B365_OPEN,True,0.75
2025-09-19,2025-09,D1,Stuttgart,St Pauli,draw,home,4.1,"[4.0,5.0)",0.23153252480705624,"[0.20,0.28)",market_non_favorite,B365_OPEN,False,-1.0
2025-09-19,2025-09,D1,Stuttgart,St Pauli,away,home,4.2,"[4.0,5.0)",0.22601984564498345,"[0.20,0.28)",market_non_favorite,B365_OPEN,False,-1.0
2025-09-20,2025-09,D1,Werder Bremen,Freiburg,home,away,2.38,"[2.2,2.8)",0.39823008849557523,"[0.34,0.42)",market_favorite,B365_OPEN,False,-1.0
2025-09-20,2025-09,D1,Werder Bremen,Freiburg,draw,away,3.6,"[3.5,4.0)",0.26327433628318586,"[0.20,0.28)",market_non_favorite,B365_OPEN,False,-1.0
2025-09-20,2025-09,D1,Werder Bremen,Freiburg,away,away,2.8,"[2.8,3.5)",0.33849557522123896,"[0.28,0.34)",market_non_favorite,B365_OPEN,True,1.7999999999999998
2025-09-20,2025-09,D1,RB Leipzig,FC Koln,home,home,1.65,"[1.0,1.8)",0.5721710787120644,"[0.55,1.00]",market_favorite,B365_OPEN,True,0.6499999999999999
2025-09-20,2025-09,D1,RB Leipzig,FC Koln,draw,home,4.33,"[4.0,5.0)",0.21803285909351183,"[0.20,0.28)",market_non_favorite,B365_OPEN,False,-1.0
2025-09-20,2025-09,D1,RB Leipzig,FC Koln,away,home,4.5,"[4.0,5.0)",0.20979606219442362,"[0.20,0.28)",market_non_favorite,B365_OPEN,False,-1.0
2025-09-20,2025-09,D1,Hoffenheim,Bayern Munich,home,away,7.0,"[7.0,inf)",0.1345926800472255,"[0.00,0.20)",market_non_favorite,B365_OPEN,False,-1.0
2025-09-20,2025-09,D1,Hoffenheim,Bayern Munich,draw,away,6.0,"[5.0,7.0)",0.15702479338842976,"[0.00,0.20)",market_non_favorite,B365_OPEN,False,-1.0
2025-09-20,2025-09,D1,Hoffenheim,Bayern Munich,away,away,1.33,"[1.0,1.8)",0.7083825265643447,"[0.55,1.00]",market_favorite,B365_OPEN,True,0.33000000000000007
2025-09-20,2025-09,D1,Hamburg,Heidenheim,home,home,2.05,"[1.8,2.2)",0.46400294605045117,"[0.42,0.55)",market_favorite,B365_OPEN,True,1.0499999999999998
2025-09-20,2025-09,D1,Hamburg,Heidenheim,draw,home,3.6,"[3.5,4.0)",0.2642238998342847,"[0.20,0.28)",market_non_favorite,B365_OPEN,False,-1.0
2025-09-20,2025-09,D1,Hamburg,Heidenheim,away,home,3.5,"[3.5,4.0)",0.2717731541152642,"[0.20,0.28)",market_non_favorite,B365_OPEN,False,-1.0
2025-09-20,2025-09,D1,Augsburg,Mainz,home,away,2.7,"[2.2,2.8)",0.3530351437699681,"[0.34,0.42)",market_non_favorite,B365_OPEN,False,-1.0
2025-09-20,2025-09,D1,Augsburg,Mainz,draw,away,3.4,"[2.8,3.5)",0.2803514376996806,"[0.28,0.34)",market_non_favorite,B365_OPEN,False,-1.0
2025-09-20,2025-09,D1,Augsburg,Mainz,away,away,2.6,"[2.2,2.8)",0.36661341853035145,"[0.34,0.42)",market_favorite,B365_OPEN,True,1.6
2025-09-21,2025-09,D1,Dortmund,Wolfsburg,home,home,1.5,"[1.0,1.8)",0.6358381502890174,"[0.55,1.00]",market_favorite,B365_OPEN,True,0.5
2025-09-21,2025-09,D1,Dortmund,Wolfsburg,draw,home,5.0,"[5.0,7.0)",0.19075144508670525,"[0.00,0.20)",market_non_favorite,B365_OPEN,False,-1.0
2025-09-21,2025-09,D1,Dortmund,Wolfsburg,away,home,5.5,"[5.0,7.0)",0.17341040462427748,"[0.00,0.20)",market_non_favorite,B365_OPEN,False,-1.0
2025-09-21,2025-09,D1,Ein Frankfurt,Union Berlin,home,away,1.57,"[1.0,1.8)",0.6067809651932196,"[0.55,1.00]",market_favorite,B365_OPEN,False,-1.0
2025-09-21,2025-09,D1,Ein Frankfurt,Union Berlin,draw,away,4.33,"[4.0,5.0)",0.2200106501970796,"[0.20,0.28)",market_non_favorite,B365_OPEN,False,-1.0
2025-09-21,2025-09,D1,Ein Frankfurt,Union Berlin,away,away,5.5,"[5.0,7.0)",0.17320838460970087,"[0.00,0.20)",market_non_favorite,B365_OPEN,True,4.5
2025-09-21,2025-09,D1,Leverkusen,M'gladbach,home,draw,1.57,"[1.0,1.8)",0.6013630896699185,"[0.55,1.00]",market_favorite,B365_OPEN,False,-1.0
2025-09-21,2025-09,D1,Leverkusen,M'gladbach,draw,draw,5.0,"[5.0,7.0)",0.18882801015635442,"[0.00,0.20)",market_non_favorite,B365_OPEN,True,4.0
2025-09-21,2025-09,D1,Leverkusen,M'gladbach,away,draw,4.5,"[4.0,5.0)",0.2098089001737271,"[0.20,0.28)",market_non_favorite,B365_OPEN,False,-1.0
2025-09-26,2025-09,D1,Bayern Munich,Werder Bremen,home,home,1.09,"[1.0,1.8)",0.868812998345118,"[0.55,1.00]",market_favorite,B365_OPEN,True,0.09000000000000008
2025-09-26,2025-09,D1,Bayern Munich,Werder Bremen,draw,home,11.0,"[7.0,inf)",0.08609146983601625,"[0.00,0.20)",market_non_favorite,B365_OPEN,False,-1.0
2025-09-26,2025-09,D1,Bayern Munich,Werder Bremen,away,home,21.0,"[7.0,inf)",0.04509553181886565,"[0.00,0.20)",market_non_favorite,B365_OPEN,False,-1.0
2025-09-27,2025-09,D1,Wolfsburg,RB Leipzig,home,away,2.55,"[2.2,2.8)",0.3718712753277712,"[0.34,0.42)",market_favorite,B365_OPEN,False,-1.0
2025-09-27,2025-09,D1,Wolfsburg,RB Leipzig,draw,away,3.6,"[3.5,4.0)",0.2634088200238379,"[0.20,0.28)",market_non_favorite,B365_OPEN,False,-1.0
2025-09-27,2025-09,D1,Wolfsburg,RB Leipzig,away,away,2.6,"[2.2,2.8)",0.3647199046483909,"[0.34,0.42)",market_non_favorite,B365_OPEN,True,1.6
2025-09-27,2025-09,D1,St Pauli,Leverkusen,home,away,3.1,"[2.8,3.5)",0.30579150579150577,"[0.28,0.34)",market_non_favorite,B365_OPEN,False,-1.0
2025-09-27,2025-09,D1,St Pauli,Leverkusen,draw,away,3.6,"[3.5,4.0)",0.2633204633204633,"[0.20,0.28)",market_non_favorite,B365_OPEN,False,-1.0
2025-09-27,2025-09,D1,St Pauli,Leverkusen,away,away,2.2,"[2.2,2.8)",0.43088803088803085,"[0.42,0.55)",market_favorite,B365_OPEN,True,1.2000000000000002
2025-09-27,2025-09,D1,Mainz,Dortmund,home,away,3.2,"[2.8,3.5)",0.29510064565134825,"[0.28,0.34)",market_non_favorite,B365_OPEN,False,-1.0
2025-09-27,2025-09,D1,Mainz,Dortmund,draw,away,3.7,"[3.5,4.0)",0.2552221800227877,"[0.20,0.28)",market_non_favorite,B365_OPEN,False,-1.0
2025-09-27,2025-09,D1,Mainz,Dortmund,away,away,2.1,"[1.8,2.2)",0.449677174325864,"[0.42,0.55)",market_favorite,B365_OPEN,True,1.1
2025-09-27,2025-09,D1,M'gladbach,Ein Frankfurt,home,away,3.1,"[2.8,3.5)",0.30579150579150577,"[0.28,0.34)",market_non_favorite,B365_OPEN,False,-1.0
2025-09-27,2025-09,D1,M'gladbach,Ein Frankfurt,draw,away,3.6,"[3.5,4.0)",0.2633204633204633,"[0.20,0.28)",market_non_favorite,B365_OPEN,False,-1.0
2025-09-27,2025-09,D1,M'gladbach,Ein Frankfurt,away,away,2.2,"[2.2,2.8)",0.43088803088803085,"[0.42,0.55)",market_favorite,B365_OPEN,True,1.2000000000000002
2025-09-27,2025-09,D1,Heidenheim,Augsburg,home,home,2.7,"[2.2,2.8)",0.3507014028056112,"[0.34,0.42)",market_non_favorite,B365_OPEN,True,1.7000000000000002
2025-09-27,2025-09,D1,Heidenheim,Augsburg,draw,home,3.5,"[3.5,4.0)",0.2705410821643286,"[0.20,0.28)",market_non_favorite,B365_OPEN,False,-1.0
2025-09-27,2025-09,D1,Heidenheim,Augsburg,away,home,2.5,"[2.2,2.8)",0.3787575150300601,"[0.34,0.42)",market_favorite,B365_OPEN,False,-1.0
2025-09-28,2025-09,D1,FC Koln,Stuttgart,home,away,2.9,"[2.8,3.5)",0.3265184597062326,"[0.28,0.34)",market_non_favorite,B365_OPEN,False,-1.0
2025-09-28,2025-09,D1,FC Koln,Stuttgart,draw,away,3.5,"[3.5,4.0)",0.2705438666137356,"[0.20,0.28)",market_non_favorite,B365_OPEN,False,-1.0
2025-09-28,2025-09,D1,FC Koln,Stuttgart,away,away,2.35,"[2.2,2.8)",0.40293767368003175,"[0.34,0.42)",market_favorite,B365_OPEN,True,1.35
2025-09-28,2025-09,D1,Freiburg,Hoffenheim,home,draw,2.25,"[2.2,2.8)",0.41883568448241604,"[0.34,0.42)",market_favorite,B365_OPEN,False,-1.0
2025-09-28,2025-09,D1,Freiburg,Hoffenheim,draw,draw,3.4,"[2.8,3.5)",0.27717067355454006,"[0.20,0.28)",market_non_favorite,B365_OPEN,True,2.4
2025-09-28,2025-09,D1,Freiburg,Hoffenheim,away,draw,3.1,"[2.8,3.5)",0.3039936419630439,"[0.28,0.34)",market_non_favorite,B365_OPEN,False,-1.0
2025-09-28,2025-09,D1,Union Berlin,Hamburg,home,draw,1.95,"[1.8,2.2)",0.48519443453442745,"[0.42,0.55)",market_favorite,B365_OPEN,False,-1.0
2025-09-28,2025-09,D1,Union Berlin,Hamburg,draw,draw,3.4,"[2.8,3.5)",0.27827327863003926,"[0.20,0.28)",market_non_favorite,B365_OPEN,True,2.4
2025-09-28,2025-09,D1,Union Berlin,Hamburg,away,draw,4.0,"[4.0,5.0)",0.23653228683553335,"[0.20,0.28)",market_non_favorite,B365_OPEN,False,-1.0
2025-10-03,2025-10,D1,Hoffenheim,FC Koln,home,away,1.91,"[1.8,2.2)",0.49369318080734403,"[0.42,0.55)",market_favorite,B365_OPEN,False,-1.0
2025-10-03,2025-10,D1,Hoffenheim,FC Koln,draw,away,3.7,"[3.5,4.0)",0.2548524257681154,"[0.20,0.28)",market_non_favorite,B365_OPEN,False,-1.0
2025-10-03,2025-10,D1,Hoffenheim,FC Koln,away,away,3.75,"[3.5,4.0)",0.25145439342454057,"[0.20,0.28)",market_non_favorite,B365_OPEN,True,2.75
2025-10-04,2025-10,D1,Werder Bremen,St Pauli,home,home,2.35,"[2.2,2.8)",0.4079788659596463,"[0.34,0.42)",market_favorite,B365_OPEN,True,1.35
2025-10-04,2025-10,D1,Werder Bremen,St Pauli,draw,home,3.7,"[3.5,4.0)",0.25912171216355906,"[0.20,0.28)",market_non_favorite,B365_OPEN,False,-1.0
2025-10-04,2025-10,D1,Werder Bremen,St Pauli,away,home,2.88,"[2.8,3.5)",0.33289942187679467,"[0.28,0.34)",market_non_favorite,B365_OPEN,False,-1.0
2025-10-04,2025-10,D1,Ein Frankfurt,Bayern Munich,home,away,6.25,"[5.0,7.0)",0.15170168387851654,"[0.00,0.20)",market_non_favorite,B365_OPEN,False,-1.0
2025-10-04,2025-10,D1,Ein Frankfurt,Bayern Munich,draw,away,5.25,"[5.0,7.0)",0.1805972427125197,"[0.00,0.20)",market_non_favorite,B365_OPEN,False,-1.0
2025-10-04,2025-10,D1,Ein Frankfurt,Bayern Munich,away,away,1.42,"[1.0,1.8)",0.6677010734089638,"[0.55,1.00]",market_favorite,B365_OPEN,True,0.41999999999999993
2025-10-04,2025-10,D1,Dortmund,RB Leipzig,home,draw,1.7,"[1.0,1.8)",0.5609973285841496,"[0.55,1.00]",market_favorite,B365_OPEN,False,-1.0
2025-10-04,2025-10,D1,Dortmund,RB Leipzig,draw,draw,4.5,"[4.0,5.0)",0.21193232413178983,"[0.20,0.28)",market_non_favorite,B365_OPEN,True,3.5
2025-10-04,2025-10,D1,Dortmund,RB Leipzig,away,draw,4.2,"[4.0,5.0)",0.22707034728406053,"[0.20,0.28)",market_non_favorite,B365_OPEN,False,-1.0
2025-10-04,2025-10,D1,Augsburg,Wolfsburg,home,home,2.75,"[2.2,2.8)",0.34385964912280703,"[0.34,0.42)",market_non_favorite,B365_OPEN,True,1.75
2025-10-04,2025-10,D1,Augsburg,Wolfsburg,draw,home,3.5,"[3.5,4.0)",0.27017543859649124,"[0.20,0.28)",market_non_favorite,B365_OPEN,False,-1.0
2025-10-04,2025-10,D1,Augsburg,Wolfsburg,away,home,2.45,"[2.2,2.8)",0.38596491228070173,"[0.34,0.42)",market_favorite,B365_OPEN,False,-1.0
2025-10-04,2025-10,D1,Leverkusen,Union Berlin,home,home,1.7,"[1.0,1.8)",0.5608856088560886,"[0.55,1.00]",market_favorite,B365_OPEN,True,0.7
2025-10-04,2025-10,D1,Leverkusen,Union Berlin,draw,home,4.0,"[4.0,5.0)",0.23837638376383766,"[0.20,0.28)",market_non_favorite,B365_OPEN,False,-1.0
2025-10-04,2025-10,D1,Leverkusen,Union Berlin,away,home,4.75,"[4.0,5.0)",0.2007380073800738,"[0.20,0.28)",market_non_favorite,B365_OPEN,False,-1.0
2025-10-05,2025-10,D1,Hamburg,Mainz,home,home,2.8,"[2.8,3.5)",0.33707865168539325,"[0.28,0.34)",market_non_favorite,B365_OPEN,True,1.7999999999999998
2025-10-05,2025-10,D1,Hamburg,Mainz,draw,home,3.5,"[3.5,4.0)",0.2696629213483146,"[0.20,0.28)",market_non_favorite,B365_OPEN,False,-1.0
2025-10-05,2025-10,D1,Hamburg,Mainz,away,home,2.4,"[2.2,2.8)",0.39325842696629215,"[0.34,0.42)",market_favorite,B365_OPEN,False,-1.0
2025-10-05,2025-10,D1,M'gladbach,Freiburg,home,draw,2.25,"[2.2,2.8)",0.42105263157894735,"[0.42,0.55)",market_favorite,B365_OPEN,False,-1.0
2025-10-05,2025-10,D1,M'gladbach,Freiburg,draw,draw,3.6,"[3.5,4.0)",0.2631578947368421,"[0.20,0.28)",market_non_favorite,B365_OPEN,True,2.6
2025-10-05,2025-10,D1,M'gladbach,Freiburg,away,draw,3.0,"[2.8,3.5)",0.3157894736842105,"[0.28,0.34)",market_non_favorite,B365_OPEN,False,-1.0
2025-10-05,2025-10,D1,Stuttgart,Heidenheim,home,home,1.42,"[1.0,1.8)",0.6658656253129068,"[0.55,1.00]",market_favorite,B365_OPEN,True,0.41999999999999993
2025-10-05,2025-10,D1,Stuttgart,Heidenheim,draw,home,4.75,"[4.0,5.0)",0.1990587764093321,"[0.00,0.20)",market_non_favorite,B365_OPEN,False,-1.0
2025-10-05,2025-10,D1,Stuttgart,Heidenheim,away,home,7.0,"[7.0,inf)",0.13507559827776108,"[0.00,0.20)",market_non_favorite,B365_OPEN,False,-1.0
2025-10-17,2025-10,D1,Union Berlin,M'gladbach,home,home,2.2,"[2.2,2.8)",0.42834645669291344,"[0.42,0.55)",market_favorite,B365_OPEN,True,1.2000000000000002
2025-10-17,2025-10,D1,Union Berlin,M'gladbach,draw,home,3.4,"[2.8,3.5)",0.2771653543307087,"[0.20,0.28)",market_non_favorite,B365_OPEN,False,-1.0
2025-10-17,2025-10,D1,Union Berlin,M'gladbach,away,home,3.2,"[2.8,3.5)",0.29448818897637796,"[0.28,0.34)",market_non_favorite,B365_OPEN,False,-1.0
2025-10-18,2025-10,D1,RB Leipzig,Hamburg,home,home,1.44,"[1.0,1.8)",0.6558682952734998,"[0.55,1.00]",market_favorite,B365_OPEN,True,0.43999999999999995
2025-10-18,2025-10,D1,RB Leipzig,Hamburg,draw,home,4.75,"[4.0,5.0)",0.19883165161975572,"[0.00,0.20)",market_non_favorite,B365_OPEN,False,-1.0
2025-10-18,2025-10,D1,RB Leipzig,Hamburg,away,home,6.5,"[5.0,7.0)",0.14530005310674457,"[0.00,0.20)",market_non_favorite,B365_OPEN,False,-1.0
2025-10-18,2025-10,D1,Mainz,Leverkusen,home,away,2.8,"[2.8,3.5)",0.3371104815864023,"[0.28,0.34)",market_non_favorite,B365_OPEN,False,-1.0
2025-10-18,2025-10,D1,Mainz,Leverkusen,draw,away,3.4,"[2.8,3.5)",0.2776203966005666,"[0.20,0.28)",market_non_favorite,B365_OPEN,False,-1.0
2025-10-18,2025-10,D1,Mainz,Leverkusen,away,away,2.45,"[2.2,2.8)",0.38526912181303113,"[0.34,0.42)",market_favorite,B365_OPEN,True,1.4500000000000002
2025-10-18,2025-10,D1,Heidenheim,Werder Bremen,home,draw,2.88,"[2.8,3.5)",0.32804211701830654,"[0.28,0.34)",market_non_favorite,B365_OPEN,False,-1.0
2025-10-18,2025-10,D1,Heidenheim,Werder Bremen,draw,draw,3.5,"[3.5,4.0)",0.26993179914649224,"[0.20,0.28)",market_non_favorite,B365_OPEN,True,2.5
2025-10-18,2025-10,D1,Heidenheim,Werder Bremen,away,draw,2.35,"[2.2,2.8)",0.4020260838352012,"[0.34,0.42)",market_favorite,B365_OPEN,False,-1.0
2025-10-18,2025-10,D1,FC Koln,Augsburg,home,draw,1.95,"[1.8,2.2)",0.48611111111111116,"[0.42,0.55)",market_favorite,B365_OPEN,False,-1.0
2025-10-18,2025-10,D1,FC Koln,Augsburg,draw,draw,3.9,"[3.5,4.0)",0.24305555555555558,"[0.20,0.28)",market_non_favorite,B365_OPEN,True,2.9
2025-10-18,2025-10,D1,FC Koln,Augsburg,away,draw,3.5,"[3.5,4.0)",0.2708333333333333,"[0.20,0.28)",market_non_favorite,B365_OPEN,False,-1.0
2025-10-18,2025-10,D1,Bayern Munich,Dortmund,home,home,1.33,"[1.0,1.8)",0.7046463956269218,"[0.55,1.00]",market_favorite,B365_OPEN,True,0.33000000000000007
2025-10-18,2025-10,D1,Bayern Munich,Dortmund,draw,home,5.5,"[5.0,7.0)",0.17039631021523746,"[0.00,0.20)",market_non_favorite,B365_OPEN,False,-1.0
2025-10-18,2025-10,D1,Bayern Munich,Dortmund,away,home,7.5,"[7.0,inf)",0.12495729415784079,"[0.00,0.20)",market_non_favorite,B365_OPEN,False,-1.0
2025-10-18,2025-10,D1,Wolfsburg,Stuttgart,home,away,2.63,"[2.2,2.8)",0.35938186319530413,"[0.34,0.42)",market_non_favorite,B365_OPEN,False,-1.0
2025-10-18,2025-10,D1,Wolfsburg,Stuttgart,draw,away,3.6,"[3.5,4.0)",0.26254841672323603,"[0.20,0.28)",market_non_favorite,B365_OPEN,False,-1.0
2025-10-18,2025-10,D1,Wolfsburg,Stuttgart,away,away,2.5,"[2.2,2.8)",0.37806972008145995,"[0.34,0.42)",market_favorite,B365_OPEN,True,1.5
2025-10-19,2025-10,D1,Freiburg,Ein Frankfurt,home,draw,2.5,"[2.2,2.8)",0.3787575150300601,"[0.34,0.42)",market_favorite,B365_OPEN,False,-1.0
2025-10-19,2025-10,D1,Freiburg,Ein Frankfurt,draw,draw,3.5,"[3.5,4.0)",0.2705410821643286,"[0.20,0.28)",market_non_favorite,B365_OPEN,True,2.5
2025-10-19,2025-10,D1,Freiburg,Ein Frankfurt,away,draw,2.7,"[2.2,2.8)",0.3507014028056112,"[0.34,0.42)",market_non_favorite,B365_OPEN,False,-1.0
2025-10-19,2025-10,D1,St Pauli,Hoffenheim,home,away,2.5,"[2.2,2.8)",0.38049560351718625,"[0.34,0.42)",market_favorite,B365_OPEN,False,-1.0
2025-10-19,2025-10,D1,St Pauli,Hoffenheim,draw,away,3.4,"[2.8,3.5)",0.2797761790567546,"[0.20,0.28)",market_non_favorite,B365_OPEN,False,-1.0
2025-10-19,2025-10,D1,St Pauli,Hoffenheim,away,away,2.8,"[2.8,3.5)",0.33972821742605913,"[0.28,0.34)",market_non_favorite,B365_OPEN,True,1.7999999999999998
2025-10-24,2025-10,D1,Werder Bremen,Union Berlin,home,home,2.25,"[2.2,2.8)",0.41651705565529623,"[0.34,0.42)",market_favorite,B365_OPEN,True,1.25
2025-10-24,2025-10,D1,Werder Bremen,Union Berlin,draw,home,3.6,"[3.5,4.0)",0.26032315978456017,"[0.20,0.28)",market_non_favorite,B365_OPEN,False,-1.0
2025-10-24,2025-10,D1,Werder Bremen,Union Berlin,away,home,2.9,"[2.8,3.5)",0.32315978456014366,"[0.28,0.34)",market_non_favorite,B365_OPEN,False,-1.0
2025-10-25,2025-10,D1,M'gladbach,Bayern Munich,home,away,10.0,"[7.0,inf)",0.09315165041700929,"[0.00,0.20)",market_non_favorite,B365_OPEN,False,-1.0
2025-10-25,2025-10,D1,M'gladbach,Bayern Munich,draw,away,6.5,"[5.0,7.0)",0.1433102314107835,"[0.00,0.20)",market_non_favorite,B365_OPEN,False,-1.0
2025-10-25,2025-10,D1,M'gladbach,Bayern Munich,away,away,1.22,"[1.0,1.8)",0.7635381181722072,"[0.55,1.00]",market_favorite,B365_OPEN,True,0.21999999999999997
2025-10-25,2025-10,D1,Hoffenheim,Heidenheim,home,home,1.57,"[1.0,1.8)",0.6068194952802928,"[0.55,1.00]",market_favorite,B365_OPEN,True,0.5700000000000001
2025-10-25,2025-10,D1,Hoffenheim,Heidenheim,draw,home,4.5,"[4.0,5.0)",0.2117125794644577,"[0.20,0.28)",market_non_favorite,B365_OPEN,False,-1.0
2025-10-25,2025-10,D1,Hoffenheim,Heidenheim,away,home,5.25,"[5.0,7.0)",0.18146792525524946,"[0.00,0.20)",market_non_favorite,B365_OPEN,False,-1.0
2025-10-25,2025-10,D1,Hamburg,Wolfsburg,home,away,2.35,"[2.2,2.8)",0.40293767368003175,"[0.34,0.42)",market_favorite,B365_OPEN,False,-1.0
2025-10-25,2025-10,D1,Hamburg,Wolfsburg,draw,away,3.5,"[3.5,4.0)",0.2705438666137356,"[0.20,0.28)",market_non_favorite,B365_OPEN,False,-1.0
2025-10-25,2025-10,D1,Hamburg,Wolfsburg,away,away,2.9,"[2.8,3.5)",0.3265184597062326,"[0.28,0.34)",market_non_favorite,B365_OPEN,True,1.9
2025-10-25,2025-10,D1,Ein Frankfurt,St Pauli,home,home,1.67,"[1.0,1.8)",0.5653773669568339,"[0.55,1.00]",market_favorite,B365_OPEN,True,0.6699999999999999
2025-10-25,2025-10,D1,Ein Frankfurt,St Pauli,draw,home,4.2,"[4.0,5.0)",0.22480481019474108,"[0.20,0.28)",market_non_favorite,B365_OPEN,False,-1.0
2025-10-25,2025-10,D1,Ein Frankfurt,St Pauli,away,home,4.5,"[4.0,5.0)",0.209817822848425,"[0.20,0.28)",market_non_favorite,B365_OPEN,False,-1.0
2025-10-25,2025-10,D1,Dortmund,FC Koln,home,home,1.44,"[1.0,1.8)",0.6685277696150456,"[0.55,1.00]",market_favorite,B365_OPEN,True,0.43999999999999995
2025-10-25,2025-10,D1,Dortmund,FC Koln,draw,home,5.25,"[5.0,7.0)",0.18336761680869823,"[0.00,0.20)",market_non_favorite,B365_OPEN,False,-1.0
2025-10-25,2025-10,D1,Dortmund,FC Koln,away,home,6.5,"[5.0,7.0)",0.14810461357625626,"[0.00,0.20)",market_non_favorite,B365_OPEN,False,-1.0
2025-10-25,2025-10,D1,Augsburg,RB Leipzig,home,away,3.2,"[2.8,3.5)",0.29572776031070835,"[0.28,0.34)",market_non_favorite,B365_OPEN,False,-1.0
2025-10-25,2025-10,D1,Augsburg,RB Leipzig,draw,away,3.9,"[3.5,4.0)",0.2426484187164787,"[0.20,0.28)",market_non_favorite,B365_OPEN,False,-1.0
2025-10-25,2025-10,D1,Augsburg,RB Leipzig,away,away,2.05,"[1.8,2.2)",0.46162382097281307,"[0.42,0.55)",market_favorite,B365_OPEN,True,1.0499999999999998
2025-10-26,2025-10,D1,Leverkusen,Freiburg,home,home,1.83,"[1.8,2.2)",0.5190138736400838,"[0.42,0.55)",market_favorite,B365_OPEN,True,0.8300000000000001
2025-10-26,2025-10,D1,Leverkusen,Freiburg,draw,home,3.9,"[3.5,4.0)",0.24353727916957785,"[0.20,0.28)",market_non_favorite,B365_OPEN,False,-1.0
2025-10-26,2025-10,D1,Leverkusen,Freiburg,away,home,4.0,"[4.0,5.0)",0.23744884719033837,"[0.20,0.28)",market_non_favorite,B365_OPEN,False,-1.0
2025-10-26,2025-10,D1,Stuttgart,Mainz,home,home,1.75,"[1.0,1.8)",0.5429892624813857,"[0.42,0.55)",market_favorite,B365_OPEN,True,0.75
2025-10-26,2025-10,D1,Stuttgart,Mainz,draw,home,4.0,"[4.0,5.0)",0.23755780233560622,"[0.20,0.28)",market_non_favorite,B365_OPEN,False,-1.0
2025-10-26,2025-10,D1,Stuttgart,Mainz,away,home,4.33,"[4.0,5.0)",0.21945293518300807,"[0.20,0.28)",market_non_favorite,B365_OPEN,False,-1.0
2025-10-31,2025-10,D1,Augsburg,Dortmund,home,away,5.0,"[5.0,7.0)",0.18882801015635442,"[0.00,0.20)",market_non_favorite,B365_OPEN,False,-1.0
2025-10-31,2025-10,D1,Augsburg,Dortmund,draw,away,4.5,"[4.0,5.0)",0.2098089001737271,"[0.20,0.28)",market_non_favorite,B365_OPEN,False,-1.0
2025-10-31,2025-10,D1,Augsburg,Dortmund,away,away,1.57,"[1.0,1.8)",0.6013630896699185,"[0.55,1.00]",market_favorite,B365_OPEN,True,0.5700000000000001
2025-11-01,2025-11,D1,Union Berlin,Freiburg,home,draw,2.5,"[2.2,2.8)",0.375,"[0.34,0.42)",market_favorite,B365_OPEN,False,-1.0
2025-11-01,2025-11,D1,Union Berlin,Freiburg,draw,draw,3.3,"[2.8,3.5)",0.2840909090909091,"[0.28,0.34)",market_non_favorite,B365_OPEN,True,2.3
2025-11-01,2025-11,D1,Union Berlin,Freiburg,away,draw,2.75,"[2.2,2.8)",0.34090909090909094,"[0.34,0.42)",market_non_favorite,B365_OPEN,False,-1.0
2025-11-01,2025-11,D1,St Pauli,M'gladbach,home,away,2.15,"[1.8,2.2)",0.44134505158578524,"[0.42,0.55)",market_favorite,B365_OPEN,False,-1.0
2025-11-01,2025-11,D1,St Pauli,M'gladbach,draw,away,3.5,"[3.5,4.0)",0.2711119602598395,"[0.20,0.28)",market_non_favorite,B365_OPEN,False,-1.0
2025-11-01,2025-11,D1,St Pauli,M'gladbach,away,away,3.3,"[2.8,3.5)",0.28754298815437523,"[0.28,0.34)",market_non_favorite,B365_OPEN,True,2.3
2025-11-01,2025-11,D1,Mainz,Werder Bremen,home,draw,1.95,"[1.8,2.2)",0.48611111111111116,"[0.42,0.55)",market_favorite,B365_OPEN,False,-1.0
2025-11-01,2025-11,D1,Mainz,Werder Bremen,draw,draw,3.9,"[3.5,4.0)",0.24305555555555558,"[0.20,0.28)",market_non_favorite,B365_OPEN,True,2.9
2025-11-01,2025-11,D1,Mainz,Werder Bremen,away,draw,3.5,"[3.5,4.0)",0.2708333333333333,"[0.20,0.28)",market_non_favorite,B365_OPEN,False,-1.0
2025-11-01,2025-11,D1,Bayern Munich,Leverkusen,home,home,1.22,"[1.0,1.8)",0.7676324598868752,"[0.55,1.00]",market_favorite,B365_OPEN,True,0.21999999999999997
2025-11-01,2025-11,D1,Bayern Munich,Leverkusen,draw,home,7.0,"[7.0,inf)",0.13378737158028395,"[0.00,0.20)",market_non_favorite,B365_OPEN,False,-1.0
2025-11-01,2025-11,D1,Bayern Munich,Leverkusen,away,home,9.5,"[7.0,inf)",0.09858016853284081,"[0.00,0.20)",market_non_favorite,B365_OPEN,False,-1.0
2025-11-01,2025-11,D1,RB Leipzig,Stuttgart,home,home,1.95,"[1.8,2.2)",0.48611111111111116,"[0.42,0.55)",market_favorite,B365_OPEN,True,0.95
2025-11-01,2025-11,D1,RB Leipzig,Stuttgart,draw,home,3.9,"[3.5,4.0)",0.24305555555555558,"[0.20,0.28)",market_non_favorite,B365_OPEN,False,-1.0
2025-11-01,2025-11,D1,RB Leipzig,Stuttgart,away,home,3.5,"[3.5,4.0)",0.2708333333333333,"[0.20,0.28)",market_non_favorite,B365_OPEN,False,-1.0
2025-11-01,2025-11,D1,Heidenheim,Ein Frankfurt,home,draw,3.6,"[3.5,4.0)",0.2635228848821082,"[0.20,0.28)",market_non_favorite,B365_OPEN,False,-1.0
2025-11-01,2025-11,D1,Heidenheim,Ein Frankfurt,draw,draw,4.0,"[4.0,5.0)",0.23717059639389737,"[0.20,0.28)",market_non_favorite,B365_OPEN,True,3.0
2025-11-01,2025-11,D1,Heidenheim,Ein Frankfurt,away,draw,1.9,"[1.8,2.2)",0.49930651872399445,"[0.42,0.55)",market_favorite,B365_OPEN,False,-1.0
2025-11-02,2025-11,D1,FC Koln,Hamburg,home,home,2.1,"[1.8,2.2)",0.449677174325864,"[0.42,0.55)",market_favorite,B365_OPEN,True,1.1
2025-11-02,2025-11,D1,FC Koln,Hamburg,draw,home,3.7,"[3.5,4.0)",0.2552221800227877,"[0.20,0.28)",market_non_favorite,B365_OPEN,False,-1.0
2025-11-02,2025-11,D1,FC Koln,Hamburg,away,home,3.2,"[2.8,3.5)",0.29510064565134825,"[0.28,0.34)",market_non_favorite,B365_OPEN,False,-1.0
2025-11-02,2025-11,D1,Wolfsburg,Hoffenheim,home,away,2.75,"[2.2,2.8)",0.3447348193697156,"[0.34,0.42)",market_non_favorite,B365_OPEN,False,-1.0
2025-11-02,2025-11,D1,Wolfsburg,Hoffenheim,draw,away,3.9,"[3.5,4.0)",0.2430822444273636,"[0.20,0.28)",market_non_favorite,B365_OPEN,False,-1.0
2025-11-02,2025-11,D1,Wolfsburg,Hoffenheim,away,away,2.3,"[2.2,2.8)",0.41218293620292085,"[0.34,0.42)",market_favorite,B365_OPEN,True,1.2999999999999998
2025-11-07,2025-11,D1,Werder Bremen,Wolfsburg,home,home,2.15,"[1.8,2.2)",0.4365343242714649,"[0.42,0.55)",market_favorite,B365_OPEN,True,1.15
2025-11-07,2025-11,D1,Werder Bremen,Wolfsburg,draw,home,3.6,"[3.5,4.0)",0.26070799921768045,"[0.20,0.28)",market_non_favorite,B365_OPEN,False,-1.0
2025-11-07,2025-11,D1,Werder Bremen,Wolfsburg,away,home,3.1,"[2.8,3.5)",0.30275767651085467,"[0.28,0.34)",market_non_favorite,B365_OPEN,False,-1.0
2025-11-08,2025-11,D1,M'gladbach,FC Koln,home,home,2.2,"[2.2,2.8)",0.43088803088803085,"[0.42,0.55)",market_favorite,B365_OPEN,True,1.2000000000000002
2025-11-08,2025-11,D1,M'gladbach,FC Koln,draw,home,3.6,"[3.5,4.0)",0.2633204633204633,"[0.20,0.28)",market_non_favorite,B365_OPEN,False,-1.0
2025-11-08,2025-11,D1,M'gladbach,FC Koln,away,home,3.1,"[2.8,3.5)",0.30579150579150577,"[0.28,0.34)",market_non_favorite,B365_OPEN,False,-1.0
2025-11-08,2025-11,D1,Leverkusen,Heidenheim,home,home,1.4,"[1.0,1.8)",0.668724279835391,"[0.55,1.00]",market_favorite,B365_OPEN,True,0.3999999999999999
2025-11-08,2025-11,D1,Leverkusen,Heidenheim,draw,home,5.0,"[5.0,7.0)",0.18724279835390947,"[0.00,0.20)",market_non_favorite,B365_OPEN,False,-1.0
2025-11-08,2025-11,D1,Leverkusen,Heidenheim,away,home,6.5,"[5.0,7.0)",0.1440329218106996,"[0.00,0.20)",market_non_favorite,B365_OPEN,False,-1.0
2025-11-08,2025-11,D1,Hoffenheim,RB Leipzig,home,home,2.6,"[2.2,2.8)",0.3636363636363636,"[0.34,0.42)",market_non_favorite,B365_OPEN,True,1.6
2025-11-08,2025-11,D1,Hoffenheim,RB Leipzig,draw,home,3.9,"[3.5,4.0)",0.24242424242424246,"[0.20,0.28)",market_non_favorite,B365_OPEN,False,-1.0
2025-11-08,2025-11,D1,Hoffenheim,RB Leipzig,away,home,2.4,"[2.2,2.8)",0.393939393939394,"[0.34,0.42)",market_favorite,B365_OPEN,False,-1.0
2025-11-08,2025-11,D1,Hamburg,Dortmund,home,draw,4.33,"[4.0,5.0)",0.21843546363997918,"[0.20,0.28)",market_non_favorite,B365_OPEN,False,-1.0
2025-11-08,2025-11,D1,Hamburg,Dortmund,draw,draw,4.2,"[4.0,5.0)",0.22519656132407379,"[0.20,0.28)",market_non_favorite,B365_OPEN,True,3.2
2025-11-08,2025-11,D1,Hamburg,Dortmund,away,draw,1.7,"[1.0,1.8)",0.556367975035947,"[0.55,1.00]",market_favorite,B365_OPEN,False,-1.0
2025-11-08,2025-11,D1,Union Berlin,Bayern Munich,home,draw,13.0,"[7.0,inf)",0.07304347826086957,"[0.00,0.20)",market_non_favorite,B365_OPEN,False,-1.0
2025-11-08,2025-11,D1,Union Berlin,Bayern Munich,draw,draw,7.0,"[7.0,inf)",0.13565217391304346,"[0.00,0.20)",market_non_favorite,B365_OPEN,True,6.0
2025-11-08,2025-11,D1,Union Berlin,Bayern Munich,away,draw,1.2,"[1.0,1.8)",0.7913043478260869,"[0.55,1.00]",market_favorite,B365_OPEN,False,-1.0
2025-11-09,2025-11,D1,Ein Frankfurt,Mainz,home,home,1.83,"[1.8,2.2)",0.5190138736400838,"[0.42,0.55)",market_favorite,B365_OPEN,True,0.8300000000000001
2025-11-09,2025-11,D1,Ein Frankfurt,Mainz,draw,home,4.0,"[4.0,5.0)",0.23744884719033837,"[0.20,0.28)",market_non_favorite,B365_OPEN,False,-1.0
2025-11-09,2025-11,D1,Ein Frankfurt,Mainz,away,home,3.9,"[3.5,4.0)",0.24353727916957785,"[0.20,0.28)",market_non_favorite,B365_OPEN,False,-1.0
2025-11-09,2025-11,D1,Freiburg,St Pauli,home,home,1.83,"[1.8,2.2)",0.5182625863770978,"[0.42,0.55)",market_favorite,B365_OPEN,True,0.8300000000000001
2025-11-09,2025-11,D1,Freiburg,St Pauli,draw,home,3.5,"[3.5,4.0)",0.27097729516288255,"[0.20,0.28)",market_non_favorite,B365_OPEN,False,-1.0
2025-11-09,2025-11,D1,Freiburg,St Pauli,away,home,4.5,"[4.0,5.0)",0.21076011846001974,"[0.20,0.28)",market_non_favorite,B365_OPEN,False,-1.0
2025-11-09,2025-11,D1,Stuttgart,Augsburg,home,home,1.55,"[1.0,1.8)",0.6144269091716742,"[0.55,1.00]",market_favorite,B365_OPEN,True,0.55
2025-11-09,2025-11,D1,Stuttgart,Augsburg,draw,home,4.33,"[4.0,5.0)",0.21994496748639608,"[0.20,0.28)",market_non_favorite,B365_OPEN,False,-1.0
2025-11-09,2025-11,D1,Stuttgart,Augsburg,away,home,5.75,"[5.0,7.0)",0.16562812334192958,"[0.00,0.20)",market_non_favorite,B365_OPEN,False,-1.0
2025-11-21,2025-11,D1,Mainz,Hoffenheim,home,draw,2.6,"[2.2,2.8)",0.37241379310344824,"[0.34,0.42)",market_favorite,B365_OPEN,False,-1.0
2025-11-21,2025-11,D1,Mainz,Hoffenheim,draw,draw,3.6,"[3.5,4.0)",0.26896551724137935,"[0.20,0.28)",market_non_favorite,B365_OPEN,True,2.6
2025-11-21,2025-11,D1,Mainz,Hoffenheim,away,draw,2.7,"[2.2,2.8)",0.3586206896551724,"[0.34,0.42)",market_non_favorite,B365_OPEN,False,-1.0
2025-11-22,2025-11,D1,Wolfsburg,Leverkusen,home,away,3.5,"[3.5,4.0)",0.27149321266968324,"[0.20,0.28)",market_non_favorite,B365_OPEN,False,-1.0
2025-11-22,2025-11,D1,Wolfsburg,Leverkusen,draw,away,3.75,"[3.5,4.0)",0.25339366515837103,"[0.20,0.28)",market_non_favorite,B365_OPEN,False,-1.0
2025-11-22,2025-11,D1,Wolfsburg,Leverkusen,away,away,2.0,"[1.8,2.2)",0.4751131221719457,"[0.42,0.55)",market_favorite,B365_OPEN,True,1.0
2025-11-22,2025-11,D1,Heidenheim,M'gladbach,home,away,3.2,"[2.8,3.5)",0.29609793420045905,"[0.28,0.34)",market_non_favorite,B365_OPEN,False,-1.0
2025-11-22,2025-11,D1,Heidenheim,M'gladbach,draw,away,3.6,"[3.5,4.0)",0.2631981637337414,"[0.20,0.28)",market_non_favorite,B365_OPEN,False,-1.0
2025-11-22,2025-11,D1,Heidenheim,M'gladbach,away,away,2.15,"[1.8,2.2)",0.4407039020657995,"[0.42,0.55)",market_favorite,B365_OPEN,True,1.15
2025-11-22,2025-11,D1,FC Koln,Ein Frankfurt,home,away,3.0,"[2.8,3.5)",0.3160919540229885,"[0.28,0.34)",market_non_favorite,B365_OPEN,False,-1.0
2025-11-22,2025-11,D1,FC Koln,Ein Frankfurt,draw,away,3.75,"[3.5,4.0)",0.25287356321839083,"[0.20,0.28)",market_non_favorite,B365_OPEN,False,-1.0
2025-11-22,2025-11,D1,FC Koln,Ein Frankfurt,away,away,2.2,"[2.2,2.8)",0.4310344827586207,"[0.42,0.55)",market_favorite,B365_OPEN,True,1.2000000000000002
2025-11-22,2025-11,D1,Dortmund,Stuttgart,home,draw,1.75,"[1.0,1.8)",0.5429892624813857,"[0.42,0.55)",market_favorite,B365_OPEN,False,-1.0
2025-11-22,2025-11,D1,Dortmund,Stuttgart,draw,draw,4.0,"[4.0,5.0)",0.23755780233560622,"[0.20,0.28)",market_non_favorite,B365_OPEN,True,3.0
2025-11-22,2025-11,D1,Dortmund,Stuttgart,away,draw,4.33,"[4.0,5.0)",0.21945293518300807,"[0.20,0.28)",market_non_favorite,B365_OPEN,False,-1.0
2025-11-22,2025-11,D1,Bayern Munich,Freiburg,home,home,1.17,"[1.0,1.8)",0.8088978766430739,"[0.55,1.00]",market_favorite,B365_OPEN,True,0.16999999999999993
2025-11-22,2025-11,D1,Bayern Munich,Freiburg,draw,home,8.0,"[7.0,inf)",0.11830131445904954,"[0.00,0.20)",market_non_favorite,B365_OPEN,False,-1.0
2025-11-22,2025-11,D1,Bayern Munich,Freiburg,away,home,13.0,"[7.0,inf)",0.07280080889787664,"[0.00,0.20)",market_non_favorite,B365_OPEN,False,-1.0
2025-11-22,2025-11,D1,Augsburg,Hamburg,home,home,2.35,"[2.2,2.8)",0.40293767368003175,"[0.34,0.42)",market_favorite,B365_OPEN,True,1.35
2025-11-22,2025-11,D1,Augsburg,Hamburg,draw,home,3.5,"[3.5,4.0)",0.2705438666137356,"[0.20,0.28)",market_non_favorite,B365_OPEN,False,-1.0
2025-11-22,2025-11,D1,Augsburg,Hamburg,away,home,2.9,"[2.8,3.5)",0.3265184597062326,"[0.28,0.34)",market_non_favorite,B365_OPEN,False,-1.0
2025-11-23,2025-11,D1,RB Leipzig,Werder Bremen,home,home,1.45,"[1.0,1.8)",0.6528835690968444,"[0.55,1.00]",market_favorite,B365_OPEN,True,0.44999999999999996
2025-11-23,2025-11,D1,RB Leipzig,Werder Bremen,draw,home,5.0,"[5.0,7.0)",0.18933623503808486,"[0.00,0.20)",market_non_favorite,B365_OPEN,False,-1.0
2025-11-23,2025-11,D1,RB Leipzig,Werder Bremen,away,home,6.0,"[5.0,7.0)",0.15778019586507072,"[0.00,0.20)",market_non_favorite,B365_OPEN,False,-1.0
2025-11-23,2025-11,D1,St Pauli,Union Berlin,home,away,2.45,"[2.2,2.8)",0.3865105008077544,"[0.34,0.42)",market_favorite,B365_OPEN,False,-1.0
2025-11-23,2025-11,D1,St Pauli,Union Berlin,draw,away,3.3,"[2.8,3.5)",0.28695476575121165,"[0.28,0.34)",market_non_favorite,B365_OPEN,False,-1.0
2025-11-23,2025-11,D1,St Pauli,Union Berlin,away,away,2.9,"[2.8,3.5)",0.32653473344103395,"[0.28,0.34)",market_non_favorite,B365_OPEN,True,1.9
2025-11-28,2025-11,D1,M'gladbach,RB Leipzig,home,draw,2.88,"[2.8,3.5)",0.3299728576967817,"[0.28,0.34)",market_non_favorite,B365_OPEN,False,-1.0
2025-11-28,2025-11,D1,M'gladbach,RB Leipzig,draw,draw,3.7,"[3.5,4.0)",0.2568437378829003,"[0.20,0.28)",market_non_favorite,B365_OPEN,True,2.7
2025-11-28,2025-11,D1,M'gladbach,RB Leipzig,away,draw,2.3,"[2.2,2.8)",0.41318340442031803,"[0.34,0.42)",market_favorite,B365_OPEN,False,-1.0
2025-11-29,2025-11,D1,Werder Bremen,FC Koln,home,draw,2.25,"[2.2,2.8)",0.42230312320367885,"[0.42,0.55)",market_favorite,B365_OPEN,False,-1.0
2025-11-29,2025-11,D1,Werder Bremen,FC Koln,draw,draw,3.8,"[3.5,4.0)",0.2500479018969151,"[0.20,0.28)",market_non_favorite,B365_OPEN,True,2.8
2025-11-29,2025-11,D1,Werder Bremen,FC Koln,away,draw,2.9,"[2.8,3.5)",0.3276489748994061,"[0.28,0.34)",market_non_favorite,B365_OPEN,False,-1.0
2025-11-29,2025-11,D1,Union Berlin,Heidenheim,home,away,1.67,"[1.0,1.8)",0.5709391949757351,"[0.55,1.00]",market_favorite,B365_OPEN,False,-1.0
2025-11-29,2025-11,D1,Union Berlin,Heidenheim,draw,away,4.0,"[4.0,5.0)",0.2383671139023694,"[0.20,0.28)",market_non_favorite,B365_OPEN,False,-1.0
2025-11-29,2025-11,D1,Union Berlin,Heidenheim,away,away,5.0,"[5.0,7.0)",0.19069369112189552,"[0.00,0.20)",market_non_favorite,B365_OPEN,True,4.0
2025-11-29,2025-11,D1,Leverkusen,Dortmund,home,away,2.55,"[2.2,2.8)",0.3734248358279596,"[0.34,0.42)",market_favorite,B365_OPEN,False,-1.0
2025-11-29,2025-11,D1,Leverkusen,Dortmund,draw,away,3.6,"[3.5,4.0)",0.26450925871147135,"[0.20,0.28)",market_non_favorite,B365_OPEN,False,-1.0
2025-11-29,2025-11,D1,Leverkusen,Dortmund,away,away,2.63,"[2.2,2.8)",0.36206590546056916,"[0.34,0.42)",market_non_favorite,B365_OPEN,True,1.63
2025-11-29,2025-11,D1,Hoffenheim,Augsburg,home,home,1.67,"[1.0,1.8)",0.5692192187805826,"[0.55,1.00]",market_favorite,B365_OPEN,True,0.6699999999999999
2025-11-29,2025-11,D1,Hoffenheim,Augsburg,draw,home,4.33,"[4.0,5.0)",0.21953720447195677,"[0.20,0.28)",market_non_favorite,B365_OPEN,False,-1.0
2025-11-29,2025-11,D1,Hoffenheim,Augsburg,away,home,4.5,"[4.0,5.0)",0.21124357674746064,"[0.20,0.28)",market_non_favorite,B365_OPEN,False,-1.0
2025-11-29,2025-11,D1,Bayern Munich,St Pauli,home,home,1.1,"[1.0,1.8)",0.8603031544448996,"[0.55,1.00]",market_favorite,B365_OPEN,True,0.10000000000000009
2025-11-29,2025-11,D1,Bayern Munich,St Pauli,draw,home,10.0,"[7.0,inf)",0.09463334698893897,"[0.00,0.20)",market_non_favorite,B365_OPEN,False,-1.0
2025-11-29,2025-11,D1,Bayern Munich,St Pauli,away,home,21.0,"[7.0,inf)",0.04506349856616141,"[0.00,0.20)",market_non_favorite,B365_OPEN,False,-1.0
2025-11-30,2025-11,D1,Ein Frankfurt,Wolfsburg,home,draw,1.73,"[1.0,1.8)",0.5483028720626633,"[0.42,0.55)",market_favorite,B365_OPEN,False,-1.0
2025-11-30,2025-11,D1,Ein Frankfurt,Wolfsburg,draw,draw,4.2,"[4.0,5.0)",0.2258485639686684,"[0.20,0.28)",market_non_favorite,B365_OPEN,True,3.2
2025-11-30,2025-11,D1,Ein Frankfurt,Wolfsburg,away,draw,4.2,"[4.0,5.0)",0.2258485639686684,"[0.20,0.28)",market_non_favorite,B365_OPEN,False,-1.0
2025-11-30,2025-11,D1,Freiburg,Mainz,home,home,1.91,"[1.8,2.2)",0.4959022086400889,"[0.42,0.55)",market_favorite,B365_OPEN,True,0.9099999999999999
2025-11-30,2025-11,D1,Freiburg,Mainz,draw,home,3.4,"[2.8,3.5)",0.2785803583831088,"[0.20,0.28)",market_non_favorite,B365_OPEN,False,-1.0
2025-11-30,2025-11,D1,Freiburg,Mainz,away,home,4.2,"[4.0,5.0)",0.22551743297680232,"[0.20,0.28)",market_non_favorite,B365_OPEN,False,-1.0
2025-11-30,2025-11,D1,Hamburg,Stuttgart,home,home,3.0,"[2.8,3.5)",0.3160919540229885,"[0.28,0.34)",market_non_favorite,B365_OPEN,True,2.0
2025-11-30,2025-11,D1,Hamburg,Stuttgart,draw,home,3.75,"[3.5,4.0)",0.25287356321839083,"[0.20,0.28)",market_non_favorite,B365_OPEN,False,-1.0
2025-11-30,2025-11,D1,Hamburg,Stuttgart,away,home,2.2,"[2.2,2.8)",0.4310344827586207,"[0.42,0.55)",market_favorite,B365_OPEN,False,-1.0
2025-12-05,2025-12,D1,Mainz,M'gladbach,home,away,2.55,"[2.2,2.8)",0.36770360013981124,"[0.34,0.42)",market_favorite,B365_OPEN,False,-1.0
2025-12-05,2025-12,D1,Mainz,M'gladbach,draw,away,3.4,"[2.8,3.5)",0.2757777001048584,"[0.20,0.28)",market_non_favorite,B365_OPEN,False,-1.0
2025-12-05,2025-12,D1,Mainz,M'gladbach,away,away,2.63,"[2.2,2.8)",0.3565186997553303,"[0.34,0.42)",market_non_favorite,B365_OPEN,True,1.63
2025-12-06,2025-12,D1,Augsburg,Leverkusen,home,home,3.7,"[3.5,4.0)",0.25823989126741415,"[0.20,0.28)",market_non_favorite,B365_OPEN,True,2.7
2025-12-06,2025-12,D1,Augsburg,Leverkusen,draw,home,4.0,"[4.0,5.0)",0.23887189942235815,"[0.20,0.28)",market_non_favorite,B365_OPEN,False,-1.0
2025-12-06,2025-12,D1,Augsburg,Leverkusen,away,home,1.9,"[1.8,2.2)",0.5028882093102276,"[0.42,0.55)",market_favorite,B365_OPEN,False,-1.0
2025-12-06,2025-12,D1,Heidenheim,Freiburg,home,home,3.9,"[3.5,4.0)",0.24241142252776313,"[0.20,0.28)",market_non_favorite,B365_OPEN,True,2.9
2025-12-06,2025-12,D1,Heidenheim,Freiburg,draw,home,3.6,"[3.5,4.0)",0.2626123744050767,"[0.20,0.28)",market_non_favorite,B365_OPEN,False,-1.0
2025-12-06,2025-12,D1,Heidenheim,Freiburg,away,home,1.91,"[1.8,2.2)",0.4949762030671602,"[0.42,0.55)",market_favorite,B365_OPEN,False,-1.0
2025-12-06,2025-12,D1,RB Leipzig,Ein Frankfurt,home,home,1.73,"[1.0,1.8)",0.5483028720626633,"[0.42,0.55)",market_favorite,B365_OPEN,True,0.73
2025-12-06,2025-12,D1,RB Leipzig,Ein Frankfurt,draw,home,4.2,"[4.0,5.0)",0.2258485639686684,"[0.20,0.28)",market_non_favorite,B365_OPEN,False,-1.0
2025-12-06,2025-12,D1,RB Leipzig,Ein Frankfurt,away,home,4.2,"[4.0,5.0)",0.2258485639686684,"[0.20,0.28)",market_non_favorite,B365_OPEN,False,-1.0
2025-12-06,2025-12,D1,Stuttgart,Bayern Munich,home,away,5.75,"[5.0,7.0)",0.16351846630955735,"[0.00,0.20)",market_non_favorite,B365_OPEN,False,-1.0
2025-12-06,2025-12,D1,Stuttgart,Bayern Munich,draw,away,5.0,"[5.0,7.0)",0.18804623625599096,"[0.00,0.20)",market_non_favorite,B365_OPEN,False,-1.0
2025-12-06,2025-12,D1,Stuttgart,Bayern Munich,away,away,1.45,"[1.0,1.8)",0.6484352974344516,"[0.55,1.00]",market_favorite,B365_OPEN,True,0.44999999999999996
2025-12-06,2025-12,D1,Wolfsburg,Union Berlin,home,home,2.15,"[1.8,2.2)",0.44510940714419295,"[0.42,0.55)",market_favorite,B365_OPEN,True,1.15
2025-12-06,2025-12,D1,Wolfsburg,Union Berlin,draw,home,3.4,"[2.8,3.5)",0.2814662427529456,"[0.28,0.34)",market_non_favorite,B365_OPEN,False,-1.0
2025-12-06,2025-12,D1,Wolfsburg,Union Berlin,away,home,3.5,"[3.5,4.0)",0.27342435010286137,"[0.20,0.28)",market_non_favorite,B365_OPEN,False,-1.0
2025-12-06,2025-12,D1,FC Koln,St Pauli,home,draw,1.95,"[1.8,2.2)",0.4866595517609392,"[0.42,0.55)",market_favorite,B365_OPEN,False,-1.0
2025-12-06,2025-12,D1,FC Koln,St Pauli,draw,draw,3.6,"[3.5,4.0)",0.26360725720384204,"[0.20,0.28)",market_non_favorite,B365_OPEN,True,2.6
2025-12-06,2025-12,D1,FC Koln,St Pauli,away,draw,3.8,"[3.5,4.0)",0.24973319103521877,"[0.20,0.28)",market_non_favorite,B365_OPEN,False,-1.0
2025-12-07,2025-12,D1,Dortmund,Hoffenheim,home,home,1.62,"[1.0,1.8)",0.5878712871287128,"[0.55,1.00]",market_favorite,B365_OPEN,True,0.6200000000000001
2025-12-07,2025-12,D1,Dortmund,Hoffenheim,draw,home,4.5,"[4.0,5.0)",0.21163366336633663,"[0.20,0.28)",market_non_favorite,B365_OPEN,False,-1.0
2025-12-07,2025-12,D1,Dortmund,Hoffenheim,away,home,4.75,"[4.0,5.0)",0.2004950495049505,"[0.20,0.28)",market_non_favorite,B365_OPEN,False,-1.0
2025-12-07,2025-12,D1,Hamburg,Werder Bremen,home,home,2.25,"[2.2,2.8)",0.417910447761194,"[0.34,0.42)",market_favorite,B365_OPEN,True,1.25
2025-12-07,2025-12,D1,Hamburg,Werder Bremen,draw,home,3.5,"[3.5,4.0)",0.26865671641791045,"[0.20,0.28)",market_non_favorite,B365_OPEN,False,-1.0
2025-12-07,2025-12,D1,Hamburg,Werder Bremen,away,home,3.0,"[2.8,3.5)",0.3134328358208955,"[0.28,0.34)",market_non_favorite,B365_OPEN,False,-1.0
2025-12-12,2025-12,D1,Union Berlin,RB Leipzig,home,home,3.2,"[2.8,3.5)",0.2968388589051658,"[0.28,0.34)",market_non_favorite,B365_OPEN,True,2.2
2025-12-12,2025-12,D1,Union Berlin,RB Leipzig,draw,home,3.5,"[3.5,4.0)",0.27139552814186585,"[0.20,0.28)",market_non_favorite,B365_OPEN,False,-1.0
2025-12-12,2025-12,D1,Union Berlin,RB Leipzig,away,home,2.2,"[2.2,2.8)",0.4317656129529684,"[0.42,0.55)",market_favorite,B365_OPEN,False,-1.0
2025-12-13,2025-12,D1,St Pauli,Heidenheim,home,home,1.95,"[1.8,2.2)",0.48519443453442745,"[0.42,0.55)",market_favorite,B365_OPEN,True,0.95
2025-12-13,2025-12,D1,St Pauli,Heidenheim,draw,home,3.4,"[2.8,3.5)",0.27827327863003926,"[0.20,0.28)",market_non_favorite,B365_OPEN,False,-1.0
2025-12-13,2025-12,D1,St Pauli,Heidenheim,away,home,4.0,"[4.0,5.0)",0.23653228683553335,"[0.20,0.28)",market_non_favorite,B365_OPEN,False,-1.0
2025-12-13,2025-12,D1,M'gladbach,Wolfsburg,home,away,1.95,"[1.8,2.2)",0.4866595517609392,"[0.42,0.55)",market_favorite,B365_OPEN,False,-1.0
2025-12-13,2025-12,D1,M'gladbach,Wolfsburg,draw,away,3.8,"[3.5,4.0)",0.24973319103521877,"[0.20,0.28)",market_non_favorite,B365_OPEN,False,-1.0
2025-12-13,2025-12,D1,M'gladbach,Wolfsburg,away,away,3.6,"[3.5,4.0)",0.26360725720384204,"[0.20,0.28)",market_non_favorite,B365_OPEN,True,2.6
2025-12-13,2025-12,D1,Leverkusen,FC Koln,home,home,1.55,"[1.0,1.8)",0.6048853824355068,"[0.55,1.00]",market_favorite,B365_OPEN,True,0.55
2025-12-13,2025-12,D1,Leverkusen,FC Koln,draw,home,4.33,"[4.0,5.0)",0.21652940941686735,"[0.20,0.28)",market_non_favorite,B365_OPEN,False,-1.0
2025-12-13,2025-12,D1,Leverkusen,FC Koln,away,home,5.25,"[5.0,7.0)",0.17858520814762582,"[0.00,0.20)",market_non_favorite,B365_OPEN,False,-1.0
2025-12-13,2025-12,D1,Hoffenheim,Hamburg,home,home,1.7,"[1.0,1.8)",0.556367975035947,"[0.55,1.00]",market_favorite,B365_OPEN,True,0.7
2025-12-13,2025-12,D1,Hoffenheim,Hamburg,draw,home,4.33,"[4.0,5.0)",0.21843546363997918,"[0.20,0.28)",market_non_favorite,B365_OPEN,False,-1.0
2025-12-13,2025-12,D1,Hoffenheim,Hamburg,away,home,4.2,"[4.0,5.0)",0.22519656132407379,"[0.20,0.28)",market_non_favorite,B365_OPEN,False,-1.0
2025-12-13,2025-12,D1,Ein Frankfurt,Augsburg,home,home,1.7,"[1.0,1.8)",0.556367975035947,"[0.55,1.00]",market_favorite,B365_OPEN,True,0.7
2025-12-13,2025-12,D1,Ein Frankfurt,Augsburg,draw,home,4.2,"[4.0,5.0)",0.22519656132407379,"[0.20,0.28)",market_non_favorite,B365_OPEN,False,-1.0
2025-12-13,2025-12,D1,Ein Frankfurt,Augsburg,away,home,4.33,"[4.0,5.0)",0.21843546363997918,"[0.20,0.28)",market_non_favorite,B365_OPEN,False,-1.0
2025-12-14,2025-12,D1,Bayern Munich,Mainz,home,draw,1.09,"[1.0,1.8)",0.868812998345118,"[0.55,1.00]",market_favorite,B365_OPEN,False,-1.0
2025-12-14,2025-12,D1,Bayern Munich,Mainz,draw,draw,11.0,"[7.0,inf)",0.08609146983601625,"[0.00,0.20)",market_non_favorite,B365_OPEN,True,10.0
2025-12-14,2025-12,D1,Bayern Munich,Mainz,away,draw,21.0,"[7.0,inf)",0.04509553181886565,"[0.00,0.20)",market_non_favorite,B365_OPEN,False,-1.0
2025-12-14,2025-12,D1,Freiburg,Dortmund,home,draw,3.25,"[2.8,3.5)",0.2906808305166586,"[0.28,0.34)",market_non_favorite,B365_OPEN,False,-1.0
2025-12-14,2025-12,D1,Freiburg,Dortmund,draw,draw,3.5,"[3.5,4.0)",0.269917914051183,"[0.20,0.28)",market_non_favorite,B365_OPEN,True,2.5
2025-12-14,2025-12,D1,Freiburg,Dortmund,away,draw,2.15,"[1.8,2.2)",0.43940125543215836,"[0.42,0.55)",market_favorite,B365_OPEN,False,-1.0
2025-12-14,2025-12,D1,Werder Bremen,Stuttgart,home,away,2.9,"[2.8,3.5)",0.3276489748994061,"[0.28,0.34)",market_non_favorite,B365_OPEN,False,-1.0
2025-12-14,2025-12,D1,Werder Bremen,Stuttgart,draw,away,3.8,"[3.5,4.0)",0.2500479018969151,"[0.20,0.28)",market_non_favorite,B365_OPEN,False,-1.0
2025-12-14,2025-12,D1,Werder Bremen,Stuttgart,away,away,2.25,"[2.2,2.8)",0.42230312320367885,"[0.42,0.55)",market_favorite,B365_OPEN,True,1.25
2025-12-19,2025-12,D1,Dortmund,M'gladbach,home,home,1.55,"[1.0,1.8)",0.6149068322981366,"[0.55,1.00]",market_favorite,B365_OPEN,True,0.55
2025-12-19,2025-12,D1,Dortmund,M'gladbach,draw,home,4.5,"[4.0,5.0)",0.21180124223602484,"[0.20,0.28)",market_non_favorite,B365_OPEN,False,-1.0
2025-12-19,2025-12,D1,Dortmund,M'gladbach,away,home,5.5,"[5.0,7.0)",0.17329192546583852,"[0.00,0.20)",market_non_favorite,B365_OPEN,False,-1.0
2025-12-20,2025-12,D1,Stuttgart,Hoffenheim,home,draw,2.0,"[1.8,2.2)",0.47291361639824303,"[0.42,0.55)",market_favorite,B365_OPEN,False,-1.0
2025-12-20,2025-12,D1,Stuttgart,Hoffenheim,draw,draw,3.8,"[3.5,4.0)",0.24890190336749632,"[0.20,0.28)",market_non_favorite,B365_OPEN,True,2.8
2025-12-20,2025-12,D1,Stuttgart,Hoffenheim,away,draw,3.4,"[2.8,3.5)",0.2781844802342606,"[0.20,0.28)",market_non_favorite,B365_OPEN,False,-1.0
2025-12-20,2025-12,D1,RB Leipzig,Leverkusen,home,away,2.1,"[1.8,2.2)",0.4527177959791511,"[0.42,0.55)",market_favorite,B365_OPEN,False,-1.0
2025-12-20,2025-12,D1,RB Leipzig,Leverkusen,draw,away,3.8,"[3.5,4.0)",0.2501861504095309,"[0.20,0.28)",market_non_favorite,B365_OPEN,False,-1.0
2025-12-20,2025-12,D1,RB Leipzig,Leverkusen,away,away,3.2,"[2.8,3.5)",0.29709605361131797,"[0.28,0.34)",market_non_favorite,B365_OPEN,True,2.2
2025-12-20,2025-12,D1,Hamburg,Ein Frankfurt,home,draw,2.6,"[2.2,2.8)",0.3647199046483909,"[0.34,0.42)",market_non_favorite,B365_OPEN,False,-1.0
2025-12-20,2025-12,D1,Hamburg,Ein Frankfurt,draw,draw,3.6,"[3.5,4.0)",0.2634088200238379,"[0.20,0.28)",market_non_favorite,B365_OPEN,True,2.6
2025-12-20,2025-12,D1,Hamburg,Ein Frankfurt,away,draw,2.55,"[2.2,2.8)",0.3718712753277712,"[0.34,0.42)",market_favorite,B365_OPEN,False,-1.0
2025-12-20,2025-12,D1,FC Koln,Union Berlin,home,away,2.3,"[2.2,2.8)",0.41002004008016035,"[0.34,0.42)",market_favorite,B365_OPEN,False,-1.0
2025-12-20,2025-12,D1,FC Koln,Union Berlin,draw,away,3.3,"[2.8,3.5)",0.28577154308617236,"[0.28,0.34)",market_non_favorite,B365_OPEN,False,-1.0
2025-12-20,2025-12,D1,FC Koln,Union Berlin,away,away,3.1,"[2.8,3.5)",0.30420841683366734,"[0.28,0.34)",market_non_favorite,B365_OPEN,True,2.1
2025-12-20,2025-12,D1,Augsburg,Werder Bremen,home,draw,2.25,"[2.2,2.8)",0.42217898832684825,"[0.42,0.55)",market_favorite,B365_OPEN,False,-1.0
2025-12-20,2025-12,D1,Augsburg,Werder Bremen,draw,draw,3.5,"[3.5,4.0)",0.2714007782101167,"[0.20,0.28)",market_non_favorite,B365_OPEN,True,2.5
2025-12-20,2025-12,D1,Augsburg,Werder Bremen,away,draw,3.1,"[2.8,3.5)",0.306420233463035,"[0.28,0.34)",market_non_favorite,B365_OPEN,False,-1.0
2025-12-20,2025-12,D1,Wolfsburg,Freiburg,home,away,2.5,"[2.2,2.8)",0.3840931134820563,"[0.34,0.42)",market_favorite,B365_OPEN,False,-1.0
2025-12-20,2025-12,D1,Wolfsburg,Freiburg,draw,away,3.6,"[3.5,4.0)",0.2667313288069835,"[0.20,0.28)",market_non_favorite,B365_OPEN,False,-1.0
2025-12-20,2025-12,D1,Wolfsburg,Freiburg,away,away,2.75,"[2.2,2.8)",0.34917555771096026,"[0.34,0.42)",market_non_favorite,B365_OPEN,True,1.75
2025-12-21,2025-12,D1,Heidenheim,Bayern Munich,home,away,13.0,"[7.0,inf)",0.07261146496815286,"[0.00,0.20)",market_non_favorite,B365_OPEN,False,-1.0
2025-12-21,2025-12,D1,Heidenheim,Bayern Munich,draw,away,9.5,"[7.0,inf)",0.09936305732484074,"[0.00,0.20)",market_non_favorite,B365_OPEN,False,-1.0
2025-12-21,2025-12,D1,Heidenheim,Bayern Munich,away,away,1.14,"[1.0,1.8)",0.8280254777070063,"[0.55,1.00]",market_favorite,B365_OPEN,True,0.1399999999999999
2025-12-21,2025-12,D1,Mainz,St Pauli,home,draw,1.95,"[1.8,2.2)",0.4880098022054963,"[0.42,0.55)",market_favorite,B365_OPEN,False,-1.0
2025-12-21,2025-12,D1,Mainz,St Pauli,draw,draw,3.4,"[2.8,3.5)",0.27988797479432875,"[0.20,0.28)",market_non_favorite,B365_OPEN,True,2.4
2025-12-21,2025-12,D1,Mainz,St Pauli,away,draw,4.1,"[4.0,5.0)",0.23210222300017505,"[0.20,0.28)",market_non_favorite,B365_OPEN,False,-1.0
2026-01-09,2026-01,D1,Ein Frankfurt,Dortmund,home,draw,3.6,"[3.5,4.0)",0.26360725720384204,"[0.20,0.28)",market_non_favorite,B365_OPEN,False,-1.0
2026-01-09,2026-01,D1,Ein Frankfurt,Dortmund,draw,draw,3.8,"[3.5,4.0)",0.24973319103521877,"[0.20,0.28)",market_non_favorite,B365_OPEN,True,2.8
2026-01-09,2026-01,D1,Ein Frankfurt,Dortmund,away,draw,1.95,"[1.8,2.2)",0.4866595517609392,"[0.42,0.55)",market_favorite,B365_OPEN,False,-1.0
2026-01-10,2026-01,D1,Freiburg,Hamburg,home,home,1.8,"[1.8,2.2)",0.5263157894736842,"[0.42,0.55)",market_favorite,B365_OPEN,True,0.8
2026-01-10,2026-01,D1,Freiburg,Hamburg,draw,home,3.6,"[3.5,4.0)",0.2631578947368421,"[0.20,0.28)",market_non_favorite,B365_OPEN,False,-1.0
2026-01-10,2026-01,D1,Freiburg,Hamburg,away,home,4.5,"[4.0,5.0)",0.21052631578947367,"[0.20,0.28)",market_non_favorite,B365_OPEN,False,-1.0
2026-01-10,2026-01,D1,Heidenheim,FC Koln,home,draw,2.9,"[2.8,3.5)",0.3281853281853282,"[0.28,0.34)",market_non_favorite,B365_OPEN,False,-1.0
2026-01-10,2026-01,D1,Heidenheim,FC Koln,draw,draw,3.5,"[3.5,4.0)",0.2719249862107005,"[0.20,0.28)",market_non_favorite,B365_OPEN,True,2.5
2026-01-10,2026-01,D1,Heidenheim,FC Koln,away,draw,2.38,"[2.2,2.8)",0.39988968560397137,"[0.34,0.42)",market_favorite,B365_OPEN,False,-1.0
2026-01-10,2026-01,D1,Leverkusen,Stuttgart,home,away,1.95,"[1.8,2.2)",0.4880098022054963,"[0.42,0.55)",market_favorite,B365_OPEN,False,-1.0
2026-01-10,2026-01,D1,Leverkusen,Stuttgart,draw,away,4.1,"[4.0,5.0)",0.23210222300017505,"[0.20,0.28)",market_non_favorite,B365_OPEN,False,-1.0
2026-01-10,2026-01,D1,Leverkusen,Stuttgart,away,away,3.4,"[2.8,3.5)",0.27988797479432875,"[0.20,0.28)",market_non_favorite,B365_OPEN,True,2.4
2026-01-10,2026-01,D1,Union Berlin,Mainz,home,draw,2.15,"[1.8,2.2)",0.4459071104106795,"[0.42,0.55)",market_favorite,B365_OPEN,False,-1.0
2026-01-10,2026-01,D1,Union Berlin,Mainz,draw,draw,3.25,"[2.8,3.5)",0.29498470381014186,"[0.28,0.34)",market_non_favorite,B365_OPEN,True,2.25
2026-01-10,2026-01,D1,Union Berlin,Mainz,away,draw,3.7,"[3.5,4.0)",0.2591081857791786,"[0.20,0.28)",market_non_favorite,B365_OPEN,False,-1.0
2026-01-11,2026-01,D1,Bayern Munich,Wolfsburg,home,home,1.11,"[1.0,1.8)",0.8574834922964051,"[0.55,1.00]",market_favorite,B365_OPEN,True,0.1100000000000001
2026-01-11,2026-01,D1,Bayern Munich,Wolfsburg,draw,home,11.0,"[7.0,inf)",0.0865278796771827,"[0.00,0.20)",market_non_favorite,B365_OPEN,False,-1.0
2026-01-11,2026-01,D1,Bayern Munich,Wolfsburg,away,home,17.0,"[7.0,inf)",0.055988628026412336,"[0.00,0.20)",market_non_favorite,B365_OPEN,False,-1.0
2026-01-11,2026-01,D1,M'gladbach,Augsburg,home,home,1.85,"[1.8,2.2)",0.5129935875801552,"[0.42,0.55)",market_favorite,B365_OPEN,True,0.8500000000000001
2026-01-11,2026-01,D1,M'gladbach,Augsburg,draw,home,3.8,"[3.5,4.0)",0.24974687816402294,"[0.20,0.28)",market_non_favorite,B365_OPEN,False,-1.0
2026-01-11,2026-01,D1,M'gladbach,Augsburg,away,home,4.0,"[4.0,5.0)",0.2372595342558218,"[0.20,0.28)",market_non_favorite,B365_OPEN,False,-1.0
2026-01-13,2026-01,D1,Dortmund,Werder Bremen,home,home,1.4,"[1.0,1.8)",0.6756756756756757,"[0.55,1.00]",market_favorite,B365_OPEN,True,0.3999999999999999
2026-01-13,2026-01,D1,Dortmund,Werder Bremen,draw,home,5.0,"[5.0,7.0)",0.1891891891891892,"[0.00,0.20)",market_non_favorite,B365_OPEN,False,-1.0
2026-01-13,2026-01,D1,Dortmund,Werder Bremen,away,home,7.0,"[7.0,inf)",0.13513513513513511,"[0.00,0.20)",market_non_favorite,B365_OPEN,False,-1.0
2026-01-13,2026-01,D1,Stuttgart,Ein Frankfurt,home,home,1.73,"[1.0,1.8)",0.5483028720626633,"[0.42,0.55)",market_favorite,B365_OPEN,True,0.73
2026-01-13,2026-01,D1,Stuttgart,Ein Frankfurt,draw,home,4.2,"[4.0,5.0)",0.2258485639686684,"[0.20,0.28)",market_non_favorite,B365_OPEN,False,-1.0
2026-01-13,2026-01,D1,Stuttgart,Ein Frankfurt,away,home,4.2,"[4.0,5.0)",0.2258485639686684,"[0.20,0.28)",market_non_favorite,B365_OPEN,False,-1.0
2026-01-13,2026-01,D1,Mainz,Heidenheim,home,home,1.75,"[1.0,1.8)",0.5362840799830516,"[0.42,0.55)",market_favorite,B365_OPEN,True,0.75
2026-01-13,2026-01,D1,Mainz,Heidenheim,draw,home,3.8,"[3.5,4.0)",0.24697293157114222,"[0.20,0.28)",market_non_favorite,B365_OPEN,False,-1.0
2026-01-13,2026-01,D1,Mainz,Heidenheim,away,home,4.33,"[4.0,5.0)",0.2167429884458061,"[0.20,0.28)",market_non_favorite,B365_OPEN,False,-1.0
2026-01-14,2026-01,D1,FC Koln,Bayern Munich,home,away,10.5,"[7.0,inf)",0.09085492999702113,"[0.00,0.20)",market_non_favorite,B365_OPEN,False,-1.0
2026-01-14,2026-01,D1,FC Koln,Bayern Munich,draw,away,7.5,"[7.0,inf)",0.1271969019958296,"[0.00,0.20)",market_non_favorite,B365_OPEN,False,-1.0
2026-01-14,2026-01,D1,FC Koln,Bayern Munich,away,away,1.22,"[1.0,1.8)",0.7819481680071492,"[0.55,1.00]",market_favorite,B365_OPEN,True,0.21999999999999997
2026-01-14,2026-01,D1,Hoffenheim,M'gladbach,home,home,1.85,"[1.8,2.2)",0.509891622226045,"[0.42,0.55)",market_favorite,B365_OPEN,True,0.8500000000000001
2026-01-14,2026-01,D1,Hoffenheim,M'gladbach,draw,home,3.9,"[3.5,4.0)",0.2418716669533804,"[0.20,0.28)",market_non_favorite,B365_OPEN,False,-1.0
2026-01-14,2026-01,D1,Hoffenheim,M'gladbach,away,home,3.8,"[3.5,4.0)",0.24823671082057458,"[0.20,0.28)",market_non_favorite,B365_OPEN,False,-1.0
2026-01-14,2026-01,D1,RB Leipzig,Freiburg,home,home,1.7,"[1.0,1.8)",0.5546995377503853,"[0.55,1.00]",market_favorite,B365_OPEN,True,0.7
2026-01-14,2026-01,D1,RB Leipzig,Freiburg,draw,home,4.0,"[4.0,5.0)",0.2357473035439137,"[0.20,0.28)",market_non_favorite,B365_OPEN,False,-1.0
2026-01-14,2026-01,D1,RB Leipzig,Freiburg,away,home,4.5,"[4.0,5.0)",0.20955315870570107,"[0.20,0.28)",market_non_favorite,B365_OPEN,False,-1.0
2026-01-14,2026-01,D1,Wolfsburg,St Pauli,home,home,1.91,"[1.8,2.2)",0.49533204157125243,"[0.42,0.55)",market_favorite,B365_OPEN,True,0.9099999999999999
2026-01-14,2026-01,D1,Wolfsburg,St Pauli,draw,home,3.7,"[3.5,4.0)",0.25569843227056543,"[0.20,0.28)",market_non_favorite,B365_OPEN,False,-1.0
2026-01-14,2026-01,D1,Wolfsburg,St Pauli,away,home,3.8,"[3.5,4.0)",0.24896952615818213,"[0.20,0.28)",market_non_favorite,B365_OPEN,False,-1.0
2026-01-15,2026-01,D1,Augsburg,Union Berlin,home,draw,2.6,"[2.2,2.8)",0.3648208469055374,"[0.34,0.42)",market_favorite,B365_OPEN,False,-1.0
2026-01-15,2026-01,D1,Augsburg,Union Berlin,draw,draw,3.2,"[2.8,3.5)",0.29641693811074915,"[0.28,0.34)",market_non_favorite,B365_OPEN,True,2.2
2026-01-15,2026-01,D1,Augsburg,Union Berlin,away,draw,2.8,"[2.8,3.5)",0.33876221498371334,"[0.28,0.34)",market_non_favorite,B365_OPEN,False,-1.0
2026-01-16,2026-01,D1,Werder Bremen,Ein Frankfurt,home,draw,2.7,"[2.2,2.8)",0.3507014028056112,"[0.34,0.42)",market_non_favorite,B365_OPEN,False,-1.0
2026-01-16,2026-01,D1,Werder Bremen,Ein Frankfurt,draw,draw,3.5,"[3.5,4.0)",0.2705410821643286,"[0.20,0.28)",market_non_favorite,B365_OPEN,True,2.5
2026-01-16,2026-01,D1,Werder Bremen,Ein Frankfurt,away,draw,2.5,"[2.2,2.8)",0.3787575150300601,"[0.34,0.42)",market_favorite,B365_OPEN,False,-1.0
2026-01-17,2026-01,D1,Wolfsburg,Heidenheim,home,draw,1.67,"[1.0,1.8)",0.5709391949757351,"[0.55,1.00]",market_favorite,B365_OPEN,False,-1.0
2026-01-17,2026-01,D1,Wolfsburg,Heidenheim,draw,draw,4.0,"[4.0,5.0)",0.2383671139023694,"[0.20,0.28)",market_non_favorite,B365_OPEN,True,3.0
2026-01-17,2026-01,D1,Wolfsburg,Heidenheim,away,draw,5.0,"[5.0,7.0)",0.19069369112189552,"[0.00,0.20)",market_non_favorite,B365_OPEN,False,-1.0
2026-01-17,2026-01,D1,RB Leipzig,Bayern Munich,home,away,5.0,"[5.0,7.0)",0.1894499839176584,"[0.00,0.20)",market_non_favorite,B365_OPEN,False,-1.0
2026-01-17,2026-01,D1,RB Leipzig,Bayern Munich,draw,away,4.75,"[4.0,5.0)",0.19942103570279832,"[0.00,0.20)",market_non_favorite,B365_OPEN,False,-1.0
2026-01-17,2026-01,D1,RB Leipzig,Bayern Munich,away,away,1.55,"[1.0,1.8)",0.6111289803795432,"[0.55,1.00]",market_favorite,B365_OPEN,True,0.55
2026-01-17,2026-01,D1,Hoffenheim,Leverkusen,home,home,2.4,"[2.2,2.8)",0.3967517401392111,"[0.34,0.42)",market_favorite,B365_OPEN,True,1.4
2026-01-17,2026-01,D1,Hoffenheim,Leverkusen,draw,home,3.8,"[3.5,4.0)",0.2505800464037123,"[0.20,0.28)",market_non_favorite,B365_OPEN,False,-1.0
2026-01-17,2026-01,D1,Hoffenheim,Leverkusen,away,home,2.7,"[2.2,2.8)",0.3526682134570765,"[0.34,0.42)",market_non_favorite,B365_OPEN,False,-1.0
2026-01-17,2026-01,D1,Hamburg,M'gladbach,home,draw,2.45,"[2.2,2.8)",0.3883495145631068,"[0.34,0.42)",market_favorite,B365_OPEN,False,-1.0
2026-01-17,2026-01,D1,Hamburg,M'gladbach,draw,draw,3.5,"[3.5,4.0)",0.27184466019417475,"[0.20,0.28)",market_non_favorite,B365_OPEN,True,2.5
2026-01-17,2026-01,D1,Hamburg,M'gladbach,away,draw,2.8,"[2.8,3.5)",0.33980582524271846,"[0.28,0.34)",market_non_favorite,B365_OPEN,False,-1.0
2026-01-17,2026-01,D1,FC Koln,Mainz,home,home,2.15,"[1.8,2.2)",0.43940125543215836,"[0.42,0.55)",market_favorite,B365_OPEN,True,1.15
2026-01-17,2026-01,D1,FC Koln,Mainz,draw,home,3.5,"[3.5,4.0)",0.269917914051183,"[0.20,0.28)",market_non_favorite,B365_OPEN,False,-1.0
2026-01-17,2026-01,D1,FC Koln,Mainz,away,home,3.25,"[2.8,3.5)",0.2906808305166586,"[0.28,0.34)",market_non_favorite,B365_OPEN,False,-1.0
2026-01-17,2026-01,D1,Dortmund,St Pauli,home,home,1.33,"[1.0,1.8)",0.7213272421255109,"[0.55,1.00]",market_favorite,B365_OPEN,True,0.33000000000000007
2026-01-17,2026-01,D1,Dortmund,St Pauli,draw,home,5.25,"[5.0,7.0)",0.1827362346717961,"[0.00,0.20)",market_non_favorite,B365_OPEN,False,-1.0
2026-01-17,2026-01,D1,Dortmund,St Pauli,away,home,10.0,"[7.0,inf)",0.09593652320269296,"[0.00,0.20)",market_non_favorite,B365_OPEN,False,-1.0
2026-01-18,2026-01,D1,Augsburg,Freiburg,home,draw,2.9,"[2.8,3.5)",0.32653473344103395,"[0.28,0.34)",market_non_favorite,B365_OPEN,False,-1.0
2026-01-18,2026-01,D1,Augsburg,Freiburg,draw,draw,3.3,"[2.8,3.5)",0.28695476575121165,"[0.28,0.34)",market_non_favorite,B365_OPEN,True,2.3
2026-01-18,2026-01,D1,Augsburg,Freiburg,away,draw,2.45,"[2.2,2.8)",0.3865105008077544,"[0.34,0.42)",market_favorite,B365_OPEN,False,-1.0
2026-01-18,2026-01,D1,Stuttgart,Union Berlin,home,draw,1.65,"[1.0,1.8)",0.5755850727387729,"[0.55,1.00]",market_favorite,B365_OPEN,False,-1.0
2026-01-18,2026-01,D1,Stuttgart,Union Berlin,draw,draw,3.9,"[3.5,4.0)",0.24351676154332702,"[0.20,0.28)",market_non_favorite,B365_OPEN,True,2.9
2026-01-18,2026-01,D1,Stuttgart,Union Berlin,away,draw,5.25,"[5.0,7.0)",0.18089816571790004,"[0.00,0.20)",market_non_favorite,B365_OPEN,False,-1.0
2026-01-23,2026-01,D1,St Pauli,Hamburg,home,draw,2.88,"[2.8,3.5)",0.3289066688662515,"[0.28,0.34)",market_non_favorite,B365_OPEN,False,-1.0
2026-01-23,2026-01,D1,St Pauli,Hamburg,draw,draw,2.9,"[2.8,3.5)",0.3266383470120015,"[0.28,0.34)",market_non_favorite,B365_OPEN,True,1.9
2026-01-23,2026-01,D1,St Pauli,Hamburg,away,draw,2.75,"[2.2,2.8)",0.344454984121747,"[0.34,0.42)",market_favorite,B365_OPEN,False,-1.0
2026-01-24,2026-01,D1,Union Berlin,Dortmund,home,away,3.6,"[3.5,4.0)",0.2642238998342847,"[0.20,0.28)",market_non_favorite,B365_OPEN,False,-1.0
2026-01-24,2026-01,D1,Union Berlin,Dortmund,draw,away,3.5,"[3.5,4.0)",0.2717731541152642,"[0.20,0.28)",market_non_favorite,B365_OPEN,False,-1.0
2026-01-24,2026-01,D1,Union Berlin,Dortmund,away,away,2.05,"[1.8,2.2)",0.46400294605045117,"[0.42,0.55)",market_favorite,B365_OPEN,True,1.0499999999999998
2026-01-24,2026-01,D1,Mainz,Wolfsburg,home,home,2.3,"[2.2,2.8)",0.41257367387033406,"[0.34,0.42)",market_favorite,B365_OPEN,True,1.2999999999999998
2026-01-24,2026-01,D1,Mainz,Wolfsburg,draw,home,3.5,"[3.5,4.0)",0.27111984282907664,"[0.20,0.28)",market_non_favorite,B365_OPEN,False,-1.0
2026-01-24,2026-01,D1,Mainz,Wolfsburg,away,home,3.0,"[2.8,3.5)",0.3163064833005894,"[0.28,0.34)",market_non_favorite,B365_OPEN,False,-1.0
2026-01-24,2026-01,D1,Leverkusen,Werder Bremen,home,home,1.62,"[1.0,1.8)",0.5902192242833053,"[0.55,1.00]",market_favorite,B365_OPEN,True,0.6200000000000001
2026-01-24,2026-01,D1,Leverkusen,Werder Bremen,draw,home,4.2,"[4.0,5.0)",0.22765598650927488,"[0.20,0.28)",market_non_favorite,B365_OPEN,False,-1.0
2026-01-24,2026-01,D1,Leverkusen,Werder Bremen,away,home,5.25,"[5.0,7.0)",0.1821247892074199,"[0.00,0.20)",market_non_favorite,B365_OPEN,False,-1.0
2026-01-24,2026-01,D1,Heidenheim,RB Leipzig,home,away,5.0,"[5.0,7.0)",0.18882801015635442,"[0.00,0.20)",market_non_favorite,B365_OPEN,False,-1.0
2026-01-24,2026-01,D1,Heidenheim,RB Leipzig,draw,away,4.5,"[4.0,5.0)",0.2098089001737271,"[0.20,0.28)",market_non_favorite,B365_OPEN,False,-1.0
2026-01-24,2026-01,D1,Heidenheim,RB Leipzig,away,away,1.57,"[1.0,1.8)",0.6013630896699185,"[0.55,1.00]",market_favorite,B365_OPEN,True,0.5700000000000001
2026-01-24,2026-01,D1,Ein Frankfurt,Hoffenheim,home,away,2.8,"[2.8,3.5)",0.3373753178173283,"[0.28,0.34)",market_non_favorite,B365_OPEN,False,-1.0
2026-01-24,2026-01,D1,Ein Frankfurt,Hoffenheim,draw,away,3.75,"[3.5,4.0)",0.2519069039702718,"[0.20,0.28)",market_non_favorite,B365_OPEN,False,-1.0
2026-01-24,2026-01,D1,Ein Frankfurt,Hoffenheim,away,away,2.3,"[2.2,2.8)",0.41071777821239974,"[0.34,0.42)",market_favorite,B365_OPEN,True,1.2999999999999998
2026-01-24,2026-01,D1,Bayern Munich,Augsburg,home,away,1.1,"[1.0,1.8)",0.8647732089868588,"[0.55,1.00]",market_favorite,B365_OPEN,False,-1.0
2026-01-24,2026-01,D1,Bayern Munich,Augsburg,draw,away,12.0,"[7.0,inf)",0.07927087749046205,"[0.00,0.20)",market_non_favorite,B365_OPEN,False,-1.0
2026-01-24,2026-01,D1,Bayern Munich,Augsburg,away,away,17.0,"[7.0,inf)",0.0559559135226791,"[0.00,0.20)",market_non_favorite,B365_OPEN,True,16.0
2026-01-25,2026-01,D1,Freiburg,FC Koln,home,home,1.9,"[1.8,2.2)",0.4983388704318937,"[0.42,0.55)",market_favorite,B365_OPEN,True,0.8999999999999999
2026-01-25,2026-01,D1,Freiburg,FC Koln,draw,home,3.75,"[3.5,4.0)",0.25249169435215946,"[0.20,0.28)",market_non_favorite,B365_OPEN,False,-1.0
2026-01-25,2026-01,D1,Freiburg,FC Koln,away,home,3.8,"[3.5,4.0)",0.24916943521594684,"[0.20,0.28)",market_non_favorite,B365_OPEN,False,-1.0
2026-01-25,2026-01,D1,M'gladbach,Stuttgart,home,away,3.0,"[2.8,3.5)",0.3160919540229885,"[0.28,0.34)",market_non_favorite,B365_OPEN,False,-1.0
2026-01-25,2026-01,D1,M'gladbach,Stuttgart,draw,away,3.75,"[3.5,4.0)",0.25287356321839083,"[0.20,0.28)",market_non_favorite,B365_OPEN,False,-1.0
2026-01-25,2026-01,D1,M'gladbach,Stuttgart,away,away,2.2,"[2.2,2.8)",0.4310344827586207,"[0.42,0.55)",market_favorite,B365_OPEN,True,1.2000000000000002
2026-01-27,2026-01,D1,Werder Bremen,Hoffenheim,home,away,3.7,"[3.5,4.0)",0.2578796561604584,"[0.20,0.28)",market_non_favorite,B365_OPEN,False,-1.0
2026-01-27,2026-01,D1,Werder Bremen,Hoffenheim,draw,away,3.6,"[3.5,4.0)",0.26504297994269344,"[0.20,0.28)",market_non_favorite,B365_OPEN,False,-1.0
2026-01-27,2026-01,D1,Werder Bremen,Hoffenheim,away,away,2.0,"[1.8,2.2)",0.47707736389684813,"[0.42,0.55)",market_favorite,B365_OPEN,True,1.0
2026-01-27,2026-01,D1,St Pauli,RB Leipzig,home,draw,4.5,"[4.0,5.0)",0.208955223880597,"[0.20,0.28)",market_non_favorite,B365_OPEN,False,-1.0
2026-01-27,2026-01,D1,St Pauli,RB Leipzig,draw,draw,3.5,"[3.5,4.0)",0.26865671641791045,"[0.20,0.28)",market_non_favorite,B365_OPEN,True,2.5
2026-01-27,2026-01,D1,St Pauli,RB Leipzig,away,draw,1.8,"[1.8,2.2)",0.5223880597014926,"[0.42,0.55)",market_favorite,B365_OPEN,False,-1.0
2026-01-30,2026-01,D1,FC Koln,Wolfsburg,home,home,1.95,"[1.8,2.2)",0.4830216088614491,"[0.42,0.55)",market_favorite,B365_OPEN,True,0.95
2026-01-30,2026-01,D1,FC Koln,Wolfsburg,draw,home,3.8,"[3.5,4.0)",0.24786635191574358,"[0.20,0.28)",market_non_favorite,B365_OPEN,False,-1.0
2026-01-30,2026-01,D1,FC Koln,Wolfsburg,away,home,3.5,"[3.5,4.0)",0.26911203922280735,"[0.20,0.28)",market_non_favorite,B365_OPEN,False,-1.0
2026-01-31,2026-01,D1,RB Leipzig,Mainz,home,away,1.55,"[1.0,1.8)",0.6149068322981366,"[0.55,1.00]",market_favorite,B365_OPEN,False,-1.0
2026-01-31,2026-01,D1,RB Leipzig,Mainz,draw,away,4.5,"[4.0,5.0)",0.21180124223602484,"[0.20,0.28)",market_non_favorite,B365_OPEN,False,-1.0
2026-01-31,2026-01,D1,RB Leipzig,Mainz,away,away,5.5,"[5.0,7.0)",0.17329192546583852,"[0.00,0.20)",market_non_favorite,B365_OPEN,True,4.5
2026-01-31,2026-01,D1,Hoffenheim,Union Berlin,home,home,1.8,"[1.8,2.2)",0.5292717447246527,"[0.42,0.55)",market_favorite,B365_OPEN,True,0.8
2026-01-31,2026-01,D1,Hoffenheim,Union Berlin,draw,home,3.8,"[3.5,4.0)",0.2507076685537828,"[0.20,0.28)",market_non_favorite,B365_OPEN,False,-1.0
2026-01-31,2026-01,D1,Hoffenheim,Union Berlin,away,home,4.33,"[4.0,5.0)",0.22002058672156458,"[0.20,0.28)",market_non_favorite,B365_OPEN,False,-1.0
2026-01-31,2026-01,D1,Hamburg,Bayern Munich,home,draw,8.0,"[7.0,inf)",0.11859133017466941,"[0.00,0.20)",market_non_favorite,B365_OPEN,False,-1.0
2026-01-31,2026-01,D1,Hamburg,Bayern Munich,draw,draw,6.5,"[5.0,7.0)",0.14595856021497775,"[0.00,0.20)",market_non_favorite,B365_OPEN,True,5.5
2026-01-31,2026-01,D1,Hamburg,Bayern Munich,away,draw,1.29,"[1.0,1.8)",0.7354501096103528,"[0.55,1.00]",market_favorite,B365_OPEN,False,-1.0
2026-01-31,2026-01,D1,Ein Frankfurt,Leverkusen,home,away,3.0,"[2.8,3.5)",0.31714719271623676,"[0.28,0.34)",market_non_favorite,B365_OPEN,False,-1.0
2026-01-31,2026-01,D1,Ein Frankfurt,Leverkusen,draw,away,3.8,"[3.5,4.0)",0.2503793626707132,"[0.20,0.28)",market_non_favorite,B365_OPEN,False,-1.0
2026-01-31,2026-01,D1,Ein Frankfurt,Leverkusen,away,away,2.2,"[2.2,2.8)",0.4324734446130501,"[0.42,0.55)",market_favorite,B365_OPEN,True,1.2000000000000002
2026-01-31,2026-01,D1,Augsburg,St Pauli,home,home,2.0,"[1.8,2.2)",0.47758559830568303,"[0.42,0.55)",market_favorite,B365_OPEN,True,1.0
2026-01-31,2026-01,D1,Augsburg,St Pauli,draw,home,3.3,"[2.8,3.5)",0.28944581715495943,"[0.28,0.34)",market_non_favorite,B365_OPEN,False,-1.0
2026-01-31,2026-01,D1,Augsburg,St Pauli,away,home,4.1,"[4.0,5.0)",0.2329685845393576,"[0.20,0.28)",market_non_favorite,B365_OPEN,False,-1.0
2026-01-31,2026-01,D1,Werder Bremen,M'gladbach,home,draw,2.45,"[2.2,2.8)",0.3888834331729352,"[0.34,0.42)",market_favorite,B365_OPEN,False,-1.0
2026-01-31,2026-01,D1,Werder Bremen,M'gladbach,draw,draw,3.6,"[3.5,4.0)",0.26465678090935874,"[0.20,0.28)",market_non_favorite,B365_OPEN,True,2.6
2026-01-31,2026-01,D1,Werder Bremen,M'gladbach,away,draw,2.75,"[2.2,2.8)",0.346459785917706,"[0.34,0.42)",market_non_favorite,B365_OPEN,False,-1.0
2026-02-01,2026-02,D1,Dortmund,Heidenheim,home,home,1.22,"[1.0,1.8)",0.7755791985681615,"[0.55,1.00]",market_favorite,B365_OPEN,True,0.21999999999999997
2026-02-01,2026-02,D1,Dortmund,Heidenheim,draw,home,6.5,"[5.0,7.0)",0.14557024957740877,"[0.00,0.20)",market_non_favorite,B365_OPEN,False,-1.0
2026-02-01,2026-02,D1,Dortmund,Heidenheim,away,home,12.0,"[7.0,inf)",0.07885055185442974,"[0.00,0.20)",market_non_favorite,B365_OPEN,False,-1.0
2026-02-01,2026-02,D1,Stuttgart,Freiburg,home,home,1.67,"[1.0,1.8)",0.5685384402049366,"[0.55,1.00]",market_favorite,B365_OPEN,True,0.6699999999999999
2026-02-01,2026-02,D1,Stuttgart,Freiburg,draw,home,4.1,"[4.0,5.0)",0.23157541344932783,"[0.20,0.28)",market_non_favorite,B365_OPEN,False,-1.0
2026-02-01,2026-02,D1,Stuttgart,Freiburg,away,home,4.75,"[4.0,5.0)",0.19988614634573557,"[0.00,0.20)",market_non_favorite,B365_OPEN,False,-1.0
2026-02-06,2026-02,D1,Union Berlin,Ein Frankfurt,home,draw,2.0,"[1.8,2.2)",0.4701492537313433,"[0.42,0.55)",market_favorite,B365_OPEN,False,-1.0
2026-02-06,2026-02,D1,Union Berlin,Ein Frankfurt,draw,draw,3.5,"[3.5,4.0)",0.26865671641791045,"[0.20,0.28)",market_non_favorite,B365_OPEN,True,2.5
2026-02-06,2026-02,D1,Union Berlin,Ein Frankfurt,away,draw,3.6,"[3.5,4.0)",0.2611940298507463,"[0.20,0.28)",market_non_favorite,B365_OPEN,False,-1.0
2026-02-07,2026-02,D1,Wolfsburg,Dortmund,home,away,4.2,"[4.0,5.0)",0.2258485639686684,"[0.20,0.28)",market_non_favorite,B365_OPEN,False,-1.0
2026-02-07,2026-02,D1,Wolfsburg,Dortmund,draw,away,4.2,"[4.0,5.0)",0.2258485639686684,"[0.20,0.28)",market_non_favorite,B365_OPEN,False,-1.0
2026-02-07,2026-02,D1,Wolfsburg,Dortmund,away,away,1.73,"[1.0,1.8)",0.5483028720626633,"[0.42,0.55)",market_favorite,B365_OPEN,True,0.73
2026-02-07,2026-02,D1,St Pauli,Stuttgart,home,home,4.33,"[4.0,5.0)",0.21928755908581452,"[0.20,0.28)",market_non_favorite,B365_OPEN,True,3.33
2026-02-07,2026-02,D1,St Pauli,Stuttgart,draw,home,3.75,"[3.5,4.0)",0.25320403489108717,"[0.20,0.28)",market_non_favorite,B365_OPEN,False,-1.0
2026-02-07,2026-02,D1,St Pauli,Stuttgart,away,home,1.8,"[1.8,2.2)",0.5275084060230983,"[0.42,0.55)",market_favorite,B365_OPEN,False,-1.0
2026-02-07,2026-02,D1,Mainz,Augsburg,home,home,2.05,"[1.8,2.2)",0.46400294605045117,"[0.42,0.55)",market_favorite,B365_OPEN,True,1.0499999999999998
2026-02-07,2026-02,D1,Mainz,Augsburg,draw,home,3.6,"[3.5,4.0)",0.2642238998342847,"[0.20,0.28)",market_non_favorite,B365_OPEN,False,-1.0
2026-02-07,2026-02,D1,Mainz,Augsburg,away,home,3.5,"[3.5,4.0)",0.2717731541152642,"[0.20,0.28)",market_non_favorite,B365_OPEN,False,-1.0
2026-02-07,2026-02,D1,M'gladbach,Leverkusen,home,draw,3.5,"[3.5,4.0)",0.27149321266968324,"[0.20,0.28)",market_non_favorite,B365_OPEN,False,-1.0
2026-02-07,2026-02,D1,M'gladbach,Leverkusen,draw,draw,3.75,"[3.5,4.0)",0.25339366515837103,"[0.20,0.28)",market_non_favorite,B365_OPEN,True,2.75
2026-02-07,2026-02,D1,M'gladbach,Leverkusen,away,draw,2.0,"[1.8,2.2)",0.4751131221719457,"[0.42,0.55)",market_favorite,B365_OPEN,False,-1.0
2026-02-07,2026-02,D1,Heidenheim,Hamburg,home,away,2.88,"[2.8,3.5)",0.33351483800707865,"[0.28,0.34)",market_non_favorite,B365_OPEN,False,-1.0
2026-02-07,2026-02,D1,Heidenheim,Hamburg,draw,away,3.5,"[3.5,4.0)",0.2744350667029676,"[0.20,0.28)",market_non_favorite,B365_OPEN,False,-1.0
2026-02-07,2026-02,D1,Heidenheim,Hamburg,away,away,2.45,"[2.2,2.8)",0.39205009528995366,"[0.34,0.42)",market_favorite,B365_OPEN,True,1.4500000000000002
2026-02-07,2026-02,D1,Freiburg,Werder Bremen,home,home,1.83,"[1.8,2.2)",0.5198277142432793,"[0.42,0.55)",market_favorite,B365_OPEN,True,0.8300000000000001
2026-02-07,2026-02,D1,Freiburg,Werder Bremen,draw,home,3.75,"[3.5,4.0)",0.25367592455072036,"[0.20,0.28)",market_non_favorite,B365_OPEN,False,-1.0
2026-02-07,2026-02,D1,Freiburg,Werder Bremen,away,home,4.2,"[4.0,5.0)",0.2264963612060003,"[0.20,0.28)",market_non_favorite,B365_OPEN,False,-1.0
2026-02-08,2026-02,D1,Bayern Munich,Hoffenheim,home,home,1.29,"[1.0,1.8)",0.7373077733305246,"[0.55,1.00]",market_favorite,B365_OPEN,True,0.29000000000000004
2026-02-08,2026-02,D1,Bayern Munich,Hoffenheim,draw,home,7.0,"[7.0,inf)",0.13587528965662524,"[0.00,0.20)",market_non_favorite,B365_OPEN,False,-1.0
2026-02-08,2026-02,D1,Bayern Munich,Hoffenheim,away,home,7.5,"[7.0,inf)",0.1268169370128502,"[0.00,0.20)",market_non_favorite,B365_OPEN,False,-1.0
2026-02-08,2026-02,D1,FC Koln,RB Leipzig,home,away,3.25,"[2.8,3.5)",0.29386853249861905,"[0.28,0.34)",market_non_favorite,B365_OPEN,False,-1.0
2026-02-08,2026-02,D1,FC Koln,RB Leipzig,draw,away,3.8,"[3.5,4.0)",0.251334929110661,"[0.20,0.28)",market_non_favorite,B365_OPEN,False,-1.0
2026-02-08,2026-02,D1,FC Koln,RB Leipzig,away,away,2.1,"[1.8,2.2)",0.45479653839071993,"[0.42,0.55)",market_favorite,B365_OPEN,True,1.1
2026-02-13,2026-02,D1,Dortmund,Mainz,home,home,1.53,"[1.0,1.8)",0.6179775280898876,"[0.55,1.00]",market_favorite,B365_OPEN,True,0.53
2026-02-13,2026-02,D1,Dortmund,Mainz,draw,home,4.5,"[4.0,5.0)",0.21011235955056176,"[0.20,0.28)",market_non_favorite,B365_OPEN,False,-1.0
2026-02-13,2026-02,D1,Dortmund,Mainz,away,home,5.5,"[5.0,7.0)",0.17191011235955056,"[0.00,0.20)",market_non_favorite,B365_OPEN,False,-1.0
2026-02-14,2026-02,D1,Werder Bremen,Bayern Munich,home,away,8.0,"[7.0,inf)",0.11782477341389729,"[0.00,0.20)",market_non_favorite,B365_OPEN,False,-1.0
2026-02-14,2026-02,D1,Werder Bremen,Bayern Munich,draw,away,6.0,"[5.0,7.0)",0.15709969788519637,"[0.00,0.20)",market_non_favorite,B365_OPEN,False,-1.0
2026-02-14,2026-02,D1,Werder Bremen,Bayern Munich,away,away,1.3,"[1.0,1.8)",0.7250755287009063,"[0.55,1.00]",market_favorite,B365_OPEN,True,0.30000000000000004
2026-02-14,2026-02,D1,Stuttgart,FC Koln,home,home,1.45,"[1.0,1.8)",0.6543046357615894,"[0.55,1.00]",market_favorite,B365_OPEN,True,0.44999999999999996
2026-02-14,2026-02,D1,Stuttgart,FC Koln,draw,home,4.75,"[4.0,5.0)",0.1997350993377483,"[0.00,0.20)",market_non_favorite,B365_OPEN,False,-1.0
2026-02-14,2026-02,D1,Stuttgart,FC Koln,away,home,6.5,"[5.0,7.0)",0.14596026490066225,"[0.00,0.20)",market_non_favorite,B365_OPEN,False,-1.0
2026-02-14,2026-02,D1,Hoffenheim,Freiburg,home,home,1.73,"[1.0,1.8)",0.5470357209650272,"[0.42,0.55)",market_favorite,B365_OPEN,True,0.73
2026-02-14,2026-02,D1,Hoffenheim,Freiburg,draw,home,3.9,"[3.5,4.0)",0.24265943519730693,"[0.20,0.28)",market_non_favorite,B365_OPEN,False,-1.0
2026-02-14,2026-02,D1,Hoffenheim,Freiburg,away,home,4.5,"[4.0,5.0)",0.21030484383766596,"[0.20,0.28)",market_non_favorite,B365_OPEN,False,-1.0
2026-02-14,2026-02,D1,Hamburg,Union Berlin,home,home,2.5,"[2.2,2.8)",0.3800403225806452,"[0.34,0.42)",market_favorite,B365_OPEN,True,1.5
2026-02-14,2026-02,D1,Hamburg,Union Berlin,draw,home,3.25,"[2.8,3.5)",0.2923387096774194,"[0.28,0.34)",market_non_favorite,B365_OPEN,False,-1.0
2026-02-14,2026-02,D1,Hamburg,Union Berlin,away,home,2.9,"[2.8,3.5)",0.3276209677419355,"[0.28,0.34)",market_non_favorite,B365_OPEN,False,-1.0
2026-02-14,2026-02,D1,Ein Frankfurt,M'gladbach,home,home,1.95,"[1.8,2.2)",0.48908296943231444,"[0.42,0.55)",market_favorite,B365_OPEN,True,0.95
2026-02-14,2026-02,D1,Ein Frankfurt,M'gladbach,draw,home,3.5,"[3.5,4.0)",0.2724890829694323,"[0.20,0.28)",market_non_favorite,B365_OPEN,False,-1.0
2026-02-14,2026-02,D1,Ein Frankfurt,M'gladbach,away,home,4.0,"[4.0,5.0)",0.23842794759825325,"[0.20,0.28)",market_non_favorite,B365_OPEN,False,-1.0
2026-02-14,2026-02,D1,Leverkusen,St Pauli,home,home,1.45,"[1.0,1.8)",0.6212169480726346,"[0.55,1.00]",market_favorite,B365_OPEN,True,0.44999999999999996
2026-02-14,2026-02,D1,Leverkusen,St Pauli,draw,home,3.75,"[3.5,4.0)",0.24020388658808536,"[0.20,0.28)",market_non_favorite,B365_OPEN,False,-1.0
2026-02-14,2026-02,D1,Leverkusen,St Pauli,away,home,6.5,"[5.0,7.0)",0.13857916533928002,"[0.00,0.20)",market_non_favorite,B365_OPEN,False,-1.0
2026-02-15,2026-02,D1,Augsburg,Heidenheim,home,home,1.85,"[1.8,2.2)",0.5116751269035532,"[0.42,0.55)",market_favorite,B365_OPEN,True,0.8500000000000001
2026-02-15,2026-02,D1,Augsburg,Heidenheim,draw,home,3.6,"[3.5,4.0)",0.2629441624365482,"[0.20,0.28)",market_non_favorite,B365_OPEN,False,-1.0
2026-02-15,2026-02,D1,Augsburg,Heidenheim,away,home,4.2,"[4.0,5.0)",0.22538071065989848,"[0.20,0.28)",market_non_favorite,B365_OPEN,False,-1.0
2026-02-15,2026-02,D1,RB Leipzig,Wolfsburg,home,draw,1.44,"[1.0,1.8)",0.6558682952734998,"[0.55,1.00]",market_favorite,B365_OPEN,False,-1.0
2026-02-15,2026-02,D1,RB Leipzig,Wolfsburg,draw,draw,4.75,"[4.0,5.0)",0.19883165161975572,"[0.00,0.20)",market_non_favorite,B365_OPEN,True,3.75
2026-02-15,2026-02,D1,RB Leipzig,Wolfsburg,away,draw,6.5,"[5.0,7.0)",0.14530005310674457,"[0.00,0.20)",market_non_favorite,B365_OPEN,False,-1.0
2026-02-20,2026-02,D1,Mainz,Hamburg,home,draw,2.1,"[1.8,2.2)",0.45092838196286467,"[0.42,0.55)",market_favorite,B365_OPEN,False,-1.0
2026-02-20,2026-02,D1,Mainz,Hamburg,draw,draw,3.4,"[2.8,3.5)",0.27851458885941643,"[0.20,0.28)",market_non_favorite,B365_OPEN,True,2.4
2026-02-20,2026-02,D1,Mainz,Hamburg,away,draw,3.5,"[3.5,4.0)",0.2705570291777188,"[0.20,0.28)",market_non_favorite,B365_OPEN,False,-1.0
2026-02-21,2026-02,D1,Wolfsburg,Augsburg,home,away,2.05,"[1.8,2.2)",0.4652011310772599,"[0.42,0.55)",market_favorite,B365_OPEN,False,-1.0
2026-02-21,2026-02,D1,Wolfsburg,Augsburg,draw,away,3.4,"[2.8,3.5)",0.2804889172671714,"[0.28,0.34)",market_non_favorite,B365_OPEN,False,-1.0
2026-02-21,2026-02,D1,Wolfsburg,Augsburg,away,away,3.75,"[3.5,4.0)",0.25430995165556874,"[0.20,0.28)",market_non_favorite,B365_OPEN,True,2.75
2026-02-21,2026-02,D1,Union Berlin,Leverkusen,home,home,3.0,"[2.8,3.5)",0.31549771029163654,"[0.28,0.34)",market_non_favorite,B365_OPEN,True,2.0
2026-02-21,2026-02,D1,Union Berlin,Leverkusen,draw,home,3.3,"[2.8,3.5)",0.28681610026512416,"[0.28,0.34)",market_non_favorite,B365_OPEN,False,-1.0
2026-02-21,2026-02,D1,Union Berlin,Leverkusen,away,home,2.38,"[2.2,2.8)",0.39768618944323936,"[0.34,0.42)",market_favorite,B365_OPEN,False,-1.0
2026-02-21,2026-02,D1,RB Leipzig,Dortmund,home,draw,2.15,"[1.8,2.2)",0.4426075521322562,"[0.42,0.55)",market_favorite,B365_OPEN,False,-1.0
2026-02-21,2026-02,D1,RB Leipzig,Dortmund,draw,draw,3.8,"[3.5,4.0)",0.250422693969566,"[0.20,0.28)",market_non_favorite,B365_OPEN,True,2.8
2026-02-21,2026-02,D1,RB Leipzig,Dortmund,away,draw,3.1,"[2.8,3.5)",0.3069697538981777,"[0.28,0.34)",market_non_favorite,B365_OPEN,False,-1.0
2026-02-21,2026-02,D1,FC Koln,Hoffenheim,home,draw,3.3,"[2.8,3.5)",0.28750692009595863,"[0.28,0.34)",market_non_favorite,B365_OPEN,False,-1.0
2026-02-21,2026-02,D1,FC Koln,Hoffenheim,draw,draw,3.8,"[3.5,4.0)",0.24967706218859564,"[0.20,0.28)",market_non_favorite,B365_OPEN,True,2.8
2026-02-21,2026-02,D1,FC Koln,Hoffenheim,away,draw,2.05,"[1.8,2.2)",0.46281601771544567,"[0.42,0.55)",market_favorite,B365_OPEN,False,-1.0
2026-02-21,2026-02,D1,Bayern Munich,Ein Frankfurt,home,home,1.14,"[1.0,1.8)",0.8280254777070063,"[0.55,1.00]",market_favorite,B365_OPEN,True,0.1399999999999999
2026-02-21,2026-02,D1,Bayern Munich,Ein Frankfurt,draw,home,9.5,"[7.0,inf)",0.09936305732484074,"[0.00,0.20)",market_non_favorite,B365_OPEN,False,-1.0
2026-02-21,2026-02,D1,Bayern Munich,Ein Frankfurt,away,home,13.0,"[7.0,inf)",0.07261146496815286,"[0.00,0.20)",market_non_favorite,B365_OPEN,False,-1.0
2026-02-22,2026-02,D1,Freiburg,M'gladbach,home,home,1.95,"[1.8,2.2)",0.4877224600135166,"[0.42,0.55)",market_favorite,B365_OPEN,True,0.95
2026-02-22,2026-02,D1,Freiburg,M'gladbach,draw,home,3.25,"[2.8,3.5)",0.29263347600810996,"[0.28,0.34)",market_non_favorite,B365_OPEN,False,-1.0
2026-02-22,2026-02,D1,Freiburg,M'gladbach,away,home,4.33,"[4.0,5.0)",0.2196440639783735,"[0.20,0.28)",market_non_favorite,B365_OPEN,False,-1.0
2026-02-22,2026-02,D1,Heidenheim,Stuttgart,home,draw,4.5,"[4.0,5.0)",0.20955315870570107,"[0.20,0.28)",market_non_favorite,B365_OPEN,False,-1.0
2026-02-22,2026-02,D1,Heidenheim,Stuttgart,draw,draw,4.0,"[4.0,5.0)",0.2357473035439137,"[0.20,0.28)",market_non_favorite,B365_OPEN,True,3.0
2026-02-22,2026-02,D1,Heidenheim,Stuttgart,away,draw,1.7,"[1.0,1.8)",0.5546995377503853,"[0.55,1.00]",market_favorite,B365_OPEN,False,-1.0
2026-02-22,2026-02,D1,St Pauli,Werder Bremen,home,home,2.75,"[2.2,2.8)",0.3463687150837989,"[0.34,0.42)",market_favorite,B365_OPEN,True,1.75
2026-02-22,2026-02,D1,St Pauli,Werder Bremen,draw,home,3.1,"[2.8,3.5)",0.30726256983240224,"[0.28,0.34)",market_non_favorite,B365_OPEN,False,-1.0
2026-02-22,2026-02,D1,St Pauli,Werder Bremen,away,home,2.75,"[2.2,2.8)",0.3463687150837989,"[0.34,0.42)",market_non_favorite,B365_OPEN,False,-1.0
2026-02-27,2026-02,D1,Augsburg,FC Koln,home,home,2.2,"[2.2,2.8)",0.43374642516682554,"[0.42,0.55)",market_favorite,B365_OPEN,True,1.2000000000000002
2026-02-27,2026-02,D1,Augsburg,FC Koln,draw,home,3.5,"[3.5,4.0)",0.2726406101048618,"[0.20,0.28)",market_non_favorite,B365_OPEN,False,-1.0
2026-02-27,2026-02,D1,Augsburg,FC Koln,away,home,3.25,"[2.8,3.5)",0.2936129647283127,"[0.28,0.34)",market_non_favorite,B365_OPEN,False,-1.0
2026-02-28,2026-02,D1,Werder Bremen,Heidenheim,home,home,1.75,"[1.0,1.8)",0.5429892624813857,"[0.42,0.55)",market_favorite,B365_OPEN,True,0.75
2026-02-28,2026-02,D1,Werder Bremen,Heidenheim,draw,home,4.0,"[4.0,5.0)",0.23755780233560622,"[0.20,0.28)",market_non_favorite,B365_OPEN,False,-1.0
2026-02-28,2026-02,D1,Werder Bremen,Heidenheim,away,home,4.33,"[4.0,5.0)",0.21945293518300807,"[0.20,0.28)",market_non_favorite,B365_OPEN,False,-1.0
2026-02-28,2026-02,D1,M'gladbach,Union Berlin,home,home,2.38,"[2.2,2.8)",0.39768618944323936,"[0.34,0.42)",market_favorite,B365_OPEN,True,1.38
2026-02-28,2026-02,D1,M'gladbach,Union Berlin,draw,home,3.3,"[2.8,3.5)",0.28681610026512416,"[0.28,0.34)",market_non_favorite,B365_OPEN,False,-1.0
2026-02-28,2026-02,D1,M'gladbach,Union Berlin,away,home,3.0,"[2.8,3.5)",0.31549771029163654,"[0.28,0.34)",market_non_favorite,B365_OPEN,False,-1.0
2026-02-28,2026-02,D1,Leverkusen,Mainz,home,draw,1.7,"[1.0,1.8)",0.5546995377503853,"[0.55,1.00]",market_favorite,B365_OPEN,False,-1.0
2026-02-28,2026-02,D1,Leverkusen,Mainz,draw,draw,4.0,"[4.0,5.0)",0.2357473035439137,"[0.20,0.28)",market_non_favorite,B365_OPEN,True,3.0
2026-02-28,2026-02,D1,Leverkusen,Mainz,away,draw,4.5,"[4.0,5.0)",0.20955315870570107,"[0.20,0.28)",market_non_favorite,B365_OPEN,False,-1.0
2026-02-28,2026-02,D1,Hoffenheim,St Pauli,home,away,1.48,"[1.0,1.8)",0.6417473541995046,"[0.55,1.00]",market_favorite,B365_OPEN,False,-1.0
2026-02-28,2026-02,D1,Hoffenheim,St Pauli,draw,away,4.75,"[4.0,5.0)",0.19995496509795088,"[0.00,0.20)",market_non_favorite,B365_OPEN,False,-1.0
2026-02-28,2026-02,D1,Hoffenheim,St Pauli,away,away,6.0,"[5.0,7.0)",0.15829768070254446,"[0.00,0.20)",market_non_favorite,B365_OPEN,True,5.0
2026-02-28,2026-02,D1,Dortmund,Bayern Munich,home,away,4.5,"[4.0,5.0)",0.21008984105044923,"[0.20,0.28)",market_non_favorite,B365_OPEN,False,-1.0
2026-02-28,2026-02,D1,Dortmund,Bayern Munich,draw,away,4.75,"[4.0,5.0)",0.1990324809951624,"[0.00,0.20)",market_non_favorite,B365_OPEN,False,-1.0
2026-02-28,2026-02,D1,Dortmund,Bayern Munich,away,away,1.6,"[1.0,1.8)",0.5908776779543885,"[0.55,1.00]",market_favorite,B365_OPEN,True,0.6000000000000001
2026-03-01,2026-03,D1,Ein Frankfurt,Freiburg,home,home,2.2,"[2.2,2.8)",0.4317656129529684,"[0.42,0.55)",market_favorite,B365_OPEN,True,1.2000000000000002
2026-03-01,2026-03,D1,Ein Frankfurt,Freiburg,draw,home,3.5,"[3.5,4.0)",0.27139552814186585,"[0.20,0.28)",market_non_favorite,B365_OPEN,False,-1.0
2026-03-01,2026-03,D1,Ein Frankfurt,Freiburg,away,home,3.2,"[2.8,3.5)",0.2968388589051658,"[0.28,0.34)",market_non_favorite,B365_OPEN,False,-1.0
2026-03-01,2026-03,D1,Hamburg,RB Leipzig,home,away,3.3,"[2.8,3.5)",0.28754298815437523,"[0.28,0.34)",market_non_favorite,B365_OPEN,False,-1.0
2026-03-01,2026-03,D1,Hamburg,RB Leipzig,draw,away,3.5,"[3.5,4.0)",0.2711119602598395,"[0.20,0.28)",market_non_favorite,B365_OPEN,False,-1.0
2026-03-01,2026-03,D1,Hamburg,RB Leipzig,away,away,2.15,"[1.8,2.2)",0.44134505158578524,"[0.42,0.55)",market_favorite,B365_OPEN,True,1.15
2026-03-01,2026-03,D1,Stuttgart,Wolfsburg,home,home,1.5,"[1.0,1.8)",0.6244131455399061,"[0.55,1.00]",market_favorite,B365_OPEN,True,0.5
2026-03-01,2026-03,D1,Stuttgart,Wolfsburg,draw,home,4.75,"[4.0,5.0)",0.1971830985915493,"[0.00,0.20)",market_non_favorite,B365_OPEN,False,-1.0
2026-03-01,2026-03,D1,Stuttgart,Wolfsburg,away,home,5.25,"[5.0,7.0)",0.17840375586854462,"[0.00,0.20)",market_non_favorite,B365_OPEN,False,-1.0
2026-03-04,2026-03,D1,Hamburg,Leverkusen,home,away,3.5,"[3.5,4.0)",0.2717731541152642,"[0.20,0.28)",market_non_favorite,B365_OPEN,False,-1.0
2026-03-04,2026-03,D1,Hamburg,Leverkusen,draw,away,3.6,"[3.5,4.0)",0.2642238998342847,"[0.20,0.28)",market_non_favorite,B365_OPEN,False,-1.0
2026-03-04,2026-03,D1,Hamburg,Leverkusen,away,away,2.05,"[1.8,2.2)",0.46400294605045117,"[0.42,0.55)",market_favorite,B365_OPEN,True,1.0499999999999998
2026-03-06,2026-03,D1,Bayern Munich,M'gladbach,home,home,1.2,"[1.0,1.8)",0.7889594528578407,"[0.55,1.00]",market_favorite,B365_OPEN,True,0.19999999999999996
2026-03-06,2026-03,D1,Bayern Munich,M'gladbach,draw,home,8.5,"[7.0,inf)",0.11138251099169516,"[0.00,0.20)",market_non_favorite,B365_OPEN,False,-1.0
2026-03-06,2026-03,D1,Bayern Munich,M'gladbach,away,home,9.5,"[7.0,inf)",0.09965803615046408,"[0.00,0.20)",market_non_favorite,B365_OPEN,False,-1.0
2026-03-07,2026-03,D1,Wolfsburg,Hamburg,home,away,2.3,"[2.2,2.8)",0.41257367387033406,"[0.34,0.42)",market_favorite,B365_OPEN,False,-1.0
2026-03-07,2026-03,D1,Wolfsburg,Hamburg,draw,away,3.5,"[3.5,4.0)",0.27111984282907664,"[0.20,0.28)",market_non_favorite,B365_OPEN,False,-1.0
2026-03-07,2026-03,D1,Wolfsburg,Hamburg,away,away,3.0,"[2.8,3.5)",0.3163064833005894,"[0.28,0.34)",market_non_favorite,B365_OPEN,True,2.0
2026-03-07,2026-03,D1,RB Leipzig,Augsburg,home,home,1.42,"[1.0,1.8)",0.6655744419414295,"[0.55,1.00]",market_favorite,B365_OPEN,True,0.41999999999999993
2026-03-07,2026-03,D1,RB Leipzig,Augsburg,draw,home,5.0,"[5.0,7.0)",0.18902314151136598,"[0.00,0.20)",market_non_favorite,B365_OPEN,False,-1.0
2026-03-07,2026-03,D1,RB Leipzig,Augsburg,away,home,6.5,"[5.0,7.0)",0.1454024165472046,"[0.00,0.20)",market_non_favorite,B365_OPEN,False,-1.0
2026-03-07,2026-03,D1,Mainz,Stuttgart,home,draw,3.2,"[2.8,3.5)",0.29609793420045905,"[0.28,0.34)",market_non_favorite,B365_OPEN,False,-1.0
2026-03-07,2026-03,D1,Mainz,Stuttgart,draw,draw,3.6,"[3.5,4.0)",0.2631981637337414,"[0.20,0.28)",market_non_favorite,B365_OPEN,True,2.6
2026-03-07,2026-03,D1,Mainz,Stuttgart,away,draw,2.15,"[1.8,2.2)",0.4407039020657995,"[0.42,0.55)",market_favorite,B365_OPEN,False,-1.0
2026-03-07,2026-03,D1,Freiburg,Leverkusen,home,draw,2.9,"[2.8,3.5)",0.3239263803680982,"[0.28,0.34)",market_non_favorite,B365_OPEN,False,-1.0
2026-03-07,2026-03,D1,Freiburg,Leverkusen,draw,draw,3.3,"[2.8,3.5)",0.2846625766871166,"[0.28,0.34)",market_non_favorite,B365_OPEN,True,2.3
2026-03-07,2026-03,D1,Freiburg,Leverkusen,away,draw,2.4,"[2.2,2.8)",0.3914110429447853,"[0.34,0.42)",market_favorite,B365_OPEN,False,-1.0
2026-03-07,2026-03,D1,FC Koln,Dortmund,home,away,4.1,"[4.0,5.0)",0.22894521668029438,"[0.20,0.28)",market_non_favorite,B365_OPEN,False,-1.0
2026-03-07,2026-03,D1,FC Koln,Dortmund,draw,away,4.0,"[4.0,5.0)",0.23466884709730174,"[0.20,0.28)",market_non_favorite,B365_OPEN,False,-1.0
2026-03-07,2026-03,D1,FC Koln,Dortmund,away,away,1.75,"[1.0,1.8)",0.5363859362224039,"[0.42,0.55)",market_favorite,B365_OPEN,True,0.75
2026-03-07,2026-03,D1,Heidenheim,Hoffenheim,home,away,5.0,"[5.0,7.0)",0.18882801015635442,"[0.00,0.20)",market_non_favorite,B365_OPEN,False,-1.0
2026-03-07,2026-03,D1,Heidenheim,Hoffenheim,draw,away,4.5,"[4.0,5.0)",0.2098089001737271,"[0.20,0.28)",market_non_favorite,B365_OPEN,False,-1.0
2026-03-07,2026-03,D1,Heidenheim,Hoffenheim,away,away,1.57,"[1.0,1.8)",0.6013630896699185,"[0.55,1.00]",market_favorite,B365_OPEN,True,0.5700000000000001
2026-03-08,2026-03,D1,St Pauli,Ein Frankfurt,home,draw,2.63,"[2.2,2.8)",0.3590576766856215,"[0.34,0.42)",market_non_favorite,B365_OPEN,False,-1.0
2026-03-08,2026-03,D1,St Pauli,Ein Frankfurt,draw,draw,3.4,"[2.8,3.5)",0.27774167343623074,"[0.20,0.28)",market_non_favorite,B365_OPEN,True,2.4
2026-03-08,2026-03,D1,St Pauli,Ein Frankfurt,away,draw,2.6,"[2.2,2.8)",0.3632006498781478,"[0.34,0.42)",market_favorite,B365_OPEN,False,-1.0
2026-03-08,2026-03,D1,Union Berlin,Werder Bremen,home,away,2.25,"[2.2,2.8)",0.4247957712638154,"[0.42,0.55)",market_favorite,B365_OPEN,False,-1.0
2026-03-08,2026-03,D1,Union Berlin,Werder Bremen,draw,away,3.4,"[2.8,3.5)",0.2811148486304661,"[0.28,0.34)",market_non_favorite,B365_OPEN,False,-1.0
2026-03-08,2026-03,D1,Union Berlin,Werder Bremen,away,away,3.25,"[2.8,3.5)",0.2940893801057184,"[0.28,0.34)",market_non_favorite,B365_OPEN,True,2.25
2026-03-13,2026-03,D1,M'gladbach,St Pauli,home,home,1.91,"[1.8,2.2)",0.4959022086400889,"[0.42,0.55)",market_favorite,B365_OPEN,True,0.9099999999999999
2026-03-13,2026-03,D1,M'gladbach,St Pauli,draw,home,3.4,"[2.8,3.5)",0.2785803583831088,"[0.20,0.28)",market_non_favorite,B365_OPEN,False,-1.0
2026-03-13,2026-03,D1,M'gladbach,St Pauli,away,home,4.2,"[4.0,5.0)",0.22551743297680232,"[0.20,0.28)",market_non_favorite,B365_OPEN,False,-1.0
2026-03-14,2026-03,D1,Leverkusen,Bayern Munich,home,draw,5.25,"[5.0,7.0)",0.17858520814762582,"[0.00,0.20)",market_non_favorite,B365_OPEN,False,-1.0
2026-03-14,2026-03,D1,Leverkusen,Bayern Munich,draw,draw,4.33,"[4.0,5.0)",0.21652940941686735,"[0.20,0.28)",market_non_favorite,B365_OPEN,True,3.33
2026-03-14,2026-03,D1,Leverkusen,Bayern Munich,away,draw,1.55,"[1.0,1.8)",0.6048853824355068,"[0.55,1.00]",market_favorite,B365_OPEN,False,-1.0
2026-03-14,2026-03,D1,Hoffenheim,Wolfsburg,home,draw,1.44,"[1.0,1.8)",0.6558682952734998,"[0.55,1.00]",market_favorite,B365_OPEN,False,-1.0
2026-03-14,2026-03,D1,Hoffenheim,Wolfsburg,draw,draw,4.75,"[4.0,5.0)",0.19883165161975572,"[0.00,0.20)",market_non_favorite,B365_OPEN,True,3.75
2026-03-14,2026-03,D1,Hoffenheim,Wolfsburg,away,draw,6.5,"[5.0,7.0)",0.14530005310674457,"[0.00,0.20)",market_non_favorite,B365_OPEN,False,-1.0
2026-03-14,2026-03,D1,Hamburg,FC Koln,home,draw,2.1,"[1.8,2.2)",0.4485336400230017,"[0.42,0.55)",market_favorite,B365_OPEN,False,-1.0
2026-03-14,2026-03,D1,Hamburg,FC Koln,draw,draw,3.6,"[3.5,4.0)",0.26164462334675104,"[0.20,0.28)",market_non_favorite,B365_OPEN,True,2.6
2026-03-14,2026-03,D1,Hamburg,FC Koln,away,draw,3.25,"[2.8,3.5)",0.2898217366302473,"[0.28,0.34)",market_non_favorite,B365_OPEN,False,-1.0
2026-03-14,2026-03,D1,Ein Frankfurt,Heidenheim,home,home,1.53,"[1.0,1.8)",0.6179775280898876,"[0.55,1.00]",market_favorite,B365_OPEN,True,0.53
2026-03-14,2026-03,D1,Ein Frankfurt,Heidenheim,draw,home,4.5,"[4.0,5.0)",0.21011235955056176,"[0.20,0.28)",market_non_favorite,B365_OPEN,False,-1.0
2026-03-14,2026-03,D1,Ein Frankfurt,Heidenheim,away,home,5.5,"[5.0,7.0)",0.17191011235955056,"[0.00,0.20)",market_non_favorite,B365_OPEN,False,-1.0
2026-03-14,2026-03,D1,Dortmund,Augsburg,home,home,1.42,"[1.0,1.8)",0.6658656253129068,"[0.55,1.00]",market_favorite,B365_OPEN,True,0.41999999999999993
2026-03-14,2026-03,D1,Dortmund,Augsburg,draw,home,4.75,"[4.0,5.0)",0.1990587764093321,"[0.00,0.20)",market_non_favorite,B365_OPEN,False,-1.0
2026-03-14,2026-03,D1,Dortmund,Augsburg,away,home,7.0,"[7.0,inf)",0.13507559827776108,"[0.00,0.20)",market_non_favorite,B365_OPEN,False,-1.0
2026-03-15,2026-03,D1,Freiburg,Union Berlin,home,away,2.15,"[1.8,2.2)",0.44134505158578524,"[0.42,0.55)",market_favorite,B365_OPEN,False,-1.0
2026-03-15,2026-03,D1,Freiburg,Union Berlin,draw,away,3.3,"[2.8,3.5)",0.28754298815437523,"[0.28,0.34)",market_non_favorite,B365_OPEN,False,-1.0
2026-03-15,2026-03,D1,Freiburg,Union Berlin,away,away,3.5,"[3.5,4.0)",0.2711119602598395,"[0.20,0.28)",market_non_favorite,B365_OPEN,True,2.5
2026-03-15,2026-03,D1,Stuttgart,RB Leipzig,home,home,2.3,"[2.2,2.8)",0.40956826137689617,"[0.34,0.42)",market_favorite,B365_OPEN,True,1.2999999999999998
2026-03-15,2026-03,D1,Stuttgart,RB Leipzig,draw,home,3.9,"[3.5,4.0)",0.24154025670945162,"[0.20,0.28)",market_non_favorite,B365_OPEN,False,-1.0
2026-03-15,2026-03,D1,Stuttgart,RB Leipzig,away,home,2.7,"[2.2,2.8)",0.34889148191365227,"[0.34,0.42)",market_non_favorite,B365_OPEN,False,-1.0
2026-03-15,2026-03,D1,Werder Bremen,Mainz,home,away,2.2,"[2.2,2.8)",0.4317656129529684,"[0.42,0.55)",market_favorite,B365_OPEN,False,-1.0
2026-03-15,2026-03,D1,Werder Bremen,Mainz,draw,away,3.5,"[3.5,4.0)",0.27139552814186585,"[0.20,0.28)",market_non_favorite,B365_OPEN,False,-1.0
2026-03-15,2026-03,D1,Werder Bremen,Mainz,away,away,3.2,"[2.8,3.5)",0.2968388589051658,"[0.28,0.34)",market_non_favorite,B365_OPEN,True,2.2
2026-03-20,2026-03,D1,RB Leipzig,Hoffenheim,home,home,1.91,"[1.8,2.2)",0.4942630185348632,"[0.42,0.55)",market_favorite,B365_OPEN,True,0.9099999999999999
2026-03-20,2026-03,D1,RB Leipzig,Hoffenheim,draw,home,4.0,"[4.0,5.0)",0.23601059135039718,"[0.20,0.28)",market_non_favorite,B365_OPEN,False,-1.0
2026-03-20,2026-03,D1,RB Leipzig,Hoffenheim,away,home,3.5,"[3.5,4.0)",0.26972639011473964,"[0.20,0.28)",market_non_favorite,B365_OPEN,False,-1.0
2026-03-21,2026-03,D1,Wolfsburg,Werder Bremen,home,away,2.35,"[2.2,2.8)",0.40127388535031844,"[0.34,0.42)",market_favorite,B365_OPEN,False,-1.0
2026-03-21,2026-03,D1,Wolfsburg,Werder Bremen,draw,away,3.6,"[3.5,4.0)",0.26194267515923564,"[0.20,0.28)",market_non_favorite,B365_OPEN,False,-1.0
2026-03-21,2026-03,D1,Wolfsburg,Werder Bremen,away,away,2.8,"[2.8,3.5)",0.3367834394904458,"[0.28,0.34)",market_non_favorite,B365_OPEN,True,1.7999999999999998
2026-03-21,2026-03,D1,Heidenheim,Leverkusen,home,draw,5.25,"[5.0,7.0)",0.18146792525524946,"[0.00,0.20)",market_non_favorite,B365_OPEN,False,-1.0
2026-03-21,2026-03,D1,Heidenheim,Leverkusen,draw,draw,4.5,"[4.0,5.0)",0.2117125794644577,"[0.20,0.28)",market_non_favorite,B365_OPEN,True,3.5
2026-03-21,2026-03,D1,Heidenheim,Leverkusen,away,draw,1.57,"[1.0,1.8)",0.6068194952802928,"[0.55,1.00]",market_favorite,B365_OPEN,False,-1.0
2026-03-21,2026-03,D1,FC Koln,M'gladbach,home,draw,2.25,"[2.2,2.8)",0.42217898832684825,"[0.42,0.55)",market_favorite,B365_OPEN,False,-1.0
2026-03-21,2026-03,D1,FC Koln,M'gladbach,draw,draw,3.5,"[3.5,4.0)",0.2714007782101167,"[0.20,0.28)",market_non_favorite,B365_OPEN,True,2.5
2026-03-21,2026-03,D1,FC Koln,M'gladbach,away,draw,3.1,"[2.8,3.5)",0.306420233463035,"[0.28,0.34)",market_non_favorite,B365_OPEN,False,-1.0
2026-03-21,2026-03,D1,Dortmund,Hamburg,home,home,1.4,"[1.0,1.8)",0.6756756756756757,"[0.55,1.00]",market_favorite,B365_OPEN,True,0.3999999999999999
2026-03-21,2026-03,D1,Dortmund,Hamburg,draw,home,5.0,"[5.0,7.0)",0.1891891891891892,"[0.00,0.20)",market_non_favorite,B365_OPEN,False,-1.0
2026-03-21,2026-03,D1,Dortmund,Hamburg,away,home,7.0,"[7.0,inf)",0.13513513513513511,"[0.00,0.20)",market_non_favorite,B365_OPEN,False,-1.0
2026-03-21,2026-03,D1,Bayern Munich,Union Berlin,home,home,1.17,"[1.0,1.8)",0.8088978766430739,"[0.55,1.00]",market_favorite,B365_OPEN,True,0.16999999999999993
2026-03-21,2026-03,D1,Bayern Munich,Union Berlin,draw,home,8.0,"[7.0,inf)",0.11830131445904954,"[0.00,0.20)",market_non_favorite,B365_OPEN,False,-1.0
2026-03-21,2026-03,D1,Bayern Munich,Union Berlin,away,home,13.0,"[7.0,inf)",0.07280080889787664,"[0.00,0.20)",market_non_favorite,B365_OPEN,False,-1.0
2026-03-22,2026-03,D1,Augsburg,Stuttgart,home,away,3.5,"[3.5,4.0)",0.27240143369175623,"[0.20,0.28)",market_non_favorite,B365_OPEN,False,-1.0
2026-03-22,2026-03,D1,Augsburg,Stuttgart,draw,away,3.8,"[3.5,4.0)",0.25089605734767023,"[0.20,0.28)",market_non_favorite,B365_OPEN,False,-1.0
2026-03-22,2026-03,D1,Augsburg,Stuttgart,away,away,2.0,"[1.8,2.2)",0.4767025089605735,"[0.42,0.55)",market_favorite,B365_OPEN,True,1.0
2026-03-22,2026-03,D1,Mainz,Ein Frankfurt,home,home,2.1,"[1.8,2.2)",0.45172802404207363,"[0.42,0.55)",market_favorite,B365_OPEN,True,1.1
2026-03-22,2026-03,D1,Mainz,Ein Frankfurt,draw,home,3.7,"[3.5,4.0)",0.2563861758076634,"[0.20,0.28)",market_non_favorite,B365_OPEN,False,-1.0
2026-03-22,2026-03,D1,Mainz,Ein Frankfurt,away,home,3.25,"[2.8,3.5)",0.291885800150263,"[0.28,0.34)",market_non_favorite,B365_OPEN,False,-1.0
2026-03-22,2026-03,D1,St Pauli,Freiburg,home,away,2.7,"[2.2,2.8)",0.3527021535960991,"[0.34,0.42)",market_favorite,B365_OPEN,False,-1.0
2026-03-22,2026-03,D1,St Pauli,Freiburg,draw,away,3.1,"[2.8,3.5)",0.30719219829337663,"[0.28,0.34)",market_non_favorite,B365_OPEN,False,-1.0
2026-03-22,2026-03,D1,St Pauli,Freiburg,away,away,2.8,"[2.8,3.5)",0.34010564811052413,"[0.34,0.42)",market_non_favorite,B365_OPEN,True,1.7999999999999998
2026-04-04,2026-04,D1,Freiburg,Bayern Munich,home,away,6.5,"[5.0,7.0)",0.14652711703139867,"[0.00,0.20)",market_non_favorite,B365_OPEN,False,-1.0
2026-04-04,2026-04,D1,Freiburg,Bayern Munich,draw,away,5.5,"[5.0,7.0)",0.1731684110371075,"[0.00,0.20)",market_non_favorite,B365_OPEN,False,-1.0
2026-04-04,2026-04,D1,Freiburg,Bayern Munich,away,away,1.4,"[1.0,1.8)",0.6803044719314938,"[0.55,1.00]",market_favorite,B365_OPEN,True,0.3999999999999999
2026-04-04,2026-04,D1,Hamburg,Augsburg,home,draw,2.25,"[2.2,2.8)",0.42626070409134154,"[0.42,0.55)",market_favorite,B365_OPEN,False,-1.0
2026-04-04,2026-04,D1,Hamburg,Augsburg,draw,draw,3.5,"[3.5,4.0)",0.27402473834443386,"[0.20,0.28)",market_non_favorite,B365_OPEN,True,2.5
2026-04-04,2026-04,D1,Hamburg,Augsburg,away,draw,3.2,"[2.8,3.5)",0.29971455756422455,"[0.28,0.34)",market_non_favorite,B365_OPEN,False,-1.0
2026-04-04,2026-04,D1,Hoffenheim,Mainz,home,away,1.7,"[1.0,1.8)",0.5608856088560886,"[0.55,1.00]",market_favorite,B365_OPEN,False,-1.0
2026-04-04,2026-04,D1,Hoffenheim,Mainz,draw,away,4.0,"[4.0,5.0)",0.23837638376383766,"[0.20,0.28)",market_non_favorite,B365_OPEN,False,-1.0
2026-04-04,2026-04,D1,Hoffenheim,Mainz,away,away,4.75,"[4.0,5.0)",0.2007380073800738,"[0.20,0.28)",market_non_favorite,B365_OPEN,True,3.75
2026-04-04,2026-04,D1,Leverkusen,Wolfsburg,home,home,1.4,"[1.0,1.8)",0.6756756756756757,"[0.55,1.00]",market_favorite,B365_OPEN,True,0.3999999999999999
2026-04-04,2026-04,D1,Leverkusen,Wolfsburg,draw,home,5.0,"[5.0,7.0)",0.1891891891891892,"[0.00,0.20)",market_non_favorite,B365_OPEN,False,-1.0
2026-04-04,2026-04,D1,Leverkusen,Wolfsburg,away,home,7.0,"[7.0,inf)",0.13513513513513511,"[0.00,0.20)",market_non_favorite,B365_OPEN,False,-1.0
2026-04-04,2026-04,D1,M'gladbach,Heidenheim,home,draw,1.57,"[1.0,1.8)",0.6018171661844011,"[0.55,1.00]",market_favorite,B365_OPEN,False,-1.0
2026-04-04,2026-04,D1,M'gladbach,Heidenheim,draw,draw,4.33,"[4.0,5.0)",0.2182108431661685,"[0.20,0.28)",market_non_favorite,B365_OPEN,True,3.33
2026-04-04,2026-04,D1,M'gladbach,Heidenheim,away,draw,5.25,"[5.0,7.0)",0.17997199064943042,"[0.00,0.20)",market_non_favorite,B365_OPEN,False,-1.0
2026-04-04,2026-04,D1,Stuttgart,Dortmund,home,away,2.3,"[2.2,2.8)",0.41473604253702995,"[0.34,0.42)",market_favorite,B365_OPEN,False,-1.0
2026-04-04,2026-04,D1,Stuttgart,Dortmund,draw,away,3.9,"[3.5,4.0)",0.2445879225218382,"[0.20,0.28)",market_non_favorite,B365_OPEN,False,-1.0
2026-04-04,2026-04,D1,Stuttgart,Dortmund,away,away,2.8,"[2.8,3.5)",0.34067603494113174,"[0.34,0.42)",market_non_favorite,B365_OPEN,True,1.7999999999999998
2026-04-04,2026-04,D1,Werder Bremen,RB Leipzig,home,away,3.6,"[3.5,4.0)",0.2642135841748513,"[0.20,0.28)",market_non_favorite,B365_OPEN,False,-1.0
2026-04-04,2026-04,D1,Werder Bremen,RB Leipzig,draw,away,4.0,"[4.0,5.0)",0.23779222575736617,"[0.20,0.28)",market_non_favorite,B365_OPEN,False,-1.0
2026-04-04,2026-04,D1,Werder Bremen,RB Leipzig,away,away,1.91,"[1.8,2.2)",0.49799419006778256,"[0.42,0.55)",market_favorite,B365_OPEN,True,0.9099999999999999
2026-04-05,2026-04,D1,Ein Frankfurt,FC Koln,home,draw,2.0,"[1.8,2.2)",0.4701492537313433,"[0.42,0.55)",market_favorite,B365_OPEN,False,-1.0
2026-04-05,2026-04,D1,Ein Frankfurt,FC Koln,draw,draw,3.5,"[3.5,4.0)",0.26865671641791045,"[0.20,0.28)",market_non_favorite,B365_OPEN,True,2.5
2026-04-05,2026-04,D1,Ein Frankfurt,FC Koln,away,draw,3.6,"[3.5,4.0)",0.2611940298507463,"[0.20,0.28)",market_non_favorite,B365_OPEN,False,-1.0
2026-04-05,2026-04,D1,Union Berlin,St Pauli,home,draw,2.1,"[1.8,2.2)",0.4532775453277545,"[0.42,0.55)",market_favorite,B365_OPEN,False,-1.0
2026-04-05,2026-04,D1,Union Berlin,St Pauli,draw,draw,3.25,"[2.8,3.5)",0.2928870292887029,"[0.28,0.34)",market_non_favorite,B365_OPEN,True,2.25
2026-04-05,2026-04,D1,Union Berlin,St Pauli,away,draw,3.75,"[3.5,4.0)",0.25383542538354253,"[0.20,0.28)",market_non_favorite,B365_OPEN,False,-1.0
2026-04-10,2026-04,D1,Augsburg,Hoffenheim,home,draw,3.5,"[3.5,4.0)",0.27149321266968324,"[0.20,0.28)",market_non_favorite,B365_OPEN,False,-1.0
2026-04-10,2026-04,D1,Augsburg,Hoffenheim,draw,draw,3.75,"[3.5,4.0)",0.25339366515837103,"[0.20,0.28)",market_non_favorite,B365_OPEN,True,2.75
2026-04-10,2026-04,D1,Augsburg,Hoffenheim,away,draw,2.0,"[1.8,2.2)",0.4751131221719457,"[0.42,0.55)",market_favorite,B365_OPEN,False,-1.0
2026-04-11,2026-04,D1,Wolfsburg,Ein Frankfurt,home,away,2.55,"[2.2,2.8)",0.3692307692307692,"[0.34,0.42)",market_favorite,B365_OPEN,False,-1.0
2026-04-11,2026-04,D1,Wolfsburg,Ein Frankfurt,draw,away,3.6,"[3.5,4.0)",0.2615384615384615,"[0.20,0.28)",market_non_favorite,B365_OPEN,False,-1.0
2026-04-11,2026-04,D1,Wolfsburg,Ein Frankfurt,away,away,2.55,"[2.2,2.8)",0.3692307692307692,"[0.34,0.42)",market_non_favorite,B365_OPEN,True,1.5499999999999998
2026-04-11,2026-04,D1,St Pauli,Bayern Munich,home,away,8.0,"[7.0,inf)",0.11789181692094314,"[0.00,0.20)",market_non_favorite,B365_OPEN,False,-1.0
2026-04-11,2026-04,D1,St Pauli,Bayern Munich,draw,away,5.0,"[5.0,7.0)",0.18862690707350901,"[0.00,0.20)",market_non_favorite,B365_OPEN,False,-1.0
2026-04-11,2026-04,D1,St Pauli,Bayern Munich,away,away,1.36,"[1.0,1.8)",0.6934812760055478,"[0.55,1.00]",market_favorite,B365_OPEN,True,0.3600000000000001
2026-04-11,2026-04,D1,RB Leipzig,M'gladbach,home,home,1.53,"[1.0,1.8)",0.6248878789690845,"[0.55,1.00]",market_favorite,B365_OPEN,True,0.53
2026-04-11,2026-04,D1,RB Leipzig,M'gladbach,draw,home,4.75,"[4.0,5.0)",0.20127967469951563,"[0.20,0.28)",market_non_favorite,B365_OPEN,False,-1.0
2026-04-11,2026-04,D1,RB Leipzig,M'gladbach,away,home,5.5,"[5.0,7.0)",0.17383244633139988,"[0.00,0.20)",market_non_favorite,B365_OPEN,False,-1.0
2026-04-11,2026-04,D1,Heidenheim,Union Berlin,home,home,2.9,"[2.8,3.5)",0.32611264277274515,"[0.28,0.34)",market_non_favorite,B365_OPEN,True,1.9
2026-04-11,2026-04,D1,Heidenheim,Union Berlin,draw,home,3.6,"[3.5,4.0)",0.26270185112248917,"[0.20,0.28)",market_non_favorite,B365_OPEN,False,-1.0
2026-04-11,2026-04,D1,Heidenheim,Union Berlin,away,home,2.3,"[2.2,2.8)",0.4111855061047657,"[0.34,0.42)",market_favorite,B365_OPEN,False,-1.0
2026-04-11,2026-04,D1,Dortmund,Leverkusen,home,away,1.95,"[1.8,2.2)",0.4866595517609392,"[0.42,0.55)",market_favorite,B365_OPEN,False,-1.0
2026-04-11,2026-04,D1,Dortmund,Leverkusen,draw,away,3.8,"[3.5,4.0)",0.24973319103521877,"[0.20,0.28)",market_non_favorite,B365_OPEN,False,-1.0
2026-04-11,2026-04,D1,Dortmund,Leverkusen,away,away,3.6,"[3.5,4.0)",0.26360725720384204,"[0.20,0.28)",market_non_favorite,B365_OPEN,True,2.6
2026-04-12,2026-04,D1,FC Koln,Werder Bremen,home,home,2.2,"[2.2,2.8)",0.4317656129529684,"[0.42,0.55)",market_favorite,B365_OPEN,True,1.2000000000000002
2026-04-12,2026-04,D1,FC Koln,Werder Bremen,draw,home,3.5,"[3.5,4.0)",0.27139552814186585,"[0.20,0.28)",market_non_favorite,B365_OPEN,False,-1.0
2026-04-12,2026-04,D1,FC Koln,Werder Bremen,away,home,3.2,"[2.8,3.5)",0.2968388589051658,"[0.28,0.34)",market_non_favorite,B365_OPEN,False,-1.0
2026-04-12,2026-04,D1,Mainz,Freiburg,home,away,2.25,"[2.2,2.8)",0.42217898832684825,"[0.42,0.55)",market_favorite,B365_OPEN,False,-1.0
2026-04-12,2026-04,D1,Mainz,Freiburg,draw,away,3.1,"[2.8,3.5)",0.306420233463035,"[0.28,0.34)",market_non_favorite,B365_OPEN,False,-1.0
2026-04-12,2026-04,D1,Mainz,Freiburg,away,away,3.5,"[3.5,4.0)",0.2714007782101167,"[0.20,0.28)",market_non_favorite,B365_OPEN,True,2.5
2026-04-12,2026-04,D1,Stuttgart,Hamburg,home,home,1.4,"[1.0,1.8)",0.6690140845070423,"[0.55,1.00]",market_favorite,B365_OPEN,True,0.3999999999999999
2026-04-12,2026-04,D1,Stuttgart,Hamburg,draw,home,4.75,"[4.0,5.0)",0.19718309859154928,"[0.00,0.20)",market_non_favorite,B365_OPEN,False,-1.0
2026-04-12,2026-04,D1,Stuttgart,Hamburg,away,home,7.0,"[7.0,inf)",0.13380281690140844,"[0.00,0.20)",market_non_favorite,B365_OPEN,False,-1.0
2026-04-17,2026-04,D1,St Pauli,FC Koln,home,draw,2.88,"[2.8,3.5)",0.3280584297017651,"[0.28,0.34)",market_non_favorite,B365_OPEN,False,-1.0
2026-04-17,2026-04,D1,St Pauli,FC Koln,draw,draw,3.3,"[2.8,3.5)",0.2863055386488132,"[0.28,0.34)",market_non_favorite,B365_OPEN,True,2.3
2026-04-17,2026-04,D1,St Pauli,FC Koln,away,draw,2.45,"[2.2,2.8)",0.3856360316494218,"[0.34,0.42)",market_favorite,B365_OPEN,False,-1.0
2026-04-18,2026-04,D1,Werder Bremen,Hamburg,home,home,1.95,"[1.8,2.2)",0.4850444624090542,"[0.42,0.55)",market_favorite,B365_OPEN,True,0.95
2026-04-18,2026-04,D1,Werder Bremen,Hamburg,draw,home,3.6,"[3.5,4.0)",0.2627324171382377,"[0.20,0.28)",market_non_favorite,B365_OPEN,False,-1.0
2026-04-18,2026-04,D1,Werder Bremen,Hamburg,away,home,3.75,"[3.5,4.0)",0.25222312045270817,"[0.20,0.28)",market_non_favorite,B365_OPEN,False,-1.0
2026-04-18,2026-04,D1,Leverkusen,Augsburg,home,away,1.4,"[1.0,1.8)",0.6756756756756757,"[0.55,1.00]",market_favorite,B365_OPEN,False,-1.0
2026-04-18,2026-04,D1,Leverkusen,Augsburg,draw,away,5.0,"[5.0,7.0)",0.1891891891891892,"[0.00,0.20)",market_non_favorite,B365_OPEN,False,-1.0
2026-04-18,2026-04,D1,Leverkusen,Augsburg,away,away,7.0,"[7.0,inf)",0.13513513513513511,"[0.00,0.20)",market_non_favorite,B365_OPEN,True,6.0
2026-04-18,2026-04,D1,Hoffenheim,Dortmund,home,home,2.5,"[2.2,2.8)",0.38095238095238093,"[0.34,0.42)",market_favorite,B365_OPEN,True,1.5
2026-04-18,2026-04,D1,Hoffenheim,Dortmund,draw,home,4.0,"[4.0,5.0)",0.23809523809523808,"[0.20,0.28)",market_non_favorite,B365_OPEN,False,-1.0
2026-04-18,2026-04,D1,Hoffenheim,Dortmund,away,home,2.5,"[2.2,2.8)",0.38095238095238093,"[0.34,0.42)",market_non_favorite,B365_OPEN,False,-1.0
2026-04-18,2026-04,D1,Ein Frankfurt,RB Leipzig,home,away,3.4,"[2.8,3.5)",0.28169014084507044,"[0.28,0.34)",market_non_favorite,B365_OPEN,False,-1.0
2026-04-18,2026-04,D1,Ein Frankfurt,RB Leipzig,draw,away,4.0,"[4.0,5.0)",0.23943661971830985,"[0.20,0.28)",market_non_favorite,B365_OPEN,False,-1.0
2026-04-18,2026-04,D1,Ein Frankfurt,RB Leipzig,away,away,2.0,"[1.8,2.2)",0.4788732394366197,"[0.42,0.55)",market_favorite,B365_OPEN,True,1.0
2026-04-18,2026-04,D1,Union Berlin,Wolfsburg,home,away,2.15,"[1.8,2.2)",0.4427206508371961,"[0.42,0.55)",market_favorite,B365_OPEN,False,-1.0
2026-04-18,2026-04,D1,Union Berlin,Wolfsburg,draw,away,3.6,"[3.5,4.0)",0.2644026109166588,"[0.20,0.28)",market_non_favorite,B365_OPEN,False,-1.0
2026-04-18,2026-04,D1,Union Berlin,Wolfsburg,away,away,3.25,"[2.8,3.5)",0.29287673824614513,"[0.28,0.34)",market_non_favorite,B365_OPEN,True,2.25
2026-04-19,2026-04,D1,Bayern Munich,Stuttgart,home,home,1.4,"[1.0,1.8)",0.6803044719314938,"[0.55,1.00]",market_favorite,B365_OPEN,True,0.3999999999999999
2026-04-19,2026-04,D1,Bayern Munich,Stuttgart,draw,home,5.5,"[5.0,7.0)",0.1731684110371075,"[0.00,0.20)",market_non_favorite,B365_OPEN,False,-1.0
2026-04-19,2026-04,D1,Bayern Munich,Stuttgart,away,home,6.5,"[5.0,7.0)",0.14652711703139867,"[0.00,0.20)",market_non_favorite,B365_OPEN,False,-1.0
2026-04-19,2026-04,D1,Freiburg,Heidenheim,home,home,1.67,"[1.0,1.8)",0.5685384402049366,"[0.55,1.00]",market_favorite,B365_OPEN,True,0.6699999999999999
2026-04-19,2026-04,D1,Freiburg,Heidenheim,draw,home,4.1,"[4.0,5.0)",0.23157541344932783,"[0.20,0.28)",market_non_favorite,B365_OPEN,False,-1.0
2026-04-19,2026-04,D1,Freiburg,Heidenheim,away,home,4.75,"[4.0,5.0)",0.19988614634573557,"[0.00,0.20)",market_non_favorite,B365_OPEN,False,-1.0
2026-04-19,2026-04,D1,M'gladbach,Mainz,home,draw,2.35,"[2.2,2.8)",0.40293767368003175,"[0.34,0.42)",market_favorite,B365_OPEN,False,-1.0
2026-04-19,2026-04,D1,M'gladbach,Mainz,draw,draw,3.5,"[3.5,4.0)",0.2705438666137356,"[0.20,0.28)",market_non_favorite,B365_OPEN,True,2.5
2026-04-19,2026-04,D1,M'gladbach,Mainz,away,draw,2.9,"[2.8,3.5)",0.3265184597062326,"[0.28,0.34)",market_non_favorite,B365_OPEN,False,-1.0
2026-04-24,2026-04,D1,RB Leipzig,Union Berlin,home,home,1.48,"[1.0,1.8)",0.6417473541995046,"[0.55,1.00]",market_favorite,B365_OPEN,True,0.48
2026-04-24,2026-04,D1,RB Leipzig,Union Berlin,draw,home,4.75,"[4.0,5.0)",0.19995496509795088,"[0.00,0.20)",market_non_favorite,B365_OPEN,False,-1.0
2026-04-24,2026-04,D1,RB Leipzig,Union Berlin,away,home,6.0,"[5.0,7.0)",0.15829768070254446,"[0.00,0.20)",market_non_favorite,B365_OPEN,False,-1.0
2026-04-25,2026-04,D1,Wolfsburg,M'gladbach,home,draw,2.2,"[2.2,2.8)",0.4310344827586207,"[0.42,0.55)",market_favorite,B365_OPEN,False,-1.0
2026-04-25,2026-04,D1,Wolfsburg,M'gladbach,draw,draw,3.75,"[3.5,4.0)",0.25287356321839083,"[0.20,0.28)",market_non_favorite,B365_OPEN,True,2.75
2026-04-25,2026-04,D1,Wolfsburg,M'gladbach,away,draw,3.0,"[2.8,3.5)",0.3160919540229885,"[0.28,0.34)",market_non_favorite,B365_OPEN,False,-1.0
2026-04-25,2026-04,D1,Heidenheim,St Pauli,home,home,2.3,"[2.2,2.8)",0.41257367387033406,"[0.34,0.42)",market_favorite,B365_OPEN,True,1.2999999999999998
2026-04-25,2026-04,D1,Heidenheim,St Pauli,draw,home,3.5,"[3.5,4.0)",0.27111984282907664,"[0.20,0.28)",market_non_favorite,B365_OPEN,False,-1.0
2026-04-25,2026-04,D1,Heidenheim,St Pauli,away,home,3.0,"[2.8,3.5)",0.3163064833005894,"[0.28,0.34)",market_non_favorite,B365_OPEN,False,-1.0
2026-04-25,2026-04,D1,Hamburg,Hoffenheim,home,away,4.0,"[4.0,5.0)",0.23333333333333334,"[0.20,0.28)",market_non_favorite,B365_OPEN,False,-1.0
2026-04-25,2026-04,D1,Hamburg,Hoffenheim,draw,away,4.0,"[4.0,5.0)",0.23333333333333334,"[0.20,0.28)",market_non_favorite,B365_OPEN,False,-1.0
2026-04-25,2026-04,D1,Hamburg,Hoffenheim,away,away,1.75,"[1.0,1.8)",0.5333333333333333,"[0.42,0.55)",market_favorite,B365_OPEN,True,0.75
2026-04-25,2026-04,D1,FC Koln,Leverkusen,home,away,3.8,"[3.5,4.0)",0.24974687816402294,"[0.20,0.28)",market_non_favorite,B365_OPEN,False,-1.0
2026-04-25,2026-04,D1,FC Koln,Leverkusen,draw,away,4.0,"[4.0,5.0)",0.2372595342558218,"[0.20,0.28)",market_non_favorite,B365_OPEN,False,-1.0
2026-04-25,2026-04,D1,FC Koln,Leverkusen,away,away,1.85,"[1.8,2.2)",0.5129935875801552,"[0.42,0.55)",market_favorite,B365_OPEN,True,0.8500000000000001
2026-04-25,2026-04,D1,Augsburg,Ein Frankfurt,home,draw,2.5,"[2.2,2.8)",0.3762376237623763,"[0.34,0.42)",market_favorite,B365_OPEN,False,-1.0
2026-04-25,2026-04,D1,Augsburg,Ein Frankfurt,draw,draw,3.8,"[3.5,4.0)",0.24752475247524752,"[0.20,0.28)",market_non_favorite,B365_OPEN,True,2.8
2026-04-25,2026-04,D1,Augsburg,Ein Frankfurt,away,draw,2.5,"[2.2,2.8)",0.3762376237623763,"[0.34,0.42)",market_non_favorite,B365_OPEN,False,-1.0
2026-04-25,2026-04,D1,Mainz,Bayern Munich,home,away,4.33,"[4.0,5.0)",0.21953720447195677,"[0.20,0.28)",market_non_favorite,B365_OPEN,False,-1.0
2026-04-25,2026-04,D1,Mainz,Bayern Munich,draw,away,4.5,"[4.0,5.0)",0.21124357674746064,"[0.20,0.28)",market_non_favorite,B365_OPEN,False,-1.0
2026-04-25,2026-04,D1,Mainz,Bayern Munich,away,away,1.67,"[1.0,1.8)",0.5692192187805826,"[0.55,1.00]",market_favorite,B365_OPEN,True,0.6699999999999999
2026-04-26,2026-04,D1,Dortmund,Freiburg,home,home,1.36,"[1.0,1.8)",0.6942607775720708,"[0.55,1.00]",market_favorite,B365_OPEN,True,0.3600000000000001
2026-04-26,2026-04,D1,Dortmund,Freiburg,draw,home,5.25,"[5.0,7.0)",0.1798466014281936,"[0.00,0.20)",market_non_favorite,B365_OPEN,False,-1.0
2026-04-26,2026-04,D1,Dortmund,Freiburg,away,home,7.5,"[7.0,inf)",0.12589262099973553,"[0.00,0.20)",market_non_favorite,B365_OPEN,False,-1.0
2026-04-26,2026-04,D1,Stuttgart,Werder Bremen,home,draw,1.53,"[1.0,1.8)",0.6129214075959531,"[0.55,1.00]",market_favorite,B365_OPEN,False,-1.0
2026-04-26,2026-04,D1,Stuttgart,Werder Bremen,draw,draw,4.33,"[4.0,5.0)",0.21657500083644532,"[0.20,0.28)",market_non_favorite,B365_OPEN,True,3.33
2026-04-26,2026-04,D1,Stuttgart,Werder Bremen,away,draw,5.5,"[5.0,7.0)",0.1705035915676015,"[0.00,0.20)",market_non_favorite,B365_OPEN,False,-1.0
2026-05-02,2026-05,D1,Werder Bremen,Augsburg,home,away,1.95,"[1.8,2.2)",0.4866595517609392,"[0.42,0.55)",market_favorite,B365_OPEN,False,-1.0
2026-05-02,2026-05,D1,Werder Bremen,Augsburg,draw,away,3.8,"[3.5,4.0)",0.24973319103521877,"[0.20,0.28)",market_non_favorite,B365_OPEN,False,-1.0
2026-05-02,2026-05,D1,Werder Bremen,Augsburg,away,away,3.6,"[3.5,4.0)",0.26360725720384204,"[0.20,0.28)",market_non_favorite,B365_OPEN,True,2.6
2026-05-02,2026-05,D1,Union Berlin,FC Koln,home,draw,2.45,"[2.2,2.8)",0.3865105008077544,"[0.34,0.42)",market_favorite,B365_OPEN,False,-1.0
2026-05-02,2026-05,D1,Union Berlin,FC Koln,draw,draw,3.3,"[2.8,3.5)",0.28695476575121165,"[0.28,0.34)",market_non_favorite,B365_OPEN,True,2.3
2026-05-02,2026-05,D1,Union Berlin,FC Koln,away,draw,2.9,"[2.8,3.5)",0.32653473344103395,"[0.28,0.34)",market_non_favorite,B365_OPEN,False,-1.0
2026-05-02,2026-05,D1,Leverkusen,RB Leipzig,home,home,2.1,"[1.8,2.2)",0.4485981308411215,"[0.42,0.55)",market_favorite,B365_OPEN,True,1.1
2026-05-02,2026-05,D1,Leverkusen,RB Leipzig,draw,home,4.2,"[4.0,5.0)",0.22429906542056074,"[0.20,0.28)",market_non_favorite,B365_OPEN,False,-1.0
2026-05-02,2026-05,D1,Leverkusen,RB Leipzig,away,home,2.88,"[2.8,3.5)",0.32710280373831774,"[0.28,0.34)",market_non_favorite,B365_OPEN,False,-1.0
2026-05-02,2026-05,D1,Hoffenheim,Stuttgart,home,draw,2.3,"[2.2,2.8)",0.4111445783132531,"[0.34,0.42)",market_favorite,B365_OPEN,False,-1.0
2026-05-02,2026-05,D1,Hoffenheim,Stuttgart,draw,draw,4.2,"[4.0,5.0)",0.22515060240963855,"[0.20,0.28)",market_non_favorite,B365_OPEN,True,3.2
2026-05-02,2026-05,D1,Hoffenheim,Stuttgart,away,draw,2.6,"[2.2,2.8)",0.3637048192771084,"[0.34,0.42)",market_non_favorite,B365_OPEN,False,-1.0
2026-05-02,2026-05,D1,Ein Frankfurt,Hamburg,home,away,1.73,"[1.0,1.8)",0.5490012957333573,"[0.42,0.55)",market_favorite,B365_OPEN,False,-1.0
2026-05-02,2026-05,D1,Ein Frankfurt,Hamburg,draw,away,4.1,"[4.0,5.0)",0.2316517662484654,"[0.20,0.28)",market_non_favorite,B365_OPEN,False,-1.0
2026-05-02,2026-05,D1,Ein Frankfurt,Hamburg,away,away,4.33,"[4.0,5.0)",0.21934693801817737,"[0.20,0.28)",market_non_favorite,B365_OPEN,True,3.33
2026-05-02,2026-05,D1,Bayern Munich,Heidenheim,home,draw,1.25,"[1.0,1.8)",0.763271162123386,"[0.55,1.00]",market_favorite,B365_OPEN,False,-1.0
2026-05-02,2026-05,D1,Bayern Munich,Heidenheim,draw,draw,7.0,"[7.0,inf)",0.13629842180774748,"[0.00,0.20)",market_non_favorite,B365_OPEN,True,6.0
2026-05-02,2026-05,D1,Bayern Munich,Heidenheim,away,draw,9.5,"[7.0,inf)",0.10043041606886656,"[0.00,0.20)",market_non_favorite,B365_OPEN,False,-1.0
2026-05-03,2026-05,D1,M'gladbach,Dortmund,home,home,3.75,"[3.5,4.0)",0.25315219476465356,"[0.20,0.28)",market_non_favorite,B365_OPEN,True,2.75
2026-05-03,2026-05,D1,M'gladbach,Dortmund,draw,home,3.8,"[3.5,4.0)",0.24982124483353968,"[0.20,0.28)",market_non_favorite,B365_OPEN,False,-1.0
2026-05-03,2026-05,D1,M'gladbach,Dortmund,away,home,1.91,"[1.8,2.2)",0.49702656040180676,"[0.42,0.55)",market_favorite,B365_OPEN,False,-1.0
2026-05-03,2026-05,D1,St Pauli,Mainz,home,away,2.63,"[2.2,2.8)",0.3560609204465286,"[0.34,0.42)",market_non_favorite,B365_OPEN,False,-1.0
2026-05-03,2026-05,D1,St Pauli,Mainz,draw,away,3.3,"[2.8,3.5)",0.28376976387102126,"[0.28,0.34)",market_non_favorite,B365_OPEN,False,-1.0
2026-05-03,2026-05,D1,St Pauli,Mainz,away,away,2.6,"[2.2,2.8)",0.36016931568245003,"[0.34,0.42)",market_favorite,B365_OPEN,True,1.6
2026-05-03,2026-05,D1,Freiburg,Wolfsburg,home,draw,2.55,"[2.2,2.8)",0.37410926365795727,"[0.34,0.42)",market_favorite,B365_OPEN,False,-1.0
2026-05-03,2026-05,D1,Freiburg,Wolfsburg,draw,draw,3.5,"[3.5,4.0)",0.2725653206650831,"[0.20,0.28)",market_non_favorite,B365_OPEN,True,2.5
2026-05-03,2026-05,D1,Freiburg,Wolfsburg,away,draw,2.7,"[2.2,2.8)",0.3533254156769596,"[0.34,0.42)",market_non_favorite,B365_OPEN,False,-1.0
2026-05-08,2026-05,D1,Dortmund,Ein Frankfurt,home,home,1.67,"[1.0,1.8)",0.5692192187805826,"[0.55,1.00]",market_favorite,B365_OPEN,True,0.6699999999999999
2026-05-08,2026-05,D1,Dortmund,Ein Frankfurt,draw,home,4.33,"[4.0,5.0)",0.21953720447195677,"[0.20,0.28)",market_non_favorite,B365_OPEN,False,-1.0
2026-05-08,2026-05,D1,Dortmund,Ein Frankfurt,away,home,4.5,"[4.0,5.0)",0.21124357674746064,"[0.20,0.28)",market_non_favorite,B365_OPEN,False,-1.0
2026-05-09,2026-05,D1,Augsburg,M'gladbach,home,home,2.05,"[1.8,2.2)",0.4612804025719877,"[0.42,0.55)",market_favorite,B365_OPEN,True,1.0499999999999998
2026-05-09,2026-05,D1,Augsburg,M'gladbach,draw,home,3.75,"[3.5,4.0)",0.2521666200726866,"[0.20,0.28)",market_non_favorite,B365_OPEN,False,-1.0
2026-05-09,2026-05,D1,Augsburg,M'gladbach,away,home,3.3,"[2.8,3.5)",0.28655297735532564,"[0.28,0.34)",market_non_favorite,B365_OPEN,False,-1.0
2026-05-09,2026-05,D1,Hoffenheim,Werder Bremen,home,home,1.45,"[1.0,1.8)",0.6484352974344516,"[0.55,1.00]",market_favorite,B365_OPEN,True,0.44999999999999996
2026-05-09,2026-05,D1,Hoffenheim,Werder Bremen,draw,home,5.0,"[5.0,7.0)",0.18804623625599096,"[0.00,0.20)",market_non_favorite,B365_OPEN,False,-1.0
2026-05-09,2026-05,D1,Hoffenheim,Werder Bremen,away,home,5.75,"[5.0,7.0)",0.16351846630955735,"[0.00,0.20)",market_non_favorite,B365_OPEN,False,-1.0
2026-05-09,2026-05,D1,RB Leipzig,St Pauli,home,home,1.3,"[1.0,1.8)",0.7282229965156795,"[0.55,1.00]",market_favorite,B365_OPEN,True,0.30000000000000004
2026-05-09,2026-05,D1,RB Leipzig,St Pauli,draw,home,5.5,"[5.0,7.0)",0.1721254355400697,"[0.00,0.20)",market_non_favorite,B365_OPEN,False,-1.0
2026-05-09,2026-05,D1,RB Leipzig,St Pauli,away,home,9.5,"[7.0,inf)",0.09965156794425088,"[0.00,0.20)",market_non_favorite,B365_OPEN,False,-1.0
2026-05-09,2026-05,D1,Stuttgart,Leverkusen,home,home,2.15,"[1.8,2.2)",0.4337722695584818,"[0.42,0.55)",market_favorite,B365_OPEN,True,1.15
2026-05-09,2026-05,D1,Stuttgart,Leverkusen,draw,home,4.0,"[4.0,5.0)",0.23315259488768397,"[0.20,0.28)",market_non_favorite,B365_OPEN,False,-1.0
2026-05-09,2026-05,D1,Stuttgart,Leverkusen,away,home,2.8,"[2.8,3.5)",0.3330751355538342,"[0.28,0.34)",market_non_favorite,B365_OPEN,False,-1.0
2026-05-09,2026-05,D1,Wolfsburg,Bayern Munich,home,away,4.5,"[4.0,5.0)",0.20979606219442362,"[0.20,0.28)",market_non_favorite,B365_OPEN,False,-1.0
2026-05-09,2026-05,D1,Wolfsburg,Bayern Munich,draw,away,4.33,"[4.0,5.0)",0.21803285909351183,"[0.20,0.28)",market_non_favorite,B365_OPEN,False,-1.0
2026-05-09,2026-05,D1,Wolfsburg,Bayern Munich,away,away,1.65,"[1.0,1.8)",0.5721710787120644,"[0.55,1.00]",market_favorite,B365_OPEN,True,0.6499999999999999
2026-05-10,2026-05,D1,Hamburg,Freiburg,home,home,2.75,"[2.2,2.8)",0.3436754176610978,"[0.34,0.42)",market_non_favorite,B365_OPEN,True,1.75
2026-05-10,2026-05,D1,Hamburg,Freiburg,draw,home,3.6,"[3.5,4.0)",0.26252983293556087,"[0.20,0.28)",market_non_favorite,B365_OPEN,False,-1.0
2026-05-10,2026-05,D1,Hamburg,Freiburg,away,home,2.4,"[2.2,2.8)",0.39379474940334125,"[0.34,0.42)",market_favorite,B365_OPEN,False,-1.0
2026-05-10,2026-05,D1,Mainz,Union Berlin,home,away,1.75,"[1.0,1.8)",0.5429892624813857,"[0.42,0.55)",market_favorite,B365_OPEN,False,-1.0
2026-05-10,2026-05,D1,Mainz,Union Berlin,draw,away,4.0,"[4.0,5.0)",0.23755780233560622,"[0.20,0.28)",market_non_favorite,B365_OPEN,False,-1.0
2026-05-10,2026-05,D1,Mainz,Union Berlin,away,away,4.33,"[4.0,5.0)",0.21945293518300807,"[0.20,0.28)",market_non_favorite,B365_OPEN,True,3.33
2026-05-10,2026-05,D1,FC Koln,Heidenheim,home,away,1.91,"[1.8,2.2)",0.4931894569255263,"[0.42,0.55)",market_favorite,B365_OPEN,False,-1.0
2026-05-10,2026-05,D1,FC Koln,Heidenheim,draw,away,4.1,"[4.0,5.0)",0.22975411286042813,"[0.20,0.28)",market_non_favorite,B365_OPEN,False,-1.0
2026-05-10,2026-05,D1,FC Koln,Heidenheim,away,away,3.4,"[2.8,3.5)",0.2770564302140457,"[0.20,0.28)",market_non_favorite,B365_OPEN,True,2.4
2026-05-16,2026-05,D1,Bayern Munich,FC Koln,home,home,1.14,"[1.0,1.8)",0.8323424494649226,"[0.55,1.00]",market_favorite,B365_OPEN,True,0.1399999999999999
2026-05-16,2026-05,D1,Bayern Munich,FC Koln,draw,home,9.5,"[7.0,inf)",0.09988109393579071,"[0.00,0.20)",market_non_favorite,B365_OPEN,False,-1.0
2026-05-16,2026-05,D1,Bayern Munich,FC Koln,away,home,14.0,"[7.0,inf)",0.06777645659928655,"[0.00,0.20)",market_non_favorite,B365_OPEN,False,-1.0
2026-05-16,2026-05,D1,Ein Frankfurt,Stuttgart,home,draw,3.4,"[2.8,3.5)",0.2760099922473943,"[0.20,0.28)",market_non_favorite,B365_OPEN,False,-1.0
2026-05-16,2026-05,D1,Ein Frankfurt,Stuttgart,draw,draw,4.33,"[4.0,5.0)",0.21672840037901628,"[0.20,0.28)",market_non_favorite,B365_OPEN,True,3.33
2026-05-16,2026-05,D1,Ein Frankfurt,Stuttgart,away,draw,1.85,"[1.8,2.2)",0.5072616073735894,"[0.42,0.55)",market_favorite,B365_OPEN,False,-1.0
2026-05-16,2026-05,D1,Freiburg,RB Leipzig,home,home,2.7,"[2.2,2.8)",0.3510110644792064,"[0.34,0.42)",market_non_favorite,B365_OPEN,True,1.7000000000000002
2026-05-16,2026-05,D1,Freiburg,RB Leipzig,draw,home,4.0,"[4.0,5.0)",0.23693246852346433,"[0.20,0.28)",market_non_favorite,B365_OPEN,False,-1.0
2026-05-16,2026-05,D1,Freiburg,RB Leipzig,away,home,2.3,"[2.2,2.8)",0.4120564669973293,"[0.34,0.42)",market_favorite,B365_OPEN,False,-1.0
2026-05-16,2026-05,D1,Heidenheim,Mainz,home,away,1.91,"[1.8,2.2)",0.4992827177367116,"[0.42,0.55)",market_favorite,B365_OPEN,False,-1.0
2026-05-16,2026-05,D1,Heidenheim,Mainz,draw,away,4.33,"[4.0,5.0)",0.2202378731817827,"[0.20,0.28)",market_non_favorite,B365_OPEN,False,-1.0
2026-05-16,2026-05,D1,Heidenheim,Mainz,away,away,3.4,"[2.8,3.5)",0.28047940908150565,"[0.28,0.34)",market_non_favorite,B365_OPEN,True,2.4
2026-05-16,2026-05,D1,Leverkusen,Hamburg,home,draw,1.25,"[1.0,1.8)",0.759437453737972,"[0.55,1.00]",market_favorite,B365_OPEN,False,-1.0
2026-05-16,2026-05,D1,Leverkusen,Hamburg,draw,draw,6.75,"[5.0,7.0)",0.14063656550703182,"[0.00,0.20)",market_non_favorite,B365_OPEN,True,5.75
2026-05-16,2026-05,D1,Leverkusen,Hamburg,away,draw,9.5,"[7.0,inf)",0.0999259807549963,"[0.00,0.20)",market_non_favorite,B365_OPEN,False,-1.0
2026-05-16,2026-05,D1,St Pauli,Wolfsburg,home,away,2.8,"[2.8,3.5)",0.3403495220623733,"[0.34,0.42)",market_non_favorite,B365_OPEN,False,-1.0
2026-05-16,2026-05,D1,St Pauli,Wolfsburg,draw,away,3.75,"[3.5,4.0)",0.2541276431399054,"[0.20,0.28)",market_non_favorite,B365_OPEN,False,-1.0
2026-05-16,2026-05,D1,St Pauli,Wolfsburg,away,away,2.35,"[2.2,2.8)",0.4055228347977214,"[0.34,0.42)",market_favorite,B365_OPEN,True,1.35
2026-05-16,2026-05,D1,Union Berlin,Augsburg,home,home,2.6,"[2.2,2.8)",0.3636363636363636,"[0.34,0.42)",market_non_favorite,B365_OPEN,True,1.6
2026-05-16,2026-05,D1,Union Berlin,Augsburg,draw,home,3.9,"[3.5,4.0)",0.24242424242424246,"[0.20,0.28)",market_non_favorite,B365_OPEN,False,-1.0
2026-05-16,2026-05,D1,Union Berlin,Augsburg,away,home,2.4,"[2.2,2.8)",0.393939393939394,"[0.34,0.42)",market_favorite,B365_OPEN,False,-1.0
2026-05-16,2026-05,D1,Werder Bremen,Dortmund,home,away,3.5,"[3.5,4.0)",0.2724890829694323,"[0.20,0.28)",market_non_favorite,B365_OPEN,False,-1.0
2026-05-16,2026-05,D1,Werder Bremen,Dortmund,draw,away,4.0,"[4.0,5.0)",0.23842794759825325,"[0.20,0.28)",market_non_favorite,B365_OPEN,False,-1.0
2026-05-16,2026-05,D1,Werder Bremen,Dortmund,away,away,1.95,"[1.8,2.2)",0.48908296943231444,"[0.42,0.55)",market_favorite,B365_OPEN,True,0.95
2026-05-16,2026-05,D1,M'gladbach,Hoffenheim,home,home,4.33,"[4.0,5.0)",0.21953720447195677,"[0.20,0.28)",market_non_favorite,B365_OPEN,True,3.33
2026-05-16,2026-05,D1,M'gladbach,Hoffenheim,draw,home,4.5,"[4.0,5.0)",0.21124357674746064,"[0.20,0.28)",market_non_favorite,B365_OPEN,False,-1.0
2026-05-16,2026-05,D1,M'gladbach,Hoffenheim,away,home,1.67,"[1.0,1.8)",0.5692192187805826,"[0.55,1.00]",market_favorite,B365_OPEN,False,-1.0
