test_month,candidate_id,source_file,source_row,date,league,home_team,away_team,outcome,probability,conservative_probability,odds,raw_odds,conservative_ev_pct,reference_dispersion,reference_bookmakers,execution_cost_rate,execution_bookmaker,odds_band,source_type,implied_probability,price_ratio,probability_uncertainty,relative_dispersion,log_odds,probability_squared,odds_probability_interaction,reference_depth_inverse,raw_net_odds_gap_pct,outcome_odds_band,outcome_source_type,source_odds_band,direct_predicted_clv_pct,direct_lower_clv_pct,predicted_positive_clv_probability,direct_staking_probability,direct_unshrunk_market_staking_probability,direct_market_staking_probability,direct_market_calibration_weight,direct_market_logistic_staking_probability,direct_validated_market_residual_staking_probability,outcome_probability_weight,staking_probability_profile,decision_frozen_before_closing_and_result,movement_predicted_clv_pct,movement_lower_clv_pct,movement_staking_probability,movement_market_staking_probability,movement_market_logistic_staking_probability,movement_validated_market_residual_staking_probability,movement_unshrunk_market_staking_probability,movement_market_calibration_weight,predicted_closing_edge_pct,model_disagreement_pct,lower_closing_edge_pct,staking_probability,minimum_lower_clv_staking_probability,peer_positive_clv_probability,local_positive_clv_probability,stake_multiplier,stake,stake_policy,horizon_role,won,profit,closing_fair_odds,actual_outcome,closing_probability,positive_clv,closing_edge_pct,adaptive_confidence_cap,cap_selected_from_prior_closing_only,estimated_probability_from_lower_clv,estimated_probability_from_unshrunk_training_market,estimated_probability_from_training_market,market_calibration_weight,estimated_probability_from_training_market_logistic,estimated_probability_from_validated_market_residual,peer_probability,cross_cost_positive_clv_probability,base_stake_before_budget_multiplier,budget_deployment_multiplier
2021-12,data\historical_csv\football-data\2122\B1.csv:153,data\historical_csv\football-data\2122\B1.csv,153,2021-12-05,B1,Standard,Charleroi,draw,0.2705801500737049,0.2539979153803977,4.038,4.1,2.564358230604613,0.0145822346933071,5,0.0,BW,4.0-5.0,sportsbook,0.2476473501733531,1.0926026459976204,0.0165822346933071,0.0538924776608151,1.3957495198906458,0.0732136176139086,0.3776621145573124,0.2,1.535413571074784,draw:4.0-5.0,draw:sportsbook,sportsbook:4.0-5.0,6.76514087639357,4.840709193668474,0.8486490853385098,0.259635238221071,0.2588410084624207,0.259635238221071,0.0,,,0.0,lower_clv,True,6.905212016184392,4.8456017631991255,0.259647354539869,0.259647354539869,,,0.2588410084624207,0.0,6.8351764462889815,0.1400711397908223,4.840709193668474,0.259635238221071,0.259635238221071,0.8486490853385098,0.8486490853385098,1.05,12.5,model_agreement_0.75_kelly,9m3m_core,False,-12.5,3.595066851432493,away,0.2781589442770832,True,12.32058169908623,1.05,True,,,,,,,,,1.25,10.0
2021-12,data\historical_csv\football-data\2122\B1.csv:158,data\historical_csv\football-data\2122\B1.csv,158,2021-12-11,B1,St Truiden,Cercle Brugge,away,0.3742291928140182,0.3680812060592269,2.862,2.9,5.3448411741507496,0.0041479867547913,5,0.0,WH,2.0-3.0,sportsbook,0.3494060097833683,1.0710439498337203,0.0061479867547913,0.0110840811845825,1.0515206811342592,0.1400474887542316,0.3935097357281205,0.2,1.327742837176782,away:2.0-3.0,away:sportsbook,sportsbook:2.0-3.0,5.683914594685907,3.75948291196081,0.6562629580132477,0.3625418690145381,0.3679860747722739,0.3625418690145381,0.0,,,0.0,lower_clv,True,6.328789090540998,4.869005894888745,0.366418608996816,0.366418608996816,,,0.3679860747722739,0.0,6.006351842613453,0.6448744958550909,3.75948291196081,0.3625418690145381,0.3625418690145381,0.6562629580132477,0.6562629580132477,1.0,15.0,model_agreement_0.75_kelly,9m3m_core,True,27.93,2.668555614413742,away,0.3747345547526432,True,7.2490295702065,1.05,True,,,,,,,,,1.51,10.0
2021-12,data\historical_csv\football-data\2122\B1.csv:162,data\historical_csv\football-data\2122\B1.csv,162,2021-12-12,B1,Gent,Genk,home,0.5207001905742764,0.5087468653108813,2.029,2.05,3.224738971577823,0.009953325263395,5,0.0,WH,2.0-3.0,sportsbook,0.4928536224741252,1.0565006866752067,0.011953325263395,0.0191152710207722,0.7075430608436777,0.2711286884640878,0.3684178066208098,0.2,1.0349926071956617,home:2.0-3.0,home:sportsbook,sportsbook:2.0-3.0,6.971487795427491,5.0470561127023945,0.7635206858391334,0.5177282213538807,0.5244953400213775,0.5177282213538807,0.0,,,0.0,lower_clv,True,6.77383586358733,5.738930166879297,0.5211381476928502,0.5211381476928502,,,0.5244953400213775,0.0,6.87266182950741,0.197651931840161,5.0470561127023945,0.5177282213538807,0.5177282213538807,0.7635206858391334,0.7635206858391334,1.0180275811188444,15.0,model_agreement_0.75_kelly,9m3m_core,True,15.43,1.6777946634594878,home,0.5960204915290852,True,20.93255773125138,1.05,True,,,,,,,,,3.74,10.0
2021-12,data\historical_csv\football-data\2122\I2.csv:162,data\historical_csv\football-data\2122\I2.csv,162,2021-12-10,I2,Cremonese,Crotone,home,0.5471061763299465,0.5330356378786342,1.9604,1.98,4.49630644972745,0.0120705384513122,5,0.0,BW,1.5-2.0,sportsbook,0.5100999795960008,1.0725469480772272,0.0140705384513123,0.0220625154193705,0.6731485340532554,0.2993251681783745,0.3682837205679853,0.2,0.9997959600081652,home:1.5-2.0,home:sportsbook,sportsbook:1.5-2.0,6.86749950456019,4.943067821835093,0.8421735952990188,0.5353145675465981,0.5527177388996904,0.5353145675465981,0.0,,,0.0,lower_clv,True,7.7027435611320305,6.702827776101761,0.544291102714251,0.544291102714251,,,0.5527177388996904,0.0,7.2851215328461105,0.8352440565718409,4.943067821835093,0.5353145675465981,0.5353145675465981,0.8421735952990188,0.8421735952990188,1.05,15.0,model_agreement_0.75_kelly,9m3m_core,True,14.41,1.8275045540839805,home,0.5471942588407068,True,7.271962503132157,1.05,True,,,,,,,,,4.05,10.0
2021-12,data\historical_csv\football-data\2122\N1.csv:140,data\historical_csv\football-data\2122\N1.csv,140,2021-12-11,N1,Zwolle,For Sittard,home,0.5228425503533685,0.5068772830637751,1.98,2.0,0.3617020466274656,0.0139652672895933,5,0.0,BW,1.5-2.0,sportsbook,0.5050505050505051,1.0352282496996696,0.0159652672895933,0.0267102730643379,0.6830968447064438,0.2733643324600146,0.3571520964246559,0.2,1.0101010101010166,home:1.5-2.0,home:sportsbook,sportsbook:1.5-2.0,4.057453170251396,2.133021487526299,0.7519455942210328,0.5158233408460924,0.5267866060211436,0.5158233408460924,0.0,,,0.0,lower_clv,True,4.147620076020964,3.137707173368476,0.5208975109766084,0.5208975109766084,,,0.5267866060211436,0.0,4.10253662313618,0.0901669057695677,2.133021487526299,0.5158233408460924,0.5158233408460924,0.7519455942210328,0.7519455942210328,1.0025941256280435,15.0,model_agreement_0.75_kelly,9m3m_core,False,-15.0,2.1971794303509165,away,0.4551289649750124,False,-9.884464934947534,1.05,True,,,,,,,,,1.64,10.0
2021-12,data\historical_csv\football-data\2122\T1.csv:191,data\historical_csv\football-data\2122\T1.csv,191,2021-12-27,T1,Konyaspor,Besiktas,draw,0.2834178223434885,0.2749427582864788,3.8126,3.87,4.824676024302943,0.0064750640570096,4,0.0,PS,3.0-4.0,sportsbook,0.2622882022766616,1.0805587894667843,0.0084750640570096,0.0228463545569204,1.3383113710977392,0.0803256620219252,0.3793012944140496,0.25,1.5055342810680328,draw:3.0-4.0,draw:sportsbook,sportsbook:3.0-4.0,4.914053108174562,2.989621425449465,0.6704469067923435,0.2701296265683509,0.2722207928489851,0.2701296265683509,0.0,,,0.0,lower_clv,True,5.295501591470075,3.350858191140293,0.2710771079870437,0.2710771079870437,,,0.2722207928489851,0.0,5.104777349822319,0.3814484832955136,2.989621425449465,0.2701296265683509,0.2701296265683509,0.6704469067923435,0.6704469067923435,0.5,4.0,model_agreement_0.75_kelly,9m3m_core,False,-4.0,3.5415519488763585,home,0.2823620871401516,True,7.653369343054206,1.05,True,,,,,,,,,0.4,10.0
2022-01,data\historical_csv\football-data\2122\N1.csv:164,data\historical_csv\football-data\2122\N1.csv,164,2022-01-14,N1,Zwolle,Willem II,home,0.3123726560091148,0.3085295519898937,3.45,3.5,6.442695436513324,0.001843104019221,5,0.0,BW,3.0-4.0,sportsbook,0.2898550724637681,1.077685663231446,0.0038431040192211,0.0059003372534864,1.2383742310432684,0.0975766762221887,0.3868342476842309,0.2,1.4492753623188248,home:3.0-4.0,home:sportsbook,sportsbook:3.0-4.0,6.102862385134451,4.2047361918972905,0.7938920103381342,0.3020427135997023,0.2949255707955616,0.3020427135997023,0.0,,,0.0,lower_clv,True,7.011467514879333,5.250016205667052,0.3050725107410639,0.3050725107410639,,,0.2949255707955616,0.0,6.557164950006891,0.908605129744882,4.2047361918972905,0.3020427135997023,0.3020427135997023,0.7938920103381342,0.7938920103381342,1.05,13.5,model_agreement_0.75_kelly,9m3m_core,True,33.08,2.554000684227436,home,0.391542573256002,True,35.082187773320705,1.05,True,,,,,,,,,1.35,10.0
2022-02,data\historical_csv\football-data\2122\B1.csv:235,data\historical_csv\football-data\2122\B1.csv,235,2022-02-12,B1,Eupen,Gent,away,0.5487808885282728,0.5413274488873124,1.98,2.0,7.182834879687872,0.0054534396409603,5,0.0,WH,1.5-2.0,sportsbook,0.5050505050505051,1.08658615928598,0.0074534396409603,0.0099373716449663,0.6830968447064438,0.3011604636138805,0.3748704933888618,0.2,1.0101010101010166,away:1.5-2.0,away:sportsbook,sportsbook:1.5-2.0,7.217938190514625,7.217938190514625,0.7541058478218535,0.5415047383359324,0.5520093735076086,0.5415047383359324,0.0,,,0.0,lower_clv,True,8.600395066075151,8.600395066075151,0.5484868437680563,0.5484868437680563,,,0.5520093735076086,0.0,7.909166628294888,1.3824568755605269,7.217938190514625,0.5415047383359324,0.5415047383359324,0.7541058478218535,0.7541058478218535,1.0054744637624713,15.0,model_agreement_0.75_kelly,9m3m_core,True,14.7,1.6223016043077598,away,0.6164081927458258,True,22.04882216367352,1.05,True,,,,,,,,,5.55,10.0
2022-02,data\historical_csv\football-data\2122\B1.csv:239,data\historical_csv\football-data\2122\B1.csv,239,2022-02-13,B1,Genk,Standard,home,0.5631690651038209,0.5510857689691911,1.8624,1.88,2.634213612822145,0.0100832961346298,5,0.0,WH,1.5-2.0,sportsbook,0.5369415807560138,1.048846066849356,0.0120832961346297,0.0179045632287543,0.6218659785549815,0.3171593958899117,0.3502156817626817,0.2,0.9450171821305808,home:1.5-2.0,home:sportsbook,sportsbook:1.5-2.0,5.22131411919804,5.22131411919804,0.7441844894990929,0.5649769873238727,0.5672328745097021,0.5649769873238727,0.0,,,0.0,lower_clv,True,5.626027292210356,5.626027292210356,0.5671500606325728,0.5671500606325728,,,0.5672328745097021,0.0,5.423670705704199,0.4047131730123157,5.22131411919804,0.5649769873238727,0.5649769873238727,0.7441844894990929,0.7441844894990929,1.0,3.76,model_agreement_0.75_kelly,9m3m_core,True,3.24,1.7599921770022209,home,0.5681843436959425,True,5.818652169932315,1.05,True,,,,,,,,,3.76,10.0
2022-02,data\historical_csv\football-data\2122\B1.csv:240,data\historical_csv\football-data\2122\B1.csv,240,2022-02-13,B1,St. Gilloise,St Truiden,home,0.6812181510308626,0.6642446755720056,1.6076,1.62,6.783974044955632,0.0149734754588569,5,0.0,WH,1.5-2.0,sportsbook,0.6220452848967404,1.0951262995972149,0.0169734754588569,0.0219804411203637,0.4747423835929091,0.4640581692939071,0.323403128767146,0.2,0.771336153271962,home:1.5-2.0,home:sportsbook,sportsbook:1.5-2.0,9.91031614224234,9.91031614224234,0.8897696392411415,0.6836919391779195,0.691292733943027,0.6836919391779195,0.0,,,0.0,lower_clv,True,10.335110368001589,10.335110368001589,0.6863343516297684,0.6863343516297684,,,0.691292733943027,0.0,10.122713255121964,0.4247942257592481,9.91031614224234,0.6836919391779195,0.6836919391779195,0.8897696392411415,0.8897696392411415,1.05,10.62,model_agreement_0.75_kelly,9m3m_core,False,-10.62,1.5408043039911443,away,0.6490116865650626,True,4.335118732199472,1.05,True,,,,,,,,,10.62,10.0
2022-02,data\historical_csv\football-data\2122\I2.csv:216,data\historical_csv\football-data\2122\I2.csv,216,2022-02-12,I2,Vicenza,Cosenza,draw,0.2881650845183673,0.2825315302114359,3.646,3.7,3.0109959150895538,0.0036335543069313,5,0.0,PS,3.0-4.0,sportsbook,0.274273176083379,1.0506498981539674,0.0056335543069314,0.0126092802429705,1.293630676256471,0.0830391159354778,0.3727791931589987,0.2,1.4810751508502529,draw:3.0-4.0,draw:sportsbook,sportsbook:3.0-4.0,3.3059470055487497,3.3059470055487497,0.5955018315597275,0.283340501935131,0.27745259505481,0.283340501935131,0.0,,,0.0,lower_clv,True,3.9221646094576457,3.9221646094576457,0.2850306215289568,0.2850306215289568,,,0.27745259505481,0.0,3.6140558075031977,0.616217603908896,3.3059470055487497,0.283340501935131,0.283340501935131,0.5955018315597275,0.5955018315597275,1.0,9.4,model_agreement_0.75_kelly,9m3m_core,True,24.87,3.645419549038383,draw,0.2743168479095328,True,0.0159227478156775,1.05,True,,,,,,,,,0.94,10.0
2022-02,data\historical_csv\football-data\2122\I2.csv:232,data\historical_csv\football-data\2122\I2.csv,232,2022-02-19,I2,Ascoli,Alessandria,draw,0.3208522091227121,0.3097738524061922,3.205,3.25,-0.7174803038153765,0.0090783567165198,5,0.0,WH,3.0-4.0,sportsbook,0.31201248049922,1.0283313302382924,0.0110783567165198,0.0282945121099284,1.1647120903726331,0.1029461400989245,0.3737004471879913,0.2,1.4040561622464809,draw:3.0-4.0,draw:sportsbook,sportsbook:3.0-4.0,2.725463204929348,2.725463204929348,0.6132562337665798,0.3205162658500135,0.3114325476887777,0.3205162658500135,0.0,,,0.0,lower_clv,True,3.183294905965828,3.183294905965828,0.3219447578969293,0.3219447578969293,,,0.3114325476887777,0.0,2.954379055447588,0.4578317010364801,2.725463204929348,0.3205162658500135,0.3205162658500135,0.6132562337665798,0.6132562337665798,1.0,9.3,model_agreement_0.75_kelly,9m3m_core,False,-9.3,3.146789217226585,home,0.3177842336962586,True,1.8498468996508863,1.05,True,,,,,,,,,0.93,10.0
2022-02,data\historical_csv\football-data\2122\I2.csv:252,data\historical_csv\football-data\2122\I2.csv,252,2022-02-26,I2,Como,Brescia,away,0.3988314743557221,0.3856239834137213,2.6660000000000004,2.7,2.807353978098104,0.0112074909420007,5,0.0,WH,2.0-3.0,sportsbook,0.3750937734433608,1.0632847106323553,0.0132074909420007,0.0281008186731137,0.980579221756517,0.159066544936759,0.3910858567357382,0.2,1.275318829707417,away:2.0-3.0,away:sportsbook,sportsbook:2.0-3.0,3.2818203379560664,3.2818203379560664,0.6443442826098515,0.3874036771866319,0.3932718952994565,0.3874036771866319,0.0,,,0.0,lower_clv,True,4.203837925065179,4.203837925065179,0.3908621077459308,0.3908621077459308,,,0.3932718952994565,0.0,3.742829131510623,0.9220175871091127,3.2818203379560664,0.3874036771866319,0.3874036771866319,0.6443442826098515,0.6443442826098515,1.0,2.28,model_agreement_0.75_kelly,9m3m_core,False,-2.28,2.3396648646634444,draw,0.4274116413437049,True,13.947943582231748,1.05,True,,,,,,,,,1.48,10.0
2022-02,data\historical_csv\football-data\2122\I2.csv:254,data\historical_csv\football-data\2122\I2.csv,254,2022-02-26,I2,Parma,Spal,home,0.4780212498990455,0.4681725610155291,2.176,2.2,1.874349276979137,0.0078486888835163,5,0.0,WH,2.0-3.0,sportsbook,0.4595588235294117,1.040174239780323,0.0098486888835163,0.0164191212946578,0.7774883289936962,0.2285043153550457,0.371655942807487,0.2,1.1029411764705843,home:2.0-3.0,home:sportsbook,sportsbook:2.0-3.0,4.033275293135092,4.033275293135092,0.6730450355138164,0.4780940960162457,0.4770379075181007,0.4780940960162457,0.0,,,0.0,lower_clv,True,4.286326038455046,4.286326038455046,0.4792570130443706,0.4792570130443706,,,0.4770379075181007,0.0,4.1598006657950695,0.2530507453199542,4.033275293135092,0.4780940960162457,0.4780940960162457,0.6730450355138164,0.6730450355138164,1.0,3.95,model_agreement_0.75_kelly,9m3m_core,True,4.65,1.863772010980161,home,0.5365463125900781,True,16.752477619601013,1.05,True,,,,,,,,,2.57,10.0
2022-02,data\historical_csv\football-data\2122\I2.csv:256,data\historical_csv\football-data\2122\I2.csv,256,2022-02-26,I2,Vicenza,Pordenone,home,0.4843215734089643,0.4764615677530101,2.274,2.3,8.347360507034484,0.0058600056559543,5,0.0,WH,2.0-3.0,sportsbook,0.4397537379067722,1.101347257931985,0.0078600056559542,0.0120994107586573,0.8215403953283443,0.2345673864693348,0.3978897368844463,0.2,1.1433597185575906,home:2.0-3.0,home:sportsbook,sportsbook:2.0-3.0,9.22551862186964,9.22551862186964,0.8616353844109,0.4803233008877293,0.4837146395079896,0.4803233008877293,0.0,,,0.0,lower_clv,True,10.32196272968122,10.32196272968122,0.4851449548358892,0.4851449548358892,,,0.4837146395079896,0.0,9.773740675775429,1.09644410781158,9.22551862186964,0.4803233008877293,0.4803233008877293,0.8616353844109,0.8616353844109,1.05,8.77,model_agreement_0.75_kelly,9m3m_core,True,11.17,2.2149565943286,home,0.4514761158573048,True,2.665668745951111,1.05,True,,,,,,,,,5.7,10.0
2022-02,data\historical_csv\football-data\2122\I2.csv:261,data\historical_csv\football-data\2122\I2.csv,261,2022-02-27,I2,Reggina,Pisa,home,0.2809288248409143,0.2739190998745605,3.6656,3.72,0.4077852500188994,0.0050097249663538,4,0.0,PS,3.0-4.0,sportsbook,0.2728066346573549,1.0297727003368558,0.0070097249663538,0.0178327196192513,1.298992032717094,0.0789210046264971,0.3649243052289238,0.25,1.484068092536006,home:3.0-4.0,home:sportsbook,sportsbook:3.0-4.0,4.65892511648909,4.65892511648909,0.5640900693561482,0.285516491478855,0.2699634899185117,0.285516491478855,0.0,,,0.0,lower_clv,True,3.4407450046856747,3.4407450046856747,0.2821932153117789,0.2821932153117789,,,0.2699634899185117,0.0,4.049835060587382,1.2181801118034157,3.4407450046856747,0.2821932153117789,0.2821932153117789,0.5640900693561482,0.5640900693561482,0.5,4.8,model_agreement_0.75_kelly,9m3m_core,True,12.79,4.055425448868072,home,0.2465832531280077,False,-9.612442733397495,1.05,True,,,,,,,,,0.48,10.0
2022-02,data\historical_csv\football-data\2122\SP2.csv:284,data\historical_csv\football-data\2122\SP2.csv,284,2022-02-06,SP2,Fuenlabrada,Valladolid,home,0.2701310785941815,0.2593515113072516,3.94,4.0,2.184495455057145,0.0087795672869298,5,0.0,WH,3.0-4.0,sportsbook,0.2538071065989847,1.064316449661075,0.0107795672869298,0.032501137346434,1.3711807233098423,0.0729707996224558,0.3703985277352377,0.2,1.522842639593902,home:3.0-4.0,home:sportsbook,sportsbook:3.0-4.0,4.911299343782526,4.911299343782526,0.7494253120184589,0.2662723333598541,0.2588132874917302,0.2662723333598541,0.0,,,0.0,lower_clv,True,5.919853257467178,5.919853257467178,0.2688321148666679,0.2688321148666679,,,0.2588132874917302,0.0,5.415576300624852,1.0085539136846524,4.911299343782526,0.2662723333598541,0.2662723333598541,0.7494253120184589,0.7494253120184589,1.0,12.5,model_agreement_0.75_kelly,9m3m_core,False,-12.5,4.030076720234471,draw,0.2481342340157285,False,-2.235111797802969,1.05,True,,,,,,,,,1.25,10.0
2022-02,data\historical_csv\football-data\2122\SP2.csv:299,data\historical_csv\football-data\2122\SP2.csv,299,2022-02-18,SP2,Cartagena,Valladolid,away,0.471618301895688,0.4550706829437315,2.4210000000000003,2.45,10.17261234067741,0.0145476189519564,5,0.0,WH,2.0-3.0,sportsbook,0.413052457662123,1.1417879088894607,0.0165476189519565,0.0308461713497584,0.8841806779559216,0.2224238226829722,0.4169957899065499,0.2,1.1978521272201448,away:2.0-3.0,away:sportsbook,sportsbook:2.0-3.0,9.736395915875685,9.736395915875685,0.8823680038079335,0.4532688802803621,0.4702532359290259,0.4532688802803621,0.0,,,0.0,lower_clv,True,11.71478633022527,11.71478633022527,0.4614406705089849,0.4614406705089849,,,0.4702532359290259,0.0,10.725591123050478,1.978390414349585,9.736395915875685,0.4532688802803621,0.4532688802803621,0.8823680038079335,0.8823680038079335,1.05,15.0,model_agreement_0.75_kelly,9m3m_core,True,21.32,2.325572676071715,away,0.4300016122003845,True,4.103390313713096,1.05,True,,,,,,,,,5.4,10.0
2022-02,data\historical_csv\football-data\2122\SP2.csv:300,data\historical_csv\football-data\2122\SP2.csv,300,2022-02-19,SP2,Zaragoza,Las Palmas,home,0.3794501867216367,0.3713135615228519,2.8326,2.87,5.178279436963051,0.0061366251987847,5,0.0,WH,2.0-3.0,sportsbook,0.3530325496010731,1.0748305989077085,0.0081366251987847,0.0161724131744506,1.041195017798159,0.1439824442030849,0.3950816439171493,0.2,1.3203417355080127,home:2.0-3.0,home:sportsbook,sportsbook:2.0-3.0,6.174108699371685,6.174108699371685,0.7766311844045878,0.3748291629576067,0.3728502705325325,0.3748291629576067,0.0,,,0.0,lower_clv,True,7.2132847584882365,7.2132847584882365,0.3784977926939498,0.3784977926939498,,,0.3728502705325325,0.0,6.693696728929961,1.039176059116551,6.174108699371685,0.3748291629576067,0.3748291629576067,0.7766311844045878,0.7766311844045878,1.0355082458727838,15.0,model_agreement_0.75_kelly,9m3m_core,True,27.49,2.5476598997581723,home,0.3925170703102567,True,11.184385336083324,1.05,True,,,,,,,,,2.62,10.0
2022-02,data\historical_csv\football-data\2122\SP2.csv:310,data\historical_csv\football-data\2122\SP2.csv,310,2022-02-25,SP2,Almeria,Fuenlabrada,draw,0.2486031076262283,0.2422766545324116,4.136,4.2,0.2056243146054681,0.0043264530938166,4,0.0,B365,4.0-5.0,sportsbook,0.241779497098646,1.0282224531420805,0.0063264530938166,0.0174030531441363,1.419729137206128,0.061803505121418,0.3529490754969473,0.25,1.547388781431347,draw:4.0-5.0,draw:sportsbook,sportsbook:4.0-5.0,5.1735616179924016,5.1735616179924016,0.5785685617411502,0.2542881083607166,0.2366783342557452,0.2542881083607166,0.0,,,0.0,lower_clv,True,4.376470743405214,4.376470743405214,0.2523609060527205,0.2523609060527205,,,0.2366783342557452,0.0,4.775016180698808,0.7970908745871874,4.376470743405214,0.2523609060527205,0.2523609060527205,0.5785685617411502,0.5785685617411502,0.5,5.2,model_agreement_0.75_kelly,9m3m_core,False,-5.2,4.193167342211928,home,0.2384832081307998,False,-1.363345117101178,1.05,True,,,,,,,,,0.52,10.0
2022-02,data\historical_csv\football-data\2122\T1.csv:234,data\historical_csv\football-data\2122\T1.csv,234,2022-02-05,T1,Trabzonspor,Kasimpasa,draw,0.2656433253386424,0.259801151610176,3.9498,4.01,2.6162588629873307,0.0038421737284663,5,0.0,PS,3.0-4.0,sportsbook,0.2531773760696744,1.04923800642257,0.0058421737284664,0.0144636561960229,1.3736649447197489,0.0705663762969718,0.3649049238164765,0.2,1.5241278039394457,draw:3.0-4.0,draw:sportsbook,sportsbook:3.0-4.0,3.17653563603389,3.17653563603389,0.5914734948979212,0.2612196456429032,0.2541881797302718,0.2612196456429032,0.0,,,0.0,lower_clv,True,3.717039291920421,3.717039291920421,0.2625880786164373,0.2625880786164373,,,0.2541881797302718,0.0,3.4467874639771554,0.540503655886531,3.17653563603389,0.2612196456429032,0.2612196456429032,0.5914734948979212,0.5914734948979212,1.0,8.1,model_agreement_0.75_kelly,9m3m_core,False,-8.1,3.9290354443892896,home,0.2545153929390004,True,0.5284899030463697,1.05,True,,,,,,,,,0.81,10.0
2022-03,data\historical_csv\football-data\2122\E1.csv:450,data\historical_csv\football-data\2122\E1.csv,450,2022-03-19,E1,Bristol City,West Brom,away,0.4640458126677398,0.4505516085471336,2.4210000000000003,2.45,9.07854442926106,0.0114942041206062,5,0.0,IW,2.0-3.0,sportsbook,0.413052457662123,1.1234549124685984,0.0134942041206062,0.0247695460379818,0.8841806779559216,0.2153385162544631,0.4103003412471688,0.2,1.1978521272201448,away:2.0-3.0,away:sportsbook,sportsbook:2.0-3.0,7.349546857929657,5.25863809000553,0.8375548426876438,0.4347733915324474,0.4656324157412891,0.4646989909315843,0.969751966122202,,,0.0,lower_clv,True,9.09540370479871,7.758020363775997,0.4450971514406278,0.4650112643710332,,,0.4656324157412891,0.969751966122202,8.222475281364183,1.745856846869052,5.25863809000553,0.4646989909315843,0.4347733915324474,0.8375548426876438,0.8375548426876438,1.05,15.0,model_agreement_0.75_kelly,9m3m_core,False,-15.0,2.003615207635742,draw,0.4990978288590632,True,20.831584366779232,1.05,True,,,,,,,,,6.93,10.0
2022-03,data\historical_csv\football-data\2122\I1.csv:293,data\historical_csv\football-data\2122\I1.csv,293,2022-03-20,I1,Empoli,Verona,home,0.3590874588218956,0.3513918061975577,3.058,3.1,7.455614335213134,0.0056956526243379,5,0.0,BW,3.0-4.0,sportsbook,0.3270111183780249,1.0980894490773567,0.0076956526243379,0.0158614635081503,1.1177611075068703,0.1289438030831665,0.4013739956645898,0.2,1.373446697187708,home:3.0-4.0,home:sportsbook,sportsbook:3.0-4.0,8.875374797455043,6.784466029530916,0.8615077112240309,0.3491970766171711,0.3503808647135736,0.3503450574511295,0.969751966122202,,,0.0,lower_clv,True,9.036343282844172,7.34707510570769,0.351036870849273,0.3504007076093903,,,0.3503808647135736,0.969751966122202,8.955859040149608,0.1609684853891284,6.784466029530916,0.3503450574511295,0.3491970766171711,0.8615077112240309,0.8615077112240309,1.05,15.0,model_agreement_0.75_kelly,9m3m_core,False,-15.0,2.7648464627788853,draw,0.3616837366784274,True,10.6028866762631,1.05,True,,,,,,,,,2.73,10.0
2022-03,data\historical_csv\football-data\2122\I2.csv:274,data\historical_csv\football-data\2122\I2.csv,274,2022-03-05,I2,Parma,Reggina,home,0.5693915641277388,0.5562253432573707,1.882,1.9,4.681609601037162,0.0111662208703681,5,0.0,WH,1.5-2.0,sportsbook,0.5313496280552604,1.0715949236884044,0.0131662208703681,0.0196107943528701,0.6323350411631878,0.3242067532998329,0.3600462381406856,0.2,0.9564293304994642,home:1.5-2.0,home:sportsbook,sportsbook:1.5-2.0,8.336532566827,6.245623798902872,0.8092409876217624,0.5645357268804616,0.5815054976664074,0.5809921954647757,0.969751966122202,,,0.0,lower_clv,True,7.583374897935946,6.543740264394127,0.5661197676110209,0.5810401095824574,,,0.5815054976664074,0.969751966122202,7.959953732381473,0.7531576688910535,6.245623798902872,0.5809921954647757,0.5645357268804616,0.8092409876217624,0.8092409876217624,1.05,15.0,model_agreement_0.75_kelly,9m3m_core,False,-15.0,1.599438412777757,draw,0.6252194470328447,True,17.666299931581374,1.05,True,,,,,,,,,8.34,10.0
2022-03,data\historical_csv\football-data\2122\I2.csv:292,data\historical_csv\football-data\2122\I2.csv,292,2022-03-15,I2,Cittadella,Reggina,home,0.5396805484843955,0.5319979241675219,1.931,1.95,2.728799156748485,0.0056826243168735,5,0.0,WH,1.5-2.0,sportsbook,0.5178663904712584,1.0421231391233678,0.0076826243168736,0.0105296074369037,0.6580380034463774,0.291255094412418,0.3551303106235175,0.2,0.9839461418953864,home:1.5-2.0,home:sportsbook,sportsbook:1.5-2.0,6.4889829854533945,4.398074217529267,0.7098101282075762,0.5406425386718242,0.5489345673535466,0.5486837497890662,0.969751966122202,,,0.0,lower_clv,True,5.245587858285949,4.178885160427681,0.5395074322135043,0.54864941505046,,,0.5489345673535466,0.969751966122202,5.867285421869672,1.243395127167445,4.178885160427681,0.54864941505046,0.5395074322135043,0.7098101282075762,0.7098101282075762,1.0,10.82,model_agreement_0.75_kelly,9m3m_core,False,-10.82,1.7951155810431676,draw,0.5570671942019942,True,7.569675200405102,1.05,True,,,,,,,,,4.79,10.0
2022-03,data\historical_csv\football-data\2122\I2.csv:295,data\historical_csv\football-data\2122\I2.csv,295,2022-03-15,I2,Crotone,Frosinone,home,0.2980209107857554,0.2764918053676389,3.744,3.8,3.5185319296439976,0.0195291054181164,5,0.0,WH,3.0-4.0,sportsbook,0.2670940170940171,1.115790289981868,0.0215291054181164,0.0655293125795316,1.3201545586153456,0.0888164632655711,0.3934336639365122,0.2,1.4957264957264904,home:3.0-4.0,home:sportsbook,sportsbook:3.0-4.0,8.194120830193855,6.103212062269727,0.8409323635333484,0.2833953313628999,0.2843292880943487,0.2843010377394955,0.969751966122202,,,0.0,lower_clv,True,8.595432182698627,6.527211105131903,0.2845278074389207,0.2843352929142088,,,0.2843292880943487,0.969751966122202,8.394776506446242,0.4013113525047718,6.103212062269727,0.2843010377394955,0.2833953313628999,0.8409323635333484,0.8409323635333484,1.05,4.18,model_agreement_0.75_kelly,9m3m_core,True,11.47,3.194997623787634,home,0.3129892781624392,True,17.183185744017226,1.05,True,,,,,,,,,1.85,10.0
2022-03,data\historical_csv\football-data\2122\SP2.csv:340,data\historical_csv\football-data\2122\SP2.csv,340,2022-03-13,SP2,Sp Gijon,Tenerife,home,0.3700701946201881,0.3583544469822608,2.8424,2.88,1.858668010237796,0.0097157476379272,5,0.0,WH,2.0-3.0,sportsbook,0.3518153672952435,1.0518875211884224,0.0117157476379272,0.0262537966557905,1.04464876572468,0.1369519489462239,0.3865933720414716,0.2,1.3228257810301347,home:2.0-3.0,home:sportsbook,sportsbook:2.0-3.0,4.740183825189706,2.6492750572655783,0.6657145802671383,0.3611359240686236,0.3623645324942142,0.3623273695049344,0.969751966122202,,,0.0,lower_clv,True,4.381084565203031,2.810915871058905,0.3617046012913696,0.3623445708728335,,,0.3623645324942142,0.969751966122202,4.560634195196368,0.3590992599866753,2.6492750572655783,0.3623273695049344,0.3611359240686236,0.6657145802671383,0.6657145802671383,1.0,3.6,model_agreement_0.75_kelly,9m3m_core,False,-3.6,2.656478416000732,away,0.3764382175954124,True,6.998798969320008,1.05,True,,,,,,,,,1.22,10.0
2022-03,data\historical_csv\football-data\2122\SP2.csv:342,data\historical_csv\football-data\2122\SP2.csv,342,2022-03-13,SP2,Oviedo,Valladolid,away,0.3898485744784831,0.3784821604571512,2.8424,2.88,7.579769288340654,0.0093664140213319,5,0.0,WH,2.0-3.0,sportsbook,0.3518153672952435,1.1081055880976405,0.0113664140213319,0.0240257747097364,1.04464876572468,0.1519819110229054,0.4072548321484734,0.2,1.3228257810301347,away:2.0-3.0,away:sportsbook,sportsbook:2.0-3.0,8.003284425479405,5.912375657555278,0.7981687475646528,0.3726160134307461,0.3840056088833416,0.3836610960142371,0.969751966122202,,,0.0,lower_clv,True,8.157134217455031,6.586965523310884,0.3749893242446907,0.3837328840001398,,,0.3840056088833416,0.969751966122202,8.080209321467219,0.1538497919756256,5.912375657555278,0.3836610960142371,0.3726160134307461,0.7981687475646528,0.7981687475646528,1.05,11.4,model_agreement_0.75_kelly,9m3m_core,False,-11.4,2.521330992649795,home,0.3966159155284285,True,12.73410782980051,1.05,True,,,,,,,,,3.87,10.0
2022-03,data\historical_csv\football-data\2122\SP2.csv:355,data\historical_csv\football-data\2122\SP2.csv,355,2022-03-26,SP2,Ibiza,Sociedad B,home,0.5433938829374321,0.5374648394779583,1.8918,1.91,1.6775983324401444,0.0039290434594737,5,0.0,WH,1.5-2.0,sportsbook,0.528597103287874,1.027992547741034,0.0059290434594737,0.0072305625492773,0.637528756796933,0.2952769120138196,0.3464292266401592,0.2,0.9620467279839228,home:1.5-2.0,home:sportsbook,sportsbook:1.5-2.0,5.587583071459398,3.4966743035352703,0.6572357952553505,0.5470804223677729,0.5530124371338895,0.5528330053502803,0.969751966122202,,,0.0,lower_clv,True,4.115484020800286,3.070435774395164,0.5448273378496414,0.5527648539734464,,,0.5530124371338895,0.969751966122202,4.851533546129842,1.4720990506591116,3.070435774395164,0.5527648539734464,0.5448273378496414,0.6572357952553505,0.6572357952553505,1.0,5.58,model_agreement_0.75_kelly,9m3m_core,False,-5.58,1.9532929591362296,draw,0.5119559743061851,False,-3.1481687807559,1.05,True,,,,,,,,,3.85,10.0
2022-03,data\historical_csv\football-data\2122\SP2.csv:356,data\historical_csv\football-data\2122\SP2.csv,356,2022-03-26,SP2,Eibar,Lugo,home,0.5854352586387034,0.5744339290115107,1.784,1.8,2.479012935653513,0.0090013296271926,5,0.0,WH,1.5-2.0,sportsbook,0.5605381165919282,1.0444165014114468,0.0110013296271926,0.0153754484281031,0.5788580341578177,0.3427344420573655,0.3388839029422734,0.2,0.8968609865470878,home:1.5-2.0,home:sportsbook,sportsbook:1.5-2.0,6.450947629632597,4.360038861708469,0.7274152261944772,0.584977796310025,0.5990297819885544,0.5986047370496999,0.969751966122202,,,0.0,lower_clv,True,5.338178557369355,4.352680052460434,0.5849365473792625,0.5986034893506447,,,0.5990297819885544,0.969751966122202,5.894563093500976,1.1127690722632415,4.352680052460434,0.5986034893506447,0.5849365473792625,0.7274152261944772,0.7274152261944772,1.0,9.42,model_agreement_0.75_kelly,9m3m_core,True,7.39,1.727503702082166,home,0.5788699606227742,True,3.270400975102916,1.05,True,,,,,,,,,6.5,10.0
2022-03,data\historical_csv\football-data\2122\SP2.csv:359,data\historical_csv\football-data\2122\SP2.csv,359,2022-03-27,SP2,Mirandes,Ponferradina,home,0.43005259638776,0.4143289447340609,2.519,2.55,4.369461178509937,0.0137236516536991,5,0.0,WH,2.0-3.0,sportsbook,0.3969829297340214,1.0833024903007675,0.0157236516536991,0.0319115656293472,0.9238619973704733,0.1849452356598536,0.3973092506731539,0.2,1.2306470821754625,home:2.0-3.0,home:sportsbook,sportsbook:2.0-3.0,7.203663122330394,5.112754354406267,0.7799018183963229,0.4172796917602471,0.4281759564773862,0.4278463658930807,0.969751966122202,,,0.0,lower_clv,True,7.052731924449462,5.661212454793851,0.4194569767955293,0.4279122244845896,,,0.4281759564773862,0.969751966122202,7.128197523389929,0.150931197880932,5.112754354406267,0.4278463658930807,0.4172796917602471,0.7799018183963229,0.7799018183963229,1.0398690911950972,15.0,model_agreement_0.75_kelly,9m3m_core,True,22.79,2.2057312114533945,home,0.4533643967168069,True,14.202491532963668,1.05,True,,,,,,,,,3.99,10.0
2022-03,data\historical_csv\football-data\2122\SP2.csv:364,data\historical_csv\football-data\2122\SP2.csv,364,2022-03-28,SP2,Las Palmas,Leganes,home,0.4592355315878979,0.445238213120961,2.274,2.3,1.2471696637065488,0.0119973184669368,5,0.0,WH,2.0-3.0,sportsbook,0.4397537379067722,1.04430159883088,0.0139973184669368,0.0261245431629685,0.8215403953283443,0.2108972734728192,0.377280540169544,0.2,1.1433597185575906,home:2.0-3.0,home:sportsbook,sportsbook:2.0-3.0,4.549958555715496,2.4590497877913684,0.6529906891551829,0.4505675012655732,0.4603291221553308,0.4600338523159552,0.969751966122202,,,0.0,lower_clv,True,3.8936905477022776,2.6375113996289112,0.4513522928743576,0.4600575907191247,,,0.4603291221553308,0.969751966122202,4.221824551708886,0.6562680080132184,2.4590497877913684,0.4600338523159552,0.4505675012655732,0.6529906891551829,0.6529906891551829,1.0,15.0,model_agreement_0.75_kelly,9m3m_core,True,19.11,2.1804064821542086,home,0.4586300803013643,True,4.29248026053024,1.05,True,,,,,,,,,2.71,10.0
2022-04,data\historical_csv\football-data\2122\I2.csv:332,data\historical_csv\football-data\2122\I2.csv,332,2022-04-09,I2,Como,Cittadella,away,0.3666891378362584,0.3633166330233673,2.8424,2.88,3.2691197705619235,0.001372504812891,5,0.0,WH,2.0-3.0,sportsbook,0.3518153672952435,1.042277205385781,0.003372504812891,0.0037429655565744,1.04464876572468,0.1344609238070985,0.3830613552452945,0.2,1.3228257810301347,away:2.0-3.0,away:sportsbook,sportsbook:2.0-3.0,4.521104991249027,2.387673004434784,0.639720825128102,0.3602155678456051,0.3602546973405444,0.360253500719904,0.9694189602446484,,,0.0,lower_clv,True,4.701833009679346,3.106124652506748,0.3627431911501082,0.360479751090746,,,0.3602546973405444,0.9095622623867232,4.6114690004641865,0.1807280184303188,2.387673004434784,0.360253500719904,0.3602155678456051,0.639720825128102,0.639720825128102,1.0,9.8,model_agreement_0.75_kelly,9m3m_core,True,18.06,2.6962519612771865,away,0.3708852193199,True,5.420414739488377,1.25,True,,,,,,,,,0.98,10.0
2022-04,data\historical_csv\football-data\2122\I2.csv:336,data\historical_csv\football-data\2122\I2.csv,336,2022-04-10,I2,Ascoli,Reggina,home,0.4596956825843141,0.4471964030731303,2.274,2.3,1.6924620588298245,0.0104992795111837,5,0.0,WH,2.0-3.0,sportsbook,0.4397537379067722,1.0453479821967302,0.0124992795111837,0.0228396304532577,0.8215403953283443,0.2113201205866584,0.3776585728010505,0.2,1.1433597185575906,home:2.0-3.0,home:sportsbook,sportsbook:2.0-3.0,5.5941359264565325,3.4607039396422894,0.7085759024336533,0.454972312839236,0.4648090881278202,0.4645082693116555,0.9694189602446484,,,0.0,lower_clv,True,5.381252307781548,4.104640710465723,0.4578040488586883,0.4641755682244278,,,0.4648090881278202,0.9095622623867232,5.48769411711904,0.2128836186749847,3.4607039396422894,0.4641755682244278,0.454972312839236,0.7085759024336533,0.7085759024336533,1.0,4.94,model_agreement_0.75_kelly,9m3m_core,True,6.29,1.8273793378304963,home,0.5472317538553442,True,24.440500826705257,1.25,True,,,,,,,,,3.27,10.0
2022-04,data\historical_csv\football-data\2122\I2.csv:338,data\historical_csv\football-data\2122\I2.csv,338,2022-04-10,I2,Crotone,Ternana,home,0.3838945520637903,0.3748577965368875,2.8424,2.88,6.549580087644902,0.0070367555269027,5,0.0,WH,2.0-3.0,sportsbook,0.3518153672952435,1.0911818747861175,0.0090367555269028,0.0183299176533599,1.04464876572468,0.1473750271042582,0.4010349699818675,0.2,1.3228257810301347,home:2.0-3.0,home:sportsbook,sportsbook:2.0-3.0,9.49297073428901,7.359538747474767,0.8515146017250297,0.3777073555709076,0.3795083684228868,0.3794532915772605,0.9694189602446484,,,0.0,lower_clv,True,10.26663899432092,8.670930637148322,0.3823210337642426,0.3797627395130223,,,0.3795083684228868,0.9095622623867232,9.879804864304964,0.7736682600319096,7.359538747474767,0.3794532915772605,0.3777073555709076,0.8515146017250297,0.8515146017250297,1.1353528023000397,5.49,model_agreement_0.75_kelly,9m3m_core,False,-5.49,2.311907805721727,away,0.4325431998305062,True,22.94607911982307,1.25,True,,,,,,,,,3.63,10.0
2022-04,data\historical_csv\football-data\2122\I2.csv:339,data\historical_csv\football-data\2122\I2.csv,339,2022-04-10,I2,Perugia,Pisa,home,0.3579563597658329,0.3489457540778616,3.058,3.1,6.707611597010077,0.0070106056879712,5,0.0,WH,3.0-4.0,sportsbook,0.3270111183780249,1.094630548163917,0.0090106056879712,0.0195850848761493,1.1177611075068703,0.1281327554968064,0.4001096971309851,0.2,1.373446697187708,home:3.0-4.0,home:sportsbook,sportsbook:3.0-4.0,9.724515151793485,7.591083164979242,0.8633567491688716,0.3518348043328295,0.3505076068196632,0.3505481938995765,0.9694189602446484,,,0.0,lower_clv,True,10.349850683440188,8.633105624252945,0.3552423336306506,0.3509358048006658,,,0.3505076068196632,0.9095622623867232,10.037182917616835,0.6253355316467033,7.591083164979242,0.3505481938995765,0.3518348043328295,0.8633567491688716,0.8633567491688716,1.1511423322251622,4.57,model_agreement_0.75_kelly,9m3m_core,False,-4.57,2.627574198409614,draw,0.3805791671288551,True,16.38110930800387,1.25,True,,,,,,,,,3.02,10.0
2022-04,data\historical_csv\football-data\2122\SP2.csv:380,data\historical_csv\football-data\2122\SP2.csv,380,2022-04-09,SP2,Las Palmas,Amorebieta,home,0.5975611521825509,0.5765138277172466,1.7644,1.78,1.7200997624309933,0.0190473244653043,5,0.0,WH,1.5-2.0,sportsbook,0.5667649059170257,1.0543368969108928,0.0210473244653043,0.0318751049925774,0.5678106892486476,0.3570793305977378,0.3393016096889902,0.2,0.8841532532305685,home:1.5-2.0,home:sportsbook,sportsbook:1.5-2.0,5.93270271347722,3.799270726662977,0.7727996322062506,0.5882978390765301,0.6191376971463458,0.6181945822206634,0.9694189602446484,,,0.0,lower_clv,True,6.257842255624779,5.267317408525374,0.5966182124718056,0.6171010859001634,,,0.6191376971463458,0.9095622623867232,6.095272484551,0.3251395421475589,3.799270726662977,0.6171010859001634,0.5882978390765301,0.7727996322062506,0.7727996322062506,1.030399509608334,15.0,model_agreement_0.75_kelly,9m3m_core,True,11.47,1.705177499559245,home,0.5864492114507026,True,3.473098868361957,1.25,True,,,,,,,,,8.98,10.0
2022-04,data\historical_csv\football-data\2122\SP2.csv:409,data\historical_csv\football-data\2122\SP2.csv,409,2022-04-29,SP2,Las Palmas,Malaga,home,0.5890645570319245,0.5829845136878523,1.833,1.85,6.861061358983345,0.0040800433440721,5,0.0,WH,1.5-2.0,sportsbook,0.5455537370430987,1.0797553330395178,0.0060800433440721,0.0069263093414242,0.605953968857568,0.3469970523512174,0.3569460062468199,0.2,0.9274413529732684,home:1.5-2.0,home:sportsbook,sportsbook:1.5-2.0,12.02909806743909,9.895666080624848,0.8755906829127009,0.5995399131512539,0.6097470949004293,0.6094349486695676,0.9694189602446484,,,0.0,lower_clv,True,11.39723990491921,10.36820337990605,0.602117858046405,0.6090571239796355,,,0.6097470949004293,0.9095622623867232,11.71316898617915,0.6318581625198796,9.895666080624848,0.6090571239796355,0.5995399131512539,0.8755906829127009,0.8755906829127009,1.1674542438836013,15.0,model_agreement_0.75_kelly,9m3m_core,True,12.5,1.819663738619708,home,0.549552084144152,True,0.7328970236230692,1.25,True,,,,,,,,,12.24,10.0
2022-04,data\historical_csv\football-data\2122\SP2.csv:410,data\historical_csv\football-data\2122\SP2.csv,410,2022-04-30,SP2,Oviedo,Mirandes,home,0.5605589059670222,0.5449196905116134,2.029,2.05,10.564205204806342,0.0136392154554087,5,0.0,WH,2.0-3.0,sportsbook,0.4928536224741252,1.137374020207088,0.0156392154554088,0.024331457961371,0.7075430608436777,0.3142262870589448,0.3966195641110902,0.2,1.0349926071956617,home:2.0-3.0,home:sportsbook,sportsbook:2.0-3.0,14.554845041800638,12.421413054986395,0.9431426124327256,0.5540730066780996,0.5780842248163741,0.5773499367999131,0.9694189602446484,,,0.0,lower_clv,True,15.182157818697606,14.043087928216602,0.5620654900355673,0.5766355266833708,,,0.5780842248163741,0.9095622623867232,14.868501430249122,0.627312776896968,12.421413054986395,0.5766355266833708,0.5540730066780996,0.9431426124327256,0.9431426124327256,1.25,11.22,model_agreement_0.75_kelly,9m3m_core,True,11.55,2.188915686809521,home,0.4568471988327524,False,-7.305703356834536,1.25,True,,,,,,,,,11.22,10.0
2022-04,data\historical_csv\football-data\2122\SP2.csv:412,data\historical_csv\football-data\2122\SP2.csv,412,2022-04-30,SP2,Burgos,Almeria,away,0.4712492436083678,0.4639550268583929,2.274,2.3,5.5033731075985415,0.0052942167499749,5,0.0,WH,2.0-3.0,sportsbook,0.4397537379067722,1.0716207799654285,0.0072942167499749,0.0112344302336423,0.8215403953283443,0.2220758496014588,0.3871502898922017,0.2,1.1433597185575906,away:2.0-3.0,away:sportsbook,sportsbook:2.0-3.0,7.707386134818712,5.57395414800447,0.7606785521521904,0.4642654096218315,0.4778342119170988,0.4774192638346747,0.9694189602446484,,,0.0,lower_clv,True,7.76437124716538,6.487759649849578,0.468283903473393,0.4769705036279411,,,0.4778342119170988,0.9095622623867232,7.735878690992046,0.056985112346668,5.57395414800447,0.4769705036279411,0.4642654096218315,0.7606785521521904,0.7606785521521904,1.0142380695362538,3.78,model_agreement_0.75_kelly,9m3m_core,True,4.82,2.0416900415370693,away,0.4897903107991644,True,11.378316675729996,1.25,True,,,,,,,,,3.78,10.0
2022-05,data\historical_csv\football-data\2122\SP2.csv:413,data\historical_csv\football-data\2122\SP2.csv,413,2022-05-01,SP2,Amorebieta,Fuenlabrada,home,0.4976514291514918,0.4874889311195417,2.176,2.2,6.077591411612282,0.00816249803195,5,0.0,WH,2.0-3.0,sportsbook,0.4595588235294117,1.0828895098336462,0.01016249803195,0.016402038764095,0.7774883289936962,0.2476569449365222,0.3869181780723181,0.2,1.1029411764705843,home:2.0-3.0,home:sportsbook,sportsbook:2.0-3.0,8.193379697316681,5.988479358977502,0.8352873546044313,0.4870794088188304,0.5154306770290468,0.5146689556907819,0.9731327243417518,,,0.0,lower_clv,True,8.756763793554478,6.254541682305703,0.4883021217017725,0.5147018066548588,,,0.5154306770290468,0.9731327243417518,8.47507174543558,0.5633840962377974,5.988479358977502,0.5146689556907819,0.4870794088188304,0.8352873546044313,0.8352873546044313,1.1137164728059084,15.0,model_agreement_0.75_kelly,9m3m_core,True,17.64,1.7204498079092108,home,0.581243344271262,True,26.47855171342661,1.25,True,,,,,,,,,8.52,10.0
2022-05,data\historical_csv\football-data\2122\SP2.csv:422,data\historical_csv\football-data\2122\SP2.csv,422,2022-05-07,SP2,Huesca,Sp Gijon,away,0.2965403624382208,0.2894111037891269,3.744,3.8,8.355517258649115,0.0051292586490938,5,0.0,WH,3.0-4.0,sportsbook,0.2670940170940171,1.1102471169686985,0.0071292586490938,0.0172969999999997,1.3201545586153456,0.0879361865549913,0.391479111286264,0.2,1.4957264957264904,away:3.0-4.0,away:sportsbook,sportsbook:3.0-4.0,8.03403516582807,5.8291348274888914,0.8278022722546766,0.2826632874665836,0.2848120264618018,0.2847542956988997,0.9731327243417518,,,0.0,lower_clv,True,9.470055480713157,5.164761554005692,0.2808887862019383,0.2847066196842666,,,0.2848120264618018,0.9731327243417518,8.752045323270615,1.436020314885086,5.164761554005692,0.2847066196842666,0.2808887862019383,0.8278022722546766,0.8278022722546766,1.1037363630062356,15.0,model_agreement_0.75_kelly,9m3m_core,False,-15.0,3.5411877835720813,draw,0.2823911244241546,True,5.727236984403494,1.25,True,,,,,,,,,1.99,10.0
2022-05,data\historical_csv\football-data\2122\SP2.csv:443,data\historical_csv\football-data\2122\SP2.csv,443,2022-05-21,SP2,Cartagena,Amorebieta,away,0.4102114589026323,0.3979339424616097,2.715,2.75,8.039065378327015,0.0102775164410225,5,0.0,WH,2.0-3.0,sportsbook,0.3683241252302026,1.1137241109206466,0.0122775164410225,0.0250541914858162,0.9987919533858988,0.1682734410150259,0.4097159043386393,0.2,1.2891344383057168,away:2.0-3.0,away:sportsbook,sportsbook:2.0-3.0,8.687641441081544,6.482741102742365,0.8525665282644669,0.3922016246878172,0.4146072145039305,0.4140052373460554,0.9731327243417518,,,0.0,lower_clv,True,9.883143024022822,6.761114976210103,0.3932269428221366,0.4140327848510075,,,0.4146072145039305,0.9731327243417518,9.285392232552184,1.1955015829412776,6.482741102742365,0.4140052373460554,0.3922016246878172,0.8525665282644669,0.8525665282644669,1.1367553710192893,3.19,model_agreement_0.75_kelly,9m3m_core,False,-3.19,2.9073142630681708,home,0.3439600640023936,False,-6.614842623350126,1.25,True,,,,,,,,,3.19,10.0
2022-05,data\historical_csv\football-data\2122\SP2.csv:448,data\historical_csv\football-data\2122\SP2.csv,448,2022-05-21,SP2,Eibar,Tenerife,home,0.5038581329409396,0.4934907487140482,2.127,2.15,4.965482251478059,0.0083673842268913,5,0.0,WH,2.0-3.0,sportsbook,0.4701457451810061,1.0717062487653786,0.0103673842268913,0.0166066273021183,0.7547125362181001,0.2538730181307296,0.3802680494059732,0.2,1.0813352139163124,home:2.0-3.0,home:sportsbook,sportsbook:2.0-3.0,7.274956229553858,5.070055891214679,0.8043246784455238,0.4939823972318509,0.5225570611585787,0.5217893377860175,0.9731327243417518,,,0.0,lower_clv,True,7.68959120788506,5.243715090869339,0.4947988485701426,0.5218112736091849,,,0.5225570611585787,0.9731327243417518,7.482273718719459,0.4146349783312022,5.070055891214679,0.5217893377860175,0.4939823972318509,0.8043246784455238,0.8043246784455238,1.0724329045940315,4.05,model_agreement_0.75_kelly,9m3m_core,True,4.56,2.120446570001752,home,0.4715987727053051,True,0.3090589544183952,1.25,True,,,,,,,,,4.05,10.0
2022-05,data\historical_csv\football-data\2122\SP2.csv:452,data\historical_csv\football-data\2122\SP2.csv,452,2022-05-21,SP2,Ponferradina,Leganes,home,0.6233498811187735,0.6195013967297761,1.7644,1.78,9.3048264390017,0.0018484843889974,5,0.0,WH,1.5-2.0,sportsbook,0.5667649059170257,1.099838530245964,0.0038484843889974,0.0029654042536749,0.5678106892486476,0.3885650742907891,0.3539447256411133,0.2,0.8841532532305685,home:1.5-2.0,home:sportsbook,sportsbook:1.5-2.0,11.478080231114369,9.27317989277519,0.921041861263154,0.6193220352118295,0.6574209411158277,0.6563973273086274,0.9731327243417518,,,0.0,lower_clv,True,11.994440836716636,9.965525077025749,0.6232460047439682,0.6565027536797219,,,0.6574209411158277,0.9731327243417518,11.736260533915502,0.5163606056022676,9.27317989277519,0.6563973273086274,0.6193220352118295,0.921041861263154,0.921041861263154,1.228055815017539,7.76,model_agreement_0.75_kelly,9m3m_core,False,-7.76,1.818321735304088,away,0.5499576783273532,False,-2.965467235921804,1.25,True,,,,,,,,,7.76,10.0
2022-08,data\historical_csv\football-data\2223\I2.csv:11,data\historical_csv\football-data\2223\I2.csv,11,2022-08-14,I2,Venezia,Genoa,away,0.4250808965334687,0.4171085909118953,2.6660000000000004,2.7,11.20115033711131,0.0059723056215734,5,0.0,WH,2.0-3.0,sportsbook,0.3750937734433608,1.1332656701582278,0.0079723056215734,0.014049809507502,0.980579221756517,0.1806937685976975,0.4168254947063513,0.2,1.275318829707417,away:2.0-3.0,away:sportsbook,sportsbook:2.0-3.0,11.410534940138664,9.182037969212251,0.8900282951165374,0.4095350261410811,0.4293215628219947,0.4271201885959197,0.8887438331641692,,,0.0,lower_clv,True,11.6587921753718,8.544332687932176,0.4071430333380801,0.4244612755939422,,,0.4293215628219947,0.7808562000660358,11.534663557755232,0.2482572352331367,8.544332687932176,0.4071430333380801,0.4071430333380801,0.8900282951165374,0.8900282951165374,1.1867043934887165,15.0,model_agreement_0.625_kelly,18m9m_satellite,True,24.99,2.056534496634667,away,0.4862549116664027,True,29.635559450263,1.25,True,,,,,,,,,1.9,10.0
2022-08,data\historical_csv\football-data\2223\I2.csv:29,data\historical_csv\football-data\2223\I2.csv,29,2022-08-28,I2,Pisa,Genoa,away,0.4247787610619469,0.4172544014904518,2.519,2.55,5.106383735444808,0.0055243595714951,5,0.0,WH,2.0-3.0,sportsbook,0.3969829297340214,1.0700176991150443,0.0075243595714951,0.0130052631578947,0.9238619973704733,0.1804369958493225,0.3924369546352452,0.2,1.2306470821754625,away:2.0-3.0,away:sportsbook,sportsbook:2.0-3.0,6.331468233057233,4.102971262130822,0.7252655341218797,0.4132710252565733,0.428979925909694,0.4272322138378229,0.8887438331641692,,,0.0,lower_clv,True,6.232155533508554,3.2894235571918395,0.4100413797427226,0.4248296609374391,,,0.428979925909694,0.7808562000660358,6.281811883282893,0.0993126995486788,3.2894235571918395,0.4100413797427226,0.4100413797427226,0.7252655341218797,0.7252655341218797,1.0,6.8,model_agreement_0.625_kelly,18m9m_satellite,True,10.33,2.0225165932713742,away,0.4944335207566939,True,24.54780387861122,1.25,True,,,,,,,,,0.68,10.0
2022-09,data\historical_csv\football-data\2223\E3.csv:102,data\historical_csv\football-data\2223\E3.csv,102,2022-09-17,E3,Gillingham,Mansfield,home,0.2699798435701823,0.2624979311775837,3.94,4.0,3.4241848839679623,0.0054819123925986,4,0.0,B365,3.0-4.0,sportsbook,0.2538071065989847,1.0637205836665182,0.0074819123925986,0.0203048950621885,1.3711807233098423,0.0728891159341801,0.3701911571856406,0.25,1.522842639593902,home:3.0-4.0,home:sportsbook,sportsbook:3.0-4.0,5.7013679280322656,3.3261936712899685,0.7555803059543706,0.2622492225159644,0.2535044566169744,0.2537037448097499,0.9772105742935278,,,0.0,lower_clv,True,6.365872317173005,3.928817905185822,0.2637787256476797,0.2537386013077379,,,0.2535044566169744,0.9772105742935278,6.033620122602635,0.6645043891407392,3.3261936712899685,0.2622492225159644,0.2622492225159644,0.7555803059543706,0.7555803059543706,0.5037202039695804,1.8,model_agreement_0.625_kelly,12m6m_tertiary,False,-1.8,3.561794134283069,away,0.2807573830207578,True,10.618408910178578,1.25,True,,,,,,,,,0.18,10.0
2022-09,data\historical_csv\football-data\2223\SP2.csv:71,data\historical_csv\football-data\2223\SP2.csv,71,2022-09-24,SP2,Malaga,Villarreal B,home,0.4248766561540922,0.4120140408054376,2.5876,2.62,6.612753198815047,0.0108626153486546,5,0.0,WH,2.0-3.0,sportsbook,0.3864584943577059,1.0994108354643293,0.0128626153486546,0.0255665148727658,0.9507308051876934,0.1805201729446827,0.4039433254108349,0.2,1.2521255217189609,home:2.0-3.0,home:sportsbook,sportsbook:2.0-3.0,9.890422965446332,5.380316106853352,0.8589257030626991,0.4072511829759365,0.4312674214413218,0.4309511686303475,0.98683170924414,,,0.0,lower_clv,True,10.142628353119964,7.067566241593992,0.4137717044427036,0.4310370327529018,,,0.4312674214413218,0.98683170924414,10.016525659283149,0.2522053876736319,5.380316106853352,0.4072511829759365,0.4072511829759365,0.8589257030626991,0.8589257030626991,1.1452342707502654,12.2,model_agreement_0.625_kelly,18m9m_satellite,False,-12.2,2.166987510877285,draw,0.4614701261453782,True,19.410009841378084,1.25,True,,,,,,,,,1.22,10.0
2022-09,data\historical_csv\football-data\2223\SP2.csv:73,data\historical_csv\football-data\2223\SP2.csv,73,2022-09-25,SP2,Burgos,Levante,away,0.4169265033407572,0.410223186946647,2.568,2.6,5.34531440789896,0.0047033163941102,5,0.0,WH,2.0-3.0,sportsbook,0.3894080996884735,1.0706672605790646,0.0067033163941102,0.011280924470916,0.9431273858277148,0.1738277091879504,0.3932148031780583,0.2,1.2461059190031154,away:2.0-3.0,away:sportsbook,sportsbook:2.0-3.0,6.659223937874223,2.1491170792812424,0.7388235399670489,0.397776935666983,0.4220172457072297,0.4216980422566076,0.98683170924414,,,0.0,lower_clv,True,6.570927793387082,3.5191580057851723,0.4031119860038363,0.4217682957506404,,,0.4220172457072297,0.98683170924414,6.6150758656306525,0.0882961444871401,2.1491170792812424,0.397776935666983,0.397776935666983,0.7388235399670489,0.7388235399670489,1.0,4.3,model_agreement_0.625_kelly,18m9m_satellite,False,-4.3,2.4724863288680705,draw,0.4044511746432225,True,3.863061648379551,1.25,True,,,,,,,,,0.43,10.0
2022-10,data\historical_csv\football-data\2223\B1.csv:116,data\historical_csv\football-data\2223\B1.csv,116,2022-10-19,B1,Mechelen,Standard,draw,0.2744976098153741,0.2654818008780744,3.8224,3.88,1.477763567635182,0.0070158089372996,5,0.0,PS,3.0-4.0,sportsbook,0.2616157388028464,1.049239663758286,0.0090158089372996,0.0255587250541761,1.340878497589408,0.0753489377943533,0.3680679426411224,0.2,1.506906655504392,draw:3.0-4.0,draw:sportsbook,sportsbook:3.0-4.0,3.0352471181998366,3.0352471181998366,0.5785467936151971,0.269556422975617,0.2646390374293308,0.2686378307050218,0.1868050129380209,,,0.0,lower_clv,True,3.4079922662425988,3.4079922662425988,0.2705315829485208,0.2694817371045078,,,0.2646390374293308,0.1781650800310337,3.2216196922212177,0.3727451480427621,3.0352471181998366,0.2686378307050218,0.269556422975617,0.5785467936151971,0.5785467936151971,1.0,7.1,model_agreement_0.75_kelly,9m3m_core,False,-7.1,3.702996359196193,home,0.2700515752645971,True,3.2245141291396218,1.25,True,,,,,,,,,0.71,10.0
2022-10,data\historical_csv\football-data\2223\P1.csv:100,data\historical_csv\football-data\2223\P1.csv,100,2022-10-31,P1,Guimaraes,Famalicao,draw,0.2945858409566534,0.288593973582527,3.548,3.6,2.3931418270805915,0.0039918673741263,5,0.0,B365,3.0-4.0,sportsbook,0.2818489289740699,1.0451905637142065,0.0059918673741263,0.0135507781404665,1.266384064447333,0.0867808176921387,0.3730588145993223,0.2,1.4656144306651742,draw:3.0-4.0,draw:sportsbook,sportsbook:3.0-4.0,4.431936490089831,4.431936490089831,0.6449000082118536,0.2943402945041991,0.2875575388612035,0.2930732417485538,0.1868050129380209,,,0.0,lower_clv,True,4.648560959018,4.648560959018,0.2949508482497688,0.2936336186908609,,,0.2875575388612035,0.1781650800310337,4.540248724553916,0.2166244689281686,4.431936490089831,0.2930732417485538,0.2943402945041991,0.6449000082118536,0.6449000082118536,1.0,11.7,model_agreement_0.75_kelly,9m3m_core,False,-11.7,3.3040955269256003,home,0.3026546877506539,True,7.381883213932028,1.25,True,,,,,,,,,1.17,10.0
2022-10,data\historical_csv\football-data\2223\SP2.csv:93,data\historical_csv\football-data\2223\SP2.csv,93,2022-10-08,SP2,Las Palmas,Ibiza,draw,0.257105935562417,0.252704318969331,3.94,4.0,-0.4344983260835877,0.002401616593086,4,0.0,B365,3.0-4.0,sportsbook,0.2538071065989847,1.012997386115923,0.004401616593086,0.0093409612960996,1.3711807233098423,0.0661034621014257,0.3525387026917287,0.25,1.522842639593902,draw:3.0-4.0,draw:sportsbook,sportsbook:3.0-4.0,2.894987899079223,2.894987899079223,0.5843515091416407,0.2611547916220285,0.244974355503432,0.2581322050435513,0.1868050129380209,,,0.0,lower_clv,True,3.08394065297164,3.08394065297164,0.2616343671395219,0.25866613483306,,,0.244974355503432,0.1781650800310337,2.989464276025432,0.1889527538924169,2.894987899079223,0.2581322050435513,0.2611547916220285,0.5843515091416407,0.5843515091416407,0.5,2.2,model_agreement_0.75_kelly,9m3m_core,True,6.47,4.087396560740763,draw,0.2446545093287373,False,-3.606123324477484,1.25,True,,,,,,,,,0.22,10.0
2022-10,data\historical_csv\football-data\2223\T1.csv:92,data\historical_csv\football-data\2223\T1.csv,92,2022-10-21,T1,Antalyaspor,Istanbulspor,home,0.5424024404823852,0.5382719030360479,2.0780000000000003,2.1,11.852901450890773,0.0021305374463372,5,0.0,VC,2.0-3.0,sportsbook,0.4812319538017324,1.1271122713223964,0.0041305374463372,0.0039279643440439,0.7314058926770358,0.2942004074412473,0.3967163411712217,0.2,1.0587102983637964,home:2.0-3.0,home:sportsbook,sportsbook:2.0-3.0,10.928239139101589,10.928239139101589,0.8853989045719939,0.5338221325269565,0.5757083748210022,0.5416466925606208,0.1868050129380209,,,0.0,lower_clv,True,10.99379135202332,10.99379135202332,0.5341375907219601,0.5415440527979187,,,0.5757083748210022,0.1781650800310337,10.961015245562454,0.065552212921732,10.928239139101589,0.5415440527979187,0.5338221325269565,0.8853989045719939,0.8853989045719939,1.1805318727626586,15.0,model_agreement_0.75_kelly,9m3m_core,True,16.17,1.838687777659168,home,0.5438661267836887,True,13.01538114565053,1.25,True,,,,,,,,,10.29,10.0
2022-11,data\historical_csv\football-data\2223\F2.csv:139,data\historical_csv\football-data\2223\F2.csv,139,2022-11-05,F2,Rodez,Grenoble,draw,0.3229155559962662,0.3151170358523165,3.205,3.25,0.9950099906674614,0.0057985201439496,5,0.0,B365,3.0-4.0,sportsbook,0.31201248049922,1.0349443569680334,0.0077985201439497,0.0179567693047799,1.1647120903726331,0.1042744563043777,0.3761036522382524,0.2,1.4040561622464809,draw:3.0-4.0,draw:sportsbook,sportsbook:3.0-4.0,3.0517454036967773,3.0517454036967773,0.5459984870269209,0.3215343070318152,0.3190507730009752,0.3191207711416415,0.971815107102593,,,0.0,lower_clv,True,2.9705019486351514,2.9705019486351514,0.3212808173124342,0.3191136265610501,,,0.3190507730009752,0.971815107102593,3.0111236761659645,0.0812434550616258,2.9705019486351514,0.3191136265610501,0.3212808173124342,0.5459984870269209,0.5459984870269209,1.0,7.7,model_agreement_0.75_kelly,9m3m_core,False,-7.7,2.9712367229197887,away,0.3365601913459508,True,7.867541326377236,1.25,True,,,,,,,,,0.77,10.0
2022-11,data\historical_csv\football-data\2223\F2.csv:140,data\historical_csv\football-data\2223\F2.csv,140,2022-11-05,F2,Valenciennes,Caen,draw,0.3162765222865135,0.3110664766125762,3.254,3.3,1.221031489732316,0.0032100456739372,5,0.0,B365,3.0-4.0,sportsbook,0.3073140749846343,1.0291638035203148,0.0052100456739372,0.0101494908655573,1.179885008796846,0.1000308385496514,0.3731699272802588,0.2,1.41364474492931,draw:3.0-4.0,draw:sportsbook,sportsbook:3.0-4.0,2.5411685583347228,2.5411685583347228,0.5291264851186546,0.315123443633481,0.31115110546953,0.3112630653952332,0.971815107102593,,,0.0,lower_clv,True,2.381832568013298,2.381832568013298,0.3146337817087071,0.3112492643263275,,,0.31115110546953,0.971815107102593,2.4615005631740106,0.1593359903214248,2.381832568013298,0.3112492643263275,0.3146337817087071,0.5291264851186546,0.5291264851186546,1.0,4.3,model_agreement_0.75_kelly,9m3m_core,True,9.69,3.3172446391430874,draw,0.3014550052173181,False,-1.906541302284692,1.25,True,,,,,,,,,0.43,10.0
2022-11,data\historical_csv\football-data\2223\I2.csv:122,data\historical_csv\football-data\2223\I2.csv,122,2022-11-11,I2,Ascoli,Frosinone,home,0.3092074609008986,0.3011984754290649,3.352,3.4,0.9617289638225834,0.0060089854718336,5,0.0,WH,3.0-4.0,sportsbook,0.2983293556085919,1.036463408939812,0.0080089854718336,0.0194335073750356,1.2095571826198366,0.0956092538767807,0.3740041052523242,0.2,1.4319809069212486,home:3.0-4.0,home:sportsbook,sportsbook:3.0-4.0,4.16403374015545,4.16403374015545,0.6735335190650268,0.310751890632922,0.3027625315886088,0.3029877108175917,0.971815107102593,,,0.0,lower_clv,True,5.553660243433867,5.553660243433867,0.3148975544255187,0.3031045559075747,,,0.3027625315886088,0.971815107102593,4.858846991794659,1.389626503278417,4.16403374015545,0.3029877108175917,0.310751890632922,0.6735335190650268,0.6735335190650268,1.0,5.0,model_agreement_0.75_kelly,9m3m_core,False,-5.0,3.481787209600036,away,0.287208821160232,False,-3.7276031470902415,1.25,True,,,,,,,,,0.5,10.0
2023-01,data\historical_csv\football-data\2223\I2.csv:199,data\historical_csv\football-data\2223\I2.csv,199,2023-01-15,I2,Cosenza,Benevento,home,0.2795641929546222,0.2701680166486572,3.8518,3.91,4.063316652729765,0.0073961763059649,5,0.0,PS,3.0-4.0,sportsbook,0.2596188794849161,1.0768253584226135,0.009396176305965,0.0264560930632683,1.3485405715079748,0.0781561379823692,0.3770036565401919,0.2,1.5109818786022131,home:3.0-4.0,home:sportsbook,sportsbook:3.0-4.0,4.74323322675518,4.74323322675518,0.7213746004668496,0.2719332084395742,0.2717117261972417,0.2717556846879135,0.8015258911553136,,,0.0,lower_clv,True,4.971357871028981,4.971357871028981,0.2725254630848667,0.2718419408943242,,,0.2717117261972417,0.8399793605737145,4.857295548892081,0.2281246442738007,4.74323322675518,0.2719332084395742,0.2719332084395742,0.7213746004668496,0.7213746004668496,1.0,5.2,model_agreement_0.625_kelly,12m6m_tertiary,False,-5.2,3.555784669474573,draw,0.2812318778987724,True,8.32489472904916,1.25,True,,,,,,,,,0.52,10.0
2023-02,data\historical_csv\football-data\2223\B1.csv:234,data\historical_csv\football-data\2223\B1.csv,234,2023-02-19,B1,Kortrijk,Anderlecht,home,0.2605710148794662,0.2555716900790206,3.94,4.0,0.6952458911340997,0.0029993248004456,4,0.0,B365,3.0-4.0,sportsbook,0.2538071065989847,1.0266497986250969,0.0049993248004456,0.0115105849429685,1.3711807233098423,0.067897253795315,0.3572899526560062,0.25,1.522842639593902,home:3.0-4.0,home:sportsbook,sportsbook:3.0-4.0,3.9579469762628072,3.9579469762628072,0.6644653265608581,0.2638526573001594,0.2510489098796227,0.2634426976419226,0.032018724266563,,,0.0,lower_clv,True,3.811991749212096,3.811991749212096,0.263482212561452,0.263482212561452,,,0.2510489098796227,0.0,3.884969362737452,0.1459552270507114,3.811991749212096,0.2634426976419226,0.263482212561452,0.6644653265608581,0.6644653265608581,0.5,4.8,model_agreement_0.75_kelly,9m3m_core,False,-4.8,4.030691201467895,draw,0.2480964058064831,False,-2.250016112245645,1.25,True,,,,,,,,,0.48,10.0
2023-02,data\historical_csv\football-data\2223\E3.csv:373,data\historical_csv\football-data\2223\E3.csv,373,2023-02-21,E3,Grimsby,Harrogate,home,0.5385975187269482,0.5244919841641833,1.931,1.95,1.2794021421038029,0.0121055345627648,5,0.0,IW,1.5-2.0,sportsbook,0.5178663904712584,1.0400318086617368,0.0141055345627648,0.0224760310656053,0.6580380034463774,0.2900872871788252,0.3544176358842538,0.2,0.9839461418953864,home:1.5-2.0,home:sportsbook,sportsbook:1.5-2.0,2.4867227825542604,2.4867227825542604,0.6282733226907423,0.5307442919862986,0.5655737737047465,0.5595129016857938,0.8259844327300893,,,0.0,lower_clv,True,3.3133978138590647,3.3133978138590647,0.5350253641318439,0.5575685985183112,,,0.5655737737047465,0.7379511634695324,2.900060298206663,0.8266750313048044,2.4867227825542604,0.5307442919862986,0.5307442919862986,0.6282733226907423,0.6282733226907423,1.0,8.4,model_agreement_0.625_kelly,18m9m_satellite,False,-8.4,1.8850626957700645,draw,0.5304863346157785,True,2.436911214306847,1.25,True,,,,,,,,,0.84,10.0
2023-02,data\historical_csv\football-data\2223\F2.csv:240,data\historical_csv\football-data\2223\F2.csv,240,2023-02-20,F2,Nimes,St Etienne,home,0.2742936179339074,0.267481730242012,3.842,3.9,2.766480758981027,0.0048118876918953,4,0.0,PS,3.0-4.0,sportsbook,0.2602811035918792,1.0538360801020723,0.0068118876918953,0.0175428350398397,1.345993064346365,0.0752369888392723,0.3691973073335111,0.25,1.5096304008328951,home:3.0-4.0,home:sportsbook,sportsbook:3.0-4.0,4.133871560896036,4.133871560896036,0.6977286927691514,0.2710407901116503,0.2663707087131138,0.2708912600630481,0.032018724266563,,,0.0,lower_clv,True,4.218338713135905,4.218338713135905,0.2712606421476728,0.2712606421476728,,,0.2663707087131138,0.0,4.176105137015971,0.0844671522398687,4.133871560896036,0.2708912600630481,0.2710407901116503,0.6977286927691514,0.6977286927691514,0.5,5.4,model_agreement_0.75_kelly,9m3m_core,False,-5.4,3.829552519910543,away,0.2611271146696167,True,0.3250374560667346,1.25,True,,,,,,,,,0.54,10.0
2023-02,data\historical_csv\football-data\2223\F2.csv:250,data\historical_csv\football-data\2223\F2.csv,250,2023-02-27,F2,Amiens,Bordeaux,draw,0.3014033106072671,0.2862114530580802,3.45,3.5,-1.257048694962326,0.0131918575491869,4,0.0,B365,3.0-4.0,sportsbook,0.2898550724637681,1.0398414215950715,0.0151918575491868,0.0437681242538708,1.2383742310432684,0.0908439556450207,0.3732500930071697,0.25,1.4492753623188248,draw:3.0-4.0,draw:sportsbook,sportsbook:3.0-4.0,5.3312522084705245,5.3312522084705245,0.6683257838147885,0.3053079774158566,0.2968841761917297,0.3050382580471849,0.032018724266563,,,0.0,lower_clv,True,5.267308785329394,5.267308785329394,0.305122634160375,0.305122634160375,,,0.2968841761917297,0.0,5.299280496899959,0.0639434231411302,5.267308785329394,0.3050382580471849,0.305122634160375,0.6683257838147885,0.6683257838147885,0.5,8.0,model_agreement_0.75_kelly,9m3m_core,False,-8.0,3.4887244477244894,away,0.2866377138648044,False,-1.1099887166424738,1.25,True,,,,,,,,,0.8,10.0
2023-02,data\historical_csv\football-data\2223\I2.csv:238,data\historical_csv\football-data\2223\I2.csv,238,2023-02-11,I2,Venezia,Spal,draw,0.2826637054568087,0.2712245542535578,3.646,3.7,-1.111527519152811,0.0094391512032509,5,0.0,B365,3.0-4.0,sportsbook,0.274273176083379,1.0305918700955246,0.0114391512032508,0.033393573426756,1.293630676256471,0.0798987703825735,0.3656624404432515,0.2,1.4810751508502529,draw:3.0-4.0,draw:sportsbook,sportsbook:3.0-4.0,3.476129427956998,3.476129427956998,0.5882545936747772,0.2838072666702057,0.2757593228762941,0.2835495817769556,0.032018724266563,,,0.0,lower_clv,True,3.5859332396152466,3.5859332396152466,0.2841084290719013,0.2841084290719013,,,0.2757593228762941,0.0,3.5310313337861223,0.1098038116582484,3.476129427956998,0.2835495817769556,0.2838072666702057,0.5882545936747772,0.5882545936747772,1.0,9.6,model_agreement_0.75_kelly,9m3m_core,False,-9.6,3.422544510733009,home,0.2921802760677111,True,6.528928654287469,1.25,True,,,,,,,,,0.96,10.0
2023-02,data\historical_csv\football-data\2223\I2.csv:242,data\historical_csv\football-data\2223\I2.csv,242,2023-02-17,I2,Pisa,Venezia,away,0.2839855673002867,0.2771865331353201,3.646,3.7,1.0622099811377297,0.0047990341649665,5,0.0,WH,3.0-4.0,sportsbook,0.274273176083379,1.0354113783768455,0.0067990341649665,0.0168988664127852,1.293630676256471,0.0806478024348656,0.3673724414737476,0.2,1.4810751508502529,away:3.0-4.0,away:sportsbook,sportsbook:3.0-4.0,2.994818561766805,2.994818561766805,0.6025334070203662,0.2824871600706714,0.2772448254142687,0.282319307202795,0.032018724266563,,,0.0,lower_clv,True,4.048275785252331,4.048275785252331,0.2853765106562049,0.2853765106562049,,,0.2772448254142687,0.0,3.521547173509568,1.053457223485526,2.994818561766805,0.282319307202795,0.2824871600706714,0.6025334070203662,0.6025334070203662,1.0,8.3,model_agreement_0.75_kelly,9m3m_core,False,-8.3,3.6736374579564086,draw,0.272209767960142,False,-0.752318601732227,1.25,True,,,,,,,,,0.83,10.0
2023-02,data\historical_csv\football-data\2223\I2.csv:264,data\historical_csv\football-data\2223\I2.csv,264,2023-02-28,I2,Parma,Pisa,away,0.2583405049347829,0.2461392104223662,4.038,4.1,-0.6089868314484881,0.0102012945124166,4,0.0,VC,4.0-5.0,sportsbook,0.2476473501733531,1.0431789589266534,0.0122012945124166,0.0394877857616322,1.3957495198906458,0.0667398164899585,0.3605786357310302,0.25,1.535413571074784,away:4.0-5.0,away:sportsbook,sportsbook:4.0-5.0,4.2803916029090905,4.2803916029090905,0.6541561218358479,0.2582476265550002,0.2485673388886499,0.2579376760933903,0.032018724266563,,,0.0,lower_clv,True,4.235619479775754,4.235619479775754,0.2581367495784441,0.2581367495784441,,,0.2485673388886499,0.0,4.258005541342422,0.0447721231333364,4.235619479775754,0.2579376760933903,0.2581367495784441,0.6541561218358479,0.6541561218358479,0.5,5.1,model_agreement_0.75_kelly,9m3m_core,True,15.49,4.099221368535038,away,0.2439487673624651,False,-1.4934877390365808,1.25,True,,,,,,,,,0.51,10.0
2023-03,data\historical_csv\football-data\2223\B1.csv:265,data\historical_csv\football-data\2223\B1.csv,265,2023-03-18,B1,Oostende,Westerlo,draw,0.2728724599814847,0.2671706596113712,3.8126,3.87,1.861485683431385,0.0037018003701134,4,0.0,PS,3.0-4.0,sportsbook,0.2622882022766616,1.0403535409254083,0.0057018003701134,0.0135660460948117,1.3383113710977392,0.0744593794163469,0.3651883160526337,0.25,1.5055342810680328,draw:3.0-4.0,draw:sportsbook,sportsbook:3.0-4.0,2.709493321540571,2.709493321540571,0.6075930503023222,0.2693948836005366,0.26766233788218,0.2678501541911662,0.8915951787036309,,,0.0,lower_clv,True,3.075394717817437,3.075394717817437,0.2703545997949363,0.2680638377850657,,,0.26766233788218,0.8508689288425597,2.892444019679004,0.3659013962768656,2.709493321540571,0.2678501541911662,0.2693948836005366,0.6075930503023222,0.6075930503023222,0.5,2.8,model_agreement_0.75_kelly,9m3m_core,False,-2.8,3.794118261160062,away,0.2635658488131172,True,0.4871155184890563,1.25,True,,,,,,,,,0.28,10.0
2023-03,data\historical_csv\football-data\2223\B1.csv:272,data\historical_csv\football-data\2223\B1.csv,272,2023-03-31,B1,Waregem,Antwerp,away,0.5538805028105109,0.5375492535187537,1.931,1.95,3.800760854471341,0.0143312492917571,5,0.0,WH,1.5-2.0,sportsbook,0.5178663904712584,1.0695432509270966,0.0163312492917572,0.0258742620818701,0.6580380034463774,0.3067836113936244,0.3644744202173042,0.2,0.9839461418953864,away:1.5-2.0,away:sportsbook,sportsbook:1.5-2.0,3.639407660624146,3.639407660624146,0.7248458635188735,0.5367136595578671,0.6017107950623801,0.5946647922032375,0.8915951787036309,,,0.0,lower_clv,True,4.688784863488049,4.688784863488049,0.5421480314007667,0.5928281363164263,,,0.6017107950623801,0.8508689288425597,4.1640962620560975,1.0493772028639032,3.639407660624146,0.5928281363164263,0.5367136595578671,0.7248458635188735,0.7248458635188735,1.0,15.0,model_agreement_0.75_kelly,9m3m_core,True,13.96,1.91984308510009,away,0.520875902703197,True,0.5811368119873261,1.25,True,,,,,,,,,11.66,10.0
2023-03,data\historical_csv\football-data\2223\SP2.csv:359,data\historical_csv\football-data\2223\SP2.csv,359,2023-03-26,SP2,Ponferradina,Mirandes,home,0.4543732165755941,0.4424389789951854,2.372,2.4,4.946525817657976,0.0099342375804087,5,0.0,WH,2.0-3.0,sportsbook,0.4215851602023609,1.0777732697173092,0.0119342375804087,0.0218636073122411,0.863733481135479,0.2064550199412518,0.3924573600875629,0.2,1.180438448566612,home:2.0-3.0,home:sportsbook,sportsbook:2.0-3.0,3.752885844779752,3.752885844779752,0.7058647351708955,0.4374067700032873,0.484729262174169,0.4795992758670858,0.8915951787036309,,,0.0,lower_clv,True,4.954067244171867,4.954067244171867,0.4424707725302355,0.4784272083480736,,,0.484729262174169,0.8508689288425597,4.353476544475809,1.201181399392115,3.752885844779752,0.4784272083480736,0.4374067700032873,0.7058647351708955,0.7058647351708955,1.0,10.35,model_agreement_0.75_kelly,9m3m_core,False,-10.35,2.440490849573669,draw,0.4097536363124207,False,-2.806437466693812,1.25,True,,,,,,,,,7.37,10.0
2023-03,data\historical_csv\football-data\2223\SP2.csv:362,data\historical_csv\football-data\2223\SP2.csv,362,2023-03-26,SP2,Villarreal B,Huesca,away,0.310317453747539,0.3020586956541224,3.548,3.6,7.170425218082643,0.0062587580934166,5,0.0,WH,3.0-4.0,sportsbook,0.2818489289740699,1.1010063258962686,0.0082587580934166,0.0201688884006778,1.266384064447333,0.096296922100356,0.3929810783457557,0.2,1.4656144306651742,away:3.0-4.0,away:sportsbook,sportsbook:3.0-4.0,6.287689311504025,6.287689311504025,0.8279642896488896,0.299570713955761,0.311892903901573,0.3105571191025174,0.8915951787036309,,,0.0,lower_clv,True,7.607472671200921,7.607472671200921,0.3032905092198447,0.3106100195681678,,,0.311892903901573,0.8508689288425597,6.947580991352472,1.3197833596968964,6.287689311504025,0.3105571191025174,0.299570713955761,0.8279642896488896,0.8279642896488896,1.1039523861985194,4.65,model_agreement_0.75_kelly,9m3m_core,False,-4.65,4.634662192233275,draw,0.2157654557166628,False,-23.44641631172804,1.25,True,,,,,,,,,3.31,10.0
2023-03,data\historical_csv\football-data\2223\SP2.csv:364,data\historical_csv\football-data\2223\SP2.csv,364,2023-03-27,SP2,Malaga,Leganes,away,0.3764519038763763,0.3712048496319001,2.764,2.8,2.6010204382571844,0.0032470542444762,5,0.0,WH,2.0-3.0,sportsbook,0.361794500723589,1.040513062314304,0.0052470542444761,0.0086254159191143,1.016678905905423,0.1417160359321484,0.3827307097590478,0.2,1.302460202604916,away:2.0-3.0,away:sportsbook,sportsbook:2.0-3.0,2.943243839103601,2.943243839103601,0.624835262826735,0.3724429950763517,0.3778295469984231,0.3736237769082661,0.2192092175100435,,,0.0,lower_clv,True,3.0725500361420632,3.0725500361420632,0.3729108177863316,0.3737262960648637,,,0.3778295469984231,0.1657904396378282,3.0078969376228324,0.1293061970384621,2.943243839103601,0.3724429950763517,0.3724429950763517,0.624835262826735,0.624835262826735,1.0,5.2,model_agreement_0.625_kelly,18m9m_satellite,False,-5.2,3.2564698735535456,home,0.3070809922490619,False,-15.122813742359288,1.25,True,,,,,,,,,0.52,10.0
2023-04,data\historical_csv\football-data\2223\B1.csv:274,data\historical_csv\football-data\2223\B1.csv,274,2023-04-01,B1,Seraing,Gent,away,0.6849790948734652,0.6794008397236787,1.5096,1.52,2.5623507646865384,0.0035782551497865,5,0.0,WH,1.5-2.0,sportsbook,0.6624271330153683,1.034044441620983,0.0055782551497864,0.005223889570597,0.4118447150722034,0.4691963604136716,0.2821050201585781,0.2,0.6889242183359734,away:1.5-2.0,away:sportsbook,sportsbook:1.5-2.0,4.346074655193332,4.346074655193332,0.6233958880698353,0.6912167107524729,0.7213081432539756,0.7064777738385132,0.5071564168730807,,,0.0,lower_clv,True,3.682409007964016,3.682409007964016,0.6868204094327239,0.7023425973086512,,,0.7213081432539756,0.4500785107069693,4.0142418315786745,0.6636656472293163,3.682409007964016,0.6868204094327239,0.6868204094327239,0.6233958880698353,0.6233958880698353,1.0,15.0,model_agreement_0.625_kelly,18m9m_satellite,True,7.64,1.3963227595651546,away,0.7161667982203641,True,8.112539859346168,1.25,True,,,,,,,,,2.26,10.0
2023-04,data\historical_csv\football-data\2223\B1.csv:293,data\historical_csv\football-data\2223\B1.csv,293,2023-04-15,B1,Oostende,Oud-Heverlee Leuven,draw,0.2588141309145537,0.2487115567579561,4.1458,4.21,3.1108372007134344,0.0081025741565976,4,0.0,PS,4.0-5.0,sportsbook,0.2412079695113126,1.0729916239455568,0.0101025741565976,0.0313065369652194,1.4220957735832738,0.0669847543610557,0.368058481717215,0.25,1.5485551642626438,draw:4.0-5.0,draw:sportsbook,sportsbook:4.0-5.0,4.86295513623779,4.86295513623779,0.752638742371389,0.2529378048536779,0.2482094048560522,0.2490507343574863,0.822068881258661,,,0.0,lower_clv,True,4.881251934014785,4.881251934014785,0.2529819381880814,0.249416410333548,,,0.2482094048560522,0.7470933373276833,4.872103535126287,0.018296797776995,4.86295513623779,0.2490507343574863,0.2529378048536779,0.752638742371389,0.752638742371389,0.5017591615809259,3.9,model_agreement_0.75_kelly,9m3m_core,False,-3.9,3.953962264150944,away,0.2529108608513075,True,4.851784691735039,1.25,True,,,,,,,,,0.39,10.0
2023-04,data\historical_csv\football-data\2223\E1.csv:538,data\historical_csv\football-data\2223\E1.csv,538,2023-04-30,E1,Cardiff,Huddersfield,away,0.3024166189530927,0.2904843645597609,3.45,3.5,0.2171057731175096,0.0099322543933318,5,0.0,BW,3.0-4.0,sportsbook,0.2898550724637681,1.04333733538817,0.0119322543933318,0.032842951646359,1.2383742310432684,0.0914558114190201,0.3745049479507413,0.2,1.4492753623188248,away:3.0-4.0,away:sportsbook,sportsbook:3.0-4.0,2.4185293711706124,2.4185293711706124,0.6003106825466498,0.2968653025251322,0.2987999068410029,0.2984556805307582,0.822068881258661,,,0.0,lower_clv,True,2.4784948352076563,2.4784948352076563,0.29703911546437,0.2983545909702764,,,0.2987999068410029,0.7470933373276833,2.4485121031891346,0.0599654640370439,2.4185293711706124,0.2983545909702764,0.2968653025251322,0.6003106825466498,0.6003106825466498,1.0,9.0,model_agreement_0.75_kelly,9m3m_core,True,22.05,3.247244742854694,away,0.307953381770937,True,6.243916710973285,1.25,True,,,,,,,,,0.9,10.0
2023-04,data\historical_csv\football-data\2223\E2.csv:525,data\historical_csv\football-data\2223\E2.csv,525,2023-04-25,E2,Lincoln,Burton,home,0.4610379126664662,0.44217558656864,2.274,2.3,0.550728385708732,0.0168623260978262,5,0.0,BW,2.0-3.0,sportsbook,0.4397537379067722,1.0484002134035444,0.0188623260978262,0.0365747059722291,0.8215403953283443,0.2125559569158521,0.3787612690333634,0.2,1.1433597185575906,home:2.0-3.0,home:sportsbook,sportsbook:2.0-3.0,2.658589208288046,2.658589208288046,0.6391134342004238,0.4514449833258049,0.4737126180832458,0.4627381571816271,0.5071564168730807,,,0.0,lower_clv,True,3.106703672341049,3.106703672341049,0.4534155834315789,0.4625508425593688,,,0.4737126180832458,0.4500785107069693,2.882646440314548,0.448114464053003,2.658589208288046,0.4514449833258049,0.4514449833258049,0.6391134342004238,0.6391134342004238,1.0,6.5,model_agreement_0.625_kelly,18m9m_satellite,False,-6.5,2.2746263609537145,away,0.4396326434820337,False,-0.0275368721855406,1.25,True,,,,,,,,,0.65,10.0
2023-04,data\historical_csv\football-data\2223\F2.csv:288,data\historical_csv\football-data\2223\F2.csv,288,2023-04-01,F2,Pau FC,Le Havre,home,0.2624065223069021,0.2548206798829491,4.1066,4.17,4.6446604007318815,0.005585842423953,5,0.0,PS,4.0-5.0,sportsbook,0.243510446598159,1.0775986245055245,0.007585842423953,0.0212869801209438,1.4125954355392614,0.0688571829492027,0.3706742556664613,0.2,1.5438562314323168,home:4.0-5.0,home:sportsbook,sportsbook:4.0-5.0,3.0483803230088866,3.0483803230088866,0.6738817070050144,0.2509335711367284,0.2500161712202806,0.2504683058822631,0.5071564168730807,,,0.0,lower_clv,True,2.955931516213073,2.955931516213073,0.2507084486344252,0.2503968694468709,,,0.2500161712202806,0.4500785107069693,3.0021559196109795,0.0924488067958138,2.955931516213073,0.2507084486344252,0.2507084486344252,0.6738817070050144,0.6738817070050144,1.0,3.0,model_agreement_0.625_kelly,18m9m_satellite,False,-3.0,3.4171113134006736,away,0.2926448418810244,True,20.17753076686151,1.25,True,,,,,,,,,0.3,10.0
2023-04,data\historical_csv\football-data\2223\G1.csv:194,data\historical_csv\football-data\2223\G1.csv,194,2023-04-01,G1,Ionikos,Asteras Tripolis,home,0.4278544220533012,0.4056121304732898,2.617,2.65,6.148694544859934,0.0202422915800114,5,0.0,IW,2.0-3.0,sportsbook,0.3821169277799006,1.1196950225134894,0.0222422915800114,0.0473111659869432,0.9620286235480088,0.1830594064705644,0.4116082007268662,0.2,1.260985861673669,home:2.0-3.0,home:sportsbook,sportsbook:2.0-3.0,5.607592396098543,5.607592396098543,0.8289165453584174,0.4035444875662917,0.4477115039097573,0.4398528172802974,0.822068881258661,,,0.0,lower_clv,True,7.230985284525704,7.230985284525704,0.409747746597347,0.4381102167453738,,,0.4477115039097573,0.7470933373276833,6.419288840312124,1.6233928884271611,5.607592396098543,0.4381102167453738,0.4035444875662917,0.8289165453584174,0.8289165453584174,1.10522206047789,15.0,model_agreement_0.75_kelly,9m3m_core,True,24.26,2.186951019520629,home,0.4572576116584431,True,19.66431697101456,1.25,True,,,,,,,,,7.51,10.0
2023-04,data\historical_csv\football-data\2223\I2.csv:311,data\historical_csv\football-data\2223\I2.csv,311,2023-04-05,I2,Perugia,Reggina,home,0.4401292512340005,0.4372772739107752,2.372,2.4,3.722169371635875,0.0008519773232252,5,0.0,WH,2.0-3.0,sportsbook,0.4215851602023609,1.043986583927049,0.0028519773232252,0.0019357434681665,0.863733481135479,0.1937137577918019,0.380154370317895,0.2,1.180438448566612,home:2.0-3.0,home:sportsbook,sportsbook:2.0-3.0,3.4925608571108167,3.4925608571108167,0.6065506493252211,0.4363092784869765,0.449947491276626,0.4432259856179278,0.5071564168730807,,,0.0,lower_clv,True,3.552944565300087,3.552944565300087,0.4365638472398823,0.4425875378157721,,,0.449947491276626,0.4500785107069693,3.5227527112054515,0.0603837081892701,3.4925608571108167,0.4363092784869765,0.4363092784869765,0.6065506493252211,0.6065506493252211,1.0,8.0,model_agreement_0.625_kelly,18m9m_satellite,False,-8.0,2.521577534586,away,0.396577137242057,False,-5.931903046184084,1.25,True,,,,,,,,,0.8,10.0
2023-04,data\historical_csv\football-data\2223\N1.csv:263,data\historical_csv\football-data\2223\N1.csv,263,2023-04-21,N1,Volendam,Cambuur,home,0.5574158469416841,0.5513886469346645,1.882,1.9,3.771343353103851,0.0040272000070196,5,0.0,IW,1.5-2.0,sportsbook,0.5313496280552604,1.0490566239442494,0.0060272000070196,0.0072247677010176,0.6323350411631878,0.310712426421715,0.352473572520883,0.2,0.9564293304994642,home:1.5-2.0,home:sportsbook,sportsbook:1.5-2.0,3.1875354051708213,3.1875354051708213,0.6539006755494988,0.5482865855747653,0.5824220323436103,0.5655985964464145,0.5071564168730807,,,0.0,lower_clv,True,3.80275941150936,3.80275941150936,0.5515555760441517,0.5654479047262138,,,0.5824220323436103,0.4500785107069693,3.495147408340091,0.6152240063385386,3.1875354051708213,0.5482865855747653,0.5482865855747653,0.6539006755494988,0.6539006755494988,1.0,11.3,model_agreement_0.625_kelly,18m9m_satellite,True,9.97,1.8388810162800389,home,0.5438089746681644,True,2.344849032548524,1.25,True,,,,,,,,,1.13,10.0
2023-04,data\historical_csv\football-data\2223\T1.csv:263,data\historical_csv\football-data\2223\T1.csv,263,2023-04-18,T1,Alanyaspor,Galatasaray,away,0.6334581322664995,0.6222876508227329,1.8036,1.82,12.2358007023881,0.0091704814437666,5,0.0,BW,1.5-2.0,sportsbook,0.5544466622310933,1.1425050873558589,0.0111704814437666,0.0144768548648272,0.5897846675647921,0.4012692053345619,0.3736038939550115,0.2,0.9092925260590023,away:1.5-2.0,away:sportsbook,sportsbook:1.5-2.0,9.428817818713028,9.428817818713028,0.8789951571124973,0.6067244279147983,0.6852872047984322,0.6713084420161011,0.822068881258661,,,0.0,lower_clv,True,9.876678323173715,9.876678323173715,0.6092075755332319,0.6660461596636232,,,0.6852872047984322,0.7470933373276833,9.652748070943373,0.4478605044606869,9.428817818713028,0.6660461596636232,0.6067244279147983,0.8789951571124973,0.8789951571124973,1.171993542816663,15.0,model_agreement_0.75_kelly,9m3m_core,True,12.05,1.5050951925802611,away,0.6644098027352338,True,19.832952021326776,1.25,True,,,,,,,,,15.0,10.0
2023-04,data\historical_csv\football-data\2223\T1.csv:284,data\historical_csv\football-data\2223\T1.csv,284,2023-04-29,T1,Ankaragucu,Kasimpasa,home,0.4784654253883985,0.4654323897218781,2.274,2.3,5.839325422755093,0.0110330356665203,5,0.0,BW,2.0-3.0,sportsbook,0.4397537379067722,1.088030377333218,0.0130330356665203,0.0230592119745416,0.8215403953283443,0.2289291632921011,0.3930786747245293,0.2,1.1433597185575906,home:2.0-3.0,home:sportsbook,sportsbook:2.0-3.0,4.496257450877291,4.496257450877291,0.6929284915854975,0.4595261981129168,0.5077995516969092,0.4992102198883131,0.822068881258661,,,0.0,lower_clv,True,4.859193704709797,4.859193704709797,0.4611222238553641,0.4959945444900424,,,0.5077995516969092,0.7470933373276833,4.677725577793543,0.3629362538325056,4.496257450877291,0.4959945444900424,0.4595261981129168,0.6929284915854975,0.6929284915854975,1.0,15.0,model_agreement_0.75_kelly,9m3m_core,False,-15.0,2.018520993321665,draw,0.4954122366368886,True,12.656742611228466,1.25,True,,,,,,,,,7.53,10.0
2023-05,data\historical_csv\football-data\2223\E3.csv:544,data\historical_csv\football-data\2223\E3.csv,544,2023-05-08,E3,Colchester,Mansfield,home,0.2735544269827748,0.2674604309537525,3.94,4.0,5.379409795778511,0.0040939960290222,5,0.0,B365,3.0-4.0,sportsbook,0.2538071065989847,1.077804442312133,0.0060939960290222,0.0149659286240689,1.3711807233098423,0.0748320245218742,0.3750925570548507,0.2,1.522842639593902,home:3.0-4.0,home:sportsbook,sportsbook:3.0-4.0,6.147499860633332,4.119322281248366,0.7834340798488165,0.2642622392925085,0.2643824727985037,0.2643240997857924,0.5145029480080007,,,0.0,lower_clv,True,6.172686521347859,4.174521723467062,0.2644023393996626,0.2643944802463156,,,0.2643824727985037,0.3955962715579585,6.160093190990596,0.0251866607145263,4.119322281248366,0.2643240997857924,0.2642622392925085,0.7834340798488165,0.7834340798488165,1.0445787731317553,11.0,model_agreement_0.75_kelly,9m3m_core,False,-11.0,4.716292511334554,away,0.2120309538894637,False,-16.459804167551283,1.25,True,,,,,,,,,1.1,10.0
2023-05,data\historical_csv\football-data\2223\F2.csv:345,data\historical_csv\football-data\2223\F2.csv,345,2023-05-13,F2,Dijon,Amiens,home,0.4976985672323841,0.4902451714302382,2.274,2.3,11.481751983236176,0.0054533958021458,5,0.0,BW,2.0-3.0,sportsbook,0.4397537379067722,1.1317665418864415,0.0074533958021458,0.0109572262433287,0.8215403953283443,0.2477038638251679,0.4088794776784434,0.2,1.1433597185575906,home:2.0-3.0,home:sportsbook,sportsbook:2.0-3.0,9.656093847218251,7.627916267833286,0.8686854597836275,0.4732977848189678,0.5202674409560352,0.497463811368411,0.5145029480080007,,,0.0,lower_clv,True,9.889022803692304,8.735767283291063,0.4781696010698815,0.4948233495694878,,,0.5202674409560352,0.3955962715579585,9.77255832545528,0.2329289564740531,7.627916267833286,0.4948233495694878,0.4732977848189678,0.8686854597836275,0.8686854597836275,1.158247279711503,15.0,model_agreement_0.75_kelly,9m3m_core,True,19.11,2.0707407468425685,home,0.4829189755041926,True,9.815775029653404,1.25,True,,,,,,,,,8.54,10.0
2023-05,data\historical_csv\football-data\2223\G1.csv:229,data\historical_csv\football-data\2223\G1.csv,229,2023-05-06,G1,Giannina,Asteras Tripolis,draw,0.4017102322417646,0.3846307730584543,2.715,2.75,4.427254885370346,0.0150794591833102,5,0.0,VC,2.0-3.0,sportsbook,0.3683241252302026,1.0906432805363908,0.0170794591833102,0.037538150569774,0.9987919533858988,0.1613711106877324,0.4012249475558551,0.2,1.2891344383057168,draw:2.0-3.0,draw:sportsbook,sportsbook:2.0-3.0,8.793865719094319,6.765688139709353,0.8593667830381576,0.3932437868865906,0.4102050992523657,0.4019704321008664,0.5145029480080007,,,0.0,lower_clv,True,7.301363597069588,5.924455620864921,0.3901453245704049,0.3980808966428813,,,0.4102050992523657,0.3955962715579585,8.047614658081953,1.4925021220247308,5.924455620864921,0.3980808966428813,0.3901453245704049,0.8593667830381576,0.8593667830381576,1.1458223773842102,15.0,model_agreement_0.75_kelly,9m3m_core,False,-15.0,2.372918177596665,home,0.4214220319272948,True,14.41608166826054,1.25,True,,,,,,,,,4.05,10.0
2023-08,data\historical_csv\football-data\2324\I2.csv:23,data\historical_csv\football-data\2324\I2.csv,23,2023-08-30,I2,Catanzaro,Spezia,home,0.3095091107377858,0.3039235425100169,3.45,3.5,4.853622165955862,0.0035855682277688,5,0.0,VC,3.0-4.0,sportsbook,0.2898550724637681,1.067806432045361,0.0055855682277688,0.0115846936434982,1.2383742310432684,0.0957958896296949,0.3832881070107913,0.2,1.4492753623188248,home:3.0-4.0,home:sportsbook,sportsbook:3.0-4.0,4.974757929538455,2.8396685772000296,0.7370665890938126,0.2980859958759421,0.3015901059897966,0.2989249140584407,0.2394097660292191,,,0.0,lower_clv,True,4.957420601673168,3.0929118782789145,0.2988200344297939,0.2991026693923793,,,0.3015901059897966,0.1020316466427602,4.966089265605811,0.0173373278652873,2.8396685772000296,0.2980859958759421,0.2980859958759421,0.7370665890938126,0.7370665890938126,1.0,3.6,model_agreement_0.625_kelly,18m9m_satellite,True,8.82,2.9334517195852423,home,0.3408953327315674,True,17.60888979239079,1.25,True,,,,,,,,,0.36,10.0
2023-10,data\historical_csv\football-data\2324\G1.csv:52,data\historical_csv\football-data\2324\G1.csv,52,2023-10-21,G1,Aris,Panserraikos,home,0.6449912687659259,0.6333022337414895,1.6467999999999998,1.66,4.292211852548489,0.0096890350244364,5,0.0,BW,1.5-2.0,sportsbook,0.6072382803011902,1.062171621403727,0.0116890350244364,0.0150219630770733,0.4988340109136124,0.4160137367842789,0.3217435816027666,0.2,0.8015545299975724,home:1.5-2.0,home:sportsbook,sportsbook:1.5-2.0,3.2107750527088905,3.2107750527088905,0.5822038567213367,0.6267353355155993,0.6717058504083145,0.6267353355155993,0.0,,,0.0,lower_clv,True,4.0653997313214285,4.0653997313214285,0.6319249437170357,0.6319249437170357,,,0.6717058504083145,0.0,3.63808739201516,0.854624678612538,3.2107750527088905,0.6267353355155993,0.6267353355155993,0.5822038567213367,0.5822038567213367,1.0,15.0,model_agreement_0.625_kelly,12m6m_tertiary,True,9.7,1.5727702073243466,home,0.6358207927280337,True,4.7069681464525726,1.25,True,,,,,,,,,1.55,10.0
2023-12,data\historical_csv\football-data\2324\G1.csv:96,data\historical_csv\football-data\2324\G1.csv,96,2023-12-17,G1,Lamia,Volos NFC,home,0.5007764890005578,0.4964795167947295,2.127,2.15,5.601193222238976,0.0022969722058282,5,0.0,VC,2.0-3.0,sportsbook,0.4701457451810061,1.0651515921041863,0.0042969722058282,0.00458682117927,0.7547125362181001,0.2507770919357258,0.3779422940920064,0.2,1.0813352139163124,home:2.0-3.0,home:sportsbook,sportsbook:2.0-3.0,5.721683895815542,5.721683895815542,0.6795300860031301,0.4970459985698897,0.4778614815713471,0.4785271483651897,0.9653018736988204,,,0.0,lower_clv,True,5.048755549448836,5.048755549448836,0.4938822545813298,0.4784173723766901,,,0.4778614815713471,0.9653018736988204,5.385219722632189,0.6729283463667066,5.048755549448836,0.4784173723766901,0.4938822545813298,0.6795300860031301,0.6795300860031301,1.0,11.7,model_agreement_0.75_kelly,9m3m_core,False,-11.7,2.2799493232988683,away,0.4386062399637443,False,-6.708452759711592,1.25,True,,,,,,,,,1.17,10.0
2024-02,data\historical_csv\football-data\2324\E2.csv:387,data\historical_csv\football-data\2324\E2.csv,387,2024-02-17,E2,Peterboro,Blackpool,away,0.27214748332575,0.2674700940011073,3.94,4.0,5.383217036436272,0.0026773893246427,4,0.0,B365,3.0-4.0,sportsbook,0.2538071065989847,1.0722610843034552,0.0046773893246427,0.0098380087587951,1.3711807233098423,0.0740642526805394,0.3731633830335553,0.25,1.522842639593902,away:3.0-4.0,away:sportsbook,sportsbook:3.0-4.0,4.104914714477715,4.104914714477715,0.7353405698019959,0.2642256718641566,0.2554392035798017,0.2586315627898183,0.636673222197724,,,0.0,lower_clv,True,4.446329450213149,4.446329450213149,0.2650922067264293,0.2591637058276181,,,0.2554392035798017,0.6141612935123045,4.275622082345432,0.3414147357354338,4.104914714477715,0.2642256718641566,0.2642256718641566,0.7353405698019959,0.7353405698019959,0.5,2.2,model_agreement_0.625_kelly,18m9m_satellite,True,6.47,4.086639496894081,away,0.2446998324075362,False,-3.588266031430709,1.25,True,,,,,,,,,0.22,10.0
2024-02,data\historical_csv\football-data\2324\E3.csv:348,data\historical_csv\football-data\2324\E3.csv,348,2024-02-03,E3,Salford,Wrexham,home,0.2616059768953745,0.2573520300954633,4.136,4.2,6.44079964748363,0.0022539467999112,4,0.0,B365,4.0-5.0,sportsbook,0.241779497098646,1.082002320439269,0.0042539467999112,0.0086158077374992,1.419729137206128,0.0684376871473832,0.3714096278656363,0.25,1.547388781431347,home:4.0-5.0,home:sportsbook,sportsbook:4.0-5.0,5.716306101217945,5.716306101217945,0.7858409672919122,0.2556003532427899,0.2440669749671584,0.2482573601332184,0.636673222197724,,,0.0,lower_clv,True,6.069218430633816,6.069218430633816,0.2564536228980508,0.2488462231825324,,,0.2440669749671584,0.6141612935123045,5.89276226592588,0.3529123294158713,5.716306101217945,0.2556003532427899,0.2556003532427899,0.7858409672919122,0.7858409672919122,0.5238939781946081,3.0,model_agreement_0.625_kelly,18m9m_satellite,True,9.41,3.3195264177323978,home,0.3012477908469577,True,24.5960862943017,1.25,True,,,,,,,,,0.3,10.0
2024-03,data\historical_csv\football-data\2324\E3.csv:441,data\historical_csv\football-data\2324\E3.csv,441,2024-03-12,E3,Tranmere,Mansfield,home,0.2535221404537848,0.2448971421261349,4.136,4.2,1.289457983369413,0.0066249983276499,4,0.0,B365,4.0-5.0,sportsbook,0.241779497098646,1.0485675729168542,0.0086249983276499,0.026131833360951,1.419729137206128,0.0642734757002686,0.3599327697291027,0.25,1.547388781431347,home:4.0-5.0,home:sportsbook,sportsbook:4.0-5.0,3.4938670055037946,3.4938670055037946,0.6624696402472113,0.2502269511738486,0.239699790830221,0.2441129447910957,0.5807840085245725,,,0.0,lower_clv,True,3.57820836749736,3.57820836749736,0.2504308712947228,0.2433390438227337,,,0.239699790830221,0.6608679802046736,3.5360376865005776,0.0843413619935655,3.4938670055037946,0.2502269511738486,0.2502269511738486,0.6624696402472113,0.6624696402472113,0.5,1.8,model_agreement_0.625_kelly,18m9m_satellite,True,5.64,3.857789726899674,home,0.2592157869640172,True,7.211649488317517,1.25,True,,,,,,,,,0.18,10.0
2024-04,data\historical_csv\football-data\2324\E1.csv:493,data\historical_csv\football-data\2324\E1.csv,493,2024-04-09,E1,Preston,Huddersfield,away,0.3328168276036377,0.3254090875686301,3.205,3.25,4.293612565745941,0.0054077400350076,4,0.0,BW,3.0-4.0,sportsbook,0.31201248049922,1.066677932469659,0.0074077400350076,0.0162483972758971,1.1647120903726331,0.1107670407361495,0.3876357829894212,0.25,1.4040561622464809,away:3.0-4.0,away:sportsbook,sportsbook:3.0-4.0,3.3936745261650803,3.3936745261650803,0.6532529866572978,0.3226011685683778,0.3207983999262454,0.3217926541462134,0.4484848489532724,,,0.0,lower_clv,True,4.233576099467862,4.233576099467862,0.3252217663009917,0.323053910456444,,,0.3207983999262454,0.4900918578493371,3.813625312816471,0.8399015733027815,3.3936745261650803,0.3226011685683778,0.3226011685683778,0.6532529866572978,0.6532529866572978,0.5,2.4,model_agreement_0.625_kelly,18m9m_satellite,False,-2.4,3.131612903225807,home,0.3193242686444169,True,2.3434281005356272,1.25,True,,,,,,,,,0.24,10.0
2024-04,data\historical_csv\football-data\2324\E3.csv:509,data\historical_csv\football-data\2324\E3.csv,509,2024-04-09,E3,Newport County,Accrington,away,0.3771995874401233,0.3723467012196274,2.764,2.8,2.91662821710501,0.0028528862204958,4,0.0,BW,2.0-3.0,sportsbook,0.361794500723589,1.0425796596845007,0.0048528862204959,0.0075633333531913,1.016678905905423,0.1422795287649992,0.3834908638666016,0.25,1.302460202604916,away:2.0-3.0,away:sportsbook,sportsbook:2.0-3.0,2.221481455591197,2.221481455591197,0.5557803961961374,0.3698316984645123,0.3688325141179033,0.3693835794237469,0.4484848489532724,,,0.0,lower_clv,True,2.5297006106980824,2.5297006106980824,0.3709468184178657,0.3699106150954383,,,0.3688325141179033,0.4900918578493371,2.37559103314464,0.3082191551068853,2.221481455591197,0.3698316984645123,0.3698316984645123,0.5557803961961374,0.5557803961961374,0.5,2.0,model_agreement_0.625_kelly,18m9m_satellite,True,3.53,2.505705221463733,away,0.3990892429939703,True,10.308266763533403,1.25,True,,,,,,,,,0.2,10.0
2024-05,data\historical_csv\football-data\2324\T1.csv:347,data\historical_csv\football-data\2324\T1.csv,347,2024-05-05,T1,Buyuksehyr,Kasimpasa,away,0.2751771732005432,0.2679091105751124,3.94,4.0,5.556189566594316,0.0052680626254308,4,0.0,B365,3.0-4.0,sportsbook,0.2538071065989847,1.0841980624101404,0.0072680626254307,0.0191442573675671,1.3711807233098423,0.0757224766506417,0.3773176353874787,0.25,1.522842639593902,away:3.0-4.0,away:sportsbook,sportsbook:3.0-4.0,3.3827930536563287,3.3827930536563287,0.7101561360374161,0.2623928757707013,0.2584734725528679,0.2588810385756692,0.8960132448361531,,,0.0,lower_clv,True,3.7608748917045576,3.7608748917045576,0.2633524743444278,0.2585302315313644,,,0.2584734725528679,0.9883666821777572,3.571833972680443,0.3780818380482289,3.3827930536563287,0.2623928757707013,0.2623928757707013,0.7101561360374161,0.7101561360374161,0.5,1.8,model_agreement_0.625_kelly,18m9m_satellite,False,-1.8,3.8717814495591214,home,0.2582790410636089,True,1.761942179061915,1.25,True,,,,,,,,,0.18,10.0
2024-05,data\historical_csv\football-data\2324\T1.csv:368,data\historical_csv\football-data\2324\T1.csv,368,2024-05-18,T1,Kayserispor,Konyaspor,draw,0.385651878196462,0.3779462600688857,2.862,2.9,8.1682196317151,0.0057056181275762,4,0.0,VC,2.0-3.0,sportsbook,0.3494060097833683,1.1037356753982743,0.0077056181275763,0.0147947370417568,1.0515206811342592,0.1487273711564588,0.4055209256418501,0.25,1.327742837176782,draw:2.0-3.0,draw:sportsbook,sportsbook:2.0-3.0,7.7373853332460785,7.7373853332460785,0.7962187836674386,0.3764408991378269,0.3708610993728115,0.3714413246448395,0.8960132448361531,,,0.0,lower_clv,True,6.98902802900947,6.98902802900947,0.3738260937421714,0.3708955920946514,,,0.3708610993728115,0.9883666821777572,7.3632066811277745,0.7483573042366087,6.98902802900947,0.3738260937421714,0.3738260937421714,0.7962187836674386,0.7962187836674386,0.530812522444959,6.2,model_agreement_0.625_kelly,18m9m_satellite,True,11.54,2.655491453547364,draw,0.3765781278128914,True,7.776660180049544,1.25,True,,,,,,,,,0.62,10.0
2024-08,data\historical_csv\football-data\2425\D2.csv:6,data\historical_csv\football-data\2425\D2.csv,6,2024-08-03,D2,Magdeburg,Elversberg,away,0.2661815123976132,0.2576316369336999,3.8665,4.0,-0.3867275795849223,0.0065498754639132,6,0.025,BFE,3.0-4.0,exchange,0.258631837579206,1.0291908176853717,0.0085498754639132,0.0246068008439642,1.352349705066953,0.0708525975422807,0.3599704897851877,0.1666666666666666,3.452735031682397,away:3.0-4.0,away:exchange,exchange:3.0-4.0,4.222454423151861,4.222454423151861,0.0,0.2695524490447481,0.2484871920656774,0.2630604664572429,0.3081843527451535,,,0.0,lower_clv,True,3.363573011955068,3.363573011955068,0.2673311082683436,0.2617192829773127,,,0.2484871920656774,0.2978056806597856,3.793013717553465,0.8588814111967928,3.363573011955068,0.2673311082683436,0.2673311082683436,0.0,0.8070924514164532,1.0,3.6,model_agreement_0.625_kelly,18m9m_satellite,False,-3.6,3.282276734162259,draw,0.3046665717097835,True,17.799329951587815,1.25,True,,,,,,,,,0.36,10.0
2024-08,data\historical_csv\football-data\2425\E1.csv:39,data\historical_csv\football-data\2425\E1.csv,39,2024-08-31,E1,Burnley,Blackburn,away,0.2462108499939113,0.2402772778004797,4.153149999999999,4.3,-0.2092423702937607,0.0039335721934315,6,0.025,BFE,4.0-5.0,exchange,0.2407810938685095,1.0225505916522126,0.0059335721934315,0.0159764372428299,1.423867082464937,0.0606197826547243,0.3505715246520428,0.1666666666666666,3.5358703634590816,away:4.0-5.0,away:exchange,exchange:4.0-5.0,4.538188845735083,4.538188845735083,0.7897190633793725,0.2517081946130891,0.2285125658359033,0.2445596647718752,0.3081843527451535,,,0.0,lower_clv,True,3.9241430093327256,3.9241430093327256,0.2502296883313454,0.2437622058846183,,,0.2285125658359033,0.2978056806597856,4.231165927533905,0.6140458364023571,3.9241430093327256,0.2502296883313454,0.2502296883313454,0.9966221737995584,0.7897190633793725,1.0529587511724967,4.1,model_agreement_0.625_kelly,18m9m_satellite,False,-4.1,3.6719421770357528,draw,0.2723354431488541,True,13.104994571366335,1.25,True,,,,,,,,,0.41,10.0
2024-08,data\historical_csv\football-data\2425\E2.csv:48,data\historical_csv\football-data\2425\E2.csv,48,2024-08-31,E2,Shrewsbury,Leyton Orient,home,0.319363800267192,0.3150915335778172,3.149875,3.25,-0.7501055671572887,0.0022722666893748,6,0.025,BFE,3.0-4.0,exchange,0.3174729155918885,1.0059560503666216,0.0042722666893748,0.0071149788657128,1.1473627695104864,0.1019932369211029,0.3664261343559593,0.1666666666666666,3.178697567363775,home:3.0-4.0,home:exchange,exchange:3.0-4.0,3.822806622160827,3.822806622160827,0.7665385555391827,0.3296092912327023,0.3022583923720703,0.3211801721703403,0.3081843527451535,,,0.0,lower_clv,True,2.149393231726693,2.149393231726693,0.324296656952186,0.3177335365683442,,,0.3022583923720703,0.2978056806597856,2.98609992694376,1.673413390434134,2.149393231726693,0.324296656952186,0.324296656952186,0.9946136542211624,0.7665385555391827,1.0220514073855769,3.2,model_agreement_0.625_kelly,18m9m_satellite,True,6.88,3.7105303622993007,home,0.2695032521928566,False,-15.10984434990258,1.25,True,,,,,,,,,0.32,10.0
2024-08,data\historical_csv\football-data\2425\E2.csv:8,data\historical_csv\football-data\2425\E2.csv,8,2024-08-10,E2,Leyton Orient,Bolton,home,0.2718250498998656,0.2675937571108823,3.818725,3.95,2.1866970123254115,0.0022312927889833,6,0.025,BFE,3.0-4.0,exchange,0.2618675081342594,1.0380251136788643,0.0042312927889833,0.0082085620505002,1.3399165972714946,0.0738888577530644,0.3642228959149822,0.1666666666666666,3.437665713032501,home:3.0-4.0,home:exchange,exchange:3.0-4.0,6.034643250444845,6.034643250444845,0.8541467182998727,0.2776702780389917,0.2541546567578506,0.270423131515063,0.3081843527451535,,,0.0,lower_clv,True,5.246129621964002,5.246129621964002,0.2756054170487898,0.2692172587796768,,,0.2541546567578506,0.2978056806597856,5.640386436204423,0.7885136284808434,5.246129621964002,0.2756054170487898,0.2756054170487898,0.9973569968350844,0.8541467182998727,1.138862291066497,6.6,model_agreement_0.625_kelly,18m9m_satellite,False,-6.6,4.015849380327819,away,0.2490133232831478,False,-4.908659704556129,1.25,True,,,,,,,,,0.66,10.0
2024-08,data\historical_csv\football-data\2425\F1.csv:18,data\historical_csv\football-data\2425\F1.csv,18,2024-08-25,F1,Strasbourg,Rennes,home,0.3059262223683389,0.3006486826499399,3.2932,3.4,-0.9903758297218124,0.003277539718399,6,0.025,BFE,3.0-4.0,exchange,0.3036560184622859,1.0074762355034137,0.005277539718399,0.0107134971727035,1.1918597364421335,0.0935908535325623,0.364621146762666,0.1666666666666666,3.2430462771772195,home:3.0-4.0,home:exchange,exchange:3.0-4.0,3.849391630917454,3.849391630917454,0.7729854055212596,0.3153449278237504,0.2885985488356722,0.3071021123270329,0.3081843527451535,,,0.0,lower_clv,True,2.331221563966768,2.331221563966768,0.3107349130449616,0.3041425780342813,,,0.2885985488356722,0.2978056806597856,3.090306597442111,1.518170066950686,2.331221563966768,0.3107349130449616,0.3107349130449616,0.9950091338232562,0.7729854055212596,1.0306472073616797,3.2,model_agreement_0.625_kelly,18m9m_satellite,True,7.34,3.444444444444444,home,0.2903225806451613,False,-4.390967741935492,1.25,True,,,,,,,,,0.32,10.0
2024-08,data\historical_csv\football-data\2425\F2.csv:13,data\historical_csv\football-data\2425\F2.csv,13,2024-08-23,F2,Laval,Guingamp,home,0.294769622197872,0.285548434504295,3.436525,3.55,-1.8705666115127475,0.007221187693577,6,0.025,BFE,3.0-4.0,exchange,0.2909916267159413,1.012983175923542,0.0092211876935769,0.0244977336529257,1.234460786396652,0.0868891301706762,0.3638815396242292,0.1666666666666666,3.302027484159153,home:3.0-4.0,home:exchange,exchange:3.0-4.0,3.7721067382362414,3.7721067382362414,0.0,0.3019681414749965,0.2772937576022067,0.2943638824517753,0.3081843527451535,,,0.0,lower_clv,True,2.4541897530614643,2.4541897530614643,0.2981331134010708,0.2919270348628786,,,0.2772937576022067,0.2978056806597856,3.113148245648853,1.317916985174778,2.4541897530614643,0.2981331134010708,0.2981331134010708,0.0,0.7811509314677111,1.0,3.2,model_agreement_0.625_kelly,18m9m_satellite,False,-3.2,3.5014206234412635,away,0.2855983635057192,False,-1.853408385350841,1.25,True,,,,,,,,,0.32,10.0
2024-08,data\historical_csv\football-data\2425\I2.csv:24,data\historical_csv\football-data\2425\I2.csv,24,2024-08-27,I2,Cittadella,Pisa,away,0.421423258733032,0.41649718428931,2.5876,2.62,7.772811406701852,0.002926074443722,6,0.0,WH,2.0-3.0,sportsbook,0.3864584943577059,1.0904748242975937,0.004926074443722,0.0069433150237578,0.9507308051876934,0.177597563001168,0.4006600741000772,0.1666666666666666,1.2521255217189609,away:2.0-3.0,away:sportsbook,sportsbook:2.0-3.0,3.0935729968352064,3.0935729968352064,0.6197463452291576,0.3984138699831319,0.407326477028539,0.4011605960166925,0.3081843527451535,,,0.0,lower_clv,True,4.658495300947374,4.658495300947374,0.4044616451574717,0.4053148083628107,,,0.407326477028539,0.2978056806597856,3.87603414889129,1.5649223041121676,3.0935729968352064,0.3984138699831319,0.3984138699831319,0.6197463452291576,0.6212001688131018,1.0,6.1,model_agreement_0.625_kelly,18m9m_satellite,False,-6.1,2.2313015653257087,draw,0.4481689142964535,True,15.968188263350314,1.25,True,,,,,,,,,0.61,10.0
2024-08,data\historical_csv\football-data\2425\I2.csv:25,data\historical_csv\football-data\2425\I2.csv,25,2024-08-27,I2,Cremonese,Palermo,home,0.5213503837425038,0.513640893859402,2.0780000000000003,2.1,6.734577743983761,0.0057094898831016,6,0.0,WH,2.0-3.0,sportsbook,0.4812319538017324,1.083366097416923,0.0077094898831017,0.0109513487687804,0.7314058926770358,0.2718062226284559,0.3813187428187011,0.1666666666666666,1.0587102983637964,home:2.0-3.0,home:sportsbook,sportsbook:2.0-3.0,2.860489804331116,2.860489804331116,0.5979273750717623,0.4949975447754143,0.511818303614262,0.5001814394508469,0.3081843527451535,,,0.0,lower_clv,True,4.987388318782893,4.987388318782893,0.5052328600518906,0.5071940425544292,,,0.511818303614262,0.2978056806597856,3.9239390615570047,2.1268985144517765,2.860489804331116,0.4949975447754143,0.4949975447754143,0.59908401052768,0.5979273750717623,1.0,8.3,model_agreement_0.625_kelly,18m9m_satellite,False,-8.3,2.0629856568831206,away,0.4847343444504886,True,0.7277967768115401,1.25,True,,,,,,,,,0.83,10.0
2024-08,data\historical_csv\football-data\2425\I2.csv:7,data\historical_csv\football-data\2425\I2.csv,7,2024-08-18,I2,Catanzaro,Sassuolo,home,0.2792208182491818,0.2652220095352568,3.6754,3.8,-2.520302615411718,0.011998808713925,6,0.025,BFE,3.0-4.0,exchange,0.2720792294716221,1.026248195393043,0.013998808713925,0.0429724717131122,1.301661970279187,0.0779642653437426,0.3634511204251968,0.1666666666666666,3.390107199216419,home:3.0-4.0,home:exchange,exchange:3.0-4.0,4.091834765752942,4.091834765752942,0.0,0.2832122619735347,0.2615963632438679,0.2765505802145276,0.3081843527451535,,,0.0,lower_clv,True,3.095557764835166,3.095557764835166,0.2805015991860346,0.2748715125282438,,,0.2615963632438679,0.2978056806597856,3.5936962652940543,0.9962770009177762,3.095557764835166,0.2805015991860346,0.2805015991860346,0.0,0.8047065121582683,1.0,3.6,model_agreement_0.625_kelly,18m9m_satellite,False,-3.6,3.5742530635564003,draw,0.2797787348064814,True,2.8298761907741943,1.25,True,,,,,,,,,0.36,10.0
2024-08,data\historical_csv\football-data\2425\N1.csv:23,data\historical_csv\football-data\2425\N1.csv,23,2024-08-25,N1,Groningen,AZ Alkmaar,home,0.2549838830480945,0.2473306342362368,3.962049999999999,4.1,-2.006366062431797,0.0056532488118576,6,0.025,BFE,3.0-4.0,exchange,0.2523945937078028,1.0102588938307029,0.0076532488118576,0.0221710044740016,1.3767615680856735,0.0650167806142843,0.3510520106618686,0.1666666666666666,3.481783420199158,home:3.0-4.0,home:exchange,exchange:3.0-4.0,3.89247420069244,3.89247420069244,0.7835941200549444,0.2622189881518215,0.2372715034614474,0.2545305637298989,0.3081843527451535,,,0.0,lower_clv,True,3.1081490050856475,3.1081490050856475,0.2602393937610218,0.2533994255570378,,,0.2372715034614474,0.2978056806597856,3.5003116028890435,0.7843251956067925,3.1081490050856475,0.2602393937610218,0.2602393937610218,0.9959090437437256,0.7835941200549444,1.0447921600732593,3.4,model_agreement_0.625_kelly,18m9m_satellite,False,-3.4,3.69555456863146,draw,0.2705953819456982,True,7.211243303795345,1.25,True,,,,,,,,,0.34,10.0
2024-08,data\historical_csv\football-data\2425\P1.csv:6,data\historical_csv\football-data\2425\P1.csv,6,2024-08-11,P1,Estoril,Santa Clara,away,0.2705534494001255,0.2610552073614329,3.818725,3.95,-0.3101953268712099,0.0074982420386926,6,0.025,BFE,3.0-4.0,exchange,0.2618675081342594,1.0331692210604944,0.0094982420386925,0.0277144573662535,1.3399165972714946,0.0731991689823062,0.3625190573002816,0.1666666666666666,3.437665713032501,away:3.0-4.0,away:exchange,exchange:3.0-4.0,4.3510116624380215,4.3510116624380215,0.8137411197232236,0.2732613939533169,0.2528768150163878,0.2669791856876569,0.3081843527451535,,,0.0,lower_clv,True,3.4769065914142416,3.4769065914142416,0.2709723967853517,0.2655834297397106,,,0.2528768150163878,0.2978056806597856,3.913959126926132,0.8741050710237799,3.4769065914142416,0.2709723967853517,0.2709723967853517,0.9964967816595828,0.8137411197232236,1.0849881596309647,4.2,model_agreement_0.625_kelly,18m9m_satellite,True,11.84,2.9703703703703703,away,0.3366583541147132,True,28.56056733167083,1.25,True,,,,,,,,,0.42,10.0
2024-08,data\historical_csv\football-data\2425\SC0.csv:22,data\historical_csv\football-data\2425\SC0.csv,22,2024-08-31,SC0,Ross County,Aberdeen,home,0.2554754672013075,0.2462987835596252,3.962049999999999,4.1,-2.4151904597587204,0.0071766836416823,6,0.025,BFE,3.0-4.0,exchange,0.2523945937078028,1.0122065748249405,0.0091766836416823,0.0280914786860035,1.3767615680856735,0.0652677143417263,0.3517288048314922,0.1666666666666666,3.481783420199158,home:3.0-4.0,home:exchange,exchange:3.0-4.0,3.837234069504479,3.837234069504479,0.7840034036471107,0.262079565047146,0.2377630421176475,0.2545855931671058,0.3081843527451535,,,0.0,lower_clv,True,3.0515996503286624,3.0515996503286624,0.2600966662468386,0.253445586111445,,,0.2377630421176475,0.2978056806597856,3.4444168599165708,0.7856344191758167,3.0515996503286624,0.2600966662468386,0.2600966662468386,0.995919825473808,0.7840034036471107,1.045337871529481,3.4,model_agreement_0.625_kelly,18m9m_satellite,False,-3.4,4.582051006331073,away,0.2182428782696413,False,-13.531080415176769,1.25,True,,,,,,,,,0.34,10.0
2024-08,data\historical_csv\football-data\2425\T1.csv:21,data\historical_csv\football-data\2425\T1.csv,21,2024-08-24,T1,Sivasspor,Eyupspor,away,0.3088809723755851,0.304211025304162,3.2932,3.4,0.1827748531666451,0.002669947071423,6,0.025,BFE,3.0-4.0,exchange,0.3036560184622859,1.0172068182272769,0.004669947071423,0.0086439350759896,1.1918597364421335,0.095407455095687,0.3681427943275549,0.1666666666666666,3.2430462771772195,away:3.0-4.0,away:exchange,exchange:3.0-4.0,3.799250052346438,3.799250052346438,0.77893663337825,0.3151926699026675,0.2915981446277894,0.3079212064025,0.3081843527451535,,,0.0,lower_clv,True,2.4226970544601434,2.4226970544601434,0.3110126838772627,0.3052309238013772,,,0.2915981446277894,0.2978056806597856,3.1109735534032907,1.3765529978862947,2.4226970544601434,0.3110126838772627,0.3110126838772627,0.9951794164670376,0.77893663337825,1.0385821778376667,3.4,model_agreement_0.625_kelly,18m9m_satellite,True,7.8,2.958696646378556,away,0.3379866608575771,True,11.305767153617309,1.25,True,,,,,,,,,0.34,10.0
2024-08,data\historical_csv\football-data\2425\T1.csv:24,data\historical_csv\football-data\2425\T1.csv,24,2024-08-25,T1,Antalyaspor,Hatayspor,away,0.2881569624731262,0.2818060649860899,3.532075,3.65,-0.463984301425635,0.0043508974870362,6,0.025,BFE,3.0-4.0,exchange,0.2831196959294466,1.0177920032272672,0.0063508974870362,0.0150990538271031,1.2618855169443524,0.0830344350217386,0.3636210975515152,0.1666666666666666,3.338689014248009,away:3.0-4.0,away:exchange,exchange:3.0-4.0,3.701112012522956,3.701112012522956,0.7813482105883722,0.2935982730053098,0.2706094695010638,0.2865134834769682,0.3081843527451535,,,0.0,lower_clv,True,2.510885608690794,2.510885608690794,0.2902285076299082,0.2843858466260574,,,0.2706094695010638,0.2978056806597856,3.105998810606875,1.1902264038321624,2.510885608690794,0.2902285076299082,0.2902285076299082,0.9954634571751616,0.7813482105883722,1.0417976141178296,3.2,model_agreement_0.625_kelly,18m9m_satellite,False,-3.2,3.1447471378554184,home,0.317990590709928,True,12.3166615681769,1.25,True,,,,,,,,,0.32,10.0
2024-09,data\historical_csv\football-data\2425\F1.csv:45,data\historical_csv\football-data\2425\F1.csv,45,2024-09-22,F1,Montpellier,Auxerre,draw,0.2839724579355319,0.2762983380554216,3.695,3.75,2.0922359114782907,0.0056741198801102,6,0.0,1XB,3.0-4.0,sportsbook,0.2706359945872801,1.0492782320717902,0.0076741198801102,0.01998123311451,1.3069805544001651,0.0806403568659474,0.371146480506959,0.1666666666666666,1.4884979702300516,draw:3.0-4.0,draw:sportsbook,sportsbook:3.0-4.0,3.310261284780863,3.310261284780863,0.6564255868278785,0.2795947531387845,0.2665455842315468,0.2786110947765345,0.0753809203668452,,,0.0,lower_clv,True,3.872448440824039,3.872448440824039,0.2811162339399838,0.2800672748165798,,,0.2665455842315468,0.0719912388530413,3.5913548628024508,0.5621871560431759,3.310261284780863,0.2795947531387845,0.2795947531387845,0.6564255868278785,0.6652193593543216,1.0,3.8,model_agreement_0.625_kelly,18m9m_satellite,False,-3.8,3.7289013067064416,home,0.268175507407905,False,-0.909150012779103,1.25,True,,,,,,,,,0.38,10.0
2024-09,data\historical_csv\football-data\2425\F2.csv:63,data\historical_csv\football-data\2425\F2.csv,63,2024-09-28,F2,Troyes,Metz,away,0.4747505455842056,0.4677340958271898,2.225,2.25,4.07083632154972,0.0050164497570158,6,0.0,BW,2.0-3.0,sportsbook,0.449438202247191,1.0563199639248575,0.0070164497570158,0.0105664960339178,0.7997569156182036,0.2253880805325008,0.3796850320244836,0.1666666666666666,1.1235955056179805,away:2.0-3.0,away:sportsbook,sportsbook:2.0-3.0,2.653652651220222,2.653652651220222,0.6417231192199312,0.46136473101672,0.4631637244869562,0.4615003408002404,0.0753809203668452,,,0.0,lower_clv,True,3.748618853370189,3.748618853370189,0.4662859274308772,0.4660611561729937,,,0.4631637244869562,0.0719912388530413,3.201135752295205,1.094966202149967,2.653652651220222,0.46136473101672,0.46136473101672,0.6417231192199312,0.6475667636944062,1.0,6.8,model_agreement_0.625_kelly,18m9m_satellite,False,-6.8,1.923176528279338,home,0.5199730681481943,True,15.694007662973242,1.25,True,,,,,,,,,0.68,10.0
2024-09,data\historical_csv\football-data\2425\I2.csv:52,data\historical_csv\football-data\2425\I2.csv,52,2024-09-20,I2,Catanzaro,Cremonese,home,0.3390409781692634,0.3334936344793357,3.058,3.1,1.9823534237808584,0.0035473436899276,6,0.0,WH,3.0-4.0,sportsbook,0.3270111183780249,1.0367873112416073,0.0055473436899276,0.0104628759304624,1.1177611075068703,0.1149487848779709,0.3789668192486885,0.1666666666666666,1.373446697187708,home:3.0-4.0,home:sportsbook,sportsbook:3.0-4.0,2.224137088598402,2.224137088598402,0.6002054039495042,0.3342842939457109,0.322525077800813,0.3333978734099159,0.0753809203668452,,,0.0,lower_clv,True,2.651056804230212,2.651056804230212,0.3356803688823748,0.3347333031799408,,,0.322525077800813,0.0719912388530413,2.437596946414307,0.4269197156318096,2.224137088598402,0.3342842939457109,0.3342842939457109,0.6095140357014098,0.6002054039495042,1.0,3.4,model_agreement_0.625_kelly,18m9m_satellite,False,-3.4,2.886762966096634,away,0.3464087671015678,True,5.931800979659441,1.25,True,,,,,,,,,0.34,10.0
2024-09,data\historical_csv\football-data\2425\SP1.csv:55,data\historical_csv\football-data\2425\SP1.csv,55,2024-09-21,SP1,Valladolid,Sociedad,draw,0.3188259882998037,0.3142520553025388,3.2834,3.33,3.1815198380355847,0.0025739329972649,6,0.0,1XB,3.0-4.0,sportsbook,0.3045623439117987,1.0468332499835755,0.0045739329972649,0.0080731593148691,1.1888794708782808,0.1016500108153466,0.3790456722721156,0.1666666666666666,1.4192605226289956,draw:3.0-4.0,draw:sportsbook,sportsbook:3.0-4.0,3.520348662152457,3.520348662152457,0.6534735855254372,0.3152840003111179,0.301885437423625,0.3142740043090656,0.0753809203668452,,,0.0,lower_clv,True,3.8785743669315087,3.8785743669315087,0.3163750209140876,0.3153318978481446,,,0.301885437423625,0.0719912388530413,3.699461514541983,0.3582257047790516,3.520348662152457,0.3152840003111179,0.3152840003111179,0.6534735855254372,0.6692914624303127,1.0,4.8,model_agreement_0.625_kelly,18m9m_satellite,True,10.96,3.176525074127247,draw,0.3148094148996292,True,3.364523288144272,1.25,True,,,,,,,,,0.48,10.0
2024-09,data\historical_csv\football-data\2425\SP1.csv:59,data\historical_csv\football-data\2425\SP1.csv,59,2024-09-22,SP1,Getafe,Leganes,draw,0.339511600431358,0.3315777873867136,3.058,3.1,1.3964873828570257,0.0059338130446443,6,0.0,1XB,3.0-4.0,sportsbook,0.3270111183780249,1.0382264741190923,0.0079338130446443,0.0174774971962822,1.1177611075068703,0.115268126827462,0.3794928625095848,0.1666666666666666,1.373446697187708,draw:3.0-4.0,draw:sportsbook,sportsbook:3.0-4.0,2.518582595474397,2.518582595474397,0.6155533128069874,0.3352471634907599,0.3230067428836303,0.3343244693197172,0.0753809203668452,,,0.0,lower_clv,True,2.7562520976615046,2.7562520976615046,0.3360243691879055,0.3350872141433348,,,0.3230067428836303,0.0719912388530413,2.6374173465679505,0.2376695021871078,2.518582595474397,0.3352471634907599,0.3352471634907599,0.6155533128069874,0.6307676591173458,1.0,3.8,model_agreement_0.625_kelly,18m9m_satellite,True,7.82,2.872610450409885,draw,0.3481154222833496,True,6.453696134248288,1.25,True,,,,,,,,,0.38,10.0
2024-10,data\historical_csv\football-data\2425\D1.csv:50,data\historical_csv\football-data\2425\D1.csv,50,2024-10-05,D1,Union Berlin,Dortmund,draw,0.2755938001933965,0.269953107162787,3.7342,3.79,0.8058892767279113,0.0036406930306095,6,0.0,1XB,3.0-4.0,sportsbook,0.2677949761662471,1.029122368682181,0.0056406930306095,0.0132103589705382,1.3175336055490985,0.0759519427050377,0.3631040932357834,0.1666666666666666,1.4942959670076528,draw:3.0-4.0,draw:sportsbook,sportsbook:3.0-4.0,2.6866530339889545,2.6866530339889545,0.0,0.2749896980182876,0.2750547173200885,0.2749896980182876,0.0,,,0.0,lower_clv,True,3.0728127848149933,3.0728127848149933,0.2760238144309758,0.2760238144309758,,,0.2750547173200885,0.0,2.879732909401974,0.3861597508260388,2.6866530339889545,0.2749896980182876,0.2749896980182876,0.0,0.668515008391781,1.0,7.4,model_agreement_0.75_kelly,9m3m_core,False,-7.4,3.742048068014927,home,0.2672333390229479,False,-0.2097265420508032,1.25,True,,,,,,,,,0.74,10.0
2024-10,data\historical_csv\football-data\2425\F2.csv:79,data\historical_csv\football-data\2425\F2.csv,79,2024-10-19,F2,Amiens,Ajaccio,away,0.2550045566534233,0.2382745844247946,4.087,4.15,-2.617177345586419,0.0147299722286286,6,0.0,PS,4.0-5.0,sportsbook,0.2446782481037435,1.042203623042541,0.0167299722286286,0.057763564784641,1.4078112045821405,0.065027323914009,0.3589982720761905,0.1666666666666666,1.5414729630536028,away:4.0-5.0,away:sportsbook,sportsbook:4.0-5.0,3.565039781156507,3.565039781156507,0.0,0.2534011249844788,0.2537713762304969,0.2534011249844788,0.0,,,0.0,lower_clv,True,3.7349989723805432,3.7349989723805432,0.2538169781560571,0.2538169781560571,,,0.2537713762304969,0.0,3.650019376768525,0.1699591912240361,3.565039781156507,0.2534011249844788,0.2534011249844788,0.0,0.6808559170921893,1.0,8.7,model_agreement_0.75_kelly,9m3m_core,False,-8.7,5.1278864798166754,home,0.1950121173579003,False,-20.298547635826125,1.25,True,,,,,,,,,0.87,10.0
2024-10,data\historical_csv\football-data\2425\I2.csv:103,data\historical_csv\football-data\2425\I2.csv,103,2024-10-29,I2,Brescia,Spezia,away,0.4213287548044679,0.4125284021591446,2.6660000000000004,2.7,9.980072015627982,0.0068003526453233,6,0.0,WH,2.0-3.0,sportsbook,0.3750937734433608,1.1232624603087118,0.0088003526453233,0.0161402528732681,0.980579221756517,0.1775179196250834,0.4131462224898076,0.1666666666666666,1.275318829707417,away:2.0-3.0,away:sportsbook,sportsbook:2.0-3.0,9.414198998020648,9.414198998020648,0.0,0.4104058477045035,0.426368521482358,0.4104058477045035,0.0,,,0.0,lower_clv,True,10.638934142967235,10.638934142967235,0.4149997529743707,0.4149997529743707,,,0.426368521482358,0.0,10.02656657049394,1.224735144946587,9.414198998020648,0.4104058477045035,0.4104058477045035,0.0,0.9064839324905976,1.0,11.78,model_agreement_0.75_kelly,9m3m_core,False,-11.78,2.478210582240024,draw,0.403516959844515,True,7.577621494547726,1.25,True,,,,,,,,,4.24,10.0
2024-10,data\historical_csv\football-data\2425\I2.csv:107,data\historical_csv\football-data\2425\I2.csv,107,2024-10-29,I2,Salernitana,Cesena,draw,0.3080778252179559,0.2982464073090616,3.352,3.4,-0.0278042700025404,0.0078314179088942,6,0.0,WH,3.0-4.0,sportsbook,0.2983293556085919,1.0326768701305882,0.0098314179088942,0.02542025834983,1.2095571826198366,0.0949119463910253,0.3726377462982772,0.1666666666666666,1.4319809069212486,draw:3.0-4.0,draw:sportsbook,sportsbook:3.0-4.0,3.633643579248816,3.633643579248816,0.0,0.3091695810836778,0.3087079333077485,0.3091695810836778,0.0,,,0.0,lower_clv,True,3.905603494029397,3.905603494029397,0.3099809173449565,0.3099809173449565,,,0.3087079333077485,0.0,3.769623536639106,0.2719599147805809,3.633643579248816,0.3091695810836778,0.3091695810836778,0.0,0.669628838933471,1.0,3.22,model_agreement_0.75_kelly,9m3m_core,True,7.57,3.3443393143323967,draw,0.2990127215006058,True,0.2290642470030635,1.25,True,,,,,,,,,1.16,10.0
2024-10,data\historical_csv\football-data\2425\I2.csv:72,data\historical_csv\football-data\2425\I2.csv,72,2024-10-04,I2,Sampdoria,Juve Stabia,draw,0.2986982896602612,0.2893875192653481,3.45,3.5,-0.1613058534548961,0.007310770394913,6,0.0,WH,3.0-4.0,sportsbook,0.2898550724637681,1.0305090993279011,0.009310770394913,0.0244754344031508,1.2383742310432684,0.0892206682459652,0.3699002647719654,0.1666666666666666,1.4492753623188248,draw:3.0-4.0,draw:sportsbook,sportsbook:3.0-4.0,3.497671030302577,3.497671030302577,0.0,0.2999932493631959,0.2989829195410765,0.2999932493631959,0.0,,,0.0,lower_clv,True,3.8406939622730674,3.8406939622730674,0.3009875187312262,0.3009875187312262,,,0.2989829195410765,0.0,3.669182496287822,0.3430229319704905,3.497671030302577,0.2999932493631959,0.2999932493631959,0.0,0.6616404471333339,1.0,10.7,model_agreement_0.75_kelly,9m3m_core,False,-10.7,3.4933333333333327,away,0.2862595419847328,False,-1.240458015267154,1.25,True,,,,,,,,,1.07,10.0
2024-10,data\historical_csv\football-data\2425\I2.csv:82,data\historical_csv\football-data\2425\I2.csv,82,2024-10-18,I2,Bari,Catanzaro,home,0.4974558652452777,0.4852933166979466,2.0780000000000003,2.1,0.8439512098333157,0.010162548547331,6,0.0,WH,2.0-3.0,sportsbook,0.4812319538017324,1.033713287979687,0.012162548547331,0.0204290455844164,0.7314058926770358,0.2474623378669278,0.3638421511871496,0.1666666666666666,1.0587102983637964,home:2.0-3.0,home:sportsbook,sportsbook:2.0-3.0,2.2911285375071264,2.2911285375071264,0.0,0.492257596426887,0.5053761371197686,0.492257596426887,0.0,,,0.0,lower_clv,True,2.593408696860356,2.593408696860356,0.4937122651436975,0.4937122651436975,,,0.5053761371197686,0.0,2.442268617183741,0.3022801593532294,2.2911285375071264,0.492257596426887,0.492257596426887,0.0,0.6069018913543178,1.0,15.0,model_agreement_0.75_kelly,9m3m_core,False,-15.0,1.990625161106722,draw,0.502354747412131,True,4.389316512240837,1.25,True,,,,,,,,,1.59,10.0
2024-10,data\historical_csv\football-data\2425\I2.csv:87,data\historical_csv\football-data\2425\I2.csv,87,2024-10-19,I2,Brescia,Sassuolo,away,0.3791160252276229,0.3724964592377283,2.764,2.8,2.958021333308114,0.0046195659898945,6,0.0,WH,2.0-3.0,sportsbook,0.361794500723589,1.0478766937291497,0.0066195659898945,0.0121850981823333,1.016678905905423,0.1437289605843916,0.3854392657396325,0.1666666666666666,1.302460202604916,away:2.0-3.0,away:sportsbook,sportsbook:2.0-3.0,4.188619019532184,4.188619019532184,0.0,0.3769486939925188,0.382490244902825,0.3769486939925188,0.0,,,0.0,lower_clv,True,4.481168193519336,4.481168193519336,0.3780071208159166,0.3780071208159166,,,0.382490244902825,0.0,4.33489360652576,0.2925491739871519,4.188619019532184,0.3769486939925188,0.3769486939925188,0.0,0.7297202920908755,1.0,15.0,model_agreement_0.75_kelly,9m3m_core,True,26.46,2.1460218389296752,away,0.465978482538998,True,28.79645257377903,1.25,True,,,,,,,,,1.78,10.0
2024-10,data\historical_csv\football-data\2425\SP2.csv:116,data\historical_csv\football-data\2425\SP2.csv,116,2024-10-23,SP2,Cartagena,Elche,home,0.270841268750177,0.2645258835968148,3.842,3.9,1.6308444778962317,0.0043153851533622,6,0.0,WH,3.0-4.0,sportsbook,0.2602811035918792,1.0405721545381803,0.0063153851533622,0.0159332629524149,1.345993064346365,0.0733549928582056,0.3645504692765082,0.1666666666666666,1.5096304008328951,home:3.0-4.0,home:sportsbook,sportsbook:3.0-4.0,4.043278906853452,4.043278906853452,0.0,0.2708049945519351,0.2701382993245791,0.2708049945519351,0.0,,,0.0,lower_clv,True,4.87988130933561,4.87988130933561,0.2729825125177918,0.2729825125177918,,,0.2701382993245791,0.0,4.46158010809453,0.8366024024821579,4.043278906853452,0.2708049945519351,0.2708049945519351,0.0,0.7068362932174346,1.0,10.7,model_agreement_0.75_kelly,9m3m_core,False,-10.7,3.853503970305321,draw,0.2595040793277729,False,-0.2985327222696399,1.25,True,,,,,,,,,1.07,10.0
2024-11,data\historical_csv\football-data\2425\I1.csv:109,data\historical_csv\football-data\2425\I1.csv,109,2024-11-04,I1,Parma,Genoa,draw,0.2725605284023349,0.2577677446251961,3.8322,3.89,-1.218244904732324,0.0127927837771387,6,0.0,1XB,3.0-4.0,sportsbook,0.2609467146808621,1.044506456943428,0.0147927837771387,0.0469355700626428,1.3434390508134617,0.07428924164296,0.3661684575660483,0.1666666666666666,1.5082720108553715,draw:3.0-4.0,draw:sportsbook,sportsbook:3.0-4.0,3.380241546673835,3.380241546673835,0.0,0.2697673439451851,0.2641912555191748,0.2697673439451851,0.0,,,0.0,lower_clv,True,3.815133348537025,3.815133348537025,0.2709021798145635,0.2709021798145635,,,0.2641912555191748,0.0,3.5976874476054297,0.43489180186319,3.380241546673835,0.2697673439451851,0.2697673439451851,0.0,0.7030850345201767,1.0,3.8,model_agreement_0.625_kelly,12m6m_tertiary,False,-3.8,3.8604118993135006,away,0.2590397154712507,False,-0.7308002371072764,1.25,True,,,,,,,,,0.38,10.0
2024-11,data\historical_csv\football-data\2425\SP2.csv:142,data\historical_csv\football-data\2425\SP2.csv,142,2024-11-09,SP2,Mirandes,Cadiz,draw,0.3620130033280763,0.3462913882617133,2.96,3.0,2.502250925467142,0.013721615066363,6,0.0,WH,2.0-3.0,sportsbook,0.3378378378378378,1.071558489851106,0.015721615066363,0.037903652466118,1.085189268335969,0.1310534145786138,0.3928526262097018,0.1666666666666666,1.3513513513513598,draw:2.0-3.0,draw:sportsbook,sportsbook:2.0-3.0,3.14767768430766,3.14767768430766,0.0,0.3484718840686069,0.3487891961865808,0.3484978172385377,0.0817276380626932,,,0.0,lower_clv,True,5.215053131748215,3.447043827244878,0.3494832561731246,0.3494832561731246,,,0.3487891961865808,0.0,4.181365408027938,2.067375447440555,3.14767768430766,0.3484718840686069,0.3484718840686069,0.0,0.6559836164303293,1.0,5.0,model_agreement_0.625_kelly,18m9m_satellite,True,9.8,2.86252512412259,draw,0.3493419119968479,True,3.4052059510669697,1.25,True,,,,,,,,,0.5,10.0
2024-11,data\historical_csv\football-data\2425\SP2.csv:144,data\historical_csv\football-data\2425\SP2.csv,144,2024-11-09,SP2,Huesca,Zaragoza,draw,0.3496522477855063,0.3393170579372551,2.96,3.0,0.4378491494275049,0.0083351898482512,6,0.0,WH,2.0-3.0,sportsbook,0.3378378378378378,1.0349706534450986,0.0103351898482512,0.0238385135546573,1.085189268335969,0.122256694381457,0.3794388669463805,0.1666666666666666,1.3513513513513598,draw:2.0-3.0,draw:sportsbook,sportsbook:2.0-3.0,2.2139161506299456,2.2139161506299456,0.0,0.3453172842926687,0.3441728720380989,0.3453172842926687,0.0,,,0.0,lower_clv,True,2.471215909910529,2.471215909910529,0.3461865402361842,0.3461865402361842,,,0.3441728720380989,0.0,2.3425660302702376,0.2572997592805834,2.2139161506299456,0.3453172842926687,0.3453172842926687,0.0,0.5588121961178656,1.0,3.6,model_agreement_0.625_kelly,12m6m_tertiary,True,7.06,2.7451897278147905,draw,0.3642735472407635,True,7.824969983266006,1.25,True,,,,,,,,,0.36,10.0
2024-12,data\historical_csv\football-data\2425\E1.csv:283,data\historical_csv\football-data\2425\E1.csv,283,2024-12-29,E1,Watford,Cardiff,away,0.2582499997944217,0.251775606323468,4.153149999999999,4.3,4.5661859402311045,0.0044743934709536,6,0.025,BFE,4.0-5.0,exchange,0.2407810938685095,1.0725509866462022,0.0064743934709536,0.0173258217793436,1.423867082464937,0.0666930623938188,0.3677136737538538,0.1666666666666666,3.5358703634590816,away:4.0-5.0,away:exchange,exchange:4.0-5.0,4.036708218432773,4.036708218432773,0.0,0.2505007240731319,0.2499083406816627,0.2505007240731319,0.0,,,0.0,lower_clv,True,4.356625202476905,4.356625202476905,0.2512710236867845,0.2512710236867845,,,0.2499083406816627,0.0,4.196666710454839,0.3199169840441316,4.036708218432773,0.2505007240731319,0.2505007240731319,0.0,0.7452222752842238,1.0,9.6,model_agreement_0.75_kelly,9m3m_core,True,30.27,4.431214458573046,away,0.2256717677171561,False,-6.275129790549327,1.25,True,,,,,,,,,0.96,10.0
2024-12,data\historical_csv\football-data\2425\I2.csv:199,data\historical_csv\football-data\2425\I2.csv,199,2024-12-29,I2,Cittadella,Palermo,home,0.2761100040017488,0.2652692885746266,3.9596,4.02,5.036027504009133,0.0088407154271221,6,0.0,1XB,3.0-4.0,sportsbook,0.2525507627033034,1.0932851718453245,0.0108407154271221,0.032018816047919,1.3761430100635152,0.0762367343098457,0.3799668520156158,0.1666666666666666,1.5254066067279526,home:3.0-4.0,home:sportsbook,sportsbook:3.0-4.0,6.8107196455547765,6.8107196455547765,0.8480740858988148,0.2697512871137357,0.267975908591995,0.2697512871137357,0.0,,,0.0,lower_clv,True,7.722471471526116,7.722471471526116,0.2720539233041876,0.2720539233041876,,,0.267975908591995,0.0,7.2665955585404465,0.9117518259713392,6.8107196455547765,0.2697512871137357,0.2697512871137357,0.8480740858988148,0.8494041068784777,1.1307654478650864,15.0,model_agreement_0.75_kelly,9m3m_core,True,44.39,3.2656091639891174,home,0.306221580655551,True,21.25149707637195,1.25,True,,,,,,,,,1.95,10.0
2025-01,data\historical_csv\football-data\2425\D1.csv:172,data\historical_csv\football-data\2425\D1.csv,172,2025-01-26,D1,St Pauli,Union Berlin,draw,0.3065382562722035,0.3017385046642298,3.3324,3.38,0.5513392943079509,0.0027997516079736,6,0.0,1XB,3.0-4.0,sportsbook,0.3000840235265875,1.0215080852014908,0.0047997516079736,0.0091334492536796,1.2036927651186171,0.0939657025584031,0.3689778813069279,0.1666666666666666,1.428399951986559,draw:3.0-4.0,draw:sportsbook,sportsbook:3.0-4.0,2.285145112661424,2.285145112661424,0.635853661695852,0.306941378924083,0.3043595563776508,0.306941378924083,0.0,,,0.0,lower_clv,True,2.2996633798069155,2.2996633798069155,0.3069849459242795,0.3069849459242795,,,0.3043595563776508,0.0,2.29240424623417,0.0145182671454913,2.285145112661424,0.306941378924083,0.306941378924083,0.635853661695852,0.6434503417647672,1.0,7.3,model_agreement_0.75_kelly,9m3m_core,False,-7.3,3.272464836321162,home,0.3055800596849742,True,1.831499089420796,1.25,True,,,,,,,,,0.73,10.0
2025-01,data\historical_csv\football-data\2425\F1.csv:156,data\historical_csv\football-data\2425\F1.csv,156,2025-01-17,F1,Lille,Nice,draw,0.2796647331503652,0.2763809429466876,3.6754,3.73,1.5810517706255744,0.0012837902036775,6,0.0,1XB,3.0-4.0,sportsbook,0.2720792294716221,1.0278797602208525,0.0032837902036775,0.0045904615473533,1.301661970279187,0.0782123629680649,0.3640289475701074,0.1666666666666666,1.4855525929150517,draw:3.0-4.0,draw:sportsbook,sportsbook:3.0-4.0,2.6600749747947434,2.6600749747947434,0.6563167553617044,0.2793167409664111,0.276258090868747,0.2793167409664111,0.0,,,0.0,lower_clv,True,2.9175336561653387,2.9175336561653387,0.280017232562892,0.280017232562892,,,0.276258090868747,0.0,2.788804315480041,0.2574586813705952,2.6600749747947434,0.2793167409664111,0.2793167409664111,0.6563167553617044,0.6644470703658357,1.0,7.5,model_agreement_0.75_kelly,9m3m_core,False,-7.5,3.574547105904605,home,0.2797557201996731,True,2.8214174021878646,1.25,True,,,,,,,,,0.75,10.0
2025-01,data\historical_csv\football-data\2425\SP1.csv:199,data\historical_csv\football-data\2425\SP1.csv,199,2025-01-19,SP1,Osasuna,Vallecano,draw,0.3121141013640858,0.3025852131308122,3.2932,3.34,-0.3526376117609087,0.0075288882332735,6,0.0,1XB,3.0-4.0,sportsbook,0.3036560184622859,1.0278541586122072,0.0095288882332735,0.0241222303009339,1.1918597364421335,0.0974152122703108,0.3719962305916727,0.1666666666666666,1.4211101664034942,draw:3.0-4.0,draw:sportsbook,sportsbook:3.0-4.0,2.9461617068442605,2.9461617068442605,0.6840247816971596,0.3126022157987497,0.3102019288371409,0.3126022157987497,0.0,,,0.0,lower_clv,True,3.0208605667358723,3.0208605667358723,0.3128290433825333,0.3128290433825333,,,0.3102019288371409,0.0,2.9835111367900664,0.0746988598916118,2.9461617068442605,0.3126022157987497,0.3126022157987497,0.6904580139989538,0.6840247816971596,1.0,9.6,model_agreement_0.75_kelly,9m3m_core,True,22.01,3.2168149801753065,draw,0.3108664956370923,True,2.3745543432072136,1.25,True,,,,,,,,,0.96,10.0
2025-01,data\historical_csv\football-data\2425\T1.csv:175,data\historical_csv\football-data\2425\T1.csv,175,2025-01-18,T1,Gaziantep,Bodrumspor,draw,0.2872557163389527,0.2788937759942606,3.6558,3.71,1.957986627981767,0.0063619403446921,6,0.0,1XB,3.0-4.0,sportsbook,0.2735379397122381,1.0501494477919433,0.0083619403446921,0.0221473063296163,1.2963149475003666,0.0825158465694048,0.3723738788451097,0.1666666666666666,1.482575633240346,draw:3.0-4.0,draw:sportsbook,sportsbook:3.0-4.0,4.383473025923571,4.383473025923571,0.752141503380954,0.2855284015151911,0.284185669572994,0.2855284015151911,0.0,,,0.0,lower_clv,True,4.878708955233546,4.878708955233546,0.2868830596729404,0.2868830596729404,,,0.284185669572994,0.0,4.631090990578558,0.4952359293099748,4.383473025923571,0.2855284015151911,0.2855284015151911,0.7636893021299459,0.752141503380954,1.002855337841272,12.4,model_agreement_0.75_kelly,9m3m_core,True,32.93,3.4054936928001003,draw,0.293643180756494,True,7.350074020959063,1.25,True,,,,,,,,,1.24,10.0
2025-01,data\historical_csv\football-data\2425\T1.csv:191,data\historical_csv\football-data\2425\T1.csv,191,2025-01-31,T1,Eyupspor,Sivasspor,draw,0.2699452566999116,0.258932370612928,3.842,3.9,-0.5181832105130346,0.0090128860869835,6,0.0,1XB,3.0-4.0,sportsbook,0.2602811035918792,1.0371296762410604,0.0110128860869835,0.0333878290627007,1.345993064346365,0.0728704416147811,0.36334444327128,0.1666666666666666,1.5096304008328951,draw:3.0-4.0,draw:sportsbook,sportsbook:3.0-4.0,3.5914130214886804,3.5914130214886804,0.7109999039905933,0.2696288730387524,0.2661207666539952,0.2696288730387524,0.0,,,0.0,lower_clv,True,4.083602996968816,4.083602996968816,0.2709099505387007,0.2709099505387007,,,0.2661207666539952,0.0,3.837508009228748,0.4921899754801355,3.5914130214886804,0.2696288730387524,0.2696288730387524,0.7174134727266583,0.7109999039905933,1.0,9.5,model_agreement_0.75_kelly,9m3m_core,False,-9.5,3.8747648836012463,home,0.2580801751951952,False,-0.8455966900059786,1.25,True,,,,,,,,,0.95,10.0
2025-02,data\historical_csv\football-data\2425\B1.csv:210,data\historical_csv\football-data\2425\B1.csv,210,2025-02-21,B1,Mechelen,St Truiden,home,0.5300801278560043,0.5264951736301601,1.98,2.0,4.246044378771696,0.0015849542258442,5,0.0,WH,1.5-2.0,sportsbook,0.5050505050505051,1.0495586531548886,0.0035849542258442,0.0029900276251721,0.6830968447064438,0.2809849419478379,0.3620960627800249,0.2,1.0101010101010166,home:1.5-2.0,home:sportsbook,sportsbook:1.5-2.0,3.2730450682578773,3.2730450682578773,0.674563144853703,0.5215810356982721,0.5435568409158659,0.5215810356982721,0.0,,,0.0,lower_clv,True,4.234139429863193,4.234139429863193,0.5264350476255717,0.5264350476255717,,,0.5435568409158659,0.0,3.753592249060535,0.9610943616053156,3.2730450682578773,0.5215810356982721,0.5215810356982721,0.7317945140692343,0.674563144853703,1.0,15.0,model_agreement_0.75_kelly,9m3m_core,False,-15.0,1.926943794158105,draw,0.518956496308657,True,2.7533862691141,1.25,True,,,,,,,,,2.5,10.0
2025-02,data\historical_csv\football-data\2425\D1.csv:200,data\historical_csv\football-data\2425\D1.csv,200,2025-02-21,D1,Freiburg,Werder Bremen,draw,0.2795137129478791,0.2741875326044944,3.7048,3.76,1.5809970793130956,0.0033261803433846,5,0.0,1XB,3.0-4.0,sportsbook,0.2699201036493198,1.0355424037293026,0.0053261803433846,0.0118998825077497,1.309629276184405,0.0781279157259093,0.3660593415715465,0.2,1.4899589721442563,draw:3.0-4.0,draw:sportsbook,sportsbook:3.0-4.0,3.3679550013040025,3.3679550013040025,0.6944873712842925,0.279010891279702,0.2812150937895072,0.279010891279702,0.0,,,0.0,lower_clv,True,3.6489495293477336,3.6489495293477336,0.2797693520010466,0.2797693520010466,,,0.2812150937895072,0.0,3.508452265325868,0.2809945280437311,3.3679550013040025,0.279010891279702,0.279010891279702,0.6967390242694584,0.6944873712842925,1.0,9.3,model_agreement_0.75_kelly,9m3m_core,False,-9.3,3.608060539775857,home,0.2771572120189876,True,2.6812039087945383,1.25,True,,,,,,,,,0.93,10.0
2025-02,data\historical_csv\football-data\2425\D2.csv:184,data\historical_csv\football-data\2425\D2.csv,184,2025-02-08,D2,Darmstadt,Elversberg,draw,0.2770752458908314,0.258140213231886,3.7636,3.82,-2.846349348047384,0.0169350326589453,6,0.0,1XB,3.0-4.0,sportsbook,0.2657030502710171,1.042800395434733,0.0189350326589453,0.0611206988357878,1.3253759461504735,0.0767706918854646,0.3672288661774357,0.1666666666666666,1.4985652035285346,draw:3.0-4.0,draw:sportsbook,sportsbook:3.0-4.0,4.3467068198627015,4.3467068198627015,0.7599128413537616,0.2772523828777307,0.2786628590914375,0.2772523828777307,0.0,,,0.0,lower_clv,True,4.881410713965018,4.881410713965018,0.2786731074342784,0.2786731074342784,,,0.2786628590914375,0.0,4.61405876691386,0.5347038941023161,4.3467068198627015,0.2772523828777307,0.2772523828777307,0.803964314401939,0.7599128413537616,1.0132171218050154,12.0,model_agreement_0.75_kelly,9m3m_core,False,-12.0,3.633051268820765,away,0.2752507261821783,True,3.593363305924635,1.25,True,,,,,,,,,1.2,10.0
2025-02,data\historical_csv\football-data\2425\F1.csv:184,data\historical_csv\football-data\2425\F1.csv,184,2025-02-08,F1,Nice,Lens,draw,0.2824516742474119,0.2745244440796656,3.6166,3.67,-0.715489554148141,0.0059272301677463,6,0.0,1XB,3.0-4.0,sportsbook,0.276502792678206,1.0215147250831902,0.0079272301677463,0.0209849355063636,1.2855343579687422,0.0797789482851661,0.363101331710843,0.1666666666666666,1.4765249129016222,draw:3.0-4.0,draw:sportsbook,sportsbook:3.0-4.0,2.510312924378332,2.510312924378332,0.6560197580326398,0.283443878019074,0.2842907559986492,0.283443878019074,0.0,,,0.0,lower_clv,True,2.6548861736913176,2.6548861736913176,0.2838436270908901,0.2838436270908901,,,0.2842907559986492,0.0,2.582599549034825,0.1445732493129856,2.510312924378332,0.283443878019074,0.283443878019074,0.6631880328472403,0.6560197580326398,1.0,7.2,model_agreement_0.75_kelly,9m3m_core,False,-7.2,3.5923742642677,home,0.278367432354337,True,0.6743655852695207,1.25,True,,,,,,,,,0.72,10.0
2025-02,data\historical_csv\football-data\2425\I1.csv:243,data\historical_csv\football-data\2425\I1.csv,243,2025-02-15,I1,Lazio,Napoli,draw,0.3062823621568367,0.3002109049648068,3.3912,3.44,1.8075220916652808,0.0040714571920298,5,0.0,1XB,3.0-4.0,sportsbook,0.2948808681292758,1.0386647465462646,0.0060714571920298,0.0132931493781056,1.2211838410562903,0.0938088853683716,0.3740270714664795,0.2,1.439018636470868,draw:3.0-4.0,draw:sportsbook,sportsbook:3.0-4.0,3.558779716515563,3.558779716515563,0.7062123455834065,0.3053750286521454,0.3092603965285759,0.3053750286521454,0.0,,,0.0,lower_clv,True,3.7887548759798495,3.7887548759798495,0.3060531813988554,0.3060531813988554,,,0.3092603965285759,0.0,3.673767296247706,0.2299751594642867,3.558779716515563,0.3053750286521454,0.3053750286521454,0.7160306208677497,0.7062123455834065,1.0,11.2,model_agreement_0.75_kelly,9m3m_core,True,26.78,3.213461319135761,draw,0.3111909248899698,True,5.531066448686572,1.25,True,,,,,,,,,1.12,10.0
2025-02,data\historical_csv\football-data\2425\I1.csv:250,data\historical_csv\football-data\2425\I1.csv,250,2025-02-17,I1,Genoa,Venezia,draw,0.2802803039263192,0.2687302498891396,3.695,3.75,-0.70417266596291,0.0095500540371795,5,0.0,1XB,3.0-4.0,sportsbook,0.2706359945872801,1.0356357230077493,0.0115500540371795,0.0340732256366116,1.3069805544001651,0.0785570487690298,0.3663209070130674,0.2,1.4884979702300516,draw:3.0-4.0,draw:sportsbook,sportsbook:3.0-4.0,3.466426886966138,3.466426886966138,0.7105879606514441,0.2800173934694618,0.282017549232587,0.2800173934694618,0.0,,,0.0,lower_clv,True,3.837590848032524,3.837590848032524,0.2810218967470433,0.2810218967470433,,,0.282017549232587,0.0,3.652008867499331,0.3711639610663857,3.466426886966138,0.2800173934694618,0.2800173934694618,0.742574688351521,0.7105879606514441,1.0,9.6,model_agreement_0.75_kelly,9m3m_core,False,-9.6,3.521663067344675,home,0.2839567502276694,True,4.922019209123851,1.25,True,,,,,,,,,0.96,10.0
2025-02,data\historical_csv\football-data\2425\I1.csv:257,data\historical_csv\football-data\2425\I1.csv,257,2025-02-23,I1,Verona,Fiorentina,draw,0.2775296570005414,0.2700958429152342,3.7146,3.77,0.3298018092929178,0.0054338140853071,5,0.0,1XB,3.0-4.0,sportsbook,0.269207990093146,1.030911663894211,0.0074338140853071,0.019579219547324,1.3122710007711045,0.0770227105148381,0.3641941207357618,0.2,1.491412265116021,draw:3.0-4.0,draw:sportsbook,sportsbook:3.0-4.0,3.035555951778956,3.035555951778956,0.6821993828577653,0.277379949259083,0.2791384341886092,0.277379949259083,0.0,,,0.0,lower_clv,True,3.3190474920775204,3.3190474920775204,0.2781431311368048,0.2781431311368048,,,0.2791384341886092,0.0,3.177301721928238,0.2834915402985642,3.035555951778956,0.277379949259083,0.277379949259083,0.6943277350783706,0.6821993828577653,1.0,8.4,model_agreement_0.75_kelly,9m3m_core,False,-8.4,3.447805138551639,home,0.290039593252675,True,7.738107309638642,1.25,True,,,,,,,,,0.84,10.0
2025-02,data\historical_csv\football-data\2425\I2.csv:259,data\historical_csv\football-data\2425\I2.csv,259,2025-02-16,I2,Juve Stabia,Cosenza,home,0.4811431133547002,0.4659254351240253,2.176,2.2,1.3853746829879166,0.0132176782306748,5,0.0,WH,2.0-3.0,sportsbook,0.4595588235294117,1.0469674146598278,0.0152176782306748,0.0274714068720979,0.7774883289936962,0.2314986955286539,0.3740831552089704,0.2,1.1029411764705843,home:2.0-3.0,home:sportsbook,sportsbook:2.0-3.0,4.060712020285676,4.060712020285676,0.7419345687512144,0.478220183916754,0.4925852014515474,0.478220183916754,0.0,,,0.0,lower_clv,True,4.40093292628061,4.40093292628061,0.4797836991097454,0.4797836991097454,,,0.4925852014515474,0.0,4.230822473283142,0.3402209059949337,4.060712020285676,0.478220183916754,0.478220183916754,0.8032615314503418,0.7419345687512144,1.0,8.93,model_agreement_0.75_kelly,9m3m_core,True,10.5,2.2320075354925257,home,0.448027161243134,False,-2.509289713494034,1.25,True,,,,,,,,,2.59,10.0
2025-02,data\historical_csv\football-data\2425\I2.csv:260,data\historical_csv\football-data\2425\I2.csv,260,2025-02-16,I2,Palermo,Mantova,draw,0.2835719004684781,0.2701519377909617,3.7636,3.82,1.674383307006333,0.0114199626775163,5,0.0,1XB,3.0-4.0,sportsbook,0.2657030502710171,1.067251204603164,0.0134199626775163,0.0402718416692552,1.3253759461504735,0.0804130227353044,0.375839375885097,0.2,1.4985652035285346,draw:3.0-4.0,draw:sportsbook,sportsbook:3.0-4.0,5.973924109193177,5.973924109193177,0.8148486046375037,0.2815759488500191,0.2854636622960784,0.2815759488500191,0.0,,,0.0,lower_clv,True,6.639924470768932,6.639924470768932,0.2833455321255418,0.2833455321255418,,,0.2854636622960784,0.0,6.306924289981055,0.6660003615757546,5.973924109193177,0.2815759488500191,0.2815759488500191,0.858196952490764,0.8148486046375037,1.0864648061833384,6.07,model_agreement_0.75_kelly,9m3m_core,True,16.78,3.67275528477046,draw,0.272275151068906,True,2.473475856293472,1.25,True,,,,,,,,,1.76,10.0
2025-02,data\historical_csv\football-data\2425\SC0.csv:155,data\historical_csv\football-data\2425\SC0.csv,155,2025-02-15,SC0,Motherwell,Ross County,draw,0.3029396279122054,0.2914442580377779,3.3716,3.42,-1.7366539599827813,0.0094953698744274,5,0.0,1XB,3.0-4.0,sportsbook,0.2965950883853363,1.0213912494687918,0.0114953698744274,0.0313440996143933,1.21538740914119,0.0917724181595854,0.3681890094944114,0.2,1.4355202277850363,draw:3.0-4.0,draw:sportsbook,sportsbook:3.0-4.0,2.3284016943733548,2.3284016943733548,0.6572446120921056,0.3035010134487287,0.3057558220036366,0.3035010134487287,0.0,,,0.0,lower_clv,True,2.4556156365173942,2.4556156365173942,0.3038783237528693,0.3038783237528693,,,0.3057558220036366,0.0,2.3920086654453745,0.1272139421440394,2.3284016943733548,0.3035010134487287,0.3035010134487287,0.6808853107426813,0.6572446120921056,1.0,7.4,model_agreement_0.75_kelly,9m3m_core,False,-7.4,3.285931576839562,away,0.3043277002626478,True,2.6071274205543338,1.25,True,,,,,,,,,0.74,10.0
2025-02,data\historical_csv\football-data\2425\SP1.csv:233,data\historical_csv\football-data\2425\SP1.csv,233,2025-02-15,SP1,Leganes,Alaves,draw,0.3288825905515166,0.325241245533063,3.107,3.15,1.0524549871226752,0.0016413450184535,5,0.0,1XB,3.0-4.0,sportsbook,0.321853878339234,1.021838208843562,0.0036413450184535,0.0049906716427316,1.1336576304109105,0.1081637583678765,0.3728402582880339,0.2,1.3839716768587085,draw:3.0-4.0,draw:sportsbook,sportsbook:3.0-4.0,2.075906480410529,2.075906480410529,0.6235042612513889,0.3285352638571308,0.3329680062871385,0.3285352638571308,0.0,,,0.0,lower_clv,True,2.079091868997307,2.079091868997307,0.3285455161538375,0.3285455161538375,,,0.3329680062871385,0.0,2.077499174703918,0.003185388586778,2.075906480410529,0.3285352638571308,0.3285352638571308,0.6235042612513889,0.6255104796348424,1.0,7.4,model_agreement_0.75_kelly,9m3m_core,True,15.59,3.1124362995095503,draw,0.3212917161252673,False,-0.1746637998794376,1.25,True,,,,,,,,,0.74,10.0
2025-02,data\historical_csv\football-data\2425\T1.csv:220,data\historical_csv\football-data\2425\T1.csv,220,2025-02-22,T1,Sivasspor,Konyaspor,draw,0.3030450552639176,0.2870467189761483,3.3912,3.44,-2.656716660808589,0.0139983362877693,5,0.0,1XB,3.0-4.0,sportsbook,0.2948808681292758,1.0276863914109975,0.0159983362877693,0.0461922610008546,1.2211838410562903,0.0918363055199108,0.3700737246003067,0.2,1.439018636470868,draw:3.0-4.0,draw:sportsbook,sportsbook:3.0-4.0,2.936670023322253,2.936670023322253,0.6971932237757286,0.3035405461881406,0.3058663445357541,0.3035405461881406,0.0,,,0.0,lower_clv,True,3.161789115587,3.161789115587,0.3042043793217356,0.3042043793217356,,,0.3058663445357541,0.0,3.049229569454626,0.2251190922647468,2.936670023322253,0.3035405461881406,0.3035405461881406,0.7404652944631659,0.6971932237757286,1.0,9.2,model_agreement_0.75_kelly,9m3m_core,True,22.0,3.281006251779896,draw,0.3047845457342591,True,3.3585351494019644,1.25,True,,,,,,,,,0.92,10.0
2025-02,data\historical_csv\football-data\2425\T1.csv:226,data\historical_csv\football-data\2425\T1.csv,226,2025-02-24,T1,Galatasaray,Fenerbahce,draw,0.2641429988548346,0.2564797054492457,4.0576,4.12,4.0692052830859415,0.0056632934055889,5,0.0,1XB,4.0-5.0,sportsbook,0.2464511041009463,1.071786632153377,0.0076632934055889,0.0214402555817932,1.400591665820715,0.0697715238440251,0.3699564827809721,0.2,1.537854889589907,draw:4.0-5.0,draw:sportsbook,sportsbook:4.0-5.0,6.551726499228774,6.551726499228774,0.8398805274537133,0.2625979063959699,0.2651358615529406,0.2625979063959699,0.0,,,0.0,lower_clv,True,6.883417130022651,6.883417130022651,0.2634153616177608,0.2634153616177608,,,0.2651358615529406,0.0,6.717571814625712,0.3316906307938767,6.551726499228774,0.2625979063959699,0.2625979063959699,0.8477727745296371,0.8398805274537133,1.1198407032716178,15.0,model_agreement_0.75_kelly,9m3m_core,True,45.86,3.644419419062735,draw,0.2743921280765149,True,11.337349888326688,1.25,True,,,,,,,,,1.8,10.0
2025-03,data\historical_csv\football-data\2425\D1.csv:211,data\historical_csv\football-data\2425\D1.csv,211,2025-03-01,D1,Heidenheim,M'gladbach,draw,0.2714877791384305,0.2651305594949955,3.793,3.85,0.5640212164517822,0.0043572196434349,5,0.0,1XB,3.0-4.0,sportsbook,0.2636435539151067,1.0297531462720668,0.0063572196434349,0.0160494135583658,1.3331572627067618,0.0737056142215172,0.3619359044945279,0.2,1.5027682573161003,draw:3.0-4.0,draw:sportsbook,sportsbook:3.0-4.0,2.8522352469125622,2.8522352469125622,0.6829821650439973,0.2711632882860864,0.2678954442597474,0.2684587877073074,0.8276100563492561,,,0.0,lower_clv,True,3.132776329345366,3.132776329345366,0.2719029167660041,0.2697424273588044,,,0.2678954442597474,0.5391152163431322,2.9925057881289643,0.2805410824328036,2.8522352469125622,0.2684587877073074,0.2711632882860864,0.6829821650439973,0.6903308552153827,1.0,4.9,model_agreement_0.75_kelly,9m3m_core,False,-4.9,3.582592057575357,away,0.2791275098948286,True,5.873064503108516,1.25,True,,,,,,,,,0.49,10.0
2025-03,data\historical_csv\football-data\2425\D1.csv:223,data\historical_csv\football-data\2425\D1.csv,223,2025-03-08,D1,Wolfsburg,St Pauli,draw,0.259229709269307,0.2528225773832557,3.9792,4.04,0.6031599923451036,0.0044071318860512,5,0.0,1XB,3.0-4.0,sportsbook,0.2513067953357458,1.0315268591244264,0.0064071318860512,0.0170008750095569,1.3810807940670031,0.0672000421678494,0.3580171727234129,0.2,1.5279453156413323,draw:3.0-4.0,draw:sportsbook,sportsbook:3.0-4.0,3.05262476681971,3.05262476681971,0.6977390112232782,0.2589782488108658,0.2559459095207092,0.2564686543200692,0.8276100563492561,,,0.0,lower_clv,True,3.37067965426876,3.37067965426876,0.2597775423559227,0.2577118507910191,,,0.2559459095207092,0.5391152163431322,3.211652210544236,0.3180548874490498,3.05262476681971,0.2564686543200692,0.2589782488108658,0.6977390112232782,0.6988944964409336,1.0,5.2,model_agreement_0.75_kelly,9m3m_core,True,15.49,3.6904588793709694,draw,0.2709690129836773,True,7.823989646464891,1.25,True,,,,,,,,,0.52,10.0
2025-03,data\historical_csv\football-data\2425\I1.csv:300,data\historical_csv\football-data\2425\I1.csv,300,2025-03-31,I1,Verona,Parma,draw,0.3091351733490238,0.2955169327368174,3.352,3.4,-0.942724146618812,0.0116182406122064,4,0.0,1XB,3.0-4.0,sportsbook,0.2983293556085919,1.036221101065928,0.0136182406122064,0.0375830433215992,1.2095571826198366,0.095564555401531,0.3739166693247401,0.25,1.4319809069212486,draw:3.0-4.0,draw:sportsbook,sportsbook:3.0-4.0,3.172154045103223,3.172154045103223,0.6889304805157371,0.3077928223302602,0.3045952103613799,0.3051464465085121,0.8276100563492561,,,0.0,lower_clv,True,3.344511722480448,3.344511722480448,0.3083070158785216,0.3063059250441241,,,0.3045952103613799,0.5391152163431322,3.2583328837918355,0.1723576773772253,3.172154045103223,0.3051464465085121,0.3077928223302602,0.709751665086188,0.6889304805157371,0.5,3.6,model_agreement_0.75_kelly,9m3m_core,True,8.47,3.115058478722333,draw,0.3210212607020328,True,7.60632658732141,1.25,True,,,,,,,,,0.36,10.0
2025-03,data\historical_csv\football-data\2425\N1.csv:216,data\historical_csv\football-data\2425\N1.csv,216,2025-03-02,N1,Heracles,Zwolle,draw,0.2925455205583096,0.2798723846167155,3.5284,3.58,-1.2498278118381112,0.0106731359415941,5,0.0,1XB,3.0-4.0,sportsbook,0.2834145788459358,1.0322176147379396,0.0126731359415941,0.0364836758437625,1.2608445104024748,0.0855828815987323,0.368854413638779,0.2,1.4624192268450242,draw:3.0-4.0,draw:sportsbook,sportsbook:3.0-4.0,2.972309843285517,2.972309843285517,0.7096630505209085,0.2918385382702798,0.288422372348515,0.2890112849992696,0.8276100563492561,,,0.0,lower_clv,True,3.2537202400722443,3.2537202400722443,0.2926360963611615,0.2903644136284733,,,0.288422372348515,0.5391152163431322,3.1130150416788807,0.2814103967867272,2.972309843285517,0.2890112849992696,0.2918385382702798,0.7254268367211487,0.7096630505209085,1.0,5.9,model_agreement_0.75_kelly,9m3m_core,False,-5.9,3.511443453009319,home,0.2847831706197622,True,0.4828939214769123,1.25,True,,,,,,,,,0.59,10.0
2025-03,data\historical_csv\football-data\2425\P1.csv:220,data\historical_csv\football-data\2425\P1.csv,220,2025-03-08,P1,Estoril,Farense,away,0.2608738056808538,0.2508444300335704,4.153149999999999,4.3,4.179454459392251,0.0080293756472833,5,0.025,BFE,4.0-5.0,exchange,0.2407810938685095,1.0834480460634377,0.0100293756472834,0.0307787730022473,1.423867082464937,0.0680551424904118,0.3714496245863222,0.2,3.5358703634590816,away:4.0-5.0,away:exchange,exchange:4.0-5.0,4.150996461781029,4.150996461781029,0.0,0.250775908555629,0.2575486825214798,0.2563811243991475,0.8276100563492561,,,0.0,lower_clv,True,4.68710034868054,4.68710034868054,0.2520667453587772,0.2550221410982271,,,0.2575486825214798,0.5391152163431322,4.419048405230784,0.5361038868995109,4.150996461781029,0.2550221410982271,0.250775908555629,0.0,0.7512682560447347,1.0,14.1,model_agreement_0.75_kelly,9m3m_core,False,-14.1,3.2811666395799324,draw,0.3047696474593024,True,26.57540613456016,1.25,True,,,,,,,,,1.41,10.0
2025-03,data\historical_csv\football-data\2425\T1.csv:257,data\historical_csv\football-data\2425\T1.csv,257,2025-03-28,T1,Konyaspor,Gaziantep,draw,0.2857112454520281,0.2805996344016834,3.597,3.65,0.931688494285532,0.0031116110503446,4,0.0,1XB,3.0-4.0,sportsbook,0.2780094523213789,1.027703349890945,0.0051116110503446,0.0108907545638314,1.2801001647134869,0.081630915777749,0.3657390123636366,0.25,1.4734500973033082,draw:3.0-4.0,draw:sportsbook,sportsbook:3.0-4.0,2.5218538922752587,2.5218538922752587,0.6222897658532165,0.2850204445156387,0.2817603064258312,0.2823223214474268,0.8276100563492561,,,0.0,lower_clv,True,2.6482289507929746,2.6482289507929746,0.2853717791236946,0.2834247792388686,,,0.2817603064258312,0.5391152163431322,2.5850414215341164,0.1263750585177159,2.5218538922752587,0.2823223214474268,0.2850204445156387,0.6222897658532165,0.6357106566116565,0.5,2.2,model_agreement_0.75_kelly,9m3m_core,False,-2.2,3.4972697490362115,home,0.2859373373402447,True,2.8516602412860026,1.25,True,,,,,,,,,0.22,10.0
2025-04,data\historical_csv\football-data\2425\B1.csv:283,data\historical_csv\football-data\2425\B1.csv,283,2025-04-27,B1,Gent,Anderlecht,draw,0.3057182360208508,0.286998739165169,3.4794,3.53,-0.141658694871094,0.0167194968556817,4,0.0,1XB,3.0-4.0,sportsbook,0.2874058745760763,1.0637160304109483,0.0187194968556818,0.0546892363154335,1.2468598651283127,0.0934636398357006,0.3811877985322238,0.25,1.4542737253549598,draw:3.0-4.0,draw:sportsbook,sportsbook:3.0-4.0,4.915510999475414,4.915510999475414,0.8124827815513221,0.3015333419540019,0.2974265505912892,0.3014234893243063,0.0267490164445735,,,0.0,lower_clv,True,5.818088367800089,5.818088367800089,0.3041274023331611,0.3037071636854268,,,0.2974265505912892,0.0627142136436736,5.366799683637751,0.9025773683246756,4.915510999475414,0.3014234893243063,0.3015333419540019,0.8402012985975352,0.8124827815513221,0.5416551877008814,8.0,model_agreement_0.75_kelly,9m3m_core,False,-8.0,3.507476310143394,away,0.2851052755817808,False,-0.800470414075205,1.25,True,,,,,,,,,0.8,10.0
2025-04,data\historical_csv\football-data\2425\F1.csv:269,data\historical_csv\football-data\2425\F1.csv,269,2025-04-20,F1,Reims,Toulouse,draw,0.2911339604171674,0.287128327061014,3.5382,3.59,1.5917446807279578,0.0020056333561533,4,0.0,1XB,3.0-4.0,sportsbook,0.2826295856650274,1.0300901787480217,0.0040056333561533,0.0068890395104696,1.2636181232523764,0.0847589829081847,0.3678821486773727,0.25,1.4640212537448516,draw:3.0-4.0,draw:sportsbook,sportsbook:3.0-4.0,2.676870572324442,2.676870572324442,0.0,0.290195213872377,0.2813295890572697,0.2858411556078043,0.4911169100178051,,,0.0,lower_clv,True,3.064023940592331,3.064023940592331,0.2912894238330007,0.2847168209064858,,,0.2813295890572697,0.659910839337434,2.8704472564583865,0.3871533682678887,2.676870572324442,0.290195213872377,0.290195213872377,0.0,0.6748407380068222,0.5,1.6,model_agreement_0.625_kelly,18m9m_satellite,False,-1.6,3.682114882506527,home,0.2715830526502393,False,-3.908484311292315,1.25,True,,,,,,,,,0.16,10.0
2025-04,data\historical_csv\football-data\2425\F2.csv:262,data\historical_csv\football-data\2425\F2.csv,262,2025-04-07,F2,Dunkerque,Guingamp,draw,0.3240391668775574,0.315304674484635,3.205,3.25,1.0551481723255485,0.0067344923929223,4,0.0,B365,3.0-4.0,sportsbook,0.31201248049922,1.0385455298425714,0.0087344923929223,0.0207829579918252,1.1647120903726331,0.1050013816707015,0.3774123354165664,0.25,1.4040561622464809,draw:3.0-4.0,draw:sportsbook,sportsbook:3.0-4.0,2.320549879858165,2.320549879858165,0.0,0.3192528857405871,0.314477063290312,0.3169073985760143,0.4911169100178051,,,0.0,lower_clv,True,2.8546852315601168,2.8546852315601168,0.3209194547006556,0.3166680507777155,,,0.314477063290312,0.659910839337434,2.5876175557091408,0.5341353517019516,2.320549879858165,0.3192528857405871,0.3192528857405871,0.0,0.6165948247945479,0.5,1.6,model_agreement_0.625_kelly,18m9m_satellite,False,-1.6,3.393057014576569,home,0.2947194803105286,False,-5.542406560475587,1.25,True,,,,,,,,,0.16,10.0
2025-04,data\historical_csv\football-data\2425\I1.csv:318,data\historical_csv\football-data\2425\I1.csv,318,2025-04-13,I1,Verona,Genoa,draw,0.3305861514889672,0.3264815337074587,3.107,3.15,1.4378125229074,0.0021046177815085,4,0.0,1XB,3.0-4.0,sportsbook,0.321853878339234,1.0271311726762211,0.0041046177815085,0.0063663216744843,1.1336576304109105,0.1092872035562864,0.3747715131436448,0.25,1.3839716768587085,draw:3.0-4.0,draw:sportsbook,sportsbook:3.0-4.0,2.500409107593903,2.500409107593903,0.0,0.3299015420263724,0.3210899500994576,0.3255740202268882,0.4911169100178051,,,0.0,lower_clv,True,2.7493663753599185,2.7493663753599185,0.3307028206480847,0.324359183175898,,,0.3210899500994576,0.659910839337434,2.6248877414769107,0.2489572677660154,2.500409107593903,0.3299015420263724,0.3299015420263724,0.0,0.663516834016334,0.5,1.8,model_agreement_0.625_kelly,18m9m_satellite,True,3.79,2.879668333779586,draw,0.3472622135923176,True,7.894369763133069,1.25,True,,,,,,,,,0.18,10.0
2025-04,data\historical_csv\football-data\2425\I1.csv:332,data\historical_csv\football-data\2425\I1.csv,332,2025-04-27,I1,Como,Genoa,draw,0.277236902386141,0.2709696497677208,3.7342,3.79,1.185486616262299,0.0042672526184202,4,0.0,1XB,3.0-4.0,sportsbook,0.2677949761662471,1.035258040890328,0.0062672526184202,0.0153920801368526,1.3175336055490985,0.0768603000446627,0.3652689355920758,0.25,1.4942959670076528,draw:3.0-4.0,draw:sportsbook,sportsbook:3.0-4.0,2.938700047350604,2.938700047350604,0.0,0.2756646672576471,0.2673779949198308,0.2715949423447688,0.4911169100178051,,,0.0,lower_clv,True,3.376376822028204,3.376376822028204,0.2768367436720802,0.2705948128439014,,,0.2673779949198308,0.659910839337434,3.157538434689404,0.4376767746776,2.938700047350604,0.2756646672576471,0.2756646672576471,0.0,0.6917756911487158,0.5,1.7,model_agreement_0.625_kelly,18m9m_satellite,False,-1.7,3.767883839189399,home,0.2654009631610974,False,-0.8939723363830088,1.25,True,,,,,,,,,0.17,10.0
2025-04,data\historical_csv\football-data\2425\SP1.csv:306,data\historical_csv\football-data\2425\SP1.csv,306,2025-04-13,SP1,Osasuna,Girona,draw,0.3045225165014815,0.3005619000430261,3.3716,3.42,1.337450218506664,0.0019606164584554,4,0.0,1XB,3.0-4.0,sportsbook,0.2965950883853363,1.026728116636395,0.0039606164584554,0.0064383300157246,1.21538740914119,0.0927339630563951,0.3701128323558909,0.25,1.4355202277850363,draw:3.0-4.0,draw:sportsbook,sportsbook:3.0-4.0,2.4529382320531807,2.4529382320531807,0.0,0.3038703827027321,0.294798197800243,0.2994148792863115,0.4911169100178051,,,0.0,lower_clv,True,2.767324767382151,2.767324767382151,0.3048028377250627,0.2982006673950061,,,0.294798197800243,0.659910839337434,2.610131499717666,0.3143865353289703,2.4529382320531807,0.3038703827027321,0.3038703827027321,0.0,0.6614769414153208,0.5,1.6,model_agreement_0.625_kelly,18m9m_satellite,False,-1.6,3.2366778689144824,home,0.3089587659013407,True,4.168537511296044,1.25,True,,,,,,,,,0.16,10.0
2025-04,data\historical_csv\football-data\2425\SP1.csv:311,data\historical_csv\football-data\2425\SP1.csv,311,2025-04-18,SP1,Espanol,Getafe,draw,0.3519848823153619,0.3483335326457371,2.9208,2.96,1.7412582151668854,0.0016513496696248,4,0.0,1XB,2.0-3.0,sportsbook,0.3423719528896193,1.028077444266709,0.0036513496696248,0.0046915357806343,1.07185755135929,0.1238933573785592,0.3772776540740317,0.25,1.342098055327301,draw:2.0-3.0,draw:sportsbook,sportsbook:2.0-3.0,2.266355697386859,2.266355697386859,0.6466265627397189,0.3501313191501878,0.3432419556145046,0.3499470354516792,0.0267490164445735,,,0.0,lower_clv,True,2.807537977664687,2.807537977664687,0.3519841754918676,0.3514359140467587,,,0.3432419556145046,0.0627142136436736,2.5369468375257727,0.5411822802778281,2.266355697386859,0.3499470354516792,0.3501313191501878,0.6466265627397189,0.6608948094080956,0.5,4.3,model_agreement_0.75_kelly,9m3m_core,False,-4.3,2.76808258719851,home,0.3612608975702812,True,5.517082962327735,1.25,True,,,,,,,,,0.43,10.0
2025-04,data\historical_csv\football-data\2425\SP1.csv:316,data\historical_csv\football-data\2425\SP1.csv,316,2025-04-20,SP1,Valladolid,Osasuna,draw,0.2804126227785409,0.2663406284665889,3.695,3.75,-1.5871377815954046,0.012071994311952,4,0.0,1XB,3.0-4.0,sportsbook,0.2706359945872801,1.0361246411667089,0.014071994311952,0.0430508234341721,1.3069805544001651,0.0786312390135403,0.3664938451799018,0.25,1.4884979702300516,draw:3.0-4.0,draw:sportsbook,sportsbook:3.0-4.0,2.6398779355190496,2.6398779355190496,0.6999430163377842,0.2777804544939622,0.2724438609239528,0.2776377058648001,0.0267490164445735,,,0.0,lower_clv,True,3.290247919483269,3.290247919483269,0.2795405897685609,0.2790955239996289,,,0.2724438609239528,0.0627142136436736,2.965062927501159,0.6503699839642194,2.6398779355190496,0.2776377058648001,0.2777804544939622,0.718951748678287,0.6999430163377842,0.5,3.6,model_agreement_0.75_kelly,9m3m_core,False,-3.6,3.710107933457452,away,0.269533937539143,False,-0.4072100792866462,1.25,True,,,,,,,,,0.36,10.0
2025-04,data\historical_csv\football-data\2425\SP1.csv:318,data\historical_csv\football-data\2425\SP1.csv,318,2025-04-20,SP1,Sevilla,Alaves,draw,0.315940990998907,0.3087502993956149,3.2442,3.29,0.1647721299253834,0.0051906916032921,4,0.0,1XB,3.0-4.0,sportsbook,0.308242401824795,1.0249757629986542,0.0071906916032921,0.016429307216138,1.1768687866338772,0.0998187097933714,0.3718210907247884,0.25,1.4117502003575533,draw:3.0-4.0,draw:sportsbook,sportsbook:3.0-4.0,2.195061941666315,2.195061941666315,0.0,0.3150085134753292,0.3063052338487004,0.3107341856780784,0.4911169100178051,,,0.0,lower_clv,True,2.438823888816821,2.438823888816821,0.3157598911559608,0.3095206603166788,,,0.3063052338487004,0.659910839337434,2.316942915241568,0.2437619471505061,2.195061941666315,0.3150085134753292,0.3150085134753292,0.0,0.6517701961893558,0.5,1.6,model_agreement_0.625_kelly,18m9m_satellite,True,3.59,3.1207313328272908,draw,0.3204377094179489,True,3.956401689371014,1.25,True,,,,,,,,,0.16,10.0
2025-05,data\historical_csv\football-data\2425\B1.csv:294,data\historical_csv\football-data\2425\B1.csv,294,2025-05-09,B1,Charleroi,Westerlo,home,0.5699947746942149,0.562688733272644,1.888615,1.93,6.270238198971456,0.0053060414215708,4,0.025,BFE,1.5-2.0,exchange,0.5294885405442613,1.0765006814091147,0.0073060414215708,0.0093089299360988,0.6358437562064804,0.3248940431787088,0.362427618559636,0.25,2.1912883250424287,home:1.5-2.0,home:exchange,exchange:1.5-2.0,5.9809098628203134,5.9809098628203134,0.5944769555971728,0.5611567728881763,0.5485830947744116,0.5611567728881763,0.0,,,0.0,lower_clv,True,4.518214574165769,4.518214574165769,0.5534119689516698,0.5534119689516698,,,0.5485830947744116,0.0,5.2495622184930415,1.4626952886545448,4.518214574165769,0.5534119689516698,0.5534119689516698,0.5944769555971728,0.604843121105662,0.5,15.0,model_agreement_0.75_kelly,9m3m_core,True,13.33,1.7440429431674522,home,0.5733803768523297,True,8.28947804289626,1.25,True,,,,,,,,,1.91,10.0
2025-05,data\historical_csv\football-data\2425\D2.csv:291,data\historical_csv\football-data\2425\D2.csv,291,2025-05-09,D2,Preußen Münster,Hertha,away,0.3561894986903289,0.3481331201838886,2.958775,3.05,3.00475726720848,0.0060563785064403,4,0.025,BFE,2.0-3.0,exchange,0.3379777103700011,1.0538845839874778,0.0080563785064403,0.0170032483515346,1.0847753313245123,0.1268709589772678,0.3863855814561135,0.25,3.083201662850344,away:2.0-3.0,away:exchange,exchange:2.0-3.0,3.151841034379296,3.151841034379296,0.0,0.3486302305324984,0.3419543552305958,0.3486302305324984,0.0,,,0.0,lower_clv,True,3.0256250519612227,3.0256250519612227,0.3482036486450008,0.3482036486450008,,,0.3419543552305958,0.0,3.08873304317026,0.1262159824180733,3.0256250519612227,0.3482036486450008,0.3482036486450008,0.0,0.6302725305382625,0.5,5.8,model_agreement_0.75_kelly,9m3m_core,False,-5.8,2.543281023863796,home,0.393192883765862,True,16.336927466433828,1.25,True,,,,,,,,,0.58,10.0
2025-05,data\historical_csv\football-data\2425\F1.csv:285,data\historical_csv\football-data\2425\F1.csv,285,2025-05-04,F1,Nantes,Angers,draw,0.2867187998187193,0.2775777060565457,3.6558,3.71,1.4768577801519855,0.0071410937621735,4,0.0,1XB,3.0-4.0,sportsbook,0.2735379397122381,1.048186588377274,0.0091410937621735,0.0249062627448517,1.2963149475003666,0.0822076701694868,0.3716778659343713,0.25,1.482575633240346,draw:3.0-4.0,draw:sportsbook,sportsbook:3.0-4.0,3.6795769497703112,3.6795769497703112,0.721107487282973,0.2836029786907662,0.275843781371066,0.2836029786907662,0.0,,,0.0,lower_clv,True,4.175058354969918,4.175058354969918,0.2849583083182065,0.2849583083182065,,,0.275843781371066,0.0,3.9273176523701134,0.495481405199607,3.6795769497703112,0.2836029786907662,0.2836029786907662,0.7434047006382051,0.721107487282973,0.5,5.2,model_agreement_0.75_kelly,9m3m_core,False,-5.2,3.448434935889252,away,0.2899866225088364,True,6.013309456780402,1.25,True,,,,,,,,,0.52,10.0
2025-05,data\historical_csv\football-data\2425\I2.csv:349,data\historical_csv\football-data\2425\I2.csv,349,2025-05-01,I2,Spezia,Salernitana,draw,0.3048918756130577,0.287009627711616,3.45,3.5,-0.9816784394924838,0.0158822479014417,4,0.0,B365,3.0-4.0,sportsbook,0.2898550724637681,1.0518769708650493,0.0178822479014417,0.0520914106665082,1.2383742310432684,0.0929590558148482,0.3775702420136602,0.25,1.4492753623188248,draw:3.0-4.0,draw:sportsbook,sportsbook:3.0-4.0,3.756803960283201,3.756803960283201,0.668071946322773,0.3007443593051687,0.2931097315605524,0.3007443593051687,0.0,,,0.0,lower_clv,True,4.221272922276853,4.221272922276853,0.3020906461515271,0.3020906461515271,,,0.2931097315605524,0.0,3.989038441280027,0.4644689619936519,3.756803960283201,0.3007443593051687,0.3007443593051687,0.7150339944038583,0.668071946322773,0.5,5.8,model_agreement_0.75_kelly,9m3m_core,False,-5.8,3.513579256665669,home,0.2846100591306951,False,-1.8095295999101648,1.25,True,,,,,,,,,0.58,10.0
2025-05,data\historical_csv\football-data\2425\I2.csv:357,data\historical_csv\football-data\2425\I2.csv,357,2025-05-04,I2,Frosinone,Cittadella,draw,0.3404182296971469,0.3317142102822059,3.0874,3.13,2.413445282528248,0.006704019414941,4,0.0,1XB,3.0-4.0,sportsbook,0.3238971302714258,1.0510072423669714,0.008704019414941,0.0196934794617351,1.1273293127656037,0.1158845711101395,0.3837634489373681,0.25,1.3798017749562907,draw:3.0-4.0,draw:sportsbook,sportsbook:3.0-4.0,4.6542549951194,4.6542549951194,0.7354169138598285,0.3389721286361321,0.3269175630753688,0.3389721286361321,0.0,,,0.0,lower_clv,True,4.340988150751968,4.340988150751968,0.3379574663171341,0.3379574663171341,,,0.3269175630753688,0.0,4.497621572935683,0.3132668443674324,4.340988150751968,0.3379574663171341,0.3379574663171341,0.758663015805928,0.7354169138598285,0.5,7.8,model_agreement_0.75_kelly,9m3m_core,True,16.28,3.540052663443069,draw,0.2824816733170845,False,-12.786608180083336,1.25,True,,,,,,,,,0.78,10.0
2025-05,data\historical_csv\football-data\2425\I2.csv:365,data\historical_csv\football-data\2425\I2.csv,365,2025-05-09,I2,Mantova,Carrarese,away,0.2624707004794951,0.2463358628871377,4.136,4.2,1.8845128901201715,0.0141348375923574,4,0.0,B365,4.0-5.0,sportsbook,0.241779497098646,1.085578817183192,0.0161348375923574,0.0538530112752973,1.419729137206128,0.0688908686101968,0.3726373011336417,0.25,1.547388781431347,away:4.0-5.0,away:sportsbook,sportsbook:4.0-5.0,4.473151832882685,4.473151832882685,0.7179720823626538,0.2525946611046486,0.2528276040138332,0.2525946611046486,0.0,,,0.0,lower_clv,True,4.994616728438484,4.994616728438484,0.2538554563066694,0.2538554563066694,,,0.2528276040138332,0.0,4.733884280660584,0.5214648955557992,4.473151832882685,0.2525946611046486,0.2525946611046486,0.7967943792071248,0.7179720823626538,0.5,5.3,model_agreement_0.75_kelly,9m3m_core,False,-5.3,4.193620566325455,home,0.2384574341393557,False,-1.3740052399624614,1.25,True,,,,,,,,,0.53,10.0
2025-05,data\historical_csv\football-data\2425\SP1.csv:335,data\historical_csv\football-data\2425\SP1.csv,335,2025-05-03,SP1,Las Palmas,Valencia,away,0.3488117848777106,0.3431394577846647,2.96,3.0,1.5692795042607566,0.0036723270930458,4,0.0,1XB,2.0-3.0,sportsbook,0.3378378378378378,1.0324828832380235,0.0056723270930458,0.0105281049902982,1.085189268335969,0.1216696612695742,0.3785268056184062,0.25,1.3513513513513598,away:2.0-3.0,away:sportsbook,sportsbook:2.0-3.0,2.085265865655364,2.085265865655364,0.0,0.3448826549515384,0.3349178094685733,0.3448826549515384,0.0,,,0.0,lower_clv,True,2.7794945854269004,2.7794945854269004,0.3472280222480639,0.3472280222480639,,,0.3349178094685733,0.0,2.432380225541132,0.6942287197715364,2.085265865655364,0.3448826549515384,0.3448826549515384,0.0,0.5999596020643282,0.5,4.0,model_agreement_0.75_kelly,9m3m_core,True,7.84,3.053793688779072,away,0.327461545183757,False,-3.0713826256079324,1.25,True,,,,,,,,,0.4,10.0
2025-05,data\historical_csv\football-data\2425\SP1.csv:341,data\historical_csv\football-data\2425\SP1.csv,341,2025-05-05,SP1,Girona,Mallorca,draw,0.3029491269263583,0.2950934390250851,3.401,3.45,0.3612786124314704,0.0058556879012731,4,0.0,1XB,3.0-4.0,sportsbook,0.2940311673037342,1.030329980676545,0.0078556879012731,0.0193289479348673,1.2240695060250584,0.0917781735054427,0.3708307881474701,0.25,1.4407527197882963,draw:3.0-4.0,draw:sportsbook,sportsbook:3.0-4.0,2.510552874789113,2.510552874789113,0.6455947035145692,0.3014129752272541,0.2912631646130302,0.3014129752272541,0.0,,,0.0,lower_clv,True,2.6342962879486675,2.6342962879486675,0.3017768194294286,0.3017768194294286,,,0.2912631646130302,0.0,2.57242458136889,0.1237434131595547,2.510552874789113,0.3014129752272541,0.3014129752272541,0.6593565686754811,0.6455947035145692,0.5,3.9,model_agreement_0.75_kelly,9m3m_core,False,-3.9,3.408675357966838,home,0.2933690935579347,False,-0.2251712809463901,1.25,True,,,,,,,,,0.39,10.0
2025-08,data\historical_csv\football-data\2526\B1.csv:28,data\historical_csv\football-data\2526\B1.csv,28,2025-08-16,B1,Mechelen,Gent,away,0.272449357356831,0.2543827745740686,4.0576,4.2,3.2183546111741013,0.0160665827827623,8,0.025,BFE,4.0-5.0,exchange,0.2464511041009463,1.1054905124110774,0.0180665827827623,0.0589708962378637,1.400591665820715,0.0742286523241502,0.3815902992721872,0.125,3.509463722397488,away:4.0-5.0,away:exchange,exchange:4.0-5.0,6.552977965952926,6.552977965952926,0.8143874920309934,0.2626009906495291,0.2619777015666878,0.2625640869264596,0.0592080369854711,,,0.0,lower_clv,True,7.221781768895275,7.221781768895275,0.2642492650061496,0.2642492650061496,,,0.2619777015666878,0.0,6.8873798674241,0.6688038029423486,6.552977965952926,0.2626009906495291,0.2626009906495291,0.8274457054361152,0.8143874920309934,1.0858499893746578,7.2,model_agreement_0.625_kelly,18m9m_satellite,False,-7.2,3.433284989122552,draw,0.2912662371950576,True,18.184188404266564,1.25,True,,,,,,,,,0.72,10.0
2025-08,data\historical_csv\football-data\2526\B1.csv:32,data\historical_csv\football-data\2526\B1.csv,32,2025-08-17,B1,Charleroi,Antwerp,away,0.3163861032443273,0.3133605752275484,3.38875,3.5,6.190064930235462,0.0010255280167788,8,0.025,BFE,3.0-4.0,exchange,0.2950940612320177,1.072153407369214,0.0030255280167789,0.003241381357344,1.2204611218307382,0.1001001663261301,0.3861369384972274,0.125,3.2829214312062094,away:3.0-4.0,away:exchange,exchange:3.0-4.0,3.6585397879531856,3.6585397879531856,0.7185976802321131,0.305890194874078,0.3037080886289222,0.3057609966468086,0.0592080369854711,,,0.0,lower_clv,True,4.209383324024452,4.209383324024452,0.3075157014357048,0.3075157014357048,,,0.3037080886289222,0.0,3.9339615559888186,0.550843536071266,3.6585397879531856,0.305890194874078,0.305890194874078,0.7259127921750104,0.7185976802321131,1.0,4.8,model_agreement_0.625_kelly,18m9m_satellite,False,-4.8,3.1848512372736937,draw,0.3139864079981403,True,6.402144010369804,1.25,True,,,,,,,,,0.48,10.0
2025-08,data\historical_csv\football-data\2526\B1.csv:36,data\historical_csv\football-data\2526\B1.csv,36,2025-08-24,B1,Antwerp,Mechelen,away,0.2685558761295631,0.2567288496672111,3.962049999999999,4.1,1.7172538823973849,0.0098270264623519,8,0.025,BFE,3.0-4.0,exchange,0.2523945937078028,1.0640318090191352,0.0118270264623519,0.0365921111240587,1.3767615680856735,0.0721222586037172,0.3697374091387592,0.125,3.481783420199158,away:3.0-4.0,away:exchange,exchange:3.0-4.0,3.0758466952932624,3.0758466952932624,0.6779313571097374,0.2601578644774631,0.2582840498472524,0.2600469195915337,0.0592080369854711,,,0.0,lower_clv,True,3.360908250867567,3.360908250867567,0.260877344432472,0.260877344432472,,,0.2582840498472524,0.0,3.2183774730804147,0.2850615555743045,3.0758466952932624,0.2601578644774631,0.2601578644774631,0.6846545651508193,0.6779313571097374,1.0,3.2,model_agreement_0.625_kelly,18m9m_satellite,False,-3.2,3.8379984295103657,home,0.2605524776432947,True,3.2321944046615814,1.25,True,,,,,,,,,0.32,10.0
2025-08,data\historical_csv\football-data\2526\E3.csv:62,data\historical_csv\football-data\2526\E3.csv,62,2025-08-30,E3,Barrow,Fleetwood Town,draw,0.2897465129150099,0.2838944361578179,3.548,3.6,0.7257459487938211,0.0038520767571919,8,0.0,BMGM,3.0-4.0,sportsbook,0.2818489289740699,1.0280206278224553,0.0058520767571919,0.0132946440612449,1.266384064447333,0.083953041746408,0.3669303666847519,0.125,1.4656144306651742,draw:3.0-4.0,draw:sportsbook,sportsbook:3.0-4.0,2.870466432104225,2.870466432104225,0.0,0.2899393078695158,0.2783945794544384,0.2892557671625287,0.0592080369854711,,,0.0,lower_clv,True,3.0554398646142067,3.0554398646142067,0.2904606535079318,0.2904606535079318,,,0.2783945794544384,0.0,2.962953148359216,0.1849734325099818,2.870466432104225,0.2899393078695158,0.2899393078695158,0.0,0.6226883151109536,1.0,3.5,model_agreement_0.625_kelly,18m9m_satellite,False,-3.5,3.4801771597213125,away,0.2873416938579295,True,1.9488329807934024,1.25,True,,,,,,,,,0.35,10.0
2025-08,data\historical_csv\football-data\2526\F1.csv:25,data\historical_csv\football-data\2526\F1.csv,25,2025-08-31,F1,Le Havre,Nice,draw,0.2777205150154609,0.2738046433527971,3.695,3.75,1.170815718858531,0.0019158716626638,8,0.0,BMGM,3.0-4.0,sportsbook,0.2706359945872801,1.0261773029821282,0.0039158716626638,0.0068985600957753,1.3069805544001651,0.0771286844604528,0.3629753126832065,0.125,1.4884979702300516,draw:3.0-4.0,draw:sportsbook,sportsbook:3.0-4.0,2.7145813003237653,2.7145813003237653,0.0,0.2779826286882916,0.2669792460069214,0.2773311399995278,0.0592080369854711,,,0.0,lower_clv,True,2.980722188283358,2.980722188283358,0.2787029017274245,0.2787029017274245,,,0.2669792460069214,0.0,2.847651744303562,0.2661408879595925,2.7145813003237653,0.2779826286882916,0.2779826286882916,0.0,0.6139724592225014,1.0,3.2,model_agreement_0.625_kelly,18m9m_satellite,False,-3.2,3.584606574527834,home,0.2789706427215713,True,3.079652485620588,1.25,True,,,,,,,,,0.32,10.0
2025-08,data\historical_csv\football-data\2526\P1.csv:8,data\historical_csv\football-data\2526\P1.csv,8,2025-08-11,P1,Estoril,Estrela,draw,0.2744747742980438,0.267007482021424,3.793,3.85,1.2759379307261345,0.0054672922766197,8,0.0,BMGM,3.0-4.0,sportsbook,0.2636435539151067,1.04108281891248,0.0074672922766197,0.019919106557614,1.3331572627067618,0.075336401725962,0.3659180387852363,0.125,1.5027682573161003,draw:3.0-4.0,draw:sportsbook,sportsbook:3.0-4.0,3.768786357976426,3.768786357976426,0.0,0.2735797162087435,0.2638993909215869,0.2730065631511101,0.0592080369854711,,,0.0,lower_clv,True,4.18998301105451,4.18998301105451,0.27469017403389,0.27469017403389,,,0.2638993909215869,0.0,3.979384684515468,0.4211966530780837,3.768786357976426,0.2735797162087435,0.2735797162087435,0.0,0.6737240788992626,1.0,4.2,model_agreement_0.625_kelly,18m9m_satellite,True,11.73,3.7278999275738096,draw,0.268247544040384,True,1.7462934545176667,1.25,True,,,,,,,,,0.42,10.0
2025-08,data\historical_csv\football-data\2526\SP2.csv:30,data\historical_csv\football-data\2526\SP2.csv,30,2025-08-31,SP2,Cadiz,Albacete,draw,0.2642953724146595,0.2593099983043256,3.891,3.95,0.8975203402131093,0.0029853741103338,8,0.0,BMGM,3.0-4.0,sportsbook,0.2570033410434336,1.0283732940654404,0.0049853741103338,0.0112955973578305,1.3586661940024165,0.0698520438798036,0.3590891877310768,0.125,1.5163197121562666,draw:3.0-4.0,draw:sportsbook,sportsbook:3.0-4.0,2.86045353023588,2.86045353023588,0.0,0.2643548021851346,0.2542428262981513,0.2637560919428219,0.0592080369854711,,,0.0,lower_clv,True,3.246448401627622,3.246448401627622,0.2653468219008677,0.2653468219008677,,,0.2542428262981513,0.0,3.053450965931751,0.385994871391742,2.86045353023588,0.2643548021851346,0.2643548021851346,0.0,0.6214024472014935,1.0,3.1,model_agreement_0.625_kelly,18m9m_satellite,False,-3.1,3.867630944554021,home,0.2585562103354488,True,0.6042214415231228,1.25,True,,,,,,,,,0.31,10.0
2025-09,data\historical_csv\football-data\2526\B1.csv:54,data\historical_csv\football-data\2526\B1.csv,54,2025-09-14,B1,St Truiden,Westerlo,away,0.3023295158181199,0.2953681035874148,3.5798500000000004,3.7,5.737350562740717,0.0049614122307051,8,0.025,BFE,3.0-4.0,exchange,0.2793413131835132,1.082294317201497,0.0069614122307051,0.0164106115053943,1.2753209000934622,0.0914031361348188,0.3855671502379854,0.125,3.356285877899912,away:3.0-4.0,away:exchange,exchange:3.0-4.0,3.945465816827329,3.945465816827329,0.7397928173512084,0.2903626292074453,0.2873926551233441,0.2874356982260123,0.9855072463768116,,,0.0,lower_clv,True,4.456971030259993,4.456971030259993,0.2917914745876502,0.2874564061300731,,,0.2873926551233441,0.9855072463768116,4.201218423543661,0.5115052134326641,3.945465816827329,0.2903626292074453,0.2903626292074453,0.7397928173512084,0.7595426710085139,1.0,4.8,model_agreement_0.625_kelly,18m9m_satellite,True,12.38,3.3532369578881203,away,0.2982193064667292,True,6.758038425492052,1.25,True,,,,,,,,,0.48,10.0
2025-09,data\historical_csv\football-data\2526\B1.csv:71,data\historical_csv\football-data\2526\B1.csv,71,2025-09-28,B1,Cercle Brugge,Gent,away,0.3151619814861535,0.3017359718150834,3.38875,3.5,2.250777448836394,0.01142600967107,8,0.025,BFE,3.0-4.0,exchange,0.2950940612320177,1.0680051647612028,0.0134260096710701,0.0362544035838031,1.2204611218307382,0.0993270745742785,0.3846429454829893,0.125,3.2829214312062094,away:3.0-4.0,away:exchange,exchange:3.0-4.0,2.7704065400846605,2.7704065400846605,0.0,0.303269366403791,0.299937658242529,0.2999859438680545,0.9855072463768116,,,0.0,lower_clv,True,3.2520910104463674,3.2520910104463674,0.3046907886697053,0.3000065441907489,,,0.299937658242529,0.9855072463768116,3.011248775265514,0.4816844703617069,2.7704065400846605,0.303269366403791,0.303269366403791,0.0,0.6994871184240752,1.0,3.6,model_agreement_0.625_kelly,18m9m_satellite,True,8.6,3.1441347569332065,away,0.318052525514333,True,7.7800495836696015,1.25,True,,,,,,,,,0.36,10.0
2025-09,data\historical_csv\football-data\2526\B1.csv:72,data\historical_csv\football-data\2526\B1.csv,72,2025-09-28,B1,Charleroi,Mechelen,away,0.2840916791391009,0.2751997150053138,3.962049999999999,4.1,9.035503083680352,0.006891964133787,8,0.025,BFE,3.0-4.0,exchange,0.2523945937078028,1.1255854373330747,0.008891964133787,0.0242596479934653,1.3767615680856735,0.0807080821560738,0.3911265056516407,0.125,3.481783420199158,away:3.0-4.0,away:exchange,exchange:3.0-4.0,6.848612488656688,6.848612488656688,0.8613989114230328,0.2696801213731697,0.2696058804892856,0.2696069564441244,0.9855072463768116,,,0.0,lower_clv,True,7.510095652903148,7.510095652903148,0.2713496691180151,0.2696311527882526,,,0.2696058804892856,0.9855072463768116,7.179354070779918,0.6614831642464605,6.848612488656688,0.2696801213731697,0.2696801213731697,0.8613989114230328,0.8692885084554458,1.148531881897377,8.3,model_agreement_0.625_kelly,18m9m_satellite,True,24.59,3.606420408890141,away,0.2772832578073573,True,9.86101315956398,1.25,True,,,,,,,,,0.83,10.0
2025-09,data\historical_csv\football-data\2526\G1.csv:23,data\historical_csv\football-data\2526\G1.csv,23,2025-09-20,G1,Panserraikos,Atromitos,home,0.2750747927137586,0.2663978983200803,4.0968,4.16,9.137890983770514,0.0066768943936783,8,0.0,PS,4.0-5.0,sportsbook,0.2440929505955868,1.1269264107897263,0.0086768943936783,0.0242730143602298,1.4102061811662034,0.0756661415865172,0.3879121729679545,0.125,1.5426674477641011,home:4.0-5.0,home:sportsbook,sportsbook:4.0-5.0,7.497209776809997,7.497209776809997,0.8808634698907668,0.2623931111521431,0.2608306003580101,0.260853245441983,0.9855072463768116,,,0.0,lower_clv,True,8.24444049790296,8.24444049790296,0.2642170486670156,0.2608796793190101,,,0.2608306003580101,0.9855072463768116,7.870825137356478,0.7472307210929641,7.497209776809997,0.2623931111521431,0.2623931111521431,0.9103429027548724,0.8808634698907668,1.1744846265210225,8.9,model_agreement_0.625_kelly,18m9m_satellite,False,-8.9,3.346106311127683,draw,0.2988548202053349,True,22.43484274172158,1.25,True,,,,,,,,,0.89,10.0
2025-09,data\historical_csv\football-data\2526\I2.csv:39,data\historical_csv\football-data\2526\I2.csv,39,2025-09-21,I2,Carrarese,Avellino,away,0.2763289024672972,0.2658606503755425,3.9498,4.01,5.009639685331768,0.0084682520917547,8,0.0,PS,3.0-4.0,sportsbook,0.2531773760696744,1.0914438989653306,0.0104682520917547,0.0306455532379821,1.3736649447197489,0.076357662338781,0.3795833265322087,0.125,1.5241278039394457,away:3.0-4.0,away:sportsbook,sportsbook:3.0-4.0,3.740472293635874,3.740472293635874,0.7475038660184637,0.2626474056753149,0.2620503652821932,0.2620590180415138,0.9855072463768116,,,0.0,lower_clv,True,4.033613876447206,4.033613876447206,0.2633895738428457,0.2620697741019128,,,0.2620503652821932,0.9855072463768116,3.88704308504154,0.2931415828113324,3.740472293635874,0.2626474056753149,0.2626474056753149,0.7738394056538661,0.7475038660184637,1.0,4.0,model_agreement_0.625_kelly,18m9m_satellite,True,11.8,3.627545475819935,away,0.2756684944863358,True,8.883541952212903,1.25,True,,,,,,,,,0.4,10.0
2025-09,data\historical_csv\football-data\2526\SC0.csv:30,data\historical_csv\football-data\2526\SC0.csv,30,2025-09-20,SC0,Dundee,Livingston,draw,0.2860444207375575,0.2780060097894755,3.646,3.7,1.3609911692427756,0.0060384109480819,8,0.0,B365,3.0-4.0,sportsbook,0.274273176083379,1.0429179580091346,0.0080384109480819,0.0211100462386649,1.293630676256471,0.0818214106350848,0.3700358374381171,0.125,1.4810751508502529,draw:3.0-4.0,draw:sportsbook,sportsbook:3.0-4.0,2.631401384643526,2.631401384643526,0.0,0.2814904042365428,0.2715079256892004,0.2716525992913358,0.9855072463768116,,,0.0,lower_clv,True,2.9646017632379174,2.9646017632379174,0.2824042834976355,0.2716658439183082,,,0.2715079256892004,0.9855072463768116,2.798001573940722,0.3332003785943915,2.631401384643526,0.2814904042365428,0.2814904042365428,0.0,0.6482025483568183,1.0,3.1,model_agreement_0.625_kelly,18m9m_satellite,False,-3.1,3.4375,home,0.2909090909090909,True,6.0654545454545294,1.25,True,,,,,,,,,0.31,10.0
2025-09,data\historical_csv\football-data\2526\T1.csv:33,data\historical_csv\football-data\2526\T1.csv,33,2025-09-13,T1,Karagumruk,Kasimpasa,away,0.3946964525887844,0.3895371047341538,2.64346,2.72,2.972575488054652,0.0031593478546305,8,0.025,BFE,2.0-3.0,exchange,0.3782920868861265,1.043364284560348,0.0051593478546305,0.0080045002530643,0.9720886651243752,0.1557852896861705,0.3836799477263576,0.125,2.8954476330264045,away:2.0-3.0,away:exchange,exchange:2.0-3.0,2.018256163392493,2.018256163392493,0.0,0.3859269902453318,0.3782297972005456,0.3783413507229338,0.9855072463768116,,,0.0,lower_clv,True,2.337989725399248,2.337989725399248,0.3871365170095225,0.3783588800963279,,,0.3782297972005456,0.9855072463768116,2.1781229443958705,0.3197335620067552,2.018256163392493,0.3859269902453318,0.3859269902453318,0.0,0.6315632654573674,1.0,3.8,model_agreement_0.625_kelly,18m9m_satellite,True,6.25,2.479880266796936,away,0.4032452749388665,True,6.596275448989619,1.25,True,,,,,,,,,0.38,10.0
2025-09,data\historical_csv\football-data\2526\T1.csv:39,data\historical_csv\football-data\2526\T1.csv,39,2025-09-14,T1,Gaziantep,Kocaelispor,away,0.2815208101521516,0.2739647925520242,3.8665,4.0,5.928487040240182,0.0055560176001273,7,0.025,BFE,3.0-4.0,exchange,0.258631837579206,1.0885002124532943,0.0075560176001273,0.019735726098275,1.352349705066953,0.0792539665487238,0.3807145845794719,0.1428571428571428,3.452735031682397,away:3.0-4.0,away:exchange,exchange:3.0-4.0,4.2713384794653,4.2713384794653,0.7613274468298257,0.2696788787778748,0.2671026375531723,0.2671399743825158,0.9855072463768116,,,0.0,lower_clv,True,4.807254406275163,4.807254406275163,0.2710649279872628,0.2671600620522171,,,0.2671026375531723,0.9855072463768116,4.539296442870231,0.5359159268098628,4.2713384794653,0.2696788787778748,0.2696788787778748,0.7613274468298257,0.7800436481540924,1.0151032624397676,4.8,model_agreement_0.625_kelly,18m9m_satellite,False,-4.8,3.1948711871955737,home,0.3130016646704902,True,21.022093644845043,1.25,True,,,,,,,,,0.48,10.0
2025-10,data\historical_csv\football-data\2526\B1.csv:76,data\historical_csv\football-data\2526\B1.csv,76,2025-10-04,B1,RAAL La Louviere,Waregem,away,0.3271707400962737,0.3196718119861467,3.19765,3.3,2.2198569597502,0.005498928110127,8,0.025,BFE,3.0-4.0,exchange,0.3127296608446828,1.0461775170688496,0.007498928110127,0.0168075180210458,1.16241616502027,0.1070406931751434,0.380308557009554,0.125,3.200788078745332,away:3.0-4.0,away:exchange,exchange:3.0-4.0,2.089438721445362,2.089438721445362,0.0,0.3192639554718163,0.3089289126380707,0.3192639554718163,0.0,,,0.0,lower_clv,True,2.23430121180872,2.23430121180872,0.3197169834466208,0.3197169834466208,,,0.3089289126380707,0.0,2.161869966627041,0.1448624903633582,2.089438721445362,0.3192639554718163,0.3192639554718163,0.0,0.6584273462103737,1.0,7.1,model_agreement_0.75_kelly,9m3m_core,False,-7.1,3.139414057927765,draw,0.3185307772559541,True,1.854993989250176,1.25,True,,,,,,,,,0.71,10.0
2025-10,data\historical_csv\football-data\2526\B1.csv:90,data\historical_csv\football-data\2526\B1.csv,90,2025-10-24,B1,Charleroi,Anderlecht,home,0.3578313008516028,0.3476765548736378,3.0874,3.13,7.341659551686952,0.0081547459779649,8,0.0,PS,3.0-4.0,sportsbook,0.3238971302714258,1.1047683582492385,0.0101547459779649,0.0227893590039705,1.1273293127656037,0.1280432398691502,0.4033937144750593,0.125,1.3798017749562907,home:3.0-4.0,home:sportsbook,sportsbook:3.0-4.0,5.065354739587616,5.065354739587616,0.823954802123469,0.3403036689110178,0.338048001580244,0.3403036689110178,0.0,,,0.0,lower_clv,True,7.021070693746667,7.021070693746667,0.3466381767627993,0.3466381767627993,,,0.338048001580244,0.0,6.043212716667142,1.955715954159051,5.065354739587616,0.3403036689110178,0.3403036689110178,0.8277764111707787,0.823954802123469,1.098606402831292,15.0,model_agreement_0.75_kelly,9m3m_core,True,31.31,2.871616104841736,home,0.3482359631268029,True,7.514371255769103,1.25,True,,,,,,,,,2.0,10.0
2025-10,data\historical_csv\football-data\2526\E2.csv:127,data\historical_csv\football-data\2526\E2.csv,127,2025-10-04,E2,Plymouth,Wigan,away,0.3528297307895257,0.3432864996363844,2.958775,3.05,1.57075129616433,0.0075432311531412,8,0.025,BFE,2.0-3.0,exchange,0.3379777103700011,1.043943786716779,0.0095432311531412,0.0213792390348222,1.0847753313245123,0.1244888189290091,0.3827409881183463,0.125,3.083201662850344,away:2.0-3.0,away:exchange,exchange:2.0-3.0,2.083530192145231,2.083530192145231,0.0,0.3450195780082812,0.3332896622788496,0.3450195780082812,0.0,,,0.0,lower_clv,True,2.854173690156392,2.854173690156392,0.3476241812579747,0.3476241812579747,,,0.3332896622788496,0.0,2.4688519411508114,0.7706434980111609,2.083530192145231,0.3450195780082812,0.3450195780082812,0.0,0.6252353121231761,1.0,8.0,model_agreement_0.75_kelly,9m3m_core,False,-8.0,3.2840252149174973,draw,0.3045043611290062,False,-9.90401089005246,1.25,True,,,,,,,,,0.8,10.0
2025-10,data\historical_csv\football-data\2526\F2.csv:99,data\historical_csv\football-data\2526\F2.csv,99,2025-10-25,F2,Annecy,St Etienne,home,0.2711367613210543,0.2577143955622994,4.0478000000000005,4.11,4.317633035707602,0.0114223657587548,8,0.0,PS,4.0-5.0,sportsbook,0.2470477790404664,1.097507382475364,0.0134223657587548,0.0421276912179001,1.3981735236499684,0.0735151433396704,0.379096240967299,0.125,1.5366371856317065,home:4.0-5.0,home:sportsbook,sportsbook:4.0-5.0,5.138908829140889,5.138908829140889,0.7531735819742822,0.2597433391697734,0.2559927473915165,0.2597433391697734,0.0,,,0.0,lower_clv,True,6.357513132412507,6.357513132412507,0.2627538740362974,0.2627538740362974,,,0.2559927473915165,0.0,5.7482109807766975,1.2186043032716176,5.138908829140889,0.2597433391697734,0.2597433391697734,0.7938942259936883,0.7531735819742822,1.0042314426323762,12.7,model_agreement_0.75_kelly,9m3m_core,True,38.71,4.3685263028024695,home,0.2289101474239691,False,-7.341750525725765,1.25,True,,,,,,,,,1.27,10.0
2025-10,data\historical_csv\football-data\2526\G1.csv:41,data\historical_csv\football-data\2526\G1.csv,41,2025-10-05,G1,PAOK,Olympiakos,draw,0.2979943299668136,0.2931285101807588,3.5186,3.57,3.14019759220181,0.0028658197860547,8,0.0,PS,3.0-4.0,sportsbook,0.2842039447507531,1.0485228494212304,0.0048658197860547,0.0096170279024233,1.2580631832228086,0.0888006206923702,0.3748956953403976,0.125,1.4608082760188656,draw:3.0-4.0,draw:sportsbook,sportsbook:3.0-4.0,3.313511204387913,3.313511204387913,0.675603194600598,0.2936210743033818,0.2813239879505479,0.2936210743033818,0.0,,,0.0,lower_clv,True,3.7453268778945503,3.7453268778945503,0.2948483114815396,0.2948483114815396,,,0.2813239879505479,0.0,3.529419041141232,0.4318156735066374,3.313511204387913,0.2936210743033818,0.2936210743033818,0.675603194600598,0.68387246341184,1.0,9.9,model_agreement_0.75_kelly,9m3m_core,False,-9.9,3.3695279638572986,home,0.2967774746867631,True,4.424122243284479,1.25,True,,,,,,,,,0.99,10.0
2025-10,data\historical_csv\football-data\2526\SP2.csv:118,data\historical_csv\football-data\2526\SP2.csv,118,2025-10-26,SP2,Malaga,Andorra,away,0.3006769352956935,0.2941297021107051,3.6558,3.71,7.527936497631593,0.0045472331849883,8,0.0,PS,3.0-4.0,sportsbook,0.2735379397122381,1.0992147400539962,0.0065472331849883,0.0151233189220731,1.2963149475003666,0.0904066194188106,0.389772005592408,0.125,1.482575633240346,away:3.0-4.0,away:sportsbook,sportsbook:3.0-4.0,4.3445539622113625,4.3445539622113625,0.8127226247108962,0.2854219431101574,0.2838581630080977,0.2854219431101574,0.0,,,0.0,lower_clv,True,5.085010098358134,5.085010098358134,0.2874473715694462,0.2874473715694462,,,0.2838581630080977,0.0,4.7147820302847485,0.7404561361467712,4.3445539622113625,0.2854219431101574,0.2854219431101574,0.8274767540015041,0.8127226247108962,1.083630166281195,8.24,model_agreement_0.75_kelly,9m3m_core,False,-8.24,3.8732456378427007,home,0.2581814048222809,False,-5.614042025070553,1.25,True,,,,,,,,,1.33,10.0
2025-10,data\historical_csv\football-data\2526\SP2.csv:119,data\historical_csv\football-data\2526\SP2.csv,119,2025-10-26,SP2,Almeria,Castellon,away,0.2682081161683699,0.260297829288861,4.087,4.15,6.3837228303574856,0.0059102868795088,8,0.0,PS,4.0-5.0,sportsbook,0.2446782481037435,1.0961665707801278,0.0079102868795088,0.022036196979955,1.4078112045821405,0.0719355935785858,0.3775863911016994,0.125,1.5414729630536028,away:4.0-5.0,away:sportsbook,sportsbook:4.0-5.0,4.418928052584043,4.418928052584043,0.7647317141089921,0.2554904038477711,0.2532347187191363,0.2554904038477711,0.0,,,0.0,lower_clv,True,5.105813478410948,5.105813478410948,0.2571710630741643,0.2571710630741643,,,0.2532347187191363,0.0,4.762370765497495,0.6868854258269046,4.418928052584043,0.2554904038477711,0.2554904038477711,0.7955298816322415,0.7647317141089921,1.0196422854786562,6.76,model_agreement_0.75_kelly,9m3m_core,False,-6.76,3.761032374208562,home,0.2658844435526644,True,8.666972079973956,1.25,True,,,,,,,,,1.09,10.0
2025-10,data\historical_csv\football-data\2526\T1.csv:66,data\historical_csv\football-data\2526\T1.csv,66,2025-10-04,T1,Kocaelispor,Eyupspor,away,0.2967194949997017,0.2806604051638441,3.5798500000000004,3.7,0.4722151425787357,0.0140590898358575,8,0.025,BFE,3.0-4.0,exchange,0.2793413131835132,1.0622112841746822,0.0160590898358575,0.0473817530454873,1.2753209000934622,0.088042458712878,0.3784125734382971,0.125,3.356285877899912,away:3.0-4.0,away:exchange,exchange:3.0-4.0,2.551230250461244,2.551230250461244,0.0,0.2864679532674867,0.2823572062696288,0.2852425503316216,0.2980973863153427,,,0.0,lower_clv,True,3.038595167250957,3.038595167250957,0.2878293648260428,0.2857385602683329,,,0.2823572062696288,0.38208040504588,2.7949127088561005,0.4873649167897129,2.551230250461244,0.2864679532674867,0.2864679532674867,0.0,0.6842322943572716,1.0,3.1,model_agreement_0.625_kelly,12m6m_tertiary,False,-3.1,3.4175246240268606,home,0.2926094498250323,True,4.749793895614185,1.25,True,,,,,,,,,0.31,10.0
2025-10,data\historical_csv\football-data\2526\T1.csv:82,data\historical_csv\football-data\2526\T1.csv,82,2025-10-22,T1,Rizespor,Buyuksehyr,draw,0.290006674993762,0.2823767242133038,3.548,3.6,0.1872617508801966,0.0056299507804581,8,0.0,BMGM,3.0-4.0,sportsbook,0.2818489289740699,1.0289436828778675,0.0076299507804581,0.0194131765435373,1.266384064447333,0.0841038715409375,0.367259831795457,0.125,1.4656144306651742,draw:3.0-4.0,draw:sportsbook,sportsbook:3.0-4.0,2.895376403873099,2.895376403873099,0.6377576111210039,0.2900095163581541,0.2737827608603494,0.2900095163581541,0.0,,,0.0,lower_clv,True,2.981741466768395,2.981741466768395,0.2902529353629323,0.2902529353629323,,,0.2737827608603494,0.0,2.938558935320747,0.0863650628952958,2.895376403873099,0.2900095163581541,0.2900095163581541,0.6377576111210039,0.6444712386409012,1.0,8.5,model_agreement_0.75_kelly,9m3m_core,True,21.66,3.606709742567877,draw,0.2772610138813188,False,-1.6277922749080909,1.25,True,,,,,,,,,0.85,10.0
2025-10,data\historical_csv\football-data\2526\T1.csv:84,data\historical_csv\football-data\2526\T1.csv,84,2025-10-25,T1,Kocaelispor,Alanyaspor,away,0.321693946152663,0.3100436026550287,3.340975,3.45,3.5847925380384504,0.0096503434976343,8,0.025,BFE,3.0-4.0,exchange,0.2993138230606335,1.074771431747393,0.0116503434976343,0.029998523792719,1.2062626805570391,0.1034869949912724,0.3880474018050832,0.125,3.2632689559185746,away:3.0-4.0,away:exchange,exchange:3.0-4.0,3.6596341613582304,3.6596341613582304,0.0,0.3102676139790278,0.3037396905932855,0.3102676139790278,0.0,,,0.0,lower_clv,True,4.204552174336795,4.204552174336795,0.3118986289162199,0.3118986289162199,,,0.3037396905932855,0.0,3.932093167847513,0.5449180129785649,3.6596341613582304,0.3102676139790278,0.3102676139790278,0.0,0.7539156486338842,1.0,11.7,model_agreement_0.75_kelly,9m3m_core,False,-11.7,3.2875586369695475,home,0.3041770840996449,True,1.624803354981097,1.25,True,,,,,,,,,1.17,10.0
2025-11,data\historical_csv\football-data\2526\B1.csv:104,data\historical_csv\football-data\2526\B1.csv,104,2025-11-02,B1,St Truiden,Antwerp,away,0.277940908734857,0.2698996094017852,3.962049999999999,4.1,6.935574743034279,0.0060412993330718,6,0.025,BFE,3.0-4.0,exchange,0.2523945937078028,1.10121577745294,0.0080412993330717,0.0217359127181776,1.3767615680856735,0.0772511487483581,0.3826583613449588,0.1666666666666666,3.481783420199158,away:3.0-4.0,away:exchange,exchange:3.0-4.0,5.646186948306348,3.3006910589820406,0.0,0.2607253594956703,0.2631775700480415,0.2607253594956703,0.0,,,0.0,lower_clv,True,6.316229511257454,3.8268993087774414,0.2620534806697984,0.2620534806697984,,,0.2631775700480415,0.0,5.981208229781901,0.6700425629511058,3.3006910589820406,0.2607253594956703,0.2607253594956703,0.0,0.8314559584771796,1.0,3.5,model_agreement_0.625_kelly,12m6m_tertiary,False,-3.5,3.5420817723274047,home,0.2823198515100704,True,11.856536767547432,1.25,True,,,,,,,,,0.35,10.0
2025-12,data\historical_csv\football-data\2526\I2.csv:147,data\historical_csv\football-data\2526\I2.csv,147,2025-12-08,I2,Mantova,Reggiana,away,0.2633631755644789,0.256005013570644,4.136,4.2,5.883673612818363,0.005358161993835,7,0.0,BMGM,4.0-5.0,sportsbook,0.241779497098646,1.0892700941346851,0.0073581619938349,0.0203451449973998,1.419729137206128,0.0693601622434065,0.3739043740160237,0.1428571428571428,1.547388781431347,away:4.0-5.0,away:sportsbook,sportsbook:4.0-5.0,5.736042948807032,3.567398062642104,0.7699327233209733,0.2504047341940089,0.2508280768196794,0.2504047341940089,0.0,,,0.0,lower_clv,True,6.412824641903225,3.960451729555503,0.2513550573731999,0.2513550573731999,,,0.2508280768196794,0.0,6.074433795355128,0.676781693096193,3.567398062642104,0.2504047341940089,0.2504047341940089,0.8287930641731307,0.7699327233209733,1.0265769644279643,3.6,model_agreement_0.625_kelly,18m9m_satellite,True,11.29,3.228286978220924,away,0.3097618045565112,True,28.117482364573053,1.25,True,,,,,,,,,0.36,10.0
2026-01,data\historical_csv\football-data\2526\E2.csv:340,data\historical_csv\football-data\2526\E2.csv,340,2026-01-31,E2,Wigan,Lincoln,away,0.4289168186315699,0.4236239993459098,2.568,2.6,8.786643032029652,0.0032928192856601,5,0.0,BMGM,2.0-3.0,sportsbook,0.3894080996884735,1.1014583902458717,0.0052928192856601,0.0076770579809988,0.9431273858277148,0.183969637305027,0.4045231978935326,0.2,1.2461059190031154,away:2.0-3.0,away:sportsbook,sportsbook:2.0-3.0,6.641862424377037,6.641862424377037,0.7561775495016324,0.4152720499391629,0.4279959455533615,0.4166323815092722,0.1069115632001297,,,0.0,lower_clv,True,6.581749363044054,5.211944639804633,0.409703834267152,0.4106404578905928,,,0.4279959455533615,0.0512036915141106,6.611805893710546,0.0601130613329834,5.211944639804633,0.4106404578905928,0.409703834267152,0.7880887500784736,0.7561775495016324,1.0082367326688433,15.0,model_agreement_0.75_kelly,9m3m_core,True,23.52,2.2891258484583568,away,0.4368479787485095,True,12.182560942617249,1.25,True,,,,,,,,,2.63,10.0
2026-01,data\historical_csv\football-data\2526\F2.csv:157,data\historical_csv\football-data\2526\F2.csv,157,2026-01-03,F2,Bastia,Grenoble,away,0.2765583089752307,0.2647323304282794,3.94,4.0,4.304538188742102,0.0098259785469512,7,0.0,BMGM,3.0-4.0,sportsbook,0.2538071065989847,1.089639737362409,0.0118259785469512,0.0355295003912947,1.3711807233098423,0.0764844982632391,0.3792114221380037,0.1428571428571428,1.522842639593902,away:3.0-4.0,away:sportsbook,sportsbook:3.0-4.0,4.441719655673298,4.441719655673298,0.7554846789953432,0.2650805067402876,0.2583420511935647,0.2643600879242329,0.1069115632001297,,,0.0,lower_clv,True,5.0430663398938425,2.941418906263271,0.261272636817927,0.2611225800156615,,,0.2583420511935647,0.0512036915141106,4.74239299778357,0.6013466842205446,2.941418906263271,0.2611225800156615,0.261272636817927,0.7554846789953432,0.7576375470063438,1.0073129053271244,7.4,model_agreement_0.75_kelly,9m3m_core,False,-7.4,3.795945560471432,home,0.2634389729961792,True,3.794955360494612,1.25,True,,,,,,,,,0.74,10.0
2026-03,data\historical_csv\football-data\2526\B1.csv:223,data\historical_csv\football-data\2526\B1.csv,223,2026-03-08,B1,Gent,Mechelen,away,0.2695269982574083,0.2651249448773181,4.0576,4.2,7.577097633420582,0.0024020533800901,7,0.025,BFE,4.0-5.0,exchange,0.2464511041009463,1.0936327481292598,0.0044020533800901,0.0089121067485645,1.400591665820715,0.0726448027896489,0.3774972674730004,0.1428571428571428,3.509463722397488,away:4.0-5.0,away:exchange,exchange:4.0-5.0,5.404426749617814,3.321514901455832,0.0,0.2546370142484617,0.2525362913126625,0.2526022273746775,0.9686126804770872,,,0.0,lower_clv,True,5.725885560987143,5.725885560987143,0.2605626122855559,0.2527882160136321,,,0.2525362913126625,0.9686126804770872,5.565156155302478,0.3214588113693288,3.321514901455832,0.2526022273746775,0.2546370142484617,0.0,0.7220588308542749,1.0,6.1,model_agreement_0.75_kelly,9m3m_core,False,-6.1,3.591677951223325,home,0.2784213990175261,True,12.97226686535138,1.25,True,,,,,,,,,0.61,10.0
2026-03,data\historical_csv\football-data\2526\P1.csv:226,data\historical_csv\football-data\2526\P1.csv,226,2026-03-09,P1,Tondela,Rio Ave,away,0.2706393745293617,0.2634264241534999,4.0576,4.2,6.887905864524124,0.0052129503758617,7,0.025,BFE,4.0-5.0,exchange,0.2464511041009463,1.098146326090338,0.0072129503758617,0.0192616110827444,1.400591665820715,0.0732456710456441,0.3790552524087551,0.1428571428571428,3.509463722397488,away:4.0-5.0,away:exchange,exchange:4.0-5.0,5.313048369787591,3.230136521625609,0.0,0.2544118112224606,0.2539370453596354,0.2539519469874705,0.9686126804770872,,,0.0,lower_clv,True,5.731151675258861,5.731151675258861,0.2605755906823217,0.254145411502846,,,0.2539370453596354,0.9686126804770872,5.522100022523226,0.4181033054712699,3.230136521625609,0.2539519469874705,0.2544118112224606,0.0,0.7242130704080888,1.0,7.5,model_agreement_0.75_kelly,9m3m_core,True,22.93,3.739273521225553,away,0.2674316265776268,True,8.513056800137875,1.25,True,,,,,,,,,0.75,10.0
2026-04,data\historical_csv\football-data\2526\E1.csv:483,data\historical_csv\football-data\2526\E1.csv,483,2026-04-06,E1,Bristol City,Sheffield United,home,0.3328367737816556,0.3195785491438686,3.205,3.25,2.42492500060989,0.011258224637787,5,0.0,BW,3.0-4.0,sportsbook,0.31201248049922,1.0667418599702063,0.013258224637787,0.0338250623868039,1.1647120903726331,0.110780317981381,0.3876590145441154,0.2,1.4040561622464809,home:3.0-4.0,home:sportsbook,sportsbook:3.0-4.0,2.111489166481741,2.111489166481741,0.6075682779229139,0.3186005902230319,0.3259117280337077,0.3215972162917413,0.4098713697249231,,,0.0,lower_clv,True,3.9523191284310144,2.21711163638132,0.3189301455113301,0.3189301455113301,,,0.3259117280337077,0.0,3.0319041474563777,1.8408299619492727,2.111489166481741,0.3186005902230319,0.3186005902230319,0.6075682779229139,0.6229463694677528,1.0,3.0,model_agreement_0.625_kelly,12m6m_tertiary,True,6.62,2.6709345863638942,home,0.3744007828216268,True,19.99545089433139,1.25,True,,,,,,,,,0.3,10.0
2026-04,data\historical_csv\football-data\2526\T1.csv:244,data\historical_csv\football-data\2526\T1.csv,244,2026-04-04,T1,Kasimpasa,Kayserispor,away,0.2996129769863386,0.2894900447798069,3.723175,3.85,7.782209747305746,0.0081229322065317,5,0.025,BFE,3.0-4.0,exchange,0.2685879659161871,1.115511545591111,0.0101229322065317,0.0271114164954949,1.3145767988892858,0.0897679359786162,0.3938642681923903,0.2,3.406366877732059,away:3.0-4.0,away:exchange,exchange:3.0-4.0,5.066566371141277,5.066566371141277,0.7252489507838747,0.282196153474229,0.2914806469629192,0.2911873906935354,0.9684144030322172,,,0.0,lower_clv,True,6.323825525322313,6.323825525322313,0.2855730002627389,0.2912940504152193,,,0.2914806469629192,0.9684144030322172,5.695195948231795,1.2572591541810365,5.066566371141277,0.2911873906935354,0.282196153474229,0.7252489507838747,0.7535928514953052,1.0,15.0,model_agreement_0.75_kelly,9m3m_core,False,-15.0,3.4589481643704785,home,0.289105228664795,True,7.638935973404815,1.25,True,,,,,,,,,2.32,10.0
2026-04,data\historical_csv\football-data\2526\T1.csv:249,data\historical_csv\football-data\2526\T1.csv,249,2026-04-05,T1,Antalyaspor,Eyupspor,away,0.2672383917214453,0.2458208721830054,4.0576,4.2,-0.2557229030237029,0.0194175195384398,5,0.025,BFE,4.0-5.0,exchange,0.2464511041009463,1.0843464982489366,0.0214175195384399,0.0726599176613802,1.400591665820715,0.0714163580098646,0.3742918642323879,0.2,3.509463722397488,away:4.0-5.0,away:exchange,exchange:4.0-5.0,3.2169717193199614,3.2169717193199614,0.0,0.2543793664218256,0.2490221867274065,0.2491913964461184,0.9684144030322172,,,0.0,lower_clv,True,3.9238427393808006,3.9238427393808006,0.2561214578553352,0.2492464214440182,,,0.2490221867274065,0.9684144030322172,3.570407229350381,0.7068710200608392,3.2169717193199614,0.2491913964461184,0.2543793664218256,0.0,0.6416722330628789,1.0,2.7,model_agreement_0.75_kelly,9m3m_core,False,-2.7,4.101197821248118,home,0.2438312033667446,False,-1.0630509219097029,1.25,True,,,,,,,,,0.27,10.0
2026-04,data\historical_csv\football-data\2526\T1.csv:250,data\historical_csv\football-data\2526\T1.csv,250,2026-04-05,T1,Fenerbahce,Besiktas,away,0.2801556420233463,0.2685653523011722,3.8665,4.0,3.840793467248238,0.009590289722174,5,0.025,BFE,3.0-4.0,exchange,0.258631837579206,1.0832217898832683,0.011590289722174,0.0342320063694269,1.352349705066953,0.0784871837575133,0.3788683998631152,0.2,3.452735031682397,away:3.0-4.0,away:exchange,exchange:3.0-4.0,2.873339960364958,2.873339960364958,0.0,0.2660632095185955,0.2658083477147188,0.2658163976769386,0.9684144030322172,,,0.0,lower_clv,True,3.705282681956912,3.705282681956912,0.2682148782670552,0.2658843594188356,,,0.2658083477147188,0.9684144030322172,3.289311321160935,0.8319427215919539,2.873339960364958,0.2658163976769386,0.2660632095185955,0.0,0.6515083858756474,1.0,7.3,model_agreement_0.75_kelly,9m3m_core,False,-7.3,4.067629355324986,home,0.2458434416328732,False,-4.944633292649547,1.25,True,,,,,,,,,0.73,10.0
2021-12,data\historical_csv\football-data\2122\B1.csv:146,data\historical_csv\football-data\2122\B1.csv,146,2021-12-03,B1,St Truiden,St. Gilloise,home,0.2491322587215617,0.2396076089949381,4.43,4.5,6.146170784757588,0.0075246497266235,5,0.0,WH,4.0-5.0,sportsbook,0.2257336343115124,1.1036559061365183,0.0095246497266235,0.0302034339721269,1.4883995840570443,0.0620668823357071,0.3708083502563644,0.2,1.5801354401805856,home:4.0-5.0,home:sportsbook,sportsbook:4.0-5.0,,,0.8732022667673639,,,,,,,0.0,lower_clv,True,,,,,,,,,10.18615910219963,,8.261727419474534,0.244383131872403,,,,,12.0,cross_cost_direct_only_half_kelly,9m3m_direct_only,False,-12.0,4.743277803006764,away,0.210824674735707,False,-6.604669092081794,,,0.244383131872403,0.2366006073633549,0.244383131872403,0.0,,,0.8732022667673639,0.8732022667673639,1.2,10.0
2022-02,data\historical_csv\football-data\2122\G1.csv:150,data\historical_csv\football-data\2122\G1.csv,150,2022-02-13,G1,Panathinaikos,Lamia,draw,0.2240800675090835,0.2179129403039331,4.675,4.75,1.8742995920887573,0.0041671272051503,5,0.0,BW,4.0-5.0,sportsbook,0.213903743315508,1.0475743156049655,0.0061671272051503,0.0185965992043511,1.5422291627406504,0.0502118766548754,0.3455828149014023,0.2,1.6042780748663166,draw:4.0-5.0,draw:sportsbook,sportsbook:4.0-5.0,,,0.7353873303195113,,,,,,,0.0,lower_clv,True,,,,,,,,,4.702646530895787,,4.702646530895787,0.2239628802799909,,,,,6.4,cross_cost_direct_only_half_kelly,9m3m_direct_only,False,-6.4,4.284428329432094,home,0.2334033675229085,True,9.116074316959732,,,0.2239628802799909,0.2116366123324049,0.2239628802799909,0.0,,,0.7353873303195113,0.7353873303195113,0.64,10.0
2022-02,data\historical_csv\football-data\2122\B1.csv:241,data\historical_csv\football-data\2122\B1.csv,241,2022-02-13,B1,Club Brugge,Charleroi,draw,0.2331427704208938,0.2250482332872087,4.6064,4.68,3.6662181814198114,0.0060945371336851,5,0.0,PS,4.0-5.0,sportsbook,0.2170892671066342,1.0739488576668057,0.0080945371336851,0.0261407939979553,1.5274466408757743,0.0543555513995296,0.3561131415238662,0.2,1.5977770059048213,draw:4.0-5.0,draw:sportsbook,sportsbook:4.0-5.0,,,0.6891560682397161,,,,,,,0.0,lower_clv,True,,,,,,,,,4.6852920721123565,,4.6852920721123565,0.2272605333277881,,,,,0.62,cross_cost_direct_only_half_kelly,9m3m_direct_only,False,-0.62,5.00510576982578,home,0.1997959775453074,False,-7.965980903529601,,,0.2272605333277881,0.2208680840255774,0.2272605333277881,0.0,,,0.6891560682397161,0.6891560682397161,0.62,10.0
2022-02,data\historical_csv\football-data\2122\T1.csv:247,data\historical_csv\football-data\2122\T1.csv,247,2022-02-13,T1,Trabzonspor,Konyaspor,away,0.2408965197340452,0.2301125271168716,4.537800000000001,4.61,4.420462555094007,0.0087839926171736,5,0.0,PS,4.0-5.0,sportsbook,0.2203711049407201,1.0931402272491506,0.0107839926171736,0.0364637589072325,1.512442313107902,0.0580311332199752,0.3643420895262027,0.2,1.591079377672,away:4.0-5.0,away:sportsbook,sportsbook:4.0-5.0,,,0.6937816611173312,,,,,,,0.0,lower_clv,True,,,,,,,,,3.943413298406864,,3.943413298406864,0.2290612483987986,,,,,5.6,cross_cost_direct_only_half_kelly,9m3m_direct_only,False,-5.6,4.521025572647735,home,0.2211887510767498,True,0.3710314636075296,,,0.2290612483987986,0.2287878484026735,0.2290612483987986,0.0,,,0.6937816611173312,0.6937816611173312,0.56,10.0
2022-02,data\historical_csv\football-data\2122\SP2.csv:304,data\historical_csv\football-data\2122\SP2.csv,304,2022-02-20,SP2,Fuenlabrada,Alcorcon,away,0.2376368702504089,0.2254549079556142,4.5868,4.66,3.41165718108114,0.0101819622947947,5,0.0,PS,4.0-5.0,sportsbook,0.2180169181128455,1.0899927964645757,0.0121819622947947,0.0428467277997119,1.5231826131820123,0.0564712821024096,0.3619643490164127,0.2,1.595883840586021,away:4.0-5.0,away:sportsbook,sportsbook:4.0-5.0,,,0.6783549022275385,,,,,,,0.0,lower_clv,True,,,,,,,,,3.533725207283388,,3.533725207283388,0.2257210369043415,,,,,4.9,cross_cost_direct_only_half_kelly,9m3m_direct_only,False,-4.9,4.667879209156886,draw,0.2142300507773037,False,-1.7369603094663175,,,0.2257210369043415,0.2254560371396408,0.2257210369043415,0.0,,,0.6783549022275385,0.6783549022275385,0.49,10.0
2022-04,data\historical_csv\football-data\2122\I2.csv:361,data\historical_csv\football-data\2122\I2.csv,361,2022-04-25,I2,Perugia,Parma,away,0.2392204142212534,0.2253015203782314,4.616200000000001,4.69,4.003687836999248,0.011918893843022,4,0.0,PS,4.0-5.0,sportsbook,0.2166283956501017,1.1042892761281506,0.013918893843022,0.0498238993600199,1.529571855823513,0.057226406580188,0.3659048129312722,0.25,1.5987175598977332,away:4.0-5.0,away:sportsbook,sportsbook:4.0-5.0,,,0.7564896764499035,,,,,,,0.0,lower_clv,True,,,,,,,,,6.76775734485661,,4.634325358042368,0.2208949099943197,,,,,2.7,cross_cost_direct_only_half_kelly,9m3m_direct_only,False,-2.7,4.075676629801411,home,0.2453580327467553,True,13.262175076557224,,,0.2266676603224347,0.2207128043057356,0.2208949099943197,0.9694189602446484,,,0.7564896764499035,0.7564896764499035,0.27,10.0
2022-10,data\historical_csv\football-data\2223\E3.csv:147,data\historical_csv\football-data\2223\E3.csv,147,2022-10-08,E3,Stevenage,Swindon,away,0.2223827970979826,0.2166092223593388,4.92,5.0,6.571737400794708,0.0037735747386437,5,0.0,B365,4.0-5.0,sportsbook,0.2032520325203252,1.0941233617220745,0.0057735747386437,0.0169688248726412,1.5933085305042167,0.0494541084451225,0.354324407653604,0.2,1.6260162601626105,away:4.0-5.0,away:sportsbook,sportsbook:4.0-5.0,,,0.7788807427956277,,,,,,,0.0,lower_clv,True,,,,,,,,,6.554918879066249,,6.554918879066249,0.2146575142611475,,,,,7.2,cross_cost_direct_only_half_kelly,9m3m_direct_only,False,-7.2,4.791458630028825,home,0.2087047133690861,True,2.682718977590381,,,0.2165750383720859,0.2063101954710305,0.2146575142611475,0.1868050129380209,,,0.7788807427956277,0.7788807427956277,0.72,10.0
2022-12,data\historical_csv\football-data\2223\I2.csv:169,data\historical_csv\football-data\2223\I2.csv,169,2022-12-11,I2,Bari,Modena,away,0.2322383011149716,0.220853549436417,4.684799999999999,4.76,3.46547083997264,0.0093847516785545,5,0.0,PS,4.0-5.0,sportsbook,0.2134562841530055,1.0879899930634187,0.0113847516785545,0.0404100083125761,1.5443232253448005,0.0539346285047682,0.3586510022264699,0.2,1.605191256830607,away:4.0-5.0,away:sportsbook,sportsbook:4.0-5.0,,,0.673522221216292,,,,,,,0.0,lower_clv,True,,,,,,,,,4.277149552797791,,4.277149552797791,0.2224506099061174,,,,,5.7,cross_cost_direct_only_half_kelly,9m3m_direct_only,False,-5.7,4.286179582941719,home,0.2333080032343567,True,9.30013335523141,,,0.2225861286560745,0.220095795673014,0.2224506099061174,0.054417923578447,,,0.673522221216292,0.673522221216292,0.57,10.0
2023-02,data\historical_csv\football-data\2223\E3.csv:330,data\historical_csv\football-data\2223\E3.csv,330,2023-02-04,E3,Leyton Orient,AFC Wimbledon,away,0.2136807222557185,0.2066034979141522,4.92,5.0,1.6489209737629018,0.0050772243415663,5,0.0,B365,4.0-5.0,sportsbook,0.2032520325203252,1.0513091534981354,0.0070772243415663,0.0237607973614497,1.5933085305042167,0.0456594510637255,0.3404593175743386,0.2,1.6260162601626105,away:4.0-5.0,away:sportsbook,sportsbook:4.0-5.0,,,0.6879962279135062,,,,,,,0.0,lower_clv,True,,,,,,,,,4.037993868499887,,4.037993868499887,0.211076226490918,,,,,4.9,cross_cost_direct_only_half_kelly,9m3m_direct_only,False,-4.9,4.006252614550814,home,0.2496098214995165,True,22.80803217776213,,,0.2114593371310973,0.1994941308664828,0.211076226490918,0.032018724266563,,,0.6879962279135062,0.6879962279135062,0.49,10.0
2023-02,data\historical_csv\football-data\2223\SP1.csv:225,data\historical_csv\football-data\2223\SP1.csv,225,2023-02-25,SP1,Real Madrid,Ath Madrid,away,0.2142862280958094,0.2053300555640871,4.92,5.0,1.022387337530839,0.0069561725317223,5,0.0,B365,4.0-5.0,sportsbook,0.2032520325203252,1.0542882422313822,0.0089561725317223,0.0324620606444766,1.5933085305042167,0.0459185875515292,0.3414240751946255,0.2,1.6260162601626105,away:4.0-5.0,away:sportsbook,sportsbook:4.0-5.0,,,0.6925456648683179,,,,,,,0.0,lower_clv,True,,,,,,,,,4.366401901116307,,4.366401901116307,0.2117433733608011,,,,,5.3,cross_cost_direct_only_half_kelly,9m3m_direct_only,False,-5.3,5.0047821149029526,draw,0.199808898178056,False,-1.6940220963964192,,,0.2121268331323502,0.2001507228927096,0.2117433733608011,0.032018724266563,,,0.6925456648683179,0.6925456648683179,0.53,10.0
2023-02,data\historical_csv\football-data\2223\I2.csv:262,data\historical_csv\football-data\2223\I2.csv,262,2023-02-28,I2,Cosenza,Reggina,home,0.2156195124762267,0.2034277144242388,4.92,5.0,0.0864354967254898,0.0101917980519878,4,0.0,VC,4.0-5.0,sportsbook,0.2032520325203252,1.0608480013830357,0.0121917980519878,0.0472675127354792,1.5933085305042167,0.0464917741604856,0.3435484085715324,0.25,1.6260162601626105,home:4.0-5.0,home:sportsbook,sportsbook:4.0-5.0,,,0.732447506621641,,,,,,,0.0,lower_clv,True,,,,,,,,,6.989653378594957,,6.989653378594957,0.2169507892665525,,,,,8.6,cross_cost_direct_only_half_kelly,9m3m_direct_only,True,33.71,3.954545454545454,home,0.2528735632183908,True,24.41379310344829,,,0.217458645078445,0.2015974318813018,0.2169507892665525,0.032018724266563,,,0.732447506621641,0.732447506621641,0.86,10.0
2023-03,data\historical_csv\football-data\2223\G1.csv:186,data\historical_csv\football-data\2223\G1.csv,186,2023-03-18,G1,Atromitos,Ionikos,away,0.2238966630785791,0.2218966630785791,4.8808,4.96,8.303323315392896,0.0,5,0.0,PS,4.0-5.0,sportsbook,0.2048844451729224,1.0927948331539288,0.002,0.0,1.5853091408555056,0.0501297157377227,0.3549454265855168,0.2,1.6226848057695475,away:4.0-5.0,away:sportsbook,sportsbook:4.0-5.0,,,0.7664497586436905,,,,,,,0.0,lower_clv,True,,,,,,,,,4.542706018876712,,4.542706018876712,0.2114121433531794,,,,,4.1,cross_cost_direct_only_half_kelly,9m3m_direct_only,False,-4.1,3.7918834460553694,home,0.2637211861140623,True,28.71703651855153,,,0.214191743195535,0.2110741850158271,0.2114121433531794,0.8915951787036309,,,0.7664497586436905,0.7664497586436905,0.41,10.0
2023-03,data\historical_csv\football-data\2223\B1.csv:264,data\historical_csv\football-data\2223\B1.csv,264,2023-03-18,B1,Kortrijk,Club Brugge,draw,0.2376060616616302,0.2343835799445917,4.43,4.5,3.83192591545416,0.0012224817170385,4,0.0,PS,4.0-5.0,sportsbook,0.2257336343115124,1.052594853161022,0.0032224817170385,0.0051449938124029,1.4883995840570443,0.0564566405383504,0.3536527633466029,0.25,1.5801354401805856,draw:4.0-5.0,draw:sportsbook,sportsbook:4.0-5.0,,,0.6858572982134266,,,,,,,0.0,lower_clv,True,,,,,,,,,3.4351195606340923,,3.4351195606340923,0.2274678424211816,,,,,1.1,cross_cost_direct_only_half_kelly,9m3m_direct_only,False,-1.1,4.284098469727213,home,0.233421338717192,True,3.405653051716073,,,0.2334878545386774,0.2267358977523601,0.2274678424211816,0.8915951787036309,,,0.6858572982134266,0.6858572982134266,0.11,10.0
2023-04,data\historical_csv\football-data\2223\B1.csv:284,data\historical_csv\football-data\2223\B1.csv,284,2023-04-08,B1,Charleroi,Waregem,draw,0.240906835279943,0.2298578855877988,4.478999999999999,4.55,2.953346954775093,0.0090489496921441,4,0.0,PS,4.0-5.0,sportsbook,0.2232641214556821,1.0790217152188646,0.0110489496921441,0.0375620296602581,1.4993998072251629,0.0580361032845976,0.3612156623779706,0.25,1.5851752623353477,draw:4.0-5.0,draw:sportsbook,sportsbook:4.0-5.0,,,0.770083060035236,,,,,,,0.0,lower_clv,True,,,,,,,,,5.629343317602862,,5.629343317602862,0.229208597276313,,,,,3.8,cross_cost_direct_only_half_kelly,9m3m_direct_only,False,-3.8,4.196489697783174,home,0.2382944012773955,True,6.73206233214545,,,0.2358324253574522,0.2277749155402729,0.229208597276313,0.822068881258661,,,0.770083060035236,0.770083060035236,0.38,10.0
2023-04,data\historical_csv\football-data\2223\N1.csv:245,data\historical_csv\football-data\2223\N1.csv,245,2023-04-08,N1,Vitesse,Go Ahead Eagles,away,0.266471819993164,0.2580325913599037,3.94,4.0,1.664840995802086,0.0064392286332602,5,0.0,B365,3.0-4.0,sportsbook,0.2538071065989847,1.0498989707730662,0.0084392286332602,0.0241647639642549,1.3711807233098423,0.0710072308504692,0.3653810228799167,0.2,1.522842639593902,away:3.0-4.0,away:sportsbook,sportsbook:3.0-4.0,,,0.653896515308833,,,,,,,0.0,lower_clv,True,,,,,,,,,2.812842370028358,,2.812842370028358,0.2577145279237716,,,,,2.6,cross_cost_direct_only_half_kelly,9m3m_direct_only,False,-2.6,3.6741113279961297,home,0.2721746595918754,True,7.23681587919891,,,0.2609463004315441,0.2570150331357618,0.2577145279237716,0.822068881258661,,,0.653896515308833,0.653896515308833,0.26,10.0
2023-04,data\historical_csv\football-data\2223\E3.csv:493,data\historical_csv\football-data\2223\E3.csv,493,2023-04-15,E3,Gillingham,Stockport,home,0.2324169577676986,0.2193521624425443,4.675,4.75,2.5471359418894446,0.0110647953251543,5,0.0,B365,4.0-5.0,sportsbook,0.213903743315508,1.086549277563991,0.0130647953251543,0.0476075215484646,1.5422291627406504,0.0540176422579921,0.3584402101848069,0.2,1.6042780748663166,home:4.0-5.0,home:sportsbook,sportsbook:4.0-5.0,,,0.7354698220459904,,,,,,,0.0,lower_clv,True,,,,,,,,,5.333823493594228,,5.333823493594228,0.2194418603446139,,,,,3.5,cross_cost_direct_only_half_kelly,9m3m_direct_only,False,-3.5,4.407420046278426,draw,0.2268901056626968,True,6.071124397310745,,,0.2253129914301481,0.2181710946628784,0.2194418603446139,0.822068881258661,,,0.7354698220459904,0.7354698220459904,0.35,10.0
2023-04,data\historical_csv\football-data\2223\I2.csv:336,data\historical_csv\football-data\2223\I2.csv,336,2023-04-22,I2,Modena,Spal,away,0.2216217354230623,0.2129274390742191,4.92,5.0,4.760300024515796,0.0066942963488432,5,0.0,B365,4.0-5.0,sportsbook,0.2032520325203252,1.0903789382814666,0.0086942963488432,0.0302059558195598,1.5933085305042167,0.0491161936119298,0.3531118015947137,0.2,1.6260162601626105,away:4.0-5.0,away:sportsbook,sportsbook:4.0-5.0,,,0.7707165200236259,,,,,,,0.0,lower_clv,True,,,,,,,,,5.858793340495213,,5.858793340495213,0.2076671137884941,,,,,2.8,cross_cost_direct_only_half_kelly,9m3m_direct_only,False,-2.8,4.774779602332043,draw,0.2094337505152262,True,3.0414052534912805,,,0.2151601490660472,0.206045298171703,0.2076671137884941,0.822068881258661,,,0.7707165200236259,0.7707165200236259,0.28,10.0
2025-01,data\historical_csv\football-data\2425\I2.csv:205,data\historical_csv\football-data\2425\I2.csv,205,2025-01-12,I2,Palermo,Modena,away,0.2439838898620986,0.2298536263101803,4.43,4.5,1.825156455409882,0.0121302635519183,6,0.0,B365,4.0-5.0,sportsbook,0.2257336343115124,1.0808486320890969,0.0141302635519182,0.049717477489085,1.4883995840570443,0.0595281385122406,0.3631455201873673,0.1666666666666666,1.5801354401805856,away:4.0-5.0,away:sportsbook,sportsbook:4.0-5.0,,,0.7479251545850685,,,,,,,0.0,lower_clv,True,,,,,,,,,4.731884643220182,,4.731884643220182,0.2364150894880817,,,,,6.9,cross_cost_direct_only_half_kelly,9m3m_direct_only,False,-6.9,3.875602344329541,home,0.258024407860914,True,14.304812682384904,,,0.2364150894880817,0.2391248108204142,0.2364150894880817,0.0,,,0.791965699517351,0.7479251545850685,0.69,10.0
2025-01,data\historical_csv\football-data\2425\F1.csv:157,data\historical_csv\football-data\2425\F1.csv,157,2025-01-18,F1,Lens,Paris SG,draw,0.2365968711070897,0.2274345130418257,4.381,4.45,-0.3609398363761396,0.0071623580652639,6,0.0,1XB,4.0-5.0,sportsbook,0.2282583884957772,1.0365308923201602,0.0091623580652639,0.030272412444635,1.4772770088317615,0.0559780794176648,0.3495191180480353,0.1666666666666666,1.5749828806208566,draw:4.0-5.0,draw:sportsbook,sportsbook:4.0-5.0,,,0.7195827913340289,,,,,,,0.0,lower_clv,True,,,,,,,,,3.4045306672376308,,3.4045306672376308,0.2360295153326583,,,,,5.0,cross_cost_direct_only_half_kelly,9m3m_direct_only,False,-5.0,4.029428562230041,away,0.2481741479110778,True,8.725094199843198,,,0.2360295153326583,0.2314676695860181,0.2360295153326583,0.0,,,0.7145307143529895,0.7145307143529895,0.5,10.0
2025-02,data\historical_csv\football-data\2425\E0.csv:237,data\historical_csv\football-data\2425\E0.csv,237,2025-02-02,E0,Brentford,Tottenham,draw,0.2433411661123239,0.2384542975240393,4.2634,4.33,1.6626052063989372,0.0028868685882845,6,0.0,1XB,4.0-5.0,sportsbook,0.234554580850964,1.0374607276032817,0.0048868685882845,0.0118634616345678,1.450066964016957,0.0592149231249056,0.3528609859648435,0.1666666666666666,1.5621335084674337,draw:4.0-5.0,draw:sportsbook,sportsbook:4.0-5.0,,,0.7454270583374242,,,,,,,0.0,lower_clv,True,,,,,,,,,4.110298823398437,,4.110298823398437,0.2441954750279083,,,,,6.3,cross_cost_direct_only_half_kelly,9m3m_direct_only,False,-6.3,4.243989713916558,away,0.2356273382852174,True,0.4573594045196083,,,0.2441954750279083,0.2434127806404835,0.2441954750279083,0.0,,,0.7316518598873807,0.7316518598873807,0.63,10.0
2025-02,data\historical_csv\football-data\2425\D1.csv:183,data\historical_csv\football-data\2425\D1.csv,183,2025-02-08,D1,Dortmund,Stuttgart,draw,0.2445884046714203,0.238943624360219,4.204599999999999,4.27,0.4662362984976465,0.0036447803112013,6,0.0,1XB,4.0-5.0,sportsbook,0.2378347524140227,1.0283964062814537,0.0056447803112013,0.0149016888846293,1.436179164048888,0.0598234876997104,0.3512727705570516,0.1666666666666666,1.5554392807877182,draw:4.0-5.0,draw:sportsbook,sportsbook:4.0-5.0,,,0.7145156189954478,,,,,,,0.0,lower_clv,True,,,,,,,,,3.382996229397797,,3.382996229397797,0.2458806931203867,,,,,5.3,cross_cost_direct_only_half_kelly,9m3m_direct_only,False,-5.3,4.0179398346045145,away,0.2488837665978713,True,4.645668503740974,,,0.2458806931203867,0.2447138608312255,0.2458806931203867,0.0,,,0.6989533191939462,0.6989533191939462,0.53,10.0
2025-02,data\historical_csv\football-data\2425\P1.csv:208,data\historical_csv\football-data\2425\P1.csv,208,2025-02-24,P1,Porto,Guimaraes,draw,0.2553107788171416,0.2477055674644795,4.2487,4.4,5.242664448633416,0.0056052113526621,5,0.025,BFE,4.0-5.0,exchange,0.235366111987196,1.0847389059603898,0.0076052113526621,0.021954464197051,1.4466130537918354,0.0651835937802154,0.3693359054106371,0.2,3.561089274366269,draw:4.0-5.0,draw:exchange,exchange:4.0-5.0,,,0.7969134160984745,,,,,,,0.0,lower_clv,True,,,,,,,,,5.754988578983113,,5.754988578983113,0.2489114048508558,,,,,8.9,cross_cost_direct_only_half_kelly,9m3m_direct_only,True,28.91,3.688988367557717,draw,0.2710770271856528,True,15.172496540368318,,,0.2489114048508558,0.2559066847510628,0.2489114048508558,0.0,,,0.7332099286611662,0.7332099286611662,0.89,10.0
2025-03,data\historical_csv\football-data\2425\T1.csv:243,data\historical_csv\football-data\2425\T1.csv,243,2025-03-09,T1,Alanyaspor,Galatasaray,draw,0.229964934827646,0.2228922395507706,4.822,5.0,7.478637911381614,0.0050726952768753,5,0.025,BFE,4.0-5.0,exchange,0.2073828287017834,1.108890915738909,0.0070726952768753,0.0220585598438181,1.5731887797589794,0.0528838712502834,0.3617782552088576,0.2,3.691414350891753,draw:4.0-5.0,draw:exchange,exchange:4.0-5.0,,,0.8708963599689376,,,,,,,0.0,lower_clv,True,,,,,,,,,7.395031994119504,,7.395031994119504,0.2266019669328841,,,,,12.1,cross_cost_direct_only_half_kelly,9m3m_direct_only,False,-12.1,4.567746045400275,away,0.2189263566889847,True,5.566289195428409,,,0.2227188552345904,0.227410813323431,0.2266019669328841,0.8276100563492561,,,0.8163661915658329,0.8163661915658329,1.21,10.0
2025-10,data\historical_csv\football-data\2526\SP2.csv:86,data\historical_csv\football-data\2526\SP2.csv,86,2025-10-05,SP2,Santander,Malaga,away,0.2406057280584004,0.2306845039050774,4.5574,4.63,5.132155809699968,0.007921224153323,8,0.0,PS,4.0-5.0,sportsbook,0.2194233554219511,1.096536545053354,0.009921224153323,0.0329220098675305,1.5167522854758682,0.0578911163745129,0.3649392879311641,0.125,1.5930135603633655,away:4.0-5.0,away:sportsbook,sportsbook:4.0-5.0,,,0.7578079435993392,,,,,,,0.0,lower_clv,True,,,,,,,,,4.151261593354744,,4.151261593354744,0.2285321929024328,,,,,5.8,cross_cost_direct_only_half_kelly,9m3m_direct_only,False,-5.8,4.264346764346764,home,0.2345025053686471,True,6.872171796707227,,,0.2285321929024328,0.2272762562280912,0.2285321929024328,0.0,,,0.794899141937929,0.7578079435993392,0.58,10.0
2025-10,data\historical_csv\football-data\2526\T1.csv:91,data\historical_csv\football-data\2526\T1.csv,91,2025-10-27,T1,Samsunspor,Rizespor,away,0.2436122843811455,0.239091889228562,4.535349999999999,4.7,8.436539981275848,0.0025203951525835,8,0.025,BFE,4.0-5.0,exchange,0.2204901496025665,1.104866973968028,0.0045203951525835,0.0103459279936811,1.511902258097338,0.0593469451014001,0.3683179628561048,0.125,3.630370313206277,away:4.0-5.0,away:exchange,exchange:4.0-5.0,,,0.8580819992351273,,,,,,,0.0,lower_clv,True,,,,,,,,,7.0438513280861415,,7.0438513280861415,0.236021147933646,,,,,10.0,cross_cost_direct_only_half_kelly,9m3m_direct_only,False,-10.0,4.3256859100536,draw,0.231177209994798,True,4.846955934990715,,,0.236021147933646,0.2301008038773579,0.236021147933646,0.0,,,0.8050019515131791,0.8050019515131791,1.0,10.0
2025-10,data\historical_csv\football-data\2526\F2.csv:111,data\historical_csv\football-data\2526\F2.csv,111,2025-10-31,F2,Guingamp,Laval,away,0.2391304347826087,0.2252389286239294,4.72645,4.9,6.458053419457133,0.0118915061586792,7,0.025,BFE,4.0-5.0,exchange,0.2115752837753493,1.1302380434782608,0.0138915061586792,0.0497281166635677,1.5531743921750678,0.0571833648393194,0.371411267694038,0.1428571428571428,3.6718890499211954,away:4.0-5.0,away:exchange,exchange:4.0-5.0,,,0.8934251562432969,,,,,,,0.0,lower_clv,True,,,,,,,,,7.96003701786127,,7.96003701786127,0.2284167546845122,,,,,10.7,cross_cost_direct_only_half_kelly,9m3m_direct_only,False,-10.7,4.926944287355846,home,0.2029655587067074,False,-4.069343505068257,,,0.2284167546845122,0.225890516799068,0.2284167546845122,0.0,,,0.8659060100730069,0.8659060100730069,1.07,10.0
2025-11,data\historical_csv\football-data\2526\T1.csv:120,data\historical_csv\football-data\2526\T1.csv,120,2025-11-29,T1,Rizespor,Kayserispor,away,0.2525264654926517,0.2463426055334392,4.34425,4.5,7.017386408864335,0.0041838599592125,8,0.025,BFE,4.0-5.0,exchange,0.2301893307245209,1.0970380977164522,0.0061838599592125,0.0165680058565356,1.468853131620227,0.0637696157742114,0.3709242896558686,0.125,3.5851988260344303,away:4.0-5.0,away:exchange,exchange:4.0-5.0,,,0.8225064675388692,,,,,,,0.0,lower_clv,True,,,,,,,,,6.043123756913111,,3.864758893347209,0.2384792373949439,,,,,5.4,cross_cost_direct_only_half_kelly,9m3m_direct_only,True,18.06,4.04036036036036,away,0.2475026757046022,True,7.521349892971818,,,0.2390855933552332,0.2294209936604717,0.2384792373949439,0.0627398939883717,,,0.7960320174514363,0.7960320174514363,0.54,10.0
2025-11,data\historical_csv\football-data\2526\SP2.csv:175,data\historical_csv\football-data\2526\SP2.csv,175,2025-11-30,SP2,Cordoba,Cadiz,away,0.2611909527299508,0.2526407418699892,4.273199999999999,4.34,7.958441815883765,0.0065502108599616,8,0.0,PS,4.0-5.0,sportsbook,0.2340166619863334,1.1161211792056258,0.0085502108599616,0.0250782455957959,1.4523629610895952,0.0682207137879794,0.3793440655166839,0.125,1.5632313020687238,away:4.0-5.0,away:sportsbook,sportsbook:4.0-5.0,,,0.818762734263179,,,,,,,0.0,lower_clv,True,,,,,,,,,5.950906714687656,,3.7725418511217534,0.2425256151202358,,,,,5.6,cross_cost_direct_only_half_kelly,9m3m_direct_only,True,18.33,4.565272944053986,away,0.2190449535558316,False,-6.397710446522065,,,0.242845038498366,0.237753806144843,0.2425256151202358,0.0627398939883717,,,0.8616303315694798,0.818762734263179,0.56,10.0
2025-12,data\historical_csv\football-data\2526\SP1.csv:141,data\historical_csv\football-data\2526\SP1.csv,141,2025-12-01,SP1,Vallecano,Valencia,away,0.2355861252607803,0.2302386915519054,4.528,4.6,4.252079534702768,0.0033474337088748,8,0.0,BMGM,4.0-5.0,sportsbook,0.2208480565371025,1.0667339751808131,0.0053474337088748,0.0142089594842203,1.5102803409008818,0.055500822415388,0.3558010935703691,0.125,1.590106007067149,away:4.0-5.0,away:sportsbook,sportsbook:4.0-5.0,,,0.6906421100862941,,,,,,,0.0,lower_clv,True,,,,,,,,,4.25777705759442,,4.25777705759442,0.2300852955749544,,,,,5.9,cross_cost_direct_only_half_kelly,9m3m_direct_only,False,-5.9,4.18180024088016,draw,0.2391314607102146,True,8.278725409585164,,,0.2302512744204824,0.2129455609176065,0.2300852955749544,0.0095909853991493,,,0.7401508832339632,0.6906421100862941,0.59,10.0
2025-12,data\historical_csv\football-data\2526\D2.csv:142,data\historical_csv\football-data\2526\D2.csv,142,2025-12-13,D2,Hannover,Bochum,away,0.224319697811258,0.2070574394885789,4.92,5.0,1.8722602283808287,0.015262258322679,7,0.0,B365,4.0-5.0,sportsbook,0.2032520325203252,1.1036529132313893,0.017262258322679,0.068037976475524,1.5933085305042167,0.0503193268261341,0.3574104880828054,0.1428571428571428,1.6260162601626105,away:4.0-5.0,away:sportsbook,sportsbook:4.0-5.0,,,0.716623909211277,,,,,,,0.0,lower_clv,True,,,,,,,,,3.8532706791481495,,3.8532706791481495,0.2109919869265459,,,,,4.9,cross_cost_direct_only_half_kelly,9m3m_direct_only,False,-4.9,4.390079325295157,draw,0.227786316807104,True,12.07086786909517,,,0.2110838834942035,0.2015023270812563,0.2109919869265459,0.0095909853991493,,,0.7800388000735372,0.716623909211277,0.49,10.0
2026-01,data\historical_csv\football-data\2526\I2.csv:189,data\historical_csv\football-data\2526\I2.csv,189,2026-01-10,I2,Cesena,Empoli,away,0.2588402966955372,0.2501075407972413,4.2487,4.4,6.263190858523937,0.0067327558982959,7,0.025,BFE,4.0-5.0,exchange,0.235366111987196,1.0997347685703294,0.0087327558982959,0.0260112354384115,1.4466130537918354,0.0669982991934337,0.3744417520471159,0.1428571428571428,3.561089274366269,away:4.0-5.0,away:exchange,exchange:4.0-5.0,,,0.7297746730064062,,,,,,,0.0,lower_clv,True,,,,,,,,,4.645587045324983,,4.645587045324983,0.2455433478747462,,,,,6.7,cross_cost_direct_only_half_kelly,9m3m_direct_only,True,21.77,4.4760135912754775,away,0.2234130838988453,False,-5.078483043897597,,,0.2463002495947583,0.2392205502866929,0.2455433478747462,0.1069115632001297,,,0.6896404413234634,0.6896404413234634,0.67,10.0
2026-01,data\historical_csv\football-data\2526\T1.csv:163,data\historical_csv\football-data\2526\T1.csv,163,2026-01-19,T1,Goztep,Rizespor,away,0.2392388211647393,0.2259457091467538,4.72645,4.9,6.792109699667459,0.0112931120179854,7,0.025,BFE,4.0-5.0,exchange,0.2115752837753493,1.130750326294082,0.0132931120179854,0.0472043456952542,1.5531743921750678,0.0572352135522941,0.3715796106472237,0.1428571428571428,3.6718890499211954,away:4.0-5.0,away:exchange,exchange:4.0-5.0,,,0.7914122408403126,,,,,,,0.0,lower_clv,True,,,,,,,,,5.7754190919992725,,5.7754190919992725,0.2232060087280367,,,,,7.4,cross_cost_direct_only_half_kelly,9m3m_direct_only,False,-7.4,4.077743355809378,home,0.2452336777338732,True,15.908471612526531,,,0.2237946431084625,0.2182888366006675,0.2232060087280367,0.1069115632001297,,,0.7618445055993527,0.7618445055993527,0.74,10.0
2026-01,data\historical_csv\football-data\2526\F2.csv:174,data\historical_csv\football-data\2526\F2.csv,174,2026-01-23,F2,Annecy,Clermont,away,0.2533716320387636,0.2485539344867412,4.136,4.2,2.801907303716189,0.0028176975520223,7,0.0,BMGM,4.0-5.0,sportsbook,0.241779497098646,1.0479450701123263,0.0048176975520223,0.0111208091030146,1.419729137206128,0.0641971839219866,0.3597190885469024,0.1428571428571428,1.547388781431347,away:4.0-5.0,away:sportsbook,sportsbook:4.0-5.0,,,0.6528784019111901,,,,,,,0.0,lower_clv,True,,,,,,,,,4.82256482237141,,4.82256482237141,0.2512923335649277,,,,,6.3,cross_cost_direct_only_half_kelly,9m3m_direct_only,False,-6.3,4.193202830020893,home,0.2384811898056973,False,-1.36417989636356,,,0.2534394700734318,0.2333561746446217,0.2512923335649277,0.1069115632001297,,,0.6702983404700377,0.6528784019111901,0.63,10.0
2026-03,data\historical_csv\football-data\2526\T1.csv:222,data\historical_csv\football-data\2526\T1.csv,222,2026-03-08,T1,Konyaspor,Kasimpasa,away,0.2573412444250001,0.2526988345019886,4.34425,4.5,9.778691178526389,0.0026424099230115,5,0.025,BFE,4.0-5.0,exchange,0.2301893307245209,1.1179547010933069,0.0046424099230115,0.0102681166748678,1.468853131620227,0.0662245160822076,0.3779964927687077,0.2,3.5851988260344303,away:4.0-5.0,away:exchange,exchange:4.0-5.0,,,0.7864803250027018,,,,,,,0.0,lower_clv,True,,,,,,,,,6.805085196528287,,4.722173348366304,0.2374104518417921,,,,,4.7,cross_cost_direct_only_half_kelly,9m3m_direct_only,False,-4.7,4.693868062176296,draw,0.2130439089368765,False,-7.448399860097421,,,0.241059269950777,0.237292214054722,0.2374104518417921,0.9686126804770872,,,0.7525396151145365,0.7525396151145365,0.47,10.0
2026-03,data\historical_csv\football-data\2526\T1.csv:240,data\historical_csv\football-data\2526\T1.csv,240,2026-03-19,T1,Kayserispor,Karagumruk,away,0.2544720119041691,0.2471186376268013,4.34425,4.5,7.354514151023173,0.0053533742773677,5,0.025,BFE,4.0-5.0,exchange,0.2301893307245209,1.1054900377146866,0.0073533742773677,0.0210371829786285,1.468853131620227,0.0647560048425555,0.3737820115951384,0.2,3.5851988260344303,away:4.0-5.0,away:exchange,exchange:4.0-5.0,,,0.7431947912508436,,,,,,,0.0,lower_clv,True,,,,,,,,,5.634790162174157,,3.5518783140121752,0.2338763751586533,,,,,2.4,cross_cost_direct_only_half_kelly,9m3m_direct_only,False,-2.4,3.577585689592732,home,0.2795181127062924,True,21.42965611243106,,,0.2383653756436949,0.2337309117599157,0.2338763751586533,0.9686126804770872,,,0.6865847228418205,0.6865847228418205,0.24,10.0
2026-04,data\historical_csv\football-data\2526\E2.csv:508,data\historical_csv\football-data\2526\E2.csv,508,2026-04-16,E2,Peterboro,Port Vale,away,0.2522669146710067,0.2213702308037383,4.43,4.5,-1.9329877539439264,0.0288966838672684,5,0.0,BFD,4.0-5.0,sportsbook,0.2257336343115124,1.1175424319925598,0.0308966838672684,0.1145480528231534,1.4883995840570443,0.063638596237629,0.3754739708676803,0.2,1.5801354401805856,away:4.0-5.0,away:sportsbook,sportsbook:4.0-5.0,,,0.7096793362499563,,,,,,,0.0,lower_clv,True,,,,,,,,,5.5085604527675285,,5.5085604527675285,0.2301236064328589,,,,,2.8,cross_cost_direct_only_half_kelly,9m3m_direct_only,True,9.6,5.7479658599079055,away,0.1739745893369001,False,-22.92925692375324,,,0.2381683080197912,0.2298612221671403,0.2301236064328589,0.9684144030322172,,,0.7180638352147967,0.7096793362499563,0.28,10.0
