date,league,home_team,away_team,outcome,actual_result,odds,odds_bucket,market_prob_bucket,favorite_relation,stake,won,profit,rule_label,month
2023-05-01,I2,Ascoli,Pisa,draw,home,3.06,"[2.8,3.5)","[0.28,0.34)",market_non_favorite,1.0,False,-1.0,"league|outcome|odds_bucket=I2|draw|[2.8,3.5)",2023-05
2023-05-01,I2,Sudtirol,Genoa,draw,draw,3.07,"[2.8,3.5)","[0.28,0.34)",market_non_favorite,1.0,True,2.07,"league|outcome|odds_bucket=I2|draw|[2.8,3.5)",2023-05
2023-05-01,I2,Venezia,Modena,draw,home,3.18,"[2.8,3.5)","[0.28,0.34)",market_non_favorite,1.0,False,-1.0,"league|outcome|odds_bucket=I2|draw|[2.8,3.5)",2023-05
2023-05-01,I2,Bari,Cittadella,draw,draw,3.21,"[2.8,3.5)","[0.28,0.34)",market_non_favorite,1.0,True,2.21,"league|outcome|odds_bucket=I2|draw|[2.8,3.5)",2023-05
2023-05-01,I2,Benevento,Parma,draw,draw,3.22,"[2.8,3.5)","[0.28,0.34)",market_non_favorite,1.0,True,2.22,"league|outcome|odds_bucket=I2|draw|[2.8,3.5)",2023-05
2023-05-01,I2,Como,Palermo,draw,draw,3.28,"[2.8,3.5)","[0.28,0.34)",market_non_favorite,1.0,True,2.28,"league|outcome|odds_bucket=I2|draw|[2.8,3.5)",2023-05
2023-05-01,I2,Brescia,Cosenza,draw,home,3.33,"[2.8,3.5)","[0.28,0.34)",market_non_favorite,1.0,False,-1.0,"league|outcome|odds_bucket=I2|draw|[2.8,3.5)",2023-05
2023-05-05,I2,Perugia,Cagliari,draw,away,3.07,"[2.8,3.5)","[0.28,0.34)",market_non_favorite,1.0,False,-1.0,"league|outcome|odds_bucket=I2|draw|[2.8,3.5)",2023-05
2023-05-06,I2,Modena,Bari,draw,draw,3.01,"[2.8,3.5)","[0.28,0.34)",market_non_favorite,1.0,True,2.01,"league|outcome|odds_bucket=I2|draw|[2.8,3.5)",2023-05
2023-05-06,I2,Cosenza,Venezia,draw,draw,3.07,"[2.8,3.5)","[0.28,0.34)",market_non_favorite,1.0,True,2.07,"league|outcome|odds_bucket=I2|draw|[2.8,3.5)",2023-05
2023-05-06,I2,Reggina,Como,draw,home,3.17,"[2.8,3.5)","[0.28,0.34)",market_non_favorite,1.0,False,-1.0,"league|outcome|odds_bucket=I2|draw|[2.8,3.5)",2023-05
2023-05-06,I2,Cittadella,Benevento,draw,home,3.21,"[2.8,3.5)","[0.28,0.34)",market_non_favorite,1.0,False,-1.0,"league|outcome|odds_bucket=I2|draw|[2.8,3.5)",2023-05
2023-05-06,I2,Pisa,Frosinone,draw,away,3.25,"[2.8,3.5)","[0.28,0.34)",market_non_favorite,1.0,False,-1.0,"league|outcome|odds_bucket=I2|draw|[2.8,3.5)",2023-05
2023-05-06,I2,Ternana,Sudtirol,draw,away,3.31,"[2.8,3.5)","[0.28,0.34)",market_non_favorite,1.0,False,-1.0,"league|outcome|odds_bucket=I2|draw|[2.8,3.5)",2023-05
2023-05-13,I2,Sudtirol,Cittadella,draw,draw,2.92,"[2.8,3.5)","[0.28,0.34)",market_non_favorite,1.0,True,1.92,"league|outcome|odds_bucket=I2|draw|[2.8,3.5)",2023-05
2023-05-13,I2,Como,Ternana,draw,home,2.98,"[2.8,3.5)","[0.28,0.34)",market_non_favorite,1.0,False,-1.0,"league|outcome|odds_bucket=I2|draw|[2.8,3.5)",2023-05
2023-05-13,I2,Frosinone,Genoa,draw,home,3.04,"[2.8,3.5)","[0.28,0.34)",market_non_favorite,1.0,False,-1.0,"league|outcome|odds_bucket=I2|draw|[2.8,3.5)",2023-05
2023-05-13,I2,Brescia,Pisa,draw,draw,3.13,"[2.8,3.5)","[0.28,0.34)",market_non_favorite,1.0,True,2.13,"league|outcome|odds_bucket=I2|draw|[2.8,3.5)",2023-05
2023-05-13,I2,Bari,Reggina,draw,home,3.22,"[2.8,3.5)","[0.28,0.34)",market_non_favorite,1.0,False,-1.0,"league|outcome|odds_bucket=I2|draw|[2.8,3.5)",2023-05
2023-05-13,I2,Spal,Parma,draw,away,3.25,"[2.8,3.5)","[0.28,0.34)",market_non_favorite,1.0,False,-1.0,"league|outcome|odds_bucket=I2|draw|[2.8,3.5)",2023-05
2023-05-13,I2,Ascoli,Cosenza,draw,draw,3.29,"[2.8,3.5)","[0.28,0.34)",market_non_favorite,1.0,True,2.29,"league|outcome|odds_bucket=I2|draw|[2.8,3.5)",2023-05
2023-05-13,I2,Benevento,Modena,draw,home,3.34,"[2.8,3.5)","[0.28,0.34)",market_non_favorite,1.0,False,-1.0,"league|outcome|odds_bucket=I2|draw|[2.8,3.5)",2023-05
2023-05-19,I2,Modena,Sudtirol,draw,home,3.1,"[2.8,3.5)","[0.28,0.34)",market_non_favorite,1.0,False,-1.0,"league|outcome|odds_bucket=I2|draw|[2.8,3.5)",2023-05
2023-05-19,I2,Parma,Venezia,draw,home,3.36,"[2.8,3.5)","[0.20,0.28)",market_non_favorite,1.0,False,-1.0,"league|outcome|odds_bucket=I2|draw|[2.8,3.5)",2023-05
2023-05-19,I2,Ternana,Frosinone,draw,away,3.39,"[2.8,3.5)","[0.20,0.28)",market_non_favorite,1.0,False,-1.0,"league|outcome|odds_bucket=I2|draw|[2.8,3.5)",2023-05
2023-05-19,I2,Cittadella,Como,draw,draw,3.41,"[2.8,3.5)","[0.20,0.28)",market_non_favorite,1.0,True,2.41,"league|outcome|odds_bucket=I2|draw|[2.8,3.5)",2023-05
2023-05-19,I2,Palermo,Brescia,draw,draw,3.45,"[2.8,3.5)","[0.20,0.28)",market_non_favorite,1.0,True,2.45,"league|outcome|odds_bucket=I2|draw|[2.8,3.5)",2023-05
2023-05-19,I2,Reggina,Ascoli,draw,home,3.47,"[2.8,3.5)","[0.20,0.28)",market_non_favorite,1.0,False,-1.0,"league|outcome|odds_bucket=I2|draw|[2.8,3.5)",2023-05
2023-08-18,I2,Bari,Palermo,draw,draw,3.07,"[2.8,3.5)","[0.28,0.34)",market_non_favorite,1.0,True,2.07,"league|outcome|odds_bucket=I2|draw|[2.8,3.5)",2023-08
2023-08-19,I2,Cosenza,Ascoli,draw,home,2.96,"[2.8,3.5)","[0.28,0.34)",market_non_favorite,1.0,False,-1.0,"league|outcome|odds_bucket=I2|draw|[2.8,3.5)",2023-08
2023-08-19,I2,Ternana,Sampdoria,draw,away,3.37,"[2.8,3.5)","[0.20,0.28)",market_non_favorite,1.0,False,-1.0,"league|outcome|odds_bucket=I2|draw|[2.8,3.5)",2023-08
2023-08-19,I2,Cremonese,Catanzaro,draw,draw,3.38,"[2.8,3.5)","[0.20,0.28)",market_non_favorite,1.0,True,2.38,"league|outcome|odds_bucket=I2|draw|[2.8,3.5)",2023-08
2023-08-20,I2,Sudtirol,Spezia,draw,draw,3.03,"[2.8,3.5)","[0.28,0.34)",market_non_favorite,1.0,True,2.03,"league|outcome|odds_bucket=I2|draw|[2.8,3.5)",2023-08
2023-08-20,I2,Cittadella,Reggiana,draw,home,3.18,"[2.8,3.5)","[0.28,0.34)",market_non_favorite,1.0,False,-1.0,"league|outcome|odds_bucket=I2|draw|[2.8,3.5)",2023-08
2023-08-20,I2,Venezia,Como,draw,home,3.29,"[2.8,3.5)","[0.28,0.34)",market_non_favorite,1.0,False,-1.0,"league|outcome|odds_bucket=I2|draw|[2.8,3.5)",2023-08
2023-08-25,I2,Sampdoria,Pisa,draw,away,3.28,"[2.8,3.5)","[0.28,0.34)",market_non_favorite,1.0,False,-1.0,"league|outcome|odds_bucket=I2|draw|[2.8,3.5)",2023-08
2023-08-26,I2,FeralpiSalo,Sudtirol,draw,away,3.06,"[2.8,3.5)","[0.28,0.34)",market_non_favorite,1.0,False,-1.0,"league|outcome|odds_bucket=I2|draw|[2.8,3.5)",2023-08
2023-08-26,I2,Modena,Ascoli,draw,home,3.27,"[2.8,3.5)","[0.28,0.34)",market_non_favorite,1.0,False,-1.0,"league|outcome|odds_bucket=I2|draw|[2.8,3.5)",2023-08
2023-08-26,I2,Como,Reggiana,draw,draw,3.28,"[2.8,3.5)","[0.28,0.34)",market_non_favorite,1.0,True,2.28,"league|outcome|odds_bucket=I2|draw|[2.8,3.5)",2023-08
2023-08-26,I2,Cremonese,Bari,draw,away,3.3,"[2.8,3.5)","[0.28,0.34)",market_non_favorite,1.0,False,-1.0,"league|outcome|odds_bucket=I2|draw|[2.8,3.5)",2023-08
2023-08-26,I2,Parma,Cittadella,draw,home,3.36,"[2.8,3.5)","[0.28,0.34)",market_non_favorite,1.0,False,-1.0,"league|outcome|odds_bucket=I2|draw|[2.8,3.5)",2023-08
2023-08-27,I2,Catanzaro,Ternana,draw,home,3.24,"[2.8,3.5)","[0.28,0.34)",market_non_favorite,1.0,False,-1.0,"league|outcome|odds_bucket=I2|draw|[2.8,3.5)",2023-08
2023-08-29,I2,Pisa,Parma,draw,away,3.07,"[2.8,3.5)","[0.28,0.34)",market_non_favorite,1.0,False,-1.0,"league|outcome|odds_bucket=I2|draw|[2.8,3.5)",2023-08
2023-08-29,I2,Cosenza,Modena,draw,away,3.19,"[2.8,3.5)","[0.28,0.34)",market_non_favorite,1.0,False,-1.0,"league|outcome|odds_bucket=I2|draw|[2.8,3.5)",2023-08
2023-08-29,I2,Reggiana,Palermo,draw,away,3.2,"[2.8,3.5)","[0.28,0.34)",market_non_favorite,1.0,False,-1.0,"league|outcome|odds_bucket=I2|draw|[2.8,3.5)",2023-08
2023-08-29,I2,Ascoli,FeralpiSalo,draw,home,3.4,"[2.8,3.5)","[0.20,0.28)",market_non_favorite,1.0,False,-1.0,"league|outcome|odds_bucket=I2|draw|[2.8,3.5)",2023-08
2023-08-30,I2,Bari,Cittadella,draw,draw,3.08,"[2.8,3.5)","[0.28,0.34)",market_non_favorite,1.0,True,2.08,"league|outcome|odds_bucket=I2|draw|[2.8,3.5)",2023-08
2023-08-30,I2,Ternana,Cremonese,draw,away,3.22,"[2.8,3.5)","[0.28,0.34)",market_non_favorite,1.0,False,-1.0,"league|outcome|odds_bucket=I2|draw|[2.8,3.5)",2023-08
2023-08-30,I2,Catanzaro,Spezia,draw,home,3.25,"[2.8,3.5)","[0.28,0.34)",market_non_favorite,1.0,False,-1.0,"league|outcome|odds_bucket=I2|draw|[2.8,3.5)",2023-08
2023-08-30,I2,Sampdoria,Venezia,draw,away,3.39,"[2.8,3.5)","[0.20,0.28)",market_non_favorite,1.0,False,-1.0,"league|outcome|odds_bucket=I2|draw|[2.8,3.5)",2023-08
2023-09-02,I2,Sudtirol,Ascoli,draw,home,2.94,"[2.8,3.5)","[0.28,0.34)",market_non_favorite,1.0,False,-1.0,"league|outcome|odds_bucket=I2|draw|[2.8,3.5)",2023-09
2023-09-02,I2,Modena,Pisa,draw,home,2.99,"[2.8,3.5)","[0.28,0.34)",market_non_favorite,1.0,False,-1.0,"league|outcome|odds_bucket=I2|draw|[2.8,3.5)",2023-09
2023-09-03,I2,Cittadella,Venezia,draw,draw,3.06,"[2.8,3.5)","[0.28,0.34)",market_non_favorite,1.0,True,2.06,"league|outcome|odds_bucket=I2|draw|[2.8,3.5)",2023-09
2023-09-03,I2,Ternana,Bari,draw,draw,3.09,"[2.8,3.5)","[0.28,0.34)",market_non_favorite,1.0,True,2.09,"league|outcome|odds_bucket=I2|draw|[2.8,3.5)",2023-09
2023-09-03,I2,Brescia,Cosenza,draw,home,3.18,"[2.8,3.5)","[0.28,0.34)",market_non_favorite,1.0,False,-1.0,"league|outcome|odds_bucket=I2|draw|[2.8,3.5)",2023-09
2023-09-03,I2,Cremonese,Sampdoria,draw,draw,3.32,"[2.8,3.5)","[0.28,0.34)",market_non_favorite,1.0,True,2.32,"league|outcome|odds_bucket=I2|draw|[2.8,3.5)",2023-09
2023-09-15,I2,Venezia,Spezia,draw,home,3.43,"[2.8,3.5)","[0.20,0.28)",market_non_favorite,1.0,False,-1.0,"league|outcome|odds_bucket=I2|draw|[2.8,3.5)",2023-09
2023-09-16,I2,Cosenza,Sudtirol,draw,draw,2.99,"[2.8,3.5)","[0.28,0.34)",market_non_favorite,1.0,True,1.99,"league|outcome|odds_bucket=I2|draw|[2.8,3.5)",2023-09
2023-09-16,I2,Reggiana,Cremonese,draw,draw,3.15,"[2.8,3.5)","[0.28,0.34)",market_non_favorite,1.0,True,2.15,"league|outcome|odds_bucket=I2|draw|[2.8,3.5)",2023-09
2023-09-16,I2,Lecco,Brescia,draw,away,3.16,"[2.8,3.5)","[0.28,0.34)",market_non_favorite,1.0,False,-1.0,"league|outcome|odds_bucket=I2|draw|[2.8,3.5)",2023-09
2023-09-16,I2,Pisa,Bari,draw,draw,3.18,"[2.8,3.5)","[0.28,0.34)",market_non_favorite,1.0,True,2.18,"league|outcome|odds_bucket=I2|draw|[2.8,3.5)",2023-09
2023-09-16,I2,Ascoli,Palermo,draw,away,3.21,"[2.8,3.5)","[0.28,0.34)",market_non_favorite,1.0,False,-1.0,"league|outcome|odds_bucket=I2|draw|[2.8,3.5)",2023-09
2023-09-16,I2,FeralpiSalo,Modena,draw,draw,3.22,"[2.8,3.5)","[0.28,0.34)",market_non_favorite,1.0,True,2.22,"league|outcome|odds_bucket=I2|draw|[2.8,3.5)",2023-09
2023-09-17,I2,Catanzaro,Parma,draw,away,3.25,"[2.8,3.5)","[0.28,0.34)",market_non_favorite,1.0,False,-1.0,"league|outcome|odds_bucket=I2|draw|[2.8,3.5)",2023-09
2023-09-17,I2,Como,Ternana,draw,home,3.36,"[2.8,3.5)","[0.28,0.34)",market_non_favorite,1.0,False,-1.0,"league|outcome|odds_bucket=I2|draw|[2.8,3.5)",2023-09
2023-09-18,I2,Sampdoria,Cittadella,draw,away,3.22,"[2.8,3.5)","[0.28,0.34)",market_non_favorite,1.0,False,-1.0,"league|outcome|odds_bucket=I2|draw|[2.8,3.5)",2023-09
2023-09-23,I2,FeralpiSalo,Pisa,draw,away,3.1,"[2.8,3.5)","[0.28,0.34)",market_non_favorite,1.0,False,-1.0,"league|outcome|odds_bucket=I2|draw|[2.8,3.5)",2023-09
2023-09-23,I2,Brescia,Venezia,draw,draw,3.11,"[2.8,3.5)","[0.28,0.34)",market_non_favorite,1.0,True,2.11,"league|outcome|odds_bucket=I2|draw|[2.8,3.5)",2023-09
2023-09-23,I2,Ternana,Sudtirol,draw,draw,3.23,"[2.8,3.5)","[0.28,0.34)",market_non_favorite,1.0,True,2.23,"league|outcome|odds_bucket=I2|draw|[2.8,3.5)",2023-09
2023-09-23,I2,Spezia,Reggiana,draw,away,3.43,"[2.8,3.5)","[0.20,0.28)",market_non_favorite,1.0,False,-1.0,"league|outcome|odds_bucket=I2|draw|[2.8,3.5)",2023-09
2023-09-24,I2,Bari,Catanzaro,draw,draw,3.08,"[2.8,3.5)","[0.28,0.34)",market_non_favorite,1.0,True,2.08,"league|outcome|odds_bucket=I2|draw|[2.8,3.5)",2023-09
2023-09-24,I2,Cittadella,Como,draw,away,3.29,"[2.8,3.5)","[0.28,0.34)",market_non_favorite,1.0,False,-1.0,"league|outcome|odds_bucket=I2|draw|[2.8,3.5)",2023-09
2023-09-24,I2,Parma,Sampdoria,draw,draw,3.34,"[2.8,3.5)","[0.28,0.34)",market_non_favorite,1.0,True,2.34,"league|outcome|odds_bucket=I2|draw|[2.8,3.5)",2023-09
2023-09-26,I2,Sudtirol,Modena,draw,draw,2.87,"[2.8,3.5)","[0.28,0.34)",market_non_favorite,1.0,True,1.87,"league|outcome|odds_bucket=I2|draw|[2.8,3.5)",2023-09
2023-09-26,I2,Lecco,FeralpiSalo,draw,away,3.03,"[2.8,3.5)","[0.28,0.34)",market_non_favorite,1.0,False,-1.0,"league|outcome|odds_bucket=I2|draw|[2.8,3.5)",2023-09
2023-09-26,I2,Reggiana,Pisa,draw,draw,3.07,"[2.8,3.5)","[0.28,0.34)",market_non_favorite,1.0,True,2.07,"league|outcome|odds_bucket=I2|draw|[2.8,3.5)",2023-09
2023-09-26,I2,Ascoli,Ternana,draw,home,3.11,"[2.8,3.5)","[0.28,0.34)",market_non_favorite,1.0,False,-1.0,"league|outcome|odds_bucket=I2|draw|[2.8,3.5)",2023-09
2023-09-26,I2,Cosenza,Cremonese,draw,away,3.13,"[2.8,3.5)","[0.28,0.34)",market_non_favorite,1.0,False,-1.0,"league|outcome|odds_bucket=I2|draw|[2.8,3.5)",2023-09
2023-09-26,I2,Venezia,Palermo,draw,away,3.22,"[2.8,3.5)","[0.28,0.34)",market_non_favorite,1.0,False,-1.0,"league|outcome|odds_bucket=I2|draw|[2.8,3.5)",2023-09
2023-09-27,I2,Catanzaro,Cittadella,draw,draw,3.15,"[2.8,3.5)","[0.28,0.34)",market_non_favorite,1.0,True,2.15,"league|outcome|odds_bucket=I2|draw|[2.8,3.5)",2023-09
2023-09-27,I2,Como,Sampdoria,draw,home,3.28,"[2.8,3.5)","[0.28,0.34)",market_non_favorite,1.0,False,-1.0,"league|outcome|odds_bucket=I2|draw|[2.8,3.5)",2023-09
2023-09-27,I2,Parma,Bari,draw,home,3.35,"[2.8,3.5)","[0.28,0.34)",market_non_favorite,1.0,False,-1.0,"league|outcome|odds_bucket=I2|draw|[2.8,3.5)",2023-09
2023-09-30,I2,FeralpiSalo,Spezia,draw,away,3.15,"[2.8,3.5)","[0.28,0.34)",market_non_favorite,1.0,False,-1.0,"league|outcome|odds_bucket=I2|draw|[2.8,3.5)",2023-09
2023-09-30,I2,Brescia,Ascoli,draw,draw,3.18,"[2.8,3.5)","[0.28,0.34)",market_non_favorite,1.0,True,2.18,"league|outcome|odds_bucket=I2|draw|[2.8,3.5)",2023-09
2023-09-30,I2,Modena,Venezia,draw,away,3.25,"[2.8,3.5)","[0.28,0.34)",market_non_favorite,1.0,False,-1.0,"league|outcome|odds_bucket=I2|draw|[2.8,3.5)",2023-09
2023-09-30,I2,Ternana,Reggiana,draw,home,3.26,"[2.8,3.5)","[0.28,0.34)",market_non_favorite,1.0,False,-1.0,"league|outcome|odds_bucket=I2|draw|[2.8,3.5)",2023-09
2023-09-30,I2,Pisa,Cosenza,draw,away,3.48,"[2.8,3.5)","[0.20,0.28)",market_non_favorite,1.0,False,-1.0,"league|outcome|odds_bucket=I2|draw|[2.8,3.5)",2023-09
2023-10-01,I2,Bari,Como,draw,draw,3.12,"[2.8,3.5)","[0.28,0.34)",market_non_favorite,1.0,True,2.12,"league|outcome|odds_bucket=I2|draw|[2.8,3.5)",2023-10
2023-10-01,I2,Cremonese,Parma,draw,away,3.33,"[2.8,3.5)","[0.28,0.34)",market_non_favorite,1.0,False,-1.0,"league|outcome|odds_bucket=I2|draw|[2.8,3.5)",2023-10
2023-10-01,I2,Sampdoria,Catanzaro,draw,away,3.38,"[2.8,3.5)","[0.20,0.28)",market_non_favorite,1.0,False,-1.0,"league|outcome|odds_bucket=I2|draw|[2.8,3.5)",2023-10
2023-10-06,I2,Brescia,FeralpiSalo,draw,draw,3.22,"[2.8,3.5)","[0.28,0.34)",market_non_favorite,1.0,True,2.22,"league|outcome|odds_bucket=I2|draw|[2.8,3.5)",2023-10
2023-10-07,I2,Sudtirol,Catanzaro,draw,away,3.05,"[2.8,3.5)","[0.28,0.34)",market_non_favorite,1.0,False,-1.0,"league|outcome|odds_bucket=I2|draw|[2.8,3.5)",2023-10
2023-10-07,I2,Modena,Palermo,draw,away,3.1,"[2.8,3.5)","[0.28,0.34)",market_non_favorite,1.0,False,-1.0,"league|outcome|odds_bucket=I2|draw|[2.8,3.5)",2023-10
2023-10-07,I2,Reggiana,Bari,draw,draw,3.13,"[2.8,3.5)","[0.28,0.34)",market_non_favorite,1.0,True,2.13,"league|outcome|odds_bucket=I2|draw|[2.8,3.5)",2023-10
2023-10-07,I2,Ascoli,Sampdoria,draw,draw,3.18,"[2.8,3.5)","[0.28,0.34)",market_non_favorite,1.0,True,2.18,"league|outcome|odds_bucket=I2|draw|[2.8,3.5)",2023-10
2023-10-07,I2,Cittadella,Ternana,draw,draw,3.22,"[2.8,3.5)","[0.28,0.34)",market_non_favorite,1.0,True,2.22,"league|outcome|odds_bucket=I2|draw|[2.8,3.5)",2023-10
2023-10-07,I2,Venezia,Parma,draw,home,3.26,"[2.8,3.5)","[0.28,0.34)",market_non_favorite,1.0,False,-1.0,"league|outcome|odds_bucket=I2|draw|[2.8,3.5)",2023-10
2023-10-08,I2,Como,Cremonese,draw,away,3.24,"[2.8,3.5)","[0.28,0.34)",market_non_favorite,1.0,False,-1.0,"league|outcome|odds_bucket=I2|draw|[2.8,3.5)",2023-10
2023-10-08,I2,Spezia,Pisa,draw,draw,3.31,"[2.8,3.5)","[0.28,0.34)",market_non_favorite,1.0,True,2.31,"league|outcome|odds_bucket=I2|draw|[2.8,3.5)",2023-10
2023-10-20,I2,Parma,Como,draw,home,3.38,"[2.8,3.5)","[0.20,0.28)",market_non_favorite,1.0,False,-1.0,"league|outcome|odds_bucket=I2|draw|[2.8,3.5)",2023-10
2023-10-21,I2,Pisa,Cittadella,draw,home,3.1,"[2.8,3.5)","[0.28,0.34)",market_non_favorite,1.0,False,-1.0,"league|outcome|odds_bucket=I2|draw|[2.8,3.5)",2023-10
2023-10-21,I2,Bari,Modena,draw,draw,3.15,"[2.8,3.5)","[0.28,0.34)",market_non_favorite,1.0,True,2.15,"league|outcome|odds_bucket=I2|draw|[2.8,3.5)",2023-10
2023-10-21,I2,Ternana,Brescia,draw,away,3.15,"[2.8,3.5)","[0.28,0.34)",market_non_favorite,1.0,False,-1.0,"league|outcome|odds_bucket=I2|draw|[2.8,3.5)",2023-10
2023-10-21,I2,Lecco,Ascoli,draw,away,3.22,"[2.8,3.5)","[0.28,0.34)",market_non_favorite,1.0,False,-1.0,"league|outcome|odds_bucket=I2|draw|[2.8,3.5)",2023-10
2023-10-22,I2,Reggiana,Venezia,draw,home,3.25,"[2.8,3.5)","[0.28,0.34)",market_non_favorite,1.0,False,-1.0,"league|outcome|odds_bucket=I2|draw|[2.8,3.5)",2023-10
2023-10-22,I2,Sampdoria,Cosenza,draw,home,3.45,"[2.8,3.5)","[0.20,0.28)",market_non_favorite,1.0,False,-1.0,"league|outcome|odds_bucket=I2|draw|[2.8,3.5)",2023-10
2023-10-23,I2,Palermo,Spezia,draw,draw,3.34,"[2.8,3.5)","[0.28,0.34)",market_non_favorite,1.0,True,2.34,"league|outcome|odds_bucket=I2|draw|[2.8,3.5)",2023-10
2023-10-24,I2,Brescia,Modena,draw,away,3.05,"[2.8,3.5)","[0.28,0.34)",market_non_favorite,1.0,False,-1.0,"league|outcome|odds_bucket=I2|draw|[2.8,3.5)",2023-10
2023-10-27,I2,Cittadella,Cremonese,draw,away,3.25,"[2.8,3.5)","[0.28,0.34)",market_non_favorite,1.0,False,-1.0,"league|outcome|odds_bucket=I2|draw|[2.8,3.5)",2023-10
2023-10-28,I2,FeralpiSalo,Reggiana,draw,away,3.08,"[2.8,3.5)","[0.28,0.34)",market_non_favorite,1.0,False,-1.0,"league|outcome|odds_bucket=I2|draw|[2.8,3.5)",2023-10
2023-10-28,I2,Ascoli,Parma,draw,away,3.21,"[2.8,3.5)","[0.28,0.34)",market_non_favorite,1.0,False,-1.0,"league|outcome|odds_bucket=I2|draw|[2.8,3.5)",2023-10
2023-10-28,I2,Sudtirol,Sampdoria,draw,home,3.22,"[2.8,3.5)","[0.28,0.34)",market_non_favorite,1.0,False,-1.0,"league|outcome|odds_bucket=I2|draw|[2.8,3.5)",2023-10
2023-10-28,I2,Como,Catanzaro,draw,home,3.3,"[2.8,3.5)","[0.28,0.34)",market_non_favorite,1.0,False,-1.0,"league|outcome|odds_bucket=I2|draw|[2.8,3.5)",2023-10
2023-10-28,I2,Spezia,Cosenza,draw,draw,3.4,"[2.8,3.5)","[0.20,0.28)",market_non_favorite,1.0,True,2.4,"league|outcome|odds_bucket=I2|draw|[2.8,3.5)",2023-10
2023-10-29,I2,Brescia,Bari,draw,away,3.04,"[2.8,3.5)","[0.28,0.34)",market_non_favorite,1.0,False,-1.0,"league|outcome|odds_bucket=I2|draw|[2.8,3.5)",2023-10
2023-10-29,I2,Venezia,Pisa,draw,home,3.28,"[2.8,3.5)","[0.28,0.34)",market_non_favorite,1.0,False,-1.0,"league|outcome|odds_bucket=I2|draw|[2.8,3.5)",2023-10
2023-10-29,I2,Modena,Ternana,draw,home,3.38,"[2.8,3.5)","[0.20,0.28)",market_non_favorite,1.0,False,-1.0,"league|outcome|odds_bucket=I2|draw|[2.8,3.5)",2023-10
2023-11-04,I2,Cittadella,Brescia,draw,home,3.0,"[2.8,3.5)","[0.28,0.34)",market_non_favorite,1.0,False,-1.0,"league|outcome|odds_bucket=I2|draw|[2.8,3.5)",2023-11
2023-11-04,I2,Bari,Ascoli,draw,home,3.18,"[2.8,3.5)","[0.28,0.34)",market_non_favorite,1.0,False,-1.0,"league|outcome|odds_bucket=I2|draw|[2.8,3.5)",2023-11
2023-11-04,I2,Ternana,Venezia,draw,away,3.2,"[2.8,3.5)","[0.28,0.34)",market_non_favorite,1.0,False,-1.0,"league|outcome|odds_bucket=I2|draw|[2.8,3.5)",2023-11
2023-11-04,I2,Pisa,Como,draw,draw,3.25,"[2.8,3.5)","[0.28,0.34)",market_non_favorite,1.0,True,2.25,"league|outcome|odds_bucket=I2|draw|[2.8,3.5)",2023-11
2023-11-04,I2,Sampdoria,Palermo,draw,home,3.27,"[2.8,3.5)","[0.28,0.34)",market_non_favorite,1.0,False,-1.0,"league|outcome|odds_bucket=I2|draw|[2.8,3.5)",2023-11
2023-11-04,I2,Catanzaro,Modena,draw,away,3.33,"[2.8,3.5)","[0.28,0.34)",market_non_favorite,1.0,False,-1.0,"league|outcome|odds_bucket=I2|draw|[2.8,3.5)",2023-11
2023-11-04,I2,Cosenza,FeralpiSalo,draw,draw,3.44,"[2.8,3.5)","[0.20,0.28)",market_non_favorite,1.0,True,2.44,"league|outcome|odds_bucket=I2|draw|[2.8,3.5)",2023-11
2023-11-05,I2,Cremonese,Spezia,draw,home,3.38,"[2.8,3.5)","[0.20,0.28)",market_non_favorite,1.0,False,-1.0,"league|outcome|odds_bucket=I2|draw|[2.8,3.5)",2023-11
2023-11-08,I2,Lecco,Spezia,draw,draw,3.43,"[2.8,3.5)","[0.20,0.28)",market_non_favorite,1.0,True,2.43,"league|outcome|odds_bucket=I2|draw|[2.8,3.5)",2023-11
2023-11-10,I2,Venezia,Catanzaro,draw,home,3.36,"[2.8,3.5)","[0.20,0.28)",market_non_favorite,1.0,False,-1.0,"league|outcome|odds_bucket=I2|draw|[2.8,3.5)",2023-11
2023-11-11,I2,Sudtirol,Pisa,draw,away,2.94,"[2.8,3.5)","[0.28,0.34)",market_non_favorite,1.0,False,-1.0,"league|outcome|odds_bucket=I2|draw|[2.8,3.5)",2023-11
2023-11-11,I2,Ascoli,Como,draw,away,3.04,"[2.8,3.5)","[0.28,0.34)",market_non_favorite,1.0,False,-1.0,"league|outcome|odds_bucket=I2|draw|[2.8,3.5)",2023-11
2023-11-11,I2,FeralpiSalo,Bari,draw,draw,3.04,"[2.8,3.5)","[0.28,0.34)",market_non_favorite,1.0,True,2.04,"league|outcome|odds_bucket=I2|draw|[2.8,3.5)",2023-11
2023-11-11,I2,Modena,Sampdoria,draw,away,3.17,"[2.8,3.5)","[0.28,0.34)",market_non_favorite,1.0,False,-1.0,"league|outcome|odds_bucket=I2|draw|[2.8,3.5)",2023-11
2023-11-11,I2,Cosenza,Reggiana,draw,home,3.27,"[2.8,3.5)","[0.28,0.34)",market_non_favorite,1.0,False,-1.0,"league|outcome|odds_bucket=I2|draw|[2.8,3.5)",2023-11
2023-11-12,I2,Brescia,Cremonese,draw,away,3.31,"[2.8,3.5)","[0.28,0.34)",market_non_favorite,1.0,False,-1.0,"league|outcome|odds_bucket=I2|draw|[2.8,3.5)",2023-11
2023-11-24,I2,Sampdoria,Spezia,draw,home,3.18,"[2.8,3.5)","[0.28,0.34)",market_non_favorite,1.0,False,-1.0,"league|outcome|odds_bucket=I2|draw|[2.8,3.5)",2023-11
2023-11-25,I2,Cittadella,Sudtirol,draw,home,3.09,"[2.8,3.5)","[0.28,0.34)",market_non_favorite,1.0,False,-1.0,"league|outcome|odds_bucket=I2|draw|[2.8,3.5)",2023-11
2023-11-25,I2,Bari,Venezia,draw,away,3.09,"[2.8,3.5)","[0.28,0.34)",market_non_favorite,1.0,False,-1.0,"league|outcome|odds_bucket=I2|draw|[2.8,3.5)",2023-11
2023-11-25,I2,Reggiana,Ascoli,draw,draw,3.11,"[2.8,3.5)","[0.28,0.34)",market_non_favorite,1.0,True,2.11,"league|outcome|odds_bucket=I2|draw|[2.8,3.5)",2023-11
2023-11-25,I2,Pisa,Brescia,draw,draw,3.15,"[2.8,3.5)","[0.28,0.34)",market_non_favorite,1.0,True,2.15,"league|outcome|odds_bucket=I2|draw|[2.8,3.5)",2023-11
2023-11-25,I2,Parma,Modena,draw,draw,3.25,"[2.8,3.5)","[0.28,0.34)",market_non_favorite,1.0,True,2.25,"league|outcome|odds_bucket=I2|draw|[2.8,3.5)",2023-11
2023-11-26,I2,Ternana,Palermo,draw,draw,3.23,"[2.8,3.5)","[0.28,0.34)",market_non_favorite,1.0,True,2.23,"league|outcome|odds_bucket=I2|draw|[2.8,3.5)",2023-11
2023-11-26,I2,Catanzaro,Cosenza,draw,home,3.44,"[2.8,3.5)","[0.20,0.28)",market_non_favorite,1.0,False,-1.0,"league|outcome|odds_bucket=I2|draw|[2.8,3.5)",2023-11
2023-11-28,I2,Sudtirol,Brescia,draw,draw,2.94,"[2.8,3.5)","[0.28,0.34)",market_non_favorite,1.0,True,1.94,"league|outcome|odds_bucket=I2|draw|[2.8,3.5)",2023-11
2023-12-01,I2,Palermo,Catanzaro,draw,away,3.47,"[2.8,3.5)","[0.20,0.28)",market_non_favorite,1.0,False,-1.0,"league|outcome|odds_bucket=I2|draw|[2.8,3.5)",2023-12
2023-12-02,I2,FeralpiSalo,Cittadella,draw,away,3.03,"[2.8,3.5)","[0.28,0.34)",market_non_favorite,1.0,False,-1.0,"league|outcome|odds_bucket=I2|draw|[2.8,3.5)",2023-12
2023-12-02,I2,Spezia,Parma,draw,away,3.26,"[2.8,3.5)","[0.28,0.34)",market_non_favorite,1.0,False,-1.0,"league|outcome|odds_bucket=I2|draw|[2.8,3.5)",2023-12
2023-12-02,I2,Cosenza,Ternana,draw,away,3.32,"[2.8,3.5)","[0.28,0.34)",market_non_favorite,1.0,False,-1.0,"league|outcome|odds_bucket=I2|draw|[2.8,3.5)",2023-12
2023-12-02,I2,Pisa,Cremonese,draw,draw,3.37,"[2.8,3.5)","[0.20,0.28)",market_non_favorite,1.0,True,2.37,"league|outcome|odds_bucket=I2|draw|[2.8,3.5)",2023-12
2023-12-02,I2,Venezia,Ascoli,draw,home,3.43,"[2.8,3.5)","[0.20,0.28)",market_non_favorite,1.0,False,-1.0,"league|outcome|odds_bucket=I2|draw|[2.8,3.5)",2023-12
2023-12-02,I2,Modena,Reggiana,draw,home,3.49,"[2.8,3.5)","[0.20,0.28)",market_non_favorite,1.0,False,-1.0,"league|outcome|odds_bucket=I2|draw|[2.8,3.5)",2023-12
2023-12-03,I2,Sudtirol,Como,draw,away,3.05,"[2.8,3.5)","[0.28,0.34)",market_non_favorite,1.0,False,-1.0,"league|outcome|odds_bucket=I2|draw|[2.8,3.5)",2023-12
2023-12-03,I2,Brescia,Sampdoria,draw,home,3.12,"[2.8,3.5)","[0.28,0.34)",market_non_favorite,1.0,False,-1.0,"league|outcome|odds_bucket=I2|draw|[2.8,3.5)",2023-12
2023-12-03,I2,Lecco,Bari,draw,home,3.24,"[2.8,3.5)","[0.28,0.34)",market_non_favorite,1.0,False,-1.0,"league|outcome|odds_bucket=I2|draw|[2.8,3.5)",2023-12
2023-12-09,I2,Ascoli,Spezia,draw,away,3.07,"[2.8,3.5)","[0.28,0.34)",market_non_favorite,1.0,False,-1.0,"league|outcome|odds_bucket=I2|draw|[2.8,3.5)",2023-12
2023-12-09,I2,Bari,Sudtirol,draw,home,3.15,"[2.8,3.5)","[0.28,0.34)",market_non_favorite,1.0,False,-1.0,"league|outcome|odds_bucket=I2|draw|[2.8,3.5)",2023-12
2023-12-09,I2,Cittadella,Cosenza,draw,home,3.16,"[2.8,3.5)","[0.28,0.34)",market_non_favorite,1.0,False,-1.0,"league|outcome|odds_bucket=I2|draw|[2.8,3.5)",2023-12
2023-12-09,I2,Catanzaro,Pisa,draw,home,3.18,"[2.8,3.5)","[0.28,0.34)",market_non_favorite,1.0,False,-1.0,"league|outcome|odds_bucket=I2|draw|[2.8,3.5)",2023-12
2023-12-09,I2,Ternana,FeralpiSalo,draw,home,3.42,"[2.8,3.5)","[0.20,0.28)",market_non_favorite,1.0,False,-1.0,"league|outcome|odds_bucket=I2|draw|[2.8,3.5)",2023-12
2023-12-10,I2,Reggiana,Brescia,draw,draw,3.12,"[2.8,3.5)","[0.28,0.34)",market_non_favorite,1.0,True,2.12,"league|outcome|odds_bucket=I2|draw|[2.8,3.5)",2023-12
2023-12-10,I2,Como,Modena,draw,home,3.19,"[2.8,3.5)","[0.28,0.34)",market_non_favorite,1.0,False,-1.0,"league|outcome|odds_bucket=I2|draw|[2.8,3.5)",2023-12
2023-12-10,I2,Parma,Palermo,draw,draw,3.38,"[2.8,3.5)","[0.20,0.28)",market_non_favorite,1.0,True,2.38,"league|outcome|odds_bucket=I2|draw|[2.8,3.5)",2023-12
2023-12-15,I2,Spezia,Bari,draw,home,3.05,"[2.8,3.5)","[0.28,0.34)",market_non_favorite,1.0,False,-1.0,"league|outcome|odds_bucket=I2|draw|[2.8,3.5)",2023-12
2023-12-16,I2,Brescia,Como,draw,home,2.94,"[2.8,3.5)","[0.28,0.34)",market_non_favorite,1.0,False,-1.0,"league|outcome|odds_bucket=I2|draw|[2.8,3.5)",2023-12
2023-12-16,I2,Ascoli,Catanzaro,draw,home,3.06,"[2.8,3.5)","[0.28,0.34)",market_non_favorite,1.0,False,-1.0,"league|outcome|odds_bucket=I2|draw|[2.8,3.5)",2023-12
2023-12-16,I2,Reggiana,Sampdoria,draw,away,3.09,"[2.8,3.5)","[0.28,0.34)",market_non_favorite,1.0,False,-1.0,"league|outcome|odds_bucket=I2|draw|[2.8,3.5)",2023-12
2023-12-16,I2,Modena,Cittadella,draw,draw,3.15,"[2.8,3.5)","[0.28,0.34)",market_non_favorite,1.0,True,2.15,"league|outcome|odds_bucket=I2|draw|[2.8,3.5)",2023-12
2023-12-16,I2,Palermo,Pisa,draw,home,3.39,"[2.8,3.5)","[0.20,0.28)",market_non_favorite,1.0,False,-1.0,"league|outcome|odds_bucket=I2|draw|[2.8,3.5)",2023-12
2023-12-16,I2,Cosenza,Parma,draw,draw,3.46,"[2.8,3.5)","[0.20,0.28)",market_non_favorite,1.0,True,2.46,"league|outcome|odds_bucket=I2|draw|[2.8,3.5)",2023-12
2023-12-17,I2,Lecco,Ternana,draw,away,3.27,"[2.8,3.5)","[0.28,0.34)",market_non_favorite,1.0,False,-1.0,"league|outcome|odds_bucket=I2|draw|[2.8,3.5)",2023-12
2023-12-23,I2,Sudtirol,Reggiana,draw,away,2.9,"[2.8,3.5)","[0.28,0.34)",market_non_favorite,1.0,False,-1.0,"league|outcome|odds_bucket=I2|draw|[2.8,3.5)",2023-12
2023-12-23,I2,Cittadella,Spezia,draw,home,3.03,"[2.8,3.5)","[0.28,0.34)",market_non_favorite,1.0,False,-1.0,"league|outcome|odds_bucket=I2|draw|[2.8,3.5)",2023-12
2023-12-23,I2,Bari,Cosenza,draw,draw,3.1,"[2.8,3.5)","[0.28,0.34)",market_non_favorite,1.0,True,2.1,"league|outcome|odds_bucket=I2|draw|[2.8,3.5)",2023-12
2023-12-23,I2,Catanzaro,Brescia,draw,away,3.13,"[2.8,3.5)","[0.28,0.34)",market_non_favorite,1.0,False,-1.0,"league|outcome|odds_bucket=I2|draw|[2.8,3.5)",2023-12
2023-12-23,I2,Pisa,Ascoli,draw,home,3.18,"[2.8,3.5)","[0.28,0.34)",market_non_favorite,1.0,False,-1.0,"league|outcome|odds_bucket=I2|draw|[2.8,3.5)",2023-12
2023-12-23,I2,Como,Palermo,draw,draw,3.22,"[2.8,3.5)","[0.28,0.34)",market_non_favorite,1.0,True,2.22,"league|outcome|odds_bucket=I2|draw|[2.8,3.5)",2023-12
2023-12-26,I2,Ascoli,Cittadella,draw,draw,2.95,"[2.8,3.5)","[0.28,0.34)",market_non_favorite,1.0,True,1.95,"league|outcome|odds_bucket=I2|draw|[2.8,3.5)",2023-12
2023-12-26,I2,Lecco,Sudtirol,draw,home,3.08,"[2.8,3.5)","[0.28,0.34)",market_non_favorite,1.0,False,-1.0,"league|outcome|odds_bucket=I2|draw|[2.8,3.5)",2023-12
2023-12-26,I2,Reggiana,Catanzaro,draw,home,3.1,"[2.8,3.5)","[0.28,0.34)",market_non_favorite,1.0,False,-1.0,"league|outcome|odds_bucket=I2|draw|[2.8,3.5)",2023-12
2023-12-26,I2,Cosenza,Como,draw,away,3.11,"[2.8,3.5)","[0.28,0.34)",market_non_favorite,1.0,False,-1.0,"league|outcome|odds_bucket=I2|draw|[2.8,3.5)",2023-12
2023-12-26,I2,Sampdoria,Bari,draw,draw,3.12,"[2.8,3.5)","[0.28,0.34)",market_non_favorite,1.0,True,2.12,"league|outcome|odds_bucket=I2|draw|[2.8,3.5)",2023-12
2023-12-26,I2,Brescia,Parma,draw,away,3.14,"[2.8,3.5)","[0.28,0.34)",market_non_favorite,1.0,False,-1.0,"league|outcome|odds_bucket=I2|draw|[2.8,3.5)",2023-12
2023-12-26,I2,Spezia,Modena,draw,draw,3.19,"[2.8,3.5)","[0.28,0.34)",market_non_favorite,1.0,True,2.19,"league|outcome|odds_bucket=I2|draw|[2.8,3.5)",2023-12
2023-12-26,I2,Ternana,Pisa,draw,draw,3.23,"[2.8,3.5)","[0.28,0.34)",market_non_favorite,1.0,True,2.23,"league|outcome|odds_bucket=I2|draw|[2.8,3.5)",2023-12
2023-12-26,I2,Palermo,Cremonese,draw,home,3.33,"[2.8,3.5)","[0.28,0.34)",market_non_favorite,1.0,False,-1.0,"league|outcome|odds_bucket=I2|draw|[2.8,3.5)",2023-12
2023-12-26,I2,FeralpiSalo,Venezia,draw,draw,3.37,"[2.8,3.5)","[0.20,0.28)",market_non_favorite,1.0,True,2.37,"league|outcome|odds_bucket=I2|draw|[2.8,3.5)",2023-12
2024-01-12,I2,Catanzaro,Lecco,draw,home,3.45,"[2.8,3.5)","[0.20,0.28)",market_non_favorite,1.0,False,-1.0,"league|outcome|odds_bucket=I2|draw|[2.8,3.5)",2024-01
2024-01-13,I2,Sudtirol,FeralpiSalo,draw,home,3.01,"[2.8,3.5)","[0.28,0.34)",market_non_favorite,1.0,False,-1.0,"league|outcome|odds_bucket=I2|draw|[2.8,3.5)",2024-01
2024-01-13,I2,Pisa,Reggiana,draw,draw,3.09,"[2.8,3.5)","[0.28,0.34)",market_non_favorite,1.0,True,2.09,"league|outcome|odds_bucket=I2|draw|[2.8,3.5)",2024-01
2024-01-13,I2,Cittadella,Palermo,draw,home,3.13,"[2.8,3.5)","[0.28,0.34)",market_non_favorite,1.0,False,-1.0,"league|outcome|odds_bucket=I2|draw|[2.8,3.5)",2024-01
2024-01-13,I2,Modena,Brescia,draw,away,3.13,"[2.8,3.5)","[0.28,0.34)",market_non_favorite,1.0,False,-1.0,"league|outcome|odds_bucket=I2|draw|[2.8,3.5)",2024-01
2024-01-13,I2,Bari,Ternana,draw,home,3.23,"[2.8,3.5)","[0.28,0.34)",market_non_favorite,1.0,False,-1.0,"league|outcome|odds_bucket=I2|draw|[2.8,3.5)",2024-01
2024-01-13,I2,Como,Spezia,draw,home,3.35,"[2.8,3.5)","[0.20,0.28)",market_non_favorite,1.0,False,-1.0,"league|outcome|odds_bucket=I2|draw|[2.8,3.5)",2024-01
2024-01-14,I2,Venezia,Sampdoria,draw,home,3.27,"[2.8,3.5)","[0.28,0.34)",market_non_favorite,1.0,False,-1.0,"league|outcome|odds_bucket=I2|draw|[2.8,3.5)",2024-01
2024-01-19,I2,Sampdoria,Parma,draw,away,3.25,"[2.8,3.5)","[0.28,0.34)",market_non_favorite,1.0,False,-1.0,"league|outcome|odds_bucket=I2|draw|[2.8,3.5)",2024-01
2024-01-20,I2,Brescia,Sudtirol,draw,draw,3.02,"[2.8,3.5)","[0.28,0.34)",market_non_favorite,1.0,True,2.02,"league|outcome|odds_bucket=I2|draw|[2.8,3.5)",2024-01
2024-01-20,I2,Reggiana,Como,draw,draw,3.05,"[2.8,3.5)","[0.28,0.34)",market_non_favorite,1.0,True,2.05,"league|outcome|odds_bucket=I2|draw|[2.8,3.5)",2024-01
2024-01-20,I2,Cosenza,Venezia,draw,home,3.08,"[2.8,3.5)","[0.28,0.34)",market_non_favorite,1.0,False,-1.0,"league|outcome|odds_bucket=I2|draw|[2.8,3.5)",2024-01
2024-01-20,I2,Ternana,Cittadella,draw,home,3.1,"[2.8,3.5)","[0.28,0.34)",market_non_favorite,1.0,False,-1.0,"league|outcome|odds_bucket=I2|draw|[2.8,3.5)",2024-01
2024-01-20,I2,FeralpiSalo,Catanzaro,draw,home,3.13,"[2.8,3.5)","[0.28,0.34)",market_non_favorite,1.0,False,-1.0,"league|outcome|odds_bucket=I2|draw|[2.8,3.5)",2024-01
2024-01-20,I2,Lecco,Pisa,draw,away,3.14,"[2.8,3.5)","[0.28,0.34)",market_non_favorite,1.0,False,-1.0,"league|outcome|odds_bucket=I2|draw|[2.8,3.5)",2024-01
2024-01-20,I2,Palermo,Modena,draw,home,3.22,"[2.8,3.5)","[0.28,0.34)",market_non_favorite,1.0,False,-1.0,"league|outcome|odds_bucket=I2|draw|[2.8,3.5)",2024-01
2024-01-20,I2,Spezia,Cremonese,draw,away,3.41,"[2.8,3.5)","[0.20,0.28)",market_non_favorite,1.0,False,-1.0,"league|outcome|odds_bucket=I2|draw|[2.8,3.5)",2024-01
2024-01-21,I2,Ascoli,Bari,draw,draw,2.87,"[2.8,3.5)","[0.28,0.34)",market_non_favorite,1.0,True,1.87,"league|outcome|odds_bucket=I2|draw|[2.8,3.5)",2024-01
2024-01-26,I2,Catanzaro,Palermo,draw,draw,3.14,"[2.8,3.5)","[0.28,0.34)",market_non_favorite,1.0,True,2.14,"league|outcome|odds_bucket=I2|draw|[2.8,3.5)",2024-01
2024-01-27,I2,Sudtirol,Cosenza,draw,away,2.97,"[2.8,3.5)","[0.28,0.34)",market_non_favorite,1.0,False,-1.0,"league|outcome|odds_bucket=I2|draw|[2.8,3.5)",2024-01
2024-01-27,I2,Bari,Reggiana,draw,away,3.15,"[2.8,3.5)","[0.28,0.34)",market_non_favorite,1.0,False,-1.0,"league|outcome|odds_bucket=I2|draw|[2.8,3.5)",2024-01
2024-01-27,I2,Modena,Parma,draw,home,3.24,"[2.8,3.5)","[0.28,0.34)",market_non_favorite,1.0,False,-1.0,"league|outcome|odds_bucket=I2|draw|[2.8,3.5)",2024-01
2024-01-27,I2,Pisa,Spezia,draw,away,3.24,"[2.8,3.5)","[0.28,0.34)",market_non_favorite,1.0,False,-1.0,"league|outcome|odds_bucket=I2|draw|[2.8,3.5)",2024-01
2024-01-27,I2,FeralpiSalo,Lecco,draw,home,3.33,"[2.8,3.5)","[0.28,0.34)",market_non_favorite,1.0,False,-1.0,"league|outcome|odds_bucket=I2|draw|[2.8,3.5)",2024-01
2024-01-27,I2,Como,Ascoli,draw,away,3.42,"[2.8,3.5)","[0.20,0.28)",market_non_favorite,1.0,False,-1.0,"league|outcome|odds_bucket=I2|draw|[2.8,3.5)",2024-01
2024-01-28,I2,Cittadella,Sampdoria,draw,away,3.17,"[2.8,3.5)","[0.28,0.34)",market_non_favorite,1.0,False,-1.0,"league|outcome|odds_bucket=I2|draw|[2.8,3.5)",2024-01
2024-02-03,I2,Brescia,Cittadella,draw,home,2.94,"[2.8,3.5)","[0.28,0.34)",market_non_favorite,1.0,False,-1.0,"league|outcome|odds_bucket=I2|draw|[2.8,3.5)",2024-02
2024-02-03,I2,Cosenza,Pisa,draw,draw,2.96,"[2.8,3.5)","[0.28,0.34)",market_non_favorite,1.0,True,1.96,"league|outcome|odds_bucket=I2|draw|[2.8,3.5)",2024-02
2024-02-03,I2,Reggiana,FeralpiSalo,draw,draw,3.15,"[2.8,3.5)","[0.28,0.34)",market_non_favorite,1.0,True,2.15,"league|outcome|odds_bucket=I2|draw|[2.8,3.5)",2024-02
2024-02-03,I2,Ternana,Como,draw,away,3.23,"[2.8,3.5)","[0.28,0.34)",market_non_favorite,1.0,False,-1.0,"league|outcome|odds_bucket=I2|draw|[2.8,3.5)",2024-02
2024-02-03,I2,Sampdoria,Modena,draw,draw,3.25,"[2.8,3.5)","[0.28,0.34)",market_non_favorite,1.0,True,2.25,"league|outcome|odds_bucket=I2|draw|[2.8,3.5)",2024-02
2024-02-03,I2,Spezia,Catanzaro,draw,draw,3.26,"[2.8,3.5)","[0.28,0.34)",market_non_favorite,1.0,True,2.26,"league|outcome|odds_bucket=I2|draw|[2.8,3.5)",2024-02
2024-02-03,I2,Parma,Venezia,draw,home,3.43,"[2.8,3.5)","[0.20,0.28)",market_non_favorite,1.0,False,-1.0,"league|outcome|odds_bucket=I2|draw|[2.8,3.5)",2024-02
2024-02-04,I2,Ascoli,Sudtirol,draw,away,3.0,"[2.8,3.5)","[0.28,0.34)",market_non_favorite,1.0,False,-1.0,"league|outcome|odds_bucket=I2|draw|[2.8,3.5)",2024-02
2024-02-09,I2,Como,Brescia,draw,home,3.36,"[2.8,3.5)","[0.20,0.28)",market_non_favorite,1.0,False,-1.0,"league|outcome|odds_bucket=I2|draw|[2.8,3.5)",2024-02
2024-02-10,I2,Cittadella,Parma,draw,away,3.0,"[2.8,3.5)","[0.28,0.34)",market_non_favorite,1.0,False,-1.0,"league|outcome|odds_bucket=I2|draw|[2.8,3.5)",2024-02
2024-02-10,I2,Sudtirol,Venezia,draw,away,3.1,"[2.8,3.5)","[0.28,0.34)",market_non_favorite,1.0,False,-1.0,"league|outcome|odds_bucket=I2|draw|[2.8,3.5)",2024-02
2024-02-10,I2,Modena,Cosenza,draw,draw,3.17,"[2.8,3.5)","[0.28,0.34)",market_non_favorite,1.0,True,2.17,"league|outcome|odds_bucket=I2|draw|[2.8,3.5)",2024-02
2024-02-10,I2,Pisa,Sampdoria,draw,home,3.19,"[2.8,3.5)","[0.28,0.34)",market_non_favorite,1.0,False,-1.0,"league|outcome|odds_bucket=I2|draw|[2.8,3.5)",2024-02
2024-02-10,I2,Catanzaro,Ascoli,draw,home,3.26,"[2.8,3.5)","[0.28,0.34)",market_non_favorite,1.0,False,-1.0,"league|outcome|odds_bucket=I2|draw|[2.8,3.5)",2024-02
2024-02-10,I2,FeralpiSalo,Palermo,draw,away,3.38,"[2.8,3.5)","[0.20,0.28)",market_non_favorite,1.0,False,-1.0,"league|outcome|odds_bucket=I2|draw|[2.8,3.5)",2024-02
2024-02-10,I2,Bari,Lecco,draw,home,3.41,"[2.8,3.5)","[0.20,0.28)",market_non_favorite,1.0,False,-1.0,"league|outcome|odds_bucket=I2|draw|[2.8,3.5)",2024-02
2024-02-11,I2,Ternana,Spezia,draw,draw,3.24,"[2.8,3.5)","[0.28,0.34)",market_non_favorite,1.0,True,2.24,"league|outcome|odds_bucket=I2|draw|[2.8,3.5)",2024-02
2024-02-16,I2,Ascoli,Cremonese,draw,draw,3.21,"[2.8,3.5)","[0.28,0.34)",market_non_favorite,1.0,True,2.21,"league|outcome|odds_bucket=I2|draw|[2.8,3.5)",2024-02
2024-02-17,I2,Spezia,Cittadella,draw,home,3.1,"[2.8,3.5)","[0.28,0.34)",market_non_favorite,1.0,False,-1.0,"league|outcome|odds_bucket=I2|draw|[2.8,3.5)",2024-02
2024-02-17,I2,Lecco,Cosenza,draw,away,3.14,"[2.8,3.5)","[0.28,0.34)",market_non_favorite,1.0,False,-1.0,"league|outcome|odds_bucket=I2|draw|[2.8,3.5)",2024-02
2024-02-17,I2,Sampdoria,Brescia,draw,draw,3.16,"[2.8,3.5)","[0.28,0.34)",market_non_favorite,1.0,True,2.16,"league|outcome|odds_bucket=I2|draw|[2.8,3.5)",2024-02
2024-02-17,I2,Catanzaro,Sudtirol,draw,draw,3.2,"[2.8,3.5)","[0.28,0.34)",market_non_favorite,1.0,True,2.2,"league|outcome|odds_bucket=I2|draw|[2.8,3.5)",2024-02
2024-02-17,I2,Reggiana,Ternana,draw,away,3.23,"[2.8,3.5)","[0.28,0.34)",market_non_favorite,1.0,False,-1.0,"league|outcome|odds_bucket=I2|draw|[2.8,3.5)",2024-02
2024-02-17,I2,Bari,FeralpiSalo,draw,home,3.27,"[2.8,3.5)","[0.28,0.34)",market_non_favorite,1.0,False,-1.0,"league|outcome|odds_bucket=I2|draw|[2.8,3.5)",2024-02
2024-02-17,I2,Palermo,Como,draw,home,3.36,"[2.8,3.5)","[0.20,0.28)",market_non_favorite,1.0,False,-1.0,"league|outcome|odds_bucket=I2|draw|[2.8,3.5)",2024-02
2024-02-17,I2,Parma,Pisa,draw,home,3.49,"[2.8,3.5)","[0.20,0.28)",market_non_favorite,1.0,False,-1.0,"league|outcome|odds_bucket=I2|draw|[2.8,3.5)",2024-02
2024-02-23,I2,Cosenza,Sampdoria,draw,away,3.09,"[2.8,3.5)","[0.28,0.34)",market_non_favorite,1.0,False,-1.0,"league|outcome|odds_bucket=I2|draw|[2.8,3.5)",2024-02
2024-02-24,I2,FeralpiSalo,Ascoli,draw,away,2.96,"[2.8,3.5)","[0.28,0.34)",market_non_favorite,1.0,False,-1.0,"league|outcome|odds_bucket=I2|draw|[2.8,3.5)",2024-02
2024-02-24,I2,Brescia,Reggiana,draw,draw,3.04,"[2.8,3.5)","[0.28,0.34)",market_non_favorite,1.0,True,2.04,"league|outcome|odds_bucket=I2|draw|[2.8,3.5)",2024-02
2024-02-24,I2,Pisa,Venezia,draw,away,3.15,"[2.8,3.5)","[0.28,0.34)",market_non_favorite,1.0,False,-1.0,"league|outcome|odds_bucket=I2|draw|[2.8,3.5)",2024-02
2024-02-24,I2,Cittadella,Catanzaro,draw,away,3.18,"[2.8,3.5)","[0.28,0.34)",market_non_favorite,1.0,False,-1.0,"league|outcome|odds_bucket=I2|draw|[2.8,3.5)",2024-02
2024-02-24,I2,Como,Parma,draw,draw,3.18,"[2.8,3.5)","[0.28,0.34)",market_non_favorite,1.0,True,2.18,"league|outcome|odds_bucket=I2|draw|[2.8,3.5)",2024-02
2024-02-24,I2,Ternana,Lecco,draw,draw,3.43,"[2.8,3.5)","[0.20,0.28)",market_non_favorite,1.0,True,2.43,"league|outcome|odds_bucket=I2|draw|[2.8,3.5)",2024-02
2024-02-25,I2,Modena,Spezia,draw,draw,3.24,"[2.8,3.5)","[0.28,0.34)",market_non_favorite,1.0,True,2.24,"league|outcome|odds_bucket=I2|draw|[2.8,3.5)",2024-02
2024-02-27,I2,Ascoli,Brescia,draw,draw,2.92,"[2.8,3.5)","[0.28,0.34)",market_non_favorite,1.0,True,1.92,"league|outcome|odds_bucket=I2|draw|[2.8,3.5)",2024-02
2024-02-27,I2,Catanzaro,Bari,draw,home,3.01,"[2.8,3.5)","[0.28,0.34)",market_non_favorite,1.0,False,-1.0,"league|outcome|odds_bucket=I2|draw|[2.8,3.5)",2024-02
2024-02-27,I2,Sampdoria,Cremonese,draw,away,3.11,"[2.8,3.5)","[0.28,0.34)",market_non_favorite,1.0,False,-1.0,"league|outcome|odds_bucket=I2|draw|[2.8,3.5)",2024-02
2024-02-27,I2,Lecco,Como,draw,away,3.45,"[2.8,3.5)","[0.20,0.28)",market_non_favorite,1.0,False,-1.0,"league|outcome|odds_bucket=I2|draw|[2.8,3.5)",2024-02
2024-02-28,I2,Pisa,Modena,draw,draw,3.11,"[2.8,3.5)","[0.28,0.34)",market_non_favorite,1.0,True,2.11,"league|outcome|odds_bucket=I2|draw|[2.8,3.5)",2024-02
2024-02-28,I2,Spezia,FeralpiSalo,draw,away,3.46,"[2.8,3.5)","[0.20,0.28)",market_non_favorite,1.0,False,-1.0,"league|outcome|odds_bucket=I2|draw|[2.8,3.5)",2024-02
2024-02-28,I2,Venezia,Cittadella,draw,home,3.48,"[2.8,3.5)","[0.20,0.28)",market_non_favorite,1.0,False,-1.0,"league|outcome|odds_bucket=I2|draw|[2.8,3.5)",2024-02
2024-03-02,I2,Sudtirol,Lecco,draw,home,3.11,"[2.8,3.5)","[0.28,0.34)",market_non_favorite,1.0,False,-1.0,"league|outcome|odds_bucket=I2|draw|[2.8,3.5)",2024-03
2024-03-02,I2,Brescia,Palermo,draw,home,3.22,"[2.8,3.5)","[0.28,0.34)",market_non_favorite,1.0,False,-1.0,"league|outcome|odds_bucket=I2|draw|[2.8,3.5)",2024-03
2024-03-03,I2,Ascoli,Reggiana,draw,draw,2.94,"[2.8,3.5)","[0.28,0.34)",market_non_favorite,1.0,True,1.94,"league|outcome|odds_bucket=I2|draw|[2.8,3.5)",2024-03
2024-03-03,I2,Cittadella,Pisa,draw,away,3.1,"[2.8,3.5)","[0.28,0.34)",market_non_favorite,1.0,False,-1.0,"league|outcome|odds_bucket=I2|draw|[2.8,3.5)",2024-03
2024-03-03,I2,Cosenza,Catanzaro,draw,away,3.12,"[2.8,3.5)","[0.28,0.34)",market_non_favorite,1.0,False,-1.0,"league|outcome|odds_bucket=I2|draw|[2.8,3.5)",2024-03
2024-03-03,I2,Bari,Spezia,draw,draw,3.12,"[2.8,3.5)","[0.28,0.34)",market_non_favorite,1.0,True,2.12,"league|outcome|odds_bucket=I2|draw|[2.8,3.5)",2024-03
2024-03-03,I2,FeralpiSalo,Sampdoria,draw,away,3.13,"[2.8,3.5)","[0.28,0.34)",market_non_favorite,1.0,False,-1.0,"league|outcome|odds_bucket=I2|draw|[2.8,3.5)",2024-03
2024-03-03,I2,Modena,Cremonese,draw,away,3.13,"[2.8,3.5)","[0.28,0.34)",market_non_favorite,1.0,False,-1.0,"league|outcome|odds_bucket=I2|draw|[2.8,3.5)",2024-03
2024-03-03,I2,Como,Venezia,draw,home,3.26,"[2.8,3.5)","[0.28,0.34)",market_non_favorite,1.0,False,-1.0,"league|outcome|odds_bucket=I2|draw|[2.8,3.5)",2024-03
2024-03-09,I2,Cosenza,Cittadella,draw,draw,2.98,"[2.8,3.5)","[0.28,0.34)",market_non_favorite,1.0,True,1.98,"league|outcome|odds_bucket=I2|draw|[2.8,3.5)",2024-03
2024-03-09,I2,Spezia,Sudtirol,draw,home,3.05,"[2.8,3.5)","[0.28,0.34)",market_non_favorite,1.0,False,-1.0,"league|outcome|odds_bucket=I2|draw|[2.8,3.5)",2024-03
2024-03-09,I2,Catanzaro,Reggiana,draw,away,3.23,"[2.8,3.5)","[0.28,0.34)",market_non_favorite,1.0,False,-1.0,"league|outcome|odds_bucket=I2|draw|[2.8,3.5)",2024-03
2024-03-09,I2,Cremonese,Como,draw,home,3.3,"[2.8,3.5)","[0.28,0.34)",market_non_favorite,1.0,False,-1.0,"league|outcome|odds_bucket=I2|draw|[2.8,3.5)",2024-03
2024-03-09,I2,Modena,FeralpiSalo,draw,away,3.48,"[2.8,3.5)","[0.20,0.28)",market_non_favorite,1.0,False,-1.0,"league|outcome|odds_bucket=I2|draw|[2.8,3.5)",2024-03
2024-03-09,I2,Pisa,Ternana,draw,home,3.49,"[2.8,3.5)","[0.20,0.28)",market_non_favorite,1.0,False,-1.0,"league|outcome|odds_bucket=I2|draw|[2.8,3.5)",2024-03
2024-03-10,I2,Venezia,Bari,draw,home,3.45,"[2.8,3.5)","[0.20,0.28)",market_non_favorite,1.0,False,-1.0,"league|outcome|odds_bucket=I2|draw|[2.8,3.5)",2024-03
2024-03-11,I2,Sampdoria,Ascoli,draw,home,3.03,"[2.8,3.5)","[0.28,0.34)",market_non_favorite,1.0,False,-1.0,"league|outcome|odds_bucket=I2|draw|[2.8,3.5)",2024-03
2024-03-15,I2,Palermo,Venezia,draw,away,3.26,"[2.8,3.5)","[0.28,0.34)",market_non_favorite,1.0,False,-1.0,"league|outcome|odds_bucket=I2|draw|[2.8,3.5)",2024-03
2024-03-16,I2,Reggiana,Spezia,draw,draw,2.95,"[2.8,3.5)","[0.28,0.34)",market_non_favorite,1.0,True,1.95,"league|outcome|odds_bucket=I2|draw|[2.8,3.5)",2024-03
2024-03-16,I2,Bari,Sampdoria,draw,away,2.97,"[2.8,3.5)","[0.28,0.34)",market_non_favorite,1.0,False,-1.0,"league|outcome|odds_bucket=I2|draw|[2.8,3.5)",2024-03
2024-03-16,I2,Cittadella,Modena,draw,draw,2.99,"[2.8,3.5)","[0.28,0.34)",market_non_favorite,1.0,True,1.99,"league|outcome|odds_bucket=I2|draw|[2.8,3.5)",2024-03
2024-03-16,I2,Brescia,Catanzaro,draw,draw,3.01,"[2.8,3.5)","[0.28,0.34)",market_non_favorite,1.0,True,2.01,"league|outcome|odds_bucket=I2|draw|[2.8,3.5)",2024-03
2024-03-16,I2,Sudtirol,Cremonese,draw,home,3.02,"[2.8,3.5)","[0.28,0.34)",market_non_favorite,1.0,False,-1.0,"league|outcome|odds_bucket=I2|draw|[2.8,3.5)",2024-03
2024-03-16,I2,Ternana,Cosenza,draw,home,3.12,"[2.8,3.5)","[0.28,0.34)",market_non_favorite,1.0,False,-1.0,"league|outcome|odds_bucket=I2|draw|[2.8,3.5)",2024-03
2024-03-16,I2,Como,Pisa,draw,home,3.18,"[2.8,3.5)","[0.28,0.34)",market_non_favorite,1.0,False,-1.0,"league|outcome|odds_bucket=I2|draw|[2.8,3.5)",2024-03
2024-03-17,I2,Ascoli,Lecco,draw,home,3.29,"[2.8,3.5)","[0.28,0.34)",market_non_favorite,1.0,False,-1.0,"league|outcome|odds_bucket=I2|draw|[2.8,3.5)",2024-03
2024-09-01,I2,Catanzaro,Carrarese,draw,home,3.12,"[2.8,3.5)","[0.28,0.34)",market_non_favorite,1.0,False,-1.0,"league|outcome|odds_bucket=I2|draw|[2.8,3.5)",2024-09
2024-09-01,I2,Spezia,Cesena,draw,home,3.18,"[2.8,3.5)","[0.28,0.34)",market_non_favorite,1.0,False,-1.0,"league|outcome|odds_bucket=I2|draw|[2.8,3.5)",2024-09
2024-09-01,I2,Mantova,Salernitana,draw,home,3.24,"[2.8,3.5)","[0.28,0.34)",market_non_favorite,1.0,False,-1.0,"league|outcome|odds_bucket=I2|draw|[2.8,3.5)",2024-09
2024-09-01,I2,Palermo,Cosenza,draw,draw,3.26,"[2.8,3.5)","[0.28,0.34)",market_non_favorite,1.0,True,2.26,"league|outcome|odds_bucket=I2|draw|[2.8,3.5)",2024-09
2024-09-01,I2,Frosinone,Juve Stabia,draw,draw,3.28,"[2.8,3.5)","[0.28,0.34)",market_non_favorite,1.0,True,2.28,"league|outcome|odds_bucket=I2|draw|[2.8,3.5)",2024-09
2024-09-13,I2,Cesena,Modena,draw,draw,2.87,"[2.8,3.5)","[0.28,0.34)",market_non_favorite,1.0,True,1.87,"league|outcome|odds_bucket=I2|draw|[2.8,3.5)",2024-09
2024-09-14,I2,Brescia,Frosinone,draw,home,3.06,"[2.8,3.5)","[0.28,0.34)",market_non_favorite,1.0,False,-1.0,"league|outcome|odds_bucket=I2|draw|[2.8,3.5)",2024-09
2024-09-14,I2,Juve Stabia,Palermo,draw,away,3.15,"[2.8,3.5)","[0.28,0.34)",market_non_favorite,1.0,False,-1.0,"league|outcome|odds_bucket=I2|draw|[2.8,3.5)",2024-09
2024-09-14,I2,Bari,Mantova,draw,home,3.21,"[2.8,3.5)","[0.28,0.34)",market_non_favorite,1.0,False,-1.0,"league|outcome|odds_bucket=I2|draw|[2.8,3.5)",2024-09
2024-09-14,I2,Cittadella,Catanzaro,draw,draw,3.31,"[2.8,3.5)","[0.28,0.34)",market_non_favorite,1.0,True,2.31,"league|outcome|odds_bucket=I2|draw|[2.8,3.5)",2024-09
2024-09-14,I2,Cremonese,Spezia,draw,draw,3.47,"[2.8,3.5)","[0.20,0.28)",market_non_favorite,1.0,True,2.47,"league|outcome|odds_bucket=I2|draw|[2.8,3.5)",2024-09
2024-09-15,I2,Reggiana,Sudtirol,draw,away,2.91,"[2.8,3.5)","[0.28,0.34)",market_non_favorite,1.0,False,-1.0,"league|outcome|odds_bucket=I2|draw|[2.8,3.5)",2024-09
2024-09-15,I2,Cosenza,Sampdoria,draw,home,3.13,"[2.8,3.5)","[0.28,0.34)",market_non_favorite,1.0,False,-1.0,"league|outcome|odds_bucket=I2|draw|[2.8,3.5)",2024-09
2024-09-15,I2,Carrarese,Sassuolo,draw,away,3.23,"[2.8,3.5)","[0.28,0.34)",market_non_favorite,1.0,False,-1.0,"league|outcome|odds_bucket=I2|draw|[2.8,3.5)",2024-09
2024-09-15,I2,Salernitana,Pisa,draw,away,3.25,"[2.8,3.5)","[0.28,0.34)",market_non_favorite,1.0,False,-1.0,"league|outcome|odds_bucket=I2|draw|[2.8,3.5)",2024-09
2024-09-20,I2,Catanzaro,Cremonese,draw,away,3.22,"[2.8,3.5)","[0.28,0.34)",market_non_favorite,1.0,False,-1.0,"league|outcome|odds_bucket=I2|draw|[2.8,3.5)",2024-09
2024-09-21,I2,Modena,Juve Stabia,draw,home,3.02,"[2.8,3.5)","[0.28,0.34)",market_non_favorite,1.0,False,-1.0,"league|outcome|odds_bucket=I2|draw|[2.8,3.5)",2024-09
2024-09-21,I2,Reggiana,Salernitana,draw,draw,3.04,"[2.8,3.5)","[0.28,0.34)",market_non_favorite,1.0,True,2.04,"league|outcome|odds_bucket=I2|draw|[2.8,3.5)",2024-09
2024-09-21,I2,Sampdoria,Sudtirol,draw,home,3.12,"[2.8,3.5)","[0.28,0.34)",market_non_favorite,1.0,False,-1.0,"league|outcome|odds_bucket=I2|draw|[2.8,3.5)",2024-09
2024-09-21,I2,Cosenza,Sassuolo,draw,away,3.14,"[2.8,3.5)","[0.28,0.34)",market_non_favorite,1.0,False,-1.0,"league|outcome|odds_bucket=I2|draw|[2.8,3.5)",2024-09
2024-09-21,I2,Pisa,Brescia,draw,home,3.21,"[2.8,3.5)","[0.28,0.34)",market_non_favorite,1.0,False,-1.0,"league|outcome|odds_bucket=I2|draw|[2.8,3.5)",2024-09
2024-09-21,I2,Palermo,Cesena,draw,draw,3.2,"[2.8,3.5)","[0.28,0.34)",market_non_favorite,1.0,True,2.2,"league|outcome|odds_bucket=I2|draw|[2.8,3.5)",2024-09
2024-09-22,I2,Frosinone,Bari,draw,away,3.24,"[2.8,3.5)","[0.28,0.34)",market_non_favorite,1.0,False,-1.0,"league|outcome|odds_bucket=I2|draw|[2.8,3.5)",2024-09
2024-09-22,I2,Mantova,Cittadella,draw,home,3.35,"[2.8,3.5)","[0.20,0.28)",market_non_favorite,1.0,False,-1.0,"league|outcome|odds_bucket=I2|draw|[2.8,3.5)",2024-09
2024-09-27,I2,Cittadella,Frosinone,draw,away,3.12,"[2.8,3.5)","[0.28,0.34)",market_non_favorite,1.0,False,-1.0,"league|outcome|odds_bucket=I2|draw|[2.8,3.5)",2024-09
2024-09-28,I2,Carrarese,Reggiana,draw,draw,3.03,"[2.8,3.5)","[0.28,0.34)",market_non_favorite,1.0,True,2.03,"league|outcome|odds_bucket=I2|draw|[2.8,3.5)",2024-09
2024-09-28,I2,Bari,Cosenza,draw,draw,3.11,"[2.8,3.5)","[0.28,0.34)",market_non_favorite,1.0,True,2.11,"league|outcome|odds_bucket=I2|draw|[2.8,3.5)",2024-09
2024-09-28,I2,Sassuolo,Spezia,draw,draw,3.29,"[2.8,3.5)","[0.28,0.34)",market_non_favorite,1.0,True,2.29,"league|outcome|odds_bucket=I2|draw|[2.8,3.5)",2024-09
2024-09-29,I2,Juve Stabia,Pisa,draw,home,3.05,"[2.8,3.5)","[0.28,0.34)",market_non_favorite,1.0,False,-1.0,"league|outcome|odds_bucket=I2|draw|[2.8,3.5)",2024-09
2024-09-29,I2,Modena,Sampdoria,draw,away,3.09,"[2.8,3.5)","[0.28,0.34)",market_non_favorite,1.0,False,-1.0,"league|outcome|odds_bucket=I2|draw|[2.8,3.5)",2024-09
2024-09-29,I2,Salernitana,Catanzaro,draw,draw,3.49,"[2.8,3.5)","[0.20,0.28)",market_non_favorite,1.0,True,2.49,"league|outcome|odds_bucket=I2|draw|[2.8,3.5)",2024-09
2024-09-30,I2,Sudtirol,Palermo,draw,away,3.03,"[2.8,3.5)","[0.28,0.34)",market_non_favorite,1.0,False,-1.0,"league|outcome|odds_bucket=I2|draw|[2.8,3.5)",2024-09
2024-09-30,I2,Brescia,Cremonese,draw,home,3.08,"[2.8,3.5)","[0.28,0.34)",market_non_favorite,1.0,False,-1.0,"league|outcome|odds_bucket=I2|draw|[2.8,3.5)",2024-09
2024-10-04,I2,Sampdoria,Juve Stabia,draw,away,3.17,"[2.8,3.5)","[0.28,0.34)",market_non_favorite,1.0,False,-1.0,"league|outcome|odds_bucket=I2|draw|[2.8,3.5)",2024-10
2024-10-05,I2,Pisa,Cesena,draw,home,3.16,"[2.8,3.5)","[0.28,0.34)",market_non_favorite,1.0,False,-1.0,"league|outcome|odds_bucket=I2|draw|[2.8,3.5)",2024-10
2024-10-05,I2,Spezia,Reggiana,draw,home,3.35,"[2.8,3.5)","[0.28,0.34)",market_non_favorite,1.0,False,-1.0,"league|outcome|odds_bucket=I2|draw|[2.8,3.5)",2024-10
2024-10-06,I2,Cosenza,Sudtirol,draw,away,2.9,"[2.8,3.5)","[0.28,0.34)",market_non_favorite,1.0,False,-1.0,"league|outcome|odds_bucket=I2|draw|[2.8,3.5)",2024-10
2024-10-06,I2,Catanzaro,Modena,draw,draw,2.99,"[2.8,3.5)","[0.28,0.34)",market_non_favorite,1.0,True,1.99,"league|outcome|odds_bucket=I2|draw|[2.8,3.5)",2024-10
2024-10-06,I2,Mantova,Brescia,draw,draw,3.16,"[2.8,3.5)","[0.28,0.34)",market_non_favorite,1.0,True,2.16,"league|outcome|odds_bucket=I2|draw|[2.8,3.5)",2024-10
2024-10-06,I2,Cremonese,Bari,draw,draw,3.45,"[2.8,3.5)","[0.20,0.28)",market_non_favorite,1.0,True,2.45,"league|outcome|odds_bucket=I2|draw|[2.8,3.5)",2024-10
2024-10-06,I2,Palermo,Salernitana,draw,away,3.48,"[2.8,3.5)","[0.20,0.28)",market_non_favorite,1.0,False,-1.0,"league|outcome|odds_bucket=I2|draw|[2.8,3.5)",2024-10
2024-10-18,I2,Bari,Catanzaro,draw,draw,3.3,"[2.8,3.5)","[0.28,0.34)",market_non_favorite,1.0,True,2.3,"league|outcome|odds_bucket=I2|draw|[2.8,3.5)",2024-10
2024-10-19,I2,Modena,Palermo,draw,draw,2.95,"[2.8,3.5)","[0.28,0.34)",market_non_favorite,1.0,True,1.95,"league|outcome|odds_bucket=I2|draw|[2.8,3.5)",2024-10
2024-10-19,I2,Cittadella,Cosenza,draw,draw,3.09,"[2.8,3.5)","[0.28,0.34)",market_non_favorite,1.0,True,2.09,"league|outcome|odds_bucket=I2|draw|[2.8,3.5)",2024-10
2024-10-19,I2,Salernitana,Spezia,draw,away,3.11,"[2.8,3.5)","[0.28,0.34)",market_non_favorite,1.0,False,-1.0,"league|outcome|odds_bucket=I2|draw|[2.8,3.5)",2024-10
2024-10-19,I2,Brescia,Sassuolo,draw,away,3.21,"[2.8,3.5)","[0.28,0.34)",market_non_favorite,1.0,False,-1.0,"league|outcome|odds_bucket=I2|draw|[2.8,3.5)",2024-10
2024-10-20,I2,Cesena,Sampdoria,draw,away,3.11,"[2.8,3.5)","[0.28,0.34)",market_non_favorite,1.0,False,-1.0,"league|outcome|odds_bucket=I2|draw|[2.8,3.5)",2024-10
2024-10-20,I2,Juve Stabia,Cremonese,draw,away,3.13,"[2.8,3.5)","[0.28,0.34)",market_non_favorite,1.0,False,-1.0,"league|outcome|odds_bucket=I2|draw|[2.8,3.5)",2024-10
2024-10-20,I2,Reggiana,Frosinone,draw,home,3.16,"[2.8,3.5)","[0.28,0.34)",market_non_favorite,1.0,False,-1.0,"league|outcome|odds_bucket=I2|draw|[2.8,3.5)",2024-10
2024-10-20,I2,Carrarese,Mantova,draw,draw,3.24,"[2.8,3.5)","[0.28,0.34)",market_non_favorite,1.0,True,2.24,"league|outcome|odds_bucket=I2|draw|[2.8,3.5)",2024-10
2024-10-25,I2,Spezia,Bari,draw,draw,3.17,"[2.8,3.5)","[0.28,0.34)",market_non_favorite,1.0,True,2.17,"league|outcome|odds_bucket=I2|draw|[2.8,3.5)",2024-10
2024-10-26,I2,Carrarese,Cittadella,draw,home,3.05,"[2.8,3.5)","[0.28,0.34)",market_non_favorite,1.0,False,-1.0,"league|outcome|odds_bucket=I2|draw|[2.8,3.5)",2024-10
2024-10-26,I2,Cosenza,Juve Stabia,draw,draw,3.06,"[2.8,3.5)","[0.28,0.34)",market_non_favorite,1.0,True,2.06,"league|outcome|odds_bucket=I2|draw|[2.8,3.5)",2024-10
2024-10-26,I2,Cesena,Brescia,draw,home,3.36,"[2.8,3.5)","[0.20,0.28)",market_non_favorite,1.0,False,-1.0,"league|outcome|odds_bucket=I2|draw|[2.8,3.5)",2024-10
2024-10-26,I2,Sassuolo,Modena,draw,home,3.46,"[2.8,3.5)","[0.20,0.28)",market_non_favorite,1.0,False,-1.0,"league|outcome|odds_bucket=I2|draw|[2.8,3.5)",2024-10
2024-10-27,I2,Frosinone,Pisa,draw,draw,3.11,"[2.8,3.5)","[0.28,0.34)",market_non_favorite,1.0,True,2.11,"league|outcome|odds_bucket=I2|draw|[2.8,3.5)",2024-10
2024-10-27,I2,Sampdoria,Mantova,draw,home,3.49,"[2.8,3.5)","[0.20,0.28)",market_non_favorite,1.0,False,-1.0,"league|outcome|odds_bucket=I2|draw|[2.8,3.5)",2024-10
2024-10-29,I2,Reggiana,Cosenza,draw,away,2.91,"[2.8,3.5)","[0.28,0.34)",market_non_favorite,1.0,False,-1.0,"league|outcome|odds_bucket=I2|draw|[2.8,3.5)",2024-10
2024-10-29,I2,Modena,Cremonese,draw,draw,3.0,"[2.8,3.5)","[0.28,0.34)",market_non_favorite,1.0,True,2.0,"league|outcome|odds_bucket=I2|draw|[2.8,3.5)",2024-10
2024-10-29,I2,Brescia,Spezia,draw,draw,3.09,"[2.8,3.5)","[0.28,0.34)",market_non_favorite,1.0,True,2.09,"league|outcome|odds_bucket=I2|draw|[2.8,3.5)",2024-10
2024-10-29,I2,Salernitana,Cesena,draw,draw,3.13,"[2.8,3.5)","[0.28,0.34)",market_non_favorite,1.0,True,2.13,"league|outcome|odds_bucket=I2|draw|[2.8,3.5)",2024-10
2024-10-29,I2,Juve Stabia,Sassuolo,draw,draw,3.24,"[2.8,3.5)","[0.28,0.34)",market_non_favorite,1.0,True,2.24,"league|outcome|odds_bucket=I2|draw|[2.8,3.5)",2024-10
2024-10-29,I2,Bari,Carrarese,draw,draw,3.28,"[2.8,3.5)","[0.28,0.34)",market_non_favorite,1.0,True,2.28,"league|outcome|odds_bucket=I2|draw|[2.8,3.5)",2024-10
2024-10-30,I2,Sudtirol,Frosinone,draw,draw,2.98,"[2.8,3.5)","[0.28,0.34)",market_non_favorite,1.0,True,1.98,"league|outcome|odds_bucket=I2|draw|[2.8,3.5)",2024-10
2024-10-30,I2,Cittadella,Sampdoria,draw,draw,3.19,"[2.8,3.5)","[0.28,0.34)",market_non_favorite,1.0,True,2.19,"league|outcome|odds_bucket=I2|draw|[2.8,3.5)",2024-10
2024-10-30,I2,Mantova,Palermo,draw,draw,3.28,"[2.8,3.5)","[0.28,0.34)",market_non_favorite,1.0,True,2.28,"league|outcome|odds_bucket=I2|draw|[2.8,3.5)",2024-10
2024-10-30,I2,Pisa,Catanzaro,draw,draw,3.39,"[2.8,3.5)","[0.20,0.28)",market_non_favorite,1.0,True,2.39,"league|outcome|odds_bucket=I2|draw|[2.8,3.5)",2024-10
2024-11-02,I2,Carrarese,Juve Stabia,draw,draw,3.02,"[2.8,3.5)","[0.28,0.34)",market_non_favorite,1.0,True,2.02,"league|outcome|odds_bucket=I2|draw|[2.8,3.5)",2024-11
2024-11-02,I2,Spezia,Modena,draw,home,3.11,"[2.8,3.5)","[0.28,0.34)",market_non_favorite,1.0,False,-1.0,"league|outcome|odds_bucket=I2|draw|[2.8,3.5)",2024-11
2024-11-02,I2,Bari,Reggiana,draw,draw,3.26,"[2.8,3.5)","[0.28,0.34)",market_non_favorite,1.0,True,2.26,"league|outcome|odds_bucket=I2|draw|[2.8,3.5)",2024-11
2024-11-03,I2,Cosenza,Salernitana,draw,draw,3.17,"[2.8,3.5)","[0.28,0.34)",market_non_favorite,1.0,True,2.17,"league|outcome|odds_bucket=I2|draw|[2.8,3.5)",2024-11
2024-11-03,I2,Catanzaro,Frosinone,draw,draw,3.19,"[2.8,3.5)","[0.28,0.34)",market_non_favorite,1.0,True,2.19,"league|outcome|odds_bucket=I2|draw|[2.8,3.5)",2024-11
2024-11-03,I2,Cesena,Sudtirol,draw,home,3.25,"[2.8,3.5)","[0.28,0.34)",market_non_favorite,1.0,False,-1.0,"league|outcome|odds_bucket=I2|draw|[2.8,3.5)",2024-11
2024-11-03,I2,Cremonese,Pisa,draw,away,3.31,"[2.8,3.5)","[0.28,0.34)",market_non_favorite,1.0,False,-1.0,"league|outcome|odds_bucket=I2|draw|[2.8,3.5)",2024-11
2024-11-08,I2,Frosinone,Palermo,draw,draw,3.17,"[2.8,3.5)","[0.28,0.34)",market_non_favorite,1.0,True,2.17,"league|outcome|odds_bucket=I2|draw|[2.8,3.5)",2024-11
2024-11-09,I2,Brescia,Cosenza,draw,away,3.18,"[2.8,3.5)","[0.28,0.34)",market_non_favorite,1.0,False,-1.0,"league|outcome|odds_bucket=I2|draw|[2.8,3.5)",2024-11
2024-11-09,I2,Pisa,Sampdoria,draw,home,3.19,"[2.8,3.5)","[0.28,0.34)",market_non_favorite,1.0,False,-1.0,"league|outcome|odds_bucket=I2|draw|[2.8,3.5)",2024-11
2024-11-09,I2,Sudtirol,Sassuolo,draw,away,3.28,"[2.8,3.5)","[0.28,0.34)",market_non_favorite,1.0,False,-1.0,"league|outcome|odds_bucket=I2|draw|[2.8,3.5)",2024-11
2024-11-09,I2,Modena,Carrarese,draw,home,3.36,"[2.8,3.5)","[0.20,0.28)",market_non_favorite,1.0,False,-1.0,"league|outcome|odds_bucket=I2|draw|[2.8,3.5)",2024-11
2024-11-10,I2,Juve Stabia,Spezia,draw,away,2.99,"[2.8,3.5)","[0.28,0.34)",market_non_favorite,1.0,False,-1.0,"league|outcome|odds_bucket=I2|draw|[2.8,3.5)",2024-11
2024-11-10,I2,Reggiana,Catanzaro,draw,draw,3.13,"[2.8,3.5)","[0.28,0.34)",market_non_favorite,1.0,True,2.13,"league|outcome|odds_bucket=I2|draw|[2.8,3.5)",2024-11
2024-11-10,I2,Salernitana,Bari,draw,away,3.14,"[2.8,3.5)","[0.28,0.34)",market_non_favorite,1.0,False,-1.0,"league|outcome|odds_bucket=I2|draw|[2.8,3.5)",2024-11
2024-11-10,I2,Cittadella,Cesena,draw,away,3.23,"[2.8,3.5)","[0.28,0.34)",market_non_favorite,1.0,False,-1.0,"league|outcome|odds_bucket=I2|draw|[2.8,3.5)",2024-11
2024-11-22,I2,Cosenza,Modena,draw,draw,2.93,"[2.8,3.5)","[0.28,0.34)",market_non_favorite,1.0,True,1.93,"league|outcome|odds_bucket=I2|draw|[2.8,3.5)",2024-11
2024-11-23,I2,Carrarese,Pisa,draw,home,3.07,"[2.8,3.5)","[0.28,0.34)",market_non_favorite,1.0,False,-1.0,"league|outcome|odds_bucket=I2|draw|[2.8,3.5)",2024-11
2024-11-23,I2,Juve Stabia,Brescia,draw,draw,3.08,"[2.8,3.5)","[0.28,0.34)",market_non_favorite,1.0,True,2.08,"league|outcome|odds_bucket=I2|draw|[2.8,3.5)",2024-11
2024-11-23,I2,Cesena,Reggiana,draw,draw,3.34,"[2.8,3.5)","[0.28,0.34)",market_non_favorite,1.0,True,2.34,"league|outcome|odds_bucket=I2|draw|[2.8,3.5)",2024-11
2024-11-23,I2,Catanzaro,Mantova,draw,draw,3.41,"[2.8,3.5)","[0.20,0.28)",market_non_favorite,1.0,True,2.41,"league|outcome|odds_bucket=I2|draw|[2.8,3.5)",2024-11
2024-11-24,I2,Palermo,Sampdoria,draw,draw,3.23,"[2.8,3.5)","[0.28,0.34)",market_non_favorite,1.0,True,2.23,"league|outcome|odds_bucket=I2|draw|[2.8,3.5)",2024-11
2024-11-24,I2,Spezia,Sudtirol,draw,home,3.31,"[2.8,3.5)","[0.28,0.34)",market_non_favorite,1.0,False,-1.0,"league|outcome|odds_bucket=I2|draw|[2.8,3.5)",2024-11
2024-11-24,I2,Bari,Cittadella,draw,home,3.38,"[2.8,3.5)","[0.20,0.28)",market_non_favorite,1.0,False,-1.0,"league|outcome|odds_bucket=I2|draw|[2.8,3.5)",2024-11
2024-11-30,I2,Sudtirol,Cremonese,draw,away,3.01,"[2.8,3.5)","[0.28,0.34)",market_non_favorite,1.0,False,-1.0,"league|outcome|odds_bucket=I2|draw|[2.8,3.5)",2024-11
2024-11-30,I2,Cittadella,Juve Stabia,draw,draw,3.04,"[2.8,3.5)","[0.28,0.34)",market_non_favorite,1.0,True,2.04,"league|outcome|odds_bucket=I2|draw|[2.8,3.5)",2024-11
2024-11-30,I2,Mantova,Modena,draw,draw,3.08,"[2.8,3.5)","[0.28,0.34)",market_non_favorite,1.0,True,2.08,"league|outcome|odds_bucket=I2|draw|[2.8,3.5)",2024-11
2024-11-30,I2,Brescia,Bari,draw,draw,3.12,"[2.8,3.5)","[0.28,0.34)",market_non_favorite,1.0,True,2.12,"league|outcome|odds_bucket=I2|draw|[2.8,3.5)",2024-11
2024-11-30,I2,Sampdoria,Catanzaro,draw,draw,3.4,"[2.8,3.5)","[0.20,0.28)",market_non_favorite,1.0,True,2.4,"league|outcome|odds_bucket=I2|draw|[2.8,3.5)",2024-11
2024-12-01,I2,Palermo,Spezia,draw,home,3.08,"[2.8,3.5)","[0.28,0.34)",market_non_favorite,1.0,False,-1.0,"league|outcome|odds_bucket=I2|draw|[2.8,3.5)",2024-12
2024-12-01,I2,Frosinone,Cesena,draw,home,3.15,"[2.8,3.5)","[0.28,0.34)",market_non_favorite,1.0,False,-1.0,"league|outcome|odds_bucket=I2|draw|[2.8,3.5)",2024-12
2024-12-01,I2,Salernitana,Carrarese,draw,home,3.26,"[2.8,3.5)","[0.28,0.34)",market_non_favorite,1.0,False,-1.0,"league|outcome|odds_bucket=I2|draw|[2.8,3.5)",2024-12
2024-12-01,I2,Pisa,Cosenza,draw,draw,3.32,"[2.8,3.5)","[0.28,0.34)",market_non_favorite,1.0,True,2.32,"league|outcome|odds_bucket=I2|draw|[2.8,3.5)",2024-12
2024-12-07,I2,Mantova,Pisa,draw,away,3.12,"[2.8,3.5)","[0.28,0.34)",market_non_favorite,1.0,False,-1.0,"league|outcome|odds_bucket=I2|draw|[2.8,3.5)",2024-12
2024-12-07,I2,Carrarese,Palermo,draw,home,3.12,"[2.8,3.5)","[0.28,0.34)",market_non_favorite,1.0,False,-1.0,"league|outcome|odds_bucket=I2|draw|[2.8,3.5)",2024-12
2024-12-07,I2,Cosenza,Frosinone,draw,away,3.15,"[2.8,3.5)","[0.28,0.34)",market_non_favorite,1.0,False,-1.0,"league|outcome|odds_bucket=I2|draw|[2.8,3.5)",2024-12
2024-12-07,I2,Bari,Cesena,draw,home,3.17,"[2.8,3.5)","[0.28,0.34)",market_non_favorite,1.0,False,-1.0,"league|outcome|odds_bucket=I2|draw|[2.8,3.5)",2024-12
2024-12-07,I2,Modena,Salernitana,draw,draw,3.28,"[2.8,3.5)","[0.28,0.34)",market_non_favorite,1.0,True,2.28,"league|outcome|odds_bucket=I2|draw|[2.8,3.5)",2024-12
2024-12-08,I2,Catanzaro,Brescia,draw,home,3.28,"[2.8,3.5)","[0.28,0.34)",market_non_favorite,1.0,False,-1.0,"league|outcome|odds_bucket=I2|draw|[2.8,3.5)",2024-12
2024-12-13,I2,Pisa,Bari,draw,home,3.18,"[2.8,3.5)","[0.28,0.34)",market_non_favorite,1.0,False,-1.0,"league|outcome|odds_bucket=I2|draw|[2.8,3.5)",2024-12
2024-12-14,I2,Reggiana,Modena,draw,away,2.99,"[2.8,3.5)","[0.28,0.34)",market_non_favorite,1.0,False,-1.0,"league|outcome|odds_bucket=I2|draw|[2.8,3.5)",2024-12
2024-12-14,I2,Sampdoria,Spezia,draw,draw,3.06,"[2.8,3.5)","[0.28,0.34)",market_non_favorite,1.0,True,2.06,"league|outcome|odds_bucket=I2|draw|[2.8,3.5)",2024-12
2024-12-14,I2,Sudtirol,Mantova,draw,draw,3.33,"[2.8,3.5)","[0.28,0.34)",market_non_favorite,1.0,True,2.33,"league|outcome|odds_bucket=I2|draw|[2.8,3.5)",2024-12
2024-12-14,I2,Cesena,Cosenza,draw,home,3.43,"[2.8,3.5)","[0.20,0.28)",market_non_favorite,1.0,False,-1.0,"league|outcome|odds_bucket=I2|draw|[2.8,3.5)",2024-12
2024-12-15,I2,Salernitana,Juve Stabia,draw,away,3.11,"[2.8,3.5)","[0.28,0.34)",market_non_favorite,1.0,False,-1.0,"league|outcome|odds_bucket=I2|draw|[2.8,3.5)",2024-12
2024-12-15,I2,Brescia,Carrarese,draw,draw,3.22,"[2.8,3.5)","[0.28,0.34)",market_non_favorite,1.0,True,2.22,"league|outcome|odds_bucket=I2|draw|[2.8,3.5)",2024-12
2024-12-15,I2,Cittadella,Cremonese,draw,draw,3.34,"[2.8,3.5)","[0.28,0.34)",market_non_favorite,1.0,True,2.34,"league|outcome|odds_bucket=I2|draw|[2.8,3.5)",2024-12
2024-12-20,I2,Salernitana,Brescia,draw,draw,3.27,"[2.8,3.5)","[0.28,0.34)",market_non_favorite,1.0,True,2.27,"league|outcome|odds_bucket=I2|draw|[2.8,3.5)",2024-12
2024-12-21,I2,Modena,Pisa,draw,home,2.83,"[2.8,3.5)","[0.28,0.34)",market_non_favorite,1.0,False,-1.0,"league|outcome|odds_bucket=I2|draw|[2.8,3.5)",2024-12
2024-12-21,I2,Cittadella,Reggiana,draw,home,3.0,"[2.8,3.5)","[0.28,0.34)",market_non_favorite,1.0,False,-1.0,"league|outcome|odds_bucket=I2|draw|[2.8,3.5)",2024-12
2024-12-21,I2,Carrarese,Cosenza,draw,home,3.0,"[2.8,3.5)","[0.28,0.34)",market_non_favorite,1.0,False,-1.0,"league|outcome|odds_bucket=I2|draw|[2.8,3.5)",2024-12
2024-12-21,I2,Catanzaro,Spezia,draw,away,3.08,"[2.8,3.5)","[0.28,0.34)",market_non_favorite,1.0,False,-1.0,"league|outcome|odds_bucket=I2|draw|[2.8,3.5)",2024-12
2024-12-21,I2,Bari,Sudtirol,draw,away,3.13,"[2.8,3.5)","[0.28,0.34)",market_non_favorite,1.0,False,-1.0,"league|outcome|odds_bucket=I2|draw|[2.8,3.5)",2024-12
2024-12-21,I2,Mantova,Frosinone,draw,home,3.16,"[2.8,3.5)","[0.28,0.34)",market_non_favorite,1.0,False,-1.0,"league|outcome|odds_bucket=I2|draw|[2.8,3.5)",2024-12
2024-12-22,I2,Juve Stabia,Cesena,draw,home,3.02,"[2.8,3.5)","[0.28,0.34)",market_non_favorite,1.0,False,-1.0,"league|outcome|odds_bucket=I2|draw|[2.8,3.5)",2024-12
2024-12-26,I2,Sudtirol,Cittadella,draw,away,2.95,"[2.8,3.5)","[0.28,0.34)",market_non_favorite,1.0,False,-1.0,"league|outcome|odds_bucket=I2|draw|[2.8,3.5)",2024-12
2024-12-26,I2,Reggiana,Juve Stabia,draw,home,2.96,"[2.8,3.5)","[0.28,0.34)",market_non_favorite,1.0,False,-1.0,"league|outcome|odds_bucket=I2|draw|[2.8,3.5)",2024-12
2024-12-26,I2,Brescia,Modena,draw,draw,3.01,"[2.8,3.5)","[0.28,0.34)",market_non_favorite,1.0,True,2.01,"league|outcome|odds_bucket=I2|draw|[2.8,3.5)",2024-12
2024-12-26,I2,Cesena,Cremonese,draw,away,3.03,"[2.8,3.5)","[0.28,0.34)",market_non_favorite,1.0,False,-1.0,"league|outcome|odds_bucket=I2|draw|[2.8,3.5)",2024-12
2024-12-26,I2,Cosenza,Catanzaro,draw,draw,3.05,"[2.8,3.5)","[0.28,0.34)",market_non_favorite,1.0,True,2.05,"league|outcome|odds_bucket=I2|draw|[2.8,3.5)",2024-12
2024-12-26,I2,Frosinone,Salernitana,draw,home,3.1,"[2.8,3.5)","[0.28,0.34)",market_non_favorite,1.0,False,-1.0,"league|outcome|odds_bucket=I2|draw|[2.8,3.5)",2024-12
2024-12-26,I2,Pisa,Sassuolo,draw,home,3.25,"[2.8,3.5)","[0.28,0.34)",market_non_favorite,1.0,False,-1.0,"league|outcome|odds_bucket=I2|draw|[2.8,3.5)",2024-12
2024-12-26,I2,Palermo,Bari,draw,home,3.32,"[2.8,3.5)","[0.28,0.34)",market_non_favorite,1.0,False,-1.0,"league|outcome|odds_bucket=I2|draw|[2.8,3.5)",2024-12
2024-12-26,I2,Sampdoria,Carrarese,draw,draw,3.33,"[2.8,3.5)","[0.20,0.28)",market_non_favorite,1.0,True,2.33,"league|outcome|odds_bucket=I2|draw|[2.8,3.5)",2024-12
2024-12-29,I2,Bari,Spezia,draw,home,2.92,"[2.8,3.5)","[0.28,0.34)",market_non_favorite,1.0,False,-1.0,"league|outcome|odds_bucket=I2|draw|[2.8,3.5)",2024-12
2024-12-29,I2,Carrarese,Cesena,draw,home,2.92,"[2.8,3.5)","[0.28,0.34)",market_non_favorite,1.0,False,-1.0,"league|outcome|odds_bucket=I2|draw|[2.8,3.5)",2024-12
2024-12-29,I2,Cittadella,Palermo,draw,home,3.04,"[2.8,3.5)","[0.28,0.34)",market_non_favorite,1.0,False,-1.0,"league|outcome|odds_bucket=I2|draw|[2.8,3.5)",2024-12
2024-12-29,I2,Mantova,Reggiana,draw,away,3.04,"[2.8,3.5)","[0.28,0.34)",market_non_favorite,1.0,False,-1.0,"league|outcome|odds_bucket=I2|draw|[2.8,3.5)",2024-12
2024-12-29,I2,Juve Stabia,Frosinone,draw,draw,3.05,"[2.8,3.5)","[0.28,0.34)",market_non_favorite,1.0,True,2.05,"league|outcome|odds_bucket=I2|draw|[2.8,3.5)",2024-12
2024-12-29,I2,Modena,Sudtirol,draw,draw,3.19,"[2.8,3.5)","[0.28,0.34)",market_non_favorite,1.0,True,2.19,"league|outcome|odds_bucket=I2|draw|[2.8,3.5)",2024-12
2024-12-29,I2,Catanzaro,Salernitana,draw,home,3.2,"[2.8,3.5)","[0.28,0.34)",market_non_favorite,1.0,False,-1.0,"league|outcome|odds_bucket=I2|draw|[2.8,3.5)",2024-12
2024-12-29,I2,Sampdoria,Pisa,draw,away,3.23,"[2.8,3.5)","[0.28,0.34)",market_non_favorite,1.0,False,-1.0,"league|outcome|odds_bucket=I2|draw|[2.8,3.5)",2024-12
2025-01-12,I2,Reggiana,Bari,draw,draw,2.94,"[2.8,3.5)","[0.28,0.34)",market_non_favorite,1.0,True,1.94,"league|outcome|odds_bucket=I2|draw|[2.8,3.5)",2025-01
2025-01-12,I2,Sudtirol,Catanzaro,draw,draw,2.98,"[2.8,3.5)","[0.28,0.34)",market_non_favorite,1.0,True,1.98,"league|outcome|odds_bucket=I2|draw|[2.8,3.5)",2025-01
2025-01-12,I2,Frosinone,Cremonese,draw,away,3.07,"[2.8,3.5)","[0.28,0.34)",market_non_favorite,1.0,False,-1.0,"league|outcome|odds_bucket=I2|draw|[2.8,3.5)",2025-01
2025-01-12,I2,Palermo,Modena,draw,home,3.1,"[2.8,3.5)","[0.28,0.34)",market_non_favorite,1.0,False,-1.0,"league|outcome|odds_bucket=I2|draw|[2.8,3.5)",2025-01
2025-01-12,I2,Cesena,Cittadella,draw,draw,3.18,"[2.8,3.5)","[0.28,0.34)",market_non_favorite,1.0,True,2.18,"league|outcome|odds_bucket=I2|draw|[2.8,3.5)",2025-01
2025-01-12,I2,Brescia,Sampdoria,draw,draw,3.23,"[2.8,3.5)","[0.28,0.34)",market_non_favorite,1.0,True,2.23,"league|outcome|odds_bucket=I2|draw|[2.8,3.5)",2025-01
2025-01-12,I2,Cosenza,Mantova,draw,draw,3.3,"[2.8,3.5)","[0.28,0.34)",market_non_favorite,1.0,True,2.3,"league|outcome|odds_bucket=I2|draw|[2.8,3.5)",2025-01
2025-01-12,I2,Spezia,Juve Stabia,draw,draw,3.31,"[2.8,3.5)","[0.28,0.34)",market_non_favorite,1.0,True,2.31,"league|outcome|odds_bucket=I2|draw|[2.8,3.5)",2025-01
2025-01-13,I2,Pisa,Carrarese,draw,home,3.36,"[2.8,3.5)","[0.20,0.28)",market_non_favorite,1.0,False,-1.0,"league|outcome|odds_bucket=I2|draw|[2.8,3.5)",2025-01
2025-01-17,I2,Sampdoria,Cesena,draw,away,2.94,"[2.8,3.5)","[0.28,0.34)",market_non_favorite,1.0,False,-1.0,"league|outcome|odds_bucket=I2|draw|[2.8,3.5)",2025-01
2025-01-18,I2,Salernitana,Reggiana,draw,home,3.13,"[2.8,3.5)","[0.28,0.34)",market_non_favorite,1.0,False,-1.0,"league|outcome|odds_bucket=I2|draw|[2.8,3.5)",2025-01
2025-01-18,I2,Modena,Frosinone,draw,draw,3.16,"[2.8,3.5)","[0.28,0.34)",market_non_favorite,1.0,True,2.16,"league|outcome|odds_bucket=I2|draw|[2.8,3.5)",2025-01
2025-01-18,I2,Bari,Brescia,draw,draw,3.17,"[2.8,3.5)","[0.28,0.34)",market_non_favorite,1.0,True,2.17,"league|outcome|odds_bucket=I2|draw|[2.8,3.5)",2025-01
2025-01-18,I2,Cittadella,Mantova,draw,away,3.25,"[2.8,3.5)","[0.28,0.34)",market_non_favorite,1.0,False,-1.0,"league|outcome|odds_bucket=I2|draw|[2.8,3.5)",2025-01
2025-01-19,I2,Catanzaro,Pisa,draw,draw,2.89,"[2.8,3.5)","[0.28,0.34)",market_non_favorite,1.0,True,1.89,"league|outcome|odds_bucket=I2|draw|[2.8,3.5)",2025-01
2025-01-19,I2,Carrarese,Spezia,draw,away,2.99,"[2.8,3.5)","[0.28,0.34)",market_non_favorite,1.0,False,-1.0,"league|outcome|odds_bucket=I2|draw|[2.8,3.5)",2025-01
2025-01-19,I2,Palermo,Juve Stabia,draw,home,3.25,"[2.8,3.5)","[0.28,0.34)",market_non_favorite,1.0,False,-1.0,"league|outcome|odds_bucket=I2|draw|[2.8,3.5)",2025-01
2025-01-24,I2,Spezia,Sassuolo,draw,home,3.08,"[2.8,3.5)","[0.28,0.34)",market_non_favorite,1.0,False,-1.0,"league|outcome|odds_bucket=I2|draw|[2.8,3.5)",2025-01
2025-01-25,I2,Frosinone,Sudtirol,draw,away,3.02,"[2.8,3.5)","[0.28,0.34)",market_non_favorite,1.0,False,-1.0,"league|outcome|odds_bucket=I2|draw|[2.8,3.5)",2025-01
2025-01-25,I2,Juve Stabia,Carrarese,draw,home,3.05,"[2.8,3.5)","[0.28,0.34)",market_non_favorite,1.0,False,-1.0,"league|outcome|odds_bucket=I2|draw|[2.8,3.5)",2025-01
2025-01-25,I2,Cosenza,Cittadella,draw,away,3.06,"[2.8,3.5)","[0.28,0.34)",market_non_favorite,1.0,False,-1.0,"league|outcome|odds_bucket=I2|draw|[2.8,3.5)",2025-01
2025-01-25,I2,Cesena,Bari,draw,draw,3.16,"[2.8,3.5)","[0.28,0.34)",market_non_favorite,1.0,True,2.16,"league|outcome|odds_bucket=I2|draw|[2.8,3.5)",2025-01
2025-01-25,I2,Mantova,Sampdoria,draw,draw,3.29,"[2.8,3.5)","[0.28,0.34)",market_non_favorite,1.0,True,2.29,"league|outcome|odds_bucket=I2|draw|[2.8,3.5)",2025-01
2025-01-26,I2,Reggiana,Palermo,draw,home,2.95,"[2.8,3.5)","[0.28,0.34)",market_non_favorite,1.0,False,-1.0,"league|outcome|odds_bucket=I2|draw|[2.8,3.5)",2025-01
2025-01-26,I2,Brescia,Catanzaro,draw,away,3.23,"[2.8,3.5)","[0.28,0.34)",market_non_favorite,1.0,False,-1.0,"league|outcome|odds_bucket=I2|draw|[2.8,3.5)",2025-01
2025-01-26,I2,Cremonese,Modena,draw,draw,3.29,"[2.8,3.5)","[0.28,0.34)",market_non_favorite,1.0,True,2.29,"league|outcome|odds_bucket=I2|draw|[2.8,3.5)",2025-01
2025-01-31,I2,Palermo,Pisa,draw,away,2.94,"[2.8,3.5)","[0.28,0.34)",market_non_favorite,1.0,False,-1.0,"league|outcome|odds_bucket=I2|draw|[2.8,3.5)",2025-01
2025-02-01,I2,Catanzaro,Cesena,draw,home,3.07,"[2.8,3.5)","[0.28,0.34)",market_non_favorite,1.0,False,-1.0,"league|outcome|odds_bucket=I2|draw|[2.8,3.5)",2025-02
2025-02-01,I2,Cittadella,Spezia,draw,away,3.16,"[2.8,3.5)","[0.28,0.34)",market_non_favorite,1.0,False,-1.0,"league|outcome|odds_bucket=I2|draw|[2.8,3.5)",2025-02
2025-02-01,I2,Sampdoria,Cosenza,draw,home,3.2,"[2.8,3.5)","[0.28,0.34)",market_non_favorite,1.0,False,-1.0,"league|outcome|odds_bucket=I2|draw|[2.8,3.5)",2025-02
2025-02-01,I2,Modena,Mantova,draw,home,3.46,"[2.8,3.5)","[0.20,0.28)",market_non_favorite,1.0,False,-1.0,"league|outcome|odds_bucket=I2|draw|[2.8,3.5)",2025-02
2025-02-02,I2,Sudtirol,Reggiana,draw,home,2.83,"[2.8,3.5)","[0.28,0.34)",market_non_favorite,1.0,False,-1.0,"league|outcome|odds_bucket=I2|draw|[2.8,3.5)",2025-02
2025-02-02,I2,Carrarese,Brescia,draw,away,3.07,"[2.8,3.5)","[0.28,0.34)",market_non_favorite,1.0,False,-1.0,"league|outcome|odds_bucket=I2|draw|[2.8,3.5)",2025-02
2025-02-02,I2,Salernitana,Cremonese,draw,home,3.13,"[2.8,3.5)","[0.28,0.34)",market_non_favorite,1.0,False,-1.0,"league|outcome|odds_bucket=I2|draw|[2.8,3.5)",2025-02
2025-02-02,I2,Bari,Frosinone,draw,home,3.14,"[2.8,3.5)","[0.28,0.34)",market_non_favorite,1.0,False,-1.0,"league|outcome|odds_bucket=I2|draw|[2.8,3.5)",2025-02
2025-02-07,I2,Brescia,Salernitana,draw,draw,3.02,"[2.8,3.5)","[0.28,0.34)",market_non_favorite,1.0,True,2.02,"league|outcome|odds_bucket=I2|draw|[2.8,3.5)",2025-02
2025-02-08,I2,Cosenza,Carrarese,draw,home,2.95,"[2.8,3.5)","[0.28,0.34)",market_non_favorite,1.0,False,-1.0,"league|outcome|odds_bucket=I2|draw|[2.8,3.5)",2025-02
2025-02-08,I2,Sampdoria,Modena,draw,home,2.97,"[2.8,3.5)","[0.28,0.34)",market_non_favorite,1.0,False,-1.0,"league|outcome|odds_bucket=I2|draw|[2.8,3.5)",2025-02
2025-02-08,I2,Frosinone,Catanzaro,draw,draw,2.97,"[2.8,3.5)","[0.28,0.34)",market_non_favorite,1.0,True,1.97,"league|outcome|odds_bucket=I2|draw|[2.8,3.5)",2025-02
2025-02-09,I2,Reggiana,Cesena,draw,away,2.81,"[2.8,3.5)","[0.28,0.34)",market_non_favorite,1.0,False,-1.0,"league|outcome|odds_bucket=I2|draw|[2.8,3.5)",2025-02
2025-02-09,I2,Juve Stabia,Bari,draw,home,2.86,"[2.8,3.5)","[0.28,0.34)",market_non_favorite,1.0,False,-1.0,"league|outcome|odds_bucket=I2|draw|[2.8,3.5)",2025-02
2025-02-09,I2,Spezia,Palermo,draw,draw,3.3,"[2.8,3.5)","[0.28,0.34)",market_non_favorite,1.0,True,2.3,"league|outcome|odds_bucket=I2|draw|[2.8,3.5)",2025-02
2025-02-14,I2,Catanzaro,Cittadella,draw,home,3.12,"[2.8,3.5)","[0.28,0.34)",market_non_favorite,1.0,False,-1.0,"league|outcome|odds_bucket=I2|draw|[2.8,3.5)",2025-02
2025-02-15,I2,Sudtirol,Sampdoria,draw,home,2.88,"[2.8,3.5)","[0.28,0.34)",market_non_favorite,1.0,False,-1.0,"league|outcome|odds_bucket=I2|draw|[2.8,3.5)",2025-02
2025-02-15,I2,Modena,Spezia,draw,draw,2.98,"[2.8,3.5)","[0.28,0.34)",market_non_favorite,1.0,True,1.98,"league|outcome|odds_bucket=I2|draw|[2.8,3.5)",2025-02
2025-02-15,I2,Carrarese,Salernitana,draw,home,2.98,"[2.8,3.5)","[0.28,0.34)",market_non_favorite,1.0,False,-1.0,"league|outcome|odds_bucket=I2|draw|[2.8,3.5)",2025-02
2025-02-15,I2,Bari,Cremonese,draw,draw,3.08,"[2.8,3.5)","[0.28,0.34)",market_non_favorite,1.0,True,2.08,"league|outcome|odds_bucket=I2|draw|[2.8,3.5)",2025-02
2025-02-16,I2,Frosinone,Reggiana,draw,draw,2.89,"[2.8,3.5)","[0.28,0.34)",market_non_favorite,1.0,True,1.89,"league|outcome|odds_bucket=I2|draw|[2.8,3.5)",2025-02
2025-02-16,I2,Cesena,Pisa,draw,draw,3.02,"[2.8,3.5)","[0.28,0.34)",market_non_favorite,1.0,True,2.02,"league|outcome|odds_bucket=I2|draw|[2.8,3.5)",2025-02
2025-02-16,I2,Juve Stabia,Cosenza,draw,home,3.12,"[2.8,3.5)","[0.28,0.34)",market_non_favorite,1.0,False,-1.0,"league|outcome|odds_bucket=I2|draw|[2.8,3.5)",2025-02
2025-02-16,I2,Palermo,Mantova,draw,draw,3.28,"[2.8,3.5)","[0.28,0.34)",market_non_favorite,1.0,True,2.28,"league|outcome|odds_bucket=I2|draw|[2.8,3.5)",2025-02
2025-02-21,I2,Sampdoria,Sassuolo,draw,draw,3.0,"[2.8,3.5)","[0.28,0.34)",market_non_favorite,1.0,True,2.0,"league|outcome|odds_bucket=I2|draw|[2.8,3.5)",2025-02
2025-02-22,I2,Reggiana,Carrarese,draw,draw,2.8,"[2.8,3.5)","[0.28,0.34)",market_non_favorite,1.0,True,1.8,"league|outcome|odds_bucket=I2|draw|[2.8,3.5)",2025-02
2025-02-22,I2,Cittadella,Modena,draw,away,2.88,"[2.8,3.5)","[0.28,0.34)",market_non_favorite,1.0,False,-1.0,"league|outcome|odds_bucket=I2|draw|[2.8,3.5)",2025-02
2025-02-22,I2,Mantova,Bari,draw,away,3.15,"[2.8,3.5)","[0.28,0.34)",market_non_favorite,1.0,False,-1.0,"league|outcome|odds_bucket=I2|draw|[2.8,3.5)",2025-02
2025-02-22,I2,Pisa,Juve Stabia,draw,home,3.16,"[2.8,3.5)","[0.28,0.34)",market_non_favorite,1.0,False,-1.0,"league|outcome|odds_bucket=I2|draw|[2.8,3.5)",2025-02
2025-02-22,I2,Cremonese,Cesena,draw,away,3.43,"[2.8,3.5)","[0.20,0.28)",market_non_favorite,1.0,False,-1.0,"league|outcome|odds_bucket=I2|draw|[2.8,3.5)",2025-02
2025-02-23,I2,Brescia,Sudtirol,draw,draw,2.93,"[2.8,3.5)","[0.28,0.34)",market_non_favorite,1.0,True,1.93,"league|outcome|odds_bucket=I2|draw|[2.8,3.5)",2025-02
2025-02-23,I2,Cosenza,Palermo,draw,away,2.99,"[2.8,3.5)","[0.28,0.34)",market_non_favorite,1.0,False,-1.0,"league|outcome|odds_bucket=I2|draw|[2.8,3.5)",2025-02
2025-02-23,I2,Salernitana,Frosinone,draw,draw,3.22,"[2.8,3.5)","[0.28,0.34)",market_non_favorite,1.0,True,2.22,"league|outcome|odds_bucket=I2|draw|[2.8,3.5)",2025-02
2025-02-28,I2,Sudtirol,Spezia,draw,draw,3.27,"[2.8,3.5)","[0.28,0.34)",market_non_favorite,1.0,True,2.27,"league|outcome|odds_bucket=I2|draw|[2.8,3.5)",2025-02
2025-03-01,I2,Cesena,Salernitana,draw,home,3.0,"[2.8,3.5)","[0.28,0.34)",market_non_favorite,1.0,False,-1.0,"league|outcome|odds_bucket=I2|draw|[2.8,3.5)",2025-03
2025-03-01,I2,Carrarese,Cremonese,draw,draw,3.14,"[2.8,3.5)","[0.28,0.34)",market_non_favorite,1.0,True,2.14,"league|outcome|odds_bucket=I2|draw|[2.8,3.5)",2025-03
2025-03-01,I2,Sassuolo,Pisa,draw,home,3.14,"[2.8,3.5)","[0.28,0.34)",market_non_favorite,1.0,False,-1.0,"league|outcome|odds_bucket=I2|draw|[2.8,3.5)",2025-03
2025-03-01,I2,Juve Stabia,Cittadella,draw,away,3.17,"[2.8,3.5)","[0.28,0.34)",market_non_favorite,1.0,False,-1.0,"league|outcome|odds_bucket=I2|draw|[2.8,3.5)",2025-03
2025-03-01,I2,Frosinone,Mantova,draw,home,3.22,"[2.8,3.5)","[0.28,0.34)",market_non_favorite,1.0,False,-1.0,"league|outcome|odds_bucket=I2|draw|[2.8,3.5)",2025-03
2025-03-02,I2,Bari,Sampdoria,draw,draw,2.95,"[2.8,3.5)","[0.28,0.34)",market_non_favorite,1.0,True,1.95,"league|outcome|odds_bucket=I2|draw|[2.8,3.5)",2025-03
2025-03-02,I2,Catanzaro,Reggiana,draw,draw,3.09,"[2.8,3.5)","[0.28,0.34)",market_non_favorite,1.0,True,2.09,"league|outcome|odds_bucket=I2|draw|[2.8,3.5)",2025-03
2025-03-02,I2,Modena,Cosenza,draw,draw,3.31,"[2.8,3.5)","[0.28,0.34)",market_non_favorite,1.0,True,2.31,"league|outcome|odds_bucket=I2|draw|[2.8,3.5)",2025-03
2025-03-02,I2,Palermo,Brescia,draw,home,3.47,"[2.8,3.5)","[0.20,0.28)",market_non_favorite,1.0,False,-1.0,"league|outcome|odds_bucket=I2|draw|[2.8,3.5)",2025-03
2025-03-07,I2,Cosenza,Reggiana,draw,home,2.91,"[2.8,3.5)","[0.28,0.34)",market_non_favorite,1.0,False,-1.0,"league|outcome|odds_bucket=I2|draw|[2.8,3.5)",2025-03
2025-03-08,I2,Carrarese,Frosinone,draw,away,2.95,"[2.8,3.5)","[0.28,0.34)",market_non_favorite,1.0,False,-1.0,"league|outcome|odds_bucket=I2|draw|[2.8,3.5)",2025-03
2025-03-08,I2,Brescia,Cesena,draw,draw,2.98,"[2.8,3.5)","[0.28,0.34)",market_non_favorite,1.0,True,1.98,"league|outcome|odds_bucket=I2|draw|[2.8,3.5)",2025-03
2025-03-08,I2,Mantova,Juve Stabia,draw,draw,3.01,"[2.8,3.5)","[0.28,0.34)",market_non_favorite,1.0,True,2.01,"league|outcome|odds_bucket=I2|draw|[2.8,3.5)",2025-03
2025-03-08,I2,Sampdoria,Palermo,draw,draw,3.14,"[2.8,3.5)","[0.28,0.34)",market_non_favorite,1.0,True,2.14,"league|outcome|odds_bucket=I2|draw|[2.8,3.5)",2025-03
2025-03-08,I2,Salernitana,Modena,draw,home,3.17,"[2.8,3.5)","[0.28,0.34)",market_non_favorite,1.0,False,-1.0,"league|outcome|odds_bucket=I2|draw|[2.8,3.5)",2025-03
2025-03-09,I2,Cittadella,Sudtirol,draw,away,2.88,"[2.8,3.5)","[0.28,0.34)",market_non_favorite,1.0,False,-1.0,"league|outcome|odds_bucket=I2|draw|[2.8,3.5)",2025-03
2025-03-09,I2,Spezia,Pisa,draw,home,3.25,"[2.8,3.5)","[0.28,0.34)",market_non_favorite,1.0,False,-1.0,"league|outcome|odds_bucket=I2|draw|[2.8,3.5)",2025-03
2025-03-14,I2,Palermo,Cremonese,draw,away,3.04,"[2.8,3.5)","[0.28,0.34)",market_non_favorite,1.0,False,-1.0,"league|outcome|odds_bucket=I2|draw|[2.8,3.5)",2025-03
2025-03-15,I2,Juve Stabia,Modena,draw,home,2.88,"[2.8,3.5)","[0.28,0.34)",market_non_favorite,1.0,False,-1.0,"league|outcome|odds_bucket=I2|draw|[2.8,3.5)",2025-03
2025-03-15,I2,Cesena,Spezia,draw,draw,3.04,"[2.8,3.5)","[0.28,0.34)",market_non_favorite,1.0,True,2.04,"league|outcome|odds_bucket=I2|draw|[2.8,3.5)",2025-03
2025-03-15,I2,Bari,Salernitana,draw,draw,3.11,"[2.8,3.5)","[0.28,0.34)",market_non_favorite,1.0,True,2.11,"league|outcome|odds_bucket=I2|draw|[2.8,3.5)",2025-03
2025-03-15,I2,Cittadella,Sassuolo,draw,away,3.36,"[2.8,3.5)","[0.20,0.28)",market_non_favorite,1.0,False,-1.0,"league|outcome|odds_bucket=I2|draw|[2.8,3.5)",2025-03
2025-03-16,I2,Reggiana,Sampdoria,draw,draw,2.82,"[2.8,3.5)","[0.28,0.34)",market_non_favorite,1.0,True,1.82,"league|outcome|odds_bucket=I2|draw|[2.8,3.5)",2025-03
2025-03-16,I2,Sudtirol,Carrarese,draw,draw,2.95,"[2.8,3.5)","[0.28,0.34)",market_non_favorite,1.0,True,1.95,"league|outcome|odds_bucket=I2|draw|[2.8,3.5)",2025-03
2025-03-16,I2,Catanzaro,Cosenza,draw,home,3.27,"[2.8,3.5)","[0.28,0.34)",market_non_favorite,1.0,False,-1.0,"league|outcome|odds_bucket=I2|draw|[2.8,3.5)",2025-03
2025-03-29,I2,Mantova,Sudtirol,draw,home,2.93,"[2.8,3.5)","[0.28,0.34)",market_non_favorite,1.0,False,-1.0,"league|outcome|odds_bucket=I2|draw|[2.8,3.5)",2025-03
2025-03-29,I2,Cosenza,Pisa,draw,away,3.05,"[2.8,3.5)","[0.28,0.34)",market_non_favorite,1.0,False,-1.0,"league|outcome|odds_bucket=I2|draw|[2.8,3.5)",2025-03
2025-03-29,I2,Modena,Catanzaro,draw,home,3.08,"[2.8,3.5)","[0.28,0.34)",market_non_favorite,1.0,False,-1.0,"league|outcome|odds_bucket=I2|draw|[2.8,3.5)",2025-03
2025-03-29,I2,Sampdoria,Frosinone,draw,away,3.2,"[2.8,3.5)","[0.28,0.34)",market_non_favorite,1.0,False,-1.0,"league|outcome|odds_bucket=I2|draw|[2.8,3.5)",2025-03
2025-03-30,I2,Cesena,Juve Stabia,draw,away,3.0,"[2.8,3.5)","[0.28,0.34)",market_non_favorite,1.0,False,-1.0,"league|outcome|odds_bucket=I2|draw|[2.8,3.5)",2025-03
2025-03-30,I2,Salernitana,Palermo,draw,away,3.12,"[2.8,3.5)","[0.28,0.34)",market_non_favorite,1.0,False,-1.0,"league|outcome|odds_bucket=I2|draw|[2.8,3.5)",2025-03
2025-03-30,I2,Carrarese,Bari,draw,home,3.14,"[2.8,3.5)","[0.28,0.34)",market_non_favorite,1.0,False,-1.0,"league|outcome|odds_bucket=I2|draw|[2.8,3.5)",2025-03
2025-04-04,I2,Reggiana,Cremonese,draw,away,3.11,"[2.8,3.5)","[0.28,0.34)",market_non_favorite,1.0,False,-1.0,"league|outcome|odds_bucket=I2|draw|[2.8,3.5)",2025-04
2025-04-05,I2,Cittadella,Carrarese,draw,draw,2.99,"[2.8,3.5)","[0.28,0.34)",market_non_favorite,1.0,True,1.99,"league|outcome|odds_bucket=I2|draw|[2.8,3.5)",2025-04
2025-04-05,I2,Sudtirol,Cesena,draw,draw,3.03,"[2.8,3.5)","[0.28,0.34)",market_non_favorite,1.0,True,2.03,"league|outcome|odds_bucket=I2|draw|[2.8,3.5)",2025-04
2025-04-05,I2,Juve Stabia,Salernitana,draw,home,3.06,"[2.8,3.5)","[0.28,0.34)",market_non_favorite,1.0,False,-1.0,"league|outcome|odds_bucket=I2|draw|[2.8,3.5)",2025-04
2025-04-05,I2,Brescia,Mantova,draw,away,3.28,"[2.8,3.5)","[0.28,0.34)",market_non_favorite,1.0,False,-1.0,"league|outcome|odds_bucket=I2|draw|[2.8,3.5)",2025-04
2025-04-05,I2,Pisa,Modena,draw,away,3.31,"[2.8,3.5)","[0.28,0.34)",market_non_favorite,1.0,False,-1.0,"league|outcome|odds_bucket=I2|draw|[2.8,3.5)",2025-04
2025-04-05,I2,Frosinone,Cosenza,draw,draw,3.42,"[2.8,3.5)","[0.20,0.28)",market_non_favorite,1.0,True,2.42,"league|outcome|odds_bucket=I2|draw|[2.8,3.5)",2025-04
2025-04-06,I2,Catanzaro,Bari,draw,draw,3.16,"[2.8,3.5)","[0.28,0.34)",market_non_favorite,1.0,True,2.16,"league|outcome|odds_bucket=I2|draw|[2.8,3.5)",2025-04
2025-04-06,I2,Palermo,Sassuolo,draw,home,3.21,"[2.8,3.5)","[0.28,0.34)",market_non_favorite,1.0,False,-1.0,"league|outcome|odds_bucket=I2|draw|[2.8,3.5)",2025-04
2025-04-11,I2,Bari,Palermo,draw,home,3.15,"[2.8,3.5)","[0.28,0.34)",market_non_favorite,1.0,False,-1.0,"league|outcome|odds_bucket=I2|draw|[2.8,3.5)",2025-04
2025-04-12,I2,Carrarese,Catanzaro,draw,draw,3.08,"[2.8,3.5)","[0.28,0.34)",market_non_favorite,1.0,True,2.08,"league|outcome|odds_bucket=I2|draw|[2.8,3.5)",2025-04
2025-04-12,I2,Salernitana,Sudtirol,draw,home,3.14,"[2.8,3.5)","[0.28,0.34)",market_non_favorite,1.0,False,-1.0,"league|outcome|odds_bucket=I2|draw|[2.8,3.5)",2025-04
2025-04-12,I2,Reggiana,Pisa,draw,away,3.15,"[2.8,3.5)","[0.28,0.34)",market_non_favorite,1.0,False,-1.0,"league|outcome|odds_bucket=I2|draw|[2.8,3.5)",2025-04
2025-04-12,I2,Cosenza,Brescia,draw,draw,3.15,"[2.8,3.5)","[0.28,0.34)",market_non_favorite,1.0,True,2.15,"league|outcome|odds_bucket=I2|draw|[2.8,3.5)",2025-04
2025-04-12,I2,Modena,Sassuolo,draw,away,3.19,"[2.8,3.5)","[0.28,0.34)",market_non_favorite,1.0,False,-1.0,"league|outcome|odds_bucket=I2|draw|[2.8,3.5)",2025-04
2025-04-13,I2,Cesena,Frosinone,draw,draw,3.08,"[2.8,3.5)","[0.28,0.34)",market_non_favorite,1.0,True,2.08,"league|outcome|odds_bucket=I2|draw|[2.8,3.5)",2025-04
2025-04-25,I2,Carrarese,Sampdoria,draw,home,2.99,"[2.8,3.5)","[0.28,0.34)",market_non_favorite,1.0,False,-1.0,"league|outcome|odds_bucket=I2|draw|[2.8,3.5)",2025-04
2025-04-25,I2,Bari,Modena,draw,away,3.08,"[2.8,3.5)","[0.28,0.34)",market_non_favorite,1.0,False,-1.0,"league|outcome|odds_bucket=I2|draw|[2.8,3.5)",2025-04
2025-04-25,I2,Reggiana,Cittadella,draw,home,3.19,"[2.8,3.5)","[0.28,0.34)",market_non_favorite,1.0,False,-1.0,"league|outcome|odds_bucket=I2|draw|[2.8,3.5)",2025-04
2025-04-25,I2,Brescia,Pisa,draw,away,3.22,"[2.8,3.5)","[0.28,0.34)",market_non_favorite,1.0,False,-1.0,"league|outcome|odds_bucket=I2|draw|[2.8,3.5)",2025-04
2025-04-25,I2,Cesena,Sassuolo,draw,away,3.27,"[2.8,3.5)","[0.28,0.34)",market_non_favorite,1.0,False,-1.0,"league|outcome|odds_bucket=I2|draw|[2.8,3.5)",2025-04
2025-04-25,I2,Frosinone,Spezia,draw,draw,3.4,"[2.8,3.5)","[0.20,0.28)",market_non_favorite,1.0,True,2.4,"league|outcome|odds_bucket=I2|draw|[2.8,3.5)",2025-04
2025-04-27,I2,Sudtirol,Juve Stabia,draw,home,2.97,"[2.8,3.5)","[0.28,0.34)",market_non_favorite,1.0,False,-1.0,"league|outcome|odds_bucket=I2|draw|[2.8,3.5)",2025-04
2025-04-27,I2,Catanzaro,Palermo,draw,away,3.29,"[2.8,3.5)","[0.28,0.34)",market_non_favorite,1.0,False,-1.0,"league|outcome|odds_bucket=I2|draw|[2.8,3.5)",2025-04
2025-05-01,I2,Palermo,Sudtirol,draw,away,2.99,"[2.8,3.5)","[0.28,0.34)",market_non_favorite,1.0,False,-1.0,"league|outcome|odds_bucket=I2|draw|[2.8,3.5)",2025-05
2025-05-01,I2,Pisa,Frosinone,draw,home,3.1,"[2.8,3.5)","[0.28,0.34)",market_non_favorite,1.0,False,-1.0,"league|outcome|odds_bucket=I2|draw|[2.8,3.5)",2025-05
2025-05-01,I2,Modena,Reggiana,draw,away,3.12,"[2.8,3.5)","[0.28,0.34)",market_non_favorite,1.0,False,-1.0,"league|outcome|odds_bucket=I2|draw|[2.8,3.5)",2025-05
2025-05-01,I2,Cittadella,Brescia,draw,away,3.13,"[2.8,3.5)","[0.28,0.34)",market_non_favorite,1.0,False,-1.0,"league|outcome|odds_bucket=I2|draw|[2.8,3.5)",2025-05
2025-05-01,I2,Spezia,Salernitana,draw,home,3.16,"[2.8,3.5)","[0.28,0.34)",market_non_favorite,1.0,False,-1.0,"league|outcome|odds_bucket=I2|draw|[2.8,3.5)",2025-05
2025-05-01,I2,Cosenza,Bari,draw,home,3.2,"[2.8,3.5)","[0.28,0.34)",market_non_favorite,1.0,False,-1.0,"league|outcome|odds_bucket=I2|draw|[2.8,3.5)",2025-05
2025-05-01,I2,Sampdoria,Cremonese,draw,draw,3.2,"[2.8,3.5)","[0.28,0.34)",market_non_favorite,1.0,True,2.2,"league|outcome|odds_bucket=I2|draw|[2.8,3.5)",2025-05
2025-05-01,I2,Mantova,Cesena,draw,home,3.24,"[2.8,3.5)","[0.28,0.34)",market_non_favorite,1.0,False,-1.0,"league|outcome|odds_bucket=I2|draw|[2.8,3.5)",2025-05
2025-05-01,I2,Juve Stabia,Catanzaro,draw,home,3.47,"[2.8,3.5)","[0.20,0.28)",market_non_favorite,1.0,False,-1.0,"league|outcome|odds_bucket=I2|draw|[2.8,3.5)",2025-05
2025-05-04,I2,Reggiana,Spezia,draw,home,2.84,"[2.8,3.5)","[0.28,0.34)",market_non_favorite,1.0,False,-1.0,"league|outcome|odds_bucket=I2|draw|[2.8,3.5)",2025-05
2025-05-04,I2,Salernitana,Mantova,draw,home,2.85,"[2.8,3.5)","[0.28,0.34)",market_non_favorite,1.0,False,-1.0,"league|outcome|odds_bucket=I2|draw|[2.8,3.5)",2025-05
2025-05-04,I2,Brescia,Juve Stabia,draw,draw,2.87,"[2.8,3.5)","[0.28,0.34)",market_non_favorite,1.0,True,1.87,"league|outcome|odds_bucket=I2|draw|[2.8,3.5)",2025-05
2025-05-04,I2,Bari,Pisa,draw,home,2.93,"[2.8,3.5)","[0.28,0.34)",market_non_favorite,1.0,False,-1.0,"league|outcome|odds_bucket=I2|draw|[2.8,3.5)",2025-05
2025-05-04,I2,Cremonese,Sassuolo,draw,draw,3.07,"[2.8,3.5)","[0.28,0.34)",market_non_favorite,1.0,True,2.07,"league|outcome|odds_bucket=I2|draw|[2.8,3.5)",2025-05
2025-05-04,I2,Carrarese,Modena,draw,home,3.06,"[2.8,3.5)","[0.28,0.34)",market_non_favorite,1.0,False,-1.0,"league|outcome|odds_bucket=I2|draw|[2.8,3.5)",2025-05
2025-05-04,I2,Cesena,Palermo,draw,home,3.12,"[2.8,3.5)","[0.28,0.34)",market_non_favorite,1.0,False,-1.0,"league|outcome|odds_bucket=I2|draw|[2.8,3.5)",2025-05
2025-05-04,I2,Catanzaro,Sampdoria,draw,draw,3.3,"[2.8,3.5)","[0.28,0.34)",market_non_favorite,1.0,True,2.3,"league|outcome|odds_bucket=I2|draw|[2.8,3.5)",2025-05
2025-05-04,I2,Sudtirol,Cosenza,draw,home,3.42,"[2.8,3.5)","[0.20,0.28)",market_non_favorite,1.0,False,-1.0,"league|outcome|odds_bucket=I2|draw|[2.8,3.5)",2025-05
2025-05-09,I2,Modena,Brescia,draw,draw,2.89,"[2.8,3.5)","[0.28,0.34)",market_non_favorite,1.0,True,1.89,"league|outcome|odds_bucket=I2|draw|[2.8,3.5)",2025-05
2025-05-09,I2,Mantova,Carrarese,draw,home,3.01,"[2.8,3.5)","[0.28,0.34)",market_non_favorite,1.0,False,-1.0,"league|outcome|odds_bucket=I2|draw|[2.8,3.5)",2025-05
2025-05-09,I2,Pisa,Sudtirol,draw,draw,3.05,"[2.8,3.5)","[0.28,0.34)",market_non_favorite,1.0,True,2.05,"league|outcome|odds_bucket=I2|draw|[2.8,3.5)",2025-05
2025-05-09,I2,Palermo,Frosinone,draw,home,3.06,"[2.8,3.5)","[0.28,0.34)",market_non_favorite,1.0,False,-1.0,"league|outcome|odds_bucket=I2|draw|[2.8,3.5)",2025-05
2025-05-09,I2,Cittadella,Bari,draw,home,3.15,"[2.8,3.5)","[0.28,0.34)",market_non_favorite,1.0,False,-1.0,"league|outcome|odds_bucket=I2|draw|[2.8,3.5)",2025-05
2025-05-09,I2,Sampdoria,Salernitana,draw,home,3.2,"[2.8,3.5)","[0.28,0.34)",market_non_favorite,1.0,False,-1.0,"league|outcome|odds_bucket=I2|draw|[2.8,3.5)",2025-05
2025-05-09,I2,Sassuolo,Catanzaro,draw,away,3.32,"[2.8,3.5)","[0.28,0.34)",market_non_favorite,1.0,False,-1.0,"league|outcome|odds_bucket=I2|draw|[2.8,3.5)",2025-05
2025-05-09,I2,Spezia,Cremonese,draw,away,3.36,"[2.8,3.5)","[0.20,0.28)",market_non_favorite,1.0,False,-1.0,"league|outcome|odds_bucket=I2|draw|[2.8,3.5)",2025-05
2025-05-09,I2,Cosenza,Cesena,draw,away,3.38,"[2.8,3.5)","[0.20,0.28)",market_non_favorite,1.0,False,-1.0,"league|outcome|odds_bucket=I2|draw|[2.8,3.5)",2025-05
2025-05-13,I2,Modena,Cesena,draw,away,2.92,"[2.8,3.5)","[0.28,0.34)",market_non_favorite,1.0,False,-1.0,"league|outcome|odds_bucket=I2|draw|[2.8,3.5)",2025-05
2025-05-13,I2,Juve Stabia,Sampdoria,draw,draw,3.0,"[2.8,3.5)","[0.28,0.34)",market_non_favorite,1.0,True,2.0,"league|outcome|odds_bucket=I2|draw|[2.8,3.5)",2025-05
2025-05-13,I2,Cittadella,Salernitana,draw,away,3.1,"[2.8,3.5)","[0.28,0.34)",market_non_favorite,1.0,False,-1.0,"league|outcome|odds_bucket=I2|draw|[2.8,3.5)",2025-05
2025-05-13,I2,Mantova,Catanzaro,draw,draw,3.16,"[2.8,3.5)","[0.28,0.34)",market_non_favorite,1.0,True,2.16,"league|outcome|odds_bucket=I2|draw|[2.8,3.5)",2025-05
2025-05-13,I2,Sassuolo,Frosinone,draw,away,3.21,"[2.8,3.5)","[0.28,0.34)",market_non_favorite,1.0,False,-1.0,"league|outcome|odds_bucket=I2|draw|[2.8,3.5)",2025-05
2025-05-13,I2,Sudtirol,Bari,draw,draw,3.28,"[2.8,3.5)","[0.28,0.34)",market_non_favorite,1.0,True,2.28,"league|outcome|odds_bucket=I2|draw|[2.8,3.5)",2025-05
2025-05-13,I2,Pisa,Cremonese,draw,home,3.28,"[2.8,3.5)","[0.28,0.34)",market_non_favorite,1.0,False,-1.0,"league|outcome|odds_bucket=I2|draw|[2.8,3.5)",2025-05
2025-08-22,I2,Pescara,Cesena,draw,away,3.18,"[2.8,3.5)","[0.28,0.34)",market_non_favorite,1.0,False,-1.0,"league|outcome|odds_bucket=I2|draw|[2.8,3.5)",2025-08
2025-08-23,I2,Virtus Entella,Juve Stabia,draw,draw,3.11,"[2.8,3.5)","[0.28,0.34)",market_non_favorite,1.0,True,2.11,"league|outcome|odds_bucket=I2|draw|[2.8,3.5)",2025-08
2025-08-23,I2,Empoli,Padova,draw,home,3.42,"[2.8,3.5)","[0.20,0.28)",market_non_favorite,1.0,False,-1.0,"league|outcome|odds_bucket=I2|draw|[2.8,3.5)",2025-08
2025-08-24,I2,Catanzaro,Sudtirol,draw,draw,3.01,"[2.8,3.5)","[0.28,0.34)",market_non_favorite,1.0,True,2.01,"league|outcome|odds_bucket=I2|draw|[2.8,3.5)",2025-08
2025-08-24,I2,Frosinone,Avellino,draw,home,3.1,"[2.8,3.5)","[0.28,0.34)",market_non_favorite,1.0,False,-1.0,"league|outcome|odds_bucket=I2|draw|[2.8,3.5)",2025-08
2025-08-24,I2,Venezia,Bari,draw,home,3.22,"[2.8,3.5)","[0.28,0.34)",market_non_favorite,1.0,False,-1.0,"league|outcome|odds_bucket=I2|draw|[2.8,3.5)",2025-08
2025-08-25,I2,Sampdoria,Modena,draw,away,3.05,"[2.8,3.5)","[0.28,0.34)",market_non_favorite,1.0,False,-1.0,"league|outcome|odds_bucket=I2|draw|[2.8,3.5)",2025-08
2025-08-29,I2,Reggiana,Empoli,draw,home,2.96,"[2.8,3.5)","[0.28,0.34)",market_non_favorite,1.0,False,-1.0,"league|outcome|odds_bucket=I2|draw|[2.8,3.5)",2025-08
2025-08-30,I2,Juve Stabia,Venezia,draw,draw,3.01,"[2.8,3.5)","[0.28,0.34)",market_non_favorite,1.0,True,2.01,"league|outcome|odds_bucket=I2|draw|[2.8,3.5)",2025-08
2025-08-30,I2,Cesena,Virtus Entella,draw,draw,3.09,"[2.8,3.5)","[0.28,0.34)",market_non_favorite,1.0,True,2.09,"league|outcome|odds_bucket=I2|draw|[2.8,3.5)",2025-08
2025-08-30,I2,Spezia,Catanzaro,draw,draw,3.27,"[2.8,3.5)","[0.28,0.34)",market_non_favorite,1.0,True,2.27,"league|outcome|odds_bucket=I2|draw|[2.8,3.5)",2025-08
2025-08-30,I2,Palermo,Frosinone,draw,draw,3.31,"[2.8,3.5)","[0.20,0.28)",market_non_favorite,1.0,True,2.31,"league|outcome|odds_bucket=I2|draw|[2.8,3.5)",2025-08
2025-08-30,I2,Mantova,Pescara,draw,home,3.33,"[2.8,3.5)","[0.20,0.28)",market_non_favorite,1.0,False,-1.0,"league|outcome|odds_bucket=I2|draw|[2.8,3.5)",2025-08
2025-08-31,I2,Bari,Monza,draw,draw,2.99,"[2.8,3.5)","[0.28,0.34)",market_non_favorite,1.0,True,1.99,"league|outcome|odds_bucket=I2|draw|[2.8,3.5)",2025-08
2025-08-31,I2,Sudtirol,Sampdoria,draw,home,3.09,"[2.8,3.5)","[0.28,0.34)",market_non_favorite,1.0,False,-1.0,"league|outcome|odds_bucket=I2|draw|[2.8,3.5)",2025-08
2025-08-31,I2,Carrarese,Padova,draw,draw,3.12,"[2.8,3.5)","[0.28,0.34)",market_non_favorite,1.0,True,2.12,"league|outcome|odds_bucket=I2|draw|[2.8,3.5)",2025-08
2025-08-31,I2,Modena,Avellino,draw,draw,3.25,"[2.8,3.5)","[0.28,0.34)",market_non_favorite,1.0,True,2.25,"league|outcome|odds_bucket=I2|draw|[2.8,3.5)",2025-08
2025-09-12,I2,Avellino,Monza,draw,home,3.13,"[2.8,3.5)","[0.28,0.34)",market_non_favorite,1.0,False,-1.0,"league|outcome|odds_bucket=I2|draw|[2.8,3.5)",2025-09
2025-09-13,I2,Catanzaro,Carrarese,draw,draw,2.84,"[2.8,3.5)","[0.28,0.34)",market_non_favorite,1.0,True,1.84,"league|outcome|odds_bucket=I2|draw|[2.8,3.5)",2025-09
2025-09-13,I2,Sampdoria,Cesena,draw,away,2.95,"[2.8,3.5)","[0.28,0.34)",market_non_favorite,1.0,False,-1.0,"league|outcome|odds_bucket=I2|draw|[2.8,3.5)",2025-09
2025-09-13,I2,Padova,Frosinone,draw,away,2.97,"[2.8,3.5)","[0.28,0.34)",market_non_favorite,1.0,False,-1.0,"league|outcome|odds_bucket=I2|draw|[2.8,3.5)",2025-09
2025-09-13,I2,Juve Stabia,Reggiana,draw,draw,3.0,"[2.8,3.5)","[0.28,0.34)",market_non_favorite,1.0,True,2.0,"league|outcome|odds_bucket=I2|draw|[2.8,3.5)",2025-09
2025-09-13,I2,Modena,Bari,draw,home,3.06,"[2.8,3.5)","[0.28,0.34)",market_non_favorite,1.0,False,-1.0,"league|outcome|odds_bucket=I2|draw|[2.8,3.5)",2025-09
2025-09-13,I2,Pescara,Venezia,draw,draw,3.44,"[2.8,3.5)","[0.20,0.28)",market_non_favorite,1.0,True,2.44,"league|outcome|odds_bucket=I2|draw|[2.8,3.5)",2025-09
2025-09-14,I2,Empoli,Spezia,draw,draw,2.98,"[2.8,3.5)","[0.28,0.34)",market_non_favorite,1.0,True,1.98,"league|outcome|odds_bucket=I2|draw|[2.8,3.5)",2025-09
2025-09-14,I2,Sudtirol,Palermo,draw,away,3.15,"[2.8,3.5)","[0.28,0.34)",market_non_favorite,1.0,False,-1.0,"league|outcome|odds_bucket=I2|draw|[2.8,3.5)",2025-09
2025-09-14,I2,Virtus Entella,Mantova,draw,home,3.15,"[2.8,3.5)","[0.28,0.34)",market_non_favorite,1.0,False,-1.0,"league|outcome|odds_bucket=I2|draw|[2.8,3.5)",2025-09
2025-09-19,I2,Frosinone,Sudtirol,draw,draw,3.16,"[2.8,3.5)","[0.28,0.34)",market_non_favorite,1.0,True,2.16,"league|outcome|odds_bucket=I2|draw|[2.8,3.5)",2025-09
2025-09-20,I2,Reggiana,Catanzaro,draw,draw,3.12,"[2.8,3.5)","[0.28,0.34)",market_non_favorite,1.0,True,2.12,"league|outcome|odds_bucket=I2|draw|[2.8,3.5)",2025-09
2025-09-20,I2,Spezia,Juve Stabia,draw,away,3.13,"[2.8,3.5)","[0.28,0.34)",market_non_favorite,1.0,False,-1.0,"league|outcome|odds_bucket=I2|draw|[2.8,3.5)",2025-09
2025-09-20,I2,Mantova,Modena,draw,away,3.18,"[2.8,3.5)","[0.28,0.34)",market_non_favorite,1.0,False,-1.0,"league|outcome|odds_bucket=I2|draw|[2.8,3.5)",2025-09
2025-09-20,I2,Venezia,Cesena,draw,away,3.28,"[2.8,3.5)","[0.28,0.34)",market_non_favorite,1.0,False,-1.0,"league|outcome|odds_bucket=I2|draw|[2.8,3.5)",2025-09
2025-09-20,I2,Monza,Sampdoria,draw,home,3.33,"[2.8,3.5)","[0.20,0.28)",market_non_favorite,1.0,False,-1.0,"league|outcome|odds_bucket=I2|draw|[2.8,3.5)",2025-09
2025-09-21,I2,Padova,Virtus Entella,draw,home,2.99,"[2.8,3.5)","[0.28,0.34)",market_non_favorite,1.0,False,-1.0,"league|outcome|odds_bucket=I2|draw|[2.8,3.5)",2025-09
2025-09-21,I2,Carrarese,Avellino,draw,away,3.09,"[2.8,3.5)","[0.28,0.34)",market_non_favorite,1.0,False,-1.0,"league|outcome|odds_bucket=I2|draw|[2.8,3.5)",2025-09
2025-09-21,I2,Pescara,Empoli,draw,home,3.17,"[2.8,3.5)","[0.28,0.34)",market_non_favorite,1.0,False,-1.0,"league|outcome|odds_bucket=I2|draw|[2.8,3.5)",2025-09
2025-09-26,I2,Catanzaro,Juve Stabia,draw,draw,3.02,"[2.8,3.5)","[0.28,0.34)",market_non_favorite,1.0,True,2.02,"league|outcome|odds_bucket=I2|draw|[2.8,3.5)",2025-09
2025-09-27,I2,Avellino,Virtus Entella,draw,home,3.04,"[2.8,3.5)","[0.28,0.34)",market_non_favorite,1.0,False,-1.0,"league|outcome|odds_bucket=I2|draw|[2.8,3.5)",2025-09
2025-09-27,I2,Cesena,Palermo,draw,draw,3.07,"[2.8,3.5)","[0.28,0.34)",market_non_favorite,1.0,True,2.07,"league|outcome|odds_bucket=I2|draw|[2.8,3.5)",2025-09
2025-09-27,I2,Bari,Sampdoria,draw,draw,3.12,"[2.8,3.5)","[0.28,0.34)",market_non_favorite,1.0,True,2.12,"league|outcome|odds_bucket=I2|draw|[2.8,3.5)",2025-09
2025-09-27,I2,Venezia,Spezia,draw,home,3.18,"[2.8,3.5)","[0.28,0.34)",market_non_favorite,1.0,False,-1.0,"league|outcome|odds_bucket=I2|draw|[2.8,3.5)",2025-09
2025-09-27,I2,Sudtirol,Reggiana,draw,home,3.19,"[2.8,3.5)","[0.28,0.34)",market_non_favorite,1.0,False,-1.0,"league|outcome|odds_bucket=I2|draw|[2.8,3.5)",2025-09
2025-09-27,I2,Mantova,Frosinone,draw,away,3.22,"[2.8,3.5)","[0.28,0.34)",market_non_favorite,1.0,False,-1.0,"league|outcome|odds_bucket=I2|draw|[2.8,3.5)",2025-09
2025-09-27,I2,Monza,Padova,draw,away,3.45,"[2.8,3.5)","[0.20,0.28)",market_non_favorite,1.0,False,-1.0,"league|outcome|odds_bucket=I2|draw|[2.8,3.5)",2025-09
2025-09-28,I2,Empoli,Carrarese,draw,draw,3.17,"[2.8,3.5)","[0.28,0.34)",market_non_favorite,1.0,True,2.17,"league|outcome|odds_bucket=I2|draw|[2.8,3.5)",2025-09
2025-09-30,I2,Padova,Avellino,draw,draw,2.97,"[2.8,3.5)","[0.28,0.34)",market_non_favorite,1.0,True,1.97,"league|outcome|odds_bucket=I2|draw|[2.8,3.5)",2025-09
2025-09-30,I2,Virtus Entella,Bari,draw,draw,3.07,"[2.8,3.5)","[0.28,0.34)",market_non_favorite,1.0,True,2.07,"league|outcome|odds_bucket=I2|draw|[2.8,3.5)",2025-09
2025-09-30,I2,Frosinone,Cesena,draw,home,3.09,"[2.8,3.5)","[0.28,0.34)",market_non_favorite,1.0,False,-1.0,"league|outcome|odds_bucket=I2|draw|[2.8,3.5)",2025-09
2025-09-30,I2,Reggiana,Spezia,draw,draw,3.17,"[2.8,3.5)","[0.28,0.34)",market_non_favorite,1.0,True,2.17,"league|outcome|odds_bucket=I2|draw|[2.8,3.5)",2025-09
2025-09-30,I2,Palermo,Venezia,draw,draw,3.27,"[2.8,3.5)","[0.28,0.34)",market_non_favorite,1.0,True,2.27,"league|outcome|odds_bucket=I2|draw|[2.8,3.5)",2025-09
2025-10-01,I2,Carrarese,Modena,draw,draw,3.03,"[2.8,3.5)","[0.28,0.34)",market_non_favorite,1.0,True,2.03,"league|outcome|odds_bucket=I2|draw|[2.8,3.5)",2025-10
2025-10-01,I2,Empoli,Monza,draw,draw,3.03,"[2.8,3.5)","[0.28,0.34)",market_non_favorite,1.0,True,2.03,"league|outcome|odds_bucket=I2|draw|[2.8,3.5)",2025-10
2025-10-01,I2,Pescara,Sudtirol,draw,draw,3.09,"[2.8,3.5)","[0.28,0.34)",market_non_favorite,1.0,True,2.09,"league|outcome|odds_bucket=I2|draw|[2.8,3.5)",2025-10
2025-10-01,I2,Sampdoria,Catanzaro,draw,draw,3.15,"[2.8,3.5)","[0.28,0.34)",market_non_favorite,1.0,True,2.15,"league|outcome|odds_bucket=I2|draw|[2.8,3.5)",2025-10
2025-10-04,I2,Spezia,Palermo,draw,away,2.97,"[2.8,3.5)","[0.28,0.34)",market_non_favorite,1.0,False,-1.0,"league|outcome|odds_bucket=I2|draw|[2.8,3.5)",2025-10
2025-10-04,I2,Bari,Padova,draw,home,3.09,"[2.8,3.5)","[0.28,0.34)",market_non_favorite,1.0,False,-1.0,"league|outcome|odds_bucket=I2|draw|[2.8,3.5)",2025-10
2025-10-04,I2,Avellino,Mantova,draw,draw,3.32,"[2.8,3.5)","[0.20,0.28)",market_non_favorite,1.0,True,2.32,"league|outcome|odds_bucket=I2|draw|[2.8,3.5)",2025-10
2025-10-04,I2,Monza,Catanzaro,draw,home,3.33,"[2.8,3.5)","[0.20,0.28)",market_non_favorite,1.0,False,-1.0,"league|outcome|odds_bucket=I2|draw|[2.8,3.5)",2025-10
2025-10-05,I2,Carrarese,Juve Stabia,draw,home,3.04,"[2.8,3.5)","[0.28,0.34)",market_non_favorite,1.0,False,-1.0,"league|outcome|odds_bucket=I2|draw|[2.8,3.5)",2025-10
2025-10-05,I2,Sudtirol,Empoli,draw,away,3.05,"[2.8,3.5)","[0.28,0.34)",market_non_favorite,1.0,False,-1.0,"league|outcome|odds_bucket=I2|draw|[2.8,3.5)",2025-10
2025-10-05,I2,Modena,Virtus Entella,draw,home,3.27,"[2.8,3.5)","[0.28,0.34)",market_non_favorite,1.0,False,-1.0,"league|outcome|odds_bucket=I2|draw|[2.8,3.5)",2025-10
2025-10-05,I2,Sampdoria,Pescara,draw,home,3.27,"[2.8,3.5)","[0.28,0.34)",market_non_favorite,1.0,False,-1.0,"league|outcome|odds_bucket=I2|draw|[2.8,3.5)",2025-10
2025-10-17,I2,Virtus Entella,Sampdoria,draw,home,2.83,"[2.8,3.5)","[0.28,0.34)",market_non_favorite,1.0,False,-1.0,"league|outcome|odds_bucket=I2|draw|[2.8,3.5)",2025-10
2025-10-18,I2,Reggiana,Bari,draw,home,3.02,"[2.8,3.5)","[0.28,0.34)",market_non_favorite,1.0,False,-1.0,"league|outcome|odds_bucket=I2|draw|[2.8,3.5)",2025-10
2025-10-18,I2,Pescara,Carrarese,draw,draw,3.06,"[2.8,3.5)","[0.28,0.34)",market_non_favorite,1.0,True,2.06,"league|outcome|odds_bucket=I2|draw|[2.8,3.5)",2025-10
2025-10-18,I2,Juve Stabia,Avellino,draw,home,3.09,"[2.8,3.5)","[0.28,0.34)",market_non_favorite,1.0,False,-1.0,"league|outcome|odds_bucket=I2|draw|[2.8,3.5)",2025-10
2025-10-18,I2,Spezia,Cesena,draw,away,3.11,"[2.8,3.5)","[0.28,0.34)",market_non_favorite,1.0,False,-1.0,"league|outcome|odds_bucket=I2|draw|[2.8,3.5)",2025-10
2025-10-18,I2,Frosinone,Monza,draw,away,3.14,"[2.8,3.5)","[0.28,0.34)",market_non_favorite,1.0,False,-1.0,"league|outcome|odds_bucket=I2|draw|[2.8,3.5)",2025-10
2025-10-18,I2,Mantova,Sudtirol,draw,draw,3.19,"[2.8,3.5)","[0.28,0.34)",market_non_favorite,1.0,True,2.19,"league|outcome|odds_bucket=I2|draw|[2.8,3.5)",2025-10
2025-10-19,I2,Catanzaro,Padova,draw,away,3.06,"[2.8,3.5)","[0.28,0.34)",market_non_favorite,1.0,False,-1.0,"league|outcome|odds_bucket=I2|draw|[2.8,3.5)",2025-10
2025-10-19,I2,Empoli,Venezia,draw,draw,3.06,"[2.8,3.5)","[0.28,0.34)",market_non_favorite,1.0,True,2.06,"league|outcome|odds_bucket=I2|draw|[2.8,3.5)",2025-10
2025-10-19,I2,Palermo,Modena,draw,draw,3.17,"[2.8,3.5)","[0.28,0.34)",market_non_favorite,1.0,True,2.17,"league|outcome|odds_bucket=I2|draw|[2.8,3.5)",2025-10
2025-10-24,I2,Modena,Empoli,draw,home,3.39,"[2.8,3.5)","[0.20,0.28)",market_non_favorite,1.0,False,-1.0,"league|outcome|odds_bucket=I2|draw|[2.8,3.5)",2025-10
2025-10-25,I2,Avellino,Spezia,draw,away,2.96,"[2.8,3.5)","[0.28,0.34)",market_non_favorite,1.0,False,-1.0,"league|outcome|odds_bucket=I2|draw|[2.8,3.5)",2025-10
2025-10-25,I2,Sudtirol,Cesena,draw,away,3.08,"[2.8,3.5)","[0.28,0.34)",market_non_favorite,1.0,False,-1.0,"league|outcome|odds_bucket=I2|draw|[2.8,3.5)",2025-10
2025-10-25,I2,Carrarese,Venezia,draw,home,3.13,"[2.8,3.5)","[0.28,0.34)",market_non_favorite,1.0,False,-1.0,"league|outcome|odds_bucket=I2|draw|[2.8,3.5)",2025-10
2025-10-25,I2,Sampdoria,Frosinone,draw,draw,3.14,"[2.8,3.5)","[0.28,0.34)",market_non_favorite,1.0,True,2.14,"league|outcome|odds_bucket=I2|draw|[2.8,3.5)",2025-10
2025-10-25,I2,Catanzaro,Palermo,draw,home,3.18,"[2.8,3.5)","[0.28,0.34)",market_non_favorite,1.0,False,-1.0,"league|outcome|odds_bucket=I2|draw|[2.8,3.5)",2025-10
2025-10-25,I2,Virtus Entella,Pescara,draw,draw,3.33,"[2.8,3.5)","[0.20,0.28)",market_non_favorite,1.0,True,2.33,"league|outcome|odds_bucket=I2|draw|[2.8,3.5)",2025-10
2025-10-26,I2,Padova,Juve Stabia,draw,draw,2.93,"[2.8,3.5)","[0.28,0.34)",market_non_favorite,1.0,True,1.93,"league|outcome|odds_bucket=I2|draw|[2.8,3.5)",2025-10
2025-10-26,I2,Bari,Mantova,draw,home,3.33,"[2.8,3.5)","[0.20,0.28)",market_non_favorite,1.0,False,-1.0,"league|outcome|odds_bucket=I2|draw|[2.8,3.5)",2025-10
2025-10-28,I2,Empoli,Sampdoria,draw,draw,2.96,"[2.8,3.5)","[0.28,0.34)",market_non_favorite,1.0,True,1.96,"league|outcome|odds_bucket=I2|draw|[2.8,3.5)",2025-10
2025-10-28,I2,Pescara,Avellino,draw,draw,3.06,"[2.8,3.5)","[0.28,0.34)",market_non_favorite,1.0,True,2.06,"league|outcome|odds_bucket=I2|draw|[2.8,3.5)",2025-10
2025-10-28,I2,Frosinone,Virtus Entella,draw,home,3.07,"[2.8,3.5)","[0.28,0.34)",market_non_favorite,1.0,False,-1.0,"league|outcome|odds_bucket=I2|draw|[2.8,3.5)",2025-10
2025-10-28,I2,Palermo,Monza,draw,away,3.08,"[2.8,3.5)","[0.28,0.34)",market_non_favorite,1.0,False,-1.0,"league|outcome|odds_bucket=I2|draw|[2.8,3.5)",2025-10
2025-10-28,I2,Reggiana,Modena,draw,home,3.24,"[2.8,3.5)","[0.28,0.34)",market_non_favorite,1.0,False,-1.0,"league|outcome|odds_bucket=I2|draw|[2.8,3.5)",2025-10
2025-10-28,I2,Cesena,Carrarese,draw,home,3.27,"[2.8,3.5)","[0.28,0.34)",market_non_favorite,1.0,False,-1.0,"league|outcome|odds_bucket=I2|draw|[2.8,3.5)",2025-10
2025-10-29,I2,Mantova,Catanzaro,draw,away,3.23,"[2.8,3.5)","[0.28,0.34)",market_non_favorite,1.0,False,-1.0,"league|outcome|odds_bucket=I2|draw|[2.8,3.5)",2025-10
2025-10-29,I2,Spezia,Padova,draw,draw,3.26,"[2.8,3.5)","[0.28,0.34)",market_non_favorite,1.0,True,2.26,"league|outcome|odds_bucket=I2|draw|[2.8,3.5)",2025-10
2025-11-01,I2,Virtus Entella,Empoli,draw,home,3.02,"[2.8,3.5)","[0.28,0.34)",market_non_favorite,1.0,False,-1.0,"league|outcome|odds_bucket=I2|draw|[2.8,3.5)",2025-11
2025-11-01,I2,Padova,Sudtirol,draw,draw,3.04,"[2.8,3.5)","[0.28,0.34)",market_non_favorite,1.0,True,2.04,"league|outcome|odds_bucket=I2|draw|[2.8,3.5)",2025-11
2025-11-01,I2,Carrarese,Frosinone,draw,away,3.2,"[2.8,3.5)","[0.28,0.34)",market_non_favorite,1.0,False,-1.0,"league|outcome|odds_bucket=I2|draw|[2.8,3.5)",2025-11
2025-11-01,I2,Avellino,Reggiana,draw,home,3.33,"[2.8,3.5)","[0.20,0.28)",market_non_favorite,1.0,False,-1.0,"league|outcome|odds_bucket=I2|draw|[2.8,3.5)",2025-11
2025-11-02,I2,Bari,Cesena,draw,home,3.05,"[2.8,3.5)","[0.28,0.34)",market_non_favorite,1.0,False,-1.0,"league|outcome|odds_bucket=I2|draw|[2.8,3.5)",2025-11
2025-11-02,I2,Monza,Spezia,draw,home,3.08,"[2.8,3.5)","[0.28,0.34)",market_non_favorite,1.0,False,-1.0,"league|outcome|odds_bucket=I2|draw|[2.8,3.5)",2025-11
2025-11-02,I2,Catanzaro,Venezia,draw,home,3.16,"[2.8,3.5)","[0.28,0.34)",market_non_favorite,1.0,False,-1.0,"league|outcome|odds_bucket=I2|draw|[2.8,3.5)",2025-11
2025-11-02,I2,Modena,Juve Stabia,draw,home,3.21,"[2.8,3.5)","[0.28,0.34)",market_non_favorite,1.0,False,-1.0,"league|outcome|odds_bucket=I2|draw|[2.8,3.5)",2025-11
2025-11-02,I2,Sampdoria,Mantova,draw,away,3.4,"[2.8,3.5)","[0.20,0.28)",market_non_favorite,1.0,False,-1.0,"league|outcome|odds_bucket=I2|draw|[2.8,3.5)",2025-11
2025-11-07,I2,Spezia,Bari,draw,draw,3.09,"[2.8,3.5)","[0.28,0.34)",market_non_favorite,1.0,True,2.09,"league|outcome|odds_bucket=I2|draw|[2.8,3.5)",2025-11
2025-11-08,I2,Reggiana,Virtus Entella,draw,draw,2.98,"[2.8,3.5)","[0.28,0.34)",market_non_favorite,1.0,True,1.98,"league|outcome|odds_bucket=I2|draw|[2.8,3.5)",2025-11
2025-11-08,I2,Juve Stabia,Palermo,draw,home,3.05,"[2.8,3.5)","[0.28,0.34)",market_non_favorite,1.0,False,-1.0,"league|outcome|odds_bucket=I2|draw|[2.8,3.5)",2025-11
2025-11-08,I2,Empoli,Catanzaro,draw,home,3.08,"[2.8,3.5)","[0.28,0.34)",market_non_favorite,1.0,False,-1.0,"league|outcome|odds_bucket=I2|draw|[2.8,3.5)",2025-11
2025-11-08,I2,Frosinone,Modena,draw,draw,3.13,"[2.8,3.5)","[0.28,0.34)",market_non_favorite,1.0,True,2.13,"league|outcome|odds_bucket=I2|draw|[2.8,3.5)",2025-11
2025-11-08,I2,Sudtirol,Carrarese,draw,draw,3.14,"[2.8,3.5)","[0.28,0.34)",market_non_favorite,1.0,True,2.14,"league|outcome|odds_bucket=I2|draw|[2.8,3.5)",2025-11
2025-11-08,I2,Mantova,Padova,draw,home,3.15,"[2.8,3.5)","[0.28,0.34)",market_non_favorite,1.0,False,-1.0,"league|outcome|odds_bucket=I2|draw|[2.8,3.5)",2025-11
2025-11-09,I2,Cesena,Avellino,draw,home,3.34,"[2.8,3.5)","[0.20,0.28)",market_non_favorite,1.0,False,-1.0,"league|outcome|odds_bucket=I2|draw|[2.8,3.5)",2025-11
2025-11-09,I2,Pescara,Monza,draw,away,3.43,"[2.8,3.5)","[0.20,0.28)",market_non_favorite,1.0,False,-1.0,"league|outcome|odds_bucket=I2|draw|[2.8,3.5)",2025-11
2025-11-21,I2,Catanzaro,Pescara,draw,draw,3.44,"[2.8,3.5)","[0.20,0.28)",market_non_favorite,1.0,True,2.44,"league|outcome|odds_bucket=I2|draw|[2.8,3.5)",2025-11
2025-11-22,I2,Virtus Entella,Palermo,draw,draw,3.05,"[2.8,3.5)","[0.28,0.34)",market_non_favorite,1.0,True,2.05,"league|outcome|odds_bucket=I2|draw|[2.8,3.5)",2025-11
2025-11-22,I2,Avellino,Empoli,draw,away,3.05,"[2.8,3.5)","[0.28,0.34)",market_non_favorite,1.0,False,-1.0,"league|outcome|odds_bucket=I2|draw|[2.8,3.5)",2025-11
2025-11-22,I2,Bari,Frosinone,draw,away,3.13,"[2.8,3.5)","[0.28,0.34)",market_non_favorite,1.0,False,-1.0,"league|outcome|odds_bucket=I2|draw|[2.8,3.5)",2025-11
2025-11-22,I2,Carrarese,Reggiana,draw,draw,3.33,"[2.8,3.5)","[0.20,0.28)",market_non_favorite,1.0,True,2.33,"league|outcome|odds_bucket=I2|draw|[2.8,3.5)",2025-11
2025-11-22,I2,Padova,Venezia,draw,away,3.41,"[2.8,3.5)","[0.20,0.28)",market_non_favorite,1.0,False,-1.0,"league|outcome|odds_bucket=I2|draw|[2.8,3.5)",2025-11
2025-11-23,I2,Mantova,Spezia,draw,home,3.07,"[2.8,3.5)","[0.28,0.34)",market_non_favorite,1.0,False,-1.0,"league|outcome|odds_bucket=I2|draw|[2.8,3.5)",2025-11
2025-11-23,I2,Monza,Cesena,draw,home,3.28,"[2.8,3.5)","[0.28,0.34)",market_non_favorite,1.0,False,-1.0,"league|outcome|odds_bucket=I2|draw|[2.8,3.5)",2025-11
2025-11-23,I2,Modena,Sudtirol,draw,draw,3.48,"[2.8,3.5)","[0.20,0.28)",market_non_favorite,1.0,True,2.48,"league|outcome|odds_bucket=I2|draw|[2.8,3.5)",2025-11
2025-11-24,I2,Sampdoria,Juve Stabia,draw,home,2.91,"[2.8,3.5)","[0.28,0.34)",market_non_favorite,1.0,False,-1.0,"league|outcome|odds_bucket=I2|draw|[2.8,3.5)",2025-11
2025-11-28,I2,Cesena,Modena,draw,home,2.92,"[2.8,3.5)","[0.28,0.34)",market_non_favorite,1.0,False,-1.0,"league|outcome|odds_bucket=I2|draw|[2.8,3.5)",2025-11
2025-11-29,I2,Catanzaro,Virtus Entella,draw,home,2.97,"[2.8,3.5)","[0.28,0.34)",market_non_favorite,1.0,False,-1.0,"league|outcome|odds_bucket=I2|draw|[2.8,3.5)",2025-11
2025-11-29,I2,Pescara,Padova,draw,away,3.11,"[2.8,3.5)","[0.28,0.34)",market_non_favorite,1.0,False,-1.0,"league|outcome|odds_bucket=I2|draw|[2.8,3.5)",2025-11
2025-11-29,I2,Empoli,Bari,draw,home,3.1,"[2.8,3.5)","[0.28,0.34)",market_non_favorite,1.0,False,-1.0,"league|outcome|odds_bucket=I2|draw|[2.8,3.5)",2025-11
2025-11-29,I2,Sudtirol,Avellino,draw,away,3.19,"[2.8,3.5)","[0.28,0.34)",market_non_favorite,1.0,False,-1.0,"league|outcome|odds_bucket=I2|draw|[2.8,3.5)",2025-11
2025-11-29,I2,Reggiana,Frosinone,draw,away,3.23,"[2.8,3.5)","[0.28,0.34)",market_non_favorite,1.0,False,-1.0,"league|outcome|odds_bucket=I2|draw|[2.8,3.5)",2025-11
2025-11-30,I2,Juve Stabia,Monza,draw,draw,2.86,"[2.8,3.5)","[0.28,0.34)",market_non_favorite,1.0,True,1.86,"league|outcome|odds_bucket=I2|draw|[2.8,3.5)",2025-11
2025-11-30,I2,Spezia,Sampdoria,draw,home,3.01,"[2.8,3.5)","[0.28,0.34)",market_non_favorite,1.0,False,-1.0,"league|outcome|odds_bucket=I2|draw|[2.8,3.5)",2025-11
2025-12-04,I2,Juve Stabia,Bari,draw,draw,3.14,"[2.8,3.5)","[0.28,0.34)",market_non_favorite,1.0,True,2.14,"league|outcome|odds_bucket=I2|draw|[2.8,3.5)",2025-12
2025-12-07,I2,Empoli,Palermo,draw,away,3.13,"[2.8,3.5)","[0.28,0.34)",market_non_favorite,1.0,False,-1.0,"league|outcome|odds_bucket=I2|draw|[2.8,3.5)",2025-12
2025-12-07,I2,Sampdoria,Carrarese,draw,home,3.17,"[2.8,3.5)","[0.28,0.34)",market_non_favorite,1.0,False,-1.0,"league|outcome|odds_bucket=I2|draw|[2.8,3.5)",2025-12
2025-12-08,I2,Padova,Cesena,draw,draw,2.91,"[2.8,3.5)","[0.28,0.34)",market_non_favorite,1.0,True,1.91,"league|outcome|odds_bucket=I2|draw|[2.8,3.5)",2025-12
2025-12-08,I2,Virtus Entella,Spezia,draw,away,3.02,"[2.8,3.5)","[0.28,0.34)",market_non_favorite,1.0,False,-1.0,"league|outcome|odds_bucket=I2|draw|[2.8,3.5)",2025-12
2025-12-08,I2,Frosinone,Juve Stabia,draw,home,3.15,"[2.8,3.5)","[0.28,0.34)",market_non_favorite,1.0,False,-1.0,"league|outcome|odds_bucket=I2|draw|[2.8,3.5)",2025-12
2025-12-08,I2,Mantova,Reggiana,draw,away,3.19,"[2.8,3.5)","[0.28,0.34)",market_non_favorite,1.0,False,-1.0,"league|outcome|odds_bucket=I2|draw|[2.8,3.5)",2025-12
2025-12-08,I2,Bari,Pescara,draw,draw,3.32,"[2.8,3.5)","[0.20,0.28)",market_non_favorite,1.0,True,2.32,"league|outcome|odds_bucket=I2|draw|[2.8,3.5)",2025-12
2025-12-08,I2,Modena,Catanzaro,draw,away,3.47,"[2.8,3.5)","[0.20,0.28)",market_non_favorite,1.0,False,-1.0,"league|outcome|odds_bucket=I2|draw|[2.8,3.5)",2025-12
2025-12-13,I2,Juve Stabia,Empoli,draw,home,2.98,"[2.8,3.5)","[0.28,0.34)",market_non_favorite,1.0,False,-1.0,"league|outcome|odds_bucket=I2|draw|[2.8,3.5)",2025-12
2025-12-13,I2,Reggiana,Padova,draw,away,3.0,"[2.8,3.5)","[0.28,0.34)",market_non_favorite,1.0,False,-1.0,"league|outcome|odds_bucket=I2|draw|[2.8,3.5)",2025-12
2025-12-13,I2,Venezia,Monza,draw,home,3.01,"[2.8,3.5)","[0.28,0.34)",market_non_favorite,1.0,False,-1.0,"league|outcome|odds_bucket=I2|draw|[2.8,3.5)",2025-12
2025-12-13,I2,Spezia,Modena,draw,away,3.06,"[2.8,3.5)","[0.28,0.34)",market_non_favorite,1.0,False,-1.0,"league|outcome|odds_bucket=I2|draw|[2.8,3.5)",2025-12
2025-12-13,I2,Sudtirol,Bari,draw,draw,3.18,"[2.8,3.5)","[0.28,0.34)",market_non_favorite,1.0,True,2.18,"league|outcome|odds_bucket=I2|draw|[2.8,3.5)",2025-12
2025-12-13,I2,Cesena,Mantova,draw,home,3.43,"[2.8,3.5)","[0.20,0.28)",market_non_favorite,1.0,False,-1.0,"league|outcome|odds_bucket=I2|draw|[2.8,3.5)",2025-12
2025-12-13,I2,Catanzaro,Avellino,draw,home,3.44,"[2.8,3.5)","[0.20,0.28)",market_non_favorite,1.0,False,-1.0,"league|outcome|odds_bucket=I2|draw|[2.8,3.5)",2025-12
2025-12-14,I2,Carrarese,Virtus Entella,draw,home,3.04,"[2.8,3.5)","[0.28,0.34)",market_non_favorite,1.0,False,-1.0,"league|outcome|odds_bucket=I2|draw|[2.8,3.5)",2025-12
2025-12-19,I2,Bari,Catanzaro,draw,away,2.97,"[2.8,3.5)","[0.28,0.34)",market_non_favorite,1.0,False,-1.0,"league|outcome|odds_bucket=I2|draw|[2.8,3.5)",2025-12
2025-12-20,I2,Padova,Sampdoria,draw,draw,2.96,"[2.8,3.5)","[0.28,0.34)",market_non_favorite,1.0,True,1.96,"league|outcome|odds_bucket=I2|draw|[2.8,3.5)",2025-12
2025-12-20,I2,Cesena,Juve Stabia,draw,draw,3.05,"[2.8,3.5)","[0.28,0.34)",market_non_favorite,1.0,True,2.05,"league|outcome|odds_bucket=I2|draw|[2.8,3.5)",2025-12
2025-12-20,I2,Modena,Venezia,draw,away,3.12,"[2.8,3.5)","[0.28,0.34)",market_non_favorite,1.0,False,-1.0,"league|outcome|odds_bucket=I2|draw|[2.8,3.5)",2025-12
2025-12-20,I2,Pescara,Reggiana,draw,home,3.13,"[2.8,3.5)","[0.28,0.34)",market_non_favorite,1.0,False,-1.0,"league|outcome|odds_bucket=I2|draw|[2.8,3.5)",2025-12
2025-12-20,I2,Avellino,Palermo,draw,draw,3.46,"[2.8,3.5)","[0.20,0.28)",market_non_favorite,1.0,True,2.46,"league|outcome|odds_bucket=I2|draw|[2.8,3.5)",2025-12
2025-12-20,I2,Frosinone,Spezia,draw,home,3.49,"[2.8,3.5)","[0.20,0.28)",market_non_favorite,1.0,False,-1.0,"league|outcome|odds_bucket=I2|draw|[2.8,3.5)",2025-12
2025-12-21,I2,Virtus Entella,Sudtirol,draw,draw,3.03,"[2.8,3.5)","[0.28,0.34)",market_non_favorite,1.0,True,2.03,"league|outcome|odds_bucket=I2|draw|[2.8,3.5)",2025-12
2025-12-21,I2,Mantova,Empoli,draw,away,3.07,"[2.8,3.5)","[0.28,0.34)",market_non_favorite,1.0,False,-1.0,"league|outcome|odds_bucket=I2|draw|[2.8,3.5)",2025-12
2025-12-26,I2,Modena,Monza,draw,away,2.97,"[2.8,3.5)","[0.28,0.34)",market_non_favorite,1.0,False,-1.0,"league|outcome|odds_bucket=I2|draw|[2.8,3.5)",2025-12
2025-12-27,I2,Catanzaro,Cesena,draw,home,3.0,"[2.8,3.5)","[0.28,0.34)",market_non_favorite,1.0,False,-1.0,"league|outcome|odds_bucket=I2|draw|[2.8,3.5)",2025-12
2025-12-27,I2,Juve Stabia,Sudtirol,draw,home,3.02,"[2.8,3.5)","[0.28,0.34)",market_non_favorite,1.0,False,-1.0,"league|outcome|odds_bucket=I2|draw|[2.8,3.5)",2025-12
2025-12-27,I2,Bari,Avellino,draw,draw,3.08,"[2.8,3.5)","[0.28,0.34)",market_non_favorite,1.0,True,2.08,"league|outcome|odds_bucket=I2|draw|[2.8,3.5)",2025-12
2025-12-27,I2,Empoli,Frosinone,draw,draw,3.11,"[2.8,3.5)","[0.28,0.34)",market_non_favorite,1.0,True,2.11,"league|outcome|odds_bucket=I2|draw|[2.8,3.5)",2025-12
2025-12-27,I2,Carrarese,Mantova,draw,draw,3.18,"[2.8,3.5)","[0.28,0.34)",market_non_favorite,1.0,True,2.18,"league|outcome|odds_bucket=I2|draw|[2.8,3.5)",2025-12
2025-12-27,I2,Sampdoria,Reggiana,draw,home,3.25,"[2.8,3.5)","[0.28,0.34)",market_non_favorite,1.0,False,-1.0,"league|outcome|odds_bucket=I2|draw|[2.8,3.5)",2025-12
2026-01-10,I2,Sudtirol,Spezia,draw,home,2.99,"[2.8,3.5)","[0.28,0.34)",market_non_favorite,1.0,False,-1.0,"league|outcome|odds_bucket=I2|draw|[2.8,3.5)",2026-01
2026-01-10,I2,Avellino,Sampdoria,draw,home,3.0,"[2.8,3.5)","[0.28,0.34)",market_non_favorite,1.0,False,-1.0,"league|outcome|odds_bucket=I2|draw|[2.8,3.5)",2026-01
2026-01-10,I2,Carrarese,Bari,draw,home,3.1,"[2.8,3.5)","[0.28,0.34)",market_non_favorite,1.0,False,-1.0,"league|outcome|odds_bucket=I2|draw|[2.8,3.5)",2026-01
2026-01-10,I2,Cesena,Empoli,draw,away,3.12,"[2.8,3.5)","[0.28,0.34)",market_non_favorite,1.0,False,-1.0,"league|outcome|odds_bucket=I2|draw|[2.8,3.5)",2026-01
2026-01-10,I2,Virtus Entella,Monza,draw,home,3.2,"[2.8,3.5)","[0.28,0.34)",market_non_favorite,1.0,False,-1.0,"league|outcome|odds_bucket=I2|draw|[2.8,3.5)",2026-01
2026-01-10,I2,Frosinone,Catanzaro,draw,home,3.28,"[2.8,3.5)","[0.28,0.34)",market_non_favorite,1.0,False,-1.0,"league|outcome|odds_bucket=I2|draw|[2.8,3.5)",2026-01
2026-01-10,I2,Juve Stabia,Pescara,draw,draw,3.36,"[2.8,3.5)","[0.20,0.28)",market_non_favorite,1.0,True,2.36,"league|outcome|odds_bucket=I2|draw|[2.8,3.5)",2026-01
2026-01-11,I2,Padova,Modena,draw,home,3.13,"[2.8,3.5)","[0.28,0.34)",market_non_favorite,1.0,False,-1.0,"league|outcome|odds_bucket=I2|draw|[2.8,3.5)",2026-01
2026-01-11,I2,Mantova,Palermo,draw,draw,3.31,"[2.8,3.5)","[0.20,0.28)",market_non_favorite,1.0,True,2.31,"league|outcome|odds_bucket=I2|draw|[2.8,3.5)",2026-01
2026-01-16,I2,Sampdoria,Virtus Entella,draw,draw,3.1,"[2.8,3.5)","[0.28,0.34)",market_non_favorite,1.0,True,2.1,"league|outcome|odds_bucket=I2|draw|[2.8,3.5)",2026-01
2026-01-17,I2,Bari,Juve Stabia,draw,away,2.93,"[2.8,3.5)","[0.28,0.34)",market_non_favorite,1.0,False,-1.0,"league|outcome|odds_bucket=I2|draw|[2.8,3.5)",2026-01
2026-01-17,I2,Avellino,Carrarese,draw,away,3.03,"[2.8,3.5)","[0.28,0.34)",market_non_favorite,1.0,False,-1.0,"league|outcome|odds_bucket=I2|draw|[2.8,3.5)",2026-01
2026-01-17,I2,Empoli,Sudtirol,draw,away,3.03,"[2.8,3.5)","[0.28,0.34)",market_non_favorite,1.0,False,-1.0,"league|outcome|odds_bucket=I2|draw|[2.8,3.5)",2026-01
2026-01-17,I2,Padova,Mantova,draw,away,3.04,"[2.8,3.5)","[0.28,0.34)",market_non_favorite,1.0,False,-1.0,"league|outcome|odds_bucket=I2|draw|[2.8,3.5)",2026-01
2026-01-17,I2,Reggiana,Cesena,draw,away,3.08,"[2.8,3.5)","[0.28,0.34)",market_non_favorite,1.0,False,-1.0,"league|outcome|odds_bucket=I2|draw|[2.8,3.5)",2026-01
2026-01-17,I2,Monza,Frosinone,draw,draw,3.45,"[2.8,3.5)","[0.20,0.28)",market_non_favorite,1.0,True,2.45,"league|outcome|odds_bucket=I2|draw|[2.8,3.5)",2026-01
2026-01-23,I2,Carrarese,Empoli,draw,home,3.01,"[2.8,3.5)","[0.28,0.34)",market_non_favorite,1.0,False,-1.0,"league|outcome|odds_bucket=I2|draw|[2.8,3.5)",2026-01
2026-01-24,I2,Juve Stabia,Virtus Entella,draw,home,3.0,"[2.8,3.5)","[0.28,0.34)",market_non_favorite,1.0,False,-1.0,"league|outcome|odds_bucket=I2|draw|[2.8,3.5)",2026-01
2026-01-24,I2,Modena,Palermo,draw,draw,3.01,"[2.8,3.5)","[0.28,0.34)",market_non_favorite,1.0,True,2.01,"league|outcome|odds_bucket=I2|draw|[2.8,3.5)",2026-01
2026-01-24,I2,Spezia,Avellino,draw,home,3.22,"[2.8,3.5)","[0.28,0.34)",market_non_favorite,1.0,False,-1.0,"league|outcome|odds_bucket=I2|draw|[2.8,3.5)",2026-01
2026-01-24,I2,Cesena,Bari,draw,away,3.38,"[2.8,3.5)","[0.20,0.28)",market_non_favorite,1.0,False,-1.0,"league|outcome|odds_bucket=I2|draw|[2.8,3.5)",2026-01
2026-01-25,I2,Catanzaro,Sampdoria,draw,draw,3.02,"[2.8,3.5)","[0.28,0.34)",market_non_favorite,1.0,True,2.02,"league|outcome|odds_bucket=I2|draw|[2.8,3.5)",2026-01
2026-01-25,I2,Sudtirol,Padova,draw,home,3.11,"[2.8,3.5)","[0.28,0.34)",market_non_favorite,1.0,False,-1.0,"league|outcome|odds_bucket=I2|draw|[2.8,3.5)",2026-01
2026-01-30,I2,Bari,Palermo,draw,away,3.17,"[2.8,3.5)","[0.28,0.34)",market_non_favorite,1.0,False,-1.0,"league|outcome|odds_bucket=I2|draw|[2.8,3.5)",2026-01
2026-01-31,I2,Sudtirol,Catanzaro,draw,home,2.92,"[2.8,3.5)","[0.28,0.34)",market_non_favorite,1.0,False,-1.0,"league|outcome|odds_bucket=I2|draw|[2.8,3.5)",2026-01
2026-01-31,I2,Sampdoria,Spezia,draw,home,3.02,"[2.8,3.5)","[0.28,0.34)",market_non_favorite,1.0,False,-1.0,"league|outcome|odds_bucket=I2|draw|[2.8,3.5)",2026-01
2026-01-31,I2,Avellino,Cesena,draw,home,3.08,"[2.8,3.5)","[0.28,0.34)",market_non_favorite,1.0,False,-1.0,"league|outcome|odds_bucket=I2|draw|[2.8,3.5)",2026-01
2026-01-31,I2,Virtus Entella,Frosinone,draw,draw,3.14,"[2.8,3.5)","[0.28,0.34)",market_non_favorite,1.0,True,2.14,"league|outcome|odds_bucket=I2|draw|[2.8,3.5)",2026-01
2026-01-31,I2,Empoli,Modena,draw,draw,3.14,"[2.8,3.5)","[0.28,0.34)",market_non_favorite,1.0,True,2.14,"league|outcome|odds_bucket=I2|draw|[2.8,3.5)",2026-01
2026-01-31,I2,Pescara,Mantova,draw,draw,3.29,"[2.8,3.5)","[0.28,0.34)",market_non_favorite,1.0,True,2.29,"league|outcome|odds_bucket=I2|draw|[2.8,3.5)",2026-01
2026-02-01,I2,Reggiana,Juve Stabia,draw,draw,2.96,"[2.8,3.5)","[0.28,0.34)",market_non_favorite,1.0,True,1.96,"league|outcome|odds_bucket=I2|draw|[2.8,3.5)",2026-02
2026-02-01,I2,Padova,Monza,draw,away,3.28,"[2.8,3.5)","[0.28,0.34)",market_non_favorite,1.0,False,-1.0,"league|outcome|odds_bucket=I2|draw|[2.8,3.5)",2026-02
2026-02-07,I2,Spezia,Virtus Entella,draw,draw,2.81,"[2.8,3.5)","[0.28,0.34)",market_non_favorite,1.0,True,1.81,"league|outcome|odds_bucket=I2|draw|[2.8,3.5)",2026-02
2026-02-07,I2,Carrarese,Sudtirol,draw,draw,2.9,"[2.8,3.5)","[0.28,0.34)",market_non_favorite,1.0,True,1.9,"league|outcome|odds_bucket=I2|draw|[2.8,3.5)",2026-02
2026-02-07,I2,Mantova,Bari,draw,home,2.98,"[2.8,3.5)","[0.28,0.34)",market_non_favorite,1.0,False,-1.0,"league|outcome|odds_bucket=I2|draw|[2.8,3.5)",2026-02
2026-02-07,I2,Modena,Sampdoria,draw,away,3.11,"[2.8,3.5)","[0.28,0.34)",market_non_favorite,1.0,False,-1.0,"league|outcome|odds_bucket=I2|draw|[2.8,3.5)",2026-02
2026-02-07,I2,Frosinone,Venezia,draw,away,3.19,"[2.8,3.5)","[0.28,0.34)",market_non_favorite,1.0,False,-1.0,"league|outcome|odds_bucket=I2|draw|[2.8,3.5)",2026-02
2026-02-07,I2,Juve Stabia,Padova,draw,draw,3.33,"[2.8,3.5)","[0.20,0.28)",market_non_favorite,1.0,True,2.33,"league|outcome|odds_bucket=I2|draw|[2.8,3.5)",2026-02
2026-02-07,I2,Catanzaro,Reggiana,draw,home,3.42,"[2.8,3.5)","[0.20,0.28)",market_non_favorite,1.0,False,-1.0,"league|outcome|odds_bucket=I2|draw|[2.8,3.5)",2026-02
2026-02-10,I2,Virtus Entella,Cesena,draw,home,2.83,"[2.8,3.5)","[0.28,0.34)",market_non_favorite,1.0,False,-1.0,"league|outcome|odds_bucket=I2|draw|[2.8,3.5)",2026-02
2026-02-10,I2,Padova,Carrarese,draw,home,2.96,"[2.8,3.5)","[0.28,0.34)",market_non_favorite,1.0,False,-1.0,"league|outcome|odds_bucket=I2|draw|[2.8,3.5)",2026-02
2026-02-10,I2,Reggiana,Mantova,draw,home,2.99,"[2.8,3.5)","[0.28,0.34)",market_non_favorite,1.0,False,-1.0,"league|outcome|odds_bucket=I2|draw|[2.8,3.5)",2026-02
2026-02-10,I2,Sampdoria,Palermo,draw,draw,3.02,"[2.8,3.5)","[0.28,0.34)",market_non_favorite,1.0,True,2.02,"league|outcome|odds_bucket=I2|draw|[2.8,3.5)",2026-02
2026-02-10,I2,Pescara,Catanzaro,draw,away,3.33,"[2.8,3.5)","[0.20,0.28)",market_non_favorite,1.0,False,-1.0,"league|outcome|odds_bucket=I2|draw|[2.8,3.5)",2026-02
2026-02-11,I2,Bari,Spezia,draw,draw,2.84,"[2.8,3.5)","[0.28,0.34)",market_non_favorite,1.0,True,1.84,"league|outcome|odds_bucket=I2|draw|[2.8,3.5)",2026-02
2026-02-11,I2,Empoli,Juve Stabia,draw,away,2.94,"[2.8,3.5)","[0.28,0.34)",market_non_favorite,1.0,False,-1.0,"league|outcome|odds_bucket=I2|draw|[2.8,3.5)",2026-02
2026-02-11,I2,Sudtirol,Monza,draw,draw,3.04,"[2.8,3.5)","[0.28,0.34)",market_non_favorite,1.0,True,2.04,"league|outcome|odds_bucket=I2|draw|[2.8,3.5)",2026-02
2026-02-11,I2,Avellino,Frosinone,draw,away,3.2,"[2.8,3.5)","[0.28,0.34)",market_non_favorite,1.0,False,-1.0,"league|outcome|odds_bucket=I2|draw|[2.8,3.5)",2026-02
2026-02-14,I2,Sampdoria,Padova,draw,home,3.15,"[2.8,3.5)","[0.28,0.34)",market_non_favorite,1.0,False,-1.0,"league|outcome|odds_bucket=I2|draw|[2.8,3.5)",2026-02
2026-02-14,I2,Cesena,Venezia,draw,away,3.21,"[2.8,3.5)","[0.28,0.34)",market_non_favorite,1.0,False,-1.0,"league|outcome|odds_bucket=I2|draw|[2.8,3.5)",2026-02
2026-02-14,I2,Catanzaro,Mantova,draw,home,3.39,"[2.8,3.5)","[0.20,0.28)",market_non_favorite,1.0,False,-1.0,"league|outcome|odds_bucket=I2|draw|[2.8,3.5)",2026-02
2026-02-15,I2,Bari,Sudtirol,draw,away,3.0,"[2.8,3.5)","[0.28,0.34)",market_non_favorite,1.0,False,-1.0,"league|outcome|odds_bucket=I2|draw|[2.8,3.5)",2026-02
2026-02-15,I2,Empoli,Reggiana,draw,draw,3.19,"[2.8,3.5)","[0.28,0.34)",market_non_favorite,1.0,True,2.19,"league|outcome|odds_bucket=I2|draw|[2.8,3.5)",2026-02
2026-02-15,I2,Spezia,Frosinone,draw,away,3.26,"[2.8,3.5)","[0.28,0.34)",market_non_favorite,1.0,False,-1.0,"league|outcome|odds_bucket=I2|draw|[2.8,3.5)",2026-02
2026-02-15,I2,Avellino,Pescara,draw,away,3.32,"[2.8,3.5)","[0.20,0.28)",market_non_favorite,1.0,False,-1.0,"league|outcome|odds_bucket=I2|draw|[2.8,3.5)",2026-02
2026-02-15,I2,Monza,Juve Stabia,draw,home,3.48,"[2.8,3.5)","[0.20,0.28)",market_non_favorite,1.0,False,-1.0,"league|outcome|odds_bucket=I2|draw|[2.8,3.5)",2026-02
2026-02-21,I2,Mantova,Sampdoria,draw,home,2.93,"[2.8,3.5)","[0.28,0.34)",market_non_favorite,1.0,False,-1.0,"league|outcome|odds_bucket=I2|draw|[2.8,3.5)",2026-02
2026-02-21,I2,Padova,Bari,draw,draw,3.0,"[2.8,3.5)","[0.28,0.34)",market_non_favorite,1.0,True,2.0,"league|outcome|odds_bucket=I2|draw|[2.8,3.5)",2026-02
2026-02-21,I2,Virtus Entella,Catanzaro,draw,away,3.02,"[2.8,3.5)","[0.28,0.34)",market_non_favorite,1.0,False,-1.0,"league|outcome|odds_bucket=I2|draw|[2.8,3.5)",2026-02
2026-02-21,I2,Cesena,Spezia,draw,away,3.17,"[2.8,3.5)","[0.28,0.34)",market_non_favorite,1.0,False,-1.0,"league|outcome|odds_bucket=I2|draw|[2.8,3.5)",2026-02
2026-02-21,I2,Carrarese,Monza,draw,away,3.26,"[2.8,3.5)","[0.28,0.34)",market_non_favorite,1.0,False,-1.0,"league|outcome|odds_bucket=I2|draw|[2.8,3.5)",2026-02
2026-02-21,I2,Palermo,Sudtirol,draw,home,3.49,"[2.8,3.5)","[0.20,0.28)",market_non_favorite,1.0,False,-1.0,"league|outcome|odds_bucket=I2|draw|[2.8,3.5)",2026-02
2026-02-22,I2,Reggiana,Avellino,draw,draw,2.84,"[2.8,3.5)","[0.28,0.34)",market_non_favorite,1.0,True,1.84,"league|outcome|odds_bucket=I2|draw|[2.8,3.5)",2026-02
2026-02-22,I2,Juve Stabia,Modena,draw,away,3.0,"[2.8,3.5)","[0.28,0.34)",market_non_favorite,1.0,False,-1.0,"league|outcome|odds_bucket=I2|draw|[2.8,3.5)",2026-02
2026-02-27,I2,Sampdoria,Bari,draw,away,3.36,"[2.8,3.5)","[0.20,0.28)",market_non_favorite,1.0,False,-1.0,"league|outcome|odds_bucket=I2|draw|[2.8,3.5)",2026-02
2026-02-28,I2,Sudtirol,Venezia,draw,draw,3.13,"[2.8,3.5)","[0.28,0.34)",market_non_favorite,1.0,True,2.13,"league|outcome|odds_bucket=I2|draw|[2.8,3.5)",2026-02
2026-02-28,I2,Empoli,Cesena,draw,draw,3.13,"[2.8,3.5)","[0.28,0.34)",market_non_favorite,1.0,True,2.13,"league|outcome|odds_bucket=I2|draw|[2.8,3.5)",2026-02
2026-02-28,I2,Spezia,Reggiana,draw,away,3.18,"[2.8,3.5)","[0.28,0.34)",market_non_favorite,1.0,False,-1.0,"league|outcome|odds_bucket=I2|draw|[2.8,3.5)",2026-02
2026-03-01,I2,Mantova,Carrarese,draw,draw,3.1,"[2.8,3.5)","[0.28,0.34)",market_non_favorite,1.0,True,2.1,"league|outcome|odds_bucket=I2|draw|[2.8,3.5)",2026-03
2026-03-01,I2,Catanzaro,Frosinone,draw,draw,3.15,"[2.8,3.5)","[0.28,0.34)",market_non_favorite,1.0,True,2.15,"league|outcome|odds_bucket=I2|draw|[2.8,3.5)",2026-03
2026-03-03,I2,Reggiana,Sudtirol,draw,away,2.82,"[2.8,3.5)","[0.28,0.34)",market_non_favorite,1.0,False,-1.0,"league|outcome|odds_bucket=I2|draw|[2.8,3.5)",2026-03
2026-03-03,I2,Padova,Spezia,draw,draw,2.89,"[2.8,3.5)","[0.28,0.34)",market_non_favorite,1.0,True,1.89,"league|outcome|odds_bucket=I2|draw|[2.8,3.5)",2026-03
2026-03-03,I2,Virtus Entella,Modena,draw,home,3.16,"[2.8,3.5)","[0.28,0.34)",market_non_favorite,1.0,False,-1.0,"league|outcome|odds_bucket=I2|draw|[2.8,3.5)",2026-03
2026-03-03,I2,Cesena,Monza,draw,away,3.2,"[2.8,3.5)","[0.28,0.34)",market_non_favorite,1.0,False,-1.0,"league|outcome|odds_bucket=I2|draw|[2.8,3.5)",2026-03
2026-03-04,I2,Juve Stabia,Sampdoria,draw,draw,3.0,"[2.8,3.5)","[0.28,0.34)",market_non_favorite,1.0,True,2.0,"league|outcome|odds_bucket=I2|draw|[2.8,3.5)",2026-03
2026-03-04,I2,Carrarese,Catanzaro,draw,draw,3.02,"[2.8,3.5)","[0.28,0.34)",market_non_favorite,1.0,True,2.02,"league|outcome|odds_bucket=I2|draw|[2.8,3.5)",2026-03
2026-03-04,I2,Bari,Empoli,draw,home,3.19,"[2.8,3.5)","[0.28,0.34)",market_non_favorite,1.0,False,-1.0,"league|outcome|odds_bucket=I2|draw|[2.8,3.5)",2026-03
2026-03-07,I2,Avellino,Padova,draw,home,2.92,"[2.8,3.5)","[0.28,0.34)",market_non_favorite,1.0,False,-1.0,"league|outcome|odds_bucket=I2|draw|[2.8,3.5)",2026-03
2026-03-07,I2,Sudtirol,Virtus Entella,draw,away,2.96,"[2.8,3.5)","[0.28,0.34)",market_non_favorite,1.0,False,-1.0,"league|outcome|odds_bucket=I2|draw|[2.8,3.5)",2026-03
2026-03-07,I2,Spezia,Monza,draw,home,3.2,"[2.8,3.5)","[0.28,0.34)",market_non_favorite,1.0,False,-1.0,"league|outcome|odds_bucket=I2|draw|[2.8,3.5)",2026-03
2026-03-07,I2,Modena,Cesena,draw,draw,3.3,"[2.8,3.5)","[0.20,0.28)",market_non_favorite,1.0,True,2.3,"league|outcome|odds_bucket=I2|draw|[2.8,3.5)",2026-03
2026-03-08,I2,Pescara,Bari,draw,home,3.15,"[2.8,3.5)","[0.28,0.34)",market_non_favorite,1.0,False,-1.0,"league|outcome|odds_bucket=I2|draw|[2.8,3.5)",2026-03
2026-03-08,I2,Catanzaro,Empoli,draw,home,3.17,"[2.8,3.5)","[0.28,0.34)",market_non_favorite,1.0,False,-1.0,"league|outcome|odds_bucket=I2|draw|[2.8,3.5)",2026-03
2026-03-08,I2,Mantova,Juve Stabia,draw,home,3.17,"[2.8,3.5)","[0.28,0.34)",market_non_favorite,1.0,False,-1.0,"league|outcome|odds_bucket=I2|draw|[2.8,3.5)",2026-03
2026-03-08,I2,Carrarese,Palermo,draw,away,3.24,"[2.8,3.5)","[0.28,0.34)",market_non_favorite,1.0,False,-1.0,"league|outcome|odds_bucket=I2|draw|[2.8,3.5)",2026-03
2026-03-13,I2,Modena,Spezia,draw,home,3.48,"[2.8,3.5)","[0.20,0.28)",market_non_favorite,1.0,False,-1.0,"league|outcome|odds_bucket=I2|draw|[2.8,3.5)",2026-03
2026-03-14,I2,Padova,Catanzaro,draw,away,3.06,"[2.8,3.5)","[0.28,0.34)",market_non_favorite,1.0,False,-1.0,"league|outcome|odds_bucket=I2|draw|[2.8,3.5)",2026-03
2026-03-14,I2,Bari,Reggiana,draw,home,3.07,"[2.8,3.5)","[0.28,0.34)",market_non_favorite,1.0,False,-1.0,"league|outcome|odds_bucket=I2|draw|[2.8,3.5)",2026-03
2026-03-14,I2,Juve Stabia,Carrarese,draw,draw,3.08,"[2.8,3.5)","[0.28,0.34)",market_non_favorite,1.0,True,2.08,"league|outcome|odds_bucket=I2|draw|[2.8,3.5)",2026-03
2026-03-14,I2,Sampdoria,Venezia,draw,draw,3.13,"[2.8,3.5)","[0.28,0.34)",market_non_favorite,1.0,True,2.13,"league|outcome|odds_bucket=I2|draw|[2.8,3.5)",2026-03
2026-03-14,I2,Monza,Palermo,draw,home,3.18,"[2.8,3.5)","[0.28,0.34)",market_non_favorite,1.0,False,-1.0,"league|outcome|odds_bucket=I2|draw|[2.8,3.5)",2026-03
2026-03-14,I2,Empoli,Mantova,draw,draw,3.3,"[2.8,3.5)","[0.20,0.28)",market_non_favorite,1.0,True,2.3,"league|outcome|odds_bucket=I2|draw|[2.8,3.5)",2026-03
2026-03-14,I2,Cesena,Frosinone,draw,draw,3.48,"[2.8,3.5)","[0.20,0.28)",market_non_favorite,1.0,True,2.48,"league|outcome|odds_bucket=I2|draw|[2.8,3.5)",2026-03
2026-03-15,I2,Virtus Entella,Avellino,draw,away,2.9,"[2.8,3.5)","[0.28,0.34)",market_non_favorite,1.0,False,-1.0,"league|outcome|odds_bucket=I2|draw|[2.8,3.5)",2026-03
2026-03-15,I2,Sudtirol,Pescara,draw,draw,3.47,"[2.8,3.5)","[0.20,0.28)",market_non_favorite,1.0,True,2.47,"league|outcome|odds_bucket=I2|draw|[2.8,3.5)",2026-03
2026-03-17,I2,Mantova,Cesena,draw,home,3.27,"[2.8,3.5)","[0.28,0.34)",market_non_favorite,1.0,False,-1.0,"league|outcome|odds_bucket=I2|draw|[2.8,3.5)",2026-03
2026-03-17,I2,Reggiana,Monza,draw,draw,3.39,"[2.8,3.5)","[0.20,0.28)",market_non_favorite,1.0,True,2.39,"league|outcome|odds_bucket=I2|draw|[2.8,3.5)",2026-03
2026-03-17,I2,Palermo,Juve Stabia,draw,draw,3.48,"[2.8,3.5)","[0.20,0.28)",market_non_favorite,1.0,True,2.48,"league|outcome|odds_bucket=I2|draw|[2.8,3.5)",2026-03
2026-03-18,I2,Avellino,Sudtirol,draw,home,2.9,"[2.8,3.5)","[0.28,0.34)",market_non_favorite,1.0,False,-1.0,"league|outcome|odds_bucket=I2|draw|[2.8,3.5)",2026-03
2026-03-18,I2,Pescara,Virtus Entella,draw,home,3.31,"[2.8,3.5)","[0.20,0.28)",market_non_favorite,1.0,False,-1.0,"league|outcome|odds_bucket=I2|draw|[2.8,3.5)",2026-03
2026-03-21,I2,Monza,Venezia,draw,draw,3.0,"[2.8,3.5)","[0.28,0.34)",market_non_favorite,1.0,True,2.0,"league|outcome|odds_bucket=I2|draw|[2.8,3.5)",2026-03
2026-03-21,I2,Juve Stabia,Spezia,draw,home,3.04,"[2.8,3.5)","[0.28,0.34)",market_non_favorite,1.0,False,-1.0,"league|outcome|odds_bucket=I2|draw|[2.8,3.5)",2026-03
2026-03-21,I2,Cesena,Catanzaro,draw,home,3.31,"[2.8,3.5)","[0.20,0.28)",market_non_favorite,1.0,False,-1.0,"league|outcome|odds_bucket=I2|draw|[2.8,3.5)",2026-03
2026-03-21,I2,Padova,Palermo,draw,away,3.43,"[2.8,3.5)","[0.20,0.28)",market_non_favorite,1.0,False,-1.0,"league|outcome|odds_bucket=I2|draw|[2.8,3.5)",2026-03
2026-03-22,I2,Bari,Carrarese,draw,away,2.95,"[2.8,3.5)","[0.28,0.34)",market_non_favorite,1.0,False,-1.0,"league|outcome|odds_bucket=I2|draw|[2.8,3.5)",2026-03
2026-03-22,I2,Sampdoria,Avellino,draw,home,3.0,"[2.8,3.5)","[0.28,0.34)",market_non_favorite,1.0,False,-1.0,"league|outcome|odds_bucket=I2|draw|[2.8,3.5)",2026-03
2026-03-22,I2,Virtus Entella,Reggiana,draw,home,3.12,"[2.8,3.5)","[0.28,0.34)",market_non_favorite,1.0,False,-1.0,"league|outcome|odds_bucket=I2|draw|[2.8,3.5)",2026-03
2026-03-22,I2,Sudtirol,Frosinone,draw,away,3.3,"[2.8,3.5)","[0.20,0.28)",market_non_favorite,1.0,False,-1.0,"league|outcome|odds_bucket=I2|draw|[2.8,3.5)",2026-03
2026-04-06,I2,Carrarese,Spezia,draw,home,3.11,"[2.8,3.5)","[0.28,0.34)",market_non_favorite,1.0,False,-1.0,"league|outcome|odds_bucket=I2|draw|[2.8,3.5)",2026-04
2026-04-06,I2,Sampdoria,Empoli,draw,home,3.13,"[2.8,3.5)","[0.28,0.34)",market_non_favorite,1.0,False,-1.0,"league|outcome|odds_bucket=I2|draw|[2.8,3.5)",2026-04
2026-04-06,I2,Cesena,Sudtirol,draw,draw,3.17,"[2.8,3.5)","[0.28,0.34)",market_non_favorite,1.0,True,2.17,"league|outcome|odds_bucket=I2|draw|[2.8,3.5)",2026-04
2026-04-06,I2,Catanzaro,Monza,draw,draw,3.28,"[2.8,3.5)","[0.20,0.28)",market_non_favorite,1.0,True,2.28,"league|outcome|odds_bucket=I2|draw|[2.8,3.5)",2026-04
2026-04-06,I2,Reggiana,Pescara,draw,away,3.27,"[2.8,3.5)","[0.20,0.28)",market_non_favorite,1.0,False,-1.0,"league|outcome|odds_bucket=I2|draw|[2.8,3.5)",2026-04
2026-04-06,I2,Mantova,Virtus Entella,draw,home,3.28,"[2.8,3.5)","[0.20,0.28)",market_non_favorite,1.0,False,-1.0,"league|outcome|odds_bucket=I2|draw|[2.8,3.5)",2026-04
2026-04-06,I2,Bari,Modena,draw,home,3.31,"[2.8,3.5)","[0.20,0.28)",market_non_favorite,1.0,False,-1.0,"league|outcome|odds_bucket=I2|draw|[2.8,3.5)",2026-04
2026-04-10,I2,Frosinone,Palermo,draw,draw,3.31,"[2.8,3.5)","[0.20,0.28)",market_non_favorite,1.0,True,2.31,"league|outcome|odds_bucket=I2|draw|[2.8,3.5)",2026-04
2026-04-11,I2,Sudtirol,Modena,draw,draw,3.06,"[2.8,3.5)","[0.28,0.34)",market_non_favorite,1.0,True,2.06,"league|outcome|odds_bucket=I2|draw|[2.8,3.5)",2026-04
2026-04-11,I2,Avellino,Catanzaro,draw,draw,3.16,"[2.8,3.5)","[0.28,0.34)",market_non_favorite,1.0,True,2.16,"league|outcome|odds_bucket=I2|draw|[2.8,3.5)",2026-04
2026-04-11,I2,Juve Stabia,Cesena,draw,home,3.18,"[2.8,3.5)","[0.28,0.34)",market_non_favorite,1.0,False,-1.0,"league|outcome|odds_bucket=I2|draw|[2.8,3.5)",2026-04
2026-04-11,I2,Pescara,Sampdoria,draw,away,3.21,"[2.8,3.5)","[0.28,0.34)",market_non_favorite,1.0,False,-1.0,"league|outcome|odds_bucket=I2|draw|[2.8,3.5)",2026-04
2026-04-12,I2,Padova,Empoli,draw,home,3.13,"[2.8,3.5)","[0.28,0.34)",market_non_favorite,1.0,False,-1.0,"league|outcome|odds_bucket=I2|draw|[2.8,3.5)",2026-04
2026-04-12,I2,Reggiana,Carrarese,draw,home,3.14,"[2.8,3.5)","[0.28,0.34)",market_non_favorite,1.0,False,-1.0,"league|outcome|odds_bucket=I2|draw|[2.8,3.5)",2026-04
2026-04-12,I2,Spezia,Mantova,draw,away,3.17,"[2.8,3.5)","[0.28,0.34)",market_non_favorite,1.0,False,-1.0,"league|outcome|odds_bucket=I2|draw|[2.8,3.5)",2026-04
2026-04-14,I2,Catanzaro,Modena,draw,draw,3.21,"[2.8,3.5)","[0.28,0.34)",market_non_favorite,1.0,True,2.21,"league|outcome|odds_bucket=I2|draw|[2.8,3.5)",2026-04
2026-04-17,I2,Sampdoria,Monza,draw,away,3.09,"[2.8,3.5)","[0.28,0.34)",market_non_favorite,1.0,False,-1.0,"league|outcome|odds_bucket=I2|draw|[2.8,3.5)",2026-04
2026-04-18,I2,Mantova,Avellino,draw,away,3.16,"[2.8,3.5)","[0.28,0.34)",market_non_favorite,1.0,False,-1.0,"league|outcome|odds_bucket=I2|draw|[2.8,3.5)",2026-04
2026-04-18,I2,Juve Stabia,Catanzaro,draw,draw,3.16,"[2.8,3.5)","[0.28,0.34)",market_non_favorite,1.0,True,2.16,"league|outcome|odds_bucket=I2|draw|[2.8,3.5)",2026-04
2026-04-18,I2,Spezia,Sudtirol,draw,home,3.18,"[2.8,3.5)","[0.28,0.34)",market_non_favorite,1.0,False,-1.0,"league|outcome|odds_bucket=I2|draw|[2.8,3.5)",2026-04
2026-04-18,I2,Modena,Frosinone,draw,away,3.4,"[2.8,3.5)","[0.20,0.28)",market_non_favorite,1.0,False,-1.0,"league|outcome|odds_bucket=I2|draw|[2.8,3.5)",2026-04
2026-04-19,I2,Empoli,Virtus Entella,draw,draw,3.2,"[2.8,3.5)","[0.28,0.34)",market_non_favorite,1.0,True,2.2,"league|outcome|odds_bucket=I2|draw|[2.8,3.5)",2026-04
2026-04-19,I2,Padova,Reggiana,draw,home,3.26,"[2.8,3.5)","[0.28,0.34)",market_non_favorite,1.0,False,-1.0,"league|outcome|odds_bucket=I2|draw|[2.8,3.5)",2026-04
2026-04-19,I2,Carrarese,Pescara,draw,draw,3.39,"[2.8,3.5)","[0.20,0.28)",market_non_favorite,1.0,True,2.39,"league|outcome|odds_bucket=I2|draw|[2.8,3.5)",2026-04
2026-04-24,I2,Avellino,Bari,draw,home,3.31,"[2.8,3.5)","[0.20,0.28)",market_non_favorite,1.0,False,-1.0,"league|outcome|odds_bucket=I2|draw|[2.8,3.5)",2026-04
2026-04-25,I2,Sudtirol,Mantova,draw,away,2.9,"[2.8,3.5)","[0.28,0.34)",market_non_favorite,1.0,False,-1.0,"league|outcome|odds_bucket=I2|draw|[2.8,3.5)",2026-04
2026-04-25,I2,Cesena,Sampdoria,draw,draw,3.09,"[2.8,3.5)","[0.28,0.34)",market_non_favorite,1.0,True,2.09,"league|outcome|odds_bucket=I2|draw|[2.8,3.5)",2026-04
2026-04-25,I2,Virtus Entella,Padova,draw,home,3.22,"[2.8,3.5)","[0.28,0.34)",market_non_favorite,1.0,False,-1.0,"league|outcome|odds_bucket=I2|draw|[2.8,3.5)",2026-04
2026-04-25,I2,Pescara,Juve Stabia,draw,draw,3.33,"[2.8,3.5)","[0.20,0.28)",market_non_favorite,1.0,True,2.33,"league|outcome|odds_bucket=I2|draw|[2.8,3.5)",2026-04
2026-04-25,I2,Catanzaro,Spezia,draw,home,3.34,"[2.8,3.5)","[0.20,0.28)",market_non_favorite,1.0,False,-1.0,"league|outcome|odds_bucket=I2|draw|[2.8,3.5)",2026-04
2026-05-01,I2,Bari,Virtus Entella,draw,home,3.06,"[2.8,3.5)","[0.28,0.34)",market_non_favorite,1.0,False,-1.0,"league|outcome|odds_bucket=I2|draw|[2.8,3.5)",2026-05
2026-05-01,I2,Sampdoria,Sudtirol,draw,home,3.08,"[2.8,3.5)","[0.28,0.34)",market_non_favorite,1.0,False,-1.0,"league|outcome|odds_bucket=I2|draw|[2.8,3.5)",2026-05
2026-05-01,I2,Empoli,Avellino,draw,home,3.15,"[2.8,3.5)","[0.28,0.34)",market_non_favorite,1.0,False,-1.0,"league|outcome|odds_bucket=I2|draw|[2.8,3.5)",2026-05
2026-05-01,I2,Carrarese,Cesena,draw,draw,3.31,"[2.8,3.5)","[0.20,0.28)",market_non_favorite,1.0,True,2.31,"league|outcome|odds_bucket=I2|draw|[2.8,3.5)",2026-05
2026-05-01,I2,Padova,Pescara,draw,home,3.4,"[2.8,3.5)","[0.20,0.28)",market_non_favorite,1.0,False,-1.0,"league|outcome|odds_bucket=I2|draw|[2.8,3.5)",2026-05
2026-05-01,I2,Juve Stabia,Frosinone,draw,away,3.48,"[2.8,3.5)","[0.20,0.28)",market_non_favorite,1.0,False,-1.0,"league|outcome|odds_bucket=I2|draw|[2.8,3.5)",2026-05
2026-05-08,I2,Catanzaro,Bari,draw,away,3.16,"[2.8,3.5)","[0.28,0.34)",market_non_favorite,1.0,False,-1.0,"league|outcome|odds_bucket=I2|draw|[2.8,3.5)",2026-05
2026-05-08,I2,Reggiana,Sampdoria,draw,home,3.19,"[2.8,3.5)","[0.28,0.34)",market_non_favorite,1.0,False,-1.0,"league|outcome|odds_bucket=I2|draw|[2.8,3.5)",2026-05
