date,month,league,home_team,away_team,outcome,actual_result,odds,odds_bucket,market_probability,market_prob_bucket,favorite_relation,odds_source,won,unit_profit,rule_label,league_prior_matches,league_draw_rate,form_points_diff,form_goal_diff_delta,season_points_per_match_delta,season_goal_diff_per_match_delta,rest_days_delta,lambda_total,lambda_diff,bet_date,season,log_odds,is_draw,is_home,league_prior_matches_scaled,abs_form_points_diff,abs_form_goal_diff_delta,abs_season_points_per_match_delta,abs_season_goal_diff_per_match_delta,predicted_probability,predicted_ev
2022-08-13,2022-08,I2,Palermo,Perugia,draw,home,3.18,"[2.8,3.5)",0.2950902771072705,"[0.28,0.34)",market_non_favorite,AVG_OPEN,False,-1.0,AVG_OPEN_train30_n120_ev0p0_top1_ridge10|I2_draw_2p8_3p5,381,0.309711,-1.0,-0.4,-0.526316,-0.210526,-14.0,2.387183,0.197463,2022-08-13,2022-23,1.1568811967920856,1.0,0.0,0.381,1.0,0.4,0.526316,0.210526,0.6764620605452548,1.1511493525339103
2022-08-14,2022-08,I2,Modena,Frosinone,draw,away,3.05,"[2.8,3.5)",0.3072539077232536,"[0.28,0.34)",market_non_favorite,AVG_OPEN,False,-1.0,AVG_OPEN_train30_n120_ev0p0_top1_ridge10|I2_draw_2p8_3p5,384,0.309896,-0.4,0.0,-0.526316,-0.342105,-14.0,2.390605,0.224843,2022-08-14,2022-23,1.1151415906193203,1.0,0.0,0.384,0.4,0.0,0.526316,0.342105,0.6833461189593605,1.0842056628260495
2022-08-15,2022-08,SP1,Ath Bilbao,Mallorca,home,draw,1.6,"[1.0,1.8)",0.597165946307146,"[0.55,1.00]",market_favorite,AVG_OPEN,False,-1.0,AVG_OPEN_train30_n120_ev0p0_top1_ridge10|SP1_home_market_ge_55,387,0.29199,0.0,0.8,0.421053,0.894737,0.0,2.436485,0.591881,2022-08-15,2022-23,0.47000362924573563,0.0,1.0,0.387,0.0,0.8,0.421053,0.894737,0.748357132469381,0.1973714119510095
2022-08-19,2022-08,SP1,Sevilla,Valladolid,home,draw,1.53,"[1.0,1.8)",0.6269889820310978,"[0.55,1.00]",market_favorite,AVG_OPEN,False,-1.0,AVG_OPEN_train30_n120_ev0p0_top1_ridge10|SP1_home_market_ge_55,390,0.292308,-1.2,-1.0,1.794872,3.564103,1.0,2.394004,0.252034,2022-08-19,2022-23,0.4252677354043441,0.0,1.0,0.39,1.2,1.0,1.794872,3.564103,0.8853671974958658,0.35461181216867477
2022-08-20,2022-08,I2,Perugia,Parma,draw,draw,3.17,"[2.8,3.5)",0.29669856617768803,"[0.28,0.34)",market_non_favorite,AVG_OPEN,True,2.17,AVG_OPEN_train30_n120_ev0p0_top1_ridge10|I2_draw_2p8_3p5,391,0.306905,0.8,0.2,0.205128,0.025641,-1.0,2.405524,0.344193,2022-08-20,2022-23,1.1537315878891892,1.0,0.0,0.391,0.8,0.2,0.205128,0.025641,0.35500626692392606,0.1253698661488456
2022-08-21,2022-08,I2,Cagliari,Cittadella,draw,home,3.39,"[2.8,3.5)",0.2767687251340598,"[0.20,0.28)",market_non_favorite,AVG_OPEN,False,-1.0,AVG_OPEN_train30_n120_ev0p0_top1_ridge10|I2_draw_2p8_3p5,394,0.312183,-0.8,-0.6,-0.410256,-0.076923,0.0,2.362252,0.001984,2022-08-21,2022-23,1.220829921392359,1.0,0.0,0.394,0.8,0.6,0.410256,0.076923,0.43971311141769787,0.49062744770599576
2022-08-27,2022-08,I2,Palermo,Ascoli,draw,away,3.2,"[2.8,3.5)",0.29355795236078075,"[0.28,0.34)",market_non_favorite,AVG_OPEN,False,-1.0,AVG_OPEN_train30_n120_ev0p0_top1_ridge10|I2_draw_2p8_3p5,400,0.31,-0.2,0.0,0.275,0.725,1.0,2.3858,0.186402,2022-08-27,2022-23,1.1631508098056809,1.0,0.0,0.4,0.2,0.0,0.275,0.725,0.43049356307520065,0.3775794018406422
2022-08-28,2022-08,I2,Reggina,Sudtirol,draw,home,3.24,"[2.8,3.5)",0.2896764021322922,"[0.28,0.34)",market_non_favorite,AVG_OPEN,False,-1.0,AVG_OPEN_train30_n120_ev0p0_top1_ridge10|I2_draw_2p8_3p5,403,0.307692,0.8,0.5,1.275,1.075,0.0,2.391211,0.229688,2022-08-28,2022-23,1.1755733298042381,1.0,0.0,0.403,0.8,0.5,1.275,1.075,0.4137836481707855,0.34065902007334503
2022-08-29,2022-08,I2,Como,Brescia,draw,away,3.28,"[2.8,3.5)",0.2854000846564359,"[0.28,0.34)",market_non_favorite,AVG_OPEN,False,-1.0,AVG_OPEN_train30_n120_ev0p0_top1_ridge10|I2_draw_2p8_3p5,409,0.305623,-0.4,-0.2,-0.5,-0.6,0.0,2.371508,0.072066,2022-08-29,2022-23,1.1878434223960523,1.0,0.0,0.409,0.4,0.2,0.5,0.6,0.42598075008381,0.39721686027489667
2022-09-02,2022-09,SP1,Celta,Cadiz,home,home,1.67,"[1.0,1.8)",0.5749924953045844,"[0.55,1.00]",market_favorite,AVG_OPEN,True,0.6699999999999999,AVG_OPEN_train30_n120_ev0p0_top1_ridge10|SP1_home_market_ge_55,410,0.285366,0.6,0.6,0.268293,0.512195,3.0,2.420436,0.463491,2022-09-02,2022-23,0.5128236264286637,0.0,1.0,0.41,0.6,0.6,0.268293,0.512195,0.6563955531142258,0.09618057370075705
2022-09-03,2022-09,I2,Reggina,Palermo,draw,home,3.24,"[2.8,3.5)",0.2897150486242228,"[0.28,0.34)",market_non_favorite,AVG_OPEN,False,-1.0,AVG_OPEN_train30_n120_ev0p0_top1_ridge10|I2_draw_2p8_3p5,411,0.304136,-0.133333,-0.533333,-0.01626,-0.650407,-1.0,2.388819,0.210555,2022-09-03,2022-23,1.1755733298042381,1.0,0.0,0.411,0.133333,0.533333,0.01626,0.650407,0.3662194973330593,0.18655117135911214
2022-09-04,2022-09,SP1,Ath Bilbao,Espanol,home,away,1.57,"[1.0,1.8)",0.610684629562772,"[0.55,1.00]",market_favorite,AVG_OPEN,False,-1.0,AVG_OPEN_train30_n120_ev0p0_top1_ridge10|SP1_home_market_ge_55,415,0.286747,1.4,2.0,0.463415,0.707317,-1.0,2.437183,0.597467,2022-09-04,2022-23,0.45107561936021673,0.0,1.0,0.415,1.4,2.0,0.463415,0.707317,0.6450386939106827,0.012710749439771796
2022-09-09,2022-09,I2,Palermo,Genoa,draw,home,3.41,"[2.8,3.5)",0.2748036284581238,"[0.20,0.28)",market_non_favorite,AVG_OPEN,False,-1.0,AVG_OPEN_train30_n120_ev0p0_top1_ridge10|I2_draw_2p8_3p5,420,0.307143,-0.6,-0.7,-1.0,-1.0,0.0,2.42387,0.490961,2022-09-09,2022-23,1.2267122912954254,1.0,0.0,0.42,0.6,0.7,1.0,1.0,0.2975280072502767,0.014570504723443678
2022-09-10,2022-09,SP1,Ath Madrid,Celta,home,home,1.65,"[1.0,1.8)",0.5815545326623578,"[0.55,1.00]",market_favorite,AVG_OPEN,True,0.6499999999999999,AVG_OPEN_train30_n120_ev0p0_top1_ridge10|SP1_home_market_ge_55,421,0.28266,0.6,0.8,0.595238,0.547619,-1.0,2.431272,0.550179,2022-09-10,2022-23,0.5007752879124892,0.0,1.0,0.421,0.6,0.8,0.595238,0.547619,0.7044957628631654,0.16241800872422285
2022-09-17,2022-09,I2,Cagliari,Bari,draw,away,3.49,"[2.8,3.5)",0.268558245098674,"[0.20,0.28)",market_non_favorite,AVG_OPEN,False,-1.0,AVG_OPEN_train30_n120_ev0p0_top1_ridge10|I2_draw_2p8_3p5,431,0.299304,0.2,-0.0,0.2,0.0,0.0,2.368944,0.051553,2022-09-17,2022-23,1.2499017362143359,1.0,0.0,0.431,0.2,0.0,0.2,0.0,0.36401171680706945,0.27040089165667247
2022-09-18,2022-09,SP1,Sociedad,Espanol,home,home,1.73,"[1.0,1.8)",0.5525476334166738,"[0.55,1.00]",market_favorite,AVG_OPEN,True,0.73,AVG_OPEN_train30_n120_ev0p0_top1_ridge10|SP1_home_market_ge_55,435,0.273563,0.6,0.4,0.534884,0.418605,-1.0,2.428541,0.528328,2022-09-18,2022-23,0.5481214085096876,0.0,1.0,0.435,0.6,0.4,0.534884,0.418605,0.709188796432753,0.22689661782866266
2022-09-30,2022-09,I2,Cosenza,Como,draw,home,3.2,"[2.8,3.5)",0.29436541201247085,"[0.28,0.34)",market_non_favorite,AVG_OPEN,False,-1.0,AVG_OPEN_train30_n120_ev0p0_top1_ridge10|I2_draw_2p8_3p5,440,0.3,0.6,0.8,-0.159091,-0.295455,0.0,2.395999,0.267995,2022-09-30,2022-23,1.1631508098056809,1.0,0.0,0.44,0.6,0.8,0.159091,0.295455,0.3232026940774913,0.034248621047972216
2022-10-01,2022-10,I2,Bari,Brescia,draw,home,3.25,"[2.8,3.5)",0.2892219169017097,"[0.28,0.34)",market_non_favorite,AVG_OPEN,False,-1.0,AVG_OPEN_train30_n120_ev0p0_top1_ridge10|I2_draw_2p8_3p5,441,0.29932,-0.2,0.4,0.159091,0.121212,-1.0,2.378823,0.13058,2022-10-01,2022-23,1.1786549963416462,1.0,0.0,0.441,0.2,0.4,0.159091,0.121212,0.3493897294553825,0.13551662072999315
2022-10-03,2022-10,SP1,Vallecano,Elche,home,home,1.73,"[1.0,1.8)",0.5532991204494765,"[0.55,1.00]",market_favorite,AVG_OPEN,True,0.73,AVG_OPEN_train30_n120_ev0p0_top1_ridge10|SP1_home_market_ge_55,449,0.273942,1.0,2.0,0.136364,0.318182,0.0,2.405408,0.343267,2022-10-03,2022-23,0.5481214085096876,0.0,1.0,0.449,1.0,2.0,0.136364,0.318182,0.6452012813775416,0.11619821678314701
2022-10-08,2022-10,I2,Ascoli,Modena,draw,away,3.24,"[2.8,3.5)",0.28981103408983,"[0.28,0.34)",market_non_favorite,AVG_OPEN,False,-1.0,AVG_OPEN_train30_n120_ev0p0_top1_ridge10|I2_draw_2p8_3p5,451,0.297118,-0.2,-0.4,0.787302,0.485714,-1.0,2.420375,0.462998,2022-10-08,2022-23,1.1755733298042381,1.0,0.0,0.451,0.2,0.4,0.787302,0.485714,0.36436893215317423,0.1805553401762845
2022-10-09,2022-10,I2,Como,Perugia,draw,home,3.25,"[2.8,3.5)",0.2885681250540055,"[0.28,0.34)",market_non_favorite,AVG_OPEN,False,-1.0,AVG_OPEN_train30_n120_ev0p0_top1_ridge10|I2_draw_2p8_3p5,458,0.296943,-0.4,-0.4,-0.266667,-0.288889,1.0,2.382163,0.157308,2022-10-09,2022-23,1.1786549963416462,1.0,0.0,0.458,0.4,0.4,0.266667,0.288889,0.31037366718783316,0.00871441836045772
2022-10-15,2022-10,I2,Cittadella,Spal,draw,draw,3.28,"[2.8,3.5)",0.28627595768999636,"[0.28,0.34)",market_non_favorite,AVG_OPEN,True,2.28,AVG_OPEN_train30_n120_ev0p0_top1_ridge10|I2_draw_2p8_3p5,461,0.29718,0.0,-0.4,0.217391,0.195652,0.0,2.409646,0.37717,2022-10-15,2022-23,1.1878434223960523,1.0,0.0,0.461,0.0,0.4,0.217391,0.195652,0.3459787581655676,0.1348103267830616
2022-10-16,2022-10,SP1,Betis,Almeria,home,home,1.58,"[1.0,1.8)",0.6067085932983833,"[0.55,1.00]",market_favorite,AVG_OPEN,True,0.5800000000000001,AVG_OPEN_train30_n120_ev0p0_top1_ridge10|SP1_home_market_ge_55,465,0.27957,0.8,1.0,0.88587,1.211957,-1.0,2.407703,0.361622,2022-10-16,2022-23,0.4574248470388755,0.0,1.0,0.465,0.8,1.0,0.88587,1.211957,0.6765907007461207,0.06901330717887078
2022-10-17,2022-10,SP1,Villarreal,Osasuna,home,home,1.58,"[1.0,1.8)",0.6072753097135644,"[0.55,1.00]",market_favorite,AVG_OPEN,True,0.5800000000000001,AVG_OPEN_train30_n120_ev0p0_top1_ridge10|SP1_home_market_ge_55,469,0.277186,-0.4,0.6,0.23913,1.0,-2.0,2.442321,0.638569,2022-10-17,2022-23,0.4574248470388755,0.0,1.0,0.469,0.4,0.6,0.23913,1.0,0.7041190666831191,0.11250812535932808
2022-10-18,2022-10,SP1,Ath Madrid,Vallecano,home,draw,1.53,"[1.0,1.8)",0.6275917325117087,"[0.55,1.00]",market_favorite,AVG_OPEN,False,-1.0,AVG_OPEN_train30_n120_ev0p0_top1_ridge10|SP1_home_market_ge_55,470,0.276596,1.0,1.4,0.787234,0.914894,-1.0,2.463389,0.807109,2022-10-18,2022-23,0.4252677354043441,0.0,1.0,0.47,1.0,1.4,0.787234,0.914894,0.677079155969648,0.035931108633561415
2022-10-22,2022-10,I2,Sudtirol,Parma,draw,home,3.13,"[2.8,3.5)",0.30000700161860944,"[0.28,0.34)",market_non_favorite,AVG_OPEN,False,-1.0,AVG_OPEN_train30_n120_ev0p0_top1_ridge10|I2_draw_2p8_3p5,470,0.295745,0.2,-0.0,0.172577,-0.434988,-1.0,2.387442,0.199534,2022-10-22,2022-23,1.1410330045520618,1.0,0.0,0.47,0.2,0.0,0.172577,0.434988,0.3510343910948932,0.0987376441270158
2022-10-23,2022-10,SP1,Espanol,Elche,home,draw,1.7,"[1.0,1.8)",0.562879850397382,"[0.55,1.00]",market_favorite,AVG_OPEN,False,-1.0,AVG_OPEN_train30_n120_ev0p0_top1_ridge10|SP1_home_market_ge_55,484,0.27686,0.6,1.2,0.125,0.25,-1.0,2.410337,0.382693,2022-10-23,2022-23,0.5306282510621704,0.0,1.0,0.484,0.6,1.2,0.125,0.25,0.6869573309919427,0.16782746268630255
2022-10-29,2022-10,I2,Cagliari,Reggina,draw,draw,3.19,"[2.8,3.5)",0.29299360490653176,"[0.28,0.34)",market_non_favorite,AVG_OPEN,True,2.19,AVG_OPEN_train30_n120_ev0p0_top1_ridge10|I2_draw_2p8_3p5,481,0.295218,-0.4,-1.2,0.025,0.045833,-2.0,2.372088,0.076701,2022-10-29,2022-23,1.1600209167967532,1.0,0.0,0.481,0.4,1.2,0.025,0.045833,0.34683420818725763,0.10640112411735192
2022-10-30,2022-10,I2,Perugia,Cittadella,draw,away,3.07,"[2.8,3.5)",0.3046489269826786,"[0.28,0.34)",market_non_favorite,AVG_OPEN,False,-1.0,AVG_OPEN_train30_n120_ev0p0_top1_ridge10|I2_draw_2p8_3p5,489,0.298569,0.0,0.2,0.041667,0.041667,1.0,2.400412,0.303299,2022-10-30,2022-23,1.1216775615991057,1.0,0.0,0.489,0.0,0.2,0.041667,0.041667,0.3381004191310811,0.03796828673241892
2022-11-05,2022-11,I2,Cittadella,Modena,draw,draw,3.1,"[2.8,3.5)",0.3033791878050153,"[0.28,0.34)",market_non_favorite,AVG_OPEN,True,2.1,AVG_OPEN_train30_n120_ev0p0_top1_ridge10|I2_draw_2p8_3p5,490,0.297959,-0.6,-0.4,0.25603,0.090909,-1.0,2.407429,0.359429,2022-11-05,2022-23,1.1314021114911006,1.0,0.0,0.49,0.6,0.4,0.25603,0.090909,0.3412011371739053,0.05772352523910662
2022-11-06,2022-11,SP1,Villarreal,Mallorca,home,away,1.61,"[1.0,1.8)",0.594172170471201,"[0.55,1.00]",market_favorite,AVG_OPEN,False,-1.0,AVG_OPEN_train30_n120_ev0p0_top1_ridge10|SP1_home_market_ge_55,505,0.277228,0.2,-0.2,0.5,1.24,-2.0,2.451452,0.711618,2022-11-06,2022-23,0.4762341789963717,0.0,1.0,0.505,0.2,0.2,0.5,1.24,0.7388205514023455,0.1895010877577763
2022-11-12,2022-11,I2,Parma,Cittadella,draw,home,3.14,"[2.8,3.5)",0.29855954123777806,"[0.28,0.34)",market_non_favorite,AVG_OPEN,False,-1.0,AVG_OPEN_train30_n120_ev0p0_top1_ridge10|I2_draw_2p8_3p5,501,0.301397,0.0,-0.2,0.02,0.18,0.0,2.411353,0.390822,2022-11-12,2022-23,1.144222799920162,1.0,0.0,0.501,0.0,0.2,0.02,0.18,0.34256420727126635,0.0756516108317764
2022-11-27,2022-11,I2,Sudtirol,Ascoli,draw,draw,3.05,"[2.8,3.5)",0.30733146079035656,"[0.28,0.34)",market_non_favorite,AVG_OPEN,True,2.05,AVG_OPEN_train30_n120_ev0p0_top1_ridge10|I2_draw_2p8_3p5,512,0.304688,-0.2,-0.4,-0.108597,-0.312217,-1.0,2.387119,0.196949,2022-11-27,2022-23,1.1151415906193203,1.0,0.0,0.512,0.2,0.4,0.108597,0.312217,0.35234374430159354,0.07464842011986028
2022-12-03,2022-12,I2,Cagliari,Parma,draw,draw,3.19,"[2.8,3.5)",0.2940279667546434,"[0.28,0.34)",market_non_favorite,AVG_OPEN,True,2.19,AVG_OPEN_train30_n120_ev0p0_top1_ridge10|I2_draw_2p8_3p5,520,0.309615,-0.4,-0.2,-0.07967,-0.263736,-1.0,2.363434,0.007472,2022-12-03,2022-23,1.1600209167967532,1.0,0.0,0.52,0.4,0.2,0.07967,0.263736,0.39344776484526145,0.255098369856384
2022-12-04,2022-12,I2,Benevento,Palermo,draw,away,3.24,"[2.8,3.5)",0.28912608405603735,"[0.28,0.34)",market_non_favorite,AVG_OPEN,False,-1.0,AVG_OPEN_train30_n120_ev0p0_top1_ridge10|I2_draw_2p8_3p5,522,0.310345,-0.2,-0.2,0.428571,0.760989,0.0,2.416684,0.433476,2022-12-04,2022-23,1.1755733298042381,1.0,0.0,0.522,0.2,0.2,0.428571,0.760989,0.34268433002932797,0.11029722929502261
2022-12-07,2022-12,I2,Ternana,Cagliari,draw,home,3.11,"[2.8,3.5)",0.30130420103619165,"[0.28,0.34)",market_non_favorite,AVG_OPEN,False,-1.0,AVG_OPEN_train30_n120_ev0p0_top1_ridge10|I2_draw_2p8_3p5,530,0.313208,-0.4,-0.6,0.167296,0.028931,0.0,2.427254,0.518033,2022-12-07,2022-23,1.1346227261911428,1.0,0.0,0.53,0.4,0.6,0.167296,0.028931,0.3433677662808516,0.06787375313344834
2022-12-08,2022-12,I2,Reggina,Frosinone,draw,away,2.97,"[2.8,3.5)",0.3150201803818911,"[0.28,0.34)",market_non_favorite,AVG_OPEN,False,-1.0,AVG_OPEN_train30_n120_ev0p0_top1_ridge10|I2_draw_2p8_3p5,531,0.312618,0.0,0.2,-0.245283,-0.528302,0.0,2.380323,0.142585,2022-12-08,2022-23,1.0885619528146082,1.0,0.0,0.531,0.0,0.2,0.245283,0.528302,0.3832437955573914,0.13823407280545252
2022-12-11,2022-12,I2,Frosinone,Pisa,draw,draw,3.35,"[2.8,3.5)",0.2801037421267136,"[0.28,0.34)",market_non_favorite,AVG_OPEN,True,2.35,AVG_OPEN_train30_n120_ev0p0_top1_ridge10|I2_draw_2p8_3p5,540,0.314815,0.0,-0.2,0.074074,0.166667,0.0,2.411269,0.390154,2022-12-11,2022-23,1.208960345836975,1.0,0.0,0.54,0.0,0.2,0.074074,0.166667,0.35197061726507295,0.17910156783799436
2022-12-12,2022-12,I2,Brescia,Parma,draw,away,3.06,"[2.8,3.5)",0.30653869226154773,"[0.28,0.34)",market_non_favorite,AVG_OPEN,False,-1.0,AVG_OPEN_train30_n120_ev0p0_top1_ridge10|I2_draw_2p8_3p5,549,0.31694,0.4,0.2,0.333333,0.185185,0.0,2.408585,0.368679,2022-12-12,2022-23,1.1184149159642893,1.0,0.0,0.549,0.4,0.2,0.333333,0.185185,0.36039918890016687,0.10282151803451067
2022-12-17,2022-12,I2,Reggina,Bari,draw,draw,3.19,"[2.8,3.5)",0.2937804404982544,"[0.28,0.34)",market_non_favorite,AVG_OPEN,True,2.19,AVG_OPEN_train30_n120_ev0p0_top1_ridge10|I2_draw_2p8_3p5,550,0.316364,0.2,-1.0,-0.251337,-0.796791,0.0,2.386027,0.18822,2022-12-17,2022-23,1.1600209167967532,1.0,0.0,0.55,0.2,1.0,0.251337,0.796791,0.3579503804214108,0.14186171354430055
2022-12-18,2022-12,I2,Ternana,Como,draw,away,3.36,"[2.8,3.5)",0.27926780740151214,"[0.20,0.28)",market_non_favorite,AVG_OPEN,False,-1.0,AVG_OPEN_train30_n120_ev0p0_top1_ridge10|I2_draw_2p8_3p5,552,0.317029,0.2,-0.2,0.309091,0.254545,0.0,2.422003,0.476024,2022-12-18,2022-23,1.2119409739751128,1.0,0.0,0.552,0.2,0.2,0.309091,0.254545,0.3409288961245583,0.14552109097851584
2022-12-19,2022-12,I2,Perugia,Venezia,draw,home,3.01,"[2.8,3.5)",0.31037039208869643,"[0.28,0.34)",market_non_favorite,AVG_OPEN,False,-1.0,AVG_OPEN_train30_n120_ev0p0_top1_ridge10|I2_draw_2p8_3p5,559,0.314848,-0.8,-0.6,0.173262,0.180749,0.0,2.423365,0.486918,2022-12-19,2022-23,1.1019400787607843,1.0,0.0,0.559,0.8,0.6,0.173262,0.180749,0.33689086483420155,0.014041503150946655
2022-12-26,2022-12,I2,Ascoli,Reggina,draw,away,2.96,"[2.8,3.5)",0.3166239206813612,"[0.28,0.34)",market_non_favorite,AVG_OPEN,False,-1.0,AVG_OPEN_train30_n120_ev0p0_top1_ridge10|I2_draw_2p8_3p5,560,0.314286,-0.4,0.0,0.160714,0.303571,-1.0,2.410048,0.380385,2022-12-26,2022-23,1.085189268335969,1.0,0.0,0.56,0.4,0.0,0.160714,0.303571,0.3773996669799085,0.11710301426052916
2023-01-06,2023-01,SP1,Valencia,Cadiz,home,away,1.59,"[1.0,1.8)",0.6033609679587721,"[0.55,1.00]",market_favorite,AVG_OPEN,False,-1.0,AVG_OPEN_train30_n120_ev0p0_top1_ridge10|SP1_home_market_ge_55,530,0.281132,-0.2,0.8,0.301887,0.641509,-1.0,2.425466,0.503729,2023-01-06,2022-23,0.4637340162321402,0.0,1.0,0.53,0.2,0.8,0.301887,0.641509,0.7100689066926482,0.12900956164131072
2023-01-09,2023-01,SP1,Ath Bilbao,Osasuna,home,draw,1.68,"[1.0,1.8)",0.5697081982399258,"[0.55,1.00]",market_favorite,AVG_OPEN,False,-1.0,AVG_OPEN_train30_n120_ev0p0_top1_ridge10|SP1_home_market_ge_55,539,0.278293,0.0,-0.2,0.188679,0.584906,2.0,2.428497,0.527974,2023-01-09,2022-23,0.5187937934151675,0.0,1.0,0.539,0.0,0.2,0.188679,0.584906,0.7074450709224311,0.18850771914968423
2023-01-14,2023-01,I2,Perugia,Palermo,draw,draw,3.15,"[2.8,3.5)",0.29870647487227797,"[0.28,0.34)",market_non_favorite,AVG_OPEN,True,2.15,AVG_OPEN_train30_n120_ev0p0_top1_ridge10|I2_draw_2p8_3p5,570,0.312281,-0.2,-0.0,0.087719,0.157895,0.0,2.399058,0.292467,2023-01-14,2022-23,1.1474024528375417,1.0,0.0,0.57,0.2,0.0,0.087719,0.157895,0.37859582983548545,0.1925768639817791
2023-01-15,2023-01,I2,Ternana,Ascoli,draw,home,3.29,"[2.8,3.5)",0.2850302690181375,"[0.28,0.34)",market_non_favorite,AVG_OPEN,False,-1.0,AVG_OPEN_train30_n120_ev0p0_top1_ridge10|I2_draw_2p8_3p5,576,0.310764,-0.2,-1.0,-0.175439,-0.315789,0.0,2.38226,0.15808,2023-01-15,2022-23,1.1908875647772805,1.0,0.0,0.576,0.2,1.0,0.175439,0.315789,0.37550145850727484,0.23539979848893422
2023-01-20,2023-01,I2,Palermo,Bari,draw,home,3.01,"[2.8,3.5)",0.3123993558776168,"[0.28,0.34)",market_non_favorite,AVG_OPEN,False,-1.0,AVG_OPEN_train30_n120_ev0p0_top1_ridge10|I2_draw_2p8_3p5,580,0.310345,-0.6,-1.6,-0.4,-0.9,0.0,2.377464,0.119714,2023-01-20,2022-23,1.1019400787607843,1.0,0.0,0.58,0.6,1.6,0.4,0.9,0.3770329242779796,0.13486910207671854
2023-01-21,2023-01,I2,Venezia,Sudtirol,draw,away,3.2,"[2.8,3.5)",0.29427658603377455,"[0.28,0.34)",market_non_favorite,AVG_OPEN,False,-1.0,AVG_OPEN_train30_n120_ev0p0_top1_ridge10|I2_draw_2p8_3p5,581,0.309811,-0.4,0.2,-0.45,-0.2,-1.0,2.361909,0.00473,2023-01-21,2022-23,1.1631508098056809,1.0,0.0,0.581,0.4,0.2,0.45,0.2,0.3738024850093783,0.19616795203001058
2023-01-22,2023-01,I2,Brescia,Frosinone,draw,away,2.98,"[2.8,3.5)",0.31575651503717145,"[0.28,0.34)",market_non_favorite,AVG_OPEN,False,-1.0,AVG_OPEN_train30_n120_ev0p0_top1_ridge10|I2_draw_2p8_3p5,589,0.310696,-1.6,-2.4,-0.155172,-0.310345,-1.0,2.370904,0.067231,2023-01-22,2022-23,1.091923300517313,1.0,0.0,0.589,1.6,2.4,0.155172,0.310345,0.378424365716008,0.1277046098337038
2023-01-23,2023-01,SP1,Valencia,Almeria,home,draw,1.61,"[1.0,1.8)",0.5935766799948407,"[0.55,1.00]",market_favorite,AVG_OPEN,False,-1.0,AVG_OPEN_train30_n120_ev0p0_top1_ridge10|SP1_home_market_ge_55,557,0.278276,-0.2,0.6,0.181917,0.470588,9.0,2.38348,0.167837,2023-01-23,2022-23,0.4762341789963717,0.0,1.0,0.557,0.2,0.6,0.181917,0.470588,0.6323847795722652,0.01813949511134716
2023-01-28,2023-01,I2,Genoa,Pisa,draw,draw,3.42,"[2.8,3.5)",0.27473843706944795,"[0.20,0.28)",market_non_favorite,AVG_OPEN,True,2.42,AVG_OPEN_train30_n120_ev0p0_top1_ridge10|I2_draw_2p8_3p5,591,0.309645,1.0,0.2,0.213075,0.05569,0.0,2.372923,0.083382,2023-01-28,2022-23,1.2296405510745139,1.0,0.0,0.591,1.0,0.2,0.213075,0.05569,0.38205859527506963,0.3066403958407382
2023-01-29,2023-01,SP1,Real Madrid,Sociedad,home,draw,1.71,"[1.0,1.8)",0.5618379752527043,"[0.55,1.00]",market_favorite,AVG_OPEN,False,-1.0,AVG_OPEN_train30_n120_ev0p0_top1_ridge10|SP1_home_market_ge_55,563,0.277087,-1.2,-1.2,0.523377,1.058766,-1.0,2.436975,0.595801,2023-01-29,2022-23,0.5364933705145685,0.0,1.0,0.563,1.2,1.2,0.523377,1.058766,0.6983600741373533,0.19419572677487418
2023-01-30,2023-01,SP1,Villarreal,Vallecano,home,away,1.7,"[1.0,1.8)",0.5636685151166584,"[0.55,1.00]",market_favorite,AVG_OPEN,False,-1.0,AVG_OPEN_train30_n120_ev0p0_top1_ridge10|SP1_home_market_ge_55,567,0.276896,1.6,1.2,0.392857,0.767857,-1.0,2.442127,0.637016,2023-01-30,2022-23,0.5306282510621704,0.0,1.0,0.567,1.6,1.2,0.392857,0.767857,0.6608213469219504,0.12339628976731554
2023-02-03,2023-02,I2,Modena,Cagliari,draw,home,3.08,"[2.8,3.5)",0.30620289855072463,"[0.28,0.34)",market_non_favorite,AVG_OPEN,False,-1.0,AVG_OPEN_train30_n120_ev0p0_top1_ridge10|I2_draw_2p8_3p5,600,0.308333,-0.6,-0.4,-0.181818,-0.136364,-1.0,2.41462,0.416958,2023-02-03,2022-23,1.1249295969854831,1.0,0.0,0.6,0.6,0.4,0.181818,0.136364,0.34489158244569923,0.06226607393275363
2023-02-04,2023-02,I2,Spal,Bari,draw,away,3.1,"[2.8,3.5)",0.30432739631140404,"[0.28,0.34)",market_non_favorite,AVG_OPEN,False,-1.0,AVG_OPEN_train30_n120_ev0p0_top1_ridge10|I2_draw_2p8_3p5,601,0.30782,0.6,0.0,-0.4,-0.712121,1.0,2.375684,0.105474,2023-02-04,2022-23,1.1314021114911006,1.0,0.0,0.601,0.6,0.0,0.4,0.712121,0.3973353353974789,0.23173953973218464
2023-02-05,2023-02,I2,Palermo,Reggina,draw,home,3.05,"[2.8,3.5)",0.30834431396198986,"[0.28,0.34)",market_non_favorite,AVG_OPEN,False,-1.0,AVG_OPEN_train30_n120_ev0p0_top1_ridge10|I2_draw_2p8_3p5,608,0.305921,0.8,0.6,-0.040909,0.037879,-1.0,2.39904,0.292321,2023-02-05,2022-23,1.1151415906193203,1.0,0.0,0.608,0.8,0.6,0.040909,0.037879,0.36930730034260806,0.12638726604495454
2023-02-11,2023-02,I2,Reggina,Pisa,draw,away,3.12,"[2.8,3.5)",0.3018374739193497,"[0.28,0.34)",market_non_favorite,AVG_OPEN,False,-1.0,AVG_OPEN_train30_n120_ev0p0_top1_ridge10|I2_draw_2p8_3p5,611,0.304419,0.2,0.0,-0.180328,-0.442623,-1.0,2.3822,0.157604,2023-02-11,2022-23,1.1378330018213911,1.0,0.0,0.611,0.2,0.0,0.180328,0.442623,0.41433697877015097,0.29273137376287095
2023-02-18,2023-02,I2,Spal,Como,draw,draw,3.18,"[2.8,3.5)",0.2964659739788898,"[0.28,0.34)",market_non_favorite,AVG_OPEN,True,2.18,AVG_OPEN_train30_n120_ev0p0_top1_ridge10|I2_draw_2p8_3p5,621,0.304348,-0.2,0.2,-0.129032,0.016129,0.0,2.392845,0.242756,2023-02-18,2022-23,1.1568811967920856,1.0,0.0,0.621,0.2,0.2,0.129032,0.016129,0.35477687192964535,0.12819045273627228
2023-02-19,2023-02,I2,Modena,Genoa,draw,draw,3.08,"[2.8,3.5)",0.30526874457203507,"[0.28,0.34)",market_non_favorite,AVG_OPEN,True,2.08,AVG_OPEN_train30_n120_ev0p0_top1_ridge10|I2_draw_2p8_3p5,629,0.306836,-0.2,0.2,-0.375,-0.25,-1.0,2.406741,0.35393,2023-02-19,2022-23,1.1249295969854831,1.0,0.0,0.629,0.2,0.2,0.375,0.25,0.34792302227356997,0.07160290860259555
2023-02-25,2023-02,I2,Venezia,Cagliari,draw,draw,3.22,"[2.8,3.5)",0.29246895294519765,"[0.28,0.34)",market_non_favorite,AVG_OPEN,True,2.22,AVG_OPEN_train30_n120_ev0p0_top1_ridge10|I2_draw_2p8_3p5,632,0.306962,0.0,0.2,-0.32,-0.28,1.0,2.384386,0.175091,2023-02-25,2022-23,1.169381359556317,1.0,0.0,0.632,0.0,0.2,0.32,0.28,0.3467887642625115,0.11665982092528715
2023-02-26,2023-02,SP1,Ath Bilbao,Girona,home,away,1.69,"[1.0,1.8)",0.5660717066058968,"[0.55,1.00]",market_favorite,AVG_OPEN,False,-1.0,AVG_OPEN_train30_n120_ev0p0_top1_ridge10|SP1_home_market_ge_55,605,0.271074,0.0,-0.2,0.222727,0.25,-2.0,2.405048,0.340383,2023-02-26,2022-23,0.5247285289349821,0.0,1.0,0.605,0.0,0.2,0.222727,0.25,0.7377535663924633,0.24680352720326293
2023-02-27,2023-02,SP1,Villarreal,Getafe,home,home,1.68,"[1.0,1.8)",0.5705098759761139,"[0.55,1.00]",market_favorite,AVG_OPEN,True,0.6799999999999999,AVG_OPEN_train30_n120_ev0p0_top1_ridge10|SP1_home_market_ge_55,609,0.269294,-0.4,-0.8,0.483333,0.75,2.0,2.429688,0.537507,2023-02-27,2022-23,0.5187937934151675,0.0,1.0,0.609,0.4,0.8,0.483333,0.75,0.6366330414941843,0.06954350971022971
2023-02-28,2023-02,I2,Cosenza,Reggina,draw,home,3.19,"[2.8,3.5)",0.296079246852433,"[0.28,0.34)",market_non_favorite,AVG_OPEN,False,-1.0,AVG_OPEN_train30_n120_ev0p0_top1_ridge10|I2_draw_2p8_3p5,640,0.307812,0.4,0.0,-0.5,-0.5625,0.0,2.362188,0.0025,2023-02-28,2022-23,1.1600209167967532,1.0,0.0,0.64,0.4,0.0,0.5,0.5625,0.4015859981261114,0.2810593340222953
2023-03-01,2023-03,I2,Cagliari,Genoa,draw,draw,3.08,"[2.8,3.5)",0.3057152547420318,"[0.28,0.34)",market_non_favorite,AVG_OPEN,True,2.08,AVG_OPEN_train30_n120_ev0p0_top1_ridge10|I2_draw_2p8_3p5,643,0.307932,0.0,-0.6,-0.384615,-0.384615,0.0,2.383122,0.164974,2023-03-01,2022-23,1.1249295969854831,1.0,0.0,0.643,0.0,0.6,0.384615,0.384615,0.37614894294730444,0.15853874427769776
2023-03-03,2023-03,SP1,Sociedad,Cadiz,home,draw,1.53,"[1.0,1.8)",0.6273005250100964,"[0.55,1.00]",market_favorite,AVG_OPEN,False,-1.0,AVG_OPEN_train30_n120_ev0p0_top1_ridge10|SP1_home_market_ge_55,610,0.268852,-0.8,-0.2,0.672131,0.737705,0.0,2.442192,0.637536,2023-03-03,2022-23,0.4252677354043441,0.0,1.0,0.61,0.8,0.2,0.672131,0.737705,0.7222853236830461,0.10509654523506051
2023-03-04,2023-03,SP1,Ath Madrid,Sevilla,home,home,1.7,"[1.0,1.8)",0.5627117686921166,"[0.55,1.00]",market_favorite,AVG_OPEN,True,0.7,AVG_OPEN_train30_n120_ev0p0_top1_ridge10|SP1_home_market_ge_55,611,0.270049,0.8,0.4,0.295082,0.327869,1.0,2.431334,0.550671,2023-03-04,2022-23,0.5306282510621704,0.0,1.0,0.611,0.8,0.4,0.295082,0.327869,0.655937758618447,0.11509418965135998
2023-03-05,2023-03,I2,Ternana,Benevento,draw,draw,3.19,"[2.8,3.5)",0.2944264390377505,"[0.28,0.34)",market_non_favorite,AVG_OPEN,True,2.19,AVG_OPEN_train30_n120_ev0p0_top1_ridge10|I2_draw_2p8_3p5,652,0.309816,-0.2,-0.2,-0.015385,-0.384615,1.0,2.398177,0.285419,2023-03-05,2022-23,1.1600209167967532,1.0,0.0,0.652,0.2,0.2,0.015385,0.384615,0.37354948896709683,0.19162286980503884
2023-03-10,2023-03,I2,Cagliari,Ascoli,draw,home,3.08,"[2.8,3.5)",0.30499924023704605,"[0.28,0.34)",market_non_favorite,AVG_OPEN,False,-1.0,AVG_OPEN_train30_n120_ev0p0_top1_ridge10|I2_draw_2p8_3p5,660,0.309091,-0.6,-0.2,-0.137446,-0.049784,0.0,2.379398,0.135184,2023-03-10,2022-23,1.1249295969854831,1.0,0.0,0.66,0.6,0.2,0.137446,0.049784,0.37928951052827364,0.1682116924270829
2023-03-11,2023-03,I2,Cittadella,Palermo,draw,draw,2.97,"[2.8,3.5)",0.315431600783681,"[0.28,0.34)",market_non_favorite,AVG_OPEN,True,1.9700000000000002,AVG_OPEN_train30_n120_ev0p0_top1_ridge10|I2_draw_2p8_3p5,661,0.308623,0.6,-0.0,-0.054113,-0.034632,-1.0,2.388448,0.207588,2023-03-11,2022-23,1.0885619528146082,1.0,0.0,0.661,0.6,0.0,0.054113,0.034632,0.4183535986013293,0.24251018784594813
2023-03-12,2023-03,I2,Cosenza,Spal,draw,home,3.1,"[2.8,3.5)",0.3025142608608374,"[0.28,0.34)",market_non_favorite,AVG_OPEN,False,-1.0,AVG_OPEN_train30_n120_ev0p0_top1_ridge10|I2_draw_2p8_3p5,667,0.313343,0.0,-0.6,-0.136364,-0.469697,-1.0,2.381469,0.151756,2023-03-12,2022-23,1.1314021114911006,1.0,0.0,0.667,0.0,0.6,0.136364,0.469697,0.40174112984974353,0.245397502534205
2023-03-17,2023-03,I2,Palermo,Modena,draw,home,3.13,"[2.8,3.5)",0.3002685128800356,"[0.28,0.34)",market_non_favorite,AVG_OPEN,False,-1.0,AVG_OPEN_train30_n120_ev0p0_top1_ridge10|I2_draw_2p8_3p5,669,0.312407,0.2,0.4,0.034483,-0.103448,0.0,2.404648,0.337186,2023-03-17,2022-23,1.1410330045520618,1.0,0.0,0.669,0.2,0.4,0.034483,0.103448,0.35655601131332776,0.11602031541071578
2023-03-18,2023-03,I2,Cittadella,Perugia,draw,away,2.93,"[2.8,3.5)",0.3207232255459778,"[0.28,0.34)",market_non_favorite,AVG_OPEN,False,-1.0,AVG_OPEN_train30_n120_ev0p0_top1_ridge10|I2_draw_2p8_3p5,670,0.31194,0.8,0.2,-0.034826,-0.165084,-6.0,2.390695,0.225557,2023-03-18,2022-23,1.075002423028976,1.0,0.0,0.67,0.8,0.2,0.034826,0.165084,0.465727232276584,0.3645807905703913
2023-04-01,2023-04,I2,Perugia,Frosinone,draw,draw,3.01,"[2.8,3.5)",0.31264929007642844,"[0.28,0.34)",market_non_favorite,AVG_OPEN,True,2.01,AVG_OPEN_train30_n120_ev0p0_top1_ridge10|I2_draw_2p8_3p5,680,0.307353,0.0,-0.0,-0.406497,-0.528095,0.0,2.366376,0.03101,2023-04-01,2022-23,1.1019400787607843,1.0,0.0,0.68,0.0,0.0,0.406497,0.528095,0.4262341093906855,0.2829646692659633
2023-04-02,2023-04,I2,Modena,Cittadella,draw,draw,3.16,"[2.8,3.5)",0.2968992493586292,"[0.28,0.34)",market_non_favorite,AVG_OPEN,True,2.16,AVG_OPEN_train30_n120_ev0p0_top1_ridge10|I2_draw_2p8_3p5,688,0.30814,-0.4,-0.6,-0.012745,0.065686,1.0,2.407819,0.362551,2023-04-02,2022-23,1.1505720275988207,1.0,0.0,0.688,0.4,0.6,0.012745,0.065686,0.3376600825972809,0.0670058610074078
2023-04-08,2023-04,SP1,Sociedad,Getafe,home,home,1.7,"[1.0,1.8)",0.5640556959303263,"[0.55,1.00]",market_favorite,AVG_OPEN,True,0.7,AVG_OPEN_train30_n120_ev0p0_top1_ridge10|SP1_home_market_ge_55,651,0.274962,-0.6,-0.6,0.630769,0.415385,-1.0,2.429743,0.537943,2023-04-08,2022-23,0.5306282510621704,0.0,1.0,0.651,0.6,0.6,0.630769,0.415385,0.6564996280221379,0.1160493676376344
2023-04-09,2023-04,SP1,Betis,Cadiz,home,away,1.67,"[1.0,1.8)",0.5738474680479458,"[0.55,1.00]",market_favorite,AVG_OPEN,False,-1.0,AVG_OPEN_train30_n120_ev0p0_top1_ridge10|SP1_home_market_ge_55,655,0.273282,0.4,0.4,0.661538,0.984615,-1.0,2.446095,0.668758,2023-04-09,2022-23,0.5128236264286637,0.0,1.0,0.655,0.4,0.4,0.661538,0.984615,0.6815676903930069,0.13821804295632156
2023-04-10,2023-04,I2,Perugia,Modena,draw,away,3.2,"[2.8,3.5)",0.29302919125857396,"[0.28,0.34)",market_non_favorite,AVG_OPEN,False,-1.0,AVG_OPEN_train30_n120_ev0p0_top1_ridge10|I2_draw_2p8_3p5,690,0.308696,0.2,0.6,0.075269,0.122487,-3.0,2.405993,0.347941,2023-04-10,2022-23,1.1631508098056809,1.0,0.0,0.69,0.2,0.6,0.075269,0.122487,0.36169443119104766,0.15742217981135265
2023-04-14,2023-04,I2,Modena,Parma,draw,draw,3.02,"[2.8,3.5)",0.3107707346167865,"[0.28,0.34)",market_non_favorite,AVG_OPEN,True,2.02,AVG_OPEN_train30_n120_ev0p0_top1_ridge10|I2_draw_2p8_3p5,700,0.308571,-0.6,-0.6,-0.058929,-0.159821,0.0,2.388631,0.209048,2023-04-14,2022-23,1.1052568313867783,1.0,0.0,0.7,0.6,0.6,0.058929,0.159821,0.36121132132913647,0.09085819041399223
2023-04-15,2023-04,I2,Venezia,Palermo,draw,home,3.15,"[2.8,3.5)",0.29918710630960343,"[0.28,0.34)",market_non_favorite,AVG_OPEN,False,-1.0,AVG_OPEN_train30_n120_ev0p0_top1_ridge10|I2_draw_2p8_3p5,701,0.309558,0.2,-0.8,-0.21875,-0.25,0.0,2.366873,0.034986,2023-04-15,2022-23,1.1474024528375417,1.0,0.0,0.701,0.2,0.8,0.21875,0.25,0.40672946179421143,0.281197804651766
2023-04-16,2023-04,I2,Ternana,Pisa,draw,home,3.18,"[2.8,3.5)",0.2952966858503671,"[0.28,0.34)",market_non_favorite,AVG_OPEN,False,-1.0,AVG_OPEN_train30_n120_ev0p0_top1_ridge10|I2_draw_2p8_3p5,709,0.313117,0.0,-0.2,-0.271429,-0.514286,0.0,2.366711,0.03369,2023-04-16,2022-23,1.1568811967920856,1.0,0.0,0.709,0.0,0.2,0.271429,0.514286,0.40415699909305425,0.28521925711591267
2023-04-21,2023-04,I2,Reggina,Brescia,draw,away,3.21,"[2.8,3.5)",0.2926645404465062,"[0.28,0.34)",market_non_favorite,AVG_OPEN,False,-1.0,AVG_OPEN_train30_n120_ev0p0_top1_ridge10|I2_draw_2p8_3p5,710,0.312676,0.4,0.2,-0.014085,-0.15493,0.0,2.411284,0.390274,2023-04-21,2022-23,1.1662709371419244,1.0,0.0,0.71,0.4,0.2,0.014085,0.15493,0.36438872423605084,0.16968780479772327
2023-04-22,2023-04,I2,Modena,Spal,draw,draw,3.39,"[2.8,3.5)",0.2770755783208735,"[0.20,0.28)",market_non_favorite,AVG_OPEN,True,2.39,AVG_OPEN_train30_n120_ev0p0_top1_ridge10|I2_draw_2p8_3p5,711,0.312236,0.6,0.0,0.246692,0.209134,1.0,2.418128,0.445025,2023-04-22,2022-23,1.220829921392359,1.0,0.0,0.711,0.6,0.0,0.246692,0.209134,0.35279035105327466,0.1959592900706011
2023-04-23,2023-04,I2,Ternana,Venezia,draw,away,3.22,"[2.8,3.5)",0.2919919284169567,"[0.28,0.34)",market_non_favorite,AVG_OPEN,False,-1.0,AVG_OPEN_train30_n120_ev0p0_top1_ridge10|I2_draw_2p8_3p5,718,0.316156,-0.6,-0.4,0.184379,0.071276,-1.0,2.417223,0.437786,2023-04-23,2022-23,1.169381359556317,1.0,0.0,0.718,0.6,0.4,0.184379,0.071276,0.3282721687358718,0.05703638332950711
2023-04-26,2023-04,SP1,Ath Madrid,Mallorca,home,home,1.42,"[1.0,1.8)",0.6719840034023639,"[0.55,1.00]",market_favorite,AVG_OPEN,True,0.41999999999999993,AVG_OPEN_train30_n120_ev0p0_top1_ridge10|SP1_home_market_ge_55,683,0.2694,0.8,0.6,0.764706,1.117647,0.0,2.461915,0.795317,2023-04-26,2022-23,0.35065687161316933,0.0,1.0,0.683,0.8,0.6,0.764706,1.117647,0.7266671732358537,0.031867385994912345
2023-04-30,2023-04,I2,Spal,Perugia,draw,draw,3.08,"[2.8,3.5)",0.30451127819548873,"[0.28,0.34)",market_non_favorite,AVG_OPEN,True,2.08,AVG_OPEN_train30_n120_ev0p0_top1_ridge10|I2_draw_2p8_3p5,720,0.315278,0.8,1.0,-0.236111,-0.25,0.0,2.386736,0.193889,2023-04-30,2022-23,1.1249295969854831,1.0,0.0,0.72,0.8,1.0,0.236111,0.25,0.32832809773570637,0.011250541025975558
2023-05-01,2023-05,I2,Como,Palermo,draw,draw,3.28,"[2.8,3.5)",0.28585546633724523,"[0.28,0.34)",market_non_favorite,AVG_OPEN,True,2.28,AVG_OPEN_train30_n120_ev0p0_top1_ridge10|I2_draw_2p8_3p5,722,0.315789,0.2,0.0,-0.058007,-0.06781,0.0,2.397979,0.283835,2023-05-01,2022-23,1.1878434223960523,1.0,0.0,0.722,0.2,0.0,0.058007,0.06781,0.4099729378939761,0.34471123629224154
2023-05-02,2023-05,SP1,Almeria,Elche,home,home,1.62,"[1.0,1.8)",0.5934455899258433,"[0.55,1.00]",market_favorite,AVG_OPEN,True,0.6200000000000001,AVG_OPEN_train30_n120_ev0p0_top1_ridge10|SP1_home_market_ge_55,700,0.264286,0.6,0.0,0.202679,0.183036,0.0,2.441292,0.630335,2023-05-02,2022-23,0.4824261492442928,0.0,1.0,0.7,0.6,0.0,0.202679,0.183036,0.7411430400611075,0.2006517248989943
2023-05-04,2023-05,SP1,Ath Bilbao,Betis,home,away,1.7,"[1.0,1.8)",0.5651717733131053,"[0.55,1.00]",market_favorite,AVG_OPEN,False,-1.0,AVG_OPEN_train30_n120_ev0p0_top1_ridge10|SP1_home_market_ge_55,706,0.263456,1.2,1.6,-0.171429,-0.085714,-2.0,2.401763,0.314103,2023-05-04,2022-23,0.5306282510621704,0.0,1.0,0.706,1.2,1.6,0.171429,0.085714,0.6377718585472437,0.08421215953031425
2023-05-05,2023-05,I2,Perugia,Cagliari,draw,away,3.07,"[2.8,3.5)",0.30575315832615924,"[0.28,0.34)",market_non_favorite,AVG_OPEN,False,-1.0,AVG_OPEN_train30_n120_ev0p0_top1_ridge10|I2_draw_2p8_3p5,730,0.317808,-0.8,-1.0,-0.169472,-0.243444,0.0,2.394293,0.254344,2023-05-05,2022-23,1.1216775615991057,1.0,0.0,0.73,0.8,1.0,0.169472,0.243444,0.351990789961811,0.08061172518275961
2023-05-06,2023-05,I2,Ternana,Sudtirol,draw,away,3.31,"[2.8,3.5)",0.28384441258303417,"[0.28,0.34)",market_non_favorite,AVG_OPEN,False,-1.0,AVG_OPEN_train30_n120_ev0p0_top1_ridge10|I2_draw_2p8_3p5,731,0.317373,0.2,-0.4,-0.21409,-0.306067,1.0,2.371078,0.068621,2023-05-06,2022-23,1.1969481893889715,1.0,0.0,0.731,0.2,0.4,0.21409,0.306067,0.40716637542951,0.3477207026716782
2023-05-13,2023-05,I2,Ascoli,Cosenza,draw,draw,3.29,"[2.8,3.5)",0.28495065789473684,"[0.28,0.34)",market_non_favorite,AVG_OPEN,True,2.29,AVG_OPEN_train30_n120_ev0p0_top1_ridge10|I2_draw_2p8_3p5,740,0.316216,0.6,0.0,0.5,0.662162,0.0,2.430228,0.541821,2023-05-13,2022-23,1.1908875647772805,1.0,0.0,0.74,0.6,0.0,0.5,0.662162,0.39759373467921305,0.3080833870946109
2023-05-19,2023-05,I2,Cittadella,Como,draw,draw,3.41,"[2.8,3.5)",0.27591240875912404,"[0.20,0.28)",market_non_favorite,AVG_OPEN,True,2.41,AVG_OPEN_train30_n120_ev0p0_top1_ridge10|I2_draw_2p8_3p5,750,0.316,0.0,-0.0,0.013333,-0.04,0.0,2.390142,0.221139,2023-05-19,2022-23,1.2267122912954254,1.0,0.0,0.75,0.0,0.0,0.013333,0.04,0.3998564382278749,0.36351045435705354
2023-05-20,2023-05,SP1,Ath Bilbao,Celta,home,home,1.67,"[1.0,1.8)",0.5752052567587875,"[0.55,1.00]",market_favorite,AVG_OPEN,True,0.6699999999999999,AVG_OPEN_train30_n120_ev0p0_top1_ridge10|SP1_home_market_ge_55,721,0.259362,0.2,0.0,0.236111,0.305556,1.0,2.418979,0.451834,2023-05-20,2022-23,0.5128236264286637,0.0,1.0,0.721,0.2,0.0,0.236111,0.305556,0.7283794664368219,0.2163937089494925
2023-05-23,2023-05,SP1,Sociedad,Almeria,home,home,1.37,"[1.0,1.8)",0.6991314602416057,"[0.55,1.00]",market_favorite,AVG_OPEN,True,0.3700000000000001,AVG_OPEN_train30_n120_ev0p0_top1_ridge10|SP1_home_market_ge_55,730,0.258904,0.4,0.8,0.62544,0.675147,0.0,2.432518,0.560145,2023-05-23,2022-23,0.3148107398400336,0.0,1.0,0.73,0.4,0.8,0.62544,0.675147,0.765487663250534,0.04871809865323162
2023-05-24,2023-05,SP1,Real Madrid,Vallecano,home,home,1.65,"[1.0,1.8)",0.581652853188326,"[0.55,1.00]",market_favorite,AVG_OPEN,True,0.6499999999999999,AVG_OPEN_train30_n120_ev0p0_top1_ridge10|SP1_home_market_ge_55,733,0.259209,0.0,0.6,0.945205,1.39726,0.0,2.472895,0.883162,2023-05-24,2022-23,0.5007752879124892,0.0,1.0,0.733,0.0,0.6,0.945205,1.39726,0.6661167036553916,0.09909256103139596
2023-06-04,2023-06,SP1,Sociedad,Sevilla,home,home,1.71,"[1.0,1.8)",0.5587521663778162,"[0.55,1.00]",market_favorite,AVG_OPEN,True,0.71,AVG_OPEN_train30_n120_ev0p0_top1_ridge10|SP1_home_market_ge_55,750,0.258667,0.4,0.0,0.146667,0.013333,-1.0,2.418138,0.445106,2023-06-04,2022-23,0.5364933705145685,0.0,1.0,0.75,0.4,0.0,0.146667,0.013333,0.7296108424561085,0.2476345405999456
2023-08-12,2023-08,SP1,Sociedad,Girona,home,draw,1.63,"[1.0,1.8)",0.5873045751356739,"[0.55,1.00]",market_favorite,AVG_OPEN,False,-1.0,AVG_OPEN_train30_n120_ev0p0_top1_ridge10|SP1_home_market_ge_55,762,0.262467,1.6,1.0,0.460526,0.171053,0.0,2.421308,0.470462,2023-08-12,2023-24,0.4885800148186709,0.0,1.0,0.762,1.6,1.0,0.460526,0.171053,0.685810754418138,0.11787152970156489
2023-08-14,2023-08,SP1,Ath Madrid,Granada,home,home,1.3,"[1.0,1.8)",0.7334731359185537,"[0.55,1.00]",market_favorite,AVG_OPEN,True,0.30000000000000004,AVG_OPEN_train30_n120_ev0p0_top1_ridge10|SP1_home_market_ge_55,768,0.264323,-0.6,-0.6,0.947368,1.223684,0.0,2.433645,0.56916,2023-08-14,2023-24,0.26236426446749106,0.0,1.0,0.768,0.6,0.6,0.947368,1.223684,0.8052290607115559,0.04679777892502268
2023-08-18,2023-08,I2,Bari,Palermo,draw,draw,3.07,"[2.8,3.5)",0.30542695419370786,"[0.28,0.34)",market_non_favorite,AVG_OPEN,True,2.07,AVG_OPEN_train30_n120_ev0p0_top1_ridge10|I2_draw_2p8_3p5,760,0.314474,0.4,0.2,0.421053,0.578947,0.0,2.424326,0.494605,2023-08-18,2023-24,1.1216775615991057,1.0,0.0,0.76,0.4,0.2,0.421053,0.578947,0.42606092975107096,0.3080070543357878
2023-08-19,2023-08,I2,Cosenza,Ascoli,draw,home,2.96,"[2.8,3.5)",0.3171599221528757,"[0.28,0.34)",market_non_favorite,AVG_OPEN,False,-1.0,AVG_OPEN_train30_n120_ev0p0_top1_ridge10|I2_draw_2p8_3p5,761,0.315375,-0.4,-0.2,-0.486842,-0.644737,0.0,2.372223,0.077781,2023-08-19,2023-24,1.085189268335969,1.0,0.0,0.761,0.4,0.2,0.486842,0.644737,0.4407043629298944,0.3044849142724875
2023-08-20,2023-08,I2,Sudtirol,Spezia,draw,draw,3.03,"[2.8,3.5)",0.3095075033942496,"[0.28,0.34)",market_non_favorite,AVG_OPEN,True,2.03,AVG_OPEN_train30_n120_ev0p0_top1_ridge10|I2_draw_2p8_3p5,764,0.315445,0.4,1.0,0.526316,0.105263,0.0,2.447169,0.677349,2023-08-20,2023-24,1.1085626195212777,1.0,0.0,0.764,0.4,1.0,0.526316,0.105263,0.3393983527588817,0.028377008859411523
2023-08-25,2023-08,I2,Sampdoria,Pisa,draw,away,3.28,"[2.8,3.5)",0.28732046901362523,"[0.28,0.34)",market_non_favorite,AVG_OPEN,False,-1.0,AVG_OPEN_train30_n120_ev0p0_top1_ridge10|I2_draw_2p8_3p5,768,0.315104,0.8,-0.0,1.5,0.75,-15.0,2.346825,0.125398,2023-08-25,2023-24,1.1878434223960523,1.0,0.0,0.768,0.8,0.0,1.5,0.75,0.5094228651147885,0.6709069975765063
2023-08-26,2023-08,I2,Como,Reggiana,draw,draw,3.28,"[2.8,3.5)",0.2869020327067095,"[0.28,0.34)",market_non_favorite,AVG_OPEN,True,2.28,AVG_OPEN_train30_n120_ev0p0_top1_ridge10|I2_draw_2p8_3p5,769,0.314694,1.0,0.6,1.220779,0.883117,0.0,2.394793,0.25834,2023-08-26,2023-24,1.1878434223960523,1.0,0.0,0.769,1.0,0.6,1.220779,0.883117,0.3831958035309845,0.2568822355816289
2023-08-27,2023-08,I2,Catanzaro,Ternana,draw,home,3.24,"[2.8,3.5)",0.2901763102674803,"[0.28,0.34)",market_non_favorite,AVG_OPEN,False,-1.0,AVG_OPEN_train30_n120_ev0p0_top1_ridge10|I2_draw_2p8_3p5,775,0.314839,1.0,1.2,-0.25974,0.246753,0.0,2.42927,0.534159,2023-08-27,2023-24,1.1755733298042381,1.0,0.0,0.775,1.0,1.2,0.25974,0.246753,0.3320591292040817,0.07587157862122473
2023-08-29,2023-08,I2,Reggiana,Palermo,draw,away,3.2,"[2.8,3.5)",0.29476797124922444,"[0.28,0.34)",market_non_favorite,AVG_OPEN,False,-1.0,AVG_OPEN_train30_n120_ev0p0_top1_ridge10|I2_draw_2p8_3p5,776,0.314433,-0.7,-0.5,-0.782051,-0.474359,-8.0,2.398872,0.290974,2023-08-29,2023-24,1.1631508098056809,1.0,0.0,0.776,0.7,0.5,0.782051,0.474359,0.4523147756104729,0.4474072819535133
2023-08-30,2023-08,I2,Bari,Cittadella,draw,draw,3.08,"[2.8,3.5)",0.30552702529207854,"[0.28,0.34)",market_non_favorite,AVG_OPEN,True,2.08,AVG_OPEN_train30_n120_ev0p0_top1_ridge10|I2_draw_2p8_3p5,780,0.312821,0.0,0.0,0.46859,0.678205,0.0,2.436575,0.592597,2023-08-30,2023-24,1.1249295969854831,1.0,0.0,0.78,0.0,0.0,0.46859,0.678205,0.4339738351367865,0.33663941222130256
2023-09-02,2023-09,I2,Modena,Pisa,draw,home,2.99,"[2.8,3.5)",0.314499131013571,"[0.28,0.34)",market_non_favorite,AVG_OPEN,False,-1.0,AVG_OPEN_train30_n120_ev0p0_top1_ridge10|I2_draw_2p8_3p5,784,0.3125,1.2,0.8,-0.15,-0.35641,0.0,2.389645,0.217158,2023-09-02,2023-24,1.095273387402595,1.0,0.0,0.784,1.2,0.8,0.15,0.35641,0.39024207216114604,0.16682379576182682
2023-09-03,2023-09,SP1,Girona,Las Palmas,home,home,1.68,"[1.0,1.8)",0.5711139445925582,"[0.55,1.00]",market_favorite,AVG_OPEN,True,0.6799999999999999,AVG_OPEN_train30_n120_ev0p0_top1_ridge10|SP1_home_market_ge_55,796,0.26005,0.2,0.0,0.699187,0.504065,-1.0,2.397911,0.283287,2023-09-03,2023-24,0.5187937934151675,0.0,1.0,0.796,0.2,0.0,0.699187,0.504065,0.7260122814426403,0.21970063282363572
2023-09-16,2023-09,I2,Pisa,Bari,draw,draw,3.18,"[2.8,3.5)",0.29575072139998143,"[0.28,0.34)",market_non_favorite,AVG_OPEN,True,2.18,AVG_OPEN_train30_n120_ev0p0_top1_ridge10|I2_draw_2p8_3p5,795,0.313208,-0.4,-0.4,-0.209464,-0.295961,1.0,2.37895,0.131602,2023-09-16,2023-24,1.1568811967920856,1.0,0.0,0.795,0.4,0.4,0.209464,0.295961,0.3756198146667574,0.1944710106402887
2023-09-17,2023-09,I2,Catanzaro,Parma,draw,away,3.25,"[2.8,3.5)",0.28945087968962424,"[0.28,0.34)",market_non_favorite,AVG_OPEN,False,-1.0,AVG_OPEN_train30_n120_ev0p0_top1_ridge10|I2_draw_2p8_3p5,801,0.315855,-0.1,0.05,1.0,1.0125,-1.0,2.384908,0.179263,2023-09-17,2023-24,1.1786549963416462,1.0,0.0,0.801,0.1,0.05,1.0,1.0125,0.4082161451493469,0.3267024717353775
2023-09-18,2023-09,I2,Sampdoria,Cittadella,draw,away,3.22,"[2.8,3.5)",0.2919622035553188,"[0.28,0.34)",market_non_favorite,AVG_OPEN,False,-1.0,AVG_OPEN_train30_n120_ev0p0_top1_ridge10|I2_draw_2p8_3p5,803,0.315068,-0.4,-0.6,-0.25,-0.375,0.0,2.359669,0.022644,2023-09-18,2023-24,1.169381359556317,1.0,0.0,0.803,0.4,0.6,0.25,0.375,0.35897115539386715,0.15588712036825236
2023-09-23,2023-09,I2,Spezia,Reggiana,draw,away,3.43,"[2.8,3.5)",0.2745879860623201,"[0.20,0.28)",market_non_favorite,AVG_OPEN,False,-1.0,AVG_OPEN_train30_n120_ev0p0_top1_ridge10|I2_draw_2p8_3p5,805,0.314286,-0.4,-0.6,-0.35,-0.65,1.0,2.363169,0.005353,2023-09-23,2023-24,1.2325602611778486,1.0,0.0,0.805,0.4,0.6,0.35,0.65,0.3471113133018955,0.19059180462550152
2023-09-24,2023-09,I2,Cittadella,Como,draw,away,3.29,"[2.8,3.5)",0.2861994151495142,"[0.28,0.34)",market_non_favorite,AVG_OPEN,False,-1.0,AVG_OPEN_train30_n120_ev0p0_top1_ridge10|I2_draw_2p8_3p5,811,0.316893,0.0,0.2,0.009105,-0.023611,-1.0,2.393923,0.251387,2023-09-24,2023-24,1.1908875647772805,1.0,0.0,0.811,0.0,0.2,0.009105,0.023611,0.386753951551572,0.2724205006046718
2023-09-26,2023-09,I2,Cosenza,Cremonese,draw,away,3.13,"[2.8,3.5)",0.30079359619268076,"[0.28,0.34)",market_non_favorite,AVG_OPEN,False,-1.0,AVG_OPEN_train30_n120_ev0p0_top1_ridge10|I2_draw_2p8_3p5,814,0.318182,-0.2,-0.2,-0.715078,-0.945676,1.0,2.394804,0.258432,2023-09-26,2023-24,1.1410330045520618,1.0,0.0,0.814,0.2,0.2,0.715078,0.945676,0.4123918315905128,0.29078643287830497
2023-09-27,2023-09,I2,Catanzaro,Cittadella,draw,draw,3.15,"[2.8,3.5)",0.29856416559584337,"[0.28,0.34)",market_non_favorite,AVG_OPEN,True,2.15,AVG_OPEN_train30_n120_ev0p0_top1_ridge10|I2_draw_2p8_3p5,821,0.319123,1.0,0.8,0.577236,0.146341,0.0,2.417134,0.437069,2023-09-27,2023-24,1.1474024528375417,1.0,0.0,0.821,1.0,0.8,0.577236,0.146341,0.3522207917770335,0.10949549409765558
2023-09-28,2023-09,SP1,Celta,Alaves,home,draw,1.71,"[1.0,1.8)",0.5604285630187791,"[0.55,1.00]",market_favorite,AVG_OPEN,False,-1.0,AVG_OPEN_train30_n120_ev0p0_top1_ridge10|SP1_home_market_ge_55,826,0.260291,-0.4,0.2,0.293237,0.692905,-1.0,2.390519,0.224149,2023-09-28,2023-24,0.5364933705145685,0.0,1.0,0.826,0.4,0.2,0.293237,0.692905,0.6853239404821002,0.17190393822439143
2023-09-29,2023-09,SP1,Barcelona,Sevilla,home,home,1.38,"[1.0,1.8)",0.6982331596484116,"[0.55,1.00]",market_favorite,AVG_OPEN,True,0.3799999999999999,AVG_OPEN_train30_n120_ev0p0_top1_ridge10|SP1_home_market_ge_55,829,0.261761,1.2,1.0,0.607993,0.864825,0.0,2.459083,0.772666,2023-09-29,2023-24,0.3220834991691132,0.0,1.0,0.829,1.2,1.0,0.607993,0.864825,0.7620421461482161,0.051618161684538144
2023-09-30,2023-09,I2,Pisa,Cosenza,draw,away,3.48,"[2.8,3.5)",0.27022596245799063,"[0.20,0.28)",market_non_favorite,AVG_OPEN,False,-1.0,AVG_OPEN_train30_n120_ev0p0_top1_ridge10|I2_draw_2p8_3p5,824,0.319175,0.2,-0.0,0.487805,0.773876,0.0,2.432772,0.562175,2023-09-30,2023-24,1.247032293786383,1.0,0.0,0.824,0.2,0.0,0.487805,0.773876,0.3937341310430612,0.37019477602985296
2023-10-01,2023-10,I2,Sampdoria,Catanzaro,draw,away,3.38,"[2.8,3.5)",0.2783113562606614,"[0.20,0.28)",market_non_favorite,AVG_OPEN,False,-1.0,AVG_OPEN_train30_n120_ev0p0_top1_ridge10|I2_draw_2p8_3p5,829,0.318456,-1.2,-0.4,-1.0,-0.571429,0.0,2.345943,0.132455,2023-10-01,2023-24,1.2178757094949273,1.0,0.0,0.829,1.2,0.4,1.0,0.571429,0.30443270270341466,0.028982535137541454
2023-10-06,2023-10,I2,Brescia,FeralpiSalo,draw,draw,3.22,"[2.8,3.5)",0.292310165061706,"[0.28,0.34)",market_non_favorite,AVG_OPEN,True,2.22,AVG_OPEN_train30_n120_ev0p0_top1_ridge10|I2_draw_2p8_3p5,834,0.317746,1.0,1.4,0.919753,1.399691,0.0,2.406681,0.35345,2023-10-06,2023-24,1.169381359556317,1.0,0.0,0.834,1.0,1.4,0.919753,1.399691,0.32105078274678045,0.033783520444633064
2023-10-07,2023-10,I2,Cittadella,Ternana,draw,draw,3.22,"[2.8,3.5)",0.292144658852194,"[0.28,0.34)",market_non_favorite,AVG_OPEN,True,2.22,AVG_OPEN_train30_n120_ev0p0_top1_ridge10|I2_draw_2p8_3p5,835,0.318563,0.6,-0.2,0.059524,0.119048,-1.0,2.417735,0.441879,2023-10-07,2023-24,1.169381359556317,1.0,0.0,0.835,0.6,0.2,0.059524,0.119048,0.4233102517654054,0.36305901068460544
2023-10-08,2023-10,I2,Spezia,Pisa,draw,draw,3.31,"[2.8,3.5)",0.2840029494092445,"[0.28,0.34)",market_non_favorite,AVG_OPEN,True,2.31,AVG_OPEN_train30_n120_ev0p0_top1_ridge10|I2_draw_2p8_3p5,842,0.319477,-0.2,0.0,-0.755594,-0.931153,0.0,2.358503,0.031977,2023-10-08,2023-24,1.1969481893889715,1.0,0.0,0.842,0.2,0.0,0.755594,0.931153,0.4002446300532477,0.32480972547624987
2023-10-20,2023-10,SP1,Osasuna,Granada,home,home,1.73,"[1.0,1.8)",0.5553051577066296,"[0.55,1.00]",market_favorite,AVG_OPEN,True,0.73,AVG_OPEN_train30_n120_ev0p0_top1_ridge10|SP1_home_market_ge_55,849,0.265018,0.2,-0.4,0.357947,0.249562,1.0,2.388144,0.205153,2023-10-20,2023-24,0.5481214085096876,0.0,1.0,0.849,0.2,0.4,0.357947,0.249562,0.688229243627639,0.19063659147581546
2023-10-21,2023-10,I2,Pisa,Cittadella,draw,home,3.1,"[2.8,3.5)",0.30233786281559116,"[0.28,0.34)",market_non_favorite,AVG_OPEN,False,-1.0,AVG_OPEN_train30_n120_ev0p0_top1_ridge10|I2_draw_2p8_3p5,845,0.319527,-0.4,0.2,0.193697,0.343697,-1.0,2.413292,0.406337,2023-10-21,2023-24,1.1314021114911006,1.0,0.0,0.845,0.4,0.2,0.193697,0.343697,0.41510203706429905,0.286816314899327
2023-10-22,2023-10,SP1,Barcelona,Ath Bilbao,home,home,1.67,"[1.0,1.8)",0.5767514864303955,"[0.55,1.00]",market_favorite,AVG_OPEN,True,0.6699999999999999,AVG_OPEN_train30_n120_ev0p0_top1_ridge10|SP1_home_market_ge_55,854,0.265808,0.2,0.4,0.694118,0.858824,-2.0,2.452214,0.71771,2023-10-22,2023-24,0.5128236264286637,0.0,1.0,0.854,0.2,0.4,0.694118,0.858824,0.7334235680184712,0.22481735859084684
2023-10-23,2023-10,I2,Palermo,Spezia,draw,draw,3.34,"[2.8,3.5)",0.2802542030882071,"[0.28,0.34)",market_non_favorite,AVG_OPEN,True,2.34,AVG_OPEN_train30_n120_ev0p0_top1_ridge10|I2_draw_2p8_3p5,853,0.317702,1.4,1.2,0.728261,0.820652,1.0,2.458346,0.766767,2023-10-23,2023-24,1.205970806988609,1.0,0.0,0.853,1.4,1.2,0.728261,0.820652,0.32816998778830225,0.09608775921292945
2023-10-24,2023-10,I2,Brescia,Modena,draw,away,3.05,"[2.8,3.5)",0.30869491081342976,"[0.28,0.34)",market_non_favorite,AVG_OPEN,False,-1.0,AVG_OPEN_train30_n120_ev0p0_top1_ridge10|I2_draw_2p8_3p5,854,0.318501,0.8,1.0,0.135863,0.163804,0.0,2.400438,0.303503,2023-10-24,2023-24,1.1151415906193203,1.0,0.0,0.854,0.8,1.0,0.135863,0.163804,0.3594737784004061,0.09639502412123857
2023-10-27,2023-10,I2,Cittadella,Cremonese,draw,away,3.25,"[2.8,3.5)",0.2898108163273474,"[0.28,0.34)",market_non_favorite,AVG_OPEN,False,-1.0,AVG_OPEN_train30_n120_ev0p0_top1_ridge10|I2_draw_2p8_3p5,856,0.317757,-0.4,-0.8,-0.452519,-0.535368,0.0,2.40121,0.309679,2023-10-27,2023-24,1.1786549963416462,1.0,0.0,0.856,0.4,0.8,0.452519,0.535368,0.3756783085457156,0.22095450277357576
2023-10-28,2023-10,I2,Sudtirol,Sampdoria,draw,home,3.22,"[2.8,3.5)",0.29266061095632967,"[0.28,0.34)",market_non_favorite,AVG_OPEN,False,-1.0,AVG_OPEN_train30_n120_ev0p0_top1_ridge10|I2_draw_2p8_3p5,857,0.317386,0.0,-0.2,0.610638,0.448936,1.0,2.459317,0.774534,2023-10-28,2023-24,1.169381359556317,1.0,0.0,0.857,0.0,0.2,0.610638,0.448936,0.42426295652102786,0.36612671999770985
2023-10-29,2023-10,I2,Brescia,Bari,draw,away,3.04,"[2.8,3.5)",0.3095880838390603,"[0.28,0.34)",market_non_favorite,AVG_OPEN,False,-1.0,AVG_OPEN_train30_n120_ev0p0_top1_ridge10|I2_draw_2p8_3p5,862,0.316705,0.4,0.2,-0.166667,-0.41369,-3.0,2.370543,0.064346,2023-10-29,2023-24,1.1118575154181303,1.0,0.0,0.862,0.4,0.2,0.166667,0.41369,0.4489527484162396,0.3648163551853685
2023-11-04,2023-11,I2,Bari,Ascoli,draw,home,3.18,"[2.8,3.5)",0.2962800395040053,"[0.28,0.34)",market_non_favorite,AVG_OPEN,False,-1.0,AVG_OPEN_train30_n120_ev0p0_top1_ridge10|I2_draw_2p8_3p5,866,0.315242,-0.4,-0.4,0.186958,0.437485,-1.0,2.42857,0.528557,2023-11-04,2023-24,1.1568811967920856,1.0,0.0,0.866,0.4,0.4,0.186958,0.437485,0.4104516181499961,0.30523614571698765
2023-11-05,2023-11,I2,Cremonese,Spezia,draw,home,3.38,"[2.8,3.5)",0.27834659042130294,"[0.20,0.28)",market_non_favorite,AVG_OPEN,False,-1.0,AVG_OPEN_train30_n120_ev0p0_top1_ridge10|I2_draw_2p8_3p5,873,0.315006,0.4,0.2,0.934694,0.908163,1.0,2.426044,0.508355,2023-11-05,2023-24,1.2178757094949273,1.0,0.0,0.873,0.4,0.2,0.934694,0.908163,0.39801321287894925,0.3452846595308485
2023-11-08,2023-11,I2,Lecco,Spezia,draw,draw,3.43,"[2.8,3.5)",0.27331334730586576,"[0.20,0.28)",market_non_favorite,AVG_OPEN,True,2.43,AVG_OPEN_train30_n120_ev0p0_top1_ridge10|I2_draw_2p8_3p5,876,0.315068,0.2,-0.2,0.072727,-0.072727,0.0,2.428222,0.525773,2023-11-08,2023-24,1.2325602611778486,1.0,0.0,0.876,0.2,0.2,0.072727,0.072727,0.39137758836253245,0.34242512808348646
2023-11-10,2023-11,I2,Venezia,Catanzaro,draw,home,3.36,"[2.8,3.5)",0.2798607815219111,"[0.20,0.28)",market_non_favorite,AVG_OPEN,False,-1.0,AVG_OPEN_train30_n120_ev0p0_top1_ridge10|I2_draw_2p8_3p5,878,0.31549,0.6,0.2,-0.29,-0.09,0.0,2.397448,0.279586,2023-11-10,2023-24,1.2119409739751128,1.0,0.0,0.878,0.6,0.2,0.29,0.09,0.38360424140842636,0.2889102511323125
2023-11-11,2023-11,I2,Modena,Sampdoria,draw,away,3.17,"[2.8,3.5)",0.2977038190604828,"[0.28,0.34)",market_non_favorite,AVG_OPEN,False,-1.0,AVG_OPEN_train30_n120_ev0p0_top1_ridge10|I2_draw_2p8_3p5,879,0.315131,0.6,0.2,0.4,0.273333,0.0,2.445814,0.666511,2023-11-11,2023-24,1.1537315878891892,1.0,0.0,0.879,0.6,0.2,0.4,0.273333,0.4411472230658781,0.39843669711883356
2023-11-12,2023-11,SP1,Barcelona,Alaves,home,home,1.25,"[1.0,1.8)",0.7679237947517533,"[0.55,1.00]",market_favorite,AVG_OPEN,True,0.25,AVG_OPEN_train30_n120_ev0p0_top1_ridge10|SP1_home_market_ge_55,885,0.266667,1.0,0.8,1.276364,1.845455,1.0,2.476952,0.915614,2023-11-12,2023-24,0.22314355131420976,0.0,1.0,0.885,1.0,0.8,1.276364,1.845455,0.8981319306327574,0.12266491329094675
2023-11-24,2023-11,SP1,Alaves,Granada,home,home,1.74,"[1.0,1.8)",0.5525487396728065,"[0.55,1.00]",market_favorite,AVG_OPEN,True,0.74,AVG_OPEN_train30_n120_ev0p0_top1_ridge10|SP1_home_market_ge_55,888,0.266892,0.6,0.6,-0.039216,-0.235294,-1.0,2.394687,0.257492,2023-11-24,2023-24,0.5538851132264376,0.0,1.0,0.888,0.6,0.6,0.039216,0.235294,0.6570953570323129,0.14334592123622447
2023-11-25,2023-11,I2,Bari,Venezia,draw,away,3.09,"[2.8,3.5)",0.30374970324741046,"[0.28,0.34)",market_non_favorite,AVG_OPEN,False,-1.0,AVG_OPEN_train30_n120_ev0p0_top1_ridge10|I2_draw_2p8_3p5,889,0.313836,-0.6,-0.2,0.137255,0.27451,-1.0,2.417526,0.440208,2023-11-25,2023-24,1.128171090909654,1.0,0.0,0.889,0.6,0.2,0.137255,0.27451,0.4204726941240294,0.2992606248432508
2023-11-26,2023-11,I2,Catanzaro,Cosenza,draw,home,3.44,"[2.8,3.5)",0.27270361696591205,"[0.20,0.28)",market_non_favorite,AVG_OPEN,False,-1.0,AVG_OPEN_train30_n120_ev0p0_top1_ridge10|I2_draw_2p8_3p5,896,0.314732,-0.4,-0.4,0.559205,0.61452,1.0,2.421936,0.475491,2023-11-26,2023-24,1.235471471385307,1.0,0.0,0.896,0.4,0.4,0.559205,0.61452,0.3631518985561318,0.24924253103309324
2023-11-28,2023-11,I2,Sudtirol,Brescia,draw,draw,2.94,"[2.8,3.5)",0.3203323765411964,"[0.28,0.34)",market_non_favorite,AVG_OPEN,True,1.94,AVG_OPEN_train30_n120_ev0p0_top1_ridge10|I2_draw_2p8_3p5,898,0.315145,1.0,1.0,0.102666,0.142983,0.0,2.426323,0.510587,2023-11-28,2023-24,1.0784095813505903,1.0,0.0,0.898,1.0,1.0,0.102666,0.142983,0.39666332410657906,0.16619017287334237
2023-12-01,2023-12,I2,Palermo,Catanzaro,draw,away,3.47,"[2.8,3.5)",0.27196336333138077,"[0.20,0.28)",market_non_favorite,AVG_OPEN,False,-1.0,AVG_OPEN_train30_n120_ev0p0_top1_ridge10|I2_draw_2p8_3p5,900,0.316667,-0.4,-0.8,-0.31044,-0.151099,0.0,2.403145,0.325161,2023-12-01,2023-24,1.244154593958768,1.0,0.0,0.9,0.4,0.8,0.31044,0.151099,0.3280199755000417,0.1382293149851448
2023-12-02,2023-12,I2,Cosenza,Ternana,draw,away,3.32,"[2.8,3.5)",0.2830457876167952,"[0.28,0.34)",market_non_favorite,AVG_OPEN,False,-1.0,AVG_OPEN_train30_n120_ev0p0_top1_ridge10|I2_draw_2p8_3p5,901,0.316315,0.6,0.2,-0.122222,-0.211111,0.0,2.41145,0.391599,2023-12-02,2023-24,1.199964782928397,1.0,0.0,0.901,0.6,0.2,0.122222,0.211111,0.41450912158199804,0.3761702836522334
2023-12-03,2023-12,I2,Lecco,Bari,draw,home,3.24,"[2.8,3.5)",0.2904694005123407,"[0.28,0.34)",market_non_favorite,AVG_OPEN,False,-1.0,AVG_OPEN_train30_n120_ev0p0_top1_ridge10|I2_draw_2p8_3p5,907,0.315325,-0.4,0.2,-0.667582,-0.956044,-3.0,2.373388,0.087106,2023-12-03,2023-24,1.1755733298042381,1.0,0.0,0.907,0.4,0.2,0.667582,0.956044,0.4129037393143185,0.33780811537839206
2023-12-04,2023-12,SP1,Celta,Cadiz,home,draw,1.6,"[1.0,1.8)",0.5982599404716477,"[0.55,1.00]",market_favorite,AVG_OPEN,False,-1.0,AVG_OPEN_train30_n120_ev0p0_top1_ridge10|SP1_home_market_ge_55,908,0.269824,0.0,0.2,0.055556,0.322222,4.0,2.401694,0.31355,2023-12-04,2023-24,0.47000362924573563,0.0,1.0,0.908,0.0,0.2,0.055556,0.322222,0.7046310433508786,0.12740966936140574
2023-12-09,2023-12,I2,Bari,Sudtirol,draw,home,3.15,"[2.8,3.5)",0.29916138969707345,"[0.28,0.34)",market_non_favorite,AVG_OPEN,False,-1.0,AVG_OPEN_train30_n120_ev0p0_top1_ridge10|I2_draw_2p8_3p5,910,0.314286,1.2,0.6,0.150943,0.283019,0.0,2.411859,0.394874,2023-12-09,2023-24,1.1474024528375417,1.0,0.0,0.91,1.2,0.6,0.150943,0.283019,0.4223851364973914,0.33051317996678287
2023-12-10,2023-12,I2,Como,Modena,draw,home,3.19,"[2.8,3.5)",0.29466190511348844,"[0.28,0.34)",market_non_favorite,AVG_OPEN,False,-1.0,AVG_OPEN_train30_n120_ev0p0_top1_ridge10|I2_draw_2p8_3p5,917,0.311887,0.2,0.4,-0.055567,0.053494,-1.0,2.410759,0.386071,2023-12-10,2023-24,1.1600209167967532,1.0,0.0,0.917,0.2,0.4,0.055567,0.053494,0.3923738357958855,0.25167253618887453
2023-12-15,2023-12,I2,Spezia,Bari,draw,home,3.05,"[2.8,3.5)",0.3085104369712912,"[0.28,0.34)",market_non_favorite,AVG_OPEN,False,-1.0,AVG_OPEN_train30_n120_ev0p0_top1_ridge10|I2_draw_2p8_3p5,920,0.313043,-0.4,0.2,-0.780093,-0.93287,0.0,2.34589,0.13288,2023-12-15,2023-24,1.1151415906193203,1.0,0.0,0.92,0.4,0.2,0.780093,0.93287,0.3722173019884643,0.135262771064816
2023-12-16,2023-12,I2,Palermo,Pisa,draw,home,3.39,"[2.8,3.5)",0.27800153067761924,"[0.20,0.28)",market_non_favorite,AVG_OPEN,False,-1.0,AVG_OPEN_train30_n120_ev0p0_top1_ridge10|I2_draw_2p8_3p5,921,0.312704,-0.2,0.0,-0.064412,-0.062802,-1.0,2.410096,0.380768,2023-12-16,2023-24,1.220829921392359,1.0,0.0,0.921,0.2,0.0,0.064412,0.062802,0.3970222922443115,0.34590557070821615
2023-12-17,2023-12,I2,Lecco,Ternana,draw,away,3.27,"[2.8,3.5)",0.28808024259388854,"[0.28,0.34)",market_non_favorite,AVG_OPEN,False,-1.0,AVG_OPEN_train30_n120_ev0p0_top1_ridge10|I2_draw_2p8_3p5,929,0.312164,-0.2,-0.6,-0.206522,-0.334239,0.0,2.412689,0.401509,2023-12-17,2023-24,1.184789984909162,1.0,0.0,0.929,0.2,0.6,0.206522,0.334239,0.38531225770365923,0.2599710826909658
2023-12-18,2023-12,SP1,Girona,Alaves,home,home,1.55,"[1.0,1.8)",0.616914823075532,"[0.55,1.00]",market_favorite,AVG_OPEN,True,0.55,AVG_OPEN_train30_n120_ev0p0_top1_ridge10|SP1_home_market_ge_55,928,0.273707,1.2,1.0,0.796296,1.12963,-1.0,2.450562,0.704496,2023-12-18,2023-24,0.4382549309311553,0.0,1.0,0.928,1.2,1.0,0.796296,1.12963,0.7614551188028605,0.1802554341444338
2023-12-19,2023-12,SP1,Ath Madrid,Getafe,home,draw,1.46,"[1.0,1.8)",0.6591049495224683,"[0.55,1.00]",market_favorite,AVG_OPEN,False,-1.0,AVG_OPEN_train30_n120_ev0p0_top1_ridge10|SP1_home_market_ge_55,929,0.273412,-0.2,-0.4,0.838476,1.008766,0.0,2.457604,0.760831,2023-12-19,2023-24,0.37843643572024505,0.0,1.0,0.929,0.2,0.4,0.838476,1.008766,0.8023712305884136,0.1714619966590838
2023-12-20,2023-12,SP1,Barcelona,Almeria,home,home,1.14,"[1.0,1.8)",0.8423548240940403,"[0.55,1.00]",market_favorite,AVG_OPEN,True,0.1399999999999999,AVG_OPEN_train30_n120_ev0p0_top1_ridge10|SP1_home_market_ge_55,932,0.273605,1.2,0.8,1.271163,1.680156,1.0,2.494927,1.059413,2023-12-20,2023-24,0.131028262406404,0.0,1.0,0.932,1.2,0.8,1.271163,1.680156,0.9572276938478125,0.09123957098650615
2023-12-23,2023-12,I2,Bari,Cosenza,draw,draw,3.1,"[2.8,3.5)",0.3030076708833186,"[0.28,0.34)",market_non_favorite,AVG_OPEN,True,2.1,AVG_OPEN_train30_n120_ev0p0_top1_ridge10|I2_draw_2p8_3p5,930,0.311828,0.0,-0.0,0.542131,0.850831,1.0,2.439981,0.619851,2023-12-23,2023-24,1.1314021114911006,1.0,0.0,0.93,0.0,0.0,0.542131,0.850831,0.44527483313428123,0.3803519827162718
2023-12-26,2023-12,I2,Lecco,Sudtirol,draw,home,3.08,"[2.8,3.5)",0.30531663106852164,"[0.28,0.34)",market_non_favorite,AVG_OPEN,False,-1.0,AVG_OPEN_train30_n120_ev0p0_top1_ridge10|I2_draw_2p8_3p5,940,0.311702,0.2,0.0,-0.448413,-0.609127,0.0,2.385726,0.185806,2023-12-26,2023-24,1.1249295969854831,1.0,0.0,0.94,0.2,0.0,0.448413,0.609127,0.44529240670429127,0.3715006126492171
2024-01-02,2024-01,SP1,Sociedad,Alaves,home,draw,1.59,"[1.0,1.8)",0.6046382387517366,"[0.55,1.00]",market_favorite,AVG_OPEN,False,-1.0,AVG_OPEN_train30_n120_ev0p0_top1_ridge10|SP1_home_market_ge_55,940,0.273404,1.0,1.4,0.905395,1.104863,0.0,2.452995,0.723957,2024-01-02,2023-24,0.4637340162321402,0.0,1.0,0.94,1.0,1.4,0.905395,1.104863,0.6767622304764399,0.07605194645753954
2024-01-03,2024-01,SP1,Real Madrid,Mallorca,home,home,1.24,"[1.0,1.8)",0.7750898420136666,"[0.55,1.00]",market_favorite,AVG_OPEN,True,0.24,AVG_OPEN_train30_n120_ev0p0_top1_ridge10|SP1_home_market_ge_55,943,0.273595,0.8,1.4,1.085106,1.638298,0.0,2.488029,1.004236,2024-01-03,2023-24,0.2151113796169455,0.0,1.0,0.943,0.8,1.4,1.085106,1.638298,0.8242657949096867,0.02208958568801145
2024-01-04,2024-01,SP1,Osasuna,Almeria,home,home,1.71,"[1.0,1.8)",0.5599362035876719,"[0.55,1.00]",market_favorite,AVG_OPEN,True,0.71,AVG_OPEN_train30_n120_ev0p0_top1_ridge10|SP1_home_market_ge_55,947,0.272439,0.6,0.2,0.444529,0.409195,-1.0,2.422709,0.48167,2024-01-04,2023-24,0.5364933705145685,0.0,1.0,0.947,0.6,0.2,0.444529,0.409195,0.7180319638135613,0.22783465812118964
2024-01-12,2024-01,I2,Catanzaro,Lecco,draw,home,3.45,"[2.8,3.5)",0.27189300704275454,"[0.20,0.28)",market_non_favorite,AVG_OPEN,False,-1.0,AVG_OPEN_train30_n120_ev0p0_top1_ridge10|I2_draw_2p8_3p5,950,0.313684,-0.2,0.2,0.526316,0.684211,0.0,2.415881,0.42705,2024-01-12,2023-24,1.2383742310432684,1.0,0.0,0.95,0.2,0.2,0.526316,0.684211,0.3429050912561054,0.18302256483356372
2024-01-13,2024-01,I2,Como,Spezia,draw,home,3.35,"[2.8,3.5)",0.27965580594550876,"[0.20,0.28)",market_non_favorite,AVG_OPEN,False,-1.0,AVG_OPEN_train30_n120_ev0p0_top1_ridge10|I2_draw_2p8_3p5,951,0.313354,0.6,0.6,0.463158,0.557895,0.0,2.446701,0.673608,2024-01-13,2023-24,1.208960345836975,1.0,0.0,0.951,0.6,0.6,0.463158,0.557895,0.36719085250442296,0.23008935588981694
2024-01-14,2024-01,I2,Venezia,Sampdoria,draw,home,3.27,"[2.8,3.5)",0.2866655358361505,"[0.28,0.34)",market_non_favorite,AVG_OPEN,False,-1.0,AVG_OPEN_train30_n120_ev0p0_top1_ridge10|I2_draw_2p8_3p5,957,0.312435,-0.4,0.0,0.157895,0.263158,0.0,2.441669,0.63335,2024-01-14,2023-24,1.184789984909162,1.0,0.0,0.957,0.4,0.0,0.157895,0.263158,0.3893683224905995,0.27323441454426045
2024-01-19,2024-01,SP1,Alaves,Cadiz,home,home,1.73,"[1.0,1.8)",0.5561146762737124,"[0.55,1.00]",market_favorite,AVG_OPEN,True,0.73,AVG_OPEN_train30_n120_ev0p0_top1_ridge10|SP1_home_market_ge_55,957,0.271682,0.2,0.2,-0.12069,-0.178879,2.0,2.422144,0.477153,2024-01-19,2023-24,0.5481214085096876,0.0,1.0,0.957,0.2,0.2,0.12069,0.178879,0.6810536740067125,0.1782228560316126
2024-01-20,2024-01,I2,FeralpiSalo,Catanzaro,draw,home,3.13,"[2.8,3.5)",0.2997297824561986,"[0.28,0.34)",market_non_favorite,AVG_OPEN,False,-1.0,AVG_OPEN_train30_n120_ev0p0_top1_ridge10|I2_draw_2p8_3p5,961,0.312175,0.2,-0.2,-0.95,-1.25,-1.0,2.369187,0.053494,2024-01-20,2023-24,1.1410330045520618,1.0,0.0,0.961,0.2,0.2,0.95,1.25,0.42808534624498296,0.3399071337467967
2024-01-21,2024-01,I2,Ascoli,Bari,draw,draw,2.87,"[2.8,3.5)",0.32661172482319245,"[0.28,0.34)",market_non_favorite,AVG_OPEN,True,1.87,AVG_OPEN_train30_n120_ev0p0_top1_ridge10|I2_draw_2p8_3p5,969,0.311662,-0.6,-0.6,-0.214799,-0.403736,-1.0,2.373316,0.086527,2024-01-21,2023-24,1.0543120297715298,1.0,0.0,0.969,0.6,0.6,0.214799,0.403736,0.40515227277803323,0.16278702287295532
2024-01-27,2024-01,I2,Sudtirol,Cosenza,draw,away,2.97,"[2.8,3.5)",0.31621336425327096,"[0.28,0.34)",market_non_favorite,AVG_OPEN,False,-1.0,AVG_OPEN_train30_n120_ev0p0_top1_ridge10|I2_draw_2p8_3p5,971,0.313079,0.4,0.0,0.369212,0.535384,0.0,2.424857,0.498853,2024-01-27,2023-24,1.0885619528146082,1.0,0.0,0.971,0.4,0.0,0.369212,0.535384,0.4528881601842015,0.34507783574707873
2024-01-28,2024-01,SP1,Ath Madrid,Valencia,home,home,1.5,"[1.0,1.8)",0.6370314284955235,"[0.55,1.00]",market_favorite,AVG_OPEN,True,0.5,AVG_OPEN_train30_n120_ev0p0_top1_ridge10|SP1_home_market_ge_55,972,0.269547,-1.2,-1.6,0.711018,0.843213,-2.0,2.448432,0.687458,2024-01-28,2023-24,0.4054651081081644,0.0,1.0,0.972,1.2,1.6,0.711018,0.843213,0.6962655395123198,0.044398309268479874
2024-01-31,2024-01,SP1,Ath Madrid,Vallecano,home,home,1.5,"[1.0,1.8)",0.6395767554732146,"[0.55,1.00]",market_favorite,AVG_OPEN,True,0.5,AVG_OPEN_train30_n120_ev0p0_top1_ridge10|SP1_home_market_ge_55,977,0.270215,1.2,1.0,0.793814,1.082474,-1.0,2.470603,0.86482,2024-01-31,2023-24,0.4054651081081644,0.0,1.0,0.977,1.2,1.0,0.793814,1.082474,0.7746663905548792,0.16199958583231888
2024-02-02,2024-02,SP1,Ath Bilbao,Mallorca,home,home,1.55,"[1.0,1.8)",0.619411466831711,"[0.55,1.00]",market_favorite,AVG_OPEN,True,0.55,AVG_OPEN_train30_n120_ev0p0_top1_ridge10|SP1_home_market_ge_55,980,0.269388,1.0,0.8,0.397959,0.693878,-1.0,2.446684,0.673475,2024-02-02,2023-24,0.4382549309311553,0.0,1.0,0.98,1.0,0.8,0.397959,0.693878,0.7514598161907604,0.16476271509567875
2024-02-03,2024-02,I2,Cosenza,Pisa,draw,draw,2.96,"[2.8,3.5)",0.31647078298294984,"[0.28,0.34)",market_non_favorite,AVG_OPEN,True,1.96,AVG_OPEN_train30_n120_ev0p0_top1_ridge10|I2_draw_2p8_3p5,981,0.309888,-0.2,-0.2,-0.387755,-0.642857,0.0,2.380653,0.145225,2024-02-03,2023-24,1.085189268335969,1.0,0.0,0.981,0.2,0.2,0.387755,0.642857,0.4077885742083658,0.20705417965676265
2024-02-04,2024-02,SP1,Villarreal,Cadiz,home,draw,1.65,"[1.0,1.8)",0.5800789025029719,"[0.55,1.00]",market_favorite,AVG_OPEN,False,-1.0,AVG_OPEN_train30_n120_ev0p0_top1_ridge10|SP1_home_market_ge_55,985,0.270051,1.0,0.8,0.5,0.897959,1.0,2.439529,0.616236,2024-02-04,2023-24,0.5007752879124892,0.0,1.0,0.985,1.0,0.8,0.5,0.897959,0.7025692363612689,0.15923923999609357
2024-02-09,2024-02,I2,Como,Brescia,draw,home,3.36,"[2.8,3.5)",0.2796291527169714,"[0.20,0.28)",market_non_favorite,AVG_OPEN,False,-1.0,AVG_OPEN_train30_n120_ev0p0_top1_ridge10|I2_draw_2p8_3p5,990,0.311111,0.6,0.8,-0.020202,0.0,0.0,2.414788,0.418306,2024-02-09,2023-24,1.2119409739751128,1.0,0.0,0.99,0.6,0.8,0.020202,0.0,0.31955146453905264,0.07369292085121693
2024-02-10,2024-02,I2,Sudtirol,Venezia,draw,away,3.1,"[2.8,3.5)",0.302603407081019,"[0.28,0.34)",market_non_favorite,AVG_OPEN,False,-1.0,AVG_OPEN_train30_n120_ev0p0_top1_ridge10|I2_draw_2p8_3p5,991,0.310797,0.0,0.0,-0.081967,-0.147541,-1.0,2.393562,0.248497,2024-02-10,2023-24,1.1314021114911006,1.0,0.0,0.991,0.0,0.0,0.081967,0.147541,0.398727118734883,0.23605406807813734
2024-02-11,2024-02,I2,Ternana,Spezia,draw,draw,3.24,"[2.8,3.5)",0.2895204555178883,"[0.28,0.34)",market_non_favorite,AVG_OPEN,True,2.24,AVG_OPEN_train30_n120_ev0p0_top1_ridge10|I2_draw_2p8_3p5,999,0.31031,-0.2,0.4,0.278876,0.40975,0.0,2.413675,0.409402,2024-02-11,2023-24,1.1755733298042381,1.0,0.0,0.999,0.2,0.4,0.278876,0.40975,0.331410102092217,0.0737687307787831
2024-02-16,2024-02,I2,Ascoli,Cremonese,draw,draw,3.21,"[2.8,3.5)",0.29258987188905,"[0.28,0.34)",market_non_favorite,AVG_OPEN,True,2.21,AVG_OPEN_train30_n120_ev0p0_top1_ridge10|I2_draw_2p8_3p5,1000,0.311,-1.6,-0.8,-0.49871,-0.588387,0.0,2.377001,0.11601,2024-02-16,2023-24,1.1662709371419244,1.0,0.0,1.0,1.6,0.8,0.49871,0.588387,0.3227897969880487,0.0361552483316363
2024-02-17,2024-02,I2,Spezia,Cittadella,draw,home,3.1,"[2.8,3.5)",0.3028380082267099,"[0.28,0.34)",market_non_favorite,AVG_OPEN,False,-1.0,AVG_OPEN_train30_n120_ev0p0_top1_ridge10|I2_draw_2p8_3p5,1001,0.311688,0.4,0.0,-0.393333,-0.545,-1.0,2.371131,0.06905,2024-02-17,2023-24,1.1314021114911006,1.0,0.0,1.001,0.4,0.0,0.393333,0.545,0.4266395092755121,0.3225824787540874
2024-02-23,2024-02,SP1,Sociedad,Villarreal,home,away,1.73,"[1.0,1.8)",0.5556885531667635,"[0.55,1.00]",market_favorite,AVG_OPEN,False,-1.0,AVG_OPEN_train30_n120_ev0p0_top1_ridge10|SP1_home_market_ge_55,1010,0.274257,0.2,-0.2,0.237624,-0.029703,-2.0,2.428609,0.528871,2024-02-23,2023-24,0.5481214085096876,0.0,1.0,1.01,0.2,0.2,0.237624,0.029703,0.6964009611533778,0.2047736627953436
2024-02-24,2024-02,I2,Brescia,Reggiana,draw,draw,3.04,"[2.8,3.5)",0.3088890400925367,"[0.28,0.34)",market_non_favorite,AVG_OPEN,True,2.04,AVG_OPEN_train30_n120_ev0p0_top1_ridge10|I2_draw_2p8_3p5,1011,0.311573,-0.2,0.0,0.176238,0.12,0.0,2.396385,0.271078,2024-02-24,2023-24,1.1118575154181303,1.0,0.0,1.011,0.2,0.0,0.176238,0.12,0.3904749905645789,0.1870439713163199
2024-02-25,2024-02,I2,Modena,Spezia,draw,draw,3.24,"[2.8,3.5)",0.29012587100018356,"[0.28,0.34)",market_non_favorite,AVG_OPEN,True,2.24,AVG_OPEN_train30_n120_ev0p0_top1_ridge10|I2_draw_2p8_3p5,1019,0.313052,-0.4,-0.2,0.301587,0.377143,-1.0,2.425026,0.500208,2024-02-25,2023-24,1.1755733298042381,1.0,0.0,1.019,0.4,0.2,0.301587,0.377143,0.3656245926477176,0.18462368017860498
2024-02-26,2024-02,SP1,Girona,Vallecano,home,home,1.66,"[1.0,1.8)",0.5751852332556473,"[0.55,1.00]",market_favorite,AVG_OPEN,True,0.6599999999999999,AVG_OPEN_train30_n120_ev0p0_top1_ridge10|SP1_home_market_ge_55,1018,0.276031,1.0,0.6,0.518152,0.693855,-1.0,2.460049,0.78039,2024-02-26,2023-24,0.5068176023684519,0.0,1.0,1.018,1.0,0.6,0.518152,0.693855,0.7259064226008373,0.20500466151738972
2024-02-27,2024-02,I2,Ascoli,Brescia,draw,draw,2.92,"[2.8,3.5)",0.32206714505185485,"[0.28,0.34)",market_non_favorite,AVG_OPEN,True,1.92,AVG_OPEN_train30_n120_ev0p0_top1_ridge10|I2_draw_2p8_3p5,1020,0.313725,0.4,0.2,-0.019608,-0.029412,0.0,2.398945,0.291561,2024-02-27,2023-24,1.0715836162801904,1.0,0.0,1.02,0.4,0.2,0.019608,0.029412,0.42273891470396835,0.23439763093558752
2024-02-28,2024-02,I2,Spezia,FeralpiSalo,draw,away,3.46,"[2.8,3.5)",0.2705594085843232,"[0.20,0.28)",market_non_favorite,AVG_OPEN,False,-1.0,AVG_OPEN_train30_n120_ev0p0_top1_ridge10|I2_draw_2p8_3p5,1027,0.314508,1.0,0.4,0.192308,0.076923,-1.0,2.387646,0.201166,2024-02-28,2023-24,1.2412685890696329,1.0,0.0,1.027,1.0,0.4,0.192308,0.076923,0.36886299457028354,0.27626596121318103
2024-03-02,2024-03,I2,Sudtirol,Lecco,draw,home,3.11,"[2.8,3.5)",0.30102840019069677,"[0.28,0.34)",market_non_favorite,AVG_OPEN,False,-1.0,AVG_OPEN_train30_n120_ev0p0_top1_ridge10|I2_draw_2p8_3p5,1030,0.314563,1.4,1.4,0.606838,0.941311,0.0,2.433323,0.56658,2024-03-02,2023-24,1.1346227261911428,1.0,0.0,1.03,1.4,1.4,0.606838,0.941311,0.3354302908410872,0.0431882045157812
2024-03-03,2024-03,I2,Ascoli,Reggiana,draw,draw,2.94,"[2.8,3.5)",0.3186733958183129,"[0.28,0.34)",market_non_favorite,AVG_OPEN,True,1.94,AVG_OPEN_train30_n120_ev0p0_top1_ridge10|I2_draw_2p8_3p5,1033,0.31365,0.2,0.2,0.164329,0.081985,0.0,2.394535,0.256281,2024-03-03,2023-24,1.0784095813505903,1.0,0.0,1.033,0.2,0.2,0.164329,0.081985,0.40513822463933385,0.19110638043964157
2024-03-09,2024-03,I2,Pisa,Ternana,draw,home,3.49,"[2.8,3.5)",0.2693040842473673,"[0.20,0.28)",market_non_favorite,AVG_OPEN,False,-1.0,AVG_OPEN_train30_n120_ev0p0_top1_ridge10|I2_draw_2p8_3p5,1041,0.31316,-0.2,0.0,0.211538,0.394231,-1.0,2.417344,0.438751,2024-03-09,2023-24,1.2499017362143359,1.0,0.0,1.041,0.2,0.0,0.211538,0.394231,0.3448831385464619,0.2036421535271522
2024-03-10,2024-03,SP1,Real Madrid,Celta,home,home,1.3,"[1.0,1.8)",0.7385576987700786,"[0.55,1.00]",market_favorite,AVG_OPEN,True,0.30000000000000004,AVG_OPEN_train30_n120_ev0p0_top1_ridge10|SP1_home_market_ge_55,1034,0.275629,0.4,0.6,1.135922,1.407767,-1.0,2.49518,1.061443,2024-03-10,2023-24,0.26236426446749106,0.0,1.0,1.034,0.4,0.6,1.135922,1.407767,0.8197010163352685,0.06561132123584912
2024-03-11,2024-03,I2,Sampdoria,Ascoli,draw,home,3.03,"[2.8,3.5)",0.30849906316653636,"[0.28,0.34)",market_non_favorite,AVG_OPEN,False,-1.0,AVG_OPEN_train30_n120_ev0p0_top1_ridge10|I2_draw_2p8_3p5,1049,0.311725,0.2,0.0,-0.06044,-0.149725,0.0,2.38138,0.151042,2024-03-11,2023-24,1.1085626195212777,1.0,0.0,1.049,0.2,0.0,0.06044,0.149725,0.41567723355057595,0.259502017658245
2024-03-15,2024-03,SP1,Sociedad,Cadiz,home,home,1.48,"[1.0,1.8)",0.6479050076174582,"[0.55,1.00]",market_favorite,AVG_OPEN,True,0.48,AVG_OPEN_train30_n120_ev0p0_top1_ridge10|SP1_home_market_ge_55,1039,0.275265,0.2,0.0,0.701923,0.817308,0.0,2.457359,0.758875,2024-03-15,2023-24,0.3920420877760237,0.0,1.0,1.039,0.2,0.0,0.701923,0.817308,0.783268339320683,0.15923714219461083
2024-03-16,2024-03,I2,Ternana,Cosenza,draw,home,3.12,"[2.8,3.5)",0.300632911392405,"[0.28,0.34)",market_non_favorite,AVG_OPEN,False,-1.0,AVG_OPEN_train30_n120_ev0p0_top1_ridge10|I2_draw_2p8_3p5,1051,0.311132,0.4,0.2,0.161905,0.219048,0.0,2.401495,0.311958,2024-03-16,2023-24,1.1378330018213911,1.0,0.0,1.051,0.4,0.2,0.161905,0.219048,0.39383773374352693,0.228773729279804
2024-03-31,2024-03,SP1,Real Madrid,Ath Bilbao,home,home,1.55,"[1.0,1.8)",0.6152483612384957,"[0.55,1.00]",market_favorite,AVG_OPEN,True,0.55,AVG_OPEN_train30_n120_ev0p0_top1_ridge10|SP1_home_market_ge_55,1054,0.272296,0.2,0.8,0.704762,0.92381,0.0,2.44493,0.659439,2024-03-31,2023-24,0.4382549309311553,0.0,1.0,1.054,0.2,0.8,0.704762,0.92381,0.6867198058300465,0.06441569903657207
2024-04-01,2024-04,I2,Como,Sudtirol,draw,home,3.37,"[2.8,3.5)",0.2769086724144657,"[0.20,0.28)",market_non_favorite,AVG_OPEN,False,-1.0,AVG_OPEN_train30_n120_ev0p0_top1_ridge10|I2_draw_2p8_3p5,1060,0.311321,0.0,0.2,-0.006104,-0.021088,0.0,2.413302,0.406419,2024-04-01,2023-24,1.2149127443642704,1.0,0.0,1.06,0.0,0.2,0.006104,0.021088,0.3260903529270106,0.09892448936402576
2024-04-05,2024-04,I2,Bari,Cremonese,draw,away,3.14,"[2.8,3.5)",0.29866869837196247,"[0.28,0.34)",market_non_favorite,AVG_OPEN,False,-1.0,AVG_OPEN_train30_n120_ev0p0_top1_ridge10|I2_draw_2p8_3p5,1070,0.31028,-1.4,-0.8,-0.362319,-0.289855,0.0,2.386264,0.190114,2024-04-05,2023-24,1.144222799920162,1.0,0.0,1.07,1.4,0.8,0.362319,0.289855,0.33585900767069593,0.05459728408598519
2024-04-06,2024-04,I2,Ternana,Modena,draw,draw,3.16,"[2.8,3.5)",0.2972854114201077,"[0.28,0.34)",market_non_favorite,AVG_OPEN,True,2.16,AVG_OPEN_train30_n120_ev0p0_top1_ridge10|I2_draw_2p8_3p5,1071,0.309991,0.6,-0.4,-0.040769,-0.08357,0.0,2.390808,0.226461,2024-04-06,2023-24,1.1505720275988207,1.0,0.0,1.071,0.6,0.4,0.040769,0.08357,0.39193735280315894,0.2385220348579824
2024-04-07,2024-04,I2,Ascoli,Venezia,draw,draw,3.2,"[2.8,3.5)",0.2932884329234866,"[0.28,0.34)",market_non_favorite,AVG_OPEN,True,2.2,AVG_OPEN_train30_n120_ev0p0_top1_ridge10|I2_draw_2p8_3p5,1079,0.312326,-0.8,-0.8,-0.199783,-0.323039,0.0,2.368336,0.046691,2024-04-07,2023-24,1.1631508098056809,1.0,0.0,1.079,0.8,0.8,0.199783,0.323039,0.31639012638348696,0.012448404427158222
2024-04-12,2024-04,I2,Modena,Catanzaro,draw,away,3.24,"[2.8,3.5)",0.28869102258123736,"[0.28,0.34)",market_non_favorite,AVG_OPEN,False,-1.0,AVG_OPEN_train30_n120_ev0p0_top1_ridge10|I2_draw_2p8_3p5,1080,0.312963,-0.8,-0.8,-0.382143,-0.438393,0.0,2.374694,0.097555,2024-04-12,2023-24,1.1755733298042381,1.0,0.0,1.08,0.8,0.8,0.382143,0.438393,0.3125704093407562,0.012728126264050177
2024-04-13,2024-04,I2,Cittadella,Ascoli,draw,draw,2.95,"[2.8,3.5)",0.31799147031011793,"[0.28,0.34)",market_non_favorite,AVG_OPEN,True,1.9500000000000002,AVG_OPEN_train30_n120_ev0p0_top1_ridge10|I2_draw_2p8_3p5,1081,0.312673,0.2,0.0,-0.064815,-0.092593,1.0,2.397459,0.279672,2024-04-13,2023-24,1.0818051703517284,1.0,0.0,1.081,0.2,0.0,0.064815,0.092593,0.41765989225620853,0.23209668215581525
2024-04-14,2024-04,SP1,Sociedad,Almeria,home,draw,1.33,"[1.0,1.8)",0.7198545961474644,"[0.55,1.00]",market_favorite,AVG_OPEN,False,-1.0,AVG_OPEN_train30_n120_ev0p0_top1_ridge10|SP1_home_market_ge_55,1065,0.271362,0.8,0.8,0.922863,0.998335,-1.0,2.471859,0.874871,2024-04-14,2023-24,0.28517894223366247,0.0,1.0,1.065,0.8,0.8,0.922863,0.998335,0.8577764315590284,0.1408426539735077
2024-04-19,2024-04,I2,Reggiana,Cosenza,draw,away,2.82,"[2.8,3.5)",0.3322910254831959,"[0.28,0.34)",market_non_favorite,AVG_OPEN,False,-1.0,AVG_OPEN_train30_n120_ev0p0_top1_ridge10|I2_draw_2p8_3p5,1090,0.311927,0.8,0.2,0.193773,0.328329,0.0,2.41921,0.453681,2024-04-19,2023-24,1.0367368849500223,1.0,0.0,1.09,0.8,0.2,0.193773,0.328329,0.4613773560990609,0.3010841441993517
2024-04-20,2024-04,SP1,Girona,Cadiz,home,home,1.42,"[1.0,1.8)",0.6746242786316036,"[0.55,1.00]",market_favorite,AVG_OPEN,True,0.41999999999999993,AVG_OPEN_train30_n120_ev0p0_top1_ridge10|SP1_home_market_ge_55,1071,0.272642,-0.2,-0.2,0.66152,0.942706,0.0,2.466456,0.831647,2024-04-20,2023-24,0.35065687161316933,0.0,1.0,1.071,0.2,0.2,0.66152,0.942706,0.8201949148433476,0.16467677907755363
2024-04-26,2024-04,I2,Pisa,Catanzaro,draw,draw,3.25,"[2.8,3.5)",0.28864427021132977,"[0.28,0.34)",market_non_favorite,AVG_OPEN,True,2.25,AVG_OPEN_train30_n120_ev0p0_top1_ridge10|I2_draw_2p8_3p5,1100,0.315455,-0.2,-0.8,-0.210695,-0.159893,0.0,2.384366,0.174926,2024-04-26,2023-24,1.1786549963416462,1.0,0.0,1.1,0.2,0.8,0.210695,0.159893,0.3106855781478149,0.00972812898039832
2024-04-27,2024-04,I2,Ternana,Ascoli,draw,away,3.1,"[2.8,3.5)",0.3018397973920505,"[0.28,0.34)",market_non_favorite,AVG_OPEN,False,-1.0,AVG_OPEN_train30_n120_ev0p0_top1_ridge10|I2_draw_2p8_3p5,1102,0.315789,0.4,-0.6,-0.109091,-0.209091,0.0,2.393485,0.24788,2024-04-27,2023-24,1.1314021114911006,1.0,0.0,1.102,0.4,0.6,0.109091,0.209091,0.37211627604558906,0.15356045574132615
2024-04-28,2024-04,SP1,Villarreal,Vallecano,home,home,1.73,"[1.0,1.8)",0.5532705035241016,"[0.55,1.00]",market_favorite,AVG_OPEN,True,0.73,AVG_OPEN_train30_n120_ev0p0_top1_ridge10|SP1_home_market_ge_55,1085,0.270046,0.4,0.0,0.37037,0.666667,-1.0,2.436169,0.58935,2024-04-28,2023-24,0.5481214085096876,0.0,1.0,1.085,0.4,0.0,0.37037,0.666667,0.7251617115050255,0.25452976090369406
2024-04-29,2024-04,SP1,Barcelona,Valencia,home,home,1.36,"[1.0,1.8)",0.7027382433240174,"[0.55,1.00]",market_favorite,AVG_OPEN,True,0.3600000000000001,AVG_OPEN_train30_n120_ev0p0_top1_ridge10|SP1_home_market_ge_55,1089,0.270891,1.0,1.0,0.87037,1.055556,-1.0,2.465979,0.827836,2024-04-29,2023-24,0.3074846997479607,0.0,1.0,1.089,1.0,1.0,0.87037,1.055556,0.8250436201725387,0.12205932343465276
2024-05-01,2024-05,I2,Sudtirol,Ternana,draw,home,3.08,"[2.8,3.5)",0.3026312078738825,"[0.28,0.34)",market_non_favorite,AVG_OPEN,False,-1.0,AVG_OPEN_train30_n120_ev0p0_top1_ridge10|I2_draw_2p8_3p5,1110,0.316216,0.0,0.2,0.176354,0.261631,0.0,2.419506,0.456044,2024-05-01,2023-24,1.1249295969854831,1.0,0.0,1.11,0.0,0.2,0.176354,0.261631,0.3940955200147073,0.21381420164529863
2024-05-05,2024-05,SP1,Sevilla,Granada,home,home,1.65,"[1.0,1.8)",0.5800671892497201,"[0.55,1.00]",market_favorite,AVG_OPEN,True,0.6499999999999999,AVG_OPEN_train30_n120_ev0p0_top1_ridge10|SP1_home_market_ge_55,1095,0.269406,0.6,-0.0,0.609381,0.701641,0.0,2.426626,0.513007,2024-05-05,2023-24,0.5007752879124892,0.0,1.0,1.095,0.6,0.0,0.609381,0.701641,0.7647889983988327,0.26190184735807387
2024-05-10,2024-05,I2,Ascoli,Pisa,draw,home,3.36,"[2.8,3.5)",0.2777553165682866,"[0.20,0.28)",market_non_favorite,AVG_OPEN,False,-1.0,AVG_OPEN_train30_n120_ev0p0_top1_ridge10|I2_draw_2p8_3p5,1130,0.317699,0.0,-0.2,-0.088496,-0.168142,0.0,2.391487,0.231897,2024-05-10,2023-24,1.2119409739751128,1.0,0.0,1.13,0.0,0.2,0.088496,0.168142,0.3500091863002277,0.17603086596876505
2024-05-11,2024-05,SP1,Ath Bilbao,Osasuna,home,draw,1.47,"[1.0,1.8)",0.6532380256332554,"[0.55,1.00]",market_favorite,AVG_OPEN,False,-1.0,AVG_OPEN_train30_n120_ev0p0_top1_ridge10|SP1_home_market_ge_55,1101,0.268847,0.4,0.4,0.254545,0.6,2.0,2.450997,0.707974,2024-05-11,2023-24,0.3852624007906449,0.0,1.0,1.101,0.4,0.4,0.254545,0.6,0.7916242307545588,0.16368761920920138
2024-05-12,2024-05,SP1,Ath Madrid,Celta,home,home,1.44,"[1.0,1.8)",0.6647102434202397,"[0.55,1.00]",market_favorite,AVG_OPEN,True,0.43999999999999995,AVG_OPEN_train30_n120_ev0p0_top1_ridge10|SP1_home_market_ge_55,1105,0.268778,1.0,0.8,0.836364,0.954545,1.0,2.463913,0.811305,2024-05-12,2023-24,0.36464311358790924,0.0,1.0,1.105,1.0,0.8,0.836364,0.954545,0.7956526250910592,0.1457397801311251
2024-05-14,2024-05,SP1,Girona,Villarreal,home,away,1.7,"[1.0,1.8)",0.5650651331459845,"[0.55,1.00]",market_favorite,AVG_OPEN,False,-1.0,AVG_OPEN_train30_n120_ev0p0_top1_ridge10|SP1_home_market_ge_55,1110,0.268468,0.0,0.2,0.15809,0.069357,1.0,2.423811,0.490485,2024-05-14,2023-24,0.5306282510621704,0.0,1.0,1.11,0.0,0.2,0.15809,0.069357,0.7160682322042565,0.21731599474723606
2024-05-15,2024-05,SP1,Vallecano,Granada,home,home,1.67,"[1.0,1.8)",0.5732581278219221,"[0.55,1.00]",market_favorite,AVG_OPEN,True,0.6699999999999999,AVG_OPEN_train30_n120_ev0p0_top1_ridge10|SP1_home_market_ge_55,1113,0.268643,-0.4,-0.2,0.326916,0.355918,-1.0,2.404583,0.336665,2024-05-15,2023-24,0.5128236264286637,0.0,1.0,1.113,0.4,0.2,0.326916,0.355918,0.7350855791950174,0.22759291725567898
2024-05-16,2024-05,SP1,Sociedad,Valencia,home,home,1.65,"[1.0,1.8)",0.5810976817911631,"[0.55,1.00]",market_favorite,AVG_OPEN,True,0.6499999999999999,AVG_OPEN_train30_n120_ev0p0_top1_ridge10|SP1_home_market_ge_55,1117,0.267681,0.2,0.4,0.441441,0.36036,-1.0,2.429042,0.532332,2024-05-16,2023-24,0.5007752879124892,0.0,1.0,1.117,0.2,0.4,0.441441,0.36036,0.7313119544024775,0.20666472476408781
2024-05-19,2024-05,SP1,Ath Bilbao,Sevilla,home,home,1.73,"[1.0,1.8)",0.5524287495999689,"[0.55,1.00]",market_favorite,AVG_OPEN,True,0.73,AVG_OPEN_train30_n120_ev0p0_top1_ridge10|SP1_home_market_ge_55,1121,0.267618,-0.4,-0.6,0.071429,0.169643,0.0,2.425475,0.5038,2024-05-19,2023-24,0.5481214085096876,0.0,1.0,1.121,0.4,0.6,0.071429,0.169643,0.6922835096561071,0.19765047170506533
2024-08-16,2024-08,I2,Brescia,Palermo,draw,home,3.13,"[2.8,3.5)",0.2999564306313409,"[0.28,0.34)",market_non_favorite,AVG_OPEN,False,-1.0,AVG_OPEN_train30_n120_ev0p0_top1_ridge10|I2_draw_2p8_3p5,1140,0.316667,0.2,0.4,-0.004386,-0.078947,0.0,2.392769,0.242154,2024-08-16,2024-25,1.1410330045520618,1.0,0.0,1.14,0.2,0.4,0.004386,0.078947,0.37230912972790536,0.1653275760483437
2024-08-17,2024-08,I2,Bari,Juve Stabia,draw,away,3.29,"[2.8,3.5)",0.2857607811228641,"[0.28,0.34)",market_non_favorite,AVG_OPEN,False,-1.0,AVG_OPEN_train30_n120_ev0p0_top1_ridge10|I2_draw_2p8_3p5,1141,0.316389,0.2,-0.2,0.394737,0.131579,14.0,2.386208,0.189664,2024-08-17,2024-25,1.1908875647772805,1.0,0.0,1.141,0.2,0.2,0.394737,0.131579,0.44293946083302066,0.45727082614063796
2024-08-18,2024-08,I2,Reggiana,Mantova,draw,draw,3.13,"[2.8,3.5)",0.300067335588937,"[0.28,0.34)",market_non_favorite,AVG_OPEN,True,2.13,AVG_OPEN_train30_n120_ev0p0_top1_ridge10|I2_draw_2p8_3p5,1145,0.316157,0.4,-0.6,0.236842,-0.184211,14.0,2.385137,0.181098,2024-08-18,2024-25,1.1410330045520618,1.0,0.0,1.145,0.4,0.6,0.236842,0.184211,0.4548533197382387,0.4236908907806871
2024-08-23,2024-08,I2,Modena,Bari,draw,home,3.02,"[2.8,3.5)",0.31054654587181735,"[0.28,0.34)",market_non_favorite,AVG_OPEN,False,-1.0,AVG_OPEN_train30_n120_ev0p0_top1_ridge10|I2_draw_2p8_3p5,1150,0.317391,0.4,0.6,-0.142857,-0.272727,0.0,2.398607,0.288858,2024-08-23,2024-25,1.1052568313867783,1.0,0.0,1.15,0.4,0.6,0.142857,0.272727,0.3858902064160717,0.1653884233765366
2024-08-24,2024-08,I2,Sudtirol,Salernitana,draw,home,3.03,"[2.8,3.5)",0.3100943293939066,"[0.28,0.34)",market_non_favorite,AVG_OPEN,False,-1.0,AVG_OPEN_train30_n120_ev0p0_top1_ridge10|I2_draw_2p8_3p5,1151,0.317116,0.4,0.2,-1.597403,-0.961039,0.0,2.442198,0.637581,2024-08-24,2024-25,1.1085626195212777,1.0,0.0,1.151,0.4,0.2,1.597403,0.961039,0.45594547440749794,0.3815147874547187
2024-08-25,2024-08,SP1,Ath Madrid,Girona,home,home,1.6,"[1.0,1.8)",0.5966496235694719,"[0.55,1.00]",market_favorite,AVG_OPEN,True,0.6000000000000001,AVG_OPEN_train30_n120_ev0p0_top1_ridge10|SP1_home_market_ge_55,1156,0.271626,0.4,-1.0,0.255223,0.202372,-4.0,2.404321,0.334567,2024-08-25,2024-25,0.47000362924573563,0.0,1.0,1.156,0.4,1.0,0.255223,0.202372,0.6933767218079616,0.10940275489273854
2024-08-27,2024-08,I2,Reggiana,Brescia,draw,home,3.02,"[2.8,3.5)",0.3104907079423171,"[0.28,0.34)",market_non_favorite,AVG_OPEN,False,-1.0,AVG_OPEN_train30_n120_ev0p0_top1_ridge10|I2_draw_2p8_3p5,1160,0.315517,0.2,0.0,-0.10431,-0.175862,0.0,2.398258,0.286063,2024-08-27,2024-25,1.1052568313867783,1.0,0.0,1.16,0.2,0.0,0.10431,0.175862,0.4352980937729962,0.31460024319444857
2024-08-28,2024-08,I2,Cosenza,Spezia,draw,draw,3.11,"[2.8,3.5)",0.30139255491368167,"[0.28,0.34)",market_non_favorite,AVG_OPEN,True,2.11,AVG_OPEN_train30_n120_ev0p0_top1_ridge10|I2_draw_2p8_3p5,1167,0.316195,-0.6,-0.4,-0.122414,-0.053448,-1.0,2.410399,0.383191,2024-08-28,2024-25,1.1346227261911428,1.0,0.0,1.167,0.6,0.4,0.122414,0.053448,0.3913425974159668,0.21707547796365656
2024-08-31,2024-08,I2,Sudtirol,Brescia,draw,away,2.88,"[2.8,3.5)",0.32542819499341236,"[0.28,0.34)",market_non_favorite,AVG_OPEN,False,-1.0,AVG_OPEN_train30_n120_ev0p0_top1_ridge10|I2_draw_2p8_3p5,1170,0.316239,0.2,-0.0,0.037542,0.016769,0.0,2.405944,0.347548,2024-08-31,2024-25,1.0577902941478545,1.0,0.0,1.17,0.2,0.0,0.037542,0.016769,0.4625239244555117,0.3320689024318737
2024-09-01,2024-09,I2,Palermo,Cosenza,draw,draw,3.26,"[2.8,3.5)",0.2877454654474591,"[0.28,0.34)",market_non_favorite,AVG_OPEN,True,2.26,AVG_OPEN_train30_n120_ev0p0_top1_ridge10|I2_draw_2p8_3p5,1175,0.315745,0.2,-0.2,0.290166,0.426377,1.0,2.409509,0.376069,2024-09-01,2024-25,1.1817271953786161,1.0,0.0,1.175,0.2,0.2,0.290166,0.426377,0.3813789853943257,0.24329549238550174
2024-09-13,2024-09,I2,Cesena,Modena,draw,draw,2.87,"[2.8,3.5)",0.3276186968905117,"[0.28,0.34)",market_non_favorite,AVG_OPEN,True,1.87,AVG_OPEN_train30_n120_ev0p0_top1_ridge10|I2_draw_2p8_3p5,1180,0.316102,0.1,0.25,0.2625,0.4125,-1.0,2.420016,0.460124,2024-09-13,2024-25,1.0543120297715298,1.0,0.0,1.18,0.1,0.25,0.2625,0.4125,0.42509569566483785,0.22002464655808462
2024-09-14,2024-09,I2,Brescia,Frosinone,draw,home,3.06,"[2.8,3.5)",0.3071251250509467,"[0.28,0.34)",market_non_favorite,AVG_OPEN,False,-1.0,AVG_OPEN_train30_n120_ev0p0_top1_ridge10|I2_draw_2p8_3p5,1181,0.316681,0.6,-0.2,-0.381144,-0.595551,1.0,2.392274,0.238192,2024-09-14,2024-25,1.1184149159642893,1.0,0.0,1.181,0.6,0.2,0.381144,0.595551,0.42846805915417097,0.31111226101176315
2024-09-15,2024-09,I2,Cosenza,Sampdoria,draw,home,3.13,"[2.8,3.5)",0.2993778476961118,"[0.28,0.34)",market_non_favorite,AVG_OPEN,False,-1.0,AVG_OPEN_train30_n120_ev0p0_top1_ridge10|I2_draw_2p8_3p5,1186,0.317032,0.2,0.0,-0.328491,-0.371267,-1.0,2.405495,0.343961,2024-09-15,2024-25,1.1410330045520618,1.0,0.0,1.186,0.2,0.0,0.328491,0.371267,0.391334443079731,0.2248768068395579
2024-09-20,2024-09,I2,Catanzaro,Cremonese,draw,away,3.22,"[2.8,3.5)",0.2918864399212949,"[0.28,0.34)",market_non_favorite,AVG_OPEN,False,-1.0,AVG_OPEN_train30_n120_ev0p0_top1_ridge10|I2_draw_2p8_3p5,1190,0.315966,-0.2,-0.4,-0.230548,-0.259833,0.0,2.395164,0.261313,2024-09-20,2024-25,1.169381359556317,1.0,0.0,1.19,0.2,0.4,0.230548,0.259833,0.36203006009780725,0.16573679351493942
2024-09-21,2024-09,I2,Reggiana,Salernitana,draw,draw,3.04,"[2.8,3.5)",0.3091639361589684,"[0.28,0.34)",market_non_favorite,AVG_OPEN,True,2.04,AVG_OPEN_train30_n120_ev0p0_top1_ridge10|I2_draw_2p8_3p5,1191,0.315701,0.2,0.2,0.055814,0.037209,0.0,2.4337,0.569596,2024-09-21,2024-25,1.1118575154181303,1.0,0.0,1.191,0.2,0.2,0.055814,0.037209,0.4114748088236073,0.2508834188237663
2024-09-22,2024-09,I2,Mantova,Cittadella,draw,home,3.35,"[2.8,3.5)",0.2792895600345716,"[0.20,0.28)",market_non_favorite,AVG_OPEN,False,-1.0,AVG_OPEN_train30_n120_ev0p0_top1_ridge10|I2_draw_2p8_3p5,1197,0.315789,-0.2,-0.4,0.147899,-0.07395,0.0,2.416671,0.433367,2024-09-22,2024-25,1.208960345836975,1.0,0.0,1.197,0.2,0.4,0.147899,0.07395,0.35715994984832916,0.19648583199190273
2024-09-24,2024-09,SP1,Real Madrid,Alaves,home,home,1.19,"[1.0,1.8)",0.809165973033748,"[0.55,1.00]",market_favorite,AVG_OPEN,True,0.18999999999999995,AVG_OPEN_train30_n120_ev0p0_top1_ridge10|SP1_home_market_ge_55,1202,0.269551,0.6,1.4,1.214024,1.837195,-1.0,2.487721,1.001768,2024-09-24,2024-25,0.17395330712343798,0.0,1.0,1.202,0.6,1.4,1.214024,1.837195,0.8627953816916757,0.02672650421309397
2024-09-28,2024-09,I2,Sassuolo,Spezia,draw,draw,3.29,"[2.8,3.5)",0.2852111723204793,"[0.28,0.34)",market_non_favorite,AVG_OPEN,True,2.29,AVG_OPEN_train30_n120_ev0p0_top1_ridge10|I2_draw_2p8_3p5,1201,0.314738,-0.2,-0.6,0.560606,0.371212,1.0,2.393049,0.244392,2024-09-28,2024-25,1.1908875647772805,1.0,0.0,1.201,0.2,0.6,0.560606,0.371212,0.35977680219096564,0.18366567920827692
2024-09-29,2024-09,I2,Juve Stabia,Pisa,draw,home,3.05,"[2.8,3.5)",0.30703611326528474,"[0.28,0.34)",market_non_favorite,AVG_OPEN,False,-1.0,AVG_OPEN_train30_n120_ev0p0_top1_ridge10|I2_draw_2p8_3p5,1204,0.316445,-1.6,-1.8,-0.116667,-0.508333,0.0,2.397262,0.278096,2024-09-29,2024-25,1.1151415906193203,1.0,0.0,1.204,1.6,1.8,0.116667,0.508333,0.377352829515768,0.1509261300230922
2024-09-30,2024-09,I2,Sudtirol,Palermo,draw,away,3.03,"[2.8,3.5)",0.30976897662128833,"[0.28,0.34)",market_non_favorite,AVG_OPEN,False,-1.0,AVG_OPEN_train30_n120_ev0p0_top1_ridge10|I2_draw_2p8_3p5,1208,0.316225,-0.4,-0.4,0.012195,-0.073171,0.0,2.391791,0.234324,2024-09-30,2024-25,1.1085626195212777,1.0,0.0,1.208,0.4,0.4,0.012195,0.073171,0.39951031304022555,0.21051624851188344
2024-10-04,2024-10,I2,Sampdoria,Juve Stabia,draw,away,3.17,"[2.8,3.5)",0.2961726166002252,"[0.28,0.34)",market_non_favorite,AVG_OPEN,False,-1.0,AVG_OPEN_train30_n120_ev0p0_top1_ridge10|I2_draw_2p8_3p5,1210,0.315702,0.0,0.6,-0.126984,0.066667,0.0,2.386783,0.194263,2024-10-04,2024-25,1.1537315878891892,1.0,0.0,1.21,0.0,0.6,0.126984,0.066667,0.325817274388606,0.03284075981188117
2024-10-05,2024-10,I2,Pisa,Cesena,draw,home,3.16,"[2.8,3.5)",0.2974402115130393,"[0.28,0.34)",market_non_favorite,AVG_OPEN,False,-1.0,AVG_OPEN_train30_n120_ev0p0_top1_ridge10|I2_draw_2p8_3p5,1211,0.315442,0.4,-0.4,-0.133412,-0.271547,0.0,2.392778,0.242224,2024-10-05,2024-25,1.1505720275988207,1.0,0.0,1.211,0.4,0.4,0.133412,0.271547,0.4149422049551766,0.31121736765835806
2024-10-06,2024-10,I2,Catanzaro,Modena,draw,draw,2.99,"[2.8,3.5)",0.31370508532895813,"[0.28,0.34)",market_non_favorite,AVG_OPEN,True,1.9900000000000002,AVG_OPEN_train30_n120_ev0p0_top1_ridge10|I2_draw_2p8_3p5,1215,0.314403,0.0,-0.2,0.247925,0.322356,0.0,2.418112,0.444893,2024-10-06,2024-25,1.095273387402595,1.0,0.0,1.215,0.0,0.2,0.247925,0.322356,0.44070939066089204,0.3177210780760673
2024-10-18,2024-10,SP1,Alaves,Valladolid,home,away,1.65,"[1.0,1.8)",0.5829400289472029,"[0.55,1.00]",market_favorite,AVG_OPEN,False,-1.0,AVG_OPEN_train30_n120_ev0p0_top1_ridge10|SP1_home_market_ge_55,1230,0.271545,0.4,-0.2,0.066083,0.371464,-1.0,2.401051,0.308409,2024-10-18,2024-25,0.5007752879124892,0.0,1.0,1.23,0.4,0.2,0.066083,0.371464,0.735100875052589,0.21291644383677188
2024-10-19,2024-10,I2,Cittadella,Cosenza,draw,draw,3.09,"[2.8,3.5)",0.3038214431611394,"[0.28,0.34)",market_non_favorite,AVG_OPEN,True,2.09,AVG_OPEN_train30_n120_ev0p0_top1_ridge10|I2_draw_2p8_3p5,1221,0.316134,-0.2,-0.8,0.147541,0.172131,1.0,2.388897,0.211175,2024-10-19,2024-25,1.128171090909654,1.0,0.0,1.221,0.2,0.8,0.147541,0.172131,0.41086239261665336,0.2695647931854588
2024-10-20,2024-10,SP1,Villarreal,Getafe,home,draw,1.73,"[1.0,1.8)",0.5518924716405603,"[0.55,1.00]",market_favorite,AVG_OPEN,False,-1.0,AVG_OPEN_train30_n120_ev0p0_top1_ridge10|SP1_home_market_ge_55,1235,0.270445,0.8,-0.4,0.495935,0.626016,0.0,2.445872,0.666975,2024-10-20,2024-25,0.5481214085096876,0.0,1.0,1.235,0.8,0.4,0.495935,0.626016,0.7553685977604043,0.30678767412549957
2024-10-21,2024-10,SP1,Valencia,Las Palmas,home,away,1.65,"[1.0,1.8)",0.5791074644786872,"[0.55,1.00]",market_favorite,AVG_OPEN,False,-1.0,AVG_OPEN_train30_n120_ev0p0_top1_ridge10|SP1_home_market_ge_55,1239,0.270379,0.8,0.2,0.263968,0.297353,1.0,2.410444,0.383556,2024-10-21,2024-25,0.5007752879124892,0.0,1.0,1.239,0.8,0.2,0.263968,0.297353,0.7523605957674461,0.24139498301628604
2024-10-25,2024-10,I2,Spezia,Bari,draw,draw,3.17,"[2.8,3.5)",0.29683882141267387,"[0.28,0.34)",market_non_favorite,AVG_OPEN,True,2.17,AVG_OPEN_train30_n120_ev0p0_top1_ridge10|I2_draw_2p8_3p5,1230,0.31626,0.4,0.0,-0.036045,-0.268836,-1.0,2.400627,0.305018,2024-10-25,2024-25,1.1537315878891892,1.0,0.0,1.23,0.4,0.0,0.036045,0.268836,0.4154285017612813,0.3169083505832617
2024-10-26,2024-10,I2,Cesena,Brescia,draw,home,3.36,"[2.8,3.5)",0.27965580823601716,"[0.20,0.28)",market_non_favorite,AVG_OPEN,False,-1.0,AVG_OPEN_train30_n120_ev0p0_top1_ridge10|I2_draw_2p8_3p5,1231,0.316816,-0.4,-0.6,-0.159892,-0.135501,-1.0,2.404938,0.339501,2024-10-26,2024-25,1.2119409739751128,1.0,0.0,1.231,0.4,0.6,0.159892,0.135501,0.3406398225389447,0.14454980373085413
2024-10-27,2024-10,I2,Frosinone,Pisa,draw,draw,3.11,"[2.8,3.5)",0.3015094292274684,"[0.28,0.34)",market_non_favorite,AVG_OPEN,True,2.11,AVG_OPEN_train30_n120_ev0p0_top1_ridge10|I2_draw_2p8_3p5,1237,0.316087,-1.8,-2.4,0.230703,0.291726,-1.0,2.37921,0.133676,2024-10-27,2024-25,1.1346227261911428,1.0,0.0,1.237,1.8,2.4,0.230703,0.291726,0.36952266581440246,0.1492154906827916
2024-10-29,2024-10,I2,Reggiana,Cosenza,draw,away,2.91,"[2.8,3.5)",0.32333409115384154,"[0.28,0.34)",market_non_favorite,AVG_OPEN,False,-1.0,AVG_OPEN_train30_n120_ev0p0_top1_ridge10|I2_draw_2p8_3p5,1240,0.316129,0.4,0.4,0.156586,0.180108,0.0,2.401106,0.308845,2024-10-29,2024-25,1.0681530811834012,1.0,0.0,1.24,0.4,0.4,0.156586,0.180108,0.42630302211766363,0.2405417943624013
2024-10-30,2024-10,I2,Pisa,Catanzaro,draw,draw,3.39,"[2.8,3.5)",0.276618065814546,"[0.20,0.28)",market_non_favorite,AVG_OPEN,True,2.39,AVG_OPEN_train30_n120_ev0p0_top1_ridge10|I2_draw_2p8_3p5,1246,0.31862,0.8,0.0,-0.040323,-0.051747,0.0,2.400009,0.300069,2024-10-30,2024-25,1.220829921392359,1.0,0.0,1.246,0.8,0.0,0.040323,0.051747,0.3846519711052434,0.3039701820467753
2024-11-02,2024-11,SP1,Girona,Leganes,home,home,1.71,"[1.0,1.8)",0.5603190937465451,"[0.55,1.00]",market_favorite,AVG_OPEN,True,0.71,AVG_OPEN_train30_n120_ev0p0_top1_ridge10|SP1_home_market_ge_55,1251,0.269384,-0.2,-0.4,0.632184,0.721003,1.0,2.42523,0.501838,2024-11-02,2024-25,0.5364933705145685,0.0,1.0,1.251,0.2,0.4,0.632184,0.721003,0.7572362372670196,0.2948739657266035
2024-11-03,2024-11,I2,Cremonese,Pisa,draw,away,3.31,"[2.8,3.5)",0.28194993412384717,"[0.28,0.34)",market_non_favorite,AVG_OPEN,False,-1.0,AVG_OPEN_train30_n120_ev0p0_top1_ridge10|I2_draw_2p8_3p5,1253,0.321628,0.0,0.0,0.314115,0.28377,1.0,2.408967,0.371737,2024-11-03,2024-25,1.1969481893889715,1.0,0.0,1.253,0.0,0.0,0.314115,0.28377,0.38711012858456756,0.2813345256149187
2024-11-08,2024-11,I2,Frosinone,Palermo,draw,draw,3.17,"[2.8,3.5)",0.29641260028935945,"[0.28,0.34)",market_non_favorite,AVG_OPEN,True,2.17,AVG_OPEN_train30_n120_ev0p0_top1_ridge10|I2_draw_2p8_3p5,1260,0.321429,-0.4,-0.6,0.295455,0.340909,0.0,2.38323,0.165842,2024-11-08,2024-25,1.1537315878891892,1.0,0.0,1.26,0.4,0.6,0.295455,0.340909,0.41182929544262936,0.3054988665531351
2024-11-09,2024-11,I2,Brescia,Cosenza,draw,away,3.18,"[2.8,3.5)",0.2948014047583717,"[0.28,0.34)",market_non_favorite,AVG_OPEN,False,-1.0,AVG_OPEN_train30_n120_ev0p0_top1_ridge10|I2_draw_2p8_3p5,1261,0.321967,-0.2,-0.6,0.293651,0.349206,0.0,2.405395,0.343157,2024-11-09,2024-25,1.1568811967920856,1.0,0.0,1.261,0.2,0.6,0.293651,0.349206,0.409127873967349,0.30102663921617
2024-11-10,2024-11,I2,Juve Stabia,Spezia,draw,away,2.99,"[2.8,3.5)",0.3127303288160521,"[0.28,0.34)",market_non_favorite,AVG_OPEN,False,-1.0,AVG_OPEN_train30_n120_ev0p0_top1_ridge10|I2_draw_2p8_3p5,1266,0.320695,-1.0,-0.8,0.056667,0.1,0.0,2.407131,0.357049,2024-11-10,2024-25,1.095273387402595,1.0,0.0,1.266,1.0,0.8,0.056667,0.1,0.42654129960549364,0.2753584858204261
2024-11-22,2024-11,SP1,Getafe,Valladolid,home,home,1.67,"[1.0,1.8)",0.57366383924895,"[0.55,1.00]",market_favorite,AVG_OPEN,True,0.6699999999999999,AVG_OPEN_train30_n120_ev0p0_top1_ridge10|SP1_home_market_ge_55,1267,0.26835,-0.2,0.0,0.094334,0.614636,0.0,2.385889,0.187109,2024-11-22,2024-25,0.5128236264286637,0.0,1.0,1.267,0.2,0.0,0.094334,0.614636,0.7256862204977842,0.21189598823129963
2024-11-23,2024-11,I2,Cesena,Reggiana,draw,draw,3.34,"[2.8,3.5)",0.28085588527014677,"[0.28,0.34)",market_non_favorite,AVG_OPEN,True,2.34,AVG_OPEN_train30_n120_ev0p0_top1_ridge10|I2_draw_2p8_3p5,1271,0.321007,1.0,0.8,0.419306,0.484163,0.0,2.422252,0.478019,2024-11-23,2024-25,1.205970806988609,1.0,0.0,1.271,1.0,0.8,0.419306,0.484163,0.3656610081447859,0.2213077672035848
2024-11-24,2024-11,I2,Palermo,Sampdoria,draw,draw,3.23,"[2.8,3.5)",0.29031007296525635,"[0.28,0.34)",market_non_favorite,AVG_OPEN,True,2.23,AVG_OPEN_train30_n120_ev0p0_top1_ridge10|I2_draw_2p8_3p5,1276,0.3221,-0.2,0.4,-0.040978,0.092752,1.0,2.414926,0.419405,2024-11-24,2024-25,1.172482137234565,1.0,0.0,1.276,0.2,0.4,0.040978,0.092752,0.3371382405991224,0.08895651713516539
2024-11-30,2024-11,I2,Brescia,Bari,draw,draw,3.12,"[2.8,3.5)",0.3008337715015398,"[0.28,0.34)",market_non_favorite,AVG_OPEN,True,2.12,AVG_OPEN_train30_n120_ev0p0_top1_ridge10|I2_draw_2p8_3p5,1281,0.321624,-0.8,-1.0,-0.032812,-0.158854,1.0,2.39181,0.234483,2024-11-30,2024-25,1.1378330018213911,1.0,0.0,1.281,0.8,1.0,0.032812,0.158854,0.40742736700468773,0.27117338505462585
2024-12-01,2024-12,SP1,Real Madrid,Getafe,home,home,1.36,"[1.0,1.8)",0.6995581737849779,"[0.55,1.00]",market_favorite,AVG_OPEN,True,0.3600000000000001,AVG_OPEN_train30_n120_ev0p0_top1_ridge10|SP1_home_market_ge_55,1282,0.267551,1.4,1.2,1.205278,1.557087,-2.0,2.505672,1.145376,2024-12-01,2024-25,0.3074846997479607,0.0,1.0,1.282,1.4,1.2,1.205278,1.557087,0.9318471020796512,0.26731205882832576
2024-12-07,2024-12,I2,Carrarese,Palermo,draw,home,3.12,"[2.8,3.5)",0.30066276425910693,"[0.28,0.34)",market_non_favorite,AVG_OPEN,False,-1.0,AVG_OPEN_train30_n120_ev0p0_top1_ridge10|I2_draw_2p8_3p5,1291,0.323005,-0.2,-1.0,-0.317949,-0.531868,0.0,2.382212,0.1577,2024-12-07,2024-25,1.1378330018213911,1.0,0.0,1.291,0.2,1.0,0.317949,0.531868,0.4162844355491134,0.2988074389132338
2024-12-08,2024-12,I2,Catanzaro,Brescia,draw,home,3.28,"[2.8,3.5)",0.28485432026068375,"[0.28,0.34)",market_non_favorite,AVG_OPEN,False,-1.0,AVG_OPEN_train30_n120_ev0p0_top1_ridge10|I2_draw_2p8_3p5,1296,0.322531,-0.2,0.0,0.088489,0.199795,0.0,2.415488,0.423901,2024-12-08,2024-25,1.1878434223960523,1.0,0.0,1.296,0.2,0.0,0.088489,0.199795,0.3983498998024228,0.30658767135194664
2024-12-13,2024-12,I2,Pisa,Bari,draw,home,3.18,"[2.8,3.5)",0.2957936330655411,"[0.28,0.34)",market_non_favorite,AVG_OPEN,False,-1.0,AVG_OPEN_train30_n120_ev0p0_top1_ridge10|I2_draw_2p8_3p5,1300,0.321538,-0.2,0.2,0.06388,0.033779,0.0,2.41282,0.402556,2024-12-13,2024-25,1.1568811967920856,1.0,0.0,1.3,0.2,0.2,0.06388,0.033779,0.39903856920426706,0.2689426500695693
2024-12-14,2024-12,I2,Cesena,Cosenza,draw,home,3.43,"[2.8,3.5)",0.2739057197959134,"[0.20,0.28)",market_non_favorite,AVG_OPEN,False,-1.0,AVG_OPEN_train30_n120_ev0p0_top1_ridge10|I2_draw_2p8_3p5,1301,0.321291,0.2,0.2,0.282692,0.448077,0.0,2.412826,0.402611,2024-12-14,2024-25,1.2325602611778486,1.0,0.0,1.301,0.2,0.2,0.282692,0.448077,0.39465915724559225,0.3536809093523814
2024-12-15,2024-12,I2,Salernitana,Juve Stabia,draw,away,3.11,"[2.8,3.5)",0.30134054389648157,"[0.28,0.34)",market_non_favorite,AVG_OPEN,False,-1.0,AVG_OPEN_train30_n120_ev0p0_top1_ridge10|I2_draw_2p8_3p5,1306,0.321593,-0.2,-0.2,-0.3125,-0.25,-1.0,2.360604,0.015168,2024-12-15,2024-25,1.1346227261911428,1.0,0.0,1.306,0.2,0.2,0.3125,0.25,0.4061993342116855,0.2632799293983419
2024-12-20,2024-12,I2,Salernitana,Brescia,draw,draw,3.27,"[2.8,3.5)",0.2872453435943439,"[0.28,0.34)",market_non_favorite,AVG_OPEN,True,2.27,AVG_OPEN_train30_n120_ev0p0_top1_ridge10|I2_draw_2p8_3p5,1310,0.322137,0.2,-0.4,-0.351145,-0.411765,0.0,2.368717,0.04974,2024-12-20,2024-25,1.184789984909162,1.0,0.0,1.31,0.2,0.4,0.351145,0.411765,0.39923131920385424,0.30548641379660335
2024-12-21,2024-12,I2,Carrarese,Cosenza,draw,home,3.0,"[2.8,3.5)",0.3126903976964487,"[0.28,0.34)",market_non_favorite,AVG_OPEN,False,-1.0,AVG_OPEN_train30_n120_ev0p0_top1_ridge10|I2_draw_2p8_3p5,1311,0.322654,0.4,-0.4,0.092501,0.034127,-1.0,2.405901,0.347205,2024-12-21,2024-25,1.0986122886681098,1.0,0.0,1.311,0.4,0.4,0.092501,0.034127,0.4606375535572437,0.3819126606717309
2024-12-22,2024-12,I2,Juve Stabia,Cesena,draw,home,3.02,"[2.8,3.5)",0.3100729533922907,"[0.28,0.34)",market_non_favorite,AVG_OPEN,False,-1.0,AVG_OPEN_train30_n120_ev0p0_top1_ridge10|I2_draw_2p8_3p5,1318,0.320941,0.2,-0.4,0.0,-0.235294,-1.0,2.39759,0.280721,2024-12-22,2024-25,1.1052568313867783,1.0,0.0,1.318,0.2,0.4,0.0,0.235294,0.4698551206746441,0.418962464437425
2024-12-26,2024-12,I2,Frosinone,Salernitana,draw,home,3.1,"[2.8,3.5)",0.30036772622616814,"[0.28,0.34)",market_non_favorite,AVG_OPEN,False,-1.0,AVG_OPEN_train30_n120_ev0p0_top1_ridge10|I2_draw_2p8_3p5,1320,0.321212,0.2,0.0,0.638298,0.793144,-1.0,2.428703,0.529621,2024-12-26,2024-25,1.1314021114911006,1.0,0.0,1.32,0.2,0.0,0.638298,0.793144,0.48972236110350126,0.5181393194208539
2024-12-29,2024-12,I2,Catanzaro,Salernitana,draw,home,3.2,"[2.8,3.5)",0.2924063899387049,"[0.28,0.34)",market_non_favorite,AVG_OPEN,False,-1.0,AVG_OPEN_train30_n120_ev0p0_top1_ridge10|I2_draw_2p8_3p5,1330,0.321805,0.6,0.2,0.526316,0.684211,0.0,2.452594,0.720749,2024-12-29,2024-25,1.1631508098056809,1.0,0.0,1.33,0.6,0.2,0.526316,0.684211,0.4636136398354796,0.48356364747353475
2025-01-12,2025-01,I2,Palermo,Modena,draw,home,3.1,"[2.8,3.5)",0.3012109459495357,"[0.28,0.34)",market_non_favorite,AVG_OPEN,False,-1.0,AVG_OPEN_train30_n120_ev0p0_top1_ridge10|I2_draw_2p8_3p5,1340,0.321642,-1.2,-1.0,0.09375,0.208333,0.0,2.407899,0.363191,2025-01-12,2024-25,1.1314021114911006,1.0,0.0,1.34,1.2,1.0,0.09375,0.208333,0.4109390152976001,0.2739109474225603
2025-01-13,2025-01,I2,Pisa,Carrarese,draw,home,3.36,"[2.8,3.5)",0.27781504551988506,"[0.20,0.28)",market_non_favorite,AVG_OPEN,False,-1.0,AVG_OPEN_train30_n120_ev0p0_top1_ridge10|I2_draw_2p8_3p5,1349,0.323944,0.2,0.2,0.15,0.331343,0.0,2.422074,0.476596,2025-01-13,2024-25,1.2119409739751128,1.0,0.0,1.349,0.2,0.2,0.15,0.331343,0.3621334186583534,0.2167682866920675
2025-01-17,2025-01,I2,Sampdoria,Cesena,draw,away,2.94,"[2.8,3.5)",0.31934664942280977,"[0.28,0.34)",market_non_favorite,AVG_OPEN,False,-1.0,AVG_OPEN_train30_n120_ev0p0_top1_ridge10|I2_draw_2p8_3p5,1350,0.323704,0.0,0.4,0.083939,-0.020178,0.0,2.391846,0.23477,2025-01-17,2024-25,1.0784095813505903,1.0,0.0,1.35,0.0,0.4,0.083939,0.020178,0.38444446142167954,0.13026671657973776
2025-01-18,2025-01,I2,Bari,Brescia,draw,draw,3.17,"[2.8,3.5)",0.2952299458703715,"[0.28,0.34)",market_non_favorite,AVG_OPEN,True,2.17,AVG_OPEN_train30_n120_ev0p0_top1_ridge10|I2_draw_2p8_3p5,1351,0.323464,-0.2,-0.4,0.040703,0.14433,0.0,2.409187,0.373496,2025-01-18,2024-25,1.1537315878891892,1.0,0.0,1.351,0.2,0.4,0.040703,0.14433,0.3835504667360576,0.21585497955330246
2025-01-19,2025-01,I2,Catanzaro,Pisa,draw,draw,2.89,"[2.8,3.5)",0.3234922922489306,"[0.28,0.34)",market_non_favorite,AVG_OPEN,True,1.8900000000000001,AVG_OPEN_train30_n120_ev0p0_top1_ridge10|I2_draw_2p8_3p5,1356,0.323746,-0.8,-0.8,-0.019586,-0.016698,1.0,2.386345,0.190759,2025-01-19,2024-25,1.0612565021243408,1.0,0.0,1.356,0.8,0.8,0.019586,0.016698,0.4178786784445486,0.2076693807047456
2025-01-20,2025-01,SP1,Villarreal,Mallorca,home,home,1.73,"[1.0,1.8)",0.5514616683713518,"[0.55,1.00]",market_favorite,AVG_OPEN,True,0.73,AVG_OPEN_train30_n120_ev0p0_top1_ridge10|SP1_home_market_ge_55,1339,0.268111,-1.0,0.4,0.353383,0.706767,-14.0,2.429275,0.534199,2025-01-20,2024-25,0.5481214085096876,0.0,1.0,1.339,1.0,0.4,0.353383,0.706767,0.7173381933777876,0.2409950745435725
2025-01-24,2025-01,I2,Spezia,Sassuolo,draw,home,3.08,"[2.8,3.5)",0.3041230882101604,"[0.28,0.34)",market_non_favorite,AVG_OPEN,False,-1.0,AVG_OPEN_train30_n120_ev0p0_top1_ridge10|I2_draw_2p8_3p5,1360,0.323529,-0.8,0.0,-0.930303,-1.110606,0.0,2.392496,0.239969,2025-01-24,2024-25,1.1249295969854831,1.0,0.0,1.36,0.8,0.0,0.930303,1.110606,0.37192621911726664,0.14553275488118134
2025-01-25,2025-01,SP1,Ath Madrid,Villarreal,home,draw,1.7,"[1.0,1.8)",0.5604088584005302,"[0.55,1.00]",market_favorite,AVG_OPEN,False,-1.0,AVG_OPEN_train30_n120_ev0p0_top1_ridge10|SP1_home_market_ge_55,1341,0.268456,1.0,-0.4,0.440299,0.410448,2.0,2.434937,0.579497,2025-01-25,2024-25,0.5306282510621704,0.0,1.0,1.341,1.0,0.4,0.440299,0.410448,0.8004211671778464,0.36071598420233886
2025-01-26,2025-01,I2,Reggiana,Palermo,draw,home,2.95,"[2.8,3.5)",0.31785644223505,"[0.28,0.34)",market_non_favorite,AVG_OPEN,False,-1.0,AVG_OPEN_train30_n120_ev0p0_top1_ridge10|I2_draw_2p8_3p5,1366,0.323572,-0.4,-0.4,-0.177551,-0.289116,1.0,2.380628,0.145024,2025-01-26,2024-25,1.0818051703517284,1.0,0.0,1.366,0.4,0.4,0.177551,0.289116,0.41329690663521,0.21922587457386955
2025-01-31,2025-01,I2,Palermo,Pisa,draw,away,2.94,"[2.8,3.5)",0.3185442423696399,"[0.28,0.34)",market_non_favorite,AVG_OPEN,False,-1.0,AVG_OPEN_train30_n120_ev0p0_top1_ridge10|I2_draw_2p8_3p5,1370,0.323358,-0.8,-0.6,-0.154612,-0.129765,0.0,2.378975,0.131802,2025-01-31,2024-25,1.0784095813505903,1.0,0.0,1.37,0.8,0.6,0.154612,0.129765,0.40825288796530795,0.2002634906180054
2025-02-01,2025-02,I2,Cittadella,Spezia,draw,away,3.16,"[2.8,3.5)",0.29641698963853513,"[0.28,0.34)",market_non_favorite,AVG_OPEN,False,-1.0,AVG_OPEN_train30_n120_ev0p0_top1_ridge10|I2_draw_2p8_3p5,1371,0.323122,0.4,-0.2,-0.22544,-0.335527,-1.0,2.36414,0.01312,2025-02-01,2024-25,1.1505720275988207,1.0,0.0,1.371,0.4,0.2,0.22544,0.335527,0.3926077709803662,0.24064055629795722
2025-02-02,2025-02,I2,Sudtirol,Reggiana,draw,home,2.83,"[2.8,3.5)",0.3309969653436448,"[0.28,0.34)",market_non_favorite,AVG_OPEN,False,-1.0,AVG_OPEN_train30_n120_ev0p0_top1_ridge10|I2_draw_2p8_3p5,1376,0.321948,-1.0,-0.6,0.05332,0.03643,1.0,2.392632,0.241059,2025-02-02,2024-25,1.0402767116551463,1.0,0.0,1.376,1.0,0.6,0.05332,0.03643,0.45130097213197123,0.27718175113347865
2025-02-03,2025-02,SP1,Girona,Las Palmas,home,home,1.62,"[1.0,1.8)",0.5877650349043924,"[0.55,1.00]",market_favorite,AVG_OPEN,True,0.6200000000000001,AVG_OPEN_train30_n120_ev0p0_top1_ridge10|SP1_home_market_ge_55,1359,0.269316,0.2,0.8,0.561069,0.805871,-2.0,2.437667,0.601334,2025-02-03,2024-25,0.4824261492442928,0.0,1.0,1.359,0.2,0.8,0.561069,0.805871,0.7391808760870187,0.19747301926097038
2025-02-07,2025-02,I2,Brescia,Salernitana,draw,draw,3.02,"[2.8,3.5)",0.3095791441418684,"[0.28,0.34)",market_non_favorite,AVG_OPEN,True,2.02,AVG_OPEN_train30_n120_ev0p0_top1_ridge10|I2_draw_2p8_3p5,1380,0.321014,0.0,0.2,0.34058,0.416667,0.0,2.431639,0.55311,2025-02-07,2024-25,1.1052568313867783,1.0,0.0,1.38,0.0,0.2,0.34058,0.416667,0.43578738336988154,0.3160778977770422
2025-02-08,2025-02,I2,Frosinone,Catanzaro,draw,draw,2.97,"[2.8,3.5)",0.3136,"[0.28,0.34)",market_non_favorite,AVG_OPEN,True,1.9700000000000002,AVG_OPEN_train30_n120_ev0p0_top1_ridge10|I2_draw_2p8_3p5,1381,0.321506,-1.8,-2.2,0.057742,0.071935,-1.0,2.362644,0.001149,2025-02-08,2024-25,1.0885619528146082,1.0,0.0,1.381,1.8,2.2,0.057742,0.071935,0.42910431120783815,0.2744398042872793
2025-02-09,2025-02,I2,Juve Stabia,Bari,draw,home,2.86,"[2.8,3.5)",0.32509203707332535,"[0.28,0.34)",market_non_favorite,AVG_OPEN,False,-1.0,AVG_OPEN_train30_n120_ev0p0_top1_ridge10|I2_draw_2p8_3p5,1386,0.321068,-0.8,-1.0,-0.015,-0.275,1.0,2.398443,0.287541,2025-02-09,2024-25,1.0508216248317612,1.0,0.0,1.386,0.8,1.0,0.015,0.275,0.4646129342762174,0.3287929920299817
2025-02-14,2025-02,I2,Catanzaro,Cittadella,draw,home,3.12,"[2.8,3.5)",0.3000363609919278,"[0.28,0.34)",market_non_favorite,AVG_OPEN,False,-1.0,AVG_OPEN_train30_n120_ev0p0_top1_ridge10|I2_draw_2p8_3p5,1390,0.320863,0.4,0.8,0.286399,0.462601,0.0,2.434673,0.577386,2025-02-14,2024-25,1.1378330018213911,1.0,0.0,1.39,0.4,0.8,0.286399,0.462601,0.40241641322371424,0.25553920925798845
2025-02-15,2025-02,I2,Carrarese,Salernitana,draw,home,2.98,"[2.8,3.5)",0.3136338555687461,"[0.28,0.34)",market_non_favorite,AVG_OPEN,False,-1.0,AVG_OPEN_train30_n120_ev0p0_top1_ridge10|I2_draw_2p8_3p5,1391,0.320633,-1.4,-1.6,0.08,0.0,-1.0,2.423654,0.48923,2025-02-15,2024-25,1.091923300517313,1.0,0.0,1.391,1.4,1.6,0.08,0.0,0.4390588745507888,0.3083954461613505
2025-02-16,2025-02,I2,Frosinone,Reggiana,draw,draw,2.89,"[2.8,3.5)",0.32289252591842527,"[0.28,0.34)",market_non_favorite,AVG_OPEN,True,1.8900000000000001,AVG_OPEN_train30_n120_ev0p0_top1_ridge10|I2_draw_2p8_3p5,1396,0.320917,-0.4,-0.8,0.393682,0.517209,1.0,2.395484,0.263872,2025-02-16,2024-25,1.0612565021243408,1.0,0.0,1.396,0.4,0.8,0.393682,0.517209,0.4690165755713892,0.3554579034013148
2025-02-17,2025-02,SP1,Barcelona,Vallecano,home,home,1.2,"[1.0,1.8)",0.794586453944917,"[0.55,1.00]",market_favorite,AVG_OPEN,True,0.19999999999999996,AVG_OPEN_train30_n120_ev0p0_top1_ridge10|SP1_home_market_ge_55,1379,0.270486,-0.6,1.0,0.948905,1.379562,-2.0,2.483515,0.968123,2025-02-17,2024-25,0.1823215567939546,0.0,1.0,1.379,0.6,1.0,0.948905,1.379562,0.9296427097753099,0.11557125173037197
2025-02-21,2025-02,SP1,Celta,Osasuna,home,home,1.7,"[1.0,1.8)",0.5636052481460354,"[0.55,1.00]",market_favorite,AVG_OPEN,True,0.7,AVG_OPEN_train30_n120_ev0p0_top1_ridge10|SP1_home_market_ge_55,1380,0.27029,-0.4,-0.4,-0.130435,0.072464,0.0,2.394476,0.255804,2025-02-21,2024-25,0.5306282510621704,0.0,1.0,1.38,0.4,0.4,0.130435,0.072464,0.6908266013506176,0.17440522229604993
2025-02-22,2025-02,I2,Pisa,Juve Stabia,draw,home,3.16,"[2.8,3.5)",0.29553714817006166,"[0.28,0.34)",market_non_favorite,AVG_OPEN,False,-1.0,AVG_OPEN_train30_n120_ev0p0_top1_ridge10|I2_draw_2p8_3p5,1401,0.322627,-0.2,-0.4,0.014286,0.158791,0.0,2.417666,0.441326,2025-02-22,2024-25,1.1505720275988207,1.0,0.0,1.401,0.2,0.4,0.014286,0.158791,0.4013407145800149,0.26823665807284724
2025-02-23,2025-02,I2,Brescia,Sudtirol,draw,draw,2.93,"[2.8,3.5)",0.3181842648989073,"[0.28,0.34)",market_non_favorite,AVG_OPEN,True,1.9300000000000002,AVG_OPEN_train30_n120_ev0p0_top1_ridge10|I2_draw_2p8_3p5,1406,0.322191,-0.8,-0.8,0.02465,0.083754,0.0,2.402284,0.318269,2025-02-23,2024-25,1.075002423028976,1.0,0.0,1.406,0.8,0.8,0.02465,0.083754,0.4361278346785282,0.2778545556080878
2025-02-28,2025-02,I2,Sudtirol,Spezia,draw,draw,3.27,"[2.8,3.5)",0.2869709865393054,"[0.28,0.34)",market_non_favorite,AVG_OPEN,True,2.27,AVG_OPEN_train30_n120_ev0p0_top1_ridge10|I2_draw_2p8_3p5,1410,0.322695,0.4,0.4,-0.145183,-0.235549,0.0,2.371169,0.069349,2025-02-28,2024-25,1.184789984909162,1.0,0.0,1.41,0.4,0.4,0.145183,0.235549,0.36871525996560955,0.20569890008754332
2025-03-01,2025-03,I2,Frosinone,Mantova,draw,home,3.22,"[2.8,3.5)",0.29004657207841433,"[0.28,0.34)",market_non_favorite,AVG_OPEN,False,-1.0,AVG_OPEN_train30_n120_ev0p0_top1_ridge10|I2_draw_2p8_3p5,1411,0.323175,0.2,0.4,0.498741,0.653722,-1.0,2.391341,0.230726,2025-03-01,2024-25,1.169381359556317,1.0,0.0,1.411,0.2,0.4,0.498741,0.653722,0.44757193028197184,0.4411816155079493
2025-03-02,2025-03,I2,Bari,Sampdoria,draw,draw,2.95,"[2.8,3.5)",0.3155081106571573,"[0.28,0.34)",market_non_favorite,AVG_OPEN,True,1.9500000000000002,AVG_OPEN_train30_n120_ev0p0_top1_ridge10|I2_draw_2p8_3p5,1416,0.32274,0.0,-0.2,0.065273,0.197461,-1.0,2.41247,0.399763,2025-03-02,2024-25,1.0818051703517284,1.0,0.0,1.416,0.0,0.2,0.065273,0.197461,0.4284424424981363,0.2639052053695021
2025-03-07,2025-03,I2,Cosenza,Reggiana,draw,home,2.91,"[2.8,3.5)",0.3220577041955601,"[0.28,0.34)",market_non_favorite,AVG_OPEN,False,-1.0,AVG_OPEN_train30_n120_ev0p0_top1_ridge10|I2_draw_2p8_3p5,1420,0.323944,0.2,-0.6,-0.139565,-0.198464,0.0,2.388418,0.207344,2025-03-07,2024-25,1.0681530811834012,1.0,0.0,1.42,0.2,0.6,0.139565,0.198464,0.4242134739028403,0.2344612090572653
2025-03-08,2025-03,I2,Brescia,Cesena,draw,draw,2.98,"[2.8,3.5)",0.3141426361425266,"[0.28,0.34)",market_non_favorite,AVG_OPEN,True,1.98,AVG_OPEN_train30_n120_ev0p0_top1_ridge10|I2_draw_2p8_3p5,1421,0.323716,-1.0,-0.8,-0.11167,-0.092555,-1.0,2.382434,0.159468,2025-03-08,2024-25,1.091923300517313,1.0,0.0,1.421,1.0,0.8,0.11167,0.092555,0.42829505071513474,0.27631925113110145
2025-03-09,2025-03,I2,Cittadella,Sudtirol,draw,away,2.88,"[2.8,3.5)",0.3243551700524994,"[0.28,0.34)",market_non_favorite,AVG_OPEN,False,-1.0,AVG_OPEN_train30_n120_ev0p0_top1_ridge10|I2_draw_2p8_3p5,1427,0.324457,-0.4,-0.8,-0.065683,-0.122156,-1.0,2.391798,0.234385,2025-03-09,2024-25,1.0577902941478545,1.0,0.0,1.427,0.4,0.8,0.065683,0.122156,0.4289792106777713,0.23546012675198136
2025-03-14,2025-03,I2,Palermo,Cremonese,draw,away,3.04,"[2.8,3.5)",0.30932132733033185,"[0.28,0.34)",market_non_favorite,AVG_OPEN,False,-1.0,AVG_OPEN_train30_n120_ev0p0_top1_ridge10|I2_draw_2p8_3p5,1430,0.324476,0.2,-0.2,-0.352381,-0.342857,0.0,2.389395,0.21516,2025-03-14,2024-25,1.1118575154181303,1.0,0.0,1.43,0.2,0.2,0.352381,0.342857,0.39218553162603476,0.19224401614314557
2025-03-15,2025-03,I2,Bari,Salernitana,draw,draw,3.11,"[2.8,3.5)",0.3017637989768085,"[0.28,0.34)",market_non_favorite,AVG_OPEN,True,2.11,AVG_OPEN_train30_n120_ev0p0_top1_ridge10|I2_draw_2p8_3p5,1431,0.324249,0.2,0.2,0.380952,0.547126,-1.0,2.440347,0.622776,2025-03-15,2024-25,1.1346227261911428,1.0,0.0,1.431,0.2,0.2,0.380952,0.547126,0.42068223506603164,0.3083217510553584
2025-03-16,2025-03,I2,Catanzaro,Cosenza,draw,home,3.27,"[2.8,3.5)",0.2866052153651098,"[0.28,0.34)",market_non_favorite,AVG_OPEN,False,-1.0,AVG_OPEN_train30_n120_ev0p0_top1_ridge10|I2_draw_2p8_3p5,1436,0.324513,0.2,0.4,0.481369,0.579585,-1.0,2.438216,0.605725,2025-03-16,2024-25,1.184789984909162,1.0,0.0,1.436,0.2,0.4,0.481369,0.579585,0.39318768560411416,0.2857237319254533
2025-03-27,2025-03,SP1,Barcelona,Osasuna,home,home,1.28,"[1.0,1.8)",0.7423808739890287,"[0.55,1.00]",market_favorite,AVG_OPEN,True,0.28,AVG_OPEN_train30_n120_ev0p0_top1_ridge10|SP1_home_market_ge_55,1418,0.270804,2.4,2.8,0.907801,1.411348,0.0,2.494023,1.052186,2025-03-27,2024-25,0.2468600779315258,0.0,1.0,1.418,2.4,2.8,0.907801,1.411348,0.8608364830981063,0.10187069836557616
2025-03-29,2025-03,I2,Modena,Catanzaro,draw,home,3.08,"[2.8,3.5)",0.3038579694015231,"[0.28,0.34)",market_non_favorite,AVG_OPEN,False,-1.0,AVG_OPEN_train30_n120_ev0p0_top1_ridge10|I2_draw_2p8_3p5,1441,0.324774,-1.0,-0.4,-0.332408,-0.377913,1.0,2.374505,0.09604,2025-03-29,2024-25,1.1249295969854831,1.0,0.0,1.441,1.0,0.4,0.332408,0.377913,0.40385072211505046,0.24386022411435548
2025-03-30,2025-03,I2,Carrarese,Bari,draw,home,3.14,"[2.8,3.5)",0.2977020825394721,"[0.28,0.34)",market_non_favorite,AVG_OPEN,False,-1.0,AVG_OPEN_train30_n120_ev0p0_top1_ridge10|I2_draw_2p8_3p5,1447,0.324119,-0.2,-0.2,-0.277358,-0.465409,-1.0,2.384809,0.178473,2025-03-30,2024-25,1.144222799920162,1.0,0.0,1.447,0.2,0.2,0.277358,0.465409,0.4030451861989584,0.2655618846647294
2025-03-31,2025-03,SP1,Celta,Las Palmas,home,draw,1.57,"[1.0,1.8)",0.6042779512082321,"[0.55,1.00]",market_favorite,AVG_OPEN,False,-1.0,AVG_OPEN_train30_n120_ev0p0_top1_ridge10|SP1_home_market_ge_55,1428,0.270308,1.8,1.6,0.205292,0.291507,-1.0,2.422236,0.47789,2025-03-31,2024-25,0.45107561936021673,0.0,1.0,1.428,1.8,1.6,0.205292,0.291507,0.7369261681346477,0.1569740839713969
2025-04-04,2025-04,I2,Reggiana,Cremonese,draw,away,3.11,"[2.8,3.5)",0.30256379174495424,"[0.28,0.34)",market_non_favorite,AVG_OPEN,False,-1.0,AVG_OPEN_train30_n120_ev0p0_top1_ridge10|I2_draw_2p8_3p5,1450,0.323448,-1.0,-1.8,-0.584044,-0.723012,0.0,2.358908,0.028737,2025-04-04,2024-25,1.1346227261911428,1.0,0.0,1.45,1.0,1.8,0.584044,0.723012,0.38519602695243227,0.19795964382206432
2025-04-05,2025-04,I2,Brescia,Mantova,draw,away,3.28,"[2.8,3.5)",0.2852062812726186,"[0.28,0.34)",market_non_favorite,AVG_OPEN,False,-1.0,AVG_OPEN_train30_n120_ev0p0_top1_ridge10|I2_draw_2p8_3p5,1451,0.323225,0.2,0.2,0.252725,0.301891,1.0,2.401183,0.309466,2025-04-05,2024-25,1.1878434223960523,1.0,0.0,1.451,0.2,0.2,0.252725,0.301891,0.3813168126066222,0.25071914534972084
2025-04-06,2025-04,I2,Catanzaro,Bari,draw,draw,3.16,"[2.8,3.5)",0.2967008064875101,"[0.28,0.34)",market_non_favorite,AVG_OPEN,True,2.16,AVG_OPEN_train30_n120_ev0p0_top1_ridge10|I2_draw_2p8_3p5,1457,0.323953,0.2,0.0,0.171746,0.124881,1.0,2.416763,0.434101,2025-04-06,2024-25,1.1505720275988207,1.0,0.0,1.457,0.2,0.0,0.171746,0.124881,0.3702506804071107,0.16999215008646984
2025-04-11,2025-04,I2,Bari,Palermo,draw,home,3.15,"[2.8,3.5)",0.29794015962414033,"[0.28,0.34)",market_non_favorite,AVG_OPEN,False,-1.0,AVG_OPEN_train30_n120_ev0p0_top1_ridge10|I2_draw_2p8_3p5,1460,0.323973,-1.2,-0.8,-0.027778,-0.027778,0.0,2.386226,0.18981,2025-04-11,2024-25,1.1474024528375417,1.0,0.0,1.46,1.2,0.8,0.027778,0.027778,0.3990661535711191,0.257058383749025
2025-04-12,2025-04,SP1,Celta,Espanol,home,away,1.64,"[1.0,1.8)",0.5818448746473996,"[0.55,1.00]",market_favorite,AVG_OPEN,False,-1.0,AVG_OPEN_train30_n120_ev0p0_top1_ridge10|SP1_home_market_ge_55,1440,0.270833,0.6,-0.2,0.144246,0.23254,-1.0,2.40144,0.311516,2025-04-12,2024-25,0.494696241836107,0.0,1.0,1.44,0.6,0.2,0.144246,0.23254,0.7606607576020145,0.2474836424673037
2025-04-13,2025-04,I2,Cesena,Frosinone,draw,draw,3.08,"[2.8,3.5)",0.3035822004546162,"[0.28,0.34)",market_non_favorite,AVG_OPEN,True,2.08,AVG_OPEN_train30_n120_ev0p0_top1_ridge10|I2_draw_2p8_3p5,1467,0.32379,-1.4,-1.0,-0.27662,-0.329861,0.0,2.40905,0.372404,2025-04-13,2024-25,1.1249295969854831,1.0,0.0,1.467,1.4,1.0,0.27662,0.329861,0.3867905286286431,0.1913148281762207
2025-04-14,2025-04,SP1,Ath Madrid,Valladolid,home,home,1.13,"[1.0,1.8)",0.8412294965505265,"[0.55,1.00]",market_favorite,AVG_OPEN,True,0.1299999999999999,AVG_OPEN_train30_n120_ev0p0_top1_ridge10|SP1_home_market_ge_55,1448,0.269337,1.2,1.2,1.148693,1.947304,0.0,2.501629,1.11303,2025-04-14,2024-25,0.12221763272424911,0.0,1.0,1.448,1.2,1.2,1.148693,1.947304,0.98,0.10739999999999994
2025-04-19,2025-04,SP1,Barcelona,Celta,home,home,1.3,"[1.0,1.8)",0.7330830216068337,"[0.55,1.00]",market_favorite,AVG_OPEN,True,0.30000000000000004,AVG_OPEN_train30_n120_ev0p0_top1_ridge10|SP1_home_market_ge_55,1450,0.268966,0.6,1.6,0.986207,1.324138,0.0,2.49082,1.026564,2025-04-19,2024-25,0.26236426446749106,0.0,1.0,1.45,0.6,1.6,0.986207,1.324138,0.8383724448329493,0.08988417828283413
2025-04-20,2025-04,SP1,Real Madrid,Ath Bilbao,home,home,1.67,"[1.0,1.8)",0.5697333463398959,"[0.55,1.00]",market_favorite,AVG_OPEN,True,0.6699999999999999,AVG_OPEN_train30_n120_ev0p0_top1_ridge10|SP1_home_market_ge_55,1454,0.269601,0.6,0.0,0.648276,0.848276,0.0,2.436066,0.588526,2025-04-20,2024-25,0.5128236264286637,0.0,1.0,1.454,0.6,0.0,0.648276,0.848276,0.7934564528600794,0.3250722762763325
2025-04-22,2025-04,SP1,Barcelona,Mallorca,home,home,1.23,"[1.0,1.8)",0.7764052040159947,"[0.55,1.00]",market_favorite,AVG_OPEN,True,0.22999999999999998,AVG_OPEN_train30_n120_ev0p0_top1_ridge10|SP1_home_market_ge_55,1459,0.270048,1.2,1.4,1.0,1.513699,0.0,2.494874,1.058988,2025-04-22,2024-25,0.20701416938432612,0.0,1.0,1.459,1.2,1.4,1.0,1.513699,0.9372992912566307,0.15287812824565572
2025-04-23,2025-04,SP1,Ath Bilbao,Las Palmas,home,home,1.36,"[1.0,1.8)",0.6981400495284261,"[0.55,1.00]",market_favorite,AVG_OPEN,True,0.3600000000000001,AVG_OPEN_train30_n120_ev0p0_top1_ridge10|SP1_home_market_ge_55,1461,0.270363,0.0,0.2,0.55362,0.79726,-1.0,2.459888,0.779107,2025-04-23,2024-25,0.3074846997479607,0.0,1.0,1.461,0.0,0.2,0.55362,0.79726,0.8376505593562203,0.13920476072445975
2025-04-24,2025-04,SP1,Ath Madrid,Vallecano,home,home,1.55,"[1.0,1.8)",0.6129589308506644,"[0.55,1.00]",market_favorite,AVG_OPEN,True,0.55,AVG_OPEN_train30_n120_ev0p0_top1_ridge10|SP1_home_market_ge_55,1465,0.269625,0.4,0.8,0.80137,1.054795,0.0,2.469529,0.856235,2025-04-24,2024-25,0.4382549309311553,0.0,1.0,1.465,0.4,0.8,0.80137,1.054795,0.7670453047960129,0.18892022243382
2025-04-25,2025-04,I2,Frosinone,Spezia,draw,draw,3.4,"[2.8,3.5)",0.27517387360145146,"[0.20,0.28)",market_non_favorite,AVG_OPEN,True,2.4,AVG_OPEN_train30_n120_ev0p0_top1_ridge10|I2_draw_2p8_3p5,1470,0.32517,0.6,0.6,0.163975,0.202869,0.0,2.376118,0.108941,2025-04-25,2024-25,1.2237754316221157,1.0,0.0,1.47,0.6,0.6,0.163975,0.202869,0.37266752356734806,0.2670695801289833
2025-04-27,2025-04,I2,Catanzaro,Palermo,draw,away,3.29,"[2.8,3.5)",0.2840013674757565,"[0.28,0.34)",market_non_favorite,AVG_OPEN,False,-1.0,AVG_OPEN_train30_n120_ev0p0_top1_ridge10|I2_draw_2p8_3p5,1478,0.324087,-0.4,-0.4,0.14498,0.101822,-1.0,2.403608,0.328861,2025-04-27,2024-25,1.1908875647772805,1.0,0.0,1.478,0.4,0.4,0.14498,0.101822,0.37561707981890635,0.23578019260420202
2025-05-01,2025-05,I2,Juve Stabia,Catanzaro,draw,home,3.47,"[2.8,3.5)",0.26974598712463016,"[0.20,0.28)",market_non_favorite,AVG_OPEN,False,-1.0,AVG_OPEN_train30_n120_ev0p0_top1_ridge10|I2_draw_2p8_3p5,1480,0.323649,1.0,-0.0,-0.029412,-0.208333,0.0,2.395158,0.261261,2025-05-01,2024-25,1.244154593958768,1.0,0.0,1.48,1.0,0.0,0.029412,0.208333,0.3913669272484903,0.35804323755226153
2025-05-03,2025-05,SP1,Villarreal,Osasuna,home,home,1.54,"[1.0,1.8)",0.6184682994801436,"[0.55,1.00]",market_favorite,AVG_OPEN,True,0.54,AVG_OPEN_train30_n120_ev0p0_top1_ridge10|SP1_home_market_ge_55,1471,0.269205,-0.6,-0.8,0.285714,0.62585,-3.0,2.429137,0.533098,2025-05-03,2024-25,0.43178241642553783,0.0,1.0,1.471,0.6,0.8,0.285714,0.62585,0.7865039669556262,0.21121610911166444
2025-05-04,2025-05,I2,Cesena,Palermo,draw,home,3.12,"[2.8,3.5)",0.29973183203691056,"[0.28,0.34)",market_non_favorite,AVG_OPEN,False,-1.0,AVG_OPEN_train30_n120_ev0p0_top1_ridge10|I2_draw_2p8_3p5,1490,0.322148,-1.4,-1.8,-0.121236,-0.25843,0.0,2.380984,0.14787,2025-05-04,2024-25,1.1378330018213911,1.0,0.0,1.49,1.4,1.8,0.121236,0.25843,0.405988865998953,0.2666852619167335
2025-05-09,2025-05,I2,Sassuolo,Catanzaro,draw,away,3.32,"[2.8,3.5)",0.28231449015532534,"[0.28,0.34)",market_non_favorite,AVG_OPEN,False,-1.0,AVG_OPEN_train30_n120_ev0p0_top1_ridge10|I2_draw_2p8_3p5,1500,0.322667,1.4,1.6,0.804805,1.018769,0.0,2.434978,0.579821,2025-05-09,2024-25,1.199964782928397,1.0,0.0,1.5,1.4,1.6,0.804805,1.018769,0.4470668198602227,0.48426184193593924
2025-05-10,2025-05,SP1,Ath Madrid,Sociedad,home,home,1.68,"[1.0,1.8)",0.5672257134851699,"[0.55,1.00]",market_favorite,AVG_OPEN,True,0.6799999999999999,AVG_OPEN_train30_n120_ev0p0_top1_ridge10|SP1_home_market_ge_55,1481,0.269413,1.0,1.2,0.371622,0.601351,1.0,2.450718,0.705748,2025-05-10,2024-25,0.5187937934151675,0.0,1.0,1.481,1.0,1.2,0.371622,0.601351,0.6801822982312443,0.14270626102849038
2025-05-11,2025-05,SP1,Betis,Osasuna,home,draw,1.64,"[1.0,1.8)",0.5796975761618858,"[0.55,1.00]",market_favorite,AVG_OPEN,False,-1.0,AVG_OPEN_train30_n120_ev0p0_top1_ridge10|SP1_home_market_ge_55,1486,0.268506,0.0,1.0,0.337838,0.527027,-1.0,2.432091,0.55673,2025-05-11,2024-25,0.494696241836107,0.0,1.0,1.486,0.0,1.0,0.337838,0.527027,0.6632949685014884,0.08780374834244098
2025-05-13,2025-05,I2,Sassuolo,Frosinone,draw,away,3.21,"[2.8,3.5)",0.29160157702893696,"[0.28,0.34)",market_non_favorite,AVG_OPEN,False,-1.0,AVG_OPEN_train30_n120_ev0p0_top1_ridge10|I2_draw_2p8_3p5,1510,0.321854,1.4,1.4,0.640995,0.789524,0.0,2.445045,0.660359,2025-05-13,2024-25,1.1662709371419244,1.0,0.0,1.51,1.4,1.4,0.640995,0.789524,0.43694278336366477,0.4025863345973639
2025-05-14,2025-05,SP1,Real Madrid,Mallorca,home,home,1.38,"[1.0,1.8)",0.6905711550733886,"[0.55,1.00]",market_favorite,AVG_OPEN,True,0.3799999999999999,AVG_OPEN_train30_n120_ev0p0_top1_ridge10|SP1_home_market_ge_55,1493,0.267917,1.0,0.4,1.060403,1.577181,-1.0,2.490149,1.021196,2025-05-14,2024-25,0.3220834991691132,0.0,1.0,1.493,1.0,0.4,1.060403,1.577181,0.9459238950951309,0.30537497523128043
2025-05-24,2025-05,SP1,Real Madrid,Sociedad,home,home,1.42,"[1.0,1.8)",0.6697674418604651,"[0.55,1.00]",market_favorite,AVG_OPEN,True,0.41999999999999993,AVG_OPEN_train30_n120_ev0p0_top1_ridge10|SP1_home_market_ge_55,1511,0.266049,1.6,1.8,0.668874,1.092715,0.0,2.482174,0.957391,2025-05-24,2024-25,0.35065687161316933,0.0,1.0,1.511,1.6,1.8,0.668874,1.092715,0.8493156892281555,0.20602827870398066
2025-05-25,2025-05,SP1,Villarreal,Sevilla,home,home,1.46,"[1.0,1.8)",0.6510557045715807,"[0.55,1.00]",market_favorite,AVG_OPEN,True,0.45999999999999996,AVG_OPEN_train30_n120_ev0p0_top1_ridge10|SP1_home_market_ge_55,1517,0.266315,2.2,2.2,0.278146,0.423841,0.0,2.448693,0.689546,2025-05-25,2024-25,0.37843643572024505,0.0,1.0,1.517,2.2,2.2,0.278146,0.423841,0.784477188443892,0.14533669512808234
2025-08-17,2025-08,SP1,Ath Bilbao,Sevilla,home,home,1.55,"[1.0,1.8)",0.6069305411246154,"[0.55,1.00]",market_favorite,AVG_OPEN,True,0.55,AVG_OPEN_train30_n120_ev0p0_top1_ridge10|SP1_home_market_ge_55,1525,0.265574,1.2,1.0,0.282895,0.414474,0.0,2.45682,0.75456,2025-08-17,2025-26,0.4382549309311553,0.0,1.0,1.525,1.2,1.0,0.282895,0.414474,0.7310347894137345,0.13310392359128853
2025-08-19,2025-08,SP1,Real Madrid,Osasuna,home,home,1.2,"[1.0,1.8)",0.7865558164078486,"[0.55,1.00]",market_favorite,AVG_OPEN,True,0.19999999999999996,AVG_OPEN_train30_n120_ev0p0_top1_ridge10|SP1_home_market_ge_55,1529,0.265533,0.8,0.6,0.960526,1.467105,0.0,2.478855,0.930837,2025-08-19,2025-26,0.1823215567939546,0.0,1.0,1.529,0.8,0.6,0.960526,1.467105,0.9755714534081512,0.17068574408978132
2025-08-22,2025-08,I2,Pescara,Cesena,draw,away,3.18,"[2.8,3.5)",0.28962752895324706,"[0.28,0.34)",market_non_favorite,AVG_OPEN,False,-1.0,AVG_OPEN_train30_n120_ev0p0_top1_ridge10|I2_draw_2p8_3p5,1520,0.322368,-0.8,0.4,-0.394737,0.026316,-14.0,2.407091,0.356728,2025-08-22,2025-26,1.1568811967920856,1.0,0.0,1.52,0.8,0.4,0.394737,0.026316,0.40282224580929765,0.2809747416735666
2025-08-23,2025-08,I2,Virtus Entella,Juve Stabia,draw,draw,3.11,"[2.8,3.5)",0.2954959267585889,"[0.28,0.34)",market_non_favorite,AVG_OPEN,True,2.11,AVG_OPEN_train30_n120_ev0p0_top1_ridge10|I2_draw_2p8_3p5,1521,0.322156,0.0,0.2,-0.447368,-0.026316,-14.0,2.404663,0.337304,2025-08-23,2025-26,1.1346227261911428,1.0,0.0,1.521,0.0,0.2,0.447368,0.026316,0.3959680707516051,0.23146070003749197
2025-08-24,2025-08,I2,Catanzaro,Sudtirol,draw,draw,3.01,"[2.8,3.5)",0.30557113755129756,"[0.28,0.34)",market_non_favorite,AVG_OPEN,True,2.01,AVG_OPEN_train30_n120_ev0p0_top1_ridge10|I2_draw_2p8_3p5,1525,0.321967,-1.2,-1.2,0.162281,0.241228,0.0,2.413283,0.406261,2025-08-24,2025-26,1.1019400787607843,1.0,0.0,1.525,1.2,1.2,0.162281,0.241228,0.4246502724322828,0.27819732002117115
2025-08-25,2025-08,SP1,Ath Bilbao,Vallecano,home,home,1.69,"[1.0,1.8)",0.5548431479632016,"[0.55,1.00]",market_favorite,AVG_OPEN,True,0.69,AVG_OPEN_train30_n120_ev0p0_top1_ridge10|SP1_home_market_ge_55,1538,0.26593,0.2,-0.4,0.411765,0.660131,-2.0,2.448453,0.687626,2025-08-25,2025-26,0.5247285289349821,0.0,1.0,1.538,0.2,0.4,0.411765,0.660131,0.7579487167944226,0.28093333138257415
2025-08-30,2025-08,I2,Mantova,Pescara,draw,home,3.33,"[2.8,3.5)",0.27656924369261077,"[0.20,0.28)",market_non_favorite,AVG_OPEN,False,-1.0,AVG_OPEN_train30_n120_ev0p0_top1_ridge10|I2_draw_2p8_3p5,1531,0.321359,1.4,2.2,1.128205,1.74359,-1.0,2.385799,0.186394,2025-08-30,2025-26,1.2029723039923526,1.0,0.0,1.531,1.4,2.2,1.128205,1.74359,0.5727967468416385,0.9074131669826562
2025-08-31,2025-08,I2,Modena,Avellino,draw,draw,3.25,"[2.8,3.5)",0.28380105923175264,"[0.28,0.34)",market_non_favorite,AVG_OPEN,True,2.25,AVG_OPEN_train30_n120_ev0p0_top1_ridge10|I2_draw_2p8_3p5,1536,0.322917,0.8,1.8,1.243478,1.895652,-1.0,2.389622,0.216975,2025-08-31,2025-26,1.1786549963416462,1.0,0.0,1.536,0.8,1.8,1.243478,1.895652,0.5832607883172395,0.8955975620310284
2025-09-13,2025-09,I2,Sampdoria,Cesena,draw,away,2.95,"[2.8,3.5)",0.3124313379143959,"[0.28,0.34)",market_non_favorite,AVG_OPEN,False,-1.0,AVG_OPEN_train30_n120_ev0p0_top1_ridge10|I2_draw_2p8_3p5,1541,0.323816,-1.6,-1.6,-0.16859,-0.178846,-1.0,2.37256,0.080484,2025-09-13,2025-26,1.0818051703517284,1.0,0.0,1.541,1.6,1.6,0.16859,0.178846,0.43639531291550243,0.2873661731007322
2025-09-14,2025-09,I2,Virtus Entella,Mantova,draw,home,3.15,"[2.8,3.5)",0.29268645385199377,"[0.28,0.34)",market_non_favorite,AVG_OPEN,False,-1.0,AVG_OPEN_train30_n120_ev0p0_top1_ridge10|I2_draw_2p8_3p5,1547,0.324499,-0.4,0.2,-0.175,0.225,0.0,2.416792,0.434336,2025-09-14,2025-26,1.1474024528375417,1.0,0.0,1.547,0.4,0.2,0.175,0.225,0.36050399685234225,0.13558759008487797
2025-09-19,2025-09,I2,Frosinone,Sudtirol,draw,draw,3.16,"[2.8,3.5)",0.29172347664957976,"[0.28,0.34)",market_non_favorite,AVG_OPEN,True,2.16,AVG_OPEN_train30_n120_ev0p0_top1_ridge10|I2_draw_2p8_3p5,1550,0.324516,0.8,0.4,0.282051,0.384615,1.0,2.404253,0.334022,2025-09-19,2025-26,1.1505720275988207,1.0,0.0,1.55,0.8,0.4,0.282051,0.384615,0.3916215321379516,0.237524041555927
2025-09-20,2025-09,I2,Venezia,Cesena,draw,away,3.28,"[2.8,3.5)",0.2810509071051514,"[0.28,0.34)",market_non_favorite,AVG_OPEN,False,-1.0,AVG_OPEN_train30_n120_ev0p0_top1_ridge10|I2_draw_2p8_3p5,1552,0.324742,-1.6,-1.6,0.106206,0.267675,0.0,2.395649,0.265188,2025-09-20,2025-26,1.1878434223960523,1.0,0.0,1.552,1.6,1.6,0.106206,0.267675,0.43723844002041407,0.434142083266958
2025-09-21,2025-09,I2,Carrarese,Avellino,draw,away,3.09,"[2.8,3.5)",0.29760955686654483,"[0.28,0.34)",market_non_favorite,AVG_OPEN,False,-1.0,AVG_OPEN_train30_n120_ev0p0_top1_ridge10|I2_draw_2p8_3p5,1557,0.324342,-0.133333,0.533333,-0.113821,0.138211,-1.0,2.389996,0.219969,2025-09-21,2025-26,1.128171090909654,1.0,0.0,1.557,0.133333,0.533333,0.113821,0.138211,0.359193940661448,0.10990927664387429
2025-09-23,2025-09,SP1,Ath Bilbao,Girona,home,draw,1.44,"[1.0,1.8)",0.6547980813863531,"[0.55,1.00]",market_favorite,AVG_OPEN,False,-1.0,AVG_OPEN_train30_n120_ev0p0_top1_ridge10|SP1_home_market_ge_55,1571,0.266073,1.6,2.6,0.166087,0.272922,0.0,2.460861,0.786886,2025-09-23,2025-26,0.36464311358790924,0.0,1.0,1.571,1.6,2.6,0.166087,0.272922,0.7383199169228014,0.06318068036883395
2025-09-24,2025-09,SP1,Ath Madrid,Vallecano,home,home,1.5,"[1.0,1.8)",0.6286702221180331,"[0.55,1.00]",market_favorite,AVG_OPEN,True,0.5,AVG_OPEN_train30_n120_ev0p0_top1_ridge10|SP1_home_market_ge_55,1575,0.266667,0.2,0.4,0.764331,1.070064,0.0,2.462108,0.796863,2025-09-24,2025-26,0.4054651081081644,0.0,1.0,1.575,0.2,0.4,0.764331,1.070064,0.7931929247227274,0.1897893870840912
2025-09-26,2025-09,I2,Catanzaro,Juve Stabia,draw,draw,3.02,"[2.8,3.5)",0.3043777377189087,"[0.28,0.34)",market_non_favorite,AVG_OPEN,True,2.02,AVG_OPEN_train30_n120_ev0p0_top1_ridge10|I2_draw_2p8_3p5,1560,0.323718,-0.4,-0.4,0.010119,0.116071,0.0,2.401558,0.312461,2025-09-26,2025-26,1.1052568313867783,1.0,0.0,1.56,0.4,0.4,0.010119,0.116071,0.3893264562814689,0.17576589797003606
2025-09-27,2025-09,I2,Monza,Padova,draw,away,3.45,"[2.8,3.5)",0.26699475260146455,"[0.20,0.28)",market_non_favorite,AVG_OPEN,False,-1.0,AVG_OPEN_train30_n120_ev0p0_top1_ridge10|I2_draw_2p8_3p5,1561,0.324151,0.4,0.3,0.761905,1.047619,1.0,2.371994,0.075953,2025-09-27,2025-26,1.2383742310432684,1.0,0.0,1.561,0.4,0.3,0.761905,1.047619,0.4369487801240082,0.5074732914278284
2025-09-28,2025-09,I2,Empoli,Carrarese,draw,draw,3.17,"[2.8,3.5)",0.2898347801736208,"[0.28,0.34)",market_non_favorite,AVG_OPEN,True,2.17,AVG_OPEN_train30_n120_ev0p0_top1_ridge10|I2_draw_2p8_3p5,1568,0.32398,-0.4,-1.2,-0.190476,-0.785714,0.0,2.390855,0.226838,2025-09-28,2025-26,1.1537315878891892,1.0,0.0,1.568,0.4,1.2,0.190476,0.785714,0.37171717236080604,0.17834343638375505
2025-09-30,2025-09,SP1,Valencia,Oviedo,home,away,1.68,"[1.0,1.8)",0.5585638610947616,"[0.55,1.00]",market_favorite,AVG_OPEN,False,-1.0,AVG_OPEN_train30_n120_ev0p0_top1_ridge10|SP1_home_market_ge_55,1589,0.266834,0.8,1.0,0.721519,1.341772,2.0,2.404038,0.332301,2025-09-30,2025-26,0.5187937934151675,0.0,1.0,1.589,0.8,1.0,0.721519,1.341772,0.819735701051653,0.377155977766777
2025-10-01,2025-10,I2,Carrarese,Modena,draw,draw,3.03,"[2.8,3.5)",0.3038830658794767,"[0.28,0.34)",market_non_favorite,AVG_OPEN,True,2.03,AVG_OPEN_train30_n120_ev0p0_top1_ridge10|I2_draw_2p8_3p5,1576,0.325508,-1.4,-1.4,-0.099668,-0.158882,0.0,2.388722,0.209779,2025-10-01,2025-26,1.1085626195212777,1.0,0.0,1.576,1.4,1.4,0.099668,0.158882,0.4217729302436808,0.27797197863835277
2025-10-04,2025-10,I2,Bari,Padova,draw,home,3.09,"[2.8,3.5)",0.29725718134534074,"[0.28,0.34)",market_non_favorite,AVG_OPEN,False,-1.0,AVG_OPEN_train30_n120_ev0p0_top1_ridge10|I2_draw_2p8_3p5,1580,0.327215,-1.0,-1.2,-0.025,0.208333,0.0,2.38002,0.14016,2025-10-04,2025-26,1.128171090909654,1.0,0.0,1.58,1.0,1.2,0.025,0.208333,0.41616793341042985,0.28595891423822817
2025-10-05,2025-10,I2,Sudtirol,Empoli,draw,away,3.05,"[2.8,3.5)",0.3016905071521456,"[0.28,0.34)",market_non_favorite,AVG_OPEN,False,-1.0,AVG_OPEN_train30_n120_ev0p0_top1_ridge10|I2_draw_2p8_3p5,1586,0.326608,1.0,1.6,0.333333,0.641667,0.0,2.417558,0.440461,2025-10-05,2025-26,1.1151415906193203,1.0,0.0,1.586,1.0,1.6,0.333333,0.641667,0.419215958279429,0.2786086727522583
2025-10-17,2025-10,I2,Virtus Entella,Sampdoria,draw,home,2.83,"[2.8,3.5)",0.32463822393317976,"[0.28,0.34)",market_non_favorite,AVG_OPEN,False,-1.0,AVG_OPEN_train30_n120_ev0p0_top1_ridge10|I2_draw_2p8_3p5,1590,0.325786,-0.2,-1.0,-0.383821,-0.438898,0.0,2.419672,0.457376,2025-10-17,2025-26,1.0402767116551463,1.0,0.0,1.59,0.2,1.0,0.383821,0.438898,0.36770168007358217,0.04059575460823761
2025-10-18,2025-10,I2,Spezia,Cesena,draw,away,3.11,"[2.8,3.5)",0.29564791577400995,"[0.28,0.34)",market_non_favorite,AVG_OPEN,False,-1.0,AVG_OPEN_train30_n120_ev0p0_top1_ridge10|I2_draw_2p8_3p5,1591,0.325581,-1.0,-0.8,-0.060776,0.072289,0.0,2.394095,0.252756,2025-10-18,2025-26,1.1346227261911428,1.0,0.0,1.591,1.0,0.8,0.060776,0.072289,0.3911762830860947,0.2165582403977544
2025-10-19,2025-10,I2,Catanzaro,Padova,draw,away,3.06,"[2.8,3.5)",0.30097014925373133,"[0.28,0.34)",market_non_favorite,AVG_OPEN,False,-1.0,AVG_OPEN_train30_n120_ev0p0_top1_ridge10|I2_draw_2p8_3p5,1597,0.325611,-0.6,-0.2,0.290878,0.454389,0.0,2.402837,0.322693,2025-10-19,2025-26,1.1184149159642893,1.0,0.0,1.597,0.6,0.2,0.290878,0.454389,0.42314873796149705,0.294835138162181
2025-10-24,2025-10,I2,Modena,Empoli,draw,home,3.39,"[2.8,3.5)",0.27158842130868405,"[0.20,0.28)",market_non_favorite,AVG_OPEN,False,-1.0,AVG_OPEN_train30_n120_ev0p0_top1_ridge10|I2_draw_2p8_3p5,1600,0.32625,1.0,1.6,0.045082,0.342213,0.0,2.422513,0.480105,2025-10-24,2025-26,1.220829921392359,1.0,0.0,1.6,1.0,1.6,0.045082,0.342213,0.35924679216460753,0.21784662543801958
2025-10-25,2025-10,I2,Catanzaro,Palermo,draw,home,3.18,"[2.8,3.5)",0.2892237008216229,"[0.28,0.34)",market_non_favorite,AVG_OPEN,False,-1.0,AVG_OPEN_train30_n120_ev0p0_top1_ridge10|I2_draw_2p8_3p5,1601,0.326046,-1.2,-1.0,-0.001366,-0.033763,0.0,2.382332,0.158656,2025-10-25,2025-26,1.1568811967920856,1.0,0.0,1.601,1.2,1.0,0.001366,0.033763,0.39515247684842625,0.25658487637799543
2025-10-26,2025-10,I2,Bari,Mantova,draw,home,3.33,"[2.8,3.5)",0.27692985492651917,"[0.20,0.28)",market_non_favorite,AVG_OPEN,False,-1.0,AVG_OPEN_train30_n120_ev0p0_top1_ridge10|I2_draw_2p8_3p5,1608,0.325871,0.6,0.8,0.246258,0.402352,0.0,2.40639,0.351119,2025-10-26,2025-26,1.2029723039923526,1.0,0.0,1.608,0.6,0.8,0.246258,0.402352,0.364628681761626,0.2142135102662146
2025-10-28,2025-10,I2,Reggiana,Modena,draw,home,3.24,"[2.8,3.5)",0.28357217214113273,"[0.28,0.34)",market_non_favorite,AVG_OPEN,False,-1.0,AVG_OPEN_train30_n120_ev0p0_top1_ridge10|I2_draw_2p8_3p5,1610,0.326087,-0.8,-1.0,-0.097178,-0.17561,-1.0,2.377726,0.121809,2025-10-28,2025-26,1.1755733298042381,1.0,0.0,1.61,0.8,1.0,0.097178,0.17561,0.37756480014748456,0.22330995247785013
2025-10-29,2025-10,I2,Spezia,Padova,draw,draw,3.26,"[2.8,3.5)",0.2825818294824633,"[0.28,0.34)",market_non_favorite,AVG_OPEN,True,2.26,AVG_OPEN_train30_n120_ev0p0_top1_ridge10|I2_draw_2p8_3p5,1616,0.326114,-0.8,-0.2,0.031373,0.216993,1.0,2.397038,0.276303,2025-10-29,2025-26,1.1817271953786161,1.0,0.0,1.616,0.8,0.2,0.031373,0.216993,0.38022084072758544,0.2395199407719284
2025-11-01,2025-11,I2,Avellino,Reggiana,draw,home,3.33,"[2.8,3.5)",0.27690134212385215,"[0.20,0.28)",market_non_favorite,AVG_OPEN,False,-1.0,AVG_OPEN_train30_n120_ev0p0_top1_ridge10|I2_draw_2p8_3p5,1619,0.326127,-1.4,-1.6,0.067442,-0.213953,0.0,2.409426,0.375407,2025-11-01,2025-26,1.2029723039923526,1.0,0.0,1.619,1.4,1.6,0.067442,0.213953,0.43266293539335315,0.44076757485986606
2025-11-02,2025-11,I2,Monza,Spezia,draw,home,3.08,"[2.8,3.5)",0.2989990467111535,"[0.28,0.34)",market_non_favorite,AVG_OPEN,False,-1.0,AVG_OPEN_train30_n120_ev0p0_top1_ridge10|I2_draw_2p8_3p5,1624,0.325739,1.6,1.0,0.452035,0.499516,1.0,2.389056,0.212447,2025-11-02,2025-26,1.1249295969854831,1.0,0.0,1.624,1.6,1.0,0.452035,0.499516,0.4161071239322325,0.28160994171127607
2025-11-07,2025-11,I2,Spezia,Bari,draw,draw,3.09,"[2.8,3.5)",0.29815561118532574,"[0.28,0.34)",market_non_favorite,AVG_OPEN,True,2.09,AVG_OPEN_train30_n120_ev0p0_top1_ridge10|I2_draw_2p8_3p5,1629,0.324739,-1.2,0.0,0.006118,0.043567,0.0,2.410623,0.384981,2025-11-07,2025-26,1.128171090909654,1.0,0.0,1.629,1.2,0.0,0.006118,0.043567,0.408120129145771,0.2610911990604323
2025-11-08,2025-11,I2,Sudtirol,Carrarese,draw,draw,3.14,"[2.8,3.5)",0.29278081658227634,"[0.28,0.34)",market_non_favorite,AVG_OPEN,True,2.14,AVG_OPEN_train30_n120_ev0p0_top1_ridge10|I2_draw_2p8_3p5,1630,0.325153,-1.0,-1.2,0.091918,0.099265,0.0,2.397044,0.27635,2025-11-08,2025-26,1.144222799920162,1.0,0.0,1.63,1.0,1.2,0.091918,0.099265,0.4188194590985284,0.3150931015693792
2025-11-09,2025-11,I2,Pescara,Monza,draw,away,3.43,"[2.8,3.5)",0.26819276062517317,"[0.20,0.28)",market_non_favorite,AVG_OPEN,False,-1.0,AVG_OPEN_train30_n120_ev0p0_top1_ridge10|I2_draw_2p8_3p5,1637,0.325596,-2.4,-3.2,-1.109462,-1.339518,1.0,2.397742,0.28194,2025-11-09,2025-26,1.2325602611778486,1.0,0.0,1.637,2.4,3.2,1.109462,1.339518,0.41435306563737767,0.42123101513620553
2025-11-21,2025-11,I2,Catanzaro,Pescara,draw,draw,3.44,"[2.8,3.5)",0.26734958506224066,"[0.20,0.28)",market_non_favorite,AVG_OPEN,True,2.44,AVG_OPEN_train30_n120_ev0p0_top1_ridge10|I2_draw_2p8_3p5,1639,0.325198,1.2,1.8,0.787879,1.015152,1.0,2.421676,0.47341,2025-11-21,2025-26,1.235471471385307,1.0,0.0,1.639,1.2,1.8,0.787879,1.015152,0.4050562184942324,0.3933933916201595
2025-11-22,2025-11,I2,Virtus Entella,Palermo,draw,draw,3.05,"[2.8,3.5)",0.30173327851470366,"[0.28,0.34)",market_non_favorite,AVG_OPEN,True,2.05,AVG_OPEN_train30_n120_ev0p0_top1_ridge10|I2_draw_2p8_3p5,1640,0.32561,0.8,-0.2,-0.230159,-0.599206,0.0,2.386251,0.190008,2025-11-22,2025-26,1.1151415906193203,1.0,0.0,1.64,0.8,0.2,0.230159,0.599206,0.41521596014875956,0.2664086784537165
2025-11-23,2025-11,I2,Monza,Cesena,draw,home,3.28,"[2.8,3.5)",0.28108764400271063,"[0.28,0.34)",market_non_favorite,AVG_OPEN,False,-1.0,AVG_OPEN_train30_n120_ev0p0_top1_ridge10|I2_draw_2p8_3p5,1645,0.325836,0.6,0.8,0.34,0.54,0.0,2.385717,0.185739,2025-11-23,2025-26,1.1878434223960523,1.0,0.0,1.645,0.6,0.8,0.34,0.54,0.3876530065676998,0.27150186154205525
2025-11-24,2025-11,I2,Sampdoria,Juve Stabia,draw,home,2.91,"[2.8,3.5)",0.31536611332360714,"[0.28,0.34)",market_non_favorite,AVG_OPEN,False,-1.0,AVG_OPEN_train30_n120_ev0p0_top1_ridge10|I2_draw_2p8_3p5,1648,0.32585,-1.0,-0.4,-0.276206,-0.202226,0.0,2.365899,0.02719,2025-11-24,2025-26,1.0681530811834012,1.0,0.0,1.648,1.0,0.4,0.276206,0.202226,0.38697200682861915,0.12608853987128188
2025-11-28,2025-11,I2,Cesena,Modena,draw,home,2.92,"[2.8,3.5)",0.3148608970440084,"[0.28,0.34)",market_non_favorite,AVG_OPEN,False,-1.0,AVG_OPEN_train30_n120_ev0p0_top1_ridge10|I2_draw_2p8_3p5,1649,0.325652,0.2,0.0,0.183109,0.086305,0.0,2.398599,0.288795,2025-11-28,2025-26,1.0715836162801904,1.0,0.0,1.649,0.2,0.0,0.183109,0.086305,0.3785094956890541,0.10524772741203803
2025-11-29,2025-11,I2,Sudtirol,Avellino,draw,away,3.19,"[2.8,3.5)",0.28873042119345377,"[0.28,0.34)",market_non_favorite,AVG_OPEN,False,-1.0,AVG_OPEN_train30_n120_ev0p0_top1_ridge10|I2_draw_2p8_3p5,1650,0.325455,-0.2,1.0,0.060569,0.629316,-1.0,2.4004,0.303201,2025-11-29,2025-26,1.1600209167967532,1.0,0.0,1.65,0.2,1.0,0.060569,0.629316,0.4254636688062483,0.35722910349193215
2025-11-30,2025-11,I2,Juve Stabia,Monza,draw,draw,2.86,"[2.8,3.5)",0.3216318785578748,"[0.28,0.34)",market_non_favorite,AVG_OPEN,True,1.8599999999999999,AVG_OPEN_train30_n120_ev0p0_top1_ridge10|I2_draw_2p8_3p5,1657,0.32408,-1.6,-2.0,-0.442353,-0.647059,-1.0,2.403095,0.324763,2025-11-30,2025-26,1.0508216248317612,1.0,0.0,1.657,1.6,2.0,0.442353,0.647059,0.4946002096383213,0.41455659956559887
2025-12-04,2025-12,I2,Juve Stabia,Bari,draw,draw,3.14,"[2.8,3.5)",0.2931085588644712,"[0.28,0.34)",market_non_favorite,AVG_OPEN,True,2.14,AVG_OPEN_train30_n120_ev0p0_top1_ridge10|I2_draw_2p8_3p5,1659,0.324292,-0.4,0.2,0.116412,0.0,-1.0,2.421376,0.471004,2025-12-04,2025-26,1.144222799920162,1.0,0.0,1.659,0.4,0.2,0.116412,0.0,0.35629130820964033,0.11875470777827069
2025-12-06,2025-12,SP1,Villarreal,Getafe,home,home,1.6,"[1.0,1.8)",0.5913411740025436,"[0.55,1.00]",market_favorite,AVG_OPEN,True,0.6000000000000001,AVG_OPEN_train30_n120_ev0p0_top1_ridge10|SP1_home_market_ge_55,1663,0.265785,1.2,1.8,0.554217,0.716867,-2.0,2.462465,0.799716,2025-12-06,2025-26,0.47000362924573563,0.0,1.0,1.663,1.2,1.8,0.554217,0.716867,0.7488084245800591,0.19809347932809462
2025-12-07,2025-12,SP1,Real Madrid,Celta,home,away,1.29,"[1.0,1.8)",0.7274086327760233,"[0.55,1.00]",market_favorite,AVG_OPEN,False,-1.0,AVG_OPEN_train30_n120_ev0p0_top1_ridge10|SP1_home_market_ge_55,1667,0.265147,0.0,1.4,1.058618,1.378039,-3.0,2.490125,1.020999,2025-12-07,2025-26,0.25464221837358075,0.0,1.0,1.667,0.0,1.4,1.058618,1.378039,0.8920736657879998,0.15077502886651994
2025-12-08,2025-12,I2,Bari,Pescara,draw,draw,3.32,"[2.8,3.5)",0.27744320553336116,"[0.20,0.28)",market_non_favorite,AVG_OPEN,True,2.32,AVG_OPEN_train30_n120_ev0p0_top1_ridge10|I2_draw_2p8_3p5,1662,0.324308,0.6,0.6,0.669643,0.785714,-5.0,2.398417,0.287335,2025-12-08,2025-26,1.199964782928397,1.0,0.0,1.662,0.6,0.6,0.669643,0.785714,0.43523874104950583,0.44499262028435926
2025-12-13,2025-12,I2,Catanzaro,Avellino,draw,home,3.44,"[2.8,3.5)",0.26743296152381524,"[0.20,0.28)",market_non_favorite,AVG_OPEN,False,-1.0,AVG_OPEN_train30_n120_ev0p0_top1_ridge10|I2_draw_2p8_3p5,1671,0.324955,0.6,1.2,0.150183,0.731136,0.0,2.417678,0.441423,2025-12-13,2025-26,1.235471471385307,1.0,0.0,1.671,0.6,1.2,0.150183,0.731136,0.4007780841870751,0.37867660960353833
2025-12-14,2025-12,I2,Carrarese,Virtus Entella,draw,home,3.04,"[2.8,3.5)",0.3020171655121335,"[0.28,0.34)",market_non_favorite,AVG_OPEN,False,-1.0,AVG_OPEN_train30_n120_ev0p0_top1_ridge10|I2_draw_2p8_3p5,1678,0.324195,-0.6,-1.4,0.150943,0.202516,1.0,2.393632,0.249054,2025-12-14,2025-26,1.1118575154181303,1.0,0.0,1.678,0.6,1.4,0.150943,0.202516,0.41820899383532834,0.2713553412593981
2025-12-19,2025-12,I2,Bari,Catanzaro,draw,away,2.97,"[2.8,3.5)",0.30982636405020486,"[0.28,0.34)",market_non_favorite,AVG_OPEN,False,-1.0,AVG_OPEN_train30_n120_ev0p0_top1_ridge10|I2_draw_2p8_3p5,1680,0.32381,-1.4,-1.6,-0.192308,-0.206522,0.0,2.369176,0.053411,2025-12-19,2025-26,1.0885619528146082,1.0,0.0,1.68,1.4,1.6,0.192308,0.206522,0.44412639372705703,0.3190553893693595
2025-12-20,2025-12,I2,Avellino,Palermo,draw,draw,3.46,"[2.8,3.5)",0.26586472014057216,"[0.20,0.28)",market_non_favorite,AVG_OPEN,True,2.46,AVG_OPEN_train30_n120_ev0p0_top1_ridge10|I2_draw_2p8_3p5,1681,0.323617,-1.2,-2.6,-0.180769,-0.800962,-1.0,2.370559,0.064472,2025-12-20,2025-26,1.2412685890696329,1.0,0.0,1.681,1.2,2.6,0.180769,0.800962,0.47461218207595146,0.642158149982792
2025-12-21,2025-12,I2,Mantova,Empoli,draw,away,3.07,"[2.8,3.5)",0.2990867579908676,"[0.28,0.34)",market_non_favorite,AVG_OPEN,False,-1.0,AVG_OPEN_train30_n120_ev0p0_top1_ridge10|I2_draw_2p8_3p5,1688,0.324052,-0.6,-1.2,-0.175926,-0.37037,0.0,2.386719,0.193754,2025-12-21,2025-26,1.1216775615991057,1.0,0.0,1.688,0.6,1.2,0.175926,0.37037,0.40496713691381003,0.24324911032539664
2025-12-26,2025-12,I2,Modena,Monza,draw,away,2.97,"[2.8,3.5)",0.3096299208224551,"[0.28,0.34)",market_non_favorite,AVG_OPEN,False,-1.0,AVG_OPEN_train30_n120_ev0p0_top1_ridge10|I2_draw_2p8_3p5,1690,0.32426,-0.8,-0.6,-0.546287,-0.633449,0.0,2.406255,0.350041,2025-12-26,2025-26,1.0885619528146082,1.0,0.0,1.69,0.8,0.6,0.546287,0.633449,0.37401519054746163,0.110825115925961
2025-12-27,2025-12,I2,Bari,Avellino,draw,draw,3.08,"[2.8,3.5)",0.2982238779372205,"[0.28,0.34)",market_non_favorite,AVG_OPEN,True,2.08,AVG_OPEN_train30_n120_ev0p0_top1_ridge10|I2_draw_2p8_3p5,1691,0.324069,-0.4,-0.6,0.062416,0.521778,1.0,2.387787,0.202293,2025-12-27,2025-26,1.1249295969854831,1.0,0.0,1.691,0.4,0.6,0.062416,0.521778,0.44632631849127097,0.3746850609531147
2026-01-04,2026-01,SP1,Real Madrid,Betis,home,home,1.46,"[1.0,1.8)",0.6425193341739995,"[0.55,1.00]",market_favorite,AVG_OPEN,True,0.45999999999999996,AVG_OPEN_train30_n120_ev0p0_top1_ridge10|SP1_home_market_ge_55,1696,0.264741,0.4,0.0,0.667073,0.951305,1.0,2.456549,0.752393,2026-01-04,2025-26,0.37843643572024505,0.0,1.0,1.696,0.4,0.0,0.667073,0.951305,0.8063988954496296,0.17734238735645924
2026-01-10,2026-01,I2,Juve Stabia,Pescara,draw,draw,3.36,"[2.8,3.5)",0.27374638295487186,"[0.20,0.28)",market_non_favorite,AVG_OPEN,True,2.36,AVG_OPEN_train30_n120_ev0p0_top1_ridge10|I2_draw_2p8_3p5,1700,0.324118,0.8,0.4,0.724206,0.666667,0.0,2.421496,0.471967,2026-01-10,2025-26,1.2119409739751128,1.0,0.0,1.7,0.8,0.4,0.724206,0.666667,0.3801957122604483,0.2774575931951062
2026-01-11,2026-01,I2,Mantova,Palermo,draw,draw,3.31,"[2.8,3.5)",0.27750192777671245,"[0.20,0.28)",market_non_favorite,AVG_OPEN,True,2.31,AVG_OPEN_train30_n120_ev0p0_top1_ridge10|I2_draw_2p8_3p5,1708,0.323185,-2.4,-3.0,-0.385823,-0.617424,0.0,2.350621,0.09503,2026-01-11,2025-26,1.1969481893889715,1.0,0.0,1.708,2.4,3.0,0.385823,0.617424,0.4801084305442248,0.5891589051013841
2026-01-16,2026-01,I2,Sampdoria,Virtus Entella,draw,draw,3.1,"[2.8,3.5)",0.29647742034079616,"[0.28,0.34)",market_non_favorite,AVG_OPEN,True,2.1,AVG_OPEN_train30_n120_ev0p0_top1_ridge10|I2_draw_2p8_3p5,1710,0.323392,0.6,0.6,0.210526,0.305263,0.0,2.386173,0.189388,2026-01-16,2025-26,1.1314021114911006,1.0,0.0,1.71,0.6,0.6,0.210526,0.305263,0.37783783647282065,0.17129729306574415
2026-01-17,2026-01,I2,Monza,Frosinone,draw,draw,3.45,"[2.8,3.5)",0.2669396728842311,"[0.20,0.28)",market_non_favorite,AVG_OPEN,True,2.45,AVG_OPEN_train30_n120_ev0p0_top1_ridge10|I2_draw_2p8_3p5,1711,0.323787,-1.2,-1.2,0.155388,0.16792,0.0,2.376517,0.112133,2026-01-17,2025-26,1.2383742310432684,1.0,0.0,1.711,1.2,1.2,0.155388,0.16792,0.40105317312817923,0.3836334472922185
2026-01-18,2026-01,SP1,Ath Madrid,Alaves,home,home,1.3,"[1.0,1.8)",0.722795382315767,"[0.55,1.00]",market_favorite,AVG_OPEN,True,0.30000000000000004,AVG_OPEN_train30_n120_ev0p0_top1_ridge10|SP1_home_market_ge_55,1714,0.264877,0.6,1.2,0.939014,1.290727,6.0,2.481598,0.952784,2026-01-18,2025-26,0.26236426446749106,0.0,1.0,1.714,0.6,1.2,0.939014,1.290727,0.820030501807126,0.0660396523492639
2026-01-23,2026-01,I2,Carrarese,Empoli,draw,home,3.01,"[2.8,3.5)",0.3057770151168273,"[0.28,0.34)",market_non_favorite,AVG_OPEN,False,-1.0,AVG_OPEN_train30_n120_ev0p0_top1_ridge10|I2_draw_2p8_3p5,1720,0.322674,0.6,0.4,-0.125862,-0.274138,0.0,2.398497,0.287973,2026-01-23,2025-26,1.1019400787607843,1.0,0.0,1.72,0.6,0.4,0.125862,0.274138,0.3735393986326087,0.12435358988415213
2026-01-24,2026-01,I2,Spezia,Avellino,draw,home,3.22,"[2.8,3.5)",0.28638236191638694,"[0.28,0.34)",market_non_favorite,AVG_OPEN,False,-1.0,AVG_OPEN_train30_n120_ev0p0_top1_ridge10|I2_draw_2p8_3p5,1721,0.322487,-0.4,-0.6,0.072917,0.48125,-1.0,2.399081,0.292645,2026-01-24,2025-26,1.169381359556317,1.0,0.0,1.721,0.4,0.6,0.072917,0.48125,0.44743912888528525,0.4407539950106185
2026-01-25,2026-01,I2,Catanzaro,Sampdoria,draw,draw,3.02,"[2.8,3.5)",0.30595422156493685,"[0.28,0.34)",market_non_favorite,AVG_OPEN,True,2.02,AVG_OPEN_train30_n120_ev0p0_top1_ridge10|I2_draw_2p8_3p5,1728,0.321759,0.8,0.2,0.291667,0.354167,-1.0,2.436789,0.594313,2026-01-25,2025-26,1.1052568313867783,1.0,0.0,1.728,0.8,0.2,0.291667,0.354167,0.4312221468467745,0.3022908834772591
2026-01-30,2026-01,I2,Bari,Palermo,draw,away,3.17,"[2.8,3.5)",0.29000414765657406,"[0.28,0.34)",market_non_favorite,AVG_OPEN,False,-1.0,AVG_OPEN_train30_n120_ev0p0_top1_ridge10|I2_draw_2p8_3p5,1730,0.321965,-1.0,-0.8,-0.155556,-0.259259,0.0,2.355245,0.058038,2026-01-30,2025-26,1.1537315878891892,1.0,0.0,1.73,1.0,0.8,0.155556,0.259259,0.3972556390166264,0.2593003756827057
2026-01-31,2026-01,I2,Virtus Entella,Frosinone,draw,draw,3.14,"[2.8,3.5)",0.2950139542633399,"[0.28,0.34)",market_non_favorite,AVG_OPEN,True,2.14,AVG_OPEN_train30_n120_ev0p0_top1_ridge10|I2_draw_2p8_3p5,1731,0.321779,-1.2,-1.0,-0.721693,-0.90582,0.0,2.361813,0.0055,2026-01-31,2025-26,1.144222799920162,1.0,0.0,1.731,1.2,1.0,0.721693,0.90582,0.379401293644797,0.19132006204466268
2026-02-01,2026-02,I2,Reggiana,Juve Stabia,draw,draw,2.96,"[2.8,3.5)",0.3131991239185345,"[0.28,0.34)",market_non_favorite,AVG_OPEN,True,1.96,AVG_OPEN_train30_n120_ev0p0_top1_ridge10|I2_draw_2p8_3p5,1738,0.322209,-2.2,-1.8,-0.347196,-0.281321,0.0,2.367799,0.042389,2026-02-01,2025-26,1.085189268335969,1.0,0.0,1.738,2.2,1.8,0.347196,0.281321,0.4821901160002884,0.4272827433608537
2026-02-07,2026-02,I2,Frosinone,Venezia,draw,away,3.19,"[2.8,3.5)",0.28972200654827196,"[0.28,0.34)",market_non_favorite,AVG_OPEN,False,-1.0,AVG_OPEN_train30_n120_ev0p0_top1_ridge10|I2_draw_2p8_3p5,1741,0.322229,-1.2,-1.2,-0.02476,-0.073529,0.0,2.390867,0.226933,2026-02-07,2025-26,1.1600209167967532,1.0,0.0,1.741,1.2,1.2,0.02476,0.073529,0.428526178907539,0.3669985107150495
2026-02-08,2026-02,SP1,Ath Bilbao,Levante,home,home,1.61,"[1.0,1.8)",0.5829711071337254,"[0.55,1.00]",market_favorite,AVG_OPEN,True,0.6100000000000001,AVG_OPEN_train30_n120_ev0p0_top1_ridge10|SP1_home_market_ge_55,1742,0.264064,-1.2,-1.0,0.647672,0.880577,-1.0,2.412732,0.401855,2026-02-08,2025-26,0.4762341789963717,0.0,1.0,1.742,1.2,1.0,0.647672,0.880577,0.8622366283573454,0.3882009716553261
2026-02-09,2026-02,SP1,Villarreal,Espanol,home,home,1.67,"[1.0,1.8)",0.5595345338373098,"[0.55,1.00]",market_favorite,AVG_OPEN,True,0.6699999999999999,AVG_OPEN_train30_n120_ev0p0_top1_ridge10|SP1_home_market_ge_55,1747,0.263881,1.2,1.2,0.525034,0.777032,-1.0,2.447002,0.676019,2026-02-09,2025-26,0.5128236264286637,0.0,1.0,1.747,1.2,1.2,0.525034,0.777032,0.7627590847378378,0.2738076715121891
2026-02-10,2026-02,I2,Reggiana,Mantova,draw,home,2.99,"[2.8,3.5)",0.3089102045533341,"[0.28,0.34)",market_non_favorite,AVG_OPEN,False,-1.0,AVG_OPEN_train30_n120_ev0p0_top1_ridge10|I2_draw_2p8_3p5,1750,0.322286,-1.4,-1.0,0.032952,0.098029,0.0,2.395969,0.267753,2026-02-10,2025-26,1.095273387402595,1.0,0.0,1.75,1.4,1.0,0.032952,0.098029,0.46745884762523077,0.39770195439944
2026-02-11,2026-02,I2,Empoli,Juve Stabia,draw,away,2.94,"[2.8,3.5)",0.3143011203642681,"[0.28,0.34)",market_non_favorite,AVG_OPEN,False,-1.0,AVG_OPEN_train30_n120_ev0p0_top1_ridge10|I2_draw_2p8_3p5,1756,0.321754,-1.0,-1.2,-0.258019,-0.163222,0.0,2.380362,0.142899,2026-02-11,2025-26,1.0784095813505903,1.0,0.0,1.756,1.0,1.2,0.258019,0.163222,0.4079564501595532,0.1993919634690864
2026-02-14,2026-02,I2,Cesena,Venezia,draw,away,3.21,"[2.8,3.5)",0.28698916910738503,"[0.28,0.34)",market_non_favorite,AVG_OPEN,False,-1.0,AVG_OPEN_train30_n120_ev0p0_top1_ridge10|I2_draw_2p8_3p5,1760,0.322159,-1.2,-1.4,-0.238387,-0.463871,0.0,2.367096,0.03677,2026-02-14,2025-26,1.1662709371419244,1.0,0.0,1.76,1.2,1.4,0.238387,0.463871,0.4308578432365758,0.38305367678940816
2026-02-15,2026-02,I2,Bari,Sudtirol,draw,away,3.0,"[2.8,3.5)",0.3073720346054571,"[0.28,0.34)",market_non_favorite,AVG_OPEN,False,-1.0,AVG_OPEN_train30_n120_ev0p0_top1_ridge10|I2_draw_2p8_3p5,1765,0.321246,-1.4,-1.8,-0.043478,-0.014493,0.0,2.373536,0.088289,2026-02-15,2025-26,1.0986122886681098,1.0,0.0,1.765,1.4,1.8,0.043478,0.014493,0.4660980801225904,0.39829424036777117
2026-02-20,2026-02,SP1,Ath Bilbao,Elche,home,home,1.66,"[1.0,1.8)",0.567073368165428,"[0.55,1.00]",market_favorite,AVG_OPEN,True,0.6599999999999999,AVG_OPEN_train30_n120_ev0p0_top1_ridge10|SP1_home_market_ge_55,1759,0.263786,1.0,1.2,0.6425,0.831136,-2.0,2.423092,0.484735,2026-02-20,2025-26,0.5068176023684519,0.0,1.0,1.759,1.0,1.2,0.6425,0.831136,0.7668782767010656,0.27301793932376883
2026-02-21,2026-02,I2,Mantova,Sampdoria,draw,home,2.93,"[2.8,3.5)",0.3141158963737784,"[0.28,0.34)",market_non_favorite,AVG_OPEN,False,-1.0,AVG_OPEN_train30_n120_ev0p0_top1_ridge10|I2_draw_2p8_3p5,1771,0.321287,-1.4,-1.6,-0.193934,-0.268113,0.0,2.38684,0.194718,2026-02-21,2025-26,1.075002423028976,1.0,0.0,1.771,1.4,1.6,0.193934,0.268113,0.46884945357445246,0.37372889897314576
2026-02-22,2026-02,SP1,Villarreal,Valencia,home,home,1.69,"[1.0,1.8)",0.554439069281566,"[0.55,1.00]",market_favorite,AVG_OPEN,True,0.69,AVG_OPEN_train30_n120_ev0p0_top1_ridge10|SP1_home_market_ge_55,1764,0.264172,-0.4,0.0,0.471591,0.676136,-3.0,2.449952,0.699619,2026-02-22,2025-26,0.5247285289349821,0.0,1.0,1.764,0.4,0.0,0.471591,0.676136,0.775356265008737,0.3103520878647654
2026-02-27,2026-02,I2,Sampdoria,Bari,draw,away,3.36,"[2.8,3.5)",0.27423903814812284,"[0.20,0.28)",market_non_favorite,AVG_OPEN,False,-1.0,AVG_OPEN_train30_n120_ev0p0_top1_ridge10|I2_draw_2p8_3p5,1780,0.320787,1.6,1.4,-0.012045,-0.087255,0.0,2.412061,0.396486,2026-02-27,2025-26,1.2119409739751128,1.0,0.0,1.78,1.6,1.4,0.012045,0.087255,0.3518144720027728,0.18209662592931664
2026-02-28,2026-02,I2,Sudtirol,Venezia,draw,draw,3.13,"[2.8,3.5)",0.29428725546884393,"[0.28,0.34)",market_non_favorite,AVG_OPEN,True,2.13,AVG_OPEN_train30_n120_ev0p0_top1_ridge10|I2_draw_2p8_3p5,1782,0.320426,-0.8,-1.2,-0.401401,-0.562465,0.0,2.360731,0.014151,2026-02-28,2025-26,1.1410330045520618,1.0,0.0,1.782,0.8,1.2,0.401401,0.562465,0.3965834165825524,0.24130609390338909
2026-03-01,2026-03,I2,Mantova,Carrarese,draw,draw,3.1,"[2.8,3.5)",0.29560759438675765,"[0.28,0.34)",market_non_favorite,AVG_OPEN,True,2.1,AVG_OPEN_train30_n120_ev0p0_top1_ridge10|I2_draw_2p8_3p5,1787,0.321209,1.2,0.8,-0.078125,-0.140625,0.0,2.389308,0.214464,2026-03-01,2025-26,1.1314021114911006,1.0,0.0,1.787,1.2,0.8,0.078125,0.140625,0.3669071440959644,0.1374121466974898
2026-03-02,2026-03,SP1,Real Madrid,Getafe,home,away,1.28,"[1.0,1.8)",0.729036729036729,"[0.55,1.00]",market_favorite,AVG_OPEN,False,-1.0,AVG_OPEN_train30_n120_ev0p0_top1_ridge10|SP1_home_market_ge_55,1778,0.264342,0.8,1.0,1.175141,1.508475,1.0,2.506482,1.151856,2026-03-02,2025-26,0.2468600779315258,0.0,1.0,1.778,0.8,1.0,1.175141,1.508475,0.8904022683127606,0.13971490344033355
2026-03-03,2026-03,I2,Cesena,Monza,draw,away,3.2,"[2.8,3.5)",0.2874361593462717,"[0.28,0.34)",market_non_favorite,AVG_OPEN,False,-1.0,AVG_OPEN_train30_n120_ev0p0_top1_ridge10|I2_draw_2p8_3p5,1790,0.321788,-1.8,-2.0,-0.507692,-0.723077,-1.0,2.374113,0.092903,2026-03-03,2025-26,1.1631508098056809,1.0,0.0,1.79,1.8,2.0,0.507692,0.723077,0.45262111372529373,0.44838756392094004
2026-03-04,2026-03,I2,Carrarese,Catanzaro,draw,draw,3.02,"[2.8,3.5)",0.30449022623965155,"[0.28,0.34)",market_non_favorite,AVG_OPEN,True,2.02,AVG_OPEN_train30_n120_ev0p0_top1_ridge10|I2_draw_2p8_3p5,1795,0.321448,-2.2,-2.4,-0.36475,-0.473488,0.0,2.366153,0.029226,2026-03-04,2025-26,1.1052568313867783,1.0,0.0,1.795,2.2,2.4,0.36475,0.473488,0.48690126452160665,0.47044181885525216
2026-03-07,2026-03,I2,Avellino,Padova,draw,home,2.92,"[2.8,3.5)",0.3151243708036581,"[0.28,0.34)",market_non_favorite,AVG_OPEN,False,-1.0,AVG_OPEN_train30_n120_ev0p0_top1_ridge10|I2_draw_2p8_3p5,1800,0.322222,-1.2,-1.6,-0.142857,-0.392857,0.0,2.387201,0.197606,2026-03-07,2025-26,1.0715836162801904,1.0,0.0,1.8,1.2,1.6,0.142857,0.392857,0.45865970213213897,0.33928633022584576
2026-03-08,2026-03,I2,Carrarese,Palermo,draw,away,3.24,"[2.8,3.5)",0.2826256837718156,"[0.28,0.34)",market_non_favorite,AVG_OPEN,False,-1.0,AVG_OPEN_train30_n120_ev0p0_top1_ridge10|I2_draw_2p8_3p5,1805,0.321884,-1.6,-2.0,-0.319249,-0.53009,0.0,2.354732,0.06214,2026-03-08,2025-26,1.1755733298042381,1.0,0.0,1.805,1.6,2.0,0.319249,0.53009,0.4374093410189264,0.41720626490132173
2026-03-14,2026-03,I2,Sampdoria,Venezia,draw,draw,3.13,"[2.8,3.5)",0.2919558329332693,"[0.28,0.34)",market_non_favorite,AVG_OPEN,True,2.13,AVG_OPEN_train30_n120_ev0p0_top1_ridge10|I2_draw_2p8_3p5,1811,0.320817,-1.8,-3.2,-0.514286,-0.742857,-1.0,2.335651,0.214791,2026-03-14,2025-26,1.1410330045520618,1.0,0.0,1.811,1.8,3.2,0.514286,0.742857,0.48763741904995606,0.5263051216263623
2026-03-15,2026-03,I2,Sudtirol,Pescara,draw,draw,3.47,"[2.8,3.5)",0.26377378301562304,"[0.20,0.28)",market_non_favorite,AVG_OPEN,True,2.47,AVG_OPEN_train30_n120_ev0p0_top1_ridge10|I2_draw_2p8_3p5,1818,0.321782,-0.6,-0.8,0.452616,0.530745,1.0,2.419884,0.45907,2026-03-15,2025-26,1.244154593958768,1.0,0.0,1.818,0.6,0.8,0.452616,0.530745,0.37202969166021493,0.2909430300609459
2026-03-16,2026-03,SP1,Vallecano,Levante,home,draw,1.67,"[1.0,1.8)",0.5599245351915529,"[0.55,1.00]",market_favorite,AVG_OPEN,False,-1.0,AVG_OPEN_train30_n120_ev0p0_top1_ridge10|SP1_home_market_ge_55,1799,0.264591,1.0,2.0,0.307434,0.362613,-1.0,2.401741,0.313929,2026-03-16,2025-26,0.5128236264286637,0.0,1.0,1.799,1.0,2.0,0.307434,0.362613,0.6619113894359355,0.10539202035801232
2026-03-17,2026-03,I2,Reggiana,Monza,draw,draw,3.39,"[2.8,3.5)",0.27187276263754495,"[0.20,0.28)",market_non_favorite,AVG_OPEN,True,2.39,AVG_OPEN_train30_n120_ev0p0_top1_ridge10|I2_draw_2p8_3p5,1820,0.321978,-1.6,-2.8,-0.779689,-0.987791,0.0,2.346205,0.130361,2026-03-17,2025-26,1.220829921392359,1.0,0.0,1.82,1.6,2.8,0.779689,0.987791,0.3968096518310665,0.34518471970731546
2026-03-18,2026-03,I2,Avellino,Sudtirol,draw,home,2.9,"[2.8,3.5)",0.3171194156349116,"[0.28,0.34)",market_non_favorite,AVG_OPEN,False,-1.0,AVG_OPEN_train30_n120_ev0p0_top1_ridge10|I2_draw_2p8_3p5,1825,0.32274,0.6,-0.4,-0.1125,-0.445833,0.0,2.386596,0.192766,2026-03-18,2025-26,1.0647107369924282,1.0,0.0,1.825,0.6,0.4,0.1125,0.445833,0.41709433828436543,0.20957358102465973
2026-03-21,2026-03,I2,Cesena,Catanzaro,draw,home,3.31,"[2.8,3.5)",0.27671662510604383,"[0.20,0.28)",market_non_favorite,AVG_OPEN,False,-1.0,AVG_OPEN_train30_n120_ev0p0_top1_ridge10|I2_draw_2p8_3p5,1829,0.322034,-1.6,-2.0,-0.208778,-0.394586,-3.0,2.359187,0.0265,2026-03-21,2025-26,1.1969481893889715,1.0,0.0,1.829,1.6,2.0,0.208778,0.394586,0.48087918070493063,0.5917100881333204
2026-03-22,2026-03,I2,Sampdoria,Avellino,draw,home,3.0,"[2.8,3.5)",0.3072782588345424,"[0.28,0.34)",market_non_favorite,AVG_OPEN,False,-1.0,AVG_OPEN_train30_n120_ev0p0_top1_ridge10|I2_draw_2p8_3p5,1834,0.321701,-1.6,-1.2,-0.052457,0.223093,0.0,2.38489,0.179123,2026-03-22,2025-26,1.0986122886681098,1.0,0.0,1.834,1.6,1.2,0.052457,0.223093,0.4819660864660621,0.44589825939818617
2026-04-04,2026-04,SP1,Betis,Espanol,home,draw,1.71,"[1.0,1.8)",0.5514896463309272,"[0.55,1.00]",market_favorite,AVG_OPEN,False,-1.0,AVG_OPEN_train30_n120_ev0p0_top1_ridge10|SP1_home_market_ge_55,1811,0.26339,0.2,0.2,0.475215,0.585751,-1.0,2.433518,0.568144,2026-04-04,2025-26,0.5364933705145685,0.0,1.0,1.811,0.2,0.2,0.475215,0.585751,0.6936580996067413,0.1861553503275275
2026-04-06,2026-04,I2,Reggiana,Pescara,draw,away,3.27,"[2.8,3.5)",0.27921061145260434,"[0.20,0.28)",market_non_favorite,AVG_OPEN,False,-1.0,AVG_OPEN_train30_n120_ev0p0_top1_ridge10|I2_draw_2p8_3p5,1841,0.320478,-1.4,-3.4,0.21412,0.135417,0.0,2.38094,0.147523,2026-04-06,2025-26,1.184789984909162,1.0,0.0,1.841,1.4,3.4,0.21412,0.135417,0.4746000366382098,0.5519421198069461
2026-04-10,2026-04,SP1,Real Madrid,Girona,home,draw,1.3,"[1.0,1.8)",0.7260126896908763,"[0.55,1.00]",market_favorite,AVG_OPEN,False,-1.0,AVG_OPEN_train30_n120_ev0p0_top1_ridge10|SP1_home_market_ge_55,1820,0.263187,0.4,0.2,0.819292,1.139042,2.0,2.488439,1.007511,2026-04-10,2025-26,0.26236426446749106,0.0,1.0,1.82,0.4,0.2,0.819292,1.139042,0.836181136598497,0.0870354775780462
2026-04-11,2026-04,I2,Sudtirol,Modena,draw,draw,3.06,"[2.8,3.5)",0.30045549652565506,"[0.28,0.34)",market_non_favorite,AVG_OPEN,True,2.06,AVG_OPEN_train30_n120_ev0p0_top1_ridge10|I2_draw_2p8_3p5,1850,0.320541,-1.0,-1.0,-0.008853,-0.047666,0.0,2.388867,0.210937,2026-04-11,2025-26,1.1184149159642893,1.0,0.0,1.85,1.0,1.0,0.008853,0.047666,0.40997458126153236,0.2545222186602891
2026-04-12,2026-04,I2,Reggiana,Carrarese,draw,home,3.14,"[2.8,3.5)",0.2925819612786726,"[0.28,0.34)",market_non_favorite,AVG_OPEN,False,-1.0,AVG_OPEN_train30_n120_ev0p0_top1_ridge10|I2_draw_2p8_3p5,1856,0.321121,-1.8,-3.2,-0.11526,-0.221863,0.0,2.363471,0.007767,2026-04-12,2025-26,1.144222799920162,1.0,0.0,1.856,1.8,3.2,0.11526,0.221863,0.49427428169063925,0.5520212445086072
2026-04-14,2026-04,I2,Catanzaro,Modena,draw,draw,3.21,"[2.8,3.5)",0.28700071748031225,"[0.28,0.34)",market_non_favorite,AVG_OPEN,True,2.21,AVG_OPEN_train30_n120_ev0p0_top1_ridge10|I2_draw_2p8_3p5,1859,0.320602,0.0,-0.2,0.23279,0.231729,0.0,2.412645,0.401159,2026-04-14,2025-26,1.1662709371419244,1.0,0.0,1.859,0.0,0.2,0.23279,0.231729,0.35165451912899864,0.12881100640408572
2026-04-17,2026-04,I2,Sampdoria,Monza,draw,away,3.09,"[2.8,3.5)",0.29778509674763276,"[0.28,0.34)",market_non_favorite,AVG_OPEN,False,-1.0,AVG_OPEN_train30_n120_ev0p0_top1_ridge10|I2_draw_2p8_3p5,1860,0.320968,0.2,-0.8,-0.634343,-0.830303,0.0,2.359941,0.020475,2026-04-17,2025-26,1.128171090909654,1.0,0.0,1.86,0.2,0.8,0.634343,0.830303,0.3325415992032114,0.02755354153792311
2026-04-18,2026-04,I2,Modena,Frosinone,draw,away,3.4,"[2.8,3.5)",0.27116212338593976,"[0.20,0.28)",market_non_favorite,AVG_OPEN,False,-1.0,AVG_OPEN_train30_n120_ev0p0_top1_ridge10|I2_draw_2p8_3p5,1861,0.320795,-0.6,-0.6,-0.391892,-0.459459,-4.0,2.372289,0.078314,2026-04-18,2025-26,1.2237754316221157,1.0,0.0,1.861,0.6,0.6,0.391892,0.459459,0.3775855402304985,0.283790836783695
2026-04-19,2026-04,I2,Empoli,Virtus Entella,draw,draw,3.2,"[2.8,3.5)",0.28696442328585825,"[0.28,0.34)",market_non_favorite,AVG_OPEN,True,2.2,AVG_OPEN_train30_n120_ev0p0_top1_ridge10|I2_draw_2p8_3p5,1867,0.3203,0.2,0.4,0.029412,0.264706,-1.0,2.395185,0.261478,2026-04-19,2025-26,1.1631508098056809,1.0,0.0,1.867,0.2,0.4,0.029412,0.264706,0.4011000098760459,0.2835200316033468
2026-04-21,2026-04,SP1,Real Madrid,Alaves,home,home,1.23,"[1.0,1.8)",0.7692718799208945,"[0.55,1.00]",market_favorite,AVG_OPEN,True,0.22999999999999998,AVG_OPEN_train30_n120_ev0p0_top1_ridge10|SP1_home_market_ge_55,1830,0.263388,0.8,0.8,1.208555,1.677784,1.0,2.499814,1.098513,2026-04-21,2025-26,0.20701416938432612,0.0,1.0,1.83,0.8,0.8,1.208555,1.677784,0.9369661658230015,0.1524683839622918
2026-04-22,2026-04,SP1,Barcelona,Celta,home,home,1.23,"[1.0,1.8)",0.7674386734274359,"[0.55,1.00]",market_favorite,AVG_OPEN,True,0.22999999999999998,AVG_OPEN_train30_n120_ev0p0_top1_ridge10|SP1_home_market_ge_55,1834,0.263359,2.2,2.6,1.005464,1.349727,1.0,2.497454,1.079632,2026-04-22,2025-26,0.20701416938432612,0.0,1.0,1.834,2.2,2.6,1.005464,1.349727,0.9164098956622865,0.12718417166461227
2026-04-24,2026-04,I2,Avellino,Bari,draw,home,3.31,"[2.8,3.5)",0.2763789949584331,"[0.20,0.28)",market_non_favorite,AVG_OPEN,False,-1.0,AVG_OPEN_train30_n120_ev0p0_top1_ridge10|I2_draw_2p8_3p5,1870,0.320856,0.8,1.4,-0.033174,-0.319463,0.0,2.419487,0.455896,2026-04-24,2025-26,1.1969481893889715,1.0,0.0,1.87,0.8,1.4,0.033174,0.319463,0.35174263897095265,0.1642681349938533
2026-04-25,2026-04,I2,Sudtirol,Mantova,draw,away,2.9,"[2.8,3.5)",0.3149296395884404,"[0.28,0.34)",market_non_favorite,AVG_OPEN,False,-1.0,AVG_OPEN_train30_n120_ev0p0_top1_ridge10|I2_draw_2p8_3p5,1872,0.320513,-1.4,-2.2,0.131194,0.200147,0.0,2.40448,0.33584,2026-04-25,2025-26,1.0647107369924282,1.0,0.0,1.872,1.4,2.2,0.131194,0.200147,0.5006650109561215,0.45192853177275216
2026-05-01,2026-05,I2,Bari,Virtus Entella,draw,home,3.06,"[2.8,3.5)",0.29898746130843085,"[0.28,0.34)",market_non_favorite,AVG_OPEN,False,-1.0,AVG_OPEN_train30_n120_ev0p0_top1_ridge10|I2_draw_2p8_3p5,1880,0.320745,-1.0,-2.2,0.17,0.295556,1.0,2.381546,0.152365,2026-05-01,2025-26,1.1184149159642893,1.0,0.0,1.88,1.0,2.2,0.17,0.295556,0.42806279263467845,0.30987214546211606
2026-05-02,2026-05,SP1,Villarreal,Levante,home,home,1.7,"[1.0,1.8)",0.5524619294908157,"[0.55,1.00]",market_favorite,AVG_OPEN,True,0.7,AVG_OPEN_train30_n120_ev0p0_top1_ridge10|SP1_home_market_ge_55,1851,0.263101,0.0,0.0,0.723335,1.000076,1.0,2.44731,0.67848,2026-05-02,2025-26,0.5306282510621704,0.0,1.0,1.851,0.0,0.0,0.723335,1.000076,0.6947267490776784,0.18103547343205317
2026-05-03,2026-05,SP1,Betis,Oviedo,home,home,1.54,"[1.0,1.8)",0.6057262950462254,"[0.55,1.00]",market_favorite,AVG_OPEN,True,0.54,AVG_OPEN_train30_n120_ev0p0_top1_ridge10|SP1_home_market_ge_55,1855,0.262534,-0.2,-0.2,0.729894,1.000819,2.0,2.439664,0.617315,2026-05-03,2025-26,0.43178241642553783,0.0,1.0,1.855,0.2,0.2,0.729894,1.000819,0.7318336013475317,0.12702374607519884
2026-05-08,2026-05,I2,Reggiana,Sampdoria,draw,home,3.19,"[2.8,3.5)",0.28687056653643317,"[0.28,0.34)",market_non_favorite,AVG_OPEN,False,-1.0,AVG_OPEN_train30_n120_ev0p0_top1_ridge10|I2_draw_2p8_3p5,1890,0.320106,-1.2,-0.4,-0.150442,-0.159292,0.0,2.381604,0.152834,2026-05-08,2025-26,1.1600209167967532,1.0,0.0,1.89,1.2,0.4,0.150442,0.159292,0.3834224699500547,0.22311767914067437
2026-05-10,2026-05,SP1,Barcelona,Real Madrid,home,home,1.61,"[1.0,1.8)",0.580583617518444,"[0.55,1.00]",market_favorite,AVG_OPEN,True,0.6100000000000001,AVG_OPEN_train30_n120_ev0p0_top1_ridge10|SP1_home_market_ge_55,1865,0.262198,1.4,1.2,0.010753,0.043011,1.0,2.421684,0.473473,2026-05-10,2025-26,0.4762341789963717,0.0,1.0,1.865,1.4,1.2,0.010753,0.043011,0.6655625799854543,0.07155575377658141
2026-05-12,2026-05,SP1,Betis,Elche,home,home,1.57,"[1.0,1.8)",0.5964980321573619,"[0.55,1.00]",market_favorite,AVG_OPEN,True,0.5700000000000001,AVG_OPEN_train30_n120_ev0p0_top1_ridge10|SP1_home_market_ge_55,1870,0.263102,-0.2,0.6,0.627933,0.770198,0.0,2.430103,0.540824,2026-05-12,2025-26,0.45107561936021673,0.0,1.0,1.87,0.2,0.6,0.627933,0.770198,0.6950130737267222,0.09117052575095386
2026-05-14,2026-05,SP1,Real Madrid,Oviedo,home,home,1.23,"[1.0,1.8)",0.7610917135194106,"[0.55,1.00]",market_favorite,AVG_OPEN,True,0.22999999999999998,AVG_OPEN_train30_n120_ev0p0_top1_ridge10|SP1_home_market_ge_55,1877,0.26212,0.6,0.4,1.417418,2.008556,0.0,2.50017,1.101362,2026-05-14,2025-26,0.20701416938432612,0.0,1.0,1.877,0.6,0.4,1.417418,2.008556,0.9669352487048783,0.18933035590700031
2026-05-17,2026-05,SP1,Barcelona,Betis,home,home,1.33,"[1.0,1.8)",0.6994614829158239,"[0.55,1.00]",market_favorite,AVG_OPEN,True,0.33000000000000007,AVG_OPEN_train30_n120_ev0p0_top1_ridge10|SP1_home_market_ge_55,1880,0.262766,0.2,-0.0,0.670213,1.0,-1.0,2.476792,0.914336,2026-05-17,2025-26,0.28517894223366247,0.0,1.0,1.88,0.2,0.0,0.670213,1.0,0.8369503938675882,0.11314402384389233
2026-05-23,2026-05,SP1,Real Madrid,Ath Bilbao,home,home,1.46,"[1.0,1.8)",0.6388409796481545,"[0.55,1.00]",market_favorite,AVG_OPEN,True,0.45999999999999996,AVG_OPEN_train30_n120_ev0p0_top1_ridge10|SP1_home_market_ge_55,1890,0.261905,1.2,1.0,0.724868,0.962963,0.0,2.476957,0.915656,2026-05-23,2025-26,0.37843643572024505,0.0,1.0,1.89,1.2,1.0,0.724868,0.962963,0.7894785936485684,0.1526387467269099
