row_index,date,month,league,home_team,away_team,outcome,actual_result,probability,market_probability,model_market_delta,uncertainty,lower_ev,odds,odds_bucket,closing_odds_home,closing_odds_draw,closing_odds_away,won,unit_profit,bucket_id,closing_odds,clv,closing_edge
6903,2022-08-06,2022-08,E2,Exeter,Port Vale,draw,home,0.3230476084663648,0.2971246006389776,0.025923007827387212,0.013779849844751111,-0.010343172410836043,3.2,"[2.8,3.5)",2.15,3.2,3.52,False,-1.0,"E2|draw|[2.8,3.5)",3.2,0.0,-0.0581207218419415
6931,2022-08-06,2022-08,F2,Niort,Bastia,draw,away,0.37463898643458743,0.32751091703056767,0.04712806940401976,0.016592401056242243,0.0025304390593663406,2.8,"[2.8,3.5)",2.69,2.78,2.98,False,-1.0,"F2|draw|[2.8,3.5)",2.78,0.007194244604316502,-0.05607684155634429
7036,2022-08-13,2022-08,E2,Lincoln,Forest Green,draw,draw,0.30255999283509755,0.2772377072324634,0.025322285602634165,0.013779849844751111,-0.018147513832822204,3.4,"[2.8,3.5)",2.24,3.34,3.15,True,2.4,"E2|draw|[2.8,3.5)",3.34,0.017964071856287456,-0.042628079780993255
7137,2022-08-14,2022-08,SP2,Burgos,Malaga,draw,home,0.3359162473208415,0.31097560975609756,0.02494063756474396,0.015225201512293368,-0.005857757993500745,3.1,"[2.8,3.5)",2.5,2.84,3.19,False,-1.0,"SP2|draw|[2.8,3.5)",2.84,0.09154929577464799,0.024359218715039876
7165,2022-08-16,2022-08,E1,Swansea,Millwall,draw,draw,0.323475974772441,0.298804780876494,0.02467119389594702,0.013792082292650134,-0.009011544064669086,3.2,"[2.8,3.5)",2.55,3.22,2.88,True,2.2,"E1|draw|[2.8,3.5)",3.22,-0.006211180124223614,-0.05347864962180715
7227,2022-08-20,2022-08,E1,Swansea,Luton,draw,away,0.32367038097631445,0.2995464405442714,0.02412394043204308,0.013792082292650134,-0.008389444212274055,3.2,"[2.8,3.5)",2.3,3.4,3.11,False,-1.0,"E1|draw|[2.8,3.5)",3.4,-0.05882352941176461,-0.10402004149215172
7261,2022-08-20,2022-08,F2,Rodez,Annecy,draw,draw,0.4206859814853924,0.3313609467455621,0.08932503473983028,0.016592401056242243,0.13146202520162031,2.8,"[2.8,3.5)",3.05,2.64,2.75,True,1.7999999999999998,"F2|draw|[2.8,3.5)",2.64,0.06060606060606055,-0.009050823857043588
7349,2022-08-22,2022-08,SP2,Malaga,Las Palmas,draw,away,0.3345441589735731,0.30643399732663906,0.02811016164693403,0.015225201512293368,-0.010111231870032933,3.1,"[2.8,3.5)",2.33,3.03,3.29,False,-1.0,"SP2|draw|[2.8,3.5)",3.03,0.02310231023102327,-0.0376860247101557
7354,2022-08-22,2022-08,SP1,Girona,Getafe,draw,home,0.375759306461541,0.32941176470588235,0.04634754175565864,0.01678774017138638,0.04101754224144827,2.9,"[2.8,3.5)",2.37,2.88,3.67,False,-1.0,"SP1|draw|[2.8,3.5)",2.88,0.00694444444444442,-0.03331110523471714
7366,2022-08-26,2022-08,SP2,Cartagena,Zaragoza,draw,home,0.33495236337415857,0.30778515389257693,0.027167209481581633,0.015225201512293368,-0.008845798228217738,3.1,"[2.8,3.5)",2.4,3.05,3.11,False,-1.0,"SP2|draw|[2.8,3.5)",3.05,0.016393442622950838,-0.04660582212241704
7367,2022-08-26,2022-08,SP2,Albacete,Huesca,draw,home,0.3344885706573679,0.30625,0.0282385706573679,0.015225201512293368,-0.010283555650268728,3.1,"[2.8,3.5)",2.36,3.08,3.15,False,-1.0,"SP2|draw|[2.8,3.5)",3.08,0.006493506493506551,-0.05570215695273051
7461,2022-08-27,2022-08,SP2,Lugo,Leganes,draw,home,0.3667485059039171,0.3277755185034567,0.0389729874004604,0.015225201512293368,0.019417582735708816,2.9,"[2.8,3.5)",3.41,2.92,2.33,False,-1.0,"SP2|draw|[2.8,3.5)",2.92,-0.006849315068493178,-0.06738133497395393
7462,2022-08-27,2022-08,SP2,Mirandes,Malaga,draw,away,0.3346273214657422,0.30670926517571884,0.027918056290023363,0.015225201512293368,-0.009853428144308674,3.1,"[2.8,3.5)",2.28,3.17,3.22,False,-1.0,"SP2|draw|[2.8,3.5)",3.17,-0.02208201892744477,-0.08143328786031989
7533,2022-08-30,2022-08,E1,Cardiff,Luton,draw,away,0.3232034897862875,0.29776525065431847,0.02543823913196902,0.013792082292650134,-0.009883496020360316,3.2,"[2.8,3.5)",2.56,3.04,3.02,False,-1.0,"E1|draw|[2.8,3.5)",3.04,0.05263157894736836,0.0018400933005053854
8872,2022-10-23,2022-10,SP2,Leganes,Tenerife,draw,home,0.33551513562476437,0.3108931255438652,0.024622010080899148,0.014046459700996931,-0.003447104636320919,3.1,"[2.8,3.5)",2.76,2.74,2.97,False,-1.0,"SP2|draw|[2.8,3.5)",2.74,0.13138686131386845,0.06335082477591714
8924,2022-10-28,2022-10,SP2,Tenerife,Zaragoza,draw,away,0.43471672743315276,0.3309017071519892,0.10381502028116357,0.014046459700996931,0.20732366839128735,2.87,"[2.8,3.5)",2.14,2.93,3.9,False,-1.0,"SP2|draw|[2.8,3.5)",2.93,-0.020477815699658675,-0.08025818639798488
9011,2022-10-29,2022-10,SP2,Alaves,Oviedo,draw,home,0.3530889977935936,0.3286034353995519,0.024485562394041704,0.014046459700996931,-0.016776639531469684,2.9,"[2.8,3.5)",2.2,2.85,3.88,False,-1.0,"SP2|draw|[2.8,3.5)",2.85,0.01754385964912264,-0.04290133003402408
9146,2022-11-05,2022-11,E1,Rotherham,Norwich,away,away,0.5179835694219528,0.49469964664310956,0.023283922778843225,0.011814841202764083,-0.01297097997258212,1.95,"[1.8,2.2)",4.29,3.7,1.82,True,0.95,"E1|away|[1.8,2.2)",1.82,0.0714285714285714,0.01767396136091648
9445,2022-11-13,2022-11,E0,Fulham,Man United,away,away,0.5360889612743357,0.5,0.036088961274335696,0.014451088816113298,-0.008888042329377566,1.9,"[1.8,2.2)",4.13,3.78,1.88,True,0.8999999999999999,"E0|away|[1.8,2.2)",1.88,0.010638297872340496,-0.026918660726587995
9502,2022-11-19,2022-11,E3,Harrogate,Mansfield,away,home,0.5218470041348042,0.489795918367347,0.032051085767457244,0.011885707263641687,-0.0055754711012330205,1.95,"[1.8,2.2)",3.17,3.35,2.2,False,-1.0,"E3|away|[1.8,2.2)",2.2,-0.11363636363636376,-0.17046788310933958
9508,2022-11-20,2022-11,SP2,Santander,Burgos,draw,away,0.44399690556254356,0.33158331030671456,0.112413595255829,0.013261545955209699,0.2362104820730484,2.87,"[2.8,3.5)",2.17,2.88,3.92,False,-1.0,"SP2|draw|[2.8,3.5)",2.88,-0.003472222222222099,-0.06266824338851862
9532,2022-11-30,2022-11,SP2,Tenerife,Oviedo,draw,away,0.4474975407018433,0.3368146214099217,0.11068291929192159,0.013261545955209699,0.21586078529057406,2.8,"[2.8,3.5)",1.96,2.86,4.89,False,-1.0,"SP2|draw|[2.8,3.5)",2.86,-0.020979020979021046,-0.08017302247784097
9560,2022-12-03,2022-12,SP2,Villarreal B,Leganes,draw,draw,0.3552355658911152,0.3277755185034567,0.027460047387658504,0.012799474096080234,-0.0069353337943985904,2.9,"[2.8,3.5)",2.99,2.88,2.6,True,1.9,"SP2|draw|[2.8,3.5)",2.88,0.00694444444444442,-0.055652363319538156
9584,2022-12-07,2022-12,SP2,Tenerife,Alaves,draw,home,0.3512754637220466,0.32763251441662067,0.02364294930542593,0.012799474096080234,-0.018419630084697602,2.9,"[2.8,3.5)",2.22,2.82,3.86,False,-1.0,"SP2|draw|[2.8,3.5)",2.82,0.028368794326241176,-0.033603994586774766
9648,2022-12-16,2022-12,E1,Birmingham,Reading,draw,home,0.32072903784963935,0.29753265602322204,0.02319638182641731,0.011530085984920557,-0.010563354032899763,3.2,"[2.8,3.5)",2.01,3.21,4.17,False,-1.0,"E1|draw|[2.8,3.5)",3.21,-0.0031152647975076775,-0.049542337745176246
9805,2022-12-28,2022-12,F1,Brest,Lyon,home,away,0.2776934039498302,0.25222312045270817,0.025470283497122048,0.015150166683803458,-0.015462860252399735,3.75,"[3.5,4.0)",3.27,3.55,2.17,False,-1.0,"F1|home|[3.5,4.0)",3.27,0.14678899082568808,0.09391981187447707
9827,2022-12-29,2022-12,E1,West Brom,Preston,draw,home,0.29399960942964287,0.27027027027027023,0.023729339159372642,0.011530085984920557,-0.011356667943471899,3.5,"[3.5,4.0)",1.84,3.48,4.52,False,-1.0,"E1|draw|[3.5,4.0)",3.48,0.005747126436781658,-0.04403341915821568
9835,2022-12-29,2022-12,E3,Barrow,Tranmere,draw,away,0.35221269850631204,0.32653473344103395,0.025677965065278086,0.011691764935851655,-0.012489292645665007,2.9,"[2.8,3.5)",2.46,2.89,3.14,False,-1.0,"E3|draw|[2.8,3.5)",2.89,0.0034602076124565784,-0.06305900854929658
9885,2022-12-30,2022-12,SP1,Getafe,Mallorca,draw,home,0.42462908887798717,0.3463687150837989,0.07826037379418826,0.01431024707754154,0.12837681495122544,2.75,"[2.2,2.8)",2.86,2.68,3.12,False,-1.0,"SP1|draw|[2.2,2.8)",2.68,0.026119402985074647,-0.016465193830762948
10097,2023-01-11,2023-01,F1,Strasbourg,Lens,draw,draw,0.29415734487497774,0.26911203922280735,0.02504530565217039,0.014056692389980724,-0.019647716302510387,3.5,"[3.5,4.0)",3.78,3.33,2.08,True,2.5,"F1|draw|[3.5,4.0)",3.33,0.05105105105105112,0.00519429285291606
10113,2023-01-13,2023-01,SP2,Oviedo,Alaves,draw,home,0.5516233593279818,0.34747637241101953,0.20414698691696226,0.012408331960270344,0.4828413252612065,2.75,"[2.2,2.8)",2.93,2.64,2.88,False,-1.0,"SP2|draw|[2.2,2.8)",2.64,0.04166666666666652,-0.02402341778540429
10120,2023-01-14,2023-01,B1,Seraing,Standard,away,draw,0.5312688939572552,0.491838642410297,0.03943025154695817,0.015056496189964992,-0.014034320264475708,1.91,"[1.8,2.2)",4.52,3.57,1.8,False,-1.0,"B1|away|[1.8,2.2)",1.8,0.061111111111111116,0.003978187788288512
10121,2023-01-14,2023-01,E3,Salford,Sutton,draw,home,0.31772498761195084,0.2971246006389776,0.020600386972973228,0.011379322741587034,-0.019693872414835778,3.2,"[2.8,3.5)",2.34,3.18,3.06,False,-1.0,"E3|draw|[2.8,3.5)",3.18,0.0062893081761006275,-0.05832223701731021
10157,2023-01-14,2023-01,SP2,Cartagena,Huesca,draw,draw,0.32007134228417444,0.29753265602322204,0.0225386862609524,0.012408331960270344,-0.015478366963506907,3.2,"[2.8,3.5)",2.4,2.9,3.29,True,2.2,"SP2|draw|[2.8,3.5)",2.9,0.10344827586206895,0.03566831987539465
10273,2023-01-20,2023-01,SP1,Mallorca,Celta,draw,home,0.4156187936637659,0.3449691991786448,0.07064959448512109,0.014188683007689726,0.10393280430420959,2.75,"[2.2,2.8)",2.79,2.76,3.07,False,-1.0,"SP1|draw|[2.2,2.8)",2.76,-0.0036231884057970065,-0.04787298546014562
10296,2023-01-21,2023-01,E2,Oxford,Ipswich,draw,home,0.2967625686929518,0.26911203922280735,0.027650529470144458,0.011344954427690946,-0.0010383500715870353,3.5,"[3.5,4.0)",4.46,3.67,1.76,False,-1.0,"E2|draw|[3.5,4.0)",3.67,-0.0463215258855586,-0.1044235094696353
10378,2023-01-22,2023-01,SP2,Huesca,Oviedo,draw,draw,0.41384742540899105,0.33962264150943394,0.07422478389955711,0.012408331960270344,0.12402946165641793,2.8,"[2.8,3.5)",2.43,2.7,3.51,True,1.7999999999999998,"SP2|draw|[2.8,3.5)",2.7,0.03703703703703698,-0.027893175074184096
10388,2023-01-24,2023-01,E2,Milton Keynes Dons,Shrewsbury,draw,away,0.31774928350080156,0.2971246006389776,0.02062468286182395,0.011344954427690946,-0.019506146966046023,3.2,"[2.8,3.5)",2.55,2.94,2.99,False,-1.0,"E2|draw|[2.8,3.5)",2.94,0.08843537414965996,0.020336984204649466
10423,2023-01-27,2023-01,SP2,Santander,Tenerife,draw,draw,0.407306415148893,0.33720930232558144,0.07009711282331155,0.012408331960270344,0.10571463292814332,2.8,"[2.8,3.5)",2.93,2.73,2.8,True,1.7999999999999998,"SP2|draw|[2.8,3.5)",2.73,0.02564102564102555,-0.03672175419027213
10494,2023-01-28,2023-01,SP1,Cadiz,Mallorca,draw,home,0.40949454307309935,0.34039778284969024,0.0690967602234091,0.014188683007689726,0.1068564081831469,2.8,"[2.8,3.5)",2.88,2.71,3.07,False,-1.0,"SP1|draw|[2.8,3.5)",2.71,0.03321033210332103,-0.008396185227168229
10495,2023-01-28,2023-01,SP1,Getafe,Betis,draw,away,0.4042818001114692,0.3338834581693538,0.07039834194211542,0.014188683007689726,0.12346817725888481,2.88,"[2.8,3.5)",3.08,2.82,2.74,False,-1.0,"SP1|draw|[2.8,3.5)",2.82,0.02127659574468077,-0.02199874454763484
10544,2023-01-29,2023-01,SP2,Ibiza,Cartagena,draw,draw,0.35592521332132465,0.32738095238095233,0.028544260940372324,0.012408331960270344,-0.0038010440529425704,2.9,"[2.8,3.5)",2.33,2.9,3.42,True,1.9,"SP2|draw|[2.8,3.5)",2.9,0.0,-0.06227418072034929
10564,2023-01-31,2023-01,E3,Salford,Walsall,draw,home,0.31772498761195084,0.2971246006389776,0.020600386972973228,0.011379322741587034,-0.019693872414835778,3.2,"[2.8,3.5)",2.46,3.03,3.01,False,-1.0,"E3|draw|[2.8,3.5)",3.03,0.05610561056105623,-0.011843010671971355
10578,2023-01-31,2023-01,F2,Grenoble,Quevilly Rouen,draw,home,0.4027850154967291,0.33635614179719703,0.0664288736995321,0.013928318081006613,0.08879875276402283,2.8,"[2.8,3.5)",2.74,2.8,2.89,False,-1.0,"F2|draw|[2.8,3.5)",2.8,0.0,-0.0637818482767939
10671,2023-02-04,2023-02,E3,Colchester,Barrow,draw,draw,0.3283809828112804,0.3100158982511924,0.018365084560088007,0.01105974104181946,-0.016304150514670934,3.1,"[2.8,3.5)",2.24,3.1,3.34,True,2.1,"E3|draw|[2.8,3.5)",3.1,0.0,-0.06403008926697773
10713,2023-02-04,2023-02,SP2,Tenerife,Albacete,draw,home,0.3294657921787312,0.30766482043952115,0.02180097173921003,0.012037002098136419,-0.015970750750156193,3.1,"[2.8,3.5)",1.99,2.95,4.52,False,-1.0,"SP2|draw|[2.8,3.5)",2.95,0.05084745762711851,-0.011185384034355539
10757,2023-02-05,2023-02,SP1,Mallorca,Real Madrid,draw,home,0.2951671666618107,0.2685918335662164,0.02657533309559429,0.013711277240106044,-0.014904387024033738,3.5,"[3.5,4.0)",5.05,3.52,1.78,False,-1.0,"SP1|draw|[3.5,4.0)",3.52,-0.005681818181818232,-0.047504435281224056
10762,2023-02-05,2023-02,SP2,Ponferradina,Santander,draw,draw,0.6181604275663088,0.4860887293902073,0.13207169817610154,0.012037002098136419,0.15769574264420938,1.91,"[1.8,2.2)",2.5,2.91,3.13,True,0.9099999999999999,"SP2|draw|[1.8,2.2)",2.91,-0.3436426116838489,-0.3826187712478778
10822,2023-02-11,2023-02,E1,QPR,Millwall,draw,away,0.3293633508509533,0.30719219829337663,0.02217115255757668,0.010959763929871032,-0.012948880544644936,3.1,"[2.8,3.5)",2.8,3.07,2.72,False,-1.0,"E1|draw|[2.8,3.5)",3.07,0.009771986970684043,-0.03879099762238214
10956,2023-02-14,2023-02,E3,Gillingham,Grimsby,draw,home,0.3283809828112804,0.3100158982511924,0.018365084560088007,0.01105974104181946,-0.016304150514670934,3.1,"[2.8,3.5)",2.66,2.98,2.81,False,-1.0,"E3|draw|[2.8,3.5)",2.98,0.04026845637583887,-0.025402099666879785
10989,2023-02-17,2023-02,SP2,Cartagena,Oviedo,draw,home,0.39038317986441456,0.3373753178173283,0.05300786204708624,0.012037002098136419,0.059369297745578864,2.8,"[2.8,3.5)",2.35,2.71,3.72,False,-1.0,"SP2|draw|[2.8,3.5)",2.71,0.03321033210332103,-0.028346637979969724
11028,2023-02-18,2023-02,E2,Lincoln,Portsmouth,away,draw,0.38954247581040624,0.3664921465968586,0.02305032921354766,0.010977971753351811,-0.015732289451658388,2.6,"[2.2,2.8)",2.74,3.12,2.64,False,-1.0,"E2|away|[2.2,2.8)",2.64,-0.015151515151515138,-0.07462030375699436
11080,2023-02-18,2023-02,SP2,Lugo,Eibar,draw,away,0.32959404479753734,0.30766482043952115,0.021929224358016197,0.012037002098136419,-0.01557316763185701,3.1,"[2.8,3.5)",4.3,3.05,1.99,False,-1.0,"SP2|draw|[2.8,3.5)",3.05,0.016393442622950838,-0.04378998972658288
11204,2023-02-25,2023-02,E2,Charlton,Sheffield Weds,draw,away,0.296088807402922,0.26911203922280735,0.02697676818011463,0.011028204789880782,-0.0022878908543557674,3.5,"[3.5,4.0)",3.84,3.39,1.97,False,-1.0,"E2|draw|[3.5,4.0)",3.39,0.032448377581120846,-0.028755681255433596
11320,2023-02-28,2023-02,E3,Barrow,Salford,draw,draw,0.32928897417487163,0.30719219829337663,0.022096775881495,0.01105974104181946,-0.013489377287538185,3.1,"[2.8,3.5)",2.86,3.07,2.56,True,2.1,"E3|draw|[2.8,3.5)",3.07,0.009771986970684043,-0.05275405867868621
11353,2023-03-03,2023-03,SP2,Andorra,Las Palmas,draw,draw,0.3632580723000419,0.3266383470120015,0.03661972528804042,0.011918068224519542,0.018886011819014836,2.9,"[2.8,3.5)",2.45,2.91,3.21,True,1.9,"SP2|draw|[2.8,3.5)",2.91,-0.003436426116838587,-0.06279201647003707
11396,2023-03-04,2023-03,E2,Lincoln,Oxford,draw,home,0.328208702264219,0.30719219829337663,0.02101650397084237,0.010950647648411457,-0.016500030690996592,3.1,"[2.8,3.5)",2.62,3.11,2.76,False,-1.0,"E2|draw|[2.8,3.5)",3.11,-0.003215434083601254,-0.06452781371280736
11446,2023-03-04,2023-03,SP2,Mirandes,Oviedo,draw,home,0.3529449494551564,0.3258041871412644,0.02714076231389201,0.011918068224519542,-0.011022044431153066,2.9,"[2.8,3.5)",2.89,2.73,2.83,False,-1.0,"SP2|draw|[2.8,3.5)",2.73,0.06227106227106227,-0.003196984151666582
11447,2023-03-04,2023-03,SP2,Tenerife,Eibar,draw,away,0.37408129704222803,0.33539731682146545,0.03868398022076258,0.011918068224519542,0.014057040689583689,2.8,"[2.8,3.5)",2.3,2.74,3.78,False,-1.0,"SP2|draw|[2.8,3.5)",2.74,0.021897810218977964,-0.03983718031648875
11497,2023-03-05,2023-03,SP2,Ponferradina,Cartagena,draw,away,0.3321199211193788,0.3066287108580724,0.025491210261306407,0.011918068224519542,-0.00737425602593611,3.1,"[2.8,3.5)",2.61,2.92,2.95,False,-1.0,"SP2|draw|[2.8,3.5)",2.92,0.06164383561643838,-0.0027679477912820882
11499,2023-03-05,2023-03,SP2,Lugo,Zaragoza,draw,draw,0.3292744621144985,0.306420233463035,0.022854228651463526,0.011918068224519542,-0.016195178941065036,3.1,"[2.8,3.5)",3.64,2.83,2.28,True,2.1,"SP2|draw|[2.8,3.5)",2.83,0.09540636042402828,0.026931919785413205
11504,2023-03-05,2023-03,SP2,Albacete,Sp Gijon,draw,home,0.3562820369429391,0.3253262719878949,0.030955764955044207,0.011918068224519542,-0.0013444907165832687,2.9,"[2.8,3.5)",2.05,3.01,4.11,False,-1.0,"SP2|draw|[2.8,3.5)",3.01,-0.03654485049833878,-0.09393483170233363
11509,2023-03-06,2023-03,I1,Torino,Bologna,draw,home,0.3581056944587371,0.3266613290632506,0.03144436539548645,0.013307027088022467,-8.386462492759872e-05,2.9,"[2.8,3.5)",2.35,2.94,3.57,False,-1.0,"I1|draw|[2.8,3.5)",2.94,-0.013605442176870763,-0.056785801514288026
11523,2023-03-07,2023-03,E2,Plymouth,Derby,away,home,0.39763188875754263,0.3718712753277712,0.02576061342977143,0.010925133784234457,-0.013897774818064201,2.55,"[2.2,2.8)",2.7,3.42,2.48,False,-1.0,"E2|away|[2.2,2.8)",2.48,0.028225806451612767,-0.035429877599174264
11543,2023-03-10,2023-03,SP1,Cadiz,Getafe,draw,draw,0.3554765197403705,0.3306083193075258,0.024868200432844656,0.013534514115122315,-0.01520702379928529,2.88,"[2.8,3.5)",2.49,2.82,3.49,True,1.88,"SP1|draw|[2.8,3.5)",2.82,0.02127659574468077,-0.020592399535096617
11544,2023-03-10,2023-03,SP2,Oviedo,Tenerife,draw,draw,0.561183612726185,0.3658536585365854,0.19532995418959959,0.011918068224519542,0.42809041570433015,2.6,"[2.2,2.8)",2.82,2.49,3.23,True,1.6,"SP2|draw|[2.2,2.8)",2.49,0.04417670682730912,-0.02030107847152418
11585,2023-03-11,2023-03,E2,Forest Green,Bristol Rvs,away,away,0.3975709598416062,0.37281553398058254,0.02475542586102364,0.010925133784234457,-0.01405314355370213,2.55,"[2.2,2.8)",2.75,3.25,2.54,True,1.5499999999999998,"E2|away|[2.2,2.8)",2.54,0.003937007874015741,-0.05736221693723531
11613,2023-03-11,2023-03,I2,Cittadella,Palermo,draw,draw,0.3295579965371578,0.30670926517571884,0.022848731361438945,0.01305908181695003,-0.018853364367355963,3.1,"[2.8,3.5)",2.44,2.93,3.17,True,2.1,"I2|draw|[2.8,3.5)",2.93,0.058020477815699634,-0.00803488319177903
11679,2023-03-12,2023-03,SP1,Mallorca,Sociedad,draw,draw,0.356458950272759,0.3281853281853282,0.028273622087430783,0.013534514115122315,-0.005519135142853626,2.9,"[2.8,3.5)",3.75,2.75,2.41,True,1.9,"SP1|draw|[2.8,3.5)",2.75,0.05454545454545445,0.008901934366278619
11698,2023-03-14,2023-03,E1,Blackpool,QPR,draw,home,0.3280241368572742,0.30864197530864196,0.01938216154863226,0.010883296087429795,-0.016863393613482214,3.1,"[2.8,3.5)",2.53,3.04,3.03,False,-1.0,"E1|draw|[2.8,3.5)",3.04,0.019736842105263275,-0.032725504003125794
11708,2023-03-14,2023-03,E3,Northampton,Mansfield,draw,home,0.3198812956929068,0.2989949748743718,0.020886320818534976,0.010944473050994455,-0.011402167545880415,3.2,"[2.8,3.5)",2.53,3.12,2.85,False,-1.0,"E3|draw|[2.8,3.5)",3.12,0.025641025641025772,-0.03844374710890519
11759,2023-03-18,2023-03,E3,Stockport,Mansfield,home,draw,0.5567791062379077,0.5263157894736842,0.030463316764223536,0.011691950462404076,-0.01884311960409346,1.8,"[1.8,2.2)",1.8,3.42,4.61,False,-1.0,"E3|home|[1.8,2.2)",1.8,0.0,-0.06092084102686268
11767,2023-03-18,2023-03,E2,Cheltenham,Exeter,away,home,0.3969294681564631,0.3693322341302556,0.027597234026207507,0.010925133784234457,-0.01568894735081694,2.55,"[2.2,2.8)",2.65,3.12,2.72,False,-1.0,"E2|away|[2.2,2.8)",2.72,-0.06250000000000011,-0.12014656294861958
11775,2023-03-18,2023-03,E3,Carlisle,Stevenage,draw,draw,0.31912579306445593,0.2995464405442714,0.019579352520184556,0.010944473050994455,-0.013819775956923186,3.2,"[2.8,3.5)",2.48,3.0,3.03,True,2.2,"E3|draw|[2.8,3.5)",3.0,0.06666666666666665,6.987073913267139e-05
11828,2023-03-18,2023-03,SP2,Tenerife,Las Palmas,draw,home,0.3607740172006247,0.32930217355777086,0.031471843642853825,0.011918068224519542,0.004705133051182919,2.88,"[2.8,3.5)",2.55,2.73,3.24,False,-1.0,"SP2|draw|[2.8,3.5)",2.73,0.05494505494505497,-0.011389896421493573
11829,2023-03-18,2023-03,SP2,Ponferradina,Alaves,draw,home,0.3289013831427043,0.30766482043952115,0.021236562703183137,0.011918068224519542,-0.017351723753627146,3.1,"[2.8,3.5)",4.1,3.06,2.01,False,-1.0,"SP2|draw|[2.8,3.5)",3.06,0.013071895424836555,-0.051619297933000796
11830,2023-03-18,2023-03,SP2,Leganes,Oviedo,draw,away,0.35121429641743135,0.32902167972308255,0.0221926166943488,0.011918068224519542,-0.016040938240555747,2.9,"[2.8,3.5)",2.27,2.65,4.03,False,-1.0,"SP2|draw|[2.8,3.5)",2.65,0.09433962264150941,0.026559894130348205
11832,2023-03-18,2023-03,SP2,Albacete,Granada,draw,away,0.32948912814734965,0.30721059078335783,0.022278537363991824,0.011918068224519542,-0.015529714239226555,3.1,"[2.8,3.5)",2.49,2.95,3.06,False,-1.0,"SP2|draw|[2.8,3.5)",2.95,0.05084745762711851,-0.015495229640003272
11878,2023-03-19,2023-03,SP2,Huesca,Zaragoza,draw,draw,0.3587138818785047,0.32941176470588235,0.029302117172622377,0.011918068224519542,0.005707859596557174,2.9,"[2.8,3.5)",2.98,2.74,2.73,True,1.9,"SP2|draw|[2.8,3.5)",2.74,0.058394160583941535,-0.007911424342326612
11883,2023-03-19,2023-03,SP2,Burgos,Sp Gijon,draw,draw,0.35636593984973886,0.3276209677419355,0.028744972107803357,0.011918068224519542,-0.0011011722868639051,2.9,"[2.8,3.5)",2.4,2.74,3.51,True,1.9,"SP2|draw|[2.8,3.5)",2.74,0.058394160583941535,-0.007628750396061479
11922,2023-03-29,2023-03,E2,Cheltenham,Sheffield Weds,draw,draw,0.29643784183625416,0.2710182767624021,0.02541956507385207,0.010950647648411457,-0.0007948203425506284,3.5,"[3.5,4.0)",5.35,3.76,1.64,True,2.5,"E2|draw|[3.5,4.0)",3.76,-0.06914893617021267,-0.12401159274768647
11933,2023-03-31,2023-03,SP1,Mallorca,Osasuna,draw,draw,0.35788415504414506,0.32660829843928435,0.03127585660486071,0.013534514115122315,-0.0013860413058339738,2.9,"[2.8,3.5)",2.18,2.83,4.37,True,1.9,"SP1|draw|[2.8,3.5)",2.83,0.02473498233215543,-0.015534990788615533
11969,2023-04-01,2023-04,E2,Derby,Ipswich,away,away,0.46321413960662056,0.43374642516682554,0.029467714439795012,0.01088048627000227,-0.0048659626594397265,2.2,"[2.2,2.8)",3.4,3.19,2.2,True,1.2000000000000002,"E2|away|[2.2,2.8)",2.2,0.0,-0.058506944444444375
12031,2023-04-01,2023-04,SP2,Burgos,Santander,draw,home,0.3739405351686933,0.3281853281853282,0.045755206983365104,0.011905573786219694,0.04266068878152396,2.88,"[2.8,3.5)",2.35,2.75,3.62,False,-1.0,"SP2|draw|[2.8,3.5)",2.75,0.04727272727272713,-0.017025015546951794
12033,2023-04-01,2023-04,SP2,Oviedo,Eibar,draw,draw,0.5543282604052948,0.3532608695652174,0.2010673908400774,0.011905573786219694,0.4645412538715028,2.7,"[2.2,2.8)",2.98,2.54,2.97,True,1.7000000000000002,"SP2|draw|[2.2,2.8)",2.54,0.06299212598425208,-0.002795072526665332
12083,2023-04-02,2023-04,SP2,Lugo,Ponferradina,draw,draw,0.3768447435029025,0.3263552175012064,0.050489526001696095,0.011905573786219694,0.003582716720877732,2.75,"[2.2,2.8)",2.99,2.86,2.61,True,1.75,"SP2|draw|[2.2,2.8)",2.86,-0.038461538461538436,-0.09904218741472459
12107,2023-04-07,2023-04,E1,Rotherham,West Brom,draw,home,0.2919875010171058,0.27027027027027023,0.02171723074683557,0.010946477251518675,-0.016356416820444974,3.5,"[3.5,4.0)",4.34,3.37,1.91,False,-1.0,"E1|draw|[3.5,4.0)",3.37,0.03857566765578624,-0.011549507868315212
12128,2023-04-07,2023-04,E3,Crewe,Barrow,away,home,0.46292009334280426,0.4317656129529684,0.03115448038983587,0.01081371557027419,-0.005365968900433837,2.2,"[2.2,2.8)",3.35,3.04,2.29,False,-1.0,"E3|away|[2.2,2.8)",2.29,-0.0393013100436681,-0.09720313815876946
12196,2023-04-08,2023-04,I1,Lazio,Juventus,draw,home,0.3716422344372607,0.32738095238095233,0.04426128205630836,0.01341421410909642,0.03886125895167636,2.9,"[2.8,3.5)",2.87,2.92,2.85,False,-1.0,"I1|draw|[2.8,3.5)",2.92,-0.006849315068493178,-0.046674490292140214
12201,2023-04-08,2023-04,I1,Torino,Roma,draw,away,0.3434318619564447,0.3181818181818181,0.025250043774626585,0.01341421410909642,-0.009947056457955128,3.0,"[2.8,3.5)",3.37,2.87,2.51,False,-1.0,"I1|draw|[2.8,3.5)",2.87,0.04529616724738683,0.001649937041876104
12209,2023-04-08,2023-04,SP1,Espanol,Ath Bilbao,away,away,0.4599970926227038,0.4317656129529684,0.028231479669735382,0.013544952212846718,-0.017805291098314413,2.2,"[2.2,2.8)",4.01,3.22,2.08,True,1.2000000000000002,"SP1|away|[2.2,2.8)",2.08,0.05769230769230771,0.016323084298726975
12238,2023-04-09,2023-04,SP2,Huesca,Burgos,draw,home,0.35214375151835237,0.3181818181818181,0.033961933336534245,0.011905573786219694,0.020714533196398044,3.0,"[2.8,3.5)",2.39,2.75,3.52,False,-1.0,"SP2|draw|[2.8,3.5)",2.75,0.09090909090909083,0.023235071132319485
12239,2023-04-09,2023-04,F1,Ajaccio,Auxerre,draw,away,0.35573445100430157,0.32558139534883723,0.030153055655464334,0.013506093361846121,-0.007537762836879236,2.9,"[2.8,3.5)",2.83,2.78,3.01,False,-1.0,"F1|draw|[2.8,3.5)",2.78,0.043165467625899234,-0.0020372876562908537
12256,2023-04-09,2023-04,SP2,Ponferradina,Leganes,draw,away,0.3739995442475059,0.3266383470120015,0.047361197235504415,0.011905573786219694,0.05007251433773008,2.9,"[2.8,3.5)",2.7,2.77,2.97,False,-1.0,"SP2|draw|[2.8,3.5)",2.77,0.04693140794223827,-0.01980198019801971
12288,2023-04-10,2023-04,E3,Walsall,Carlisle,draw,draw,0.3447345690112847,0.31840193704600483,0.02633263196527985,0.01086704321051608,0.0016025774023058492,3.0,"[2.8,3.5)",3.17,2.97,2.42,True,2.0,"E3|draw|[2.8,3.5)",2.97,0.010101010101009944,-0.05188743372456628
12400,2023-04-15,2023-04,I2,Cosenza,Cittadella,draw,draw,0.3625476832317934,0.3289066688662515,0.033641014365541955,0.013085652861125206,0.006450647467524329,2.88,"[2.8,3.5)",3.02,2.83,2.63,True,1.88,"I2|draw|[2.8,3.5)",2.83,0.0176678445229681,-0.044183836771532925
12404,2023-04-15,2023-04,SP2,Zaragoza,Santander,draw,home,0.34330769218929197,0.31818181818181823,0.025125874007473736,0.011905573786219694,-0.005793644790783148,3.0,"[2.8,3.5)",1.95,3.1,4.36,False,-1.0,"SP2|draw|[2.8,3.5)",3.1,-0.032258064516129115,-0.09111641663400216
12425,2023-04-15,2023-04,SP2,Burgos,Ponferradina,draw,draw,0.35008644873041733,0.32611264277274515,0.02397380595767218,0.011905573786219694,-0.019275462661826892,2.9,"[2.8,3.5)",2.1,2.9,4.06,True,1.9,"SP2|draw|[2.8,3.5)",2.9,0.0,-0.06307692307692303
12529,2023-04-21,2023-04,SP2,Eibar,Zaragoza,draw,draw,0.3751696312252608,0.3267411865864145,0.048428444638846324,0.011905573786219694,0.05346576657321922,2.9,"[2.8,3.5)",1.97,3.04,4.4,True,1.9,"SP2|draw|[2.8,3.5)",3.04,-0.046052631578947456,-0.10329328500898949
12579,2023-04-22,2023-04,G1,Giannina,Panetolikos,draw,home,0.3433619406647742,0.31862745098039214,0.024734489684382077,0.01627118015032083,-0.018727718456639786,3.0,"[2.8,3.5)",1.79,3.25,4.93,False,-1.0,"G1|draw|[2.8,3.5)",3.25,-0.07692307692307687,-0.13665876398595111
12620,2023-04-22,2023-04,SP2,Ibiza,Oviedo,draw,away,0.3683714146881349,0.33880903490759756,0.02956237978053733,0.011905573786219694,-0.0018956454746374973,2.8,"[2.8,3.5)",3.49,2.72,2.43,False,-1.0,"SP2|draw|[2.8,3.5)",2.72,0.02941176470588225,-0.03405347576180384
12670,2023-04-23,2023-04,SP1,Mallorca,Getafe,draw,home,0.3639143701998345,0.3311067603362893,0.03280760986354525,0.013611748896558825,0.008871549353433927,2.88,"[2.8,3.5)",2.62,2.64,3.53,False,-1.0,"SP1|draw|[2.8,3.5)",2.64,0.09090909090909083,0.04517897082944211
12674,2023-04-23,2023-04,SP2,Mirandes,Burgos,draw,home,0.375063719535764,0.33351483800707865,0.041548881528685355,0.011905573786219694,0.045895459758687585,2.88,"[2.8,3.5)",2.11,3.0,3.89,False,-1.0,"SP2|draw|[2.8,3.5)",3.0,-0.040000000000000036,-0.09802952544843357
12789,2023-04-29,2023-04,G1,Asteras Tripolis,Lamia,draw,draw,0.3626924770088161,0.3266613290632506,0.0360311479455655,0.01627118015032083,0.004621760889636395,2.9,"[2.8,3.5)",2.31,2.92,3.41,True,1.9,"G1|draw|[2.8,3.5)",2.92,-0.006849315068493178,-0.07062430073842041
12806,2023-04-29,2023-04,SP2,Tenerife,Leganes,draw,home,0.37470940763353916,0.3284203780839475,0.04628902954959169,0.011905573786219694,0.0448750414802801,2.88,"[2.8,3.5)",1.72,3.15,6.02,False,-1.0,"SP2|draw|[2.8,3.5)",3.15,-0.08571428571428574,-0.14149046793760856
12845,2023-04-30,2023-04,SP2,Zaragoza,Las Palmas,draw,draw,0.3518883507038977,0.31840193704600483,0.033486413657892844,0.011905573786219694,0.019948330753033927,3.0,"[2.8,3.5)",2.5,2.93,3.08,True,2.0,"SP2|draw|[2.8,3.5)",2.93,0.023890784982935065,-0.03947707635117714
12891,2023-05-03,2023-05,SP1,Getafe,Celta,draw,home,0.3451560734790544,0.3180446590223295,0.027111414456724936,0.013439365508126102,-0.004849876087214988,3.0,"[2.8,3.5)",2.74,2.91,2.94,False,-1.0,"SP1|draw|[2.8,3.5)",2.91,0.030927835051546282,-0.01698638160784882
12911,2023-05-06,2023-05,G1,Giannina,Asteras Tripolis,draw,home,0.5606957745459213,0.41188118811881186,0.14881458642710949,0.016078854585615438,0.22538806991068827,2.25,"[2.2,2.8)",2.95,2.09,4.02,False,-1.0,"G1|draw|[2.2,2.8)",2.09,0.07655502392344515,0.009704347562844662
12975,2023-05-07,2023-05,E2,Bristol Rvs,Bolton,away,away,0.4445571583384135,0.4111855061047657,0.03337165223364785,0.010773294459256474,-0.002297113077938784,2.3,"[2.2,2.8)",2.71,3.5,2.46,True,1.2999999999999998,"E2|away|[2.2,2.8)",2.46,-0.06504065040650409,-0.11897857973636605
13006,2023-05-07,2023-05,SP2,Oviedo,Zaragoza,draw,home,0.37224596184091413,0.32971295577967413,0.04253300606124,0.011971436932046836,0.03759063173753785,2.88,"[2.8,3.5)",2.42,2.76,3.43,False,-1.0,"SP2|draw|[2.8,3.5)",2.76,0.04347826086956519,-0.02212463082800875
13011,2023-05-07,2023-05,SP2,Ponferradina,Malaga,draw,home,0.37364191512544354,0.32886723507917176,0.044774680046271775,0.011971436932046836,0.048844386760850345,2.9,"[2.8,3.5)",3.46,3.08,2.21,False,-1.0,"SP2|draw|[2.8,3.5)",3.08,-0.05844155844155852,-0.11688716139258148
13059,2023-05-12,2023-05,SP1,Mallorca,Cadiz,draw,home,0.36966459579132954,0.3253262719878949,0.044338323803434665,0.013439365508126102,0.033053167821289975,2.9,"[2.8,3.5)",2.19,2.91,4.0,False,-1.0,"SP1|draw|[2.8,3.5)",2.91,-0.003436426116838587,-0.05113006062100112
13061,2023-05-12,2023-05,SP2,Burgos,Leganes,draw,away,0.37833374064850434,0.33876221498371334,0.039571525664790996,0.011971436932046836,0.02581445040608088,2.8,"[2.8,3.5)",2.66,2.67,3.17,False,-1.0,"SP2|draw|[2.8,3.5)",2.67,0.04868913857677892,-0.016173645633232314
13103,2023-05-13,2023-05,I2,Sudtirol,Cittadella,draw,draw,0.5561018730439744,0.3493975903614458,0.2067042826825286,0.013022368983514974,0.4663146609632407,2.7,"[2.2,2.8)",2.83,2.83,2.8,True,1.7000000000000002,"I2|draw|[2.2,2.8)",2.83,-0.04593639575971731,-0.10320284697508875
13105,2023-05-13,2023-05,I2,Como,Ternana,draw,home,0.36939190538620886,0.32710280373831774,0.042289101647891125,0.013022368983514974,0.02634426483975827,2.88,"[2.8,3.5)",1.81,3.34,4.72,False,-1.0,"I2|draw|[2.8,3.5)",3.34,-0.13772455089820357,-0.18940164857973085
13113,2023-05-13,2023-05,I2,Frosinone,Genoa,draw,home,0.3721388077280506,0.3291481631005248,0.042990644627525776,0.013022368983514974,0.04143767235915319,2.9,"[2.8,3.5)",2.43,3.01,3.1,False,-1.0,"I2|draw|[2.8,3.5)",3.01,-0.03654485049833878,-0.09647493827109432
13241,2023-05-20,2023-05,SP2,Cartagena,Las Palmas,away,away,0.39807881477352014,0.37281553398058254,0.025263280792937604,0.01196609778159219,-0.015412571670583741,2.55,"[2.2,2.8)",3.05,3.24,2.33,True,1.5499999999999998,"SP2|away|[2.2,2.8)",2.33,0.09442060085836901,0.026954441532825113
13313,2023-05-24,2023-05,SP1,Elche,Sevilla,away,draw,0.5276054941017859,0.5033134804127171,0.02429201368906886,0.013433371675065779,-0.017931246164964554,1.91,"[1.8,2.2)",3.55,3.46,2.11,False,-1.0,"SP1|away|[1.8,2.2)",2.11,-0.09478672985781988,-0.13346962595247858
13594,2023-08-12,2023-08,E1,Millwall,Bristol City,home,away,0.554685754062246,0.517875474669351,0.03681027939289494,0.012567049166458255,-0.007922770040708405,1.83,"[1.8,2.2)",1.9,3.49,4.2,False,-1.0,"E1|home|[1.8,2.2)",1.9,-0.03684210526315779,-0.08353069800813162
13599,2023-08-12,2023-08,E2,Oxford,Carlisle,home,home,0.5657054589240511,0.5263157894736842,0.039389669450366926,0.012567049166458255,-0.004350862436332759,1.8,"[1.8,2.2)",1.93,3.48,3.87,True,0.8,"E2|home|[1.8,2.2)",1.93,-0.06735751295336778,-0.12336483070614146
13600,2023-08-12,2023-08,E2,Bristol Rvs,Barnsley,away,draw,0.4586554734306318,0.43220338983050843,0.026452083600123355,0.011624172897641947,-0.016531138827422298,2.2,"[2.2,2.8)",3.22,3.36,2.2,False,-1.0,"E2|away|[2.2,2.8)",2.2,0.0,-0.05902147442993133
13821,2023-08-19,2023-08,SP2,Espanol,Santander,home,home,0.5582323814567394,0.5281969817315331,0.030035399725206302,0.013688514753129839,-0.019821039933502815,1.8,"[1.8,2.2)",1.87,3.3,4.36,True,0.8,"SP2|home|[1.8,2.2)",1.87,-0.03743315508021394,-0.09800015324496203
13823,2023-08-19,2023-08,SP2,Alcorcon,Leganes,draw,away,0.3578822009770774,0.33009708737864074,0.02778511359843666,0.012729342406230712,-0.005959767315961484,2.88,"[2.8,3.5)",2.59,2.81,3.08,False,-1.0,"SP2|draw|[2.8,3.5)",2.81,0.02491103202846978,-0.03912872910384402
13880,2023-08-21,2023-08,SP2,Huesca,Tenerife,draw,away,0.38316660192135626,0.33962264150943394,0.04354396041192232,0.012729342406230712,0.037224326642351535,2.8,"[2.8,3.5)",3.23,2.78,2.51,False,-1.0,"SP2|draw|[2.8,3.5)",2.78,0.007194244604316502,-0.05668349643665993
13889,2023-08-25,2023-08,F1,Nantes,Monaco,home,draw,0.22159707474607426,0.20017356089094587,0.02142351385512839,0.014992706671716639,-0.018629251646801293,4.75,"[4.0,5.0)",4.27,3.85,1.81,False,-1.0,"F1|home|[4.0,5.0)",4.27,0.1124121779859486,0.06306625300690172
13938,2023-08-26,2023-08,E3,AFC Wimbledon,Forest Green,home,draw,0.5548504337947896,0.517875474669351,0.03697495912543858,0.012430577643779897,-0.007371663243652127,1.83,"[1.8,2.2)",1.74,3.67,4.6,False,-1.0,"E3|home|[1.8,2.2)",1.74,0.051724137931034475,-0.012079253512749522
13989,2023-08-26,2023-08,SP2,Burgos,Oviedo,draw,home,0.3578822009770774,0.33009708737864074,0.02778511359843666,0.012729342406230712,-0.005959767315961484,2.88,"[2.8,3.5)",2.34,2.79,3.6,False,-1.0,"SP2|draw|[2.8,3.5)",2.79,0.032258064516129004,-0.02942320155541145
14043,2023-08-28,2023-08,SP1,Getafe,Alaves,draw,home,0.35678017524588573,0.32605304212168484,0.03072713312420089,0.013916448037256411,-0.01255246563914758,2.88,"[2.8,3.5)",2.45,2.71,3.78,False,-1.0,"SP1|draw|[2.8,3.5)",2.71,0.0627306273062731,0.02017189215240034
14080,2023-09-02,2023-09,E3,Newport County,AFC Wimbledon,home,draw,0.3899610378934048,0.3664921465968586,0.023468891296546224,0.012534501907258942,-0.01869100643602073,2.6,"[2.2,2.8)",2.52,3.25,2.75,False,-1.0,"E3|home|[2.2,2.8)",2.52,0.031746031746031855,-0.03408500467629649
14097,2023-09-02,2023-09,E1,Sunderland,Southampton,away,home,0.4335246949503796,0.39622641509433965,0.03729827985603995,0.011807906199164343,0.012120293002916505,2.4,"[2.2,2.8)",2.79,3.55,2.44,False,-1.0,"E1|away|[2.2,2.8)",2.44,-0.016393442622950838,-0.06318647754994278
14107,2023-09-02,2023-09,E2,Leyton Orient,Stevenage,away,away,0.39737481712765155,0.3745273392953605,0.022847477832291074,0.0117531128353002,-0.016664654054504235,2.55,"[2.2,2.8)",2.78,3.08,2.64,True,1.5499999999999998,"E2|away|[2.2,2.8)",2.64,-0.03409090909090917,-0.09148663493225939
14135,2023-09-02,2023-09,I1,Udinese,Frosinone,home,draw,0.5691981635413406,0.5263157894736842,0.04288237406765638,0.015376387584327697,-0.003120803277376849,1.8,"[1.8,2.2)",1.9,3.55,4.2,False,-1.0,"I1|home|[1.8,2.2)",1.9,-0.05263157894736836,-0.09438164332714694
14160,2023-09-02,2023-09,SP2,Levante,Oviedo,home,draw,0.5655710422395663,0.5341113105924596,0.03145973164710669,0.013814895134761609,-0.006838935211351482,1.8,"[1.8,2.2)",1.95,3.07,4.45,False,-1.0,"SP2|home|[1.8,2.2)",1.95,-0.07692307692307687,-0.1318529240437063
14214,2023-09-03,2023-09,SP2,Zaragoza,Eldense,home,home,0.5644144657956983,0.5292652552926526,0.03514921050304576,0.013814895134761609,-0.008920772810314004,1.8,"[1.8,2.2)",1.81,3.2,5.03,True,0.8,"SP2|home|[1.8,2.2)",1.81,-0.0055248618784530246,-0.06516134652800842
14248,2023-09-15,2023-09,E1,Hull,Coventry,away,draw,0.3969358049797992,0.37265577737447064,0.024280027605328547,0.011807906199164343,-0.01792385810938113,2.55,"[2.2,2.8)",2.68,3.38,2.6,False,-1.0,"E1|away|[2.2,2.8)",2.6,-0.019230769230769384,-0.06913243922883494
14259,2023-09-15,2023-09,E3,Salford,Notts County,away,away,0.4619502551837471,0.4324734446130501,0.02947681057069701,0.011608148414903994,-0.00924736510854507,2.2,"[2.2,2.8)",3.01,3.68,2.16,True,1.2000000000000002,"E3|away|[2.2,2.8)",2.16,0.0185185185185186,-0.04537277883982571
14283,2023-09-16,2023-09,E3,Gillingham,Morecambe,home,home,0.5668388851914445,0.5335365853658537,0.03330229982559085,0.012534501907258942,-0.0022521100884658196,1.8,"[1.8,2.2)",1.75,3.49,4.8,True,0.8,"E3|home|[1.8,2.2)",1.75,0.028571428571428692,-0.035378045074297426
14292,2023-09-16,2023-09,E2,Fleetwood Town,Oxford,away,away,0.4596069406434714,0.43029595015576316,0.029310990487708244,0.0117531128353002,-0.014721578822023296,2.2,"[2.2,2.8)",3.03,3.42,2.26,True,1.2000000000000002,"E2|away|[2.2,2.8)",2.26,-0.0265486725663715,-0.08588269258528602
14329,2023-09-16,2023-09,I2,Lecco,Brescia,away,away,0.3871489274019529,0.3621665319320938,0.024982395469859087,0.014117186750579712,-0.01892652208688861,2.63,"[2.2,2.8)",3.16,3.09,2.36,True,1.63,"I2|away|[2.2,2.8)",2.36,0.11440677966101687,0.04756273863525129
14352,2023-09-16,2023-09,SP2,Albacete,Burgos,home,home,0.5644144657956983,0.5292652552926526,0.03514921050304576,0.013814895134761609,-0.008920772810314004,1.8,"[1.8,2.2)",1.75,3.43,4.98,True,0.8,"SP2|home|[1.8,2.2)",1.75,0.028571428571428692,-0.03309485548242219
14374,2023-09-17,2023-09,E1,Millwall,Leeds,away,away,0.4243731983737343,0.40106951871657753,0.02330367965715674,0.011807906199164343,-0.018094604624523614,2.38,"[2.2,2.8)",3.63,3.6,2.0,True,1.38,"E1|away|[2.2,2.8)",2.0,0.18999999999999995,0.12982563208369657
14396,2023-09-17,2023-09,SP1,Getafe,Osasuna,draw,home,0.34658682751351166,0.31840193704600483,0.02818489046750683,0.014035180382359852,-0.002345058606544548,3.0,"[2.8,3.5)",2.62,2.84,3.25,False,-1.0,"SP1|draw|[2.8,3.5)",2.84,0.05633802816901423,0.014262004780471793
14405,2023-09-17,2023-09,SP2,Eibar,Ferrol,home,home,0.5634756240742667,0.5272305909617613,0.036245033112505376,0.013814895134761609,-0.01061068790889097,1.8,"[1.8,2.2)",1.92,3.2,4.32,True,0.8,"SP2|home|[1.8,2.2)",1.92,-0.06249999999999989,-0.11956521739130432
14410,2023-09-18,2023-09,I1,Salernitana,Torino,away,away,0.4599146901105879,0.43705640642510274,0.022858283685485148,0.014240006542309882,-0.01951569614978832,2.2,"[2.2,2.8)",3.71,3.1,2.19,True,1.2000000000000002,"I1|away|[2.2,2.8)",2.19,0.004566210045662267,-0.042123952769080986
14492,2023-09-23,2023-09,E3,Morecambe,Swindon,away,draw,0.4831073269380608,0.45051194539249145,0.032595381545569346,0.011608148414903994,-0.009851725101370667,2.1,"[1.8,2.2)",3.48,3.59,1.99,False,-1.0,"E3|away|[1.8,2.2)",1.99,0.05527638190954787,-0.012302305882353037
14541,2023-09-23,2023-09,SP2,Levante,Eldense,home,home,0.5644144657956983,0.5292652552926526,0.03514921050304576,0.013814895134761609,-0.008920772810314004,1.8,"[1.8,2.2)",1.73,3.51,5.02,True,0.8,"SP2|home|[1.8,2.2)",1.73,0.040462427745664886,-0.02040763379054955
14605,2023-09-25,2023-09,SP2,Ferrol,Zaragoza,draw,home,0.35519838809135046,0.32558139534883723,0.029616992742513226,0.012816323924996641,-0.007092013917573969,2.9,"[2.8,3.5)",2.26,2.96,3.53,False,-1.0,"SP2|draw|[2.8,3.5)",2.96,-0.020270270270270285,-0.0788566741784188
14612,2023-09-26,2023-09,F2,Guingamp,Bordeaux,away,draw,0.3867534063042647,0.3599402826349265,0.02681312366933819,0.013906470646681626,-0.019412559220556513,2.63,"[2.2,2.8)",2.72,3.17,2.6,False,-1.0,"F2|away|[2.2,2.8)",2.6,0.011538461538461497,-0.05261810464397321
14776,2023-10-01,2023-10,D1,Darmstadt,Werder Bremen,away,home,0.44215254651485775,0.4120836560805577,0.030068890434300055,0.015743596888479677,-0.019259415859330442,2.3,"[2.2,2.8)",2.88,3.77,2.32,False,-1.0,"D1|away|[2.2,2.8)",2.32,-0.008620689655172376,-0.049955869373345174
14785,2023-10-01,2023-10,F1,Lorient,Montpellier,away,away,0.4327023097397819,0.4043126684636119,0.028389641276169997,0.01408817958650634,-0.0036983702352041403,2.38,"[2.2,2.8)",3.14,3.47,2.29,True,1.38,"F1|away|[2.2,2.8)",2.29,0.0393013100436681,-0.0038680582498166194
14854,2023-10-03,2023-10,E3,Harrogate,AFC Wimbledon,away,away,0.4711277602393811,0.44510940714419295,0.02601835309518813,0.011739221543664668,-0.012314641804209825,2.15,"[1.8,2.2)",4.16,3.56,1.83,True,1.15,"E3|away|[1.8,2.2)",1.83,0.17486338797814205,0.1003358998106243
15021,2023-10-08,2023-10,SP2,Tenerife,Burgos,home,home,0.5615180339918651,0.5272305909617613,0.03428744303010378,0.013768108910702563,-0.014050134853907492,1.8,"[1.8,2.2)",1.76,3.21,5.35,True,0.8,"SP2|home|[1.8,2.2)",1.76,0.022727272727272707,-0.04115499502157305
15066,2023-10-14,2023-10,SP2,Mirandes,Tenerife,draw,draw,0.3574723826593639,0.329078579976067,0.028393802683296887,0.012788700973999872,-0.0004173231124443566,2.9,"[2.8,3.5)",3.15,2.94,2.45,True,1.9,"SP2|draw|[2.8,3.5)",2.94,-0.013605442176870763,-0.07446808510638292
15175,2023-10-21,2023-10,SP2,Zaragoza,Eibar,draw,away,0.3660913301791097,0.330188679245283,0.03590265093382672,0.012788700973999872,0.01751157211071641,2.88,"[2.8,3.5)",2.88,2.81,2.77,False,-1.0,"SP2|draw|[2.8,3.5)",2.81,0.02491103202846978,-0.036832745733437866
15266,2023-10-24,2023-10,E3,Swindon,Gillingham,home,away,0.5489079763147074,0.5221932114882506,0.02671476482645685,0.012672400538468034,-0.018688896329481897,1.83,"[1.8,2.2)",1.83,3.6,4.14,False,-1.0,"E3|home|[1.8,2.2)",1.83,0.0,-0.0617127995541521
15448,2023-10-31,2023-10,E3,Barrow,Morecambe,home,home,0.5588579407125406,0.5263157894736842,0.0325421512388564,0.012672400538468034,-0.01686602768666945,1.8,"[1.8,2.2)",2.05,3.35,3.59,True,0.8,"E3|home|[1.8,2.2)",2.05,-0.12195121951219501,-0.175435656198221
15482,2023-11-04,2023-11,E1,Preston,Coventry,draw,home,0.3220847150077306,0.2976556184316896,0.02442909657604103,0.011967984637792398,-0.007626462816197721,3.2,"[2.8,3.5)",2.8,3.25,2.59,False,-1.0,"E1|draw|[2.8,3.5)",3.25,-0.01538461538461533,-0.06310583580613238
15489,2023-11-04,2023-11,E1,Huddersfield,Watford,away,draw,0.4400288717990491,0.41349548842683403,0.026533383372215058,0.011913568850461853,-0.015334803218249426,2.3,"[2.2,2.8)",3.52,3.41,2.11,False,-1.0,"E1|away|[2.2,2.8)",2.11,0.09004739336492884,0.03687667837223718
15584,2023-11-05,2023-11,SP2,Cartagena,Leganes,draw,away,0.330764904708358,0.30917486448504317,0.021590040223314844,0.012650890324694637,-0.013846555410643502,3.1,"[2.8,3.5)",2.83,2.99,2.67,False,-1.0,"SP2|draw|[2.8,3.5)",2.99,0.03678929765886285,-0.024048481111282438
15623,2023-11-10,2023-11,SP2,Leganes,Levante,draw,home,0.32151232428737064,0.29831718510963795,0.023195139177732693,0.012650890324694637,-0.011643411319436692,3.2,"[2.8,3.5)",1.88,3.16,4.63,False,-1.0,"SP2|draw|[2.8,3.5)",3.16,0.012658227848101333,-0.04856947670446765
15638,2023-11-11,2023-11,E1,Middlesbrough,Leicester,away,home,0.44746763707053755,0.4111855061047657,0.036282130965771875,0.011913568850461853,0.0017743569061741127,2.3,"[2.2,2.8)",2.76,3.56,2.45,False,-1.0,"E1|away|[2.2,2.8)",2.45,-0.061224489795918546,-0.10710244334165708
15650,2023-11-11,2023-11,E3,Newport County,Milton Keynes Dons,away,draw,0.44976210500445957,0.42105263157894735,0.028709473425512222,0.011738710455209588,-0.014447362264187524,2.25,"[2.2,2.8)",2.99,3.58,2.2,False,-1.0,"E3|away|[2.2,2.8)",2.2,0.022727272727272707,-0.042679921457020153
15656,2023-11-11,2023-11,E2,Carlisle,Bristol Rvs,away,away,0.43878128857661525,0.4043126684636119,0.034468620113003334,0.011921703756736126,0.015925811871312368,2.38,"[2.2,2.8)",3.03,3.32,2.31,True,1.38,"E2|away|[2.2,2.8)",2.31,0.030303030303030276,-0.03179589212272682
15658,2023-11-11,2023-11,E2,Derby,Barnsley,home,home,0.5688093047915261,0.5263157894736842,0.04249351531784196,0.012887439995878732,0.0006593566321653199,1.8,"[1.8,2.2)",1.73,3.78,4.56,True,0.8,"E2|home|[1.8,2.2)",1.73,0.040462427745664886,-0.020172430127901486
15667,2023-11-11,2023-11,E3,AFC Wimbledon,Doncaster,home,home,0.5693680656735474,0.5275084060230983,0.04185965965044902,0.01268962303605548,0.0020211967474854653,1.8,"[1.8,2.2)",1.85,3.68,3.96,True,0.8,"E3|home|[1.8,2.2)",1.85,-0.027027027027027084,-0.08624298075717263
15670,2023-11-11,2023-11,E3,Crewe,Notts County,away,home,0.4629841634683274,0.43217286914765907,0.030811294320668314,0.011738710455209588,-0.007260003371140744,2.2,"[2.2,2.8)",3.04,3.84,2.1,False,-1.0,"E3|away|[2.2,2.8)",2.1,0.04761904761904767,-0.01683204704152874
15700,2023-11-11,2023-11,E3,Tranmere,Forest Green,home,home,0.3899340515428144,0.3686036426712922,0.02133040887152221,0.01268962303605548,-0.019164485882426696,2.6,"[2.2,2.8)",2.47,3.58,2.6,True,1.6,"E3|home|[2.2,2.8)",2.47,0.05263157894736836,-0.015130674002751032
15706,2023-11-11,2023-11,E3,Walsall,Harrogate,home,away,0.5610251634813123,0.5322128851540617,0.02881227832725053,0.01268962303605548,-0.012996027198537763,1.8,"[1.8,2.2)",1.79,3.73,4.21,False,-1.0,"E3|home|[1.8,2.2)",1.79,0.005586592178770999,-0.055153279694075685
15729,2023-11-12,2023-11,D2,Wehen,Kaiserslautern,away,home,0.44674418059762094,0.41555215896064196,0.031192021636978984,0.01568280283990544,-0.00855883115725442,2.3,"[2.2,2.8)",2.6,3.62,2.51,False,-1.0,"D2|away|[2.2,2.8)",2.51,-0.08366533864541836,-0.13493338448381964
15791,2023-11-18,2023-11,E2,Stevenage,Lincoln,home,home,0.5709697894269199,0.5292652552926526,0.041704534134267335,0.012887439995878732,0.004548228975874258,1.8,"[1.8,2.2)",1.82,3.33,4.75,True,0.8,"E2|home|[1.8,2.2)",1.82,-0.01098901098901095,-0.06721466692439493
15795,2023-11-18,2023-11,SP2,Alcorcon,Sp Gijon,away,draw,0.4375024916193185,0.40522875816993464,0.032273733449383835,0.012593369515779426,0.01128371060642297,2.38,"[2.2,2.8)",3.16,3.01,2.41,False,-1.0,"SP2|away|[2.2,2.8)",2.41,-0.012448132780083054,-0.07151759750300446
15800,2023-11-19,2023-11,SP2,Cartagena,Albacete,draw,draw,0.3191913548442713,0.29923273657289,0.01995861827138129,0.012650890324694637,-0.01907051353735456,3.2,"[2.8,3.5)",3.46,3.1,2.22,True,2.2,"SP2|draw|[2.8,3.5)",3.1,0.032258064516129004,-0.028049918542302654
15843,2023-11-25,2023-11,E2,Fleetwood Town,Stevenage,away,away,0.43985363253984516,0.40930979133226325,0.030543841207581912,0.011921703756736126,-0.015756563798849266,2.3,"[2.2,2.8)",2.89,3.34,2.39,True,1.2999999999999998,"E2|away|[2.2,2.8)",2.39,-0.03765690376569053,-0.09539937169702928
15852,2023-11-25,2023-11,E2,Lincoln,Barnsley,away,draw,0.43985363253984516,0.40930979133226325,0.030543841207581912,0.011921703756736126,-0.015756563798849266,2.3,"[2.2,2.8)",3.11,3.36,2.25,False,-1.0,"E2|away|[2.2,2.8)",2.25,0.022222222222222143,-0.03890974963110483
15953,2023-11-26,2023-11,SP2,Leganes,Ferrol,draw,draw,0.32151232428737064,0.29831718510963795,0.023195139177732693,0.012650890324694637,-0.011643411319436692,3.2,"[2.8,3.5)",1.97,3.02,4.44,True,2.2,"SP2|draw|[2.8,3.5)",3.02,0.0596026490066226,-0.004100338018146132
15955,2023-11-26,2023-11,T1,Antalyaspor,Rizespor,home,draw,0.5619246558232448,0.5220012055455093,0.03992345027773547,0.016510292499974218,-0.018254146018113038,1.8,"[1.8,2.2)",1.66,3.82,5.0,False,-1.0,"T1|home|[1.8,2.2)",1.66,0.08433734939759052,0.018932343840764476
15959,2023-11-26,2023-11,I1,Juventus,Inter,away,draw,0.4513802280105738,0.4212076583210604,0.03017256968951343,0.014185628913023577,-0.01631215203051195,2.25,"[2.2,2.8)",3.45,3.17,2.28,False,-1.0,"I1|away|[2.2,2.8)",2.28,-0.013157894736842035,-0.05466652068182609
15963,2023-11-27,2023-11,I1,Verona,Lecce,draw,draw,0.35222212120824037,0.3192261185006046,0.03299600270763575,0.014250422441794865,0.013915096299336405,3.0,"[2.8,3.5)",2.81,2.95,2.83,True,2.0,"I1|draw|[2.8,3.5)",2.95,0.016949152542372836,-0.029824768302948668
15973,2023-11-28,2023-11,E1,QPR,Stoke,away,home,0.4400288717990491,0.41349548842683403,0.026533383372215058,0.011913568850461853,-0.015334803218249426,2.3,"[2.2,2.8)",2.87,3.12,2.62,False,-1.0,"E1|away|[2.2,2.8)",2.62,-0.12213740458015276,-0.16443715971145978
16005,2023-11-29,2023-11,E1,Blackburn,Birmingham,home,home,0.5674317620910391,0.5220012055455093,0.04543055654552974,0.012878646108811832,-0.0018043912319909428,1.8,"[1.8,2.2)",1.76,3.99,4.34,True,0.8,"E1|home|[1.8,2.2)",1.76,0.022727272727272707,-0.025252834814587732
16022,2023-12-01,2023-12,SP1,Las Palmas,Getafe,draw,home,0.35675335896376764,0.32558139534883723,0.03117196361493041,0.014265971888758305,-0.006786577482472911,2.9,"[2.8,3.5)",2.42,2.94,3.46,False,-1.0,"SP1|draw|[2.8,3.5)",2.94,-0.013605442176870763,-0.053706099671088636
16024,2023-12-01,2023-12,SP2,Oviedo,Espanol,draw,home,0.35982953600288126,0.3192261185006046,0.04060341750227664,0.012757415323938804,0.041216362036827325,3.0,"[2.8,3.5)",2.74,2.84,2.89,False,-1.0,"SP2|draw|[2.8,3.5)",2.84,0.05633802816901423,-0.006357757719237855
16041,2023-12-02,2023-12,E0,Burnley,Sheffield United,home,home,0.5687292365017711,0.5263157894736842,0.042413447028086915,0.015451693043154635,-0.004100421774490326,1.8,"[1.8,2.2)",1.75,3.73,5.07,True,0.8,"E0|home|[1.8,2.2)",1.75,0.028571428571428692,-0.007901816030380981
16076,2023-12-02,2023-12,I2,Venezia,Ascoli,home,home,0.5673336779474755,0.5240103828682673,0.04332329507920818,0.015302397821717566,-0.006343695773635805,1.8,"[1.8,2.2)",1.71,3.51,5.16,True,0.8,"I2|home|[1.8,2.2)",1.71,0.05263157894736836,-0.01021395196327568
16092,2023-12-02,2023-12,SP2,Zaragoza,Leganes,draw,home,0.3694568247890975,0.3192261185006046,0.05023070628849291,0.012757415323938804,0.07009822839547608,3.0,"[2.8,3.5)",2.5,2.83,3.22,False,-1.0,"SP2|draw|[2.8,3.5)",2.83,0.060070671378091856,-0.0036142192296266806
16202,2023-12-08,2023-12,SP2,Espanol,Zaragoza,home,draw,0.5568294046702854,0.5233868082349414,0.033442596435343974,0.013697421232725193,-0.0060684703092648284,1.83,"[1.8,2.2)",1.81,3.39,4.68,False,-1.0,"SP2|home|[1.8,2.2)",1.81,0.011049723756906049,-0.04721018380868924
16205,2023-12-08,2023-12,SP1,Getafe,Valencia,draw,home,0.3542904548310166,0.3277755185034567,0.026514936327559913,0.014265971888758305,-0.013928999467450964,2.9,"[2.8,3.5)",2.63,2.9,3.11,False,-1.0,"SP1|draw|[2.8,3.5)",2.9,0.0,-0.04452433606039008
16432,2023-12-16,2023-12,I2,Brescia,Como,draw,home,0.3532912223686329,0.32305127136306794,0.03023995100556498,0.014252248006900737,-0.016786974350976647,2.9,"[2.8,3.5)",2.58,2.87,3.06,False,-1.0,"I2|draw|[2.8,3.5)",2.87,0.010452961672473782,-0.04927745664739902
16562,2023-12-20,2023-12,SP2,Leganes,Tenerife,draw,draw,0.36095109543751924,0.3265602322206096,0.03439086321690965,0.012757415323938804,0.009761672329383186,2.9,"[2.8,3.5)",2.35,2.69,3.72,True,1.9,"SP2|draw|[2.8,3.5)",2.69,0.07806691449814118,0.011228425667024311
16586,2023-12-21,2023-12,SP1,Mallorca,Osasuna,draw,home,0.3547852614445084,0.3185060847671003,0.0362791766774081,0.014265971888758305,-0.012494060288324893,2.9,"[2.8,3.5)",2.27,2.91,3.86,False,-1.0,"SP1|draw|[2.8,3.5)",2.91,-0.003436426116838587,-0.04474051239638355
16626,2023-12-23,2023-12,E2,Northampton,Oxford,away,home,0.44902576461459043,0.42105263157894735,0.027973133035643083,0.011577832577116892,-0.015742152915684482,2.25,"[2.2,2.8)",3.11,3.38,2.23,False,-1.0,"E2|away|[2.2,2.8)",2.23,0.008968609865470878,-0.05335107766815428
16661,2023-12-23,2023-12,E3,Morecambe,Milton Keynes Dons,away,away,0.4379896658769558,0.41257367387033406,0.025415992006621757,0.01148922541313852,-0.019048986933220324,2.3,"[2.2,2.8)",2.96,3.42,2.28,True,1.2999999999999998,"E3|away|[2.2,2.8)",2.28,0.00877192982456143,-0.05619223659889094
16703,2023-12-26,2023-12,E2,Lincoln,Bolton,away,away,0.4622196992881349,0.43220338983050843,0.030016309457626456,0.011577832577116892,-0.008587893235760258,2.2,"[2.2,2.8)",3.73,3.39,1.99,True,1.2000000000000002,"E2|away|[2.2,2.8)",1.99,0.1055276381909549,0.037475152441867055
16708,2023-12-26,2023-12,E3,Barrow,Stockport,away,draw,0.46231387733526147,0.43220338983050843,0.030110487504753036,0.01148922541313852,-0.008185765771329456,2.2,"[2.2,2.8)",2.68,3.04,2.75,False,-1.0,"E3|away|[2.2,2.8)",2.75,-0.19999999999999996,-0.24933241753639457
16904,2024-01-07,2024-01,P1,Famalicao,Chaves,home,draw,0.5634143562602113,0.5263157894736842,0.03709856678652712,0.01661808239651458,-0.015766707045345996,1.8,"[1.8,2.2)",1.65,3.68,5.48,False,-1.0,"P1|home|[1.8,2.2)",1.65,0.09090909090909105,0.028886293806192676
16924,2024-01-12,2024-01,I2,Catanzaro,Lecco,home,home,0.5605897064725568,0.5240103828682673,0.036579323604289504,0.01461715239619647,-0.017249402662551372,1.8,"[1.8,2.2)",1.74,3.52,4.79,True,0.8,"I2|home|[1.8,2.2)",1.74,0.034482758620689724,-0.03099469352047557
17078,2024-01-20,2024-01,B1,Genk,Cercle Brugge,home,draw,0.5663511615918239,0.5275084060230983,0.03884275556872552,0.016166173831482878,-0.009667022031386252,1.8,"[1.8,2.2)",2.12,3.47,3.32,False,-1.0,"B1|home|[1.8,2.2)",2.12,-0.15094339622641506,-0.19982404148916477
17091,2024-01-20,2024-01,E3,Barrow,Crewe,home,away,0.5727051490246928,0.5292717447246527,0.04343340430004017,0.012026635729014041,0.009221323932221859,1.8,"[1.8,2.2)",1.85,3.47,4.19,False,-1.0,"E3|home|[1.8,2.2)",1.85,-0.027027027027027084,-0.08845466609544306
17092,2024-01-20,2024-01,E3,Gillingham,Forest Green,home,draw,0.5698891388740568,0.5263157894736842,0.04357334940037261,0.012026635729014041,0.004152505661076944,1.8,"[1.8,2.2)",1.73,3.6,4.69,False,-1.0,"E3|home|[1.8,2.2)",1.73,0.040462427745664886,-0.02672478118985311
17136,2024-01-20,2024-01,SP2,Amorebieta,Eldense,draw,away,0.36037921078130486,0.32558139534883723,0.03479781543246763,0.01236310994604283,0.009246692422259839,2.9,"[2.8,3.5)",2.74,2.92,2.79,False,-1.0,"SP2|draw|[2.8,3.5)",2.92,-0.006849315068493178,-0.06820974941367353
17174,2024-01-21,2024-01,SP2,Huesca,Eibar,draw,away,0.34626938453339345,0.3203497615262321,0.02591962300716133,0.01236310994604283,0.001718823762051791,3.0,"[2.8,3.5)",3.05,2.77,2.66,False,-1.0,"SP2|draw|[2.8,3.5)",2.77,0.08303249097472931,0.01710426791811015
17257,2024-01-27,2024-01,E2,Northampton,Shrewsbury,home,away,0.5698291969962878,0.5263157894736842,0.043513407522603575,0.012069716353156703,0.003967065157636007,1.8,"[1.8,2.2)",1.79,3.42,4.57,False,-1.0,"E2|home|[1.8,2.2)",1.79,0.005586592178770999,-0.06008987187411263
17261,2024-01-27,2024-01,E2,Wycombe,Fleetwood Town,home,draw,0.5723049867862944,0.5275084060230983,0.04479658076319604,0.012069716353156703,0.008423486779647993,1.8,"[1.8,2.2)",1.62,3.93,5.12,False,-1.0,"E2|home|[1.8,2.2)",1.62,0.11111111111111116,0.041293060323265296
17289,2024-01-27,2024-01,I2,Como,Ascoli,home,away,0.5662330476142544,0.5263157894736842,0.03991725814057023,0.01461715239619647,-0.007091388607495586,1.8,"[1.8,2.2)",1.71,3.49,5.22,False,-1.0,"I2|home|[1.8,2.2)",1.71,0.05263157894736836,-0.009659971188605843
17312,2024-01-27,2024-01,SP2,Oviedo,Leganes,draw,home,0.35398539523247774,0.3286034353995519,0.02538195983292585,0.01236310994604283,-0.009295372669338775,2.9,"[2.8,3.5)",2.11,2.81,4.22,False,-1.0,"SP2|draw|[2.8,3.5)",2.81,0.03202846975088969,-0.03256916996047432
17329,2024-01-28,2024-01,F1,Reims,Nantes,home,draw,0.5678749509594674,0.5275084060230983,0.04036654493636904,0.015115990078658617,-0.005033870414544173,1.8,"[1.8,2.2)",2.01,3.45,3.88,False,-1.0,"F1|home|[1.8,2.2)",2.01,-0.10447761194029836,-0.14312233946079733
17364,2024-01-29,2024-01,SP1,Getafe,Granada,home,home,0.5604208268621953,0.5240103828682673,0.03641044399392801,0.014747085194985528,-0.0177872649990225,1.8,"[1.8,2.2)",1.85,3.45,4.74,True,0.8,"SP1|home|[1.8,2.2)",1.85,-0.027027027027027084,-0.06567633195257816
17454,2024-02-03,2024-02,E3,Salford,Wrexham,home,home,0.24801501746525967,0.22732682694596523,0.020688190519294436,0.011775104710442035,-0.007792366429765996,4.2,"[4.0,5.0)",3.14,3.44,2.19,True,3.2,"E3|home|[4.0,5.0)",3.14,0.33757961783439483,0.2550123354936975
17487,2024-02-03,2024-02,I2,Brescia,Cittadella,draw,home,0.35335583217708266,0.3236326109391125,0.029723221237970165,0.013312593176356354,-0.013874606897893771,2.9,"[2.8,3.5)",3.36,2.87,2.39,False,-1.0,"I2|draw|[2.8,3.5)",2.87,0.010452961672473782,-0.05073758096270742
17492,2024-02-03,2024-02,I2,Cosenza,Pisa,draw,draw,0.3577704952134096,0.3225139549307422,0.03525654028266739,0.013312593176356354,-0.0010720840925456665,2.9,"[2.8,3.5)",2.52,2.92,3.07,True,1.9,"I2|draw|[2.8,3.5)",2.92,-0.006849315068493178,-0.0674852031655252
17510,2024-02-03,2024-02,SP2,Albacete,Cartagena,home,draw,0.5623091327497978,0.5341113105924596,0.028197822157338126,0.012949223460075156,-0.011152163278499327,1.8,"[1.8,2.2)",1.77,3.35,5.04,False,-1.0,"SP2|home|[1.8,2.2)",1.77,0.016949152542372836,-0.04232329057203088
17514,2024-02-03,2024-02,SP2,Tenerife,Andorra,home,draw,0.5264216752634486,0.4992827177367116,0.027138957526737006,0.012949223460075156,-0.019267617055556796,1.91,"[1.8,2.2)",1.93,3.1,4.53,False,-1.0,"SP2|home|[1.8,2.2)",1.93,-0.010362694300518172,-0.0676692539513154
17575,2024-02-05,2024-02,SP2,Zaragoza,Sp Gijon,draw,home,0.36023802263666055,0.32653473344103395,0.033703289195626596,0.012102357433051231,0.00959342909046712,2.9,"[2.8,3.5)",2.3,2.89,3.51,False,-1.0,"SP2|draw|[2.8,3.5)",2.89,0.0034602076124565784,-0.05840596205744086
17594,2024-02-09,2024-02,I2,Como,Brescia,home,home,0.5587601359521839,0.5248091603053434,0.033950975646840464,0.014244145806082673,-0.019871217737017832,1.8,"[1.8,2.2)",1.82,3.3,4.69,True,0.8,"I2|home|[1.8,2.2)",1.82,-0.01098901098901095,-0.07196157074899745
17598,2024-02-09,2024-02,SP2,Levante,Leganes,draw,draw,0.35103284296090065,0.3191489361702128,0.031883906790687866,0.012102357433051231,0.016791456583548303,3.0,"[2.8,3.5)",2.18,2.97,3.7,True,2.0,"SP2|draw|[2.8,3.5)",2.97,0.010101010101009944,-0.052159062421659574
17650,2024-02-10,2024-02,E3,Swindon,Salford,away,draw,0.43840514481141307,0.41460324772544055,0.023801897085972523,0.010855652528473524,-0.01663616774923915,2.3,"[2.2,2.8)",2.69,3.65,2.39,False,-1.0,"E3|away|[2.2,2.8)",2.39,-0.03765690376569053,-0.09565257437597874
17652,2024-02-10,2024-02,E3,Wrexham,Bradford,home,away,0.5640174989752776,0.5319148936170213,0.032102605358256375,0.011775104710442035,-0.0059636903232959115,1.8,"[1.8,2.2)",1.96,3.5,3.7,False,-1.0,"E3|home|[1.8,2.2)",1.96,-0.08163265306122447,-0.1386445938954991
17674,2024-02-10,2024-02,E3,Milton Keynes Dons,Accrington,home,home,0.55883160548444,0.5292717447246527,0.029559860759787338,0.011775104710442035,-0.015298298606803762,1.8,"[1.8,2.2)",1.71,3.88,4.44,True,0.8,"E3|home|[1.8,2.2)",1.71,0.05263157894736836,-0.014161452769723915
17686,2024-02-10,2024-02,SP1,Las Palmas,Valencia,draw,home,0.34584898579298917,0.3199598796389167,0.025889106154072472,0.013323700890576124,-0.0024241452927608043,3.0,"[2.8,3.5)",2.58,2.98,3.13,False,-1.0,"SP1|draw|[2.8,3.5)",2.98,0.006711409395973256,-0.0344742379798495
17767,2024-02-13,2024-02,E2,Bolton,Wycombe,home,home,0.5640242762378991,0.5319148936170213,0.03210938262087781,0.011768404792567917,-0.005939431398403916,1.8,"[1.8,2.2)",1.8,3.6,4.22,True,0.8,"E2|home|[1.8,2.2)",1.8,0.0,-0.06568265682656826
17798,2024-02-16,2024-02,I1,Torino,Lecce,home,home,0.5614783834561494,0.5240103828682673,0.03746800058788213,0.014291865021175482,-0.015064266817046978,1.8,"[1.8,2.2)",1.88,3.3,4.81,True,0.8,"I1|home|[1.8,2.2)",1.88,-0.04255319148936165,-0.08188998643950152
17830,2024-02-17,2024-02,E1,Norwich,Cardiff,home,home,0.5586089810618655,0.5263157894736842,0.032293191588181336,0.011735075910032044,-0.01562697072669983,1.8,"[1.8,2.2)",1.73,3.7,4.94,True,0.8,"E1|home|[1.8,2.2)",1.73,0.040462427745664886,-0.009775712411061344
17837,2024-02-17,2024-02,E1,Swansea,Ipswich,home,away,0.24804110181141617,0.22732682694596523,0.020714274865450938,0.011735075910032044,-0.007514691214186575,4.2,"[4.0,5.0)",3.98,3.79,1.86,False,-1.0,"E1|home|[4.0,5.0)",3.98,0.05527638190954787,0.002406522121856547
17861,2024-02-17,2024-02,I2,Parma,Pisa,home,home,0.5628549673350443,0.5292652552926526,0.033589712042391695,0.014244145806082673,-0.012500521247869156,1.8,"[1.8,2.2)",1.89,3.4,4.18,True,0.8,"I2|home|[1.8,2.2)",1.89,-0.04761904761904756,-0.10360148853116169
17947,2024-02-18,2024-02,SP2,Huesca,Amorebieta,home,draw,0.5263541907984599,0.5004681799102386,0.02588601088822129,0.012949223460075156,-0.019396512383685227,1.91,"[1.8,2.2)",1.85,2.99,5.23,False,-1.0,"SP2|home|[1.8,2.2)",1.85,0.03243243243243232,-0.031664856523162976
17959,2024-02-19,2024-02,SP2,Tenerife,Eldense,home,home,0.5263541907984599,0.5004681799102386,0.02588601088822129,0.012949223460075156,-0.019396512383685227,1.91,"[1.8,2.2)",1.98,2.92,4.59,True,0.9099999999999999,"SP2|home|[1.8,2.2)",1.98,-0.03535353535353536,-0.09455274718278472
17961,2024-02-19,2024-02,T1,Buyuksehyr,Kayserispor,home,away,0.5607204017565848,0.5319148936170213,0.028805508139563507,0.014973113647964262,-0.017654881404483125,1.8,"[1.8,2.2)",1.94,3.53,3.8,False,-1.0,"T1|home|[1.8,2.2)",1.94,-0.07216494845360821,-0.12625659508869436
17971,2024-02-20,2024-02,E2,Reading,Port Vale,home,home,0.5632075037459764,0.5275084060230983,0.03569909772287805,0.011768404792567917,-0.0074096218838647365,1.8,"[1.8,2.2)",1.81,3.56,4.25,True,0.8,"E2|home|[1.8,2.2)",1.81,-0.0055248618784530246,-0.06943528519344899
17977,2024-02-22,2024-02,I1,Torino,Lazio,draw,away,0.35771143903203156,0.3225139549307422,0.03519748410128937,0.013357191603378516,-0.001372682456906138,2.9,"[2.8,3.5)",2.76,2.91,2.95,False,-1.0,"I1|draw|[2.8,3.5)",2.91,-0.003436426116838587,-0.0462999987882754
18020,2024-02-24,2024-02,E1,Sunderland,Swansea,home,away,0.5546739559402593,0.5240759713137364,0.030597984626522856,0.011735075910032044,-0.006421849544684277,1.83,"[1.8,2.2)",2.13,3.37,3.51,False,-1.0,"E1|home|[1.8,2.2)",2.13,-0.14084507042253513,-0.18262888408079103
18045,2024-02-24,2024-02,F2,Ajaccio,Amiens,draw,draw,0.35588775448211085,0.3197893152746426,0.03609843920746825,0.013413575102659623,-0.013674363387180422,2.88,"[2.8,3.5)",2.24,2.73,3.89,True,1.88,"F2|draw|[2.8,3.5)",2.73,0.05494505494505497,-0.013884197496905504
18081,2024-02-24,2024-02,SP2,Santander,Leganes,draw,home,0.35944529940861303,0.3228644248951739,0.03658087451343911,0.012102357433051231,0.0072945317291293055,2.9,"[2.8,3.5)",2.35,2.89,3.41,False,-1.0,"SP2|draw|[2.8,3.5)",2.89,0.0034602076124565784,-0.05761377783364885
18084,2024-02-24,2024-02,T1,Gaziantep,Buyuksehyr,draw,away,0.32107736542514864,0.2986125075407199,0.022464857884428757,0.013993887263747118,-0.017332869883515123,3.2,"[2.8,3.5)",2.76,3.29,2.51,False,-1.0,"T1|draw|[2.8,3.5)",3.29,-0.027355623100303927,-0.08644146724415758
18126,2024-02-25,2024-02,SP1,Las Palmas,Osasuna,draw,draw,0.3581116981781755,0.3281853281853282,0.029926369992847313,0.013323700890576124,-0.0001148078659617413,2.9,"[2.8,3.5)",2.46,3.01,3.26,True,1.9,"SP1|draw|[2.8,3.5)",3.01,-0.03654485049833878,-0.07845527166677224
18128,2024-02-25,2024-02,SP2,Alcorcon,Tenerife,draw,draw,0.3550826001900097,0.3277755185034567,0.027307081686552992,0.012102357433051231,-0.005357296004820378,2.9,"[2.8,3.5)",3.0,2.68,2.78,True,1.9,"SP2|draw|[2.8,3.5)",2.68,0.08208955223880587,0.014922116288438092
18160,2024-02-27,2024-02,I2,Reggiana,Sudtirol,draw,draw,0.35985310347015925,0.3308443879577409,0.029008715512418348,0.013312593176356354,-0.0019633303538476587,2.88,"[2.8,3.5)",2.54,2.74,3.3,True,1.88,"I2|draw|[2.8,3.5)",2.74,0.05109489051094873,-0.00998375957610853
18235,2024-03-02,2024-03,E2,Northampton,Charlton,draw,draw,0.31642567052154164,0.2926064529179731,0.023819217603568532,0.010924687994675083,-0.007121806787683815,3.25,"[2.8,3.5)",3.04,3.34,2.28,True,2.25,"E2|draw|[2.8,3.5)",3.34,-0.026946107784431073,-0.08799999999999986
18367,2024-03-05,2024-03,E3,Mansfield,Milton Keynes Dons,home,away,0.5577971622144521,0.5275084060230983,0.03028875619135374,0.011716482405832743,-0.017054776344485267,1.8,"[1.8,2.2)",1.76,3.74,4.45,False,-1.0,"E3|home|[1.8,2.2)",1.76,0.022727272727272707,-0.03541829000495844
18385,2024-03-08,2024-03,SP2,Huesca,Andorra,draw,home,0.3677197380924233,0.3338709677419355,0.03384877035048783,0.01203360813132098,-0.004078836108913575,2.8,"[2.8,3.5)",2.32,2.75,3.65,False,-1.0,"SP2|draw|[2.8,3.5)",2.75,0.018181818181818077,-0.04722026883124719
18472,2024-03-09,2024-03,SP2,Mirandes,Eldense,draw,home,0.36367723315341427,0.327653997378768,0.03602323577464628,0.01203360813132098,0.012733640063628648,2.88,"[2.8,3.5)",2.48,2.82,3.23,False,-1.0,"SP2|draw|[2.8,3.5)",2.82,0.02127659574468077,-0.0432407952688636
18522,2024-03-10,2024-03,SP2,Santander,Tenerife,draw,home,0.37032021815409016,0.3266613290632506,0.04365888909083954,0.01203360813132098,0.03903116906603055,2.9,"[2.8,3.5)",2.58,2.81,3.09,False,-1.0,"SP2|draw|[2.8,3.5)",2.81,0.03202846975088969,-0.03286020857648442
18546,2024-03-12,2024-03,E3,Crewe,Sutton,home,home,0.5577971622144521,0.5275084060230983,0.03028875619135374,0.011716482405832743,-0.017054776344485267,1.8,"[1.8,2.2)",1.75,3.74,4.42,True,0.8,"E3|home|[1.8,2.2)",1.75,0.028571428571428692,-0.03425292429927185
18559,2024-03-13,2024-03,E2,Peterboro,Stevenage,home,home,0.558612913037755,0.5263157894736842,0.03229712356407077,0.011677054983629885,-0.015515455502574937,1.8,"[1.8,2.2)",1.87,3.51,4.03,True,0.8,"E2|home|[1.8,2.2)",1.87,-0.03743315508021394,-0.0985501910065818
18600,2024-03-16,2024-03,E2,Barnsley,Cheltenham,home,draw,0.5578346525134127,0.5275084060230983,0.030326246490314346,0.011677054983629885,-0.016916324446391018,1.8,"[1.8,2.2)",1.57,4.11,5.27,False,-1.0,"E2|home|[1.8,2.2)",1.57,0.14649681528662417,0.0714873455119096
18608,2024-03-16,2024-03,E2,Fleetwood Town,Charlton,draw,draw,0.3201671047496759,0.2926064529179731,0.02756065183170281,0.010924687994675083,0.005037854453752599,3.25,"[2.8,3.5)",2.69,3.36,2.51,True,2.25,"E2|draw|[2.8,3.5)",3.36,-0.03273809523809523,-0.09413120926027607
18614,2024-03-16,2024-03,E3,Accrington,Notts County,away,draw,0.44004676441203777,0.40437264196575406,0.03567412244628371,0.010809962851309151,0.008706483667712428,2.35,"[2.2,2.8)",2.72,3.67,2.35,False,-1.0,"E3|away|[2.2,2.8)",2.35,0.0,-0.061613110976882934
18622,2024-03-16,2024-03,E1,West Brom,Bristol City,home,home,0.5590404587632469,0.5292652552926526,0.02977520347059437,0.011776379610526211,-0.014924657525102747,1.8,"[1.8,2.2)",1.82,3.37,4.89,True,0.8,"E1|home|[1.8,2.2)",1.82,-0.01098901098901095,-0.05869924633082113
18639,2024-03-16,2024-03,I1,Udinese,Torino,draw,away,0.36829505874827884,0.32558139534883723,0.042713663399441604,0.01330566320542739,0.029469247074269234,2.9,"[2.8,3.5)",2.96,2.95,2.72,False,-1.0,"I1|draw|[2.8,3.5)",2.95,-0.016949152542372947,-0.05880228320810088
18642,2024-03-16,2024-03,I2,Cittadella,Modena,draw,draw,0.36175308592805777,0.3254425689584191,0.03631051696963866,0.013111093883427506,0.011061776929427669,2.9,"[2.8,3.5)",2.93,2.91,2.65,True,1.9,"I2|draw|[2.8,3.5)",2.91,-0.003436426116838587,-0.06187948654920561
18669,2024-03-16,2024-03,SP2,Tenerife,Huesca,draw,draw,0.33948093627559994,0.319327731092437,0.020153205183162937,0.01203360813132098,-0.017658015567163066,3.0,"[2.8,3.5)",1.99,2.77,4.88,True,2.0,"SP2|draw|[2.8,3.5)",2.77,0.08303249097472931,0.0136564014599303
18732,2024-03-23,2024-03,E3,Harrogate,Bradford,home,home,0.25783316812540824,0.23842794759825325,0.019405220527154987,0.011716482405832743,-0.015533257121697952,4.0,"[4.0,5.0)",3.58,3.47,2.01,True,3.0,"E3|home|[4.0,5.0)",3.58,0.11731843575418988,0.049099202424689015
18745,2024-03-24,2024-03,SP2,Huesca,Burgos,draw,home,0.36419926093116484,0.33009708737864074,0.034102173552524095,0.01203360813132098,0.01423708006355029,2.88,"[2.8,3.5)",2.23,2.83,3.73,False,-1.0,"SP2|draw|[2.8,3.5)",2.83,0.0176678445229681,-0.04880534610299103
18794,2024-03-30,2024-03,D2,Kaiserslautern,Fortuna Dusseldorf,away,away,0.436198762879586,0.4063297139890292,0.029869048890556804,0.01502725543434022,0.0023881877196849643,2.38,"[2.2,2.8)",2.85,3.44,2.41,True,1.38,"D2|away|[2.2,2.8)",2.41,-0.012448132780083054,-0.06527206374259398
18837,2024-03-30,2024-03,P1,Boavista,Rio Ave,draw,draw,0.34550825110953554,0.3192261185006046,0.02628213260893092,0.01496343479900584,-0.00836555106841097,3.0,"[2.8,3.5)",3.0,3.06,2.54,True,2.0,"P1|draw|[2.8,3.5)",3.06,-0.019607843137254943,-0.06968794256971234
18848,2024-03-30,2024-03,SP2,Albacete,Huesca,draw,draw,0.36663333836070244,0.32684706597750074,0.039786272383201704,0.01203360813132098,0.02124722306061866,2.88,"[2.8,3.5)",2.21,2.78,3.91,True,1.88,"SP2|draw|[2.8,3.5)",2.78,0.03597122302158273,-0.02994897621098669
18875,2024-03-31,2024-03,SP1,Alaves,Sociedad,draw,away,0.3690471416760842,0.3281853281853282,0.040861813490756016,0.013228972865193705,0.0318726895515824,2.9,"[2.8,3.5)",3.97,3.0,2.16,False,-1.0,"SP1|draw|[2.8,3.5)",3.0,-0.033333333333333326,-0.07777134973966449
18888,2024-03-31,2024-03,SP2,Ferrol,Elche,draw,home,0.3710287194849921,0.32886723507917176,0.04216148440582035,0.01203360813132098,0.04108582292564633,2.9,"[2.8,3.5)",3.43,2.94,2.3,False,-1.0,"SP2|draw|[2.8,3.5)",2.94,-0.013605442176870763,-0.07507923930269422
18890,2024-03-31,2024-03,SP2,Zaragoza,Tenerife,draw,home,0.3693317409294664,0.3414151410192974,0.027916599910169038,0.01203360813132098,-0.017430134805100028,2.75,"[2.2,2.8)",2.37,2.6,3.85,False,-1.0,"SP2|draw|[2.2,2.8)",2.6,0.05769230769230771,-0.008069298124246282
18908,2024-04-01,2024-04,E2,Charlton,Stevenage,draw,draw,0.3199820102552033,0.29139072847682124,0.02859128177838205,0.010814700267626202,0.004793757459625514,3.25,"[2.8,3.5)",2.77,3.15,2.56,True,2.25,"E2|draw|[2.8,3.5)",3.15,0.031746031746031855,-0.03493616183780213
18929,2024-04-01,2024-04,I1,Sassuolo,Udinese,draw,draw,0.3175749039277169,0.29139072847682124,0.026184175450895686,0.013296318412867221,-0.011094597076738433,3.25,"[2.8,3.5)",2.84,3.26,2.59,True,2.25,"I1|draw|[2.8,3.5)",3.26,-0.0030674846625766694,-0.04596247016849331
18987,2024-04-05,2024-04,SP2,Amorebieta,Ferrol,draw,home,0.3654820831980962,0.33880903490759756,0.026673048290498658,0.01195610100262408,-0.010127249852677989,2.8,"[2.8,3.5)",2.9,2.78,2.76,False,-1.0,"SP2|draw|[2.8,3.5)",2.78,0.007194244604316502,-0.055925320572227766
18988,2024-04-05,2024-04,SP2,Elche,Oviedo,draw,away,0.3203307312908614,0.29831718510963795,0.022013546181223476,0.01195610100262408,-0.0132011830776404,3.2,"[2.8,3.5)",2.01,3.17,3.98,False,-1.0,"SP2|draw|[2.8,3.5)",3.17,0.009463722397476504,-0.05145749422893797
19041,2024-04-06,2024-04,E3,Notts County,Harrogate,home,home,0.5285155825218463,0.4971246449109679,0.031390937610878356,0.011544825476626889,-0.012585854043631106,1.91,"[1.8,2.2)",1.83,4.09,3.66,True,0.9099999999999999,"E3|home|[1.8,2.2)",1.83,0.043715846994535346,-0.019221594475831938
19065,2024-04-06,2024-04,E3,Grimsby,Newport County,home,home,0.566350891520785,0.5275084060230983,0.03884248549768665,0.011544825476626889,-0.0013490811205154607,1.8,"[1.8,2.2)",1.73,3.79,4.49,True,0.8,"E3|home|[1.8,2.2)",1.73,0.040462427745664886,-0.022676642789911106
19105,2024-04-07,2024-04,SP2,Tenerife,Eibar,draw,home,0.3629965771897847,0.33094669848846464,0.032049878701320034,0.01195610100262408,0.018017380942765726,2.9,"[2.8,3.5)",2.41,2.86,3.3,False,-1.0,"SP2|draw|[2.8,3.5)",2.86,0.013986013986013957,-0.05023554991846335
19120,2024-04-07,2024-04,SP2,Espanol,Albacete,home,home,0.562647266656111,0.5292652552926526,0.03338201136345842,0.012742298285991226,-0.010171056933784506,1.8,"[1.8,2.2)",1.76,3.41,4.82,True,0.8,"SP2|home|[1.8,2.2)",1.76,0.022727272727272707,-0.043201707577374515
19121,2024-04-07,2024-04,SP2,Huesca,Leganes,draw,draw,0.37630879148424873,0.33980582524271846,0.036502966241530266,0.01195610100262408,0.020187533348549058,2.8,"[2.8,3.5)",2.57,2.67,3.29,True,1.7999999999999998,"SP2|draw|[2.8,3.5)",2.67,0.04868913857677892,-0.017702632616227065
19123,2024-04-07,2024-04,SP2,Mirandes,Sp Gijon,draw,away,0.3649308854520993,0.34010564811052413,0.024825237341575157,0.01195610100262408,-0.011670603541469426,2.8,"[2.8,3.5)",2.39,2.92,3.25,False,-1.0,"SP2|draw|[2.8,3.5)",2.92,-0.04109589041095896,-0.10262705115879922
19221,2024-04-13,2024-04,E3,Swindon,AFC Wimbledon,away,home,0.42462336030450415,0.40201005025125625,0.022613310053247904,0.010655040163513098,-0.014755398064441372,2.38,"[2.2,2.8)",3.01,3.4,2.28,False,-1.0,"E3|away|[2.2,2.8)",2.28,0.043859649122807154,-0.01979491967418945
19305,2024-04-14,2024-04,SP2,Zaragoza,Elche,draw,draw,0.36370540756205133,0.3303964757709251,0.033308931791126206,0.01195610100262408,0.013038002891150535,2.88,"[2.8,3.5)",3.09,2.75,2.63,True,1.88,"SP2|draw|[2.8,3.5)",2.75,0.04727272727272713,-0.018938243763806373
19308,2024-04-14,2024-04,SP2,Ferrol,Huesca,draw,home,0.359301246977882,0.32611264277274515,0.03318860420513686,0.01195610100262408,0.0073009233282479435,2.9,"[2.8,3.5)",2.19,2.75,4.03,False,-1.0,"SP2|draw|[2.8,3.5)",2.75,0.05454545454545445,-0.012964169883574295
19316,2024-04-14,2024-04,SP2,Andorra,Eibar,draw,away,0.3294171511394927,0.30719219829337663,0.022224952846116086,0.01195610100262408,-0.01587074457570714,3.1,"[2.8,3.5)",2.63,2.99,2.83,False,-1.0,"SP2|draw|[2.8,3.5)",2.99,0.03678929765886285,-0.02925366980389843
19349,2024-04-19,2024-04,SP2,Tenerife,Leganes,draw,draw,0.5186957073283506,0.3599402826349265,0.15875542469342407,0.01195610100262408,0.33272516463666046,2.63,"[2.2,2.8)",2.65,2.67,3.17,True,1.63,"SP2|draw|[2.2,2.8)",2.67,-0.014981273408239737,-0.07713419855554948
19351,2024-04-19,2024-04,I2,Reggiana,Cosenza,draw,away,0.36313985521372577,0.3308443879577409,0.03229546725598487,0.013134228017441537,0.008016206325298647,2.88,"[2.8,3.5)",2.51,2.78,3.24,False,-1.0,"I2|draw|[2.8,3.5)",2.78,0.03597122302158273,-0.02886248103029354
19375,2024-04-20,2024-04,E1,Stoke,Plymouth,home,home,0.5636889987350703,0.5281969817315331,0.03549201700353721,0.011615240923112646,-0.006267235938476223,1.8,"[1.8,2.2)",1.74,3.68,4.84,True,0.8,"E1|home|[1.8,2.2)",1.74,0.034482758620689724,-0.017644319156759458
19379,2024-04-20,2024-04,E1,Sunderland,Millwall,draw,away,0.3133563416918892,0.2936129647283127,0.019743376963576476,0.01089858285606319,-0.017012283783565563,3.25,"[2.8,3.5)",2.18,3.19,3.56,False,-1.0,"E1|draw|[2.8,3.5)",3.19,0.018808777429467183,-0.03255674800739505
19384,2024-04-20,2024-04,E2,Charlton,Shrewsbury,home,draw,0.5661595951327487,0.5263157894736842,0.039843805659064535,0.011525842467660441,-0.0016592452028409976,1.8,"[1.8,2.2)",1.75,3.56,4.66,False,-1.0,"E2|home|[1.8,2.2)",1.75,0.028571428571428692,-0.03594299845680027
19439,2024-04-20,2024-04,SP2,Huesca,Zaragoza,draw,away,0.5021660582220042,0.34831460674157305,0.15385145148043117,0.01195610100262408,0.3235668844923265,2.7,"[2.2,2.8)",2.53,2.46,3.75,False,-1.0,"SP2|draw|[2.2,2.8)",2.46,0.09756097560975618,0.02726747753275327
19590,2024-04-27,2024-04,E3,Colchester,Crewe,draw,draw,0.5294118423999767,0.3703703703703704,0.15904147202960633,0.01083251202869493,0.3223772924467685,2.55,"[2.2,2.8)",2.6,2.55,3.41,True,1.5499999999999998,"E3|draw|[2.2,2.8)",2.55,0.0,-0.06544447429882405
19600,2024-04-27,2024-04,F2,Ajaccio,Quevilly Rouen,draw,draw,0.3548760724397653,0.32445923460898507,0.030416837830780252,0.013453146461724273,-0.009873514663681027,2.9,"[2.8,3.5)",2.89,2.8,2.7,True,1.9,"F2|draw|[2.8,3.5)",2.8,0.03571428571428581,-0.03522916222553818
19615,2024-04-27,2024-04,G1,Asteras Tripolis,OFI Crete,draw,draw,0.494966238718942,0.3621665319320938,0.13279970678684822,0.01631840433491574,0.2588438044299892,2.63,"[2.2,2.8)",2.58,2.62,3.25,True,1.63,"G1|draw|[2.2,2.8)",2.62,0.003816793893129722,-0.06792380260021313
19681,2024-04-28,2024-04,SP1,Cadiz,Mallorca,draw,draw,0.3595681332742254,0.32613126783530366,0.033436865438921715,0.013155498036262304,0.0045966421900929255,2.9,"[2.8,3.5)",2.81,2.78,3.03,True,1.9,"SP1|draw|[2.8,3.5)",2.78,0.043165467625899234,-0.0023446938321985966
19709,2024-05-01,2024-05,I2,Reggiana,Modena,draw,home,0.5368740267331995,0.36189683860232946,0.17497718813087004,0.013131937490015124,0.36172943203227925,2.6,"[2.2,2.8)",3.25,2.61,2.61,False,-1.0,"I2|draw|[2.2,2.8)",2.61,-0.003831417624520994,-0.07244785949506038
19727,2024-05-03,2024-05,I1,Torino,Bologna,draw,draw,0.3863418079378786,0.33962264150943394,0.04671916642844465,0.013360147112507156,0.04434865031103996,2.8,"[2.8,3.5)",2.79,2.9,2.91,True,1.7999999999999998,"I1|draw|[2.8,3.5)",2.9,-0.034482758620689724,-0.07773085208670572
19777,2024-05-04,2024-05,F2,Guingamp,St Etienne,draw,draw,0.3228434548341915,0.29641693811074915,0.026426516723442373,0.013349009013770282,-0.009617773374651972,3.2,"[2.8,3.5)",2.89,3.36,2.34,True,2.2,"F2|draw|[2.8,3.5)",3.36,-0.04761904761904756,-0.11074730639315566
19782,2024-05-04,2024-05,SP2,Huesca,Oviedo,draw,away,0.37147628068177374,0.3266383470120015,0.044837933669772234,0.012135462739791165,0.04208837203174953,2.9,"[2.8,3.5)",2.84,2.77,2.79,False,-1.0,"SP2|draw|[2.8,3.5)",2.77,0.04693140794223827,-0.022971507778916433
19822,2024-05-05,2024-05,P1,Farense,Estoril,draw,home,0.32181810634697927,0.29776525065431847,0.0240528556926608,0.014832232237522535,-0.017645202849738473,3.2,"[2.8,3.5)",2.69,3.04,2.81,False,-1.0,"P1|draw|[2.8,3.5)",3.04,0.05263157894736836,-0.00372422144331086
19836,2024-05-05,2024-05,SP2,Eldense,Leganes,draw,away,0.36609410059486325,0.3281853281853282,0.03790877240953505,0.012135462739791165,0.02648004977970908,2.9,"[2.8,3.5)",3.13,2.72,2.61,False,-1.0,"SP2|draw|[2.8,3.5)",2.72,0.06617647058823528,-0.0038318735519571323
19908,2024-05-11,2024-05,SC0,Livingston,St Johnstone,draw,home,0.36335924768716377,0.3268219383921863,0.03653730929497745,0.017305754696914602,-0.00336594018808245,2.88,"[2.8,3.5)",2.87,3.13,2.56,False,-1.0,"SC0|draw|[2.8,3.5)",3.13,-0.07987220447284349,-0.1307624747875168
19964,2024-05-12,2024-05,SP2,Albacete,Leganes,draw,home,0.3706673149005583,0.3254425689584191,0.04522474594213921,0.012135462739791165,0.03974237126622482,2.9,"[2.8,3.5)",2.5,2.82,3.16,False,-1.0,"SP2|draw|[2.8,3.5)",2.82,0.028368794326241176,-0.03986387943607206
19981,2024-05-12,2024-05,SP2,Cartagena,Tenerife,draw,home,0.3769267602998229,0.32530120481927716,0.05162555548054576,0.012135462739791165,0.057894762924092014,2.9,"[2.8,3.5)",2.53,2.81,3.13,False,-1.0,"SP2|draw|[2.8,3.5)",2.81,0.03202846975088969,-0.036043822276323856
19990,2024-05-14,2024-05,SP1,Osasuna,Mallorca,draw,draw,0.3807870432387526,0.32865992826866647,0.05212711497008615,0.01346166087606163,0.0652436088518038,2.9,"[2.8,3.5)",2.75,2.87,3.02,True,1.9,"SP1|draw|[2.8,3.5)",2.87,0.010452961672473782,-0.0313856078246848
20038,2024-05-18,2024-05,I1,Torino,Milan,draw,home,0.32283243000451967,0.29641693811074915,0.026415491893770515,0.013360147112507156,-0.00968869474555989,3.2,"[2.8,3.5)",2.58,3.11,2.99,False,-1.0,"I1|draw|[2.8,3.5)",3.11,0.02893890675241173,-0.014037680383753415
20059,2024-05-18,2024-05,T1,Kayserispor,Konyaspor,draw,draw,0.5387286188493816,0.3884711779448622,0.15025744090451942,0.014006395982611313,0.2593333348802487,2.4,"[2.2,2.8)",2.86,2.52,3.11,True,1.4,"T1|draw|[2.2,2.8)",2.52,-0.04761904761904767,-0.10827352855173566
20116,2024-05-19,2024-05,SP1,Betis,Sociedad,draw,away,0.3229495597998393,0.29708737864077667,0.025862181159062636,0.01346166087606163,-0.009638723443911479,3.2,"[2.8,3.5)",3.36,3.0,2.43,False,-1.0,"SP1|draw|[2.8,3.5)",3.0,0.06666666666666665,0.023205977724517268
20157,2024-05-26,2024-05,SP2,Burgos,Tenerife,draw,draw,0.322890928217262,0.29585311585697016,0.027037812360291846,0.012135462739791165,-0.005582510472093238,3.2,"[2.8,3.5)",1.83,3.33,4.5,True,2.2,"SP2|draw|[2.8,3.5)",3.33,-0.03903903903903905,-0.10104080316846265
20173,2024-05-26,2024-05,T1,Konyaspor,Galatasaray,draw,away,0.5919336626869438,0.46127882992687047,0.13065483276007334,0.014006395982611313,0.12695817007344834,1.95,"[1.8,2.2)",6.73,2.69,1.83,False,-1.0,"T1|draw|[1.8,2.2)",2.69,-0.275092936802974,-0.32047419098360874
20240,2024-08-10,2024-08,E1,Hull,Bristol City,draw,draw,0.31405942844216805,0.28806133625410735,0.025998092188060706,0.011766752012494,-0.017548801603559316,3.25,"[2.8,3.5)",2.79,3.22,2.61,True,2.25,"E1|draw|[2.8,3.5)",3.22,0.009316770186335255,-0.04068622086023865
20326,2024-08-16,2024-08,SP1,Las Palmas,Sevilla,draw,draw,0.321844880176492,0.2944245647002379,0.027420315476254065,0.013625619854531026,0.0017125960463730827,3.25,"[2.8,3.5)",2.66,3.19,2.83,True,2.25,"SP1|draw|[2.8,3.5)",3.19,0.018808777429467183,-0.02298439752564796
20361,2024-08-17,2024-08,E1,Plymouth,Hull,away,draw,0.4422752486314929,0.40932437771631763,0.03295087091517529,0.011570433137227925,-0.009378924363190655,2.3,"[2.2,2.8)",2.8,3.67,2.36,False,-1.0,"E1|away|[2.2,2.8)",2.36,-0.025423728813559365,-0.07478508682648799
20376,2024-08-17,2024-08,I1,Empoli,Monza,draw,draw,0.32226897532310805,0.298804780876494,0.023464194446614073,0.013770834824804607,-0.012805950405428979,3.2,"[2.8,3.5)",2.46,3.15,3.12,True,2.2,"I1|draw|[2.8,3.5)",3.15,0.01587301587301604,-0.02738612873333801
20436,2024-08-18,2024-08,SP2,Elche,Huesca,draw,away,0.3573331284096644,0.3246753246753247,0.03265780373433974,0.012791808060437853,-0.007720997394227491,2.88,"[2.8,3.5)",2.05,2.93,4.17,False,-1.0,"SP2|draw|[2.8,3.5)",2.93,-0.017064846416382395,-0.08043222488243817
20465,2024-08-23,2024-08,SP2,Huesca,La Coruna,draw,home,0.3804608494755475,0.327653997378768,0.05280685209677949,0.012791808060437853,0.058886839275515745,2.88,"[2.8,3.5)",2.93,2.73,2.78,False,-1.0,"SP2|draw|[2.8,3.5)",2.73,0.05494505494505497,-0.011584708663208931
20558,2024-08-24,2024-08,SP1,Osasuna,Mallorca,draw,home,0.33104561252269216,0.30625,0.024795612522692134,0.013625619854531026,-0.015998022728700545,3.1,"[2.8,3.5)",2.37,3.11,3.33,False,-1.0,"SP1|draw|[2.8,3.5)",3.11,-0.003215434083601254,-0.04502851388222062
20563,2024-08-24,2024-08,SP2,Tenerife,Almeria,draw,away,0.35981000767385646,0.3215652913653765,0.038244716308479976,0.012791808060437853,0.006352778878913945,2.9,"[2.8,3.5)",2.55,3.01,2.9,False,-1.0,"SP2|draw|[2.8,3.5)",3.01,-0.03654485049833878,-0.0989096409588438
20609,2024-08-25,2024-08,SP2,Albacete,Elche,draw,home,0.36464092609920173,0.3239263803680982,0.04071454573110356,0.012791808060437853,0.020362442312415352,2.9,"[2.8,3.5)",2.14,3.22,3.45,False,-1.0,"SP2|draw|[2.8,3.5)",3.22,-0.09937888198757772,-0.15648785791953612
20631,2024-08-28,2024-08,I2,Cosenza,Spezia,draw,draw,0.31836455933404995,0.28954423592493295,0.028820323409117,0.014023531770533568,-0.010891660418571703,3.25,"[2.8,3.5)",2.58,3.06,2.87,True,2.25,"I2|draw|[2.8,3.5)",3.06,0.06209150326797386,-0.0006913992425753301
20632,2024-08-28,2024-08,SP1,Valladolid,Leganes,draw,draw,0.34417423209131126,0.3187066974595843,0.025467534631726962,0.013625619854531026,-0.008354163289659322,3.0,"[2.8,3.5)",2.21,3.01,3.88,True,2.0,"SP1|draw|[2.8,3.5)",3.01,-0.0033222591362125353,-0.04390519481002175
20794,2024-09-01,2024-09,SP1,Osasuna,Celta,draw,home,0.3206463558208682,0.2932668329177058,0.027379522903162423,0.01373997982714953,-0.0025542780204143023,3.25,"[2.8,3.5)",2.51,3.26,2.95,False,-1.0,"SP1|draw|[2.8,3.5)",3.26,-0.0030674846625766694,-0.045209906324764626
20795,2024-09-01,2024-09,SP1,Getafe,Sociedad,draw,draw,0.3668773998720265,0.3281853281853282,0.038692071686698304,0.01373997982714953,0.024098518130143187,2.9,"[2.8,3.5)",3.15,2.72,2.78,True,1.9,"SP1|draw|[2.8,3.5)",2.72,0.06617647058823528,0.02044071910184586
20843,2024-09-13,2024-09,F2,Laval,Ajaccio,draw,draw,0.3694804155197415,0.32829046898638425,0.041189946533357225,0.014081162300912308,-0.004882090987278431,2.8,"[2.8,3.5)",2.47,2.8,3.26,True,1.7999999999999998,"F2|draw|[2.8,3.5)",2.8,0.0,-0.06432715531909594
20954,2024-09-15,2024-09,E1,Portsmouth,West Brom,away,away,0.5277033363109495,0.49557522123893805,0.03212811507201141,0.011736993705850948,-0.019663949050312768,1.9,"[1.8,2.2)",4.07,3.57,1.9,True,0.8999999999999999,"E1|away|[1.8,2.2)",1.9,0.0,-0.04954537473447218
21005,2024-09-17,2024-09,SP1,Mallorca,Sociedad,draw,home,0.4931681554081043,0.3490471414242728,0.14412101398383154,0.01373997982714953,0.3184274828476257,2.75,"[2.2,2.8)",3.01,2.65,3.0,False,-1.0,"SP1|draw|[2.2,2.8)",2.65,0.037735849056603765,-0.0049686454430708515
21069,2024-09-21,2024-09,E2,Exeter,Stevenage,draw,home,0.3152060072152118,0.2875039148136549,0.02770209240155691,0.01185198366588687,-0.01409942346469395,3.25,"[2.8,3.5)",2.62,3.23,2.64,False,-1.0,"E2|draw|[2.8,3.5)",3.23,0.006191950464396356,-0.059690629365949266
21119,2024-09-21,2024-09,SP2,Eldense,Oviedo,draw,draw,0.37566349119380504,0.32732613132872007,0.04833735986508497,0.012979773319371191,0.04452910747836958,2.88,"[2.8,3.5)",2.89,2.78,2.77,True,1.88,"SP2|draw|[2.8,3.5)",2.78,0.03597122302158273,-0.028847224737890698
21148,2024-09-22,2024-09,SP1,Getafe,Leganes,draw,draw,0.37846671296735285,0.33837199200764484,0.04009472095970801,0.01373997982714953,0.021234852792569203,2.8,"[2.8,3.5)",2.05,2.78,5.08,True,1.7999999999999998,"SP1|draw|[2.8,3.5)",2.78,0.007194244604316502,-0.035594038775739745
21163,2024-09-22,2024-09,SP2,Almeria,Eibar,home,draw,0.5271306745154717,0.4931894569255263,0.033941217589945394,0.013822752450823655,-0.019581868856522244,1.91,"[1.8,2.2)",1.85,3.55,4.08,False,-1.0,"SP2|home|[1.8,2.2)",1.85,0.03243243243243232,-0.032694977184915874
21200,2024-09-27,2024-09,E1,Plymouth,Luton,away,home,0.5478697077117523,0.5095541401273885,0.03831556758436372,0.011736993705850948,-0.008154479089082511,1.85,"[1.8,2.2)",3.69,3.76,1.94,False,-1.0,"E1|away|[1.8,2.2)",1.94,-0.046391752577319534,-0.093893544765845
21213,2024-09-27,2024-09,SP1,Valladolid,Mallorca,draw,away,0.36470492539627997,0.3258041871412644,0.038900738255015554,0.01373997982714953,0.017798342150478152,2.9,"[2.8,3.5)",3.32,2.89,2.52,False,-1.0,"SP1|draw|[2.8,3.5)",2.89,0.0034602076124565784,-0.03887814926319144
21220,2024-09-27,2024-09,I2,Cittadella,Frosinone,draw,away,0.3191750667776057,0.28943536312734586,0.029739703650259852,0.014147178426065237,-0.008659362857493358,3.25,"[2.8,3.5)",2.49,3.12,2.92,False,-1.0,"I2|draw|[2.8,3.5)",3.12,0.04166666666666674,-0.021527950310558874
21235,2024-09-28,2024-09,E0,Everton,Crystal Palace,draw,home,0.3167577458027382,0.2876063183475091,0.029151427455229084,0.013939120351744471,-0.0006985360117208739,3.3,"[2.8,3.5)",2.75,3.34,2.65,False,-1.0,"E0|draw|[2.8,3.5)",3.34,-0.0119760479041916,-0.05033861827946373
21292,2024-09-28,2024-09,SP1,Getafe,Alaves,draw,home,0.3756969597819255,0.32696364313190224,0.048733316650023284,0.01373997982714953,0.042436102269754805,2.88,"[2.8,3.5)",2.53,2.74,3.51,False,-1.0,"SP1|draw|[2.8,3.5)",2.74,0.05109489051094873,0.005716263139060596
21302,2024-09-28,2024-09,SP2,Mirandes,Huesca,draw,home,0.4872694838415752,0.35051546391752575,0.13675401992404945,0.012979773319371191,0.2805822184099509,2.7,"[2.2,2.8)",2.65,2.53,3.38,False,-1.0,"SP2|draw|[2.2,2.8)",2.53,0.06719367588932812,-0.0011977086594334718
21308,2024-09-29,2024-09,E0,Ipswich,Aston Villa,away,draw,0.545614981038971,0.5112910097997443,0.0343239712392267,0.013694179184166997,-0.01594651656861268,1.85,"[1.8,2.2)",3.65,3.58,2.06,False,-1.0,"E0|away|[1.8,2.2)",2.06,-0.10194174757281549,-0.13543425080827443
21353,2024-09-29,2024-09,SP2,Oviedo,Eibar,draw,home,0.35941451524971924,0.32544956997654423,0.03396494527317501,0.012979773319371191,0.004660751598009272,2.9,"[2.8,3.5)",2.08,2.99,3.96,False,-1.0,"SP2|draw|[2.8,3.5)",2.99,-0.030100334448160626,-0.09163535693098668
21372,2024-10-01,2024-10,E1,Coventry,Blackburn,draw,home,0.3140736486998693,0.2906808305166586,0.023392818183210706,0.012029001319116672,-0.018354896012553912,3.25,"[2.8,3.5)",2.07,3.5,3.52,False,-1.0,"E1|draw|[2.8,3.5)",3.5,-0.0714285714285714,-0.11807950423441615
21375,2024-10-01,2024-10,E2,Northampton,Bolton,away,away,0.5415987871096194,0.5051038366772262,0.03649495043239315,0.01178439738961131,-0.019843379017985052,1.85,"[1.8,2.2)",4.64,3.6,1.74,True,0.8500000000000001,"E2|away|[1.8,2.2)",1.74,0.06321839080459779,-0.004484304932735328
21387,2024-10-01,2024-10,E2,Shrewsbury,Stockport,away,away,0.5508315729935725,0.5169718061229637,0.033859766870608876,0.01178439738961131,-0.013543668644750984,1.83,"[1.8,2.2)",3.58,3.48,2.0,True,0.8300000000000001,"E2|away|[1.8,2.2)",2.0,-0.08499999999999996,-0.14220299190319952
21418,2024-10-04,2024-10,SP1,Leganes,Valencia,draw,draw,0.37418354972945345,0.3309422888816433,0.04324126084781016,0.013543731037294207,0.03864267783341857,2.88,"[2.8,3.5)",2.96,2.75,2.9,True,1.88,"SP1|draw|[2.8,3.5)",2.75,0.04727272727272713,0.0009279727924207393
21419,2024-10-04,2024-10,SP2,Huesca,Cadiz,draw,home,0.3774081503458893,0.34010564811052413,0.03730250223536519,0.012912427209198055,0.02058802478273547,2.8,"[2.8,3.5)",2.97,2.71,2.77,False,-1.0,"SP2|draw|[2.8,3.5)",2.71,0.03321033210332103,-0.0314090731342217
21495,2024-10-05,2024-10,SP1,Getafe,Osasuna,draw,draw,0.3700786496019303,0.32660829843928435,0.04347035116264597,0.013543731037294207,0.03395126383744462,2.9,"[2.8,3.5)",2.15,3.04,3.99,True,1.9,"SP1|draw|[2.8,3.5)",3.04,-0.046052631578947456,-0.08686100843852429
21507,2024-10-05,2024-10,SP2,Ferrol,Elche,draw,home,0.35099507177762157,0.3239263803680982,0.027068691409523393,0.012912427209198055,-0.01956033075157182,2.9,"[2.8,3.5)",3.21,2.84,2.47,False,-1.0,"SP2|draw|[2.8,3.5)",2.84,0.021126760563380254,-0.04433393322499268
21508,2024-10-05,2024-10,SP2,Mirandes,Granada,draw,away,0.3552896420216008,0.3245679939894816,0.030721648032119186,0.012912427209198055,-0.0071060770440321,2.9,"[2.8,3.5)",2.6,2.82,3.04,False,-1.0,"SP2|draw|[2.8,3.5)",2.82,0.028368794326241176,-0.03726353281139749
21562,2024-10-06,2024-10,I2,Cosenza,Sudtirol,draw,away,0.3535607600657055,0.3221730890713834,0.0313876709943221,0.014155971110808116,-0.015726112030797545,2.9,"[2.8,3.5)",2.36,2.87,3.41,False,-1.0,"I2|draw|[2.8,3.5)",2.87,0.010452961672473782,-0.05158833688915987
21574,2024-10-11,2024-10,SP2,Tenerife,Zaragoza,draw,away,0.40560388598415764,0.345252774352651,0.06035111163150664,0.012912427209198055,0.06026693869239086,2.7,"[2.2,2.8)",2.48,2.77,3.27,False,-1.0,"SP2|draw|[2.2,2.8)",2.77,-0.025270758122743597,-0.08907813338547488
21587,2024-10-12,2024-10,SP2,Cartagena,Ferrol,draw,away,0.3749635696053405,0.32696364313190224,0.04799992647343826,0.012912427209198055,0.04270729010089025,2.88,"[2.8,3.5)",2.36,2.89,3.36,False,-1.0,"SP2|draw|[2.8,3.5)",2.89,-0.0034602076124568004,-0.06635835881669983
21590,2024-10-13,2024-10,SP2,Elche,La Coruna,draw,draw,0.3800304806251778,0.33219761499148215,0.047832865633695654,0.012912427209198055,0.02793054956474328,2.8,"[2.8,3.5)",1.89,3.2,4.39,True,1.7999999999999998,"SP2|draw|[2.8,3.5)",3.2,-0.1250000000000001,-0.18177726278567696
21595,2024-10-13,2024-10,SP2,Huesca,Albacete,draw,draw,0.3531075273005495,0.3236326109391125,0.02947491636143701,0.012912427209198055,-0.013434209735080804,2.9,"[2.8,3.5)",2.28,2.96,3.42,True,1.9,"SP2|draw|[2.8,3.5)",2.96,-0.020270270270270285,-0.08336414048059149
21642,2024-10-19,2024-10,E1,Sheffield Weds,Burnley,draw,away,0.31530998580423075,0.28954423592493295,0.025765749879297806,0.012029001319116672,-0.014336800423379259,3.25,"[2.8,3.5)",2.57,3.1,2.92,False,-1.0,"E1|draw|[2.8,3.5)",3.1,0.048387096774193505,-0.005468246654215969
21655,2024-10-19,2024-10,E3,Bradford,Gillingham,draw,home,0.3182515855939141,0.2930232558139535,0.02522832977996059,0.011955925373271989,-0.019853887293945327,3.2,"[2.8,3.5)",1.88,3.32,4.28,False,-1.0,"E3|draw|[2.8,3.5)",3.32,-0.036144578313252906,-0.09646847453820673
21662,2024-10-19,2024-10,I2,Sudtirol,Pisa,draw,away,0.45448528552752665,0.35872215563912885,0.0957631298883978,0.014155971110808116,0.15806609691596973,2.63,"[2.2,2.8)",2.62,2.64,3.31,False,-1.0,"I2|draw|[2.2,2.8)",2.64,-0.0037878787878788955,-0.0624610110410484
21701,2024-10-19,2024-10,SP2,Mirandes,Eibar,draw,home,0.37435450236935314,0.32732613132872007,0.047028371040633066,0.012912427209198055,0.04095317646124652,2.88,"[2.8,3.5)",2.65,2.64,3.22,False,-1.0,"SP2|draw|[2.8,3.5)",2.64,0.09090909090909083,0.022690159718349756
21730,2024-10-20,2024-10,I1,Roma,Inter,away,away,0.5480593223972611,0.5153374233128835,0.032721899084377615,0.013687621494854271,-0.011412353330547353,1.85,"[1.8,2.2)",4.02,3.53,1.94,True,0.8500000000000001,"I1|away|[1.8,2.2)",1.94,-0.046391752577319534,-0.08963956778650084
21746,2024-10-20,2024-10,SP2,Ferrol,Huesca,draw,draw,0.37837326594373644,0.3342981186685962,0.044075147275140225,0.012912427209198055,0.02329034845670752,2.8,"[2.8,3.5)",2.62,2.61,3.3,True,1.7999999999999998,"SP2|draw|[2.8,3.5)",2.61,0.07279693486590033,0.004631243463970813
21759,2024-10-22,2024-10,E1,Cardiff,Portsmouth,home,home,0.527604506718257,0.4959022086400889,0.0317022980781681,0.012813833030713038,-0.016749813256791146,1.91,"[1.8,2.2)",1.82,3.69,4.29,True,0.9099999999999999,"E1|home|[1.8,2.2)",1.82,0.049450549450549275,-0.00389438519850982
21762,2024-10-22,2024-10,E1,Preston,Norwich,draw,draw,0.3159638715331633,0.29347826086956524,0.022485610663598055,0.012029001319116672,-0.012211671804348456,3.25,"[2.8,3.5)",2.84,3.25,2.55,True,2.25,"E1|draw|[2.8,3.5)",3.25,0.0,-0.049395181647448494
21791,2024-10-22,2024-10,E3,Harrogate,Port Vale,away,away,0.548508587381665,0.5059732958538299,0.042535291527835084,0.011776464438601465,-0.007045572555332447,1.85,"[1.8,2.2)",4.83,3.72,1.7,True,0.8500000000000001,"E3|away|[1.8,2.2)",1.7,0.08823529411764719,0.022689261782134595
21803,2024-10-24,2024-10,SP2,Burgos,Ferrol,draw,draw,0.3153399951482706,0.29064452942822494,0.024695465720045662,0.012912427209198055,-0.01711040419801424,3.25,"[2.8,3.5)",1.8,3.14,5.14,True,2.25,"SP2|draw|[2.8,3.5)",3.14,0.03503184713375784,-0.03139455475524733
21963,2024-10-27,2024-10,SP2,La Coruna,Santander,draw,away,0.3168168765588179,0.28778168286127764,0.029035193697540262,0.012912427209198055,-0.012310539613735516,3.25,"[2.8,3.5)",2.37,3.29,2.93,False,-1.0,"SP2|draw|[2.8,3.5)",3.29,-0.012158054711246202,-0.07435164943337247
21964,2024-10-27,2024-10,SP2,Malaga,Eibar,draw,home,0.358835821575045,0.3209876543209877,0.03784816725405732,0.012912427209198055,0.003177843660956192,2.9,"[2.8,3.5)",2.43,2.93,3.18,False,-1.0,"SP2|draw|[2.8,3.5)",2.93,-0.010238907849829393,-0.07263653180051899
21966,2024-10-27,2024-10,I2,Catanzaro,Sudtirol,draw,home,0.3734314082099966,0.32697547683923706,0.04645593137075954,0.014155971110808116,0.023934995732687092,2.85,"[2.8,3.5)",2.1,2.85,4.19,False,-1.0,"I2|draw|[2.8,3.5)",2.85,0.0,-0.06167705000841883
21975,2024-10-28,2024-10,SP2,Ferrol,Tenerife,draw,draw,0.38099465177964276,0.33481706655086313,0.04617758522877963,0.012912427209198055,0.012226117568722827,2.75,"[2.2,2.8)",2.54,2.73,3.26,True,1.75,"SP2|draw|[2.2,2.8)",2.73,0.0073260073260073,-0.05570530471419577
21990,2024-10-29,2024-10,I2,Modena,Cremonese,draw,draw,0.3738360412504916,0.33333333333333337,0.04050270791715821,0.014155971110808116,0.007104196391113593,2.8,"[2.8,3.5)",2.79,2.96,2.72,True,1.7999999999999998,"I2|draw|[2.8,3.5)",2.96,-0.05405405405405406,-0.11087604191075551
22049,2024-11-02,2024-11,E1,Oxford,Swansea,draw,away,0.32339920431508046,0.2986125075407199,0.024786696774360573,0.012257776097880282,-0.004347429704959271,3.2,"[2.8,3.5)",3.15,3.22,2.36,False,-1.0,"E1|draw|[2.8,3.5)",3.22,-0.006211180124223614,-0.05510760162375572
22077,2024-11-02,2024-11,I1,Udinese,Juventus,draw,away,0.32297097840762823,0.2938643702906351,0.029106608116993116,0.014078361152669989,-0.01154362478413351,3.2,"[2.8,3.5)",4.33,3.21,2.0,False,-1.0,"I1|draw|[2.8,3.5)",3.21,-0.0031152647975076775,-0.04373121503970068
22127,2024-11-03,2024-11,N1,Waalwijk,Almere City,draw,home,0.31634825915289627,0.28824833702882485,0.02809992212407142,0.015743737843189557,-0.00800507967796793,3.3,"[2.8,3.5)",2.72,3.35,2.58,False,-1.0,"N1|draw|[2.8,3.5)",3.35,-0.014925373134328401,-0.06517361924061249
22139,2024-11-03,2024-11,T1,Bodrumspor,Alanyaspor,draw,draw,0.40172861181592967,0.3335588061215862,0.06816980569434344,0.01443071341709189,0.08443411551674562,2.8,"[2.8,3.5)",2.42,3.06,3.12,True,1.7999999999999998,"T1|draw|[2.8,3.5)",3.06,-0.08496732026143794,-0.13719574905725052
22151,2024-11-04,2024-11,SP1,Celta,Getafe,draw,home,0.32827963235578483,0.29831718510963795,0.029962447246146884,0.013911595637075246,0.005977717499870749,3.2,"[2.8,3.5)",2.12,3.01,4.17,False,-1.0,"SP1|draw|[2.8,3.5)",3.01,0.06312292358803995,0.018578274817900864
22170,2024-11-08,2024-11,D1,Union Berlin,Freiburg,draw,draw,0.3193943374224208,0.29008880269470244,0.029305534727718352,0.016063726971845233,-0.014175516035629387,3.25,"[2.8,3.5)",2.42,3.2,3.15,True,2.25,"D1|draw|[2.8,3.5)",3.2,0.015625,-0.026417652375525513
22178,2024-11-08,2024-11,F2,Ajaccio,Clermont,draw,home,0.37221602755113403,0.3281622911694511,0.04405373638168292,0.014224254802174879,0.031016305517002296,2.88,"[2.8,3.5)",3.0,2.85,2.6,False,-1.0,"F2|draw|[2.8,3.5)",2.85,0.010526315789473717,-0.054545454545454564
22211,2024-11-09,2024-11,E1,Sunderland,Coventry,draw,draw,0.3190309148207859,0.2938879125170865,0.02514300230369937,0.012257776097880282,-0.018325956086701956,3.2,"[2.8,3.5)",2.18,3.31,3.43,True,2.2,"E1|draw|[2.8,3.5)",3.31,-0.033232628398791486,-0.08134758988731683
22272,2024-11-09,2024-11,SP2,Huesca,Zaragoza,draw,draw,0.399910550040867,0.35053453947368424,0.04937601056718277,0.012909739229465133,0.044902189190785036,2.7,"[2.2,2.8)",2.68,2.6,3.25,True,1.7000000000000002,"SP2|draw|[2.2,2.8)",2.6,0.03846153846153855,-0.02532327586206895
22275,2024-11-09,2024-11,SP2,Mirandes,Cadiz,draw,draw,0.44958739205056997,0.3701111568546727,0.07947623519589725,0.012909739229465133,0.11352801469381713,2.55,"[2.2,2.8)",3.03,2.68,2.74,True,1.5499999999999998,"SP2|draw|[2.2,2.8)",2.68,-0.04850746268656725,-0.10919851214770815
22289,2024-11-10,2024-11,E0,Nott'm Forest,Newcastle,draw,away,0.31475343410137524,0.2903225806451613,0.02443085345621393,0.014360898235366818,-0.008704631642172167,3.3,"[2.8,3.5)",2.76,3.3,2.67,False,-1.0,"E0|draw|[2.8,3.5)",3.3,0.0,-0.03835148409139444
22322,2024-11-10,2024-11,SP2,Ferrol,Santander,draw,away,0.3200431297334366,0.2920353982300885,0.02800773150334812,0.012909739229465133,-0.01717315038729117,3.2,"[2.8,3.5)",3.75,3.29,2.01,False,-1.0,"SP2|draw|[2.8,3.5)",3.29,-0.027355623100303927,-0.08939553531990074
22323,2024-11-10,2024-11,I2,Reggiana,Catanzaro,draw,draw,0.3230287123180144,0.29263437292634376,0.030394339391670633,0.014224254802174879,-0.011825735949313465,3.2,"[2.8,3.5)",2.2,2.98,3.65,True,2.2,"I2|draw|[2.8,3.5)",2.98,0.0738255033557047,0.009150532144680534
22347,2024-11-16,2024-11,SP2,Levante,Elche,draw,draw,0.32469864360192924,0.29315158482509446,0.03154705877683478,0.012909739229465133,-0.0022755060081148804,3.2,"[2.8,3.5)",2.33,3.08,3.17,True,2.2,"SP2|draw|[2.8,3.5)",3.08,0.038961038961039085,-0.028388438755082013
22402,2024-11-23,2024-11,E1,Bristol City,Burnley,draw,away,0.3209040006623725,0.2907445697791062,0.030159430883266336,0.012257776097880282,0.003100229834599899,3.25,"[2.8,3.5)",2.85,3.08,2.66,False,-1.0,"E1|draw|[2.8,3.5)",3.08,0.05519480519480524,0.0035211267605632646
22408,2024-11-23,2024-11,E1,Preston,Derby,draw,draw,0.3191626988952736,0.29448818897637796,0.024674509918895637,0.012257776097880282,-0.01790424704834126,3.2,"[2.8,3.5)",2.39,3.09,3.2,True,2.2,"E1|draw|[2.8,3.5)",3.09,0.035598705501618255,-0.017956671254478973
22469,2024-11-23,2024-11,SP2,Granada,Cadiz,draw,draw,0.3205892791327357,0.28767123287671237,0.03291804625602335,0.012909739229465133,-4.149531437058762e-05,3.25,"[2.8,3.5)",2.15,3.11,3.55,True,2.25,"SP2|draw|[2.8,3.5)",3.11,0.045016077170418,-0.02184092746308075
22470,2024-11-23,2024-11,SP2,Malaga,Santander,draw,draw,0.32137063188591164,0.2925226822400667,0.028847949645844917,0.012909739229465133,-0.012925143499371128,3.2,"[2.8,3.5)",2.81,3.16,2.52,True,2.2,"SP2|draw|[2.8,3.5)",3.16,0.012658227848101333,-0.05284066209663951
22510,2024-11-24,2024-11,SP2,La Coruna,Sp Gijon,draw,draw,0.3205892791327357,0.28767123287671237,0.03291804625602335,0.012909739229465133,-4.149531437058762e-05,3.25,"[2.8,3.5)",2.18,3.16,3.41,True,2.25,"SP2|draw|[2.8,3.5)",3.16,0.028481012658227778,-0.03738714330111337
22617,2024-11-30,2024-11,SP2,Cadiz,La Coruna,draw,away,0.32254194319342616,0.29510064565134825,0.027441297542077914,0.012909739229465133,-0.009176947315324702,3.2,"[2.8,3.5)",2.38,3.11,3.05,False,-1.0,"SP2|draw|[2.8,3.5)",3.11,0.02893890675241173,-0.03799753999577571
22626,2024-11-30,2024-11,T1,Ad. Demirspor,Konyaspor,draw,away,0.31676096665637815,0.2883913600946839,0.02836960656169424,0.01443071341709189,-0.0174266769723197,3.25,"[2.8,3.5)",3.55,3.45,2.05,False,-1.0,"T1|draw|[2.8,3.5)",3.45,-0.05797101449275366,-0.1107481906194191
22628,2024-11-30,2024-11,T1,Buyuksehyr,Goztep,draw,home,0.3213209239988455,0.2899492385786802,0.031371685420165274,0.01443071341709189,-0.002606815609300872,3.25,"[2.8,3.5)",2.3,3.16,3.24,False,-1.0,"T1|draw|[2.8,3.5)",3.16,0.028481012658227778,-0.029625296493365205
22645,2024-12-01,2024-12,E1,Derby,Sheffield Weds,draw,away,0.32249252249055305,0.29411764705882354,0.028374875431729507,0.011843491666870043,-0.005923101364214367,3.2,"[2.8,3.5)",2.54,3.08,2.97,False,-1.0,"E1|draw|[2.8,3.5)",3.08,0.038961038961039085,-0.01527416315175445
22680,2024-12-01,2024-12,I1,Torino,Napoli,away,away,0.570381979215019,0.5292652552926526,0.04111672392236643,0.01403716980944865,0.001420656930026576,1.8,"[1.8,2.2)",5.63,3.48,1.72,True,0.8,"I1|away|[1.8,2.2)",1.72,0.04651162790697683,0.00013385665993603801
22746,2024-12-06,2024-12,I2,Juve Stabia,Sudtirol,draw,home,0.3945824489889669,0.3293204980551511,0.06526195093381576,0.014282939753583405,0.09526258659790443,2.88,"[2.8,3.5)",2.1,2.72,4.56,False,-1.0,"I2|draw|[2.8,3.5)",2.72,0.0588235294117645,-0.004056162246489969
22761,2024-12-07,2024-12,E1,Millwall,Coventry,draw,away,0.32993953051992675,0.3022092538557732,0.027730276664153564,0.011843491666870043,-0.013902279555524144,3.1,"[2.8,3.5)",2.92,3.08,2.58,False,-1.0,"E1|draw|[2.8,3.5)",3.08,0.006493506493506551,-0.04574071652719669
22779,2024-12-07,2024-12,E1,Hull,Blackburn,draw,away,0.31450096833025004,0.2893243940175348,0.02517657431271525,0.011843491666870043,-0.01636320084401499,3.25,"[2.8,3.5)",2.57,3.4,2.69,False,-1.0,"E1|draw|[2.8,3.5)",3.4,-0.044117647058823484,-0.09392454017171237
22824,2024-12-07,2024-12,SP1,Valencia,Vallecano,draw,away,0.3575152304147012,0.3265602322206096,0.030954998194091587,0.014202168475904527,-0.0043921203774898165,2.9,"[2.8,3.5)",2.23,3.02,3.82,False,-1.0,"SP1|draw|[2.8,3.5)",3.02,-0.039735099337748325,-0.07785334607459604
22826,2024-12-07,2024-12,SP2,Huesca,Eibar,draw,home,0.4273875659111689,0.35051546391752575,0.07687210199364314,0.012918288816906801,0.11906704815450775,2.7,"[2.2,2.8)",2.48,2.67,3.44,False,-1.0,"SP2|draw|[2.2,2.8)",2.67,0.011235955056179803,-0.05355334954966795
22827,2024-12-07,2024-12,SP2,La Coruna,Zaragoza,draw,draw,0.3202642227200814,0.2898217366302473,0.03044248608983413,0.012918288816906801,-0.001125714814682488,3.25,"[2.8,3.5)",2.02,3.21,3.82,True,2.25,"SP2|draw|[2.8,3.5)",3.21,0.012461059190031154,-0.05231872666535664
22839,2024-12-08,2024-12,I1,Venezia,Como,draw,draw,0.3191323498994796,0.28824833702882485,0.03088401287065473,0.014323845631387647,0.005868064084703306,3.3,"[2.8,3.5)",2.81,3.16,2.68,True,2.3,"I1|draw|[2.8,3.5)",3.16,0.04430379746835422,-0.0011077526608576083
22845,2024-12-08,2024-12,E1,West Brom,Sheffield United,draw,draw,0.32072118192311416,0.29411764705882354,0.026603534864290623,0.011843491666870043,-0.011591391180018729,3.2,"[2.8,3.5)",2.38,3.27,3.07,True,2.2,"E1|draw|[2.8,3.5)",3.27,-0.021406727828746086,-0.06952296433076921
22868,2024-12-08,2024-12,I1,Verona,Empoli,draw,away,0.4221167197921273,0.34580762617578636,0.07630909361634092,0.014323845631387647,0.12143040394203397,2.75,"[2.2,2.8)",2.71,2.8,3.13,False,-1.0,"I1|draw|[2.2,2.8)",2.8,-0.017857142857142794,-0.06072146184913618
22874,2024-12-08,2024-12,SP2,Burgos,Eldense,draw,home,0.3233655978354673,0.29510064565134825,0.028264952184119063,0.012918288816906801,-0.006568611140606362,3.2,"[2.8,3.5)",2.07,3.08,3.83,False,-1.0,"SP2|draw|[2.8,3.5)",3.08,0.038961038961039085,-0.027976138022459685
22902,2024-12-11,2024-12,E1,Cardiff,Preston,draw,away,0.3187447806082486,0.2922077922077922,0.02653698840045643,0.011843491666870043,-0.017915875387588542,3.2,"[2.8,3.5)",2.37,3.06,3.24,False,-1.0,"E1|draw|[2.8,3.5)",3.06,0.045751633986928164,-0.010997609215387838
22906,2024-12-13,2024-12,E1,Derby,Portsmouth,draw,home,0.3240178795110837,0.2928850366701591,0.0311328428409246,0.011843491666870043,-0.0010419588985163264,3.2,"[2.8,3.5)",1.99,3.29,4.01,False,-1.0,"E1|draw|[2.8,3.5)",3.29,-0.027355623100303927,-0.07879609955302858
22919,2024-12-13,2024-12,I1,Empoli,Torino,draw,away,0.41417326471697324,0.3303964757709251,0.08377678894604812,0.014323845631387647,0.15156632696648642,2.88,"[2.8,3.5)",2.61,2.81,3.22,False,-1.0,"I1|draw|[2.8,3.5)",2.81,0.02491103202846978,-0.023496822867286715
22946,2024-12-14,2024-12,E1,Swansea,Sunderland,draw,away,0.32724565079248513,0.2939520635840543,0.03329358720843084,0.011843491666870043,0.009286909201968285,3.2,"[2.8,3.5)",2.75,3.21,2.61,False,-1.0,"E1|draw|[2.8,3.5)",3.21,-0.0031152647975076775,-0.05803609877333071
22983,2024-12-14,2024-12,I2,Reggiana,Modena,draw,away,0.4069813974929339,0.3344029724708664,0.07257842502206746,0.014282939753583405,0.09955568167018125,2.8,"[2.8,3.5)",2.88,2.79,2.76,False,-1.0,"I2|draw|[2.8,3.5)",2.79,0.0035842293906809264,-0.06028271773825822
22992,2024-12-14,2024-12,E3,Grimsby,Crewe,draw,away,0.31402121502444985,0.2875039148136549,0.02651730021079496,0.011953373996238857,-0.018279516658314288,3.25,"[2.8,3.5)",2.52,3.09,2.87,False,-1.0,"E3|draw|[2.8,3.5)",3.09,0.05177993527508096,-0.015999999999999792
22996,2024-12-14,2024-12,SP1,Espanol,Osasuna,draw,draw,0.32465273451746673,0.2946023897816234,0.030050344735843337,0.014202168475904527,-0.006558188667000975,3.2,"[2.8,3.5)",2.76,3.14,2.72,True,2.2,"SP1|draw|[2.8,3.5)",3.14,0.019108280254777066,-0.02797397468682228
23018,2024-12-15,2024-12,D1,Heidenheim,Stuttgart,away,away,0.5624162387216516,0.5263157894736842,0.0361004492479674,0.015815458615619074,-0.016118595809141434,1.8,"[1.8,2.2)",4.45,3.99,1.74,True,0.8,"D1|away|[1.8,2.2)",1.74,0.034482758620689724,-0.014833035871163247
23029,2024-12-15,2024-12,E1,Watford,West Brom,draw,home,0.32231712839730253,0.2893243940175348,0.03299273437976774,0.011843491666870043,0.009039319373905563,3.25,"[2.8,3.5)",2.58,3.19,2.81,False,-1.0,"E1|draw|[2.8,3.5)",3.19,0.018808777429467183,-0.03608466734031801
23075,2024-12-18,2024-12,F1,Monaco,Paris SG,away,away,0.547516177850421,0.5129935875801552,0.03452259027026572,0.015517026920376594,-0.015801570779417906,1.85,"[1.8,2.2)",4.24,3.95,1.78,True,0.8500000000000001,"F1|away|[1.8,2.2)",1.78,0.0393258426966292,-0.010930147927293854
23087,2024-12-20,2024-12,E2,Cambridge,Huddersfield,away,away,0.5448605286885994,0.5051038366772262,0.03975669201137311,0.011745461812016005,-0.013737126278320688,1.85,"[1.8,2.2)",3.82,3.48,1.92,True,0.8500000000000001,"E2|away|[1.8,2.2)",1.92,-0.03645833333333326,-0.09946831883293783
23088,2024-12-20,2024-12,E1,Luton,Derby,draw,home,0.32626622720097187,0.2938879125170865,0.032378314683885356,0.011843491666870043,0.0061527537091259354,3.2,"[2.8,3.5)",2.11,3.17,3.73,False,-1.0,"E1|draw|[2.8,3.5)",3.17,0.009463722397476504,-0.04541316221368985
23129,2024-12-21,2024-12,E1,Portsmouth,Coventry,away,home,0.5439746625870477,0.4949762030671602,0.048998459519887516,0.011606457367869524,0.016823271968630538,1.91,"[1.8,2.2)",4.21,3.76,1.8,False,-1.0,"E1|away|[1.8,2.2)",1.8,0.061111111111111116,0.0019531011810867138
23164,2024-12-21,2024-12,SP1,Getafe,Mallorca,draw,away,0.4148195804038123,0.3447348193697156,0.07008476103409667,0.014202168475904527,0.1016978828017463,2.75,"[2.2,2.8)",2.41,2.59,4.01,False,-1.0,"SP1|draw|[2.2,2.8)",2.59,0.061776061776061875,0.010816068827281367
23173,2024-12-21,2024-12,SP2,Eibar,Granada,draw,draw,0.35112316019611167,0.3225139549307422,0.028609205265369475,0.012918288816906801,-0.019205873000305962,2.9,"[2.8,3.5)",2.42,2.77,4.15,True,1.9,"SP2|draw|[2.8,3.5)",2.77,0.04693140794223827,0.03125852014205832
23186,2024-12-22,2024-12,B1,Standard,Gent,draw,away,0.3221557566669306,0.2921535893155259,0.030002167351404707,0.015706009214600358,-0.019360808152543263,3.2,"[2.8,3.5)",2.94,3.22,2.42,False,-1.0,"B1|draw|[2.8,3.5)",3.22,-0.006211180124223614,-0.06591614014933955
23202,2024-12-22,2024-12,I1,Venezia,Cagliari,draw,home,0.31207832617413406,0.2885308968502044,0.02354742932392967,0.014323845631387647,-0.017410214208936958,3.3,"[2.8,3.5)",2.57,3.18,2.89,False,-1.0,"I1|draw|[2.8,3.5)",3.18,0.037735849056603765,-0.011295234791307784
23217,2024-12-22,2024-12,SP2,Burgos,Tenerife,draw,home,0.32011596567617284,0.2938226197442113,0.02629334593196153,0.012918288816906801,-0.01696743405034873,3.2,"[2.8,3.5)",1.95,3.07,4.31,False,-1.0,"SP2|draw|[2.8,3.5)",3.07,0.04234527687296419,-0.026365996082931886
23253,2024-12-26,2024-12,E1,Derby,West Brom,draw,home,0.32781585454776857,0.2967032967032967,0.031112557844471866,0.011843491666870043,0.011111561218875243,3.2,"[2.8,3.5)",2.95,2.98,2.62,False,-1.0,"E1|draw|[2.8,3.5)",2.98,0.0738255033557047,0.01665597921702111
23264,2024-12-26,2024-12,E1,Norwich,Millwall,draw,home,0.32626622720097187,0.2938879125170865,0.032378314683885356,0.011843491666870043,0.0061527537091259354,3.2,"[2.8,3.5)",2.27,3.11,3.36,False,-1.0,"E1|draw|[2.8,3.5)",3.11,0.02893890675241173,-0.029019951067173144
23289,2024-12-26,2024-12,E2,Rotherham,Wigan,draw,away,0.31950815479771205,0.29085872576177285,0.0286494290359392,0.011985334946324483,-0.01592697647555974,3.2,"[2.8,3.5)",2.16,3.22,3.41,False,-1.0,"E2|draw|[2.8,3.5)",3.22,-0.006211180124223614,-0.06841943006205287
23321,2024-12-29,2024-12,E1,Sheffield United,West Brom,draw,draw,0.3190066249424935,0.2938643702906351,0.025142254651858376,0.011843491666870043,-0.017077973518004885,3.2,"[2.8,3.5)",2.02,3.29,3.82,True,2.2,"E1|draw|[2.8,3.5)",3.29,-0.027355623100303927,-0.08308652060898636
23381,2024-12-30,2024-12,E0,Man United,Newcastle,away,away,0.40117288100031784,0.3765281173594133,0.024644763640904566,0.01427102410408835,-0.013400264914614879,2.55,"[2.2,2.8)",2.74,3.53,2.52,True,1.5499999999999998,"E0|away|[2.2,2.8)",2.52,0.011904761904761862,-0.031739594701758134
23399,2025-01-01,2025-01,E1,Plymouth,Bristol City,away,draw,0.5484403400415979,0.5140066820868672,0.034433657954730745,0.011068861510515319,-0.01661019428811883,1.83,"[1.8,2.2)",4.63,3.86,1.72,False,-1.0,"E1|away|[1.8,2.2)",1.72,0.06395348837209314,0.007106908168230008
23413,2025-01-01,2025-01,E3,Harrogate,Salford,away,away,0.5472501723200487,0.5086901229334463,0.0385600493866024,0.011189983357911592,-0.019009854199289022,1.83,"[1.8,2.2)",4.42,3.48,1.8,True,0.8300000000000001,"E3|away|[1.8,2.2)",1.8,0.016666666666666607,-0.049094373277120296
23575,2025-01-11,2025-01,SP2,Ferrol,Cartagena,draw,draw,0.32108082077005323,0.2889251786686334,0.03215564210141986,0.012480988159635347,0.002949455983858096,3.25,"[2.8,3.5)",1.83,3.18,4.67,True,2.25,"SP2|draw|[2.8,3.5)",3.18,0.022012578616352085,-0.04933153295614401
23585,2025-01-11,2025-01,SP2,Huesca,Mirandes,draw,home,0.38407197480998784,0.3354256571204394,0.04864631768954841,0.012480988159635347,0.04045476262098702,2.8,"[2.8,3.5)",2.42,2.75,3.36,False,-1.0,"SP2|draw|[2.8,3.5)",2.75,0.018181818181818077,-0.052394469370936725
23603,2025-01-12,2025-01,I2,Brescia,Sampdoria,draw,draw,0.3206071663886748,0.2939520635840543,0.026655102804620523,0.013623038942687075,-0.017650792172839158,3.2,"[2.8,3.5)",2.97,3.0,2.5,True,2.2,"I2|draw|[2.8,3.5)",3.0,0.06666666666666665,-0.003146633102580232
23627,2025-01-12,2025-01,I2,Reggiana,Bari,draw,draw,0.39038576487670373,0.333889816360601,0.056495948516102734,0.013623038942687075,0.05493563261524659,2.8,"[2.8,3.5)",2.26,2.86,3.56,True,1.7999999999999998,"I2|draw|[2.8,3.5)",2.86,-0.020979020979021046,-0.08760833994848305
23648,2025-01-14,2025-01,I1,Como,Milan,away,away,0.5350797863255233,0.5011933174224343,0.033886468903088995,0.013548430660498064,-0.00909042423645201,1.9,"[1.8,2.2)",4.44,3.57,1.84,True,0.8999999999999999,"I1|away|[1.8,2.2)",1.84,0.032608695652173836,-0.015452512651524253
23661,2025-01-15,2025-01,E0,Leicester,Crystal Palace,away,away,0.5336188931051249,0.4949762030671602,0.038642690037964667,0.013428636702601353,-0.006436610271180032,1.91,"[1.8,2.2)",3.93,3.61,1.95,True,0.9099999999999999,"E0|away|[1.8,2.2)",1.95,-0.02051282051282055,-0.06204701924175238
23664,2025-01-16,2025-01,E0,Ipswich,Brighton,away,away,0.5415312911030675,0.49851447522973813,0.043016815873329395,0.013428636702601353,0.008676069904890449,1.91,"[1.8,2.2)",3.81,3.66,1.97,True,0.9099999999999999,"E0|away|[1.8,2.2)",1.97,-0.030456852791878153,-0.07070058093892295
23691,2025-01-18,2025-01,E1,Cardiff,Swansea,draw,home,0.3190628339860249,0.28806133625410735,0.03100149773191757,0.01134709931842614,7.613766969605251e-05,3.25,"[2.8,3.5)",2.74,3.06,2.73,False,-1.0,"E1|draw|[2.8,3.5)",3.06,0.06209150326797386,0.003809087305519876
23707,2025-01-18,2025-01,E1,Millwall,Hull,draw,away,0.31978640701287114,0.2928850366701591,0.02690137034271206,0.01134709931842614,-0.012994215377776008,3.2,"[2.8,3.5)",2.13,3.1,3.74,False,-1.0,"E1|draw|[2.8,3.5)",3.1,0.032258064516129004,-0.02566046966731894
23719,2025-01-18,2025-01,E2,Northampton,Lincoln,draw,away,0.31517620236097027,0.2874251497005988,0.027751052660371478,0.011485315124302705,-0.013004616480830511,3.25,"[2.8,3.5)",4.49,3.3,1.84,False,-1.0,"E2|draw|[2.8,3.5)",3.3,-0.015151515151515138,-0.07891432766392459
23763,2025-01-18,2025-01,SP2,Levante,Granada,draw,home,0.32509910031415357,0.29528979283333906,0.029809307480814506,0.012480988159635347,0.0003779588944583523,3.2,"[2.8,3.5)",1.97,3.2,3.97,False,-1.0,"SP2|draw|[2.8,3.5)",3.2,0.0,-0.06716712202140229
23810,2025-01-19,2025-01,SP1,Celta,Ath Bilbao,draw,away,0.32102548179589546,0.29641693811074915,0.02460854368514631,0.013851811224111334,-0.017044254170290762,3.2,"[2.8,3.5)",3.34,3.21,2.28,False,-1.0,"SP1|draw|[2.8,3.5)",3.21,-0.0031152647975076775,-0.05015552281391056
23833,2025-01-21,2025-01,E1,Hull,QPR,draw,away,0.31693019055430893,0.291885800150263,0.025044390404045935,0.01134709931842614,-0.006854953483380943,3.25,"[2.8,3.5)",2.21,3.19,3.47,False,-1.0,"E1|draw|[2.8,3.5)",3.19,0.018808777429467183,-0.03352832142206219
23889,2025-01-25,2025-01,E3,Barrow,Grimsby,draw,home,0.3156126524051209,0.28767123287671237,0.027941419528408507,0.011471265803907156,-0.011540493546055464,3.25,"[2.8,3.5)",2.22,3.29,3.22,False,-1.0,"E3|draw|[2.8,3.5)",3.29,-0.012158054711246202,-0.07241475684740073
23893,2025-01-25,2025-01,E1,QPR,Sheffield Weds,draw,away,0.3225514393778337,0.29555646147574394,0.026994977902089767,0.01134709931842614,-0.0041461118098957694,3.2,"[2.8,3.5)",2.47,3.22,2.93,False,-1.0,"E1|draw|[2.8,3.5)",3.22,-0.006211180124223614,-0.059548184575900165
23900,2025-01-25,2025-01,E1,Norwich,Swansea,draw,home,0.320406657501346,0.29609793420045905,0.02430872330088696,0.01134709931842614,-0.011009413814656366,3.2,"[2.8,3.5)",2.11,3.35,3.54,False,-1.0,"E1|draw|[2.8,3.5)",3.35,-0.04477611940298509,-0.09451185555879671
23908,2025-01-25,2025-01,E3,Bradford,Walsall,draw,home,0.3222254579908832,0.2912513842746401,0.03097407371624311,0.011471265803907156,-0.005586585001676636,3.2,"[2.8,3.5)",2.7,3.07,2.7,False,-1.0,"E3|draw|[2.8,3.5)",3.07,0.04234527687296419,-0.02262443438913997
23917,2025-01-25,2025-01,E3,Milton Keynes Dons,AFC Wimbledon,draw,draw,0.3185459147245223,0.28806133625410735,0.03048457847041497,0.011471265803907156,-0.0020073910080007362,3.25,"[2.8,3.5)",2.95,3.2,2.42,True,2.25,"E3|draw|[2.8,3.5)",3.2,0.015625,-0.046098343132014885
23955,2025-01-25,2025-01,T1,Alanyaspor,Buyuksehyr,draw,home,0.32048451556371044,0.29776525065431847,0.022719264909391967,0.014210991849367166,-0.019924724114101622,3.2,"[2.8,3.5)",2.95,3.07,2.55,False,-1.0,"T1|draw|[2.8,3.5)",3.07,0.04234527687296419,-0.013745774864283411
23995,2025-01-26,2025-01,SP1,Vallecano,Girona,draw,home,0.3529922452773568,0.3266383470120015,0.02635389826535528,0.013851811224111334,-0.016492741245588194,2.9,"[2.8,3.5)",2.56,3.03,3.07,False,-1.0,"SP1|draw|[2.8,3.5)",3.03,-0.04290429042904287,-0.0853363619216555
23998,2025-01-26,2025-01,SP2,Malaga,Zaragoza,draw,away,0.32150045322824555,0.29555646147574394,0.025943991752501616,0.012480988159635347,-0.011137711780447201,3.2,"[2.8,3.5)",2.49,2.88,3.1,False,-1.0,"SP2|draw|[2.8,3.5)",2.88,0.11111111111111116,0.03705569690404831
24001,2025-01-26,2025-01,T1,Bodrumspor,Eyupspor,draw,away,0.3198885346879547,0.29347826086956524,0.02641027381838945,0.014210991849367166,-0.006547985774590592,3.25,"[2.8,3.5)",2.47,3.18,2.94,False,-1.0,"T1|draw|[2.8,3.5)",3.18,0.022012578616352085,-0.035345546399842886
24009,2025-01-27,2025-01,SP1,Alaves,Celta,draw,draw,0.3500072613745811,0.31840193704600483,0.03160532432857627,0.013851811224111334,0.00846635045140931,3.0,"[2.8,3.5)",2.33,3.08,3.37,True,2.0,"SP1|draw|[2.8,3.5)",3.08,-0.025974025974025983,-0.07288226982733859
24028,2025-01-28,2025-01,E3,Crewe,AFC Wimbledon,draw,draw,0.4017804803411896,0.3344029724708664,0.0673775078703232,0.011471265803907156,0.09286580070439077,2.8,"[2.8,3.5)",2.68,2.87,2.87,True,1.7999999999999998,"E3|draw|[2.8,3.5)",2.87,-0.024390243902439157,-0.08821385176184704
24041,2025-01-31,2025-01,F1,Montpellier,Lens,away,away,0.554189561758571,0.5215865398702301,0.032603021888340966,0.015222814589243985,-0.013690852680131482,1.83,"[1.8,2.2)",4.22,3.68,1.84,True,0.8300000000000001,"F1|away|[1.8,2.2)",1.84,-0.005434782608695676,-0.05476132190942462
24086,2025-02-01,2025-02,E1,Sheffield Weds,Luton,draw,draw,0.3180125667768609,0.291885800150263,0.026126766626597908,0.010935925918556903,-0.0020009172105119877,3.25,"[2.8,3.5)",2.0,3.33,3.96,True,2.25,"E1|draw|[2.8,3.5)",3.33,-0.024024024024024038,-0.07299364708932976
24183,2025-02-02,2025-02,I2,Sudtirol,Reggiana,draw,home,0.39166651133164126,0.3342981186685962,0.057368392663045054,0.013279977828783054,0.05948229380800285,2.8,"[2.8,3.5)",2.7,2.7,3.06,False,-1.0,"I2|draw|[2.8,3.5)",2.7,0.03703703703703698,-0.028571428571428692
24210,2025-02-04,2025-02,E1,Burnley,Oxford,draw,home,0.27382349936709477,0.24544489651512472,0.028378602851970053,0.010935925918556903,-0.0010272208955561801,3.8,"[3.5,4.0)",1.52,3.85,7.28,False,-1.0,"E1|draw|[3.5,4.0)",3.85,-0.012987012987013102,-0.0644405681535013
24214,2025-02-05,2025-02,E1,Coventry,Leeds,away,away,0.5432645059800569,0.5059732958538299,0.03729121012622705,0.010697097487905063,-0.014750294289518906,1.85,"[1.8,2.2)",4.4,3.7,1.8,True,0.8500000000000001,"E1|away|[1.8,2.2)",1.8,0.0277777777777779,-0.024044069993518935
24279,2025-02-08,2025-02,G1,Volos NFC,Panetolikos,draw,away,0.38454752333839537,0.33052039381153303,0.05402712952686234,0.016839382302260845,0.058999446184067494,2.88,"[2.8,3.5)",2.15,2.83,3.98,False,-1.0,"G1|draw|[2.8,3.5)",2.83,0.0176678445229681,-0.04866801261537401
24297,2025-02-08,2025-02,SP2,Sp Gijon,Eibar,draw,draw,0.3235099846160575,0.2938643702906351,0.029645614325422398,0.012182870974534481,-0.00375323634712621,3.2,"[2.8,3.5)",1.83,3.17,4.81,True,2.2,"SP2|draw|[2.8,3.5)",3.17,0.009463722397476504,-0.05640462160523396
24375,2025-02-11,2025-02,E3,Newport County,Carlisle,away,home,0.4031293810704741,0.375767498976668,0.027361882093806078,0.010842478073749776,-0.019282742508189177,2.5,"[2.2,2.8)",2.77,3.36,2.43,False,-1.0,"E3|away|[2.2,2.8)",2.43,0.028806584362139898,-0.03863554668616842
24387,2025-02-13,2025-02,E3,Port Vale,Notts County,draw,home,0.31822407935636704,0.2912513842746401,0.02697269508172695,0.011084552339751233,-0.01715351354682948,3.2,"[2.8,3.5)",2.58,3.16,2.72,False,-1.0,"E3|draw|[2.8,3.5)",3.16,0.012658227848101333,-0.055091392601070543
24388,2025-02-14,2025-02,F2,Amiens,Grenoble,draw,away,0.39505138463444756,0.3443949817887495,0.050656402845698056,0.013810001672652417,0.029351733996846985,2.7,"[2.2,2.8)",2.34,2.91,3.37,False,-1.0,"F2|draw|[2.2,2.8)",2.91,-0.07216494845360821,-0.1310200433435773
24394,2025-02-14,2025-02,E1,QPR,Derby,draw,home,0.3172832431590952,0.29753265602322204,0.019750587135873132,0.010935925918556903,-0.019688584830277467,3.2,"[2.8,3.5)",2.02,3.21,4.08,False,-1.0,"E1|draw|[2.8,3.5)",3.21,-0.0031152647975076775,-0.05209721593237149
24396,2025-02-14,2025-02,F2,Ajaccio,Laval,draw,home,0.40249094356248216,0.3411487662537115,0.06134217730877067,0.013810001672652417,0.06887259019703196,2.75,"[2.2,2.8)",2.6,2.73,3.14,False,-1.0,"F2|draw|[2.2,2.8)",2.73,0.0073260073260073,-0.0580342532998801
24428,2025-02-15,2025-02,E1,Cardiff,Bristol City,draw,draw,0.31833099589320474,0.2911018244827235,0.027229171410481257,0.010935925918556903,-0.0009660225823945323,3.25,"[2.8,3.5)",3.01,3.37,2.38,True,2.25,"E1|draw|[2.8,3.5)",3.37,-0.035608308605341255,-0.08076997485006787
24449,2025-02-15,2025-02,E1,Hull,Norwich,draw,draw,0.31777868195521813,0.28806133625410735,0.029717345701110787,0.010935925918556903,-0.0027610428808509946,3.25,"[2.8,3.5)",2.46,3.41,2.85,True,2.25,"E1|draw|[2.8,3.5)",3.41,-0.04692082111436957,-0.09285535132036271
24541,2025-02-16,2025-02,SP2,Huesca,Granada,draw,draw,0.4041584495510784,0.3369425961896103,0.06721585336146807,0.012182870974534481,0.0975316200143228,2.8,"[2.8,3.5)",2.48,2.87,3.14,True,1.7999999999999998,"SP2|draw|[2.8,3.5)",2.87,-0.024390243902439157,-0.08832526362442839
24547,2025-02-16,2025-02,I2,Frosinone,Reggiana,draw,draw,0.37677873292040326,0.32732613132872007,0.04945260159168319,0.013279977828783054,0.04687641466386627,2.88,"[2.8,3.5)",2.5,2.77,3.24,True,1.88,"I2|draw|[2.8,3.5)",2.77,0.03971119133573997,-0.027991899932499398
24596,2025-02-22,2025-02,E1,Derby,Millwall,draw,away,0.37290662157619126,0.3276209677419355,0.04528565383425576,0.010935925918556903,0.04971501740713946,2.9,"[2.8,3.5)",2.55,2.89,3.21,False,-1.0,"E1|draw|[2.8,3.5)",2.89,0.0034602076124565784,-0.04405422057917441
24607,2025-02-22,2025-02,E0,Ipswich,Tottenham,away,away,0.5338336562081064,0.5022116366110921,0.03162201959701427,0.01301127041412752,-0.010437466991440214,1.9,"[1.8,2.2)",3.38,3.8,2.07,True,0.8999999999999999,"E0|away|[1.8,2.2)",2.07,-0.08212560386473422,-0.11921347260219584
24640,2025-02-22,2025-02,I2,Pisa,Juve Stabia,draw,home,0.3211338755492669,0.2889251786686334,0.03220869688063355,0.013279977828783054,0.0005251675915727283,3.25,"[2.8,3.5)",1.83,3.13,4.94,False,-1.0,"I2|draw|[2.8,3.5)",3.13,0.03833865814696491,-0.028105906987360485
24655,2025-02-22,2025-02,I2,Reggiana,Carrarese,draw,draw,0.38639318358620695,0.3343239227340268,0.052069260852180166,0.013279977828783054,0.044716976120786844,2.8,"[2.8,3.5)",2.08,2.84,4.25,True,1.7999999999999998,"I2|draw|[2.8,3.5)",2.84,-0.014084507042253502,-0.07701027698641172
24671,2025-02-22,2025-02,SP2,Burgos,Oviedo,draw,away,0.39054210079092216,0.3406940063091483,0.04984809448177385,0.012182870974534481,0.040487881995066255,2.75,"[2.2,2.8)",3.22,2.66,2.61,False,-1.0,"SP2|draw|[2.2,2.8)",2.66,0.03383458646616533,-0.03347482435597193
24722,2025-02-23,2025-02,SP2,Albacete,Eldense,draw,away,0.3163270938051175,0.28915662650602414,0.027170467299093337,0.012182870974534481,-0.0115312758006052,3.25,"[2.8,3.5)",2.06,3.06,3.9,False,-1.0,"SP2|draw|[2.8,3.5)",3.06,0.06209150326797386,-0.006132097017311433
24767,2025-02-28,2025-02,E1,Sheffield Weds,Sunderland,draw,away,0.3188487504983511,0.2939520635840543,0.024896686914296806,0.010935925918556903,-0.014678961344658514,3.2,"[2.8,3.5)",2.74,3.23,2.66,False,-1.0,"E1|draw|[2.8,3.5)",3.23,-0.009287925696594312,-0.05691456668715411
24771,2025-02-28,2025-02,F2,Troyes,Bastia,draw,home,0.4002932338590318,0.3370641411967284,0.06322909266230342,0.013810001672652417,0.06282888851254342,2.75,"[2.2,2.8)",3.01,2.72,2.7,False,-1.0,"F2|draw|[2.2,2.8)",2.72,0.011029411764705843,-0.055327539711389706
24782,2025-03-01,2025-03,E3,Milton Keynes Dons,Colchester,draw,away,0.3194161854324305,0.29274395329441205,0.026672232138018448,0.011041598337253726,-0.013201321295434276,3.2,"[2.8,3.5)",2.75,3.15,2.56,False,-1.0,"E3|draw|[2.8,3.5)",3.15,0.01587301587301604,-0.05211116487492895
24820,2025-03-01,2025-03,I2,Juve Stabia,Cittadella,draw,away,0.32330721109338595,0.29452290733723735,0.0287843037561486,0.013095813054795498,-0.007323526276510561,3.2,"[2.8,3.5)",1.74,3.06,5.94,False,-1.0,"I2|draw|[2.8,3.5)",3.06,0.045751633986928164,-0.02253431216086821
24873,2025-03-02,2025-03,G1,Levadeiakos,Atromitos,draw,away,0.37372438848056366,0.32738095238095233,0.046343436099611335,0.01647853672649388,0.036012970086802154,2.9,"[2.8,3.5)",2.51,2.79,3.21,False,-1.0,"G1|draw|[2.8,3.5)",2.79,0.03942652329749108,-0.02707831061921473
24907,2025-03-02,2025-03,SP1,Leganes,Getafe,draw,home,0.37092886396775443,0.32930217355777086,0.04162669040998357,0.013376084425410257,0.029752005081951083,2.88,"[2.8,3.5)",3.11,2.71,2.84,False,-1.0,"SP1|draw|[2.8,3.5)",2.71,0.0627306273062731,0.019249666424916434
24918,2025-03-04,2025-03,E1,Preston,Swansea,draw,draw,0.31751465057026396,0.2961387171871237,0.021375933383140255,0.01085252633697921,-0.0186812024534887,3.2,"[2.8,3.5)",2.45,3.16,3.07,True,2.2,"E1|draw|[2.8,3.5)",3.16,0.012658227848101333,-0.03588667198083717
24940,2025-03-04,2025-03,E3,Port Vale,Harrogate,draw,draw,0.3190013210086032,0.292199606702859,0.026801714305744184,0.011041598337253726,-0.014528887451681682,3.2,"[2.8,3.5)",1.82,3.22,4.73,True,2.2,"E3|draw|[2.8,3.5)",3.22,-0.006211180124223614,-0.07246158197416808
24944,2025-03-05,2025-03,SP2,Ferrol,Burgos,draw,away,0.3918026930550893,0.34912718204488774,0.04267551101020156,0.012079042054084357,0.02525385770271349,2.7,"[2.2,2.8)",2.98,2.6,2.91,False,-1.0,"SP2|draw|[2.2,2.8)",2.6,0.03846153846153855,-0.023844941590441038
24985,2025-03-08,2025-03,E0,Nott'm Forest,Man City,away,home,0.5445482092089778,0.5112910097997443,0.03325719940923355,0.012873946698834267,-0.016402614356234246,1.85,"[1.8,2.2)",3.8,3.79,1.95,False,-1.0,"E0|away|[1.8,2.2)",1.95,-0.05128205128205121,-0.08762263504836898
25043,2025-03-08,2025-03,SP2,Zaragoza,Eldense,draw,away,0.32403341169828265,0.29287527931922247,0.031158132379060177,0.012079042054084357,-0.00174601713856537,3.2,"[2.8,3.5)",1.96,3.29,3.95,False,-1.0,"SP2|draw|[2.8,3.5)",3.29,-0.027355623100303927,-0.088704070860262
25081,2025-03-09,2025-03,I2,Cittadella,Sudtirol,draw,away,0.4049595227487288,0.3406940063091483,0.0642655164395805,0.013095813054795498,0.07762520165831654,2.75,"[2.2,2.8)",3.0,2.77,2.7,False,-1.0,"I2|draw|[2.2,2.8)",2.77,-0.0072202166064981865,-0.06756247645359781
25107,2025-03-11,2025-03,E1,Sheffield United,Bristol City,draw,draw,0.3161637296718653,0.28733459357277885,0.02882913609908644,0.01085252633697921,-0.00773858916162018,3.25,"[2.8,3.5)",2.22,3.18,3.51,True,2.25,"E1|draw|[2.8,3.5)",3.18,0.022012578616352085,-0.026484223636866866
25109,2025-03-11,2025-03,E1,Burnley,West Brom,draw,draw,0.32482383420020616,0.2898332325116064,0.03499060168859974,0.01085252633697921,0.004708185162326295,3.2,"[2.8,3.5)",1.78,3.42,5.11,True,2.2,"E1|draw|[2.8,3.5)",3.42,-0.0643274853801169,-0.10879006478952602
25112,2025-03-11,2025-03,E1,Middlesbrough,QPR,draw,home,0.31441372786963484,0.2857986521225596,0.028615075747075225,0.01085252633697921,0.0017519650577635382,3.3,"[2.8,3.5)",1.87,3.56,4.24,False,-1.0,"E1|draw|[2.8,3.5)",3.56,-0.0730337078651686,-0.11844045228500955
25146,2025-03-14,2025-03,I1,Genoa,Lecce,draw,home,0.3902242872442677,0.32902167972308255,0.06120260752118517,0.013158925772443044,0.09348954826829159,2.9,"[2.8,3.5)",2.08,3.0,4.32,False,-1.0,"I1|draw|[2.8,3.5)",3.0,-0.033333333333333326,-0.07547683923705728
25159,2025-03-15,2025-03,E1,Plymouth,Derby,draw,away,0.3198663435967336,0.2943116240725474,0.025554719524186198,0.01085252633697921,-0.01115578476878587,3.2,"[2.8,3.5)",3.21,2.92,2.52,False,-1.0,"E1|draw|[2.8,3.5)",2.92,0.09589041095890427,0.042893057435698934
25164,2025-03-15,2025-03,E1,Coventry,Sunderland,draw,home,0.3190096700751497,0.28954423592493295,0.02946543415021674,0.01085252633697921,0.0015107171490540416,3.25,"[2.8,3.5)",2.81,3.28,2.56,False,-1.0,"E1|draw|[2.8,3.5)",3.28,-0.009146341463414531,-0.057563933051694605
25170,2025-03-15,2025-03,E1,Swansea,Burnley,draw,away,0.32179821581797174,0.2930232558139535,0.028774960004018246,0.01085252633697921,-0.004973793660823844,3.2,"[2.8,3.5)",3.99,3.23,2.03,False,-1.0,"E1|draw|[2.8,3.5)",3.23,-0.009287925696594312,-0.05900531144374699
25207,2025-03-15,2025-03,I2,Juve Stabia,Modena,draw,home,0.3867387683376888,0.327653997378768,0.059084770958920785,0.013095813054795498,0.07609171121473257,2.88,"[2.8,3.5)",2.51,2.83,3.2,False,-1.0,"I2|draw|[2.8,3.5)",2.83,0.0176678445229681,-0.043781855460434005
25214,2025-03-15,2025-03,I2,Frosinone,Brescia,draw,home,0.40723458150097613,0.3570181225503512,0.05021645895062493,0.013095813054795498,0.036584961013454986,2.63,"[2.2,2.8)",2.3,2.69,3.85,False,-1.0,"I2|draw|[2.2,2.8)",2.69,-0.02230483271375472,-0.08306986633068891
25272,2025-03-16,2025-03,I2,Reggiana,Sampdoria,draw,draw,0.40398354882020765,0.3366583541147132,0.06732519470549447,0.013095813054795498,0.09448566014315385,2.8,"[2.8,3.5)",2.77,2.82,2.86,True,1.7999999999999998,"I2|draw|[2.8,3.5)",2.82,-0.007092198581560294,-0.06792947543573635
25278,2025-03-16,2025-03,SP1,Osasuna,Getafe,draw,away,0.38273352562655005,0.32917532917532916,0.053558196451220896,0.013376084425410257,0.06374943065928251,2.88,"[2.8,3.5)",2.35,2.9,3.65,False,-1.0,"SP1|draw|[2.8,3.5)",2.9,-0.006896551724137945,-0.049053989028967404
25318,2025-03-23,2025-03,SP2,Sp Gijon,Albacete,draw,away,0.3216421816548744,0.2938226197442113,0.027819561910663093,0.012079042054084357,-0.009397953277471727,3.2,"[2.8,3.5)",2.02,3.22,3.81,False,-1.0,"SP2|draw|[2.8,3.5)",3.22,-0.006211180124223614,-0.06955207640693939
25323,2025-03-27,2025-03,E2,Leyton Orient,Stevenage,draw,home,0.30985615970013775,0.288135593220339,0.021720566479798753,0.011060424605549141,-0.013974074187857566,3.3,"[2.8,3.5)",2.33,3.14,3.1,False,-1.0,"E2|draw|[2.8,3.5)",3.14,0.05095541401273884,-0.018015754000296647
25331,2025-03-28,2025-03,E3,Colchester,Grimsby,draw,away,0.31656937053268575,0.28870491959273004,0.02786445093995571,0.011041598337253726,-0.0070347403648458595,3.25,"[2.8,3.5)",2.2,2.99,3.61,False,-1.0,"E3|draw|[2.8,3.5)",2.99,0.08695652173913038,0.019657184392764426
25380,2025-03-29,2025-03,E2,Wycombe,Lincoln,draw,home,0.316919420486334,0.2874251497005988,0.029494270785735188,0.011060424605549141,-0.005958263387449203,3.25,"[2.8,3.5)",1.9,3.17,4.43,False,-1.0,"E2|draw|[2.8,3.5)",3.17,0.025236593059936974,-0.039597164634467386
25382,2025-03-29,2025-03,E3,Bromley,Salford,draw,away,0.3167850288708101,0.2929172621883437,0.02386776668246643,0.011041598337253726,-0.006333850765941729,3.25,"[2.8,3.5)",2.49,3.36,2.71,False,-1.0,"E3|draw|[2.8,3.5)",3.36,-0.03273809523809523,-0.09451835061251268
25400,2025-03-29,2025-03,G1,Panetolikos,Levadeiakos,draw,away,0.3968168625429549,0.34010564811052413,0.05671121443243077,0.01647853672649388,0.06494731228609063,2.8,"[2.8,3.5)",2.78,2.84,2.87,False,-1.0,"G1|draw|[2.8,3.5)",2.84,-0.014084507042253502,-0.07011646395777649
25425,2025-03-29,2025-03,SP1,Alaves,Vallecano,draw,away,0.38456277676282985,0.3272086117297699,0.057354165033059956,0.013376084425410257,0.07644140777851671,2.9,"[2.8,3.5)",2.12,3.03,4.1,False,-1.0,"SP1|draw|[2.8,3.5)",3.03,-0.04290429042904287,-0.08467387594140574
25428,2025-03-29,2025-03,SP2,Almeria,Levante,draw,home,0.315883076118115,0.28733459357277885,0.02854848254533615,0.012079042054084357,-0.012636889291900322,3.25,"[2.8,3.5)",1.98,3.35,3.78,False,-1.0,"SP2|draw|[2.8,3.5)",3.35,-0.02985074626865669,-0.09171259577900259
25432,2025-03-29,2025-03,SP2,Ferrol,La Coruna,draw,away,0.3206142285732037,0.2930232558139535,0.02759097275925021,0.012079042054084357,-0.012687403138817999,3.2,"[2.8,3.5)",3.47,3.01,2.24,False,-1.0,"SP2|draw|[2.8,3.5)",3.01,0.06312292358803995,-0.0034831870319992353
25433,2025-03-29,2025-03,SP2,Eldense,Burgos,draw,draw,0.3995140126653531,0.32732613132872007,0.07218788133663301,0.012079042054084357,0.11581271536045401,2.88,"[2.8,3.5)",2.49,2.85,3.19,True,1.88,"SP2|draw|[2.8,3.5)",2.85,0.010526315789473717,-0.05200641495829039
25474,2025-03-30,2025-03,SP2,Huesca,Sp Gijon,draw,home,0.3993201765801358,0.32641800926947695,0.07290216731065885,0.012079042054084357,0.08427517667294393,2.8,"[2.8,3.5)",2.27,2.95,3.48,False,-1.0,"SP2|draw|[2.8,3.5)",2.95,-0.05084745762711873,-0.11033742121542445
25481,2025-03-31,2025-03,SP2,Cadiz,Eibar,draw,draw,0.3914809811486559,0.32941176470588235,0.06206921644277358,0.012079042054084357,0.04335533251007195,2.75,"[2.2,2.8)",2.3,2.87,3.56,True,1.75,"SP2|draw|[2.2,2.8)",2.87,-0.04181184668989546,-0.099543313258312
25538,2025-04-04,2025-04,I1,Genoa,Udinese,draw,home,0.3762529550839978,0.3308443879577409,0.045408567126256905,0.013187855494623481,0.04562748681739803,2.88,"[2.8,3.5)",2.39,2.94,3.46,False,-1.0,"I1|draw|[2.8,3.5)",2.94,-0.020408163265306145,-0.06488542664635388
25572,2025-04-05,2025-04,E1,Plymouth,Norwich,away,home,0.5585854080215409,0.5220012055455093,0.03658420247603156,0.010638568411814412,-0.013695688702492381,1.8,"[1.8,2.2)",4.31,3.75,1.79,False,-1.0,"E1|away|[1.8,2.2)",1.79,0.005586592178770999,-0.04895079748544451
25583,2025-04-05,2025-04,E2,Shrewsbury,Cambridge,draw,away,0.3524331344543259,0.3223039215686274,0.030129212885698475,0.010925389172326461,-0.009627538682201564,2.9,"[2.8,3.5)",2.47,3.08,2.97,False,-1.0,"E2|draw|[2.8,3.5)",3.08,-0.05844155844155852,-0.11693073375644936
25597,2025-04-05,2025-04,F1,Brest,Monaco,away,home,0.5339281481483109,0.49930651872399445,0.03462162942431646,0.01448431824575521,-0.013056723185144281,1.9,"[1.8,2.2)",4.36,3.8,1.8,False,-1.0,"F1|away|[1.8,2.2)",1.8,0.05555555555555558,0.007141028922446946
25673,2025-04-06,2025-04,SP2,Burgos,Huesca,draw,home,0.3839756628908284,0.3383947939262473,0.045580868964581134,0.01201772757297431,0.022884322124098855,2.75,"[2.2,2.8)",2.41,2.69,3.59,False,-1.0,"SP2|draw|[2.2,2.8)",2.69,0.02230483271375472,-0.040302477825418626
25816,2025-04-12,2025-04,SP2,Tenerife,Burgos,draw,draw,0.3827955742893039,0.33498004940148207,0.047815524887821814,0.01201772757297431,0.03817797080572283,2.8,"[2.8,3.5)",1.96,3.04,4.36,True,1.7999999999999998,"SP2|draw|[2.8,3.5)",3.04,-0.07894736842105265,-0.1380021903279729
25887,2025-04-18,2025-04,E1,Derby,Luton,draw,away,0.34912128322120534,0.32445923460898507,0.024662048612220266,0.010847242331940033,-0.01900528142113056,2.9,"[2.8,3.5)",2.49,2.92,3.22,False,-1.0,"E1|draw|[2.8,3.5)",2.92,-0.006849315068493178,-0.058295735288161565
25927,2025-04-18,2025-04,SP1,Espanol,Getafe,draw,home,0.3959642990822833,0.3584407825957087,0.03752351648657459,0.013429451616699834,0.006066648834484489,2.63,"[2.2,2.8)",2.8,2.64,3.19,False,-1.0,"SP1|draw|[2.2,2.8)",2.64,-0.0037878787878788955,-0.05069345661450941
25969,2025-04-19,2025-04,SP2,Burgos,Cadiz,draw,draw,0.3939442974779144,0.3395828944596587,0.05436140301825565,0.01201772757297431,0.0502980672385851,2.75,"[2.2,2.8)",2.58,2.76,3.12,True,1.75,"SP2|draw|[2.2,2.8)",2.76,-0.0036231884057970065,-0.06917953375719033
26019,2025-04-21,2025-04,E1,Hull,Preston,draw,home,0.3164372629117155,0.2874251497005988,0.029012113211116686,0.010847242331940033,-0.006832433115729675,3.25,"[2.8,3.5)",1.89,3.39,4.29,False,-1.0,"E1|draw|[2.8,3.5)",3.39,-0.041297935103244865,-0.09315668845045999
26042,2025-04-21,2025-04,E3,Gillingham,AFC Wimbledon,draw,home,0.3236451101604656,0.2930232558139535,0.0306218543465121,0.010919317824720994,0.0007225354743827239,3.2,"[2.8,3.5)",3.4,3.11,2.2,False,-1.0,"E3|draw|[2.8,3.5)",3.11,0.02893890675241173,-0.03856041131105403
26094,2025-04-25,2025-04,SP2,Cadiz,Sp Gijon,draw,home,0.3156642679241499,0.28915662650602414,0.026507641418125782,0.01201772757297431,-0.013148743858679257,3.25,"[2.8,3.5)",2.08,3.16,3.72,False,-1.0,"SP2|draw|[2.8,3.5)",3.16,0.028481012658227778,-0.035234178380700976
26235,2025-04-28,2025-04,I1,Udinese,Bologna,away,draw,0.5446147548894226,0.5155482815057284,0.02906647338369417,0.012934154008116622,-0.01639088836958391,1.85,"[1.8,2.2)",5.12,3.44,1.77,False,-1.0,"I1|away|[1.8,2.2)",1.77,0.04519774011299438,-0.0055036015138566485
26236,2025-04-28,2025-04,I1,Verona,Cagliari,draw,away,0.391500816783933,0.34653465346534656,0.04496616331858644,0.013187855494623481,0.040360643545601205,2.75,"[2.2,2.8)",2.4,2.72,3.68,False,-1.0,"I1|draw|[2.2,2.8)",2.72,0.011029411764705843,-0.04263370332996985
26269,2025-05-02,2025-05,I1,Torino,Venezia,draw,draw,0.35772553613171226,0.32914725541827017,0.028578280713442095,0.01318733183763618,-0.007729971633060884,2.88,"[2.8,3.5)",2.54,3.01,3.09,True,1.88,"I1|draw|[2.8,3.5)",3.01,-0.04318936877076407,-0.08836220351765889
26272,2025-05-02,2025-05,SP2,Cordoba,Cadiz,draw,home,0.3100934702911617,0.2838847385272145,0.02620873176394717,0.012186653665887294,-0.01690750513659456,3.3,"[2.8,3.5)",1.89,3.4,4.04,False,-1.0,"SP2|draw|[2.8,3.5)",3.4,-0.02941176470588236,-0.09353757158891429
26320,2025-05-03,2025-05,E3,Crewe,Walsall,away,away,0.5561220048626985,0.5263157894736842,0.02980621538901429,0.010713081758193858,-0.018263938411891667,1.8,"[1.8,2.2)",5.84,4.23,1.5,True,0.8,"E3|away|[1.8,2.2)",1.5,0.19999999999999996,0.11700001507227165
26322,2025-05-03,2025-05,E3,Morecambe,Harrogate,away,away,0.3966598281861475,0.3692307692307692,0.027429058955378283,0.010713081758193858,-0.015835796608718367,2.55,"[2.2,2.8)",2.72,3.51,2.4,True,1.5499999999999998,"E3|away|[2.2,2.8)",2.4,0.0625,-0.006279388714733658
26353,2025-05-03,2025-05,SP2,Huesca,Oviedo,draw,away,0.3915780658223235,0.33304976605699704,0.058528299765326475,0.012186653665887294,0.06229595403802146,2.8,"[2.8,3.5)",2.79,2.73,2.92,False,-1.0,"SP2|draw|[2.8,3.5)",2.73,0.02564102564102555,-0.03893221431550753
26394,2025-05-04,2025-05,I2,Frosinone,Cittadella,draw,draw,0.3761293989077945,0.3416058394160584,0.03452355949173613,0.013251608409383085,-0.002086076129368619,2.75,"[2.2,2.8)",1.83,3.14,4.89,True,1.75,"I2|draw|[2.2,2.8)",3.14,-0.12420382165605104,-0.18105376129386508
26410,2025-05-04,2025-05,SP1,Sociedad,Ath Bilbao,draw,draw,0.3427791169136188,0.31481481481481477,0.027964302098804017,0.013394161877790257,-0.011845134892514375,3.0,"[2.8,3.5)",2.55,2.89,3.21,True,2.0,"SP1|draw|[2.8,3.5)",2.89,0.03806228373702414,-0.011090573012939031
26413,2025-05-05,2025-05,I1,Genoa,Milan,away,away,0.5580563806035475,0.5360683239286259,0.02198805667492154,0.012928925999119847,-0.018770581712030388,1.8,"[1.8,2.2)",4.71,3.77,1.76,True,0.8,"I1|away|[1.8,2.2)",1.76,0.022727272727272707,-0.02201367746278471
26422,2025-05-09,2025-05,I2,Mantova,Carrarese,draw,home,0.3410885808149564,0.31469298245614036,0.026395598358816053,0.013251608409383085,-0.016489082783280096,3.0,"[2.8,3.5)",2.04,3.13,3.88,False,-1.0,"I2|draw|[2.8,3.5)",3.13,-0.04153354632587858,-0.10206921587608897
26431,2025-05-09,2025-05,I2,Juve Stabia,Reggiana,draw,away,0.3771335250029855,0.3466860888565185,0.030447436146467,0.013251608409383085,-0.017518825197273435,2.7,"[2.2,2.8)",2.36,2.71,3.64,False,-1.0,"I2|draw|[2.2,2.8)",2.71,-0.0036900369003689537,-0.06665164343431096
26525,2025-05-11,2025-05,E0,Tottenham,Crystal Palace,away,away,0.4057648856090713,0.37806972008145995,0.027695165527611365,0.012939365182087544,-0.017936198932540615,2.5,"[2.2,2.8)",3.05,3.64,2.27,True,1.5,"E0|away|[2.2,2.8)",2.27,0.1013215859030836,0.05579288124374715
26592,2025-05-15,2025-05,SP1,Getafe,Ath Bilbao,draw,away,0.3715703659128148,0.3442337975744933,0.027336568338321487,0.013394161877790257,-0.01501543890368251,2.75,"[2.2,2.8)",3.21,2.56,2.88,False,-1.0,"SP1|draw|[2.2,2.8)",2.56,0.07421875,0.023676072671047654
26661,2025-05-18,2025-05,I1,Cagliari,Venezia,draw,home,0.34354556050191865,0.3170731707317074,0.02647238977021127,0.01318733183763618,-0.008925314007152685,3.0,"[2.8,3.5)",2.82,2.93,2.83,False,-1.0,"I1|draw|[2.8,3.5)",2.93,0.023890784982935065,-0.024181682569054175
26753,2025-05-25,2025-05,SP2,Tenerife,Oviedo,away,away,0.5482917944835018,0.511163143488441,0.0371286509950608,0.011947856121545966,-0.018490592797620664,1.83,"[1.8,2.2)",3.25,2.86,2.42,True,0.8300000000000001,"SP2|away|[1.8,2.2)",2.42,-0.24380165289256195,-0.293646080760095
26840,2025-08-08,2025-08,E1,Birmingham,Ipswich,away,draw,0.35275398954146553,0.3239263803680982,0.028827609173367352,0.011701450198231203,-0.010947635904620556,2.9,"[2.8,3.5)",2.54,3.24,2.79,False,-1.0,"E1|away|[2.8,3.5)",2.79,0.03942652329749108,-0.020116768901042192
26850,2025-08-09,2025-08,E1,Charlton,Watford,away,home,0.3536139373736543,0.3280584297017651,0.025555507671889244,0.011701450198231203,-0.015292036934781539,2.88,"[2.8,3.5)",2.27,3.26,3.2,False,-1.0,"E1|away|[2.8,3.5)",3.2,-0.10000000000000009,-0.1507648169842446
26860,2025-08-09,2025-08,E2,Peterboro,Luton,away,away,0.5574038733186685,0.5095541401273885,0.04784973319127994,0.011670818077100995,0.009606152196899753,1.85,"[1.8,2.2)",4.54,3.99,1.67,True,0.8500000000000001,"E2|away|[1.8,2.2)",1.67,0.10778443113772473,0.03560941541485252
26929,2025-08-15,2025-08,F1,Rennes,Marseille,away,home,0.49537904401418603,0.46400294605045117,0.03137609796373486,0.015371375159258587,-0.015984278847398836,2.05,"[1.8,2.2)",3.8,3.58,1.93,False,-1.0,"F1|away|[1.8,2.2)",1.93,0.06217616580310881,0.0014651278036730275
26995,2025-08-16,2025-08,SP1,Valencia,Sociedad,draw,draw,0.3642286240677968,0.3277755185034567,0.036453105564340116,0.014049244443135727,0.015520200911517179,2.9,"[2.8,3.5)",2.43,3.0,3.18,True,1.9,"SP1|draw|[2.8,3.5)",3.0,-0.033333333333333326,-0.0874660998314154
27007,2025-08-17,2025-08,B1,Dender,Anderlecht,away,away,0.5197580865267752,0.49015164720237064,0.0296064393244046,0.01521688505578387,-0.016144657131566875,1.95,"[1.8,2.2)",3.18,3.48,2.13,True,0.95,"B1|away|[1.8,2.2)",2.13,-0.08450704225352113,-0.14544158528761852
27017,2025-08-17,2025-08,N1,Go Ahead Eagles,Ajax,away,draw,0.5627117136277302,0.5261599210266535,0.03655179260107666,0.015371375159258587,-0.014787390756751062,1.8,"[1.8,2.2)",3.72,3.95,1.85,False,-1.0,"N1|away|[1.8,2.2)",1.85,-0.027027027027027084,-0.08427995222185669
27045,2025-08-19,2025-08,E2,AFC Wimbledon,Cardiff,away,away,0.4954099907884721,0.4436536180308422,0.0517563727576299,0.011670818077100995,0.015852262693879293,2.1,"[1.8,2.2)",3.49,3.25,2.09,True,1.1,"E2|away|[1.8,2.2)",2.09,0.004784688995215447,-0.06330739192499912
27064,2025-08-19,2025-08,E3,Crawley Town,Milton Keynes Dons,away,draw,0.5573814688796489,0.5093833780160857,0.047998090863563214,0.011663197561709894,-0.0013355634881715428,1.83,"[1.8,2.2)",4.27,3.74,1.75,False,-1.0,"E3|away|[1.8,2.2)",1.75,0.04571428571428582,-0.025429631877494696
27078,2025-08-22,2025-08,I2,Pescara,Cesena,away,away,0.48281981327428053,0.44651162790697674,0.03630818536730379,0.013891052000026808,-0.015249601324067164,2.1,"[1.8,2.2)",3.19,2.99,2.29,True,1.1,"I2|away|[1.8,2.2)",2.29,-0.08296943231441045,-0.15450585260634098
27107,2025-08-23,2025-08,E1,Charlton,Leicester,away,away,0.4739847931391815,0.4285714285714286,0.04541336456775291,0.011701450198231203,0.017023354470090846,2.2,"[2.2,2.8)",2.92,3.2,2.47,True,1.2000000000000002,"E1|away|[2.2,2.8)",2.47,-0.10931174089068829,-0.15958855946754735
27108,2025-08-23,2025-08,E2,Luton,Cardiff,draw,away,0.30896352528817134,0.2823349866463182,0.02662853864185316,0.01181465063461808,-0.019408713643274234,3.3,"[2.8,3.5)",2.06,3.38,3.49,False,-1.0,"E2|draw|[2.8,3.5)",3.38,-0.023668639053254448,-0.08568466649196105
27111,2025-08-23,2025-08,E1,Swansea,Watford,draw,draw,0.3089345483497786,0.2823349866463182,0.02659956170346045,0.011845660269671923,-0.01960666933564792,3.3,"[2.8,3.5)",1.8,3.52,4.57,True,2.3,"E1|draw|[2.8,3.5)",3.52,-0.0625,-0.11428329048172192
27126,2025-08-23,2025-08,E1,Preston,Ipswich,away,home,0.4994547369684909,0.4636078864934587,0.03584685047503222,0.011701450198231203,-0.00010576212096768955,2.05,"[1.8,2.2)",3.38,3.32,2.16,False,-1.0,"E1|away|[1.8,2.2)",2.16,-0.05092592592592604,-0.10466886695519517
27166,2025-08-23,2025-08,SP2,Ceuta,Sp Gijon,draw,away,0.3680350176459603,0.3281622911694511,0.03987272647650919,0.012719780989504416,0.023307881570592937,2.88,"[2.8,3.5)",2.61,2.9,2.8,False,-1.0,"SP2|draw|[2.8,3.5)",2.9,-0.006896551724137945,-0.08479192938209323
27175,2025-08-24,2025-08,D1,M'gladbach,Hamburg,home,draw,0.5501382911597387,0.513157894736842,0.03698039642289663,0.01649652359743523,-0.012762730009738599,1.85,"[1.8,2.2)",1.89,3.87,3.65,False,-1.0,"D1|home|[1.8,2.2)",1.89,-0.021164021164021052,-0.07784958871915382
27184,2025-08-24,2025-08,F1,Le Havre,Lens,away,away,0.5179798295595975,0.4850444624090542,0.03293536715054335,0.015371375159258587,-0.019913513919339043,1.95,"[1.8,2.2)",4.21,3.66,1.81,True,0.95,"F1|away|[1.8,2.2)",1.81,0.07734806629834257,0.013269012217864473
27238,2025-08-29,2025-08,P1,Gil Vicente,Moreirense,draw,home,0.37327461708218823,0.33161339038509946,0.04166122669708877,0.015560813824749286,0.0087529251859777,2.82,"[2.8,3.5)",2.49,2.78,3.19,False,-1.0,"P1|draw|[2.8,3.5)",2.78,0.014388489208633004,-0.05620570080266285
27260,2025-08-30,2025-08,E0,Leeds,Newcastle,away,draw,0.4932984805215182,0.45092838196286467,0.042370098558653535,0.013839887730414658,0.006863044861317391,2.1,"[1.8,2.2)",3.67,3.36,2.06,False,-1.0,"E0|away|[1.8,2.2)",2.06,0.01941747572815533,-0.03421773020549734
27330,2025-08-30,2025-08,SP1,Alaves,Ath Madrid,away,draw,0.5592447050355284,0.5281969817315331,0.0310477233039953,0.013878207751325481,-0.018340304888434855,1.8,"[1.8,2.2)",5.39,3.51,1.7,False,-1.0,"SP1|away|[1.8,2.2)",1.7,0.05882352941176472,0.00015037196502687422
27331,2025-08-30,2025-08,SP1,Oviedo,Sociedad,away,home,0.45090041785119156,0.42217898832684825,0.02872142952434331,0.013878207751325481,-0.016700027275301288,2.25,"[2.2,2.8)",3.38,3.12,2.26,False,-1.0,"SP1|away|[2.2,2.8)",2.26,-0.004424778761061843,-0.05975685143210374
27355,2025-08-31,2025-08,I1,Genoa,Juventus,away,away,0.5547372733570249,0.511449105799766,0.04328816755725895,0.013839887730414658,0.000660163409229142,1.85,"[1.8,2.2)",4.99,3.18,1.84,True,0.8500000000000001,"I1|away|[1.8,2.2)",1.84,0.005434782608695565,-0.04999288048930439
27416,2025-09-06,2025-09,E3,Newport County,Bristol Rvs,away,away,0.5564038085704083,0.5033557046979865,0.05304810387242176,0.011643358092197745,-0.00853598012965684,1.82,"[1.8,2.2)",3.6,3.61,1.93,True,0.8200000000000001,"E3|away|[1.8,2.2)",1.93,-0.05699481865284972,-0.12108593787739708
27443,2025-09-12,2025-09,SP1,Sevilla,Elche,home,draw,0.5508358796210079,0.511449105799766,0.039386773821241894,0.015035221732580931,-0.008768782906410144,1.85,"[1.8,2.2)",1.89,3.33,4.41,False,-1.0,"SP1|home|[1.8,2.2)",1.89,-0.021164021164021052,-0.0732108317214698
27492,2025-09-13,2025-09,E3,Bristol Rvs,Barrow,home,home,0.5651751118392913,0.517135234968192,0.04803987687109923,0.012505540974009298,0.0003319232661604943,1.81,"[1.8,2.2)",1.82,3.52,4.24,True,0.81,"E3|home|[1.8,2.2)",1.82,-0.005494505494505475,-0.07002588818507305
27493,2025-09-13,2025-09,E1,Oxford,Leicester,away,draw,0.5727302552429882,0.5133219261794182,0.059408329063569965,0.011829415543378831,0.015230519856292979,1.81,"[1.8,2.2)",3.8,3.45,1.97,False,-1.0,"E1|away|[1.8,2.2)",1.97,-0.08121827411167504,-0.13373733686227995
27533,2025-09-13,2025-09,SP1,Ath Madrid,Villarreal,home,home,0.5626379772326449,0.5257095980311731,0.03692837920147174,0.015035221732580931,-0.014315040099885046,1.8,"[1.8,2.2)",1.77,3.68,4.51,True,0.8,"SP1|home|[1.8,2.2)",1.77,0.016949152542372836,-0.039200337052271994
27572,2025-09-14,2025-09,I1,Sassuolo,Lazio,away,home,0.49256405209327603,0.46400294605045117,0.028561106042824858,0.014159233784745439,-0.019270122467512363,2.05,"[1.8,2.2)",4.06,3.49,1.9,False,-1.0,"I1|away|[1.8,2.2)",1.9,0.07894736842105265,0.018687750750497667
27640,2025-09-20,2025-09,E0,Burnley,Nott'm Forest,away,draw,0.47234470513592114,0.43220338983050843,0.040141315305412706,0.01399863236559441,0.008361360094718995,2.2,"[2.2,2.8)",3.41,3.31,2.18,False,-1.0,"E0|away|[2.2,2.8)",2.18,0.00917431192660545,-0.042606808113599515
27686,2025-09-20,2025-09,I1,Udinese,Milan,away,away,0.5556657379316806,0.517875474669351,0.03779026326232959,0.014159233784745439,-0.009043097411108647,1.83,"[1.8,2.2)",5.12,3.92,1.64,True,0.8300000000000001,"I1|away|[1.8,2.2)",1.64,0.11585365853658547,0.05252269601100412
27691,2025-09-20,2025-09,E3,Harrogate,Shrewsbury,away,home,0.40395725676798605,0.3684210526315789,0.035536204136407123,0.011643358092197745,-0.0192152533105292,2.5,"[2.2,2.8)",2.78,3.4,2.38,False,-1.0,"E3|away|[2.2,2.8)",2.38,0.050420168067226934,-0.021953278919223385
27698,2025-09-20,2025-09,N1,For Sittard,Utrecht,away,home,0.5182708555060949,0.4866595517609392,0.03161130374515564,0.015410231544276032,-0.019421783274453208,1.95,"[1.8,2.2)",3.24,3.46,2.16,False,-1.0,"N1|away|[1.8,2.2)",2.16,-0.09722222222222232,-0.14882253994953742
27699,2025-09-20,2025-09,N1,Groningen,Telstar,home,home,0.5615961643401555,0.5263157894736842,0.03528037486647129,0.016551348886628535,-0.018919332183651605,1.8,"[1.8,2.2)",1.54,4.11,5.86,True,0.8,"N1|home|[1.8,2.2)",1.54,0.16883116883116878,0.09924033429348045
27796,2025-09-25,2025-09,SP1,Osasuna,Elche,draw,draw,0.31619190864336627,0.29263347600810996,0.02355843263525631,0.014150655588044226,-0.01836592757020339,3.25,"[2.8,3.5)",1.9,3.19,4.6,True,2.25,"SP1|draw|[2.8,3.5)",3.19,0.018808777429467183,-0.03630195080576748
27814,2025-09-26,2025-09,F1,Strasbourg,Marseille,away,away,0.5140052245206735,0.47368421052631576,0.04032101399435778,0.015534581250015495,-0.003058713458683915,2.0,"[1.8,2.2)",3.19,3.54,2.15,True,1.0,"F1|away|[1.8,2.2)",2.15,-0.06976744186046513,-0.1233168103531933
28014,2025-10-04,2025-10,D1,Werder Bremen,St Pauli,away,home,0.357093223027765,0.33289942187679467,0.024193801150970362,0.0159304608298464,-0.017451244869994387,2.88,"[2.8,3.5)",2.31,3.51,2.9,False,-1.0,"D1|away|[2.8,3.5)",2.9,-0.006896551724137945,-0.06542725755520074
28117,2025-10-05,2025-10,E0,Wolves,Brighton,away,draw,0.5166806072888506,0.47707736389684813,0.03960324339200244,0.014119626283954233,0.005121962009792647,2.0,"[1.8,2.2)",3.46,3.53,2.08,False,-1.0,"E0|away|[1.8,2.2)",2.08,-0.03846153846153855,-0.08692109296153705
28253,2025-10-18,2025-10,E0,Nott'm Forest,Chelsea,away,away,0.5202773839891318,0.49015164720237064,0.03012573678676117,0.014119626283954233,-0.012992372474903813,1.95,"[1.8,2.2)",3.07,3.43,2.27,True,0.95,"E0|away|[1.8,2.2)",2.27,-0.1409691629955947,-0.1879132374402317
28268,2025-10-18,2025-10,I1,Pisa,Verona,away,draw,0.35652510198971615,0.3254425689584191,0.031082533031297044,0.014269332530851586,-0.007458268569292881,2.9,"[2.8,3.5)",2.68,2.88,2.94,False,-1.0,"I1|away|[2.8,3.5)",2.94,-0.013605442176870763,-0.06987134736212242
28312,2025-10-19,2025-10,F1,Nantes,Lille,away,away,0.5714111109608845,0.5263157894736842,0.0450953214872003,0.01576007667086224,0.00017186172204008976,1.8,"[1.8,2.2)",5.31,3.88,1.62,True,0.8,"F1|away|[1.8,2.2)",1.62,0.11111111111111116,0.04492569863569518
28330,2025-10-19,2025-10,N1,Groningen,Sparta Rotterdam,home,away,0.5524386492943877,0.5198277142432793,0.03261093505110835,0.016701227838855498,-0.019600518736376138,1.83,"[1.8,2.2)",1.74,3.77,4.41,False,-1.0,"N1|home|[1.8,2.2)",1.74,0.051724137931034475,-0.014059768818720175
28489,2025-10-26,2025-10,E0,Aston Villa,Man City,away,home,0.566659755549498,0.5292717447246527,0.03738801082484533,0.014119626283954233,-0.005427767322021215,1.8,"[1.8,2.2)",4.16,3.77,1.82,False,-1.0,"E0|away|[1.8,2.2)",1.82,-0.01098901098901095,-0.0626262626262627
28522,2025-10-26,2025-10,I1,Sassuolo,Roma,away,away,0.5527029397009533,0.5155482815057284,0.0371546581952249,0.014269332530851586,-0.0038978267353118046,1.85,"[1.8,2.2)",4.31,3.35,1.9,True,0.8500000000000001,"I1|away|[1.8,2.2)",1.9,-0.02631578947368407,-0.07868500474260576
28589,2025-10-31,2025-10,D2,Elversberg,Hannover,away,draw,0.3559022331614315,0.32808398950131235,0.027818243660119146,0.01559504514231366,-0.01991529850494056,2.88,"[2.8,3.5)",2.28,3.67,2.71,False,-1.0,"D2|away|[2.8,3.5)",2.71,0.0627306273062731,-0.016062812090429035
28632,2025-11-01,2025-11,E1,QPR,Ipswich,away,away,0.5018495867529161,0.4654255319148936,0.036424054838022524,0.012161157630406778,-0.01572625746375622,2.01,"[1.8,2.2)",3.35,3.48,2.1,True,1.0099999999999998,"E1|away|[1.8,2.2)",2.1,-0.04285714285714304,-0.09878158532364145
28788,2025-11-08,2025-11,E1,Swansea,Ipswich,away,away,0.5003329670430923,0.4654255319148936,0.03490743512819866,0.012161157630406778,-0.01877466308050224,2.01,"[1.8,2.2)",3.51,3.28,2.12,True,1.0099999999999998,"E1|away|[1.8,2.2)",2.12,-0.051886792452830344,-0.10679769642884718
28947,2025-11-21,2025-11,F1,Nice,Marseille,away,away,0.5333129200376056,0.49702656040180676,0.03628635963579879,0.01573335575769329,-0.011423032225367669,1.91,"[1.8,2.2)",3.65,3.62,1.95,True,0.9099999999999999,"F1|away|[1.8,2.2)",1.95,-0.02051282051282055,-0.07859471695357712
28957,2025-11-22,2025-11,E0,Wolves,Crystal Palace,away,away,0.5204415881214656,0.4866595517609392,0.033782036360526346,0.014413726542848344,-0.013245669921696401,1.95,"[1.8,2.2)",4.43,3.65,1.81,True,0.95,"E0|away|[1.8,2.2)",1.81,0.07734806629834257,0.02390783359258042
28991,2025-11-22,2025-11,E2,Northampton,Cardiff,away,away,0.5091593740409818,0.4617951802553456,0.047364193785636166,0.012101481067388177,-0.0009136351230769613,2.01,"[1.8,2.2)",3.51,3.5,2.0,True,1.0099999999999998,"E2|away|[1.8,2.2)",2.0,0.004999999999999893,-0.06128682759931592
28993,2025-11-22,2025-11,E0,Newcastle,Man City,away,home,0.5204415881214656,0.4866595517609392,0.033782036360526346,0.014413726542848344,-0.013245669921696401,1.95,"[1.8,2.2)",3.67,3.7,1.95,False,-1.0,"E0|away|[1.8,2.2)",1.95,0.0,-0.05264485429598753
29015,2025-11-22,2025-11,I1,Napoli,Atalanta,draw,home,0.31781287799320174,0.2940893801057184,0.023723497887483347,0.01445418525571442,-0.01408424860316615,3.25,"[2.8,3.5)",2.31,3.08,3.29,False,-1.0,"I1|draw|[2.8,3.5)",3.08,0.05519480519480524,-0.005965292841648595
29127,2025-11-28,2025-11,I2,Cesena,Modena,draw,home,0.3625188102170712,0.3300825206301575,0.03243628958691369,0.014482554635817041,-0.018537759260863318,2.82,"[2.8,3.5)",3.01,2.87,2.46,False,-1.0,"I2|draw|[2.8,3.5)",2.87,-0.017421602787456525,-0.09619875776397524
29128,2025-11-28,2025-11,SP1,Getafe,Elche,draw,home,0.35792666994024,0.32917532917532916,0.02875134076491087,0.014179365786348317,-0.010007764036791933,2.88,"[2.8,3.5)",2.24,2.89,3.74,False,-1.0,"SP1|draw|[2.8,3.5)",2.89,-0.0034602076124568004,-0.05971644361998152
29271,2025-11-30,2025-11,I1,Roma,Napoli,draw,away,0.35776253860159435,0.32930217355777086,0.028460365043823488,0.01445418525571442,-0.01127194236386575,2.88,"[2.8,3.5)",2.72,2.75,3.03,False,-1.0,"I1|draw|[2.8,3.5)",2.75,0.04727272727272713,-0.013232338769689878
29430,2025-12-08,2025-12,I1,Torino,Milan,away,away,0.5739285364191601,0.5263157894736842,0.0476127469454759,0.014345657029208193,0.0072491829019134535,1.8,"[1.8,2.2)",5.47,3.71,1.64,True,0.8,"I1|away|[1.8,2.2)",1.64,0.09756097560975618,0.03337473018962411
29490,2025-12-12,2025-12,I1,Lecce,Pisa,draw,home,0.356476560547658,0.3306083193075258,0.02586824124013215,0.014472826171971794,-0.015029244998023938,2.88,"[2.8,3.5)",2.46,2.81,3.32,False,-1.0,"I1|draw|[2.8,3.5)",2.81,0.02491103202846978,-0.036358064648285615
29540,2025-12-13,2025-12,D2,Karlsruhe,Paderborn,away,away,0.4943423323276159,0.46400294605045117,0.030339386277164704,0.015587040301504389,-0.01855165134647152,2.05,"[1.8,2.2)",3.32,3.56,2.01,True,1.0499999999999998,"D2|away|[1.8,2.2)",2.01,0.01990049751243772,-0.05531191515907685
29568,2025-12-13,2025-12,N1,Zwolle,For Sittard,away,home,0.35617377018006746,0.33052039381153303,0.02565337636853443,0.015605112238358549,-0.01916226512787833,2.88,"[2.8,3.5)",2.48,3.48,2.65,False,-1.0,"N1|away|[2.8,3.5)",2.65,0.08679245283018866,0.01765251142300328
29587,2025-12-13,2025-12,SP1,Getafe,Espanol,draw,away,0.36453676798523876,0.33539731682146545,0.02913945116377331,0.01434679045267818,-0.019468062908830408,2.8,"[2.8,3.5)",2.6,2.77,3.18,False,-1.0,"SP1|draw|[2.8,3.5)",2.77,0.010830324909747224,-0.046468906773866614
29603,2025-12-14,2025-12,F1,Auxerre,Lille,away,away,0.5716241220100343,0.5263157894736842,0.04530833253635014,0.015587040301504389,0.0008667470753538353,1.8,"[1.8,2.2)",4.16,3.34,1.92,True,0.8,"F1|away|[1.8,2.2)",1.92,-0.06249999999999989,-0.11608233431350368
29937,2026-01-01,2026-01,E1,Blackburn,Wrexham,draw,away,0.2916755962505818,0.26973684210526316,0.02193875414531865,0.011312698061810072,-0.01872985633929891,3.5,"[3.5,4.0)",1.99,3.29,3.88,False,-1.0,"E1|draw|[3.5,4.0)",3.29,0.06382978723404253,-0.00034401760778279833
30303,2026-01-18,2026-01,I1,Parma,Genoa,draw,draw,0.5502302705466218,0.3663929248262792,0.18383734572034255,0.014014960685890775,0.3673490401448638,2.55,"[2.2,2.8)",2.84,2.73,2.9,True,1.5499999999999998,"I1|draw|[2.2,2.8)",2.73,-0.06593406593406603,-0.12149149592992636
30317,2026-01-18,2026-01,SP1,Getafe,Valencia,draw,away,0.3730995636037973,0.3463497453310696,0.02674981827272771,0.013951227019183405,-0.01234207439231172,2.75,"[2.2,2.8)",2.47,2.73,3.44,False,-1.0,"SP1|draw|[2.2,2.8)",2.73,0.0073260073260073,-0.051353776323428524
30332,2026-01-19,2026-01,I1,Cremonese,Verona,draw,draw,0.35485959786685245,0.3291481631005248,0.025711434766327645,0.014014960685890775,-0.01155055217521106,2.9,"[2.8,3.5)",2.4,3.01,3.18,True,1.9,"I1|draw|[2.8,3.5)",3.01,-0.03654485049833878,-0.09395033527374541
30333,2026-01-19,2026-01,I1,Lazio,Como,draw,away,0.35478428204343343,0.32886723507917176,0.02591704696426167,0.014014960685890775,-0.011768968063126217,2.9,"[2.8,3.5)",3.11,2.85,2.56,False,-1.0,"I1|draw|[2.8,3.5)",2.85,0.01754385964912264,-0.042803188909295464
30362,2026-01-23,2026-01,E1,Derby,West Brom,away,draw,0.36917623276790024,0.33720806228004696,0.031968170487853276,0.01118518392125304,-0.015524615671720254,2.75,"[2.2,2.8)",2.62,3.17,2.72,False,-1.0,"E1|away|[2.2,2.8)",2.72,0.011029411764705843,-0.050483907176293474
30912,2026-02-11,2026-02,E1,Charlton,Stoke,away,home,0.37473223473351747,0.34228389757690325,0.032448337156614215,0.010761093023731544,-0.017277917383577868,2.7,"[2.2,2.8)",2.75,3.0,2.73,False,-1.0,"E1|away|[2.2,2.8)",2.73,-0.01098901098901095,-0.06984027560288109
31222,2026-02-22,2026-02,D1,St Pauli,Werder Bremen,away,home,0.371486561185612,0.3463687150837989,0.025117846101813113,0.01474641540612014,-0.018964599106397362,2.75,"[2.2,2.8)",2.65,3.11,2.73,False,-1.0,"D1|away|[2.2,2.8)",2.73,0.0073260073260073,-0.05433358507571062
31316,2026-02-27,2026-02,SP1,Levante,Alaves,away,home,0.3673004235587011,0.3369425961896103,0.030357827369090762,0.013297402256388929,-0.008791540353526028,2.8,"[2.8,3.5)",2.69,3.05,2.77,False,-1.0,"SP1|away|[2.8,3.5)",2.77,0.010830324909747224,-0.04695012923005448
31381,2026-02-28,2026-02,I2,Avellino,Juve Stabia,draw,draw,0.5591680199034212,0.375,0.18416801990342124,0.013391581591335685,0.3644410957802138,2.5,"[2.2,2.8)",2.74,2.79,2.73,True,1.5,"I2|draw|[2.2,2.8)",2.79,-0.10394265232974909,-0.17769276432952974
31591,2026-03-07,2026-03,SP2,Huesca,Albacete,draw,draw,0.36958478362606545,0.337909186906019,0.03167559672004644,0.01205322364121481,-0.016788210041660756,2.75,"[2.2,2.8)",2.48,2.9,2.92,True,1.75,"SP2|draw|[2.2,2.8)",2.9,-0.051724137931034475,-0.13043630139378903
31621,2026-03-08,2026-03,I1,Milan,Inter,draw,home,0.3430153360189699,0.3157894736842105,0.027225862334759376,0.013162631443451166,-0.010441886273443779,3.0,"[2.8,3.5)",3.12,3.12,2.37,False,-1.0,"I1|draw|[2.8,3.5)",3.12,-0.03846153846153855,-0.09541984732824427
31768,2026-03-14,2026-03,I2,Sampdoria,Venezia,draw,draw,0.33214409389736155,0.301939155483735,0.030204938413626536,0.013226996773222427,-0.011356998915168726,3.1,"[2.8,3.5)",4.26,3.28,1.83,True,2.1,"I2|draw|[2.8,3.5)",3.28,-0.05487804878048774,-0.1297763854380467
31846,2026-03-16,2026-03,I1,Cremonese,Fiorentina,away,away,0.5272528250438707,0.4949762030671602,0.032276621976710496,0.013027060315683871,-0.01782878936916321,1.91,"[1.8,2.2)",4.18,3.36,1.89,True,0.9099999999999999,"I1|away|[1.8,2.2)",1.89,0.010582010582010692,-0.051945970016327836
32194,2026-04-05,2026-04,F1,Angers,Lyon,away,draw,0.5710208307095057,0.5263157894736842,0.04470504123582153,0.014595298520957216,0.001565957939387408,1.8,"[1.8,2.2)",5.4,4.01,1.59,False,-1.0,"F1|away|[1.8,2.2)",1.59,0.13207547169811318,0.0644883779997214
32408,2026-04-12,2026-04,E0,Sunderland,Tottenham,away,home,0.3767050725947238,0.3516483516483516,0.02505672094637218,0.012934544338350373,-0.017819573707791747,2.7,"[2.2,2.8)",2.75,3.31,2.53,False,-1.0,"E0|away|[2.2,2.8)",2.53,0.06719367588932812,0.0058299194165580825
32573,2026-04-19,2026-04,E0,Man City,Arsenal,home,home,0.551202231143399,0.5180518051805181,0.03315042596288087,0.013896099320288702,-0.01672977876370818,1.83,"[1.8,2.2)",1.84,3.59,4.22,True,0.8300000000000001,"E0|home|[1.8,2.2)",1.84,-0.005434782608695676,-0.06084193196523069
32828,2026-05-01,2026-05,I1,Pisa,Lecce,away,away,0.44277197710754773,0.41257367387033406,0.030198303237213675,0.013010377120196728,-0.011548320029092674,2.3,"[2.2,2.8)",3.32,2.91,2.37,True,1.2999999999999998,"I1|away|[2.2,2.8)",2.37,-0.029535864978903037,-0.09029365888407193
33305,2026-05-24,2026-05,E0,Fulham,Newcastle,away,home,0.4508778915637167,0.4213444213444213,0.02953347021929542,0.012927375461988052,-0.014611338771110538,2.25,"[2.2,2.8)",2.54,3.63,2.53,False,-1.0,"E0|away|[2.2,2.8)",2.53,-0.1106719367588932,-0.16451069862224776
33310,2026-05-24,2026-05,I1,Parma,Sassuolo,away,home,0.3878123884118626,0.3639535344725053,0.023858853939357327,0.013010377120196728,-0.01427071030291871,2.63,"[2.2,2.8)",3.04,3.31,2.25,False,-1.0,"I1|away|[2.2,2.8)",2.25,0.16888888888888887,0.0868263114016894
