config_id,key_columns,lookback_months,min_samples,min_roi,min_edge,min_conservative_edge,cold_start,bets,profit,roi_pct,max_drawdown,positive_months,negative_months,window_count,passed_windows,active_window_count,active_passed_windows,active_pass_rate
rule_label_market_prob_bucket_lb3_n40_roineg0p02_edgeneg0p01_cedge0p0_enabled,rule_label|market_prob_bucket,3,40,-0.02,-0.01,0.0,enabled,253,240.82,9.63,209.3,13,9,6,1,5,1,0.2
rule_label_market_prob_bucket_lb3_n40_roineg0p02_edge0p0_cedge0p0_enabled,rule_label|market_prob_bucket,3,40,-0.02,0.0,0.0,enabled,253,240.82,9.63,209.3,13,9,6,1,5,1,0.2
rule_label_market_prob_bucket_lb3_n40_roineg0p02_edge0p01_cedge0p0_enabled,rule_label|market_prob_bucket,3,40,-0.02,0.01,0.0,enabled,253,240.82,9.63,209.3,13,9,6,1,5,1,0.2
rule_label_market_prob_bucket_lb3_n40_roi0p0_edgeneg0p01_cedge0p0_enabled,rule_label|market_prob_bucket,3,40,0.0,-0.01,0.0,enabled,253,240.82,9.63,209.3,13,9,6,1,5,1,0.2
rule_label_market_prob_bucket_lb3_n40_roi0p0_edge0p0_cedge0p0_enabled,rule_label|market_prob_bucket,3,40,0.0,0.0,0.0,enabled,253,240.82,9.63,209.3,13,9,6,1,5,1,0.2
rule_label_market_prob_bucket_lb3_n40_roi0p0_edge0p01_cedge0p0_enabled,rule_label|market_prob_bucket,3,40,0.0,0.01,0.0,enabled,253,240.82,9.63,209.3,13,9,6,1,5,1,0.2
rule_label_market_prob_bucket_lb3_n40_roi0p02_edgeneg0p01_cedge0p0_enabled,rule_label|market_prob_bucket,3,40,0.02,-0.01,0.0,enabled,253,240.82,9.63,209.3,13,9,6,1,5,1,0.2
rule_label_market_prob_bucket_lb3_n40_roi0p02_edge0p0_cedge0p0_enabled,rule_label|market_prob_bucket,3,40,0.02,0.0,0.0,enabled,253,240.82,9.63,209.3,13,9,6,1,5,1,0.2
rule_label_market_prob_bucket_lb3_n40_roi0p02_edge0p01_cedge0p0_enabled,rule_label|market_prob_bucket,3,40,0.02,0.01,0.0,enabled,253,240.82,9.63,209.3,13,9,6,1,5,1,0.2
rule_label_odds_source_market_prob_bucket_lb3_n20_roineg0p02_edgeneg0p01_cedge0p0_enabled,rule_label|odds_source|market_prob_bucket,3,20,-0.02,-0.01,0.0,enabled,188,164.52,8.89,209.3,10,7,6,1,5,1,0.2
rule_label_odds_source_market_prob_bucket_lb3_n20_roineg0p02_edge0p0_cedge0p0_enabled,rule_label|odds_source|market_prob_bucket,3,20,-0.02,0.0,0.0,enabled,188,164.52,8.89,209.3,10,7,6,1,5,1,0.2
rule_label_odds_source_market_prob_bucket_lb3_n20_roineg0p02_edge0p01_cedge0p0_enabled,rule_label|odds_source|market_prob_bucket,3,20,-0.02,0.01,0.0,enabled,188,164.52,8.89,209.3,10,7,6,1,5,1,0.2
rule_label_odds_source_market_prob_bucket_lb3_n20_roi0p0_edgeneg0p01_cedge0p0_enabled,rule_label|odds_source|market_prob_bucket,3,20,0.0,-0.01,0.0,enabled,188,164.52,8.89,209.3,10,7,6,1,5,1,0.2
rule_label_odds_source_market_prob_bucket_lb3_n20_roi0p0_edge0p0_cedge0p0_enabled,rule_label|odds_source|market_prob_bucket,3,20,0.0,0.0,0.0,enabled,188,164.52,8.89,209.3,10,7,6,1,5,1,0.2
rule_label_odds_source_market_prob_bucket_lb3_n20_roi0p0_edge0p01_cedge0p0_enabled,rule_label|odds_source|market_prob_bucket,3,20,0.0,0.01,0.0,enabled,188,164.52,8.89,209.3,10,7,6,1,5,1,0.2
rule_label_odds_source_market_prob_bucket_lb3_n20_roi0p02_edgeneg0p01_cedge0p0_enabled,rule_label|odds_source|market_prob_bucket,3,20,0.02,-0.01,0.0,enabled,188,164.52,8.89,209.3,10,7,6,1,5,1,0.2
rule_label_odds_source_market_prob_bucket_lb3_n20_roi0p02_edge0p0_cedge0p0_enabled,rule_label|odds_source|market_prob_bucket,3,20,0.02,0.0,0.0,enabled,188,164.52,8.89,209.3,10,7,6,1,5,1,0.2
rule_label_odds_source_market_prob_bucket_lb3_n20_roi0p02_edge0p01_cedge0p0_enabled,rule_label|odds_source|market_prob_bucket,3,20,0.02,0.01,0.0,enabled,188,164.52,8.89,209.3,10,7,6,1,5,1,0.2
rule_label_odds_source_market_prob_bucket_lb3_n20_roineg0p02_edgeneg0p01_cedgeneg0p02_enabled,rule_label|odds_source|market_prob_bucket,3,20,-0.02,-0.01,-0.02,enabled,210,129.42,6.25,237.0,10,7,6,1,5,1,0.2
rule_label_odds_source_market_prob_bucket_lb3_n20_roineg0p02_edge0p0_cedgeneg0p02_enabled,rule_label|odds_source|market_prob_bucket,3,20,-0.02,0.0,-0.02,enabled,210,129.42,6.25,237.0,10,7,6,1,5,1,0.2
rule_label_odds_source_market_prob_bucket_lb3_n20_roineg0p02_edge0p01_cedgeneg0p02_enabled,rule_label|odds_source|market_prob_bucket,3,20,-0.02,0.01,-0.02,enabled,210,129.42,6.25,237.0,10,7,6,1,5,1,0.2
rule_label_odds_source_market_prob_bucket_lb3_n20_roi0p0_edgeneg0p01_cedgeneg0p02_enabled,rule_label|odds_source|market_prob_bucket,3,20,0.0,-0.01,-0.02,enabled,210,129.42,6.25,237.0,10,7,6,1,5,1,0.2
rule_label_odds_source_market_prob_bucket_lb3_n20_roi0p0_edge0p0_cedgeneg0p02_enabled,rule_label|odds_source|market_prob_bucket,3,20,0.0,0.0,-0.02,enabled,210,129.42,6.25,237.0,10,7,6,1,5,1,0.2
rule_label_odds_source_market_prob_bucket_lb3_n20_roi0p0_edge0p01_cedgeneg0p02_enabled,rule_label|odds_source|market_prob_bucket,3,20,0.0,0.01,-0.02,enabled,210,129.42,6.25,237.0,10,7,6,1,5,1,0.2
rule_label_odds_source_market_prob_bucket_lb3_n20_roi0p02_edgeneg0p01_cedgeneg0p02_enabled,rule_label|odds_source|market_prob_bucket,3,20,0.02,-0.01,-0.02,enabled,210,129.42,6.25,237.0,10,7,6,1,5,1,0.2
rule_label_odds_source_market_prob_bucket_lb3_n20_roi0p02_edge0p0_cedgeneg0p02_enabled,rule_label|odds_source|market_prob_bucket,3,20,0.02,0.0,-0.02,enabled,210,129.42,6.25,237.0,10,7,6,1,5,1,0.2
rule_label_odds_source_market_prob_bucket_lb3_n20_roi0p02_edge0p01_cedgeneg0p02_enabled,rule_label|odds_source|market_prob_bucket,3,20,0.02,0.01,-0.02,enabled,210,129.42,6.25,237.0,10,7,6,1,5,1,0.2
rule_label_odds_source_market_prob_bucket_lb6_n20_roineg0p02_edgeneg0p01_cedgeneg0p02_enabled,rule_label|odds_source|market_prob_bucket,6,20,-0.02,-0.01,-0.02,enabled,239,76.58,3.33,234.0,8,7,6,1,5,1,0.2
rule_label_odds_source_market_prob_bucket_lb6_n20_roineg0p02_edge0p0_cedgeneg0p02_enabled,rule_label|odds_source|market_prob_bucket,6,20,-0.02,0.0,-0.02,enabled,239,76.58,3.33,234.0,8,7,6,1,5,1,0.2
rule_label_odds_source_market_prob_bucket_lb6_n20_roineg0p02_edge0p01_cedgeneg0p02_enabled,rule_label|odds_source|market_prob_bucket,6,20,-0.02,0.01,-0.02,enabled,239,76.58,3.33,234.0,8,7,6,1,5,1,0.2
rule_label_odds_source_market_prob_bucket_lb6_n20_roi0p0_edgeneg0p01_cedgeneg0p02_enabled,rule_label|odds_source|market_prob_bucket,6,20,0.0,-0.01,-0.02,enabled,239,76.58,3.33,234.0,8,7,6,1,5,1,0.2
rule_label_odds_source_market_prob_bucket_lb6_n20_roi0p0_edge0p0_cedgeneg0p02_enabled,rule_label|odds_source|market_prob_bucket,6,20,0.0,0.0,-0.02,enabled,239,76.58,3.33,234.0,8,7,6,1,5,1,0.2
rule_label_odds_source_market_prob_bucket_lb6_n20_roi0p0_edge0p01_cedgeneg0p02_enabled,rule_label|odds_source|market_prob_bucket,6,20,0.0,0.01,-0.02,enabled,239,76.58,3.33,234.0,8,7,6,1,5,1,0.2
rule_label_odds_source_market_prob_bucket_lb6_n20_roi0p02_edgeneg0p01_cedgeneg0p02_enabled,rule_label|odds_source|market_prob_bucket,6,20,0.02,-0.01,-0.02,enabled,239,76.58,3.33,234.0,8,7,6,1,5,1,0.2
rule_label_odds_source_market_prob_bucket_lb6_n20_roi0p02_edge0p0_cedgeneg0p02_enabled,rule_label|odds_source|market_prob_bucket,6,20,0.02,0.0,-0.02,enabled,239,76.58,3.33,234.0,8,7,6,1,5,1,0.2
rule_label_odds_source_market_prob_bucket_lb6_n20_roi0p02_edge0p01_cedgeneg0p02_enabled,rule_label|odds_source|market_prob_bucket,6,20,0.02,0.01,-0.02,enabled,239,76.58,3.33,234.0,8,7,6,1,5,1,0.2
rule_label_odds_source_market_prob_bucket_lb3_n40_roineg0p02_edgeneg0p01_cedge0p0_enabled,rule_label|odds_source|market_prob_bucket,3,40,-0.02,-0.01,0.0,enabled,318,85.34,2.86,382.25,12,9,6,1,5,1,0.2
rule_label_odds_source_market_prob_bucket_lb3_n40_roineg0p02_edge0p0_cedge0p0_enabled,rule_label|odds_source|market_prob_bucket,3,40,-0.02,0.0,0.0,enabled,318,85.34,2.86,382.25,12,9,6,1,5,1,0.2
rule_label_odds_source_market_prob_bucket_lb3_n40_roineg0p02_edge0p01_cedge0p0_enabled,rule_label|odds_source|market_prob_bucket,3,40,-0.02,0.01,0.0,enabled,318,85.34,2.86,382.25,12,9,6,1,5,1,0.2
rule_label_odds_source_market_prob_bucket_lb3_n40_roi0p0_edgeneg0p01_cedge0p0_enabled,rule_label|odds_source|market_prob_bucket,3,40,0.0,-0.01,0.0,enabled,318,85.34,2.86,382.25,12,9,6,1,5,1,0.2
rule_label_odds_source_market_prob_bucket_lb3_n40_roi0p0_edge0p0_cedge0p0_enabled,rule_label|odds_source|market_prob_bucket,3,40,0.0,0.0,0.0,enabled,318,85.34,2.86,382.25,12,9,6,1,5,1,0.2
rule_label_odds_source_market_prob_bucket_lb3_n40_roi0p0_edge0p01_cedge0p0_enabled,rule_label|odds_source|market_prob_bucket,3,40,0.0,0.01,0.0,enabled,318,85.34,2.86,382.25,12,9,6,1,5,1,0.2
rule_label_odds_source_market_prob_bucket_lb3_n40_roi0p02_edgeneg0p01_cedge0p0_enabled,rule_label|odds_source|market_prob_bucket,3,40,0.02,-0.01,0.0,enabled,318,85.34,2.86,382.25,12,9,6,1,5,1,0.2
rule_label_odds_source_market_prob_bucket_lb3_n40_roi0p02_edge0p0_cedge0p0_enabled,rule_label|odds_source|market_prob_bucket,3,40,0.02,0.0,0.0,enabled,318,85.34,2.86,382.25,12,9,6,1,5,1,0.2
rule_label_odds_source_market_prob_bucket_lb3_n40_roi0p02_edge0p01_cedge0p0_enabled,rule_label|odds_source|market_prob_bucket,3,40,0.02,0.01,0.0,enabled,318,85.34,2.86,382.25,12,9,6,1,5,1,0.2
rule_label_odds_source_market_prob_bucket_lb6_n40_roineg0p02_edgeneg0p01_cedgeneg0p02_enabled,rule_label|odds_source|market_prob_bucket,6,40,-0.02,-0.01,-0.02,enabled,357,78.9,2.38,382.25,10,9,6,1,5,1,0.2
rule_label_odds_source_market_prob_bucket_lb6_n40_roineg0p02_edge0p0_cedgeneg0p02_enabled,rule_label|odds_source|market_prob_bucket,6,40,-0.02,0.0,-0.02,enabled,357,78.9,2.38,382.25,10,9,6,1,5,1,0.2
rule_label_odds_source_market_prob_bucket_lb6_n40_roineg0p02_edge0p01_cedgeneg0p02_enabled,rule_label|odds_source|market_prob_bucket,6,40,-0.02,0.01,-0.02,enabled,357,78.9,2.38,382.25,10,9,6,1,5,1,0.2
rule_label_odds_source_market_prob_bucket_lb6_n40_roi0p0_edgeneg0p01_cedgeneg0p02_enabled,rule_label|odds_source|market_prob_bucket,6,40,0.0,-0.01,-0.02,enabled,357,78.9,2.38,382.25,10,9,6,1,5,1,0.2
rule_label_odds_source_market_prob_bucket_lb6_n40_roi0p0_edge0p0_cedgeneg0p02_enabled,rule_label|odds_source|market_prob_bucket,6,40,0.0,0.0,-0.02,enabled,357,78.9,2.38,382.25,10,9,6,1,5,1,0.2
rule_label_odds_source_market_prob_bucket_lb6_n40_roi0p0_edge0p01_cedgeneg0p02_enabled,rule_label|odds_source|market_prob_bucket,6,40,0.0,0.01,-0.02,enabled,357,78.9,2.38,382.25,10,9,6,1,5,1,0.2
rule_label_odds_source_market_prob_bucket_lb6_n40_roi0p02_edgeneg0p01_cedgeneg0p02_enabled,rule_label|odds_source|market_prob_bucket,6,40,0.02,-0.01,-0.02,enabled,357,78.9,2.38,382.25,10,9,6,1,5,1,0.2
rule_label_odds_source_market_prob_bucket_lb6_n40_roi0p02_edge0p0_cedgeneg0p02_enabled,rule_label|odds_source|market_prob_bucket,6,40,0.02,0.0,-0.02,enabled,357,78.9,2.38,382.25,10,9,6,1,5,1,0.2
rule_label_odds_source_market_prob_bucket_lb6_n40_roi0p02_edge0p01_cedgeneg0p02_enabled,rule_label|odds_source|market_prob_bucket,6,40,0.02,0.01,-0.02,enabled,357,78.9,2.38,382.25,10,9,6,1,5,1,0.2
rule_label_market_prob_bucket_lb3_n60_roineg0p02_edgeneg0p01_cedge0p0_enabled,rule_label|market_prob_bucket,3,60,-0.02,-0.01,0.0,enabled,325,68.24,2.24,382.25,12,10,6,1,5,1,0.2
rule_label_market_prob_bucket_lb3_n60_roineg0p02_edge0p0_cedge0p0_enabled,rule_label|market_prob_bucket,3,60,-0.02,0.0,0.0,enabled,325,68.24,2.24,382.25,12,10,6,1,5,1,0.2
rule_label_market_prob_bucket_lb3_n60_roineg0p02_edge0p01_cedge0p0_enabled,rule_label|market_prob_bucket,3,60,-0.02,0.01,0.0,enabled,325,68.24,2.24,382.25,12,10,6,1,5,1,0.2
rule_label_market_prob_bucket_lb3_n60_roi0p0_edgeneg0p01_cedge0p0_enabled,rule_label|market_prob_bucket,3,60,0.0,-0.01,0.0,enabled,325,68.24,2.24,382.25,12,10,6,1,5,1,0.2
rule_label_market_prob_bucket_lb3_n60_roi0p0_edge0p0_cedge0p0_enabled,rule_label|market_prob_bucket,3,60,0.0,0.0,0.0,enabled,325,68.24,2.24,382.25,12,10,6,1,5,1,0.2
rule_label_market_prob_bucket_lb3_n60_roi0p0_edge0p01_cedge0p0_enabled,rule_label|market_prob_bucket,3,60,0.0,0.01,0.0,enabled,325,68.24,2.24,382.25,12,10,6,1,5,1,0.2
rule_label_market_prob_bucket_lb3_n60_roi0p02_edgeneg0p01_cedge0p0_enabled,rule_label|market_prob_bucket,3,60,0.02,-0.01,0.0,enabled,325,68.24,2.24,382.25,12,10,6,1,5,1,0.2
rule_label_market_prob_bucket_lb3_n60_roi0p02_edge0p0_cedge0p0_enabled,rule_label|market_prob_bucket,3,60,0.02,0.0,0.0,enabled,325,68.24,2.24,382.25,12,10,6,1,5,1,0.2
rule_label_market_prob_bucket_lb3_n60_roi0p02_edge0p01_cedge0p0_enabled,rule_label|market_prob_bucket,3,60,0.02,0.01,0.0,enabled,325,68.24,2.24,382.25,12,10,6,1,5,1,0.2
rule_label_odds_source_market_prob_bucket_lb3_n40_roineg0p02_edgeneg0p01_cedgeneg0p02_enabled,rule_label|odds_source|market_prob_bucket,3,40,-0.02,-0.01,-0.02,enabled,340,50.24,1.57,414.18,12,9,6,1,5,1,0.2
rule_label_odds_source_market_prob_bucket_lb3_n40_roineg0p02_edge0p0_cedgeneg0p02_enabled,rule_label|odds_source|market_prob_bucket,3,40,-0.02,0.0,-0.02,enabled,340,50.24,1.57,414.18,12,9,6,1,5,1,0.2
rule_label_odds_source_market_prob_bucket_lb3_n40_roineg0p02_edge0p01_cedgeneg0p02_enabled,rule_label|odds_source|market_prob_bucket,3,40,-0.02,0.01,-0.02,enabled,340,50.24,1.57,414.18,12,9,6,1,5,1,0.2
rule_label_odds_source_market_prob_bucket_lb3_n40_roi0p0_edgeneg0p01_cedgeneg0p02_enabled,rule_label|odds_source|market_prob_bucket,3,40,0.0,-0.01,-0.02,enabled,340,50.24,1.57,414.18,12,9,6,1,5,1,0.2
rule_label_odds_source_market_prob_bucket_lb3_n40_roi0p0_edge0p0_cedgeneg0p02_enabled,rule_label|odds_source|market_prob_bucket,3,40,0.0,0.0,-0.02,enabled,340,50.24,1.57,414.18,12,9,6,1,5,1,0.2
rule_label_odds_source_market_prob_bucket_lb3_n40_roi0p0_edge0p01_cedgeneg0p02_enabled,rule_label|odds_source|market_prob_bucket,3,40,0.0,0.01,-0.02,enabled,340,50.24,1.57,414.18,12,9,6,1,5,1,0.2
rule_label_odds_source_market_prob_bucket_lb3_n40_roi0p02_edgeneg0p01_cedgeneg0p02_enabled,rule_label|odds_source|market_prob_bucket,3,40,0.02,-0.01,-0.02,enabled,340,50.24,1.57,414.18,12,9,6,1,5,1,0.2
rule_label_odds_source_market_prob_bucket_lb3_n40_roi0p02_edge0p0_cedgeneg0p02_enabled,rule_label|odds_source|market_prob_bucket,3,40,0.02,0.0,-0.02,enabled,340,50.24,1.57,414.18,12,9,6,1,5,1,0.2
rule_label_odds_source_market_prob_bucket_lb3_n40_roi0p02_edge0p01_cedgeneg0p02_enabled,rule_label|odds_source|market_prob_bucket,3,40,0.02,0.01,-0.02,enabled,340,50.24,1.57,414.18,12,9,6,1,5,1,0.2
rule_label_market_prob_bucket_lb6_n60_roineg0p02_edgeneg0p01_cedgeneg0p02_enabled,rule_label|market_prob_bucket,6,60,-0.02,-0.01,-0.02,enabled,463,65.47,1.53,382.25,8,10,6,1,5,1,0.2
rule_label_market_prob_bucket_lb6_n60_roineg0p02_edge0p0_cedgeneg0p02_enabled,rule_label|market_prob_bucket,6,60,-0.02,0.0,-0.02,enabled,463,65.47,1.53,382.25,8,10,6,1,5,1,0.2
rule_label_market_prob_bucket_lb6_n60_roineg0p02_edge0p01_cedgeneg0p02_enabled,rule_label|market_prob_bucket,6,60,-0.02,0.01,-0.02,enabled,463,65.47,1.53,382.25,8,10,6,1,5,1,0.2
rule_label_market_prob_bucket_lb6_n60_roi0p0_edgeneg0p01_cedgeneg0p02_enabled,rule_label|market_prob_bucket,6,60,0.0,-0.01,-0.02,enabled,463,65.47,1.53,382.25,8,10,6,1,5,1,0.2
rule_label_market_prob_bucket_lb6_n60_roi0p0_edge0p0_cedgeneg0p02_enabled,rule_label|market_prob_bucket,6,60,0.0,0.0,-0.02,enabled,463,65.47,1.53,382.25,8,10,6,1,5,1,0.2
rule_label_market_prob_bucket_lb6_n60_roi0p0_edge0p01_cedgeneg0p02_enabled,rule_label|market_prob_bucket,6,60,0.0,0.01,-0.02,enabled,463,65.47,1.53,382.25,8,10,6,1,5,1,0.2
rule_label_market_prob_bucket_lb6_n60_roi0p02_edgeneg0p01_cedgeneg0p02_enabled,rule_label|market_prob_bucket,6,60,0.02,-0.01,-0.02,enabled,463,65.47,1.53,382.25,8,10,6,1,5,1,0.2
rule_label_market_prob_bucket_lb6_n60_roi0p02_edge0p0_cedgeneg0p02_enabled,rule_label|market_prob_bucket,6,60,0.02,0.0,-0.02,enabled,463,65.47,1.53,382.25,8,10,6,1,5,1,0.2
rule_label_market_prob_bucket_lb6_n60_roi0p02_edge0p01_cedgeneg0p02_enabled,rule_label|market_prob_bucket,6,60,0.02,0.01,-0.02,enabled,463,65.47,1.53,382.25,8,10,6,1,5,1,0.2
rule_label_odds_source_market_prob_bucket_lb6_n60_roineg0p02_edgeneg0p01_cedgeneg0p02_enabled,rule_label|odds_source|market_prob_bucket,6,60,-0.02,-0.01,-0.02,enabled,420,59.5,1.51,437.88,11,10,6,1,5,1,0.2
rule_label_odds_source_market_prob_bucket_lb6_n60_roineg0p02_edge0p0_cedgeneg0p02_enabled,rule_label|odds_source|market_prob_bucket,6,60,-0.02,0.0,-0.02,enabled,420,59.5,1.51,437.88,11,10,6,1,5,1,0.2
rule_label_odds_source_market_prob_bucket_lb6_n60_roineg0p02_edge0p01_cedgeneg0p02_enabled,rule_label|odds_source|market_prob_bucket,6,60,-0.02,0.01,-0.02,enabled,420,59.5,1.51,437.88,11,10,6,1,5,1,0.2
rule_label_odds_source_market_prob_bucket_lb6_n60_roi0p0_edgeneg0p01_cedgeneg0p02_enabled,rule_label|odds_source|market_prob_bucket,6,60,0.0,-0.01,-0.02,enabled,420,59.5,1.51,437.88,11,10,6,1,5,1,0.2
rule_label_odds_source_market_prob_bucket_lb6_n60_roi0p0_edge0p0_cedgeneg0p02_enabled,rule_label|odds_source|market_prob_bucket,6,60,0.0,0.0,-0.02,enabled,420,59.5,1.51,437.88,11,10,6,1,5,1,0.2
rule_label_odds_source_market_prob_bucket_lb6_n60_roi0p0_edge0p01_cedgeneg0p02_enabled,rule_label|odds_source|market_prob_bucket,6,60,0.0,0.01,-0.02,enabled,420,59.5,1.51,437.88,11,10,6,1,5,1,0.2
rule_label_odds_source_market_prob_bucket_lb6_n60_roi0p02_edgeneg0p01_cedgeneg0p02_enabled,rule_label|odds_source|market_prob_bucket,6,60,0.02,-0.01,-0.02,enabled,420,59.5,1.51,437.88,11,10,6,1,5,1,0.2
rule_label_odds_source_market_prob_bucket_lb6_n60_roi0p02_edge0p0_cedgeneg0p02_enabled,rule_label|odds_source|market_prob_bucket,6,60,0.02,0.0,-0.02,enabled,420,59.5,1.51,437.88,11,10,6,1,5,1,0.2
rule_label_odds_source_market_prob_bucket_lb6_n60_roi0p02_edge0p01_cedgeneg0p02_enabled,rule_label|odds_source|market_prob_bucket,6,60,0.02,0.01,-0.02,enabled,420,59.5,1.51,437.88,11,10,6,1,5,1,0.2
rule_label_market_prob_bucket_lb6_n60_roineg0p02_edgeneg0p01_cedgeneg0p05_enabled,rule_label|market_prob_bucket,6,60,-0.02,-0.01,-0.05,enabled,687,39.79,0.65,382.25,8,10,6,1,5,1,0.2
rule_label_market_prob_bucket_lb6_n60_roineg0p02_edge0p0_cedgeneg0p05_enabled,rule_label|market_prob_bucket,6,60,-0.02,0.0,-0.05,enabled,687,39.79,0.65,382.25,8,10,6,1,5,1,0.2
rule_label_market_prob_bucket_lb6_n60_roi0p0_edgeneg0p01_cedgeneg0p05_enabled,rule_label|market_prob_bucket,6,60,0.0,-0.01,-0.05,enabled,687,39.79,0.65,382.25,8,10,6,1,5,1,0.2
rule_label_market_prob_bucket_lb6_n60_roi0p0_edge0p0_cedgeneg0p05_enabled,rule_label|market_prob_bucket,6,60,0.0,0.0,-0.05,enabled,687,39.79,0.65,382.25,8,10,6,1,5,1,0.2
rule_label_market_prob_bucket_lb6_n60_roi0p02_edgeneg0p01_cedgeneg0p05_enabled,rule_label|market_prob_bucket,6,60,0.02,-0.01,-0.05,enabled,687,39.79,0.65,382.25,8,10,6,1,5,1,0.2
rule_label_market_prob_bucket_lb6_n60_roi0p02_edge0p0_cedgeneg0p05_enabled,rule_label|market_prob_bucket,6,60,0.02,0.0,-0.05,enabled,687,39.79,0.65,382.25,8,10,6,1,5,1,0.2
rule_label_market_prob_bucket_lb9_n60_roineg0p02_edgeneg0p01_cedgeneg0p05_enabled,rule_label|market_prob_bucket,9,60,-0.02,-0.01,-0.05,enabled,687,39.79,0.65,382.25,8,10,6,1,5,1,0.2
rule_label_market_prob_bucket_lb9_n60_roineg0p02_edge0p0_cedgeneg0p05_enabled,rule_label|market_prob_bucket,9,60,-0.02,0.0,-0.05,enabled,687,39.79,0.65,382.25,8,10,6,1,5,1,0.2
rule_label_market_prob_bucket_lb9_n60_roi0p0_edgeneg0p01_cedgeneg0p05_enabled,rule_label|market_prob_bucket,9,60,0.0,-0.01,-0.05,enabled,687,39.79,0.65,382.25,8,10,6,1,5,1,0.2
rule_label_market_prob_bucket_lb9_n60_roi0p0_edge0p0_cedgeneg0p05_enabled,rule_label|market_prob_bucket,9,60,0.0,0.0,-0.05,enabled,687,39.79,0.65,382.25,8,10,6,1,5,1,0.2
rule_label_market_prob_bucket_lb9_n60_roi0p02_edgeneg0p01_cedgeneg0p05_enabled,rule_label|market_prob_bucket,9,60,0.02,-0.01,-0.05,enabled,687,39.79,0.65,382.25,8,10,6,1,5,1,0.2
rule_label_market_prob_bucket_lb9_n60_roi0p02_edge0p0_cedgeneg0p05_enabled,rule_label|market_prob_bucket,9,60,0.02,0.0,-0.05,enabled,687,39.79,0.65,382.25,8,10,6,1,5,1,0.2
rule_label_odds_source_market_prob_bucket_lb3_n60_roineg0p02_edgeneg0p01_cedge0p0_enabled,rule_label|odds_source|market_prob_bucket,3,60,-0.02,-0.01,0.0,enabled,366,9.44,0.27,437.88,11,11,6,1,5,1,0.2
rule_label_odds_source_market_prob_bucket_lb3_n60_roineg0p02_edge0p0_cedge0p0_enabled,rule_label|odds_source|market_prob_bucket,3,60,-0.02,0.0,0.0,enabled,366,9.44,0.27,437.88,11,11,6,1,5,1,0.2
rule_label_odds_source_market_prob_bucket_lb3_n60_roineg0p02_edge0p01_cedge0p0_enabled,rule_label|odds_source|market_prob_bucket,3,60,-0.02,0.01,0.0,enabled,366,9.44,0.27,437.88,11,11,6,1,5,1,0.2
rule_label_odds_source_market_prob_bucket_lb3_n60_roi0p0_edgeneg0p01_cedge0p0_enabled,rule_label|odds_source|market_prob_bucket,3,60,0.0,-0.01,0.0,enabled,366,9.44,0.27,437.88,11,11,6,1,5,1,0.2
rule_label_odds_source_market_prob_bucket_lb3_n60_roi0p0_edge0p0_cedge0p0_enabled,rule_label|odds_source|market_prob_bucket,3,60,0.0,0.0,0.0,enabled,366,9.44,0.27,437.88,11,11,6,1,5,1,0.2
rule_label_odds_source_market_prob_bucket_lb3_n60_roi0p0_edge0p01_cedge0p0_enabled,rule_label|odds_source|market_prob_bucket,3,60,0.0,0.01,0.0,enabled,366,9.44,0.27,437.88,11,11,6,1,5,1,0.2
rule_label_odds_source_market_prob_bucket_lb3_n60_roi0p02_edgeneg0p01_cedge0p0_enabled,rule_label|odds_source|market_prob_bucket,3,60,0.02,-0.01,0.0,enabled,366,9.44,0.27,437.88,11,11,6,1,5,1,0.2
rule_label_odds_source_market_prob_bucket_lb3_n60_roi0p02_edge0p0_cedge0p0_enabled,rule_label|odds_source|market_prob_bucket,3,60,0.02,0.0,0.0,enabled,366,9.44,0.27,437.88,11,11,6,1,5,1,0.2
rule_label_odds_source_market_prob_bucket_lb3_n60_roi0p02_edge0p01_cedge0p0_enabled,rule_label|odds_source|market_prob_bucket,3,60,0.02,0.01,0.0,enabled,366,9.44,0.27,437.88,11,11,6,1,5,1,0.2
rule_label_odds_source_market_prob_bucket_lb6_n40_roineg0p02_edgeneg0p01_cedge0p0_enabled,rule_label|odds_source|market_prob_bucket,6,40,-0.02,-0.01,0.0,enabled,288,7.04,0.26,382.25,10,9,6,1,5,1,0.2
rule_label_odds_source_market_prob_bucket_lb6_n40_roineg0p02_edge0p0_cedge0p0_enabled,rule_label|odds_source|market_prob_bucket,6,40,-0.02,0.0,0.0,enabled,288,7.04,0.26,382.25,10,9,6,1,5,1,0.2
rule_label_odds_source_market_prob_bucket_lb6_n40_roineg0p02_edge0p01_cedge0p0_enabled,rule_label|odds_source|market_prob_bucket,6,40,-0.02,0.01,0.0,enabled,288,7.04,0.26,382.25,10,9,6,1,5,1,0.2
rule_label_odds_source_market_prob_bucket_lb6_n40_roi0p0_edgeneg0p01_cedge0p0_enabled,rule_label|odds_source|market_prob_bucket,6,40,0.0,-0.01,0.0,enabled,288,7.04,0.26,382.25,10,9,6,1,5,1,0.2
rule_label_odds_source_market_prob_bucket_lb6_n40_roi0p0_edge0p0_cedge0p0_enabled,rule_label|odds_source|market_prob_bucket,6,40,0.0,0.0,0.0,enabled,288,7.04,0.26,382.25,10,9,6,1,5,1,0.2
rule_label_odds_source_market_prob_bucket_lb6_n40_roi0p0_edge0p01_cedge0p0_enabled,rule_label|odds_source|market_prob_bucket,6,40,0.0,0.01,0.0,enabled,288,7.04,0.26,382.25,10,9,6,1,5,1,0.2
rule_label_odds_source_market_prob_bucket_lb6_n40_roi0p02_edgeneg0p01_cedge0p0_enabled,rule_label|odds_source|market_prob_bucket,6,40,0.02,-0.01,0.0,enabled,288,7.04,0.26,382.25,10,9,6,1,5,1,0.2
rule_label_odds_source_market_prob_bucket_lb6_n40_roi0p02_edge0p0_cedge0p0_enabled,rule_label|odds_source|market_prob_bucket,6,40,0.02,0.0,0.0,enabled,288,7.04,0.26,382.25,10,9,6,1,5,1,0.2
rule_label_odds_source_market_prob_bucket_lb6_n40_roi0p02_edge0p01_cedge0p0_enabled,rule_label|odds_source|market_prob_bucket,6,40,0.02,0.01,0.0,enabled,288,7.04,0.26,382.25,10,9,6,1,5,1,0.2
rule_label_odds_source_market_prob_bucket_lb9_n40_roineg0p02_edgeneg0p01_cedgeneg0p02_enabled,rule_label|odds_source|market_prob_bucket,9,40,-0.02,-0.01,-0.02,enabled,288,7.04,0.26,382.25,10,9,6,1,5,1,0.2
rule_label_odds_source_market_prob_bucket_lb9_n40_roineg0p02_edgeneg0p01_cedge0p0_enabled,rule_label|odds_source|market_prob_bucket,9,40,-0.02,-0.01,0.0,enabled,288,7.04,0.26,382.25,10,9,6,1,5,1,0.2
rule_label_odds_source_market_prob_bucket_lb9_n40_roineg0p02_edge0p0_cedgeneg0p02_enabled,rule_label|odds_source|market_prob_bucket,9,40,-0.02,0.0,-0.02,enabled,288,7.04,0.26,382.25,10,9,6,1,5,1,0.2
rule_label_odds_source_market_prob_bucket_lb9_n40_roineg0p02_edge0p0_cedge0p0_enabled,rule_label|odds_source|market_prob_bucket,9,40,-0.02,0.0,0.0,enabled,288,7.04,0.26,382.25,10,9,6,1,5,1,0.2
rule_label_odds_source_market_prob_bucket_lb9_n40_roineg0p02_edge0p01_cedgeneg0p02_enabled,rule_label|odds_source|market_prob_bucket,9,40,-0.02,0.01,-0.02,enabled,288,7.04,0.26,382.25,10,9,6,1,5,1,0.2
rule_label_odds_source_market_prob_bucket_lb9_n40_roineg0p02_edge0p01_cedge0p0_enabled,rule_label|odds_source|market_prob_bucket,9,40,-0.02,0.01,0.0,enabled,288,7.04,0.26,382.25,10,9,6,1,5,1,0.2
rule_label_odds_source_market_prob_bucket_lb9_n40_roi0p0_edgeneg0p01_cedgeneg0p02_enabled,rule_label|odds_source|market_prob_bucket,9,40,0.0,-0.01,-0.02,enabled,288,7.04,0.26,382.25,10,9,6,1,5,1,0.2
rule_label_odds_source_market_prob_bucket_lb9_n40_roi0p0_edgeneg0p01_cedge0p0_enabled,rule_label|odds_source|market_prob_bucket,9,40,0.0,-0.01,0.0,enabled,288,7.04,0.26,382.25,10,9,6,1,5,1,0.2
rule_label_odds_source_market_prob_bucket_lb9_n40_roi0p0_edge0p0_cedgeneg0p02_enabled,rule_label|odds_source|market_prob_bucket,9,40,0.0,0.0,-0.02,enabled,288,7.04,0.26,382.25,10,9,6,1,5,1,0.2
rule_label_odds_source_market_prob_bucket_lb9_n40_roi0p0_edge0p0_cedge0p0_enabled,rule_label|odds_source|market_prob_bucket,9,40,0.0,0.0,0.0,enabled,288,7.04,0.26,382.25,10,9,6,1,5,1,0.2
rule_label_odds_source_market_prob_bucket_lb9_n40_roi0p0_edge0p01_cedgeneg0p02_enabled,rule_label|odds_source|market_prob_bucket,9,40,0.0,0.01,-0.02,enabled,288,7.04,0.26,382.25,10,9,6,1,5,1,0.2
rule_label_odds_source_market_prob_bucket_lb9_n40_roi0p0_edge0p01_cedge0p0_enabled,rule_label|odds_source|market_prob_bucket,9,40,0.0,0.01,0.0,enabled,288,7.04,0.26,382.25,10,9,6,1,5,1,0.2
rule_label_odds_source_market_prob_bucket_lb9_n40_roi0p02_edgeneg0p01_cedgeneg0p02_enabled,rule_label|odds_source|market_prob_bucket,9,40,0.02,-0.01,-0.02,enabled,288,7.04,0.26,382.25,10,9,6,1,5,1,0.2
rule_label_odds_source_market_prob_bucket_lb9_n40_roi0p02_edgeneg0p01_cedge0p0_enabled,rule_label|odds_source|market_prob_bucket,9,40,0.02,-0.01,0.0,enabled,288,7.04,0.26,382.25,10,9,6,1,5,1,0.2
rule_label_odds_source_market_prob_bucket_lb9_n40_roi0p02_edge0p0_cedgeneg0p02_enabled,rule_label|odds_source|market_prob_bucket,9,40,0.02,0.0,-0.02,enabled,288,7.04,0.26,382.25,10,9,6,1,5,1,0.2
rule_label_odds_source_market_prob_bucket_lb9_n40_roi0p02_edge0p0_cedge0p0_enabled,rule_label|odds_source|market_prob_bucket,9,40,0.02,0.0,0.0,enabled,288,7.04,0.26,382.25,10,9,6,1,5,1,0.2
rule_label_odds_source_market_prob_bucket_lb9_n40_roi0p02_edge0p01_cedgeneg0p02_enabled,rule_label|odds_source|market_prob_bucket,9,40,0.02,0.01,-0.02,enabled,288,7.04,0.26,382.25,10,9,6,1,5,1,0.2
rule_label_odds_source_market_prob_bucket_lb9_n40_roi0p02_edge0p01_cedge0p0_enabled,rule_label|odds_source|market_prob_bucket,9,40,0.02,0.01,0.0,enabled,288,7.04,0.26,382.25,10,9,6,1,5,1,0.2
rule_label_odds_source_market_prob_bucket_lb6_n60_roineg0p02_edgeneg0p01_cedge0p0_enabled,rule_label|odds_source|market_prob_bucket,6,60,-0.02,-0.01,0.0,enabled,351,-12.36,-0.37,437.88,11,10,6,1,5,1,0.2
rule_label_odds_source_market_prob_bucket_lb6_n60_roineg0p02_edge0p0_cedge0p0_enabled,rule_label|odds_source|market_prob_bucket,6,60,-0.02,0.0,0.0,enabled,351,-12.36,-0.37,437.88,11,10,6,1,5,1,0.2
rule_label_odds_source_market_prob_bucket_lb6_n60_roineg0p02_edge0p01_cedge0p0_enabled,rule_label|odds_source|market_prob_bucket,6,60,-0.02,0.01,0.0,enabled,351,-12.36,-0.37,437.88,11,10,6,1,5,1,0.2
rule_label_odds_source_market_prob_bucket_lb6_n60_roi0p0_edgeneg0p01_cedge0p0_enabled,rule_label|odds_source|market_prob_bucket,6,60,0.0,-0.01,0.0,enabled,351,-12.36,-0.37,437.88,11,10,6,1,5,1,0.2
rule_label_odds_source_market_prob_bucket_lb6_n60_roi0p0_edge0p0_cedge0p0_enabled,rule_label|odds_source|market_prob_bucket,6,60,0.0,0.0,0.0,enabled,351,-12.36,-0.37,437.88,11,10,6,1,5,1,0.2
rule_label_odds_source_market_prob_bucket_lb6_n60_roi0p0_edge0p01_cedge0p0_enabled,rule_label|odds_source|market_prob_bucket,6,60,0.0,0.01,0.0,enabled,351,-12.36,-0.37,437.88,11,10,6,1,5,1,0.2
rule_label_odds_source_market_prob_bucket_lb6_n60_roi0p02_edgeneg0p01_cedge0p0_enabled,rule_label|odds_source|market_prob_bucket,6,60,0.02,-0.01,0.0,enabled,351,-12.36,-0.37,437.88,11,10,6,1,5,1,0.2
rule_label_odds_source_market_prob_bucket_lb6_n60_roi0p02_edge0p0_cedge0p0_enabled,rule_label|odds_source|market_prob_bucket,6,60,0.02,0.0,0.0,enabled,351,-12.36,-0.37,437.88,11,10,6,1,5,1,0.2
rule_label_odds_source_market_prob_bucket_lb6_n60_roi0p02_edge0p01_cedge0p0_enabled,rule_label|odds_source|market_prob_bucket,6,60,0.02,0.01,0.0,enabled,351,-12.36,-0.37,437.88,11,10,6,1,5,1,0.2
rule_label_odds_source_market_prob_bucket_lb9_n60_roineg0p02_edgeneg0p01_cedgeneg0p02_enabled,rule_label|odds_source|market_prob_bucket,9,60,-0.02,-0.01,-0.02,enabled,351,-12.36,-0.37,437.88,11,10,6,1,5,1,0.2
rule_label_odds_source_market_prob_bucket_lb9_n60_roineg0p02_edgeneg0p01_cedge0p0_enabled,rule_label|odds_source|market_prob_bucket,9,60,-0.02,-0.01,0.0,enabled,351,-12.36,-0.37,437.88,11,10,6,1,5,1,0.2
rule_label_odds_source_market_prob_bucket_lb9_n60_roineg0p02_edge0p0_cedgeneg0p02_enabled,rule_label|odds_source|market_prob_bucket,9,60,-0.02,0.0,-0.02,enabled,351,-12.36,-0.37,437.88,11,10,6,1,5,1,0.2
rule_label_odds_source_market_prob_bucket_lb9_n60_roineg0p02_edge0p0_cedge0p0_enabled,rule_label|odds_source|market_prob_bucket,9,60,-0.02,0.0,0.0,enabled,351,-12.36,-0.37,437.88,11,10,6,1,5,1,0.2
rule_label_odds_source_market_prob_bucket_lb9_n60_roineg0p02_edge0p01_cedgeneg0p02_enabled,rule_label|odds_source|market_prob_bucket,9,60,-0.02,0.01,-0.02,enabled,351,-12.36,-0.37,437.88,11,10,6,1,5,1,0.2
rule_label_odds_source_market_prob_bucket_lb9_n60_roineg0p02_edge0p01_cedge0p0_enabled,rule_label|odds_source|market_prob_bucket,9,60,-0.02,0.01,0.0,enabled,351,-12.36,-0.37,437.88,11,10,6,1,5,1,0.2
rule_label_odds_source_market_prob_bucket_lb9_n60_roi0p0_edgeneg0p01_cedgeneg0p02_enabled,rule_label|odds_source|market_prob_bucket,9,60,0.0,-0.01,-0.02,enabled,351,-12.36,-0.37,437.88,11,10,6,1,5,1,0.2
rule_label_odds_source_market_prob_bucket_lb9_n60_roi0p0_edgeneg0p01_cedge0p0_enabled,rule_label|odds_source|market_prob_bucket,9,60,0.0,-0.01,0.0,enabled,351,-12.36,-0.37,437.88,11,10,6,1,5,1,0.2
rule_label_odds_source_market_prob_bucket_lb9_n60_roi0p0_edge0p0_cedgeneg0p02_enabled,rule_label|odds_source|market_prob_bucket,9,60,0.0,0.0,-0.02,enabled,351,-12.36,-0.37,437.88,11,10,6,1,5,1,0.2
rule_label_odds_source_market_prob_bucket_lb9_n60_roi0p0_edge0p0_cedge0p0_enabled,rule_label|odds_source|market_prob_bucket,9,60,0.0,0.0,0.0,enabled,351,-12.36,-0.37,437.88,11,10,6,1,5,1,0.2
rule_label_odds_source_market_prob_bucket_lb9_n60_roi0p0_edge0p01_cedgeneg0p02_enabled,rule_label|odds_source|market_prob_bucket,9,60,0.0,0.01,-0.02,enabled,351,-12.36,-0.37,437.88,11,10,6,1,5,1,0.2
rule_label_odds_source_market_prob_bucket_lb9_n60_roi0p0_edge0p01_cedge0p0_enabled,rule_label|odds_source|market_prob_bucket,9,60,0.0,0.01,0.0,enabled,351,-12.36,-0.37,437.88,11,10,6,1,5,1,0.2
rule_label_odds_source_market_prob_bucket_lb9_n60_roi0p02_edgeneg0p01_cedgeneg0p02_enabled,rule_label|odds_source|market_prob_bucket,9,60,0.02,-0.01,-0.02,enabled,351,-12.36,-0.37,437.88,11,10,6,1,5,1,0.2
rule_label_odds_source_market_prob_bucket_lb9_n60_roi0p02_edgeneg0p01_cedge0p0_enabled,rule_label|odds_source|market_prob_bucket,9,60,0.02,-0.01,0.0,enabled,351,-12.36,-0.37,437.88,11,10,6,1,5,1,0.2
rule_label_odds_source_market_prob_bucket_lb9_n60_roi0p02_edge0p0_cedgeneg0p02_enabled,rule_label|odds_source|market_prob_bucket,9,60,0.02,0.0,-0.02,enabled,351,-12.36,-0.37,437.88,11,10,6,1,5,1,0.2
rule_label_odds_source_market_prob_bucket_lb9_n60_roi0p02_edge0p0_cedge0p0_enabled,rule_label|odds_source|market_prob_bucket,9,60,0.02,0.0,0.0,enabled,351,-12.36,-0.37,437.88,11,10,6,1,5,1,0.2
rule_label_odds_source_market_prob_bucket_lb9_n60_roi0p02_edge0p01_cedgeneg0p02_enabled,rule_label|odds_source|market_prob_bucket,9,60,0.02,0.01,-0.02,enabled,351,-12.36,-0.37,437.88,11,10,6,1,5,1,0.2
rule_label_odds_source_market_prob_bucket_lb9_n60_roi0p02_edge0p01_cedge0p0_enabled,rule_label|odds_source|market_prob_bucket,9,60,0.02,0.01,0.0,enabled,351,-12.36,-0.37,437.88,11,10,6,1,5,1,0.2
rule_label_market_prob_bucket_lb6_n60_roineg0p02_edgeneg0p01_cedge0p0_enabled,rule_label|market_prob_bucket,6,60,-0.02,-0.01,0.0,enabled,278,-12.66,-0.49,382.25,9,9,6,1,5,1,0.2
rule_label_market_prob_bucket_lb6_n60_roineg0p02_edge0p0_cedge0p0_enabled,rule_label|market_prob_bucket,6,60,-0.02,0.0,0.0,enabled,278,-12.66,-0.49,382.25,9,9,6,1,5,1,0.2
rule_label_market_prob_bucket_lb6_n60_roineg0p02_edge0p01_cedge0p0_enabled,rule_label|market_prob_bucket,6,60,-0.02,0.01,0.0,enabled,278,-12.66,-0.49,382.25,9,9,6,1,5,1,0.2
rule_label_market_prob_bucket_lb6_n60_roi0p0_edgeneg0p01_cedge0p0_enabled,rule_label|market_prob_bucket,6,60,0.0,-0.01,0.0,enabled,278,-12.66,-0.49,382.25,9,9,6,1,5,1,0.2
rule_label_market_prob_bucket_lb6_n60_roi0p0_edge0p0_cedge0p0_enabled,rule_label|market_prob_bucket,6,60,0.0,0.0,0.0,enabled,278,-12.66,-0.49,382.25,9,9,6,1,5,1,0.2
rule_label_market_prob_bucket_lb6_n60_roi0p0_edge0p01_cedge0p0_enabled,rule_label|market_prob_bucket,6,60,0.0,0.01,0.0,enabled,278,-12.66,-0.49,382.25,9,9,6,1,5,1,0.2
rule_label_market_prob_bucket_lb6_n60_roi0p02_edgeneg0p01_cedge0p0_enabled,rule_label|market_prob_bucket,6,60,0.02,-0.01,0.0,enabled,278,-12.66,-0.49,382.25,9,9,6,1,5,1,0.2
rule_label_market_prob_bucket_lb6_n60_roi0p02_edge0p0_cedge0p0_enabled,rule_label|market_prob_bucket,6,60,0.02,0.0,0.0,enabled,278,-12.66,-0.49,382.25,9,9,6,1,5,1,0.2
rule_label_market_prob_bucket_lb6_n60_roi0p02_edge0p01_cedge0p0_enabled,rule_label|market_prob_bucket,6,60,0.02,0.01,0.0,enabled,278,-12.66,-0.49,382.25,9,9,6,1,5,1,0.2
rule_label_market_prob_bucket_lb9_n60_roineg0p02_edgeneg0p01_cedge0p0_enabled,rule_label|market_prob_bucket,9,60,-0.02,-0.01,0.0,enabled,278,-12.66,-0.49,382.25,9,9,6,1,5,1,0.2
rule_label_market_prob_bucket_lb9_n60_roineg0p02_edge0p0_cedge0p0_enabled,rule_label|market_prob_bucket,9,60,-0.02,0.0,0.0,enabled,278,-12.66,-0.49,382.25,9,9,6,1,5,1,0.2
rule_label_market_prob_bucket_lb9_n60_roineg0p02_edge0p01_cedge0p0_enabled,rule_label|market_prob_bucket,9,60,-0.02,0.01,0.0,enabled,278,-12.66,-0.49,382.25,9,9,6,1,5,1,0.2
rule_label_market_prob_bucket_lb9_n60_roi0p0_edgeneg0p01_cedge0p0_enabled,rule_label|market_prob_bucket,9,60,0.0,-0.01,0.0,enabled,278,-12.66,-0.49,382.25,9,9,6,1,5,1,0.2
rule_label_market_prob_bucket_lb9_n60_roi0p0_edge0p0_cedge0p0_enabled,rule_label|market_prob_bucket,9,60,0.0,0.0,0.0,enabled,278,-12.66,-0.49,382.25,9,9,6,1,5,1,0.2
rule_label_market_prob_bucket_lb9_n60_roi0p0_edge0p01_cedge0p0_enabled,rule_label|market_prob_bucket,9,60,0.0,0.01,0.0,enabled,278,-12.66,-0.49,382.25,9,9,6,1,5,1,0.2
rule_label_market_prob_bucket_lb9_n60_roi0p02_edgeneg0p01_cedge0p0_enabled,rule_label|market_prob_bucket,9,60,0.02,-0.01,0.0,enabled,278,-12.66,-0.49,382.25,9,9,6,1,5,1,0.2
rule_label_market_prob_bucket_lb9_n60_roi0p02_edge0p0_cedge0p0_enabled,rule_label|market_prob_bucket,9,60,0.02,0.0,0.0,enabled,278,-12.66,-0.49,382.25,9,9,6,1,5,1,0.2
rule_label_market_prob_bucket_lb9_n60_roi0p02_edge0p01_cedge0p0_enabled,rule_label|market_prob_bucket,9,60,0.02,0.01,0.0,enabled,278,-12.66,-0.49,382.25,9,9,6,1,5,1,0.2
rule_label_odds_source_market_prob_bucket_lb3_n60_roineg0p02_edgeneg0p01_cedgeneg0p02_enabled,rule_label|odds_source|market_prob_bucket,3,60,-0.02,-0.01,-0.02,enabled,388,-25.66,-0.7,472.98,11,11,6,1,5,1,0.2
rule_label_odds_source_market_prob_bucket_lb3_n60_roineg0p02_edge0p0_cedgeneg0p02_enabled,rule_label|odds_source|market_prob_bucket,3,60,-0.02,0.0,-0.02,enabled,388,-25.66,-0.7,472.98,11,11,6,1,5,1,0.2
rule_label_odds_source_market_prob_bucket_lb3_n60_roineg0p02_edge0p01_cedgeneg0p02_enabled,rule_label|odds_source|market_prob_bucket,3,60,-0.02,0.01,-0.02,enabled,388,-25.66,-0.7,472.98,11,11,6,1,5,1,0.2
rule_label_odds_source_market_prob_bucket_lb3_n60_roi0p0_edgeneg0p01_cedgeneg0p02_enabled,rule_label|odds_source|market_prob_bucket,3,60,0.0,-0.01,-0.02,enabled,388,-25.66,-0.7,472.98,11,11,6,1,5,1,0.2
rule_label_odds_source_market_prob_bucket_lb3_n60_roi0p0_edge0p0_cedgeneg0p02_enabled,rule_label|odds_source|market_prob_bucket,3,60,0.0,0.0,-0.02,enabled,388,-25.66,-0.7,472.98,11,11,6,1,5,1,0.2
rule_label_odds_source_market_prob_bucket_lb3_n60_roi0p0_edge0p01_cedgeneg0p02_enabled,rule_label|odds_source|market_prob_bucket,3,60,0.0,0.01,-0.02,enabled,388,-25.66,-0.7,472.98,11,11,6,1,5,1,0.2
rule_label_odds_source_market_prob_bucket_lb3_n60_roi0p02_edgeneg0p01_cedgeneg0p02_enabled,rule_label|odds_source|market_prob_bucket,3,60,0.02,-0.01,-0.02,enabled,388,-25.66,-0.7,472.98,11,11,6,1,5,1,0.2
rule_label_odds_source_market_prob_bucket_lb3_n60_roi0p02_edge0p0_cedgeneg0p02_enabled,rule_label|odds_source|market_prob_bucket,3,60,0.02,0.0,-0.02,enabled,388,-25.66,-0.7,472.98,11,11,6,1,5,1,0.2
rule_label_odds_source_market_prob_bucket_lb3_n60_roi0p02_edge0p01_cedgeneg0p02_enabled,rule_label|odds_source|market_prob_bucket,3,60,0.02,0.01,-0.02,enabled,388,-25.66,-0.7,472.98,11,11,6,1,5,1,0.2
rule_label_odds_source_market_prob_bucket_lb6_n40_roineg0p02_edgeneg0p01_cedgeneg0p05_enabled,rule_label|odds_source|market_prob_bucket,6,40,-0.02,-0.01,-0.05,enabled,526,-53.93,-1.1,414.18,9,11,6,1,5,1,0.2
rule_label_odds_source_market_prob_bucket_lb6_n40_roineg0p02_edge0p0_cedgeneg0p05_enabled,rule_label|odds_source|market_prob_bucket,6,40,-0.02,0.0,-0.05,enabled,526,-53.93,-1.1,414.18,9,11,6,1,5,1,0.2
rule_label_odds_source_market_prob_bucket_lb6_n40_roineg0p02_edge0p01_cedgeneg0p05_enabled,rule_label|odds_source|market_prob_bucket,6,40,-0.02,0.01,-0.05,enabled,526,-53.93,-1.1,414.18,9,11,6,1,5,1,0.2
rule_label_odds_source_market_prob_bucket_lb6_n40_roi0p0_edgeneg0p01_cedgeneg0p05_enabled,rule_label|odds_source|market_prob_bucket,6,40,0.0,-0.01,-0.05,enabled,526,-53.93,-1.1,414.18,9,11,6,1,5,1,0.2
rule_label_odds_source_market_prob_bucket_lb6_n40_roi0p0_edge0p0_cedgeneg0p05_enabled,rule_label|odds_source|market_prob_bucket,6,40,0.0,0.0,-0.05,enabled,526,-53.93,-1.1,414.18,9,11,6,1,5,1,0.2
rule_label_odds_source_market_prob_bucket_lb6_n40_roi0p0_edge0p01_cedgeneg0p05_enabled,rule_label|odds_source|market_prob_bucket,6,40,0.0,0.01,-0.05,enabled,526,-53.93,-1.1,414.18,9,11,6,1,5,1,0.2
rule_label_odds_source_market_prob_bucket_lb6_n40_roi0p02_edgeneg0p01_cedgeneg0p05_enabled,rule_label|odds_source|market_prob_bucket,6,40,0.02,-0.01,-0.05,enabled,526,-53.93,-1.1,414.18,9,11,6,1,5,1,0.2
rule_label_odds_source_market_prob_bucket_lb6_n40_roi0p02_edge0p0_cedgeneg0p05_enabled,rule_label|odds_source|market_prob_bucket,6,40,0.02,0.0,-0.05,enabled,526,-53.93,-1.1,414.18,9,11,6,1,5,1,0.2
rule_label_odds_source_market_prob_bucket_lb6_n40_roi0p02_edge0p01_cedgeneg0p05_enabled,rule_label|odds_source|market_prob_bucket,6,40,0.02,0.01,-0.05,enabled,526,-53.93,-1.1,414.18,9,11,6,1,5,1,0.2
rule_label_odds_source_market_prob_bucket_lb6_n60_roineg0p02_edgeneg0p01_cedgeneg0p05_enabled,rule_label|odds_source|market_prob_bucket,6,60,-0.02,-0.01,-0.05,enabled,589,-73.33,-1.32,472.98,10,12,6,1,5,1,0.2
rule_label_odds_source_market_prob_bucket_lb6_n60_roineg0p02_edge0p0_cedgeneg0p05_enabled,rule_label|odds_source|market_prob_bucket,6,60,-0.02,0.0,-0.05,enabled,589,-73.33,-1.32,472.98,10,12,6,1,5,1,0.2
rule_label_odds_source_market_prob_bucket_lb6_n60_roineg0p02_edge0p01_cedgeneg0p05_enabled,rule_label|odds_source|market_prob_bucket,6,60,-0.02,0.01,-0.05,enabled,589,-73.33,-1.32,472.98,10,12,6,1,5,1,0.2
rule_label_odds_source_market_prob_bucket_lb6_n60_roi0p0_edgeneg0p01_cedgeneg0p05_enabled,rule_label|odds_source|market_prob_bucket,6,60,0.0,-0.01,-0.05,enabled,589,-73.33,-1.32,472.98,10,12,6,1,5,1,0.2
rule_label_odds_source_market_prob_bucket_lb6_n60_roi0p0_edge0p0_cedgeneg0p05_enabled,rule_label|odds_source|market_prob_bucket,6,60,0.0,0.0,-0.05,enabled,589,-73.33,-1.32,472.98,10,12,6,1,5,1,0.2
rule_label_odds_source_market_prob_bucket_lb6_n60_roi0p0_edge0p01_cedgeneg0p05_enabled,rule_label|odds_source|market_prob_bucket,6,60,0.0,0.01,-0.05,enabled,589,-73.33,-1.32,472.98,10,12,6,1,5,1,0.2
rule_label_odds_source_market_prob_bucket_lb6_n60_roi0p02_edgeneg0p01_cedgeneg0p05_enabled,rule_label|odds_source|market_prob_bucket,6,60,0.02,-0.01,-0.05,enabled,589,-73.33,-1.32,472.98,10,12,6,1,5,1,0.2
rule_label_odds_source_market_prob_bucket_lb6_n60_roi0p02_edge0p0_cedgeneg0p05_enabled,rule_label|odds_source|market_prob_bucket,6,60,0.02,0.0,-0.05,enabled,589,-73.33,-1.32,472.98,10,12,6,1,5,1,0.2
rule_label_odds_source_market_prob_bucket_lb6_n60_roi0p02_edge0p01_cedgeneg0p05_enabled,rule_label|odds_source|market_prob_bucket,6,60,0.02,0.01,-0.05,enabled,589,-73.33,-1.32,472.98,10,12,6,1,5,1,0.2
rule_label_market_prob_bucket_lb6_n40_roineg0p02_edgeneg0p01_cedgeneg0p02_enabled,rule_label|market_prob_bucket,6,40,-0.02,-0.01,-0.02,enabled,365,122.05,3.51,209.3,8,8,6,0,5,0,0.0
rule_label_market_prob_bucket_lb6_n40_roineg0p02_edge0p0_cedgeneg0p02_enabled,rule_label|market_prob_bucket,6,40,-0.02,0.0,-0.02,enabled,365,122.05,3.51,209.3,8,8,6,0,5,0,0.0
rule_label_market_prob_bucket_lb6_n40_roineg0p02_edge0p01_cedgeneg0p02_enabled,rule_label|market_prob_bucket,6,40,-0.02,0.01,-0.02,enabled,365,122.05,3.51,209.3,8,8,6,0,5,0,0.0
rule_label_market_prob_bucket_lb6_n40_roi0p0_edgeneg0p01_cedgeneg0p02_enabled,rule_label|market_prob_bucket,6,40,0.0,-0.01,-0.02,enabled,365,122.05,3.51,209.3,8,8,6,0,5,0,0.0
rule_label_market_prob_bucket_lb6_n40_roi0p0_edge0p0_cedgeneg0p02_enabled,rule_label|market_prob_bucket,6,40,0.0,0.0,-0.02,enabled,365,122.05,3.51,209.3,8,8,6,0,5,0,0.0
rule_label_market_prob_bucket_lb6_n40_roi0p0_edge0p01_cedgeneg0p02_enabled,rule_label|market_prob_bucket,6,40,0.0,0.01,-0.02,enabled,365,122.05,3.51,209.3,8,8,6,0,5,0,0.0
rule_label_market_prob_bucket_lb6_n40_roi0p02_edgeneg0p01_cedgeneg0p02_enabled,rule_label|market_prob_bucket,6,40,0.02,-0.01,-0.02,enabled,365,122.05,3.51,209.3,8,8,6,0,5,0,0.0
rule_label_market_prob_bucket_lb6_n40_roi0p02_edge0p0_cedgeneg0p02_enabled,rule_label|market_prob_bucket,6,40,0.02,0.0,-0.02,enabled,365,122.05,3.51,209.3,8,8,6,0,5,0,0.0
rule_label_market_prob_bucket_lb6_n40_roi0p02_edge0p01_cedgeneg0p02_enabled,rule_label|market_prob_bucket,6,40,0.02,0.01,-0.02,enabled,365,122.05,3.51,209.3,8,8,6,0,5,0,0.0
rule_label_market_prob_bucket_lb3_n40_roineg0p02_edgeneg0p01_cedgeneg0p02_enabled,rule_label|market_prob_bucket,3,40,-0.02,-0.01,-0.02,enabled,422,120.73,2.97,249.52,12,10,6,0,5,0,0.0
rule_label_market_prob_bucket_lb3_n40_roineg0p02_edge0p0_cedgeneg0p02_enabled,rule_label|market_prob_bucket,3,40,-0.02,0.0,-0.02,enabled,422,120.73,2.97,249.52,12,10,6,0,5,0,0.0
rule_label_market_prob_bucket_lb3_n40_roineg0p02_edge0p01_cedgeneg0p02_enabled,rule_label|market_prob_bucket,3,40,-0.02,0.01,-0.02,enabled,422,120.73,2.97,249.52,12,10,6,0,5,0,0.0
rule_label_market_prob_bucket_lb3_n40_roi0p0_edgeneg0p01_cedgeneg0p02_enabled,rule_label|market_prob_bucket,3,40,0.0,-0.01,-0.02,enabled,422,120.73,2.97,249.52,12,10,6,0,5,0,0.0
rule_label_market_prob_bucket_lb3_n40_roi0p0_edge0p0_cedgeneg0p02_enabled,rule_label|market_prob_bucket,3,40,0.0,0.0,-0.02,enabled,422,120.73,2.97,249.52,12,10,6,0,5,0,0.0
rule_label_market_prob_bucket_lb3_n40_roi0p0_edge0p01_cedgeneg0p02_enabled,rule_label|market_prob_bucket,3,40,0.0,0.01,-0.02,enabled,422,120.73,2.97,249.52,12,10,6,0,5,0,0.0
rule_label_market_prob_bucket_lb3_n40_roi0p02_edgeneg0p01_cedgeneg0p02_enabled,rule_label|market_prob_bucket,3,40,0.02,-0.01,-0.02,enabled,422,120.73,2.97,249.52,12,10,6,0,5,0,0.0
rule_label_market_prob_bucket_lb3_n40_roi0p02_edge0p0_cedgeneg0p02_enabled,rule_label|market_prob_bucket,3,40,0.02,0.0,-0.02,enabled,422,120.73,2.97,249.52,12,10,6,0,5,0,0.0
rule_label_market_prob_bucket_lb3_n40_roi0p02_edge0p01_cedgeneg0p02_enabled,rule_label|market_prob_bucket,3,40,0.02,0.01,-0.02,enabled,422,120.73,2.97,249.52,12,10,6,0,5,0,0.0
rule_label_market_prob_bucket_lb3_n20_roineg0p02_edgeneg0p01_cedge0p0_enabled,rule_label|market_prob_bucket,3,20,-0.02,-0.01,0.0,enabled,159,45.22,2.9,209.3,8,5,6,0,5,0,0.0
rule_label_market_prob_bucket_lb3_n20_roineg0p02_edge0p0_cedge0p0_enabled,rule_label|market_prob_bucket,3,20,-0.02,0.0,0.0,enabled,159,45.22,2.9,209.3,8,5,6,0,5,0,0.0
rule_label_market_prob_bucket_lb3_n20_roineg0p02_edge0p01_cedge0p0_enabled,rule_label|market_prob_bucket,3,20,-0.02,0.01,0.0,enabled,159,45.22,2.9,209.3,8,5,6,0,5,0,0.0
rule_label_market_prob_bucket_lb3_n20_roi0p0_edgeneg0p01_cedge0p0_enabled,rule_label|market_prob_bucket,3,20,0.0,-0.01,0.0,enabled,159,45.22,2.9,209.3,8,5,6,0,5,0,0.0
rule_label_market_prob_bucket_lb3_n20_roi0p0_edge0p0_cedge0p0_enabled,rule_label|market_prob_bucket,3,20,0.0,0.0,0.0,enabled,159,45.22,2.9,209.3,8,5,6,0,5,0,0.0
rule_label_market_prob_bucket_lb3_n20_roi0p0_edge0p01_cedge0p0_enabled,rule_label|market_prob_bucket,3,20,0.0,0.01,0.0,enabled,159,45.22,2.9,209.3,8,5,6,0,5,0,0.0
rule_label_market_prob_bucket_lb3_n20_roi0p02_edgeneg0p01_cedge0p0_enabled,rule_label|market_prob_bucket,3,20,0.02,-0.01,0.0,enabled,159,45.22,2.9,209.3,8,5,6,0,5,0,0.0
rule_label_market_prob_bucket_lb3_n20_roi0p02_edge0p0_cedge0p0_enabled,rule_label|market_prob_bucket,3,20,0.02,0.0,0.0,enabled,159,45.22,2.9,209.3,8,5,6,0,5,0,0.0
rule_label_market_prob_bucket_lb3_n20_roi0p02_edge0p01_cedge0p0_enabled,rule_label|market_prob_bucket,3,20,0.02,0.01,0.0,enabled,159,45.22,2.9,209.3,8,5,6,0,5,0,0.0
rule_label_market_prob_bucket_lb6_n20_roineg0p02_edgeneg0p01_cedgeneg0p02_enabled,rule_label|market_prob_bucket,6,20,-0.02,-0.01,-0.02,enabled,289,69.44,2.5,257.43,5,3,6,0,4,0,0.0
rule_label_market_prob_bucket_lb6_n20_roineg0p02_edge0p0_cedgeneg0p02_enabled,rule_label|market_prob_bucket,6,20,-0.02,0.0,-0.02,enabled,289,69.44,2.5,257.43,5,3,6,0,4,0,0.0
rule_label_market_prob_bucket_lb6_n20_roineg0p02_edge0p01_cedgeneg0p02_enabled,rule_label|market_prob_bucket,6,20,-0.02,0.01,-0.02,enabled,289,69.44,2.5,257.43,5,3,6,0,4,0,0.0
rule_label_market_prob_bucket_lb6_n20_roi0p0_edgeneg0p01_cedgeneg0p02_enabled,rule_label|market_prob_bucket,6,20,0.0,-0.01,-0.02,enabled,289,69.44,2.5,257.43,5,3,6,0,4,0,0.0
rule_label_market_prob_bucket_lb6_n20_roi0p0_edge0p0_cedgeneg0p02_enabled,rule_label|market_prob_bucket,6,20,0.0,0.0,-0.02,enabled,289,69.44,2.5,257.43,5,3,6,0,4,0,0.0
rule_label_market_prob_bucket_lb6_n20_roi0p0_edge0p01_cedgeneg0p02_enabled,rule_label|market_prob_bucket,6,20,0.0,0.01,-0.02,enabled,289,69.44,2.5,257.43,5,3,6,0,4,0,0.0
rule_label_market_prob_bucket_lb6_n20_roi0p02_edgeneg0p01_cedgeneg0p02_enabled,rule_label|market_prob_bucket,6,20,0.02,-0.01,-0.02,enabled,289,69.44,2.5,257.43,5,3,6,0,4,0,0.0
rule_label_market_prob_bucket_lb6_n20_roi0p02_edge0p0_cedgeneg0p02_enabled,rule_label|market_prob_bucket,6,20,0.02,0.0,-0.02,enabled,289,69.44,2.5,257.43,5,3,6,0,4,0,0.0
rule_label_market_prob_bucket_lb6_n20_roi0p02_edge0p01_cedgeneg0p02_enabled,rule_label|market_prob_bucket,6,20,0.02,0.01,-0.02,enabled,289,69.44,2.5,257.43,5,3,6,0,4,0,0.0
rule_label_market_prob_bucket_lb6_n40_roineg0p02_edgeneg0p01_cedge0p0_enabled,rule_label|market_prob_bucket,6,40,-0.02,-0.01,0.0,enabled,180,43.92,2.48,209.3,9,7,6,0,5,0,0.0
rule_label_market_prob_bucket_lb6_n40_roineg0p02_edge0p0_cedge0p0_enabled,rule_label|market_prob_bucket,6,40,-0.02,0.0,0.0,enabled,180,43.92,2.48,209.3,9,7,6,0,5,0,0.0
rule_label_market_prob_bucket_lb6_n40_roineg0p02_edge0p01_cedge0p0_enabled,rule_label|market_prob_bucket,6,40,-0.02,0.01,0.0,enabled,180,43.92,2.48,209.3,9,7,6,0,5,0,0.0
rule_label_market_prob_bucket_lb6_n40_roi0p0_edgeneg0p01_cedge0p0_enabled,rule_label|market_prob_bucket,6,40,0.0,-0.01,0.0,enabled,180,43.92,2.48,209.3,9,7,6,0,5,0,0.0
rule_label_market_prob_bucket_lb6_n40_roi0p0_edge0p0_cedge0p0_enabled,rule_label|market_prob_bucket,6,40,0.0,0.0,0.0,enabled,180,43.92,2.48,209.3,9,7,6,0,5,0,0.0
rule_label_market_prob_bucket_lb6_n40_roi0p0_edge0p01_cedge0p0_enabled,rule_label|market_prob_bucket,6,40,0.0,0.01,0.0,enabled,180,43.92,2.48,209.3,9,7,6,0,5,0,0.0
rule_label_market_prob_bucket_lb6_n40_roi0p02_edgeneg0p01_cedge0p0_enabled,rule_label|market_prob_bucket,6,40,0.02,-0.01,0.0,enabled,180,43.92,2.48,209.3,9,7,6,0,5,0,0.0
rule_label_market_prob_bucket_lb6_n40_roi0p02_edge0p0_cedge0p0_enabled,rule_label|market_prob_bucket,6,40,0.02,0.0,0.0,enabled,180,43.92,2.48,209.3,9,7,6,0,5,0,0.0
rule_label_market_prob_bucket_lb6_n40_roi0p02_edge0p01_cedge0p0_enabled,rule_label|market_prob_bucket,6,40,0.02,0.01,0.0,enabled,180,43.92,2.48,209.3,9,7,6,0,5,0,0.0
rule_label_odds_source_lb6_n20_roineg0p02_edgeneg0p01_cedgeneg0p05_enabled,rule_label|odds_source,6,20,-0.02,-0.01,-0.05,enabled,447,71.34,1.69,245.08,5,8,6,0,5,0,0.0
rule_label_odds_source_lb6_n20_roineg0p02_edge0p0_cedgeneg0p05_enabled,rule_label|odds_source,6,20,-0.02,0.0,-0.05,enabled,447,71.34,1.69,245.08,5,8,6,0,5,0,0.0
rule_label_odds_source_lb6_n20_roineg0p02_edge0p01_cedgeneg0p05_enabled,rule_label|odds_source,6,20,-0.02,0.01,-0.05,enabled,447,71.34,1.69,245.08,5,8,6,0,5,0,0.0
rule_label_odds_source_lb6_n20_roi0p0_edgeneg0p01_cedgeneg0p05_enabled,rule_label|odds_source,6,20,0.0,-0.01,-0.05,enabled,447,71.34,1.69,245.08,5,8,6,0,5,0,0.0
rule_label_odds_source_lb6_n20_roi0p0_edge0p0_cedgeneg0p05_enabled,rule_label|odds_source,6,20,0.0,0.0,-0.05,enabled,447,71.34,1.69,245.08,5,8,6,0,5,0,0.0
rule_label_odds_source_lb6_n20_roi0p0_edge0p01_cedgeneg0p05_enabled,rule_label|odds_source,6,20,0.0,0.01,-0.05,enabled,447,71.34,1.69,245.08,5,8,6,0,5,0,0.0
rule_label_odds_source_lb6_n20_roi0p02_edgeneg0p01_cedgeneg0p05_enabled,rule_label|odds_source,6,20,0.02,-0.01,-0.05,enabled,447,71.34,1.69,245.08,5,8,6,0,5,0,0.0
rule_label_odds_source_lb6_n20_roi0p02_edge0p0_cedgeneg0p05_enabled,rule_label|odds_source,6,20,0.02,0.0,-0.05,enabled,447,71.34,1.69,245.08,5,8,6,0,5,0,0.0
rule_label_odds_source_lb6_n20_roi0p02_edge0p01_cedgeneg0p05_enabled,rule_label|odds_source,6,20,0.02,0.01,-0.05,enabled,447,71.34,1.69,245.08,5,8,6,0,5,0,0.0
rule_label_odds_source_lb9_n20_roineg0p02_edgeneg0p01_cedgeneg0p05_enabled,rule_label|odds_source,9,20,-0.02,-0.01,-0.05,enabled,447,71.34,1.69,245.08,5,8,6,0,5,0,0.0
rule_label_odds_source_lb9_n20_roineg0p02_edge0p0_cedgeneg0p05_enabled,rule_label|odds_source,9,20,-0.02,0.0,-0.05,enabled,447,71.34,1.69,245.08,5,8,6,0,5,0,0.0
rule_label_odds_source_lb9_n20_roi0p0_edgeneg0p01_cedgeneg0p05_enabled,rule_label|odds_source,9,20,0.0,-0.01,-0.05,enabled,447,71.34,1.69,245.08,5,8,6,0,5,0,0.0
rule_label_odds_source_lb9_n20_roi0p0_edge0p0_cedgeneg0p05_enabled,rule_label|odds_source,9,20,0.0,0.0,-0.05,enabled,447,71.34,1.69,245.08,5,8,6,0,5,0,0.0
rule_label_market_prob_bucket_lb6_n40_roineg0p02_edgeneg0p01_cedgeneg0p05_enabled,rule_label|market_prob_bucket,6,40,-0.02,-0.01,-0.05,enabled,589,90.19,1.67,365.56,9,8,6,0,5,0,0.0
rule_label_market_prob_bucket_lb6_n40_roineg0p02_edge0p0_cedgeneg0p05_enabled,rule_label|market_prob_bucket,6,40,-0.02,0.0,-0.05,enabled,589,90.19,1.67,365.56,9,8,6,0,5,0,0.0
rule_label_market_prob_bucket_lb6_n40_roi0p0_edgeneg0p01_cedgeneg0p05_enabled,rule_label|market_prob_bucket,6,40,0.0,-0.01,-0.05,enabled,589,90.19,1.67,365.56,9,8,6,0,5,0,0.0
rule_label_market_prob_bucket_lb6_n40_roi0p0_edge0p0_cedgeneg0p05_enabled,rule_label|market_prob_bucket,6,40,0.0,0.0,-0.05,enabled,589,90.19,1.67,365.56,9,8,6,0,5,0,0.0
rule_label_market_prob_bucket_lb6_n40_roi0p02_edgeneg0p01_cedgeneg0p05_enabled,rule_label|market_prob_bucket,6,40,0.02,-0.01,-0.05,enabled,589,90.19,1.67,365.56,9,8,6,0,5,0,0.0
rule_label_market_prob_bucket_lb6_n40_roi0p02_edge0p0_cedgeneg0p05_enabled,rule_label|market_prob_bucket,6,40,0.02,0.0,-0.05,enabled,589,90.19,1.67,365.56,9,8,6,0,5,0,0.0
rule_label_market_prob_bucket_lb3_n40_roineg0p02_edgeneg0p01_cedgeneg0p05_enabled,rule_label|market_prob_bucket,3,40,-0.02,-0.01,-0.05,enabled,588,65.77,1.22,245.08,12,10,6,0,5,0,0.0
rule_label_market_prob_bucket_lb3_n40_roineg0p02_edge0p0_cedgeneg0p05_enabled,rule_label|market_prob_bucket,3,40,-0.02,0.0,-0.05,enabled,588,65.77,1.22,245.08,12,10,6,0,5,0,0.0
rule_label_market_prob_bucket_lb3_n40_roineg0p02_edge0p01_cedgeneg0p05_enabled,rule_label|market_prob_bucket,3,40,-0.02,0.01,-0.05,enabled,588,65.77,1.22,245.08,12,10,6,0,5,0,0.0
rule_label_market_prob_bucket_lb3_n40_roi0p0_edgeneg0p01_cedgeneg0p05_enabled,rule_label|market_prob_bucket,3,40,0.0,-0.01,-0.05,enabled,588,65.77,1.22,245.08,12,10,6,0,5,0,0.0
rule_label_market_prob_bucket_lb3_n40_roi0p0_edge0p0_cedgeneg0p05_enabled,rule_label|market_prob_bucket,3,40,0.0,0.0,-0.05,enabled,588,65.77,1.22,245.08,12,10,6,0,5,0,0.0
rule_label_market_prob_bucket_lb3_n40_roi0p0_edge0p01_cedgeneg0p05_enabled,rule_label|market_prob_bucket,3,40,0.0,0.01,-0.05,enabled,588,65.77,1.22,245.08,12,10,6,0,5,0,0.0
rule_label_market_prob_bucket_lb3_n40_roi0p02_edgeneg0p01_cedgeneg0p05_enabled,rule_label|market_prob_bucket,3,40,0.02,-0.01,-0.05,enabled,588,65.77,1.22,245.08,12,10,6,0,5,0,0.0
rule_label_market_prob_bucket_lb3_n40_roi0p02_edge0p0_cedgeneg0p05_enabled,rule_label|market_prob_bucket,3,40,0.02,0.0,-0.05,enabled,588,65.77,1.22,245.08,12,10,6,0,5,0,0.0
rule_label_market_prob_bucket_lb3_n40_roi0p02_edge0p01_cedgeneg0p05_enabled,rule_label|market_prob_bucket,3,40,0.02,0.01,-0.05,enabled,588,65.77,1.22,245.08,12,10,6,0,5,0,0.0
rule_label_odds_source_market_prob_bucket_lb3_n20_roineg0p02_edgeneg0p01_cedgeneg0p05_enabled,rule_label|odds_source|market_prob_bucket,3,20,-0.02,-0.01,-0.05,enabled,331,28.99,0.89,215.03,10,7,6,0,5,0,0.0
rule_label_odds_source_market_prob_bucket_lb3_n20_roineg0p02_edge0p0_cedgeneg0p05_enabled,rule_label|odds_source|market_prob_bucket,3,20,-0.02,0.0,-0.05,enabled,331,28.99,0.89,215.03,10,7,6,0,5,0,0.0
rule_label_odds_source_market_prob_bucket_lb3_n20_roineg0p02_edge0p01_cedgeneg0p05_enabled,rule_label|odds_source|market_prob_bucket,3,20,-0.02,0.01,-0.05,enabled,331,28.99,0.89,215.03,10,7,6,0,5,0,0.0
rule_label_odds_source_market_prob_bucket_lb3_n20_roi0p0_edgeneg0p01_cedgeneg0p05_enabled,rule_label|odds_source|market_prob_bucket,3,20,0.0,-0.01,-0.05,enabled,331,28.99,0.89,215.03,10,7,6,0,5,0,0.0
rule_label_odds_source_market_prob_bucket_lb3_n20_roi0p0_edge0p0_cedgeneg0p05_enabled,rule_label|odds_source|market_prob_bucket,3,20,0.0,0.0,-0.05,enabled,331,28.99,0.89,215.03,10,7,6,0,5,0,0.0
rule_label_odds_source_market_prob_bucket_lb3_n20_roi0p0_edge0p01_cedgeneg0p05_enabled,rule_label|odds_source|market_prob_bucket,3,20,0.0,0.01,-0.05,enabled,331,28.99,0.89,215.03,10,7,6,0,5,0,0.0
rule_label_odds_source_market_prob_bucket_lb3_n20_roi0p02_edgeneg0p01_cedgeneg0p05_enabled,rule_label|odds_source|market_prob_bucket,3,20,0.02,-0.01,-0.05,enabled,331,28.99,0.89,215.03,10,7,6,0,5,0,0.0
rule_label_odds_source_market_prob_bucket_lb3_n20_roi0p02_edge0p0_cedgeneg0p05_enabled,rule_label|odds_source|market_prob_bucket,3,20,0.02,0.0,-0.05,enabled,331,28.99,0.89,215.03,10,7,6,0,5,0,0.0
rule_label_odds_source_market_prob_bucket_lb3_n20_roi0p02_edge0p01_cedgeneg0p05_enabled,rule_label|odds_source|market_prob_bucket,3,20,0.02,0.01,-0.05,enabled,331,28.99,0.89,215.03,10,7,6,0,5,0,0.0
rule_label_market_prob_bucket_lb6_n40_roineg0p02_edge0p01_cedgeneg0p05_enabled,rule_label|market_prob_bucket,6,40,-0.02,0.01,-0.05,enabled,528,38.19,0.8,365.56,8,9,6,0,5,0,0.0
rule_label_market_prob_bucket_lb6_n40_roi0p0_edge0p01_cedgeneg0p05_enabled,rule_label|market_prob_bucket,6,40,0.0,0.01,-0.05,enabled,528,38.19,0.8,365.56,8,9,6,0,5,0,0.0
rule_label_market_prob_bucket_lb6_n40_roi0p02_edge0p01_cedgeneg0p05_enabled,rule_label|market_prob_bucket,6,40,0.02,0.01,-0.05,enabled,528,38.19,0.8,365.56,8,9,6,0,5,0,0.0
rule_label_odds_source_market_prob_bucket_lb6_n20_roineg0p02_edgeneg0p01_cedge0p0_enabled,rule_label|odds_source|market_prob_bucket,6,20,-0.02,-0.01,0.0,enabled,170,4.72,0.28,234.0,8,7,6,0,5,0,0.0
rule_label_odds_source_market_prob_bucket_lb6_n20_roineg0p02_edge0p0_cedge0p0_enabled,rule_label|odds_source|market_prob_bucket,6,20,-0.02,0.0,0.0,enabled,170,4.72,0.28,234.0,8,7,6,0,5,0,0.0
rule_label_odds_source_market_prob_bucket_lb6_n20_roineg0p02_edge0p01_cedge0p0_enabled,rule_label|odds_source|market_prob_bucket,6,20,-0.02,0.01,0.0,enabled,170,4.72,0.28,234.0,8,7,6,0,5,0,0.0
rule_label_odds_source_market_prob_bucket_lb6_n20_roi0p0_edgeneg0p01_cedge0p0_enabled,rule_label|odds_source|market_prob_bucket,6,20,0.0,-0.01,0.0,enabled,170,4.72,0.28,234.0,8,7,6,0,5,0,0.0
rule_label_odds_source_market_prob_bucket_lb6_n20_roi0p0_edge0p0_cedge0p0_enabled,rule_label|odds_source|market_prob_bucket,6,20,0.0,0.0,0.0,enabled,170,4.72,0.28,234.0,8,7,6,0,5,0,0.0
rule_label_odds_source_market_prob_bucket_lb6_n20_roi0p0_edge0p01_cedge0p0_enabled,rule_label|odds_source|market_prob_bucket,6,20,0.0,0.01,0.0,enabled,170,4.72,0.28,234.0,8,7,6,0,5,0,0.0
rule_label_odds_source_market_prob_bucket_lb6_n20_roi0p02_edgeneg0p01_cedge0p0_enabled,rule_label|odds_source|market_prob_bucket,6,20,0.02,-0.01,0.0,enabled,170,4.72,0.28,234.0,8,7,6,0,5,0,0.0
rule_label_odds_source_market_prob_bucket_lb6_n20_roi0p02_edge0p0_cedge0p0_enabled,rule_label|odds_source|market_prob_bucket,6,20,0.02,0.0,0.0,enabled,170,4.72,0.28,234.0,8,7,6,0,5,0,0.0
rule_label_odds_source_market_prob_bucket_lb6_n20_roi0p02_edge0p01_cedge0p0_enabled,rule_label|odds_source|market_prob_bucket,6,20,0.02,0.01,0.0,enabled,170,4.72,0.28,234.0,8,7,6,0,5,0,0.0
rule_label_market_prob_bucket_lb6_n20_roineg0p02_edgeneg0p01_cedgeneg0p05_enabled,rule_label|market_prob_bucket,6,20,-0.02,-0.01,-0.05,enabled,513,8.01,0.17,437.82,8,5,6,0,5,0,0.0
rule_label_market_prob_bucket_lb6_n20_roineg0p02_edge0p0_cedgeneg0p05_enabled,rule_label|market_prob_bucket,6,20,-0.02,0.0,-0.05,enabled,513,8.01,0.17,437.82,8,5,6,0,5,0,0.0
rule_label_market_prob_bucket_lb6_n20_roi0p0_edgeneg0p01_cedgeneg0p05_enabled,rule_label|market_prob_bucket,6,20,0.0,-0.01,-0.05,enabled,513,8.01,0.17,437.82,8,5,6,0,5,0,0.0
rule_label_market_prob_bucket_lb6_n20_roi0p0_edge0p0_cedgeneg0p05_enabled,rule_label|market_prob_bucket,6,20,0.0,0.0,-0.05,enabled,513,8.01,0.17,437.82,8,5,6,0,5,0,0.0
rule_label_market_prob_bucket_lb6_n20_roi0p02_edgeneg0p01_cedgeneg0p05_enabled,rule_label|market_prob_bucket,6,20,0.02,-0.01,-0.05,enabled,513,8.01,0.17,437.82,8,5,6,0,5,0,0.0
rule_label_market_prob_bucket_lb6_n20_roi0p02_edge0p0_cedgeneg0p05_enabled,rule_label|market_prob_bucket,6,20,0.02,0.0,-0.05,enabled,513,8.01,0.17,437.82,8,5,6,0,5,0,0.0
rule_label_market_prob_bucket_lb9_n20_roineg0p02_edgeneg0p01_cedgeneg0p05_enabled,rule_label|market_prob_bucket,9,20,-0.02,-0.01,-0.05,enabled,513,8.01,0.17,437.82,8,5,6,0,5,0,0.0
rule_label_market_prob_bucket_lb9_n20_roineg0p02_edge0p0_cedgeneg0p05_enabled,rule_label|market_prob_bucket,9,20,-0.02,0.0,-0.05,enabled,513,8.01,0.17,437.82,8,5,6,0,5,0,0.0
rule_label_market_prob_bucket_lb9_n20_roi0p0_edgeneg0p01_cedgeneg0p05_enabled,rule_label|market_prob_bucket,9,20,0.0,-0.01,-0.05,enabled,513,8.01,0.17,437.82,8,5,6,0,5,0,0.0
rule_label_market_prob_bucket_lb9_n20_roi0p0_edge0p0_cedgeneg0p05_enabled,rule_label|market_prob_bucket,9,20,0.0,0.0,-0.05,enabled,513,8.01,0.17,437.82,8,5,6,0,5,0,0.0
rule_label_market_prob_bucket_lb9_n20_roi0p02_edgeneg0p01_cedgeneg0p05_enabled,rule_label|market_prob_bucket,9,20,0.02,-0.01,-0.05,enabled,513,8.01,0.17,437.82,8,5,6,0,5,0,0.0
rule_label_market_prob_bucket_lb9_n20_roi0p02_edge0p0_cedgeneg0p05_enabled,rule_label|market_prob_bucket,9,20,0.02,0.0,-0.05,enabled,513,8.01,0.17,437.82,8,5,6,0,5,0,0.0
rule_label_market_prob_bucket_lb3_n20_roineg0p02_edgeneg0p01_cedgeneg0p05_enabled,rule_label|market_prob_bucket,3,20,-0.02,-0.01,-0.05,enabled,502,0.45,0.01,245.08,8,6,6,0,5,0,0.0
rule_label_market_prob_bucket_lb3_n20_roineg0p02_edge0p0_cedgeneg0p05_enabled,rule_label|market_prob_bucket,3,20,-0.02,0.0,-0.05,enabled,502,0.45,0.01,245.08,8,6,6,0,5,0,0.0
rule_label_market_prob_bucket_lb3_n20_roineg0p02_edge0p01_cedgeneg0p05_enabled,rule_label|market_prob_bucket,3,20,-0.02,0.01,-0.05,enabled,502,0.45,0.01,245.08,8,6,6,0,5,0,0.0
rule_label_market_prob_bucket_lb3_n20_roi0p0_edgeneg0p01_cedgeneg0p05_enabled,rule_label|market_prob_bucket,3,20,0.0,-0.01,-0.05,enabled,502,0.45,0.01,245.08,8,6,6,0,5,0,0.0
rule_label_market_prob_bucket_lb3_n20_roi0p0_edge0p0_cedgeneg0p05_enabled,rule_label|market_prob_bucket,3,20,0.0,0.0,-0.05,enabled,502,0.45,0.01,245.08,8,6,6,0,5,0,0.0
rule_label_market_prob_bucket_lb3_n20_roi0p0_edge0p01_cedgeneg0p05_enabled,rule_label|market_prob_bucket,3,20,0.0,0.01,-0.05,enabled,502,0.45,0.01,245.08,8,6,6,0,5,0,0.0
rule_label_market_prob_bucket_lb3_n20_roi0p02_edgeneg0p01_cedgeneg0p05_enabled,rule_label|market_prob_bucket,3,20,0.02,-0.01,-0.05,enabled,502,0.45,0.01,245.08,8,6,6,0,5,0,0.0
rule_label_market_prob_bucket_lb3_n20_roi0p02_edge0p0_cedgeneg0p05_enabled,rule_label|market_prob_bucket,3,20,0.02,0.0,-0.05,enabled,502,0.45,0.01,245.08,8,6,6,0,5,0,0.0
rule_label_market_prob_bucket_lb3_n20_roi0p02_edge0p01_cedgeneg0p05_enabled,rule_label|market_prob_bucket,3,20,0.02,0.01,-0.05,enabled,502,0.45,0.01,245.08,8,6,6,0,5,0,0.0
rule_label_market_prob_bucket_lb6_n60_roineg0p02_edge0p01_cedgeneg0p05_enabled,rule_label|market_prob_bucket,6,60,-0.02,0.01,-0.05,enabled,626,-5.13,-0.09,397.5,7,11,6,0,5,0,0.0
rule_label_market_prob_bucket_lb6_n60_roi0p0_edge0p01_cedgeneg0p05_enabled,rule_label|market_prob_bucket,6,60,0.0,0.01,-0.05,enabled,626,-5.13,-0.09,397.5,7,11,6,0,5,0,0.0
rule_label_market_prob_bucket_lb6_n60_roi0p02_edge0p01_cedgeneg0p05_enabled,rule_label|market_prob_bucket,6,60,0.02,0.01,-0.05,enabled,626,-5.13,-0.09,397.5,7,11,6,0,5,0,0.0
rule_label_market_prob_bucket_lb9_n40_roineg0p02_edgeneg0p01_cedgeneg0p05_enabled,rule_label|market_prob_bucket,9,40,-0.02,-0.01,-0.05,enabled,557,-23.22,-0.45,437.82,9,8,6,0,5,0,0.0
rule_label_market_prob_bucket_lb9_n40_roineg0p02_edge0p0_cedgeneg0p05_enabled,rule_label|market_prob_bucket,9,40,-0.02,0.0,-0.05,enabled,557,-23.22,-0.45,437.82,9,8,6,0,5,0,0.0
rule_label_market_prob_bucket_lb9_n40_roi0p0_edgeneg0p01_cedgeneg0p05_enabled,rule_label|market_prob_bucket,9,40,0.0,-0.01,-0.05,enabled,557,-23.22,-0.45,437.82,9,8,6,0,5,0,0.0
rule_label_market_prob_bucket_lb9_n40_roi0p0_edge0p0_cedgeneg0p05_enabled,rule_label|market_prob_bucket,9,40,0.0,0.0,-0.05,enabled,557,-23.22,-0.45,437.82,9,8,6,0,5,0,0.0
rule_label_market_prob_bucket_lb9_n40_roi0p02_edgeneg0p01_cedgeneg0p05_enabled,rule_label|market_prob_bucket,9,40,0.02,-0.01,-0.05,enabled,557,-23.22,-0.45,437.82,9,8,6,0,5,0,0.0
rule_label_market_prob_bucket_lb9_n40_roi0p02_edge0p0_cedgeneg0p05_enabled,rule_label|market_prob_bucket,9,40,0.02,0.0,-0.05,enabled,557,-23.22,-0.45,437.82,9,8,6,0,5,0,0.0
rule_label_odds_source_lb6_n60_roineg0p02_edgeneg0p01_cedgeneg0p05_enabled,rule_label|odds_source,6,60,-0.02,-0.01,-0.05,enabled,581,-30.94,-0.57,382.25,8,10,6,0,5,0,0.0
rule_label_odds_source_lb6_n60_roineg0p02_edge0p0_cedgeneg0p05_enabled,rule_label|odds_source,6,60,-0.02,0.0,-0.05,enabled,581,-30.94,-0.57,382.25,8,10,6,0,5,0,0.0
rule_label_odds_source_lb6_n60_roineg0p02_edge0p01_cedgeneg0p05_enabled,rule_label|odds_source,6,60,-0.02,0.01,-0.05,enabled,581,-30.94,-0.57,382.25,8,10,6,0,5,0,0.0
rule_label_odds_source_lb6_n60_roi0p0_edgeneg0p01_cedgeneg0p05_enabled,rule_label|odds_source,6,60,0.0,-0.01,-0.05,enabled,581,-30.94,-0.57,382.25,8,10,6,0,5,0,0.0
rule_label_odds_source_lb6_n60_roi0p0_edge0p0_cedgeneg0p05_enabled,rule_label|odds_source,6,60,0.0,0.0,-0.05,enabled,581,-30.94,-0.57,382.25,8,10,6,0,5,0,0.0
rule_label_odds_source_lb6_n60_roi0p0_edge0p01_cedgeneg0p05_enabled,rule_label|odds_source,6,60,0.0,0.01,-0.05,enabled,581,-30.94,-0.57,382.25,8,10,6,0,5,0,0.0
rule_label_odds_source_lb6_n60_roi0p02_edgeneg0p01_cedgeneg0p05_enabled,rule_label|odds_source,6,60,0.02,-0.01,-0.05,enabled,581,-30.94,-0.57,382.25,8,10,6,0,5,0,0.0
rule_label_odds_source_lb6_n60_roi0p02_edge0p0_cedgeneg0p05_enabled,rule_label|odds_source,6,60,0.02,0.0,-0.05,enabled,581,-30.94,-0.57,382.25,8,10,6,0,5,0,0.0
rule_label_odds_source_lb6_n60_roi0p02_edge0p01_cedgeneg0p05_enabled,rule_label|odds_source,6,60,0.02,0.01,-0.05,enabled,581,-30.94,-0.57,382.25,8,10,6,0,5,0,0.0
rule_label_odds_source_lb9_n60_roineg0p02_edgeneg0p01_cedgeneg0p05_enabled,rule_label|odds_source,9,60,-0.02,-0.01,-0.05,enabled,581,-30.94,-0.57,382.25,8,10,6,0,5,0,0.0
rule_label_odds_source_lb9_n60_roineg0p02_edge0p0_cedgeneg0p05_enabled,rule_label|odds_source,9,60,-0.02,0.0,-0.05,enabled,581,-30.94,-0.57,382.25,8,10,6,0,5,0,0.0
rule_label_odds_source_lb9_n60_roi0p0_edgeneg0p01_cedgeneg0p05_enabled,rule_label|odds_source,9,60,0.0,-0.01,-0.05,enabled,581,-30.94,-0.57,382.25,8,10,6,0,5,0,0.0
rule_label_odds_source_lb9_n60_roi0p0_edge0p0_cedgeneg0p05_enabled,rule_label|odds_source,9,60,0.0,0.0,-0.05,enabled,581,-30.94,-0.57,382.25,8,10,6,0,5,0,0.0
rule_label_odds_source_lb9_n20_roineg0p02_edge0p01_cedgeneg0p05_enabled,rule_label|odds_source,9,20,-0.02,0.01,-0.05,enabled,414,-27.36,-0.69,245.08,5,8,6,0,5,0,0.0
rule_label_odds_source_lb9_n20_roi0p0_edge0p01_cedgeneg0p05_enabled,rule_label|odds_source,9,20,0.0,0.01,-0.05,enabled,414,-27.36,-0.69,245.08,5,8,6,0,5,0,0.0
rule_label_odds_source_lb9_n20_roi0p02_edgeneg0p01_cedgeneg0p05_enabled,rule_label|odds_source,9,20,0.02,-0.01,-0.05,enabled,414,-27.36,-0.69,245.08,5,8,6,0,5,0,0.0
rule_label_odds_source_lb9_n20_roi0p02_edge0p0_cedgeneg0p05_enabled,rule_label|odds_source,9,20,0.02,0.0,-0.05,enabled,414,-27.36,-0.69,245.08,5,8,6,0,5,0,0.0
rule_label_odds_source_lb9_n20_roi0p02_edge0p01_cedgeneg0p05_enabled,rule_label|odds_source,9,20,0.02,0.01,-0.05,enabled,414,-27.36,-0.69,245.08,5,8,6,0,5,0,0.0
rule_label_market_prob_bucket_lb6_n20_roineg0p02_edge0p01_cedgeneg0p05_enabled,rule_label|market_prob_bucket,6,20,-0.02,0.01,-0.05,enabled,452,-43.99,-1.04,437.82,7,5,6,0,5,0,0.0
rule_label_market_prob_bucket_lb6_n20_roi0p0_edge0p01_cedgeneg0p05_enabled,rule_label|market_prob_bucket,6,20,0.0,0.01,-0.05,enabled,452,-43.99,-1.04,437.82,7,5,6,0,5,0,0.0
rule_label_market_prob_bucket_lb6_n20_roi0p02_edge0p01_cedgeneg0p05_enabled,rule_label|market_prob_bucket,6,20,0.02,0.01,-0.05,enabled,452,-43.99,-1.04,437.82,7,5,6,0,5,0,0.0
rule_label_market_prob_bucket_lb3_n60_roineg0p02_edgeneg0p01_cedgeneg0p02_enabled,rule_label|market_prob_bucket,3,60,-0.02,-0.01,-0.02,enabled,494,-51.85,-1.12,422.1,11,11,6,0,5,0,0.0
rule_label_market_prob_bucket_lb3_n60_roineg0p02_edge0p0_cedgeneg0p02_enabled,rule_label|market_prob_bucket,3,60,-0.02,0.0,-0.02,enabled,494,-51.85,-1.12,422.1,11,11,6,0,5,0,0.0
rule_label_market_prob_bucket_lb3_n60_roineg0p02_edge0p01_cedgeneg0p02_enabled,rule_label|market_prob_bucket,3,60,-0.02,0.01,-0.02,enabled,494,-51.85,-1.12,422.1,11,11,6,0,5,0,0.0
rule_label_market_prob_bucket_lb3_n60_roi0p0_edgeneg0p01_cedgeneg0p02_enabled,rule_label|market_prob_bucket,3,60,0.0,-0.01,-0.02,enabled,494,-51.85,-1.12,422.1,11,11,6,0,5,0,0.0
rule_label_market_prob_bucket_lb3_n60_roi0p0_edge0p0_cedgeneg0p02_enabled,rule_label|market_prob_bucket,3,60,0.0,0.0,-0.02,enabled,494,-51.85,-1.12,422.1,11,11,6,0,5,0,0.0
rule_label_market_prob_bucket_lb3_n60_roi0p0_edge0p01_cedgeneg0p02_enabled,rule_label|market_prob_bucket,3,60,0.0,0.01,-0.02,enabled,494,-51.85,-1.12,422.1,11,11,6,0,5,0,0.0
rule_label_market_prob_bucket_lb3_n60_roi0p02_edgeneg0p01_cedgeneg0p02_enabled,rule_label|market_prob_bucket,3,60,0.02,-0.01,-0.02,enabled,494,-51.85,-1.12,422.1,11,11,6,0,5,0,0.0
rule_label_market_prob_bucket_lb3_n60_roi0p02_edge0p0_cedgeneg0p02_enabled,rule_label|market_prob_bucket,3,60,0.02,0.0,-0.02,enabled,494,-51.85,-1.12,422.1,11,11,6,0,5,0,0.0
rule_label_market_prob_bucket_lb3_n60_roi0p02_edge0p01_cedgeneg0p02_enabled,rule_label|market_prob_bucket,3,60,0.02,0.01,-0.02,enabled,494,-51.85,-1.12,422.1,11,11,6,0,5,0,0.0
rule_label_odds_source_market_prob_bucket_lb3_n40_roineg0p02_edgeneg0p01_cedgeneg0p05_enabled,rule_label|odds_source|market_prob_bucket,3,40,-0.02,-0.01,-0.05,enabled,461,-50.19,-1.14,392.21,12,9,6,0,5,0,0.0
rule_label_odds_source_market_prob_bucket_lb3_n40_roineg0p02_edge0p0_cedgeneg0p05_enabled,rule_label|odds_source|market_prob_bucket,3,40,-0.02,0.0,-0.05,enabled,461,-50.19,-1.14,392.21,12,9,6,0,5,0,0.0
rule_label_odds_source_market_prob_bucket_lb3_n40_roineg0p02_edge0p01_cedgeneg0p05_enabled,rule_label|odds_source|market_prob_bucket,3,40,-0.02,0.01,-0.05,enabled,461,-50.19,-1.14,392.21,12,9,6,0,5,0,0.0
rule_label_odds_source_market_prob_bucket_lb3_n40_roi0p0_edgeneg0p01_cedgeneg0p05_enabled,rule_label|odds_source|market_prob_bucket,3,40,0.0,-0.01,-0.05,enabled,461,-50.19,-1.14,392.21,12,9,6,0,5,0,0.0
rule_label_odds_source_market_prob_bucket_lb3_n40_roi0p0_edge0p0_cedgeneg0p05_enabled,rule_label|odds_source|market_prob_bucket,3,40,0.0,0.0,-0.05,enabled,461,-50.19,-1.14,392.21,12,9,6,0,5,0,0.0
rule_label_odds_source_market_prob_bucket_lb3_n40_roi0p0_edge0p01_cedgeneg0p05_enabled,rule_label|odds_source|market_prob_bucket,3,40,0.0,0.01,-0.05,enabled,461,-50.19,-1.14,392.21,12,9,6,0,5,0,0.0
rule_label_odds_source_market_prob_bucket_lb3_n40_roi0p02_edgeneg0p01_cedgeneg0p05_enabled,rule_label|odds_source|market_prob_bucket,3,40,0.02,-0.01,-0.05,enabled,461,-50.19,-1.14,392.21,12,9,6,0,5,0,0.0
rule_label_odds_source_market_prob_bucket_lb3_n40_roi0p02_edge0p0_cedgeneg0p05_enabled,rule_label|odds_source|market_prob_bucket,3,40,0.02,0.0,-0.05,enabled,461,-50.19,-1.14,392.21,12,9,6,0,5,0,0.0
rule_label_odds_source_market_prob_bucket_lb3_n40_roi0p02_edge0p01_cedgeneg0p05_enabled,rule_label|odds_source|market_prob_bucket,3,40,0.02,0.01,-0.05,enabled,461,-50.19,-1.14,392.21,12,9,6,0,5,0,0.0
rule_label_odds_source_lb6_n40_roineg0p02_edgeneg0p01_cedgeneg0p05_enabled,rule_label|odds_source,6,40,-0.02,-0.01,-0.05,enabled,559,-70.34,-1.36,382.25,6,10,6,0,5,0,0.0
rule_label_odds_source_lb6_n40_roineg0p02_edge0p0_cedgeneg0p05_enabled,rule_label|odds_source,6,40,-0.02,0.0,-0.05,enabled,559,-70.34,-1.36,382.25,6,10,6,0,5,0,0.0
rule_label_odds_source_lb6_n40_roineg0p02_edge0p01_cedgeneg0p05_enabled,rule_label|odds_source,6,40,-0.02,0.01,-0.05,enabled,559,-70.34,-1.36,382.25,6,10,6,0,5,0,0.0
rule_label_odds_source_lb6_n40_roi0p0_edgeneg0p01_cedgeneg0p05_enabled,rule_label|odds_source,6,40,0.0,-0.01,-0.05,enabled,559,-70.34,-1.36,382.25,6,10,6,0,5,0,0.0
rule_label_odds_source_lb6_n40_roi0p0_edge0p0_cedgeneg0p05_enabled,rule_label|odds_source,6,40,0.0,0.0,-0.05,enabled,559,-70.34,-1.36,382.25,6,10,6,0,5,0,0.0
rule_label_odds_source_lb6_n40_roi0p0_edge0p01_cedgeneg0p05_enabled,rule_label|odds_source,6,40,0.0,0.01,-0.05,enabled,559,-70.34,-1.36,382.25,6,10,6,0,5,0,0.0
rule_label_odds_source_lb6_n40_roi0p02_edgeneg0p01_cedgeneg0p05_enabled,rule_label|odds_source,6,40,0.02,-0.01,-0.05,enabled,559,-70.34,-1.36,382.25,6,10,6,0,5,0,0.0
rule_label_odds_source_lb6_n40_roi0p02_edge0p0_cedgeneg0p05_enabled,rule_label|odds_source,6,40,0.02,0.0,-0.05,enabled,559,-70.34,-1.36,382.25,6,10,6,0,5,0,0.0
rule_label_odds_source_lb6_n40_roi0p02_edge0p01_cedgeneg0p05_enabled,rule_label|odds_source,6,40,0.02,0.01,-0.05,enabled,559,-70.34,-1.36,382.25,6,10,6,0,5,0,0.0
rule_label_odds_source_lb9_n40_roineg0p02_edgeneg0p01_cedgeneg0p05_enabled,rule_label|odds_source,9,40,-0.02,-0.01,-0.05,enabled,559,-70.34,-1.36,382.25,6,10,6,0,5,0,0.0
rule_label_odds_source_lb9_n40_roineg0p02_edge0p0_cedgeneg0p05_enabled,rule_label|odds_source,9,40,-0.02,0.0,-0.05,enabled,559,-70.34,-1.36,382.25,6,10,6,0,5,0,0.0
rule_label_odds_source_lb9_n40_roi0p0_edgeneg0p01_cedgeneg0p05_enabled,rule_label|odds_source,9,40,0.0,-0.01,-0.05,enabled,559,-70.34,-1.36,382.25,6,10,6,0,5,0,0.0
rule_label_odds_source_lb9_n40_roi0p0_edge0p0_cedgeneg0p05_enabled,rule_label|odds_source,9,40,0.0,0.0,-0.05,enabled,559,-70.34,-1.36,382.25,6,10,6,0,5,0,0.0
rule_label_odds_source_market_prob_bucket_lb6_n20_roineg0p02_edgeneg0p01_cedgeneg0p05_enabled,rule_label|odds_source|market_prob_bucket,6,20,-0.02,-0.01,-0.05,enabled,408,-56.25,-1.44,286.27,6,11,6,0,5,0,0.0
rule_label_odds_source_market_prob_bucket_lb6_n20_roineg0p02_edge0p0_cedgeneg0p05_enabled,rule_label|odds_source|market_prob_bucket,6,20,-0.02,0.0,-0.05,enabled,408,-56.25,-1.44,286.27,6,11,6,0,5,0,0.0
rule_label_odds_source_market_prob_bucket_lb6_n20_roineg0p02_edge0p01_cedgeneg0p05_enabled,rule_label|odds_source|market_prob_bucket,6,20,-0.02,0.01,-0.05,enabled,408,-56.25,-1.44,286.27,6,11,6,0,5,0,0.0
rule_label_odds_source_market_prob_bucket_lb6_n20_roi0p0_edgeneg0p01_cedgeneg0p05_enabled,rule_label|odds_source|market_prob_bucket,6,20,0.0,-0.01,-0.05,enabled,408,-56.25,-1.44,286.27,6,11,6,0,5,0,0.0
rule_label_odds_source_market_prob_bucket_lb6_n20_roi0p0_edge0p0_cedgeneg0p05_enabled,rule_label|odds_source|market_prob_bucket,6,20,0.0,0.0,-0.05,enabled,408,-56.25,-1.44,286.27,6,11,6,0,5,0,0.0
rule_label_odds_source_market_prob_bucket_lb6_n20_roi0p0_edge0p01_cedgeneg0p05_enabled,rule_label|odds_source|market_prob_bucket,6,20,0.0,0.01,-0.05,enabled,408,-56.25,-1.44,286.27,6,11,6,0,5,0,0.0
rule_label_odds_source_market_prob_bucket_lb6_n20_roi0p02_edgeneg0p01_cedgeneg0p05_enabled,rule_label|odds_source|market_prob_bucket,6,20,0.02,-0.01,-0.05,enabled,408,-56.25,-1.44,286.27,6,11,6,0,5,0,0.0
rule_label_odds_source_market_prob_bucket_lb6_n20_roi0p02_edge0p0_cedgeneg0p05_enabled,rule_label|odds_source|market_prob_bucket,6,20,0.02,0.0,-0.05,enabled,408,-56.25,-1.44,286.27,6,11,6,0,5,0,0.0
rule_label_odds_source_market_prob_bucket_lb6_n20_roi0p02_edge0p01_cedgeneg0p05_enabled,rule_label|odds_source|market_prob_bucket,6,20,0.02,0.01,-0.05,enabled,408,-56.25,-1.44,286.27,6,11,6,0,5,0,0.0
rule_label_market_prob_bucket_lb6_n20_roineg0p02_edgeneg0p01_cedge0p0_enabled,rule_label|market_prob_bucket,6,20,-0.02,-0.01,0.0,enabled,104,-15.68,-1.55,209.3,3,2,6,0,3,0,0.0
rule_label_market_prob_bucket_lb6_n20_roineg0p02_edge0p0_cedge0p0_enabled,rule_label|market_prob_bucket,6,20,-0.02,0.0,0.0,enabled,104,-15.68,-1.55,209.3,3,2,6,0,3,0,0.0
rule_label_market_prob_bucket_lb6_n20_roineg0p02_edge0p01_cedge0p0_enabled,rule_label|market_prob_bucket,6,20,-0.02,0.01,0.0,enabled,104,-15.68,-1.55,209.3,3,2,6,0,3,0,0.0
rule_label_market_prob_bucket_lb6_n20_roi0p0_edgeneg0p01_cedge0p0_enabled,rule_label|market_prob_bucket,6,20,0.0,-0.01,0.0,enabled,104,-15.68,-1.55,209.3,3,2,6,0,3,0,0.0
rule_label_market_prob_bucket_lb6_n20_roi0p0_edge0p0_cedge0p0_enabled,rule_label|market_prob_bucket,6,20,0.0,0.0,0.0,enabled,104,-15.68,-1.55,209.3,3,2,6,0,3,0,0.0
rule_label_market_prob_bucket_lb6_n20_roi0p0_edge0p01_cedge0p0_enabled,rule_label|market_prob_bucket,6,20,0.0,0.01,0.0,enabled,104,-15.68,-1.55,209.3,3,2,6,0,3,0,0.0
rule_label_market_prob_bucket_lb6_n20_roi0p02_edgeneg0p01_cedge0p0_enabled,rule_label|market_prob_bucket,6,20,0.02,-0.01,0.0,enabled,104,-15.68,-1.55,209.3,3,2,6,0,3,0,0.0
rule_label_market_prob_bucket_lb6_n20_roi0p02_edge0p0_cedge0p0_enabled,rule_label|market_prob_bucket,6,20,0.02,0.0,0.0,enabled,104,-15.68,-1.55,209.3,3,2,6,0,3,0,0.0
rule_label_market_prob_bucket_lb6_n20_roi0p02_edge0p01_cedge0p0_enabled,rule_label|market_prob_bucket,6,20,0.02,0.01,0.0,enabled,104,-15.68,-1.55,209.3,3,2,6,0,3,0,0.0
rule_label_market_prob_bucket_lb9_n20_roineg0p02_edgeneg0p01_cedge0p0_enabled,rule_label|market_prob_bucket,9,20,-0.02,-0.01,0.0,enabled,104,-15.68,-1.55,209.3,3,2,6,0,3,0,0.0
rule_label_market_prob_bucket_lb9_n20_roineg0p02_edge0p0_cedge0p0_enabled,rule_label|market_prob_bucket,9,20,-0.02,0.0,0.0,enabled,104,-15.68,-1.55,209.3,3,2,6,0,3,0,0.0
rule_label_market_prob_bucket_lb9_n20_roineg0p02_edge0p01_cedge0p0_enabled,rule_label|market_prob_bucket,9,20,-0.02,0.01,0.0,enabled,104,-15.68,-1.55,209.3,3,2,6,0,3,0,0.0
rule_label_market_prob_bucket_lb9_n20_roi0p0_edgeneg0p01_cedge0p0_enabled,rule_label|market_prob_bucket,9,20,0.0,-0.01,0.0,enabled,104,-15.68,-1.55,209.3,3,2,6,0,3,0,0.0
rule_label_market_prob_bucket_lb9_n20_roi0p0_edge0p0_cedge0p0_enabled,rule_label|market_prob_bucket,9,20,0.0,0.0,0.0,enabled,104,-15.68,-1.55,209.3,3,2,6,0,3,0,0.0
rule_label_market_prob_bucket_lb9_n20_roi0p0_edge0p01_cedge0p0_enabled,rule_label|market_prob_bucket,9,20,0.0,0.01,0.0,enabled,104,-15.68,-1.55,209.3,3,2,6,0,3,0,0.0
rule_label_market_prob_bucket_lb9_n20_roi0p02_edgeneg0p01_cedge0p0_enabled,rule_label|market_prob_bucket,9,20,0.02,-0.01,0.0,enabled,104,-15.68,-1.55,209.3,3,2,6,0,3,0,0.0
rule_label_market_prob_bucket_lb9_n20_roi0p02_edge0p0_cedge0p0_enabled,rule_label|market_prob_bucket,9,20,0.02,0.0,0.0,enabled,104,-15.68,-1.55,209.3,3,2,6,0,3,0,0.0
rule_label_market_prob_bucket_lb9_n20_roi0p02_edge0p01_cedge0p0_enabled,rule_label|market_prob_bucket,9,20,0.02,0.01,0.0,enabled,104,-15.68,-1.55,209.3,3,2,6,0,3,0,0.0
rule_label_market_prob_bucket_lb3_n60_roineg0p02_edgeneg0p01_cedgeneg0p05_enabled,rule_label|market_prob_bucket,3,60,-0.02,-0.01,-0.05,enabled,660,-106.81,-1.8,382.25,11,11,6,0,5,0,0.0
rule_label_market_prob_bucket_lb3_n60_roineg0p02_edge0p0_cedgeneg0p05_enabled,rule_label|market_prob_bucket,3,60,-0.02,0.0,-0.05,enabled,660,-106.81,-1.8,382.25,11,11,6,0,5,0,0.0
rule_label_market_prob_bucket_lb3_n60_roineg0p02_edge0p01_cedgeneg0p05_enabled,rule_label|market_prob_bucket,3,60,-0.02,0.01,-0.05,enabled,660,-106.81,-1.8,382.25,11,11,6,0,5,0,0.0
rule_label_market_prob_bucket_lb3_n60_roi0p0_edgeneg0p01_cedgeneg0p05_enabled,rule_label|market_prob_bucket,3,60,0.0,-0.01,-0.05,enabled,660,-106.81,-1.8,382.25,11,11,6,0,5,0,0.0
rule_label_market_prob_bucket_lb3_n60_roi0p0_edge0p0_cedgeneg0p05_enabled,rule_label|market_prob_bucket,3,60,0.0,0.0,-0.05,enabled,660,-106.81,-1.8,382.25,11,11,6,0,5,0,0.0
rule_label_market_prob_bucket_lb3_n60_roi0p0_edge0p01_cedgeneg0p05_enabled,rule_label|market_prob_bucket,3,60,0.0,0.01,-0.05,enabled,660,-106.81,-1.8,382.25,11,11,6,0,5,0,0.0
rule_label_market_prob_bucket_lb3_n60_roi0p02_edgeneg0p01_cedgeneg0p05_enabled,rule_label|market_prob_bucket,3,60,0.02,-0.01,-0.05,enabled,660,-106.81,-1.8,382.25,11,11,6,0,5,0,0.0
rule_label_market_prob_bucket_lb3_n60_roi0p02_edge0p0_cedgeneg0p05_enabled,rule_label|market_prob_bucket,3,60,0.02,0.0,-0.05,enabled,660,-106.81,-1.8,382.25,11,11,6,0,5,0,0.0
rule_label_market_prob_bucket_lb3_n60_roi0p02_edge0p01_cedgeneg0p05_enabled,rule_label|market_prob_bucket,3,60,0.02,0.01,-0.05,enabled,660,-106.81,-1.8,382.25,11,11,6,0,5,0,0.0
rule_label_market_prob_bucket_lb9_n60_roineg0p02_edge0p01_cedgeneg0p05_enabled,rule_label|market_prob_bucket,9,60,-0.02,0.01,-0.05,enabled,557,-118.56,-2.32,422.1,7,11,6,0,5,0,0.0
rule_label_market_prob_bucket_lb9_n60_roi0p0_edge0p01_cedgeneg0p05_enabled,rule_label|market_prob_bucket,9,60,0.0,0.01,-0.05,enabled,557,-118.56,-2.32,422.1,7,11,6,0,5,0,0.0
rule_label_market_prob_bucket_lb9_n60_roi0p02_edge0p01_cedgeneg0p05_enabled,rule_label|market_prob_bucket,9,60,0.02,0.01,-0.05,enabled,557,-118.56,-2.32,422.1,7,11,6,0,5,0,0.0
rule_label_market_prob_bucket_lb3_n20_roineg0p02_edgeneg0p01_cedgeneg0p02_enabled,rule_label|market_prob_bucket,3,20,-0.02,-0.01,-0.02,enabled,328,-74.87,-2.4,241.02,7,6,6,0,5,0,0.0
rule_label_market_prob_bucket_lb3_n20_roineg0p02_edge0p0_cedgeneg0p02_enabled,rule_label|market_prob_bucket,3,20,-0.02,0.0,-0.02,enabled,328,-74.87,-2.4,241.02,7,6,6,0,5,0,0.0
rule_label_market_prob_bucket_lb3_n20_roineg0p02_edge0p01_cedgeneg0p02_enabled,rule_label|market_prob_bucket,3,20,-0.02,0.01,-0.02,enabled,328,-74.87,-2.4,241.02,7,6,6,0,5,0,0.0
rule_label_market_prob_bucket_lb3_n20_roi0p0_edgeneg0p01_cedgeneg0p02_enabled,rule_label|market_prob_bucket,3,20,0.0,-0.01,-0.02,enabled,328,-74.87,-2.4,241.02,7,6,6,0,5,0,0.0
rule_label_market_prob_bucket_lb3_n20_roi0p0_edge0p0_cedgeneg0p02_enabled,rule_label|market_prob_bucket,3,20,0.0,0.0,-0.02,enabled,328,-74.87,-2.4,241.02,7,6,6,0,5,0,0.0
rule_label_market_prob_bucket_lb3_n20_roi0p0_edge0p01_cedgeneg0p02_enabled,rule_label|market_prob_bucket,3,20,0.0,0.01,-0.02,enabled,328,-74.87,-2.4,241.02,7,6,6,0,5,0,0.0
rule_label_market_prob_bucket_lb3_n20_roi0p02_edgeneg0p01_cedgeneg0p02_enabled,rule_label|market_prob_bucket,3,20,0.02,-0.01,-0.02,enabled,328,-74.87,-2.4,241.02,7,6,6,0,5,0,0.0
rule_label_market_prob_bucket_lb3_n20_roi0p02_edge0p0_cedgeneg0p02_enabled,rule_label|market_prob_bucket,3,20,0.02,0.0,-0.02,enabled,328,-74.87,-2.4,241.02,7,6,6,0,5,0,0.0
rule_label_market_prob_bucket_lb3_n20_roi0p02_edge0p01_cedgeneg0p02_enabled,rule_label|market_prob_bucket,3,20,0.02,0.01,-0.02,enabled,328,-74.87,-2.4,241.02,7,6,6,0,5,0,0.0
rule_label_odds_source_lb9_n60_roineg0p02_edge0p01_cedgeneg0p05_enabled,rule_label|odds_source,9,60,-0.02,0.01,-0.05,enabled,548,-129.64,-2.53,382.25,8,10,6,0,5,0,0.0
rule_label_odds_source_lb9_n60_roi0p0_edge0p01_cedgeneg0p05_enabled,rule_label|odds_source,9,60,0.0,0.01,-0.05,enabled,548,-129.64,-2.53,382.25,8,10,6,0,5,0,0.0
rule_label_odds_source_lb9_n60_roi0p02_edgeneg0p01_cedgeneg0p05_enabled,rule_label|odds_source,9,60,0.02,-0.01,-0.05,enabled,548,-129.64,-2.53,382.25,8,10,6,0,5,0,0.0
rule_label_odds_source_lb9_n60_roi0p02_edge0p0_cedgeneg0p05_enabled,rule_label|odds_source,9,60,0.02,0.0,-0.05,enabled,548,-129.64,-2.53,382.25,8,10,6,0,5,0,0.0
rule_label_odds_source_lb9_n60_roi0p02_edge0p01_cedgeneg0p05_enabled,rule_label|odds_source,9,60,0.02,0.01,-0.05,enabled,548,-129.64,-2.53,382.25,8,10,6,0,5,0,0.0
rule_label_odds_source_market_prob_bucket_lb3_n60_roineg0p02_edgeneg0p01_cedgeneg0p05_enabled,rule_label|odds_source|market_prob_bucket,3,60,-0.02,-0.01,-0.05,enabled,509,-126.09,-2.59,451.01,11,11,6,0,5,0,0.0
rule_label_odds_source_market_prob_bucket_lb3_n60_roineg0p02_edge0p0_cedgeneg0p05_enabled,rule_label|odds_source|market_prob_bucket,3,60,-0.02,0.0,-0.05,enabled,509,-126.09,-2.59,451.01,11,11,6,0,5,0,0.0
rule_label_odds_source_market_prob_bucket_lb3_n60_roineg0p02_edge0p01_cedgeneg0p05_enabled,rule_label|odds_source|market_prob_bucket,3,60,-0.02,0.01,-0.05,enabled,509,-126.09,-2.59,451.01,11,11,6,0,5,0,0.0
rule_label_odds_source_market_prob_bucket_lb3_n60_roi0p0_edgeneg0p01_cedgeneg0p05_enabled,rule_label|odds_source|market_prob_bucket,3,60,0.0,-0.01,-0.05,enabled,509,-126.09,-2.59,451.01,11,11,6,0,5,0,0.0
rule_label_odds_source_market_prob_bucket_lb3_n60_roi0p0_edge0p0_cedgeneg0p05_enabled,rule_label|odds_source|market_prob_bucket,3,60,0.0,0.0,-0.05,enabled,509,-126.09,-2.59,451.01,11,11,6,0,5,0,0.0
rule_label_odds_source_market_prob_bucket_lb3_n60_roi0p0_edge0p01_cedgeneg0p05_enabled,rule_label|odds_source|market_prob_bucket,3,60,0.0,0.01,-0.05,enabled,509,-126.09,-2.59,451.01,11,11,6,0,5,0,0.0
rule_label_odds_source_market_prob_bucket_lb3_n60_roi0p02_edgeneg0p01_cedgeneg0p05_enabled,rule_label|odds_source|market_prob_bucket,3,60,0.02,-0.01,-0.05,enabled,509,-126.09,-2.59,451.01,11,11,6,0,5,0,0.0
rule_label_odds_source_market_prob_bucket_lb3_n60_roi0p02_edge0p0_cedgeneg0p05_enabled,rule_label|odds_source|market_prob_bucket,3,60,0.02,0.0,-0.05,enabled,509,-126.09,-2.59,451.01,11,11,6,0,5,0,0.0
rule_label_odds_source_market_prob_bucket_lb3_n60_roi0p02_edge0p01_cedgeneg0p05_enabled,rule_label|odds_source|market_prob_bucket,3,60,0.02,0.01,-0.05,enabled,509,-126.09,-2.59,451.01,11,11,6,0,5,0,0.0
rule_label_odds_source_lb6_n20_roineg0p02_edgeneg0p01_cedgeneg0p02_enabled,rule_label|odds_source,6,20,-0.02,-0.01,-0.02,enabled,183,-61.98,-3.44,174.2,3,5,6,0,5,0,0.0
rule_label_odds_source_lb6_n20_roineg0p02_edge0p0_cedgeneg0p02_enabled,rule_label|odds_source,6,20,-0.02,0.0,-0.02,enabled,183,-61.98,-3.44,174.2,3,5,6,0,5,0,0.0
rule_label_odds_source_lb6_n20_roineg0p02_edge0p01_cedgeneg0p02_enabled,rule_label|odds_source,6,20,-0.02,0.01,-0.02,enabled,183,-61.98,-3.44,174.2,3,5,6,0,5,0,0.0
rule_label_odds_source_lb6_n20_roi0p0_edgeneg0p01_cedgeneg0p02_enabled,rule_label|odds_source,6,20,0.0,-0.01,-0.02,enabled,183,-61.98,-3.44,174.2,3,5,6,0,5,0,0.0
rule_label_odds_source_lb6_n20_roi0p0_edge0p0_cedgeneg0p02_enabled,rule_label|odds_source,6,20,0.0,0.0,-0.02,enabled,183,-61.98,-3.44,174.2,3,5,6,0,5,0,0.0
rule_label_odds_source_lb6_n20_roi0p0_edge0p01_cedgeneg0p02_enabled,rule_label|odds_source,6,20,0.0,0.01,-0.02,enabled,183,-61.98,-3.44,174.2,3,5,6,0,5,0,0.0
rule_label_odds_source_lb6_n20_roi0p02_edgeneg0p01_cedgeneg0p02_enabled,rule_label|odds_source,6,20,0.02,-0.01,-0.02,enabled,183,-61.98,-3.44,174.2,3,5,6,0,5,0,0.0
rule_label_odds_source_lb6_n20_roi0p02_edge0p0_cedgeneg0p02_enabled,rule_label|odds_source,6,20,0.02,0.0,-0.02,enabled,183,-61.98,-3.44,174.2,3,5,6,0,5,0,0.0
rule_label_odds_source_lb6_n20_roi0p02_edge0p01_cedgeneg0p02_enabled,rule_label|odds_source,6,20,0.02,0.01,-0.02,enabled,183,-61.98,-3.44,174.2,3,5,6,0,5,0,0.0
rule_label_odds_source_lb9_n40_roineg0p02_edge0p01_cedgeneg0p05_enabled,rule_label|odds_source,9,40,-0.02,0.01,-0.05,enabled,526,-169.04,-3.44,382.25,6,10,6,0,5,0,0.0
rule_label_odds_source_lb9_n40_roi0p0_edge0p01_cedgeneg0p05_enabled,rule_label|odds_source,9,40,0.0,0.01,-0.05,enabled,526,-169.04,-3.44,382.25,6,10,6,0,5,0,0.0
rule_label_odds_source_lb9_n40_roi0p02_edgeneg0p01_cedgeneg0p05_enabled,rule_label|odds_source,9,40,0.02,-0.01,-0.05,enabled,526,-169.04,-3.44,382.25,6,10,6,0,5,0,0.0
rule_label_odds_source_lb9_n40_roi0p02_edge0p0_cedgeneg0p05_enabled,rule_label|odds_source,9,40,0.02,0.0,-0.05,enabled,526,-169.04,-3.44,382.25,6,10,6,0,5,0,0.0
rule_label_odds_source_lb9_n40_roi0p02_edge0p01_cedgeneg0p05_enabled,rule_label|odds_source,9,40,0.02,0.01,-0.05,enabled,526,-169.04,-3.44,382.25,6,10,6,0,5,0,0.0
rule_label_market_prob_bucket_lb9_n20_roineg0p02_edge0p01_cedgeneg0p05_enabled,rule_label|market_prob_bucket,9,20,-0.02,0.01,-0.05,enabled,383,-128.0,-3.47,437.82,5,5,6,0,5,0,0.0
rule_label_market_prob_bucket_lb9_n20_roi0p0_edge0p01_cedgeneg0p05_enabled,rule_label|market_prob_bucket,9,20,0.0,0.01,-0.05,enabled,383,-128.0,-3.47,437.82,5,5,6,0,5,0,0.0
rule_label_market_prob_bucket_lb9_n20_roi0p02_edge0p01_cedgeneg0p05_enabled,rule_label|market_prob_bucket,9,20,0.02,0.01,-0.05,enabled,383,-128.0,-3.47,437.82,5,5,6,0,5,0,0.0
rule_label_odds_source_lb3_n20_roineg0p02_edgeneg0p01_cedge0p0_enabled,rule_label|odds_source,3,20,-0.02,-0.01,0.0,enabled,110,-38.68,-3.62,171.6,2,4,6,0,5,0,0.0
rule_label_odds_source_lb3_n20_roineg0p02_edge0p0_cedge0p0_enabled,rule_label|odds_source,3,20,-0.02,0.0,0.0,enabled,110,-38.68,-3.62,171.6,2,4,6,0,5,0,0.0
rule_label_odds_source_lb3_n20_roineg0p02_edge0p01_cedge0p0_enabled,rule_label|odds_source,3,20,-0.02,0.01,0.0,enabled,110,-38.68,-3.62,171.6,2,4,6,0,5,0,0.0
rule_label_odds_source_lb3_n20_roi0p0_edgeneg0p01_cedge0p0_enabled,rule_label|odds_source,3,20,0.0,-0.01,0.0,enabled,110,-38.68,-3.62,171.6,2,4,6,0,5,0,0.0
rule_label_odds_source_lb3_n20_roi0p0_edge0p0_cedge0p0_enabled,rule_label|odds_source,3,20,0.0,0.0,0.0,enabled,110,-38.68,-3.62,171.6,2,4,6,0,5,0,0.0
rule_label_odds_source_lb3_n20_roi0p0_edge0p01_cedge0p0_enabled,rule_label|odds_source,3,20,0.0,0.01,0.0,enabled,110,-38.68,-3.62,171.6,2,4,6,0,5,0,0.0
rule_label_odds_source_lb3_n20_roi0p02_edgeneg0p01_cedge0p0_enabled,rule_label|odds_source,3,20,0.02,-0.01,0.0,enabled,110,-38.68,-3.62,171.6,2,4,6,0,5,0,0.0
rule_label_odds_source_lb3_n20_roi0p02_edge0p0_cedge0p0_enabled,rule_label|odds_source,3,20,0.02,0.0,0.0,enabled,110,-38.68,-3.62,171.6,2,4,6,0,5,0,0.0
rule_label_odds_source_lb3_n20_roi0p02_edge0p01_cedge0p0_enabled,rule_label|odds_source,3,20,0.02,0.01,0.0,enabled,110,-38.68,-3.62,171.6,2,4,6,0,5,0,0.0
rule_label_odds_source_lb6_n20_roineg0p02_edgeneg0p01_cedge0p0_enabled,rule_label|odds_source,6,20,-0.02,-0.01,0.0,enabled,110,-38.68,-3.62,171.6,2,4,6,0,5,0,0.0
rule_label_odds_source_lb6_n20_roineg0p02_edge0p0_cedge0p0_enabled,rule_label|odds_source,6,20,-0.02,0.0,0.0,enabled,110,-38.68,-3.62,171.6,2,4,6,0,5,0,0.0
rule_label_odds_source_lb6_n20_roineg0p02_edge0p01_cedge0p0_enabled,rule_label|odds_source,6,20,-0.02,0.01,0.0,enabled,110,-38.68,-3.62,171.6,2,4,6,0,5,0,0.0
rule_label_odds_source_lb6_n20_roi0p0_edgeneg0p01_cedge0p0_enabled,rule_label|odds_source,6,20,0.0,-0.01,0.0,enabled,110,-38.68,-3.62,171.6,2,4,6,0,5,0,0.0
rule_label_odds_source_lb6_n20_roi0p0_edge0p0_cedge0p0_enabled,rule_label|odds_source,6,20,0.0,0.0,0.0,enabled,110,-38.68,-3.62,171.6,2,4,6,0,5,0,0.0
rule_label_odds_source_lb6_n20_roi0p0_edge0p01_cedge0p0_enabled,rule_label|odds_source,6,20,0.0,0.01,0.0,enabled,110,-38.68,-3.62,171.6,2,4,6,0,5,0,0.0
rule_label_odds_source_lb6_n20_roi0p02_edgeneg0p01_cedge0p0_enabled,rule_label|odds_source,6,20,0.02,-0.01,0.0,enabled,110,-38.68,-3.62,171.6,2,4,6,0,5,0,0.0
rule_label_odds_source_lb6_n20_roi0p02_edge0p0_cedge0p0_enabled,rule_label|odds_source,6,20,0.02,0.0,0.0,enabled,110,-38.68,-3.62,171.6,2,4,6,0,5,0,0.0
rule_label_odds_source_lb6_n20_roi0p02_edge0p01_cedge0p0_enabled,rule_label|odds_source,6,20,0.02,0.01,0.0,enabled,110,-38.68,-3.62,171.6,2,4,6,0,5,0,0.0
rule_label_odds_source_lb9_n20_roineg0p02_edgeneg0p01_cedgeneg0p02_enabled,rule_label|odds_source,9,20,-0.02,-0.01,-0.02,enabled,110,-38.68,-3.62,171.6,2,4,6,0,5,0,0.0
rule_label_odds_source_lb9_n20_roineg0p02_edgeneg0p01_cedge0p0_enabled,rule_label|odds_source,9,20,-0.02,-0.01,0.0,enabled,110,-38.68,-3.62,171.6,2,4,6,0,5,0,0.0
rule_label_odds_source_lb9_n20_roineg0p02_edge0p0_cedgeneg0p02_enabled,rule_label|odds_source,9,20,-0.02,0.0,-0.02,enabled,110,-38.68,-3.62,171.6,2,4,6,0,5,0,0.0
rule_label_odds_source_lb9_n20_roineg0p02_edge0p0_cedge0p0_enabled,rule_label|odds_source,9,20,-0.02,0.0,0.0,enabled,110,-38.68,-3.62,171.6,2,4,6,0,5,0,0.0
rule_label_odds_source_lb9_n20_roineg0p02_edge0p01_cedgeneg0p02_enabled,rule_label|odds_source,9,20,-0.02,0.01,-0.02,enabled,110,-38.68,-3.62,171.6,2,4,6,0,5,0,0.0
rule_label_odds_source_lb9_n20_roineg0p02_edge0p01_cedge0p0_enabled,rule_label|odds_source,9,20,-0.02,0.01,0.0,enabled,110,-38.68,-3.62,171.6,2,4,6,0,5,0,0.0
rule_label_odds_source_lb9_n20_roi0p0_edgeneg0p01_cedgeneg0p02_enabled,rule_label|odds_source,9,20,0.0,-0.01,-0.02,enabled,110,-38.68,-3.62,171.6,2,4,6,0,5,0,0.0
rule_label_odds_source_lb9_n20_roi0p0_edgeneg0p01_cedge0p0_enabled,rule_label|odds_source,9,20,0.0,-0.01,0.0,enabled,110,-38.68,-3.62,171.6,2,4,6,0,5,0,0.0
rule_label_odds_source_lb9_n20_roi0p0_edge0p0_cedgeneg0p02_enabled,rule_label|odds_source,9,20,0.0,0.0,-0.02,enabled,110,-38.68,-3.62,171.6,2,4,6,0,5,0,0.0
rule_label_odds_source_lb9_n20_roi0p0_edge0p0_cedge0p0_enabled,rule_label|odds_source,9,20,0.0,0.0,0.0,enabled,110,-38.68,-3.62,171.6,2,4,6,0,5,0,0.0
rule_label_odds_source_lb9_n20_roi0p0_edge0p01_cedgeneg0p02_enabled,rule_label|odds_source,9,20,0.0,0.01,-0.02,enabled,110,-38.68,-3.62,171.6,2,4,6,0,5,0,0.0
rule_label_odds_source_lb9_n20_roi0p0_edge0p01_cedge0p0_enabled,rule_label|odds_source,9,20,0.0,0.01,0.0,enabled,110,-38.68,-3.62,171.6,2,4,6,0,5,0,0.0
rule_label_odds_source_lb9_n20_roi0p02_edgeneg0p01_cedgeneg0p02_enabled,rule_label|odds_source,9,20,0.02,-0.01,-0.02,enabled,110,-38.68,-3.62,171.6,2,4,6,0,5,0,0.0
rule_label_odds_source_lb9_n20_roi0p02_edgeneg0p01_cedge0p0_enabled,rule_label|odds_source,9,20,0.02,-0.01,0.0,enabled,110,-38.68,-3.62,171.6,2,4,6,0,5,0,0.0
rule_label_odds_source_lb9_n20_roi0p02_edge0p0_cedgeneg0p02_enabled,rule_label|odds_source,9,20,0.02,0.0,-0.02,enabled,110,-38.68,-3.62,171.6,2,4,6,0,5,0,0.0
rule_label_odds_source_lb9_n20_roi0p02_edge0p0_cedge0p0_enabled,rule_label|odds_source,9,20,0.02,0.0,0.0,enabled,110,-38.68,-3.62,171.6,2,4,6,0,5,0,0.0
rule_label_odds_source_lb9_n20_roi0p02_edge0p01_cedgeneg0p02_enabled,rule_label|odds_source,9,20,0.02,0.01,-0.02,enabled,110,-38.68,-3.62,171.6,2,4,6,0,5,0,0.0
rule_label_odds_source_lb9_n20_roi0p02_edge0p01_cedge0p0_enabled,rule_label|odds_source,9,20,0.02,0.01,0.0,enabled,110,-38.68,-3.62,171.6,2,4,6,0,5,0,0.0
rule_label_odds_source_market_prob_bucket_lb9_n60_roineg0p02_edgeneg0p01_cedgeneg0p05_enabled,rule_label|odds_source|market_prob_bucket,9,60,-0.02,-0.01,-0.05,enabled,585,-221.74,-4.03,472.98,9,13,6,0,5,0,0.0
rule_label_odds_source_market_prob_bucket_lb9_n60_roineg0p02_edge0p0_cedgeneg0p05_enabled,rule_label|odds_source|market_prob_bucket,9,60,-0.02,0.0,-0.05,enabled,585,-221.74,-4.03,472.98,9,13,6,0,5,0,0.0
rule_label_odds_source_market_prob_bucket_lb9_n60_roineg0p02_edge0p01_cedgeneg0p05_enabled,rule_label|odds_source|market_prob_bucket,9,60,-0.02,0.01,-0.05,enabled,585,-221.74,-4.03,472.98,9,13,6,0,5,0,0.0
rule_label_odds_source_market_prob_bucket_lb9_n60_roi0p0_edgeneg0p01_cedgeneg0p05_enabled,rule_label|odds_source|market_prob_bucket,9,60,0.0,-0.01,-0.05,enabled,585,-221.74,-4.03,472.98,9,13,6,0,5,0,0.0
rule_label_odds_source_market_prob_bucket_lb9_n60_roi0p0_edge0p0_cedgeneg0p05_enabled,rule_label|odds_source|market_prob_bucket,9,60,0.0,0.0,-0.05,enabled,585,-221.74,-4.03,472.98,9,13,6,0,5,0,0.0
rule_label_odds_source_market_prob_bucket_lb9_n60_roi0p0_edge0p01_cedgeneg0p05_enabled,rule_label|odds_source|market_prob_bucket,9,60,0.0,0.01,-0.05,enabled,585,-221.74,-4.03,472.98,9,13,6,0,5,0,0.0
rule_label_odds_source_market_prob_bucket_lb9_n60_roi0p02_edgeneg0p01_cedgeneg0p05_enabled,rule_label|odds_source|market_prob_bucket,9,60,0.02,-0.01,-0.05,enabled,585,-221.74,-4.03,472.98,9,13,6,0,5,0,0.0
rule_label_odds_source_market_prob_bucket_lb9_n60_roi0p02_edge0p0_cedgeneg0p05_enabled,rule_label|odds_source|market_prob_bucket,9,60,0.02,0.0,-0.05,enabled,585,-221.74,-4.03,472.98,9,13,6,0,5,0,0.0
rule_label_odds_source_market_prob_bucket_lb9_n60_roi0p02_edge0p01_cedgeneg0p05_enabled,rule_label|odds_source|market_prob_bucket,9,60,0.02,0.01,-0.05,enabled,585,-221.74,-4.03,472.98,9,13,6,0,5,0,0.0
rule_label_odds_source_market_prob_bucket_lb9_n40_roineg0p02_edgeneg0p01_cedgeneg0p05_enabled,rule_label|odds_source|market_prob_bucket,9,40,-0.02,-0.01,-0.05,enabled,522,-202.34,-4.16,414.18,8,12,6,0,5,0,0.0
rule_label_odds_source_market_prob_bucket_lb9_n40_roineg0p02_edge0p0_cedgeneg0p05_enabled,rule_label|odds_source|market_prob_bucket,9,40,-0.02,0.0,-0.05,enabled,522,-202.34,-4.16,414.18,8,12,6,0,5,0,0.0
rule_label_odds_source_market_prob_bucket_lb9_n40_roineg0p02_edge0p01_cedgeneg0p05_enabled,rule_label|odds_source|market_prob_bucket,9,40,-0.02,0.01,-0.05,enabled,522,-202.34,-4.16,414.18,8,12,6,0,5,0,0.0
rule_label_odds_source_market_prob_bucket_lb9_n40_roi0p0_edgeneg0p01_cedgeneg0p05_enabled,rule_label|odds_source|market_prob_bucket,9,40,0.0,-0.01,-0.05,enabled,522,-202.34,-4.16,414.18,8,12,6,0,5,0,0.0
rule_label_odds_source_market_prob_bucket_lb9_n40_roi0p0_edge0p0_cedgeneg0p05_enabled,rule_label|odds_source|market_prob_bucket,9,40,0.0,0.0,-0.05,enabled,522,-202.34,-4.16,414.18,8,12,6,0,5,0,0.0
rule_label_odds_source_market_prob_bucket_lb9_n40_roi0p0_edge0p01_cedgeneg0p05_enabled,rule_label|odds_source|market_prob_bucket,9,40,0.0,0.01,-0.05,enabled,522,-202.34,-4.16,414.18,8,12,6,0,5,0,0.0
rule_label_odds_source_market_prob_bucket_lb9_n40_roi0p02_edgeneg0p01_cedgeneg0p05_enabled,rule_label|odds_source|market_prob_bucket,9,40,0.02,-0.01,-0.05,enabled,522,-202.34,-4.16,414.18,8,12,6,0,5,0,0.0
rule_label_odds_source_market_prob_bucket_lb9_n40_roi0p02_edge0p0_cedgeneg0p05_enabled,rule_label|odds_source|market_prob_bucket,9,40,0.02,0.0,-0.05,enabled,522,-202.34,-4.16,414.18,8,12,6,0,5,0,0.0
rule_label_odds_source_market_prob_bucket_lb9_n40_roi0p02_edge0p01_cedgeneg0p05_enabled,rule_label|odds_source|market_prob_bucket,9,40,0.02,0.01,-0.05,enabled,522,-202.34,-4.16,414.18,8,12,6,0,5,0,0.0
rule_label_odds_source_lb3_n20_roineg0p02_edgeneg0p01_cedgeneg0p05_enabled,rule_label|odds_source,3,20,-0.02,-0.01,-0.05,enabled,273,-115.81,-4.32,254.53,4,6,6,0,5,0,0.0
rule_label_odds_source_lb3_n20_roineg0p02_edge0p0_cedgeneg0p05_enabled,rule_label|odds_source,3,20,-0.02,0.0,-0.05,enabled,273,-115.81,-4.32,254.53,4,6,6,0,5,0,0.0
rule_label_odds_source_lb3_n20_roineg0p02_edge0p01_cedgeneg0p05_enabled,rule_label|odds_source,3,20,-0.02,0.01,-0.05,enabled,273,-115.81,-4.32,254.53,4,6,6,0,5,0,0.0
rule_label_odds_source_lb3_n20_roi0p0_edgeneg0p01_cedgeneg0p05_enabled,rule_label|odds_source,3,20,0.0,-0.01,-0.05,enabled,273,-115.81,-4.32,254.53,4,6,6,0,5,0,0.0
rule_label_odds_source_lb3_n20_roi0p0_edge0p0_cedgeneg0p05_enabled,rule_label|odds_source,3,20,0.0,0.0,-0.05,enabled,273,-115.81,-4.32,254.53,4,6,6,0,5,0,0.0
rule_label_odds_source_lb3_n20_roi0p0_edge0p01_cedgeneg0p05_enabled,rule_label|odds_source,3,20,0.0,0.01,-0.05,enabled,273,-115.81,-4.32,254.53,4,6,6,0,5,0,0.0
rule_label_odds_source_lb3_n20_roi0p02_edgeneg0p01_cedgeneg0p05_enabled,rule_label|odds_source,3,20,0.02,-0.01,-0.05,enabled,273,-115.81,-4.32,254.53,4,6,6,0,5,0,0.0
rule_label_odds_source_lb3_n20_roi0p02_edge0p0_cedgeneg0p05_enabled,rule_label|odds_source,3,20,0.02,0.0,-0.05,enabled,273,-115.81,-4.32,254.53,4,6,6,0,5,0,0.0
rule_label_odds_source_lb3_n20_roi0p02_edge0p01_cedgeneg0p05_enabled,rule_label|odds_source,3,20,0.02,0.01,-0.05,enabled,273,-115.81,-4.32,254.53,4,6,6,0,5,0,0.0
rule_label_odds_source_lb3_n40_roineg0p02_edgeneg0p01_cedge0p0_enabled,rule_label|odds_source,3,40,-0.02,-0.01,0.0,enabled,252,-102.06,-4.4,382.25,5,6,6,0,5,0,0.0
rule_label_odds_source_lb3_n40_roineg0p02_edge0p0_cedge0p0_enabled,rule_label|odds_source,3,40,-0.02,0.0,0.0,enabled,252,-102.06,-4.4,382.25,5,6,6,0,5,0,0.0
rule_label_odds_source_lb3_n40_roineg0p02_edge0p01_cedge0p0_enabled,rule_label|odds_source,3,40,-0.02,0.01,0.0,enabled,252,-102.06,-4.4,382.25,5,6,6,0,5,0,0.0
rule_label_odds_source_lb3_n40_roi0p0_edgeneg0p01_cedge0p0_enabled,rule_label|odds_source,3,40,0.0,-0.01,0.0,enabled,252,-102.06,-4.4,382.25,5,6,6,0,5,0,0.0
rule_label_odds_source_lb3_n40_roi0p0_edge0p0_cedge0p0_enabled,rule_label|odds_source,3,40,0.0,0.0,0.0,enabled,252,-102.06,-4.4,382.25,5,6,6,0,5,0,0.0
rule_label_odds_source_lb3_n40_roi0p0_edge0p01_cedge0p0_enabled,rule_label|odds_source,3,40,0.0,0.01,0.0,enabled,252,-102.06,-4.4,382.25,5,6,6,0,5,0,0.0
rule_label_odds_source_lb3_n40_roi0p02_edgeneg0p01_cedge0p0_enabled,rule_label|odds_source,3,40,0.02,-0.01,0.0,enabled,252,-102.06,-4.4,382.25,5,6,6,0,5,0,0.0
rule_label_odds_source_lb3_n40_roi0p02_edge0p0_cedge0p0_enabled,rule_label|odds_source,3,40,0.02,0.0,0.0,enabled,252,-102.06,-4.4,382.25,5,6,6,0,5,0,0.0
rule_label_odds_source_lb3_n40_roi0p02_edge0p01_cedge0p0_enabled,rule_label|odds_source,3,40,0.02,0.01,0.0,enabled,252,-102.06,-4.4,382.25,5,6,6,0,5,0,0.0
rule_label_odds_source_lb3_n40_roineg0p02_edgeneg0p01_cedgeneg0p05_enabled,rule_label|odds_source,3,40,-0.02,-0.01,-0.05,enabled,415,-179.19,-4.56,415.91,7,8,6,0,5,0,0.0
rule_label_odds_source_lb3_n40_roineg0p02_edge0p0_cedgeneg0p05_enabled,rule_label|odds_source,3,40,-0.02,0.0,-0.05,enabled,415,-179.19,-4.56,415.91,7,8,6,0,5,0,0.0
rule_label_odds_source_lb3_n40_roineg0p02_edge0p01_cedgeneg0p05_enabled,rule_label|odds_source,3,40,-0.02,0.01,-0.05,enabled,415,-179.19,-4.56,415.91,7,8,6,0,5,0,0.0
rule_label_odds_source_lb3_n40_roi0p0_edgeneg0p01_cedgeneg0p05_enabled,rule_label|odds_source,3,40,0.0,-0.01,-0.05,enabled,415,-179.19,-4.56,415.91,7,8,6,0,5,0,0.0
rule_label_odds_source_lb3_n40_roi0p0_edge0p0_cedgeneg0p05_enabled,rule_label|odds_source,3,40,0.0,0.0,-0.05,enabled,415,-179.19,-4.56,415.91,7,8,6,0,5,0,0.0
rule_label_odds_source_lb3_n40_roi0p0_edge0p01_cedgeneg0p05_enabled,rule_label|odds_source,3,40,0.0,0.01,-0.05,enabled,415,-179.19,-4.56,415.91,7,8,6,0,5,0,0.0
rule_label_odds_source_lb3_n40_roi0p02_edgeneg0p01_cedgeneg0p05_enabled,rule_label|odds_source,3,40,0.02,-0.01,-0.05,enabled,415,-179.19,-4.56,415.91,7,8,6,0,5,0,0.0
rule_label_odds_source_lb3_n40_roi0p02_edge0p0_cedgeneg0p05_enabled,rule_label|odds_source,3,40,0.02,0.0,-0.05,enabled,415,-179.19,-4.56,415.91,7,8,6,0,5,0,0.0
rule_label_odds_source_lb3_n40_roi0p02_edge0p01_cedgeneg0p05_enabled,rule_label|odds_source,3,40,0.02,0.01,-0.05,enabled,415,-179.19,-4.56,415.91,7,8,6,0,5,0,0.0
rule_label_market_prob_bucket_lb9_n40_roineg0p02_edge0p01_cedgeneg0p05_enabled,rule_label|market_prob_bucket,9,40,-0.02,0.01,-0.05,enabled,427,-188.65,-4.61,437.82,7,9,6,0,5,0,0.0
rule_label_market_prob_bucket_lb9_n40_roi0p0_edge0p01_cedgeneg0p05_enabled,rule_label|market_prob_bucket,9,40,0.0,0.01,-0.05,enabled,427,-188.65,-4.61,437.82,7,9,6,0,5,0,0.0
rule_label_market_prob_bucket_lb9_n40_roi0p02_edge0p01_cedgeneg0p05_enabled,rule_label|market_prob_bucket,9,40,0.02,0.01,-0.05,enabled,427,-188.65,-4.61,437.82,7,9,6,0,5,0,0.0
rule_label_odds_source_lb3_n60_roineg0p02_edgeneg0p01_cedgeneg0p05_enabled,rule_label|odds_source,3,60,-0.02,-0.01,-0.05,enabled,422,-196.29,-4.91,415.91,7,9,6,0,5,0,0.0
rule_label_odds_source_lb3_n60_roineg0p02_edge0p0_cedgeneg0p05_enabled,rule_label|odds_source,3,60,-0.02,0.0,-0.05,enabled,422,-196.29,-4.91,415.91,7,9,6,0,5,0,0.0
rule_label_odds_source_lb3_n60_roineg0p02_edge0p01_cedgeneg0p05_enabled,rule_label|odds_source,3,60,-0.02,0.01,-0.05,enabled,422,-196.29,-4.91,415.91,7,9,6,0,5,0,0.0
rule_label_odds_source_lb3_n60_roi0p0_edgeneg0p01_cedgeneg0p05_enabled,rule_label|odds_source,3,60,0.0,-0.01,-0.05,enabled,422,-196.29,-4.91,415.91,7,9,6,0,5,0,0.0
rule_label_odds_source_lb3_n60_roi0p0_edge0p0_cedgeneg0p05_enabled,rule_label|odds_source,3,60,0.0,0.0,-0.05,enabled,422,-196.29,-4.91,415.91,7,9,6,0,5,0,0.0
rule_label_odds_source_lb3_n60_roi0p0_edge0p01_cedgeneg0p05_enabled,rule_label|odds_source,3,60,0.0,0.01,-0.05,enabled,422,-196.29,-4.91,415.91,7,9,6,0,5,0,0.0
rule_label_odds_source_lb3_n60_roi0p02_edgeneg0p01_cedgeneg0p05_enabled,rule_label|odds_source,3,60,0.02,-0.01,-0.05,enabled,422,-196.29,-4.91,415.91,7,9,6,0,5,0,0.0
rule_label_odds_source_lb3_n60_roi0p02_edge0p0_cedgeneg0p05_enabled,rule_label|odds_source,3,60,0.02,0.0,-0.05,enabled,422,-196.29,-4.91,415.91,7,9,6,0,5,0,0.0
rule_label_odds_source_lb3_n60_roi0p02_edge0p01_cedgeneg0p05_enabled,rule_label|odds_source,3,60,0.02,0.01,-0.05,enabled,422,-196.29,-4.91,415.91,7,9,6,0,5,0,0.0
rule_label_odds_source_lb3_n60_roineg0p02_edgeneg0p01_cedge0p0_enabled,rule_label|odds_source,3,60,-0.02,-0.01,0.0,enabled,259,-119.16,-4.99,382.25,5,7,6,0,5,0,0.0
rule_label_odds_source_lb3_n60_roineg0p02_edge0p0_cedge0p0_enabled,rule_label|odds_source,3,60,-0.02,0.0,0.0,enabled,259,-119.16,-4.99,382.25,5,7,6,0,5,0,0.0
rule_label_odds_source_lb3_n60_roineg0p02_edge0p01_cedge0p0_enabled,rule_label|odds_source,3,60,-0.02,0.01,0.0,enabled,259,-119.16,-4.99,382.25,5,7,6,0,5,0,0.0
rule_label_odds_source_lb3_n60_roi0p0_edgeneg0p01_cedge0p0_enabled,rule_label|odds_source,3,60,0.0,-0.01,0.0,enabled,259,-119.16,-4.99,382.25,5,7,6,0,5,0,0.0
rule_label_odds_source_lb3_n60_roi0p0_edge0p0_cedge0p0_enabled,rule_label|odds_source,3,60,0.0,0.0,0.0,enabled,259,-119.16,-4.99,382.25,5,7,6,0,5,0,0.0
rule_label_odds_source_lb3_n60_roi0p0_edge0p01_cedge0p0_enabled,rule_label|odds_source,3,60,0.0,0.01,0.0,enabled,259,-119.16,-4.99,382.25,5,7,6,0,5,0,0.0
rule_label_odds_source_lb3_n60_roi0p02_edgeneg0p01_cedge0p0_enabled,rule_label|odds_source,3,60,0.02,-0.01,0.0,enabled,259,-119.16,-4.99,382.25,5,7,6,0,5,0,0.0
rule_label_odds_source_lb3_n60_roi0p02_edge0p0_cedge0p0_enabled,rule_label|odds_source,3,60,0.02,0.0,0.0,enabled,259,-119.16,-4.99,382.25,5,7,6,0,5,0,0.0
rule_label_odds_source_lb3_n60_roi0p02_edge0p01_cedge0p0_enabled,rule_label|odds_source,3,60,0.02,0.01,0.0,enabled,259,-119.16,-4.99,382.25,5,7,6,0,5,0,0.0
rule_label_market_prob_bucket_lb9_n40_roineg0p02_edgeneg0p01_cedge0p0_enabled,rule_label|market_prob_bucket,9,40,-0.02,-0.01,0.0,enabled,148,-76.48,-5.27,209.3,5,7,6,0,5,0,0.0
rule_label_market_prob_bucket_lb9_n40_roineg0p02_edge0p0_cedge0p0_enabled,rule_label|market_prob_bucket,9,40,-0.02,0.0,0.0,enabled,148,-76.48,-5.27,209.3,5,7,6,0,5,0,0.0
rule_label_market_prob_bucket_lb9_n40_roineg0p02_edge0p01_cedge0p0_enabled,rule_label|market_prob_bucket,9,40,-0.02,0.01,0.0,enabled,148,-76.48,-5.27,209.3,5,7,6,0,5,0,0.0
rule_label_market_prob_bucket_lb9_n40_roi0p0_edgeneg0p01_cedge0p0_enabled,rule_label|market_prob_bucket,9,40,0.0,-0.01,0.0,enabled,148,-76.48,-5.27,209.3,5,7,6,0,5,0,0.0
rule_label_market_prob_bucket_lb9_n40_roi0p0_edge0p0_cedge0p0_enabled,rule_label|market_prob_bucket,9,40,0.0,0.0,0.0,enabled,148,-76.48,-5.27,209.3,5,7,6,0,5,0,0.0
rule_label_market_prob_bucket_lb9_n40_roi0p0_edge0p01_cedge0p0_enabled,rule_label|market_prob_bucket,9,40,0.0,0.01,0.0,enabled,148,-76.48,-5.27,209.3,5,7,6,0,5,0,0.0
rule_label_market_prob_bucket_lb9_n40_roi0p02_edgeneg0p01_cedge0p0_enabled,rule_label|market_prob_bucket,9,40,0.02,-0.01,0.0,enabled,148,-76.48,-5.27,209.3,5,7,6,0,5,0,0.0
rule_label_market_prob_bucket_lb9_n40_roi0p02_edge0p0_cedge0p0_enabled,rule_label|market_prob_bucket,9,40,0.02,0.0,0.0,enabled,148,-76.48,-5.27,209.3,5,7,6,0,5,0,0.0
rule_label_market_prob_bucket_lb9_n40_roi0p02_edge0p01_cedge0p0_enabled,rule_label|market_prob_bucket,9,40,0.02,0.01,0.0,enabled,148,-76.48,-5.27,209.3,5,7,6,0,5,0,0.0
rule_label_market_prob_bucket_lb9_n60_roineg0p02_edgeneg0p01_cedgeneg0p02_enabled,rule_label|market_prob_bucket,9,60,-0.02,-0.01,-0.02,enabled,453,-230.74,-5.52,393.66,7,11,6,0,5,0,0.0
rule_label_market_prob_bucket_lb9_n60_roineg0p02_edge0p0_cedgeneg0p02_enabled,rule_label|market_prob_bucket,9,60,-0.02,0.0,-0.02,enabled,453,-230.74,-5.52,393.66,7,11,6,0,5,0,0.0
rule_label_market_prob_bucket_lb9_n60_roineg0p02_edge0p01_cedgeneg0p02_enabled,rule_label|market_prob_bucket,9,60,-0.02,0.01,-0.02,enabled,453,-230.74,-5.52,393.66,7,11,6,0,5,0,0.0
rule_label_market_prob_bucket_lb9_n60_roi0p0_edgeneg0p01_cedgeneg0p02_enabled,rule_label|market_prob_bucket,9,60,0.0,-0.01,-0.02,enabled,453,-230.74,-5.52,393.66,7,11,6,0,5,0,0.0
rule_label_market_prob_bucket_lb9_n60_roi0p0_edge0p0_cedgeneg0p02_enabled,rule_label|market_prob_bucket,9,60,0.0,0.0,-0.02,enabled,453,-230.74,-5.52,393.66,7,11,6,0,5,0,0.0
rule_label_market_prob_bucket_lb9_n60_roi0p0_edge0p01_cedgeneg0p02_enabled,rule_label|market_prob_bucket,9,60,0.0,0.01,-0.02,enabled,453,-230.74,-5.52,393.66,7,11,6,0,5,0,0.0
rule_label_market_prob_bucket_lb9_n60_roi0p02_edgeneg0p01_cedgeneg0p02_enabled,rule_label|market_prob_bucket,9,60,0.02,-0.01,-0.02,enabled,453,-230.74,-5.52,393.66,7,11,6,0,5,0,0.0
rule_label_market_prob_bucket_lb9_n60_roi0p02_edge0p0_cedgeneg0p02_enabled,rule_label|market_prob_bucket,9,60,0.02,0.0,-0.02,enabled,453,-230.74,-5.52,393.66,7,11,6,0,5,0,0.0
rule_label_market_prob_bucket_lb9_n60_roi0p02_edge0p01_cedgeneg0p02_enabled,rule_label|market_prob_bucket,9,60,0.02,0.01,-0.02,enabled,453,-230.74,-5.52,393.66,7,11,6,0,5,0,0.0
rule_label_odds_source_lb6_n60_roineg0p02_edgeneg0p01_cedgeneg0p02_enabled,rule_label|odds_source,6,60,-0.02,-0.01,-0.02,enabled,317,-164.26,-5.53,382.25,6,7,6,0,5,0,0.0
rule_label_odds_source_lb6_n60_roineg0p02_edge0p0_cedgeneg0p02_enabled,rule_label|odds_source,6,60,-0.02,0.0,-0.02,enabled,317,-164.26,-5.53,382.25,6,7,6,0,5,0,0.0
rule_label_odds_source_lb6_n60_roineg0p02_edge0p01_cedgeneg0p02_enabled,rule_label|odds_source,6,60,-0.02,0.01,-0.02,enabled,317,-164.26,-5.53,382.25,6,7,6,0,5,0,0.0
rule_label_odds_source_lb6_n60_roi0p0_edgeneg0p01_cedgeneg0p02_enabled,rule_label|odds_source,6,60,0.0,-0.01,-0.02,enabled,317,-164.26,-5.53,382.25,6,7,6,0,5,0,0.0
rule_label_odds_source_lb6_n60_roi0p0_edge0p0_cedgeneg0p02_enabled,rule_label|odds_source,6,60,0.0,0.0,-0.02,enabled,317,-164.26,-5.53,382.25,6,7,6,0,5,0,0.0
rule_label_odds_source_lb6_n60_roi0p0_edge0p01_cedgeneg0p02_enabled,rule_label|odds_source,6,60,0.0,0.01,-0.02,enabled,317,-164.26,-5.53,382.25,6,7,6,0,5,0,0.0
rule_label_odds_source_lb6_n60_roi0p02_edgeneg0p01_cedgeneg0p02_enabled,rule_label|odds_source,6,60,0.02,-0.01,-0.02,enabled,317,-164.26,-5.53,382.25,6,7,6,0,5,0,0.0
rule_label_odds_source_lb6_n60_roi0p02_edge0p0_cedgeneg0p02_enabled,rule_label|odds_source,6,60,0.02,0.0,-0.02,enabled,317,-164.26,-5.53,382.25,6,7,6,0,5,0,0.0
rule_label_odds_source_lb6_n60_roi0p02_edge0p01_cedgeneg0p02_enabled,rule_label|odds_source,6,60,0.02,0.01,-0.02,enabled,317,-164.26,-5.53,382.25,6,7,6,0,5,0,0.0
rule_label_odds_source_market_prob_bucket_lb9_n20_roineg0p02_edgeneg0p01_cedgeneg0p02_enabled,rule_label|odds_source|market_prob_bucket,9,20,-0.02,-0.01,-0.02,enabled,142,-87.28,-6.28,209.3,5,7,6,0,5,0,0.0
rule_label_odds_source_market_prob_bucket_lb9_n20_roineg0p02_edgeneg0p01_cedge0p0_enabled,rule_label|odds_source|market_prob_bucket,9,20,-0.02,-0.01,0.0,enabled,142,-87.28,-6.28,209.3,5,7,6,0,5,0,0.0
rule_label_odds_source_market_prob_bucket_lb9_n20_roineg0p02_edge0p0_cedgeneg0p02_enabled,rule_label|odds_source|market_prob_bucket,9,20,-0.02,0.0,-0.02,enabled,142,-87.28,-6.28,209.3,5,7,6,0,5,0,0.0
rule_label_odds_source_market_prob_bucket_lb9_n20_roineg0p02_edge0p0_cedge0p0_enabled,rule_label|odds_source|market_prob_bucket,9,20,-0.02,0.0,0.0,enabled,142,-87.28,-6.28,209.3,5,7,6,0,5,0,0.0
rule_label_odds_source_market_prob_bucket_lb9_n20_roineg0p02_edge0p01_cedgeneg0p02_enabled,rule_label|odds_source|market_prob_bucket,9,20,-0.02,0.01,-0.02,enabled,142,-87.28,-6.28,209.3,5,7,6,0,5,0,0.0
rule_label_odds_source_market_prob_bucket_lb9_n20_roineg0p02_edge0p01_cedge0p0_enabled,rule_label|odds_source|market_prob_bucket,9,20,-0.02,0.01,0.0,enabled,142,-87.28,-6.28,209.3,5,7,6,0,5,0,0.0
rule_label_odds_source_market_prob_bucket_lb9_n20_roi0p0_edgeneg0p01_cedgeneg0p02_enabled,rule_label|odds_source|market_prob_bucket,9,20,0.0,-0.01,-0.02,enabled,142,-87.28,-6.28,209.3,5,7,6,0,5,0,0.0
rule_label_odds_source_market_prob_bucket_lb9_n20_roi0p0_edgeneg0p01_cedge0p0_enabled,rule_label|odds_source|market_prob_bucket,9,20,0.0,-0.01,0.0,enabled,142,-87.28,-6.28,209.3,5,7,6,0,5,0,0.0
rule_label_odds_source_market_prob_bucket_lb9_n20_roi0p0_edge0p0_cedgeneg0p02_enabled,rule_label|odds_source|market_prob_bucket,9,20,0.0,0.0,-0.02,enabled,142,-87.28,-6.28,209.3,5,7,6,0,5,0,0.0
rule_label_odds_source_market_prob_bucket_lb9_n20_roi0p0_edge0p0_cedge0p0_enabled,rule_label|odds_source|market_prob_bucket,9,20,0.0,0.0,0.0,enabled,142,-87.28,-6.28,209.3,5,7,6,0,5,0,0.0
rule_label_odds_source_market_prob_bucket_lb9_n20_roi0p0_edge0p01_cedgeneg0p02_enabled,rule_label|odds_source|market_prob_bucket,9,20,0.0,0.01,-0.02,enabled,142,-87.28,-6.28,209.3,5,7,6,0,5,0,0.0
rule_label_odds_source_market_prob_bucket_lb9_n20_roi0p0_edge0p01_cedge0p0_enabled,rule_label|odds_source|market_prob_bucket,9,20,0.0,0.01,0.0,enabled,142,-87.28,-6.28,209.3,5,7,6,0,5,0,0.0
rule_label_odds_source_market_prob_bucket_lb9_n20_roi0p02_edgeneg0p01_cedgeneg0p02_enabled,rule_label|odds_source|market_prob_bucket,9,20,0.02,-0.01,-0.02,enabled,142,-87.28,-6.28,209.3,5,7,6,0,5,0,0.0
rule_label_odds_source_market_prob_bucket_lb9_n20_roi0p02_edgeneg0p01_cedge0p0_enabled,rule_label|odds_source|market_prob_bucket,9,20,0.02,-0.01,0.0,enabled,142,-87.28,-6.28,209.3,5,7,6,0,5,0,0.0
rule_label_odds_source_market_prob_bucket_lb9_n20_roi0p02_edge0p0_cedgeneg0p02_enabled,rule_label|odds_source|market_prob_bucket,9,20,0.02,0.0,-0.02,enabled,142,-87.28,-6.28,209.3,5,7,6,0,5,0,0.0
rule_label_odds_source_market_prob_bucket_lb9_n20_roi0p02_edge0p0_cedge0p0_enabled,rule_label|odds_source|market_prob_bucket,9,20,0.02,0.0,0.0,enabled,142,-87.28,-6.28,209.3,5,7,6,0,5,0,0.0
rule_label_odds_source_market_prob_bucket_lb9_n20_roi0p02_edge0p01_cedgeneg0p02_enabled,rule_label|odds_source|market_prob_bucket,9,20,0.02,0.01,-0.02,enabled,142,-87.28,-6.28,209.3,5,7,6,0,5,0,0.0
rule_label_odds_source_market_prob_bucket_lb9_n20_roi0p02_edge0p01_cedge0p0_enabled,rule_label|odds_source|market_prob_bucket,9,20,0.02,0.01,0.0,enabled,142,-87.28,-6.28,209.3,5,7,6,0,5,0,0.0
rule_label_odds_source_lb6_n60_roineg0p02_edgeneg0p01_cedge0p0_enabled,rule_label|odds_source,6,60,-0.02,-0.01,0.0,enabled,244,-140.96,-6.29,382.25,5,6,6,0,5,0,0.0
rule_label_odds_source_lb6_n60_roineg0p02_edge0p0_cedge0p0_enabled,rule_label|odds_source,6,60,-0.02,0.0,0.0,enabled,244,-140.96,-6.29,382.25,5,6,6,0,5,0,0.0
rule_label_odds_source_lb6_n60_roineg0p02_edge0p01_cedge0p0_enabled,rule_label|odds_source,6,60,-0.02,0.01,0.0,enabled,244,-140.96,-6.29,382.25,5,6,6,0,5,0,0.0
rule_label_odds_source_lb6_n60_roi0p0_edgeneg0p01_cedge0p0_enabled,rule_label|odds_source,6,60,0.0,-0.01,0.0,enabled,244,-140.96,-6.29,382.25,5,6,6,0,5,0,0.0
rule_label_odds_source_lb6_n60_roi0p0_edge0p0_cedge0p0_enabled,rule_label|odds_source,6,60,0.0,0.0,0.0,enabled,244,-140.96,-6.29,382.25,5,6,6,0,5,0,0.0
rule_label_odds_source_lb6_n60_roi0p0_edge0p01_cedge0p0_enabled,rule_label|odds_source,6,60,0.0,0.01,0.0,enabled,244,-140.96,-6.29,382.25,5,6,6,0,5,0,0.0
rule_label_odds_source_lb6_n60_roi0p02_edgeneg0p01_cedge0p0_enabled,rule_label|odds_source,6,60,0.02,-0.01,0.0,enabled,244,-140.96,-6.29,382.25,5,6,6,0,5,0,0.0
rule_label_odds_source_lb6_n60_roi0p02_edge0p0_cedge0p0_enabled,rule_label|odds_source,6,60,0.02,0.0,0.0,enabled,244,-140.96,-6.29,382.25,5,6,6,0,5,0,0.0
rule_label_odds_source_lb6_n60_roi0p02_edge0p01_cedge0p0_enabled,rule_label|odds_source,6,60,0.02,0.01,0.0,enabled,244,-140.96,-6.29,382.25,5,6,6,0,5,0,0.0
rule_label_odds_source_lb9_n60_roineg0p02_edgeneg0p01_cedgeneg0p02_enabled,rule_label|odds_source,9,60,-0.02,-0.01,-0.02,enabled,244,-140.96,-6.29,382.25,5,6,6,0,5,0,0.0
rule_label_odds_source_lb9_n60_roineg0p02_edgeneg0p01_cedge0p0_enabled,rule_label|odds_source,9,60,-0.02,-0.01,0.0,enabled,244,-140.96,-6.29,382.25,5,6,6,0,5,0,0.0
rule_label_odds_source_lb9_n60_roineg0p02_edge0p0_cedgeneg0p02_enabled,rule_label|odds_source,9,60,-0.02,0.0,-0.02,enabled,244,-140.96,-6.29,382.25,5,6,6,0,5,0,0.0
rule_label_odds_source_lb9_n60_roineg0p02_edge0p0_cedge0p0_enabled,rule_label|odds_source,9,60,-0.02,0.0,0.0,enabled,244,-140.96,-6.29,382.25,5,6,6,0,5,0,0.0
rule_label_odds_source_lb9_n60_roineg0p02_edge0p01_cedgeneg0p02_enabled,rule_label|odds_source,9,60,-0.02,0.01,-0.02,enabled,244,-140.96,-6.29,382.25,5,6,6,0,5,0,0.0
rule_label_odds_source_lb9_n60_roineg0p02_edge0p01_cedge0p0_enabled,rule_label|odds_source,9,60,-0.02,0.01,0.0,enabled,244,-140.96,-6.29,382.25,5,6,6,0,5,0,0.0
rule_label_odds_source_lb9_n60_roi0p0_edgeneg0p01_cedgeneg0p02_enabled,rule_label|odds_source,9,60,0.0,-0.01,-0.02,enabled,244,-140.96,-6.29,382.25,5,6,6,0,5,0,0.0
rule_label_odds_source_lb9_n60_roi0p0_edgeneg0p01_cedge0p0_enabled,rule_label|odds_source,9,60,0.0,-0.01,0.0,enabled,244,-140.96,-6.29,382.25,5,6,6,0,5,0,0.0
rule_label_odds_source_lb9_n60_roi0p0_edge0p0_cedgeneg0p02_enabled,rule_label|odds_source,9,60,0.0,0.0,-0.02,enabled,244,-140.96,-6.29,382.25,5,6,6,0,5,0,0.0
rule_label_odds_source_lb9_n60_roi0p0_edge0p0_cedge0p0_enabled,rule_label|odds_source,9,60,0.0,0.0,0.0,enabled,244,-140.96,-6.29,382.25,5,6,6,0,5,0,0.0
rule_label_odds_source_lb9_n60_roi0p0_edge0p01_cedgeneg0p02_enabled,rule_label|odds_source,9,60,0.0,0.01,-0.02,enabled,244,-140.96,-6.29,382.25,5,6,6,0,5,0,0.0
rule_label_odds_source_lb9_n60_roi0p0_edge0p01_cedge0p0_enabled,rule_label|odds_source,9,60,0.0,0.01,0.0,enabled,244,-140.96,-6.29,382.25,5,6,6,0,5,0,0.0
rule_label_odds_source_lb9_n60_roi0p02_edgeneg0p01_cedgeneg0p02_enabled,rule_label|odds_source,9,60,0.02,-0.01,-0.02,enabled,244,-140.96,-6.29,382.25,5,6,6,0,5,0,0.0
rule_label_odds_source_lb9_n60_roi0p02_edgeneg0p01_cedge0p0_enabled,rule_label|odds_source,9,60,0.02,-0.01,0.0,enabled,244,-140.96,-6.29,382.25,5,6,6,0,5,0,0.0
rule_label_odds_source_lb9_n60_roi0p02_edge0p0_cedgeneg0p02_enabled,rule_label|odds_source,9,60,0.02,0.0,-0.02,enabled,244,-140.96,-6.29,382.25,5,6,6,0,5,0,0.0
rule_label_odds_source_lb9_n60_roi0p02_edge0p0_cedge0p0_enabled,rule_label|odds_source,9,60,0.02,0.0,0.0,enabled,244,-140.96,-6.29,382.25,5,6,6,0,5,0,0.0
rule_label_odds_source_lb9_n60_roi0p02_edge0p01_cedgeneg0p02_enabled,rule_label|odds_source,9,60,0.02,0.01,-0.02,enabled,244,-140.96,-6.29,382.25,5,6,6,0,5,0,0.0
rule_label_odds_source_lb9_n60_roi0p02_edge0p01_cedge0p0_enabled,rule_label|odds_source,9,60,0.02,0.01,0.0,enabled,244,-140.96,-6.29,382.25,5,6,6,0,5,0,0.0
rule_label_odds_source_lb3_n40_roineg0p02_edgeneg0p01_cedgeneg0p02_enabled,rule_label|odds_source,3,40,-0.02,-0.01,-0.02,enabled,285,-189.86,-7.16,400.08,5,7,6,0,5,0,0.0
rule_label_odds_source_lb3_n40_roineg0p02_edge0p0_cedgeneg0p02_enabled,rule_label|odds_source,3,40,-0.02,0.0,-0.02,enabled,285,-189.86,-7.16,400.08,5,7,6,0,5,0,0.0
rule_label_odds_source_lb3_n40_roineg0p02_edge0p01_cedgeneg0p02_enabled,rule_label|odds_source,3,40,-0.02,0.01,-0.02,enabled,285,-189.86,-7.16,400.08,5,7,6,0,5,0,0.0
rule_label_odds_source_lb3_n40_roi0p0_edgeneg0p01_cedgeneg0p02_enabled,rule_label|odds_source,3,40,0.0,-0.01,-0.02,enabled,285,-189.86,-7.16,400.08,5,7,6,0,5,0,0.0
rule_label_odds_source_lb3_n40_roi0p0_edge0p0_cedgeneg0p02_enabled,rule_label|odds_source,3,40,0.0,0.0,-0.02,enabled,285,-189.86,-7.16,400.08,5,7,6,0,5,0,0.0
rule_label_odds_source_lb3_n40_roi0p0_edge0p01_cedgeneg0p02_enabled,rule_label|odds_source,3,40,0.0,0.01,-0.02,enabled,285,-189.86,-7.16,400.08,5,7,6,0,5,0,0.0
rule_label_odds_source_lb3_n40_roi0p02_edgeneg0p01_cedgeneg0p02_enabled,rule_label|odds_source,3,40,0.02,-0.01,-0.02,enabled,285,-189.86,-7.16,400.08,5,7,6,0,5,0,0.0
rule_label_odds_source_lb3_n40_roi0p02_edge0p0_cedgeneg0p02_enabled,rule_label|odds_source,3,40,0.02,0.0,-0.02,enabled,285,-189.86,-7.16,400.08,5,7,6,0,5,0,0.0
rule_label_odds_source_lb3_n40_roi0p02_edge0p01_cedgeneg0p02_enabled,rule_label|odds_source,3,40,0.02,0.01,-0.02,enabled,285,-189.86,-7.16,400.08,5,7,6,0,5,0,0.0
rule_label_odds_source_lb6_n40_roineg0p02_edgeneg0p01_cedgeneg0p02_enabled,rule_label|odds_source,6,40,-0.02,-0.01,-0.02,enabled,295,-203.66,-7.41,382.25,4,7,6,0,5,0,0.0
rule_label_odds_source_lb6_n40_roineg0p02_edge0p0_cedgeneg0p02_enabled,rule_label|odds_source,6,40,-0.02,0.0,-0.02,enabled,295,-203.66,-7.41,382.25,4,7,6,0,5,0,0.0
rule_label_odds_source_lb6_n40_roineg0p02_edge0p01_cedgeneg0p02_enabled,rule_label|odds_source,6,40,-0.02,0.01,-0.02,enabled,295,-203.66,-7.41,382.25,4,7,6,0,5,0,0.0
rule_label_odds_source_lb6_n40_roi0p0_edgeneg0p01_cedgeneg0p02_enabled,rule_label|odds_source,6,40,0.0,-0.01,-0.02,enabled,295,-203.66,-7.41,382.25,4,7,6,0,5,0,0.0
rule_label_odds_source_lb6_n40_roi0p0_edge0p0_cedgeneg0p02_enabled,rule_label|odds_source,6,40,0.0,0.0,-0.02,enabled,295,-203.66,-7.41,382.25,4,7,6,0,5,0,0.0
rule_label_odds_source_lb6_n40_roi0p0_edge0p01_cedgeneg0p02_enabled,rule_label|odds_source,6,40,0.0,0.01,-0.02,enabled,295,-203.66,-7.41,382.25,4,7,6,0,5,0,0.0
rule_label_odds_source_lb6_n40_roi0p02_edgeneg0p01_cedgeneg0p02_enabled,rule_label|odds_source,6,40,0.02,-0.01,-0.02,enabled,295,-203.66,-7.41,382.25,4,7,6,0,5,0,0.0
rule_label_odds_source_lb6_n40_roi0p02_edge0p0_cedgeneg0p02_enabled,rule_label|odds_source,6,40,0.02,0.0,-0.02,enabled,295,-203.66,-7.41,382.25,4,7,6,0,5,0,0.0
rule_label_odds_source_lb6_n40_roi0p02_edge0p01_cedgeneg0p02_enabled,rule_label|odds_source,6,40,0.02,0.01,-0.02,enabled,295,-203.66,-7.41,382.25,4,7,6,0,5,0,0.0
rule_label_odds_source_lb3_n60_roineg0p02_edgeneg0p01_cedgeneg0p02_enabled,rule_label|odds_source,3,60,-0.02,-0.01,-0.02,enabled,292,-206.96,-7.61,400.08,5,8,6,0,5,0,0.0
rule_label_odds_source_lb3_n60_roineg0p02_edge0p0_cedgeneg0p02_enabled,rule_label|odds_source,3,60,-0.02,0.0,-0.02,enabled,292,-206.96,-7.61,400.08,5,8,6,0,5,0,0.0
rule_label_odds_source_lb3_n60_roineg0p02_edge0p01_cedgeneg0p02_enabled,rule_label|odds_source,3,60,-0.02,0.01,-0.02,enabled,292,-206.96,-7.61,400.08,5,8,6,0,5,0,0.0
rule_label_odds_source_lb3_n60_roi0p0_edgeneg0p01_cedgeneg0p02_enabled,rule_label|odds_source,3,60,0.0,-0.01,-0.02,enabled,292,-206.96,-7.61,400.08,5,8,6,0,5,0,0.0
rule_label_odds_source_lb3_n60_roi0p0_edge0p0_cedgeneg0p02_enabled,rule_label|odds_source,3,60,0.0,0.0,-0.02,enabled,292,-206.96,-7.61,400.08,5,8,6,0,5,0,0.0
rule_label_odds_source_lb3_n60_roi0p0_edge0p01_cedgeneg0p02_enabled,rule_label|odds_source,3,60,0.0,0.01,-0.02,enabled,292,-206.96,-7.61,400.08,5,8,6,0,5,0,0.0
rule_label_odds_source_lb3_n60_roi0p02_edgeneg0p01_cedgeneg0p02_enabled,rule_label|odds_source,3,60,0.02,-0.01,-0.02,enabled,292,-206.96,-7.61,400.08,5,8,6,0,5,0,0.0
rule_label_odds_source_lb3_n60_roi0p02_edge0p0_cedgeneg0p02_enabled,rule_label|odds_source,3,60,0.02,0.0,-0.02,enabled,292,-206.96,-7.61,400.08,5,8,6,0,5,0,0.0
rule_label_odds_source_lb3_n60_roi0p02_edge0p01_cedgeneg0p02_enabled,rule_label|odds_source,3,60,0.02,0.01,-0.02,enabled,292,-206.96,-7.61,400.08,5,8,6,0,5,0,0.0
rule_label_odds_source_market_prob_bucket_lb9_n20_roineg0p02_edgeneg0p01_cedgeneg0p05_enabled,rule_label|odds_source|market_prob_bucket,9,20,-0.02,-0.01,-0.05,enabled,376,-308.28,-8.45,438.12,6,11,6,0,5,0,0.0
rule_label_odds_source_market_prob_bucket_lb9_n20_roineg0p02_edge0p0_cedgeneg0p05_enabled,rule_label|odds_source|market_prob_bucket,9,20,-0.02,0.0,-0.05,enabled,376,-308.28,-8.45,438.12,6,11,6,0,5,0,0.0
rule_label_odds_source_market_prob_bucket_lb9_n20_roineg0p02_edge0p01_cedgeneg0p05_enabled,rule_label|odds_source|market_prob_bucket,9,20,-0.02,0.01,-0.05,enabled,376,-308.28,-8.45,438.12,6,11,6,0,5,0,0.0
rule_label_odds_source_market_prob_bucket_lb9_n20_roi0p0_edgeneg0p01_cedgeneg0p05_enabled,rule_label|odds_source|market_prob_bucket,9,20,0.0,-0.01,-0.05,enabled,376,-308.28,-8.45,438.12,6,11,6,0,5,0,0.0
rule_label_odds_source_market_prob_bucket_lb9_n20_roi0p0_edge0p0_cedgeneg0p05_enabled,rule_label|odds_source|market_prob_bucket,9,20,0.0,0.0,-0.05,enabled,376,-308.28,-8.45,438.12,6,11,6,0,5,0,0.0
rule_label_odds_source_market_prob_bucket_lb9_n20_roi0p0_edge0p01_cedgeneg0p05_enabled,rule_label|odds_source|market_prob_bucket,9,20,0.0,0.01,-0.05,enabled,376,-308.28,-8.45,438.12,6,11,6,0,5,0,0.0
rule_label_odds_source_market_prob_bucket_lb9_n20_roi0p02_edgeneg0p01_cedgeneg0p05_enabled,rule_label|odds_source|market_prob_bucket,9,20,0.02,-0.01,-0.05,enabled,376,-308.28,-8.45,438.12,6,11,6,0,5,0,0.0
rule_label_odds_source_market_prob_bucket_lb9_n20_roi0p02_edge0p0_cedgeneg0p05_enabled,rule_label|odds_source|market_prob_bucket,9,20,0.02,0.0,-0.05,enabled,376,-308.28,-8.45,438.12,6,11,6,0,5,0,0.0
rule_label_odds_source_market_prob_bucket_lb9_n20_roi0p02_edge0p01_cedgeneg0p05_enabled,rule_label|odds_source|market_prob_bucket,9,20,0.02,0.01,-0.05,enabled,376,-308.28,-8.45,438.12,6,11,6,0,5,0,0.0
rule_label_odds_source_lb6_n40_roineg0p02_edgeneg0p01_cedge0p0_enabled,rule_label|odds_source,6,40,-0.02,-0.01,0.0,enabled,222,-180.36,-8.93,382.25,3,6,6,0,5,0,0.0
rule_label_odds_source_lb6_n40_roineg0p02_edge0p0_cedge0p0_enabled,rule_label|odds_source,6,40,-0.02,0.0,0.0,enabled,222,-180.36,-8.93,382.25,3,6,6,0,5,0,0.0
rule_label_odds_source_lb6_n40_roineg0p02_edge0p01_cedge0p0_enabled,rule_label|odds_source,6,40,-0.02,0.01,0.0,enabled,222,-180.36,-8.93,382.25,3,6,6,0,5,0,0.0
rule_label_odds_source_lb6_n40_roi0p0_edgeneg0p01_cedge0p0_enabled,rule_label|odds_source,6,40,0.0,-0.01,0.0,enabled,222,-180.36,-8.93,382.25,3,6,6,0,5,0,0.0
rule_label_odds_source_lb6_n40_roi0p0_edge0p0_cedge0p0_enabled,rule_label|odds_source,6,40,0.0,0.0,0.0,enabled,222,-180.36,-8.93,382.25,3,6,6,0,5,0,0.0
rule_label_odds_source_lb6_n40_roi0p0_edge0p01_cedge0p0_enabled,rule_label|odds_source,6,40,0.0,0.01,0.0,enabled,222,-180.36,-8.93,382.25,3,6,6,0,5,0,0.0
rule_label_odds_source_lb6_n40_roi0p02_edgeneg0p01_cedge0p0_enabled,rule_label|odds_source,6,40,0.02,-0.01,0.0,enabled,222,-180.36,-8.93,382.25,3,6,6,0,5,0,0.0
rule_label_odds_source_lb6_n40_roi0p02_edge0p0_cedge0p0_enabled,rule_label|odds_source,6,40,0.02,0.0,0.0,enabled,222,-180.36,-8.93,382.25,3,6,6,0,5,0,0.0
rule_label_odds_source_lb6_n40_roi0p02_edge0p01_cedge0p0_enabled,rule_label|odds_source,6,40,0.02,0.01,0.0,enabled,222,-180.36,-8.93,382.25,3,6,6,0,5,0,0.0
rule_label_odds_source_lb9_n40_roineg0p02_edgeneg0p01_cedgeneg0p02_enabled,rule_label|odds_source,9,40,-0.02,-0.01,-0.02,enabled,222,-180.36,-8.93,382.25,3,6,6,0,5,0,0.0
rule_label_odds_source_lb9_n40_roineg0p02_edgeneg0p01_cedge0p0_enabled,rule_label|odds_source,9,40,-0.02,-0.01,0.0,enabled,222,-180.36,-8.93,382.25,3,6,6,0,5,0,0.0
rule_label_odds_source_lb9_n40_roineg0p02_edge0p0_cedgeneg0p02_enabled,rule_label|odds_source,9,40,-0.02,0.0,-0.02,enabled,222,-180.36,-8.93,382.25,3,6,6,0,5,0,0.0
rule_label_odds_source_lb9_n40_roineg0p02_edge0p0_cedge0p0_enabled,rule_label|odds_source,9,40,-0.02,0.0,0.0,enabled,222,-180.36,-8.93,382.25,3,6,6,0,5,0,0.0
rule_label_odds_source_lb9_n40_roineg0p02_edge0p01_cedgeneg0p02_enabled,rule_label|odds_source,9,40,-0.02,0.01,-0.02,enabled,222,-180.36,-8.93,382.25,3,6,6,0,5,0,0.0
rule_label_odds_source_lb9_n40_roineg0p02_edge0p01_cedge0p0_enabled,rule_label|odds_source,9,40,-0.02,0.01,0.0,enabled,222,-180.36,-8.93,382.25,3,6,6,0,5,0,0.0
rule_label_odds_source_lb9_n40_roi0p0_edgeneg0p01_cedgeneg0p02_enabled,rule_label|odds_source,9,40,0.0,-0.01,-0.02,enabled,222,-180.36,-8.93,382.25,3,6,6,0,5,0,0.0
rule_label_odds_source_lb9_n40_roi0p0_edgeneg0p01_cedge0p0_enabled,rule_label|odds_source,9,40,0.0,-0.01,0.0,enabled,222,-180.36,-8.93,382.25,3,6,6,0,5,0,0.0
rule_label_odds_source_lb9_n40_roi0p0_edge0p0_cedgeneg0p02_enabled,rule_label|odds_source,9,40,0.0,0.0,-0.02,enabled,222,-180.36,-8.93,382.25,3,6,6,0,5,0,0.0
rule_label_odds_source_lb9_n40_roi0p0_edge0p0_cedge0p0_enabled,rule_label|odds_source,9,40,0.0,0.0,0.0,enabled,222,-180.36,-8.93,382.25,3,6,6,0,5,0,0.0
rule_label_odds_source_lb9_n40_roi0p0_edge0p01_cedgeneg0p02_enabled,rule_label|odds_source,9,40,0.0,0.01,-0.02,enabled,222,-180.36,-8.93,382.25,3,6,6,0,5,0,0.0
rule_label_odds_source_lb9_n40_roi0p0_edge0p01_cedge0p0_enabled,rule_label|odds_source,9,40,0.0,0.01,0.0,enabled,222,-180.36,-8.93,382.25,3,6,6,0,5,0,0.0
rule_label_odds_source_lb9_n40_roi0p02_edgeneg0p01_cedgeneg0p02_enabled,rule_label|odds_source,9,40,0.02,-0.01,-0.02,enabled,222,-180.36,-8.93,382.25,3,6,6,0,5,0,0.0
rule_label_odds_source_lb9_n40_roi0p02_edgeneg0p01_cedge0p0_enabled,rule_label|odds_source,9,40,0.02,-0.01,0.0,enabled,222,-180.36,-8.93,382.25,3,6,6,0,5,0,0.0
rule_label_odds_source_lb9_n40_roi0p02_edge0p0_cedgeneg0p02_enabled,rule_label|odds_source,9,40,0.02,0.0,-0.02,enabled,222,-180.36,-8.93,382.25,3,6,6,0,5,0,0.0
rule_label_odds_source_lb9_n40_roi0p02_edge0p0_cedge0p0_enabled,rule_label|odds_source,9,40,0.02,0.0,0.0,enabled,222,-180.36,-8.93,382.25,3,6,6,0,5,0,0.0
rule_label_odds_source_lb9_n40_roi0p02_edge0p01_cedgeneg0p02_enabled,rule_label|odds_source,9,40,0.02,0.01,-0.02,enabled,222,-180.36,-8.93,382.25,3,6,6,0,5,0,0.0
rule_label_odds_source_lb9_n40_roi0p02_edge0p01_cedge0p0_enabled,rule_label|odds_source,9,40,0.02,0.01,0.0,enabled,222,-180.36,-8.93,382.25,3,6,6,0,5,0,0.0
rule_label_odds_source_lb3_n20_roineg0p02_edgeneg0p01_cedgeneg0p02_enabled,rule_label|odds_source,3,20,-0.02,-0.01,-0.02,enabled,143,-126.48,-9.03,238.7,2,5,6,0,5,0,0.0
rule_label_odds_source_lb3_n20_roineg0p02_edge0p0_cedgeneg0p02_enabled,rule_label|odds_source,3,20,-0.02,0.0,-0.02,enabled,143,-126.48,-9.03,238.7,2,5,6,0,5,0,0.0
rule_label_odds_source_lb3_n20_roineg0p02_edge0p01_cedgeneg0p02_enabled,rule_label|odds_source,3,20,-0.02,0.01,-0.02,enabled,143,-126.48,-9.03,238.7,2,5,6,0,5,0,0.0
rule_label_odds_source_lb3_n20_roi0p0_edgeneg0p01_cedgeneg0p02_enabled,rule_label|odds_source,3,20,0.0,-0.01,-0.02,enabled,143,-126.48,-9.03,238.7,2,5,6,0,5,0,0.0
rule_label_odds_source_lb3_n20_roi0p0_edge0p0_cedgeneg0p02_enabled,rule_label|odds_source,3,20,0.0,0.0,-0.02,enabled,143,-126.48,-9.03,238.7,2,5,6,0,5,0,0.0
rule_label_odds_source_lb3_n20_roi0p0_edge0p01_cedgeneg0p02_enabled,rule_label|odds_source,3,20,0.0,0.01,-0.02,enabled,143,-126.48,-9.03,238.7,2,5,6,0,5,0,0.0
rule_label_odds_source_lb3_n20_roi0p02_edgeneg0p01_cedgeneg0p02_enabled,rule_label|odds_source,3,20,0.02,-0.01,-0.02,enabled,143,-126.48,-9.03,238.7,2,5,6,0,5,0,0.0
rule_label_odds_source_lb3_n20_roi0p02_edge0p0_cedgeneg0p02_enabled,rule_label|odds_source,3,20,0.02,0.0,-0.02,enabled,143,-126.48,-9.03,238.7,2,5,6,0,5,0,0.0
rule_label_odds_source_lb3_n20_roi0p02_edge0p01_cedgeneg0p02_enabled,rule_label|odds_source,3,20,0.02,0.01,-0.02,enabled,143,-126.48,-9.03,238.7,2,5,6,0,5,0,0.0
rule_label_market_prob_bucket_lb9_n20_roineg0p02_edgeneg0p01_cedgeneg0p02_enabled,rule_label|market_prob_bucket,9,20,-0.02,-0.01,-0.02,enabled,279,-245.38,-9.16,437.82,4,4,6,0,4,0,0.0
rule_label_market_prob_bucket_lb9_n20_roineg0p02_edge0p0_cedgeneg0p02_enabled,rule_label|market_prob_bucket,9,20,-0.02,0.0,-0.02,enabled,279,-245.38,-9.16,437.82,4,4,6,0,4,0,0.0
rule_label_market_prob_bucket_lb9_n20_roineg0p02_edge0p01_cedgeneg0p02_enabled,rule_label|market_prob_bucket,9,20,-0.02,0.01,-0.02,enabled,279,-245.38,-9.16,437.82,4,4,6,0,4,0,0.0
rule_label_market_prob_bucket_lb9_n20_roi0p0_edgeneg0p01_cedgeneg0p02_enabled,rule_label|market_prob_bucket,9,20,0.0,-0.01,-0.02,enabled,279,-245.38,-9.16,437.82,4,4,6,0,4,0,0.0
rule_label_market_prob_bucket_lb9_n20_roi0p0_edge0p0_cedgeneg0p02_enabled,rule_label|market_prob_bucket,9,20,0.0,0.0,-0.02,enabled,279,-245.38,-9.16,437.82,4,4,6,0,4,0,0.0
rule_label_market_prob_bucket_lb9_n20_roi0p0_edge0p01_cedgeneg0p02_enabled,rule_label|market_prob_bucket,9,20,0.0,0.01,-0.02,enabled,279,-245.38,-9.16,437.82,4,4,6,0,4,0,0.0
rule_label_market_prob_bucket_lb9_n20_roi0p02_edgeneg0p01_cedgeneg0p02_enabled,rule_label|market_prob_bucket,9,20,0.02,-0.01,-0.02,enabled,279,-245.38,-9.16,437.82,4,4,6,0,4,0,0.0
rule_label_market_prob_bucket_lb9_n20_roi0p02_edge0p0_cedgeneg0p02_enabled,rule_label|market_prob_bucket,9,20,0.02,0.0,-0.02,enabled,279,-245.38,-9.16,437.82,4,4,6,0,4,0,0.0
rule_label_market_prob_bucket_lb9_n20_roi0p02_edge0p01_cedgeneg0p02_enabled,rule_label|market_prob_bucket,9,20,0.02,0.01,-0.02,enabled,279,-245.38,-9.16,437.82,4,4,6,0,4,0,0.0
rule_label_market_prob_bucket_lb9_n40_roineg0p02_edgeneg0p01_cedgeneg0p02_enabled,rule_label|market_prob_bucket,9,40,-0.02,-0.01,-0.02,enabled,323,-306.18,-9.81,453.12,6,9,6,0,5,0,0.0
rule_label_market_prob_bucket_lb9_n40_roineg0p02_edge0p0_cedgeneg0p02_enabled,rule_label|market_prob_bucket,9,40,-0.02,0.0,-0.02,enabled,323,-306.18,-9.81,453.12,6,9,6,0,5,0,0.0
rule_label_market_prob_bucket_lb9_n40_roineg0p02_edge0p01_cedgeneg0p02_enabled,rule_label|market_prob_bucket,9,40,-0.02,0.01,-0.02,enabled,323,-306.18,-9.81,453.12,6,9,6,0,5,0,0.0
rule_label_market_prob_bucket_lb9_n40_roi0p0_edgeneg0p01_cedgeneg0p02_enabled,rule_label|market_prob_bucket,9,40,0.0,-0.01,-0.02,enabled,323,-306.18,-9.81,453.12,6,9,6,0,5,0,0.0
rule_label_market_prob_bucket_lb9_n40_roi0p0_edge0p0_cedgeneg0p02_enabled,rule_label|market_prob_bucket,9,40,0.0,0.0,-0.02,enabled,323,-306.18,-9.81,453.12,6,9,6,0,5,0,0.0
rule_label_market_prob_bucket_lb9_n40_roi0p0_edge0p01_cedgeneg0p02_enabled,rule_label|market_prob_bucket,9,40,0.0,0.01,-0.02,enabled,323,-306.18,-9.81,453.12,6,9,6,0,5,0,0.0
rule_label_market_prob_bucket_lb9_n40_roi0p02_edgeneg0p01_cedgeneg0p02_enabled,rule_label|market_prob_bucket,9,40,0.02,-0.01,-0.02,enabled,323,-306.18,-9.81,453.12,6,9,6,0,5,0,0.0
rule_label_market_prob_bucket_lb9_n40_roi0p02_edge0p0_cedgeneg0p02_enabled,rule_label|market_prob_bucket,9,40,0.02,0.0,-0.02,enabled,323,-306.18,-9.81,453.12,6,9,6,0,5,0,0.0
rule_label_market_prob_bucket_lb9_n40_roi0p02_edge0p01_cedgeneg0p02_enabled,rule_label|market_prob_bucket,9,40,0.02,0.01,-0.02,enabled,323,-306.18,-9.81,453.12,6,9,6,0,5,0,0.0
