test_month,candidate_id,match_key,source_file,source_row,date,league,home_team,away_team,outcome,probability,conservative_probability,odds,raw_odds,conservative_ev_pct,reference_dispersion,reference_bookmakers,execution_cost_rate,execution_bookmaker,odds_band,source_type,implied_probability,price_ratio,probability_uncertainty,relative_dispersion,log_odds,probability_squared,odds_probability_interaction,reference_depth_inverse,raw_net_odds_gap_pct,outcome_odds_band,outcome_source_type,source_odds_band,consensus_home_probability,consensus_draw_probability,consensus_away_probability,consensus_entropy,consensus_favorite_probability,selected_vs_favorite_probability,home_away_probability_gap,consensus_max_dispersion,execution_quote_advantage_pct,execution_book_overround,execution_selected_probability_gap,execution_nonselected_mean_absolute_gap,execution_selection_specificity,consensus_favorite_outcome,predicted_closing_edge_pct,lower_closing_edge_pct,stake,estimated_probability_from_lower_clv,estimated_probability_from_unshrunk_training_market,estimated_probability_from_training_market,market_calibration_weight,estimated_probability_from_training_market_logistic,estimated_probability_from_validated_market_residual,outcome_probability_weight,staking_probability_profile,decision_frozen_before_closing_and_result,closing_probability,closing_fair_odds,closing_edge_pct,positive_clv,actual_outcome,won,profit
2021-11,data\historical_csv\football-data\2122\SP2.csv:148:home,data\historical_csv\football-data\2122\SP2.csv:148,data\historical_csv\football-data\2122\SP2.csv,148,2021-11-03,SP2,Amorebieta,Valladolid,home,0.2291421856639248,0.2094885301825194,4.6259999999999994,4.7,-3.0906059375665373,0.0176536554814054,5,0.0,IW,4.0-5.0,sportsbook,0.216169476869866,1.060011750881316,0.019653655481405408,0.07704236315218459,1.5316925638092473,0.052506141250840584,0.35097538183643157,0.2,1.5996541288370247,home:4.0-5.0,home:sportsbook,sportsbook:4.0-5.0,0.2291421856639248,0.2890716803760282,0.48178613396004705,1.0482089473329315,0.48178613396004705,-0.25264394829612224,0.25264394829612224,0.0176536554814054,4.444444444444451,0.08117535044636548,0.032350835066662614,0.016175417533331266,0.01617541753333135,away,3.5937311301735027,3.5937311301735027,0.1,0.22393802665407156,0.22635481085135045,0.22393802665407156,0.0,,,0.0,lower_clv,True,0.24810263370720245,4.030590022595838,14.77227835295185,True,home,True,0.36
2021-11,data\historical_csv\football-data\2122\B1.csv:119:home,data\historical_csv\football-data\2122\B1.csv:119,data\historical_csv\football-data\2122\B1.csv,119,2021-11-05,B1,Oud-Heverlee Leuven,Oostende,home,0.4970961823934177,0.4903947771720581,2.225,2.25,9.112837920782923,0.004701405221359606,5,0.0,WH,2.0-3.0,sportsbook,0.449438202247191,1.1060390058253544,0.006701405221359591,0.009457737532248366,0.7997569156182036,0.24710461455010999,0.3975561095965437,0.2,1.1235955056179803,home:2.0-3.0,home:sportsbook,sportsbook:2.0-3.0,0.4970961823934177,0.24139383245115956,0.2615099851554228,1.041314249009638,0.4970961823934177,0.0,0.2355861972379949,0.005710115641130082,15.97938144329898,0.0793650793650793,0.08533147651106476,0.042665738255532396,0.04266573825553237,home,9.998659626938927,9.998659626938927,0.82,0.494375998323321,0.49810976460261425,0.494375998323321,0.0,,,0.0,lower_clv,True,0.5421595740457542,1.844475405161078,20.630505225180308,True,home,True,1.0
2021-11,data\historical_csv\football-data\2122\I2.csv:112:away,data\historical_csv\football-data\2122\I2.csv:112,data\historical_csv\football-data\2122\I2.csv,112,2021-11-05,I2,Cosenza,Reggina,away,0.45844246361400126,0.44635073595872155,2.225,2.25,-0.6869612491844479,0.010091727655279737,5,0.0,WH,2.0-3.0,sportsbook,0.449438202247191,1.0200344815411528,0.012091727655279716,0.022013073517938242,0.7997569156182036,0.21016949244447486,0.3666425306883442,0.2,1.1235955056179803,away:2.0-3.0,away:sportsbook,sportsbook:2.0-3.0,0.23495176260217562,0.3066057737838232,0.45844246361400126,1.0603139795239371,0.45844246361400126,0.0,0.22349070101182564,0.011661870227017555,6.635071090047395,0.06704980842911867,0.04192540795870503,0.0209627039793525,0.02096270397935253,away,1.1996981944708316,1.1996981944708316,0.1,0.45483010424481274,0.45881165939440655,0.45483010424481274,0.0,,,0.0,lower_clv,True,0.42427563259817186,2.356958361893699,-5.598671746906758,False,away,True,0.12
2021-11,data\historical_csv\football-data\2122\SP2.csv:158:home,data\historical_csv\football-data\2122\SP2.csv:158,data\historical_csv\football-data\2122\SP2.csv,158,2021-11-06,SP2,Oviedo,Las Palmas,home,0.4454368932038835,0.41578383457923945,2.323,2.35,-3.4134152272426777,0.02765305862464406,5,0.0,WH,2.0-3.0,sportsbook,0.4304778303917348,1.0347499029126215,0.02965305862464407,0.062080754976860025,0.8428594537882721,0.19841402582712794,0.37544069650297013,0.2,1.162290142057687,home:2.0-3.0,home:sportsbook,sportsbook:2.0-3.0,0.4454368932038835,0.301747572815534,0.2528155339805825,1.0694133184722718,0.4454368932038835,0.0,0.19262135922330104,0.02765305862464406,9.302325581395365,0.08285950110051354,0.05246632365063347,0.026233161825316736,0.026233161825316736,home,4.158655029049305,4.158655029049305,0.31,0.44837991833426305,0.44558935146225215,0.44837991833426305,0.0,,,0.0,lower_clv,True,0.4447722322068942,2.248341797414257,3.3205895416615228,True,draw,False,-0.31
2021-11,data\historical_csv\football-data\2122\SP2.csv:163:home,data\historical_csv\football-data\2122\SP2.csv:163,data\historical_csv\football-data\2122\SP2.csv,163,2021-11-07,SP2,Almeria,Burgos,home,0.6294575586352333,0.616145259982506,1.7153999999999998,1.73,5.693557897399071,0.011312298652727289,5,0.0,WH,1.5-2.0,sportsbook,0.5829544129649062,1.0797714960828793,0.013312298652727317,0.017971503396121254,0.5396462895741839,0.3962168181230282,0.339684435961928,0.2,0.8511134429287637,home:1.5-2.0,home:sportsbook,sportsbook:1.5-2.0,0.6294575586352333,0.23911569881435893,0.13142674255040773,0.9002075491818455,0.6294575586352333,0.0,0.4980308160848256,0.012114982843738496,13.815789473684204,0.08048566247308186,0.09448083274524455,0.04724041637262223,0.047240416372622315,home,9.530529914738064,9.530529914738064,1.33,0.6385130576818122,0.6324901565865254,0.6385130576818122,0.0,,,0.0,lower_clv,True,0.6733347606525323,1.4851453666685717,15.50384484233538,True,home,True,0.95
2021-11,data\historical_csv\football-data\2122\SP1.csv:124:home,data\historical_csv\football-data\2122\SP1.csv:124,data\historical_csv\football-data\2122\SP1.csv,124,2021-11-07,SP1,Valencia,Ath Madrid,home,0.22442576468348951,0.2108780859364809,4.6456,4.72,-2.034476397348428,0.011547678747008594,5,0.0,PS,4.0-5.0,sportsbook,0.2152574479076976,1.0425923324136188,0.013547678747008601,0.05145433619573239,1.535920535075703,0.05036692385376901,0.34470014057743903,0.2,1.6015154124332742,home:4.0-5.0,home:sportsbook,sportsbook:4.0-5.0,0.22442576468348951,0.2916734919166939,0.48390074339981665,1.045967792047958,0.48390074339981665,-0.25947497871632713,0.25947497871632713,0.011547678747008594,4.888888888888876,0.0246072195224738,0.017649545715988868,0.008824772857994434,0.008824772857994434,away,3.802664442497037,3.802664442497037,0.1,0.2234429663391102,0.22160240065793066,0.2234429663391102,0.0,,,0.0,lower_clv,True,0.217225181445889,4.603517848823162,0.9141302925022021,True,draw,False,-0.1
2021-11,data\historical_csv\football-data\2122\E3.csv:201:home,data\historical_csv\football-data\2122\E3.csv:201,data\historical_csv\football-data\2122\E3.csv,201,2021-11-20,E3,Oldham,Port Vale,home,0.2557120250794966,0.243615338629285,4.038,4.1,-1.6281262614947112,0.010096686450211594,5,0.0,B365,4.0-5.0,sportsbook,0.24764735017335313,1.0325651572710073,0.012096686450211586,0.03948459775042923,1.3957495198906458,0.06538863977025709,0.35690993623497214,0.2,1.535413571074784,home:4.0-5.0,home:sportsbook,sportsbook:4.0-5.0,0.2557120250794966,0.27797414867297005,0.4663138262475333,1.0603345559891817,0.4663138262475333,-0.21060180116803673,0.21060180116803673,0.010096686450211594,5.128205128205132,0.05084059890372661,0.023609802079321535,0.011804901039660837,0.011804901039660698,away,3.3909080517795016,3.3909080517795016,0.11,0.25604484411039996,0.2531605730489896,0.25604484411039996,0.0,,,0.0,lower_clv,True,0.2387917499678115,4.187749367952609,-3.5758913629977074,False,home,True,0.33
2021-11,data\historical_csv\football-data\2122\SP2.csv:189:home,data\historical_csv\football-data\2122\SP2.csv:189,data\historical_csv\football-data\2122\SP2.csv,189,2021-11-26,SP2,Alcorcon,Lugo,home,0.42539013641633056,0.4139378549031113,2.4699999999999998,2.5,2.2426501610684824,0.009452281513219255,5,0.0,WH,2.0-3.0,sportsbook,0.40485829959514175,1.0507136369483363,0.011452281513219253,0.02222026489106997,0.9042181506398858,0.18095676816030432,0.38464548245082314,0.2,1.2145748987854255,home:2.0-3.0,home:sportsbook,sportsbook:2.0-3.0,0.42539013641633056,0.3119527667053091,0.2626570968783603,1.0781443004988684,0.42539013641633056,0.0,0.16273303953797025,0.009452281513219255,8.69565217391306,0.08055555555555549,0.055210187830212254,0.027605093915106182,0.02760509391510607,home,5.1485708409298105,5.1485708409298105,0.35,0.42570271595518144,0.4252107763924143,0.42570271595518144,0.0,,,0.0,lower_clv,True,0.4067551749975636,2.4584813211189998,0.4685282243982014,True,draw,False,-0.35
2021-11,data\historical_csv\football-data\2122\SP1.csv:146:home,data\historical_csv\football-data\2122\SP1.csv:146,data\historical_csv\football-data\2122\SP1.csv,146,2021-11-28,SP1,Real Madrid,Sevilla,home,0.5644616220004002,0.5594676019811637,1.7644,1.78,-1.2875363064434708,0.0029940200192364007,5,0.0,BW,1.5-2.0,sportsbook,0.5667649059170257,0.995936085857506,0.004994020019236434,0.005304204754657843,0.5678106892486476,0.31861692271132264,0.32050734264245684,0.2,0.8841532532305685,home:1.5-2.0,home:sportsbook,sportsbook:1.5-2.0,0.5644616220004002,0.24170536121555594,0.19383301678404388,0.9840693257850124,0.5644616220004002,0.0,0.3706286052163563,0.007255856235383329,4.705882352941182,0.05630324731448333,0.03260890429145802,0.016304452145729023,0.016304452145728995,home,1.2871114893983253,1.2871114893983253,0.17,0.5740598021389614,0.5665604063745585,0.5740598021389614,0.0,,,0.0,lower_clv,True,0.5643013496080433,1.7721027970154377,-0.43466987515683453,False,home,True,0.13
2021-12,data\historical_csv\football-data\2122\B1.csv:146:home,data\historical_csv\football-data\2122\B1.csv:146,data\historical_csv\football-data\2122\B1.csv,146,2021-12-03,B1,St Truiden,St. Gilloise,home,0.2491322587215617,0.23960760899493816,4.43,4.5,6.1461707847575875,0.007524649726623528,5,0.0,WH,4.0-5.0,sportsbook,0.22573363431151244,1.1036559061365183,0.009524649726623535,0.030203433972126915,1.4883995840570443,0.06206688233570715,0.3708083502563644,0.2,1.5801354401805856,home:4.0-5.0,home:sportsbook,sportsbook:4.0-5.0,0.2491322587215617,0.2780991634364587,0.4727685778419797,1.0563161756054789,0.4727685778419797,-0.22363631912041798,0.22363631912041798,0.007524649726623528,12.5,0.0771241830065359,0.04282157910991122,0.051937137457433724,-0.009115558347522507,away,10.559466718121657,6.922074378580257,0.2,0.24135908437602768,0.24670329000871832,0.24415872148539985,0.5238640317742862,,,0.0,lower_clv,True,0.210824674735707,4.743277803006764,-6.604669092081794,False,away,False,-0.2
2021-12,data\historical_csv\football-data\2122\D2.csv:139:home,data\historical_csv\football-data\2122\D2.csv:139,data\historical_csv\football-data\2122\D2.csv,139,2021-12-04,D2,Hansa Rostock,Ingolstadt,home,0.6345145420320519,0.6093168669209921,1.8134000000000001,1.83,10.493520647452703,0.023197675111059853,5,0.0,B365,1.5-2.0,sportsbook,0.5514503143266791,1.150628670520923,0.02519767511105986,0.03655972176267009,0.5952035362298188,0.4026087040501446,0.3776652992067213,0.2,0.9154075217822744,home:1.5-2.0,home:sportsbook,sportsbook:1.5-2.0,0.6345145420320519,0.2292089706251252,0.13627648734282283,0.897898628119901,0.6345145420320519,0.0,0.4982380546892291,0.023197675111059853,21.19205298013245,0.0510920502799912,0.11462849847751222,0.05731424923875611,0.05731424923875611,home,14.047225143488893,10.409832803947493,1.28,0.6088553700449293,0.6355457857721719,0.6228375188375344,0.5238640317742862,,,0.0,lower_clv,True,0.6064923221779523,1.6488254895114527,9.98131770374988,True,draw,False,-1.28
2021-12,data\historical_csv\football-data\2122\D2.csv:147:away,data\historical_csv\football-data\2122\D2.csv:147,data\historical_csv\football-data\2122\D2.csv,147,2021-12-10,D2,Schalke 04,Nurnberg,away,0.30219022088253183,0.28789405526619943,3.842,3.9,10.608896033273819,0.012296165616332415,5,0.0,BW,3.0-4.0,sportsbook,0.2602811035918792,1.1610148286306874,0.014296165616332401,0.040690150662129505,1.345993064346365,0.09131892959703337,0.4067459414211839,0.2,1.5096304008328953,away:3.0-4.0,away:sportsbook,sportsbook:3.0-4.0,0.41855476620620097,0.27925501291126714,0.30219022088253183,1.0823958941160785,0.41855476620620097,-0.11636454532366913,0.11636454532366913,0.015150202068281668,17.469879518072283,0.05944055944055959,0.060166018462289805,0.030083009231144875,0.03008300923114493,home,9.452004349972892,5.8146120104314925,0.2,0.2754154399022163,0.3000406779946549,0.2883157164127229,0.5238640317742862,,,0.0,lower_clv,True,0.2724408326726931,3.6705217429774453,4.67176791284869,True,home,False,-0.2
2021-12,data\historical_csv\football-data\2122\I2.csv:162:home,data\historical_csv\football-data\2122\I2.csv:162,data\historical_csv\football-data\2122\I2.csv,162,2021-12-10,I2,Cremonese,Crotone,home,0.5471061763299465,0.5330356378786342,1.9604,1.98,4.49630644972745,0.012070538451312295,5,0.0,BW,1.5-2.0,sportsbook,0.5100999795960008,1.0725469480772272,0.014070538451312342,0.022062515419370526,0.6731485340532554,0.2993251681783745,0.36828372056798536,0.2,0.9997959600081652,home:1.5-2.0,home:sportsbook,sportsbook:1.5-2.0,0.5471061763299465,0.25708740266775676,0.19580642100229662,0.9984659810958169,0.5471061763299465,0.0,0.3512997553276499,0.012070538451312295,13.142857142857146,0.06943842237959874,0.07484849932716847,0.03742424966358432,0.03742424966358415,home,7.608895844428792,3.9715035048873926,0.41,0.5303586181640859,0.5472597124394177,0.5392124935525586,0.5238640317742862,,,0.0,lower_clv,True,0.5471942588407068,1.8275045540839803,7.271962503132157,True,home,True,0.39
2021-12,data\historical_csv\football-data\2122\E2.csv:252:home,data\historical_csv\football-data\2122\E2.csv:252,data\historical_csv\football-data\2122\E2.csv,252,2021-12-11,E2,Fleetwood Town,Gillingham,home,0.5316150830607956,0.5194938547061433,1.9604,1.98,1.8415752765923221,0.010121228354652368,5,0.0,BW,1.5-2.0,sportsbook,0.5100999795960008,1.0421782088323837,0.012121228354652347,0.019038640319192942,0.6731485340532554,0.28261459653773663,0.35785591384297416,0.2,0.9997959600081652,home:1.5-2.0,home:sportsbook,sportsbook:1.5-2.0,0.5316150830607956,0.2494596175088259,0.21892529943037836,1.0148105218190615,0.5316150830607956,0.0,0.3126897836304173,0.014854310789326983,9.999999999999986,0.07647907647907637,0.062446182256506,0.03122309112825311,0.03122309112825289,home,4.741464023655979,1.1040716841145795,0.11,0.5157318490313945,0.5316054067928009,0.5240474349988868,0.5238640317742862,,,0.0,lower_clv,True,0.5290931051828694,1.8900265193483705,3.7234123400497143,True,home,True,0.11
2021-12,data\historical_csv\football-data\2122\B1.csv:162:home,data\historical_csv\football-data\2122\B1.csv:162,data\historical_csv\football-data\2122\B1.csv,162,2021-12-12,B1,Gent,Genk,home,0.5207001905742764,0.5087468653108813,2.029,2.05,3.224738971577823,0.009953325263395072,5,0.0,WH,2.0-3.0,sportsbook,0.49285362247412523,1.0565006866752067,0.011953325263395098,0.019115271020772286,0.7075430608436777,0.2711286884640878,0.3684178066208098,0.2,1.0349926071956617,home:2.0-3.0,home:sportsbook,sportsbook:2.0-3.0,0.5207001905742764,0.25030388493923683,0.22899592448648676,1.0240414572357663,0.5207001905742764,0.0,0.29170426608778965,0.02180935764366524,2.499999999999991,0.06763681082188988,0.063798673968402,0.031899336984200916,0.03189933698420108,home,5.804190235461331,2.166797895919931,0.21,0.5035327643958597,0.5205750989025622,0.5124606304613869,0.5238640317742862,,,0.0,lower_clv,True,0.5960204915290852,1.6777946634594878,20.93255773125138,True,home,True,0.22
2022-01,data\historical_csv\football-data\2122\P1.csv:154:home,data\historical_csv\football-data\2122\P1.csv:154,data\historical_csv\football-data\2122\P1.csv,154,2022-01-13,P1,Famalicao,Belenenses,home,0.5626507100116103,0.545669470012285,1.882,1.9,2.6949942563120333,0.014981239999325246,5,0.0,B365,1.5-2.0,sportsbook,0.5313496280552604,1.0589086362418505,0.016981239999325215,0.02662618163054679,0.6323350411631878,0.31657582147656915,0.35578375987568844,0.2,0.9564293304994642,home:1.5-2.0,home:sportsbook,sportsbook:1.5-2.0,0.5626507100116103,0.2594444940609092,0.17790479592748057,0.9807778943618826,0.5626507100116103,0.0,0.3847459140841297,0.014981239999325246,11.764705882352944,0.07043343653250767,0.07096596669996891,0.035482983349984454,0.035482983349984454,home,4.728504404978295,2.9253567308330526,0.33,0.5468935001638313,0.573211045425654,0.547918989112532,0.038965980242401964,,,0.0,lower_clv,True,0.6298210050916653,1.5877526978549377,18.53231315825139,True,home,True,0.29
2022-01,data\historical_csv\football-data\2122\N1.csv:164:home,data\historical_csv\football-data\2122\N1.csv:164,data\historical_csv\football-data\2122\N1.csv,164,2022-01-14,N1,Zwolle,Willem II,home,0.3123726560091148,0.3085295519898937,3.45,3.5,6.442695436513324,0.001843104019221093,5,0.0,BW,3.0-4.0,sportsbook,0.2898550724637681,1.077685663231446,0.0038431040192211108,0.005900337253486466,1.2383742310432684,0.09757667622218875,0.3868342476842309,0.2,1.4492753623188248,home:3.0-4.0,home:sportsbook,sportsbook:3.0-4.0,0.3123726560091148,0.28742095330835943,0.4002063906825257,1.0883213604878528,0.4002063906825257,-0.08783373467341093,0.08783373467341093,0.006698571057630517,14.006514657980462,0.05602240896358546,0.041815626831396,0.029814177864640967,0.012001448966755035,away,6.604778470822799,4.801630796677556,0.2,0.3037728428889204,0.30846087035394376,0.30395551647449837,0.038965980242401964,,,0.0,lower_clv,True,0.391542573256002,2.554000684227436,35.082187773320705,True,home,True,0.49
2022-01,data\historical_csv\football-data\2122\I2.csv:186:home,data\historical_csv\football-data\2122\I2.csv:186,data\historical_csv\football-data\2122\I2.csv,186,2022-01-16,I2,Pordenone,Lecce,home,0.22989888895282695,0.2148152683003265,4.743600000000001,4.82,1.8997706709428908,0.013083620652500462,5,0.0,PS,4.0-5.0,sportsbook,0.2108103550046378,1.09054836963663,0.015083620652500462,0.05691032571795115,1.5567963411085033,0.05285349914174426,0.3579057491466711,0.2,1.6105911122354266,home:4.0-5.0,home:sportsbook,sportsbook:4.0-5.0,0.22989888895282695,0.27302243223024986,0.4970786788169231,1.03987749790979,0.4970786788169231,-0.26717978986409613,0.26717978986409613,0.014114164834560974,11.31639722863742,0.02982454073338836,0.02843847364722446,0.014219236823612258,0.014219236823612202,away,6.915321763968935,5.112174089823692,0.14,0.22158734735185023,0.22237412618185964,0.22161800496019554,0.038965980242401964,,,0.0,lower_clv,True,0.19382422426844242,5.1593138255774535,-8.057540976021638,False,away,False,-0.14
2022-02,data\historical_csv\football-data\2122\SP2.csv:284:home,data\historical_csv\football-data\2122\SP2.csv:284,data\historical_csv\football-data\2122\SP2.csv,284,2022-02-06,SP2,Fuenlabrada,Valladolid,home,0.2701310785941815,0.25935151130725165,3.94,4.0,2.184495455057145,0.008779567286929862,5,0.0,WH,3.0-4.0,sportsbook,0.25380710659898476,1.064316449661075,0.010779567286929859,0.03250113734643404,1.3711807233098425,0.07297079962245587,0.37039852773523774,0.2,1.522842639593902,home:3.0-4.0,home:sportsbook,sportsbook:3.0-4.0,0.2701310785941815,0.286502659115041,0.44336626229077747,1.0723069454416747,0.44336626229077747,-0.17323518369659596,0.17323518369659596,0.008779567286929862,14.28571428571428,0.07258064516129026,0.0370483718272642,0.018524185913632113,0.018524185913632085,away,5.900874859593248,3.956525195223434,0.13,0.2638490487188412,0.26565975159950267,0.26520510384846174,0.7489109031102944,,,0.0,lower_clv,True,0.2481342340157285,4.030076720234471,-2.235111797802969,False,draw,False,-0.13
2022-02,data\historical_csv\football-data\2122\B1.csv:235:away,data\historical_csv\football-data\2122\B1.csv:235,data\historical_csv\football-data\2122\B1.csv,235,2022-02-12,B1,Eupen,Gent,away,0.5487808885282728,0.5413274488873124,1.98,2.0,7.182834879687872,0.005453439640960315,5,0.0,WH,1.5-2.0,sportsbook,0.5050505050505051,1.08658615928598,0.0074534396409603465,0.009937371644966383,0.6830968447064438,0.30116046361388055,0.3748704933888618,0.2,1.0101010101010166,away:1.5-2.0,away:sportsbook,sportsbook:1.5-2.0,0.2061899695591947,0.24502914191253244,0.5487808885282728,0.9994680744697002,0.5487808885282728,0.0,0.3425909189690781,0.014666746370665978,14.28571428571428,0.11669829222011385,0.10103237535919884,0.05051618767959949,0.05051618767959935,away,7.851770836803926,5.907421172434112,0.6,0.5348859655173439,0.5533302770082951,0.5486991114932798,0.7489109031102944,,,0.0,lower_clv,True,0.6164081927458258,1.6223016043077598,22.04882216367352,True,away,True,0.59
2022-02,data\historical_csv\football-data\2122\B1.csv:240:home,data\historical_csv\football-data\2122\B1.csv:240,data\historical_csv\football-data\2122\B1.csv,240,2022-02-13,B1,St. Gilloise,St Truiden,home,0.6812181510308626,0.6642446755720056,1.6076000000000001,1.62,6.783974044955632,0.014973475458856913,5,0.0,WH,1.5-2.0,sportsbook,0.6220452848967404,1.0951262995972149,0.016973475458856968,0.021980441120363715,0.4747423835929091,0.4640581692939071,0.32340312876714605,0.2,0.771336153271962,home:1.5-2.0,home:sportsbook,sportsbook:1.5-2.0,0.6812181510308626,0.20140362726129854,0.11737822170783885,0.8357048231648554,0.6812181510308626,0.0,0.5638399293230237,0.014973475458856913,10.95890410958904,0.07091803583031653,0.10481180622718744,0.052405903113593735,0.05240590311359371,home,10.275124799157414,8.3307751347876,1.37,0.6738664788180367,0.6893919240879278,0.6854936540563004,0.7489109031102944,,,0.0,lower_clv,True,0.6490116865650626,1.5408043039911443,4.335118732199472,True,away,False,-1.37
2022-02,data\historical_csv\football-data\2122\B1.csv:241:home,data\historical_csv\football-data\2122\B1.csv:241,data\historical_csv\football-data\2122\B1.csv,241,2022-02-13,B1,Club Brugge,Charleroi,home,0.5642321228515467,0.5563133223968574,1.8623999999999998,1.88,3.607793163190709,0.005918800454689327,5,0.0,WH,1.5-2.0,sportsbook,0.5369415807560138,1.0508259055987204,0.00791880045468929,0.010490009722907258,0.6218659785549815,0.31835788845756285,0.3508767612092316,0.2,0.9450171821305808,home:1.5-2.0,home:sportsbook,sportsbook:1.5-2.0,0.5642321228515467,0.22801807525209766,0.2077498018963556,0.9864525523991612,0.5642321228515467,0.0,0.35648232095519106,0.0153695572261163,9.941520467836252,0.0728505661316412,0.06843623998694826,0.03421811999347413,0.03421811999347413,home,5.823593107328211,3.879243442958397,0.45,0.5577708518200086,0.5692797162545468,0.5663899658774525,0.7489109031102944,,,0.0,lower_clv,True,0.6476715936753205,1.54399237169772,20.62235760609168,True,home,True,0.39
2022-02,data\historical_csv\football-data\2122\B1.csv:239:home,data\historical_csv\football-data\2122\B1.csv:239,data\historical_csv\football-data\2122\B1.csv,239,2022-02-13,B1,Genk,Standard,home,0.5631690651038209,0.5510857689691911,1.8623999999999998,1.88,2.634213612822145,0.010083296134629818,5,0.0,WH,1.5-2.0,sportsbook,0.5369415807560138,1.048846066849356,0.012083296134629773,0.017904563228754316,0.6218659785549815,0.3171593958899117,0.3502156817626817,0.2,0.9450171821305808,home:1.5-2.0,home:sportsbook,sportsbook:1.5-2.0,0.5631690651038209,0.2336537558747004,0.20317717902147864,0.9868692823022986,0.5631690651038209,0.0,0.3599918860823423,0.018296384646039804,9.302325581395344,0.0728505661316412,0.0673731822392225,0.03368659111961125,0.03368659111961125,home,5.7203269362842555,3.7759772719144413,0.44,0.557216372808819,0.5681828345342632,0.5654292755635459,0.7489109031102944,,,0.0,lower_clv,True,0.5681843436959425,1.7599921770022209,5.818652169932315,True,home,True,0.38
2022-02,data\historical_csv\football-data\2122\SP2.csv:299:away,data\historical_csv\football-data\2122\SP2.csv:299,data\historical_csv\football-data\2122\SP2.csv,299,2022-02-18,SP2,Cartagena,Valladolid,away,0.471618301895688,0.4550706829437315,2.4210000000000003,2.45,10.17261234067741,0.014547618951956496,5,0.0,WH,2.0-3.0,sportsbook,0.41305245766212306,1.1417879088894607,0.0165476189519565,0.030846171349758436,0.8841806779559216,0.22242382268297228,0.4169957899065499,0.2,1.1978521272201448,away:2.0-3.0,away:sportsbook,sportsbook:2.0-3.0,0.25745007032042644,0.27093162778388563,0.471618301895688,1.057609548677693,0.471618301895688,0.0,0.21416823157526155,0.014547618951956496,20.098039215686292,0.06407724380074598,0.08803405772163148,0.04401702886081574,0.04401702886081574,away,11.299461024748368,9.355111360378555,0.66,0.4516939750531952,0.4735320433762118,0.46804874252316986,0.7489109031102944,,,0.0,lower_clv,True,0.4300016122003845,2.325572676071715,4.103390313713096,True,away,True,0.94
2022-02,data\historical_csv\football-data\2122\SP2.csv:303:home,data\historical_csv\football-data\2122\SP2.csv:303,data\historical_csv\football-data\2122\SP2.csv,303,2022-02-19,SP2,Sociedad B,Malaga,home,0.4319217041276469,0.42344699090373655,2.764,2.8,17.040748285792784,0.006474713223910373,5,0.0,WH,2.0-3.0,sportsbook,0.36179450072358904,1.193831590208816,0.008474713223910357,0.014990478973468961,1.0166789059054233,0.18655635849653054,0.43912568558930204,0.2,1.302460202604916,home:2.0-3.0,home:sportsbook,sportsbook:2.0-3.0,0.4319217041276469,0.29587297163484066,0.2722053242375124,1.0771177152137024,0.4319217041276469,0.0,0.15971637989013449,0.01131981226995188,24.99999999999998,0.07234081372012402,0.09887193807064987,0.04943596903532496,0.049435969035324906,home,16.65308948407417,14.708739819704356,0.83,0.41500991251702013,0.4324434648179354,0.4280660899151191,0.7489109031102944,,,0.0,lower_clv,True,0.43358126326571383,2.306372725767822,19.841861166643305,True,home,True,1.46
2022-02,data\historical_csv\football-data\2122\SP2.csv:300:home,data\historical_csv\football-data\2122\SP2.csv:300,data\historical_csv\football-data\2122\SP2.csv,300,2022-02-19,SP2,Zaragoza,Las Palmas,home,0.3794501867216367,0.37131356152285194,2.8326000000000002,2.87,5.178279436963051,0.0061366251987847705,5,0.0,WH,2.0-3.0,sportsbook,0.35303254960107316,1.0748305989077083,0.008136625198784775,0.016172413174450687,1.041195017798159,0.14398244420308498,0.39508164391714934,0.2,1.3203417355080127,home:2.0-3.0,home:sportsbook,sportsbook:2.0-3.0,0.3794501867216367,0.3106979180874614,0.30985189519090184,1.093926101547956,0.3794501867216367,0.0,0.06959829153073488,0.006594483356470222,13.438735177865624,0.07392225182756018,0.05500206661221502,0.02781024982222216,0.027191816789992856,home,7.69366303616739,5.749313371797576,0.31,0.37332949718208563,0.3781756146714248,0.37695880740760523,0.7489109031102944,,,0.0,lower_clv,True,0.3925170703102567,2.5476598997581723,11.184385336083324,True,home,True,0.57
2022-02,data\historical_csv\football-data\2122\I2.csv:256:home,data\historical_csv\football-data\2122\I2.csv:256,data\historical_csv\football-data\2122\I2.csv,256,2022-02-26,I2,Vicenza,Pordenone,home,0.48432157340896437,0.4764615677530101,2.274,2.3,8.347360507034484,0.005860005655954303,5,0.0,WH,2.0-3.0,sportsbook,0.4397537379067722,1.101347257931985,0.007860005655954294,0.012099410758657399,0.8215403953283443,0.23456738646933487,0.39788973688444634,0.2,1.1433597185575906,home:2.0-3.0,home:sportsbook,sportsbook:2.0-3.0,0.48432157340896437,0.2875659342115726,0.22811249237946296,1.046661643908015,0.48432157340896437,0.0,0.2562090810295014,0.005860005655954303,14.999999999999991,0.07372784196137228,0.07939344199212656,0.039696720996063334,0.03969672099606322,home,10.43063254174976,8.486282877379946,0.67,0.47707248406939284,0.48667977337477164,0.48426748777952594,0.7489109031102944,,,0.0,lower_clv,True,0.4514761158573048,2.2149565943285996,2.665668745951111,True,home,True,0.85
2022-02,data\historical_csv\football-data\2122\I2.csv:254:home,data\historical_csv\football-data\2122\I2.csv:254,data\historical_csv\football-data\2122\I2.csv,254,2022-02-26,I2,Parma,Spal,home,0.4780212498990455,0.4681725610155291,2.176,2.2,1.874349276979137,0.007848688883516362,5,0.0,WH,2.0-3.0,sportsbook,0.45955882352941174,1.040174239780323,0.009848688883516366,0.016419121294657814,0.7774883289936962,0.2285043153550457,0.371655942807487,0.2,1.1029411764705843,home:2.0-3.0,home:sportsbook,sportsbook:2.0-3.0,0.4780212498990455,0.2816195493445994,0.2403592007563551,1.0523564013433733,0.4780212498990455,0.0,0.23766204914269037,0.01443106084529368,7.317073170731736,0.07007575757575757,0.05324248883709859,0.02662124441854931,0.02662124441854928,home,5.263132954471042,3.318783290101228,0.28,0.47481058497289164,0.4801592583193097,0.4788162647591996,0.7489109031102944,,,0.0,lower_clv,True,0.5365463125900781,1.863772010980161,16.752477619601013,True,home,True,0.33
2022-02,data\historical_csv\football-data\2122\I2.csv:252:away,data\historical_csv\football-data\2122\I2.csv:252,data\historical_csv\football-data\2122\I2.csv,252,2022-02-26,I2,Como,Brescia,away,0.3988314743557221,0.3856239834137213,2.6660000000000004,2.7,2.807353978098104,0.011207490942000771,5,0.0,WH,2.0-3.0,sportsbook,0.3750937734433608,1.0632847106323553,0.013207490942000799,0.028100818673113773,0.980579221756517,0.159066544936759,0.39108585673573826,0.2,1.275318829707417,away:2.0-3.0,away:sportsbook,sportsbook:2.0-3.0,0.3052613027351938,0.2959072229090841,0.3988314743557221,1.0891605167247862,0.3988314743557221,0.0,0.09357017162052828,0.011207490942000771,10.20408163265305,0.07234081372012402,0.05344653177809555,0.026723265889047804,0.026723265889047748,away,4.434460888037407,2.4901112236675926,0.15,0.3844340255951522,0.39820984803898113,0.39475088922264717,0.7489109031102944,,,0.0,lower_clv,True,0.42741164134370496,2.3396648646634444,13.947943582231748,True,draw,False,-0.15
2022-03,data\historical_csv\football-data\2122\G1.csv:176:home,data\historical_csv\football-data\2122\G1.csv:176,data\historical_csv\football-data\2122\G1.csv,176,2022-03-03,G1,Atromitos,Volos NFC,home,0.5304011189346198,0.5153269120728419,2.176,2.2,12.13513606705039,0.013074206861777907,5,0.0,WH,2.0-3.0,sportsbook,0.45955882352941174,1.154152834801733,0.015074206861777961,0.02464965927681142,0.7774883289936962,0.2813253469670967,0.4123806796568643,0.2,1.1029411764705843,home:2.0-3.0,home:sportsbook,sportsbook:2.0-3.0,0.5304011189346198,0.2622106204701582,0.20738826059522192,1.0135913533887568,0.5304011189346198,0.0,0.3230128583393979,0.013074206861777907,2.3255813953488413,0.10037878787878785,0.11732022392601399,0.05866011196300702,0.05866011196300697,home,12.353655974516172,10.394405102332998,0.88,0.5073272293305744,0.5395004586438668,0.5331441853821934,0.8024359569324548,,,0.0,lower_clv,True,0.45130419151239265,2.215800382107775,-1.7962079269033482,False,home,True,1.03
2022-03,data\historical_csv\football-data\2122\I2.csv:274:home,data\historical_csv\football-data\2122\I2.csv:274,data\historical_csv\football-data\2122\I2.csv,274,2022-03-05,I2,Parma,Reggina,home,0.5693915641277388,0.5562253432573707,1.882,1.9,4.681609601037162,0.011166220870368171,5,0.0,WH,1.5-2.0,sportsbook,0.5313496280552604,1.0715949236884044,0.013166220870368117,0.019610794352870164,0.6323350411631878,0.32420675329983295,0.36004623814068565,0.2,0.9564293304994642,home:1.5-2.0,home:sportsbook,sportsbook:1.5-2.0,0.5693915641277388,0.2626246952321117,0.16798374064014954,0.97147498190717,0.5693915641277388,0.0,0.4014078234875893,0.01383250156539345,11.764705882352944,0.07210333526122992,0.07847266464922775,0.03923633232461386,0.03923633232461389,home,7.479027163923337,5.519776291740163,0.63,0.5606789388509043,0.5806572579865673,0.5767102604844321,0.8024359569324548,,,0.0,lower_clv,True,0.6252194470328447,1.599438412777757,17.666299931581374,True,draw,False,-0.63
2022-03,data\historical_csv\football-data\2122\SP2.csv:333:home,data\historical_csv\football-data\2122\SP2.csv:333,data\historical_csv\football-data\2122\SP2.csv,333,2022-03-12,SP2,Ibiza,Leganes,home,0.439010889282371,0.4235636528070371,2.372,2.4,0.46929844582919156,0.013447236475333847,5,0.0,WH,2.0-3.0,sportsbook,0.4215851602023609,1.0413338293777838,0.015447236475333859,0.030630758378944467,0.863733481135479,0.1927305609084982,0.3791884036562446,0.2,1.180438448566612,home:2.0-3.0,home:sportsbook,sportsbook:2.0-3.0,0.439010889282371,0.2981878098586641,0.2628013008589648,1.0734204888827412,0.439010889282371,0.0,0.17620958842340617,0.013447236475333847,9.090909090909083,0.07258064516129026,0.050539711337508786,0.02526985566875445,0.025269855668754337,home,5.034602128038981,3.0753512558558063,0.22,0.43455038472114593,0.44256057081248656,0.44097804606255786,0.8024359569324548,,,0.0,lower_clv,True,0.4123552568723969,2.425093371149745,-2.1893330698674607,False,draw,False,-0.22
2022-03,data\historical_csv\football-data\2122\SP2.csv:336:home,data\historical_csv\football-data\2122\SP2.csv:336,data\historical_csv\football-data\2122\SP2.csv,336,2022-03-12,SP2,Las Palmas,Girona,home,0.46724630654210986,0.4512088044483905,2.176,2.2,-1.8169641520302204,0.014037502093719342,5,0.0,WH,2.0-3.0,sportsbook,0.45955882352941174,1.0167279630356312,0.016037502093719347,0.030043045599664326,0.7774883289936962,0.2183191109772433,0.36327855010190135,0.2,1.1029411764705843,home:2.0-3.0,home:sportsbook,sportsbook:2.0-3.0,0.46724630654210986,0.27708792597264653,0.2556657674852436,1.059845943759502,0.46724630654210986,0.0,0.21158053905686625,0.014037502093719342,7.317073170731736,0.07124374676556844,0.04293068657431598,0.02146534328715799,0.02146534328715799,home,3.2762507902248696,1.316999918041695,0.11,0.46561121285864754,0.4725492335707614,0.4711785301479898,0.8024359569324548,,,0.0,lower_clv,True,0.4562521734938962,2.1917703807133275,-0.7195270477281857,False,away,False,-0.11
2022-03,data\historical_csv\football-data\2122\SP2.csv:342:away,data\historical_csv\football-data\2122\SP2.csv:342,data\historical_csv\football-data\2122\SP2.csv,342,2022-03-13,SP2,Oviedo,Valladolid,away,0.38984857447848315,0.3784821604571512,2.8423999999999996,2.88,7.579769288340654,0.009366414021331936,5,0.0,WH,2.0-3.0,sportsbook,0.3518153672952435,1.1081055880976403,0.011366414021331928,0.024025774709736422,1.0446487657246801,0.15198191102290542,0.40725483214847347,0.2,1.3228257810301347,away:2.0-3.0,away:sportsbook,sportsbook:2.0-3.0,0.31349285213721945,0.29665857338429746,0.38984857447848315,1.0913727833670623,0.38984857447848315,0.0,0.0763557223412637,0.009366414021331936,19.999999999999996,0.06980286738351249,0.06528202786653908,0.03264101393326954,0.03264101393326954,away,8.066443761100656,6.107192888917481,0.33,0.37330141038881753,0.3903591139064274,0.3869891250340409,0.8024359569324548,,,0.0,lower_clv,True,0.39661591552842856,2.521330992649795,12.73410782980051,True,home,False,-0.33
2022-03,data\historical_csv\football-data\2122\SP2.csv:340:home,data\historical_csv\football-data\2122\SP2.csv:340,data\historical_csv\football-data\2122\SP2.csv,340,2022-03-13,SP2,Sp Gijon,Tenerife,home,0.3700701946201881,0.3583544469822608,2.8423999999999996,2.88,1.8586680102377962,0.009715747637927263,5,0.0,WH,2.0-3.0,sportsbook,0.3518153672952435,1.0518875211884224,0.011715747637927265,0.02625379665579058,1.0446487657246801,0.1369519489462239,0.38659337204147165,0.2,1.3228257810301347,home:2.0-3.0,home:sportsbook,sportsbook:2.0-3.0,0.3700701946201881,0.31902602984498973,0.31090377553482224,1.0955747321872091,0.3700701946201881,0.0,0.05916641908536585,0.01087890093909088,9.505703422053235,0.06980286738351249,0.045503648008244024,0.04024506215801532,0.005258585850228703,home,5.61922655566245,3.659975683479275,0.2,0.3646917241889927,0.3693876730260033,0.3684599223877251,0.8024359569324548,,,0.0,lower_clv,True,0.3764382175954124,2.656478416000732,6.998798969320008,True,away,False,-0.2
2022-03,data\historical_csv\football-data\2122\I2.csv:295:home,data\historical_csv\football-data\2122\I2.csv:295,data\historical_csv\football-data\2122\I2.csv,295,2022-03-15,I2,Crotone,Frosinone,home,0.2980209107857554,0.2764918053676389,3.7439999999999998,3.8,3.5185319296439976,0.01952910541811649,5,0.0,WH,3.0-4.0,sportsbook,0.2670940170940171,1.1157902899818681,0.02152910541811648,0.06552931257953169,1.3201545586153456,0.08881646326557116,0.3934336639365122,0.2,1.4957264957264904,home:3.0-4.0,home:sportsbook,sportsbook:3.0-4.0,0.2980209107857554,0.2951197677105399,0.4068593215037048,1.0868217381338268,0.4068593215037048,-0.10883841071794942,0.10883841071794942,0.01952910541811649,13.772455089820369,0.07085020242914974,0.052274218914299814,0.033922283594910924,0.01835193531938889,away,8.329733205901922,6.370482333718748,0.23,0.2841091942674112,0.29332278541256956,0.2915025110947608,0.8024359569324548,,,0.0,lower_clv,True,0.3129892781624392,3.194997623787634,17.183185744017226,True,home,True,0.63
2022-03,data\historical_csv\football-data\2122\I2.csv:292:home,data\historical_csv\football-data\2122\I2.csv:292,data\historical_csv\football-data\2122\I2.csv,292,2022-03-15,I2,Cittadella,Reggina,home,0.5396805484843955,0.5319979241675219,1.931,1.95,2.728799156748485,0.0056826243168735914,5,0.0,WH,1.5-2.0,sportsbook,0.5178663904712584,1.0421231391233678,0.00768262431687361,0.010529607436903761,0.6580380034463774,0.291255094412418,0.3551303106235175,0.2,0.9839461418953865,home:1.5-2.0,home:sportsbook,sportsbook:1.5-2.0,0.5396805484843955,0.2801930083232624,0.18012644319234217,0.9981000921193957,0.5396805484843955,0.0,0.35955410529205334,0.009682160519417211,8.333333333333325,0.07349639607704139,0.06197003665170425,0.030985018325852057,0.030985018325852196,home,4.909652768471813,2.9504018962886382,0.32,0.5331455302759639,0.5493112424401703,0.5461174789859434,0.8024359569324548,,,0.0,lower_clv,True,0.5570671942019942,1.7951155810431676,7.569675200405102,True,draw,False,-0.32
2022-03,data\historical_csv\football-data\2122\E1.csv:448:away,data\historical_csv\football-data\2122\E1.csv:448,data\historical_csv\football-data\2122\E1.csv,448,2022-03-19,E1,Derby,Coventry,away,0.38493195912568356,0.37964665134076,3.1069999999999998,3.15,17.956214571574126,0.0032853077849235874,5,0.0,IW,3.0-4.0,sportsbook,0.321853878339234,1.1959835970034987,0.0052853077849235874,0.008534775320775343,1.1336576304109103,0.14817261315633692,0.4363810526518518,0.2,1.3839716768587085,away:3.0-4.0,away:sportsbook,sportsbook:3.0-4.0,0.31013784821399015,0.3049301926603262,0.38493195912568356,1.092737653934544,0.38493195912568356,0.0,0.07479411091169341,0.009594643433972934,24.505928853754956,0.05993523384827748,0.08542279354419507,0.05734809048421183,0.028074703059983247,away,12.30864425101862,10.349393378835446,0.49,0.3551638023135998,0.38514357489520124,0.3792206498137345,0.8024359569324548,,,0.0,lower_clv,True,0.3878558624856119,2.5782773878713683,20.50681647427961,True,draw,False,-0.49
2022-03,data\historical_csv\football-data\2122\E1.csv:450:away,data\historical_csv\football-data\2122\E1.csv:450,data\historical_csv\football-data\2122\E1.csv,450,2022-03-19,E1,Bristol City,West Brom,away,0.46404581266773987,0.4505516085471336,2.4210000000000003,2.45,9.07854442926106,0.011494204120606272,5,0.0,IW,2.0-3.0,sportsbook,0.41305245766212306,1.1234549124685984,0.013494204120606257,0.024769546037981826,0.8841806779559216,0.21533851625446312,0.4103003412471688,0.2,1.1978521272201448,away:2.0-3.0,away:sportsbook,sportsbook:2.0-3.0,0.26215283636782394,0.2738013509644362,0.46404581266773987,1.0619280792001549,0.46404581266773987,0.0,0.20189297629991593,0.011494204120606272,16.666666666666675,0.05754792097514572,0.07809331140447562,0.03904665570223778,0.03904665570223784,away,7.834346730106246,5.875095857923071,0.41,0.4373196854932799,0.46915080450235686,0.4628621199355594,0.8024359569324548,,,0.0,lower_clv,True,0.49909782885906323,2.003615207635742,20.831584366779232,True,draw,False,-0.41
2022-03,data\historical_csv\football-data\2122\I1.csv:293:home,data\historical_csv\football-data\2122\I1.csv:293,data\historical_csv\football-data\2122\I1.csv,293,2022-03-20,I1,Empoli,Verona,home,0.35908745882189563,0.3513918061975577,3.058,3.1,7.455614335213134,0.0056956526243379345,5,0.0,BW,3.0-4.0,sportsbook,0.3270111183780249,1.0980894490773567,0.007695652624337912,0.015861463508150337,1.1177611075068705,0.12894380308316658,0.4013739956645898,0.2,1.373446697187708,home:3.0-4.0,home:sportsbook,sportsbook:3.0-4.0,0.35908745882189563,0.2770598233343534,0.3638527178437509,1.091243187181235,0.3638527178437509,-0.0047652590218552615,0.0047652590218552615,0.010976732306058116,14.814814814814813,0.06039355688724557,0.054879041988228294,0.027439520994114203,0.02743952099411409,away,7.92808748444258,5.968836612259405,0.29,0.34652987773793137,0.3577550251056917,0.35553733960768796,0.8024359569324548,,,0.0,lower_clv,True,0.36168373667842746,2.7648464627788853,10.6028866762631,True,draw,False,-0.29
2022-03,data\historical_csv\football-data\2122\SP2.csv:356:home,data\historical_csv\football-data\2122\SP2.csv:356,data\historical_csv\football-data\2122\SP2.csv,356,2022-03-26,SP2,Eibar,Lugo,home,0.5854352586387034,0.5744339290115107,1.784,1.8,2.479012935653513,0.00900132962719264,5,0.0,WH,1.5-2.0,sportsbook,0.5605381165919282,1.0444165014114468,0.01100132962719269,0.015375448428103197,0.5788580341578177,0.34273444205736553,0.3388839029422734,0.2,0.8968609865470878,home:1.5-2.0,home:sportsbook,sportsbook:1.5-2.0,0.5854352586387034,0.26546953638148585,0.14909520497981082,0.9492757510033851,0.5854352586387034,0.0,0.43634005365889256,0.00900132962719264,9.090909090909104,0.06706450696220534,0.06479611083577397,0.032398055417886915,0.03239805541788705,home,5.3961436096897435,3.436892737506569,0.44,0.5798032104120323,0.5975347133891152,0.5940316059712986,0.8024359569324548,,,0.0,lower_clv,True,0.5788699606227742,1.727503702082166,3.270400975102916,True,home,True,0.34
2022-03,data\historical_csv\football-data\2122\SP2.csv:355:home,data\historical_csv\football-data\2122\SP2.csv:355,data\historical_csv\football-data\2122\SP2.csv,355,2022-03-26,SP2,Ibiza,Sociedad B,home,0.5433938829374321,0.5374648394779583,1.8918,1.91,1.6775983324401444,0.003929043459473773,5,0.0,WH,1.5-2.0,sportsbook,0.528597103287874,1.0279925477410339,0.0059290434594737595,0.007230562549277307,0.637528756796933,0.2952769120138196,0.3464292266401592,0.2,0.9620467279839229,home:1.5-2.0,home:sportsbook,sportsbook:1.5-2.0,0.5433938829374321,0.2685918335662164,0.18801428349635152,0.9987244697210999,0.5433938829374321,0.0,0.35537959944108055,0.00918634034805435,7.3033707865168385,0.0741554475193218,0.055978201498395275,0.027989100749197665,0.02798910074919761,home,3.745163000794876,1.7859121286117012,0.2,0.5380373830669822,0.5532346668111681,0.5502322299910221,0.8024359569324548,,,0.0,lower_clv,True,0.5119559743061851,1.9532929591362298,-3.1481687807559,False,draw,False,-0.2
2022-03,data\historical_csv\football-data\2122\SP2.csv:362:away,data\historical_csv\football-data\2122\SP2.csv:362,data\historical_csv\football-data\2122\SP2.csv,362,2022-03-27,SP2,Malaga,Huesca,away,0.32484719227351755,0.3202506123306678,3.548,3.6,13.624917254920943,0.002596579942849743,5,0.0,WH,3.0-4.0,sportsbook,0.2818489289740699,1.1525578381864403,0.004596579942849732,0.007993234987432039,1.266384064447333,0.10552569832798768,0.4113813076756414,0.2,1.4656144306651742,away:3.0-4.0,away:sportsbook,sportsbook:3.0-4.0,0.3506101677784571,0.32454263994802535,0.32484719227351755,1.0979461986540584,0.3506101677784571,-0.025762975504939556,0.025762975504939556,0.006794400434284479,20.805369127516784,0.06547470200883554,0.0641391930558371,0.05385455996508923,0.010284633090747869,home,10.341610930039959,8.382360057856785,0.33,0.3054745210198894,0.32156685586486244,0.3183875891304928,0.8024359569324548,,,0.0,lower_clv,True,0.30429667010760114,3.286266654335698,7.96445855417689,True,away,True,0.84
2022-03,data\historical_csv\football-data\2122\SP2.csv:359:home,data\historical_csv\football-data\2122\SP2.csv:359,data\historical_csv\football-data\2122\SP2.csv,359,2022-03-27,SP2,Mirandes,Ponferradina,home,0.43005259638776006,0.4143289447340609,2.519,2.55,4.369461178509937,0.013723651653699173,5,0.0,WH,2.0-3.0,sportsbook,0.39698292973402144,1.0833024903007675,0.015723651653699156,0.03191156562934721,0.9238619973704731,0.18494523565985366,0.3973092506731539,0.2,1.2306470821754623,home:2.0-3.0,home:sportsbook,sportsbook:2.0-3.0,0.43005259638776006,0.2845789711933232,0.28536843241891674,1.078386621404327,0.43005259638776006,0.0,0.14468416396884332,0.013723651653699173,15.909090909090896,0.07031778228532803,0.06365967156148084,0.03182983578074039,0.031829835780740445,home,8.316557723366019,6.3573068511828446,0.42,0.42222035272402875,0.43304475212002885,0.4309062400115772,0.8024359569324548,,,0.0,lower_clv,True,0.45336439671680695,2.2057312114533945,14.202491532963668,True,home,True,0.64
2022-03,data\historical_csv\football-data\2122\SP2.csv:364:home,data\historical_csv\football-data\2122\SP2.csv:364,data\historical_csv\football-data\2122\SP2.csv,364,2022-03-28,SP2,Las Palmas,Leganes,home,0.4592355315878979,0.44523821312096107,2.274,2.3,1.2471696637065488,0.011997318466936847,5,0.0,WH,2.0-3.0,sportsbook,0.4397537379067722,1.04430159883088,0.013997318466936859,0.026124543162968552,0.8215403953283443,0.2108972734728192,0.37728054016954404,0.2,1.1433597185575906,home:2.0-3.0,home:sportsbook,sportsbook:2.0-3.0,0.4592355315878979,0.2990615570500505,0.24170291136205155,1.061601638815126,0.4592355315878979,0.0,0.21753262022584638,0.014425225613214855,12.195121951219523,0.0650555615492503,0.05101024795742792,0.025505123978713948,0.025505123978713976,home,5.73189289568495,3.772642023501776,0.3,0.45634407222296297,0.4640425085151631,0.4625215743159781,0.8024359569324548,,,0.0,lower_clv,True,0.4586300803013643,2.1804064821542086,4.29248026053024,True,home,True,0.38
2022-04,data\historical_csv\football-data\2122\SP2.csv:380:home,data\historical_csv\football-data\2122\SP2.csv:380,data\historical_csv\football-data\2122\SP2.csv,380,2022-04-09,SP2,Las Palmas,Amorebieta,home,0.5975611521825509,0.5765138277172466,1.7644,1.78,1.7200997624309933,0.019047324465304362,5,0.0,WH,1.5-2.0,sportsbook,0.5667649059170257,1.0543368969108928,0.02104732446530433,0.03187510499257745,0.5678106892486476,0.3570793305977378,0.33930160968899026,0.2,0.8841532532305685,home:1.5-2.0,home:sportsbook,sportsbook:1.5-2.0,0.5975611521825509,0.25534687189559047,0.1470919759218587,0.9381964933197016,0.5975611521825509,0.0,0.4504691762606922,0.019047324465304362,11.250000000000004,0.06477394328517927,0.06993953225855354,0.03496976612927674,0.0349697661292768,home,6.145343414595041,2.2594348251842282,0.3,0.5795705895782375,0.621449585505194,0.6210901708473932,0.9914177823549605,,,0.0,lower_clv,True,0.5864492114507026,1.705177499559245,3.473098868361957,True,home,True,0.23
2022-04,data\historical_csv\football-data\2122\I2.csv:338:home,data\historical_csv\football-data\2122\I2.csv:338,data\historical_csv\football-data\2122\I2.csv,338,2022-04-10,I2,Crotone,Ternana,home,0.38389455206379036,0.37485779653688756,2.8423999999999996,2.88,6.549580087644902,0.007036755526902778,5,0.0,WH,2.0-3.0,sportsbook,0.3518153672952435,1.0911818747861175,0.009036755526902807,0.01832991765335994,1.0446487657246801,0.14737502710425826,0.40103496998186755,0.2,1.3228257810301347,home:2.0-3.0,home:sportsbook,sportsbook:2.0-3.0,0.38389455206379036,0.29827067268859103,0.3178347752476186,1.0926796286650653,0.38389455206379036,0.0,0.06605977681617176,0.0083002590472802,12.941176470588234,0.06517094017094016,0.057916618262386144,0.028958309131193044,0.0289583091311931,home,8.915277024171761,5.029368434760948,0.27,0.36950945832662874,0.38614692680386137,0.3860041404283273,0.9914177823549605,,,0.0,lower_clv,True,0.4325431998305062,2.311907805721727,22.94607911982307,True,away,False,-0.27
2022-04,data\historical_csv\football-data\2122\I2.csv:339:home,data\historical_csv\football-data\2122\I2.csv:339,data\historical_csv\football-data\2122\I2.csv,339,2022-04-10,I2,Perugia,Pisa,home,0.3579563597658329,0.3489457540778616,3.058,3.1,6.707611597010077,0.0070106056879712985,5,0.0,WH,3.0-4.0,sportsbook,0.3270111183780249,1.094630548163917,0.009010605687971296,0.019585084876149374,1.1177611075068705,0.1281327554968064,0.40010969713098515,0.2,1.373446697187708,home:3.0-4.0,home:sportsbook,sportsbook:3.0-4.0,0.3579563597658329,0.31548696114954766,0.3265566790846195,1.09716859212111,0.3579563597658329,0.0,0.031399680681213404,0.007218623116959538,10.320284697508896,0.07608204572151434,0.05818307905376641,0.03481277727396212,0.023370301779804287,home,7.853661617530312,3.967753028119499,0.19,0.33998611192975636,0.35746820670504653,0.3573181715627938,0.9914177823549605,,,0.0,lower_clv,True,0.3805791671288551,2.627574198409614,16.38110930800387,True,draw,False,-0.19
2022-04,data\historical_csv\football-data\2122\I2.csv:336:home,data\historical_csv\football-data\2122\I2.csv:336,data\historical_csv\football-data\2122\I2.csv,336,2022-04-10,I2,Ascoli,Reggina,home,0.4596956825843141,0.4471964030731303,2.274,2.3,1.6924620588298245,0.010499279511183785,5,0.0,WH,2.0-3.0,sportsbook,0.4397537379067722,1.0453479821967302,0.012499279511183792,0.0228396304532577,0.8215403953283443,0.21132012058665844,0.3776585728010505,0.2,1.1433597185575906,home:2.0-3.0,home:sportsbook,sportsbook:2.0-3.0,0.4596956825843141,0.29525143846562807,0.2450528789500578,1.062069902485955,0.4596956825843141,0.0,0.21464280363425628,0.010499279511183785,9.523809523809511,0.06771911663216024,0.05248876653034301,0.026244383265171464,0.026244383265171548,home,5.8085218130820255,1.9226132236712123,0.15,0.4482085014233563,0.4701712742269167,0.469982784930628,0.9914177823549605,,,0.0,lower_clv,True,0.5472317538553442,1.8273793378304963,24.440500826705257,True,home,True,0.19
2022-04,data\historical_csv\football-data\2122\F2.csv:326:away,data\historical_csv\football-data\2122\F2.csv:326,data\historical_csv\football-data\2122\F2.csv,326,2022-04-16,F2,Dijon,Ajaccio,away,0.37302423603793466,0.36680729546187174,3.156,3.2,15.764382447766723,0.004216940576062939,5,0.0,VC,3.0-4.0,sportsbook,0.3168567807351077,1.1772644889357218,0.006216940576062924,0.011304736177072682,1.1493054029836278,0.1391470806716848,0.4287187699222384,0.2,1.3941698352344822,away:3.0-4.0,away:sportsbook,sportsbook:3.0-4.0,0.3108535300316122,0.3161222339304531,0.37302423603793466,1.0951099790456884,0.37302423603793466,0.0,0.06217070600632246,0.004216940576062939,25.490196078431392,0.05425824175824179,0.07660729792718551,0.03830364896359273,0.038303648963592785,away,10.719474382104798,6.833565792693984,0.32,0.3385093973152534,0.3741184811835949,0.37381287627569637,0.9914177823549605,,,0.0,lower_clv,True,0.4002013820749341,2.498741995380613,26.303556182849206,True,away,True,0.69
2022-04,data\historical_csv\football-data\2122\SP2.csv:409:home,data\historical_csv\football-data\2122\SP2.csv:409,data\historical_csv\football-data\2122\SP2.csv,409,2022-04-29,SP2,Las Palmas,Malaga,home,0.5890645570319245,0.5829845136878523,1.8330000000000002,1.85,6.861061358983345,0.004080043344072175,5,0.0,WH,1.5-2.0,sportsbook,0.5455537370430987,1.0797553330395178,0.006080043344072195,0.006926309341424281,0.605953968857568,0.3469970523512174,0.3569460062468199,0.2,0.9274413529732684,home:1.5-2.0,home:sportsbook,sportsbook:1.5-2.0,0.5890645570319245,0.24431420773620444,0.1666212352318711,0.9546470982458366,0.5890645570319245,0.0,0.4224433218000534,0.006483184711322788,14.906832298136653,0.0736475014913045,0.08560272268710878,0.04280136134355432,0.04280136134355446,home,8.492103432326632,4.606194842915818,0.55,0.5706830051441124,0.6122562863773244,0.6118994954295626,0.9914177823549605,,,0.0,lower_clv,True,0.549552084144152,1.8196637386197079,0.7328970236230692,True,home,True,0.46
2022-04,data\historical_csv\football-data\2122\SP2.csv:410:home,data\historical_csv\football-data\2122\SP2.csv:410,data\historical_csv\football-data\2122\SP2.csv,410,2022-04-30,SP2,Oviedo,Mirandes,home,0.5605589059670222,0.5449196905116134,2.029,2.05,10.564205204806342,0.013639215455408771,5,0.0,WH,2.0-3.0,sportsbook,0.49285362247412523,1.1373740202070879,0.015639215455408806,0.02433145796137109,0.7075430608436777,0.31422628705894484,0.3966195641110902,0.2,1.0349926071956617,home:2.0-3.0,home:sportsbook,sportsbook:2.0-3.0,0.5605589059670222,0.2647083722622049,0.1747327217707731,0.9811150044292662,0.5605589059670222,0.0,0.3858261841962491,0.013639215455408771,20.58823529411764,0.06697154471544708,0.10337250726238356,0.05168625363119175,0.05168625363119181,home,13.343063537946511,9.457154948535699,0.92,0.5394635532209744,0.5812549616660323,0.5808962987030641,0.9914177823549605,,,0.0,lower_clv,True,0.45684719883275243,2.188915686809521,-7.305703356834536,False,home,True,0.95
2022-04,data\historical_csv\football-data\2122\SP2.csv:412:away,data\historical_csv\football-data\2122\SP2.csv:412,data\historical_csv\football-data\2122\SP2.csv,412,2022-04-30,SP2,Burgos,Almeria,away,0.47124924360836784,0.4639550268583929,2.274,2.3,5.5033731075985415,0.005294216749974914,5,0.0,WH,2.0-3.0,sportsbook,0.4397537379067722,1.0716207799654285,0.0072942167499749355,0.011234430233642302,0.8215403953283443,0.22207584960145882,0.38715028989220174,0.2,1.1433597185575906,away:2.0-3.0,away:sportsbook,sportsbook:2.0-3.0,0.2375360358929154,0.29121472049871683,0.47124924360836784,1.055265727293929,0.47124924360836784,0.0,0.23371320771545245,0.005294216749974914,12.745098039215685,0.07372784196137228,0.06632111219153003,0.033160556095765015,0.033160556095765015,away,5.932245588004919,2.0463369985941062,0.16,0.44875258134825907,0.48296685249255494,0.4826732181710282,0.9914177823549605,,,0.0,lower_clv,True,0.4897903107991644,2.0416900415370693,11.378316675729995,True,away,True,0.2
2022-05,data\historical_csv\football-data\2122\SP2.csv:413:home,data\historical_csv\football-data\2122\SP2.csv:413,data\historical_csv\football-data\2122\SP2.csv,413,2022-05-01,SP2,Amorebieta,Fuenlabrada,home,0.4976514291514918,0.4874889311195417,2.176,2.2,6.077591411612282,0.008162498031950082,5,0.0,WH,2.0-3.0,sportsbook,0.45955882352941174,1.0828895098336462,0.010162498031950074,0.016402038764095076,0.7774883289936962,0.24765694493652227,0.38691817807231815,0.2,1.1029411764705843,home:2.0-3.0,home:sportsbook,sportsbook:2.0-3.0,0.4976514291514918,0.2768163100166238,0.2255322608318844,1.0387153206281958,0.4976514291514918,0.0,0.27211916831960736,0.008162498031950082,13.989637305699487,0.07359307359307365,0.07426433237729829,0.03713216618864908,0.037132166188649215,home,8.512587425210475,4.604662408217656,0.39,0.4807199559201179,0.5127463541084303,0.5125021015292028,0.9923733984136669,,,0.0,lower_clv,True,0.581243344271262,1.7204498079092108,26.47855171342661,True,home,True,0.46
2022-05,data\historical_csv\football-data\2122\SP2.csv:422:away,data\historical_csv\football-data\2122\SP2.csv:422,data\historical_csv\football-data\2122\SP2.csv,422,2022-05-07,SP2,Huesca,Sp Gijon,away,0.2965403624382208,0.28941110378912693,3.7439999999999998,3.8,8.355517258649115,0.005129258649093833,5,0.0,WH,3.0-4.0,sportsbook,0.2670940170940171,1.1102471169686985,0.007129258649093861,0.017296999999999757,1.3201545586153456,0.08793618655499134,0.391479111286264,0.2,1.4957264957264904,away:3.0-4.0,away:sportsbook,sportsbook:3.0-4.0,0.4019769357495881,0.30148270181219106,0.2965403624382208,1.0883026854552822,0.4019769357495881,-0.1054365733113673,0.1054365733113673,0.005129258649093833,13.095238095238093,0.07354341794691299,0.05141017921739152,0.026705631343741237,0.024704547873650284,home,6.9587257783420124,3.0508007613491936,0.11,0.27524252340103955,0.2894155198532752,0.2893074280560495,0.9923733984136669,,,0.0,lower_clv,True,0.28239112442415465,3.5411877835720813,5.727236984403494,True,draw,False,-0.11
2022-05,data\historical_csv\football-data\2122\SP2.csv:452:home,data\historical_csv\football-data\2122\SP2.csv:452,data\historical_csv\football-data\2122\SP2.csv,452,2022-05-21,SP2,Ponferradina,Leganes,home,0.6233498811187735,0.6195013967297761,1.7644,1.78,9.304826439001701,0.0018484843889974099,5,0.0,WH,1.5-2.0,sportsbook,0.5667649059170257,1.0998385302459641,0.0038484843889974307,0.002965404253674989,0.5678106892486476,0.3885650742907891,0.35394472564111334,0.2,0.8841532532305685,home:1.5-2.0,home:sportsbook,sportsbook:1.5-2.0,0.6233498811187735,0.2253211075472581,0.15132901133396834,0.9161590475073207,0.6233498811187735,0.0,0.4720208697848052,0.006266274462925212,15.58441558441559,0.07330670421563834,0.09992283961944282,0.04996141980972149,0.049961419809721325,home,9.360952566657891,5.453027549665073,0.71,0.5976707523785144,0.6504717038322023,0.6500690120120858,0.9923733984136669,,,0.0,lower_clv,True,0.5499576783273532,1.8183217353040875,-2.9654672359218037,False,away,False,-0.71
2022-05,data\historical_csv\football-data\2122\SP2.csv:443:away,data\historical_csv\football-data\2122\SP2.csv:443,data\historical_csv\football-data\2122\SP2.csv,443,2022-05-21,SP2,Cartagena,Amorebieta,away,0.4102114589026323,0.3979339424616097,2.715,2.75,8.039065378327015,0.010277516441022573,5,0.0,WH,2.0-3.0,sportsbook,0.3683241252302026,1.1137241109206466,0.012277516441022596,0.025054191485816203,0.9987919533858987,0.16827344101502598,0.40971590433863936,0.2,1.2891344383057168,away:2.0-3.0,away:sportsbook,sportsbook:2.0-3.0,0.3144954518253514,0.27529308927201634,0.4102114589026323,1.084441860155543,0.4102114589026323,0.0,0.0957160070772809,0.019492843668718767,12.704918032786882,0.0708323934130386,0.07062856444297355,0.03531428222148675,0.035314282221486804,away,7.855325371622094,3.947400354629275,0.23,0.38286335305572483,0.4153386734765117,0.41509099714627384,0.9923733984136669,,,0.0,lower_clv,True,0.34396006400239365,2.9073142630681708,-6.614842623350126,False,home,False,-0.23
2022-05,data\historical_csv\football-data\2122\SP2.csv:448:home,data\historical_csv\football-data\2122\SP2.csv:448,data\historical_csv\football-data\2122\SP2.csv,448,2022-05-21,SP2,Eibar,Tenerife,home,0.5038581329409396,0.49349074871404824,2.127,2.15,4.965482251478059,0.008367384226891381,5,0.0,WH,2.0-3.0,sportsbook,0.47014574518100616,1.0717062487653786,0.010367384226891374,0.016606627302118343,0.7547125362181001,0.2538730181307296,0.3802680494059732,0.2,1.0813352139163124,home:2.0-3.0,home:sportsbook,sportsbook:2.0-3.0,0.5038581329409396,0.2839979389077718,0.21214392815128852,1.0317952552763165,0.5038581329409396,0.0,0.2917142047896511,0.011823816665895813,11.398963730569944,0.07341120994534345,0.07055142367576389,0.03527571183788197,0.03527571183788192,home,7.503108094832237,3.5951830778394185,0.32,0.4870483454529357,0.519634374757888,0.5193858540950985,0.9923733984136669,,,0.0,lower_clv,True,0.47159877270530515,2.120446570001752,0.30905895441839526,True,home,True,0.36
2022-10,data\historical_csv\football-data\2223\I2.csv:72:home,data\historical_csv\football-data\2223\I2.csv:72,data\historical_csv\football-data\2223\I2.csv,72,2022-10-07,I2,Genoa,Cagliari,home,0.5392195506503745,0.5291989829196576,1.8918,1.91,0.11386358874081459,0.008020567730716898,5,0.0,WH,1.5-2.0,sportsbook,0.528597103287874,1.0200955459203784,0.010020567730716912,0.014874400828091204,0.637528756796933,0.2907577238035918,0.3437679697667341,0.2,0.9620467279839229,home:1.5-2.0,home:sportsbook,sportsbook:1.5-2.0,0.5392195506503745,0.2621206148994876,0.19865983445013796,1.0050723662773398,0.5392195506503745,0.0,0.34055971620023656,0.015017098653926555,6.703910614525133,0.0693477552116295,0.04961249170024984,0.02480624585012489,0.024806245850124947,home,2.1252065289008155,2.1252065289008155,0.24,0.5398308834385286,0.5656734311591909,0.5653338444611533,0.9868593955321945,,,0.0,lower_clv,True,0.5508821871288903,1.8152701673144305,4.215892161043455,True,draw,False,-0.24
2022-10,data\historical_csv\football-data\2223\E3.csv:147:away,data\historical_csv\football-data\2223\E3.csv:147,data\historical_csv\football-data\2223\E3.csv,147,2022-10-08,E3,Stevenage,Swindon,away,0.22238279709798262,0.21660922235933883,4.92,5.0,6.571737400794708,0.0037735747386437824,5,0.0,B365,4.0-5.0,sportsbook,0.2032520325203252,1.0941233617220745,0.0057735747386437886,0.016968824872641262,1.5933085305042167,0.049454108445122505,0.35432440765360407,0.2,1.6260162601626105,away:4.0-5.0,away:sportsbook,sportsbook:4.0-5.0,0.5111758425948234,0.26644136030719395,0.22238279709798262,1.0297362131425543,0.5111758425948234,-0.2887930454968408,0.2887930454968408,0.010814681789306897,3.950103950103956,0.04947839046199709,0.03181193654700279,0.015905968273501325,0.015905968273501464,home,4.987069768215186,4.987069768215186,0.13,0.21338835318742924,0.20633270238299556,0.20642541789947957,0.9868593955321945,,,0.0,lower_clv,True,0.20870471336908614,4.791458630028825,2.6827189775903815,True,home,False,-0.13
2022-10,data\historical_csv\football-data\2223\I2.csv:82:home,data\historical_csv\football-data\2223\I2.csv:82,data\historical_csv\football-data\2223\I2.csv,82,2022-10-14,I2,Venezia,Frosinone,home,0.34386516052105903,0.3411624678312342,2.96,3.0,0.9840904780453297,0.0007026926898248082,5,0.0,WH,2.0-3.0,sportsbook,0.33783783783783783,1.0178408751423347,0.002702692689824815,0.0020435123138384174,1.085189268335969,0.1182432486201737,0.3731587819520786,0.2,1.3513513513513598,home:2.0-3.0,home:sportsbook,sportsbook:2.0-3.0,0.34386516052105903,0.3054420804470932,0.35069275903184777,1.0968023960983695,0.35069275903184777,-0.006827598510788735,0.006827598510788735,0.009016786679815593,4.529616724738683,0.06407724380074598,0.030604694445579506,0.017589137919418962,0.013015556526160543,away,2.2383642581160603,2.2383642581160603,0.11,0.34539987925039206,0.3419837198884331,0.3420286102874076,0.9868593955321945,,,0.0,lower_clv,True,0.3744495336899016,2.6705868482350543,10.83706197221086,True,away,False,-0.11
2022-10,data\historical_csv\football-data\2223\B1.csv:116:draw,data\historical_csv\football-data\2223\B1.csv:116,data\historical_csv\football-data\2223\B1.csv,116,2022-10-19,B1,Mechelen,Standard,draw,0.27449760981537413,0.26548180087807444,3.8224,3.88,1.477763567635182,0.007015808937299671,5,0.0,PS,3.0-4.0,sportsbook,0.2616157388028464,1.0492396637582861,0.009015808937299696,0.025558725054176147,1.3408784975894081,0.07534893779435338,0.3680679426411224,0.2,1.506906655504392,draw:3.0-4.0,draw:sportsbook,sportsbook:3.0-4.0,0.3670030034525068,0.27449760981537413,0.358499386732119,1.0905112264622625,0.3670030034525068,-0.09250539363713267,0.008503616720387797,0.007818346458777634,7.777777777777772,0.03445734486327279,0.02535059564153036,0.01267529782076518,0.01267529782076518,home,2.9272324902341444,2.9272324902341444,0.1,0.2692738397086494,0.26365403233688434,0.26372788000274194,0.9868593955321945,,,0.0,lower_clv,True,0.27005157526459717,3.702996359196193,3.2245141291396218,True,home,False,-0.1
2022-10,data\historical_csv\football-data\2223\T1.csv:92:home,data\historical_csv\football-data\2223\T1.csv:92,data\historical_csv\football-data\2223\T1.csv,92,2022-10-21,T1,Antalyaspor,Istanbulspor,home,0.5424024404823852,0.5382719030360479,2.0780000000000003,2.1,11.852901450890773,0.002130537446337237,5,0.0,VC,2.0-3.0,sportsbook,0.4812319538017324,1.1271122713223964,0.00413053744633729,0.003927964344043963,0.7314058926770358,0.29420040744124737,0.39671634117122173,0.2,1.0587102983637964,home:2.0-3.0,home:sportsbook,sportsbook:2.0-3.0,0.5424024404823852,0.252346803653219,0.2052507558643957,1.0043015171650924,0.5424024404823852,0.0,0.3371516846179895,0.005424266946159171,17.31843575418994,0.05602240896358546,0.0914740585195205,0.04573702925976027,0.04573702925976024,home,9.605012325950883,9.605012325950883,0.89,0.527454342280803,0.569271112729667,0.5687216150890775,0.9868593955321945,,,0.0,lower_clv,True,0.5438661267836887,1.8386877776591681,13.01538114565053,True,home,True,0.96
2022-10,data\historical_csv\football-data\2223\I2.csv:95:home,data\historical_csv\football-data\2223\I2.csv:95,data\historical_csv\football-data\2223\I2.csv,95,2022-10-22,I2,Reggina,Perugia,home,0.48667255280818933,0.47519812485241136,2.0780000000000003,2.1,-1.2538296556689033,0.009474427955777966,5,0.0,WH,2.0-3.0,sportsbook,0.4812319538017324,1.0113055647354177,0.011474427955777966,0.019467767189887308,0.7314058926770358,0.23685017365683983,0.3559551729280856,0.2,1.0587102983637964,home:2.0-3.0,home:sportsbook,sportsbook:2.0-3.0,0.48667255280818933,0.28737233338800855,0.22595511380380215,1.044920412020032,0.48667255280818933,0.0,0.26071743900438715,0.009474427955777966,5.000000000000004,0.06646825396825395,0.04016092490121259,0.020080462450606282,0.02008046245060631,home,1.1538406824454723,1.1538406824454723,0.11,0.4867846038616239,0.5058652844824572,0.5056145528054423,0.9868593955321945,,,0.0,lower_clv,True,0.49269415054400706,2.029656733078427,2.3818444830446817,True,away,False,-0.11
2022-10,data\historical_csv\football-data\2223\P1.csv:100:draw,data\historical_csv\football-data\2223\P1.csv:100,data\historical_csv\football-data\2223\P1.csv,100,2022-10-31,P1,Guimaraes,Famalicao,draw,0.2945858409566534,0.28859397358252703,3.548,3.6,2.3931418270805915,0.003991867374126367,5,0.0,B365,3.0-4.0,sportsbook,0.2818489289740699,1.0451905637142063,0.005991867374126381,0.013550778140466523,1.266384064447333,0.0867808176921387,0.37305881459932233,0.2,1.4656144306651742,draw:3.0-4.0,draw:sportsbook,sportsbook:3.0-4.0,0.4632236078467432,0.2945858409566534,0.24219055119660346,1.059943517931839,0.4632236078467432,-0.1686377668900898,0.22103305665013975,0.008839088013248701,8.761329305135956,0.07631257631257649,0.03650302757038004,0.018251513785189924,0.018251513785190118,home,2.90951290058505,2.90951290058505,0.11,0.2900493599227313,0.2861453917163447,0.28619669221839966,0.9868593955321945,,,0.0,lower_clv,True,0.30265468775065396,3.3040955269256003,7.381883213932028,True,home,False,-0.11
2022-11,data\historical_csv\football-data\2223\F2.csv:139:draw,data\historical_csv\football-data\2223\F2.csv:139,data\historical_csv\football-data\2223\F2.csv,139,2022-11-05,F2,Rodez,Grenoble,draw,0.32291555599626626,0.31511703585231654,3.205,3.25,0.9950099906674614,0.00579852014394969,5,0.0,B365,3.0-4.0,sportsbook,0.31201248049922,1.0349443569680334,0.0077985201439497165,0.017956769304779904,1.1647120903726333,0.10427445630437777,0.37610365223825243,0.2,1.4040561622464809,draw:3.0-4.0,draw:sportsbook,sportsbook:3.0-4.0,0.3795905311303048,0.32291555599626626,0.29749391287342897,1.0933774108320642,0.3795905311303048,-0.05667497513403852,0.08209661825687581,0.00579852014394969,9.797297297297302,0.05769230769230771,0.03200646508717536,0.01600323254358768,0.01600323254358768,home,2.945283132780194,2.945283132780194,0.13,0.3212021314595326,0.3177149542848436,0.3177795586778212,0.9814737279635535,,,0.0,lower_clv,True,0.33656019134595083,2.9712367229197887,7.8675413263772365,True,away,False,-0.13
2022-11,data\historical_csv\football-data\2223\G1.csv:77:home,data\historical_csv\football-data\2223\G1.csv:77,data\historical_csv\football-data\2223\G1.csv,77,2022-11-06,G1,Panathinaikos,Olympiakos,home,0.42596626306461566,0.4170147100713783,2.4210000000000003,2.45,0.9592613082807011,0.006951552993237343,5,0.0,IW,2.0-3.0,sportsbook,0.41305245766212306,1.0312643228794347,0.008951552993237355,0.01631949193164823,0.8841806779559216,0.18144725726923336,0.3766311392628223,0.2,1.1978521272201448,home:2.0-3.0,home:sportsbook,sportsbook:2.0-3.0,0.42596626306461566,0.29871219076543803,0.27532154616994625,1.0795579566547095,0.42596626306461566,0.0,0.1506447168946694,0.01568086352036384,9.865470852017943,0.05895691609977316,0.04052729090187479,0.020263645450937395,0.020263645450937395,home,2.355234864456544,2.355234864456544,0.17,0.422780813153476,0.4395737145273342,0.43926260466820083,0.9814737279635535,,,0.0,lower_clv,True,0.4265439613316076,2.3444242344403303,3.2662930383822175,True,draw,False,-0.17
2022-11,data\historical_csv\football-data\2223\I2.csv:122:home,data\historical_csv\football-data\2223\I2.csv:122,data\historical_csv\football-data\2223\I2.csv,122,2022-11-11,I2,Ascoli,Frosinone,home,0.3092074609008986,0.30119847542906497,3.352,3.4,0.9617289638225834,0.006008985471833647,5,0.0,WH,3.0-4.0,sportsbook,0.2983293556085919,1.0364634089398121,0.008008985471833652,0.019433507375035606,1.2095571826198366,0.09560925387678075,0.3740041052523242,0.2,1.4319809069212486,home:3.0-4.0,home:sportsbook,sportsbook:3.0-4.0,0.3092074609008986,0.30310749332370024,0.38768504577540125,1.0920953075573923,0.38768504577540125,-0.07847758487450263,0.07847758487450263,0.006008985471833647,5.263157894736836,0.07124374676556844,0.03465029503938494,0.019305426672700216,0.015344868366684722,away,3.1366449379183576,3.1366449379183576,0.13,0.30768688823961327,0.3017254425461797,0.3018358859108268,0.9814737279635535,,,0.0,lower_clv,True,0.287208821160232,3.481787209600036,-3.7276031470902415,False,away,False,-0.13
2022-11,data\historical_csv\football-data\2223\E2.csv:215:home,data\historical_csv\football-data\2223\E2.csv:215,data\historical_csv\football-data\2223\E2.csv,215,2022-11-19,E2,Exeter,Ipswich,home,0.2173529206297587,0.20958228126194614,4.92,5.0,3.1144823808775035,0.005770639367812553,5,0.0,B365,4.0-5.0,sportsbook,0.2032520325203252,1.0693763694984129,0.007770639367812554,0.026549628829889624,1.5933085305042167,0.04724229210628618,0.34631026256940045,0.2,1.6260162601626105,home:4.0-5.0,home:sportsbook,sportsbook:4.0-5.0,0.2173529206297587,0.2519878058074353,0.5306592735628061,1.015309120932018,0.5306592735628061,-0.31330635293304737,0.31330635293304737,0.009875158273281138,8.225108225108224,0.05917312661498708,0.028526377570475936,0.014263188785237968,0.014263188785237968,away,4.872573716356329,4.872573716356329,0.12,0.21315563763487058,0.1974867695776281,0.19777705528975975,0.9814737279635535,,,0.0,lower_clv,True,0.20958403125155312,4.771355880638399,3.1153433757641347,True,away,False,-0.12
2022-12,data\historical_csv\football-data\2223\I2.csv:169:away,data\historical_csv\football-data\2223\I2.csv:169,data\historical_csv\football-data\2223\I2.csv,169,2022-12-11,I2,Bari,Modena,away,0.2322383011149716,0.22085354943641702,4.684799999999999,4.76,3.4654708399726397,0.00938475167855457,5,0.0,PS,4.0-5.0,sportsbook,0.2134562841530055,1.0879899930634187,0.011384751678554572,0.04041000831257617,1.5443232253448005,0.05393462850476822,0.3586510022264699,0.2,1.605191256830607,away:4.0-5.0,away:sportsbook,sportsbook:4.0-5.0,0.48259306787058937,0.2851686310144391,0.2322383011149716,1.0484681037345678,0.48259306787058937,-0.25035476675561774,0.25035476675561774,0.010398943174519065,13.33333333333333,0.03033355226472989,0.02833925002450763,0.014169625012253745,0.014169625012253884,home,5.300822027322303,5.300822027322303,0.14,0.22477122188209167,0.21536480438344727,0.2183985522852443,0.6774810492693695,,,0.0,lower_clv,True,0.2333080032343567,4.286179582941719,9.30013335523141,True,home,False,-0.14
2023-02,data\historical_csv\football-data\2223\E3.csv:330:away,data\historical_csv\football-data\2223\E3.csv:330,data\historical_csv\football-data\2223\E3.csv,330,2023-02-04,E3,Leyton Orient,AFC Wimbledon,away,0.21368072225571857,0.20660349791415222,4.92,5.0,1.6489209737629018,0.005077224341566349,5,0.0,B365,4.0-5.0,sportsbook,0.2032520325203252,1.0513091534981354,0.007077224341566352,0.023760797361449724,1.5933085305042167,0.04565945106372554,0.3404593175743386,0.2,1.6260162601626105,away:4.0-5.0,away:sportsbook,sportsbook:4.0-5.0,0.5058091650790548,0.28051011266522663,0.21368072225571857,1.0310941293588047,0.5058091650790548,-0.2921284428233363,0.2921284428233363,0.008131308992524624,6.157112526539277,0.054140395124001595,0.02395267376700333,0.011976336883501693,0.011976336883501637,home,3.845810283642501,3.845810283642501,0.1,0.21106872008870428,0.19893957066681847,0.20461000119660505,0.5324956159287734,,,0.0,lower_clv,True,0.24960982149951652,4.006252614550814,22.80803217776213,True,home,False,-0.1
2023-02,data\historical_csv\football-data\2223\E3.csv:345:away,data\historical_csv\football-data\2223\E3.csv:345,data\historical_csv\football-data\2223\E3.csv,345,2023-02-11,E3,Stevenage,Bradford,away,0.21563664018740875,0.20351238945004868,4.9004,4.98,-0.2707886738981369,0.01012425073736006,5,0.0,PS,4.0-5.0,sportsbook,0.20406497428781323,1.0567057915743778,0.012124250737360065,0.04695051234595903,1.5893168344378785,0.04649916059131398,0.34271494237147226,0.2,1.6243571953310054,away:4.0-5.0,away:sportsbook,sportsbook:4.0-5.0,0.5175279364497809,0.26683542336281024,0.21563664018740875,1.0242350801955347,0.5175279364497809,-0.30189129626237216,0.30189129626237216,0.010306612234712085,8.26086956521741,0.03604523453410513,0.021819607727717016,0.01687797813227293,0.004941629595444086,home,3.7189903772498396,3.7189903772498396,0.1,0.21165413104491435,0.2010370045978695,0.20600055775810153,0.5324956159287734,,,0.0,lower_clv,True,0.20413951245629217,4.8986106999452526,0.03652668408142823,True,away,True,0.39
2023-02,data\historical_csv\football-data\2223\F2.csv:240:home,data\historical_csv\football-data\2223\F2.csv:240,data\historical_csv\football-data\2223\F2.csv,240,2023-02-20,F2,Nimes,St Etienne,home,0.27429361793390744,0.26748173024201205,3.842,3.9,2.766480758981027,0.004811887691895374,4,0.0,PS,3.0-4.0,sportsbook,0.2602811035918792,1.0538360801020723,0.006811887691895391,0.01754283503983977,1.345993064346365,0.07523698883927239,0.3691973073335111,0.25,1.5096304008328953,home:3.0-4.0,home:sportsbook,sportsbook:3.0-4.0,0.27429361793390744,0.2848805945011312,0.44082578756496144,1.0736173652350955,0.44082578756496144,-0.166532169631054,0.166532169631054,0.013142577440631863,14.705882352941169,0.04541995373614549,0.029023518110490393,0.014511759055245155,0.014511759055245238,away,3.4346949218571763,3.4346949218571763,0.12,0.2692209654395033,0.265000236482046,0.2669734457736337,0.5324956159287734,,,0.0,lower_clv,True,0.2611271146696167,3.829552519910543,0.3250374560667346,True,away,False,-0.12
2023-02,data\historical_csv\football-data\2223\SP1.csv:225:away,data\historical_csv\football-data\2223\SP1.csv:225,data\historical_csv\football-data\2223\SP1.csv,225,2023-02-25,SP1,Real Madrid,Ath Madrid,away,0.2142862280958094,0.2053300555640871,4.92,5.0,1.022387337530839,0.006956172531722324,5,0.0,B365,4.0-5.0,sportsbook,0.2032520325203252,1.0542882422313822,0.008956172531722317,0.03246206064447666,1.5933085305042167,0.04591858755152926,0.3414240751946255,0.2,1.6260162601626105,away:4.0-5.0,away:sportsbook,sportsbook:4.0-5.0,0.5267752987839806,0.25893847312021007,0.2142862280958094,1.017617256934436,0.5267752987839806,-0.3124890706881711,0.3124890706881711,0.006956172531722324,4.8218029350104885,0.041269841269841345,0.02221305736410209,0.011106528682051031,0.011106528682051059,home,4.363330014717063,4.363330014717063,0.11,0.21212058946080706,0.19958860724366206,0.20544736387128,0.5324956159287734,,,0.0,lower_clv,True,0.19980889817805605,5.0047821149029526,-1.6940220963964192,False,draw,False,-0.11
2023-02,data\historical_csv\football-data\2223\F2.csv:250:draw,data\historical_csv\football-data\2223\F2.csv:250,data\historical_csv\football-data\2223\F2.csv,250,2023-02-27,F2,Amiens,Bordeaux,draw,0.3014033106072671,0.2862114530580802,3.45,3.5,-1.257048694962326,0.013191857549186904,4,0.0,B365,3.0-4.0,sportsbook,0.2898550724637681,1.0398414215950715,0.015191857549186893,0.043768124253870874,1.2383742310432684,0.09084395564502074,0.37325009300716977,0.25,1.4492753623188248,draw:3.0-4.0,draw:sportsbook,sportsbook:3.0-4.0,0.3295492759789064,0.3014033106072671,0.3690474134138265,1.095161771805456,0.3690474134138265,-0.06764410280655941,0.039498137434920144,0.013191857549186904,9.375,0.07625272331154687,0.035931939872738516,0.01796596993636923,0.017965969936369286,away,3.222938548219624,3.222938548219624,0.13,0.2991969233281728,0.29512380362943713,0.2970280049454429,0.5324956159287734,,,0.0,lower_clv,True,0.2866377138648044,3.4887244477244894,-1.1099887166424738,False,away,False,-0.13
2023-02,data\historical_csv\football-data\2223\I2.csv:262:home,data\historical_csv\football-data\2223\I2.csv:262,data\historical_csv\football-data\2223\I2.csv,262,2023-02-28,I2,Cosenza,Reggina,home,0.2156195124762267,0.20342771442423882,4.92,5.0,0.08643549672548989,0.010191798051987881,4,0.0,VC,4.0-5.0,sportsbook,0.2032520325203252,1.0608480013830355,0.01219179805198789,0.047267512735479286,1.5933085305042167,0.04649177416048569,0.3435484085715324,0.25,1.6260162601626105,home:4.0-5.0,home:sportsbook,sportsbook:4.0-5.0,0.2156195124762267,0.29243060994006204,0.4919498775837113,1.0393422914126855,0.4919498775837113,-0.27633036510748454,0.27633036510748454,0.010930577373613151,1.2145748987854255,0.047259358288769926,0.024644852362612074,0.012322426181306023,0.012322426181306051,away,5.005828009938249,5.005828009938249,0.13,0.21342647969499645,0.20101862634254067,0.20681935218172662,0.5324956159287734,,,0.0,lower_clv,True,0.25287356321839083,3.954545454545454,24.41379310344829,True,home,True,0.51
2023-02,data\historical_csv\football-data\2223\I2.csv:264:away,data\historical_csv\football-data\2223\I2.csv:264,data\historical_csv\football-data\2223\I2.csv,264,2023-02-28,I2,Parma,Pisa,away,0.2583405049347829,0.24613921042236628,4.038,4.1,-0.6089868314484881,0.010201294512416612,4,0.0,VC,4.0-5.0,sportsbook,0.24764735017335313,1.0431789589266534,0.01220129451241661,0.039487785761632276,1.3957495198906458,0.06673981648995858,0.3605786357310302,0.25,1.535413571074784,away:4.0-5.0,away:sportsbook,sportsbook:4.0-5.0,0.45176221095090163,0.28989728411431553,0.2583405049347829,1.0675869311451585,0.45176221095090163,-0.19342170601611874,0.19342170601611874,0.010201294512416612,3.535353535353525,0.05119613496454467,0.026316783659764365,0.013158391829882127,0.013158391829882238,home,3.751314144659595,3.751314144659595,0.12,0.2569373802492808,0.24742109848956478,0.2518700019322891,0.5324956159287734,,,0.0,lower_clv,True,0.24394876736246512,4.099221368535038,-1.4934877390365808,False,away,True,0.36
2023-05,data\historical_csv\football-data\2223\G1.csv:229:draw,data\historical_csv\football-data\2223\G1.csv:229,data\historical_csv\football-data\2223\G1.csv,229,2023-05-06,G1,Giannina,Asteras Tripolis,draw,0.4017102322417646,0.38463077305845433,2.715,2.75,4.427254885370346,0.015079459183310252,5,0.0,VC,2.0-3.0,sportsbook,0.3683241252302026,1.0906432805363908,0.017079459183310275,0.037538150569774026,0.9987919533858987,0.16137111068773247,0.4012249475558551,0.2,1.2891344383057168,draw:2.0-3.0,draw:sportsbook,sportsbook:2.0-3.0,0.3562336021766592,0.4017102322417646,0.24205616558157614,1.077439974333764,0.4017102322417646,0.0,0.11417743659508309,0.01537900574471011,4.961832061068705,0.07613636363636367,0.0638010453357456,0.03190052266787281,0.031900522667872785,draw,6.314212507400807,4.609966508980791,0.27,0.3853037440478114,0.40908656741955346,0.4088972438773488,0.9920394841585735,,,0.0,lower_clv,True,0.4214220319272948,2.372918177596665,14.416081668260539,True,home,False,-0.27
2023-05,data\historical_csv\football-data\2223\F2.csv:345:home,data\historical_csv\football-data\2223\F2.csv:345,data\historical_csv\football-data\2223\F2.csv,345,2023-05-13,F2,Dijon,Amiens,home,0.4976985672323841,0.49024517143023827,2.274,2.3,11.481751983236176,0.005453395802145806,5,0.0,BW,2.0-3.0,sportsbook,0.4397537379067722,1.1317665418864415,0.0074533958021458235,0.010957226243328767,0.8215403953283443,0.24770386382516796,0.4088794776784434,0.2,1.1433597185575906,home:2.0-3.0,home:sportsbook,sportsbook:2.0-3.0,0.4976985672323841,0.2865537205277363,0.21574771223987957,1.0362982289005558,0.4976985672323841,0.0,0.2819508549925045,0.0057071508705388305,17.948717948717952,0.07994389901823284,0.09510116463498147,0.04755058231749075,0.04755058231749072,home,6.623036419971294,4.918790421551278,0.39,0.46138430264534425,0.5194425129266711,0.5189803396240017,0.9920394841585735,,,0.0,lower_clv,True,0.48291897550419266,2.0707407468425685,9.815775029653405,True,home,True,0.5
2024-10,data\historical_csv\football-data\2425\I2.csv:82:home,data\historical_csv\football-data\2425\I2.csv:82,data\historical_csv\football-data\2425\I2.csv,82,2024-10-18,I2,Bari,Catanzaro,home,0.4965939900795,0.48322662727294785,2.0780000000000003,2.1,0.4144931473185842,0.011367362806552166,6,0.0,WH,2.0-3.0,sportsbook,0.4812319538017324,1.0319223113852012,0.013367362806552152,0.022890657224289724,0.7314058926770358,0.24660559098307855,0.36321177061214777,0.16666666666666666,1.0587102983637964,home:2.0-3.0,home:sportsbook,sportsbook:2.0-3.0,0.4965939900795,0.2880365926901043,0.2153694172303958,1.0367952762474661,0.4965939900795,0.0,0.2812245728491042,0.011367362806552166,7.692307692307709,0.07333842627960285,0.05294037204865781,0.032181749058442635,0.020758622990215178,home,2.0986077584613634,2.0986077584613634,0.19,0.4913311249204107,0.5009217154232678,0.5007753835571882,0.9847421422032346,,,0.0,lower_clv,True,0.5010448365405791,1.995829369092822,4.117117033132356,True,draw,False,-0.19
2024-10,data\historical_csv\football-data\2425\I2.csv:87:away,data\historical_csv\football-data\2425\I2.csv:87,data\historical_csv\football-data\2425\I2.csv,87,2024-10-19,I2,Brescia,Sassuolo,away,0.3790285858433969,0.37253865748455584,2.764,2.8,2.96968492873122,0.00448992835884107,6,0.0,WH,2.0-3.0,sportsbook,0.36179450072358904,1.047635011271149,0.006489928358841046,0.011845883203902126,1.0166789059054233,0.14366266888644527,0.38535036796214456,0.16666666666666666,1.302460202604916,away:2.0-3.0,away:sportsbook,sportsbook:2.0-3.0,0.3293099973447817,0.2916614168118214,0.3790285858433969,1.0928691649464328,0.3790285858433969,0.0,0.04971858849861516,0.005370475078345569,9.80392156862746,0.08150183150183166,0.04879996602967973,0.03155674275638182,0.017243223273297914,away,3.2174269309410253,3.2174269309410253,0.18,0.3734349744245334,0.37953521644116234,0.37944213981594677,0.9847421422032346,,,0.0,lower_clv,True,0.4657374163619619,2.147132622092831,28.72982188244626,True,away,True,0.32
2024-10,data\historical_csv\football-data\2425\SP2.csv:116:home,data\historical_csv\football-data\2425\SP2.csv:116,data\historical_csv\football-data\2425\SP2.csv,116,2024-10-23,SP2,Cartagena,Elche,home,0.2709252885062918,0.2653584209172104,3.842,3.9,1.9507053163922317,0.003566867589081343,6,0.0,WH,3.0-4.0,sportsbook,0.2602811035918792,1.040894958441173,0.00556686758908137,0.013165502595740555,1.345993064346365,0.07340051195221743,0.36466355928550664,0.16666666666666666,1.5096304008328953,home:3.0-4.0,home:sportsbook,sportsbook:3.0-4.0,0.2709252885062918,0.3150441330360803,0.4140305784576279,1.08279257209163,0.4140305784576279,-0.14310528995133615,0.14310528995133615,0.003566867589081343,10.481586402266284,0.08173076923076938,0.03388825146925473,0.04309936988181881,-0.009211118412564084,away,3.6231738836064924,3.6231738836064924,0.13,0.26971154056118296,0.2682632178926038,0.2682853161939248,0.9847421422032346,,,0.0,lower_clv,True,0.2596608763074807,3.8511770206607383,-0.2382913226659178,False,draw,False,-0.13
2024-10,data\historical_csv\football-data\2425\SP2.csv:120:away,data\historical_csv\football-data\2425\SP2.csv:120,data\historical_csv\football-data\2425\SP2.csv,120,2024-10-24,SP2,Burgos,Ferrol,away,0.24642870254613208,0.24124280935591425,4.478999999999999,4.55,8.052654310513962,0.0031858931902178354,5,0.0,PS,4.0-5.0,sportsbook,0.2232641214556821,1.1037541587041253,0.0051858931902178385,0.012928255342420708,1.4993998072251629,0.060727105438570045,0.36949514909241743,0.2,1.5851752623353477,away:4.0-5.0,away:sportsbook,sportsbook:4.0-5.0,0.4612623575961567,0.2923089398577112,0.24642870254613208,1.0616114329877173,0.4612623575961567,-0.2148336550500246,0.2148336550500246,0.00678056133518341,15.335868187579237,0.05244205163624982,0.037599893930471306,0.018799946965235653,0.018799946965235653,home,6.296866779068583,6.296866779068583,0.18,0.23732276574920427,0.24318317445216994,0.24309375716954917,0.9847421422032346,,,0.0,lower_clv,True,0.17643322225567293,5.667866783903543,-20.975559751684113,False,draw,False,-0.18
2024-10,data\historical_csv\football-data\2425\I2.csv:103:away,data\historical_csv\football-data\2425\I2.csv:103,data\historical_csv\football-data\2425\I2.csv,103,2024-10-29,I2,Brescia,Spezia,away,0.42096841084573916,0.4120964822789027,2.6660000000000004,2.7,9.86492217555548,0.006871928566836445,6,0.0,WH,2.0-3.0,sportsbook,0.3750937734433608,1.1223017833147408,0.00887192856683644,0.016324095561067203,0.980579221756517,0.17721440292998705,0.41279287669119263,0.16666666666666666,1.275318829707417,away:2.0-3.0,away:sportsbook,sportsbook:2.0-3.0,0.27297404881099374,0.3060575403432671,0.42096841084573916,1.0810111239626963,0.42096841084573916,0.0,0.14799436203474542,0.009823151329511075,17.801047120418858,0.08287037037037037,0.07894190379144245,0.05694362691192548,0.02199827687951697,away,9.702847361420464,9.702847361420464,0.58,0.4114885497427624,0.4228401536280619,0.4226669524702148,0.9847421422032346,,,0.0,lower_clv,True,0.40309535522449885,2.4808025868793817,7.465221702851399,True,draw,False,-0.58
2024-12,data\historical_csv\football-data\2425\SP1.csv:174:draw,data\historical_csv\football-data\2425\SP1.csv:174,data\historical_csv\football-data\2425\SP1.csv,174,2024-12-21,SP1,Getafe,Mallorca,draw,0.34784135220925255,0.33929638497235515,2.911,2.95,-1.23082233454741,0.006544967236897395,6,0.0,1XB,2.0-3.0,sportsbook,0.3435245620061834,1.0125661762811342,0.008544967236897405,0.018815955018942395,1.0684966647634861,0.12099360630676129,0.37166732470240743,0.16666666666666666,1.3397457918241207,draw:2.0-3.0,draw:sportsbook,sportsbook:2.0-3.0,0.4117949914649949,0.34784135220925255,0.24036365632575243,1.0753432230881625,0.4117949914649949,-0.06395363925574232,0.17143133513924244,0.006544967236897395,5.35714285714286,0.014514965741074581,0.013708232152378819,0.00685411607618952,0.006854116076189298,home,1.9302250195439057,1.9302250195439057,0.1,0.35015535905030537,0.3479257344769836,0.35015535905030537,0.0,,,0.0,lower_clv,True,0.3723151159964942,2.685896857352996,8.380930266579467,True,away,False,-0.1
2024-12,data\historical_csv\football-data\2425\I2.csv:199:home,data\historical_csv\football-data\2425\I2.csv:199,data\historical_csv\football-data\2425\I2.csv,199,2024-12-29,I2,Cittadella,Palermo,home,0.27606255762497783,0.2656390352388727,3.9595999999999996,4.02,5.182432393184033,0.008423522386105088,6,0.0,1XB,3.0-4.0,sportsbook,0.2525507627033034,1.093097303171862,0.01042352238610511,0.03051309260688722,1.3761430100635152,0.07621053572244421,0.37990155901586964,0.16666666666666666,1.5254066067279526,home:3.0-4.0,home:sportsbook,sportsbook:3.0-4.0,0.27606255762497783,0.30665526215145616,0.41728218022356606,1.0825053754960725,0.41728218022356606,-0.14121962259858822,0.14121962259858822,0.009303743467298892,11.049723756906072,0.051637236615624804,0.03952070626754678,0.01976035313377339,0.01976035313377339,away,6.250257986314788,6.250257986314788,0.21,0.26833583691866547,0.2700938250355843,0.26833583691866547,0.0,,,0.0,lower_clv,True,0.3061968134777859,3.265873307569703,21.241690264664093,True,home,True,0.62
2024-12,data\historical_csv\football-data\2425\I2.csv:195:draw,data\historical_csv\football-data\2425\I2.csv:195,data\historical_csv\football-data\2425\I2.csv,195,2024-12-29,I2,Mantova,Reggiana,draw,0.31070708833397265,0.30249624574689177,3.1412999999999998,3.3,-4.976854323528901,0.006210842587080882,6,0.05,BF,3.0-4.0,exchange,0.318339540954382,0.9760241765835082,0.00821084258708088,0.019989381704755234,1.144636726979389,0.09653889474097509,0.3556467446398943,0.16666666666666666,5.05204851494605,draw:3.0-4.0,draw:exchange,exchange:3.0-4.0,0.3879209173436668,0.31070708833397265,0.30137199432236056,1.0919986978437837,0.3879209173436668,-0.07721382900969415,0.08654892302130623,0.008248181392439933,2.741935483870961,0.07445887445887456,0.028676467866607658,0.12957001874720342,-0.10089355088059576,home,5.242604543203694,5.242604543203694,0.24,0.33502882419127017,0.3075261855772009,0.33502882419127017,0.0,,,0.0,lower_clv,True,0.3301315692910638,3.029095345675166,3.7042298614018643,True,away,False,-0.24
2025-01,data\historical_csv\football-data\2425\I2.csv:205:away,data\historical_csv\football-data\2425\I2.csv:205,data\historical_csv\football-data\2425\I2.csv,205,2025-01-12,I2,Palermo,Modena,away,0.24428433731318652,0.23015407376126823,4.43,4.5,1.9582546762418218,0.012130263551918303,6,0.0,B365,4.0-5.0,sportsbook,0.22573363431151244,1.0821796142974163,0.014130263551918293,0.049656329527040494,1.4883995840570443,0.059674837456542694,0.3635927060485975,0.16666666666666666,1.5801354401805856,away:4.0-5.0,away:sportsbook,sportsbook:4.0-5.0,0.45615819127793716,0.29955747140887645,0.24428433731318652,1.0634467607030562,0.45615819127793716,-0.21187385396475064,0.21187385396475064,0.012130263551918303,10.02444987775062,0.06704980842911867,0.03602580948553841,0.018012904742769176,0.01801290474276923,home,4.240435276632555,4.240435276632555,0.12,0.23530572297208255,0.237318148810937,0.23620867769532372,0.44868968873664206,,,0.0,lower_clv,True,0.258024407860914,3.875602344329541,14.304812682384904,True,home,False,-0.12
2025-01,data\historical_csv\football-data\2425\F1.csv:156:draw,data\historical_csv\football-data\2425\F1.csv:156,data\historical_csv\football-data\2425\F1.csv,156,2025-01-17,F1,Lille,Nice,draw,0.27992133728683016,0.2765739019154,3.6754,3.73,1.6519719099861163,0.0013474353714301923,6,0.0,1XB,3.0-4.0,sportsbook,0.27207922947162216,1.0288228830640156,0.003347435371430174,0.004813621514138096,1.301661970279187,0.07835595506844734,0.3643629594159602,0.16666666666666666,1.4855525929150515,draw:3.0-4.0,draw:sportsbook,sportsbook:3.0-4.0,0.4634561233181961,0.27992133728683016,0.2566225393949738,1.0618717422805086,0.4634561233181961,-0.18353478603136592,0.20683358392322226,0.005196495294164543,6.571428571428561,0.014661929012147912,0.01569883412627393,0.007849417063136882,0.007849417063137049,home,2.734016974904675,2.734016974904675,0.1,0.2795179217905661,0.2752652494752894,0.27760979157312565,0.44868968873664206,,,0.0,lower_clv,True,0.2804354943235666,3.565882423022385,3.071261583683671,True,home,False,-0.1
2025-01,data\historical_csv\football-data\2425\T1.csv:175:draw,data\historical_csv\football-data\2425\T1.csv:175,data\historical_csv\football-data\2425\T1.csv,175,2025-01-18,T1,Gaziantep,Bodrumspor,draw,0.2877000245911604,0.2799968156611913,3.6557999999999997,3.71,2.361235869418299,0.005703208929969121,6,0.0,1XB,3.0-4.0,sportsbook,0.2735379397122381,1.051773749900364,0.007703208929969119,0.019823456525850963,1.2963149475003666,0.0827713041497543,0.3729498422737443,0.16666666666666666,1.4825756332403461,draw:3.0-4.0,draw:sportsbook,sportsbook:3.0-4.0,0.46570812189120897,0.2877000245911604,0.24659185351763063,1.0595533905852266,0.46570812189120897,-0.17800809730004857,0.21911626837357834,0.01080830609721624,9.117647058823541,0.024619808015214684,0.024634859476044102,0.012317429738022107,0.012317429738021995,home,4.6109101183662915,4.6109101183662915,0.17,0.2861505282520004,0.2835924826866502,0.2850027595835093,0.44868968873664206,,,0.0,lower_clv,True,0.29354093896939765,3.4066798434008296,7.312696468432378,True,draw,True,0.45
2025-01,data\historical_csv\football-data\2425\SP1.csv:199:draw,data\historical_csv\football-data\2425\SP1.csv:199,data\historical_csv\football-data\2425\SP1.csv,199,2025-01-19,SP1,Osasuna,Vallecano,draw,0.31226699904380556,0.3025153874093837,3.2931999999999997,3.34,-0.3756326183417591,0.007751611634421864,6,0.0,1XB,3.0-4.0,sportsbook,0.30365601846228596,1.0283576812510604,0.009751611634421842,0.024823665831349824,1.1918597364421337,0.09751067869182406,0.37217846317992614,0.16666666666666666,1.4211101664034942,draw:3.0-4.0,draw:sportsbook,sportsbook:3.0-4.0,0.4359056013160163,0.31226699904380556,0.2518273996401781,1.0726646791983152,0.4359056013160163,-0.12363860227221074,0.18407820167583822,0.008495642060062671,6.709265175718859,0.013926283778670223,0.0169780787398649,0.00848903936993245,0.00848903936993245,home,2.8584382940021444,2.8584382940021444,0.12,0.31233583837605416,0.3099770233519016,0.3112774623970799,0.44868968873664206,,,0.0,lower_clv,True,0.31116920319794705,3.213685640233042,2.474241997147919,True,draw,True,0.28
2025-01,data\historical_csv\football-data\2425\D1.csv:172:draw,data\historical_csv\football-data\2425\D1.csv:172,data\historical_csv\football-data\2425\D1.csv,172,2025-01-26,D1,St Pauli,Union Berlin,draw,0.3065144559852312,0.3013303680542825,3.3324,3.38,0.41533185040909526,0.0031840879309486965,6,0.0,1XB,3.0-4.0,sportsbook,0.3000840235265875,1.0214287731251843,0.005184087930948711,0.010388051423917558,1.2036927651186171,0.09395111172792223,0.3689492330736916,0.16666666666666666,1.4283999519865587,draw:3.0-4.0,draw:sportsbook,sportsbook:3.0-4.0,0.37632563626448995,0.3065144559852312,0.31715990775027886,1.094443929142235,0.37632563626448995,-0.06981118027925876,0.05916572851421109,0.006760335317672308,5.624999999999991,0.015790229837052694,0.015255513464056958,0.007627756732028451,0.007627756732028507,home,2.2614471916777137,2.2614471916777137,0.1,0.30687026524930294,0.30378825402023807,0.305487398590251,0.44868968873664206,,,0.0,lower_clv,True,0.3054814613308994,3.273521069472671,1.7986421739089042,True,home,False,-0.1
2025-01,data\historical_csv\football-data\2425\T1.csv:191:draw,data\historical_csv\football-data\2425\T1.csv:191,data\historical_csv\football-data\2425\T1.csv,191,2025-01-31,T1,Eyupspor,Sivasspor,draw,0.27034262323144065,0.2593275492216681,3.842,3.9,-0.36635558903510557,0.009015074009772514,6,0.0,1XB,3.0-4.0,sportsbook,0.2602811035918792,1.0386563584551949,0.01101507400977253,0.033346846686675445,1.345993064346365,0.07308513393565667,0.3638792958667216,0.16666666666666666,1.5096304008328953,draw:3.0-4.0,draw:sportsbook,sportsbook:3.0-4.0,0.5028737796281468,0.27034262323144065,0.22678359714041257,1.0358014946837402,0.5028737796281468,-0.23253115639670618,0.27609018248773426,0.010783264317452225,7.438016528925617,0.0258954008954011,0.02040461182553935,0.010202305912769619,0.01020230591276973,home,3.3047561803138517,3.3047561803138517,0.12,0.26888275944902096,0.26503127302377555,0.2671546372037042,0.44868968873664206,,,0.0,lower_clv,True,0.2590924697078416,3.859625874606167,-0.4566731382472544,False,home,False,-0.12
2025-02,data\historical_csv\football-data\2425\E0.csv:237:draw,data\historical_csv\football-data\2425\E0.csv:237,data\historical_csv\football-data\2425\E0.csv,237,2025-02-02,E0,Brentford,Tottenham,draw,0.24366350592982888,0.2392545383549772,4.2634,4.33,2.00377988226097,0.002408967574851666,6,0.0,1XB,4.0-5.0,sportsbook,0.23455458085096403,1.0388349911812325,0.00440896757485168,0.009886452079308952,1.450066964016957,0.059371904122015755,0.35332840028539475,0.16666666666666666,1.5621335084674337,draw:4.0-5.0,draw:sportsbook,sportsbook:4.0-5.0,0.4502000851582619,0.24366350592982888,0.30613640891190924,1.06571411828703,0.4502000851582619,-0.206536579228433,0.14406367624635263,0.002408967574851666,7.178217821782185,0.025225640585927467,0.018399063572435786,0.009199531786217907,0.00919953178621788,home,3.8668240765974224,3.8668240765974224,0.12,0.24362439385607126,0.23836679099107183,0.24362439385607126,0.0,,,0.0,lower_clv,True,0.23582142427865607,4.2404968210961185,0.5401060269622171,True,away,False,-0.12
2025-02,data\historical_csv\football-data\2425\SP1.csv:218:draw,data\historical_csv\football-data\2425\SP1.csv:218,data\historical_csv\football-data\2425\SP1.csv,218,2025-02-02,SP1,Valencia,Celta,draw,0.3057164176708092,0.29875200324029955,3.3324,3.38,-0.44388244020258094,0.004964414430509651,6,0.0,1XB,3.0-4.0,sportsbook,0.3000840235265875,1.0187693902462045,0.006964414430509658,0.016238625548253206,1.2036927651186171,0.09346252803347266,0.3679886401283344,0.16666666666666666,1.4283999519865587,draw:3.0-4.0,draw:sportsbook,sportsbook:3.0-4.0,0.4044690068317606,0.3057164176708092,0.2898145754974302,1.087360434422285,0.4044690068317606,-0.09875258916095142,0.1146544313343304,0.004964414430509651,5.624999999999991,0.014568330306985011,0.01410669624755062,0.007053348123775283,0.007053348123775338,home,2.3531557239790852,2.3531557239790852,0.1,0.3071454679029501,0.3035860870861049,0.3071454679029501,0.0,,,0.0,lower_clv,True,0.3121006216567876,3.204094867518992,4.004411160907884,True,home,False,-0.1
2025-02,data\historical_csv\football-data\2425\I1.csv:230:draw,data\historical_csv\football-data\2425\I1.csv:230,data\historical_csv\football-data\2425\I1.csv,230,2025-02-06,I1,Fiorentina,Inter,draw,0.2718794036819876,0.26751588521451264,3.7538,3.81,0.42011299182376227,0.0023635184674749834,6,0.0,1XB,3.0-4.0,sportsbook,0.2663967179924343,1.020580905541445,0.004363518467474958,0.00869326045101801,1.3227686602400124,0.07391841014647317,0.35963355455527624,0.16666666666666666,1.497149555117483,draw:3.0-4.0,draw:sportsbook,sportsbook:3.0-4.0,0.2553289054177718,0.2718794036819876,0.4727916909002406,1.056838992641893,0.4727916909002406,-0.200912287218253,0.21746278548246878,0.00397551830632305,5.833333333333335,0.01552405903975096,0.013424481551210177,0.006712240775605033,0.006712240775605144,away,2.6775215273719613,2.6775215273719613,0.1,0.2735295474648941,0.2679325302358453,0.2735295474648941,0.0,,,0.0,lower_clv,True,0.2754741472560756,3.6301047120418843,3.4074853969856544,True,home,False,-0.1
2025-02,data\historical_csv\football-data\2425\D2.csv:184:draw,data\historical_csv\football-data\2425\D2.csv:184,data\historical_csv\football-data\2425\D2.csv,184,2025-02-08,D2,Darmstadt,Elversberg,draw,0.27727417694741946,0.2585093067030502,3.7636,3.82,-2.7074373292400256,0.016764870244369227,6,0.0,1XB,3.0-4.0,sportsbook,0.26570305027101715,1.0435490923593078,0.018764870244369236,0.06046315033349973,1.3253759461504735,0.07688096920186888,0.3674925246147799,0.16666666666666666,1.4985652035285346,draw:3.0-4.0,draw:sportsbook,sportsbook:3.0-4.0,0.4376585721646041,0.27727417694741946,0.28506725088797646,1.0750853819257933,0.4376585721646041,-0.16038439521718462,0.1525913212766276,0.016764870244369227,8.59985785358921,0.05274900423357298,0.02861081686889419,0.014305408434447137,0.014305408434447053,home,4.3690999399062544,4.3690999399062544,0.16,0.27731188208073726,0.27360384752754524,0.27731188208073726,0.0,,,0.0,lower_clv,True,0.27565092143793324,3.627776735820433,3.7439807923805413,True,away,False,-0.16
2025-02,data\historical_csv\football-data\2425\D1.csv:183:draw,data\historical_csv\football-data\2425\D1.csv:183,data\historical_csv\football-data\2425\D1.csv,183,2025-02-08,D1,Dortmund,Stuttgart,draw,0.24476945690225602,0.23907077825198067,4.204599999999999,4.27,0.5196994238277686,0.003698678650275345,6,0.0,1XB,4.0-5.0,sportsbook,0.23783475241402277,1.0291576584912254,0.005698678650275346,0.015110866760440381,1.4361791640488881,0.059912087032225364,0.3515327939985824,0.16666666666666666,1.5554392807877182,draw:4.0-5.0,draw:sportsbook,sportsbook:4.0-5.0,0.5097944755664001,0.24476945690225602,0.24543606753134395,1.0327394286918132,0.5097944755664001,-0.2650250186641441,0.26435840803505617,0.005081391678119583,8.238276299112801,0.016262302647735094,0.014324977302284575,0.00716248865114219,0.007162488651142385,home,3.549335409503598,3.549335409503598,0.11,0.2462763054975589,0.2395223206610383,0.2462763054975589,0.0,,,0.0,lower_clv,True,0.24957793445123097,4.006764468977549,4.937538319364565,True,away,False,-0.11
2025-02,data\historical_csv\football-data\2425\F1.csv:184:draw,data\historical_csv\football-data\2425\F1.csv:184,data\historical_csv\football-data\2425\F1.csv,184,2025-02-08,F1,Nice,Lens,draw,0.28258905394798456,0.27434398776740254,3.6166,3.67,-0.7807533840411995,0.00624506618058202,6,0.0,1XB,3.0-4.0,sportsbook,0.27650279267820604,1.022011572508281,0.008245066180582017,0.022099462429042045,1.2855343579687422,0.07985657341121692,0.36327793803601655,0.16666666666666666,1.4765249129016222,draw:3.0-4.0,draw:sportsbook,sportsbook:3.0-4.0,0.4058485971506531,0.28258905394798456,0.3115623489013623,1.0864395804627704,0.4058485971506531,-0.12325954320266852,0.09428624824929077,0.006556884603919357,7.309941520467844,0.01487912972216554,0.01410430925992312,0.007052154629961643,0.007052154629961477,home,3.0268064534534367,3.0268064534534367,0.12,0.28487199705096894,0.2791963619293538,0.28487199705096894,0.0,,,0.0,lower_clv,True,0.278367432354337,3.5923742642676997,0.6743655852695207,True,home,False,-0.12
2025-02,data\historical_csv\football-data\2425\I1.csv:243:draw,data\historical_csv\football-data\2425\I1.csv:243,data\historical_csv\football-data\2425\I1.csv,243,2025-02-15,I1,Lazio,Napoli,draw,0.30649958445409936,0.3007501810399911,3.3912,3.44,1.9904013942817933,0.0037494034141082244,5,0.0,1XB,3.0-4.0,sportsbook,0.2948808681292758,1.0394013908007418,0.005749403414108234,0.012232980415899148,1.2211838410562903,0.09394199527053558,0.3742923398258139,0.2,1.439018636470868,draw:3.0-4.0,draw:sportsbook,sportsbook:3.0-4.0,0.3548496111530393,0.30649958445409936,0.33865080439286144,1.096779867282451,0.3548496111530393,-0.04835002669893995,0.016198806760177875,0.0037494034141082244,7.499999999999996,0.014216619363130567,0.019876718225437073,0.009938359112718453,0.00993835911271862,home,3.8012684358781548,3.8012684358781548,0.16,0.30609008149291744,0.3044134090523975,0.30609008149291744,0.0,,,0.0,lower_clv,True,0.3112613325395055,3.2127344307153196,5.554943090797093,True,draw,True,0.38
2025-02,data\historical_csv\football-data\2425\I2.csv:260:draw,data\historical_csv\football-data\2425\I2.csv:260,data\historical_csv\football-data\2425\I2.csv,260,2025-02-16,I2,Palermo,Mantova,draw,0.28447806199100145,0.26971462424019194,3.7636,3.82,1.5097959790386417,0.012763437750809518,5,0.0,1XB,3.0-4.0,sportsbook,0.26570305027101715,1.0706616341093331,0.014763437750809516,0.0448661582600814,1.3253759461504735,0.08092776775415607,0.3770403805703766,0.2,1.4985652035285346,draw:3.0-4.0,draw:sportsbook,sportsbook:3.0-4.0,0.5290876656591763,0.28447806199100145,0.18643427234982227,1.0075842101093089,0.5290876656591763,-0.24460960366817486,0.34265339330935407,0.012763437750809518,13.185185185185189,0.05188835980413575,0.03561124806334662,0.01780562403167328,0.017805624031673337,home,6.8361333548227865,6.8361333548227865,0.25,0.2838668651153757,0.28118524314091425,0.2838668651153757,0.0,,,0.0,lower_clv,True,0.2727188941664225,3.6667793152232626,2.6404830084747477,True,draw,True,0.69
2025-02,data\historical_csv\football-data\2425\I2.csv:259:home,data\historical_csv\football-data\2425\I2.csv:259,data\historical_csv\football-data\2425\I2.csv,259,2025-02-16,I2,Juve Stabia,Cosenza,home,0.4811431133547002,0.46592543512402534,2.176,2.2,1.3853746829879166,0.013217678230674896,5,0.0,WH,2.0-3.0,sportsbook,0.45955882352941174,1.0469674146598278,0.01521767823067488,0.02747140687209791,0.7774883289936962,0.2314986955286539,0.37408315520897045,0.2,1.1029411764705843,home:2.0-3.0,home:sportsbook,sportsbook:2.0-3.0,0.4811431133547002,0.29748911740542977,0.2213677692398699,1.0464759593770694,0.4811431133547002,0.0,0.25977534411483033,0.013217678230674896,12.244897959183687,0.06565656565656575,0.05460282899451069,0.027301414497255344,0.027301414497255344,home,4.1944266566218555,4.1944266566218555,0.36,0.4788346813263872,0.4898830134884693,0.4788346813263872,0.0,,,0.0,lower_clv,True,0.447951884235747,2.232382617847685,-2.525669990301449,False,home,True,0.42
2025-02,data\historical_csv\football-data\2425\E1.csv:393:draw,data\historical_csv\football-data\2425\E1.csv:393,data\historical_csv\football-data\2425\E1.csv,393,2025-02-17,E1,Leeds,Sunderland,draw,0.23127079504758852,0.22685964883067855,4.537799999999999,4.8,2.9443714463852855,0.0024111462169099694,4,0.05,BFE,4.0-5.0,exchange,0.22037110494072024,1.0494606137669469,0.004411146216909967,0.010425640714443987,1.5124423131079014,0.053486180641943694,0.34978373621607817,0.25,5.778130371545709,draw:4.0-5.0,draw:exchange,exchange:4.0-5.0,0.6132573902538769,0.23127079504758852,0.15547181469853452,0.9278618924988412,0.6132573902538769,-0.3819865952062884,0.4577855755553424,0.0106341595925302,10.724150354269234,0.009199134199134207,0.02483647869370112,0.017756005788012424,0.007080472905688695,home,3.9040711594568482,3.9040711594568482,0.11,0.2289745496924873,0.22543914262108378,0.2289745496924873,0.0,,,0.0,lower_clv,True,0.2354159546944311,4.2478004572714525,6.827051921238914,True,home,False,-0.11
2025-02,data\historical_csv\football-data\2425\I1.csv:250:draw,data\historical_csv\football-data\2425\I1.csv:250,data\historical_csv\football-data\2425\I1.csv,250,2025-02-17,I1,Genoa,Venezia,draw,0.28075177030152293,0.2685027202164663,3.695,3.75,-0.7882448800156983,0.010249050085056631,5,0.0,1XB,3.0-4.0,sportsbook,0.2706359945872801,1.037377791264127,0.012249050085056612,0.03650573627389531,1.3069805544001651,0.0788215565274391,0.36693710439751226,0.2,1.4884979702300516,draw:3.0-4.0,draw:sportsbook,sportsbook:3.0-4.0,0.5071246699151042,0.28075177030152293,0.21212355978337288,1.029887327350166,0.5071246699151042,-0.22637289961358126,0.2950011101317313,0.010454592953469686,6.232294617563738,0.016196741854636487,0.018335393941193656,0.009167696970596856,0.0091676969705968,home,3.2155529849874056,3.2155529849874056,0.12,0.27933843838968175,0.27726253511642884,0.27933843838968175,0.0,,,0.0,lower_clv,True,0.28481367115297856,3.511067414537422,5.238651491025581,True,home,False,-0.12
2025-02,data\historical_csv\football-data\2425\D1.csv:200:draw,data\historical_csv\football-data\2425\D1.csv:200,data\historical_csv\football-data\2425\D1.csv,200,2025-02-21,D1,Freiburg,Werder Bremen,draw,0.2799788911142542,0.2751061243318741,3.7047999999999996,3.76,1.9213169424727061,0.0028727667823801313,5,0.0,1XB,3.0-4.0,sportsbook,0.26992010364931984,1.037265795800089,0.0048727667823801335,0.010260654904900699,1.309629276184405,0.07838817946956743,0.36666855251687314,0.2,1.4899589721442563,draw:3.0-4.0,draw:sportsbook,sportsbook:3.0-4.0,0.46802411538079985,0.2799788911142542,0.25199699350494587,1.0591021917943089,0.46802411538079985,-0.18804522426654563,0.216027121875854,0.004332946524965954,7.428571428571429,0.015006681056634719,0.017953574658558014,0.00897678732927909,0.008976787329278924,home,3.6095192593063286,3.6095192593063286,0.13,0.2796629217752816,0.2764492214564892,0.2796629217752816,0.0,,,0.0,lower_clv,True,0.2772463000996451,3.606901154823671,2.7142092609165225,True,home,False,-0.13
2025-02,data\historical_csv\football-data\2425\B1.csv:210:home,data\historical_csv\football-data\2425\B1.csv:210,data\historical_csv\football-data\2425\B1.csv,210,2025-02-21,B1,Mechelen,St Truiden,home,0.5285249174689415,0.5237909380293531,1.98,2.0,3.7106057298119,0.0027339794395883983,5,0.0,WH,1.5-2.0,sportsbook,0.5050505050505051,1.0464793365885041,0.0047339794395884205,0.005172848713890692,0.6830968447064438,0.2793385883855514,0.36103370347176755,0.2,1.0101010101010166,home:1.5-2.0,home:sportsbook,sportsbook:1.5-2.0,0.5285249174689415,0.2424582495532718,0.2290168329777868,1.0181289504506523,0.5285249174689415,0.0,0.2995080844911547,0.0035397708972480413,9.890109890109876,0.07189542483660127,0.06206150283479511,0.031030751417397542,0.03103075141739757,home,3.322539758225362,3.322539758225362,0.34,0.5218310088799261,0.5400854513169558,0.5218310088799261,0.0,,,0.0,lower_clv,True,0.5182736061141036,1.9294827832305996,2.6181740105925,True,draw,False,-0.34
2025-02,data\historical_csv\football-data\2425\T1.csv:220:draw,data\historical_csv\football-data\2425\T1.csv:220,data\historical_csv\football-data\2425\T1.csv,220,2025-02-22,T1,Sivasspor,Konyaspor,draw,0.3030887971165121,0.2868733199269122,3.3912,3.44,-2.715519746385542,0.014215477189599915,5,0.0,1XB,3.0-4.0,sportsbook,0.2948808681292758,1.0278347287815157,0.016215477189599925,0.04690202120580281,1.2211838410562903,0.09186281893753423,0.37012714144387293,0.2,1.439018636470868,draw:3.0-4.0,draw:sportsbook,sportsbook:3.0-4.0,0.3479908411337731,0.3030887971165121,0.3489203617497148,1.0965201771101103,0.3489203617497148,-0.045831564633202704,0.0009295206159417035,0.014215477189599915,5.846153846153834,0.024664868105140014,0.019388551829312095,0.009694275914656048,0.009694275914656048,away,2.3970691726001143,2.3970691726001143,0.1,0.30194936651509824,0.30081094933393937,0.30194936651509824,0.0,,,0.0,lower_clv,True,0.3048128867150067,3.280701189431593,3.3681461427930826,True,draw,True,0.24
2025-02,data\historical_csv\football-data\2425\I1.csv:257:draw,data\historical_csv\football-data\2425\I1.csv:257,data\historical_csv\football-data\2425\I1.csv,257,2025-02-23,I1,Verona,Fiorentina,draw,0.2778006020365483,0.2696787983317222,3.7146,3.77,0.1748864283015239,0.006121803704826131,5,0.0,1XB,3.0-4.0,sportsbook,0.269207990093146,1.0319181163249624,0.008121803704826125,0.02203668264196464,1.3122710007711045,0.0771731744918687,0.3645496740493166,0.2,1.491412265116021,draw:3.0-4.0,draw:sportsbook,sportsbook:3.0-4.0,0.22288279515995907,0.2778006020365483,0.4993166028034925,1.0371756141954642,0.4993166028034925,-0.22151600076694417,0.2764338076435334,0.006121803704826131,4.432132963988922,0.01392155881420698,0.016190631241434994,0.008095315620717553,0.008095315620717441,away,2.68571768826475,2.68571768826475,0.1,0.2764381567012996,0.274157546040623,0.2764381567012996,0.0,,,0.0,lower_clv,True,0.290300412638772,3.444707470134825,7.834991278798231,True,home,False,-0.1
2025-02,data\historical_csv\football-data\2425\T1.csv:226:draw,data\historical_csv\football-data\2425\T1.csv:226,data\historical_csv\football-data\2425\T1.csv,226,2025-02-24,T1,Galatasaray,Fenerbahce,draw,0.26410828267819614,0.25649645947609145,4.0576,4.12,4.076003397018857,0.0056118232021046925,5,0.0,1XB,4.0-5.0,sportsbook,0.24645110410094637,1.0716457677950486,0.007611823202104684,0.021248190875340484,1.400591665820715,0.06975318497922596,0.369907859593303,0.2,1.537854889589907,draw:4.0-5.0,draw:sportsbook,sportsbook:4.0-5.0,0.4104539977552918,0.26410828267819614,0.325437719566512,1.0824697339140856,0.4104539977552918,-0.14634571507709565,0.08501627818877977,0.008989089642546586,9.866666666666667,0.02472327751981629,0.02724585169155544,0.013622925845777678,0.013622925845777761,home,6.244216133051037,6.244216133051037,0.2,0.2618400437033001,0.2597728832456822,0.2618400437033001,0.0,,,0.0,lower_clv,True,0.27469709313150165,3.6403734331520026,11.461092509038107,True,draw,True,0.61
2025-02,data\historical_csv\football-data\2425\P1.csv:208:draw,data\historical_csv\football-data\2425\P1.csv:208,data\historical_csv\football-data\2425\P1.csv,208,2025-02-24,P1,Porto,Guimaraes,draw,0.25531077881714165,0.24758779183723825,4.1654,4.4,3.130218811883223,0.0057229869799034026,5,0.05,BFE,4.0-5.0,exchange,0.2400729821865847,1.063471518084922,0.007722986979903396,0.02241576719329313,1.4268123094227787,0.06518359378021542,0.3642805619446141,0.2,5.632112162097291,draw:4.0-5.0,draw:exchange,exchange:4.0-5.0,0.5622915962044192,0.25531077881714165,0.1823976249784392,0.982661527016505,0.5622915962044192,-0.3069808173872775,0.37989397122597995,0.0057229869799034026,11.90476190476193,0.9780372532666111,0.1404126762170011,0.21120489144573765,-0.07079221522873655,home,3.174632358810953,3.174632358810953,0.1,0.2476944167638425,0.2505504279891301,0.2476944167638425,0.0,,,0.0,lower_clv,True,0.2714056399740427,3.6845218105844824,13.051305274787751,True,draw,True,0.32
2025-03,data\historical_csv\football-data\2425\SP1.csv:255:draw,data\historical_csv\football-data\2425\SP1.csv:255,data\historical_csv\football-data\2425\SP1.csv,255,2025-03-01,SP1,Betis,Real Madrid,draw,0.23715296533683874,0.23097631657061574,4.3515999999999995,4.42,0.5116539188691371,0.004176648766223003,5,0.0,1XB,4.0-5.0,sportsbook,0.22980053313723692,1.0319948439597872,0.0061766487662230085,0.017611623621449246,1.4705435935647904,0.056241528968055836,0.348743773870981,0.2,1.5718356466587036,draw:4.0-5.0,draw:sportsbook,sportsbook:4.0-5.0,0.21451647897104853,0.23715296533683874,0.5483305556921128,1.0009741166691604,0.5483305556921128,-0.31117759035527404,0.3338140767210642,0.005289132124436058,7.281553398058249,0.01428644059179418,0.01409532122656304,0.007047660613281534,0.007047660613281506,away,3.6143087981535826,3.6143087981535826,0.11,0.23810623402461992,0.23101290090484752,0.23107331082751634,0.9914835632771248,,,0.0,lower_clv,True,0.2561263916783319,3.9043223677468424,11.455960602742898,True,home,False,-0.11
2025-03,data\historical_csv\football-data\2425\D1.csv:211:draw,data\historical_csv\football-data\2425\D1.csv:211,data\historical_csv\football-data\2425\D1.csv,211,2025-03-01,D1,Heidenheim,M'gladbach,draw,0.27163264656607944,0.26470540876482446,3.793,3.85,0.40276154449792045,0.004927237801255006,5,0.0,1XB,3.0-4.0,sportsbook,0.26364355391510674,1.0303026284251393,0.006927237801254982,0.018139343203197662,1.3331572627067618,0.07378429468049263,0.36212903555782777,0.2,1.5027682573161005,draw:3.0-4.0,draw:sportsbook,sportsbook:3.0-4.0,0.31018542810675326,0.27163264656607944,0.4181819253271673,1.081705704691032,0.4181819253271673,-0.14654927876108786,0.10799649722041404,0.004927237801255006,6.353591160220984,0.014184101000821236,0.015525042942692135,0.007762521471346068,0.007762521471346068,away,3.1508948312586016,3.1508948312586016,0.11,0.2719506850283644,0.26725735125912925,0.2672973217391943,0.9914835632771248,,,0.0,lower_clv,True,0.27938338663531553,3.579310896196269,5.970118550775183,True,away,False,-0.11
2025-03,data\historical_csv\football-data\2425\D1.csv:215:draw,data\historical_csv\football-data\2425\D1.csv:215,data\historical_csv\football-data\2425\D1.csv,215,2025-03-01,D1,Ein Frankfurt,Leverkusen,draw,0.2466994522015453,0.2387097229910615,4.1556,4.22,-0.8017875138344954,0.0059897292104838015,5,0.0,1XB,4.0-5.0,sportsbook,0.24063913754933103,1.0251842435687415,0.007989729210483798,0.02427945890042103,1.4244568222142395,0.06086061971654253,0.3514127177250069,0.2,1.549716045817684,draw:4.0-5.0,draw:sportsbook,sportsbook:4.0-5.0,0.20568912663221436,0.2466994522015453,0.5476114211662404,1.0003170708429479,0.5476114211662404,-0.3009119689646951,0.341922294534026,0.00684326232880253,7.653061224489788,0.014747298835827927,0.01317646089483207,0.006588230447416021,0.006588230447416049,away,3.0701200513712594,3.0701200513712594,0.1,0.2480270479626799,0.24101854461239705,0.2410782320877018,0.9914835632771248,,,0.0,lower_clv,True,0.24883578461992636,4.018714597369536,3.4061986566565894,True,away,False,-0.1
2025-03,data\historical_csv\football-data\2425\SP2.csv:312:draw,data\historical_csv\football-data\2425\SP2.csv:312,data\historical_csv\football-data\2425\SP2.csv,312,2025-03-01,SP2,Zaragoza,Sp Gijon,draw,0.3292385409431539,0.31718612674881524,3.0972,3.14,-1.7611128233569473,0.010052414194338678,4,0.0,1XB,3.0-4.0,sportsbook,0.3228722717293039,1.0197176090091362,0.012052414194338668,0.030532313032192428,1.1304984775304314,0.10839801684237683,0.37220366928057613,0.25,1.3818933230014263,draw:3.0-4.0,draw:sportsbook,sportsbook:3.0-4.0,0.4022716255996991,0.3292385409431539,0.2684898334571469,1.0851433635470618,0.4022716255996991,-0.07303308465654518,0.1337817921425522,0.011364097929165144,8.275862068965534,0.05013781102450454,0.025972308419900447,0.01298615420995028,0.012986154209950168,home,2.5935917029177675,2.5935917029177675,0.12,0.3312462601798972,0.32833768714258504,0.3283624578208112,0.9914835632771248,,,0.0,lower_clv,True,0.3256535391950928,3.070748140713186,0.8614141595041369,True,draw,True,0.25
2025-03,data\historical_csv\football-data\2425\N1.csv:216:draw,data\historical_csv\football-data\2425\N1.csv:216,data\historical_csv\football-data\2425\N1.csv,216,2025-03-02,N1,Heracles,Zwolle,draw,0.29270482209984316,0.28026786662372666,3.5284,3.58,-1.1102859404842902,0.010436955476116507,5,0.0,1XB,3.0-4.0,sportsbook,0.28341457884593585,1.0327796942970866,0.012436955476116507,0.035656930423088165,1.2608445104024748,0.08567611288050084,0.3690552681129202,0.2,1.4624192268450242,draw:3.0-4.0,draw:sportsbook,sportsbook:3.0-4.0,0.41882922136425965,0.29270482209984316,0.28846595653589724,1.0827327178694073,0.41882922136425965,-0.1261243992644165,0.1303632648283624,0.010436955476116507,5.294117647058827,0.05152482909327416,0.02706239387547843,0.01353119693773916,0.01353119693773927,home,2.7104253502385527,2.7104253502385527,0.11,0.2910963194372479,0.2895363256843491,0.2895496112724337,0.9914835632771248,,,0.0,lower_clv,True,0.28494922761973773,3.5093971243694377,0.5414854733482688,True,home,False,-0.11
2025-03,data\historical_csv\football-data\2425\D1.csv:223:draw,data\historical_csv\football-data\2425\D1.csv:223,data\historical_csv\football-data\2425\D1.csv,223,2025-03-08,D1,Wolfsburg,St Pauli,draw,0.2597084147762685,0.2525233036487351,3.9792,4.04,0.48407298790467124,0.005185111127533379,5,0.0,1XB,3.0-4.0,sportsbook,0.25130679533574585,1.0334317240777275,0.0071851111275333945,0.019965125627524262,1.3810807940670031,0.06744846070560231,0.3586783037050915,0.2,1.5279453156413325,draw:3.0-4.0,draw:sportsbook,sportsbook:3.0-4.0,0.544833950144717,0.2597084147762685,0.1954576350790145,1.0000687050604813,0.544833950144717,-0.28512553536844853,0.34937631506570255,0.008912838212222744,6.315789473684208,0.01593407553217019,0.01606588083961691,0.008032940419808482,0.008032940419808426,home,2.870961094043486,2.870961094043486,0.1,0.2585217156565226,0.2546906325618216,0.2547232597385777,0.9914835632771248,,,0.0,lower_clv,True,0.2710393466807611,3.6895012190899075,7.85197683120844,True,draw,True,0.3
2025-03,data\historical_csv\football-data\2425\T1.csv:243:draw,data\historical_csv\football-data\2425\T1.csv:243,data\historical_csv\football-data\2425\T1.csv,243,2025-03-09,T1,Alanyaspor,Galatasaray,draw,0.22984588573515605,0.22259668827375503,4.724,5.0,5.154675540521891,0.005249197461401007,5,0.05,BFE,4.0-5.0,exchange,0.21168501270110077,1.0857919642128773,0.0072491974614010135,0.022837900468009625,1.552655898335116,0.05282913118937841,0.35687157019474913,0.2,5.842506350550369,draw:4.0-5.0,draw:exchange,exchange:4.0-5.0,0.20000564209537305,0.22984588573515605,0.5701484721694708,0.9801868094743617,0.5701484721694708,-0.34030258643431477,0.37014283007409776,0.005249197461401007,5.205479452054784,0.013496932515337345,0.03250932399181461,0.018923742347939032,0.013585581643875577,away,5.5476157497540255,5.5476157497540255,0.15,0.2234284838055758,0.22337131731181611,0.22337180416664287,0.9914835632771248,,,0.0,lower_clv,True,0.21902814891584355,4.565623208477311,3.468897547844496,True,away,False,-0.15
2025-03,data\historical_csv\football-data\2425\T1.csv:241:draw,data\historical_csv\football-data\2425\T1.csv:241,data\historical_csv\football-data\2425\T1.csv,241,2025-03-09,T1,Eyupspor,Konyaspor,draw,0.2896267911050677,0.2848337373009332,3.5284,3.58,0.5007358692612707,0.0027930538041345153,5,0.0,1XB,3.0-4.0,sportsbook,0.28341457884593585,1.0219191697351209,0.004793053804134528,0.009643630665097143,1.2608445104024748,0.08388367812581854,0.365174349630309,0.2,1.4624192268450242,draw:3.0-4.0,draw:sportsbook,sportsbook:3.0-4.0,0.44784581680696944,0.2896267911050677,0.26252739208796283,1.0697559916485968,0.44784581680696944,-0.15821902570190172,0.1853184247190066,0.0027930538041345153,8.484848484848495,0.025948937503263103,0.01736216006181074,0.00868108003090537,0.00868108003090537,home,2.868136776878022,2.868136776878022,0.11,0.2915432966128501,0.28627680602958866,0.28632165776339263,0.9914835632771248,,,0.0,lower_clv,True,0.28625369507135967,3.493404686883472,1.0017537689785527,True,home,False,-0.11
2025-03,data\historical_csv\football-data\2425\E0.csv:282:draw,data\historical_csv\football-data\2425\E0.csv:282,data\historical_csv\football-data\2425\E0.csv,282,2025-03-10,E0,West Ham,Newcastle,draw,0.2728759711797007,0.2626463253030614,3.7734,3.83,-0.8930356101428005,0.008229645876639286,5,0.0,1XB,3.0-4.0,sportsbook,0.26501298563629616,1.0296701896494826,0.01022964587663927,0.030158924734416087,1.3279764517953756,0.07446129564726485,0.3623728639874361,0.2,1.4999734987014346,draw:3.0-4.0,draw:sportsbook,sportsbook:3.0-4.0,0.2939826801629901,0.2728759711797007,0.4331413486573092,1.0767036235345784,0.4331413486573092,-0.1602653774776085,0.13915866849431907,0.008229645876639286,5.8011049723756924,0.02620106650075993,0.018445709638034324,0.009222854819017162,0.009222854819017162,away,2.7837014537286793,2.7837014537286793,0.1,0.27239015597002353,0.26856944384334586,0.26860198269640906,0.9914835632771248,,,0.0,lower_clv,True,0.2780739363868211,3.596165872262574,4.928419156203079,True,away,False,-0.1
2025-03,data\historical_csv\football-data\2425\SP2.csv:343:away,data\historical_csv\football-data\2425\SP2.csv:343,data\historical_csv\football-data\2425\SP2.csv,343,2025-03-21,SP2,Burgos,Almeria,away,0.41564657493855395,0.41309061022260246,2.4699999999999998,2.5,2.033380724982803,0.0005559647159514797,5,0.0,WH,2.0-3.0,sportsbook,0.40485829959514175,1.0266470400982282,0.0025559647159514864,0.0013375900331517691,0.9042181506398858,0.17276207525815093,0.37583517731074195,0.2,1.2145748987854255,away:2.0-3.0,away:sportsbook,sportsbook:2.0-3.0,0.2723467533753391,0.3120066716861069,0.41564657493855395,1.0825439319136008,0.41564657493855395,0.0,0.14329982156321486,0.0017046168632777923,7.296137339055786,0.06980286738351249,0.04174591324159438,0.03134683661580773,0.010399076625786652,away,2.1102012170368516,2.1102012170368516,0.14,0.4134016243604731,0.4206146266904398,0.4205531976125147,0.9914835632771248,,,0.0,lower_clv,True,0.3785830371969025,2.6414284364248894,-6.489989812365094,False,home,False,-0.14
2025-03,data\historical_csv\football-data\2425\T1.csv:257:draw,data\historical_csv\football-data\2425\T1.csv:257,data\historical_csv\football-data\2425\T1.csv,257,2025-03-28,T1,Konyaspor,Gaziantep,draw,0.28608134460449464,0.28082087830738073,3.597,3.65,1.0112699271648484,0.003260466297113881,4,0.0,1XB,3.0-4.0,sportsbook,0.2780094523213789,1.0290345965423673,0.005260466297113908,0.011396990256814723,1.2801001647134869,0.08184253573071561,0.36621277634966937,0.25,1.4734500973033082,draw:3.0-4.0,draw:sportsbook,sportsbook:3.0-4.0,0.4471734736131468,0.28608134460449464,0.2667451817823585,1.0704073860828285,0.4471734736131468,-0.16109212900865216,0.1804282918307883,0.005236742418154778,9.691960931630339,0.025684029806603448,0.01896925669240679,0.009484628346203366,0.009484628346203422,home,3.6049477865739465,3.6049477865739465,0.14,0.2880315479193048,0.28252442453102855,0.28257132559888987,0.9914835632771248,,,0.0,lower_clv,True,0.2857899748712754,3.4990730533862036,2.798653961197761,True,home,False,-0.14
2025-03,data\historical_csv\football-data\2425\I1.csv:300:draw,data\historical_csv\football-data\2425\I1.csv:300,data\historical_csv\football-data\2425\I1.csv,300,2025-03-31,I1,Verona,Parma,draw,0.30918572226591745,0.295567481653711,3.352,3.4,-0.9257801496760809,0.011618240612206463,4,0.0,1XB,3.0-4.0,sportsbook,0.2983293556085919,1.0363905410353553,0.013618240612206456,0.03757689885244478,1.2095571826198366,0.09559581085309704,0.37397781113024237,0.25,1.4319809069212486,draw:3.0-4.0,draw:sportsbook,sportsbook:3.0-4.0,0.39355803300941566,0.30918572226591745,0.29725624472466694,1.0905492585103973,0.39355803300941566,-0.08437231074349821,0.09630178828474872,0.011618240612206463,8.366533864541847,0.01478091236494583,0.01935208086111151,0.009676040430555782,0.009676040430555727,home,3.920844168507757,3.920844168507757,0.17,0.31002638475091815,0.30701596827388833,0.30704160629532445,0.9914835632771248,,,0.0,lower_clv,True,0.3211286198472023,3.1140170579495985,7.642313372782206,True,draw,True,0.4
2025-04,data\historical_csv\football-data\2425\G1.csv:195:draw,data\historical_csv\football-data\2425\G1.csv:195,data\historical_csv\football-data\2425\G1.csv,195,2025-04-06,G1,PAOK,Olympiakos,draw,0.315215138841792,0.3106911464217513,3.2344,3.28,0.48994439865122086,0.0025239924200407024,4,0.0,1XB,3.0-4.0,sportsbook,0.3091763541924314,1.019531845069892,0.004523992420040701,0.008007205584461179,1.1738434393444241,0.09936058375505019,0.3700132227114793,0.25,1.4098441751174917,draw:3.0-4.0,draw:sportsbook,sportsbook:3.0-4.0,0.36956972231641616,0.315215138841792,0.315215138841792,1.0957072519943747,0.36956972231641616,-0.054354583474624185,0.054354583474624185,0.004236749280192635,9.333333333333327,0.05131206069019556,0.025217468140351806,0.012608734070175875,0.012608734070175931,home,2.3905096919893634,2.3905096919893634,0.11,0.3165672449047408,0.31282407894305636,0.31293815024802846,0.9695254482062218,,,0.0,lower_clv,True,0.3217174210480927,3.1083178422299755,4.056282663795097,True,home,False,-0.11
2025-04,data\historical_csv\football-data\2425\F2.csv:262:draw,data\historical_csv\football-data\2425\F2.csv:262,data\historical_csv\football-data\2425\F2.csv,262,2025-04-07,F2,Dunkerque,Guingamp,draw,0.32444458238348645,0.3157100899905641,3.205,3.25,1.185083841975798,0.006734492392922337,4,0.0,B365,3.0-4.0,sportsbook,0.31201248049922,1.0398448865390741,0.008734492392922344,0.02075698827654429,1.1647120903726333,0.10526428703799492,0.37788452775794656,0.25,1.4040561622464809,draw:3.0-4.0,draw:sportsbook,sportsbook:3.0-4.0,0.40180366648960253,0.32444458238348645,0.27375175112691097,1.0862238142490916,0.40180366648960253,-0.07735908410611608,0.12805191536269156,0.03206276397401165,3.5856573705179473,0.06119370825253179,0.03449534380480623,0.02311225209758941,0.011383091707216825,home,2.2491719055409156,2.2491719055409156,0.1,0.31903017755238977,0.3227123589351219,0.32260014610785975,0.9695254482062218,,,0.0,lower_clv,True,0.2950466155139893,3.389294936523636,-5.437559727766428,False,home,False,-0.1
2025-04,data\historical_csv\football-data\2425\I1.csv:318:draw,data\historical_csv\football-data\2425\I1.csv:318,data\historical_csv\football-data\2425\I1.csv,318,2025-04-13,I1,Verona,Genoa,draw,0.3306328336043428,0.32658919797002695,3.1069999999999998,3.15,1.4712638092873709,0.002043635634315848,4,0.0,1XB,3.0-4.0,sportsbook,0.321853878339234,1.027276214008693,0.0040436356343158675,0.006180982124604714,1.1336576304109103,0.10931807065723705,0.3748244346799441,0.25,1.3839716768587085,draw:3.0-4.0,draw:sportsbook,sportsbook:3.0-4.0,0.3150391974103609,0.3306328336043428,0.35432796898529634,1.0974421598051678,0.35432796898529634,-0.023695135380953525,0.03928877157493543,0.004569294230396641,7.8767123287671215,0.015411375918270576,0.01799076065806776,0.008995380329033825,0.008995380329033936,away,2.923376818637534,2.923376818637534,0.14,0.331262880008489,0.3293494580502759,0.3294077687268448,0.9695254482062218,,,0.0,lower_clv,True,0.3471323159944674,2.8807459113542686,7.85401057948103,True,draw,True,0.29
2025-04,data\historical_csv\football-data\2425\SP1.csv:306:draw,data\historical_csv\football-data\2425\SP1.csv:306,data\historical_csv\football-data\2425\SP1.csv,306,2025-04-13,SP1,Osasuna,Girona,draw,0.30473806849328866,0.3007005733278437,3.3716,3.42,1.3842053032157908,0.0020374951654449627,4,0.0,1XB,3.0-4.0,sportsbook,0.2965950883853363,1.027454871731972,0.004037495165444938,0.006686053946324842,1.21538740914119,0.09286529038902029,0.3703748115327486,0.25,1.4355202277850365,draw:3.0-4.0,draw:sportsbook,sportsbook:3.0-4.0,0.3874938100971311,0.30473806849328866,0.3077681214095804,1.0921632700978723,0.3874938100971311,-0.08275574160384241,0.0797256886875507,0.003624118001083428,6.874999999999987,0.014428630789961261,0.016499298466642276,0.008249649233321055,0.008249649233321221,home,2.782700750606711,2.782700750606711,0.12,0.30484844213609774,0.3016160323264715,0.30171453856663366,0.9695254482062218,,,0.0,lower_clv,True,0.3091945377049619,3.234209787218864,4.248030332604946,True,home,False,-0.12
2025-04,data\historical_csv\football-data\2425\SP1.csv:311:draw,data\historical_csv\football-data\2425\SP1.csv:311,data\historical_csv\football-data\2425\SP1.csv,311,2025-04-18,SP1,Espanol,Getafe,draw,0.3519008463383229,0.34826935375366985,2.9208,2.96,1.7225128443718818,0.0016314925846530495,4,0.0,1XB,2.0-3.0,sportsbook,0.3423719528896193,1.0278319919849734,0.003631492584653062,0.004636228078532404,1.07185755135929,0.12383420565362796,0.37718757947745657,0.25,1.342098055327301,draw:2.0-3.0,draw:sportsbook,sportsbook:2.0-3.0,0.33701707608397724,0.3519008463383229,0.3110820775776998,1.097324444704439,0.3519008463383229,0.0,0.02593499850627745,0.003274921118133512,7.636363636363641,0.015614091666759311,0.019256940931889954,0.010102989683063862,0.009153951248826092,draw,2.523910569844954,2.523910569844954,0.13,0.351013114796785,0.3521975667702484,0.35216147112723584,0.9695254482062218,,,0.0,lower_clv,True,0.36127689617018266,2.767960006855631,5.521755833386943,True,home,False,-0.13
2025-04,data\historical_csv\football-data\2425\SP1.csv:316:draw,data\historical_csv\football-data\2425\SP1.csv:316,data\historical_csv\football-data\2425\SP1.csv,316,2025-04-20,SP1,Valladolid,Osasuna,draw,0.2806767285270926,0.2668562178240373,3.695,3.75,-1.3966275140182227,0.01182051070305527,4,0.0,1XB,3.0-4.0,sportsbook,0.2706359945872801,1.037100511907607,0.013820510703055289,0.042114324066287116,1.3069805544001651,0.07877942593667123,0.3668390262575641,0.25,1.4884979702300516,draw:3.0-4.0,draw:sportsbook,sportsbook:3.0-4.0,0.2031096554421281,0.2806767285270926,0.5162136160307793,1.0217112810540017,0.5162136160307793,-0.23553688750368673,0.3131039605886512,0.01182051070305527,8.069164265129691,0.016196741854636487,0.018260352166763305,0.00913017608338168,0.009130176083381625,away,3.1556526562515224,3.1556526562515224,0.12,0.27917632653924634,0.2759549824532727,0.27605315147046633,0.9695254482062218,,,0.0,lower_clv,True,0.269714129999405,3.7076292591797326,-0.3406289652198691,False,away,False,-0.12
2025-04,data\historical_csv\football-data\2425\F1.csv:269:draw,data\historical_csv\football-data\2425\F1.csv:269,data\historical_csv\football-data\2425\F1.csv,269,2025-04-20,F1,Reims,Toulouse,draw,0.29106821895847607,0.2873977364269755,3.5382,3.59,1.6870671025924766,0.0016704825315005394,4,0.0,1XB,3.0-4.0,sportsbook,0.28262958566502744,1.0298575723188799,0.0036704825315005407,0.005739144374737976,1.2636181232523764,0.08472070808765937,0.3677990765787213,0.25,1.4640212537448516,draw:3.0-4.0,draw:sportsbook,sportsbook:3.0-4.0,0.28864041473438573,0.29106821895847607,0.4202913663071382,1.0822041924312553,0.4202913663071382,-0.12922314734866214,0.13165095157275247,0.0016704825315005394,8.132530120481917,0.014767070880544075,0.016570218356506794,0.00828510917825337,0.008285109178253425,away,3.064992059925773,3.064992059925773,0.12,0.29129216002466163,0.2870227820059795,0.2871528893875371,0.9695254482062218,,,0.0,lower_clv,True,0.2716257576426134,3.68153598052999,-3.8933744308905394,False,home,False,-0.12
2025-04,data\historical_csv\football-data\2425\SP1.csv:318:draw,data\historical_csv\football-data\2425\SP1.csv:318,data\historical_csv\football-data\2425\SP1.csv,318,2025-04-20,SP1,Sevilla,Alaves,draw,0.3162456221708447,0.30924255271921103,3.2442,3.29,0.32446895316644575,0.005003069451633664,4,0.0,1XB,3.0-4.0,sportsbook,0.308242401824795,1.0259640474466543,0.007003069451633648,0.015820201453827138,1.1768687866338772,0.10001129354222464,0.37217960164247754,0.25,1.4117502003575533,draw:3.0-4.0,draw:sportsbook,sportsbook:3.0-4.0,0.45800633760035003,0.3162456221708447,0.22574804022880532,1.0577066965600717,0.45800633760035003,-0.14176071542950536,0.23225829737154471,0.009576978501080363,6.129032258064515,0.014851841714804248,0.016742428416408883,0.00837121420820447,0.008371214208204414,home,2.3592438589065807,2.3592438589065807,0.11,0.3155145917603926,0.31392745848194403,0.3139758256572417,0.9695254482062218,,,0.0,lower_clv,True,0.3207884681782984,3.117319041045412,4.070194846403585,True,draw,True,0.25
2025-04,data\historical_csv\football-data\2425\B1.csv:283:draw,data\historical_csv\football-data\2425\B1.csv:283,data\historical_csv\football-data\2425\B1.csv,283,2025-04-27,B1,Gent,Anderlecht,draw,0.3058527696111381,0.28717551949020714,3.4793999999999996,3.53,-0.08014974857734058,0.016677250120930992,4,0.0,1XB,3.0-4.0,sportsbook,0.28740587457607636,1.0641841265849938,0.018677250120930966,0.0545270528108491,1.2468598651283127,0.09354591667880392,0.3813555430664646,0.25,1.4542737253549598,draw:3.0-4.0,draw:sportsbook,sportsbook:3.0-4.0,0.3171647534866623,0.3058527696111381,0.3769824769021997,1.0943076989854335,0.3769824769021997,-0.0711297072910616,0.05981772341553743,0.016677250120930992,9.203402938901784,0.046655934065398474,0.03519446657182307,0.01759723328591145,0.017597233285911618,away,5.207212240050316,5.207212240050316,0.21,0.3023717084556255,0.3028075927523003,0.3027943093737252,0.9695254482062218,,,0.0,lower_clv,True,0.28517075832055533,3.506670900934092,-0.7776863499459941,False,away,False,-0.21
2025-04,data\historical_csv\football-data\2425\I1.csv:332:draw,data\historical_csv\football-data\2425\I1.csv:332,data\historical_csv\football-data\2425\I1.csv,332,2025-04-27,I1,Como,Genoa,draw,0.2778374215992546,0.271364708883597,3.7342,3.79,1.3330095913127948,0.0044727127156576245,4,0.0,1XB,3.0-4.0,sportsbook,0.26779497616624715,1.0375004997359365,0.006472712715657636,0.016098309183522973,1.3175336055490983,0.07719363284092196,0.36606013983613084,0.25,1.4942959670076528,draw:3.0-4.0,draw:sportsbook,sportsbook:3.0-4.0,0.5179335117184877,0.2778374215992546,0.2042290666822576,1.0210050504184447,0.5179335117184877,-0.24009609011923305,0.3137044450362301,0.005343303263392046,7.670454545454541,0.014107747714796393,0.017655756151345958,0.008827878075673035,0.008827878075672924,home,3.1558376771075025,3.1558376771075025,0.12,0.2762461509215026,0.2729350581986857,0.2730359622653612,0.9695254482062218,,,0.0,lower_clv,True,0.2659317178387601,3.760363781075264,-0.6957779246502094,False,home,False,-0.12
2025-05,data\historical_csv\football-data\2425\I2.csv:347:away,data\historical_csv\football-data\2425\I2.csv:347,data\historical_csv\football-data\2425\I2.csv,347,2025-05-01,I2,Pisa,Frosinone,away,0.21911785296941322,0.21052459006407792,4.9298,5.01,3.7844124097891285,0.006593262905335285,4,0.0,PS,4.0-5.0,sportsbook,0.2028479857195018,1.0802071915686133,0.008593262905335297,0.030090030620442607,1.5952984192803787,0.04801263348992539,0.34955836447821537,0.25,1.6268408454704009,away:4.0-5.0,away:sportsbook,sportsbook:4.0-5.0,0.4814841105759337,0.299398036454653,0.21911785296941322,1.0456293396062628,0.4814841105759337,-0.2623662576065205,0.2623662576065205,0.0070155818713775195,13.348416289592757,0.05106884676243384,0.02921516579719216,0.014607582898596067,0.014607582898596094,home,3.7795525542458273,3.7795525542458273,0.1,0.21051473194499942,0.21171386850007548,0.21170396482849407,0.9917409976874794,,,0.0,lower_clv,True,0.1517591380485469,6.58938903356255,-25.18578012482734,False,home,False,-0.1
2025-05,data\historical_csv\football-data\2425\I2.csv:349:draw,data\historical_csv\football-data\2425\I2.csv:349,data\historical_csv\football-data\2425\I2.csv,349,2025-05-01,I2,Spezia,Salernitana,draw,0.30520566735126153,0.28781234935038486,3.45,3.5,-0.7047394741172219,0.015393318000876673,4,0.0,B365,3.0-4.0,sportsbook,0.2898550724637681,1.0529595523618522,0.01739331800087668,0.05043588519986585,1.2383742310432684,0.09315049938332891,0.37795883361616606,0.25,1.4492753623188248,draw:3.0-4.0,draw:sportsbook,sportsbook:3.0-4.0,0.4833183949130699,0.30520566735126153,0.21147593773566856,1.0421780481470209,0.4833183949130699,-0.17811272756180835,0.2718424571774013,0.017387354694878034,9.8901098901099,0.05494505494505497,0.03437233401792822,0.01718616700896415,0.017186167008964068,home,3.3788736119831753,3.3788736119831753,0.14,0.29964890902024105,0.30225788767731365,0.30223634011655154,0.9917409976874794,,,0.0,lower_clv,True,0.2851586398496268,3.5068199249629317,-1.6202692518787476,False,home,False,-0.14
2025-05,data\historical_csv\football-data\2425\I2.csv:357:draw,data\historical_csv\football-data\2425\I2.csv:357,data\historical_csv\football-data\2425\I2.csv,357,2025-05-04,I2,Frosinone,Cittadella,draw,0.3404674525741026,0.3318739632162311,3.0873999999999997,3.13,2.4627674033791846,0.006593489357871532,4,0.0,1XB,3.0-4.0,sportsbook,0.3238971302714258,1.0511592130772842,0.00859348935787152,0.019365990223210724,1.1273293127656037,0.11591808626229881,0.38381893932941885,0.25,1.3798017749562907,draw:3.0-4.0,draw:sportsbook,sportsbook:3.0-4.0,0.4187938795773544,0.3404674525741026,0.240738667848543,1.0741624055895183,0.4187938795773544,-0.07832642700325182,0.17805521172881142,0.006593489357871532,12.347451543431465,0.05143957756754114,0.03660898585127198,0.01830449292563592,0.01830449292563606,home,4.678102842467073,4.678102842467073,0.22,0.3390493711293227,0.33975368527230393,0.33974786834016835,0.9917409976874794,,,0.0,lower_clv,True,0.2827208020432221,3.5370584434290087,-12.712779577175626,False,draw,True,0.46
2025-05,data\historical_csv\football-data\2425\F1.csv:285:draw,data\historical_csv\football-data\2425\F1.csv:285,data\historical_csv\football-data\2425\F1.csv,285,2025-05-04,F1,Nantes,Angers,draw,0.2869981482250794,0.27798698027531515,3.6557999999999997,3.71,1.6264802490497,0.007011167949764225,4,0.0,1XB,3.0-4.0,sportsbook,0.2735379397122381,1.0492078302812453,0.009011167949764254,0.02442931424165737,1.2963149475003666,0.08236793708462466,0.3720399894490962,0.25,1.4825756332403461,draw:3.0-4.0,draw:sportsbook,sportsbook:3.0-4.0,0.5026873980942864,0.2869981482250794,0.21031445368063412,1.031907744356535,0.5026873980942864,-0.215689249869207,0.2923729444136523,0.008537649510643648,9.117647058823541,0.01408875884151306,0.021201119488005515,0.010600559744002827,0.010600559744002688,home,3.8481471615915965,3.8481471615915965,0.14,0.2840640821751507,0.2829711600761045,0.28298018652224793,0.9917409976874794,,,0.0,lower_clv,True,0.2904592976006344,3.442823170959207,6.1861100168399075,True,away,False,-0.14
2025-05,data\historical_csv\football-data\2425\SP1.csv:341:draw,data\historical_csv\football-data\2425\SP1.csv:341,data\historical_csv\football-data\2425\SP1.csv,341,2025-05-05,SP1,Girona,Mallorca,draw,0.3031543181474176,0.2952485702283127,3.4010000000000002,3.45,0.4140387346491581,0.005905747919104933,4,0.0,1XB,3.0-4.0,sportsbook,0.2940311673037342,1.0310278360193674,0.007905747919104922,0.019480995537833938,1.2240695060250584,0.09190254061142569,0.3710819564640729,0.25,1.4407527197882963,draw:3.0-4.0,draw:sportsbook,sportsbook:3.0-4.0,0.47277984475190254,0.3031543181474176,0.22406583710067984,1.0511512417587356,0.47277984475190254,-0.16962552660448493,0.2487140076512227,0.005905747919104933,8.150470219435736,0.014626775157098315,0.01747777228759756,0.008738886143798849,0.00873888614379871,home,2.771615151271629,2.771615151271629,0.12,0.3021805796861853,0.3000820952584367,0.3000994266461783,0.9917409976874794,,,0.0,lower_clv,True,0.29384948471209965,3.4031027856991294,-0.06179024941490585,False,home,False,-0.12
2025-05,data\historical_csv\football-data\2425\I2.csv:364:away,data\historical_csv\football-data\2425\I2.csv:364,data\historical_csv\football-data\2425\I2.csv,364,2025-05-09,I2,Juve Stabia,Reggiana,away,0.25915176288254793,0.25120144955097484,4.444700000000001,4.7,11.651508281921807,0.0059503133315730984,4,0.05,BFE,4.0-5.0,exchange,0.22498706324386342,1.151851840484061,0.007950313331573089,0.022960728745919756,1.4917123751246555,0.06715963620513235,0.3865798917272671,0.25,5.743919724615809,away:4.0-5.0,away:exchange,exchange:4.0-5.0,0.39315551063841697,0.34769272647903515,0.25915176288254793,1.0842888753311979,0.39315551063841697,-0.13400374775586904,0.13400374775586904,0.01120325603220341,4.39306358381506,0.027841596466109397,0.05214909031283163,0.031192426185568334,0.020956664127263297,home,7.245922710237858,7.245922710237858,0.21,0.24128945195454773,0.2536004923136613,0.25349881540286584,0.9917409976874794,,,0.0,lower_clv,True,0.2565953758740642,3.897186364304535,14.048946714745348,True,away,True,0.72
2025-05,data\historical_csv\football-data\2425\I2.csv:365:away,data\historical_csv\football-data\2425\I2.csv:365,data\historical_csv\football-data\2425\I2.csv,365,2025-05-09,I2,Mantova,Carrarese,away,0.26273754766688745,0.2462070824345022,4.136,4.2,1.83124929491012,0.014530465232385237,4,0.0,B365,4.0-5.0,sportsbook,0.24177949709864602,1.0866824971502465,0.016530465232385244,0.05530410617521531,1.419729137206128,0.06903101895400995,0.37301615186076403,0.25,1.547388781431347,away:4.0-5.0,away:sportsbook,sportsbook:4.0-5.0,0.4225808189267817,0.3146816334063308,0.26273754766688745,1.079008251592711,0.4225808189267817,-0.15984327125989423,0.15984327125989423,0.02550043194792094,11.111111111111116,0.059233449477351874,0.03795684591250148,0.018978422956250796,0.018978422956250685,home,3.51457127294506,3.51457127294506,0.11,0.2502770098475461,0.25737292187684613,0.2573143167229867,0.9917409976874794,,,0.0,lower_clv,True,0.2389299454640573,4.185327201484805,-1.1785745560659033,False,home,False,-0.11
2025-05,data\historical_csv\football-data\2425\I2.csv:368:home,data\historical_csv\football-data\2425\I2.csv:368,data\historical_csv\football-data\2425\I2.csv,368,2025-05-09,I2,Pisa,Sudtirol,home,0.4912136928201979,0.4279401631897197,2.127,2.15,-8.977127289546626,0.06127352963047818,4,0.0,1XB,2.0-3.0,sportsbook,0.47014574518100616,1.0448115246285608,0.06327352963047816,0.12473905049081464,0.7547125362181001,0.24129089201405574,0.3707251319333903,0.25,1.0813352139163124,home:2.0-3.0,home:sportsbook,sportsbook:2.0-3.0,0.4912136928201979,0.3010908038717313,0.2076955033080708,1.0370357181474272,0.4912136928201979,0.0,0.2835181895121271,0.06127352963047818,1.4150943396226356,0.05154916697512113,0.04889839870255086,0.024449199351275402,0.024449199351275458,home,2.6647138546715543,2.6647138546715543,0.24,0.4826737839899932,0.5008496539549467,0.5006995394028741,0.9917409976874794,,,0.0,lower_clv,True,0.3930707167751646,2.5440714795653356,-16.3938585419225,False,draw,False,-0.24
2025-05,data\historical_csv\football-data\2425\B1.csv:294:home,data\historical_csv\football-data\2425\B1.csv:294,data\historical_csv\football-data\2425\B1.csv,294,2025-05-09,B1,Charleroi,Westerlo,home,0.5699947746942149,0.562688733272644,1.8658299999999999,1.93,4.988151920209738,0.005306041421570892,4,0.05,BFE,1.5-2.0,exchange,0.5359545081813456,1.063513350467707,0.007306041421570875,0.009308929936098843,0.6237059943092317,0.3248940431787088,0.3555091577017218,0.25,3.439220078999705,home:1.5-2.0,home:exchange,exchange:1.5-2.0,0.5699947746942149,0.21680366798462902,0.21320155732115603,0.9813582083872604,0.5699947746942149,0.0,0.35679321737305886,0.005306041421570892,1.0190399570930486,0.03480138169257341,0.0692854364650568,0.03464271823252847,0.03464271823252833,home,2.0811213199669027,2.0811213199669027,0.24,0.5471083717164313,0.5845558788944177,0.5842465998460366,0.9917409976874794,,,0.0,lower_clv,True,0.5727114884556629,1.746079867712338,6.858227650522952,True,home,True,0.21
2025-05,data\historical_csv\football-data\2425\SP1.csv:370:draw,data\historical_csv\football-data\2425\SP1.csv:370,data\historical_csv\football-data\2425\SP1.csv,370,2025-05-18,SP1,Valencia,Ath Bilbao,draw,0.3219734429529221,0.3154605062847525,3.1756,3.22,0.1776383757859934,0.004512936668169601,4,0.0,1XB,3.0-4.0,sportsbook,0.3149011210479909,1.0224588654412994,0.0065129366681696,0.014016487281621758,1.1554965908688213,0.10366689796695856,0.37203921568239834,0.25,1.398160977453089,draw:3.0-4.0,draw:sportsbook,sportsbook:3.0-4.0,0.42554257408628104,0.3219734429529221,0.2524839829607969,1.0759883415473306,0.42554257408628104,-0.10356913113335897,0.17305859112548416,0.004512936668169601,7.333333333333347,0.015504073918424677,0.01615585522739288,0.008077927613696467,0.008077927613696412,home,2.348223330542585,2.348223330542585,0.11,0.32229570264058,0.3200671107581391,0.3200855167036499,0.9917409976874794,,,0.0,lower_clv,True,0.3256038313490388,3.071216932112897,3.3987526832007786,True,away,False,-0.11
2025-05,data\historical_csv\football-data\2425\SP1.csv:362:home,data\historical_csv\football-data\2425\SP1.csv:362,data\historical_csv\football-data\2425\SP1.csv,362,2025-05-18,SP1,Ath Madrid,Betis,home,0.49588470748039615,0.491691624721937,2.0682,2.09,1.6916618249910087,0.0021930827584591248,4,0.0,1XB,2.0-3.0,sportsbook,0.48351223285949135,1.0255887520109552,0.0041930827584591435,0.004422565820999479,0.7266786637687377,0.24590164311291807,0.3603488366152056,0.25,1.0540566676336738,home:2.0-3.0,home:sportsbook,sportsbook:2.0-3.0,0.49588470748039615,0.25283906313043736,0.2512762293891665,1.042536980085082,0.49588470748039615,0.0,0.24460847809122965,0.005462411104674014,7.704199948466872,0.015047598929568196,0.02450888232095849,0.012254441160479301,0.01225444116047919,home,1.535391740269818,1.535391740269818,0.14,0.49093603974601013,0.5058325985685412,0.5057095678547773,0.9917409976874794,,,0.0,lower_clv,True,0.6211924713478805,1.6098070181536048,28.475026924168635,True,home,True,0.15
2025-10,data\historical_csv\football-data\2526\F2.csv:77:away,data\historical_csv\football-data\2526\F2.csv:77,data\historical_csv\football-data\2526\F2.csv,77,2025-10-03,F2,Guingamp,Nancy,away,0.34063564798802964,0.33665770390946276,3.4989999999999997,3.55,17.796530597921013,0.0019779440785668723,8,0.0,PS,3.0-4.0,sportsbook,0.2857959416976279,1.1918841323101157,0.003977944078566886,0.005806626788034762,1.2524772133855508,0.11603264468022484,0.4266383871718288,0.125,1.457559302657896,away:3.0-4.0,away:sportsbook,sportsbook:3.0-4.0,0.37931393112131184,0.28005042089065857,0.34063564798802964,1.0909924839784602,0.37931393112131184,-0.0386782831332822,0.0386782831332822,0.002374298976117887,26.785714285714278,0.03891319986191277,0.06949640278206698,0.03474820139103349,0.03474820139103349,home,11.748941471063695,11.748941471063695,0.47,0.3193739396143575,0.33899795892018264,0.3193739396143575,0.0,,,0.0,lower_clv,True,0.32081962309303025,3.1170163170163168,12.254786120251282,True,draw,False,-0.47
2025-10,data\historical_csv\football-data\2526\SP2.csv:80:away,data\historical_csv\football-data\2526\SP2.csv:80,data\historical_csv\football-data\2526\SP2.csv,80,2025-10-04,SP2,La Coruna,Almeria,away,0.2693843199429171,0.2627796960519159,3.94,4.0,3.5352002444548614,0.004604623891001197,8,0.0,B365,3.0-4.0,sportsbook,0.25380710659898476,1.0613742205750933,0.006604623891001193,0.017093139986681195,1.3711807233098425,0.07256791183110793,0.36937458666765915,0.125,1.522842639593902,away:3.0-4.0,away:sportsbook,sportsbook:3.0-4.0,0.4519314503908427,0.2786842296662403,0.2693843199429171,1.0683321280794245,0.4519314503908427,-0.1825471304479256,0.1825471304479256,0.006710968702522027,2.0408163265306145,0.07270408163265296,0.036328434092738726,0.018164217046369363,0.018164217046369363,home,3.253106662797249,3.253106662797249,0.11,0.2620637224944093,0.2657821374116768,0.2620637224944093,0.0,,,0.0,lower_clv,True,0.24395208199585272,4.099165671465761,-3.8828796936340337,False,draw,False,-0.11
2025-10,data\historical_csv\football-data\2526\SP2.csv:86:away,data\historical_csv\football-data\2526\SP2.csv:86,data\historical_csv\football-data\2526\SP2.csv,86,2025-10-05,SP2,Santander,Malaga,away,0.24078140531077516,0.23151428998387955,4.5573999999999995,4.63,5.510322517253252,0.0072671153268956045,8,0.0,PS,4.0-5.0,sportsbook,0.21942335542195113,1.0973371765633266,0.009267115326895614,0.03018138098129289,1.5167522854758682,0.057975685143431786,0.36520574680520956,0.125,1.5930135603633655,away:4.0-5.0,away:sportsbook,sportsbook:4.0-5.0,0.493792118738026,0.26542647595119884,0.24078140531077516,1.0433465005396885,0.493792118738026,-0.2530107134272508,0.2530107134272508,0.010477515949074456,10.238095238095223,0.05298174386518295,0.035666052988064384,0.027968082753254936,0.007697970234809448,home,5.229636871318068,5.229636871318068,0.15,0.2308984001213808,0.23654247011829144,0.2308984001213808,0.0,,,0.0,lower_clv,True,0.2345025053686471,4.264346764346764,6.872171796707227,True,home,False,-0.15
2025-10,data\historical_csv\football-data\2526\G1.csv:41:draw,data\historical_csv\football-data\2526\G1.csv:41,data\historical_csv\football-data\2526\G1.csv,41,2025-10-05,G1,PAOK,Olympiakos,draw,0.29799432996681363,0.29312851018075886,3.5185999999999997,3.57,3.14019759220181,0.0028658197860547906,8,0.0,PS,3.0-4.0,sportsbook,0.28420394475075317,1.0485228494212304,0.00486581978605477,0.009617027902423327,1.2580631832228086,0.0888006206923702,0.3748956953403976,0.125,1.4608082760188656,draw:3.0-4.0,draw:sportsbook,sportsbook:3.0-4.0,0.368037283271565,0.29799432996681363,0.3339683867616214,1.094921542698454,0.368037283271565,-0.07004295330475135,0.0340688965099436,0.005381795351810438,12.08791208791209,0.05561979989547794,0.032641174554550234,0.016320587277275117,0.016320587277275117,home,2.7517974899436037,2.7517974899436037,0.11,0.2920246617687251,0.29512547701651465,0.2920246617687251,0.0,,,0.0,lower_clv,True,0.29677747468676313,3.3695279638572986,4.4241222432844785,True,home,False,-0.11
2025-10,data\historical_csv\football-data\2526\D2.csv:77:away,data\historical_csv\football-data\2526\D2.csv:77,data\historical_csv\football-data\2526\D2.csv,77,2025-10-18,D2,Paderborn,Bielefeld,away,0.23134541155196997,0.22159159224501904,4.675,4.75,3.5940693745464047,0.007753819306950929,8,0.0,PS,4.0-5.0,sportsbook,0.21390374331550802,1.0815397990054596,0.009753819306950934,0.03351620096951477,1.5422291627406504,0.05352069944615036,0.3567876403616858,0.125,1.6042780748663166,away:4.0-5.0,away:sportsbook,sportsbook:4.0-5.0,0.5204767534861078,0.2481778349619223,0.23134541155196997,1.024393047410284,0.5204767534861078,-0.2891313419341378,0.2891313419341378,0.010037805803745626,0.9564293304994642,0.05268073671101803,0.0313547510909081,0.015677375545453953,0.015677375545454147,home,4.1741731976490035,4.1741731976490035,0.11,0.2228324560377519,0.2269211583093992,0.2228324560377519,0.0,,,0.0,lower_clv,True,0.20592857749146723,4.856052579887488,-3.72839002273907,False,home,False,-0.11
2025-10,data\historical_csv\football-data\2526\B1.csv:90:home,data\historical_csv\football-data\2526\B1.csv:90,data\historical_csv\football-data\2526\B1.csv,90,2025-10-24,B1,Charleroi,Anderlecht,home,0.3577911552626501,0.34774307067245386,3.0873999999999997,3.13,7.362195639413405,0.008048084590196253,8,0.0,PS,3.0-4.0,sportsbook,0.3238971302714258,1.1046444127579058,0.010048084590196238,0.022493805315808472,1.1273293127656037,0.1280145107841818,0.4033484571758547,0.125,1.3798017749562907,home:3.0-4.0,home:sportsbook,sportsbook:3.0-4.0,0.3577911552626501,0.28601915320895166,0.3561896915283983,1.0934407230590364,0.3577911552626501,0.0,0.0016014637342517957,0.009917601089095784,15.92592592592592,0.04964754805010396,0.053413920747238,0.04052590100164491,0.012888019745593088,home,4.238326806602404,4.238326806602404,0.2,0.3376249491695356,0.3566844497769063,0.3376249491695356,0.0,,,0.0,lower_clv,True,0.3482359631268029,2.8716161048417357,7.514371255769103,True,home,True,0.42
2025-10,data\historical_csv\football-data\2526\F2.csv:99:home,data\historical_csv\football-data\2526\F2.csv:99,data\historical_csv\football-data\2526\F2.csv,99,2025-10-25,F2,Annecy,St Etienne,home,0.27113676132105435,0.25771439556229947,4.0478000000000005,4.11,4.317633035707602,0.01142236575875488,8,0.0,PS,4.0-5.0,sportsbook,0.2470477790404664,1.097507382475364,0.013422365758754884,0.042127691217900186,1.3981735236499684,0.0735151433396704,0.37909624096729905,0.125,1.5366371856317063,home:4.0-5.0,home:sportsbook,sportsbook:4.0-5.0,0.27113676132105435,0.2746063755202962,0.45425686315864944,1.0672257414168773,0.45425686315864944,-0.18312010183759508,0.18312010183759508,0.014693843301680398,12.602739726027412,0.058953085015235995,0.041373039135392725,0.04678529030297433,-0.005412251167581608,away,4.250638512496062,4.250638512496062,0.14,0.2575488870806266,0.2675769301995929,0.2575488870806266,0.0,,,0.0,lower_clv,True,0.22891014742396912,4.3685263028024695,-7.341750525725765,False,home,True,0.43
2025-10,data\historical_csv\football-data\2526\SP2.csv:118:away,data\historical_csv\football-data\2526\SP2.csv:118,data\historical_csv\football-data\2526\SP2.csv,118,2025-10-26,SP2,Malaga,Andorra,away,0.3006769352956935,0.2938413046612447,3.6557999999999997,3.71,7.42250415805783,0.004835630634448832,8,0.0,PS,3.0-4.0,sportsbook,0.2735379397122381,1.0992147400539962,0.006835630634448808,0.016082479454878527,1.2963149475003666,0.09040661941881066,0.38977200559240804,0.125,1.4825756332403461,away:3.0-4.0,away:sportsbook,sportsbook:3.0-4.0,0.4160609492413555,0.283262115462951,0.3006769352956935,1.083484691013724,0.4160609492413555,-0.115384013945662,0.115384013945662,0.013045976486639665,12.424242424242426,0.0492858258183575,0.04379575731397384,0.021897878656986947,0.02189787865698689,home,5.137422854629499,5.137422854629499,0.19,0.2875907403430973,0.29788108626499066,0.2875907403430973,0.0,,,0.0,lower_clv,True,0.2581814048222809,3.8732456378427007,-5.614042025070553,False,home,False,-0.19
2025-10,data\historical_csv\football-data\2526\SP2.csv:119:away,data\historical_csv\football-data\2526\SP2.csv:119,data\historical_csv\football-data\2526\SP2.csv,119,2025-10-26,SP2,Almeria,Castellon,away,0.2682081161683699,0.260297829288861,4.087,4.15,6.3837228303574856,0.005910286879508872,8,0.0,PS,4.0-5.0,sportsbook,0.24467824810374358,1.0961665707801278,0.007910286879508899,0.02203619697995507,1.4078112045821403,0.07193559357858581,0.37758639110169945,0.125,1.5414729630536028,away:4.0-5.0,away:sportsbook,sportsbook:4.0-5.0,0.48391706787201594,0.24787481595961414,0.2682081161683699,1.0499505367698228,0.48391706787201594,-0.215708951703646,0.215708951703646,0.008905542729422209,12.162162162162172,0.054546649011115944,0.03970816725890569,0.02013757113625325,0.01957059612265244,home,4.781324624935419,4.781324624935419,0.15,0.25637710943218844,0.26457771040073386,0.25637710943218844,0.0,,,0.0,lower_clv,True,0.2659068236313129,3.7607158264826155,8.676118818117583,True,home,False,-0.15
2025-10,data\historical_csv\football-data\2526\T1.csv:91:away,data\historical_csv\football-data\2526\T1.csv:91,data\historical_csv\football-data\2526\T1.csv,91,2025-10-27,T1,Samsunspor,Rizespor,away,0.24361228438114552,0.239091889228562,4.444700000000001,4.7,6.269172005418988,0.002520395152583516,8,0.05,BFE,4.0-5.0,exchange,0.22498706324386342,1.0827835203888778,0.004520395152583512,0.010345927993681189,1.4917123751246555,0.059346945101400116,0.36339945934374157,0.125,5.743919724615809,away:4.0-5.0,away:exchange,exchange:4.0-5.0,0.4834241864635112,0.27296352915534317,0.24361228438114552,1.0498263321050092,0.4834241864635112,-0.2398119020823657,0.2398119020823657,0.005102089515331388,10.121951219512226,1.16440342888626,0.1453099278947248,0.11182811628954925,0.03348181160517555,home,6.510179812099231,6.510179812099231,0.19,0.23963412561500033,0.23943148369581077,0.23963412561500033,0.0,,,0.0,lower_clv,True,0.23117720999479804,4.3256859100536,2.7513345263879163,True,draw,False,-0.19
2025-10,data\historical_csv\football-data\2526\F2.csv:111:away,data\historical_csv\football-data\2526\F2.csv:111,data\historical_csv\football-data\2526\F2.csv,111,2025-10-31,F2,Guingamp,Laval,away,0.2391304347826087,0.22523892862392947,4.6309000000000005,4.9,4.3058954564555,0.011891506158679246,7,0.05,BFE,4.0-5.0,exchange,0.21594074585933618,1.1073891304347827,0.013891506158679234,0.04972811666356776,1.5327512336571778,0.057183364839319475,0.3665274689180208,0.14285714285714285,5.810965471074736,away:4.0-5.0,away:exchange,exchange:4.0-5.0,0.4782608695652174,0.2826086956521739,0.2391304347826087,1.052030013409421,0.4782608695652174,-0.2391304347826087,0.2391304347826087,0.01842315706945961,12.023809523809526,0.016333994737791624,0.03832869666332725,0.01916434833166361,0.01916434833166364,home,4.657125213098162,4.657125213098162,0.13,0.22599737678010354,0.23485812659522412,0.22599737678010354,0.0,,,0.0,lower_clv,True,0.20296555870670746,4.926944287355846,-6.008679418510832,False,home,False,-0.13
2025-11,data\historical_csv\football-data\2526\B1.csv:104:away,data\historical_csv\football-data\2526\B1.csv:104,data\historical_csv\football-data\2526\B1.csv,104,2025-11-02,B1,St Truiden,Antwerp,away,0.277940908734857,0.2698996094017852,3.8860999999999994,4.1,4.885687209627743,0.006041299333071819,6,0.05,BFE,3.0-4.0,exchange,0.25732739764802764,1.0801061654345276,0.008041299333071794,0.021735912718177604,1.3574060840261057,0.0772511487483581,0.3772786805164395,0.16666666666666666,5.504233035691319,away:3.0-4.0,away:exchange,exchange:3.0-4.0,0.45592172437141837,0.26613736689372464,0.277940908734857,1.0662546193196163,0.45592172437141837,-0.17798081563656137,0.17798081563656137,0.006152734966592408,9.583333333333321,0.01919440469204181,0.03863186435476404,0.019315932177382034,0.019315932177382006,home,3.649220808675439,3.649220808675439,0.13,0.26671784258942244,0.2716870953598637,0.26671784258942244,0.0,,,0.0,lower_clv,True,0.28232188340624886,3.5420562796439117,9.71310711050235,True,home,False,-0.13
2025-11,data\historical_csv\football-data\2526\SP2.csv:133:away,data\historical_csv\football-data\2526\SP2.csv:133,data\historical_csv\football-data\2526\SP2.csv,133,2025-11-05,SP2,Sociedad B,Huesca,away,0.37388266014502364,0.3647109368568687,2.8718000000000004,2.91,4.7376868465555555,0.00717172328815498,8,0.0,PS,2.0-3.0,sportsbook,0.3482136639041716,1.073716223404479,0.009171723288154965,0.01918174885503696,1.0549390108781396,0.13978824355711925,0.39442340367787887,0.125,1.3301761961139302,away:2.0-3.0,away:sportsbook,sportsbook:2.0-3.0,0.31230855737176305,0.3138087824832133,0.37388266014502364,1.094979479403337,0.37388266014502364,0.0,0.061574102773260586,0.00717172328815498,12.095531587057007,0.03330598461337231,0.04131649213581762,0.020658246067908836,0.02065824606790878,away,3.9423755225199892,3.9423755225199892,0.21,0.36194155415599966,0.3742950107008827,0.36194155415599966,0.0,,,0.0,lower_clv,True,0.3808224918746978,2.625895322193917,9.364603216575729,True,home,False,-0.21
2025-11,data\historical_csv\football-data\2526\I2.csv:122:away,data\historical_csv\football-data\2526\I2.csv:122,data\historical_csv\football-data\2526\I2.csv,122,2025-11-22,I2,Avellino,Empoli,away,0.2968100798819631,0.2867015290104153,3.548,3.6,1.7217024928953384,0.008108550871547802,7,0.0,B365,3.0-4.0,sportsbook,0.2818489289740699,1.053082163421205,0.010108550871547828,0.027318987531597477,1.266384064447333,0.08809622351953733,0.37587555532985806,0.14285714285714285,1.4656144306651742,away:3.0-4.0,away:sportsbook,sportsbook:3.0-4.0,0.4063798402360739,0.2968100798819631,0.2968100798819631,1.0869799605925303,0.4063798402360739,-0.10956976035411076,0.10956976035411076,0.008108550871547802,6.666666666666665,0.0707629093065616,0.03738964669038958,0.01869482334519476,0.018694823345194816,home,2.4375274948131027,2.4375274948131027,0.1,0.2887190741116491,0.29173767013436686,0.2887190741116491,0.0,,,0.0,lower_clv,True,0.31649986950171655,3.159558964666734,12.294153699209032,True,away,True,0.25
2025-11,data\historical_csv\football-data\2526\B1.csv:119:away,data\historical_csv\football-data\2526\B1.csv:119,data\historical_csv\football-data\2526\B1.csv,119,2025-11-23,B1,Antwerp,Dender,away,0.2419339362135399,0.22778978032090907,4.9102,5.2,11.849337933172777,0.012144155892630825,7,0.05,BFE,4.0-5.0,exchange,0.20365769215103255,1.1879440135957235,0.014144155892630822,0.050196165460276485,1.591314674174411,0.058532029491777195,0.384993022877382,0.14285714285714285,5.9019999185369265,away:4.0-5.0,away:exchange,exchange:4.0-5.0,0.4952881723468705,0.26277789143958963,0.2419339362135399,1.0425118207685733,0.4952881723468705,-0.25335423613333063,0.25335423613333063,0.012144155892630825,24.750000000000007,0.011632241754913286,0.051837491705119004,0.02591874585255946,0.025918745852559544,home,10.645123578132921,10.645123578132921,0.27,0.2253373051568835,0.23368268412342755,0.2253373051568835,0.0,,,0.0,lower_clv,True,0.27150692029800877,3.6831473720905152,33.31532800472825,True,away,True,1.06
2025-11,data\historical_csv\football-data\2526\SP2.csv:161:away,data\historical_csv\football-data\2526\SP2.csv:161,data\historical_csv\football-data\2526\SP2.csv,161,2025-11-23,SP2,Cadiz,Cultural Leonesa,away,0.23096922862616753,0.22265999159710337,4.6358,4.71,3.2207189045851736,0.006309237029064173,8,0.0,PS,4.0-5.0,sportsbook,0.21571249838215628,1.0707271500651874,0.008309237029064165,0.027316353206841733,1.5338087839084396,0.05334678457216685,0.3542626316793724,0.125,1.600586737995613,away:4.0-5.0,away:sportsbook,sportsbook:4.0-5.0,0.4771966414657862,0.2918341299080462,0.23096922862616753,1.050935506601174,0.4771966414657862,-0.2462274128396187,0.2462274128396187,0.007743032756249913,8.77598152424941,0.052453467254176545,0.0292365804293776,0.014618290214688828,0.014618290214688773,home,4.4273920190849205,4.4273920190849205,0.12,0.22526293631969657,0.22218861917903207,0.22526293631969657,0.0,,,0.0,lower_clv,True,0.25788049070372626,3.877765228657332,19.548237880433405,True,away,True,0.44
2025-11,data\historical_csv\football-data\2526\F2.csv:135:away,data\historical_csv\football-data\2526\F2.csv:135,data\historical_csv\football-data\2526\F2.csv,135,2025-11-24,F2,Reims,Montpellier,away,0.26381991956357936,0.25183462778820664,4.038,4.1,1.6908227008778587,0.009985291775372728,6,0.0,BMGM,4.0-5.0,sportsbook,0.24764735017335313,1.0653048351977334,0.01198529177537272,0.037848892501713916,1.3957495198906458,0.06960094995853348,0.3682265260684547,0.16666666666666666,1.535413571074784,away:4.0-5.0,away:sportsbook,sportsbook:4.0-5.0,0.45602284572423557,0.280157234712185,0.26381991956357936,1.06608506162542,0.45602284572423557,-0.1922029261606562,0.1922029261606562,0.009985291775372728,13.888888888888884,0.08169210034346319,0.03833760445103912,0.019181342403942536,0.019156262047096584,home,3.6963358521111296,3.6963358521111296,0.12,0.25680122796461397,0.25673910911285064,0.25680122796461397,0.0,,,0.0,lower_clv,True,0.27199722922550124,3.6765080396129437,9.832481161257412,True,home,False,-0.12
2025-11,data\historical_csv\football-data\2526\E2.csv:194:away,data\historical_csv\football-data\2526\E2.csv:194,data\historical_csv\football-data\2526\E2.csv,194,2025-11-25,E2,Luton,Huddersfield,away,0.29422346265056887,0.28311814303581984,3.7243999999999997,3.78,5.444521192260732,0.009105319614749056,8,0.0,PS,3.0-4.0,sportsbook,0.2684996241005263,1.0958058642957786,0.011105319614749032,0.030946952811723532,1.3149057650322376,0.08656744597409069,0.38687612724698023,0.125,1.4928579099989348,away:3.0-4.0,away:sportsbook,sportsbook:3.0-4.0,0.4215014262591304,0.2842751110903006,0.29422346265056887,1.0816711061280948,0.4215014262591304,-0.12727796360856153,0.12727796360856153,0.009105319614749056,15.243902439024382,0.05579755530766484,0.04365434244345373,0.02182717122172692,0.02182717122172681,home,5.091518865857208,5.091518865857208,0.19,0.2821703331163603,0.2889843537743458,0.2821703331163603,0.0,,,0.0,lower_clv,True,0.2995776349980648,3.338032894232775,11.57469437867924,True,home,False,-0.19
2025-11,data\historical_csv\football-data\2526\T1.csv:120:away,data\historical_csv\football-data\2526\T1.csv:120,data\historical_csv\football-data\2526\T1.csv,120,2025-11-29,T1,Rizespor,Kayserispor,away,0.25252646549265173,0.24634260553343923,4.2585,4.5,4.904998566415086,0.004183859959212505,8,0.05,BFE,4.0-5.0,exchange,0.23482446870963955,1.0753839533004572,0.006183859959212501,0.016568005856535666,1.4489169855989985,0.06376961577421142,0.36588988516558246,0.125,5.671010919337793,away:4.0-5.0,away:exchange,exchange:4.0-5.0,0.4941094002407121,0.2533641342666363,0.25252646549265173,1.04373372999955,0.4941094002407121,-0.24158293474806036,0.24158293474806036,0.004183859959212505,11.757105943152425,0.013325825825825754,0.03322659514629128,0.016613297573145613,0.01661329757314567,home,3.455741253243346,3.455741253243346,0.11,0.24293939474754808,0.24482371596160787,0.24293939474754808,0.0,,,0.0,lower_clv,True,0.24750267570460222,4.04036036036036,5.39901444880484,True,away,True,0.36
2025-11,data\historical_csv\football-data\2526\E3.csv:216:home,data\historical_csv\football-data\2526\E3.csv:216,data\historical_csv\football-data\2526\E3.csv,216,2025-11-29,E3,Shrewsbury,Gillingham,home,0.3894132408376038,0.38721889845524826,2.715,2.75,5.129930930599902,0.00019434238235555747,7,0.0,BMGM,2.0-3.0,sportsbook,0.3683241252302026,1.0572569488740944,0.002194342382355552,0.0004990646490025327,0.9987919533858987,0.15164267213964563,0.38894281149052373,0.14285714285714285,1.2891344383057168,home:2.0-3.0,home:sportsbook,sportsbook:2.0-3.0,0.3894132408376038,0.2985321974098939,0.3120545617525023,1.0915616403690227,0.3894132408376038,0.0,0.07735867908510152,0.0012046449586234696,11.652456354039774,0.089126559714795,0.055534353767227373,0.027767176883613714,0.02776717688361366,home,3.0749957279263747,3.0749957279263747,0.18,0.37965007634595355,0.39101432410617404,0.37965007634595355,0.0,,,0.0,lower_clv,True,0.3851786899567737,2.5961976248276457,4.576014323264044,True,draw,False,-0.18
2025-11,data\historical_csv\football-data\2526\SP2.csv:175:away,data\historical_csv\football-data\2526\SP2.csv:175,data\historical_csv\football-data\2526\SP2.csv,175,2025-11-30,SP2,Cordoba,Cadiz,away,0.26119095272995085,0.2526407418699892,4.273199999999999,4.34,7.9584418158837655,0.006550210859961645,8,0.0,PS,4.0-5.0,sportsbook,0.23401666198633347,1.1161211792056258,0.00855021085996166,0.025078245595795978,1.4523629610895952,0.06822071378797942,0.3793440655166839,0.125,1.5632313020687238,away:4.0-5.0,away:sportsbook,sportsbook:4.0-5.0,0.4473488934925639,0.2914601537774853,0.26119095272995085,1.0698318160702405,0.4473488934925639,-0.18615794076261305,0.18615794076261305,0.014760910315402748,4.957678355501827,0.05029980028277947,0.041810975239959275,0.02090548761997954,0.020905487619979735,home,7.271091812478919,7.271091812478919,0.22,0.2510322283358582,0.2539620985206534,0.2510322283358582,0.0,,,0.0,lower_clv,True,0.21940635215640555,4.5577531834043805,-6.243277596524798,False,away,True,0.72
2025-11,data\historical_csv\football-data\2526\B1.csv:127:draw,data\historical_csv\football-data\2526\B1.csv:127,data\historical_csv\football-data\2526\B1.csv,127,2025-11-30,B1,Genk,Oud-Heverlee Leuven,draw,0.22395923291226058,0.2134094827585682,4.9102,5.2,4.78832422411215,0.008549750153692375,7,0.05,BFE,4.0-5.0,exchange,0.20365769215103255,1.099684625445782,0.010549750153692389,0.03817547525286385,1.591314674174411,0.05015773800664818,0.356389613750125,0.14285714285714285,5.9019999185369265,draw:4.0-5.0,draw:exchange,exchange:4.0-5.0,0.6116398229378596,0.22395923291226058,0.1644009441498799,0.9326147280991974,0.6116398229378596,-0.38768059002559896,0.44723887878797963,0.008686892024466028,15.242494226327953,0.019287164448454686,0.035290426892563787,0.017645213446281893,0.017645213446281893,home,5.1715638118208895,5.1715638118208895,0.13,0.21418997965830494,0.21486208049315592,0.21418997965830494,0.0,,,0.0,lower_clv,True,0.23736676081070074,4.2128897769199325,16.55182689327026,True,home,False,-0.13
2025-12,data\historical_csv\football-data\2526\SP1.csv:141:away,data\historical_csv\football-data\2526\SP1.csv:141,data\historical_csv\football-data\2526\SP1.csv,141,2025-12-01,SP1,Vallecano,Valencia,away,0.23558612526078032,0.23023869155190543,4.528,4.6,4.2520795347027684,0.0033474337088748875,8,0.0,BMGM,4.0-5.0,sportsbook,0.2208480565371025,1.0667339751808131,0.005347433708874888,0.014208959484220348,1.5102803409008818,0.055500822415388076,0.35580109357036915,0.125,1.590106007067149,away:4.0-5.0,away:sportsbook,sportsbook:4.0-5.0,0.4852825592652566,0.2791313154739631,0.23558612526078032,1.0476446856050092,0.4852825592652566,-0.24969643400447628,0.24969643400447628,0.004505068564137855,6.358381502890187,0.051399401513817944,0.02882235496109839,0.014411177480549237,0.014411177480549153,home,5.865262243818959,5.865262243818959,0.17,0.23380137421338112,0.22812708743260143,0.23312244073870256,0.11965089198139918,,,0.0,lower_clv,True,0.23913146071021463,4.18180024088016,8.278725409585164,True,draw,False,-0.17
2025-12,data\historical_csv\football-data\2526\E1.csv:227:away,data\historical_csv\football-data\2526\E1.csv:227,data\historical_csv\football-data\2526\E1.csv,227,2025-12-06,E1,Swansea,Oxford,away,0.25752498997803086,0.2500228430795116,4.038,4.1,0.9592240355067894,0.005502146898519271,8,0.0,BMGM,4.0-5.0,sportsbook,0.24764735017335313,1.0398859095312887,0.007502146898519246,0.021365487283345405,1.3957495198906458,0.06631912046318489,0.3594403811216799,0.125,1.535413571074784,away:4.0-5.0,away:sportsbook,sportsbook:4.0-5.0,0.4572412394463665,0.28523377057560256,0.25752498997803086,1.0649901935773467,0.4572412394463665,-0.19971624946833566,0.19971624946833566,0.005502146898519271,7.82380013149242,0.04198224700518827,0.02344956333290124,0.01172478166645069,0.011724781666450551,home,3.1500782269243053,3.1500782269243053,0.1,0.25544843543071893,0.2509273051477809,0.25490747815960124,0.11965089198139918,,,0.0,lower_clv,True,0.25783674932351414,3.878423082138983,4.114479376835023,True,home,False,-0.1
2025-12,data\historical_csv\football-data\2526\I2.csv:147:away,data\historical_csv\football-data\2526\I2.csv:147,data\historical_csv\football-data\2526\I2.csv,147,2025-12-08,I2,Mantova,Reggiana,away,0.26336317556447897,0.256005013570644,4.136,4.2,5.883673612818363,0.005358161993835006,7,0.0,BMGM,4.0-5.0,sportsbook,0.24177949709864602,1.0892700941346851,0.0073581619938349885,0.02034514499739988,1.419729137206128,0.06936016224340658,0.3739043740160237,0.14285714285714285,1.547388781431347,away:4.0-5.0,away:sportsbook,sportsbook:4.0-5.0,0.45681345039826216,0.27982337403725893,0.26336317556447897,1.0656711627541762,0.45681345039826216,-0.1934502748337832,0.1934502748337832,0.005477584683256659,16.666666666666675,0.08409880558016125,0.04373814058639858,0.02186907029319929,0.02186907029319929,home,6.95625495303298,6.95625495303298,0.22,0.2585982953409888,0.2570144851277923,0.2584087910362506,0.11965089198139918,,,0.0,lower_clv,True,0.30976180455651126,3.2282869782209236,28.117482364573053,True,away,True,0.69
2025-12,data\historical_csv\football-data\2526\I2.csv:150:away,data\historical_csv\football-data\2526\I2.csv:150,data\historical_csv\football-data\2526\I2.csv,150,2025-12-08,I2,Bari,Pescara,away,0.23882430830118212,0.23418943831483055,4.43,4.5,3.745921173469924,0.0026348699863515796,6,0.0,BMGM,4.0-5.0,sportsbook,0.22573363431151244,1.0579916857742366,0.00463486998635157,0.011032670857895823,1.4883995840570443,0.05703705023553809,0.35546600113819077,0.16666666666666666,1.5801354401805856,away:4.0-5.0,away:sportsbook,sportsbook:4.0-5.0,0.48043974287909547,0.2807359488197224,0.23882430830118212,1.050821212965658,0.48043974287909547,-0.24161543457791335,0.24161543457791335,0.0036175354251011625,9.756097560975618,0.08452168746286404,0.03392087041596095,0.026500657414910145,0.007420213001050807,home,4.992314120973967,4.992314120973967,0.15,0.23700296641303378,0.2314845875512651,0.23634268745993184,0.11965089198139918,,,0.0,lower_clv,True,0.2624313452666382,3.810520420051079,16.257085953120722,True,draw,False,-0.15
2025-12,data\historical_csv\football-data\2526\SP2.csv:189:away,data\historical_csv\football-data\2526\SP2.csv:189,data\historical_csv\football-data\2526\SP2.csv,189,2025-12-12,SP2,Cultural Leonesa,Huesca,away,0.29480331374214985,0.2832928251452697,3.6068000000000002,3.66,2.1780561733958814,0.00951048859688012,8,0.0,PS,3.0-4.0,sportsbook,0.27725407563491183,1.0632965920051862,0.011510488596880142,0.032260453507651145,1.2828209526436147,0.08690899379335244,0.3781798677771991,0.125,1.4749916823777243,away:3.0-4.0,away:sportsbook,sportsbook:3.0-4.0,0.3927463680422865,0.3124503182155636,0.29480331374214985,1.0906204245147373,0.3927463680422865,-0.09794305430013667,0.09794305430013667,0.00989038798742088,4.05117270788915,0.03479069511300681,0.03076533484825489,0.015382667424127472,0.015382667424127416,home,2.684111428383632,2.684111428383632,0.1,0.28469588396468787,0.2899194250353238,0.2853208853130909,0.11965089198139918,,,0.0,lower_clv,True,0.2559570421747399,3.906905594405594,-7.681414028414801,False,away,True,0.26
2025-12,data\historical_csv\football-data\2526\B1.csv:145:away,data\historical_csv\football-data\2526\B1.csv:145,data\historical_csv\football-data\2526\B1.csv,145,2025-12-14,B1,Genk,Westerlo,away,0.21843546363997918,0.21466638897007387,4.9102,5.2,5.405490312085659,0.001769074669905294,7,0.05,BFE,4.0-5.0,exchange,0.20365769215103255,1.0725618135650257,0.003769074669905309,0.008098843660391366,1.591314674174411,0.047714051775612665,0.3475995586503899,0.14285714285714285,5.9019999185369265,away:4.0-5.0,away:exchange,exchange:4.0-5.0,0.556367975035947,0.22519656132407379,0.21843546363997918,0.9942297183556387,0.556367975035947,-0.33793251139596786,0.33793251139596786,0.0026576610642668817,5.052631578947375,0.0062458908612754716,0.027321448612210503,0.018014423820313,0.009307024791897503,home,4.728048712960009,4.728048712960009,0.12,0.21328672704362348,0.2103938377184536,0.21294059025546344,0.11965089198139918,,,0.0,lower_clv,True,0.2763256161314414,3.6189189189189186,35.68140403286036,True,draw,False,-0.12
2025-12,data\historical_csv\football-data\2526\T1.csv:153:away,data\historical_csv\football-data\2526\T1.csv:153,data\historical_csv\football-data\2526\T1.csv,153,2025-12-22,T1,Buyuksehyr,Gaziantep,away,0.22255842656368197,0.21321111194239378,4.9102,5.2,4.690920185954184,0.007347314621288188,7,0.05,BFE,4.0-5.0,exchange,0.20365769215103255,1.092806386112991,0.009347314621288183,0.033012969828782726,1.591314674174411,0.04953225323450182,0.35416049005195516,0.14285714285714285,5.9019999185369265,away:4.0-5.0,away:exchange,exchange:4.0-5.0,0.5341402237528368,0.24330134968348133,0.22255842656368197,1.0132616929619518,0.5341402237528368,-0.3115817971891548,0.3115817971891548,0.010571100728683148,15.242494226327953,0.01424481341300754,0.03295164744635731,0.019300282818833447,0.013651364627523865,home,5.264592356566203,5.264592356566203,0.13,0.21437943944557494,0.21464898933688184,0.2144116913305033,0.11965089198139918,,,0.0,lower_clv,True,0.19305901800875244,5.179763216006125,-5.2041609773423865,False,home,False,-0.13
2025-12,data\historical_csv\football-data\2526\E1.csv:264:away,data\historical_csv\football-data\2526\E1.csv:264,data\historical_csv\football-data\2526\E1.csv,264,2025-12-26,E1,Birmingham,Derby,away,0.22311586359668736,0.21789704498289086,4.724,4.8,2.934564049917654,0.0032188186137964907,8,0.0,BMGM,4.0-5.0,sportsbook,0.21168501270110077,1.0539993396307512,0.0052188186137965,0.014426668556454365,1.552655898335116,0.0497806885884956,0.3464221616255298,0.125,1.608806096528359,away:4.0-5.0,away:sportsbook,sportsbook:4.0-5.0,0.5019397216080844,0.27494441479522824,0.22311586359668736,1.0356671848889536,0.5019397216080844,-0.2788238580113971,0.2788238580113971,0.00700563627007356,8.597285067873294,0.0387289463376419,0.022550226076065133,0.01127511303803258,0.011275113038032553,home,5.156228974973763,5.156228974973763,0.14,0.2225999766616718,0.2152246913520102,0.22171751719575347,0.11965089198139918,,,0.0,lower_clv,True,0.2352429465766544,4.250924478512038,11.128767962811548,True,draw,False,-0.14
2025-12,data\historical_csv\football-data\2526\B1.csv:155:home,data\historical_csv\football-data\2526\B1.csv:155,data\historical_csv\football-data\2526\B1.csv,155,2025-12-26,B1,Cercle Brugge,St. Gilloise,home,0.25050412193188415,0.2430365670003539,4.234,4.3,2.90168246794984,0.005467554931530266,7,0.0,BMGM,4.0-5.0,sportsbook,0.23618327822390175,1.0606344522595974,0.007467554931530257,0.02182620744666619,1.4431471727126735,0.06275231510486429,0.3615143153188694,0.14285714285714285,1.558809636277747,home:4.0-5.0,home:sportsbook,sportsbook:4.0-5.0,0.25050412193188415,0.2593396591740831,0.49015621889403294,1.0462735841031996,0.49015621889403294,-0.2396520969621488,0.2396520969621488,0.009204847242325922,11.688311688311703,0.06148762768224891,0.03141712226268137,0.020433599068242103,0.010983523194439265,away,3.2477867593997867,3.2477867593997867,0.1,0.24385400746197397,0.24361762579226842,0.24382572418434564,0.11965089198139918,,,0.0,lower_clv,True,0.2547634914542928,3.925209198113892,7.866862281747555,True,draw,False,-0.1
2025-12,data\historical_csv\football-data\2526\E3.csv:268:home,data\historical_csv\football-data\2526\E3.csv:268,data\historical_csv\football-data\2526\E3.csv,268,2025-12-29,E3,Bristol Rvs,Barnet,home,0.27631578947368424,0.26994490195710374,3.842,3.9,3.712831331919264,0.004370887516580484,7,0.0,BMGM,3.0-4.0,sportsbook,0.2602811035918792,1.061605263157895,0.006370887516580492,0.015818450060005557,1.345993064346365,0.0763504155124654,0.3719191362009693,0.14285714285714285,1.5096304008328953,home:3.0-4.0,home:sportsbook,sportsbook:3.0-4.0,0.27631578947368424,0.27631578947368424,0.4473684210526316,1.070651758426683,0.4473684210526316,-0.17105263157894735,0.17105263157894735,0.005507566960104953,11.428571428571432,0.08300076886464325,0.03955671802901439,0.01977835901450717,0.019778359014507224,away,4.239579917760906,4.239579917760906,0.15,0.27131592898948703,0.27054643159514397,0.2712238579398765,0.11965089198139918,,,0.0,lower_clv,True,0.28430054032929214,3.5174045003282313,9.228267594514051,True,away,False,-0.15
2026-01,data\historical_csv\football-data\2526\F2.csv:157:away,data\historical_csv\football-data\2526\F2.csv:157,data\historical_csv\football-data\2526\F2.csv,157,2026-01-03,F2,Bastia,Grenoble,away,0.2765583089752307,0.2647323304282794,3.94,4.0,4.304538188742102,0.00982597854695127,7,0.0,BMGM,3.0-4.0,sportsbook,0.25380710659898476,1.089639737362409,0.011825978546951277,0.03552950039129474,1.3711807233098425,0.07648449826323918,0.37921142213800374,0.14285714285714285,1.522842639593902,away:3.0-4.0,away:sportsbook,sportsbook:3.0-4.0,0.4274436070154708,0.2959980840092986,0.2765583089752307,1.079116823798195,0.4274436070154708,-0.1508852980402401,0.1508852980402401,0.00982597854695127,10.726643598615926,0.08804456268706362,0.046788308211113655,0.02339415410555673,0.023394154105556925,home,5.13478328399423,5.13478328399423,0.17,0.2668395514822189,0.2717860969803644,0.2668395514822189,0.0,,,0.0,lower_clv,True,0.26343897299617924,3.7959455604714316,3.794955360494612,True,home,False,-0.17
2026-01,data\historical_csv\football-data\2526\I1.csv:171:away,data\historical_csv\football-data\2526\I1.csv:171,data\historical_csv\football-data\2526\I1.csv,171,2026-01-03,I1,Sassuolo,Parma,away,0.23034423925618625,0.22269733326382893,4.5966000000000005,4.67,2.365056208051608,0.005646905992357302,8,0.0,PS,4.0-5.0,sportsbook,0.21755210372884304,1.0588003301649858,0.007646905992357317,0.02451507365928469,1.5253168997686932,0.05305846855851117,0.35134796090182413,0.125,1.5968324413697,away:4.0-5.0,away:sportsbook,sportsbook:4.0-5.0,0.4918877075231186,0.2777680532206952,0.23034423925618625,1.042995823468049,0.4918877075231186,-0.26154346826693237,0.26154346826693237,0.005646905992357302,3.4330011074196864,0.03540707739192395,0.023534022300734675,0.011767011150367268,0.011767011150367407,home,3.4412629042645317,3.4412629042645317,0.1,0.22503864357191083,0.2240662987310539,0.22503864357191083,0.0,,,0.0,lower_clv,True,0.24091216953633945,4.150890351137529,10.737687849073808,True,draw,False,-0.1
2026-01,data\historical_csv\football-data\2526\T1.csv:163:away,data\historical_csv\football-data\2526\T1.csv:163,data\historical_csv\football-data\2526\T1.csv,163,2026-01-19,T1,Goztep,Rizespor,away,0.2392388211647393,0.22594570914675383,4.6309000000000005,4.9,4.633198448770237,0.011293112017985458,7,0.05,BFE,4.0-5.0,exchange,0.21594074585933618,1.1078910569317912,0.01329311201798547,0.04720434569525423,1.5327512336571778,0.05723521355229411,0.3666935982789431,0.14285714285714285,5.810965471074736,away:4.0-5.0,away:exchange,exchange:4.0-5.0,0.48103578793494994,0.2797253909003106,0.2392388211647393,1.05056543650398,0.48103578793494994,-0.24179696677021065,0.24179696677021065,0.011293112017985458,14.756097560975622,0.026149304763712022,0.040357789227525837,0.020178894613763015,0.02017889461376282,home,4.528506534856396,4.528506534856396,0.12,0.22571963664699385,0.23321746073081104,0.22571963664699385,0.0,,,0.0,lower_clv,True,0.24523367773387328,4.077743355809378,13.565263821779382,True,home,False,-0.12
2026-01,data\historical_csv\football-data\2526\F2.csv:174:away,data\historical_csv\football-data\2526\F2.csv:174,data\historical_csv\football-data\2526\F2.csv,174,2026-01-23,F2,Annecy,Clermont,away,0.2533716320387636,0.24855393448674126,4.136,4.2,2.801907303716189,0.002817697552022365,7,0.0,BMGM,4.0-5.0,sportsbook,0.24177949709864602,1.0479450701123263,0.004817697552022354,0.011120809103014667,1.419729137206128,0.06419718392198663,0.35971908854690243,0.14285714285714285,1.547388781431347,away:4.0-5.0,away:sportsbook,sportsbook:4.0-5.0,0.45730489685045145,0.2893234711107848,0.2533716320387636,1.06447285354535,0.45730489685045145,-0.20393326481168783,0.20393326481168783,0.008729226664342305,3.960396039603964,0.08747044917257685,0.03442753265988163,0.01721376632994087,0.01721376632994076,home,3.4679348926945845,3.4679348926945845,0.11,0.2501642526419115,0.24779227808231483,0.2501642526419115,0.0,,,0.0,lower_clv,True,0.23848118980569738,4.193202830020893,-1.3641798963635599,False,home,False,-0.11
2026-01,data\historical_csv\football-data\2526\SP1.csv:202:away,data\historical_csv\football-data\2526\SP1.csv:202,data\historical_csv\football-data\2526\SP1.csv,202,2026-01-24,SP1,Vallecano,Osasuna,away,0.2631981637337414,0.25941245034034804,3.94,4.0,2.208505434097119,0.0017857133933933383,7,0.0,BFD,3.0-4.0,sportsbook,0.25380710659898476,1.037000765110941,0.003785713393393342,0.006784672689433411,1.3711807233098425,0.06927327339281333,0.3608922485222539,0.14285714285714285,1.522842639593902,away:3.0-4.0,away:sportsbook,sportsbook:3.0-4.0,0.4407039020657995,0.29609793420045905,0.2631981637337414,1.0728048636626244,0.4407039020657995,-0.17750573833205813,0.17750573833205813,0.002990031728472555,5.193951347797499,0.06038552321007096,0.02743485451467259,0.013717427257336268,0.013717427257336323,home,3.3069629707047152,3.3069629707047152,0.11,0.26220041363123026,0.2579491423717177,0.26220041363123026,0.0,,,0.0,lower_clv,True,0.2700669884071149,3.7027850234421877,6.406393432403279,True,away,True,0.32
2026-01,data\historical_csv\football-data\2526\T1.csv:170:away,data\historical_csv\football-data\2526\T1.csv:170,data\historical_csv\football-data\2526\T1.csv,170,2026-01-25,T1,Rizespor,Alanyaspor,away,0.25700934579439255,0.25367211414448815,4.444700000000001,4.7,12.749644573800678,0.001337231649904402,4,0.05,BFE,4.0-5.0,exchange,0.22498706324386342,1.1423294392523369,0.003337231649904404,0.0052030467832644,1.4917123751246555,0.06605380382566164,0.3833840216441872,0.25,5.743919724615809,away:4.0-5.0,away:exchange,exchange:4.0-5.0,0.46261682242990654,0.28037383177570097,0.25700934579439255,1.0623271174310274,0.46261682242990654,-0.20560747663551399,0.20560747663551399,0.006016028577418949,20.40000000000002,0.0063229250838707785,0.045580238751963015,0.022790119375981438,0.022790119375981577,home,10.484932289687952,10.484932289687952,0.3,0.2485768044855399,0.2515501700660278,0.2485768044855399,0.0,,,0.0,lower_clv,True,0.22669792936681343,4.411156302984702,0.7604286656675896,True,draw,False,-0.3
2026-01,data\historical_csv\football-data\2526\E2.csv:340:away,data\historical_csv\football-data\2526\E2.csv:340,data\historical_csv\football-data\2526\E2.csv,340,2026-01-31,E2,Wigan,Lincoln,away,0.42891681863156994,0.42362399934590983,2.568,2.6,8.786643032029652,0.003292819285660128,5,0.0,BMGM,2.0-3.0,sportsbook,0.3894080996884735,1.1014583902458717,0.005292819285660111,0.007677057980998845,0.9431273858277147,0.18396963730502705,0.4045231978935326,0.2,1.2461059190031154,away:2.0-3.0,away:sportsbook,sportsbook:2.0-3.0,0.2876032150891873,0.2834799662792429,0.42891681863156994,1.0788370355571821,0.42891681863156994,0.0,0.14131360354238265,0.0033126019943945668,18.181818181818166,0.06075174825174834,0.0663292619772643,0.03316463098863204,0.03316463098863226,away,6.556284156313714,6.556284156313714,0.42,0.4149388012317512,0.4310019367409257,0.4149388012317512,0.0,,,0.0,lower_clv,True,0.4367218486645365,2.289786973236917,12.150170737052978,True,away,True,0.66
2026-01,data\historical_csv\football-data\2526\E3.csv:334:away,data\historical_csv\football-data\2526\E3.csv:334,data\historical_csv\football-data\2526\E3.csv,334,2026-01-31,E3,Fleetwood Town,Notts County,away,0.4375171622259914,0.4242845254844459,2.4210000000000003,2.45,2.7192836197843517,0.0112326367415455,5,0.0,BMGM,2.0-3.0,sportsbook,0.41305245766212306,1.0592290497491252,0.013232636741545512,0.025673591144165193,0.8841806779559216,0.19142126724228448,0.38684422111432804,0.2,1.1978521272201448,away:2.0-3.0,away:sportsbook,sportsbook:2.0-3.0,0.2894344303956559,0.2730484073783527,0.4375171622259914,1.0749632036346788,0.4375171622259914,0.0,0.1480827318303355,0.0112326367415455,11.363636363636353,0.0910336356764927,0.0634102126698104,0.031705106334905225,0.03170510633490517,away,2.246148344755957,2.246148344755957,0.16,0.4223302286028746,0.4400270748623637,0.4223302286028746,0.0,,,0.0,lower_clv,True,0.4393739969176502,2.275965366670129,6.372444653763121,True,away,True,0.23
2026-03,data\historical_csv\football-data\2526\E2.csv:411:away,data\historical_csv\football-data\2526\E2.csv:411,data\historical_csv\football-data\2526\E2.csv,411,2026-03-07,E2,Blackpool,Wigan,away,0.34167230793122233,0.3385407623742103,3.058,3.1,3.5257651340335094,0.0011315455570119995,5,0.0,BMGM,3.0-4.0,sportsbook,0.3270111183780249,1.0448339176536778,0.0031315455570120054,0.0033117859737107416,1.1177611075068705,0.11673996600704802,0.3819080173176316,0.2,1.373446697187708,away:3.0-4.0,away:sportsbook,sportsbook:3.0-4.0,0.3699593284708174,0.2883683635979603,0.34167230793122233,1.0933873857027194,0.3699593284708174,-0.028287020539595087,0.028287020539595087,0.0017977292717003305,12.034694615106623,0.06420743941966345,0.03855410633586337,0.02289801526722146,0.01565609106864191,home,2.967358134838167,2.967358134838167,0.14,0.3367147094010405,0.340528134086047,0.34049609926846464,0.9915994623655914,,,0.0,lower_clv,True,0.35305497849432915,2.8324200504541595,7.964212423565842,True,draw,False,-0.14
2026-03,data\historical_csv\football-data\2526\T1.csv:222:away,data\historical_csv\football-data\2526\T1.csv:222,data\historical_csv\football-data\2526\T1.csv,222,2026-03-08,T1,Konyaspor,Kasimpasa,away,0.25734124442500017,0.2526988345019886,4.2585,4.5,7.611798672671832,0.0026424099230115752,5,0.05,BFE,4.0-5.0,exchange,0.23482446870963955,1.0958876893838632,0.00464240992301157,0.010268116674867803,1.4489169855989985,0.06622451608220768,0.3728661001425663,0.2,5.671010919337793,away:4.0-5.0,away:exchange,exchange:4.0-5.0,0.4564793163286871,0.2861794392463127,0.25734124442500017,1.0653287026143141,0.4564793163286871,-0.19913807190368693,0.19913807190368693,0.007854842133094389,8.124999999999982,0.011380652890086829,0.03761959799325604,0.01880979899662802,0.01880979899662802,home,5.0382861758151485,5.0382861758151485,0.15,0.24665559745406868,0.24981169132508088,0.2497851784397397,0.9915994623655914,,,0.0,lower_clv,True,0.21317977018778153,4.690876620793521,-9.217394865533246,False,draw,False,-0.15
2026-03,data\historical_csv\football-data\2526\B1.csv:224:away,data\historical_csv\football-data\2526\B1.csv:224,data\historical_csv\football-data\2526\B1.csv,224,2026-03-08,B1,Waregem,Standard,away,0.2633501406726146,0.2506652077749471,4.0723,4.3,2.078392562191711,0.01068493289766749,7,0.05,BFE,4.0-5.0,exchange,0.2455614763155956,1.0724407778610885,0.012684932897667478,0.04057310495592457,1.4042079504047693,0.0693532965922859,0.3697983612726998,0.14285714285714285,5.591434815706098,away:4.0-5.0,away:exchange,exchange:4.0-5.0,0.4608627461770755,0.2757871131503099,0.2633501406726146,1.0636386002304643,0.4608627461770755,-0.19751260550446093,0.19751260550446093,0.011940523068489615,11.756756756756737,0.02172529154420233,0.03573696376534344,0.017868481882671705,0.017868481882671733,home,3.617354812362706,3.617354812362706,0.12,0.25444430619640673,0.25621565985795774,0.25620077953486003,0.9915994623655914,,,0.0,lower_clv,True,0.22225761168492614,4.499283477488306,-9.49003279354752,False,away,True,0.37
2026-03,data\historical_csv\football-data\2526\B1.csv:223:away,data\historical_csv\football-data\2526\B1.csv:223,data\historical_csv\football-data\2526\B1.csv,223,2026-03-08,B1,Gent,Mechelen,away,0.2695269982574083,0.2651249448773181,3.9792,4.2,5.498518065582414,0.0024020533800901936,7,0.05,BFE,3.0-4.0,exchange,0.25130679533574585,1.072501831465879,0.004402053380090198,0.008912106748564548,1.3810807940670031,0.07264480278964897,0.37223856077583717,0.14285714285714285,5.5488540410132625,away:3.0-4.0,away:exchange,exchange:3.0-4.0,0.47481440107522704,0.2556586006673646,0.2695269982574083,1.0557258016036026,0.47481440107522704,-0.20528740281781876,0.20528740281781876,0.0030319051940388897,9.189189189189184,0.03020255586087095,0.03841202310936284,0.019206011554681407,0.019206011554681435,home,3.058418366228182,3.058418366228182,0.1,0.2589928085198738,0.2628102460467359,0.2627781775191245,0.9915994623655914,,,0.0,lower_clv,True,0.2785995714754328,3.589380969626441,10.86034148150421,True,home,False,-0.1
2026-03,data\historical_csv\football-data\2526\I1.csv:289:home,data\historical_csv\football-data\2526\I1.csv:289,data\historical_csv\football-data\2526\I1.csv,289,2026-03-15,I1,Como,Roma,home,0.4504923328984877,0.44770375299129117,2.274,2.3,1.8078334302196186,0.0007885799071965764,7,0.0,LB,2.0-3.0,sportsbook,0.4397537379067722,1.0244195650111612,0.0027885799071965534,0.001750484635604824,0.8215403953283443,0.20294334200032188,0.3700976492618117,0.14285714285714285,1.1433597185575906,home:2.0-3.0,home:sportsbook,sportsbook:2.0-3.0,0.4504923328984877,0.28492990146004343,0.26457776564146884,1.0687498333807683,0.4504923328984877,0.0,0.18591456725701888,0.008546475965466586,9.523809523809511,0.06039355688724557,0.04047229281832737,0.020236146409163713,0.020236146409163658,home,3.620614752756263,3.620614752756263,0.28,0.4556755266172219,0.4589643110680143,0.4589366835104639,0.9915994623655914,,,0.0,lower_clv,True,0.4516506169788151,2.214100816886309,2.7053503009825564,True,home,True,0.36
2026-03,data\historical_csv\football-data\2526\T1.csv:240:away,data\historical_csv\football-data\2526\T1.csv:240,data\historical_csv\football-data\2526\T1.csv,240,2026-03-19,T1,Kayserispor,Karagumruk,away,0.2544720119041691,0.24711863762680136,4.2585,4.5,5.235471833373362,0.00535337427736775,5,0.05,BFE,4.0-5.0,exchange,0.23482446870963955,1.083669062693904,0.0073533742773677635,0.021037182978628555,1.4489169855989985,0.06475600484255559,0.3687088204075012,0.2,5.671010919337793,away:4.0-5.0,away:exchange,exchange:4.0-5.0,0.4797779638241894,0.2657500242716415,0.2544720119041691,1.0527972747132863,0.4797779638241894,-0.2253059519200203,0.2253059519200203,0.00535337427736775,13.815789473684204,0.02340042546228105,0.03733098216320335,0.018665491081601704,0.01866549108160165,home,5.030815589429999,5.030815589429999,0.15,0.24663805468928027,0.246757898102024,0.246756891352925,0.9915994623655914,,,0.0,lower_clv,True,0.2795181127062924,3.577585689592732,19.032788295974612,True,home,False,-0.15
2026-04,data\historical_csv\football-data\2526\T1.csv:244:away,data\historical_csv\football-data\2526\T1.csv:244,data\historical_csv\football-data\2526\T1.csv,244,2026-04-04,T1,Kasimpasa,Kayserispor,away,0.29961297698633865,0.2894900447798069,3.65335,3.85,5.760845509630763,0.008122932206531779,5,0.05,BFE,3.0-4.0,exchange,0.27372137900830745,1.0945910694730403,0.010122932206531765,0.027111416495494978,1.2956445548851494,0.08976793597861629,0.38819192220527926,0.2,5.382730918198364,away:3.0-4.0,away:exchange,exchange:3.0-4.0,0.43200010635239533,0.26838691666126596,0.29961297698633865,1.0767192464449866,0.43200010635239533,-0.13238712936605668,0.13238712936605668,0.009326429464371804,12.348484848484853,0.01682086976204622,0.0441694987254691,0.02208474936273455,0.02208474936273455,home,4.44529244735255,4.44529244735255,0.17,0.285889094796153,0.29530268450480684,0.29522405445378236,0.9916471767457401,,,0.0,lower_clv,True,0.289105228664795,3.4589481643704785,5.62025871425289,True,home,False,-0.17
2026-04,data\historical_csv\football-data\2526\I2.csv:326:away,data\historical_csv\football-data\2526\I2.csv:326,data\historical_csv\football-data\2526\I2.csv,326,2026-04-06,I2,Mantova,Virtus Entella,away,0.24172190457827508,0.23060561412657843,4.43,4.5,2.1582870580742375,0.00911629045169664,4,0.0,B365,4.0-5.0,sportsbook,0.22573363431151244,1.0708280372817585,0.011116290451696653,0.03771396087417711,1.4883995840570443,0.05842947915294872,0.35977878223178117,0.25,1.5801354401805856,away:4.0-5.0,away:sportsbook,sportsbook:4.0-5.0,0.48181194968309604,0.2764661457386289,0.24172190457827508,1.050500344269103,0.48181194968309604,-0.24009004510482096,0.24009004510482096,0.010149508243717313,12.5,0.09318996415770608,0.03844321605368492,0.019221608026842446,0.019221608026842474,home,4.507505792607596,4.507505792607596,0.13,0.2359085909539675,0.2332478421163307,0.23327006688109544,0.9916471767457401,,,0.0,lower_clv,True,0.323625406587,3.089992255386076,43.36605511804099,True,home,False,-0.13
2026-04,data\historical_csv\football-data\2526\E1.csv:483:home,data\historical_csv\football-data\2526\E1.csv:483,data\historical_csv\football-data\2526\E1.csv,483,2026-04-06,E1,Bristol City,Sheffield United,home,0.33283677378165566,0.31957854914386863,3.205,3.25,2.42492500060989,0.011258224637787055,5,0.0,BW,3.0-4.0,sportsbook,0.31201248049922,1.0667418599702063,0.01325822463778703,0.033825062386803946,1.1647120903726333,0.11078031798138102,0.38765901454411544,0.2,1.4040561622464809,home:3.0-4.0,home:sportsbook,sportsbook:3.0-4.0,0.33283677378165566,0.26920621408810386,0.3979570121302405,1.0861101268970244,0.3979570121302405,-0.06512023834858482,0.06512023834858482,0.011258224637787055,12.068965517241391,0.05635540929658589,0.04155951521467749,0.02077975760733869,0.0207797576073388,away,4.099334348356749,4.099334348356749,0.19,0.3248029152834844,0.33129682927561765,0.331242586759813,0.9916471767457401,,,0.0,lower_clv,True,0.37429429546876025,2.6716944717194147,19.961321697737656,True,home,True,0.42
2026-04,data\historical_csv\football-data\2526\E2.csv:508:away,data\historical_csv\football-data\2526\E2.csv:508,data\historical_csv\football-data\2526\E2.csv,508,2026-04-16,E2,Peterboro,Port Vale,away,0.25226691467100676,0.22137023080373833,4.43,4.5,-1.9329877539439266,0.02889668386726843,5,0.0,BFD,4.0-5.0,sportsbook,0.22573363431151244,1.1175424319925598,0.030896683867268432,0.11454805282315346,1.4883995840570443,0.063638596237629,0.37547397086768036,0.2,1.5801354401805856,away:4.0-5.0,away:sportsbook,sportsbook:4.0-5.0,0.48825854452452916,0.2594745408044641,0.25226691467100676,1.0475328190894746,0.48825854452452916,-0.2359916298535224,0.2359916298535224,0.03575783104432654,9.756097560975618,0.06692357096981372,0.04398374587736362,0.03152661119077414,0.012457134686589474,home,6.190972916504709,6.190972916504709,0.18,0.23970874247517993,0.24447274374728495,0.244432950886676,0.9916471767457401,,,0.0,lower_clv,True,0.1739791484811849,5.747815233778694,-22.927237222835096,False,away,True,0.62
2026-04,data\historical_csv\football-data\2526\SP1.csv:329:away,data\historical_csv\football-data\2526\SP1.csv:329,data\historical_csv\football-data\2526\SP1.csv,329,2026-04-26,SP1,Osasuna,Sevilla,away,0.26941540970041017,0.26573684982462575,3.94,4.0,4.700318830902539,0.0016785598757843893,4,0.0,B365,3.0-4.0,sportsbook,0.25380710659898476,1.061496714219616,0.003678559875784415,0.006230378127409071,1.3711807233098425,0.07258466298403987,0.36941721634382596,0.25,1.522842639593902,away:3.0-4.0,away:sportsbook,sportsbook:3.0-4.0,0.44981626447325046,0.2807683258263393,0.26941540970041017,1.069343039513187,0.44981626447325046,-0.1804008547728403,0.1804008547728403,0.004476159668758536,12.676056338028175,0.045497185741088186,0.030294727780266595,0.015147363890133353,0.015147363890133242,home,3.5951331122415464,3.5951331122415464,0.12,0.2629318099295471,0.26280754414552576,0.2628085821156562,0.9916471767457401,,,0.0,lower_clv,True,0.2250876453424612,4.442713852546384,-11.315467735070284,False,home,False,-0.12
2026-05,data\historical_csv\football-data\2526\P1.csv:287:away,data\historical_csv\football-data\2526\P1.csv:287,data\historical_csv\football-data\2526\P1.csv,287,2026-05-03,P1,Sp Braga,Estoril,away,0.21771262542856376,0.21231887465578225,4.822,4.9,2.380161359018196,0.003393750772781498,6,0.0,BMGM,4.0-5.0,sportsbook,0.20738282870178348,1.0498102798165345,0.005393750772781508,0.01558821297616964,1.5731887797589794,0.04739878727099811,0.34250305953608595,0.16666666666666666,1.6175860638739215,away:4.0-5.0,away:sportsbook,sportsbook:4.0-5.0,0.5445239697832418,0.23776340478819447,0.21771262542856376,1.0044476062069392,0.5445239697832418,-0.32681134435467807,0.32681134435467807,0.005651162388037465,8.888888888888902,0.07519964507542132,0.027904496689137304,0.01920069542696573,0.008703801262171573,home,3.918013891878159,3.918013891878159,0.1,0.21550811673968925,0.20591558072359395,0.20599509445051783,0.991710875331565,,,0.0,lower_clv,True,0.17876458867065187,5.593949044585987,-13.799715343011664,False,draw,False,-0.1
2026-05,data\historical_csv\football-data\2526\G1.csv:218:home,data\historical_csv\football-data\2526\G1.csv:218,data\historical_csv\football-data\2526\G1.csv,218,2026-05-10,G1,Volos NFC,Levadeiakos,home,0.36402140863021193,0.3573376150625574,2.8129999999999997,2.85,0.5190711170973916,0.0046837935676545366,7,0.0,BMGM,2.0-3.0,sportsbook,0.3554923569143264,1.0239922224767861,0.006683793567654528,0.012866807986044932,1.0342515295077197,0.13251158594112372,0.37648969864935133,0.14285714285714285,1.315321720583018,home:2.0-3.0,home:sportsbook,sportsbook:2.0-3.0,0.36402140863021193,0.2729723771204906,0.3630062142492974,1.0901293106468333,0.36402140863021193,0.0,0.0010151943809145192,0.006160459222065203,11.764705882352944,0.0794394109063763,0.03896639448371719,0.01948319724185857,0.019483197241858624,home,1.9255470855778718,1.9255470855778718,0.11,0.3623375296323422,0.36556523104988553,0.365538476230443,0.991710875331565,,,0.0,lower_clv,True,0.29304756786485164,3.4124152856343866,-17.565719159617245,False,away,False,-0.11
2026-05,data\historical_csv\football-data\2526\G1.csv:225:home,data\historical_csv\football-data\2526\G1.csv:225,data\historical_csv\football-data\2526\G1.csv,225,2026-05-13,G1,Volos NFC,Aris,home,0.2624762514124746,0.2533154704705338,4.2634,4.33,7.99851768040738,0.007160780941940779,6,0.0,B365,4.0-5.0,sportsbook,0.23455458085096403,1.1190412502719442,0.009160780941940783,0.027281633684594946,1.450066964016957,0.06889378255554458,0.38060814101223855,0.16666666666666666,1.5621335084674337,home:4.0-5.0,home:sportsbook,sportsbook:4.0-5.0,0.2624762514124746,0.28045237009819557,0.4570713784893298,1.065488704166058,0.4570713784893298,-0.19459512707685522,0.19459512707685522,0.012668067818299204,12.467532467532472,0.0670070916411738,0.04603262697332636,0.023016313486663192,0.023016313486663165,away,6.377300000907446,6.377300000907446,0.2,0.24951283013770098,0.2539906922439407,0.253953574686694,0.991710875331565,,,0.0,lower_clv,True,0.29107930137240884,3.435489900123792,24.09874934711278,True,away,False,-0.2
2026-05,data\historical_csv\football-data\2526\SP1.csv:366:away,data\historical_csv\football-data\2526\SP1.csv:366,data\historical_csv\football-data\2526\SP1.csv,366,2026-05-17,SP1,Osasuna,Espanol,away,0.251450285289587,0.24627474317571527,4.1654,4.4,2.5832815224124284,0.0031755421138717427,7,0.05,BFE,4.0-5.0,exchange,0.2400729821865847,1.0473910183452457,0.0051755421138717506,0.012628906386861226,1.4268123094227787,0.0632272459722147,0.35877236225905224,0.14285714285714285,5.632112162097291,away:4.0-5.0,away:exchange,exchange:4.0-5.0,0.4584147701455049,0.2901349445649081,0.251450285289587,1.063700022255199,0.4584147701455049,-0.2069644848559179,0.2069644848559179,0.004282210257834668,11.315789473684234,0.011470840480274358,0.026755001770774084,0.013377500885387028,0.013377500885387056,home,3.1356547295972206,3.1356547295972206,0.1,0.24760084200700347,0.2420653424787132,0.24211122692440526,0.991710875331565,,,0.0,lower_clv,True,0.23313326173442614,4.28939222383098,-2.890671157142133,False,away,True,0.32
2026-05,data\historical_csv\football-data\2526\T1.csv:307:away,data\historical_csv\football-data\2526\T1.csv:307,data\historical_csv\football-data\2526\T1.csv,307,2026-05-17,T1,Trabzonspor,Genclerbirligi,away,0.4353363593042617,0.42395570262182664,2.4210000000000003,2.45,2.6396756047442294,0.009380656682435035,7,0.0,BV,2.0-3.0,sportsbook,0.41305245766212306,1.0539493258756176,0.011380656682435042,0.021548066183644413,0.8841806779559216,0.18951774573228922,0.3849159973085048,0.14285714285714285,1.1978521272201448,away:2.0-3.0,away:sportsbook,sportsbook:2.0-3.0,0.3040693517949138,0.2605942889008246,0.4353363593042617,1.0744806569020688,0.4353363593042617,0.0,0.1312670075093479,0.009380656682435035,9.619686800894867,0.09387755102040818,0.062202030946052755,0.031101015473026322,0.031101015473026433,away,3.041069062199603,3.041069062199603,0.21,0.425613668162741,0.44484922924232617,0.4446897832784702,0.991710875331565,,,0.0,lower_clv,True,0.3864233771816443,2.587835154522586,-6.446900384323895,False,away,True,0.3
