date,month,league,home_team,away_team,outcome,actual_result,odds,odds_bucket,market_probability,market_prob_bucket,favorite_relation,odds_source,won,unit_profit,rule_label,league_prior_matches,league_draw_rate,form_points_diff,form_goal_diff_delta,season_points_per_match_delta,season_goal_diff_per_match_delta,rest_days_delta,lambda_total,lambda_diff,bet_date,season,log_odds,is_draw,is_home,league_prior_matches_scaled,abs_form_points_diff,abs_form_goal_diff_delta,abs_season_points_per_match_delta,abs_season_goal_diff_per_match_delta,predicted_probability,predicted_ev
2017-03-04,2017-03,USA,Real Salt Lake,Toronto FC,home,draw,2.71,"[2.2,2.8)",0.3599418387718441,"[0.34,0.42)",market_favorite,PS_CLOSE,False,-1.0,PS_CLOSE_rulesusa_train30_n120_ev0p02_top1_ridge10_cap0.08|USA,1728,0.256366,-1.6,-2.2,0.313748,0.336629,0.0,2.375411,0.103285,2017-03-04,2017,0.9969486348916096,0.0,1.0,1.728,1.6,2.2,0.313748,0.336629,0.4222550011748081,0.14431105318372994
2017-03-05,2017-03,USA,Houston Dynamo,Seattle Sounders,home,home,2.48,"[2.2,2.8)",0.3938077131993482,"[0.34,0.42)",market_favorite,PS_CLOSE,True,1.48,PS_CLOSE_rulesusa_train30_n120_ev0p02_top1_ridge10_cap0.08|USA,1733,0.25678,-1.6,-1.6,-0.306921,-0.363391,0.0,2.358143,0.034858,2017-03-05,2017,0.9082585601768908,0.0,1.0,1.733,1.6,1.6,0.306921,0.363391,0.4506950234582822,0.11772365817653996
2017-03-06,2017-03,USA,Atlanta Utd,New York Red Bulls,home,away,2.5,"[2.2,2.8)",0.39024390243902446,"[0.34,0.42)",market_favorite,PS_CLOSE,False,-1.0,PS_CLOSE_rulesusa_train30_n120_ev0p02_top1_ridge10_cap0.08|USA,1737,0.256765,-0.8,-0.4,-0.632432,-0.367568,-14.0,2.370553,0.064421,2017-03-06,2017,0.9162907318741551,0.0,1.0,1.737,0.8,0.4,0.632432,0.367568,0.44736048448233234,0.1184012112058308
2017-03-11,2017-03,USA,Philadelphia Union,Toronto FC,home,draw,2.96,"[2.8,3.5)",0.3293542383526701,"[0.28,0.34)",market_non_favorite,PS_CLOSE,False,-1.0,PS_CLOSE_rulesusa_train30_n120_ev0p02_top1_ridge10_cap0.08|USA,1739,0.257044,-1.4,-2.4,0.011889,0.033839,-2.0,2.362737,0.001895,2017-03-11,2017,1.085189268335969,0.0,1.0,1.739,1.4,2.4,0.011889,0.033839,0.39638148546605756,0.17328919697953027
2017-03-12,2017-03,USA,Minnesota United,Atlanta Utd,home,away,2.6,"[2.2,2.8)",0.3752111291957129,"[0.34,0.42)",market_favorite,PS_CLOSE,False,-1.0,PS_CLOSE_rulesusa_train30_n120_ev0p02_top1_ridge10_cap0.08|USA,1742,0.257176,0.0,-3.0,0.0,-3.0,2.0,2.397819,0.282552,2017-03-12,2017,0.9555114450274363,0.0,1.0,1.742,0.0,3.0,0.0,3.0,0.43629466748950135,0.13436613547270349
2017-03-18,2017-03,USA,Vancouver Whitecaps,Toronto FC,home,away,2.52,"[2.2,2.8)",0.3870810332733538,"[0.34,0.42)",market_favorite,PS_CLOSE,False,-1.0,PS_CLOSE_rulesusa_train30_n120_ev0p02_top1_ridge10_cap0.08|USA,1749,0.25729,-0.2,0.2,0.162043,0.201213,-1.0,2.374503,0.096022,2017-03-18,2017,0.9242589015233319,0.0,1.0,1.749,0.2,0.2,0.162043,0.201213,0.44520105374831753,0.12190665544576018
2017-03-19,2017-03,USA,Seattle Sounders,New York Red Bulls,home,home,2.09,"[1.8,2.2)",0.46647366748499247,"[0.42,0.55)",market_favorite,PS_CLOSE,True,1.0899999999999999,PS_CLOSE_rulesusa_train30_n120_ev0p02_top1_ridge10_cap0.08|USA,1754,0.257127,-0.2,-0.2,-0.053309,-0.134748,-1.0,2.391844,0.234752,2017-03-19,2017,0.7371640659767196,0.0,1.0,1.754,0.2,0.2,0.053309,0.134748,0.5124763168164884,0.07107550214646063
2017-03-25,2017-03,USA,Columbus Crew,Portland Timbers,home,home,1.77,"[1.0,1.8)",0.5515814400260018,"[0.55,1.00]",market_favorite,PS_CLOSE,True,0.77,PS_CLOSE_rulesusa_train30_n120_ev0p02_top1_ridge10_cap0.08|USA,1760,0.256818,-1.6,-1.8,-0.087067,-0.092987,1.0,2.37456,0.096477,2017-03-25,2017,0.5709795465857378,0.0,1.0,1.76,1.6,1.8,0.087067,0.092987,0.5818125474784626,0.029808209036878752
2017-04-01,2017-04,USA,New York City,San Jose Earthquakes,home,home,1.81,"[1.8,2.2)",0.5395170371606123,"[0.42,0.55)",market_favorite,PS_CLOSE,True,0.81,PS_CLOSE_rulesusa_train30_n120_ev0p02_top1_ridge10_cap0.08|USA,1763,0.256948,-0.6,-0.6,-0.075773,-0.115303,1.0,2.410144,0.381155,2017-04-01,2017,0.5933268452777344,0.0,1.0,1.763,0.6,0.6,0.075773,0.115303,0.5651236328438499,0.02287377544736846
2017-04-02,2017-04,USA,Minnesota United,Real Salt Lake,home,home,2.76,"[2.2,2.8)",0.3532387085273736,"[0.34,0.42)",market_non_favorite,PS_CLOSE,True,1.7599999999999998,PS_CLOSE_rulesusa_train30_n120_ev0p02_top1_ridge10_cap0.08|USA,1768,0.257919,-0.15,-2.0,-1.217391,-3.119565,0.0,2.39344,0.247524,2017-04-02,2017,1.0152306797290584,0.0,1.0,1.768,0.15,2.0,1.217391,3.119565,0.4131005199088901,0.1401574349485366
2017-04-08,2017-04,USA,DC United,New York City,home,home,2.37,"[2.2,2.8)",0.41112487332507597,"[0.34,0.42)",market_favorite,PS_CLOSE,True,1.37,PS_CLOSE_rulesusa_train30_n120_ev0p02_top1_ridge10_cap0.08|USA,1773,0.257755,-0.6,-1.2,0.007197,-0.003231,-1.0,2.390131,0.221044,2017-04-08,2017,0.8628899551470398,0.0,1.0,1.773,0.6,1.2,0.007197,0.003231,0.4605772452329733,0.09156807120214672
2017-04-09,2017-04,USA,Orlando City,New York Red Bulls,home,home,2.79,"[2.2,2.8)",0.3498975585094858,"[0.34,0.42)",market_non_favorite,PS_CLOSE,True,1.79,PS_CLOSE_rulesusa_train30_n120_ev0p02_top1_ridge10_cap0.08|USA,1777,0.257175,1.0,1.4,-0.344626,-0.553373,1.0,2.371856,0.074845,2017-04-09,2017,1.0260415958332743,0.0,1.0,1.777,1.0,1.4,0.344626,0.553373,0.41045303873307193,0.1451639780652707
2017-04-15,2017-04,USA,Vancouver Whitecaps,Seattle Sounders,home,home,2.88,"[2.8,3.5)",0.33861751152073727,"[0.28,0.34)",market_non_favorite,PS_CLOSE,True,1.88,PS_CLOSE_rulesusa_train30_n120_ev0p02_top1_ridge10_cap0.08|USA,1784,0.257287,-0.4,-1.0,-0.265263,-0.257327,0.0,2.363137,0.005097,2017-04-15,2017,1.0577902941478545,0.0,1.0,1.784,0.4,1.0,0.265263,0.257327,0.4012189143886053,0.15551047343918323
2017-04-16,2017-04,USA,Columbus Crew,Toronto FC,home,home,2.28,"[2.2,2.8)",0.428002581689694,"[0.42,0.55)",market_favorite,PS_CLOSE,True,1.2799999999999998,PS_CLOSE_rulesusa_train30_n120_ev0p02_top1_ridge10_cap0.08|USA,1790,0.256983,0.4,0.0,0.184802,0.186783,1.0,2.374055,0.092437,2017-04-16,2017,0.8241754429663494,0.0,1.0,1.79,0.4,0.0,0.184802,0.186783,0.47388644680204994,0.0804610987086738
2017-04-20,2017-04,USA,New England Revolution,San Jose Earthquakes,home,draw,1.85,"[1.8,2.2)",0.5268134431951442,"[0.42,0.55)",market_favorite,PS_CLOSE,False,-1.0,PS_CLOSE_rulesusa_train30_n120_ev0p02_top1_ridge10_cap0.08|USA,1795,0.256825,0.4,0.4,0.015266,0.032609,0.0,2.404852,0.33882,2017-04-20,2017,0.6151856390902335,0.0,1.0,1.795,0.4,0.4,0.015266,0.032609,0.5547525546130058,0.026292226034060784
2017-04-22,2017-04,USA,Houston Dynamo,San Jose Earthquakes,home,home,2.1,"[1.8,2.2)",0.46413361608159975,"[0.42,0.55)",market_favorite,PS_CLOSE,True,1.1,PS_CLOSE_rulesusa_train30_n120_ev0p02_top1_ridge10_cap0.08|USA,1796,0.257238,0.8,0.6,-0.052968,-0.101604,4.0,2.40135,0.310803,2017-04-22,2017,0.7419373447293773,0.0,1.0,1.796,0.8,0.6,0.052968,0.101604,0.5040085186294777,0.058417889121903155
2017-04-23,2017-04,USA,Minnesota United,Colorado Rapids,home,home,2.42,"[2.2,2.8)",0.4037873612775345,"[0.34,0.42)",market_favorite,PS_CLOSE,True,1.42,PS_CLOSE_rulesusa_train30_n120_ev0p02_top1_ridge10_cap0.08|USA,1800,0.257222,0.2,0.0,-0.519048,-1.55873,0.0,2.391394,0.231152,2017-04-23,2017,0.883767540168595,0.0,1.0,1.8,0.2,0.0,0.519048,1.55873,0.454495020723292,0.0998779501503666
2017-04-29,2017-04,USA,CF Montreal,Vancouver Whitecaps,home,away,1.88,"[1.8,2.2)",0.5219035787427966,"[0.42,0.55)",market_favorite,PS_CLOSE,False,-1.0,PS_CLOSE_rulesusa_train30_n120_ev0p02_top1_ridge10_cap0.08|USA,1807,0.256779,0.0,0.4,-0.041169,-0.112606,0.0,2.409239,0.373908,2017-04-29,2017,0.6312717768418578,0.0,1.0,1.807,0.0,0.4,0.041169,0.112606,0.5509637100997661,0.03581177498756016
2017-04-30,2017-04,USA,Minnesota United,San Jose Earthquakes,home,away,2.6,"[2.2,2.8)",0.37541573699954767,"[0.34,0.42)",market_favorite,PS_CLOSE,False,-1.0,PS_CLOSE_rulesusa_train30_n120_ev0p02_top1_ridge10_cap0.08|USA,1810,0.256354,0.8,0.2,-0.355556,-1.363889,-1.0,2.401681,0.313447,2017-04-30,2017,0.9555114450274363,0.0,1.0,1.81,0.8,0.2,0.355556,1.363889,0.43137901586822436,0.12158544125738335
2017-05-04,2017-05,USA,Toronto FC,Orlando City,draw,home,4.53,"[4.0,5.0)",0.21538859199331928,"[0.20,0.28)",market_non_favorite,PS_CLOSE,False,-1.0,PS_CLOSE_rulesusa_train30_n120_ev0p02_top1_ridge10_cap0.08|USA,1818,0.256876,-0.8,0.0,-0.178739,-0.028829,0.0,2.418171,0.445371,2017-05-04,2017,1.5107219394949427,1.0,0.0,1.818,0.8,0.0,0.178739,0.028829,0.22562558403118163,0.022083895661252795
2017-05-06,2017-05,USA,Colorado Rapids,Vancouver Whitecaps,home,away,2.33,"[2.2,2.8)",0.41892247432918667,"[0.34,0.42)",market_favorite,PS_CLOSE,False,-1.0,PS_CLOSE_rulesusa_train30_n120_ev0p02_top1_ridge10_cap0.08|USA,1820,0.256593,-1.6,-1.2,-0.120879,-0.164835,0.0,2.394774,0.258193,2017-05-06,2017,0.8458682675776092,0.0,1.0,1.82,1.6,1.2,0.120879,0.164835,0.470677618549857,0.09667885122116693
2017-05-07,2017-05,USA,Minnesota United,Sporting Kansas City,home,home,3.45,"[2.8,3.5)",0.28288005142948985,"[0.28,0.34)",market_non_favorite,PS_CLOSE,True,2.45,PS_CLOSE_rulesusa_train30_n120_ev0p02_top1_ridge10_cap0.08|USA,1823,0.256171,-1.0,-1.4,-0.687831,-1.592593,4.0,2.365872,0.026976,2017-05-07,2017,1.2383742310432684,0.0,1.0,1.823,1.0,1.4,0.687831,1.592593,0.3641624628872473,0.25636049696100316
2017-05-11,2017-05,USA,Columbus Crew,Toronto FC,home,away,2.32,"[2.2,2.8)",0.42064682976350587,"[0.42,0.55)",market_favorite,PS_CLOSE,False,-1.0,PS_CLOSE_rulesusa_train30_n120_ev0p02_top1_ridge10_cap0.08|USA,1831,0.255598,-1.2,-1.2,0.15508,0.15508,-1.0,2.368068,0.04454,2017-05-11,2017,0.8415671856782185,0.0,1.0,1.831,1.2,1.2,0.15508,0.15508,0.4722287547105543,0.09557071092848601
2017-05-13,2017-05,USA,Colorado Rapids,San Jose Earthquakes,home,home,2.4,"[2.2,2.8)",0.4065656565656566,"[0.34,0.42)",market_favorite,PS_CLOSE,True,1.4,PS_CLOSE_rulesusa_train30_n120_ev0p02_top1_ridge10_cap0.08|USA,1832,0.255459,-1.6,-1.8,-0.160512,-0.185852,1.0,2.391098,0.228784,2017-05-13,2017,0.8754687373538999,0.0,1.0,1.832,1.6,1.8,0.160512,0.185852,0.4613878772508207,0.10733090540196955
2017-05-14,2017-05,USA,Chicago Fire,Seattle Sounders,home,home,2.32,"[2.2,2.8)",0.4206189234052644,"[0.42,0.55)",market_favorite,PS_CLOSE,True,1.3199999999999998,PS_CLOSE_rulesusa_train30_n120_ev0p02_top1_ridge10_cap0.08|USA,1836,0.254902,0.4,0.0,-0.38847,-0.48512,-1.0,2.350857,0.093141,2017-05-14,2017,0.8415671856782185,0.0,1.0,1.836,0.4,0.0,0.38847,0.48512,0.4721353050485906,0.09535390771273011
2017-05-15,2017-05,USA,FC Dallas,New York City,draw,draw,4.59,"[4.0,5.0)",0.2122677416514192,"[0.20,0.28)",market_non_favorite,PS_CLOSE,True,3.59,PS_CLOSE_rulesusa_train30_n120_ev0p02_top1_ridge10_cap0.08|USA,1842,0.255157,0.4,0.6,0.180329,0.205713,0.0,2.430782,0.546256,2017-05-15,2017,1.5238800240724537,1.0,0.0,1.842,0.4,0.6,0.180329,0.205713,0.22366938017032864,0.026642454981808505
2017-05-18,2017-05,USA,Real Salt Lake,New York City,home,home,2.4,"[2.2,2.8)",0.40430201101042396,"[0.34,0.42)",market_favorite,PS_CLOSE,True,1.4,PS_CLOSE_rulesusa_train30_n120_ev0p02_top1_ridge10_cap0.08|USA,1843,0.255562,-1.4,-3.0,0.095026,0.112827,1.0,2.370169,0.061353,2017-05-18,2017,0.8754687373538999,0.0,1.0,1.843,1.4,3.0,0.095026,0.112827,0.45987853312704746,0.10370847950491391
2017-05-20,2017-05,USA,DC United,Chicago Fire,home,away,2.41,"[2.2,2.8)",0.4049693895465021,"[0.34,0.42)",market_favorite,PS_CLOSE,False,-1.0,PS_CLOSE_rulesusa_train30_n120_ev0p02_top1_ridge10_cap0.08|USA,1848,0.255411,-0.6,-1.6,0.11203,0.087507,4.0,2.400195,0.301563,2017-05-20,2017,0.8796267475025636,0.0,1.0,1.848,0.6,1.6,0.11203,0.087507,0.4601263038857923,0.10890439236475946
2017-05-21,2017-05,USA,Minnesota United,Los Angeles Galaxy,home,away,2.46,"[2.2,2.8)",0.39666025660286647,"[0.34,0.42)",market_favorite,PS_CLOSE,False,-1.0,PS_CLOSE_rulesusa_train30_n120_ev0p02_top1_ridge10_cap0.08|USA,1852,0.2554,0.4,0.6,-0.57868,-1.472081,1.0,2.374207,0.093656,2017-05-21,2017,0.9001613499442714,0.0,1.0,1.852,0.4,0.6,0.57868,1.472081,0.4541253439308188,0.11714834606981439
2017-05-22,2017-05,USA,Orlando City,New York City,home,away,2.11,"[1.8,2.2)",0.46241944019036474,"[0.42,0.55)",market_favorite,PS_CLOSE,False,-1.0,PS_CLOSE_rulesusa_train30_n120_ev0p02_top1_ridge10_cap0.08|USA,1858,0.254575,-0.4,-0.8,-0.004219,-0.128145,0.0,2.392716,0.241726,2017-05-22,2017,0.7466879474879751,0.0,1.0,1.858,0.4,0.8,0.004219,0.128145,0.5034063405636654,0.062187378589333875
2017-05-26,2017-05,USA,Chicago Fire,FC Dallas,home,home,1.85,"[1.8,2.2)",0.5278061886515945,"[0.42,0.55)",market_favorite,PS_CLOSE,True,0.8500000000000001,PS_CLOSE_rulesusa_train30_n120_ev0p02_top1_ridge10_cap0.08|USA,1859,0.254438,0.4,0.6,-0.299766,-0.344869,1.0,2.357176,0.042593,2017-05-26,2017,0.6151856390902335,0.0,1.0,1.859,0.4,0.6,0.299766,0.344869,0.5530887749134431,0.023214233589869737
2017-05-27,2017-05,USA,Toronto FC,Columbus Crew,home,home,2.14,"[1.8,2.2)",0.45564267215382975,"[0.42,0.55)",market_favorite,PS_CLOSE,True,1.1400000000000001,PS_CLOSE_rulesusa_train30_n120_ev0p02_top1_ridge10_cap0.08|USA,1860,0.254301,1.4,0.8,-0.131579,-0.136842,1.0,2.436626,0.593009,2017-05-27,2017,0.7608058290337602,0.0,1.0,1.86,1.4,0.8,0.131579,0.136842,0.49781566051980086,0.06532551351237381
2017-05-28,2017-05,USA,Colorado Rapids,Sporting Kansas City,home,home,2.76,"[2.2,2.8)",0.35391165513571055,"[0.34,0.42)",market_favorite,PS_CLOSE,True,1.7599999999999998,PS_CLOSE_rulesusa_train30_n120_ev0p02_top1_ridge10_cap0.08|USA,1862,0.254028,-0.8,-1.0,-0.355089,-0.426124,0.0,2.369063,0.052505,2017-05-28,2017,1.0152306797290584,0.0,1.0,1.862,0.8,1.0,0.355089,0.426124,0.4219460241083847,0.1645710265391418
2017-06-01,2017-06,USA,New York City,New England Revolution,home,draw,1.93,"[1.8,2.2)",0.5054740274866061,"[0.42,0.55)",market_favorite,PS_CLOSE,False,-1.0,PS_CLOSE_rulesusa_train30_n120_ev0p02_top1_ridge10_cap0.08|USA,1870,0.253476,0.0,0.0,-0.039614,-0.090078,0.0,2.412127,0.397015,2017-06-01,2017,0.6575200029167941,0.0,1.0,1.87,0.0,0.0,0.039614,0.090078,0.5396566323533364,0.04153730044193926
2017-06-03,2017-06,USA,Vancouver Whitecaps,Atlanta Utd,home,home,2.06,"[1.8,2.2)",0.47380234367469465,"[0.42,0.55)",market_favorite,PS_CLOSE,True,1.06,PS_CLOSE_rulesusa_train30_n120_ev0p02_top1_ridge10_cap0.08|USA,1874,0.253469,0.4,0.2,-0.155914,-0.833333,0.0,2.385058,0.180464,2017-06-03,2017,0.7227059828014898,0.0,1.0,1.874,0.4,0.2,0.155914,0.833333,0.5174626435868633,0.06597304578893848
2017-06-04,2017-06,USA,Colorado Rapids,Columbus Crew,home,home,2.45,"[2.2,2.8)",0.39815287950188305,"[0.34,0.42)",market_favorite,PS_CLOSE,True,1.4500000000000002,PS_CLOSE_rulesusa_train30_n120_ev0p02_top1_ridge10_cap0.08|USA,1878,0.252929,0.0,0.4,-0.145332,-0.160706,4.0,2.389862,0.218899,2017-06-04,2017,0.8960880245566357,0.0,1.0,1.878,0.0,0.4,0.145332,0.160706,0.4626138291149241,0.1334038813315641
2017-06-05,2017-06,USA,Orlando City,Chicago Fire,home,draw,2.34,"[2.2,2.8)",0.4172114743162108,"[0.34,0.42)",market_favorite,PS_CLOSE,False,-1.0,PS_CLOSE_rulesusa_train30_n120_ev0p02_top1_ridge10_cap0.08|USA,1883,0.252788,-1.6,-2.0,0.083378,-0.0171,-6.0,2.400223,0.301787,2017-06-05,2017,0.85015092936961,0.0,1.0,1.883,1.6,2.0,0.083378,0.0171,0.47650854912724383,0.1150300049577504
2017-06-11,2017-06,USA,Portland Timbers,FC Dallas,home,home,2.06,"[1.8,2.2)",0.473351182015153,"[0.42,0.55)",market_favorite,PS_CLOSE,True,1.06,PS_CLOSE_rulesusa_train30_n120_ev0p02_top1_ridge10_cap0.08|USA,1886,0.252916,-0.2,-1.4,-0.098153,-0.099603,1.0,2.375709,0.105675,2017-06-11,2017,0.7227059828014898,0.0,1.0,1.886,0.2,1.4,0.098153,0.099603,0.5171645868672498,0.06535904894653455
2017-06-17,2017-06,USA,New York City,Seattle Sounders,home,home,2.02,"[1.8,2.2)",0.4828090709583029,"[0.42,0.55)",market_favorite,PS_CLOSE,True,1.02,PS_CLOSE_rulesusa_train30_n120_ev0p02_top1_ridge10_cap0.08|USA,1888,0.253178,-0.4,0.8,-0.227547,-0.24505,2.0,2.394415,0.255319,2017-06-17,2017,0.7030975114131134,0.0,1.0,1.888,0.4,0.8,0.227547,0.24505,0.5233354839210779,0.05713767752057741
2017-06-18,2017-06,USA,Los Angeles Galaxy,Houston Dynamo,home,draw,2.86,"[2.8,3.5)",0.3411557483597542,"[0.34,0.42)",market_non_favorite,PS_CLOSE,False,-1.0,PS_CLOSE_rulesusa_train30_n120_ev0p02_top1_ridge10_cap0.08|USA,1889,0.253044,1.4,1.4,0.273673,0.561633,1.0,2.424253,0.494024,2017-06-18,2017,1.0508216248317612,0.0,1.0,1.889,1.4,1.4,0.273673,0.561633,0.419082350945406,0.1985755237038611
2017-06-22,2017-06,USA,Minnesota United,Portland Timbers,home,home,3.18,"[2.8,3.5)",0.306568065461865,"[0.28,0.34)",market_non_favorite,PS_CLOSE,True,2.18,PS_CLOSE_rulesusa_train30_n120_ev0p02_top1_ridge10_cap0.08|USA,1899,0.253818,-0.6,-0.8,-0.490136,-1.066327,0.0,2.374144,0.09315,2017-06-22,2017,1.1568811967920856,0.0,1.0,1.899,0.6,0.8,0.490136,1.066327,0.3905560546876103,0.24196825390660082
2017-06-24,2017-06,USA,Houston Dynamo,FC Dallas,home,draw,2.21,"[2.2,2.8)",0.44138439786069955,"[0.42,0.55)",market_favorite,PS_CLOSE,False,-1.0,PS_CLOSE_rulesusa_train30_n120_ev0p02_top1_ridge10_cap0.08|USA,1903,0.25381,0.0,-0.2,-0.195588,-0.230703,0.0,2.36998,0.059843,2017-06-24,2017,0.7929925155296614,0.0,1.0,1.903,0.0,0.2,0.195588,0.230703,0.49417360011147854,0.09212365624636765
2017-06-25,2017-06,USA,Los Angeles Galaxy,Sporting Kansas City,home,away,3.73,"[3.5,4.0)",0.2615144616208743,"[0.20,0.28)",market_non_favorite,PS_CLOSE,False,-1.0,PS_CLOSE_rulesusa_train30_n120_ev0p02_top1_ridge10_cap0.08|USA,1906,0.253935,1.2,1.0,0.035684,0.231341,-4.0,2.408364,0.36691,2017-06-25,2017,1.3164082336557241,0.0,1.0,1.906,1.2,1.0,0.035684,0.231341,0.34836178123492795,0.2993894440062812
2017-06-26,2017-06,USA,Portland Timbers,Seattle Sounders,home,draw,2.2,"[2.2,2.8)",0.44391310288290753,"[0.42,0.55)",market_favorite,PS_CLOSE,False,-1.0,PS_CLOSE_rulesusa_train30_n120_ev0p02_top1_ridge10_cap0.08|USA,1913,0.253528,-0.2,0.6,-0.153805,-0.141985,0.0,2.394645,0.257157,2017-06-26,2017,0.7884573603642703,0.0,1.0,1.913,0.2,0.6,0.153805,0.141985,0.49541138551685754,0.08990504813708666
2017-06-30,2017-06,USA,New York City,Minnesota United,draw,home,6.22,"[5.0,7.0)",0.15705991193526492,"[0.00,0.20)",market_non_favorite,PS_CLOSE,False,-1.0,PS_CLOSE_rulesusa_train30_n120_ev0p02_top1_ridge10_cap0.08|USA,1914,0.253918,0.6,0.8,0.331981,0.823529,1.0,2.430893,0.547142,2017-06-30,2017,1.827769906751088,1.0,0.0,1.914,0.6,0.8,0.331981,0.823529,0.17596607622950142,0.0945089941474988
2017-07-01,2017-07,USA,Real Salt Lake,Orlando City,home,away,2.1,"[1.8,2.2)",0.4642838370565046,"[0.42,0.55)",market_favorite,PS_CLOSE,False,-1.0,PS_CLOSE_rulesusa_train30_n120_ev0p02_top1_ridge10_cap0.08|USA,1915,0.253786,0.0,-1.0,0.148696,0.269439,0.0,2.386836,0.194687,2017-07-01,2017,0.7419373447293773,0.0,1.0,1.915,0.0,1.0,0.148696,0.269439,0.512774012011733,0.07682542522463942
2017-07-02,2017-07,USA,Colorado Rapids,Houston Dynamo,home,home,2.67,"[2.2,2.8)",0.36563917430343423,"[0.34,0.42)",market_favorite,PS_CLOSE,True,1.67,PS_CLOSE_rulesusa_train30_n120_ev0p02_top1_ridge10_cap0.08|USA,1916,0.253653,0.6,-0.6,-0.088,-0.091967,-1.0,2.389232,0.213858,2017-07-02,2017,0.9820784724121582,0.0,1.0,1.916,0.6,0.6,0.088,0.091967,0.4337015536489909,0.15798314824280557
2017-07-05,2017-07,USA,Minnesota United,Columbus Crew,home,away,3.8,"[3.5,4.0)",0.2570332480818414,"[0.20,0.28)",market_non_favorite,PS_CLOSE,False,-1.0,PS_CLOSE_rulesusa_train30_n120_ev0p02_top1_ridge10_cap0.08|USA,1924,0.253119,-0.4,-1.2,-0.352041,-0.868481,2.0,2.391016,0.228129,2017-07-05,2017,1.33500106673234,0.0,1.0,1.924,0.4,1.2,0.352041,0.868481,0.3400706511448953,0.2922684743506021
2017-07-06,2017-07,USA,Orlando City,Toronto FC,home,away,2.8,"[2.8,3.5)",0.34836921181423053,"[0.34,0.42)",market_non_favorite,PS_CLOSE,False,-1.0,PS_CLOSE_rulesusa_train30_n120_ev0p02_top1_ridge10_cap0.08|USA,1929,0.252462,-0.6,-1.4,0.064191,-0.117065,1.0,2.361998,0.004017,2017-07-06,2017,1.0296194171811581,0.0,1.0,1.929,0.6,1.4,0.064191,0.117065,0.4198153708504394,0.17548303838123025
2017-07-07,2017-07,USA,Sporting Kansas City,Philadelphia Union,home,draw,1.74,"[1.0,1.8)",0.5610416225788847,"[0.55,1.00]",market_favorite,PS_CLOSE,False,-1.0,PS_CLOSE_rulesusa_train30_n120_ev0p02_top1_ridge10_cap0.08|USA,1934,0.252327,0.6,0.8,0.366006,0.383941,0.0,2.425376,0.503008,2017-07-07,2017,0.5538851132264376,0.0,1.0,1.934,0.6,0.8,0.366006,0.383941,0.5903433724765835,0.027197468109255274
2017-07-20,2017-07,USA,Minnesota United,Houston Dynamo,home,draw,3.29,"[2.8,3.5)",0.29687977040972097,"[0.28,0.34)",market_non_favorite,PS_CLOSE,False,-1.0,PS_CLOSE_rulesusa_train30_n120_ev0p02_top1_ridge10_cap0.08|USA,1935,0.252713,-0.2,-0.4,-0.367632,-0.814737,1.0,2.382998,0.163983,2017-07-20,2017,1.1908875647772805,0.0,1.0,1.935,0.2,0.4,0.367632,0.814737,0.3775632542391284,0.24218310644673235
2017-07-22,2017-07,USA,Minnesota United,New York Red Bulls,home,away,4.12,"[4.0,5.0)",0.2365050101731829,"[0.20,0.28)",market_non_favorite,PS_CLOSE,False,-1.0,PS_CLOSE_rulesusa_train30_n120_ev0p02_top1_ridge10_cap0.08|USA,1942,0.252832,-0.8,-1.2,-0.672549,-1.178431,0.0,2.364862,0.018893,2017-07-22,2017,1.415853163361435,0.0,1.0,1.942,0.8,1.2,0.672549,1.178431,0.31873730302807907,0.31319768847568574
2017-07-23,2017-07,USA,CF Montreal,FC Dallas,home,away,3.0,"[2.8,3.5)",0.32551097653292954,"[0.28,0.34)",market_non_favorite,PS_CLOSE,False,-1.0,PS_CLOSE_rulesusa_train30_n120_ev0p02_top1_ridge10_cap0.08|USA,1945,0.252442,-0.2,-0.8,-0.218274,-0.279188,-15.0,2.369252,0.054016,2017-07-23,2017,1.0986122886681098,0.0,1.0,1.945,0.2,0.8,0.218274,0.279188,0.40150020782891904,0.20450062348675724
2017-07-24,2017-07,USA,Seattle Sounders,San Jose Earthquakes,home,home,1.91,"[1.8,2.2)",0.5108060663616218,"[0.42,0.55)",market_favorite,PS_CLOSE,True,0.9099999999999999,PS_CLOSE_rulesusa_train30_n120_ev0p02_top1_ridge10_cap0.08|USA,1952,0.252561,0.2,1.2,0.221577,0.255952,0.0,2.43144,0.551518,2017-07-24,2017,0.6471032420585384,0.0,1.0,1.952,0.2,1.2,0.221577,0.255952,0.5501845074257999,0.050852409183277825
2017-07-27,2017-07,USA,Philadelphia Union,Columbus Crew,home,home,2.49,"[2.2,2.8)",0.39185145574732916,"[0.34,0.42)",market_favorite,PS_CLOSE,True,1.4900000000000002,PS_CLOSE_rulesusa_train30_n120_ev0p02_top1_ridge10_cap0.08|USA,1953,0.252432,-0.4,0.2,-0.185441,-0.126025,0.0,2.391857,0.234856,2017-07-27,2017,0.9122827104766164,0.0,1.0,1.953,0.4,0.2,0.185441,0.126025,0.45473037307484865,0.13227862895637332
2017-07-30,2017-07,USA,Minnesota United,DC United,home,home,2.71,"[2.2,2.8)",0.35987387122659104,"[0.34,0.42)",market_non_favorite,PS_CLOSE,True,1.71,PS_CLOSE_rulesusa_train30_n120_ev0p02_top1_ridge10_cap0.08|USA,1955,0.252685,0.4,0.4,-0.383795,-0.788202,1.0,2.402302,0.318413,2017-07-30,2017,0.9969486348916096,0.0,1.0,1.955,0.4,0.4,0.383795,0.788202,0.4290810030990255,0.1628095183983591
2017-08-06,2017-08,USA,Minnesota United,Seattle Sounders,home,away,4.2,"[4.0,5.0)",0.23255638720048225,"[0.20,0.28)",market_non_favorite,PS_CLOSE,False,-1.0,PS_CLOSE_rulesusa_train30_n120_ev0p02_top1_ridge10_cap0.08|USA,1965,0.252926,-1.4,-1.6,-0.584906,-0.953688,0.0,2.360641,0.01487,2017-08-06,2017,1.4350845252893227,0.0,1.0,1.965,1.4,1.6,0.584906,0.953688,0.3078487426103356,0.2929647189634097
2017-08-07,2017-08,USA,Sporting Kansas City,Atlanta Utd,home,draw,2.08,"[1.8,2.2)",0.46891651865008876,"[0.42,0.55)",market_favorite,PS_CLOSE,False,-1.0,PS_CLOSE_rulesusa_train30_n120_ev0p02_top1_ridge10_cap0.08|USA,1975,0.253165,-0.8,-0.8,-0.054691,-0.361622,-1.0,2.403818,0.330541,2017-08-07,2017,0.7323678937132266,0.0,1.0,1.975,0.8,0.8,0.054691,0.361622,0.5117978396123326,0.0645395063936518
2017-08-13,2017-08,USA,Los Angeles Galaxy,New York City,home,away,2.56,"[2.2,2.8)",0.38089480048367597,"[0.34,0.42)",market_favorite,PS_CLOSE,False,-1.0,PS_CLOSE_rulesusa_train30_n120_ev0p02_top1_ridge10_cap0.08|USA,1978,0.253286,-1.2,-1.0,0.136852,0.431805,0.0,2.383003,0.164026,2017-08-13,2017,0.9400072584914712,0.0,1.0,1.978,1.2,1.0,0.136852,0.431805,0.43600822613982226,0.11618105891794506
2017-08-14,2017-08,USA,DC United,Real Salt Lake,home,away,2.21,"[2.2,2.8)",0.44108122971608854,"[0.42,0.55)",market_favorite,PS_CLOSE,False,-1.0,PS_CLOSE_rulesusa_train30_n120_ev0p02_top1_ridge10_cap0.08|USA,1985,0.252897,-1.6,-3.2,-0.160388,-0.236188,0.0,2.38095,0.147598,2017-08-14,2017,0.7929925155296614,0.0,1.0,1.985,1.6,3.2,0.160388,0.236188,0.48792950527271367,0.07832420665269724
2017-08-17,2017-08,USA,CF Montreal,Chicago Fire,home,home,2.4,"[2.2,2.8)",0.40601166442350833,"[0.34,0.42)",market_favorite,PS_CLOSE,True,1.4,PS_CLOSE_rulesusa_train30_n120_ev0p02_top1_ridge10_cap0.08|USA,1986,0.252769,1.0,0.2,0.050726,0.014438,0.0,2.397013,0.276107,2017-08-17,2017,0.8754687373538999,0.0,1.0,1.986,1.0,0.2,0.050726,0.014438,0.4575951321982664,0.09822831727583936
2017-08-19,2017-08,USA,Portland Timbers,New York Red Bulls,home,home,2.03,"[1.8,2.2)",0.4800908809534337,"[0.42,0.55)",market_favorite,PS_CLOSE,True,1.0299999999999998,PS_CLOSE_rulesusa_train30_n120_ev0p02_top1_ridge10_cap0.08|USA,1987,0.252642,-1.0,-3.0,-0.224859,-0.316674,1.0,2.379852,0.138812,2017-08-19,2017,0.7080357930536959,0.0,1.0,1.987,1.0,3.0,0.224859,0.316674,0.521644964729615,0.058939278401118234
2017-08-20,2017-08,USA,Chicago Fire,Toronto FC,home,away,2.76,"[2.2,2.8)",0.3530826112598104,"[0.34,0.42)",market_non_favorite,PS_CLOSE,False,-1.0,PS_CLOSE_rulesusa_train30_n120_ev0p02_top1_ridge10_cap0.08|USA,1988,0.252515,-1.2,-2.2,-0.017375,-0.078913,-5.0,2.363745,0.009964,2017-08-20,2017,1.0152306797290584,0.0,1.0,1.988,1.2,2.2,0.017375,0.078913,0.4121225824937474,0.1374583276827428
2017-08-21,2017-08,USA,Seattle Sounders,Minnesota United,draw,home,7.98,"[7.0,inf)",0.12190944632655644,"[0.00,0.20)",market_non_favorite,PS_CLOSE,False,-1.0,PS_CLOSE_rulesusa_train30_n120_ev0p02_top1_ridge10_cap0.08|USA,1996,0.252505,1.8,2.6,0.641609,1.117229,-6.0,2.45098,0.70784,2017-08-21,2017,2.0769384114617173,1.0,0.0,1.996,1.8,2.6,0.641609,1.117229,0.12924602606329585,0.03138328798510104
2017-08-24,2017-08,USA,DC United,Atlanta Utd,home,home,3.18,"[2.8,3.5)",0.306497469730068,"[0.28,0.34)",market_non_favorite,PS_CLOSE,True,2.18,PS_CLOSE_rulesusa_train30_n120_ev0p02_top1_ridge10_cap0.08|USA,1997,0.252379,-1.4,-2.2,-0.307982,-0.771397,-13.0,2.355599,0.055205,2017-08-24,2017,1.1568811967920856,0.0,1.0,1.997,1.4,2.2,0.307982,0.771397,0.37190934282047267,0.1826717101691031
2017-08-26,2017-08,USA,New York Red Bulls,New York City,home,draw,2.02,"[1.8,2.2)",0.48303447340768113,"[0.42,0.55)",market_favorite,PS_CLOSE,False,-1.0,PS_CLOSE_rulesusa_train30_n120_ev0p02_top1_ridge10_cap0.08|USA,2004,0.252495,-0.6,1.0,0.184689,0.32823,1.0,2.397392,0.279132,2017-08-26,2017,0.7030975114131134,0.0,1.0,2.004,0.6,1.0,0.184689,0.32823,0.5238704203375009,0.05821824908175177
2017-08-27,2017-08,USA,CF Montreal,Toronto FC,home,away,3.15,"[2.8,3.5)",0.3098952142347713,"[0.28,0.34)",market_non_favorite,PS_CLOSE,False,-1.0,PS_CLOSE_rulesusa_train30_n120_ev0p02_top1_ridge10_cap0.08|USA,2005,0.252868,-0.2,-1.4,0.039409,-0.049261,4.0,2.366922,0.035375,2017-08-27,2017,1.1474024528375417,0.0,1.0,2.005,0.2,1.4,0.039409,0.049261,0.3748205089933956,0.180684603329196
2017-08-28,2017-08,USA,Los Angeles Galaxy,San Jose Earthquakes,home,away,2.06,"[1.8,2.2)",0.47331847384292647,"[0.42,0.55)",market_favorite,PS_CLOSE,False,-1.0,PS_CLOSE_rulesusa_train30_n120_ev0p02_top1_ridge10_cap0.08|USA,2012,0.252485,-1.2,-0.4,0.17727,0.478912,0.0,2.412729,0.401831,2017-08-28,2017,0.7227059828014898,0.0,1.0,2.012,1.2,0.4,0.17727,0.478912,0.5154206436951181,0.061766526011943323
2017-09-03,2017-09,USA,CF Montreal,Chicago Fire,home,away,2.13,"[1.8,2.2)",0.4581678212927356,"[0.42,0.55)",market_favorite,PS_CLOSE,False,-1.0,PS_CLOSE_rulesusa_train30_n120_ev0p02_top1_ridge10_cap0.08|USA,2014,0.252731,1.8,2.4,0.080049,0.059321,0.0,2.412024,0.396195,2017-09-03,2017,0.7561219797213337,0.0,1.0,2.014,1.8,2.4,0.080049,0.059321,0.5018249963240297,0.06888724217018316
2017-09-07,2017-09,USA,New York City,Sporting Kansas City,home,home,2.46,"[2.2,2.8)",0.39701327934978015,"[0.34,0.42)",market_favorite,PS_CLOSE,True,1.46,PS_CLOSE_rulesusa_train30_n120_ev0p02_top1_ridge10_cap0.08|USA,2018,0.252725,0.4,-0.4,-0.123476,-0.237703,-6.0,2.403119,0.32495,2017-09-07,2017,0.9001613499442714,0.0,1.0,2.018,0.4,0.4,0.123476,0.237703,0.4472825226111505,0.1003150056234301
2017-09-09,2017-09,USA,Chicago Fire,New York Red Bulls,home,draw,2.17,"[1.8,2.2)",0.4500678054180266,"[0.42,0.55)",market_favorite,PS_CLOSE,False,-1.0,PS_CLOSE_rulesusa_train30_n120_ev0p02_top1_ridge10_cap0.08|USA,2019,0.2526,-0.4,-1.2,-0.373378,-0.497487,0.0,2.379148,0.133187,2017-09-09,2017,0.7747271675523681,0.0,1.0,2.019,0.4,1.2,0.373378,0.497487,0.4947114999040792,0.07352395479185181
2017-09-10,2017-09,USA,Minnesota United,Philadelphia Union,home,draw,2.76,"[2.2,2.8)",0.3536275191897533,"[0.34,0.42)",market_non_favorite,PS_CLOSE,False,-1.0,PS_CLOSE_rulesusa_train30_n120_ev0p02_top1_ridge10_cap0.08|USA,2022,0.25272,0.2,0.2,-0.181818,-0.648485,0.0,2.392151,0.237204,2017-09-10,2017,1.0152306797290584,0.0,1.0,2.022,0.2,0.2,0.181818,0.648485,0.4085646188871832,0.12763834812862562
2017-09-17,2017-09,USA,Los Angeles Galaxy,Toronto FC,home,away,2.88,"[2.8,3.5)",0.33838214596876887,"[0.28,0.34)",market_non_favorite,PS_CLOSE,False,-1.0,PS_CLOSE_rulesusa_train30_n120_ev0p02_top1_ridge10_cap0.08|USA,2033,0.25332,-2.2,-3.6,0.225598,0.402279,-2.0,2.340675,0.1746,2017-09-17,2017,1.0577902941478545,0.0,1.0,2.033,2.2,3.6,0.225598,0.402279,0.3949886407016502,0.13756728522075257
2017-09-23,2017-09,USA,New England Revolution,Toronto FC,home,home,2.33,"[2.2,2.8)",0.41926066099454756,"[0.34,0.42)",market_favorite,PS_CLOSE,True,1.33,PS_CLOSE_rulesusa_train30_n120_ev0p02_top1_ridge10_cap0.08|USA,2045,0.25379,-1.2,-3.2,0.057971,0.0,4.0,2.343354,0.153168,2017-09-23,2017,0.8458682675776092,0.0,1.0,2.045,1.2,3.2,0.057971,0.0,0.46719976682563846,0.08857545670373757
2017-09-24,2017-09,USA,Minnesota United,FC Dallas,home,home,3.92,"[3.5,4.0)",0.24809362885725228,"[0.20,0.28)",market_non_favorite,PS_CLOSE,True,2.92,PS_CLOSE_rulesusa_train30_n120_ev0p02_top1_ridge10_cap0.08|USA,2047,0.25403,0.8,0.4,-0.447378,-0.891994,0.0,2.370266,0.062131,2017-09-24,2017,1.366091653802371,0.0,1.0,2.047,0.8,0.4,0.447378,0.891994,0.3142741310968353,0.23195459389959416
2017-09-28,2017-09,USA,Orlando City,New England Revolution,home,home,2.26,"[2.2,2.8)",0.431924287478676,"[0.42,0.55)",market_favorite,PS_CLOSE,True,1.2599999999999998,PS_CLOSE_rulesusa_train30_n120_ev0p02_top1_ridge10_cap0.08|USA,2056,0.252918,-1.0,-0.8,-0.145703,-0.341542,-2.0,2.384266,0.174126,2017-09-28,2017,0.8153648132841944,0.0,1.0,2.056,1.0,0.8,0.145703,0.341542,0.47851157983582826,0.08143617042897167
2017-09-30,2017-09,USA,Orlando City,FC Dallas,home,draw,2.44,"[2.2,2.8)",0.3999253619943275,"[0.34,0.42)",market_favorite,PS_CLOSE,False,-1.0,PS_CLOSE_rulesusa_train30_n120_ev0p02_top1_ridge10_cap0.08|USA,2064,0.252907,0.4,0.6,-0.240829,-0.383307,0.0,2.378519,0.128153,2017-09-30,2017,0.8919980393051105,0.0,1.0,2.064,0.4,0.6,0.240829,0.383307,0.44992198644703035,0.09780964693075411
2017-10-01,2017-10,USA,Los Angeles Galaxy,Real Salt Lake,home,draw,3.05,"[2.8,3.5)",0.3197946972800191,"[0.28,0.34)",market_non_favorite,PS_CLOSE,False,-1.0,PS_CLOSE_rulesusa_train30_n120_ev0p02_top1_ridge10_cap0.08|USA,2065,0.253269,-2.0,-3.6,0.040132,0.253989,-4.0,2.380617,0.144934,2017-10-01,2017,1.1151415906193203,0.0,1.0,2.065,2.0,3.6,0.040132,0.253989,0.384523542669557,0.1727968051421489
2017-10-08,2017-10,USA,Minnesota United,Sporting Kansas City,home,draw,4.04,"[4.0,5.0)",0.24146200063244444,"[0.20,0.28)",market_non_favorite,PS_CLOSE,False,-1.0,PS_CLOSE_rulesusa_train30_n120_ev0p02_top1_ridge10_cap0.08|USA,2077,0.25325,0.4,0.0,-0.428111,-0.870046,-3.0,2.368645,0.049156,2017-10-08,2017,1.3962446919730587,0.0,1.0,2.077,0.4,0.0,0.428111,0.870046,0.31682660137744684,0.2799794695648852
2017-10-12,2017-10,USA,Houston Dynamo,Sporting Kansas City,home,home,2.08,"[1.8,2.2)",0.46923874340830213,"[0.42,0.55)",market_favorite,PS_CLOSE,True,1.08,PS_CLOSE_rulesusa_train30_n120_ev0p02_top1_ridge10_cap0.08|USA,2079,0.253968,-0.6,-0.6,-0.243182,-0.317245,7.0,2.381887,0.155095,2017-10-12,2017,0.7323678937132266,0.0,1.0,2.079,0.6,0.6,0.243182,0.317245,0.5152038693807184,0.07162404831189417
2017-10-15,2017-10,USA,New England Revolution,New York City,home,home,2.92,"[2.8,3.5)",0.33407974031048526,"[0.28,0.34)",market_non_favorite,PS_CLOSE,True,1.92,PS_CLOSE_rulesusa_train30_n120_ev0p02_top1_ridge10_cap0.08|USA,2080,0.253846,-0.4,-2.6,-0.079272,-0.048459,0.0,2.365298,0.022381,2017-10-15,2017,1.0715836162801904,0.0,1.0,2.08,0.4,2.6,0.079272,0.048459,0.3971980949404511,0.1598184372261171
2017-10-16,2017-10,USA,Colorado Rapids,Real Salt Lake,home,home,3.55,"[3.5,4.0)",0.27476641329033197,"[0.20,0.28)",market_non_favorite,PS_CLOSE,True,2.55,PS_CLOSE_rulesusa_train30_n120_ev0p02_top1_ridge10_cap0.08|USA,2085,0.253717,-1.0,-1.4,-0.264197,-0.297352,-7.0,2.375146,0.101166,2017-10-16,2017,1.2669476034873244,0.0,1.0,2.085,1.0,1.4,0.264197,0.297352,0.3455613534068362,0.22674280459426832
2017-10-22,2017-10,USA,Real Salt Lake,Sporting Kansas City,home,home,2.19,"[1.8,2.2)",0.44594260931176266,"[0.42,0.55)",market_favorite,PS_CLOSE,True,1.19,PS_CLOSE_rulesusa_train30_n120_ev0p02_top1_ridge10_cap0.08|USA,2091,0.253945,0.4,0.4,-0.089202,-0.164319,0.0,2.385161,0.181291,2017-10-22,2017,0.7839015438284094,0.0,1.0,2.091,0.4,0.4,0.089202,0.164319,0.4948855473674542,0.08379934873472461
2017-10-26,2017-10,USA,Chicago Fire,New York Red Bulls,home,away,2.07,"[1.8,2.2)",0.4661389684558228,"[0.42,0.55)",market_favorite,PS_CLOSE,False,-1.0,PS_CLOSE_rulesusa_train30_n120_ev0p02_top1_ridge10_cap0.08|USA,2102,0.253568,-0.2,-0.6,-0.348769,-0.474485,0.0,2.382337,0.158697,2017-10-26,2017,0.7275486072772777,0.0,1.0,2.102,0.2,0.6,0.348769,0.474485,0.5125402049232044,0.06095822419103314
2017-10-27,2017-10,USA,Houston Dynamo,Sporting Kansas City,home,draw,2.18,"[1.8,2.2)",0.44693943646766704,"[0.42,0.55)",market_favorite,PS_CLOSE,False,-1.0,PS_CLOSE_rulesusa_train30_n120_ev0p02_top1_ridge10_cap0.08|USA,2104,0.253327,1.8,1.6,-0.211802,-0.284851,0.0,2.395295,0.262361,2017-10-27,2017,0.7793248768009977,0.0,1.0,2.104,1.8,1.6,0.211802,0.284851,0.4959498926926291,0.08117076606993168
2017-10-30,2017-10,USA,Vancouver Whitecaps,Seattle Sounders,home,draw,2.9,"[2.8,3.5)",0.3375783526931172,"[0.28,0.34)",market_non_favorite,PS_CLOSE,False,-1.0,PS_CLOSE_rulesusa_train30_n120_ev0p02_top1_ridge10_cap0.08|USA,2106,0.254036,-0.4,-0.8,-0.215439,-0.22958,-4.0,2.38294,0.163516,2017-10-30,2017,1.0647107369924282,0.0,1.0,2.106,0.4,0.8,0.215439,0.22958,0.40042802092583907,0.16124126068493316
2017-10-31,2017-10,USA,Houston Dynamo,Portland Timbers,home,draw,2.26,"[2.2,2.8)",0.43147880980453907,"[0.42,0.55)",market_favorite,PS_CLOSE,False,-1.0,PS_CLOSE_rulesusa_train30_n120_ev0p02_top1_ridge10_cap0.08|USA,2108,0.254269,0.4,-0.2,-0.115178,-0.130452,-5.0,2.390996,0.227966,2017-10-31,2017,0.8153648132841944,0.0,1.0,2.108,0.4,0.2,0.115178,0.130452,0.4822876664312425,0.08997012613460798
2017-11-01,2017-11,USA,Columbus Crew,New York City,home,home,2.19,"[1.8,2.2)",0.4451340159370304,"[0.42,0.55)",market_favorite,PS_CLOSE,True,1.19,PS_CLOSE_rulesusa_train30_n120_ev0p02_top1_ridge10_cap0.08|USA,2109,0.254623,1.0,0.8,-0.031567,-0.00508,-5.0,2.391716,0.233729,2017-11-01,2017,0.7839015438284094,0.0,1.0,2.109,1.0,0.8,0.031567,0.00508,0.4959125752570457,0.08604853981293004
2017-11-05,2017-11,USA,Toronto FC,New York Red Bulls,home,away,1.63,"[1.0,1.8)",0.5950816169448157,"[0.55,1.00]",market_favorite,PS_CLOSE,False,-1.0,PS_CLOSE_rulesusa_train30_n120_ev0p02_top1_ridge10_cap0.08|USA,2111,0.254382,0.0,-0.8,-0.28558,-0.334265,0.0,2.427791,0.522326,2017-11-05,2017,0.4885800148186709,0.0,1.0,2.111,0.0,0.8,0.28558,0.334265,0.6260990363056892,0.020541429178273285
2017-11-06,2017-11,USA,Portland Timbers,Houston Dynamo,home,away,1.72,"[1.0,1.8)",0.5657099444736166,"[0.55,1.00]",market_favorite,PS_CLOSE,False,-1.0,PS_CLOSE_rulesusa_train30_n120_ev0p02_top1_ridge10_cap0.08|USA,2113,0.254141,0.2,0.6,0.114629,0.129847,0.0,2.409552,0.376416,2017-11-06,2017,0.5423242908253617,0.0,1.0,2.113,0.2,0.6,0.114629,0.129847,0.6003426465616805,0.032589352086090484
2017-11-22,2017-11,USA,Houston Dynamo,Seattle Sounders,home,away,2.49,"[2.2,2.8)",0.3915693651864643,"[0.34,0.42)",market_favorite,PS_CLOSE,False,-1.0,PS_CLOSE_rulesusa_train30_n120_ev0p02_top1_ridge10_cap0.08|USA,2114,0.254021,-0.2,-0.6,-0.271495,-0.311034,-3.0,2.37947,0.135758,2017-11-22,2017,0.9122827104766164,0.0,1.0,2.114,0.2,0.6,0.271495,0.311034,0.4493269344388821,0.11882406675281665
2017-12-09,2017-12,USA,Toronto FC,Seattle Sounders,home,home,1.82,"[1.8,2.2)",0.5363353686451007,"[0.42,0.55)",market_favorite,PS_CLOSE,True,0.8200000000000001,PS_CLOSE_rulesusa_train30_n120_ev0p02_top1_ridge10_cap0.08|USA,2118,0.254013,-1.0,-1.8,-0.293105,-0.279906,1.0,2.40974,0.377924,2017-12-09,2017,0.598836501088704,0.0,1.0,2.118,1.0,1.8,0.293105,0.279906,0.5742843201058554,0.04519746259265678
2018-03-03,2018-03,USA,Houston Dynamo,Atlanta Utd,home,home,2.57,"[2.2,2.8)",0.3798743464169154,"[0.34,0.42)",market_favorite,PS_CLOSE,True,1.5699999999999998,PS_CLOSE_rulesusa_train30_n120_ev0p02_top1_ridge10_cap0.08|USA,2119,0.253893,0.2,-0.6,-0.281818,-0.916234,0.0,2.378857,0.130853,2018-03-03,2018,0.9439058989071284,0.0,1.0,2.119,0.2,0.6,0.281818,0.916234,0.42908855514355887,0.1027575867189463
2018-03-04,2018-03,USA,Orlando City,DC United,home,draw,2.38,"[2.2,2.8)",0.40985114817862217,"[0.34,0.42)",market_favorite,PS_CLOSE,False,-1.0,PS_CLOSE_rulesusa_train30_n120_ev0p02_top1_ridge10_cap0.08|USA,2121,0.253654,0.0,-0.2,-0.060015,-0.137072,0.0,2.407165,0.357322,2018-03-04,2018,0.8671004876833833,0.0,1.0,2.121,0.0,0.2,0.060015,0.137072,0.45581855801259547,0.08484816806997708
2018-03-05,2018-03,USA,Sporting Kansas City,New York City,home,away,2.13,"[1.8,2.2)",0.4581070638424,"[0.42,0.55)",market_favorite,PS_CLOSE,False,-1.0,PS_CLOSE_rulesusa_train30_n120_ev0p02_top1_ridge10_cap0.08|USA,2127,0.253879,-0.4,0.0,0.110355,0.232427,0.0,2.394644,0.257156,2018-03-05,2018,0.7561219797213337,0.0,1.0,2.127,0.4,0.0,0.110355,0.232427,0.49668186378002666,0.057932369851456667
2018-03-10,2018-03,USA,Chicago Fire,Sporting Kansas City,home,away,2.64,"[2.2,2.8)",0.3694863793539681,"[0.34,0.42)",market_favorite,PS_CLOSE,False,-1.0,PS_CLOSE_rulesusa_train30_n120_ev0p02_top1_ridge10_cap0.08|USA,2129,0.25364,1.0,0.2,-0.275351,-0.386821,16.0,2.386881,0.195051,2018-03-10,2018,0.9707789171582248,0.0,1.0,2.129,1.0,0.2,0.275351,0.386821,0.4209008978056022,0.11117837020678989
2018-03-11,2018-03,USA,New York Red Bulls,Portland Timbers,home,home,2.43,"[2.2,2.8)",0.4016575581046183,"[0.34,0.42)",market_favorite,PS_CLOSE,True,1.4300000000000002,PS_CLOSE_rulesusa_train30_n120_ev0p02_top1_ridge10_cap0.08|USA,2134,0.253046,0.6,0.4,0.188649,0.27301,15.0,2.415404,0.423229,2018-03-11,2018,0.8878912573524571,0.0,1.0,2.134,0.6,0.4,0.188649,0.27301,0.44948456132415665,0.09224748401770078
2018-03-17,2018-03,USA,CF Montreal,Toronto FC,home,home,2.93,"[2.8,3.5)",0.33323742512620647,"[0.28,0.34)",market_non_favorite,PS_CLOSE,True,1.9300000000000002,PS_CLOSE_rulesusa_train30_n120_ev0p02_top1_ridge10_cap0.08|USA,2138,0.252572,-1.4,-1.0,-0.057464,-0.148709,-7.0,2.34447,0.144239,2018-03-17,2018,1.075002423028976,0.0,1.0,2.138,1.4,1.0,0.057464,0.148709,0.3890743555037974,0.1399878616261263
2018-03-18,2018-03,USA,Real Salt Lake,New York Red Bulls,home,home,2.14,"[1.8,2.2)",0.45565349490381735,"[0.42,0.55)",market_favorite,PS_CLOSE,True,1.1400000000000001,PS_CLOSE_rulesusa_train30_n120_ev0p02_top1_ridge10_cap0.08|USA,2144,0.252799,-1.4,-2.6,-0.16513,-0.298269,1.0,2.365755,0.026037,2018-03-18,2018,0.7608058290337602,0.0,1.0,2.144,1.4,2.6,0.16513,0.298269,0.493228906171594,0.05550985920721119
2018-03-24,2018-03,USA,New York Red Bulls,Minnesota United,draw,home,6.66,"[5.0,7.0)",0.14606386342080305,"[0.00,0.20)",market_non_favorite,PS_CLOSE,False,-1.0,PS_CLOSE_rulesusa_train30_n120_ev0p02_top1_ridge10_cap0.08|USA,2147,0.252445,0.6,2.0,0.476472,0.956202,-1.0,2.443414,0.64731,2018-03-24,2018,1.8961194845522977,1.0,0.0,2.147,0.6,2.0,0.476472,0.956202,0.16519476949103323,0.10019716481028129
2018-03-25,2018-03,USA,Colorado Rapids,Sporting Kansas City,home,draw,3.26,"[2.8,3.5)",0.29895408318616407,"[0.28,0.34)",market_non_favorite,PS_CLOSE,False,-1.0,PS_CLOSE_rulesusa_train30_n120_ev0p02_top1_ridge10_cap0.08|USA,2151,0.252906,0.0,-0.2,-0.346046,-0.45758,8.0,2.36407,0.012562,2018-03-25,2018,1.1817271953786161,0.0,1.0,2.151,0.0,0.2,0.346046,0.45758,0.36066190642179746,0.1757578149350596
2018-03-31,2018-03,USA,Chicago Fire,Portland Timbers,home,draw,2.18,"[1.8,2.2)",0.44816226411058147,"[0.42,0.55)",market_favorite,PS_CLOSE,False,-1.0,PS_CLOSE_rulesusa_train30_n120_ev0p02_top1_ridge10_cap0.08|USA,2153,0.2536,0.2,-0.4,-0.17514,-0.222822,7.0,2.382763,0.162104,2018-03-31,2018,0.7793248768009977,0.0,1.0,2.153,0.2,0.4,0.17514,0.222822,0.4878293344870136,0.06346794918168963
2018-04-01,2018-04,USA,Minnesota United,Atlanta Utd,home,away,3.64,"[3.5,4.0)",0.26801517067003794,"[0.20,0.28)",market_non_favorite,PS_CLOSE,False,-1.0,PS_CLOSE_rulesusa_train30_n120_ev0p02_top1_ridge10_cap0.08|USA,2158,0.253475,-0.4,-0.8,-0.526316,-1.473684,-7.0,2.357262,0.041903,2018-04-01,2018,1.2919836816486494,0.0,1.0,2.158,0.4,0.8,0.526316,1.473684,0.3274162874386486,0.19179528627668097
2018-04-07,2018-04,USA,Atlanta Utd,Los Angeles FC,draw,home,4.73,"[4.0,5.0)",0.20661214443099032,"[0.20,0.28)",market_non_favorite,PS_CLOSE,False,-1.0,PS_CLOSE_rulesusa_train30_n120_ev0p02_top1_ridge10_cap0.08|USA,2164,0.252773,0.0,-0.933333,-0.333333,-0.512821,-1.0,2.417765,0.442121,2018-04-07,2018,1.5539252025038417,1.0,0.0,2.164,0.0,0.933333,0.333333,0.512821,0.2200393086896722,0.04078593010214959
2018-04-08,2018-04,USA,Chicago Fire,Columbus Crew,home,home,2.55,"[2.2,2.8)",0.38257822900913063,"[0.34,0.42)",market_favorite,PS_CLOSE,True,1.5499999999999998,PS_CLOSE_rulesusa_train30_n120_ev0p02_top1_ridge10_cap0.08|USA,2166,0.252539,-1.8,-2.6,-0.158956,-0.194354,0.0,2.372664,0.081315,2018-04-08,2018,0.9360933591703348,0.0,1.0,2.166,1.8,2.6,0.158956,0.194354,0.428249171799083,0.09203538808766165
2018-04-09,2018-04,USA,Los Angeles Galaxy,Sporting Kansas City,home,away,2.29,"[2.2,2.8)",0.4255366174406654,"[0.42,0.55)",market_favorite,PS_CLOSE,False,-1.0,PS_CLOSE_rulesusa_train30_n120_ev0p02_top1_ridge10_cap0.08|USA,2171,0.252879,-0.6,-0.8,-0.038788,0.092424,1.0,2.375508,0.104063,2018-04-09,2018,0.8285518175661483,0.0,1.0,2.171,0.6,0.8,0.038788,0.092424,0.4666301115426387,0.0685829554326427
2018-04-12,2018-04,USA,New York City,Real Salt Lake,draw,home,4.83,"[4.0,5.0)",0.20212808037656735,"[0.20,0.28)",market_non_favorite,PS_CLOSE,False,-1.0,PS_CLOSE_rulesusa_train30_n120_ev0p02_top1_ridge10_cap0.08|USA,2172,0.252762,1.2,2.0,0.01629,-0.00543,7.0,2.428264,0.526113,2018-04-12,2018,1.5748464676644813,1.0,0.0,2.172,1.2,2.0,0.01629,0.00543,0.21227052756159373,0.02526664812249768
2018-04-14,2018-04,USA,Chicago Fire,Los Angeles Galaxy,home,away,2.45,"[2.2,2.8)",0.39838591342626556,"[0.34,0.42)",market_favorite,PS_CLOSE,False,-1.0,PS_CLOSE_rulesusa_train30_n120_ev0p02_top1_ridge10_cap0.08|USA,2173,0.252646,-0.6,-0.8,-0.252381,-0.480152,1.0,2.407735,0.361881,2018-04-14,2018,0.8960880245566357,0.0,1.0,2.173,0.6,0.8,0.252381,0.480152,0.44392027693295083,0.08760467848572961
2018-04-15,2018-04,USA,DC United,Columbus Crew,home,home,2.89,"[2.8,3.5)",0.33786366451485433,"[0.28,0.34)",market_non_favorite,PS_CLOSE,True,1.8900000000000001,PS_CLOSE_rulesusa_train30_n120_ev0p02_top1_ridge10_cap0.08|USA,2178,0.252066,-1.0,-1.2,-0.136184,-0.241639,7.0,2.352162,0.082702,2018-04-15,2018,1.0612565021243408,0.0,1.0,2.178,1.0,1.2,0.136184,0.241639,0.3888512712504761,0.12378017391387597
2018-04-21,2018-04,USA,CF Montreal,Los Angeles FC,home,away,2.38,"[2.2,2.8)",0.40923118207433257,"[0.34,0.42)",market_favorite,PS_CLOSE,False,-1.0,PS_CLOSE_rulesusa_train30_n120_ev0p02_top1_ridge10_cap0.08|USA,2184,0.252747,-0.6,-1.2,-0.530594,-0.350685,0.0,2.379971,0.139766,2018-04-21,2018,0.8671004876833833,0.0,1.0,2.184,0.6,1.2,0.530594,0.350685,0.4525674117630125,0.07711043999596967
2018-04-22,2018-04,USA,Portland Timbers,New York City,home,home,2.25,"[2.2,2.8)",0.4334423877482256,"[0.42,0.55)",market_favorite,PS_CLOSE,True,1.25,PS_CLOSE_rulesusa_train30_n120_ev0p02_top1_ridge10_cap0.08|USA,2188,0.252285,-1.2,-2.2,-0.072311,-0.038787,0.0,2.374501,0.096006,2018-04-22,2018,0.8109302162163288,0.0,1.0,2.188,1.2,2.2,0.072311,0.038787,0.4732902113105158,0.06490297544866053
2018-04-28,2018-04,USA,Atlanta Utd,CF Montreal,draw,home,6.5,"[5.0,7.0)",0.15013309015625773,"[0.00,0.20)",market_non_favorite,PS_CLOSE,False,-1.0,PS_CLOSE_rulesusa_train30_n120_ev0p02_top1_ridge10_cap0.08|USA,2195,0.251936,1.4,3.4,0.450649,1.087662,-1.0,2.44834,0.686722,2018-04-28,2018,1.8718021769015913,1.0,0.0,2.195,1.4,3.4,0.450649,1.087662,0.16847387507332334,0.09508018797660167
2018-04-29,2018-04,USA,Minnesota United,Houston Dynamo,home,home,2.71,"[2.2,2.8)",0.36008249672142784,"[0.34,0.42)",market_non_favorite,PS_CLOSE,True,1.71,PS_CLOSE_rulesusa_train30_n120_ev0p02_top1_ridge10_cap0.08|USA,2199,0.251933,-0.4,-1.4,-0.294194,-0.671919,-1.0,2.368893,0.051147,2018-04-29,2018,0.9969486348916096,0.0,1.0,2.199,0.4,1.4,0.294194,0.671919,0.4079286366801196,0.10548660540312405
2018-04-30,2018-04,USA,Los Angeles FC,Seattle Sounders,home,home,1.81,"[1.8,2.2)",0.5397402147247513,"[0.42,0.55)",market_favorite,PS_CLOSE,True,0.81,PS_CLOSE_rulesusa_train30_n120_ev0p02_top1_ridge10_cap0.08|USA,2205,0.251247,1.0,1.0,0.410256,0.235043,1.0,2.388784,0.210269,2018-04-30,2018,0.5933268452777344,0.0,1.0,2.205,1.0,1.0,0.410256,0.235043,0.5675388626689091,0.027245341430725434
2018-05-05,2018-05,USA,Minnesota United,Vancouver Whitecaps,home,home,2.29,"[2.2,2.8)",0.4237939865455116,"[0.42,0.55)",market_favorite,PS_CLOSE,True,1.29,PS_CLOSE_rulesusa_train30_n120_ev0p02_top1_ridge10_cap0.08|USA,2206,0.251133,-0.6,0.0,-0.305844,-0.662121,-1.0,2.376606,0.112851,2018-05-05,2018,0.8285518175661483,0.0,1.0,2.206,0.6,0.0,0.305844,0.662121,0.45845094824320615,0.049852671476942056
2018-05-06,2018-05,USA,Chicago Fire,Atlanta Utd,home,away,3.2,"[2.8,3.5)",0.305121979419586,"[0.28,0.34)",market_non_favorite,PS_CLOSE,False,-1.0,PS_CLOSE_rulesusa_train30_n120_ev0p02_top1_ridge10_cap0.08|USA,2212,0.251356,-1.0,-2.0,-0.49536,-1.131674,0.0,2.358594,0.031246,2018-05-06,2018,1.1631508098056809,0.0,1.0,2.212,1.0,2.0,0.49536,1.131674,0.3489508150021033,0.11664260800673065
2018-05-10,2018-05,USA,Los Angeles FC,Minnesota United,draw,home,6.25,"[5.0,7.0)",0.15466859073169134,"[0.00,0.20)",market_non_favorite,PS_CLOSE,False,-1.0,PS_CLOSE_rulesusa_train30_n120_ev0p02_top1_ridge10_cap0.08|USA,2217,0.250789,0.8,0.4,0.883721,1.127907,0.0,2.433548,0.568386,2018-05-10,2018,1.8325814637483102,1.0,0.0,2.217,0.8,0.4,0.883721,1.127907,0.17083859187175948,0.06774119919849686
2018-05-12,2018-05,USA,Vancouver Whitecaps,Houston Dynamo,home,draw,2.28,"[2.2,2.8)",0.424315433788592,"[0.42,0.55)",market_favorite,PS_CLOSE,False,-1.0,PS_CLOSE_rulesusa_train30_n120_ev0p02_top1_ridge10_cap0.08|USA,2222,0.250225,-0.8,-2.0,0.050865,0.026038,1.0,2.393579,0.248632,2018-05-12,2018,0.8241754429663494,0.0,1.0,2.222,0.8,2.0,0.050865,0.026038,0.4593591098371401,0.0473387704286794
2018-05-13,2018-05,USA,Colorado Rapids,New York Red Bulls,home,away,3.29,"[2.8,3.5)",0.294387677348132,"[0.28,0.34)",market_non_favorite,PS_CLOSE,False,-1.0,PS_CLOSE_rulesusa_train30_n120_ev0p02_top1_ridge10_cap0.08|USA,2226,0.250225,-1.0,-1.6,-0.428191,-0.598938,-1.0,2.347928,0.11658,2018-05-13,2018,1.1908875647772805,0.0,1.0,2.226,1.0,1.6,0.428191,0.598938,0.3394608559540734,0.11682621608890154
2018-05-14,2018-05,USA,Los Angeles FC,New York City,home,draw,2.1,"[1.8,2.2)",0.46098370473885153,"[0.42,0.55)",market_favorite,PS_CLOSE,False,-1.0,PS_CLOSE_rulesusa_train30_n120_ev0p02_top1_ridge10_cap0.08|USA,2232,0.249552,1.2,1.6,0.636973,0.614943,-5.0,2.393251,0.246005,2018-05-14,2018,0.7419373447293773,0.0,1.0,2.232,1.2,1.6,0.636973,0.614943,0.4938286703550709,0.03704020774564887
2018-05-19,2018-05,USA,Portland Timbers,Los Angeles FC,home,home,2.14,"[1.8,2.2)",0.45211344511985657,"[0.42,0.55)",market_favorite,PS_CLOSE,True,1.1400000000000001,PS_CLOSE_rulesusa_train30_n120_ev0p02_top1_ridge10_cap0.08|USA,2234,0.250224,0.2,-0.0,-0.564444,-0.52,1.0,2.39888,0.291039,2018-05-19,2018,0.7608058290337602,0.0,1.0,2.234,0.2,0.0,0.564444,0.52,0.48524915593944257,0.03843319371040721
2018-05-20,2018-05,USA,Minnesota United,Sporting Kansas City,home,draw,3.88,"[3.5,4.0)",0.2493270524899058,"[0.20,0.28)",market_non_favorite,PS_CLOSE,False,-1.0,PS_CLOSE_rulesusa_train30_n120_ev0p02_top1_ridge10_cap0.08|USA,2238,0.250223,-0.8,-2.4,-0.49528,-0.96765,-2.0,2.348201,0.114391,2018-05-20,2018,1.355835153635182,0.0,1.0,2.238,0.8,2.4,0.49528,0.96765,0.29840944833135097,0.15782865952564173
2018-05-21,2018-05,USA,CF Montreal,Los Angeles Galaxy,home,away,2.58,"[2.2,2.8)",0.37481062747314864,"[0.34,0.42)",market_favorite,PS_CLOSE,False,-1.0,PS_CLOSE_rulesusa_train30_n120_ev0p02_top1_ridge10_cap0.08|USA,2243,0.250111,0.0,-0.4,-0.226055,-0.472808,0.0,2.400195,0.30156,2018-05-21,2018,0.9477893989335261,0.0,1.0,2.243,0.0,0.4,0.226055,0.472808,0.4134560728384825,0.0667166679232849
2018-05-26,2018-05,USA,Houston Dynamo,New York City,home,home,2.12,"[1.8,2.2)",0.4568880504223299,"[0.42,0.55)",market_favorite,PS_CLOSE,True,1.12,PS_CLOSE_rulesusa_train30_n120_ev0p02_top1_ridge10_cap0.08|USA,2245,0.249889,0.6,1.2,-0.156964,-0.115181,-1.0,2.382173,0.157387,2018-05-26,2018,0.7514160886839212,0.0,1.0,2.245,0.6,1.2,0.156964,0.115181,0.48920963955428337,0.03712443585508085
2018-05-27,2018-05,USA,Colorado Rapids,Portland Timbers,home,away,2.61,"[2.2,2.8)",0.36770182439689847,"[0.34,0.42)",market_favorite,PS_CLOSE,False,-1.0,PS_CLOSE_rulesusa_train30_n120_ev0p02_top1_ridge10_cap0.08|USA,2250,0.249778,-3.0,-3.4,-0.259829,-0.316948,0.0,2.357543,0.039655,2018-05-27,2018,0.959350221334602,0.0,1.0,2.25,3.0,3.4,0.259829,0.316948,0.40662105999431114,0.06128096658515192
2018-05-31,2018-05,USA,Real Salt Lake,Houston Dynamo,home,home,2.46,"[2.2,2.8)",0.3931587458449376,"[0.34,0.42)",market_favorite,PS_CLOSE,True,1.46,PS_CLOSE_rulesusa_train30_n120_ev0p02_top1_ridge10_cap0.08|USA,2256,0.250443,-0.8,-1.6,0.122419,0.061468,0.0,2.380241,0.14193,2018-05-31,2018,0.9001613499442714,0.0,1.0,2.256,0.8,1.6,0.122419,0.061468,0.4300444698573263,0.05790939584902266
2018-06-02,2018-06,USA,Colorado Rapids,Vancouver Whitecaps,home,away,2.24,"[2.2,2.8)",0.43159918621028853,"[0.42,0.55)",market_favorite,PS_CLOSE,False,-1.0,PS_CLOSE_rulesusa_train30_n120_ev0p02_top1_ridge10_cap0.08|USA,2260,0.250442,-0.8,-1.4,-0.187172,-0.227475,-1.0,2.374778,0.09822,2018-06-02,2018,0.8064758658669485,0.0,1.0,2.26,0.8,1.4,0.187172,0.227475,0.4562363740252169,0.02196947781648584
2018-06-03,2018-06,USA,New England Revolution,New York Red Bulls,home,home,2.84,"[2.8,3.5)",0.3411220603349253,"[0.34,0.42)",market_non_favorite,PS_CLOSE,True,1.8399999999999999,PS_CLOSE_rulesusa_train30_n120_ev0p02_top1_ridge10_cap0.08|USA,2262,0.250663,-1.6,-2.0,-0.248679,-0.390405,-4.0,2.362839,0.002714,2018-06-03,2018,1.0438040521731147,0.0,1.0,2.262,1.6,2.0,0.248679,0.390405,0.37099354451830135,0.053621666431975745
2018-06-04,2018-06,USA,Sporting Kansas City,Minnesota United,draw,home,5.46,"[5.0,7.0)",0.17717126156395266,"[0.00,0.20)",market_non_favorite,PS_CLOSE,False,-1.0,PS_CLOSE_rulesusa_train30_n120_ev0p02_top1_ridge10_cap0.08|USA,2270,0.25022,0.2,0.6,0.450635,0.893337,0.0,2.446373,0.670981,2018-06-04,2018,1.6974487897568136,1.0,0.0,2.27,0.2,0.6,0.450635,0.893337,0.1876576383852618,0.024610705583529402
2018-06-09,2018-06,USA,New York City,Atlanta Utd,home,draw,2.3,"[2.2,2.8)",0.42134196351384307,"[0.42,0.55)",market_favorite,PS_CLOSE,False,-1.0,PS_CLOSE_rulesusa_train30_n120_ev0p02_top1_ridge10_cap0.08|USA,2271,0.25011,0.0,0.4,-0.251361,-0.765476,0.0,2.394235,0.253877,2018-06-09,2018,0.8329091229351039,0.0,1.0,2.271,0.0,0.4,0.251361,0.765476,0.446847887028313,0.027750140165119896
2018-06-10,2018-06,USA,San Jose Earthquakes,Los Angeles FC,home,away,2.7,"[2.2,2.8)",0.35857734869529584,"[0.34,0.42)",market_non_favorite,PS_CLOSE,False,-1.0,PS_CLOSE_rulesusa_train30_n120_ev0p02_top1_ridge10_cap0.08|USA,2274,0.25066,-0.2,-0.4,-0.297203,-0.453147,0.0,2.357928,0.036577,2018-06-10,2018,0.9932517730102834,0.0,1.0,2.274,0.2,0.4,0.297203,0.453147,0.3874006845715048,0.04598184834306296
2018-06-14,2018-06,USA,Colorado Rapids,Chicago Fire,home,draw,2.19,"[1.8,2.2)",0.44236835452776896,"[0.42,0.55)",market_favorite,PS_CLOSE,False,-1.0,PS_CLOSE_rulesusa_train30_n120_ev0p02_top1_ridge10_cap0.08|USA,2282,0.250657,-1.4,-1.6,-0.082202,-0.080327,0.0,2.379396,0.135166,2018-06-14,2018,0.7839015438284094,0.0,1.0,2.282,1.4,1.6,0.082202,0.080327,0.46640731682939046,0.021432023856365
2018-06-24,2018-06,USA,Los Angeles FC,Columbus Crew,home,home,2.37,"[2.2,2.8)",0.4081635741744105,"[0.34,0.42)",market_favorite,PS_CLOSE,True,1.37,PS_CLOSE_rulesusa_train30_n120_ev0p02_top1_ridge10_cap0.08|USA,2290,0.251092,-0.2,0.0,0.315144,0.318516,4.0,2.397622,0.28098,2018-06-24,2018,0.8628899551470398,0.0,1.0,2.29,0.2,0.0,0.315144,0.318516,0.4346887533842317,0.030212345520629125
2018-06-30,2018-06,USA,Minnesota United,FC Dallas,home,away,3.2,"[2.8,3.5)",0.302665716112626,"[0.28,0.34)",market_non_favorite,PS_CLOSE,False,-1.0,PS_CLOSE_rulesusa_train30_n120_ev0p02_top1_ridge10_cap0.08|USA,2298,0.251523,-1.6,-1.2,-0.447547,-0.796276,-1.0,2.354865,0.061083,2018-06-30,2018,1.1631508098056809,0.0,1.0,2.298,1.6,1.2,0.447547,0.796276,0.3350196441277657,0.0720628612088503
2018-07-01,2018-07,USA,CF Montreal,Sporting Kansas City,home,home,2.89,"[2.8,3.5)",0.33457650520859444,"[0.28,0.34)",market_non_favorite,PS_CLOSE,True,1.8900000000000001,PS_CLOSE_rulesusa_train30_n120_ev0p02_top1_ridge10_cap0.08|USA,2300,0.251304,0.0,-0.4,-0.30623,-0.455261,0.0,2.354684,0.062525,2018-07-01,2018,1.0612565021243408,0.0,1.0,2.3,0.0,0.4,0.30623,0.455261,0.35735696297905833,0.03276162300947871
2018-07-05,2018-07,USA,Minnesota United,Toronto FC,home,home,2.83,"[2.8,3.5)",0.34191530135357256,"[0.34,0.42)",market_non_favorite,PS_CLOSE,True,1.83,PS_CLOSE_rulesusa_train30_n120_ev0p02_top1_ridge10_cap0.08|USA,2310,0.251082,-0.2,-0.6,-0.261724,-0.67569,1.0,2.349492,0.10406,2018-07-05,2018,1.0402767116551463,0.0,1.0,2.31,0.2,0.6,0.261724,0.67569,0.3643978081604024,0.03124579709393882
2018-07-09,2018-07,USA,New York City,New York Red Bulls,home,home,2.46,"[2.2,2.8)",0.39343376342633246,"[0.34,0.42)",market_favorite,PS_CLOSE,True,1.46,PS_CLOSE_rulesusa_train30_n120_ev0p02_top1_ridge10_cap0.08|USA,2325,0.250753,-0.6,-0.6,-0.158981,-0.31393,0.0,2.381836,0.154688,2018-07-09,2018,0.9001613499442714,0.0,1.0,2.325,0.6,0.6,0.158981,0.31393,0.41516409731425025,0.021303679393055663
2018-07-15,2018-07,USA,Colorado Rapids,Houston Dynamo,home,draw,2.92,"[2.8,3.5)",0.3317125232622206,"[0.28,0.34)",market_non_favorite,PS_CLOSE,False,-1.0,PS_CLOSE_rulesusa_train30_n120_ev0p02_top1_ridge10_cap0.08|USA,2328,0.25043,0.0,-0.6,-0.157308,-0.229633,0.0,2.360311,0.017511,2018-07-15,2018,1.0715836162801904,0.0,1.0,2.328,0.0,0.6,0.157308,0.229633,0.35456211536920734,0.03532137687808534
2018-07-22,2018-07,USA,Columbus Crew,Orlando City,draw,home,5.52,"[5.0,7.0)",0.17565872020075282,"[0.00,0.20)",market_non_favorite,PS_CLOSE,False,-1.0,PS_CLOSE_rulesusa_train30_n120_ev0p02_top1_ridge10_cap0.08|USA,2342,0.250213,0.0,0.4,0.181574,0.413397,0.0,2.435799,0.586394,2018-07-22,2018,1.7083778602890038,1.0,0.0,2.342,0.0,0.4,0.181574,0.413397,0.18694830516574554,0.031954644514915254
2018-07-23,2018-07,USA,Minnesota United,Los Angeles FC,home,home,2.73,"[2.2,2.8)",0.3550962433266395,"[0.34,0.42)",market_non_favorite,PS_CLOSE,True,1.73,PS_CLOSE_rulesusa_train30_n120_ev0p02_top1_ridge10_cap0.08|USA,2349,0.250745,-0.4,-1.8,-0.712476,-1.31384,-4.0,2.355473,0.056215,2018-07-23,2018,1.0043016091968684,0.0,1.0,2.349,0.4,1.8,0.712476,1.31384,0.3772771266091051,0.029966555642856996
2018-07-26,2018-07,USA,DC United,New York Red Bulls,home,away,2.86,"[2.8,3.5)",0.3395866349466656,"[0.28,0.34)",market_non_favorite,PS_CLOSE,False,-1.0,PS_CLOSE_rulesusa_train30_n120_ev0p02_top1_ridge10_cap0.08|USA,2350,0.250638,-1.4,-1.4,-0.395327,-0.615335,1.0,2.331661,0.246708,2018-07-26,2018,1.0508216248317612,0.0,1.0,2.35,1.4,1.4,0.395327,0.615335,0.3619725813291968,0.0352415826015029
2018-07-27,2018-07,USA,Orlando City,New York City,home,away,2.8,"[2.8,3.5)",0.34659069694503153,"[0.34,0.42)",market_non_favorite,PS_CLOSE,False,-1.0,PS_CLOSE_rulesusa_train30_n120_ev0p02_top1_ridge10_cap0.08|USA,2353,0.250319,-1.8,-3.0,-0.319152,-0.544757,-7.0,2.335882,0.212945,2018-07-27,2018,1.0296194171811581,0.0,1.0,2.353,1.8,3.0,0.319152,0.544757,0.36892358717127405,0.03298604407956729
2018-07-29,2018-07,USA,CF Montreal,Atlanta Utd,home,away,3.11,"[2.8,3.5)",0.3124300985772622,"[0.28,0.34)",market_non_favorite,PS_CLOSE,False,-1.0,PS_CLOSE_rulesusa_train30_n120_ev0p02_top1_ridge10_cap0.08|USA,2355,0.250531,0.0,-1.0,-0.47779,-1.047928,-1.0,2.352914,0.076687,2018-07-29,2018,1.1346227261911428,0.0,1.0,2.355,0.0,1.0,0.47779,1.047928,0.3355308562080963,0.04350096280717941
2018-07-30,2018-07,USA,Los Angeles Galaxy,Orlando City,draw,home,5.29,"[5.0,7.0)",0.18328395035316855,"[0.00,0.20)",market_non_favorite,PS_CLOSE,False,-1.0,PS_CLOSE_rulesusa_train30_n120_ev0p02_top1_ridge10_cap0.08|USA,2364,0.25,1.6,3.2,0.31714,0.753343,0.0,2.437205,0.59764,2018-07-30,2018,1.665818245870208,1.0,0.0,2.364,1.6,3.2,0.31714,0.753343,0.19351647806556257,0.023702168966825976
2018-08-05,2018-08,USA,Colorado Rapids,Los Angeles Galaxy,home,home,2.56,"[2.2,2.8)",0.37919779335708537,"[0.34,0.42)",market_favorite,PS_CLOSE,True,1.56,PS_CLOSE_rulesusa_train30_n120_ev0p02_top1_ridge10_cap0.08|USA,2366,0.250211,-2.2,-2.2,-0.345071,-0.576812,1.0,2.366037,0.028296,2018-08-05,2018,0.9400072584914712,0.0,1.0,2.366,2.2,2.2,0.345071,0.576812,0.40003797575434696,0.02409721793112829
2018-08-12,2018-08,USA,Chicago Fire,New York Red Bulls,home,away,4.38,"[4.0,5.0)",0.221967477227863,"[0.20,0.28)",market_non_favorite,PS_CLOSE,False,-1.0,PS_CLOSE_rulesusa_train30_n120_ev0p02_top1_ridge10_cap0.08|USA,2376,0.250421,-2.4,-2.4,-0.425802,-0.60139,0.0,2.336315,0.209478,2018-08-12,2018,1.4770487243883548,0.0,1.0,2.376,2.4,2.4,0.425802,0.60139,0.24181728690107748,0.05915971662671926
2018-08-19,2018-08,USA,Vancouver Whitecaps,New York Red Bulls,home,draw,3.19,"[2.8,3.5)",0.3045665954352003,"[0.28,0.34)",market_non_favorite,PS_CLOSE,False,-1.0,PS_CLOSE_rulesusa_train30_n120_ev0p02_top1_ridge10_cap0.08|USA,2391,0.250105,-1.0,-1.0,-0.278593,-0.420929,0.0,2.354285,0.065722,2018-08-19,2018,1.1600209167967532,0.0,1.0,2.391,1.0,1.0,0.278593,0.420929,0.32463515768899476,0.035586153027893364
2018-08-24,2018-08,USA,Chicago Fire,Columbus Crew,home,draw,3.44,"[2.8,3.5)",0.2822892498066512,"[0.28,0.34)",market_non_favorite,PS_CLOSE,False,-1.0,PS_CLOSE_rulesusa_train30_n120_ev0p02_top1_ridge10_cap0.08|USA,2402,0.250208,-1.8,-1.2,-0.191283,-0.215034,0.0,2.366025,0.028199,2018-08-24,2018,1.235471471385307,0.0,1.0,2.402,1.8,1.2,0.191283,0.215034,0.3023670747627187,0.040142737183752164
2018-08-25,2018-08,USA,Orlando City,Atlanta Utd,home,away,3.93,"[3.5,4.0)",0.24712395861792016,"[0.20,0.28)",market_non_favorite,PS_CLOSE,False,-1.0,PS_CLOSE_rulesusa_train30_n120_ev0p02_top1_ridge10_cap0.08|USA,2404,0.250832,-2.0,-2.0,-0.616667,-1.328571,6.0,2.320979,0.332168,2018-08-25,2018,1.3686394258811698,0.0,1.0,2.404,2.0,2.0,0.616667,1.328571,0.26694787727090313,0.04910515767464929
2018-08-30,2018-08,USA,San Jose Earthquakes,FC Dallas,home,home,3.0,"[2.8,3.5)",0.3238810119544065,"[0.28,0.34)",market_non_favorite,PS_CLOSE,True,2.0,PS_CLOSE_rulesusa_train30_n120_ev0p02_top1_ridge10_cap0.08|USA,2413,0.250311,-0.4,0.0,-0.232324,-0.285533,-2.0,2.347818,0.117456,2018-08-30,2018,1.0986122886681098,0.0,1.0,2.413,0.4,0.0,0.232324,0.285533,0.3441469473392552,0.03244084201776554
2018-10-07,2018-10,USA,San Jose Earthquakes,New York Red Bulls,home,away,4.61,"[4.0,5.0)",0.20892717485654697,"[0.20,0.28)",market_non_favorite,PS_CLOSE,False,-1.0,PS_CLOSE_rulesusa_train30_n120_ev0p02_top1_ridge10_cap0.08|USA,2472,0.249595,-2.0,-2.2,-0.395373,-0.59619,0.0,2.314903,0.380773,2018-10-07,2018,1.5282278570085572,0.0,1.0,2.472,2.0,2.2,0.395373,0.59619,0.22191825934596718,0.02304317558490876
2018-10-21,2018-10,USA,Orlando City,Columbus Crew,home,home,4.57,"[4.0,5.0)",0.2108730560260443,"[0.20,0.28)",market_non_favorite,PS_CLOSE,True,3.5700000000000003,PS_CLOSE_rulesusa_train30_n120_ev0p02_top1_ridge10_cap0.08|USA,2488,0.248392,-0.8,-1.2,-0.287253,-0.489107,-12.0,2.346617,0.127062,2018-10-21,2018,1.5195132049061133,0.0,1.0,2.488,0.8,1.2,0.287253,0.489107,0.22399186909773725,0.023642841776659207
2018-10-28,2018-10,USA,Colorado Rapids,FC Dallas,home,home,4.75,"[4.0,5.0)",0.20286160147702792,"[0.20,0.28)",market_non_favorite,PS_CLOSE,True,3.75,PS_CLOSE_rulesusa_train30_n120_ev0p02_top1_ridge10_cap0.08|USA,2499,0.248099,-0.6,-1.0,-0.359303,-0.423604,0.0,2.348989,0.108089,2018-10-28,2018,1.55814461804655,0.0,1.0,2.499,0.6,1.0,0.359303,0.423604,0.21592918419005244,0.025663624902749094
2018-11-04,2018-11,USA,Portland Timbers,Seattle Sounders,home,home,2.49,"[2.2,2.8)",0.3897692778245865,"[0.34,0.42)",market_favorite,PS_CLOSE,True,1.4900000000000002,PS_CLOSE_rulesusa_train30_n120_ev0p02_top1_ridge10_cap0.08|USA,2514,0.247414,-1.0,-0.8,-0.165407,-0.204581,-4.0,2.383125,0.165,2018-11-04,2018,0.9122827104766164,0.0,1.0,2.514,1.0,0.8,0.165407,0.204581,0.40978381488547017,0.02036169906482077
2018-11-05,2018-11,USA,Real Salt Lake,Sporting Kansas City,home,draw,3.1,"[2.8,3.5)",0.31252767375364915,"[0.28,0.34)",market_non_favorite,PS_CLOSE,False,-1.0,PS_CLOSE_rulesusa_train30_n120_ev0p02_top1_ridge10_cap0.08|USA,2516,0.247218,-0.8,-1.8,-0.108434,-0.240964,-5.0,2.368682,0.049454,2018-11-05,2018,1.1314021114911006,0.0,1.0,2.516,0.8,1.8,0.108434,0.240964,0.3308237063317866,0.02555348962853854
2019-03-02,2019-03,USA,Orlando City,New York City,home,draw,3.04,"[2.8,3.5)",0.3188154487107308,"[0.28,0.34)",market_non_favorite,PS_CLOSE,False,-1.0,PS_CLOSE_rulesusa_train30_n120_ev0p02_top1_ridge10_cap0.08|USA,2527,0.246933,-0.6,-0.8,-0.350884,-0.575843,0.0,2.339058,0.187535,2019-03-02,2019,1.1118575154181303,0.0,1.0,2.527,0.6,0.8,0.350884,0.575843,0.33891534504592813,0.030302648939621424
2019-03-03,2019-03,USA,San Jose Earthquakes,CF Montreal,home,away,2.43,"[2.2,2.8)",0.3994467663797208,"[0.34,0.42)",market_favorite,PS_CLOSE,False,-1.0,PS_CLOSE_rulesusa_train30_n120_ev0p02_top1_ridge10_cap0.08|USA,2534,0.248224,-1.2,-1.0,-0.034337,-0.065567,0.0,2.355111,0.059108,2019-03-03,2019,0.8878912573524571,0.0,1.0,2.534,1.2,1.0,0.034337,0.065567,0.4232447663043859,0.02848478211965788
2019-03-04,2019-03,USA,Los Angeles FC,Sporting Kansas City,home,home,2.17,"[1.8,2.2)",0.4465532650792382,"[0.42,0.55)",market_favorite,PS_CLOSE,True,1.17,PS_CLOSE_rulesusa_train30_n120_ev0p02_top1_ridge10_cap0.08|USA,2538,0.247833,-0.2,0.2,0.059401,0.120271,0.0,2.379605,0.13684,2019-03-04,2019,0.7747271675523681,0.0,1.0,2.538,0.2,0.2,0.059401,0.120271,0.47249708324762385,0.02531867064734361
2019-03-09,2019-03,USA,New England Revolution,Columbus Crew,home,away,2.44,"[2.2,2.8)",0.39756290263765653,"[0.34,0.42)",market_favorite,PS_CLOSE,False,-1.0,PS_CLOSE_rulesusa_train30_n120_ev0p02_top1_ridge10_cap0.08|USA,2539,0.247735,-0.2,0.0,-0.045411,-0.028452,0.0,2.383301,0.166407,2019-03-09,2019,0.8919980393051105,0.0,1.0,2.539,0.2,0.0,0.045411,0.028452,0.42126369732742125,0.027883421478907877
2019-03-10,2019-03,USA,San Jose Earthquakes,Minnesota United,home,away,2.45,"[2.2,2.8)",0.3961107556235399,"[0.34,0.42)",market_favorite,PS_CLOSE,False,-1.0,PS_CLOSE_rulesusa_train30_n120_ev0p02_top1_ridge10_cap0.08|USA,2544,0.247642,-0.4,0.6,0.160977,0.435202,-1.0,2.38407,0.17256,2019-03-10,2019,0.8960880245566357,0.0,1.0,2.544,0.4,0.6,0.160977,0.435202,0.41973629813265234,0.02835393042499823
2019-03-16,2019-03,USA,Chicago Fire,Seattle Sounders,home,away,2.47,"[2.2,2.8)",0.3924843264085194,"[0.34,0.42)",market_favorite,PS_CLOSE,False,-1.0,PS_CLOSE_rulesusa_train30_n120_ev0p02_top1_ridge10_cap0.08|USA,2550,0.247843,-2.0,-1.8,-0.430479,-0.508435,1.0,2.3384,0.192803,2019-03-16,2019,0.9042181506398859,0.0,1.0,2.55,2.0,1.8,0.430479,0.508435,0.415949736261744,0.027395848566507786
2019-03-17,2019-03,USA,Los Angeles Galaxy,Minnesota United,home,home,2.62,"[2.2,2.8)",0.3699942473633749,"[0.34,0.42)",market_favorite,PS_CLOSE,True,1.62,PS_CLOSE_rulesusa_train30_n120_ev0p02_top1_ridge10_cap0.08|USA,2555,0.247358,0.2,0.2,0.375987,0.877543,1.0,2.422433,0.47946,2019-03-17,2019,0.9631743177730056,0.0,1.0,2.555,0.2,0.2,0.375987,0.877543,0.39240584433520814,0.028103312158245464
2019-03-18,2019-03,USA,Colorado Rapids,Sporting Kansas City,home,draw,3.17,"[2.8,3.5)",0.3059249944522524,"[0.28,0.34)",market_non_favorite,PS_CLOSE,False,-1.0,PS_CLOSE_rulesusa_train30_n120_ev0p02_top1_ridge10_cap0.08|USA,2561,0.24756,0.2,-0.2,-0.413525,-0.611845,0.0,2.330873,0.253013,2019-03-18,2019,1.1537315878891892,0.0,1.0,2.561,0.2,0.2,0.413525,0.611845,0.3254334745718016,0.031624114392611036
2019-03-23,2019-03,USA,Philadelphia Union,Columbus Crew,home,home,2.28,"[2.2,2.8)",0.42466304866412213,"[0.42,0.55)",market_favorite,PS_CLOSE,True,1.2799999999999998,PS_CLOSE_rulesusa_train30_n120_ev0p02_top1_ridge10_cap0.08|USA,2562,0.247853,-1.8,-1.8,-0.192049,-0.1395,-1.0,2.385294,0.182354,2019-03-23,2019,0.8241754429663494,0.0,1.0,2.562,1.8,1.8,0.192049,0.1395,0.4495971396025097,0.025081478293722093
2019-03-30,2019-03,USA,San Jose Earthquakes,Los Angeles FC,home,away,3.61,"[3.5,4.0)",0.26824074611229226,"[0.20,0.28)",market_non_favorite,PS_CLOSE,False,-1.0,PS_CLOSE_rulesusa_train30_n120_ev0p02_top1_ridge10_cap0.08|USA,2567,0.24737,-1.8,-2.4,-0.480244,-0.73823,8.0,2.325749,0.294007,2019-03-30,2019,1.2837077723447896,0.0,1.0,2.567,1.8,2.4,0.480244,0.73823,0.28602481997528156,0.03254960011076635
2019-03-31,2019-03,USA,Vancouver Whitecaps,Seattle Sounders,home,draw,3.48,"[2.8,3.5)",0.27858859983779516,"[0.20,0.28)",market_non_favorite,PS_CLOSE,False,-1.0,PS_CLOSE_rulesusa_train30_n120_ev0p02_top1_ridge10_cap0.08|USA,2574,0.246698,-1.6,-1.8,-0.279189,-0.364949,0.0,2.345932,0.13254,2019-03-31,2019,1.247032293786383,0.0,1.0,2.574,1.6,1.8,0.279189,0.364949,0.2968299858849143,0.032968350879501784
2019-04-01,2019-04,USA,Los Angeles Galaxy,Portland Timbers,home,home,1.72,"[1.0,1.8)",0.5603292488137016,"[0.55,1.00]",market_favorite,PS_CLOSE,True,0.72,PS_CLOSE_rulesusa_train30_n120_ev0p02_top1_ridge10_cap0.08|USA,2578,0.246703,1.0,1.6,0.052109,0.225076,0.0,2.389281,0.21425,2019-04-01,2019,0.5423242908253617,0.0,1.0,2.578,1.0,1.6,0.052109,0.225076,0.595037127559888,0.023463859403007437
2019-04-06,2019-04,USA,Vancouver Whitecaps,Los Angeles Galaxy,home,away,2.75,"[2.2,2.8)",0.3525179856115108,"[0.34,0.42)",market_non_favorite,PS_CLOSE,False,-1.0,PS_CLOSE_rulesusa_train30_n120_ev0p02_top1_ridge10_cap0.08|USA,2579,0.246607,-1.0,-0.4,-0.144501,-0.337458,1.0,2.386402,0.191219,2019-04-06,2019,1.0116009116784799,0.0,1.0,2.579,1.0,0.4,0.144501,0.337458,0.3760029083499297,0.03400799796230669
2019-04-07,2019-04,USA,San Jose Earthquakes,Portland Timbers,home,home,3.32,"[2.8,3.5)",0.29218467998820763,"[0.28,0.34)",market_non_favorite,PS_CLOSE,True,2.32,PS_CLOSE_rulesusa_train30_n120_ev0p02_top1_ridge10_cap0.08|USA,2583,0.247,-0.2,-0.8,-0.205808,-0.310283,2.0,2.336533,0.207733,2019-04-07,2019,1.199964782928397,0.0,1.0,2.583,0.2,0.8,0.205808,0.310283,0.312415185884309,0.03721841713590579
2019-04-10,2019-04,USA,DC United,CF Montreal,home,draw,1.75,"[1.0,1.8)",0.5515608817872466,"[0.55,1.00]",market_favorite,PS_CLOSE,False,-1.0,PS_CLOSE_rulesusa_train30_n120_ev0p02_top1_ridge10_cap0.08|USA,2590,0.246718,0.6,1.6,0.029215,0.036589,0.0,2.411606,0.392851,2019-04-10,2019,0.5596157879354227,0.0,1.0,2.59,0.6,1.6,0.029215,0.036589,0.5858205569583849,0.02518597467717343
2019-04-13,2019-04,USA,CF Montreal,Columbus Crew,home,home,2.32,"[2.2,2.8)",0.41767638889412334,"[0.34,0.42)",market_favorite,PS_CLOSE,True,1.3199999999999998,PS_CLOSE_rulesusa_train30_n120_ev0p02_top1_ridge10_cap0.08|USA,2591,0.247009,-1.4,-1.6,-0.128451,-0.153967,-3.0,2.388759,0.210071,2019-04-13,2019,0.8415671856782185,0.0,1.0,2.591,1.4,1.6,0.128451,0.153967,0.44469331745736007,0.0316884965010753
2019-04-14,2019-04,USA,New England Revolution,Atlanta Utd,home,away,2.55,"[2.2,2.8)",0.38024940294330745,"[0.34,0.42)",market_favorite,PS_CLOSE,False,-1.0,PS_CLOSE_rulesusa_train30_n120_ev0p02_top1_ridge10_cap0.08|USA,2596,0.247304,-0.4,-0.6,-0.44475,-0.807998,-8.0,2.344562,0.143501,2019-04-14,2019,0.9360933591703348,0.0,1.0,2.596,0.4,0.6,0.44475,0.807998,0.40523594125171714,0.03335165019187869
2019-04-15,2019-04,USA,Sporting Kansas City,New York Red Bulls,home,draw,1.63,"[1.0,1.8)",0.5911735805980862,"[0.55,1.00]",market_favorite,PS_CLOSE,False,-1.0,PS_CLOSE_rulesusa_train30_n120_ev0p02_top1_ridge10_cap0.08|USA,2602,0.246733,0.8,1.4,-0.086836,-0.074316,0.0,2.401207,0.309658,2019-04-15,2019,0.4885800148186709,0.0,1.0,2.602,0.8,1.4,0.086836,0.074316,0.6275399952481318,0.022890192254454655
2019-04-18,2019-04,USA,Vancouver Whitecaps,Los Angeles FC,home,home,3.63,"[3.5,4.0)",0.2666666666666667,"[0.20,0.28)",market_non_favorite,PS_CLOSE,True,2.63,PS_CLOSE_rulesusa_train30_n120_ev0p02_top1_ridge10_cap0.08|USA,2603,0.247023,-2.2,-3.2,-0.458926,-0.785904,1.0,2.349762,0.101908,2019-04-18,2019,1.2892326482767593,0.0,1.0,2.603,2.2,3.2,0.458926,0.785904,0.2855267025950742,0.03646193042011925
2019-04-20,2019-04,USA,FC Cincinnati,Real Salt Lake,home,away,1.76,"[1.0,1.8)",0.5489929037344994,"[0.42,0.55)",market_favorite,PS_CLOSE,False,-1.0,PS_CLOSE_rulesusa_train30_n120_ev0p02_top1_ridge10_cap0.08|USA,2604,0.246928,0.8,1.8,-0.302879,-0.316722,0.0,2.407214,0.357708,2019-04-20,2019,0.5653138090500605,0.0,1.0,2.604,0.8,1.8,0.302879,0.316722,0.5831134403157696,0.02627965495575446
2019-04-21,2019-04,USA,San Jose Earthquakes,Sporting Kansas City,home,home,3.84,"[3.5,4.0)",0.25177823740099886,"[0.20,0.28)",market_non_favorite,PS_CLOSE,True,2.84,PS_CLOSE_rulesusa_train30_n120_ev0p02_top1_ridge10_cap0.08|USA,2611,0.246266,-1.2,-3.4,-0.33275,-0.563003,2.0,2.314574,0.383411,2019-04-21,2019,1.3454723665996355,0.0,1.0,2.611,1.2,3.4,0.33275,0.563003,0.2698222894581693,0.036117591519369885
2019-04-22,2019-04,USA,Los Angeles FC,Seattle Sounders,home,home,1.69,"[1.0,1.8)",0.5698770526649926,"[0.55,1.00]",market_favorite,PS_CLOSE,True,0.69,PS_CLOSE_rulesusa_train30_n120_ev0p02_top1_ridge10_cap0.08|USA,2615,0.245889,-0.2,1.0,0.121685,0.369261,-5.0,2.387801,0.202407,2019-04-22,2019,0.5247285289349821,0.0,1.0,2.615,0.2,1.0,0.121685,0.369261,0.6050949275904246,0.02261042762781762
2019-04-25,2019-04,USA,Minnesota United,Los Angeles Galaxy,home,draw,2.08,"[1.8,2.2)",0.4652598020891374,"[0.42,0.55)",market_favorite,PS_CLOSE,False,-1.0,PS_CLOSE_rulesusa_train30_n120_ev0p02_top1_ridge10_cap0.08|USA,2616,0.245795,-2.2,-1.8,-0.425751,-0.88631,0.0,2.3632,0.005598,2019-04-25,2019,0.7323678937132266,0.0,1.0,2.616,2.2,1.8,0.425751,0.88631,0.4948258036001575,0.029237671488327566
2019-04-27,2019-04,USA,Vancouver Whitecaps,Philadelphia Union,home,draw,2.5,"[2.2,2.8)",0.38790358904077954,"[0.34,0.42)",market_favorite,PS_CLOSE,False,-1.0,PS_CLOSE_rulesusa_train30_n120_ev0p02_top1_ridge10_cap0.08|USA,2621,0.246089,-1.4,-1.8,0.109843,0.053376,0.0,2.375147,0.101175,2019-04-27,2019,0.9162907318741551,0.0,1.0,2.621,1.4,1.8,0.109843,0.053376,0.4133071942565688,0.03326798564142197
2019-04-28,2019-04,USA,Seattle Sounders,Los Angeles FC,home,draw,2.8,"[2.8,3.5)",0.34638618870933124,"[0.34,0.42)",market_non_favorite,PS_CLOSE,False,-1.0,PS_CLOSE_rulesusa_train30_n120_ev0p02_top1_ridge10_cap0.08|USA,2626,0.246763,-0.8,-2.8,-0.158092,-0.434982,-3.0,2.400886,0.307088,2019-04-28,2019,1.0296194171811581,0.0,1.0,2.626,0.8,2.8,0.158092,0.434982,0.36954846250205,0.03473569500573981
2019-04-29,2019-04,USA,Los Angeles Galaxy,Real Salt Lake,home,home,1.54,"[1.0,1.8)",0.6249246855331336,"[0.55,1.00]",market_favorite,PS_CLOSE,True,0.54,PS_CLOSE_rulesusa_train30_n120_ev0p02_top1_ridge10_cap0.08|USA,2632,0.24696,1.4,1.2,0.065373,0.269316,-5.0,2.412064,0.396513,2019-04-29,2019,0.43178241642553783,0.0,1.0,2.632,1.4,1.2,0.065373,0.269316,0.6630960984195339,0.02116799156608229
2019-05-04,2019-05,USA,CF Montreal,New York City,home,away,2.31,"[2.2,2.8)",0.41987033901804516,"[0.34,0.42)",market_favorite,PS_CLOSE,False,-1.0,PS_CLOSE_rulesusa_train30_n120_ev0p02_top1_ridge10_cap0.08|USA,2634,0.246773,0.2,-0.2,-0.157024,-0.221713,-1.0,2.392984,0.243868,2019-05-04,2019,0.8372475245337022,0.0,1.0,2.634,0.2,0.2,0.157024,0.221713,0.4446732032657178,0.027195099543808166
2019-05-05,2019-05,USA,DC United,Columbus Crew,home,home,2.49,"[2.2,2.8)",0.3897129269446977,"[0.34,0.42)",market_favorite,PS_CLOSE,True,1.4900000000000002,PS_CLOSE_rulesusa_train30_n120_ev0p02_top1_ridge10_cap0.08|USA,2639,0.246305,0.8,0.8,-0.074974,-0.09676,0.0,2.409834,0.378676,2019-05-05,2019,0.9122827104766164,0.0,1.0,2.639,0.8,0.8,0.074974,0.09676,0.41398341153251333,0.030818694715958328
2019-05-06,2019-05,USA,Sporting Kansas City,Atlanta Utd,home,away,2.47,"[2.2,2.8)",0.39280135849113684,"[0.34,0.42)",market_favorite,PS_CLOSE,False,-1.0,PS_CLOSE_rulesusa_train30_n120_ev0p02_top1_ridge10_cap0.08|USA,2645,0.246503,-0.2,0.6,-0.230736,-0.43891,-1.0,2.392509,0.240071,2019-05-06,2019,0.9042181506398859,0.0,1.0,2.645,0.2,0.6,0.230736,0.43891,0.41714074249680766,0.030337633967115085
2019-05-11,2019-05,USA,Vancouver Whitecaps,Portland Timbers,home,home,2.57,"[2.2,2.8)",0.3775062835327713,"[0.34,0.42)",market_favorite,PS_CLOSE,True,1.5699999999999998,PS_CLOSE_rulesusa_train30_n120_ev0p02_top1_ridge10_cap0.08|USA,2650,0.246038,-0.2,0.2,-0.08842,-0.107288,1.0,2.376185,0.109476,2019-05-11,2019,0.9439058989071284,0.0,1.0,2.65,0.2,0.2,0.08842,0.107288,0.40159488050940134,0.03209884290916132
2019-05-12,2019-05,USA,Columbus Crew,Los Angeles FC,home,away,3.3,"[2.8,3.5)",0.29391851045822753,"[0.28,0.34)",market_non_favorite,PS_CLOSE,False,-1.0,PS_CLOSE_rulesusa_train30_n120_ev0p02_top1_ridge10_cap0.08|USA,2655,0.245574,-1.0,-1.8,-0.364643,-0.732486,-4.0,2.363733,0.009862,2019-05-12,2019,1.1939224684724346,0.0,1.0,2.655,1.0,1.8,0.364643,0.732486,0.31655352159678984,0.04462662126940642
2019-05-13,2019-05,USA,DC United,Sporting Kansas City,home,home,2.11,"[1.8,2.2)",0.459122882700446,"[0.42,0.55)",market_favorite,PS_CLOSE,True,1.1099999999999999,PS_CLOSE_rulesusa_train30_n120_ev0p02_top1_ridge10_cap0.08|USA,2661,0.245021,1.2,1.4,-0.226512,-0.405373,1.0,2.390004,0.220035,2019-05-13,2019,0.7466879474879751,0.0,1.0,2.661,1.2,1.4,0.226512,0.405373,0.4846035748011291,0.022513542830382427
2019-05-16,2019-05,USA,Vancouver Whitecaps,Atlanta Utd,home,away,3.36,"[2.8,3.5)",0.28844704420366846,"[0.28,0.34)",market_non_favorite,PS_CLOSE,False,-1.0,PS_CLOSE_rulesusa_train30_n120_ev0p02_top1_ridge10_cap0.08|USA,2662,0.244929,-0.4,-0.8,-0.470052,-0.836682,1.0,2.346303,0.129576,2019-05-16,2019,1.2119409739751128,0.0,1.0,2.662,0.4,0.8,0.470052,0.836682,0.31098344002861367,0.04490435849614194
2019-05-18,2019-05,USA,Real Salt Lake,Toronto FC,home,home,2.2,"[2.2,2.8)",0.44023810388007695,"[0.42,0.55)",market_favorite,PS_CLOSE,True,1.2000000000000002,PS_CLOSE_rulesusa_train30_n120_ev0p02_top1_ridge10_cap0.08|USA,2667,0.245219,1.0,1.0,0.143883,0.019011,4.0,2.383467,0.167737,2019-05-18,2019,0.7884573603642703,0.0,1.0,2.667,1.0,1.0,0.143883,0.019011,0.4654007662491141,0.02388168574805105
2019-05-19,2019-05,USA,New York Red Bulls,Atlanta Utd,home,home,2.77,"[2.2,2.8)",0.35015097993440314,"[0.34,0.42)",market_non_favorite,PS_CLOSE,True,1.77,PS_CLOSE_rulesusa_train30_n120_ev0p02_top1_ridge10_cap0.08|USA,2670,0.245318,-1.2,-1.2,-0.190232,-0.397786,5.0,2.390293,0.222342,2019-05-19,2019,1.0188473201992472,0.0,1.0,2.67,1.2,1.2,0.190232,0.397786,0.373761092604719,0.03531822651507177
2019-05-20,2019-05,USA,FC Dallas,Los Angeles FC,home,draw,4.56,"[4.0,5.0)",0.2112118713932399,"[0.20,0.28)",market_non_favorite,PS_CLOSE,False,-1.0,PS_CLOSE_rulesusa_train30_n120_ev0p02_top1_ridge10_cap0.08|USA,2676,0.245516,-1.4,-2.4,-0.316346,-0.683974,0.0,2.363394,0.007151,2019-05-20,2019,1.5173226235262947,0.0,1.0,2.676,1.4,2.4,0.316346,0.683974,0.2323614867980271,0.059568379799003424
2019-05-25,2019-05,USA,Real Salt Lake,Atlanta Utd,home,home,2.57,"[2.2,2.8)",0.37783157530693406,"[0.34,0.42)",market_favorite,PS_CLOSE,True,1.5699999999999998,PS_CLOSE_rulesusa_train30_n120_ev0p02_top1_ridge10_cap0.08|USA,2679,0.245987,-0.6,-0.2,-0.37311,-0.72964,1.0,2.358789,0.029685,2019-05-25,2019,0.9439058989071284,0.0,1.0,2.679,0.6,0.2,0.37311,0.72964,0.4019264612572948,0.032951005431247626
2019-05-26,2019-05,USA,FC Cincinnati,New York Red Bulls,home,away,2.45,"[2.2,2.8)",0.39571739888090135,"[0.34,0.42)",market_favorite,PS_CLOSE,False,-1.0,PS_CLOSE_rulesusa_train30_n120_ev0p02_top1_ridge10_cap0.08|USA,2683,0.245993,-1.4,-2.0,-0.813187,-1.326007,4.0,2.346432,0.128548,2019-05-26,2019,0.8960880245566357,0.0,1.0,2.683,1.4,2.0,0.813187,1.326007,0.42011451290602764,0.029280556619767806
2019-05-30,2019-05,USA,DC United,Chicago Fire,home,draw,2.69,"[2.2,2.8)",0.3609462418844359,"[0.34,0.42)",market_favorite,PS_CLOSE,False,-1.0,PS_CLOSE_rulesusa_train30_n120_ev0p02_top1_ridge10_cap0.08|USA,2691,0.245634,0.0,-0.4,0.117096,0.063082,-1.0,2.426979,0.515831,2019-05-30,2019,0.9895411936137477,0.0,1.0,2.691,0.0,0.4,0.117096,0.063082,0.3847223788601477,0.03490319913379736
2019-06-01,2019-06,USA,Vancouver Whitecaps,Toronto FC,home,draw,2.8,"[2.8,3.5)",0.34641921163823075,"[0.34,0.42)",market_non_favorite,PS_CLOSE,False,-1.0,PS_CLOSE_rulesusa_train30_n120_ev0p02_top1_ridge10_cap0.08|USA,2696,0.24592,1.4,1.6,0.068763,-0.042264,1.0,2.388496,0.20797,2019-06-01,2019,1.0296194171811581,0.0,1.0,2.696,1.4,1.6,0.068763,0.042264,0.3686236346254762,0.03214617695133337
2019-06-02,2019-06,USA,Portland Timbers,Los Angeles FC,home,away,2.84,"[2.8,3.5)",0.3414282712454597,"[0.34,0.42)",market_non_favorite,PS_CLOSE,False,-1.0,PS_CLOSE_rulesusa_train30_n120_ev0p02_top1_ridge10_cap0.08|USA,2699,0.246017,-0.2,-0.8,-0.37597,-0.732836,-1.0,2.370422,0.063376,2019-06-02,2019,1.0438040521731147,0.0,1.0,2.699,0.2,0.8,0.37597,0.732836,0.3639805831811926,0.033704856234586966
2019-06-23,2019-06,USA,FC Cincinnati,Los Angeles Galaxy,home,away,2.88,"[2.8,3.5)",0.33556298773690074,"[0.28,0.34)",market_non_favorite,PS_CLOSE,False,-1.0,PS_CLOSE_rulesusa_train30_n120_ev0p02_top1_ridge10_cap0.08|USA,2714,0.2465,-0.6,-1.8,-0.818035,-1.479013,-4.0,2.370398,0.063183,2019-06-23,2019,1.0577902941478545,0.0,1.0,2.714,0.6,1.8,0.818035,1.479013,0.35771230616696525,0.03021144176085988
2019-06-27,2019-06,USA,Toronto FC,Atlanta Utd,home,home,2.47,"[2.2,2.8)",0.390873115263237,"[0.34,0.42)",market_favorite,PS_CLOSE,True,1.4700000000000002,PS_CLOSE_rulesusa_train30_n120_ev0p02_top1_ridge10_cap0.08|USA,2720,0.246691,-1.4,-2.2,-0.545746,-0.805272,-17.0,2.356893,0.044852,2019-06-27,2019,0.9042181506398859,0.0,1.0,2.72,1.4,2.2,0.545746,0.805272,0.41378562405926494,0.0220504914263846
2019-06-29,2019-06,USA,Colorado Rapids,Los Angeles FC,home,home,4.7,"[4.0,5.0)",0.20487204442663307,"[0.20,0.28)",market_non_favorite,PS_CLOSE,True,3.7,PS_CLOSE_rulesusa_train30_n120_ev0p02_top1_ridge10_cap0.08|USA,2726,0.246882,-0.4,-0.8,-0.696983,-1.11546,-15.0,2.317723,0.358217,2019-06-29,2019,1.547562508716013,0.0,1.0,2.726,0.4,0.8,0.696983,1.11546,0.2240834175387471,0.05319206243211139
2019-07-04,2019-07,USA,Sporting Kansas City,Los Angeles FC,home,away,3.15,"[2.8,3.5)",0.3064698706465474,"[0.28,0.34)",market_non_favorite,PS_CLOSE,False,-1.0,PS_CLOSE_rulesusa_train30_n120_ev0p02_top1_ridge10_cap0.08|USA,2738,0.246165,-1.0,-1.4,-0.266952,-0.487749,-1.0,2.371307,0.070453,2019-07-04,2019,1.1474024528375417,0.0,1.0,2.738,1.0,1.4,0.266952,0.487749,0.3301446771357598,0.03995573297764321
2019-07-05,2019-07,USA,Colorado Rapids,New England Revolution,home,away,2.1,"[1.8,2.2)",0.4603838318859226,"[0.42,0.55)",market_favorite,PS_CLOSE,False,-1.0,PS_CLOSE_rulesusa_train30_n120_ev0p02_top1_ridge10_cap0.08|USA,2745,0.245537,0.4,0.4,-0.183865,-0.219392,1.0,2.38815,0.205198,2019-07-05,2019,0.7419373447293773,0.0,1.0,2.745,0.4,0.4,0.183865,0.219392,0.4859590620097502,0.020514030220475377
2019-07-07,2019-07,USA,FC Cincinnati,Houston Dynamo,home,home,3.35,"[2.8,3.5)",0.2882514613659965,"[0.28,0.34)",market_non_favorite,PS_CLOSE,True,2.35,PS_CLOSE_rulesusa_train30_n120_ev0p02_top1_ridge10_cap0.08|USA,2748,0.245269,-0.8,-2.4,-0.698852,-1.46679,5.0,2.364658,0.017265,2019-07-07,2019,1.208960345836975,0.0,1.0,2.748,0.8,2.4,0.698852,1.46679,0.31138885547420053,0.04315266583857191
2019-07-13,2019-07,USA,DC United,New England Revolution,home,draw,2.36,"[2.2,2.8)",0.4094522067981612,"[0.34,0.42)",market_favorite,PS_CLOSE,False,-1.0,PS_CLOSE_rulesusa_train30_n120_ev0p02_top1_ridge10_cap0.08|USA,2757,0.245194,-1.0,-0.8,-0.019976,-0.02107,0.0,2.424151,0.493206,2019-07-13,2019,0.8586616190375187,0.0,1.0,2.757,1.0,0.8,0.019976,0.02107,0.43393333066733486,0.024082660374910247
2019-07-14,2019-07,USA,Vancouver Whitecaps,Sporting Kansas City,home,away,3.58,"[3.5,4.0)",0.27019665044022284,"[0.20,0.28)",market_non_favorite,PS_CLOSE,False,-1.0,PS_CLOSE_rulesusa_train30_n120_ev0p02_top1_ridge10_cap0.08|USA,2760,0.24529,-0.8,-0.4,-0.193271,-0.32876,0.0,2.378863,0.130903,2019-07-14,2019,1.275362800412609,0.0,1.0,2.76,0.8,0.4,0.193271,0.32876,0.29304680143598666,0.04910754914083215
2019-07-19,2019-07,USA,FC Cincinnati,DC United,home,away,2.58,"[2.2,2.8)",0.37461084522094695,"[0.34,0.42)",market_favorite,PS_CLOSE,False,-1.0,PS_CLOSE_rulesusa_train30_n120_ev0p02_top1_ridge10_cap0.08|USA,2773,0.244861,0.0,-1.6,-0.472222,-1.146296,-1.0,2.365611,0.024892,2019-07-19,2019,0.9477893989335261,0.0,1.0,2.773,0.0,1.6,0.472222,1.146296,0.39922082496673483,0.02998972841417591
2019-07-20,2019-07,USA,Los Angeles Galaxy,Los Angeles FC,home,home,5.23,"[5.0,7.0)",0.1836892691512057,"[0.00,0.20)",market_non_favorite,PS_CLOSE,True,4.23,PS_CLOSE_rulesusa_train30_n120_ev0p02_top1_ridge10_cap0.08|USA,2775,0.245045,-1.2,-2.6,-0.367273,-0.643636,0.0,2.346221,0.130235,2019-07-20,2019,1.6544112780768316,0.0,1.0,2.775,1.2,2.6,0.367273,0.643636,0.2037114179768239,0.06541071601878912
2019-07-21,2019-07,USA,Vancouver Whitecaps,San Jose Earthquakes,home,away,3.38,"[2.8,3.5)",0.28603022484334684,"[0.28,0.34)",market_non_favorite,PS_CLOSE,False,-1.0,PS_CLOSE_rulesusa_train30_n120_ev0p02_top1_ridge10_cap0.08|USA,2776,0.244957,-2.2,-3.8,0.061217,0.090103,-5.0,2.392977,0.243815,2019-07-21,2019,1.2178757094949273,0.0,1.0,2.776,2.2,3.8,0.061217,0.090103,0.30938964425783744,0.045736997591490525
2019-07-22,2019-07,USA,Orlando City,New York Red Bulls,home,away,2.25,"[2.2,2.8)",0.42956967831043175,"[0.42,0.55)",market_favorite,PS_CLOSE,False,-1.0,PS_CLOSE_rulesusa_train30_n120_ev0p02_top1_ridge10_cap0.08|USA,2785,0.244524,0.2,0.8,-0.524605,-0.80622,-1.0,2.34268,0.158557,2019-07-22,2019,0.8109302162163288,0.0,1.0,2.785,0.2,0.8,0.524605,0.80622,0.45477482204538033,0.023243349602105834
2019-07-28,2019-07,USA,CF Montreal,Philadelphia Union,home,home,2.35,"[2.2,2.8)",0.411171599592173,"[0.34,0.42)",market_favorite,PS_CLOSE,True,1.35,PS_CLOSE_rulesusa_train30_n120_ev0p02_top1_ridge10_cap0.08|USA,2789,0.244174,-0.8,-0.4,0.018927,-0.09072,0.0,2.375705,0.105642,2019-07-28,2019,0.8544153281560676,0.0,1.0,2.789,0.8,0.4,0.018927,0.09072,0.43630488490082836,0.02531647951694671
2019-08-04,2019-08,USA,New England Revolution,Los Angeles FC,home,away,2.85,"[2.8,3.5)",0.33885272623641777,"[0.28,0.34)",market_non_favorite,PS_CLOSE,False,-1.0,PS_CLOSE_rulesusa_train30_n120_ev0p02_top1_ridge10_cap0.08|USA,2801,0.244199,0.2,-0.2,-0.499054,-0.943064,-1.0,2.343533,0.15174,2019-08-04,2019,1.0473189942805592,0.0,1.0,2.801,0.2,0.2,0.499054,0.943064,0.3628492436266586,0.03412034433597699
2019-08-05,2019-08,USA,DC United,Philadelphia Union,home,away,2.63,"[2.2,2.8)",0.3672773967966644,"[0.34,0.42)",market_favorite,PS_CLOSE,False,-1.0,PS_CLOSE_rulesusa_train30_n120_ev0p02_top1_ridge10_cap0.08|USA,2809,0.243859,-0.4,0.6,0.057193,-0.01178,0.0,2.400779,0.306231,2019-08-05,2019,0.9669838461896731,0.0,1.0,2.809,0.4,0.6,0.057193,0.01178,0.38978653406335434,0.02513858458662188
2019-08-11,2019-08,USA,Colorado Rapids,San Jose Earthquakes,home,home,2.57,"[2.2,2.8)",0.3761526494968549,"[0.34,0.42)",market_favorite,PS_CLOSE,True,1.5699999999999998,PS_CLOSE_rulesusa_train30_n120_ev0p02_top1_ridge10_cap0.08|USA,2813,0.243868,-1.8,-1.6,-0.141262,-0.14542,0.0,2.375392,0.103134,2019-08-11,2019,0.9439058989071284,0.0,1.0,2.813,1.8,1.6,0.141262,0.14542,0.39979381629551924,0.02747010787948434
2019-08-12,2019-08,USA,DC United,Los Angeles Galaxy,home,home,3.03,"[2.8,3.5)",0.3187812489513775,"[0.28,0.34)",market_non_favorite,PS_CLOSE,True,2.03,PS_CLOSE_rulesusa_train30_n120_ev0p02_top1_ridge10_cap0.08|USA,2822,0.243799,-0.2,0.6,-0.182482,-0.372131,-2.0,2.403722,0.329776,2019-08-12,2019,1.1085626195212777,0.0,1.0,2.822,0.2,0.6,0.182482,0.372131,0.3417653958292534,0.035549149362637866
2019-08-15,2019-08,USA,Orlando City,Sporting Kansas City,home,home,2.67,"[2.2,2.8)",0.36170876208294356,"[0.34,0.42)",market_non_favorite,PS_CLOSE,True,1.67,PS_CLOSE_rulesusa_train30_n120_ev0p02_top1_ridge10_cap0.08|USA,2824,0.243626,-0.2,-0.2,-0.403861,-0.669866,0.0,2.367944,0.043549,2019-08-15,2019,0.9820784724121582,0.0,1.0,2.824,0.2,0.2,0.403861,0.669866,0.3850055133105735,0.027964720539231047
2019-08-18,2019-08,USA,FC Cincinnati,New York City,home,away,3.82,"[3.5,4.0)",0.2532998114393463,"[0.20,0.28)",market_non_favorite,PS_CLOSE,False,-1.0,PS_CLOSE_rulesusa_train30_n120_ev0p02_top1_ridge10_cap0.08|USA,2829,0.243195,-1.6,-1.6,-0.773976,-1.424578,0.0,2.33353,0.231764,2019-08-18,2019,1.3402504226184837,0.0,1.0,2.829,1.6,1.6,0.773976,1.424578,0.2752584512931605,0.05148728393987301
2019-08-22,2019-08,USA,DC United,New York Red Bulls,home,away,2.79,"[2.2,2.8)",0.3494604942568743,"[0.34,0.42)",market_non_favorite,PS_CLOSE,False,-1.0,PS_CLOSE_rulesusa_train30_n120_ev0p02_top1_ridge10_cap0.08|USA,2841,0.24428,-0.6,-1.2,-0.335006,-0.503927,0.0,2.370411,0.063289,2019-08-22,2019,1.0260415958332743,0.0,1.0,2.841,0.6,1.2,0.335006,0.503927,0.372799903920343,0.04011173193775708
2019-08-24,2019-08,USA,Orlando City,Atlanta Utd,home,away,3.73,"[3.5,4.0)",0.2593695706130554,"[0.20,0.28)",market_non_favorite,PS_CLOSE,False,-1.0,PS_CLOSE_rulesusa_train30_n120_ev0p02_top1_ridge10_cap0.08|USA,2845,0.243937,-0.8,-1.4,-0.678896,-1.178773,1.0,2.334994,0.220048,2019-08-24,2019,1.3164082336557241,0.0,1.0,2.845,0.8,1.4,0.678896,1.178773,0.28184724349291396,0.05129021822856905
2019-08-25,2019-08,USA,FC Cincinnati,Columbus Crew,home,away,3.13,"[2.8,3.5)",0.30864447082431373,"[0.28,0.34)",market_non_favorite,PS_CLOSE,False,-1.0,PS_CLOSE_rulesusa_train30_n120_ev0p02_top1_ridge10_cap0.08|USA,2847,0.243765,-1.0,-1.4,-0.663564,-1.296332,4.0,2.374886,0.099092,2019-08-25,2019,1.1410330045520618,0.0,1.0,2.847,1.0,1.4,0.663564,1.296332,0.33166362605329197,0.03810714954680394
2019-09-01,2019-09,USA,Vancouver Whitecaps,New York City,home,away,4.38,"[4.0,5.0)",0.21999793859297517,"[0.20,0.28)",market_non_favorite,PS_CLOSE,False,-1.0,PS_CLOSE_rulesusa_train30_n120_ev0p02_top1_ridge10_cap0.08|USA,2857,0.243262,-1.2,-1.6,-0.192243,-0.273787,-4.0,2.341372,0.169025,2019-09-01,2019,1.4770487243883548,0.0,1.0,2.857,1.2,1.6,0.192243,0.273787,0.2364336319783809,0.0355793080653084
2019-09-08,2019-09,USA,FC Cincinnati,Toronto FC,home,away,4.4,"[4.0,5.0)",0.2190598212379122,"[0.20,0.28)",market_non_favorite,PS_CLOSE,False,-1.0,PS_CLOSE_rulesusa_train30_n120_ev0p02_top1_ridge10_cap0.08|USA,2870,0.242857,-1.0,-1.4,-0.655704,-1.38926,0.0,2.347113,0.123094,2019-09-08,2019,1.4816045409242156,0.0,1.0,2.87,1.0,1.4,0.655704,1.38926,0.2356029422224506,0.03665294577878275
2019-09-12,2019-09,USA,Real Salt Lake,San Jose Earthquakes,home,home,2.74,"[2.2,2.8)",0.3526402450698832,"[0.34,0.42)",market_non_favorite,PS_CLOSE,True,1.7400000000000002,PS_CLOSE_rulesusa_train30_n120_ev0p02_top1_ridge10_cap0.08|USA,2874,0.242867,0.6,0.8,0.179704,0.231536,0.0,2.423164,0.485316,2019-09-12,2019,1.007957920399979,0.0,1.0,2.874,0.6,0.8,0.179704,0.231536,0.3740106401677575,0.02478915405965565
2019-09-15,2019-09,USA,Philadelphia Union,Los Angeles FC,home,draw,2.83,"[2.8,3.5)",0.34138137535097374,"[0.34,0.42)",market_non_favorite,PS_CLOSE,False,-1.0,PS_CLOSE_rulesusa_train30_n120_ev0p02_top1_ridge10_cap0.08|USA,2880,0.242708,0.8,0.6,-0.588755,-0.981355,7.0,2.364958,0.019664,2019-09-15,2019,1.0402767116551463,0.0,1.0,2.88,0.8,0.6,0.588755,0.981355,0.36478026887357434,0.032328160912215465
2019-09-16,2019-09,USA,Los Angeles Galaxy,Sporting Kansas City,home,home,2.06,"[1.8,2.2)",0.46930287416971883,"[0.42,0.55)",market_favorite,PS_CLOSE,True,1.06,PS_CLOSE_rulesusa_train30_n120_ev0p02_top1_ridge10_cap0.08|USA,2889,0.242645,-0.8,-0.2,-0.053092,-0.008865,-4.0,2.387333,0.198663,2019-09-16,2019,0.7227059828014898,0.0,1.0,2.889,0.8,0.2,0.053092,0.008865,0.4952015837361149,0.020115262496396724
2019-09-19,2019-09,USA,FC Cincinnati,Atlanta Utd,home,away,5.0,"[5.0,7.0)",0.1925751535714639,"[0.00,0.20)",market_non_favorite,PS_CLOSE,False,-1.0,PS_CLOSE_rulesusa_train30_n120_ev0p02_top1_ridge10_cap0.08|USA,2890,0.242561,-1.2,-2.0,-1.096117,-2.128155,0.0,2.315614,0.375089,2019-09-19,2019,1.6094379124341003,0.0,1.0,2.89,1.2,2.0,1.096117,2.128155,0.20702497954511231,0.0351248977255616
2019-09-21,2019-09,USA,Vancouver Whitecaps,Columbus Crew,home,draw,3.79,"[3.5,4.0)",0.25577012265519383,"[0.20,0.28)",market_non_favorite,PS_CLOSE,False,-1.0,PS_CLOSE_rulesusa_train30_n120_ev0p02_top1_ridge10_cap0.08|USA,2893,0.242655,-0.4,-1.2,-0.036487,-0.069861,0.0,2.382095,0.156764,2019-09-21,2019,1.332366019094335,0.0,1.0,2.893,0.4,1.2,0.036487,0.069861,0.2744416127452769,0.0401337123045995
2019-09-22,2019-09,USA,FC Cincinnati,Chicago Fire,home,draw,4.45,"[4.0,5.0)",0.21635538612537514,"[0.20,0.28)",market_non_favorite,PS_CLOSE,False,-1.0,PS_CLOSE_rulesusa_train30_n120_ev0p02_top1_ridge10_cap0.08|USA,2895,0.242832,-0.8,-2.6,-0.529223,-1.271753,-5.0,2.354234,0.066129,2019-09-22,2019,1.4929040961781488,0.0,1.0,2.895,0.8,2.6,0.529223,1.271753,0.2318545327875144,0.03175267090443912
2019-09-23,2019-09,USA,DC United,Seattle Sounders,home,home,2.41,"[2.2,2.8)",0.40075735109610605,"[0.34,0.42)",market_favorite,PS_CLOSE,True,1.4100000000000001,PS_CLOSE_rulesusa_train30_n120_ev0p02_top1_ridge10_cap0.08|USA,2904,0.243802,-0.8,-0.4,-0.300193,-0.387548,4.0,2.380413,0.143306,2019-09-23,2019,0.8796267475025636,0.0,1.0,2.904,0.8,0.4,0.300193,0.387548,0.42406821269565004,0.022004392596516542
2019-09-26,2019-09,USA,Los Angeles FC,Houston Dynamo,home,home,1.24,"[1.0,1.8)",0.7753178740294193,"[0.55,1.00]",market_favorite,PS_CLOSE,True,0.24,PS_CLOSE_rulesusa_train30_n120_ev0p02_top1_ridge10_cap0.08|USA,2905,0.243718,-0.4,0.2,0.567783,0.971132,0.0,2.466634,0.833071,2019-09-26,2019,0.2151113796169455,0.0,1.0,2.905,0.4,0.2,0.567783,0.971132,0.8314674657566721,0.031019657538273293
2019-09-29,2019-09,USA,FC Cincinnati,Orlando City,home,draw,2.66,"[2.2,2.8)",0.3632645938604877,"[0.34,0.42)",market_non_favorite,PS_CLOSE,False,-1.0,PS_CLOSE_rulesusa_train30_n120_ev0p02_top1_ridge10_cap0.08|USA,2911,0.243559,0.4,-0.4,-0.431548,-0.958333,0.0,2.37627,0.110157,2019-09-29,2019,0.9783261227936078,0.0,1.0,2.911,0.4,0.4,0.431548,0.958333,0.38611514242494976,0.027066278850366388
2019-09-30,2019-09,USA,Los Angeles Galaxy,Vancouver Whitecaps,home,away,1.22,"[1.0,1.8)",0.7841352499253766,"[0.55,1.00]",market_favorite,PS_CLOSE,False,-1.0,PS_CLOSE_rulesusa_train30_n120_ev0p02_top1_ridge10_cap0.08|USA,2917,0.244429,1.0,1.8,0.173222,0.37647,-5.0,2.433211,0.565686,2019-09-30,2019,0.19885085874516517,0.0,1.0,2.917,1.0,1.8,0.173222,0.37647,0.8524964862153303,0.04004571318270278
2019-10-06,2019-10,USA,Vancouver Whitecaps,Real Salt Lake,home,away,3.1,"[2.8,3.5)",0.31183457666401104,"[0.28,0.34)",market_non_favorite,PS_CLOSE,False,-1.0,PS_CLOSE_rulesusa_train30_n120_ev0p02_top1_ridge10_cap0.08|USA,2923,0.244612,0.0,0.0,-0.130256,-0.167621,0.0,2.365278,0.022221,2019-10-06,2019,1.1314021114911006,0.0,1.0,2.923,0.0,0.0,0.130256,0.167621,0.34458391837465624,0.06821014696143446
2019-10-20,2019-10,USA,Real Salt Lake,Portland Timbers,home,home,2.35,"[2.2,2.8)",0.4117256023673045,"[0.34,0.42)",market_favorite,PS_CLOSE,True,1.35,PS_CLOSE_rulesusa_train30_n120_ev0p02_top1_ridge10_cap0.08|USA,2938,0.244384,0.2,-0.2,0.015003,-0.022928,0.0,2.400409,0.303273,2019-10-20,2019,0.8544153281560676,0.0,1.0,2.938,0.2,0.2,0.015003,0.022928,0.43971742553345683,0.03333595000362366
2020-02-29,2020-02,USA,CF Montreal,New England Revolution,home,home,2.92,"[2.8,3.5)",0.3293993086911843,"[0.28,0.34)",market_non_favorite,PS_CLOSE,True,1.92,PS_CLOSE_rulesusa_train30_n120_ev0p02_top1_ridge10_cap0.08|USA,2948,0.243894,-0.2,-0.2,-0.067616,-0.106762,0.0,2.384952,0.179615,2020-02-29,2020,1.0715836162801904,0.0,1.0,2.948,0.2,0.2,0.067616,0.106762,0.3508445465643907,0.02446607596802086
2020-03-01,2020-03,USA,Nashville SC,Atlanta Utd,home,away,3.37,"[2.8,3.5)",0.28547760240853937,"[0.28,0.34)",market_non_favorite,PS_CLOSE,False,-1.0,PS_CLOSE_rulesusa_train30_n120_ev0p02_top1_ridge10_cap0.08|USA,2954,0.244414,-1.0,-0.8,-0.810811,-0.720721,-14.0,2.363835,0.010678,2020-03-01,2020,1.2149127443642704,0.0,1.0,2.954,1.0,0.8,0.810811,0.720721,0.30943965297360626,0.04281163052105308
2020-07-12,2020-07,USA,FC Cincinnati,Columbus Crew,home,away,4.53,"[4.0,5.0)",0.2079765015544832,"[0.20,0.28)",market_non_favorite,PS_CLOSE,False,-1.0,PS_CLOSE_rulesusa_train30_n120_ev0p02_top1_ridge10_cap0.08|USA,2978,0.244459,-1.0,-0.8,-0.703576,-1.250096,0.0,2.351693,0.086452,2020-07-12,2020,1.5107219394949427,0.0,1.0,2.978,1.0,0.8,0.703576,1.250096,0.2277589213845067,0.031747913871815525
2020-07-16,2020-07,USA,Vancouver Whitecaps,San Jose Earthquakes,home,away,4.43,"[4.0,5.0)",0.21276836229144822,"[0.20,0.28)",market_non_favorite,PS_CLOSE,False,-1.0,PS_CLOSE_rulesusa_train30_n120_ev0p02_top1_ridge10_cap0.08|USA,2988,0.244311,1.0,1.0,0.079162,0.087483,16.0,2.396193,0.269544,2020-07-16,2020,1.4883995840570443,0.0,1.0,2.988,1.0,1.0,0.079162,0.087483,0.2333408047766,0.0336997651603379
2020-07-17,2020-07,USA,CF Montreal,Toronto FC,home,away,4.21,"[4.0,5.0)",0.2239056099675462,"[0.20,0.28)",market_non_favorite,PS_CLOSE,False,-1.0,PS_CLOSE_rulesusa_train30_n120_ev0p02_top1_ridge10_cap0.08|USA,2990,0.244147,0.0,0.6,-0.044855,-0.18259,3.0,2.364599,0.016793,2020-07-17,2020,1.43746264769429,0.0,1.0,2.99,0.0,0.6,0.044855,0.18259,0.2442069751430506,0.0281113653522429
2020-07-22,2020-07,USA,Real Salt Lake,Sporting Kansas City,home,away,3.8,"[3.5,4.0)",0.2519789285913373,"[0.20,0.28)",market_non_favorite,PS_CLOSE,False,-1.0,PS_CLOSE_rulesusa_train30_n120_ev0p02_top1_ridge10_cap0.08|USA,3002,0.244504,-0.6,0.0,-0.054983,-0.154639,0.0,2.415849,0.42679,2020-07-22,2020,1.33500106673234,0.0,1.0,3.002,0.6,0.0,0.054983,0.154639,0.2724793405794035,0.03542149420173324
2020-07-23,2020-07,USA,FC Cincinnati,New York Red Bulls,home,home,4.71,"[4.0,5.0)",0.2035420454659608,"[0.20,0.28)",market_non_favorite,PS_CLOSE,True,3.71,PS_CLOSE_rulesusa_train30_n120_ev0p02_top1_ridge10_cap0.08|USA,3005,0.24426,-0.8,-1.0,-0.931614,-1.654022,1.0,2.328776,0.269796,2020-07-23,2020,1.5496879080283263,0.0,1.0,3.005,0.8,1.0,0.931614,1.654022,0.2226219213988546,0.04854924978860509
2020-07-28,2020-07,USA,Seattle Sounders,Los Angeles FC,home,away,3.39,"[2.8,3.5)",0.28413862429799547,"[0.28,0.34)",market_non_favorite,PS_CLOSE,False,-1.0,PS_CLOSE_rulesusa_train30_n120_ev0p02_top1_ridge10_cap0.08|USA,3014,0.244857,-0.2,-0.4,-0.2189,-0.596036,4.0,2.382817,0.162539,2020-07-28,2020,1.220829921392359,0.0,1.0,3.014,0.2,0.4,0.2189,0.596036,0.30436560193542755,0.03179939056109937
2020-07-31,2020-07,USA,Philadelphia Union,Sporting Kansas City,home,home,3.76,"[3.5,4.0)",0.25619095456640956,"[0.20,0.28)",market_non_favorite,PS_CLOSE,True,2.76,PS_CLOSE_rulesusa_train30_n120_ev0p02_top1_ridge10_cap0.08|USA,3018,0.245195,0.2,-0.6,-0.245322,-0.30655,1.0,2.40953,0.376239,2020-07-31,2020,1.324418957401803,0.0,1.0,3.018,0.2,0.6,0.245322,0.30655,0.2765835650711506,0.039954204667526305
2020-08-01,2020-08,USA,Orlando City,Los Angeles FC,home,draw,4.13,"[4.0,5.0)",0.23300947343227876,"[0.20,0.28)",market_non_favorite,PS_CLOSE,False,-1.0,PS_CLOSE_rulesusa_train30_n120_ev0p02_top1_ridge10_cap0.08|USA,3019,0.245114,0.2,-0.8,-0.733766,-1.319805,2.0,2.325373,0.297019,2020-08-01,2020,1.4182774069729414,0.0,1.0,3.019,0.2,0.8,0.733766,1.319805,0.2502413721712769,0.03349686706737365
2020-08-29,2020-08,USA,CF Montreal,Toronto FC,home,away,4.3,"[4.0,5.0)",0.22304730026160574,"[0.20,0.28)",market_non_favorite,PS_CLOSE,False,-1.0,PS_CLOSE_rulesusa_train30_n120_ev0p02_top1_ridge10_cap0.08|USA,3047,0.244503,-0.8,-0.6,-0.053209,-0.186655,-4.0,2.365763,0.0261,2020-08-29,2020,1.4586150226995167,0.0,1.0,3.047,0.8,0.6,0.053209,0.186655,0.2392220550324112,0.028654836639368186
2020-08-30,2020-08,USA,FC Cincinnati,Columbus Crew,home,draw,4.84,"[4.0,5.0)",0.1975491079473779,"[0.00,0.20)",market_non_favorite,PS_CLOSE,False,-1.0,PS_CLOSE_rulesusa_train30_n120_ev0p02_top1_ridge10_cap0.08|USA,3049,0.244342,-0.4,-1.0,-0.624536,-1.193866,-1.0,2.343255,0.153962,2020-08-30,2020,1.5769147207285403,0.0,1.0,3.049,0.4,1.0,0.624536,1.193866,0.21351771656804663,0.03342574818934563
2020-09-03,2020-09,USA,FC Cincinnati,Chicago Fire,home,draw,3.15,"[2.8,3.5)",0.30531019432609374,"[0.28,0.34)",market_non_favorite,PS_CLOSE,False,-1.0,PS_CLOSE_rulesusa_train30_n120_ev0p02_top1_ridge10_cap0.08|USA,3060,0.244771,0.6,1.0,-0.434686,-1.010308,0.0,2.367615,0.040921,2020-09-03,2020,1.1474024528375417,0.0,1.0,3.06,0.6,1.0,0.434686,1.010308,0.32673510046280874,0.02921556645784751
2020-09-06,2020-09,USA,Vancouver Whitecaps,Toronto FC,home,home,5.71,"[5.0,7.0)",0.16838373106354532,"[0.00,0.20)",market_non_favorite,PS_CLOSE,True,4.71,PS_CLOSE_rulesusa_train30_n120_ev0p02_top1_ridge10_cap0.08|USA,3071,0.245523,-1.0,-1.2,-0.02307,-0.162146,7.0,2.352127,0.082981,2020-09-06,2020,1.742219023667919,0.0,1.0,3.071,1.0,1.2,0.02307,0.162146,0.1929553094637161,0.10177481703781899
2020-09-07,2020-09,USA,DC United,New York City,home,draw,4.34,"[4.0,5.0)",0.22144946735110668,"[0.20,0.28)",market_non_favorite,PS_CLOSE,False,-1.0,PS_CLOSE_rulesusa_train30_n120_ev0p02_top1_ridge10_cap0.08|USA,3075,0.245854,-1.0,-1.2,-0.215107,-0.289109,0.0,2.372186,0.077489,2020-09-07,2020,1.4678743481123135,0.0,1.0,3.075,1.0,1.2,0.215107,0.289109,0.2461319725390911,0.06821276081965544
2020-09-10,2020-09,USA,CF Montreal,Toronto FC,home,away,4.08,"[4.0,5.0)",0.2363107361070701,"[0.20,0.28)",market_non_favorite,PS_CLOSE,False,-1.0,PS_CLOSE_rulesusa_train30_n120_ev0p02_top1_ridge10_cap0.08|USA,3083,0.245864,0.0,-0.2,-0.048345,-0.181928,4.0,2.371877,0.075017,2020-09-10,2020,1.4060969884160703,0.0,1.0,3.083,0.0,0.2,0.048345,0.181928,0.2605388768398566,0.06299861750661506
2020-09-12,2020-09,USA,Chicago Fire,Columbus Crew,home,draw,2.77,"[2.2,2.8)",0.35130307297594476,"[0.34,0.42)",market_non_favorite,PS_CLOSE,False,-1.0,PS_CLOSE_rulesusa_train30_n120_ev0p02_top1_ridge10_cap0.08|USA,3089,0.245711,-1.2,-1.8,-0.19879,-0.171708,0.0,2.369821,0.058565,2020-09-12,2020,1.0188473201992472,0.0,1.0,3.089,1.2,1.8,0.19879,0.171708,0.37053335392439674,0.026377390370579068
2020-09-13,2020-09,USA,DC United,New York Red Bulls,home,away,3.77,"[3.5,4.0)",0.2577013497980685,"[0.20,0.28)",market_non_favorite,PS_CLOSE,False,-1.0,PS_CLOSE_rulesusa_train30_n120_ev0p02_top1_ridge10_cap0.08|USA,3090,0.245955,0.2,0.2,-0.310026,-0.446548,0.0,2.393687,0.249492,2020-09-13,2020,1.3270750014599193,0.0,1.0,3.09,0.2,0.2,0.310026,0.446548,0.2812313838334602,0.06024231705214489
2020-09-14,2020-09,USA,Vancouver Whitecaps,CF Montreal,home,away,3.24,"[2.8,3.5)",0.30029039070749736,"[0.28,0.34)",market_non_favorite,PS_CLOSE,False,-1.0,PS_CLOSE_rulesusa_train30_n120_ev0p02_top1_ridge10_cap0.08|USA,3097,0.245399,-0.4,-1.0,0.039989,0.030048,4.0,2.388755,0.210042,2020-09-14,2020,1.1755733298042381,0.0,1.0,3.097,0.4,1.0,0.039989,0.030048,0.32213359454749274,0.04371284633387651
2020-09-17,2020-09,USA,Vancouver Whitecaps,CF Montreal,home,home,3.59,"[3.5,4.0)",0.2709285469636006,"[0.20,0.28)",market_non_favorite,PS_CLOSE,True,2.59,PS_CLOSE_rulesusa_train30_n120_ev0p02_top1_ridge10_cap0.08|USA,3101,0.245405,-1.2,-2.0,0.029547,0.016202,0.0,2.379818,0.138543,2020-09-17,2020,1.2781522025001875,0.0,1.0,3.101,1.2,2.0,0.029547,0.016202,0.29408964890884165,0.05578183958274141
2020-09-19,2020-09,USA,New England Revolution,New York City,home,draw,2.88,"[2.8,3.5)",0.33795812394686825,"[0.28,0.34)",market_non_favorite,PS_CLOSE,False,-1.0,PS_CLOSE_rulesusa_train30_n120_ev0p02_top1_ridge10_cap0.08|USA,3104,0.24549,-1.2,-1.4,-0.196147,-0.24468,0.0,2.369768,0.058141,2020-09-19,2020,1.0577902941478545,0.0,1.0,3.104,1.2,1.4,0.196147,0.24468,0.3581963033672297,0.03160535369762152
2020-09-20,2020-09,USA,DC United,Toronto FC,home,draw,5.69,"[5.0,7.0)",0.17017118293155398,"[0.00,0.20)",market_non_favorite,PS_CLOSE,False,-1.0,PS_CLOSE_rulesusa_train30_n120_ev0p02_top1_ridge10_cap0.08|USA,3107,0.245575,-1.0,-1.2,-0.028192,-0.145254,-3.0,2.378578,0.128626,2020-09-20,2020,1.7387102481382397,0.0,1.0,3.107,1.0,1.2,0.028192,0.145254,0.19460309832762268,0.10729162948417303
2020-09-21,2020-09,USA,CF Montreal,Philadelphia Union,home,away,3.44,"[2.8,3.5)",0.28278403217753906,"[0.28,0.34)",market_non_favorite,PS_CLOSE,False,-1.0,PS_CLOSE_rulesusa_train30_n120_ev0p02_top1_ridge10_cap0.08|USA,3116,0.245507,-1.2,-1.6,-0.023585,-0.112169,-4.0,2.360565,0.015476,2020-09-21,2020,1.235471471385307,0.0,1.0,3.116,1.2,1.6,0.023585,0.112169,0.3054616239064694,0.050787986238254756
2020-09-24,2020-09,USA,FC Cincinnati,Philadelphia Union,home,draw,3.12,"[2.8,3.5)",0.31202151717091275,"[0.28,0.34)",market_non_favorite,PS_CLOSE,False,-1.0,PS_CLOSE_rulesusa_train30_n120_ev0p02_top1_ridge10_cap0.08|USA,3118,0.24535,-1.4,-2.4,-0.522044,-1.093295,1.0,2.328924,0.268611,2020-09-24,2020,1.1378330018213911,0.0,1.0,3.118,1.4,2.4,0.522044,1.093295,0.33318230364635915,0.03952878737664056
2020-09-28,2020-09,USA,Vancouver Whitecaps,Portland Timbers,home,away,5.9,"[5.0,7.0)",0.16408485964225664,"[0.00,0.20)",market_non_favorite,PS_CLOSE,False,-1.0,PS_CLOSE_rulesusa_train30_n120_ev0p02_top1_ridge10_cap0.08|USA,3132,0.244891,-0.2,-1.8,-0.14996,-0.247241,0.0,2.352153,0.082773,2020-09-28,2020,1.7749523509116738,0.0,1.0,3.132,0.2,1.8,0.14996,0.247241,0.188562784592208,0.11252042909402715
2020-10-04,2020-10,USA,CF Montreal,Chicago Fire,home,draw,4.47,"[4.0,5.0)",0.21755438859714932,"[0.20,0.28)",market_non_favorite,PS_CLOSE,False,-1.0,PS_CLOSE_rulesusa_train30_n120_ev0p02_top1_ridge10_cap0.08|USA,3143,0.244671,-0.8,-2.0,0.062031,-0.040071,0.0,2.383893,0.171147,2020-10-04,2020,1.4973884086254774,0.0,1.0,3.143,0.8,2.0,0.062031,0.040071,0.23960424067312827,0.0710309558088833
2020-10-05,2020-10,USA,Real Salt Lake,Los Angeles FC,home,away,3.79,"[3.5,4.0)",0.25608776335149136,"[0.20,0.28)",market_non_favorite,PS_CLOSE,False,-1.0,PS_CLOSE_rulesusa_train30_n120_ev0p02_top1_ridge10_cap0.08|USA,3153,0.244846,0.2,-0.4,-0.313161,-0.746746,0.0,2.37067,0.065357,2020-10-05,2020,1.332366019094335,0.0,1.0,3.153,0.2,0.4,0.313161,0.746746,0.2768313775644915,0.04919092096942279
2020-10-08,2020-10,USA,New York City,DC United,away,home,8.6,"[7.0,inf)",0.1127711646906802,"[0.00,0.20)",market_non_favorite,PS_CLOSE,False,-1.0,PS_CLOSE_rulesusa_train30_n120_ev0p02_top1_ridge10_cap0.08|USA,3155,0.245008,1.8,2.8,0.244147,0.337124,0.0,2.445919,0.667354,2020-10-08,2020,2.151762203259462,0.0,0.0,3.155,1.8,2.8,0.244147,0.337124,0.12007899281165658,0.0326793381802466
2020-10-11,2020-10,USA,Vancouver Whitecaps,Real Salt Lake,home,home,3.17,"[2.8,3.5)",0.30665069298660186,"[0.28,0.34)",market_non_favorite,PS_CLOSE,True,2.17,PS_CLOSE_rulesusa_train30_n120_ev0p02_top1_ridge10_cap0.08|USA,3168,0.244318,-0.2,-1.8,-0.139936,-0.198346,0.0,2.36939,0.055118,2020-10-11,2020,1.1537315878891892,0.0,1.0,3.168,0.2,1.8,0.139936,0.198346,0.32502488229704257,0.030328876881625
2020-10-12,2020-10,USA,FC Cincinnati,Toronto FC,home,away,3.57,"[3.5,4.0)",0.27218315617334427,"[0.20,0.28)",market_non_favorite,PS_CLOSE,False,-1.0,PS_CLOSE_rulesusa_train30_n120_ev0p02_top1_ridge10_cap0.08|USA,3170,0.244164,-1.8,-2.6,-0.612279,-1.261588,0.0,2.324409,0.304731,2020-10-12,2020,1.2725655957915476,0.0,1.0,3.17,1.8,2.6,0.612279,1.261588,0.29196041477688617,0.04229868075348353
2020-10-15,2020-10,USA,Vancouver Whitecaps,Los Angeles FC,home,home,4.74,"[4.0,5.0)",0.20490118752707762,"[0.20,0.28)",market_non_favorite,PS_CLOSE,True,3.74,PS_CLOSE_rulesusa_train30_n120_ev0p02_top1_ridge10_cap0.08|USA,3176,0.243703,-1.2,-3.4,-0.484621,-0.978474,1.0,2.330557,0.255543,2020-10-15,2020,1.556037135706985,0.0,1.0,3.176,1.2,3.4,0.484621,0.978474,0.22738064551523698,0.07778425974222336
2020-10-18,2020-10,USA,CF Montreal,Inter Miami,home,home,5.07,"[5.0,7.0)",0.19166574668614456,"[0.00,0.20)",market_non_favorite,PS_CLOSE,True,4.07,PS_CLOSE_rulesusa_train30_n120_ev0p02_top1_ridge10_cap0.08|USA,3188,0.244354,-0.6,-0.4,0.263333,0.316667,0.0,2.384509,0.17607,2020-10-18,2020,1.623340817603092,0.0,1.0,3.188,0.6,0.4,0.263333,0.316667,0.21451908252740884,0.08761174841396291
2020-10-19,2020-10,USA,San Jose Earthquakes,Seattle Sounders,home,draw,3.01,"[2.8,3.5)",0.32286960786844615,"[0.28,0.34)",market_non_favorite,PS_CLOSE,False,-1.0,PS_CLOSE_rulesusa_train30_n120_ev0p02_top1_ridge10_cap0.08|USA,3190,0.244201,0.6,0.8,-0.382733,-0.548729,-3.0,2.346134,0.130927,2020-10-19,2020,1.1019400787607843,0.0,1.0,3.19,0.6,0.8,0.382733,0.548729,0.3405474277311515,0.02504775747076593
2020-10-25,2020-10,USA,Vancouver Whitecaps,San Jose Earthquakes,home,home,3.64,"[3.5,4.0)",0.2670667957405614,"[0.20,0.28)",market_non_favorite,PS_CLOSE,True,2.64,PS_CLOSE_rulesusa_train30_n120_ev0p02_top1_ridge10_cap0.08|USA,3203,0.245083,-0.8,-1.8,0.054246,0.065782,0.0,2.383816,0.170531,2020-10-25,2020,1.2919836816486494,0.0,1.0,3.203,0.8,1.8,0.054246,0.065782,0.28708590043080073,0.04499267756811465
2020-10-27,2020-10,USA,CF Montreal,Nashville SC,home,away,3.01,"[2.8,3.5)",0.32295489522907544,"[0.28,0.34)",market_non_favorite,PS_CLOSE,False,-1.0,PS_CLOSE_rulesusa_train30_n120_ev0p02_top1_ridge10_cap0.08|USA,3212,0.24533,-0.4,-1.2,-0.050889,-0.238062,-1.0,2.370311,0.062492,2020-10-27,2020,1.1019400787607843,0.0,1.0,3.212,0.4,1.2,0.050889,0.238062,0.34048341202265486,0.02485507018819111
2020-10-28,2020-10,USA,Vancouver Whitecaps,Seattle Sounders,home,away,9.47,"[7.0,inf)",0.10224678247736363,"[0.00,0.20)",market_non_favorite,PS_CLOSE,False,-1.0,PS_CLOSE_rulesusa_train30_n120_ev0p02_top1_ridge10_cap0.08|USA,3213,0.245254,0.2,-0.4,-0.319752,-0.476315,-2.0,2.334613,0.223093,2020-10-28,2020,2.248128907197987,0.0,1.0,3.213,0.2,0.4,0.319752,0.476315,0.12488842009863363,0.18269333833406054
2020-10-29,2020-10,USA,DC United,Columbus Crew,home,home,2.87,"[2.8,3.5)",0.3394189699331636,"[0.28,0.34)",market_non_favorite,PS_CLOSE,True,1.87,PS_CLOSE_rulesusa_train30_n120_ev0p02_top1_ridge10_cap0.08|USA,3219,0.244797,0.4,-0.4,-0.098084,-0.160991,1.0,2.372265,0.078121,2020-10-29,2020,1.0543120297715298,0.0,1.0,3.219,0.4,0.4,0.098084,0.160991,0.3562242588586636,0.022363622924364668
2020-11-02,2020-11,USA,CF Montreal,Orlando City,home,away,2.88,"[2.8,3.5)",0.33798556410793973,"[0.28,0.34)",market_non_favorite,PS_CLOSE,False,-1.0,PS_CLOSE_rulesusa_train30_n120_ev0p02_top1_ridge10_cap0.08|USA,3228,0.244424,-0.6,-1.2,0.070004,0.105696,1.0,2.363944,0.011549,2020-11-02,2020,1.0577902941478545,0.0,1.0,3.228,0.6,1.2,0.070004,0.105696,0.3607254255177456,0.03888922549110729
2020-11-05,2020-11,USA,San Jose Earthquakes,Los Angeles FC,home,home,3.42,"[2.8,3.5)",0.28451882845188287,"[0.28,0.34)",market_non_favorite,PS_CLOSE,True,2.42,PS_CLOSE_rulesusa_train30_n120_ev0p02_top1_ridge10_cap0.08|USA,3236,0.24382,-0.6,-0.4,-0.533954,-1.024572,0.0,2.349958,0.100335,2020-11-05,2020,1.2296405510745139,0.0,1.0,3.236,0.6,0.4,0.533954,1.024572,0.31064618863434174,0.06240996512944874
2020-11-08,2020-11,USA,Real Salt Lake,Sporting Kansas City,home,away,3.37,"[2.8,3.5)",0.28865372267020484,"[0.28,0.34)",market_non_favorite,PS_CLOSE,False,-1.0,PS_CLOSE_rulesusa_train30_n120_ev0p02_top1_ridge10_cap0.08|USA,3242,0.243985,-1.2,-1.6,-0.090615,-0.197411,-5.0,2.386622,0.192978,2020-11-08,2020,1.2149127443642704,0.0,1.0,3.242,1.2,1.6,0.090615,0.197411,0.3146073896497287,0.06022690311958567
2020-11-21,2020-11,USA,Orlando City,New York City,home,draw,2.51,"[2.2,2.8)",0.3876058779792485,"[0.34,0.42)",market_favorite,PS_CLOSE,False,-1.0,PS_CLOSE_rulesusa_train30_n120_ev0p02_top1_ridge10_cap0.08|USA,3256,0.243243,-0.6,-0.4,-0.353605,-0.510865,0.0,2.376541,0.112326,2020-11-21,2020,0.9202827531436925,0.0,1.0,3.256,0.6,0.4,0.353605,0.510865,0.40715038725282554,0.021947472004592017
2020-11-23,2020-11,USA,Minnesota United,Colorado Rapids,home,home,2.48,"[2.2,2.8)",0.39222426755971523,"[0.34,0.42)",market_favorite,PS_CLOSE,True,1.48,PS_CLOSE_rulesusa_train30_n120_ev0p02_top1_ridge10_cap0.08|USA,3260,0.243558,0.4,1.2,0.090244,0.042733,0.0,2.408272,0.36618,2020-11-23,2020,0.9082585601768908,0.0,1.0,3.26,0.4,1.2,0.090244,0.042733,0.4115665914102853,0.02068514669750754
2020-12-06,2020-12,USA,Columbus Crew,New England Revolution,home,home,2.65,"[2.2,2.8)",0.3667104791492413,"[0.34,0.42)",market_favorite,PS_CLOSE,True,1.65,PS_CLOSE_rulesusa_train30_n120_ev0p02_top1_ridge10_cap0.08|USA,3269,0.243805,-0.4,-0.4,0.038971,0.058079,-1.0,2.398498,0.287987,2020-12-06,2020,0.9745596399981308,0.0,1.0,3.269,0.4,0.4,0.038971,0.058079,0.39518870615666013,0.047250071315149356
2020-12-13,2020-12,USA,Columbus Crew,Seattle Sounders,home,home,2.81,"[2.8,3.5)",0.3460411356074021,"[0.34,0.42)",market_non_favorite,PS_CLOSE,True,1.81,PS_CLOSE_rulesusa_train30_n120_ev0p02_top1_ridge10_cap0.08|USA,3271,0.243656,-0.6,-1.0,-0.249037,-0.311908,2.0,2.372968,0.083744,2020-12-13,2020,1.0331844833456545,0.0,1.0,3.271,0.6,1.0,0.249037,0.311908,0.37598752417480935,0.05652494293121424
2021-04-17,2021-04,USA,Los Angeles FC,Austin FC,away,home,8.1,"[7.0,inf)",0.11941796287004516,"[0.00,0.20)",market_non_favorite,PS_CLOSE,False,-1.0,PS_CLOSE_rulesusa_train30_n120_ev0p02_top1_ridge10_cap0.08|USA,3272,0.243582,0.4,0.0,0.75,0.75,14.0,2.430647,0.545179,2021-04-17,2021,2.0918640616783932,0.0,0.0,3.272,0.4,0.0,0.75,0.75,0.14191711313084537,0.1495286163598475
2021-04-18,2021-04,USA,DC United,New York City,home,home,4.05,"[4.0,5.0)",0.24015009380863042,"[0.20,0.28)",market_non_favorite,PS_CLOSE,True,3.05,PS_CLOSE_rulesusa_train30_n120_ev0p02_top1_ridge10_cap0.08|USA,3277,0.243515,-0.8,-1.2,-0.260762,-0.368813,0.0,2.348976,0.108195,2021-04-18,2021,1.3987168811184478,0.0,1.0,3.277,0.8,1.2,0.260762,0.368813,0.29658836970543145,0.20118289730699734
2021-04-19,2021-04,USA,Vancouver Whitecaps,Portland Timbers,home,home,4.44,"[4.0,5.0)",0.21888149613378885,"[0.20,0.28)",market_non_favorite,PS_CLOSE,True,3.4400000000000004,PS_CLOSE_rulesusa_train30_n120_ev0p02_top1_ridge10_cap0.08|USA,3284,0.244214,-0.4,-0.6,-0.162792,-0.280342,0.0,2.347604,0.119168,2021-04-19,2021,1.4906543764441336,0.0,1.0,3.284,0.4,0.6,0.162792,0.280342,0.2786581431817165,0.2372421557268214
2021-04-24,2021-04,USA,New York City,FC Cincinnati,away,home,7.88,"[7.0,inf)",0.12285263446761799,"[0.00,0.20)",market_non_favorite,PS_CLOSE,False,-1.0,PS_CLOSE_rulesusa_train30_n120_ev0p02_top1_ridge10_cap0.08|USA,3285,0.24414,1.8,1.8,0.834477,1.372055,0.0,2.483329,0.966632,2021-04-24,2021,2.064327903869788,0.0,0.0,3.285,1.8,1.8,0.834477,1.372055,0.14252276694798122,0.12307940355009195
2021-04-25,2021-04,USA,New England Revolution,DC United,away,home,7.48,"[7.0,inf)",0.1297248748582513,"[0.00,0.20)",market_non_favorite,PS_CLOSE,False,-1.0,PS_CLOSE_rulesusa_train30_n120_ev0p02_top1_ridge10_cap0.08|USA,3291,0.24491,0.2,0.6,0.056137,0.100901,0.0,2.427652,0.521213,2021-04-25,2021,2.012232791986386,0.0,0.0,3.291,0.2,0.6,0.056137,0.100901,0.14964549102931302,0.11934827289926142
2021-05-01,2021-05,USA,CF Montreal,Columbus Crew,home,draw,3.13,"[2.8,3.5)",0.31045820371743915,"[0.28,0.34)",market_non_favorite,PS_CLOSE,False,-1.0,PS_CLOSE_rulesusa_train30_n120_ev0p02_top1_ridge10_cap0.08|USA,3298,0.244391,-0.8,-0.8,-0.145241,-0.216628,-6.0,2.35741,0.040721,2021-05-01,2021,1.1410330045520618,0.0,1.0,3.298,0.8,0.8,0.145241,0.216628,0.35747223618966323,0.11888809927364585
2021-05-02,2021-05,USA,Orlando City,FC Cincinnati,away,home,7.29,"[7.0,inf)",0.13297498329314,"[0.00,0.20)",market_non_favorite,PS_CLOSE,False,-1.0,PS_CLOSE_rulesusa_train30_n120_ev0p02_top1_ridge10_cap0.08|USA,3302,0.2447,0.4,1.2,0.49403,0.928109,0.0,2.459702,0.777613,2021-05-02,2021,1.986503546020567,0.0,0.0,3.302,0.4,1.2,0.49403,0.928109,0.15377946278981244,0.1210522837377328
2021-05-03,2021-05,USA,Vancouver Whitecaps,Colorado Rapids,home,away,3.86,"[3.5,4.0)",0.2520530638029059,"[0.20,0.28)",market_non_favorite,PS_CLOSE,False,-1.0,PS_CLOSE_rulesusa_train30_n120_ev0p02_top1_ridge10_cap0.08|USA,3309,0.244485,0.0,0.8,0.136748,0.114204,1.0,2.384008,0.172068,2021-05-03,2021,1.3506671834767394,0.0,1.0,3.309,0.0,0.8,0.136748,0.114204,0.3102505413042231,0.19756708943430112
2021-05-08,2021-05,USA,Vancouver Whitecaps,CF Montreal,home,home,3.12,"[2.8,3.5)",0.31165522557909037,"[0.28,0.34)",market_non_favorite,PS_CLOSE,True,2.12,PS_CLOSE_rulesusa_train30_n120_ev0p02_top1_ridge10_cap0.08|USA,3311,0.244337,-0.2,0.0,0.054858,0.030903,-2.0,2.396374,0.270989,2021-05-08,2021,1.1378330018213911,0.0,1.0,3.311,0.2,0.0,0.054858,0.030903,0.35845077400434133,0.11836641489354505
2021-05-09,2021-05,USA,Los Angeles Galaxy,Los Angeles FC,home,home,3.95,"[3.5,4.0)",0.24580060422960723,"[0.20,0.28)",market_non_favorite,PS_CLOSE,True,2.95,PS_CLOSE_rulesusa_train30_n120_ev0p02_top1_ridge10_cap0.08|USA,3319,0.244351,0.2,-0.8,-0.285449,-0.576589,-2.0,2.349519,0.103846,2021-05-09,2021,1.3737155789130306,0.0,1.0,3.319,0.2,0.8,0.285449,0.576589,0.3048915581950282,0.20432165487036147
2021-05-13,2021-05,USA,San Jose Earthquakes,Seattle Sounders,home,away,2.64,"[2.2,2.8)",0.36540195034008033,"[0.34,0.42)",market_favorite,PS_CLOSE,False,-1.0,PS_CLOSE_rulesusa_train30_n120_ev0p02_top1_ridge10_cap0.08|USA,3324,0.244284,0.0,0.0,-0.383273,-0.550584,1.0,2.351476,0.088192,2021-05-13,2021,0.9707789171582248,0.0,1.0,3.324,0.0,0.0,0.383273,0.550584,0.40219681662083623,0.06179959587900763
2021-05-14,2021-05,USA,DC United,Chicago Fire,home,home,2.34,"[2.2,2.8)",0.411905822680695,"[0.34,0.42)",market_favorite,PS_CLOSE,True,1.3399999999999999,PS_CLOSE_rulesusa_train30_n120_ev0p02_top1_ridge10_cap0.08|USA,3330,0.244144,0.4,0.2,0.103449,0.005234,0.0,2.398219,0.285754,2021-05-14,2021,0.85015092936961,0.0,1.0,3.33,0.4,0.2,0.103449,0.005234,0.440024539950957,0.029657423485239365
2021-05-16,2021-05,USA,Sporting Kansas City,Vancouver Whitecaps,away,home,7.45,"[7.0,inf)",0.12967122767373293,"[0.00,0.20)",market_non_favorite,PS_CLOSE,False,-1.0,PS_CLOSE_rulesusa_train30_n120_ev0p02_top1_ridge10_cap0.08|USA,3333,0.244224,0.0,-0.4,0.205477,0.35746,0.0,2.421946,0.475564,2021-05-16,2021,2.0082140323914683,0.0,0.0,3.333,0.0,0.4,0.205477,0.35746,0.15248700458847156,0.1360281841841131
2021-05-17,2021-05,USA,DC United,Orlando City,home,away,3.26,"[2.8,3.5)",0.2961386048762781,"[0.28,0.34)",market_non_favorite,PS_CLOSE,False,-1.0,PS_CLOSE_rulesusa_train30_n120_ev0p02_top1_ridge10_cap0.08|USA,3342,0.243866,0.0,-1.0,0.089696,0.11709,-6.0,2.373182,0.085457,2021-05-17,2021,1.1817271953786161,0.0,1.0,3.342,0.0,1.0,0.089696,0.11709,0.34609403911561243,0.12826656751689636
2021-05-22,2021-05,USA,Chicago Fire,Inter Miami,home,home,2.37,"[2.2,2.8)",0.41095675378698693,"[0.34,0.42)",market_favorite,PS_CLOSE,True,1.37,PS_CLOSE_rulesusa_train30_n120_ev0p02_top1_ridge10_cap0.08|USA,3344,0.24372,-1.4,-1.4,0.112141,0.301104,2.0,2.394499,0.25599,2021-05-22,2021,0.8628899551470398,0.0,1.0,3.344,1.4,1.4,0.112141,0.301104,0.4393806687862402,0.04133218502338942
2021-05-23,2021-05,USA,Houston Dynamo,Vancouver Whitecaps,away,home,6.29,"[5.0,7.0)",0.15383819379115712,"[0.00,0.20)",market_non_favorite,PS_CLOSE,False,-1.0,PS_CLOSE_rulesusa_train30_n120_ev0p02_top1_ridge10_cap0.08|USA,3347,0.243502,0.2,0.2,-0.06155,0.048084,0.0,2.406489,0.351911,2021-05-23,2021,1.8389610707123492,0.0,0.0,3.347,0.2,0.2,0.06155,0.048084,0.17087988436008578,0.07483447262493947
2021-05-24,2021-05,USA,DC United,Philadelphia Union,home,away,3.16,"[2.8,3.5)",0.30802219405375453,"[0.28,0.34)",market_non_favorite,PS_CLOSE,False,-1.0,PS_CLOSE_rulesusa_train30_n120_ev0p02_top1_ridge10_cap0.08|USA,3355,0.243517,-0.8,-1.2,-0.045793,-0.163022,-1.0,2.3504,0.096798,2021-05-24,2021,1.1505720275988207,0.0,1.0,3.355,0.8,1.2,0.045793,0.163022,0.3557464934709888,0.12415891936832457
2021-05-29,2021-05,USA,FC Cincinnati,New England Revolution,home,away,3.66,"[3.5,4.0)",0.26579096618797216,"[0.20,0.28)",market_non_favorite,PS_CLOSE,False,-1.0,PS_CLOSE_rulesusa_train30_n120_ev0p02_top1_ridge10_cap0.08|USA,3357,0.243372,-1.2,-2.0,-0.655967,-1.177868,1.0,2.326096,0.291232,2021-05-29,2021,1.297463147413275,0.0,1.0,3.357,1.2,2.0,0.655967,1.177868,0.3215114600218519,0.1767319436799779
2021-05-30,2021-05,USA,Sporting Kansas City,Houston Dynamo,away,home,5.26,"[5.0,7.0)",0.18447176635422666,"[0.00,0.20)",market_non_favorite,PS_CLOSE,False,-1.0,PS_CLOSE_rulesusa_train30_n120_ev0p02_top1_ridge10_cap0.08|USA,3363,0.243235,0.2,0.6,0.275054,0.329479,0.0,2.424428,0.495425,2021-05-30,2021,1.6601310267496185,0.0,0.0,3.363,0.2,0.6,0.275054,0.329479,0.1940121758723224,0.020504045088415745
2021-05-31,2021-05,USA,Seattle Sounders,Austin FC,away,draw,6.6,"[5.0,7.0)",0.14661520891584295,"[0.00,0.20)",market_non_favorite,PS_CLOSE,False,-1.0,PS_CLOSE_rulesusa_train30_n120_ev0p02_top1_ridge10_cap0.08|USA,3368,0.243171,1.4,1.6,0.664688,0.853116,1.0,2.451857,0.714857,2021-05-31,2021,1.8870696490323797,0.0,0.0,3.368,1.4,1.6,0.664688,0.853116,0.16444970781712095,0.08536807159299831
2021-06-19,2021-06,USA,New York Red Bulls,Nashville SC,home,home,2.6,"[2.2,2.8)",0.37465309898242366,"[0.34,0.42)",market_favorite,PS_CLOSE,True,1.6,PS_CLOSE_rulesusa_train30_n120_ev0p02_top1_ridge10_cap0.08|USA,3371,0.243548,0.0,-0.2,0.155884,0.082729,0.0,2.394048,0.252384,2021-06-19,2021,0.9555114450274363,0.0,1.0,3.371,0.0,0.2,0.155884,0.082729,0.4100195763211093,0.06605089843488421
2021-06-20,2021-06,USA,Los Angeles FC,Houston Dynamo,away,draw,9.72,"[7.0,inf)",0.09966163754352127,"[0.00,0.20)",market_non_favorite,PS_CLOSE,False,-1.0,PS_CLOSE_rulesusa_train30_n120_ev0p02_top1_ridge10_cap0.08|USA,3373,0.243403,-0.6,-0.4,0.454819,0.795903,0.0,2.443248,0.645985,2021-06-20,2021,2.2741856184723477,0.0,0.0,3.373,0.6,0.4,0.454819,0.795903,0.11746932461308528,0.141801835239189
2021-06-23,2021-06,USA,Orlando City,San Jose Earthquakes,away,home,6.6,"[5.0,7.0)",0.1467069638584561,"[0.00,0.20)",market_non_favorite,PS_CLOSE,False,-1.0,PS_CLOSE_rulesusa_train30_n120_ev0p02_top1_ridge10_cap0.08|USA,3384,0.243794,1.8,1.6,-0.035842,-0.036684,0.0,2.426671,0.513368,2021-06-23,2021,1.8870696490323797,0.0,0.0,3.384,1.8,1.6,0.035842,0.036684,0.15733308744389488,0.03839837712970606
2021-06-24,2021-06,USA,Los Angeles FC,FC Dallas,away,home,9.35,"[7.0,inf)",0.10375211273803975,"[0.00,0.20)",market_non_favorite,PS_CLOSE,False,-1.0,PS_CLOSE_rulesusa_train30_n120_ev0p02_top1_ridge10_cap0.08|USA,3385,0.243722,0.2,0.2,0.232082,0.568407,0.0,2.423194,0.485551,2021-06-24,2021,2.2353763433005955,0.0,0.0,3.385,0.2,0.2,0.232082,0.568407,0.12093641044147556,0.1307554376277964
2021-06-26,2021-06,USA,Inter Miami,Orlando City,home,away,3.55,"[3.5,4.0)",0.27397743300423133,"[0.20,0.28)",market_non_favorite,PS_CLOSE,False,-1.0,PS_CLOSE_rulesusa_train30_n120_ev0p02_top1_ridge10_cap0.08|USA,3397,0.24345,-1.8,-2.6,-0.261072,-0.344988,3.0,2.356001,0.051991,2021-06-26,2021,1.2669476034873244,0.0,1.0,3.397,1.8,2.6,0.261072,0.344988,0.3245801516923993,0.15225953850801743
2021-06-27,2021-06,USA,Seattle Sounders,Vancouver Whitecaps,away,draw,8.13,"[7.0,inf)",0.11905365348378494,"[0.00,0.20)",market_non_favorite,PS_CLOSE,False,-1.0,PS_CLOSE_rulesusa_train30_n120_ev0p02_top1_ridge10_cap0.08|USA,3399,0.243307,2.2,2.4,0.369306,0.522549,0.0,2.483651,0.969207,2021-06-27,2021,2.0955609235597192,0.0,0.0,3.399,2.2,2.4,0.369306,0.522549,0.13388245483227681,0.0884643577864106
2021-06-28,2021-06,USA,FC Dallas,New England Revolution,home,home,3.45,"[2.8,3.5)",0.2819425708228946,"[0.28,0.34)",market_non_favorite,PS_CLOSE,True,2.45,PS_CLOSE_rulesusa_train30_n120_ev0p02_top1_ridge10_cap0.08|USA,3408,0.244131,-2.6,-2.4,0.07961,0.126404,0.0,2.371882,0.075059,2021-06-28,2021,1.2383742310432684,0.0,1.0,3.408,2.6,2.4,0.07961,0.126404,0.33133695041926,0.14311247894644707
2021-07-02,2021-07,USA,Austin FC,Portland Timbers,home,home,2.25,"[2.2,2.8)",0.4330420980642424,"[0.42,0.55)",market_favorite,PS_CLOSE,True,1.25,PS_CLOSE_rulesusa_train30_n120_ev0p02_top1_ridge10_cap0.08|USA,3410,0.244282,-0.6,-0.4,-0.565073,-0.573086,-1.0,2.378326,0.126607,2021-07-02,2021,0.8109302162163288,0.0,1.0,3.41,0.6,0.4,0.565073,0.573086,0.4543690116111015,0.0223302761249784
2021-07-03,2021-07,USA,Columbus Crew,New England Revolution,home,draw,2.71,"[2.2,2.8)",0.35887283248040297,"[0.34,0.42)",market_non_favorite,PS_CLOSE,False,-1.0,PS_CLOSE_rulesusa_train30_n120_ev0p02_top1_ridge10_cap0.08|USA,3411,0.24421,-0.4,-0.2,0.031058,0.061875,0.0,2.398993,0.291941,2021-07-03,2021,0.9969486348916096,0.0,1.0,3.411,0.4,0.2,0.031058,0.061875,0.3897644487565329,0.05626165613020406
2021-07-04,2021-07,USA,Real Salt Lake,Los Angeles FC,home,away,3.29,"[2.8,3.5)",0.2956901528652827,"[0.28,0.34)",market_non_favorite,PS_CLOSE,False,-1.0,PS_CLOSE_rulesusa_train30_n120_ev0p02_top1_ridge10_cap0.08|USA,3413,0.24436,-0.2,0.0,-0.265511,-0.651032,-1.0,2.368456,0.047647,2021-07-04,2021,1.1908875647772805,0.0,1.0,3.413,0.2,0.0,0.265511,0.651032,0.33487900792434183,0.10175193607108457
2021-07-05,2021-07,USA,Los Angeles Galaxy,Sporting Kansas City,home,away,2.7,"[2.2,2.8)",0.3603093092193909,"[0.34,0.42)",market_non_favorite,PS_CLOSE,False,-1.0,PS_CLOSE_rulesusa_train30_n120_ev0p02_top1_ridge10_cap0.08|USA,3420,0.244444,-0.2,-0.6,-0.063343,-0.055011,-1.0,2.38132,0.150559,2021-07-05,2021,0.9932517730102834,0.0,1.0,3.42,0.2,0.6,0.063343,0.055011,0.39116766831473554,0.05615270444978604
2021-07-08,2021-07,USA,Vancouver Whitecaps,Real Salt Lake,home,away,4.41,"[4.0,5.0)",0.21991300144997583,"[0.20,0.28)",market_non_favorite,PS_CLOSE,False,-1.0,PS_CLOSE_rulesusa_train30_n120_ev0p02_top1_ridge10_cap0.08|USA,3423,0.244814,-0.6,-0.8,-0.128762,-0.190605,-1.0,2.380408,0.143264,2021-07-08,2021,1.4838746894587547,0.0,1.0,3.423,0.6,0.8,0.128762,0.190605,0.2681266250355507,0.1824384164067785
2021-07-10,2021-07,USA,FC Cincinnati,Columbus Crew,home,draw,2.47,"[2.2,2.8)",0.39385576294574764,"[0.34,0.42)",market_favorite,PS_CLOSE,False,-1.0,PS_CLOSE_rulesusa_train30_n120_ev0p02_top1_ridge10_cap0.08|USA,3433,0.244684,-0.2,-0.4,-0.646337,-1.157524,-1.0,2.330982,0.252141,2021-07-10,2021,0.9042181506398859,0.0,1.0,3.433,0.2,0.4,0.646337,1.157524,0.42012544832481713,0.03770985736229848
2021-07-17,2021-07,USA,Atlanta Utd,New England Revolution,home,away,3.92,"[3.5,4.0)",0.24342799831081083,"[0.20,0.28)",market_non_favorite,PS_CLOSE,False,-1.0,PS_CLOSE_rulesusa_train30_n120_ev0p02_top1_ridge10_cap0.08|USA,3434,0.244904,-0.8,-0.8,0.240662,0.511146,-1.0,2.379727,0.137817,2021-07-17,2021,1.366091653802371,0.0,1.0,3.434,0.8,0.8,0.240662,0.511146,0.28924863636251025,0.13385465454104017
2021-07-18,2021-07,USA,Columbus Crew,New York City,home,home,3.25,"[2.8,3.5)",0.29920102856093306,"[0.28,0.34)",market_non_favorite,PS_CLOSE,True,2.25,PS_CLOSE_rulesusa_train30_n120_ev0p02_top1_ridge10_cap0.08|USA,3435,0.244833,-0.6,-0.0,-0.143702,-0.202105,-2.0,2.389219,0.213756,2021-07-18,2021,1.1786549963416462,0.0,1.0,3.435,0.6,0.0,0.143702,0.202105,0.33786154350396386,0.09805001638788258
2021-07-21,2021-07,USA,Vancouver Whitecaps,Houston Dynamo,home,draw,2.85,"[2.8,3.5)",0.3413785894828864,"[0.34,0.42)",market_non_favorite,PS_CLOSE,False,-1.0,PS_CLOSE_rulesusa_train30_n120_ev0p02_top1_ridge10_cap0.08|USA,3445,0.244702,0.2,-0.4,0.053719,-0.06294,-10.0,2.38534,0.182722,2021-07-21,2021,1.0473189942805592,0.0,1.0,3.445,0.2,0.4,0.053719,0.06294,0.37461014723434094,0.06763891961787172
2021-07-22,2021-07,USA,Portland Timbers,Los Angeles FC,home,home,3.58,"[3.5,4.0)",0.2712827471873684,"[0.20,0.28)",market_non_favorite,PS_CLOSE,True,2.58,PS_CLOSE_rulesusa_train30_n120_ev0p02_top1_ridge10_cap0.08|USA,3446,0.244922,-1.0,-1.4,-0.259625,-0.585465,0.0,2.38352,0.168159,2021-07-22,2021,1.275362800412609,0.0,1.0,3.446,1.0,1.4,0.259625,0.585465,0.31368766882534505,0.12300185439473532
2021-07-25,2021-07,USA,Los Angeles FC,Vancouver Whitecaps,away,draw,12.53,"[7.0,inf)",0.07712531286227504,"[0.00,0.20)",market_non_favorite,PS_CLOSE,False,-1.0,PS_CLOSE_rulesusa_train30_n120_ev0p02_top1_ridge10_cap0.08|USA,3459,0.245736,0.6,1.0,0.418497,0.85532,-1.0,2.461912,0.795297,2021-07-25,2021,2.528125768907977,0.0,0.0,3.459,0.6,1.0,0.418497,0.85532,0.08827435505458128,0.10607766883390335
2021-07-26,2021-07,USA,Inter Miami,Philadelphia Union,home,draw,2.92,"[2.8,3.5)",0.3333079221808868,"[0.28,0.34)",market_non_favorite,PS_CLOSE,False,-1.0,PS_CLOSE_rulesusa_train30_n120_ev0p02_top1_ridge10_cap0.08|USA,3468,0.245675,-1.0,-2.0,-0.453878,-0.74109,1.0,2.333906,0.228755,2021-07-26,2021,1.0715836162801904,0.0,1.0,3.468,1.0,2.0,0.453878,0.74109,0.36752526667090235,0.07317377867903474
2021-08-01,2021-08,USA,Vancouver Whitecaps,Minnesota United,home,draw,3.54,"[3.5,4.0)",0.2744965962020781,"[0.20,0.28)",market_non_favorite,PS_CLOSE,False,-1.0,PS_CLOSE_rulesusa_train30_n120_ev0p02_top1_ridge10_cap0.08|USA,3477,0.245614,-0.4,-0.6,-0.018499,-0.014335,4.0,2.35119,0.090477,2021-08-01,2021,1.264126727145683,0.0,1.0,3.477,0.4,0.6,0.018499,0.014335,0.31802032123393803,0.12579193716814063
2021-08-02,2021-08,USA,Toronto FC,Nashville SC,home,draw,2.46,"[2.2,2.8)",0.3954003309935514,"[0.34,0.42)",market_favorite,PS_CLOSE,False,-1.0,PS_CLOSE_rulesusa_train30_n120_ev0p02_top1_ridge10_cap0.08|USA,3484,0.246269,-0.6,-2.4,-0.20122,-0.371951,0.0,2.379846,0.138771,2021-08-02,2021,0.9001613499442714,0.0,1.0,3.484,0.6,2.4,0.20122,0.371951,0.42147600872591856,0.03683098146575969
2021-08-05,2021-08,USA,Chicago Fire,New York City,home,draw,3.78,"[3.5,4.0)",0.25669099756691,"[0.20,0.28)",market_non_favorite,PS_CLOSE,False,-1.0,PS_CLOSE_rulesusa_train30_n120_ev0p02_top1_ridge10_cap0.08|USA,3485,0.246485,-0.8,-2.0,-0.390491,-0.443302,-1.0,2.339198,0.186416,2021-08-05,2021,1.3297240096314962,0.0,1.0,3.485,0.8,2.0,0.390491,0.443302,0.30305541235668215,0.14554945870825842
2021-08-08,2021-08,USA,Toronto FC,New York City,home,draw,3.55,"[3.5,4.0)",0.2738487100456222,"[0.20,0.28)",market_non_favorite,PS_CLOSE,False,-1.0,PS_CLOSE_rulesusa_train30_n120_ev0p02_top1_ridge10_cap0.08|USA,3497,0.247641,-0.8,-2.0,-0.233333,-0.287879,0.0,2.357859,0.037129,2021-08-08,2021,1.2669476034873244,0.0,1.0,3.497,0.8,2.0,0.233333,0.287879,0.31757318682161656,0.12738481321673878
2021-08-09,2021-08,USA,San Jose Earthquakes,Los Angeles FC,home,home,3.5,"[3.5,4.0)",0.2781807769399637,"[0.20,0.28)",market_non_favorite,PS_CLOSE,True,2.5,PS_CLOSE_rulesusa_train30_n120_ev0p02_top1_ridge10_cap0.08|USA,3507,0.24779,0.4,0.8,-0.438693,-0.869873,0.0,2.36592,0.02736,2021-08-09,2021,1.252762968495368,0.0,1.0,3.507,0.4,0.8,0.438693,0.869873,0.3214517436213648,0.1250811026747769
2021-08-15,2021-08,USA,Toronto FC,New England Revolution,home,away,2.79,"[2.2,2.8)",0.34871742739995254,"[0.34,0.42)",market_non_favorite,PS_CLOSE,False,-1.0,PS_CLOSE_rulesusa_train30_n120_ev0p02_top1_ridge10_cap0.08|USA,3512,0.248007,-1.4,-2.0,-0.070085,-0.018155,0.0,2.36375,0.009999,2021-08-15,2021,1.0260415958332743,0.0,1.0,3.512,1.4,2.0,0.070085,0.018155,0.38178077417611916,0.06516835995137238
2021-08-16,2021-08,USA,Portland Timbers,Seattle Sounders,home,away,2.63,"[2.2,2.8)",0.3701109819176347,"[0.34,0.42)",market_favorite,PS_CLOSE,False,-1.0,PS_CLOSE_rulesusa_train30_n120_ev0p02_top1_ridge10_cap0.08|USA,3520,0.247443,0.6,0.2,-0.184832,-0.240661,-3.0,2.372422,0.079373,2021-08-16,2021,0.9669838461896731,0.0,1.0,3.52,0.6,0.2,0.184832,0.240661,0.3998978510607575,0.05173134828979209
2021-08-18,2021-08,USA,San Jose Earthquakes,Minnesota United,home,draw,2.35,"[2.2,2.8)",0.4140616225525065,"[0.34,0.42)",market_favorite,PS_CLOSE,False,-1.0,PS_CLOSE_rulesusa_train30_n120_ev0p02_top1_ridge10_cap0.08|USA,3522,0.247303,0.2,-0.0,-0.061318,-0.079476,0.0,2.372681,0.08145,2021-08-18,2021,0.8544153281560676,0.0,1.0,3.522,0.2,0.0,0.061318,0.079476,0.4375449383334483,0.028230605083603644
2021-08-19,2021-08,USA,Philadelphia Union,New York City,home,home,2.51,"[2.2,2.8)",0.3874664871795836,"[0.34,0.42)",market_favorite,PS_CLOSE,True,1.5099999999999998,PS_CLOSE_rulesusa_train30_n120_ev0p02_top1_ridge10_cap0.08|USA,3524,0.247446,-1.2,-1.8,-0.225953,-0.254435,7.0,2.390306,0.222444,2021-08-19,2021,0.9202827531436925,0.0,1.0,3.524,1.2,1.8,0.225953,0.254435,0.41476956384567204,0.041071605252636756
2021-08-21,2021-08,USA,Columbus Crew,Seattle Sounders,home,away,2.5,"[2.2,2.8)",0.3892213286580021,"[0.34,0.42)",market_favorite,PS_CLOSE,False,-1.0,PS_CLOSE_rulesusa_train30_n120_ev0p02_top1_ridge10_cap0.08|USA,3535,0.247525,-1.4,-2.0,-0.268699,-0.336247,0.0,2.361408,0.00874,2021-08-21,2021,0.9162907318741551,0.0,1.0,3.535,1.4,2.0,0.268699,0.336247,0.4163136385239444,0.04078409630986091
2021-08-22,2021-08,USA,Vancouver Whitecaps,Los Angeles FC,home,home,4.19,"[4.0,5.0)",0.2316570664250426,"[0.20,0.28)",market_non_favorite,PS_CLOSE,True,3.1900000000000004,PS_CLOSE_rulesusa_train30_n120_ev0p02_top1_ridge10_cap0.08|USA,3538,0.247598,1.0,1.2,-0.359627,-0.776398,-4.0,2.359797,0.021621,2021-08-22,2021,1.4327007339340465,0.0,1.0,3.538,1.0,1.2,0.359627,0.776398,0.2812803705324995,0.17856475253117288
2021-08-28,2021-08,USA,Atlanta Utd,Nashville SC,home,away,2.39,"[2.2,2.8)",0.4074595991755933,"[0.34,0.42)",market_favorite,PS_CLOSE,False,-1.0,PS_CLOSE_rulesusa_train30_n120_ev0p02_top1_ridge10_cap0.08|USA,3548,0.247463,1.4,0.4,0.112903,0.094951,-3.0,2.38462,0.176963,2021-08-28,2021,0.8712933659434193,0.0,1.0,3.548,1.4,0.4,0.112903,0.094951,0.43186920254804945,0.03216739408983815
2021-08-29,2021-08,USA,DC United,Philadelphia Union,home,home,2.34,"[2.2,2.8)",0.4158164598058021,"[0.34,0.42)",market_favorite,PS_CLOSE,True,1.3399999999999999,PS_CLOSE_rulesusa_train30_n120_ev0p02_top1_ridge10_cap0.08|USA,3552,0.247466,-0.4,-1.0,-0.052996,-0.158875,0.0,2.361935,0.004524,2021-08-29,2021,0.85015092936961,0.0,1.0,3.552,0.4,1.0,0.052996,0.158875,0.4391022086189639,0.027499168168375387
2021-09-04,2021-09,USA,Nashville SC,New York City,home,home,2.76,"[2.2,2.8)",0.3524302004746561,"[0.34,0.42)",market_non_favorite,PS_CLOSE,True,1.7599999999999998,PS_CLOSE_rulesusa_train30_n120_ev0p02_top1_ridge10_cap0.08|USA,3560,0.247472,0.0,0.2,-0.035049,0.123005,1.0,2.383669,0.16935,2021-09-04,2021,1.0152306797290584,0.0,1.0,3.56,0.0,0.2,0.035049,0.123005,0.38340730942532736,0.05820417401390343
2021-09-05,2021-09,USA,FC Cincinnati,Inter Miami,home,away,2.61,"[2.2,2.8)",0.3725431461554414,"[0.34,0.42)",market_favorite,PS_CLOSE,False,-1.0,PS_CLOSE_rulesusa_train30_n120_ev0p02_top1_ridge10_cap0.08|USA,3564,0.247194,-1.4,-1.2,-0.324592,-0.554196,1.0,2.373082,0.084654,2021-09-05,2021,0.959350221334602,0.0,1.0,3.564,1.4,1.2,0.324592,0.554196,0.3999975709840475,0.04399366026836393
2021-09-11,2021-09,USA,Atlanta Utd,Orlando City,home,home,2.53,"[2.2,2.8)",0.3846211952395881,"[0.34,0.42)",market_favorite,PS_CLOSE,True,1.5299999999999998,PS_CLOSE_rulesusa_train30_n120_ev0p02_top1_ridge10_cap0.08|USA,3569,0.246848,0.6,0.0,0.353695,0.679487,8.0,2.387406,0.199246,2021-09-11,2021,0.9282193027394288,0.0,1.0,3.569,0.6,0.0,0.353695,0.679487,0.40978233310389967,0.03674930275286603
2021-09-12,2021-09,USA,New England Revolution,New York City,home,home,2.67,"[2.2,2.8)",0.3645149657410746,"[0.34,0.42)",market_non_favorite,PS_CLOSE,True,1.67,PS_CLOSE_rulesusa_train30_n120_ev0p02_top1_ridge10_cap0.08|USA,3573,0.246851,1.0,0.6,-0.145586,-0.256096,0.0,2.400744,0.305949,2021-09-12,2021,0.9820784724121582,0.0,1.0,3.573,1.0,0.6,0.145586,0.256096,0.39336159320890596,0.050275453867778985
2021-09-13,2021-09,USA,Los Angeles FC,Real Salt Lake,draw,home,4.66,"[4.0,5.0)",0.20771806743099347,"[0.20,0.28)",market_non_favorite,PS_CLOSE,False,-1.0,PS_CLOSE_rulesusa_train30_n120_ev0p02_top1_ridge10_cap0.08|USA,3581,0.246858,-1.0,0.4,0.224832,0.585512,1.0,2.42236,0.478876,2021-09-13,2021,1.5390154481375546,1.0,0.0,3.581,1.0,0.4,0.224832,0.585512,0.2201745287777664,0.026013304104391288
2021-09-15,2021-09,USA,New York City,FC Dallas,draw,draw,5.14,"[5.0,7.0)",0.18810019102655526,"[0.00,0.20)",market_non_favorite,PS_CLOSE,True,4.14,PS_CLOSE_rulesusa_train30_n120_ev0p02_top1_ridge10_cap0.08|USA,3582,0.24679,0.2,0.0,0.096904,0.159747,0.0,2.434293,0.574345,2021-09-15,2021,1.6370530794670737,1.0,0.0,3.582,0.2,0.0,0.096904,0.159747,0.20342711987760614,0.045615396170895606
2021-09-16,2021-09,USA,Austin FC,Los Angeles FC,home,away,3.01,"[2.8,3.5)",0.3234561633908306,"[0.28,0.34)",market_non_favorite,PS_CLOSE,False,-1.0,PS_CLOSE_rulesusa_train30_n120_ev0p02_top1_ridge10_cap0.08|USA,3585,0.246862,-0.8,-1.6,-0.837779,-1.187066,1.0,2.360477,0.016186,2021-09-16,2021,1.1019400787607843,0.0,1.0,3.585,0.8,1.6,0.837779,1.187066,0.36020396133475807,0.08421392361762181
2021-09-19,2021-09,USA,FC Cincinnati,New York City,home,away,4.73,"[4.0,5.0)",0.205078125,"[0.20,0.28)",market_non_favorite,PS_CLOSE,False,-1.0,PS_CLOSE_rulesusa_train30_n120_ev0p02_top1_ridge10_cap0.08|USA,3595,0.246732,-0.2,-1.0,-0.797574,-1.338391,-1.0,2.318799,0.349605,2021-09-19,2021,1.5539252025038417,0.0,1.0,3.595,0.2,1.0,0.797574,1.338391,0.2622496622367534,0.24044090237984372
2021-09-20,2021-09,USA,Portland Timbers,Los Angeles FC,home,home,2.55,"[2.2,2.8)",0.382073285169985,"[0.34,0.42)",market_favorite,PS_CLOSE,True,1.5499999999999998,PS_CLOSE_rulesusa_train30_n120_ev0p02_top1_ridge10_cap0.08|USA,3604,0.246393,0.0,-0.4,-0.199781,-0.525875,0.0,2.393204,0.245629,2021-09-20,2021,0.9360933591703348,0.0,1.0,3.604,0.0,0.4,0.199781,0.525875,0.40773946200164785,0.03973562810420184
2021-09-23,2021-09,USA,Inter Miami,Nashville SC,home,away,3.61,"[3.5,4.0)",0.26941060232644415,"[0.20,0.28)",market_non_favorite,PS_CLOSE,False,-1.0,PS_CLOSE_rulesusa_train30_n120_ev0p02_top1_ridge10_cap0.08|USA,3606,0.246534,0.0,-1.0,-0.393333,-0.92,1.0,2.353807,0.069543,2021-09-23,2021,1.2837077723447896,0.0,1.0,3.606,0.0,1.0,0.393333,0.92,0.31517611037951093,0.13778575847003438
2021-09-26,2021-09,USA,Chicago Fire,Nashville SC,home,draw,2.77,"[2.2,2.8)",0.3517389994670621,"[0.34,0.42)",market_non_favorite,PS_CLOSE,False,-1.0,PS_CLOSE_rulesusa_train30_n120_ev0p02_top1_ridge10_cap0.08|USA,3610,0.246537,-1.8,-3.0,-0.417957,-0.675955,0.0,2.343011,0.155915,2021-09-26,2021,1.0188473201992472,0.0,1.0,3.61,1.8,3.0,0.417957,0.675955,0.38287479304110056,0.06056317672384859
2021-09-27,2021-09,USA,Austin FC,Los Angeles Galaxy,home,home,2.84,"[2.8,3.5)",0.34278275961816607,"[0.34,0.42)",market_non_favorite,PS_CLOSE,True,1.8399999999999999,PS_CLOSE_rulesusa_train30_n120_ev0p02_top1_ridge10_cap0.08|USA,3620,0.246409,-0.6,-0.8,-0.701538,-0.753846,0.0,2.385211,0.181689,2021-09-27,2021,1.0438040521731147,0.0,1.0,3.62,0.6,0.8,0.701538,0.753846,0.3760863375337822,0.06808519859594142
2021-09-30,2021-09,USA,Chicago Fire,New York City,home,home,3.35,"[2.8,3.5)",0.2907344756084252,"[0.28,0.34)",market_non_favorite,PS_CLOSE,True,2.35,PS_CLOSE_rulesusa_train30_n120_ev0p02_top1_ridge10_cap0.08|USA,3622,0.246273,-0.8,-1.4,-0.378073,-0.446055,0.0,2.34459,0.143281,2021-09-30,2021,1.208960345836975,0.0,1.0,3.622,0.8,1.4,0.378073,0.446055,0.33311960958815623,0.1159506921203235
2021-10-03,2021-10,USA,FC Cincinnati,New York Red Bulls,home,away,3.4,"[2.8,3.5)",0.28596300326441787,"[0.28,0.34)",market_non_favorite,PS_CLOSE,False,-1.0,PS_CLOSE_rulesusa_train30_n120_ev0p02_top1_ridge10_cap0.08|USA,3636,0.24615,-1.0,-2.0,-0.859317,-1.396377,0.0,2.339248,0.186018,2021-10-03,2021,1.2237754316221157,0.0,1.0,3.636,1.0,2.0,0.859317,1.396377,0.33526067762059986,0.13988630391003953
2021-10-04,2021-10,USA,Los Angeles Galaxy,Los Angeles FC,home,draw,2.35,"[2.2,2.8)",0.4143518091832409,"[0.34,0.42)",market_favorite,PS_CLOSE,False,-1.0,PS_CLOSE_rulesusa_train30_n120_ev0p02_top1_ridge10_cap0.08|USA,3646,0.246023,-0.8,-0.8,-0.181205,-0.433118,0.0,2.372017,0.076138,2021-10-04,2021,0.8544153281560676,0.0,1.0,3.646,0.8,0.8,0.181205,0.433118,0.43927541917106505,0.03229723505200299
2021-10-09,2021-10,USA,New York Red Bulls,Inter Miami,away,home,7.19,"[7.0,inf)",0.13500405559200115,"[0.00,0.20)",market_non_favorite,PS_CLOSE,False,-1.0,PS_CLOSE_rulesusa_train30_n120_ev0p02_top1_ridge10_cap0.08|USA,3648,0.246162,1.6,3.0,0.491556,0.903264,0.0,2.436242,0.589933,2021-10-09,2021,1.9726911717329554,0.0,0.0,3.648,1.6,3.0,0.491556,0.903264,0.1441276388362761,0.0362777232328253
2021-10-10,2021-10,USA,FC Cincinnati,Philadelphia Union,home,away,2.96,"[2.8,3.5)",0.32849772382397574,"[0.28,0.34)",market_non_favorite,PS_CLOSE,False,-1.0,PS_CLOSE_rulesusa_train30_n120_ev0p02_top1_ridge10_cap0.08|USA,3649,0.246095,-2.0,-2.8,-0.633868,-1.118717,0.0,2.315305,0.377562,2021-10-10,2021,1.085189268335969,0.0,1.0,3.649,2.0,2.8,0.633868,1.118717,0.3694562184974093,0.09359040675233143
2021-10-16,2021-10,USA,CF Montreal,Philadelphia Union,home,draw,2.33,"[2.2,2.8)",0.41791484427143344,"[0.34,0.42)",market_favorite,PS_CLOSE,False,-1.0,PS_CLOSE_rulesusa_train30_n120_ev0p02_top1_ridge10_cap0.08|USA,3652,0.245893,-0.8,-1.2,-0.08404,-0.203946,7.0,2.359084,0.027325,2021-10-16,2021,0.8458682675776092,0.0,1.0,3.652,0.8,1.2,0.08404,0.203946,0.4420208498793925,0.02990858021898446
2021-10-17,2021-10,USA,FC Cincinnati,Orlando City,home,away,3.47,"[2.8,3.5)",0.2801217468082739,"[0.28,0.34)",market_non_favorite,PS_CLOSE,False,-1.0,PS_CLOSE_rulesusa_train30_n120_ev0p02_top1_ridge10_cap0.08|USA,3655,0.245964,-0.8,-0.4,-0.524178,-0.825889,-7.0,2.343104,0.155171,2021-10-17,2021,1.244154593958768,0.0,1.0,3.655,0.8,0.4,0.524178,0.825889,0.3305242789815523,0.14691924806598644
2021-10-18,2021-10,USA,Vancouver Whitecaps,Sporting Kansas City,home,home,2.84,"[2.8,3.5)",0.3429246264000713,"[0.34,0.42)",market_non_favorite,PS_CLOSE,True,1.8399999999999999,PS_CLOSE_rulesusa_train30_n120_ev0p02_top1_ridge10_cap0.08|USA,3664,0.245906,-0.8,-1.6,-0.235721,-0.40686,-7.0,2.358294,0.033649,2021-10-18,2021,1.0438040521731147,0.0,1.0,3.664,0.8,1.6,0.235721,0.40686,0.38196504093150535,0.08478071624547523
2021-10-21,2021-10,USA,FC Dallas,Los Angeles FC,home,away,3.06,"[2.8,3.5)",0.3177193821147928,"[0.28,0.34)",market_non_favorite,PS_CLOSE,False,-1.0,PS_CLOSE_rulesusa_train30_n120_ev0p02_top1_ridge10_cap0.08|USA,3665,0.245839,-0.4,-0.4,-0.199524,-0.491738,13.0,2.378949,0.131589,2021-10-21,2021,1.1184149159642893,0.0,1.0,3.665,0.4,0.4,0.199524,0.491738,0.3612029400672033,0.10528099660564227
2021-10-23,2021-10,USA,Columbus Crew,New York Red Bulls,home,away,2.64,"[2.2,2.8)",0.3687631546366225,"[0.34,0.42)",market_favorite,PS_CLOSE,False,-1.0,PS_CLOSE_rulesusa_train30_n120_ev0p02_top1_ridge10_cap0.08|USA,3677,0.246125,-1.0,-0.4,-0.2006,-0.295777,-4.0,2.394125,0.252998,2021-10-23,2021,0.9707789171582248,0.0,1.0,3.677,1.0,0.4,0.2006,0.295777,0.4017239085785782,0.060551118647446556
2021-10-24,2021-10,USA,Toronto FC,CF Montreal,home,draw,2.8,"[2.8,3.5)",0.3475366178428762,"[0.34,0.42)",market_non_favorite,PS_CLOSE,False,-1.0,PS_CLOSE_rulesusa_train30_n120_ev0p02_top1_ridge10_cap0.08|USA,3679,0.245991,0.4,0.2,0.04112,0.119959,0.0,2.385426,0.183411,2021-10-24,2021,1.0296194171811581,0.0,1.0,3.679,0.4,0.2,0.04112,0.119959,0.3849589638467161,0.07788509877080485
2021-10-28,2021-10,USA,FC Cincinnati,Nashville SC,home,away,4.8,"[4.0,5.0)",0.20215633423180593,"[0.20,0.28)",market_non_favorite,PS_CLOSE,False,-1.0,PS_CLOSE_rulesusa_train30_n120_ev0p02_top1_ridge10_cap0.08|USA,3691,0.246546,-0.8,-1.4,-0.823379,-1.533412,0.0,2.31131,0.409523,2021-10-28,2021,1.5686159179138452,0.0,1.0,3.691,0.8,1.4,0.823379,1.533412,0.2653906719612261,0.2738752254138854
2021-10-30,2021-10,USA,Inter Miami,New York City,home,away,4.58,"[4.0,5.0)",0.21171086928570595,"[0.20,0.28)",market_non_favorite,PS_CLOSE,False,-1.0,PS_CLOSE_rulesusa_train30_n120_ev0p02_top1_ridge10_cap0.08|USA,3702,0.246083,-0.4,-1.0,-0.43523,-0.789044,0.0,2.347257,0.121941,2021-10-30,2021,1.5216989981260935,0.0,1.0,3.702,0.4,1.0,0.43523,0.789044,0.27381932661933384,0.254092515916549
2021-10-31,2021-10,USA,Houston Dynamo,Colorado Rapids,home,away,3.31,"[2.8,3.5)",0.29372139343337056,"[0.28,0.34)",market_non_favorite,PS_CLOSE,False,-1.0,PS_CLOSE_rulesusa_train30_n120_ev0p02_top1_ridge10_cap0.08|USA,3706,0.246087,-0.6,-1.2,-0.019279,0.05518,4.0,2.349366,0.105072,2021-10-31,2021,1.1969481893889715,0.0,1.0,3.706,0.6,1.2,0.019279,0.05518,0.341713633561055,0.13107212708709204
2021-11-04,2021-11,USA,Austin FC,Sporting Kansas City,home,home,2.95,"[2.8,3.5)",0.3297136196644879,"[0.28,0.34)",market_non_favorite,PS_CLOSE,True,1.9500000000000002,PS_CLOSE_rulesusa_train30_n120_ev0p02_top1_ridge10_cap0.08|USA,3716,0.246502,-0.6,-1.4,-0.677326,-0.883721,0.0,2.340835,0.17332,2021-11-04,2021,1.0818051703517284,0.0,1.0,3.716,0.6,1.4,0.677326,0.883721,0.3639560506023602,0.07367034927696259
2021-11-07,2021-11,USA,FC Cincinnati,Atlanta Utd,home,away,4.08,"[4.0,5.0)",0.23843317716851942,"[0.20,0.28)",market_non_favorite,PS_CLOSE,False,-1.0,PS_CLOSE_rulesusa_train30_n120_ev0p02_top1_ridge10_cap0.08|USA,3718,0.246369,-1.8,-2.8,-0.952425,-1.621899,3.0,2.323751,0.309994,2021-11-07,2021,1.4060969884160703,0.0,1.0,3.718,1.8,2.8,0.952425,1.621899,0.2837163990102785,0.15756290796193628
2021-11-20,2021-11,USA,Philadelphia Union,New York Red Bulls,home,draw,2.54,"[2.2,2.8)",0.3830204948955237,"[0.34,0.42)",market_favorite,PS_CLOSE,False,-1.0,PS_CLOSE_rulesusa_train30_n120_ev0p02_top1_ridge10_cap0.08|USA,3731,0.246851,0.0,0.2,-0.238683,-0.27277,0.0,2.41567,0.425361,2021-11-20,2021,0.9321640810304452,0.0,1.0,3.731,0.0,0.2,0.238683,0.27277,0.4093343508978385,0.03970925128050973
2021-11-28,2021-11,USA,Philadelphia Union,Nashville SC,home,draw,2.43,"[2.2,2.8)",0.4004896460267265,"[0.34,0.42)",market_favorite,PS_CLOSE,False,-1.0,PS_CLOSE_rulesusa_train30_n120_ev0p02_top1_ridge10_cap0.08|USA,3738,0.246923,0.2,-0.2,-0.182995,-0.431031,4.0,2.400465,0.303723,2021-11-28,2021,0.8878912573524571,0.0,1.0,3.738,0.2,0.2,0.182995,0.431031,0.4249899346336896,0.03272554115986592
2021-12-05,2021-12,USA,Philadelphia Union,New York City,home,away,3.91,"[3.5,4.0)",0.24849624192004044,"[0.20,0.28)",market_non_favorite,PS_CLOSE,False,-1.0,PS_CLOSE_rulesusa_train30_n120_ev0p02_top1_ridge10_cap0.08|USA,3742,0.247194,-0.8,-0.6,-0.193068,-0.239086,3.0,2.39607,0.268561,2021-12-05,2021,1.3635373739972745,0.0,1.0,3.742,0.8,0.6,0.193068,0.239086,0.2860413505031393,0.11842168046727464
2021-12-11,2021-12,USA,Portland Timbers,New York City,home,draw,2.81,"[2.8,3.5)",0.34647864356239594,"[0.34,0.42)",market_non_favorite,PS_CLOSE,False,-1.0,PS_CLOSE_rulesusa_train30_n120_ev0p02_top1_ridge10_cap0.08|USA,3743,0.247128,0.8,1.0,-0.050399,-0.145858,1.0,2.394547,0.256376,2021-12-11,2021,1.0331844833456545,0.0,1.0,3.743,0.8,1.0,0.050399,0.145858,0.37265438920496524,0.047158833665952304
2022-02-26,2022-02,USA,Inter Miami,Chicago Fire,home,draw,2.85,"[2.8,3.5)",0.34155808150817857,"[0.34,0.42)",market_non_favorite,PS_CLOSE,False,-1.0,PS_CLOSE_rulesusa_train30_n120_ev0p02_top1_ridge10_cap0.08|USA,3744,0.247329,0.4,1.2,-0.054537,-0.332951,0.0,2.397351,0.278804,2022-02-26,2022,1.0473189942805592,0.0,1.0,3.744,0.4,1.2,0.054537,0.332951,0.3662314903468336,0.043759747488475886
2022-02-27,2022-02,USA,Los Angeles Galaxy,New York City,home,home,2.83,"[2.8,3.5)",0.3442837315470114,"[0.34,0.42)",market_non_favorite,PS_CLOSE,True,1.83,PS_CLOSE_rulesusa_train30_n120_ev0p02_top1_ridge10_cap0.08|USA,3752,0.247601,-0.6,-0.4,-0.101269,-0.13815,0.0,2.353243,0.074055,2022-02-27,2022,1.0402767116551463,0.0,1.0,3.752,0.6,0.4,0.101269,0.13815,0.3685135359115352,0.042893306629644634
2022-03-05,2022-03,USA,Vancouver Whitecaps,New York City,home,draw,3.75,"[3.5,4.0)",0.25912310839015856,"[0.20,0.28)",market_non_favorite,PS_CLOSE,False,-1.0,PS_CLOSE_rulesusa_train30_n120_ev0p02_top1_ridge10_cap0.08|USA,3758,0.247738,-0.6,-1.4,-0.225791,-0.433228,1.0,2.358729,0.030164,2022-03-05,2022,1.3217558399823195,0.0,1.0,3.758,0.6,1.4,0.225791,0.433228,0.2971158249322281,0.11418434349585538
2022-03-06,2022-03,USA,Charlotte,Los Angeles Galaxy,home,away,2.84,"[2.8,3.5)",0.34253082638385196,"[0.34,0.42)",market_non_favorite,PS_CLOSE,False,-1.0,PS_CLOSE_rulesusa_train30_n120_ev0p02_top1_ridge10_cap0.08|USA,3769,0.248076,-1.2,-2.8,-1.456897,-3.149425,1.0,2.402412,0.319297,2022-03-06,2022,1.0438040521731147,0.0,1.0,3.769,1.2,2.8,1.456897,3.149425,0.36718780158628367,0.042813356505045475
2022-03-07,2022-03,USA,Los Angeles FC,Portland Timbers,draw,draw,4.88,"[4.0,5.0)",0.19822727921244115,"[0.00,0.20)",market_non_favorite,PS_CLOSE,True,3.88,PS_CLOSE_rulesusa_train30_n120_ev0p02_top1_ridge10_cap0.08|USA,3771,0.247945,-0.6,-0.4,0.146062,0.448121,1.0,2.389867,0.218937,2022-03-07,2022,1.5851452198650557,1.0,0.0,3.771,0.6,0.4,0.146062,0.448121,0.22011292853256512,0.07415109123891783
2022-03-12,2022-03,USA,Inter Miami,Los Angeles FC,home,away,3.66,"[3.5,4.0)",0.2655766588709085,"[0.20,0.28)",market_non_favorite,PS_CLOSE,False,-1.0,PS_CLOSE_rulesusa_train30_n120_ev0p02_top1_ridge10_cap0.08|USA,3772,0.248144,-0.8,-1.8,-0.543939,-1.15,1.0,2.350899,0.09281,2022-03-12,2022,1.297463147413275,0.0,1.0,3.772,0.8,1.8,0.543939,1.15,0.3022840619024835,0.1063596665630897
2022-03-13,2022-03,USA,Atlanta Utd,Charlotte,draw,home,4.63,"[4.0,5.0)",0.20916915627789706,"[0.20,0.28)",market_non_favorite,PS_CLOSE,False,-1.0,PS_CLOSE_rulesusa_train30_n120_ev0p02_top1_ridge10_cap0.08|USA,3777,0.247816,1.4,1.6,1.619883,2.45614,1.0,2.416327,0.430617,2022-03-13,2022,1.5325568680981427,1.0,0.0,3.777,1.4,1.6,1.619883,2.45614,0.2270152035837093,0.05108039259257402
2022-03-19,2022-03,USA,Charlotte,New England Revolution,home,home,3.08,"[2.8,3.5)",0.3158793397837223,"[0.28,0.34)",market_non_favorite,PS_CLOSE,True,2.08,PS_CLOSE_rulesusa_train30_n120_ev0p02_top1_ridge10_cap0.08|USA,3786,0.247227,-1.0,-1.466667,-1.432277,-1.701249,0.0,2.352402,0.080786,2022-03-19,2022,1.1249295969854831,0.0,1.0,3.786,1.0,1.466667,1.432277,1.701249,0.34433814157370435,0.060561476047009455
2022-03-20,2022-03,USA,Real Salt Lake,Nashville SC,home,home,2.83,"[2.8,3.5)",0.343940990516333,"[0.34,0.42)",market_favorite,PS_CLOSE,True,1.83,PS_CLOSE_rulesusa_train30_n120_ev0p02_top1_ridge10_cap0.08|USA,3793,0.247034,0.4,0.0,-0.085934,-0.407912,0.0,2.374756,0.098051,2022-03-20,2022,1.0402767116551463,0.0,1.0,3.793,0.4,0.0,0.085934,0.407912,0.36853797985620945,0.042962482993072815
2022-03-21,2022-03,USA,Los Angeles FC,Vancouver Whitecaps,away,home,8.96,"[7.0,inf)",0.10642270803778207,"[0.00,0.20)",market_non_favorite,PS_CLOSE,False,-1.0,PS_CLOSE_rulesusa_train30_n120_ev0p02_top1_ridge10_cap0.08|USA,3799,0.247434,1.2,1.8,0.33742,0.74941,0.0,2.432735,0.561883,2022-03-21,2022,2.192770226986839,0.0,0.0,3.799,1.2,1.8,0.33742,0.74941,0.12396236013852069,0.11070274684114545
2022-04-02,2022-04,USA,Toronto FC,New York City,home,home,3.82,"[3.5,4.0)",0.2545091003711363,"[0.20,0.28)",market_non_favorite,PS_CLOSE,True,2.82,PS_CLOSE_rulesusa_train30_n120_ev0p02_top1_ridge10_cap0.08|USA,3803,0.247436,-0.2,-1.0,-0.242721,-0.337468,0.0,2.342384,0.160927,2022-04-02,2022,1.3402504226184837,0.0,1.0,3.803,0.2,1.0,0.242721,0.337468,0.2801360564545612,0.0701197356564236
2022-04-03,2022-04,USA,Vancouver Whitecaps,Sporting Kansas City,home,home,2.67,"[2.2,2.8)",0.36466696330115494,"[0.34,0.42)",market_favorite,PS_CLOSE,True,1.67,PS_CLOSE_rulesusa_train30_n120_ev0p02_top1_ridge10_cap0.08|USA,3807,0.247439,-1.0,-1.0,-0.225378,-0.395946,5.0,2.376195,0.109563,2022-04-03,2022,0.9820784724121582,0.0,1.0,3.807,1.0,1.0,0.225378,0.395946,0.3822935962222614,0.02072390191343798
2022-04-09,2022-04,USA,Inter Miami,New England Revolution,home,home,2.94,"[2.8,3.5)",0.33107670308555087,"[0.28,0.34)",market_non_favorite,PS_CLOSE,True,1.94,PS_CLOSE_rulesusa_train30_n120_ev0p02_top1_ridge10_cap0.08|USA,3817,0.247315,-0.6,-1.4,-0.37645,-0.660709,0.0,2.328664,0.270684,2022-04-09,2022,1.0784095813505903,0.0,1.0,3.817,0.6,1.4,0.37645,0.660709,0.35129303072878065,0.03280151034261514
2022-04-10,2022-04,USA,Vancouver Whitecaps,Portland Timbers,home,away,2.8,"[2.8,3.5)",0.3473042836041359,"[0.34,0.42)",market_non_favorite,PS_CLOSE,False,-1.0,PS_CLOSE_rulesusa_train30_n120_ev0p02_top1_ridge10_cap0.08|USA,3821,0.247056,-0.2,-0.4,-0.178084,-0.284156,0.0,2.371493,0.07194,2022-04-10,2022,1.0296194171811581,0.0,1.0,3.821,0.2,0.4,0.178084,0.284156,0.3662560765906063,0.025517014453697584
2022-04-16,2022-04,USA,San Jose Earthquakes,Nashville SC,home,draw,2.95,"[2.8,3.5)",0.3300074293919062,"[0.28,0.34)",market_non_favorite,PS_CLOSE,False,-1.0,PS_CLOSE_rulesusa_train30_n120_ev0p02_top1_ridge10_cap0.08|USA,3829,0.246801,-1.0,-0.6,-0.303648,-0.664007,0.0,2.347185,0.122518,2022-04-16,2022,1.0818051703517284,0.0,1.0,3.829,1.0,0.6,0.303648,0.664007,0.35019113988404976,0.03306386265794692
2022-04-17,2022-04,USA,Toronto FC,Philadelphia Union,home,home,3.18,"[2.8,3.5)",0.305846126149103,"[0.28,0.34)",market_non_favorite,PS_CLOSE,True,2.18,PS_CLOSE_rulesusa_train30_n120_ev0p02_top1_ridge10_cap0.08|USA,3833,0.247326,-1.6,-2.0,-0.069774,-0.117408,-1.0,2.33861,0.191124,2022-04-17,2022,1.1568811967920856,0.0,1.0,3.833,1.6,2.0,0.069774,0.117408,0.32782638411041476,0.04248790147111903
2022-04-24,2022-04,USA,FC Cincinnati,Los Angeles FC,home,away,4.28,"[4.0,5.0)",0.22710710978077525,"[0.20,0.28)",market_non_favorite,PS_CLOSE,False,-1.0,PS_CLOSE_rulesusa_train30_n120_ev0p02_top1_ridge10_cap0.08|USA,3846,0.24727,-1.0,-1.4,-0.984664,-1.734351,1.0,2.306137,0.450908,2022-04-24,2022,1.4539530095937054,0.0,1.0,3.846,1.0,1.4,0.984664,1.734351,0.2549410269458719,0.09114759532833183
2022-05-01,2022-05,USA,Chicago Fire,New York Red Bulls,home,away,3.67,"[3.5,4.0)",0.26514601668241056,"[0.20,0.28)",market_non_favorite,PS_CLOSE,False,-1.0,PS_CLOSE_rulesusa_train30_n120_ev0p02_top1_ridge10_cap0.08|USA,3861,0.247086,-0.6,-1.0,-0.422456,-0.50867,1.0,2.359826,0.021395,2022-05-01,2022,1.3001916620664788,0.0,1.0,3.861,0.6,1.0,0.422456,0.50867,0.295442293102359,0.08427321568565738
2022-05-02,2022-05,USA,Los Angeles FC,Minnesota United,draw,home,4.85,"[4.0,5.0)",0.20022574149526087,"[0.20,0.28)",market_non_favorite,PS_CLOSE,False,-1.0,PS_CLOSE_rulesusa_train30_n120_ev0p02_top1_ridge10_cap0.08|USA,3869,0.247092,0.6,0.4,0.340119,0.731549,-1.0,2.414233,0.413867,2022-05-02,2022,1.5789787049493917,1.0,0.0,3.869,0.6,0.4,0.340119,0.731549,0.21103398981934945,0.02351485062384473
2022-05-08,2022-05,USA,New York City,Sporting Kansas City,draw,draw,5.01,"[5.0,7.0)",0.19303068388899733,"[0.00,0.20)",market_non_favorite,PS_CLOSE,True,4.01,PS_CLOSE_rulesusa_train30_n120_ev0p02_top1_ridge10_cap0.08|USA,3874,0.246773,1.4,2.2,0.033654,0.09133,0.0,2.431599,0.552792,2022-05-08,2022,1.6114359150967734,1.0,0.0,3.874,1.4,2.2,0.033654,0.09133,0.20488056782496633,0.026451644803081376
2022-05-09,2022-05,USA,Austin FC,Los Angeles Galaxy,home,away,2.5,"[2.2,2.8)",0.39518567799685494,"[0.34,0.42)",market_favorite,PS_CLOSE,False,-1.0,PS_CLOSE_rulesusa_train30_n120_ev0p02_top1_ridge10_cap0.08|USA,3884,0.247168,0.6,0.6,-0.274628,-0.314476,0.0,2.393384,0.247073,2022-05-09,2022,0.9162907318741551,0.0,1.0,3.884,0.6,0.6,0.274628,0.314476,0.41213458557302357,0.030336463932558955
2022-05-14,2022-05,USA,Toronto FC,Orlando City,home,away,3.7,"[3.5,4.0)",0.26309242616947826,"[0.20,0.28)",market_non_favorite,PS_CLOSE,False,-1.0,PS_CLOSE_rulesusa_train30_n120_ev0p02_top1_ridge10_cap0.08|USA,3885,0.247104,-1.2,-0.4,0.04711,0.180652,-1.0,2.36927,0.054163,2022-05-14,2022,1.308332819650179,0.0,1.0,3.885,1.2,0.4,0.04711,0.180652,0.2937319716428663,0.08680829507860532
2022-05-15,2022-05,USA,Inter Miami,DC United,home,draw,2.67,"[2.2,2.8)",0.36496610774170535,"[0.34,0.42)",market_favorite,PS_CLOSE,False,-1.0,PS_CLOSE_rulesusa_train30_n120_ev0p02_top1_ridge10_cap0.08|USA,3887,0.246977,0.6,0.4,-0.199916,-0.465378,1.0,2.374767,0.098133,2022-05-15,2022,0.9820784724121582,0.0,1.0,3.887,0.6,0.4,0.199916,0.465378,0.3851066201381697,0.028234675768913142
2022-05-19,2022-05,USA,DC United,New York City,home,away,3.26,"[2.8,3.5)",0.298492601602591,"[0.28,0.34)",market_non_favorite,PS_CLOSE,False,-1.0,PS_CLOSE_rulesusa_train30_n120_ev0p02_top1_ridge10_cap0.08|USA,3899,0.247243,-1.2,-2.6,-0.25753,-0.439967,0.0,2.354915,0.060676,2022-05-19,2022,1.1817271953786161,0.0,1.0,3.899,1.2,2.6,0.25753,0.439967,0.32562931545750573,0.06155156839146869
2022-05-21,2022-05,USA,DC United,Toronto FC,draw,draw,5.12,"[5.0,7.0)",0.1896430805390754,"[0.00,0.20)",market_non_favorite,PS_CLOSE,True,4.12,PS_CLOSE_rulesusa_train30_n120_ev0p02_top1_ridge10_cap0.08|USA,3909,0.247378,1.4,0.8,0.005816,-0.060989,-5.0,2.421385,0.471084,2022-05-21,2022,1.6331544390514163,1.0,0.0,3.909,1.4,0.8,0.005816,0.060989,0.20135558207484366,0.030940580223199676
2022-05-22,2022-05,USA,Inter Miami,New York Red Bulls,home,home,4.22,"[4.0,5.0)",0.23027186757365462,"[0.20,0.28)",market_non_favorite,PS_CLOSE,True,3.2199999999999998,PS_CLOSE_rulesusa_train30_n120_ev0p02_top1_ridge10_cap0.08|USA,3912,0.247444,-0.8,-1.2,-0.498361,-0.899297,0.0,2.342891,0.156873,2022-05-22,2022,1.4398351280479205,0.0,1.0,3.912,0.8,1.2,0.498361,0.899297,0.2640819679239578,0.11442590463910207
2022-05-29,2022-05,USA,Minnesota United,New York City,home,away,3.49,"[2.8,3.5)",0.27873521738671214,"[0.20,0.28)",market_non_favorite,PS_CLOSE,False,-1.0,PS_CLOSE_rulesusa_train30_n120_ev0p02_top1_ridge10_cap0.08|USA,3924,0.247452,-1.8,-2.4,-0.245023,-0.461603,-1.0,2.368471,0.047772,2022-05-29,2022,1.2499017362143359,0.0,1.0,3.924,1.8,2.4,0.245023,0.461603,0.3078971049142473,0.07456089615072314
2022-06-05,2022-06,USA,Vancouver Whitecaps,Real Salt Lake,home,home,3.07,"[2.8,3.5)",0.31683747718890287,"[0.28,0.34)",market_non_favorite,PS_CLOSE,True,2.07,PS_CLOSE_rulesusa_train30_n120_ev0p02_top1_ridge10_cap0.08|USA,3937,0.246888,-0.4,-0.4,-0.126974,-0.179014,0.0,2.379535,0.136278,2022-06-05,2022,1.1216775615991057,0.0,1.0,3.937,0.4,0.4,0.126974,0.179014,0.33940392978882084,0.041970064451679834
2022-06-11,2022-06,USA,Charlotte,New York Red Bulls,home,home,4.31,"[4.0,5.0)",0.22562568589936582,"[0.20,0.28)",market_non_favorite,PS_CLOSE,True,3.3099999999999996,PS_CLOSE_rulesusa_train30_n120_ev0p02_top1_ridge10_cap0.08|USA,3938,0.246826,0.0,-0.6,-0.454969,-0.685947,-1.0,2.369497,0.055975,2022-06-11,2022,1.4609379041156563,0.0,1.0,3.938,0.0,0.6,0.454969,0.685947,0.2560890346996446,0.10374373955546812
2022-06-12,2022-06,USA,Sporting Kansas City,New England Revolution,home,away,3.17,"[2.8,3.5)",0.30711294867405786,"[0.28,0.34)",market_non_favorite,PS_CLOSE,False,-1.0,PS_CLOSE_rulesusa_train30_n120_ev0p02_top1_ridge10_cap0.08|USA,3939,0.246763,-0.8,-1.6,0.089381,0.173044,0.0,2.371805,0.074444,2022-06-12,2022,1.1537315878891892,0.0,1.0,3.939,0.8,1.6,0.089381,0.173044,0.3306819139005244,0.048261667064662506
2022-06-19,2022-06,USA,New York Red Bulls,Toronto FC,draw,home,5.86,"[5.0,7.0)",0.16511449424531902,"[0.00,0.20)",market_non_favorite,PS_CLOSE,False,-1.0,PS_CLOSE_rulesusa_train30_n120_ev0p02_top1_ridge10_cap0.08|USA,3945,0.247402,0.2,0.4,0.297097,0.386205,-13.0,2.448217,0.685736,2022-06-19,2022,1.7681496035889213,1.0,0.0,3.945,0.2,0.4,0.297097,0.386205,0.17676981805071756,0.03587113377720508
2022-06-25,2022-06,USA,DC United,Nashville SC,home,away,2.64,"[2.2,2.8)",0.3690404485011352,"[0.34,0.42)",market_favorite,PS_CLOSE,False,-1.0,PS_CLOSE_rulesusa_train30_n120_ev0p02_top1_ridge10_cap0.08|USA,3957,0.24741,-1.2,-1.6,-0.22268,-0.522644,0.0,2.356911,0.044709,2022-06-25,2022,0.9707789171582248,0.0,1.0,3.957,1.2,1.6,0.22268,0.522644,0.38672084220962355,0.02094302343340626
2022-06-26,2022-06,USA,Toronto FC,Atlanta Utd,home,home,2.73,"[2.2,2.8)",0.3561675538069891,"[0.34,0.42)",market_non_favorite,PS_CLOSE,True,1.73,PS_CLOSE_rulesusa_train30_n120_ev0p02_top1_ridge10_cap0.08|USA,3960,0.247222,-0.8,-1.4,-0.308275,-0.511684,0.0,2.362233,0.002138,2022-06-26,2022,1.0043016091968684,0.0,1.0,3.96,0.8,1.4,0.308275,0.511684,0.3755257681858187,0.02518534714728493
2022-06-27,2022-06,USA,Vancouver Whitecaps,New England Revolution,home,draw,2.83,"[2.8,3.5)",0.3439987839866238,"[0.34,0.42)",market_non_favorite,PS_CLOSE,False,-1.0,PS_CLOSE_rulesusa_train30_n120_ev0p02_top1_ridge10_cap0.08|USA,3969,0.247166,-0.4,-0.8,-0.111299,-0.199953,0.0,2.362753,0.002027,2022-06-27,2022,1.0402767116551463,0.0,1.0,3.969,0.4,0.8,0.111299,0.199953,0.36421310091593334,0.03072307559209131
2022-06-30,2022-06,USA,FC Cincinnati,New York City,home,draw,3.04,"[2.8,3.5)",0.3198471147571549,"[0.28,0.34)",market_non_favorite,PS_CLOSE,False,-1.0,PS_CLOSE_rulesusa_train30_n120_ev0p02_top1_ridge10_cap0.08|USA,3970,0.247355,-0.6,-0.6,-0.790316,-1.322957,1.0,2.313728,0.390176,2022-06-30,2022,1.1118575154181303,0.0,1.0,3.97,0.6,0.6,0.790316,1.322957,0.34235529028257233,0.040760082459019964
2022-07-03,2022-07,USA,Vancouver Whitecaps,Los Angeles FC,home,home,3.1,"[2.8,3.5)",0.31420271503323954,"[0.28,0.34)",market_non_favorite,PS_CLOSE,True,2.1,PS_CLOSE_rulesusa_train30_n120_ev0p02_top1_ridge10_cap0.08|USA,3979,0.247047,-0.6,-1.4,-0.372751,-0.782428,3.0,2.356793,0.045659,2022-07-03,2022,1.1314021114911006,0.0,1.0,3.979,0.6,1.4,0.372751,0.782428,0.34239497438088073,0.06142442058073039
2022-07-04,2022-07,USA,Sporting Kansas City,New York Red Bulls,home,away,3.12,"[2.8,3.5)",0.31182730497529026,"[0.28,0.34)",market_non_favorite,PS_CLOSE,False,-1.0,PS_CLOSE_rulesusa_train30_n120_ev0p02_top1_ridge10_cap0.08|USA,3982,0.247112,-1.0,-1.2,-0.085845,-0.128592,6.0,2.378284,0.12627,2022-07-04,2022,1.1378330018213911,0.0,1.0,3.982,1.0,1.2,0.085845,0.128592,0.3401841067381398,0.06137441302299629
2022-07-09,2022-07,USA,Vancouver Whitecaps,Minnesota United,home,away,2.6,"[2.2,2.8)",0.37465437438923693,"[0.34,0.42)",market_favorite,PS_CLOSE,False,-1.0,PS_CLOSE_rulesusa_train30_n120_ev0p02_top1_ridge10_cap0.08|USA,3993,0.247433,0.8,0.2,0.003438,-0.0235,1.0,2.388717,0.209739,2022-07-09,2022,0.9555114450274363,0.0,1.0,3.993,0.8,0.2,0.003438,0.0235,0.39554344273882563,0.028412951120946772
2022-07-10,2022-07,USA,FC Cincinnati,New York Red Bulls,home,draw,2.74,"[2.2,2.8)",0.3549803637515986,"[0.34,0.42)",market_non_favorite,PS_CLOSE,False,-1.0,PS_CLOSE_rulesusa_train30_n120_ev0p02_top1_ridge10_cap0.08|USA,3998,0.247124,-0.6,0.0,-0.818718,-1.306215,0.0,2.334508,0.223937,2022-07-10,2022,1.007957920399979,0.0,1.0,3.998,0.6,0.0,0.818718,1.306215,0.3783126251039001,0.03657659278468639
2022-07-14,2022-07,USA,Inter Miami,Philadelphia Union,home,away,2.8,"[2.8,3.5)",0.34775124888117076,"[0.34,0.42)",market_non_favorite,PS_CLOSE,False,-1.0,PS_CLOSE_rulesusa_train30_n120_ev0p02_top1_ridge10_cap0.08|USA,4008,0.247505,-0.2,-1.6,-0.228522,-0.596723,-1.0,2.3382,0.194398,2022-07-14,2022,1.0296194171811581,0.0,1.0,4.008,0.2,1.6,0.228522,0.596723,0.37185502618182276,0.04119407330910363
2022-07-24,2022-07,USA,Sporting Kansas City,Los Angeles FC,home,away,3.61,"[3.5,4.0)",0.2692849800235267,"[0.20,0.28)",market_non_favorite,PS_CLOSE,False,-1.0,PS_CLOSE_rulesusa_train30_n120_ev0p02_top1_ridge10_cap0.08|USA,4032,0.247768,-1.6,-2.2,-0.194595,-0.42955,0.0,2.357002,0.043984,2022-07-24,2022,1.2837077723447896,0.0,1.0,4.032,1.6,2.2,0.194595,0.42955,0.3026211361182979,0.09246230138705536
2022-07-30,2022-07,USA,Los Angeles FC,Seattle Sounders,draw,home,4.81,"[4.0,5.0)",0.2017359052575651,"[0.20,0.28)",market_non_favorite,PS_CLOSE,False,-1.0,PS_CLOSE_rulesusa_train30_n120_ev0p02_top1_ridge10_cap0.08|USA,4046,0.247405,1.2,1.4,0.066122,0.283138,0.0,2.420909,0.467272,2022-07-30,2022,1.5706970841176697,1.0,0.0,4.046,1.2,1.4,0.066122,0.283138,0.21254968376164052,0.022363978893490843
2022-07-31,2022-07,USA,Sporting Kansas City,Austin FC,home,away,3.04,"[2.8,3.5)",0.31996332120566745,"[0.28,0.34)",market_non_favorite,PS_CLOSE,False,-1.0,PS_CLOSE_rulesusa_train30_n120_ev0p02_top1_ridge10_cap0.08|USA,4049,0.247715,-1.2,-2.0,0.215633,0.249326,1.0,2.386455,0.191641,2022-07-31,2022,1.1118575154181303,0.0,1.0,4.049,1.2,2.0,0.215633,0.249326,0.34755192084646475,0.05655783937325287
2022-08-07,2022-08,USA,DC United,New York Red Bulls,home,draw,3.6,"[3.5,4.0)",0.2702155766041766,"[0.20,0.28)",market_non_favorite,PS_CLOSE,False,-1.0,PS_CLOSE_rulesusa_train30_n120_ev0p02_top1_ridge10_cap0.08|USA,4066,0.248155,-0.6,-1.0,-0.313173,-0.486346,-1.0,2.357846,0.037234,2022-08-07,2022,1.2809338454620642,0.0,1.0,4.066,0.6,1.0,0.313173,0.486346,0.2892957676535074,0.04146476355262663
2022-08-14,2022-08,USA,Los Angeles FC,Charlotte,draw,home,5.32,"[5.0,7.0)",0.18187636305594648,"[0.00,0.20)",market_non_favorite,PS_CLOSE,False,-1.0,PS_CLOSE_rulesusa_train30_n120_ev0p02_top1_ridge10_cap0.08|USA,4079,0.248345,1.8,1.6,0.517157,0.80719,0.0,2.455172,0.74138,2022-08-14,2022,1.6714733033535532,1.0,0.0,4.079,1.8,1.6,0.517157,0.80719,0.19745572322387644,0.05046444755102275
2022-08-17,2022-08,USA,Los Angeles FC,DC United,draw,home,6.78,"[5.0,7.0)",0.14198370462318594,"[0.00,0.20)",market_non_favorite,PS_CLOSE,False,-1.0,PS_CLOSE_rulesusa_train30_n120_ev0p02_top1_ridge10_cap0.08|USA,4092,0.248045,2.2,3.2,0.457054,0.838694,0.0,2.474338,0.8947,2022-08-17,2022,1.9139771019523042,1.0,0.0,4.092,2.2,3.2,0.457054,0.838694,0.15952431953081295,0.08157488641891186
2022-08-18,2022-08,USA,New York City,Charlotte,draw,away,5.02,"[5.0,7.0)",0.19296456890609817,"[0.00,0.20)",market_non_favorite,PS_CLOSE,False,-1.0,PS_CLOSE_rulesusa_train30_n120_ev0p02_top1_ridge10_cap0.08|USA,4093,0.247984,0.8,1.8,0.411429,0.687068,0.0,2.450346,0.702765,2022-08-18,2022,1.6134299337036377,1.0,0.0,4.093,0.8,1.8,0.411429,0.687068,0.20721809675915442,0.04023484573095515
2022-08-21,2022-08,USA,DC United,Philadelphia Union,home,away,3.73,"[3.5,4.0)",0.2608758656713903,"[0.20,0.28)",market_non_favorite,PS_CLOSE,False,-1.0,PS_CLOSE_rulesusa_train30_n120_ev0p02_top1_ridge10_cap0.08|USA,4100,0.248293,-1.0,-2.2,-0.114754,-0.278689,1.0,2.335574,0.215405,2022-08-21,2022,1.3164082336557241,0.0,1.0,4.1,1.0,2.2,0.114754,0.278689,0.280926907780535,0.04785736602139545
2022-08-28,2022-08,USA,Philadelphia Union,Colorado Rapids,draw,home,5.06,"[5.0,7.0)",0.19118615143155543,"[0.00,0.20)",market_non_favorite,PS_CLOSE,False,-1.0,PS_CLOSE_rulesusa_train30_n120_ev0p02_top1_ridge10_cap0.08|USA,4115,0.248117,0.2,2.2,0.145872,0.301888,0.0,2.433811,0.570491,2022-08-28,2022,1.6213664832993742,1.0,0.0,4.115,0.2,2.2,0.145872,0.301888,0.20526783026484305,0.03865522114010567
2022-09-01,2022-09,USA,Houston Dynamo,Los Angeles FC,home,home,4.11,"[4.0,5.0)",0.23591861164599512,"[0.20,0.28)",market_non_favorite,PS_CLOSE,True,3.1100000000000003,PS_CLOSE_rulesusa_train30_n120_ev0p02_top1_ridge10_cap0.08|USA,4126,0.24794,-1.6,-2.8,-0.523509,-0.806298,0.0,2.325985,0.292119,2022-09-01,2022,1.4134230285081433,0.0,1.0,4.126,1.6,2.8,0.523509,0.806298,0.2615075057430483,0.07479584860392863
2022-09-05,2022-09,USA,Los Angeles FC,Real Salt Lake,draw,home,5.32,"[5.0,7.0)",0.18247269556216478,"[0.00,0.20)",market_non_favorite,PS_CLOSE,False,-1.0,PS_CLOSE_rulesusa_train30_n120_ev0p02_top1_ridge10_cap0.08|USA,4143,0.247647,-0.4,-0.0,0.274194,0.605249,0.0,2.429456,0.535645,2022-09-05,2022,1.6714733033535532,1.0,0.0,4.143,0.4,0.0,0.274194,0.605249,0.19451456559551822,0.03481748896815695
2022-09-11,2022-09,USA,FC Dallas,Los Angeles FC,home,home,3.31,"[2.8,3.5)",0.29382989192703185,"[0.28,0.34)",market_non_favorite,PS_CLOSE,True,2.31,PS_CLOSE_rulesusa_train30_n120_ev0p02_top1_ridge10_cap0.08|USA,4155,0.248135,0.8,1.0,-0.274933,-0.527403,2.0,2.37291,0.083277,2022-09-11,2022,1.1969481893889715,0.0,1.0,4.155,0.8,1.0,0.274933,0.527403,0.3138693580317391,0.03890757508505649
2022-09-14,2022-09,USA,Houston Dynamo,New England Revolution,home,home,3.14,"[2.8,3.5)",0.30985212637140863,"[0.28,0.34)",market_non_favorite,PS_CLOSE,True,2.14,PS_CLOSE_rulesusa_train30_n120_ev0p02_top1_ridge10_cap0.08|USA,4165,0.248019,0.2,0.4,-0.222453,-0.197412,-1.0,2.350336,0.097314,2022-09-14,2022,1.144222799920162,0.0,1.0,4.165,0.2,0.4,0.222453,0.197412,0.32830751424807825,0.030885594738965683
2022-09-15,2022-09,USA,Vancouver Whitecaps,Los Angeles Galaxy,home,home,3.55,"[3.5,4.0)",0.2738487100456222,"[0.20,0.28)",market_non_favorite,PS_CLOSE,True,2.55,PS_CLOSE_rulesusa_train30_n120_ev0p02_top1_ridge10_cap0.08|USA,4171,0.247902,-0.6,-1.4,-0.137026,-0.333777,-1.0,2.379723,0.137786,2022-09-15,2022,1.2669476034873244,0.0,1.0,4.171,0.6,1.4,0.137026,0.333777,0.2956333398710367,0.049498356542180266
2022-09-19,2022-09,USA,Los Angeles FC,Houston Dynamo,draw,home,6.97,"[5.0,7.0)",0.1384161789115052,"[0.00,0.20)",market_non_favorite,PS_CLOSE,False,-1.0,PS_CLOSE_rulesusa_train30_n120_ev0p02_top1_ridge10_cap0.08|USA,4187,0.24791,-0.6,-0.8,0.499736,0.783352,0.0,2.462656,0.801247,2022-09-19,2022,1.9416152247724325,1.0,0.0,4.187,0.6,0.8,0.499736,0.783352,0.15222203371949053,0.06098757502484897
2022-09-25,2022-09,USA,San Jose Earthquakes,Los Angeles Galaxy,home,away,3.36,"[2.8,3.5)",0.2892934760323123,"[0.28,0.34)",market_non_favorite,PS_CLOSE,False,-1.0,PS_CLOSE_rulesusa_train30_n120_ev0p02_top1_ridge10_cap0.08|USA,4188,0.247851,-0.4,-1.2,-0.212117,-0.399601,0.0,2.378036,0.124287,2022-09-25,2022,1.2119409739751128,0.0,1.0,4.188,0.4,1.2,0.212117,0.399601,0.31021861294427594,0.04233453949276722
2022-10-01,2022-10,USA,Charlotte,Philadelphia Union,home,home,3.04,"[2.8,3.5)",0.3175283194340687,"[0.28,0.34)",market_non_favorite,PS_CLOSE,True,2.04,PS_CLOSE_rulesusa_train30_n120_ev0p02_top1_ridge10_cap0.08|USA,4190,0.247971,-1.4,-3.6,-0.182796,-0.483871,-1.0,2.334273,0.225818,2022-10-01,2022,1.1118575154181303,0.0,1.0,4.19,1.4,3.6,0.182796,0.483871,0.3394466719040627,0.0319178825883506
2022-10-02,2022-10,USA,Portland Timbers,Los Angeles FC,home,away,3.16,"[2.8,3.5)",0.3076169059562936,"[0.28,0.34)",market_non_favorite,PS_CLOSE,False,-1.0,PS_CLOSE_rulesusa_train30_n120_ev0p02_top1_ridge10_cap0.08|USA,4194,0.247735,1.2,0.4,-0.211162,-0.493383,1.0,2.384402,0.175219,2022-10-02,2022,1.1505720275988207,0.0,1.0,4.194,1.2,0.4,0.211162,0.493383,0.33086146985762876,0.04552224475010691
2022-10-06,2022-10,USA,Charlotte,Columbus Crew,home,draw,2.79,"[2.2,2.8)",0.3489775509500328,"[0.34,0.42)",market_non_favorite,PS_CLOSE,False,-1.0,PS_CLOSE_rulesusa_train30_n120_ev0p02_top1_ridge10_cap0.08|USA,4204,0.247383,0.6,0.4,-0.125574,-0.234744,1.0,2.383125,0.165001,2022-10-06,2022,1.0260415958332743,0.0,1.0,4.204,0.6,0.4,0.125574,0.234744,0.36757742107813474,0.025541004807996037
2022-10-09,2022-10,USA,DC United,FC Cincinnati,home,away,4.83,"[4.0,5.0)",0.20046327547524945,"[0.20,0.28)",market_non_favorite,PS_CLOSE,False,-1.0,PS_CLOSE_rulesusa_train30_n120_ev0p02_top1_ridge10_cap0.08|USA,4206,0.247504,-1.2,-2.2,0.403358,0.602139,0.0,2.387154,0.197235,2022-10-09,2022,1.5748464676644813,0.0,1.0,4.206,1.2,2.2,0.403358,0.602139,0.23279208665929052,0.12438577856437316
2022-10-30,2022-10,USA,Los Angeles FC,Austin FC,draw,home,4.8,"[4.0,5.0)",0.20202620820482642,"[0.20,0.28)",market_non_favorite,PS_CLOSE,False,-1.0,PS_CLOSE_rulesusa_train30_n120_ev0p02_top1_ridge10_cap0.08|USA,4230,0.247281,0.8,0.8,0.415152,0.681385,3.0,2.433958,0.571663,2022-10-30,2022,1.5686159179138452,1.0,0.0,4.23,0.8,0.8,0.415152,0.681385,0.21316380185634434,0.023186248910452845
2023-02-26,2023-02,USA,DC United,Toronto FC,home,home,2.65,"[2.2,2.8)",0.36282323937499766,"[0.34,0.42)",market_non_favorite,PS_CLOSE,True,1.65,PS_CLOSE_rulesusa_train30_n120_ev0p02_top1_ridge10_cap0.08|USA,4234,0.247284,0.2,0.8,-0.022215,-0.116094,0.0,2.392229,0.237829,2023-02-26,2023,0.9745596399981308,0.0,1.0,4.234,0.2,0.8,0.022215,0.116094,0.3849325614968626,0.02007128796668578
2023-03-05,2023-03,USA,Inter Miami,Philadelphia Union,home,home,3.07,"[2.8,3.5)",0.31715769949825245,"[0.28,0.34)",market_non_favorite,PS_CLOSE,True,2.07,PS_CLOSE_rulesusa_train30_n120_ev0p02_top1_ridge10_cap0.08|USA,4247,0.246527,-0.8,-1.8,-0.186592,-0.600135,0.0,2.334397,0.22482,2023-03-05,2023,1.1216775615991057,0.0,1.0,4.247,0.8,1.8,0.186592,0.600135,0.3428981464011598,0.05269730945156059
2023-03-12,2023-03,USA,Minnesota United,New York Red Bulls,home,draw,2.67,"[2.2,2.8)",0.3644850047023582,"[0.34,0.42)",market_favorite,PS_CLOSE,False,-1.0,PS_CLOSE_rulesusa_train30_n120_ev0p02_top1_ridge10_cap0.08|USA,4262,0.247067,0.6,-0.2,-0.239837,-0.438676,7.0,2.395091,0.260726,2023-03-12,2023,0.9820784724121582,0.0,1.0,4.262,0.6,0.2,0.239837,0.438676,0.3860923355506587,0.030866535920258675
2023-03-18,2023-03,USA,CF Montreal,Philadelphia Union,home,home,2.89,"[2.8,3.5)",0.33699549243166593,"[0.28,0.34)",market_non_favorite,PS_CLOSE,True,1.8900000000000001,PS_CLOSE_rulesusa_train30_n120_ev0p02_top1_ridge10_cap0.08|USA,4274,0.247309,-1.4,-1.8,-0.10443,-0.297702,0.0,2.359453,0.024374,2023-03-18,2023,1.0612565021243408,0.0,1.0,4.274,1.4,1.8,0.10443,0.297702,0.36099339745607734,0.04327091864806354
2023-03-19,2023-03,USA,Chicago Fire,FC Cincinnati,home,draw,2.69,"[2.2,2.8)",0.36179690916761176,"[0.34,0.42)",market_favorite,PS_CLOSE,False,-1.0,PS_CLOSE_rulesusa_train30_n120_ev0p02_top1_ridge10_cap0.08|USA,4282,0.247081,-1.0,-0.6,0.252907,0.53173,0.0,2.389517,0.216138,2023-03-19,2023,0.9895411936137477,0.0,1.0,4.282,1.0,0.6,0.252907,0.53173,0.38362269651781156,0.03194505363291311
2023-03-25,2023-03,USA,Columbus Crew,Atlanta Utd,home,home,2.95,"[2.8,3.5)",0.3295763401563196,"[0.28,0.34)",market_non_favorite,PS_CLOSE,True,1.9500000000000002,PS_CLOSE_rulesusa_train30_n120_ev0p02_top1_ridge10_cap0.08|USA,4288,0.247201,-1.2,-2.0,-0.167285,-0.352545,0.0,2.399715,0.297722,2023-03-25,2023,1.0818051703517284,0.0,1.0,4.288,1.2,2.0,0.167285,0.352545,0.35409619412899956,0.044583772680548694
2023-03-26,2023-03,USA,Houston Dynamo,New York City,home,home,2.77,"[2.2,2.8)",0.351288056206089,"[0.34,0.42)",market_non_favorite,PS_CLOSE,True,1.77,PS_CLOSE_rulesusa_train30_n120_ev0p02_top1_ridge10_cap0.08|USA,4294,0.247322,-0.2,-0.2,-0.369952,-0.483729,-1.0,2.343404,0.152771,2023-03-26,2023,1.0188473201992472,0.0,1.0,4.294,0.2,0.2,0.369952,0.483729,0.3740662868548941,0.036163614588056836
2023-04-02,2023-04,USA,Colorado Rapids,Los Angeles FC,home,draw,3.34,"[2.8,3.5)",0.2915486273889472,"[0.28,0.34)",market_non_favorite,PS_CLOSE,False,-1.0,PS_CLOSE_rulesusa_train30_n120_ev0p02_top1_ridge10_cap0.08|USA,4302,0.247559,-1.8,-2.4,-0.499004,-0.865782,0.0,2.346346,0.129231,2023-04-02,2023,1.205970806988609,0.0,1.0,4.302,1.8,2.4,0.499004,0.865782,0.3193817731522222,0.06673512232842205
2023-04-16,2023-04,USA,Portland Timbers,Seattle Sounders,home,home,3.45,"[2.8,3.5)",0.28182546036829464,"[0.28,0.34)",market_non_favorite,PS_CLOSE,True,2.45,PS_CLOSE_rulesusa_train30_n120_ev0p02_top1_ridge10_cap0.08|USA,4330,0.248037,-1.6,-2.4,-0.153155,-0.236738,0.0,2.379291,0.134332,2023-04-16,2023,1.2383742310432684,0.0,1.0,4.33,1.6,2.4,0.153155,0.236738,0.3099733564948986,0.06940807990740017
2023-04-23,2023-04,USA,CF Montreal,New York Red Bulls,home,home,3.51,"[3.5,4.0)",0.2773043893659805,"[0.20,0.28)",market_non_favorite,PS_CLOSE,True,2.51,PS_CLOSE_rulesusa_train30_n120_ev0p02_top1_ridge10_cap0.08|USA,4344,0.248619,-0.6,-2.2,-0.266121,-0.448573,0.0,2.389884,0.21907,2023-04-23,2023,1.2556160374777743,0.0,1.0,4.344,0.6,2.2,0.266121,0.448573,0.30541671765648926,0.07201267897427721
2023-05-07,2023-05,USA,San Jose Earthquakes,Los Angeles FC,home,home,3.19,"[2.8,3.5)",0.3047988493222334,"[0.28,0.34)",market_non_favorite,PS_CLOSE,True,2.19,PS_CLOSE_rulesusa_train30_n120_ev0p02_top1_ridge10_cap0.08|USA,4371,0.248913,-0.6,-0.6,-0.500113,-0.905601,-7.0,2.333426,0.232589,2023-05-07,2023,1.1600209167967532,0.0,1.0,4.371,0.6,0.6,0.500113,0.905601,0.32493101735800184,0.03652994537202581
2023-05-14,2023-05,USA,Real Salt Lake,Los Angeles FC,home,away,3.14,"[2.8,3.5)",0.3097464698214005,"[0.28,0.34)",market_non_favorite,PS_CLOSE,False,-1.0,PS_CLOSE_rulesusa_train30_n120_ev0p02_top1_ridge10_cap0.08|USA,4385,0.248575,0.0,-0.0,-0.317138,-0.661062,0.0,2.346252,0.129988,2023-05-14,2023,1.144222799920162,0.0,1.0,4.385,0.0,0.0,0.317138,0.661062,0.3295843024149075,0.0348947095828096
2023-05-18,2023-05,USA,Los Angeles FC,Sporting Kansas City,draw,draw,5.42,"[5.0,7.0)",0.17890684040679763,"[0.00,0.20)",market_non_favorite,PS_CLOSE,True,4.42,PS_CLOSE_rulesusa_train30_n120_ev0p02_top1_ridge10_cap0.08|USA,4398,0.248295,0.8,1.6,0.252803,0.496616,0.0,2.459237,0.773899,2023-05-18,2023,1.6900958154515549,1.0,0.0,4.398,0.8,1.6,0.252803,0.496616,0.1926380971681983,0.04409848665163474
2023-05-21,2023-05,USA,Los Angeles FC,San Jose Earthquakes,draw,home,4.31,"[4.0,5.0)",0.22533127967514863,"[0.20,0.28)",market_non_favorite,PS_CLOSE,False,-1.0,PS_CLOSE_rulesusa_train30_n120_ev0p02_top1_ridge10_cap0.08|USA,4411,0.248696,0.2,0.4,0.491861,0.904391,-3.0,2.463961,0.811692,2023-05-21,2023,1.4609379041156563,1.0,0.0,4.411,0.2,0.4,0.491861,0.904391,0.2371954740015862,0.02231249294683635
2023-06-01,2023-06,USA,Inter Miami,New York Red Bulls,home,away,3.3,"[2.8,3.5)",0.2948609941027801,"[0.28,0.34)",market_non_favorite,PS_CLOSE,False,-1.0,PS_CLOSE_rulesusa_train30_n120_ev0p02_top1_ridge10_cap0.08|USA,4439,0.248479,-0.2,-0.4,-0.373045,-0.719511,0.0,2.376366,0.110927,2023-06-01,2023,1.1939224684724346,0.0,1.0,4.439,0.2,0.4,0.373045,0.719511,0.3218950512577147,0.06225366915045849
2023-06-04,2023-06,USA,Philadelphia Union,CF Montreal,draw,home,4.96,"[4.0,5.0)",0.19497748522393524,"[0.00,0.20)",market_non_favorite,PS_CLOSE,False,-1.0,PS_CLOSE_rulesusa_train30_n120_ev0p02_top1_ridge10_cap0.08|USA,4453,0.248821,1.2,1.6,0.106314,0.316666,0.0,2.445331,0.662648,2023-06-04,2023,1.601405740736836,1.0,0.0,4.453,1.2,1.6,0.106314,0.316666,0.2118574975000356,0.0508131876001765
2023-06-11,2023-06,USA,Houston Dynamo,Los Angeles FC,home,home,3.25,"[2.8,3.5)",0.2996648769413715,"[0.28,0.34)",market_non_favorite,PS_CLOSE,True,2.25,PS_CLOSE_rulesusa_train30_n120_ev0p02_top1_ridge10_cap0.08|USA,4466,0.248992,-0.8,-2.0,-0.538381,-0.838776,4.0,2.326576,0.287389,2023-06-11,2023,1.1786549963416462,0.0,1.0,4.466,0.8,2.0,0.538381,0.838776,0.32732948358004393,0.0638208216351428
2023-06-15,2023-06,USA,Los Angeles FC,Houston Dynamo,draw,away,4.49,"[4.0,5.0)",0.21594187233531495,"[0.20,0.28)",market_non_favorite,PS_CLOSE,False,-1.0,PS_CLOSE_rulesusa_train30_n120_ev0p02_top1_ridge10_cap0.08|USA,4480,0.24933,0.2,0.4,0.524218,0.802448,0.0,2.457389,0.75911,2023-06-15,2023,1.501852701754163,1.0,0.0,4.48,0.2,0.4,0.524218,0.802448,0.22824082400885728,0.024801299799769305
2023-06-22,2023-06,USA,CF Montreal,Nashville SC,home,home,2.65,"[2.2,2.8)",0.3669608641455988,"[0.34,0.42)",market_favorite,PS_CLOSE,True,1.65,PS_CLOSE_rulesusa_train30_n120_ev0p02_top1_ridge10_cap0.08|USA,4487,0.249387,-1.2,-1.0,-0.239518,-0.599336,7.0,2.367439,0.03951,2023-06-22,2023,0.9745596399981308,0.0,1.0,4.487,1.2,1.0,0.239518,0.599336,0.3874461386802712,0.02673226750271862
2023-06-25,2023-06,USA,Philadelphia Union,Inter Miami,draw,home,5.96,"[5.0,7.0)",0.16139443632526213,"[0.00,0.20)",market_non_favorite,PS_CLOSE,False,-1.0,PS_CLOSE_rulesusa_train30_n120_ev0p02_top1_ridge10_cap0.08|USA,4498,0.249667,2.0,2.4,0.266743,0.641887,-11.0,2.475726,0.905804,2023-06-25,2023,1.7850704810772584,1.0,0.0,4.498,2.0,2.4,0.266743,0.641887,0.18014948152287782,0.07369090987635185
2023-07-02,2023-07,USA,FC Dallas,Los Angeles FC,home,home,3.14,"[2.8,3.5)",0.30976864715883135,"[0.28,0.34)",market_non_favorite,PS_CLOSE,True,2.14,PS_CLOSE_rulesusa_train30_n120_ev0p02_top1_ridge10_cap0.08|USA,4512,0.25,-0.6,0.0,-0.287456,-0.523137,3.0,2.369541,0.056325,2023-07-02,2023,1.144222799920162,0.0,1.0,4.512,0.6,0.0,0.287456,0.523137,0.32933617526631526,0.03411559033623002
2023-07-05,2023-07,USA,Orlando City,Toronto FC,draw,home,5.11,"[5.0,7.0)",0.19000442900766917,"[0.00,0.20)",market_non_favorite,PS_CLOSE,False,-1.0,PS_CLOSE_rulesusa_train30_n120_ev0p02_top1_ridge10_cap0.08|USA,4526,0.24989,1.2,1.4,0.01465,-0.114488,0.0,2.436913,0.595302,2023-07-05,2023,1.631199404215613,1.0,0.0,4.526,1.2,1.4,0.01465,0.114488,0.20973449184815662,0.0717432533440805
2023-07-09,2023-07,USA,Los Angeles FC,San Jose Earthquakes,draw,draw,5.36,"[5.0,7.0)",0.18051484980902097,"[0.00,0.20)",market_non_favorite,PS_CLOSE,True,4.36,PS_CLOSE_rulesusa_train30_n120_ev0p02_top1_ridge10_cap0.08|USA,4531,0.250055,0.2,0.2,0.464857,0.84252,-3.0,2.444868,0.658945,2023-07-09,2023,1.6789639750827108,1.0,0.0,4.531,0.2,0.2,0.464857,0.84252,0.2005752771725405,0.07508348564481726
2023-07-13,2023-07,USA,Los Angeles FC,St. Louis City,draw,home,4.9,"[4.0,5.0)",0.19733069551409582,"[0.00,0.20)",market_non_favorite,PS_CLOSE,False,-1.0,PS_CLOSE_rulesusa_train30_n120_ev0p02_top1_ridge10_cap0.08|USA,4545,0.250385,-1.0,-0.6,-0.107396,-0.16616,0.0,2.414352,0.414813,2023-07-13,2023,1.589235205116581,1.0,0.0,4.545,1.0,0.6,0.107396,0.16616,0.21625069391658808,0.05962840019128168
2023-07-16,2023-07,USA,St. Louis City,Inter Miami,draw,home,4.19,"[4.0,5.0)",0.23167819887097038,"[0.20,0.28)",market_non_favorite,PS_CLOSE,False,-1.0,PS_CLOSE_rulesusa_train30_n120_ev0p02_top1_ridge10_cap0.08|USA,4555,0.250274,1.2,0.8,0.57815,1.055821,-4.0,2.436938,0.595501,2023-07-16,2023,1.4327007339340465,1.0,0.0,4.555,1.2,0.8,0.57815,1.055821,0.24717509500305804,0.03566364806281319
2023-08-21,2023-08,USA,Vancouver Whitecaps,San Jose Earthquakes,draw,away,4.24,"[4.0,5.0)",0.22902360531172195,"[0.20,0.28)",market_non_favorite,PS_CLOSE,False,-1.0,PS_CLOSE_rulesusa_train30_n120_ev0p02_top1_ridge10_cap0.08|USA,4569,0.250164,0.8,0.4,0.079975,0.087499,0.0,2.409353,0.374822,2023-08-21,2023,1.4445632692438664,1.0,0.0,4.569,0.8,0.4,0.079975,0.087499,0.24357728591588573,0.03276769228335552
2023-08-24,2023-08,USA,Los Angeles FC,Colorado Rapids,draw,home,5.44,"[5.0,7.0)",0.17783662660419639,"[0.00,0.20)",market_non_favorite,PS_CLOSE,False,-1.0,PS_CLOSE_rulesusa_train30_n120_ev0p02_top1_ridge10_cap0.08|USA,4578,0.249672,-0.2,0.2,0.481036,0.826913,0.0,2.447537,0.680292,2023-08-24,2023,1.6937790608678513,1.0,0.0,4.578,0.2,0.2,0.481036,0.826913,0.19983580646467852,0.08710678716785125
2023-08-27,2023-08,USA,Columbus Crew,Toronto FC,draw,home,5.82,"[5.0,7.0)",0.16679791095301455,"[0.00,0.20)",market_non_favorite,PS_CLOSE,False,-1.0,PS_CLOSE_rulesusa_train30_n120_ev0p02_top1_ridge10_cap0.08|USA,4579,0.249618,1.6,2.2,0.168928,0.201777,0.0,2.462714,0.801715,2023-08-27,2023,1.7613002617433464,1.0,0.0,4.579,1.6,2.2,0.168928,0.201777,0.18921177146069335,0.10121250990123531
2023-08-31,2023-08,USA,Toronto FC,Philadelphia Union,home,home,3.74,"[3.5,4.0)",0.25988459642062334,"[0.20,0.28)",market_non_favorite,PS_CLOSE,True,2.74,PS_CLOSE_rulesusa_train30_n120_ev0p02_top1_ridge10_cap0.08|USA,4593,0.249075,-1.8,-2.0,-0.195659,-0.322278,0.0,2.310056,0.419552,2023-08-31,2023,1.3190856114264407,0.0,1.0,4.593,1.8,2.0,0.195659,0.322278,0.2899597010900123,0.08444928207664604
2023-09-03,2023-09,USA,CF Montreal,Columbus Crew,home,away,3.39,"[2.8,3.5)",0.28709551879634826,"[0.28,0.34)",market_non_favorite,PS_CLOSE,False,-1.0,PS_CLOSE_rulesusa_train30_n120_ev0p02_top1_ridge10_cap0.08|USA,4607,0.248969,0.4,-0.6,-0.08729,-0.21008,0.0,2.383595,0.168757,2023-09-03,2023,1.220829921392359,0.0,1.0,4.607,0.4,0.6,0.08729,0.21008,0.3168755757459797,0.07420820177887122
2023-09-10,2023-09,USA,Portland Timbers,Los Angeles FC,home,home,2.99,"[2.8,3.5)",0.32529225931371836,"[0.28,0.34)",market_non_favorite,PS_CLOSE,True,1.9900000000000002,PS_CLOSE_rulesusa_train30_n120_ev0p02_top1_ridge10_cap0.08|USA,4620,0.249567,0.0,-1.6,-0.227793,-0.510127,1.0,2.37025,0.062001,2023-09-10,2023,1.095273387402595,0.0,1.0,4.62,0.0,1.6,0.227793,0.510127,0.3513892000238335,0.05065370807126235
2023-09-16,2023-09,USA,Atlanta Utd,Inter Miami,draw,home,4.17,"[4.0,5.0)",0.23635159546188025,"[0.20,0.28)",market_non_favorite,PS_CLOSE,False,-1.0,PS_CLOSE_rulesusa_train30_n120_ev0p02_top1_ridge10_cap0.08|USA,4625,0.249946,-0.6,0.4,0.356252,0.779221,7.0,2.425794,0.50635,2023-09-16,2023,1.4279160358107101,1.0,0.0,4.625,0.6,0.4,0.356252,0.779221,0.2453218264561535,0.02299201632215997
2023-09-17,2023-09,USA,Toronto FC,Vancouver Whitecaps,home,away,3.22,"[2.8,3.5)",0.30342772831920856,"[0.28,0.34)",market_non_favorite,PS_CLOSE,False,-1.0,PS_CLOSE_rulesusa_train30_n120_ev0p02_top1_ridge10_cap0.08|USA,4627,0.250054,-1.4,-1.2,-0.081597,0.02318,2.0,2.361695,0.006437,2023-09-17,2023,1.169381359556317,0.0,1.0,4.627,1.4,1.2,0.081597,0.02318,0.3317240775053513,0.06815152956723125
2023-09-21,2023-09,USA,Inter Miami,Toronto FC,draw,home,6.05,"[5.0,7.0)",0.15879017013232516,"[0.00,0.20)",market_non_favorite,PS_CLOSE,False,-1.0,PS_CLOSE_rulesusa_train30_n120_ev0p02_top1_ridge10_cap0.08|USA,4639,0.250485,1.4,1.0,-0.069499,-0.325306,1.0,2.42025,0.461999,2023-09-21,2023,1.80005827204275,1.0,0.0,4.639,1.4,1.0,0.069499,0.325306,0.17536020352183845,0.06092923130712258
2023-09-24,2023-09,USA,New York City,Toronto FC,draw,home,5.17,"[5.0,7.0)",0.18739068374178242,"[0.00,0.20)",market_non_favorite,PS_CLOSE,False,-1.0,PS_CLOSE_rulesusa_train30_n120_ev0p02_top1_ridge10_cap0.08|USA,4653,0.250806,1.0,1.4,0.282808,0.399519,0.0,2.452009,0.716073,2023-09-24,2023,1.6428726885203377,1.0,0.0,4.653,1.0,1.4,0.282808,0.399519,0.20382684482580857,0.053784787749430185
2023-09-28,2023-09,USA,Colorado Rapids,Vancouver Whitecaps,home,draw,2.68,"[2.2,2.8)",0.36326530612244895,"[0.34,0.42)",market_favorite,PS_CLOSE,False,-1.0,PS_CLOSE_rulesusa_train30_n120_ev0p02_top1_ridge10_cap0.08|USA,4667,0.251339,-0.8,-0.8,-0.113485,-0.091535,0.0,2.376655,0.113238,2023-09-28,2023,0.9858167945227654,0.0,1.0,4.667,0.8,0.8,0.113485,0.091535,0.3844107722895604,0.030220869736022005
2023-10-01,2023-10,USA,Toronto FC,FC Cincinnati,home,away,5.01,"[5.0,7.0)",0.19342734951741186,"[0.00,0.20)",market_non_favorite,PS_CLOSE,False,-1.0,PS_CLOSE_rulesusa_train30_n120_ev0p02_top1_ridge10_cap0.08|USA,4669,0.25166,-1.0,-2.2,0.130848,0.36521,0.0,2.332488,0.240099,2023-10-01,2023,1.6114359150967734,0.0,1.0,4.669,1.0,2.2,0.130848,0.36521,0.21981070061161154,0.10125161006417382
2023-10-02,2023-10,USA,Los Angeles FC,Real Salt Lake,draw,away,4.9,"[4.0,5.0)",0.1990547851501772,"[0.00,0.20)",market_non_favorite,PS_CLOSE,False,-1.0,PS_CLOSE_rulesusa_train30_n120_ev0p02_top1_ridge10_cap0.08|USA,4682,0.252456,-0.2,-0.2,0.260522,0.586405,0.0,2.424083,0.492666,2023-10-02,2023,1.589235205116581,1.0,0.0,4.682,0.2,0.2,0.260522,0.586405,0.22057657881134451,0.08082523617558812
2023-10-05,2023-10,USA,Charlotte,Toronto FC,draw,home,5.52,"[5.0,7.0)",0.17574775771464698,"[0.00,0.20)",market_non_favorite,PS_CLOSE,False,-1.0,PS_CLOSE_rulesusa_train30_n120_ev0p02_top1_ridge10_cap0.08|USA,4683,0.252402,0.0,0.6,-0.063562,-0.184921,0.0,2.432035,0.556281,2023-10-05,2023,1.7083778602890038,1.0,0.0,4.683,0.0,0.6,0.063562,0.184921,0.19935987339691177,0.1004665011509529
2023-10-08,2023-10,USA,New York Red Bulls,Toronto FC,draw,home,6.25,"[5.0,7.0)",0.15438508451552688,"[0.00,0.20)",market_non_favorite,PS_CLOSE,False,-1.0,PS_CLOSE_rulesusa_train30_n120_ev0p02_top1_ridge10_cap0.08|USA,4694,0.252024,1.6,2.8,0.323374,0.41853,0.0,2.444607,0.656857,2023-10-08,2023,1.8325814637483102,1.0,0.0,4.694,1.6,2.8,0.323374,0.41853,0.18063594609071199,0.12897466306694993
2023-10-15,2023-10,USA,FC Dallas,Colorado Rapids,draw,draw,4.41,"[4.0,5.0)",0.2197111151355436,"[0.20,0.28)",market_non_favorite,PS_CLOSE,True,3.41,PS_CLOSE_rulesusa_train30_n120_ev0p02_top1_ridge10_cap0.08|USA,4708,0.252124,0.6,1.4,0.216212,0.349615,0.0,2.435875,0.586997,2023-10-15,2023,1.4838746894587547,1.0,0.0,4.708,0.6,1.4,0.216212,0.349615,0.24118058580660118,0.06360638340711122
2023-10-19,2023-10,USA,Inter Miami,Charlotte,draw,draw,3.65,"[3.5,4.0)",0.2666836589351845,"[0.20,0.28)",market_non_favorite,PS_CLOSE,True,2.65,PS_CLOSE_rulesusa_train30_n120_ev0p02_top1_ridge10_cap0.08|USA,4711,0.252388,-0.4,-0.2,-0.059273,-0.189576,0.0,2.386344,0.190751,2023-10-19,2023,1.2947271675944,1.0,0.0,4.711,0.4,0.2,0.059273,0.189576,0.2812524279981325,0.026571362193183568
2023-10-21,2023-10,USA,Columbus Crew,CF Montreal,draw,home,5.41,"[5.0,7.0)",0.178791362102019,"[0.00,0.20)",market_non_favorite,PS_CLOSE,False,-1.0,PS_CLOSE_rulesusa_train30_n120_ev0p02_top1_ridge10_cap0.08|USA,4712,0.252547,0.8,1.4,0.10038,0.230752,0.0,2.431454,0.551632,2023-10-21,2023,1.6882490928583902,1.0,0.0,4.712,0.8,1.4,0.10038,0.230752,0.20192871563533285,0.09243435158715085
2023-10-22,2023-10,USA,Sporting Kansas City,Minnesota United,draw,home,4.45,"[4.0,5.0)",0.21815790019465683,"[0.20,0.28)",market_non_favorite,PS_CLOSE,False,-1.0,PS_CLOSE_rulesusa_train30_n120_ev0p02_top1_ridge10_cap0.08|USA,4719,0.252384,1.0,-0.0,0.167268,0.301722,0.0,2.404551,0.336405,2023-10-22,2023,1.4929040961781488,1.0,0.0,4.719,1.0,0.0,0.167268,0.301722,0.23721534343730286,0.05560827829599768
2023-10-26,2023-10,USA,Sporting Kansas City,San Jose Earthquakes,draw,draw,3.96,"[3.5,4.0)",0.24559320596537562,"[0.20,0.28)",market_non_favorite,PS_CLOSE,True,2.96,PS_CLOSE_rulesusa_train30_n120_ev0p02_top1_ridge10_cap0.08|USA,4726,0.252433,1.0,-0.2,0.252094,0.41129,0.0,2.415932,0.427454,2023-10-26,2023,1.3762440252663892,1.0,0.0,4.726,1.0,0.2,0.252094,0.41129,0.2631298104796377,0.04199404949936514
2023-10-28,2023-10,USA,Philadelphia Union,New England Revolution,draw,home,4.21,"[4.0,5.0)",0.23067918031242235,"[0.20,0.28)",market_non_favorite,PS_CLOSE,False,-1.0,PS_CLOSE_rulesusa_train30_n120_ev0p02_top1_ridge10_cap0.08|USA,4728,0.252538,0.0,0.2,0.001051,0.141243,0.0,2.421392,0.471133,2023-10-28,2023,1.43746264769429,1.0,0.0,4.728,0.0,0.2,0.001051,0.141243,0.24947905339788415,0.05030681480509225
2023-10-29,2023-10,USA,Los Angeles FC,Vancouver Whitecaps,draw,home,4.9,"[4.0,5.0)",0.19798239447250265,"[0.00,0.20)",market_non_favorite,PS_CLOSE,False,-1.0,PS_CLOSE_rulesusa_train30_n120_ev0p02_top1_ridge10_cap0.08|USA,4729,0.252485,0.2,0.4,0.358981,0.744847,0.0,2.424698,0.497587,2023-10-29,2023,1.589235205116581,1.0,0.0,4.729,0.2,0.4,0.358981,0.744847,0.21987975019461703,0.07741077595362356
2023-10-30,2023-10,USA,FC Cincinnati,New York Red Bulls,draw,home,3.69,"[3.5,4.0)",0.26384456451096605,"[0.20,0.28)",market_non_favorite,PS_CLOSE,False,-1.0,PS_CLOSE_rulesusa_train30_n120_ev0p02_top1_ridge10_cap0.08|USA,4731,0.252378,-0.4,-0.6,-0.442581,-0.770673,5.0,2.416562,0.432499,2023-10-30,2023,1.3056264580524357,1.0,0.0,4.731,0.4,0.6,0.442581,0.770673,0.27977124723281616,0.032355902289091576
2023-10-31,2023-10,USA,Seattle Sounders,FC Dallas,draw,home,3.63,"[3.5,4.0)",0.26740129526621503,"[0.20,0.28)",market_non_favorite,PS_CLOSE,False,-1.0,PS_CLOSE_rulesusa_train30_n120_ev0p02_top1_ridge10_cap0.08|USA,4734,0.252218,0.8,0.2,0.181229,0.211651,0.0,2.401744,0.31395,2023-10-31,2023,1.2892326482767593,1.0,0.0,4.734,0.8,0.2,0.181229,0.211651,0.2837340162209541,0.029954478882063373
2023-11-01,2023-11,USA,Columbus Crew,Atlanta Utd,draw,home,5.0,"[5.0,7.0)",0.194264943457189,"[0.00,0.20)",market_non_favorite,PS_CLOSE,False,-1.0,PS_CLOSE_rulesusa_train30_n120_ev0p02_top1_ridge10_cap0.08|USA,4735,0.252165,0.6,0.0,-0.115624,-0.271742,0.0,2.41234,0.39872,2023-11-01,2023,1.6094379124341003,1.0,0.0,4.735,0.6,0.0,0.115624,0.271742,0.21066943532323618,0.053347176616180825
2023-11-04,2023-11,USA,New York Red Bulls,FC Cincinnati,draw,draw,3.55,"[3.5,4.0)",0.2735933572929993,"[0.20,0.28)",market_non_favorite,PS_CLOSE,True,2.55,PS_CLOSE_rulesusa_train30_n120_ev0p02_top1_ridge10_cap0.08|USA,4736,0.252111,0.4,0.2,0.427384,0.741552,0.0,2.376473,0.111787,2023-11-04,2023,1.2669476034873244,1.0,0.0,4.736,0.4,0.2,0.427384,0.741552,0.28983130592939477,0.028901136049351406
2023-11-05,2023-11,USA,Sporting Kansas City,St. Louis City,draw,home,4.14,"[4.0,5.0)",0.23452566096423016,"[0.20,0.28)",market_non_favorite,PS_CLOSE,False,-1.0,PS_CLOSE_rulesusa_train30_n120_ev0p02_top1_ridge10_cap0.08|USA,4737,0.252269,0.8,1.4,-0.104785,-0.220574,0.0,2.407102,0.356816,2023-11-05,2023,1.4206957878372228,1.0,0.0,4.737,0.8,1.4,0.104785,0.220574,0.2511376551574001,0.039709892351636356
2023-11-06,2023-11,USA,Vancouver Whitecaps,Los Angeles FC,draw,away,3.59,"[3.5,4.0)",0.271054903019495,"[0.20,0.28)",market_non_favorite,PS_CLOSE,False,-1.0,PS_CLOSE_rulesusa_train30_n120_ev0p02_top1_ridge10_cap0.08|USA,4739,0.252163,-0.8,-1.6,-0.368745,-0.763739,0.0,2.369072,0.052575,2023-11-06,2023,1.2781522025001875,1.0,0.0,4.739,0.8,1.6,0.368745,0.763739,0.2865854751260976,0.028841855702690378
2023-11-07,2023-11,USA,Real Salt Lake,Houston Dynamo,draw,draw,3.47,"[2.8,3.5)",0.28047395704764255,"[0.28,0.34)",market_non_favorite,PS_CLOSE,True,2.47,PS_CLOSE_rulesusa_train30_n120_ev0p02_top1_ridge10_cap0.08|USA,4740,0.25211,-0.8,-1.4,0.194992,0.123171,0.0,2.389333,0.214663,2023-11-07,2023,1.244154593958768,1.0,0.0,4.74,0.8,1.4,0.194992,0.123171,0.2962213191627478,0.027887977494734928
2023-11-08,2023-11,USA,Atlanta Utd,Columbus Crew,draw,home,3.96,"[3.5,4.0)",0.24548868432421656,"[0.20,0.28)",market_non_favorite,PS_CLOSE,False,-1.0,PS_CLOSE_rulesusa_train30_n120_ev0p02_top1_ridge10_cap0.08|USA,4741,0.252267,-1.2,-0.8,0.105384,0.257247,0.0,2.381823,0.154586,2023-11-08,2023,1.3762440252663892,1.0,0.0,4.741,1.2,0.8,0.105384,0.257247,0.2607622978525643,0.03261869949615459
2023-11-09,2023-11,USA,New England Revolution,Philadelphia Union,draw,away,3.8,"[3.5,4.0)",0.25606891151135475,"[0.20,0.28)",market_non_favorite,PS_CLOSE,False,-1.0,PS_CLOSE_rulesusa_train30_n120_ev0p02_top1_ridge10_cap0.08|USA,4743,0.252161,-1.0,-1.2,-0.008322,-0.150597,0.0,2.37344,0.087518,2023-11-09,2023,1.33500106673234,1.0,0.0,4.743,1.0,1.2,0.008322,0.150597,0.2716389003431233,0.032227821303868476
2023-11-11,2023-11,USA,Seattle Sounders,FC Dallas,draw,home,3.84,"[3.5,4.0)",0.2541850634100517,"[0.20,0.28)",market_non_favorite,PS_CLOSE,False,-1.0,PS_CLOSE_rulesusa_train30_n120_ev0p02_top1_ridge10_cap0.08|USA,4744,0.252108,0.4,-0.0,0.180379,0.210704,0.0,2.401064,0.308508,2023-11-11,2023,1.3454723665996355,1.0,0.0,4.744,0.4,0.0,0.180379,0.210704,0.2723101798791965,0.04567109073611442
2023-11-13,2023-11,USA,Columbus Crew,Atlanta Utd,draw,home,4.67,"[4.0,5.0)",0.20744877807948656,"[0.20,0.28)",market_non_favorite,PS_CLOSE,False,-1.0,PS_CLOSE_rulesusa_train30_n120_ev0p02_top1_ridge10_cap0.08|USA,4746,0.252212,1.0,0.6,-0.114928,-0.269141,0.0,2.4102,0.381604,2023-11-13,2023,1.541159071680806,1.0,0.0,4.746,1.0,0.6,0.114928,0.269141,0.22354774496403573,0.04396796898204691
2023-11-25,2023-11,USA,Orlando City,Columbus Crew,draw,draw,3.62,"[3.5,4.0)",0.26904643054184607,"[0.20,0.28)",market_non_favorite,PS_CLOSE,True,2.62,PS_CLOSE_rulesusa_train30_n120_ev0p02_top1_ridge10_cap0.08|USA,4747,0.252159,1.0,0.6,-0.097424,-0.262451,5.0,2.398599,0.28879,2023-11-25,2023,1.2864740258376797,1.0,0.0,4.747,1.0,0.6,0.097424,0.262451,0.28479651197429584,0.030963373346950984
2023-11-26,2023-11,USA,FC Cincinnati,Philadelphia Union,draw,home,4.02,"[4.0,5.0)",0.2413172563439575,"[0.20,0.28)",market_non_favorite,PS_CLOSE,False,-1.0,PS_CLOSE_rulesusa_train30_n120_ev0p02_top1_ridge10_cap0.08|USA,4748,0.252317,-0.4,0.0,-0.306532,-0.661962,4.0,2.382335,0.158677,2023-11-26,2023,1.3912819026309295,1.0,0.0,4.748,0.4,0.0,0.306532,0.661962,0.25719748839881157,0.03393390336322244
2023-11-27,2023-11,USA,Houston Dynamo,Sporting Kansas City,draw,home,3.5,"[3.5,4.0)",0.27800974251913707,"[0.20,0.28)",market_non_favorite,PS_CLOSE,False,-1.0,PS_CLOSE_rulesusa_train30_n120_ev0p02_top1_ridge10_cap0.08|USA,4749,0.252264,-0.4,0.0,-0.270441,-0.301577,-5.0,2.39875,0.290001,2023-11-27,2023,1.252762968495368,1.0,0.0,4.749,0.4,0.0,0.270441,0.301577,0.295062385786847,0.03271835025396452
2023-12-02,2023-12,USA,FC Cincinnati,Columbus Crew,draw,draw,3.73,"[3.5,4.0)",0.2606246947966215,"[0.20,0.28)",market_non_favorite,PS_CLOSE,True,2.73,PS_CLOSE_rulesusa_train30_n120_ev0p02_top1_ridge10_cap0.08|USA,4751,0.252157,0.2,0.4,-0.282099,-0.549557,-1.0,2.397764,0.282111,2023-12-02,2023,1.3164082336557241,1.0,0.0,4.751,0.2,0.4,0.282099,0.549557,0.2802454103090823,0.045315380452876974
2023-12-03,2023-12,USA,Los Angeles FC,Houston Dynamo,draw,home,3.73,"[3.5,4.0)",0.2601036151631669,"[0.20,0.28)",market_non_favorite,PS_CLOSE,False,-1.0,PS_CLOSE_rulesusa_train30_n120_ev0p02_top1_ridge10_cap0.08|USA,4752,0.252315,0.4,0.6,0.473268,0.735153,0.0,2.422496,0.479965,2023-12-03,2023,1.3164082336557241,1.0,0.0,4.752,0.4,0.6,0.473268,0.735153,0.28096205129922924,0.04798845134612506
2023-12-09,2023-12,USA,Columbus Crew,Los Angeles FC,draw,home,3.52,"[3.5,4.0)",0.27647395535203206,"[0.20,0.28)",market_non_favorite,PS_CLOSE,False,-1.0,PS_CLOSE_rulesusa_train30_n120_ev0p02_top1_ridge10_cap0.08|USA,4753,0.252262,-1.0,-1.0,-0.285655,-0.529604,1.0,2.393289,0.246313,2023-12-09,2023,1.2584609896100056,1.0,0.0,4.753,1.0,1.0,0.285655,0.529604,0.29593807874429223,0.04170203717990861
2024-02-22,2024-02,USA,Inter Miami,Real Salt Lake,draw,home,4.74,"[4.0,5.0)",0.20496477692049647,"[0.20,0.28)",market_non_favorite,PS_CLOSE,False,-1.0,PS_CLOSE_rulesusa_train30_n120_ev0p02_top1_ridge10_cap0.08|USA,4754,0.252209,-0.8,-1.0,-0.264954,-0.435458,0.0,2.377399,0.119189,2024-02-22,2024,1.556037135706985,1.0,0.0,4.754,0.8,1.0,0.264954,0.435458,0.22133072698070613,0.0491076458885471
2024-02-24,2024-02,USA,Columbus Crew,Atlanta Utd,draw,home,4.16,"[4.0,5.0)",0.23362360938327745,"[0.20,0.28)",market_non_favorite,PS_CLOSE,False,-1.0,PS_CLOSE_rulesusa_train30_n120_ev0p02_top1_ridge10_cap0.08|USA,4755,0.252156,0.6,0.6,-0.103073,-0.253073,0.0,2.419379,0.455034,2024-02-24,2024,1.425515074273172,1.0,0.0,4.755,0.6,0.6,0.103073,0.253073,0.24984236025235876,0.039344218649812523
2024-02-25,2024-02,USA,FC Cincinnati,Toronto FC,draw,draw,4.31,"[4.0,5.0)",0.22481184493667497,"[0.20,0.28)",market_non_favorite,PS_CLOSE,True,3.3099999999999996,PS_CLOSE_rulesusa_train30_n120_ev0p02_top1_ridge10_cap0.08|USA,4757,0.25205,1.8,3.2,-0.081928,-0.290361,0.0,2.480926,0.947406,2024-02-25,2024,1.4609379041156563,1.0,0.0,4.757,1.8,3.2,0.081928,0.290361,0.2409709764407311,0.03858490845955087
2024-02-26,2024-02,USA,Los Angeles Galaxy,Inter Miami,draw,draw,4.11,"[4.0,5.0)",0.2369752713153623,"[0.20,0.28)",market_non_favorite,PS_CLOSE,True,3.1100000000000003,PS_CLOSE_rulesusa_train30_n120_ev0p02_top1_ridge10_cap0.08|USA,4768,0.252727,-0.4,-0.8,0.250187,0.514782,17.0,2.40194,0.315524,2024-02-26,2024,1.4134230285081433,1.0,0.0,4.768,0.4,0.8,0.250187,0.514782,0.25325842920045893,0.0408921440138863
2024-03-02,2024-03,USA,Minnesota United,Columbus Crew,draw,draw,3.88,"[3.5,4.0)",0.25091276042579136,"[0.20,0.28)",market_non_favorite,PS_CLOSE,True,2.88,PS_CLOSE_rulesusa_train30_n120_ev0p02_top1_ridge10_cap0.08|USA,4769,0.252883,-0.8,-1.2,-0.110558,-0.235227,-1.0,2.361216,0.010275,2024-03-02,2024,1.355835153635182,1.0,0.0,4.769,0.8,1.2,0.110558,0.235227,0.2661936972657953,0.032831545391285744
2024-03-03,2024-03,USA,San Jose Earthquakes,Los Angeles Galaxy,draw,away,3.71,"[3.5,4.0)",0.2624694627305447,"[0.20,0.28)",market_non_favorite,PS_CLOSE,False,-1.0,PS_CLOSE_rulesusa_train30_n120_ev0p02_top1_ridge10_cap0.08|USA,4772,0.252934,0.4,1.2,-0.184016,-0.339985,1.0,2.403659,0.329272,2024-03-03,2024,1.3110318766193438,1.0,0.0,4.772,0.4,1.2,0.184016,0.339985,0.27825830551715286,0.032338313468637025
2024-03-09,2024-03,USA,Toronto FC,Charlotte,draw,home,3.34,"[2.8,3.5)",0.291697456739947,"[0.28,0.34)",market_non_favorite,PS_CLOSE,False,-1.0,PS_CLOSE_rulesusa_train30_n120_ev0p02_top1_ridge10_cap0.08|USA,4783,0.253397,-0.8,-1.2,-0.023305,0.081163,0.0,2.357783,0.03774,2024-03-09,2024,1.205970806988609,1.0,0.0,4.783,0.8,1.2,0.023305,0.081163,0.30919368784762963,0.032706917411083
2024-03-10,2024-03,USA,Austin FC,St. Louis City,draw,draw,3.47,"[2.8,3.5)",0.2807602585184902,"[0.28,0.34)",market_non_favorite,PS_CLOSE,True,2.47,PS_CLOSE_rulesusa_train30_n120_ev0p02_top1_ridge10_cap0.08|USA,4785,0.253292,0.2,0.8,-0.354648,-0.525578,0.0,2.384532,0.176256,2024-03-10,2024,1.244154593958768,1.0,0.0,4.785,0.2,0.8,0.354648,0.525578,0.2976220338856064,0.032748457583054114
2024-03-16,2024-03,USA,DC United,Inter Miami,draw,away,3.82,"[3.5,4.0)",0.25436916647941266,"[0.20,0.28)",market_non_favorite,PS_CLOSE,False,-1.0,PS_CLOSE_rulesusa_train30_n120_ev0p02_top1_ridge10_cap0.08|USA,4796,0.253545,0.2,-0.8,0.076855,0.182298,0.0,2.396658,0.27326,2024-03-16,2024,1.3402504226184837,1.0,0.0,4.796,0.2,0.8,0.076855,0.182298,0.26935208518069864,0.028924965390268786
2024-03-17,2024-03,USA,Minnesota United,Los Angeles FC,draw,home,3.61,"[3.5,4.0)",0.26975606760608156,"[0.20,0.28)",market_non_favorite,PS_CLOSE,False,-1.0,PS_CLOSE_rulesusa_train30_n120_ev0p02_top1_ridge10_cap0.08|USA,4801,0.253489,0.6,0.8,-0.369451,-0.728888,0.0,2.369831,0.058646,2024-03-17,2024,1.2837077723447896,1.0,0.0,4.801,0.6,0.8,0.369451,0.728888,0.2858351038880322,0.03186472503579618
2024-03-23,2024-03,USA,Toronto FC,Atlanta Utd,draw,home,3.53,"[3.5,4.0)",0.2743040351489153,"[0.20,0.28)",market_non_favorite,PS_CLOSE,False,-1.0,PS_CLOSE_rulesusa_train30_n120_ev0p02_top1_ridge10_cap0.08|USA,4810,0.25343,-0.4,-1.0,-0.307591,-0.519658,1.0,2.334918,0.220655,2024-03-23,2024,1.2612978709452054,1.0,0.0,4.81,0.4,1.0,0.307591,0.519658,0.29067520576480926,0.02608347634977659
2024-03-24,2024-03,USA,Sporting Kansas City,Los Angeles Galaxy,draw,away,3.68,"[3.5,4.0)",0.263183453304595,"[0.20,0.28)",market_non_favorite,PS_CLOSE,False,-1.0,PS_CLOSE_rulesusa_train30_n120_ev0p02_top1_ridge10_cap0.08|USA,4817,0.25327,0.0,0.2,0.07248,0.074732,0.0,2.42297,0.483763,2024-03-24,2024,1.3029127521808397,1.0,0.0,4.817,0.0,0.2,0.07248,0.074732,0.2789333550223644,0.02647474648230097
2024-03-30,2024-03,USA,Toronto FC,Sporting Kansas City,draw,away,3.16,"[2.8,3.5)",0.3066664588188528,"[0.28,0.34)",market_non_favorite,PS_CLOSE,False,-1.0,PS_CLOSE_rulesusa_train30_n120_ev0p02_top1_ridge10_cap0.08|USA,4823,0.253162,0.8,0.6,-0.25605,-0.328852,1.0,2.350659,0.094728,2024-03-30,2024,1.1505720275988207,1.0,0.0,4.823,0.8,0.6,0.25605,0.328852,0.32490954721493176,0.026714169199184346
2024-03-31,2024-03,USA,Austin FC,FC Dallas,draw,home,3.4,"[2.8,3.5)",0.2847015182752516,"[0.28,0.34)",market_non_favorite,PS_CLOSE,False,-1.0,PS_CLOSE_rulesusa_train30_n120_ev0p02_top1_ridge10_cap0.08|USA,4830,0.253416,0.0,0.2,-0.214354,-0.241148,-6.0,2.384347,0.174779,2024-03-31,2024,1.2237754316221157,1.0,0.0,4.83,0.0,0.2,0.214354,0.241148,0.3017135418346086,0.025826042237669045
2024-04-07,2024-04,USA,Minnesota United,Real Salt Lake,draw,draw,3.74,"[3.5,4.0)",0.25894632950008223,"[0.20,0.28)",market_non_favorite,PS_CLOSE,True,2.74,PS_CLOSE_rulesusa_train30_n120_ev0p02_top1_ridge10_cap0.08|USA,4837,0.253256,0.0,-0.6,-0.095338,-0.139119,1.0,2.396288,0.270305,2024-04-07,2024,1.3190856114264407,1.0,0.0,4.837,0.0,0.6,0.095338,0.139119,0.2807092759903501,0.04985269220390953
2024-04-13,2024-04,USA,Portland Timbers,Los Angeles FC,draw,draw,3.71,"[3.5,4.0)",0.26086242790093794,"[0.20,0.28)",market_non_favorite,PS_CLOSE,True,2.71,PS_CLOSE_rulesusa_train30_n120_ev0p02_top1_ridge10_cap0.08|USA,4851,0.253762,-0.6,-1.2,-0.227243,-0.512976,0.0,2.365993,0.027942,2024-04-13,2024,1.3110318766193438,1.0,0.0,4.851,0.6,1.2,0.227243,0.512976,0.282823564451372,0.049275424114590294
2024-04-14,2024-04,USA,Atlanta Utd,Philadelphia Union,draw,draw,3.8,"[3.5,4.0)",0.2549158481352394,"[0.20,0.28)",market_non_favorite,PS_CLOSE,True,2.8,PS_CLOSE_rulesusa_train30_n120_ev0p02_top1_ridge10_cap0.08|USA,4852,0.253916,-0.2,0.2,0.091347,0.157027,0.0,2.370961,0.067686,2024-04-14,2024,1.33500106673234,1.0,0.0,4.852,0.2,0.2,0.091347,0.157027,0.27674615763733745,0.0516353990218823
2024-04-21,2024-04,USA,CF Montreal,Orlando City,draw,draw,3.49,"[2.8,3.5)",0.27749931825427004,"[0.20,0.28)",market_non_favorite,PS_CLOSE,True,2.49,PS_CLOSE_rulesusa_train30_n120_ev0p02_top1_ridge10_cap0.08|USA,4865,0.25406,-0.2,-1.0,-0.006934,0.027835,0.0,2.377457,0.119653,2024-04-21,2024,1.2499017362143359,1.0,0.0,4.865,0.2,1.0,0.006934,0.027835,0.2999899166798101,0.04696480921253743
2024-04-22,2024-04,USA,Los Angeles Galaxy,San Jose Earthquakes,draw,home,4.83,"[4.0,5.0)",0.1994198694706309,"[0.00,0.20)",market_non_favorite,PS_CLOSE,False,-1.0,PS_CLOSE_rulesusa_train30_n120_ev0p02_top1_ridge10_cap0.08|USA,4878,0.254203,1.4,1.6,0.207287,0.36787,0.0,2.429614,0.536915,2024-04-22,2024,1.5748464676644813,1.0,0.0,4.878,1.4,1.6,0.207287,0.36787,0.21600849094420424,0.04332101126050647
2024-04-27,2024-04,USA,Austin FC,Los Angeles Galaxy,draw,home,3.9,"[3.5,4.0)",0.24817518248175183,"[0.20,0.28)",market_non_favorite,PS_CLOSE,False,-1.0,PS_CLOSE_rulesusa_train30_n120_ev0p02_top1_ridge10_cap0.08|USA,4879,0.25415,-0.6,-0.8,-0.188658,-0.235483,1.0,2.391309,0.230472,2024-04-27,2024,1.3609765531356006,1.0,0.0,4.879,0.6,0.8,0.188658,0.235483,0.2698583655007495,0.05244762545292292
2024-04-28,2024-04,USA,Chicago Fire,Atlanta Utd,draw,draw,3.86,"[3.5,4.0)",0.25064895686193306,"[0.20,0.28)",market_non_favorite,PS_CLOSE,True,2.86,PS_CLOSE_rulesusa_train30_n120_ev0p02_top1_ridge10_cap0.08|USA,4880,0.254098,0.0,-1.2,-0.359108,-0.572976,0.0,2.36184,0.005282,2024-04-28,2024,1.3506671834767394,1.0,0.0,4.88,0.0,1.2,0.359108,0.572976,0.2725218913237148,0.05193450050953907
2024-05-01,2024-05,USA,Philadelphia Union,Seattle Sounders,draw,away,3.28,"[2.8,3.5)",0.29641465656875193,"[0.28,0.34)",market_non_favorite,PS_CLOSE,False,-1.0,PS_CLOSE_rulesusa_train30_n120_ev0p02_top1_ridge10_cap0.08|USA,4893,0.254241,1.2,0.6,-0.153412,-0.105753,0.0,2.440117,0.620939,2024-05-01,2024,1.1878434223960523,1.0,0.0,4.893,1.2,0.6,0.153412,0.105753,0.32209018712851173,0.056455813781518316
2024-05-05,2024-05,USA,Atlanta Utd,Minnesota United,draw,away,4.55,"[4.0,5.0)",0.2121904092745477,"[0.20,0.28)",market_non_favorite,PS_CLOSE,False,-1.0,PS_CLOSE_rulesusa_train30_n120_ev0p02_top1_ridge10_cap0.08|USA,4894,0.254189,-0.2,0.2,0.188656,0.46864,0.0,2.406605,0.352841,2024-05-05,2024,1.5151272329628591,1.0,0.0,4.894,0.2,0.2,0.188656,0.46864,0.23900845093029563,0.08748845173284514
2024-05-12,2024-05,USA,Atlanta Utd,DC United,draw,away,4.52,"[4.0,5.0)",0.2133856399108171,"[0.20,0.28)",market_non_favorite,PS_CLOSE,False,-1.0,PS_CLOSE_rulesusa_train30_n120_ev0p02_top1_ridge10_cap0.08|USA,4908,0.254279,-0.4,0.0,0.27,0.543238,0.0,2.42767,0.521364,2024-05-12,2024,1.5085119938441398,1.0,0.0,4.908,0.4,0.0,0.27,0.543238,0.2403478079012935,0.08637209171384663
2024-05-16,2024-05,USA,Minnesota United,Los Angeles Galaxy,draw,draw,3.95,"[3.5,4.0)",0.2449625096025188,"[0.20,0.28)",market_non_favorite,PS_CLOSE,True,2.95,PS_CLOSE_rulesusa_train30_n120_ev0p02_top1_ridge10_cap0.08|USA,4922,0.253759,0.4,0.6,-0.084642,-0.217882,7.0,2.412627,0.401015,2024-05-16,2024,1.3737155789130306,1.0,0.0,4.922,0.4,0.6,0.084642,0.217882,0.2726234174034351,0.07686249874356865
2024-05-18,2024-05,USA,Nashville SC,Atlanta Utd,draw,draw,3.78,"[3.5,4.0)",0.2557020182683367,"[0.20,0.28)",market_non_favorite,PS_CLOSE,True,2.78,PS_CLOSE_rulesusa_train30_n120_ev0p02_top1_ridge10_cap0.08|USA,4935,0.253495,1.2,1.2,-0.073454,-0.054543,0.0,2.397873,0.282986,2024-05-18,2024,1.3297240096314962,1.0,0.0,4.935,1.2,1.2,0.073454,0.054543,0.2808189819784383,0.06149575187849665
2024-05-19,2024-05,USA,Inter Miami,DC United,draw,home,5.15,"[5.0,7.0)",0.18696253261734913,"[0.00,0.20)",market_non_favorite,PS_CLOSE,False,-1.0,PS_CLOSE_rulesusa_train30_n120_ev0p02_top1_ridge10_cap0.08|USA,4936,0.253647,1.2,2.6,-0.01005,-0.084636,0.0,2.428111,0.524885,2024-05-19,2024,1.6389967146756448,1.0,0.0,4.936,1.2,2.6,0.01005,0.084636,0.21320565676654382,0.09800913234770081
2024-05-26,2024-05,USA,Colorado Rapids,Minnesota United,draw,draw,4.13,"[4.0,5.0)",0.23404214638747525,"[0.20,0.28)",market_non_favorite,PS_CLOSE,True,3.13,PS_CLOSE_rulesusa_train30_n120_ev0p02_top1_ridge10_cap0.08|USA,4949,0.253587,-1.4,-1.4,-0.129255,-0.134018,0.0,2.374393,0.095141,2024-05-26,2024,1.4182774069729414,1.0,0.0,4.949,1.4,1.4,0.129255,0.134018,0.26130290339703727,0.07918099102976384
2024-05-30,2024-05,USA,Inter Miami,Atlanta Utd,draw,away,5.09,"[5.0,7.0)",0.18910819818620406,"[0.00,0.20)",market_non_favorite,PS_CLOSE,False,-1.0,PS_CLOSE_rulesusa_train30_n120_ev0p02_top1_ridge10_cap0.08|USA,4963,0.25408,2.4,2.2,-0.234266,-0.596443,0.0,2.410499,0.383989,2024-05-30,2024,1.6272778305624314,1.0,0.0,4.963,2.4,2.2,0.234266,0.596443,0.2153684593288429,0.09622545798381044
2024-06-01,2024-06,USA,New York City,San Jose Earthquakes,draw,home,4.23,"[4.0,5.0)",0.22817056103739658,"[0.20,0.28)",market_non_favorite,PS_CLOSE,False,-1.0,PS_CLOSE_rulesusa_train30_n120_ev0p02_top1_ridge10_cap0.08|USA,4975,0.25407,1.0,0.4,0.314628,0.520614,0.0,2.438743,0.609947,2024-06-01,2024,1.4422019930581866,1.0,0.0,4.975,1.0,0.4,0.314628,0.520614,0.24623105683786134,0.04155737042415364
2024-06-02,2024-06,USA,Los Angeles FC,FC Dallas,draw,home,5.54,"[5.0,7.0)",0.1742234879072586,"[0.00,0.20)",market_non_favorite,PS_CLOSE,False,-1.0,PS_CLOSE_rulesusa_train30_n120_ev0p02_top1_ridge10_cap0.08|USA,4976,0.254019,1.4,1.8,0.296856,0.524411,0.0,2.440413,0.623306,2024-06-02,2024,1.7119945007591924,1.0,0.0,4.976,1.4,1.8,0.296856,0.524411,0.19028152987559196,0.05415967551077938
2024-06-09,2024-06,USA,St. Louis City,Portland Timbers,draw,draw,4.47,"[4.0,5.0)",0.21477087521613594,"[0.20,0.28)",market_non_favorite,PS_CLOSE,True,3.4699999999999998,PS_CLOSE_rulesusa_train30_n120_ev0p02_top1_ridge10_cap0.08|USA,4988,0.25421,-1.2,-1.4,-0.030166,0.129713,0.0,2.399422,0.295375,2024-06-09,2024,1.4973884086254774,1.0,0.0,4.988,1.2,1.4,0.030166,0.129713,0.23434383448781512,0.04751694016053354
2024-06-15,2024-06,USA,New York City,Columbus Crew,draw,away,3.86,"[3.5,4.0)",0.25075667851033034,"[0.20,0.28)",market_non_favorite,PS_CLOSE,False,-1.0,PS_CLOSE_rulesusa_train30_n120_ev0p02_top1_ridge10_cap0.08|USA,4992,0.254407,1.0,0.6,0.101674,0.164468,-6.0,2.378215,0.125719,2024-06-15,2024,1.3506671834767394,1.0,0.0,4.992,1.0,0.6,0.101674,0.164468,0.27273382308240196,0.052752557098071584
2024-06-16,2024-06,USA,CF Montreal,Real Salt Lake,draw,draw,3.9,"[3.5,4.0)",0.24818556399155012,"[0.20,0.28)",market_non_favorite,PS_CLOSE,True,2.9,PS_CLOSE_rulesusa_train30_n120_ev0p02_top1_ridge10_cap0.08|USA,4993,0.254356,-1.2,-2.4,-0.135149,-0.207951,0.0,2.357423,0.040617,2024-06-16,2024,1.3609765531356006,1.0,0.0,4.993,1.2,2.4,0.135149,0.207951,0.2699542471885103,0.052821564035190116
2024-06-20,2024-06,USA,Los Angeles Galaxy,New York City,draw,home,4.11,"[4.0,5.0)",0.23547708352392277,"[0.20,0.28)",market_non_favorite,PS_CLOSE,False,-1.0,PS_CLOSE_rulesusa_train30_n120_ev0p02_top1_ridge10_cap0.08|USA,5006,0.254295,-0.4,-0.4,-0.101881,-0.157785,-1.0,2.392536,0.240286,2024-06-20,2024,1.4134230285081433,1.0,0.0,5.006,0.4,0.4,0.101881,0.157785,0.25680270453668563,0.05545911564577799
2024-06-23,2024-06,USA,Real Salt Lake,Los Angeles Galaxy,draw,away,4.74,"[4.0,5.0)",0.2033831628638867,"[0.20,0.28)",market_non_favorite,PS_CLOSE,False,-1.0,PS_CLOSE_rulesusa_train30_n120_ev0p02_top1_ridge10_cap0.08|USA,5019,0.254433,-0.6,-0.2,0.007132,-0.075887,0.0,2.419729,0.457831,2024-06-23,2024,1.556037135706985,1.0,0.0,5.019,0.6,0.2,0.007132,0.075887,0.2224538956345028,0.05443146530754328
2024-06-29,2024-06,USA,New York City,Orlando City,draw,home,4.05,"[4.0,5.0)",0.2375457359977484,"[0.20,0.28)",market_non_favorite,PS_CLOSE,False,-1.0,PS_CLOSE_rulesusa_train30_n120_ev0p02_top1_ridge10_cap0.08|USA,5033,0.253924,0.2,0.4,0.210185,0.443587,0.0,2.399155,0.293242,2024-06-29,2024,1.3987168811184478,1.0,0.0,5.033,0.2,0.4,0.210185,0.443587,0.2577248794958206,0.04378576195807349
2024-06-30,2024-06,USA,San Jose Earthquakes,Los Angeles Galaxy,draw,away,4.19,"[4.0,5.0)",0.23086762808815398,"[0.20,0.28)",market_non_favorite,PS_CLOSE,False,-1.0,PS_CLOSE_rulesusa_train30_n120_ev0p02_top1_ridge10_cap0.08|USA,5034,0.253874,-2.2,-3.4,-0.231246,-0.400241,0.0,2.351813,0.0855,2024-06-30,2024,1.4327007339340465,1.0,0.0,5.034,2.2,3.4,0.231246,0.400241,0.25310790112862946,0.060522105728957554
2024-07-03,2024-07,USA,Columbus Crew,Nashville SC,draw,home,4.9,"[4.0,5.0)",0.19647533784056018,"[0.00,0.20)",market_non_favorite,PS_CLOSE,False,-1.0,PS_CLOSE_rulesusa_train30_n120_ev0p02_top1_ridge10_cap0.08|USA,5047,0.253418,1.0,2.0,0.008804,-0.151794,0.0,2.436393,0.591146,2024-07-03,2024,1.589235205116581,1.0,0.0,5.047,1.0,2.0,0.008804,0.151794,0.20921142218898864,0.0251359687260444
2024-07-04,2024-07,USA,Toronto FC,Orlando City,draw,away,3.79,"[3.5,4.0)",0.25541665577297296,"[0.20,0.28)",market_non_favorite,PS_CLOSE,False,-1.0,PS_CLOSE_rulesusa_train30_n120_ev0p02_top1_ridge10_cap0.08|USA,5048,0.253368,-0.6,-1.0,-0.090406,0.015098,-1.0,2.352517,0.079865,2024-07-04,2024,1.332366019094335,1.0,0.0,5.048,0.6,1.0,0.090406,0.015098,0.27369900606294856,0.03731923297857498
2024-07-05,2024-07,USA,FC Dallas,Portland Timbers,draw,home,3.62,"[3.5,4.0)",0.2675428195497349,"[0.20,0.28)",market_non_favorite,PS_CLOSE,False,-1.0,PS_CLOSE_rulesusa_train30_n120_ev0p02_top1_ridge10_cap0.08|USA,5057,0.252917,-0.8,-0.4,-0.060714,-0.006613,0.0,2.393154,0.245229,2024-07-05,2024,1.2864740258376797,1.0,0.0,5.057,0.8,0.4,0.060714,0.006613,0.2863704425405228,0.036661001996692644
2024-07-07,2024-07,USA,Philadelphia Union,New York Red Bulls,draw,draw,3.7,"[3.5,4.0)",0.26193118756936734,"[0.20,0.28)",market_non_favorite,PS_CLOSE,True,2.7,PS_CLOSE_rulesusa_train30_n120_ev0p02_top1_ridge10_cap0.08|USA,5060,0.252767,-1.2,-1.8,-0.152202,-0.102569,-4.0,2.397845,0.282762,2024-07-07,2024,1.308332819650179,1.0,0.0,5.06,1.2,1.8,0.152202,0.102569,0.28040140833436367,0.03748521083714551
2024-07-08,2024-07,USA,San Jose Earthquakes,Chicago Fire,draw,home,3.98,"[3.5,4.0)",0.24325102637563872,"[0.20,0.28)",market_non_favorite,PS_CLOSE,False,-1.0,PS_CLOSE_rulesusa_train30_n120_ev0p02_top1_ridge10_cap0.08|USA,5068,0.252762,-1.8,-2.8,0.04042,-0.067983,0.0,2.381634,0.153072,2024-07-08,2024,1.3812818192963463,1.0,0.0,5.068,1.8,2.8,0.04042,0.067983,0.26096902979509273,0.038656738584469164
2024-07-14,2024-07,USA,Portland Timbers,Real Salt Lake,draw,home,4.19,"[4.0,5.0)",0.2308575519070687,"[0.20,0.28)",market_non_favorite,PS_CLOSE,False,-1.0,PS_CLOSE_rulesusa_train30_n120_ev0p02_top1_ridge10_cap0.08|USA,5073,0.252513,0.4,0.4,0.022003,0.048328,-1.0,2.377458,0.119664,2024-07-14,2024,1.4327007339340465,1.0,0.0,5.073,0.4,0.4,0.022003,0.048328,0.24788315977343758,0.038630439450703546
2024-07-18,2024-07,USA,Atlanta Utd,New York City,draw,draw,3.79,"[3.5,4.0)",0.25551588292111177,"[0.20,0.28)",market_non_favorite,PS_CLOSE,True,2.79,PS_CLOSE_rulesusa_train30_n120_ev0p02_top1_ridge10_cap0.08|USA,5087,0.252408,-0.6,-1.2,-0.039268,0.04393,0.0,2.390512,0.224094,2024-07-18,2024,1.332366019094335,1.0,0.0,5.087,0.6,1.2,0.039268,0.04393,0.27351942029542997,0.036638602919679686
2024-07-21,2024-07,USA,Atlanta Utd,Columbus Crew,draw,home,4.1,"[4.0,5.0)",0.23586386293287606,"[0.20,0.28)",market_non_favorite,PS_CLOSE,False,-1.0,PS_CLOSE_rulesusa_train30_n120_ev0p02_top1_ridge10_cap0.08|USA,5101,0.2525,-1.8,-3.6,0.032457,0.160044,0.0,2.346999,0.124008,2024-07-21,2024,1.410986973710262,1.0,0.0,5.101,1.8,3.6,0.032457,0.160044,0.2532877586439157,0.03847981044005411
2024-08-24,2024-08,USA,Minnesota United,Seattle Sounders,draw,away,3.54,"[3.5,4.0)",0.2734728768136032,"[0.20,0.28)",market_non_favorite,PS_CLOSE,False,-1.0,PS_CLOSE_rulesusa_train30_n120_ev0p02_top1_ridge10_cap0.08|USA,5115,0.25259,-1.6,-1.0,-0.289458,-0.440798,0.0,2.377047,0.116374,2024-08-24,2024,1.264126727145683,1.0,0.0,5.115,1.6,1.0,0.289458,0.440798,0.2899340927104161,0.026366688194872978
2024-08-25,2024-08,USA,Sporting Kansas City,Orlando City,draw,home,3.48,"[2.8,3.5)",0.27807498980070966,"[0.20,0.28)",market_non_favorite,PS_CLOSE,False,-1.0,PS_CLOSE_rulesusa_train30_n120_ev0p02_top1_ridge10_cap0.08|USA,5116,0.252541,-1.2,-2.2,0.129557,0.294555,0.0,2.37048,0.063836,2024-08-25,2024,1.247032293786383,1.0,0.0,5.116,1.2,2.2,0.129557,0.294555,0.2950018161986178,0.02660632037118993
2024-08-29,2024-08,USA,Philadelphia Union,Columbus Crew,draw,away,3.64,"[3.5,4.0)",0.2659857303792715,"[0.20,0.28)",market_non_favorite,PS_CLOSE,False,-1.0,PS_CLOSE_rulesusa_train30_n120_ev0p02_top1_ridge10_cap0.08|USA,5127,0.252584,-0.6,-0.8,-0.036058,0.043362,0.0,2.366077,0.028614,2024-08-29,2024,1.2919836816486494,1.0,0.0,5.127,0.6,0.8,0.036058,0.043362,0.28166803080793945,0.02527163214089967
2024-09-01,2024-09,USA,Chicago Fire,Inter Miami,draw,away,3.61,"[3.5,4.0)",0.2681133037209641,"[0.20,0.28)",market_non_favorite,PS_CLOSE,False,-1.0,PS_CLOSE_rulesusa_train30_n120_ev0p02_top1_ridge10_cap0.08|USA,5128,0.252535,-1.4,-0.4,-0.164444,0.014118,0.0,2.355632,0.054941,2024-09-01,2024,1.2837077723447896,1.0,0.0,5.128,1.4,0.4,0.164444,0.014118,0.28259830147378034,0.020179868320346905
2024-09-15,2024-09,USA,Chicago Fire,New York Red Bulls,draw,home,3.47,"[2.8,3.5)",0.27895339468215935,"[0.20,0.28)",market_non_favorite,PS_CLOSE,False,-1.0,PS_CLOSE_rulesusa_train30_n120_ev0p02_top1_ridge10_cap0.08|USA,5148,0.252331,-0.4,-0.8,-0.402563,-0.507041,0.0,2.35843,0.032559,2024-09-15,2024,1.244154593958768,1.0,0.0,5.148,0.4,0.8,0.402563,0.507041,0.29419845860470356,0.02086865135832139
2024-09-22,2024-09,USA,Austin FC,Houston Dynamo,draw,away,3.51,"[3.5,4.0)",0.2759516469814,"[0.20,0.28)",market_non_favorite,PS_CLOSE,False,-1.0,PS_CLOSE_rulesusa_train30_n120_ev0p02_top1_ridge10_cap0.08|USA,5177,0.252463,-0.6,-0.8,-0.019216,-0.070219,0.0,2.366196,0.029571,2024-09-22,2024,1.2556160374777743,1.0,0.0,5.177,0.6,0.8,0.019216,0.070219,0.2909929206866802,0.021385151610247455
2024-09-29,2024-09,USA,DC United,Columbus Crew,draw,draw,3.76,"[3.5,4.0)",0.2576056162222886,"[0.20,0.28)",market_non_favorite,PS_CLOSE,True,2.76,PS_CLOSE_rulesusa_train30_n120_ev0p02_top1_ridge10_cap0.08|USA,5189,0.252457,-0.6,-0.6,-0.223209,-0.373677,0.0,2.325006,0.299948,2024-09-29,2024,1.324418957401803,1.0,0.0,5.189,0.6,0.6,0.223209,0.373677,0.27135273266841187,0.020286274833228646
2024-10-03,2024-10,USA,Vancouver Whitecaps,Seattle Sounders,draw,away,3.36,"[2.8,3.5)",0.28820753616879025,"[0.28,0.34)",market_non_favorite,PS_CLOSE,False,-1.0,PS_CLOSE_rulesusa_train30_n120_ev0p02_top1_ridge10_cap0.08|USA,5203,0.252931,-0.8,-1.2,-0.275348,-0.441517,0.0,2.382915,0.163321,2024-10-03,2024,1.2119409739751128,1.0,0.0,5.203,0.8,1.2,0.275348,0.441517,0.306809366313755,0.030879470814216825
2024-10-05,2024-10,USA,Toronto FC,Inter Miami,draw,away,3.83,"[3.5,4.0)",0.25262416771800156,"[0.20,0.28)",market_non_favorite,PS_CLOSE,False,-1.0,PS_CLOSE_rulesusa_train30_n120_ev0p02_top1_ridge10_cap0.08|USA,5217,0.252444,-1.0,-1.8,-0.133451,-0.005517,0.0,2.322648,0.318817,2024-10-05,2024,1.3428648031925547,1.0,0.0,5.217,1.0,1.8,0.133451,0.005517,0.26832740903319036,0.02769397659711914
2024-10-06,2024-10,USA,San Jose Earthquakes,Real Salt Lake,draw,away,3.82,"[3.5,4.0)",0.25363016030432656,"[0.20,0.28)",market_non_favorite,PS_CLOSE,False,-1.0,PS_CLOSE_rulesusa_train30_n120_ev0p02_top1_ridge10_cap0.08|USA,5218,0.252396,-0.4,-0.6,-0.241777,-0.333642,0.0,2.340401,0.176795,2024-10-06,2024,1.3402504226184837,1.0,0.0,5.218,0.4,0.6,0.241777,0.333642,0.2693008651890698,0.028729305022246576
2024-10-14,2024-10,USA,Vancouver Whitecaps,Los Angeles FC,draw,away,3.79,"[3.5,4.0)",0.25535980157828897,"[0.20,0.28)",market_non_favorite,PS_CLOSE,False,-1.0,PS_CLOSE_rulesusa_train30_n120_ev0p02_top1_ridge10_cap0.08|USA,5232,0.251911,-1.6,-1.8,-0.386669,-0.734587,0.0,2.363788,0.010304,2024-10-14,2024,1.332366019094335,1.0,0.0,5.232,1.6,1.8,0.386669,0.734587,0.2712713615051999,0.028118460104707754
2024-10-19,2024-10,USA,CF Montreal,New York City,draw,home,3.57,"[3.5,4.0)",0.27084038646839764,"[0.20,0.28)",market_non_favorite,PS_CLOSE,False,-1.0,PS_CLOSE_rulesusa_train30_n120_ev0p02_top1_ridge10_cap0.08|USA,5233,0.251863,0.0,0.2,-0.216756,-0.436821,0.0,2.370098,0.060785,2024-10-19,2024,1.2725655957915476,1.0,0.0,5.233,0.0,0.2,0.216756,0.436821,0.28807230168611536,0.028418117019431754
2024-10-20,2024-10,USA,Austin FC,Colorado Rapids,draw,home,4.13,"[4.0,5.0)",0.23398487658724496,"[0.20,0.28)",market_non_favorite,PS_CLOSE,False,-1.0,PS_CLOSE_rulesusa_train30_n120_ev0p02_top1_ridge10_cap0.08|USA,5240,0.251527,0.4,1.2,-0.009159,0.060185,0.0,2.394123,0.252986,2024-10-20,2024,1.4182774069729414,1.0,0.0,5.24,0.4,1.2,0.009159,0.060185,0.24816121431176805,0.024905815107602036
2024-10-23,2024-10,USA,CF Montreal,Atlanta Utd,draw,draw,3.44,"[2.8,3.5)",0.2811550151975684,"[0.28,0.34)",market_non_favorite,PS_CLOSE,True,2.44,PS_CLOSE_rulesusa_train30_n120_ev0p02_top1_ridge10_cap0.08|USA,5247,0.251382,0.8,1.0,-0.175988,-0.464539,0.0,2.385285,0.182279,2024-10-23,2024,1.235471471385307,1.0,0.0,5.247,0.8,1.0,0.175988,0.464539,0.2991992644204934,0.02924546960649721
2024-10-24,2024-10,USA,Vancouver Whitecaps,Portland Timbers,draw,home,4.05,"[4.0,5.0)",0.2387669345980158,"[0.20,0.28)",market_non_favorite,PS_CLOSE,False,-1.0,PS_CLOSE_rulesusa_train30_n120_ev0p02_top1_ridge10_cap0.08|USA,5248,0.251524,-0.6,-1.0,-0.140439,-0.235881,0.0,2.385761,0.186089,2024-10-24,2024,1.3987168811184478,1.0,0.0,5.248,0.6,1.0,0.140439,0.235881,0.253280177025753,0.025784716954299736
2024-10-27,2024-10,USA,Orlando City,Charlotte,draw,home,3.92,"[3.5,4.0)",0.24635651450829363,"[0.20,0.28)",market_non_favorite,PS_CLOSE,False,-1.0,PS_CLOSE_rulesusa_train30_n120_ev0p02_top1_ridge10_cap0.08|USA,5250,0.251429,-0.8,-1.4,0.029612,-0.036151,0.0,2.41598,0.42784,2024-10-27,2024,1.366091653802371,1.0,0.0,5.25,0.8,1.4,0.029612,0.036151,0.26200226924378583,0.027048895435640485
2024-10-28,2024-10,USA,FC Cincinnati,New York City,draw,home,3.86,"[3.5,4.0)",0.2503059649869632,"[0.20,0.28)",market_non_favorite,PS_CLOSE,False,-1.0,PS_CLOSE_rulesusa_train30_n120_ev0p02_top1_ridge10_cap0.08|USA,5252,0.251333,-1.2,-1.6,-0.276614,-0.581484,0.0,2.412269,0.398155,2024-10-28,2024,1.3506671834767394,1.0,0.0,5.252,1.2,1.6,0.276614,0.581484,0.2661386602410008,0.027295228530263005
2024-10-29,2024-10,USA,Seattle Sounders,Houston Dynamo,draw,draw,3.61,"[3.5,4.0)",0.26736490470816787,"[0.20,0.28)",market_non_favorite,PS_CLOSE,True,2.61,PS_CLOSE_rulesusa_train30_n120_ev0p02_top1_ridge10_cap0.08|USA,5254,0.251237,0.4,1.2,0.361197,0.422097,0.0,2.414663,0.417301,2024-10-29,2024,1.2837077723447896,1.0,0.0,5.254,0.4,1.2,0.361197,0.422097,0.2851210533474515,0.029287002584299948
2024-10-30,2024-10,USA,Real Salt Lake,Minnesota United,draw,draw,3.62,"[3.5,4.0)",0.2671489167226039,"[0.20,0.28)",market_non_favorite,PS_CLOSE,True,2.62,PS_CLOSE_rulesusa_train30_n120_ev0p02_top1_ridge10_cap0.08|USA,5256,0.251332,-0.8,-1.4,0.102633,0.129287,0.0,2.408066,0.364525,2024-10-30,2024,1.2864740258376797,1.0,0.0,5.256,0.8,1.4,0.102633,0.129287,0.2842472978606804,0.02897521825566307
2024-11-01,2024-11,USA,Charlotte,Orlando City,draw,draw,3.58,"[3.5,4.0)",0.270158841037478,"[0.20,0.28)",market_non_favorite,PS_CLOSE,True,2.58,PS_CLOSE_rulesusa_train30_n120_ev0p02_top1_ridge10_cap0.08|USA,5257,0.251474,-0.4,-0.4,-0.047146,0.011533,0.0,2.378458,0.127662,2024-11-01,2024,1.275362800412609,1.0,0.0,5.257,0.4,0.4,0.047146,0.011533,0.285462501113654,0.02195575398688132
2024-11-02,2024-11,USA,Atlanta Utd,Inter Miami,away,home,1.98,"[1.8,2.2)",0.4883495376100868,"[0.42,0.55)",market_favorite,PS_CLOSE,False,-1.0,PS_CLOSE_rulesusa_train30_n120_ev0p02_top1_ridge10_cap0.08|USA,5258,0.251617,-1.2,-1.4,0.099168,0.438003,0.0,2.364996,0.019971,2024-11-02,2024,0.6830968447064438,0.0,0.0,5.258,1.2,1.4,0.099168,0.438003,0.5236305920669945,0.03678857229264909
2024-11-03,2024-11,USA,Houston Dynamo,Seattle Sounders,draw,draw,3.24,"[2.8,3.5)",0.298280529743177,"[0.28,0.34)",market_non_favorite,PS_CLOSE,True,2.24,PS_CLOSE_rulesusa_train30_n120_ev0p02_top1_ridge10_cap0.08|USA,5261,0.251473,-0.8,-1.4,-0.360455,-0.421194,0.0,2.386938,0.195507,2024-11-03,2024,1.1755733298042381,1.0,0.0,5.261,0.8,1.4,0.360455,0.421194,0.3184446350907668,0.03176061769408456
2024-11-23,2024-11,USA,New York City,New York Red Bulls,draw,away,3.41,"[2.8,3.5)",0.28382465885059305,"[0.28,0.34)",market_non_favorite,PS_CLOSE,False,-1.0,PS_CLOSE_rulesusa_train30_n120_ev0p02_top1_ridge10_cap0.08|USA,5269,0.25204,0.0,-0.2,-0.029784,-0.009091,-6.0,2.406517,0.352134,2024-11-23,2024,1.2267122912954254,1.0,0.0,5.269,0.0,0.2,0.029784,0.009091,0.3017517040327194,0.028973310751573278
2024-11-24,2024-11,USA,Los Angeles FC,Seattle Sounders,draw,draw,3.64,"[3.5,4.0)",0.2652832305103758,"[0.20,0.28)",market_non_favorite,PS_CLOSE,True,2.64,PS_CLOSE_rulesusa_train30_n120_ev0p02_top1_ridge10_cap0.08|USA,5270,0.251992,0.6,-0.4,0.117288,0.275242,-6.0,2.404881,0.33905,2024-11-24,2024,1.2919836816486494,1.0,0.0,5.27,0.6,0.4,0.117288,0.275242,0.28142619002942865,0.024391331707120267
2024-12-01,2024-12,USA,Orlando City,New York Red Bulls,draw,away,3.56,"[3.5,4.0)",0.2709999484030752,"[0.20,0.28)",market_non_favorite,PS_CLOSE,False,-1.0,PS_CLOSE_rulesusa_train30_n120_ev0p02_top1_ridge10_cap0.08|USA,5273,0.252039,0.2,0.2,-0.195358,-0.38335,-1.0,2.420607,0.464859,2024-12-01,2024,1.269760544863939,1.0,0.0,5.273,0.2,0.2,0.195358,0.38335,0.2913017260248537,0.037034144648479206
2024-12-07,2024-12,USA,Los Angeles Galaxy,New York Red Bulls,draw,home,3.83,"[3.5,4.0)",0.2519302957243568,"[0.20,0.28)",market_non_favorite,PS_CLOSE,False,-1.0,PS_CLOSE_rulesusa_train30_n120_ev0p02_top1_ridge10_cap0.08|USA,5275,0.251943,0.4,1.8,-0.085705,-0.108914,0.0,2.422154,0.477228,2024-12-07,2024,1.3428648031925547,1.0,0.0,5.275,0.4,1.8,0.085705,0.108914,0.2694083099561014,0.03183382713186833
2025-02-22,2025-02,USA,Los Angeles FC,Minnesota United,draw,home,3.83,"[3.5,4.0)",0.2521911599786213,"[0.20,0.28)",market_non_favorite,PS_CLOSE,False,-1.0,PS_CLOSE_rulesusa_train30_n120_ev0p02_top1_ridge10_cap0.08|USA,5276,0.251895,0.4,0.2,0.393715,0.701682,0.0,2.429469,0.535754,2025-02-22,2025,1.3428648031925547,1.0,0.0,5.276,0.4,0.2,0.393715,0.701682,0.2664929295824568,0.02066792030080955
2025-02-23,2025-02,USA,Portland Timbers,Vancouver Whitecaps,draw,away,3.43,"[2.8,3.5)",0.28220152767604895,"[0.28,0.34)",market_non_favorite,PS_CLOSE,False,-1.0,PS_CLOSE_rulesusa_train30_n120_ev0p02_top1_ridge10_cap0.08|USA,5277,0.251848,-0.6,-2.2,0.135689,0.210138,0.0,2.398588,0.288702,2025-02-23,2025,1.2325602611778486,1.0,0.0,5.277,0.6,2.2,0.135689,0.210138,0.30029772543559874,0.030021198244103653
2025-03-01,2025-03,USA,Real Salt Lake,Seattle Sounders,draw,home,3.17,"[2.8,3.5)",0.3055615320520594,"[0.28,0.34)",market_non_favorite,PS_CLOSE,False,-1.0,PS_CLOSE_rulesusa_train30_n120_ev0p02_top1_ridge10_cap0.08|USA,5291,0.252126,0.8,-0.2,-0.168454,-0.290727,0.0,2.380785,0.146283,2025-03-01,2025,1.1537315878891892,1.0,0.0,5.291,0.8,0.2,0.168454,0.290727,0.33152986862531886,0.050949683542260704
2025-03-02,2025-03,USA,Colorado Rapids,FC Dallas,draw,draw,3.54,"[3.5,4.0)",0.2735316738666341,"[0.20,0.28)",market_non_favorite,PS_CLOSE,True,2.54,PS_CLOSE_rulesusa_train30_n120_ev0p02_top1_ridge10_cap0.08|USA,5293,0.252031,-1.2,-1.8,-0.19171,-0.338954,0.0,2.377196,0.117565,2025-03-02,2025,1.264126727145683,1.0,0.0,5.293,1.2,1.8,0.19171,0.338954,0.2943128504044242,0.0418674904316616
2025-03-03,2025-03,USA,Houston Dynamo,Inter Miami,draw,away,3.52,"[3.5,4.0)",0.2751778360164733,"[0.20,0.28)",market_non_favorite,PS_CLOSE,False,-1.0,PS_CLOSE_rulesusa_train30_n120_ev0p02_top1_ridge10_cap0.08|USA,5305,0.252026,-0.4,-1.2,-0.110889,0.060872,0.0,2.386269,0.190155,2025-03-03,2025,1.2584609896100056,1.0,0.0,5.305,0.4,1.2,0.110889,0.060872,0.2962144816356556,0.04267497535750775
2025-03-08,2025-03,USA,Seattle Sounders,Los Angeles FC,draw,home,3.38,"[2.8,3.5)",0.28591549295774643,"[0.28,0.34)",market_non_favorite,PS_CLOSE,False,-1.0,PS_CLOSE_rulesusa_train30_n120_ev0p02_top1_ridge10_cap0.08|USA,5306,0.251979,-1.4,-0.6,-0.133967,-0.285064,1.0,2.386357,0.190853,2025-03-08,2025,1.2178757094949273,1.0,0.0,5.306,1.4,0.6,0.133967,0.285064,0.3087197134956079,0.04347263161515458
2025-03-09,2025-03,USA,New York City,Orlando City,draw,home,3.44,"[2.8,3.5)",0.2814731765753867,"[0.28,0.34)",market_non_favorite,PS_CLOSE,False,-1.0,PS_CLOSE_rulesusa_train30_n120_ev0p02_top1_ridge10_cap0.08|USA,5308,0.252072,-0.4,-0.2,0.155448,0.361733,0.0,2.382609,0.160869,2025-03-09,2025,1.235471471385307,1.0,0.0,5.308,0.4,0.2,0.155448,0.361733,0.3035330969159903,0.04415385339100664
2025-03-15,2025-03,USA,New York Red Bulls,Orlando City,draw,draw,3.37,"[2.8,3.5)",0.2869007691737994,"[0.28,0.34)",market_non_favorite,PS_CLOSE,True,2.37,PS_CLOSE_rulesusa_train30_n120_ev0p02_top1_ridge10_cap0.08|USA,5321,0.251644,0.2,0.4,0.200707,0.387047,0.0,2.392008,0.236065,2025-03-15,2025,1.2149127443642704,1.0,0.0,5.321,0.2,0.4,0.200707,0.387047,0.3098618547615137,0.04423445054630104
2025-03-16,2025-03,USA,Sporting Kansas City,Minnesota United,draw,draw,3.34,"[2.8,3.5)",0.2900799284039008,"[0.28,0.34)",market_non_favorite,PS_CLOSE,True,2.34,PS_CLOSE_rulesusa_train30_n120_ev0p02_top1_ridge10_cap0.08|USA,5327,0.251736,-1.4,-0.8,0.098947,0.223267,0.0,2.366362,0.030898,2025-03-16,2025,1.205970806988609,1.0,0.0,5.327,1.4,0.8,0.098947,0.223267,0.3135362931084197,0.04721121898212166
2025-03-22,2025-03,USA,Columbus Crew,New York City,draw,draw,3.45,"[2.8,3.5)",0.28072607235796,"[0.28,0.34)",market_non_favorite,PS_CLOSE,True,2.45,PS_CLOSE_rulesusa_train30_n120_ev0p02_top1_ridge10_cap0.08|USA,5336,0.251874,0.4,0.8,-0.049627,-0.088717,-1.0,2.436113,0.588908,2025-03-22,2025,1.2383742310432684,1.0,0.0,5.336,0.4,0.8,0.049627,0.088717,0.3026729648179926,0.04422172862207452
2025-03-23,2025-03,USA,Sporting Kansas City,Los Angeles FC,draw,away,3.39,"[2.8,3.5)",0.2855069032305644,"[0.28,0.34)",market_non_favorite,PS_CLOSE,False,-1.0,PS_CLOSE_rulesusa_train30_n120_ev0p02_top1_ridge10_cap0.08|USA,5343,0.252106,-1.2,-0.4,-0.284758,-0.456191,-1.0,2.3452,0.138396,2025-03-23,2025,1.220829921392359,1.0,0.0,5.343,1.2,0.4,0.284758,0.456191,0.3082196304452221,0.044864547209302996
2025-03-29,2025-03,USA,New England Revolution,New York Red Bulls,draw,home,3.27,"[2.8,3.5)",0.2959089510919717,"[0.28,0.34)",market_non_favorite,PS_CLOSE,False,-1.0,PS_CLOSE_rulesusa_train30_n120_ev0p02_top1_ridge10_cap0.08|USA,5350,0.251963,-1.4,-2.0,-0.177085,-0.321098,7.0,2.354446,0.06443,2025-03-29,2025,1.184789984909162,1.0,0.0,5.35,1.4,2.0,0.177085,0.321098,0.3203163417591365,0.04743443755237631
2025-03-30,2025-03,USA,St. Louis City,Austin FC,draw,away,3.37,"[2.8,3.5)",0.2876386961885692,"[0.28,0.34)",market_non_favorite,PS_CLOSE,False,-1.0,PS_CLOSE_rulesusa_train30_n120_ev0p02_top1_ridge10_cap0.08|USA,5356,0.251867,-0.2,0.4,0.089722,0.185833,1.0,2.402121,0.316972,2025-03-30,2025,1.2149127443642704,1.0,0.0,5.356,0.2,0.4,0.089722,0.185833,0.3107012661096364,0.04706326678947459
2025-03-31,2025-03,USA,Portland Timbers,Houston Dynamo,draw,home,3.71,"[3.5,4.0)",0.26079044786654065,"[0.20,0.28)",market_non_favorite,PS_CLOSE,False,-1.0,PS_CLOSE_rulesusa_train30_n120_ev0p02_top1_ridge10_cap0.08|USA,5364,0.251864,1.0,0.8,0.216178,0.192747,0.0,2.393804,0.250431,2025-03-31,2025,1.3110318766193438,1.0,0.0,5.364,1.0,0.8,0.216178,0.192747,0.27949819187003316,0.036938291837822934
2025-04-05,2025-04,USA,Charlotte,Nashville SC,draw,home,3.35,"[2.8,3.5)",0.28878980654067865,"[0.28,0.34)",market_non_favorite,PS_CLOSE,False,-1.0,PS_CLOSE_rulesusa_train30_n120_ev0p02_top1_ridge10_cap0.08|USA,5365,0.251817,0.0,0.0,-0.065855,-0.247471,1.0,2.419026,0.452207,2025-04-05,2025,1.208960345836975,1.0,0.0,5.365,0.0,0.0,0.065855,0.247471,0.3108626196442229,0.041389775808146734
2025-04-06,2025-04,USA,San Diego FC,Seattle Sounders,draw,home,3.22,"[2.8,3.5)",0.3008005501446372,"[0.28,0.34)",market_non_favorite,PS_CLOSE,False,-1.0,PS_CLOSE_rulesusa_train30_n120_ev0p02_top1_ridge10_cap0.08|USA,5367,0.251723,0.6,0.4,0.230423,0.348579,0.0,2.385331,0.18265,2025-04-06,2025,1.169381359556317,1.0,0.0,5.367,0.6,0.4,0.230423,0.348579,0.3253123713819865,0.04750583584999646
2025-04-12,2025-04,USA,Toronto FC,Minnesota United,away,draw,2.3,"[2.2,2.8)",0.42086330935251803,"[0.42,0.55)",market_favorite,PS_CLOSE,False,-1.0,PS_CLOSE_rulesusa_train30_n120_ev0p02_top1_ridge10_cap0.08|USA,5380,0.251859,-1.8,-1.6,-0.148571,-0.119809,-1.0,2.335358,0.217135,2025-04-12,2025,0.8329091229351039,0.0,0.0,5.38,1.8,1.6,0.148571,0.119809,0.45948712015458115,0.056820376355536606
2025-04-13,2025-04,USA,Chicago Fire,Inter Miami,away,draw,2.32,"[2.2,2.8)",0.4170309350823203,"[0.34,0.42)",market_favorite,PS_CLOSE,False,-1.0,PS_CLOSE_rulesusa_train30_n120_ev0p02_top1_ridge10_cap0.08|USA,5383,0.25209,-0.6,-0.4,-0.243182,-0.114171,1.0,2.335044,0.219648,2025-04-13,2025,0.8415671856782185,0.0,0.0,5.383,0.6,0.4,0.243182,0.114171,0.45496548990034785,0.05551993656880705
2025-04-14,2025-04,USA,St. Louis City,Columbus Crew,away,away,2.36,"[2.2,2.8)",0.410255049030389,"[0.34,0.42)",market_favorite,PS_CLOSE,True,1.3599999999999999,PS_CLOSE_rulesusa_train30_n120_ev0p02_top1_ridge10_cap0.08|USA,5394,0.251947,-0.6,-0.4,-0.162561,-0.165236,0.0,2.339948,0.180415,2025-04-14,2025,0.8586616190375187,0.0,0.0,5.394,0.6,0.4,0.162561,0.165236,0.44674672447093633,0.054322269751409635
2025-04-19,2025-04,USA,Columbus Crew,Inter Miami,away,away,2.82,"[2.8,3.5)",0.34326279372781593,"[0.34,0.42)",market_non_favorite,PS_CLOSE,True,1.8199999999999998,PS_CLOSE_rulesusa_train30_n120_ev0p02_top1_ridge10_cap0.08|USA,5395,0.2519,0.0,-0.0,0.079855,0.283983,-1.0,2.411246,0.389968,2025-04-19,2025,1.0367368849500223,0.0,0.0,5.395,0.0,0.0,0.079855,0.283983,0.3663861741215916,0.0332090110228882
2025-04-20,2025-04,USA,St. Louis City,Vancouver Whitecaps,away,draw,2.48,"[2.2,2.8)",0.3904750273826743,"[0.34,0.42)",market_favorite,PS_CLOSE,False,-1.0,PS_CLOSE_rulesusa_train30_n120_ev0p02_top1_ridge10_cap0.08|USA,5397,0.251807,-1.4,-1.8,-0.050943,0.079691,-1.0,2.366447,0.031574,2025-04-20,2025,0.9082585601768908,0.0,0.0,5.397,1.4,1.8,0.050943,0.079691,0.42304654965060745,0.049155443133506393
2025-04-26,2025-04,USA,Toronto FC,New York City,draw,away,3.08,"[2.8,3.5)",0.3141149947185041,"[0.28,0.34)",market_non_favorite,PS_CLOSE,False,-1.0,PS_CLOSE_rulesusa_train30_n120_ev0p02_top1_ridge10_cap0.08|USA,5410,0.252126,0.4,0.6,-0.30091,-0.441946,0.0,2.351434,0.088531,2025-04-26,2025,1.1249295969854831,1.0,0.0,5.41,0.4,0.6,0.30091,0.441946,0.3411421067546974,0.05071768880446803
2025-04-27,2025-04,USA,Inter Miami,FC Dallas,draw,away,3.26,"[2.8,3.5)",0.29672895430812357,"[0.28,0.34)",market_non_favorite,PS_CLOSE,False,-1.0,PS_CLOSE_rulesusa_train30_n120_ev0p02_top1_ridge10_cap0.08|USA,5414,0.251939,0.6,0.4,-0.004402,-0.197992,1.0,2.440113,0.620903,2025-04-27,2025,1.1817271953786161,1.0,0.0,5.414,0.6,0.4,0.004402,0.197992,0.32040572864074773,0.04452267536883747
2025-04-28,2025-04,USA,Los Angeles Galaxy,Portland Timbers,draw,away,3.76,"[3.5,4.0)",0.25722932078009414,"[0.20,0.28)",market_non_favorite,PS_CLOSE,False,-1.0,PS_CLOSE_rulesusa_train30_n120_ev0p02_top1_ridge10_cap0.08|USA,5423,0.251706,-1.8,-2.2,-0.015338,0.043836,1.0,2.401712,0.313696,2025-04-28,2025,1.324418957401803,1.0,0.0,5.423,1.8,2.2,0.015338,0.043836,0.2728591083119241,0.02595024725283457
2025-05-03,2025-05,USA,Toronto FC,New England Revolution,draw,away,3.32,"[2.8,3.5)",0.2915846598852997,"[0.28,0.34)",market_non_favorite,PS_CLOSE,False,-1.0,PS_CLOSE_rulesusa_train30_n120_ev0p02_top1_ridge10_cap0.08|USA,5425,0.251797,-1.2,-0.8,-0.182516,-0.163218,1.0,2.371438,0.071508,2025-05-03,2025,1.199964782928397,1.0,0.0,5.425,1.2,0.8,0.182516,0.163218,0.3158056986042047,0.04847491936595949
2025-05-04,2025-05,USA,Chicago Fire,Orlando City,away,draw,2.58,"[2.2,2.8)",0.37549379560347634,"[0.34,0.42)",market_favorite,PS_CLOSE,False,-1.0,PS_CLOSE_rulesusa_train30_n120_ev0p02_top1_ridge10_cap0.08|USA,5427,0.251889,-1.4,-2.2,-0.209322,-0.148018,0.0,2.339362,0.1851,2025-05-04,2025,0.9477893989335261,0.0,0.0,5.427,1.4,2.2,0.209322,0.148018,0.4071076193688709,0.05033765797168699
2025-05-05,2025-05,USA,Sporting Kansas City,Los Angeles Galaxy,away,home,2.55,"[2.2,2.8)",0.3797315604330552,"[0.34,0.42)",market_favorite,PS_CLOSE,False,-1.0,PS_CLOSE_rulesusa_train30_n120_ev0p02_top1_ridge10_cap0.08|USA,5439,0.251517,1.0,1.2,-0.013153,-0.016659,2.0,2.368753,0.050027,2025-05-05,2025,0.9360933591703348,0.0,0.0,5.439,1.0,1.2,0.013153,0.016659,0.41222437893773994,0.051172166291236776
2025-05-10,2025-05,USA,Minnesota United,Inter Miami,draw,home,3.45,"[2.8,3.5)",0.2805887764489421,"[0.28,0.34)",market_non_favorite,PS_CLOSE,False,-1.0,PS_CLOSE_rulesusa_train30_n120_ev0p02_top1_ridge10_cap0.08|USA,5440,0.251471,0.0,-0.2,-0.056982,0.016141,0.0,2.373836,0.090691,2025-05-10,2025,1.2383742310432684,1.0,0.0,5.44,0.0,0.2,0.056982,0.016141,0.30247609195435793,0.043542517242534995
2025-05-11,2025-05,USA,St. Louis City,San Diego FC,away,away,2.17,"[1.8,2.2)",0.44518161735414474,"[0.42,0.55)",market_favorite,PS_CLOSE,True,1.17,PS_CLOSE_rulesusa_train30_n120_ev0p02_top1_ridge10_cap0.08|USA,5443,0.251332,-0.8,-1.6,-0.27385,-0.594837,0.0,2.375036,0.100288,2025-05-11,2025,0.7747271675523681,0.0,0.0,5.443,0.8,1.6,0.27385,0.594837,0.4906064665689494,0.06461603245462011
2025-05-12,2025-05,USA,Vancouver Whitecaps,Los Angeles FC,draw,draw,3.67,"[3.5,4.0)",0.26365915514420163,"[0.20,0.28)",market_non_favorite,PS_CLOSE,True,2.67,PS_CLOSE_rulesusa_train30_n120_ev0p02_top1_ridge10_cap0.08|USA,5454,0.251375,1.0,1.4,-0.369271,-0.66181,0.0,2.394929,0.259432,2025-05-12,2025,1.3001916620664788,1.0,0.0,5.454,1.0,1.4,0.369271,0.66181,0.28248165082708643,0.03670765853540714
2025-05-15,2025-05,USA,CF Montreal,Columbus Crew,away,draw,2.37,"[2.2,2.8)",0.4083082851052025,"[0.34,0.42)",market_favorite,PS_CLOSE,False,-1.0,PS_CLOSE_rulesusa_train30_n120_ev0p02_top1_ridge10_cap0.08|USA,5455,0.251512,-1.2,-1.0,-0.188802,-0.355847,0.0,2.328974,0.268212,2025-05-15,2025,0.8628899551470398,0.0,0.0,5.455,1.2,1.0,0.188802,0.355847,0.4462827839680731,0.05769019800433317
2025-05-17,2025-05,USA,New York City,New York Red Bulls,draw,home,3.65,"[3.5,4.0)",0.2650480452378959,"[0.20,0.28)",market_non_favorite,PS_CLOSE,False,-1.0,PS_CLOSE_rulesusa_train30_n120_ev0p02_top1_ridge10_cap0.08|USA,5468,0.252012,0.2,-0.8,-0.037128,-0.032956,0.0,2.392987,0.243892,2025-05-17,2025,1.2947271675944,1.0,0.0,5.468,0.2,0.8,0.037128,0.032956,0.2840095679665592,0.03663492307794103
2025-05-18,2025-05,USA,Austin FC,Vancouver Whitecaps,away,draw,2.39,"[2.2,2.8)",0.4051173925123025,"[0.34,0.42)",market_favorite,PS_CLOSE,False,-1.0,PS_CLOSE_rulesusa_train30_n120_ev0p02_top1_ridge10_cap0.08|USA,5470,0.25192,-1.4,-2.4,-0.108107,-0.105637,-3.0,2.359144,0.026852,2025-05-18,2025,0.8712933659434193,0.0,0.0,5.47,1.4,2.4,0.108107,0.105637,0.44269665298076316,0.05804500062402407
2025-05-19,2025-05,USA,Los Angeles Galaxy,Los Angeles FC,away,draw,2.03,"[1.8,2.2)",0.4764626847441066,"[0.42,0.55)",market_favorite,PS_CLOSE,False,-1.0,PS_CLOSE_rulesusa_train30_n120_ev0p02_top1_ridge10_cap0.08|USA,5481,0.252509,-1.8,-3.6,-0.284503,-0.47241,0.0,2.360464,0.016288,2025-05-19,2025,0.7080357930536959,0.0,0.0,5.481,1.8,3.6,0.284503,0.47241,0.5283933965306389,0.07263859495719682
2025-05-24,2025-05,USA,San Diego FC,Los Angeles Galaxy,draw,home,4.11,"[4.0,5.0)",0.23472029210605194,"[0.20,0.28)",market_non_favorite,PS_CLOSE,False,-1.0,PS_CLOSE_rulesusa_train30_n120_ev0p02_top1_ridge10_cap0.08|USA,5483,0.252599,1.8,3.4,0.275988,0.527964,1.0,2.416357,0.430859,2025-05-24,2025,1.4134230285081433,1.0,0.0,5.483,1.8,3.4,0.275988,0.527964,0.24867967403393137,0.022073460279458113
2025-05-25,2025-05,USA,CF Montreal,Los Angeles FC,away,draw,2.1,"[1.8,2.2)",0.4608453121647715,"[0.42,0.55)",market_favorite,PS_CLOSE,False,-1.0,PS_CLOSE_rulesusa_train30_n120_ev0p02_top1_ridge10_cap0.08|USA,5485,0.252507,-1.0,-2.4,-0.433349,-0.78135,2.0,2.333785,0.229722,2025-05-25,2025,0.7419373447293773,0.0,0.0,5.485,1.0,2.4,0.433349,0.78135,0.5093042272031439,0.06953887712660234
2025-05-26,2025-05,USA,Atlanta Utd,FC Cincinnati,away,home,2.43,"[2.2,2.8)",0.3981949952140025,"[0.34,0.42)",market_favorite,PS_CLOSE,False,-1.0,PS_CLOSE_rulesusa_train30_n120_ev0p02_top1_ridge10_cap0.08|USA,5497,0.252865,-1.6,-1.4,0.154386,0.528035,0.0,2.366092,0.028736,2025-05-26,2025,0.8878912573524571,0.0,0.0,5.497,1.6,1.4,0.154386,0.528035,0.434303800358494,0.05535823487114033
2025-05-29,2025-05,USA,Toronto FC,Philadelphia Union,away,away,1.95,"[1.8,2.2)",0.4983585661602398,"[0.42,0.55)",market_favorite,PS_CLOSE,True,0.95,PS_CLOSE_rulesusa_train30_n120_ev0p02_top1_ridge10_cap0.08|USA,5498,0.252819,-1.0,0.0,-0.225064,-0.414263,0.0,2.328934,0.268526,2025-05-29,2025,0.6678293725756554,0.0,0.0,5.498,1.0,0.0,0.225064,0.414263,0.5544783951463349,0.08123287053535311
2025-05-31,2025-05,USA,Nashville SC,New York City,draw,draw,3.61,"[3.5,4.0)",0.26791319729653273,"[0.20,0.28)",market_non_favorite,PS_CLOSE,True,2.61,PS_CLOSE_rulesusa_train30_n120_ev0p02_top1_ridge10_cap0.08|USA,5511,0.25313,0.8,0.6,-0.10515,-0.037596,0.0,2.400215,0.301716,2025-05-31,2025,1.2837077723447896,1.0,0.0,5.511,0.8,0.6,0.10515,0.037596,0.28808265545487133,0.03997838619208549
2025-06-01,2025-06,USA,Toronto FC,Charlotte,draw,away,3.52,"[3.5,4.0)",0.274869109947644,"[0.20,0.28)",market_non_favorite,PS_CLOSE,False,-1.0,PS_CLOSE_rulesusa_train30_n120_ev0p02_top1_ridge10_cap0.08|USA,5513,0.25322,0.6,2.2,-0.109325,-0.099489,0.0,2.355836,0.05331,2025-06-01,2025,1.2584609896100056,1.0,0.0,5.513,0.6,2.2,0.109325,0.099489,0.30074581895308544,0.05862528271486078
2025-06-08,2025-06,USA,Colorado Rapids,Austin FC,draw,away,3.41,"[2.8,3.5)",0.28390367553865653,"[0.28,0.34)",market_non_favorite,PS_CLOSE,False,-1.0,PS_CLOSE_rulesusa_train30_n120_ev0p02_top1_ridge10_cap0.08|USA,5524,0.252896,0.4,-0.2,-0.000171,-0.047402,3.0,2.398825,0.290601,2025-06-08,2025,1.2267122912954254,1.0,0.0,5.524,0.4,0.2,0.000171,0.047402,0.3118282635152955,0.06333437858715785
2025-06-09,2025-06,USA,Vancouver Whitecaps,Seattle Sounders,draw,home,3.37,"[2.8,3.5)",0.286923402454507,"[0.28,0.34)",market_non_favorite,PS_CLOSE,False,-1.0,PS_CLOSE_rulesusa_train30_n120_ev0p02_top1_ridge10_cap0.08|USA,5526,0.252805,0.4,1.0,-0.254144,-0.399503,3.0,2.398886,0.291091,2025-06-09,2025,1.2149127443642704,1.0,0.0,5.526,0.4,1.0,0.254144,0.399503,0.315517261027186,0.06329316966161702
2025-06-13,2025-06,USA,New York City,Atlanta Utd,draw,home,3.8,"[3.5,4.0)",0.25420670800780915,"[0.20,0.28)",market_non_favorite,PS_CLOSE,False,-1.0,PS_CLOSE_rulesusa_train30_n120_ev0p02_top1_ridge10_cap0.08|USA,5529,0.252668,0.2,0.2,0.054127,-0.004113,1.0,2.410015,0.38012,2025-06-13,2025,1.33500106673234,1.0,0.0,5.529,0.2,0.2,0.054127,0.004113,0.27565208527252455,0.047477924035593144
2025-06-14,2025-06,USA,St. Louis City,Los Angeles Galaxy,draw,draw,3.58,"[3.5,4.0)",0.2703250489623028,"[0.20,0.28)",market_non_favorite,PS_CLOSE,True,2.58,PS_CLOSE_rulesusa_train30_n120_ev0p02_top1_ridge10_cap0.08|USA,5530,0.252622,0.0,-0.6,-0.205633,-0.217613,-8.0,2.382278,0.158227,2025-06-14,2025,1.275362800412609,1.0,0.0,5.53,0.0,0.6,0.205633,0.217613,0.2950919083805676,0.0564290320024321
2025-06-15,2025-06,USA,Austin FC,New York Red Bulls,draw,home,3.25,"[2.8,3.5)",0.29758728574444804,"[0.28,0.34)",market_non_favorite,PS_CLOSE,False,-1.0,PS_CLOSE_rulesusa_train30_n120_ev0p02_top1_ridge10_cap0.08|USA,5532,0.252892,-0.6,-0.6,-0.311904,-0.462722,-7.0,2.371346,0.070767,2025-06-15,2025,1.1786549963416462,1.0,0.0,5.532,0.6,0.6,0.311904,0.462722,0.32846843237522494,0.06752240521948094
2025-06-26,2025-06,USA,Toronto FC,New York Red Bulls,away,draw,2.03,"[1.8,2.2)",0.4764839890621597,"[0.42,0.55)",market_favorite,PS_CLOSE,False,-1.0,PS_CLOSE_rulesusa_train30_n120_ev0p02_top1_ridge10_cap0.08|USA,5542,0.252436,-1.2,-0.6,-0.351154,-0.477079,10.0,2.340971,0.172232,2025-06-26,2025,0.7080357930536959,0.0,0.0,5.542,1.2,0.6,0.351154,0.477079,0.5270214974758956,0.06985363987606785
2025-06-29,2025-06,USA,DC United,Nashville SC,away,away,1.94,"[1.8,2.2)",0.4980359560804923,"[0.42,0.55)",market_favorite,PS_CLOSE,True,0.94,PS_CLOSE_rulesusa_train30_n120_ev0p02_top1_ridge10_cap0.08|USA,5553,0.252116,-1.4,-2.6,-0.193129,-0.474794,11.0,2.347855,0.117162,2025-06-29,2025,0.6626879730752367,0.0,0.0,5.553,1.4,2.6,0.193129,0.474794,0.5533214422664592,0.07344359799693079
2025-06-30,2025-06,USA,Los Angeles FC,Vancouver Whitecaps,draw,away,3.7,"[3.5,4.0)",0.25877052846827275,"[0.20,0.28)",market_non_favorite,PS_CLOSE,False,-1.0,PS_CLOSE_rulesusa_train30_n120_ev0p02_top1_ridge10_cap0.08|USA,5566,0.252246,0.4,1.0,0.371784,0.670358,17.0,2.412661,0.401287,2025-06-30,2025,1.308332819650179,1.0,0.0,5.566,0.4,1.0,0.371784,0.670358,0.2815697688914038,0.041808144898193955
2025-07-05,2025-07,USA,FC Dallas,Minnesota United,away,away,2.46,"[2.2,2.8)",0.39348559445660103,"[0.34,0.42)",market_favorite,PS_CLOSE,True,1.46,PS_CLOSE_rulesusa_train30_n120_ev0p02_top1_ridge10_cap0.08|USA,5568,0.252155,-0.6,-0.4,0.039604,0.130378,0.0,2.371418,0.071343,2025-07-05,2025,0.9001613499442714,0.0,0.0,5.568,0.6,0.4,0.039604,0.130378,0.433643759735685,0.06676364894978493
2025-07-06,2025-07,USA,CF Montreal,Inter Miami,away,away,1.89,"[1.8,2.2)",0.5111629554294107,"[0.42,0.55)",market_favorite,PS_CLOSE,True,0.8899999999999999,PS_CLOSE_rulesusa_train30_n120_ev0p02_top1_ridge10_cap0.08|USA,5571,0.252019,-0.4,-1.4,-0.119534,-0.107706,-14.0,2.334281,0.225752,2025-07-06,2025,0.636576829071551,0.0,0.0,5.571,0.4,1.4,0.119534,0.107706,0.5795715936070062,0.09539031191724168
2025-07-10,2025-07,USA,New England Revolution,Inter Miami,away,away,2.1,"[1.8,2.2)",0.4606824925816024,"[0.42,0.55)",market_favorite,PS_CLOSE,True,1.1,PS_CLOSE_rulesusa_train30_n120_ev0p02_top1_ridge10_cap0.08|USA,5581,0.252285,-1.2,-1.2,-0.033208,0.040945,0.0,2.346197,0.130422,2025-07-10,2025,0.7419373447293773,0.0,0.0,5.581,1.2,1.2,0.033208,0.040945,0.5168893649584774,0.08546766641280246
2025-07-13,2025-07,USA,Sporting Kansas City,Seattle Sounders,away,away,1.96,"[1.8,2.2)",0.493368700265252,"[0.42,0.55)",market_favorite,PS_CLOSE,True,0.96,PS_CLOSE_rulesusa_train30_n120_ev0p02_top1_ridge10_cap0.08|USA,5583,0.252194,0.0,-0.2,-0.170271,-0.197342,1.0,2.35857,0.03144,2025-07-13,2025,0.6729444732424258,0.0,0.0,5.583,0.0,0.2,0.170271,0.197342,0.5574388704781782,0.09258018613722929
2025-07-14,2025-07,USA,St. Louis City,Portland Timbers,away,home,3.27,"[2.8,3.5)",0.2960672381148604,"[0.28,0.34)",market_non_favorite,PS_CLOSE,False,-1.0,PS_CLOSE_rulesusa_train30_n120_ev0p02_top1_ridge10_cap0.08|USA,5597,0.252099,-1.8,-1.0,-0.28402,-0.234524,0.0,2.36569,0.02552,2025-07-14,2025,1.184789984909162,0.0,0.0,5.597,1.8,1.0,0.28402,0.234524,0.31314237226091546,0.02397555729319345
2025-07-17,2025-07,USA,FC Cincinnati,Inter Miami,away,home,2.43,"[2.2,2.8)",0.3984182757114212,"[0.34,0.42)",market_favorite,PS_CLOSE,False,-1.0,PS_CLOSE_rulesusa_train30_n120_ev0p02_top1_ridge10_cap0.08|USA,5598,0.252054,-0.6,-1.6,-0.120583,-0.209982,0.0,2.378848,0.13078,2025-07-17,2025,0.8878912573524571,0.0,0.0,5.598,0.6,1.6,0.120583,0.209982,0.4397846971467371,0.06867681406657122
2025-07-20,2025-07,USA,Portland Timbers,Minnesota United,away,draw,2.26,"[2.2,2.8)",0.42835674883480446,"[0.42,0.55)",market_favorite,PS_CLOSE,False,-1.0,PS_CLOSE_rulesusa_train30_n120_ev0p02_top1_ridge10_cap0.08|USA,5612,0.25196,-1.2,-1.8,0.097383,0.138157,0.0,2.378607,0.128858,2025-07-20,2025,0.8153648132841944,0.0,0.0,5.612,1.2,1.8,0.097383,0.138157,0.47675988050531437,0.0774773299420104
2025-07-26,2025-07,USA,FC Dallas,New York City,away,away,2.57,"[2.2,2.8)",0.3767353220872368,"[0.34,0.42)",market_favorite,PS_CLOSE,True,1.5699999999999998,PS_CLOSE_rulesusa_train30_n120_ev0p02_top1_ridge10_cap0.08|USA,5626,0.252222,-0.6,-0.2,-0.119015,-0.178049,0.0,2.383102,0.164813,2025-07-26,2025,0.9439058989071284,0.0,0.0,5.626,0.6,0.2,0.119015,0.178049,0.4128933310344255,0.06113586075847355
2025-07-27,2025-07,USA,St. Louis City,Minnesota United,away,away,2.65,"[2.2,2.8)",0.36500552532344976,"[0.34,0.42)",market_non_favorite,PS_CLOSE,True,1.65,PS_CLOSE_rulesusa_train30_n120_ev0p02_top1_ridge10_cap0.08|USA,5631,0.251998,-1.0,-1.8,-0.172553,-0.110443,0.0,2.349413,0.104696,2025-07-27,2025,0.9745596399981308,0.0,0.0,5.631,1.0,1.8,0.172553,0.110443,0.39846270669519773,0.05592617274227396
2025-08-10,2025-08,USA,Sporting Kansas City,San Diego FC,away,away,1.97,"[1.8,2.2)",0.4904463355272761,"[0.42,0.55)",market_favorite,PS_CLOSE,True,0.97,PS_CLOSE_rulesusa_train30_n120_ev0p02_top1_ridge10_cap0.08|USA,5640,0.25195,-0.4,-0.6,-0.41113,-0.533305,-1.0,2.355272,0.057822,2025-08-10,2025,0.6780335427498971,0.0,0.0,5.64,0.4,0.6,0.41113,0.533305,0.5617780219671065,0.1067027032751997
2025-08-11,2025-08,USA,Los Angeles Galaxy,Seattle Sounders,away,away,2.75,"[2.2,2.8)",0.35171699274763885,"[0.34,0.42)",market_non_favorite,PS_CLOSE,True,1.75,PS_CLOSE_rulesusa_train30_n120_ev0p02_top1_ridge10_cap0.08|USA,5652,0.252123,-0.2,0.2,-0.175885,-0.200046,6.0,2.369856,0.058847,2025-08-11,2025,1.0116009116784799,0.0,0.0,5.652,0.2,0.2,0.175885,0.200046,0.3877046673671536,0.06618783525967231
2025-08-17,2025-08,USA,Toronto FC,Columbus Crew,away,draw,1.95,"[1.8,2.2)",0.49579449491799693,"[0.42,0.55)",market_favorite,PS_CLOSE,False,-1.0,PS_CLOSE_rulesusa_train30_n120_ev0p02_top1_ridge10_cap0.08|USA,5654,0.252034,-0.4,-0.0,-0.281027,-0.359513,-14.0,2.327077,0.283385,2025-08-17,2025,0.6678293725756554,0.0,0.0,5.654,0.4,0.0,0.281027,0.359513,0.5653834571497991,0.10249774144210821
2025-08-18,2025-08,USA,San Jose Earthquakes,San Diego FC,away,away,3.27,"[2.8,3.5)",0.2957248835146891,"[0.28,0.34)",market_non_favorite,PS_CLOSE,True,2.27,PS_CLOSE_rulesusa_train30_n120_ev0p02_top1_ridge10_cap0.08|USA,5667,0.251985,-1.2,-1.4,-0.69065,-0.970325,0.0,2.351782,0.085743,2025-08-18,2025,1.184789984909162,0.0,0.0,5.667,1.2,1.4,0.69065,0.970325,0.3162479420574971,0.03413077052801561
2025-08-24,2025-08,USA,FC Dallas,Los Angeles FC,away,draw,1.93,"[1.8,2.2)",0.5011856864991607,"[0.42,0.55)",market_favorite,PS_CLOSE,False,-1.0,PS_CLOSE_rulesusa_train30_n120_ev0p02_top1_ridge10_cap0.08|USA,5669,0.252073,0.0,0.4,-0.327256,-0.523663,0.0,2.355955,0.052362,2025-08-24,2025,0.6575200029167941,0.0,0.0,5.669,0.0,0.4,0.327256,0.523663,0.5711296445718007,0.10228021402357523
2025-08-31,2025-08,USA,FC Cincinnati,Philadelphia Union,away,away,2.45,"[2.2,2.8)",0.39490254308967543,"[0.34,0.42)",market_favorite,PS_CLOSE,True,1.4500000000000002,PS_CLOSE_rulesusa_train30_n120_ev0p02_top1_ridge10_cap0.08|USA,5684,0.252111,-0.2,-1.0,-0.12083,-0.486504,0.0,2.390429,0.223434,2025-08-31,2025,0.8960880245566357,0.0,0.0,5.684,0.2,1.0,0.12083,0.486504,0.44290049742686133,0.08510621869581025
2025-09-07,2025-09,USA,St. Louis City,FC Dallas,draw,draw,3.98,"[3.5,4.0)",0.24284219537715207,"[0.20,0.28)",market_non_favorite,PS_CLOSE,True,2.98,PS_CLOSE_rulesusa_train30_n120_ev0p02_top1_ridge10_cap0.08|USA,5695,0.252151,-1.0,-1.2,-0.232524,-0.242943,-7.0,2.37574,0.10592,2025-09-07,2025,1.3812818192963463,1.0,0.0,5.695,1.0,1.2,0.232524,0.242943,0.2582315484808515,0.027761562953789065
2025-09-08,2025-09,USA,Sporting Kansas City,Austin FC,away,away,3.05,"[2.8,3.5)",0.3170268599706121,"[0.28,0.34)",market_non_favorite,PS_CLOSE,True,2.05,PS_CLOSE_rulesusa_train30_n120_ev0p02_top1_ridge10_cap0.08|USA,5698,0.252369,-1.0,-2.2,0.158176,0.252062,0.0,2.38252,0.160159,2025-09-08,2025,1.1151415906193203,0.0,0.0,5.698,1.0,2.2,0.158176,0.252062,0.3412793741249642,0.040902091081140624
2025-09-14,2025-09,USA,DC United,Orlando City,away,draw,2.01,"[1.8,2.2)",0.4811754569895264,"[0.42,0.55)",market_favorite,PS_CLOSE,False,-1.0,PS_CLOSE_rulesusa_train30_n120_ev0p02_top1_ridge10_cap0.08|USA,5699,0.252325,-1.4,-1.4,-0.159796,-0.199363,-7.0,2.322843,0.317252,2025-09-14,2025,0.6981347220709843,0.0,0.0,5.699,1.4,1.4,0.159796,0.199363,0.5438913777091771,0.09322166919544572
2025-09-17,2025-09,USA,Inter Miami,Seattle Sounders,draw,home,3.81,"[3.5,4.0)",0.2537476659504812,"[0.20,0.28)",market_non_favorite,PS_CLOSE,False,-1.0,PS_CLOSE_rulesusa_train30_n120_ev0p02_top1_ridge10_cap0.08|USA,5714,0.252188,-0.6,-2.0,-0.189285,-0.403003,0.0,2.401671,0.313372,2025-09-17,2025,1.3376291891386096,1.0,0.0,5.714,0.6,2.0,0.189285,0.403003,0.27205514753054044,0.036530112091359035
2025-09-18,2025-09,USA,Real Salt Lake,Los Angeles FC,away,away,2.23,"[2.2,2.8)",0.43380486035545884,"[0.42,0.55)",market_favorite,PS_CLOSE,True,1.23,PS_CLOSE_rulesusa_train30_n120_ev0p02_top1_ridge10_cap0.08|USA,5715,0.252143,-0.4,-1.0,-0.288915,-0.567632,0.0,2.363496,0.007971,2025-09-18,2025,0.8020015854720274,0.0,0.0,5.715,0.4,1.0,0.288915,0.567632,0.48638233962375943,0.08463261736098349
2025-09-20,2025-09,USA,Atlanta Utd,San Diego FC,away,draw,2.55,"[2.2,2.8)",0.3798031120990791,"[0.34,0.42)",market_favorite,PS_CLOSE,False,-1.0,PS_CLOSE_rulesusa_train30_n120_ev0p02_top1_ridge10_cap0.08|USA,5717,0.252055,-1.0,-0.8,-0.434848,-0.395455,0.0,2.356618,0.047055,2025-09-20,2025,0.9360933591703348,0.0,0.0,5.717,1.0,0.8,0.434848,0.395455,0.4193929823203754,0.06945210491695719
2025-09-21,2025-09,USA,Sporting Kansas City,Vancouver Whitecaps,away,away,1.95,"[1.8,2.2)",0.49544845106202806,"[0.42,0.55)",market_favorite,PS_CLOSE,True,0.95,PS_CLOSE_rulesusa_train30_n120_ev0p02_top1_ridge10_cap0.08|USA,5720,0.252098,-1.4,-3.0,0.058706,0.1542,0.0,2.343981,0.148149,2025-09-21,2025,0.6678293725756554,0.0,0.0,5.72,1.4,3.0,0.058706,0.1542,0.5625122609708956,0.09689890889324637
2025-09-22,2025-09,USA,Austin FC,Seattle Sounders,away,home,2.27,"[2.2,2.8)",0.4261481561814014,"[0.42,0.55)",market_favorite,PS_CLOSE,False,-1.0,PS_CLOSE_rulesusa_train30_n120_ev0p02_top1_ridge10_cap0.08|USA,5730,0.251832,0.0,-0.8,-0.339286,-0.480159,3.0,2.366238,0.029903,2025-09-22,2025,0.8197798314933114,0.0,0.0,5.73,0.0,0.8,0.339286,0.480159,0.47685857958042027,0.08246897564755407
2025-09-25,2025-09,USA,New York City,Inter Miami,away,away,2.83,"[2.8,3.5)",0.3420085502137553,"[0.34,0.42)",market_non_favorite,PS_CLOSE,True,1.83,PS_CLOSE_rulesusa_train30_n120_ev0p02_top1_ridge10_cap0.08|USA,5732,0.251745,0.4,0.6,0.097933,0.322343,1.0,2.385922,0.187373,2025-09-25,2025,1.0402767116551463,0.0,0.0,5.732,0.4,0.6,0.097933,0.322343,0.3723077810880321,0.05363102047913082
2025-09-27,2025-09,USA,Toronto FC,Inter Miami,away,draw,1.63,"[1.0,1.8)",0.5909486880979085,"[0.55,1.00]",market_favorite,PS_CLOSE,False,-1.0,PS_CLOSE_rulesusa_train30_n120_ev0p02_top1_ridge10_cap0.08|USA,5734,0.251831,-1.0,-0.8,-0.249354,-0.156879,4.0,2.324682,0.302547,2025-09-27,2025,0.4885800148186709,0.0,0.0,5.734,1.0,0.8,0.249354,0.156879,0.667742232672891,0.0884198392568123
2025-09-28,2025-09,USA,St. Louis City,Los Angeles FC,away,away,1.85,"[1.8,2.2)",0.522203555577844,"[0.42,0.55)",market_favorite,PS_CLOSE,True,0.8500000000000001,PS_CLOSE_rulesusa_train30_n120_ev0p02_top1_ridge10_cap0.08|USA,5735,0.251962,-0.6,-1.0,-0.530918,-0.736771,1.0,2.336772,0.205821,2025-09-28,2025,0.6151856390902335,0.0,0.0,5.735,0.6,1.0,0.530918,0.736771,0.5960984419301804,0.10278211757083366
2025-09-29,2025-09,USA,FC Cincinnati,Orlando City,away,draw,2.63,"[2.2,2.8)",0.36758718589294603,"[0.34,0.42)",market_non_favorite,PS_CLOSE,False,-1.0,PS_CLOSE_rulesusa_train30_n120_ev0p02_top1_ridge10_cap0.08|USA,5748,0.251914,-0.2,-0.2,-0.052274,-0.181197,0.0,2.393751,0.250012,2025-09-29,2025,0.9669838461896731,0.0,0.0,5.748,0.2,0.2,0.052274,0.181197,0.40409544000501124,0.06277100721317952
2025-10-04,2025-10,USA,CF Montreal,Nashville SC,away,draw,2.15,"[1.8,2.2)",0.4494994792269414,"[0.42,0.55)",market_favorite,PS_CLOSE,False,-1.0,PS_CLOSE_rulesusa_train30_n120_ev0p02_top1_ridge10_cap0.08|USA,5750,0.252,0.2,-0.6,-0.141188,-0.426556,0.0,2.357192,0.042463,2025-10-04,2025,0.7654678421395714,0.0,0.0,5.75,0.2,0.6,0.141188,0.426556,0.5105665502302821,0.09771808299510631
2025-10-05,2025-10,USA,Houston Dynamo,San Diego FC,away,away,2.52,"[2.2,2.8)",0.38365995031741645,"[0.34,0.42)",market_favorite,PS_CLOSE,True,1.52,PS_CLOSE_rulesusa_train30_n120_ev0p02_top1_ridge10_cap0.08|USA,5753,0.252042,0.4,0.2,-0.534336,-0.642361,0.0,2.374671,0.097364,2025-10-05,2025,0.9242589015233319,0.0,0.0,5.753,0.4,0.2,0.534336,0.642361,0.4283284791455591,0.07938776744680887
2025-10-12,2025-10,USA,Los Angeles Galaxy,FC Dallas,away,home,2.64,"[2.2,2.8)",0.3667157584683358,"[0.34,0.42)",market_non_favorite,PS_CLOSE,False,-1.0,PS_CLOSE_rulesusa_train30_n120_ev0p02_top1_ridge10_cap0.08|USA,5766,0.251821,-1.2,-0.8,0.022063,0.02944,0.0,2.392281,0.23825,2025-10-12,2025,0.9707789171582248,0.0,0.0,5.766,1.2,0.8,0.022063,0.02944,0.407620683539098,0.07611860454321895
2025-10-13,2025-10,USA,Austin FC,Los Angeles FC,away,home,2.45,"[2.2,2.8)",0.3948990762257773,"[0.34,0.42)",market_favorite,PS_CLOSE,False,-1.0,PS_CLOSE_rulesusa_train30_n120_ev0p02_top1_ridge10_cap0.08|USA,5770,0.251646,-1.8,-3.2,-0.479596,-0.798627,4.0,2.340122,0.17902,2025-10-13,2025,0.8960880245566357,0.0,0.0,5.77,1.8,3.2,0.479596,0.798627,0.44206845083869584,0.08306770455480494
2025-10-18,2025-10,USA,Toronto FC,Orlando City,away,home,2.23,"[2.2,2.8)",0.4337256110762502,"[0.42,0.55)",market_favorite,PS_CLOSE,False,-1.0,PS_CLOSE_rulesusa_train30_n120_ev0p02_top1_ridge10_cap0.08|USA,5771,0.251603,-0.4,-0.4,-0.182715,-0.132462,3.0,2.339614,0.183085,2025-10-18,2025,0.8020015854720274,0.0,0.0,5.771,0.4,0.4,0.182715,0.132462,0.490818435409032,0.09452511096214122
2025-10-19,2025-10,USA,Colorado Rapids,Los Angeles FC,away,draw,1.99,"[1.8,2.2)",0.48531975706823366,"[0.42,0.55)",market_favorite,PS_CLOSE,False,-1.0,PS_CLOSE_rulesusa_train30_n120_ev0p02_top1_ridge10_cap0.08|USA,5779,0.251601,-1.6,-2.4,-0.512103,-0.871602,8.0,2.334657,0.222743,2025-10-19,2025,0.688134638736401,0.0,0.0,5.779,1.6,2.4,0.512103,0.871602,0.5549940987594104,0.10443825653122674
2025-10-23,2025-10,USA,Chicago Fire,Orlando City,away,home,3.21,"[2.8,3.5)",0.30130668716372017,"[0.28,0.34)",market_non_favorite,PS_CLOSE,False,-1.0,PS_CLOSE_rulesusa_train30_n120_ev0p02_top1_ridge10_cap0.08|USA,5786,0.251815,1.2,1.8,-0.19216,-0.131689,0.0,2.380824,0.146589,2025-10-23,2025,1.1662709371419244,0.0,0.0,5.786,1.2,1.8,0.19216,0.131689,0.32636379895507583,0.047627794645793475
2025-10-27,2025-10,USA,FC Cincinnati,Columbus Crew,away,home,2.83,"[2.8,3.5)",0.341838065958002,"[0.34,0.42)",market_non_favorite,PS_CLOSE,False,-1.0,PS_CLOSE_rulesusa_train30_n120_ev0p02_top1_ridge10_cap0.08|USA,5791,0.25177,1.6,1.4,-0.130844,-0.382006,0.0,2.402293,0.318347,2025-10-27,2025,1.0402767116551463,0.0,0.0,5.791,1.6,1.4,0.130844,0.382006,0.37624894472390114,0.06478451356864023
2025-10-28,2025-10,USA,Minnesota United,Seattle Sounders,away,draw,2.8,"[2.8,3.5)",0.34603644436222364,"[0.34,0.42)",market_non_favorite,PS_CLOSE,False,-1.0,PS_CLOSE_rulesusa_train30_n120_ev0p02_top1_ridge10_cap0.08|USA,5793,0.251683,-0.6,-0.2,-0.233953,-0.356301,-1.0,2.391478,0.231827,2025-10-28,2025,1.0296194171811581,0.0,0.0,5.793,0.6,0.2,0.233953,0.356301,0.38138969265355177,0.06789113942994485
2025-11-23,2025-11,USA,FC Cincinnati,Inter Miami,away,away,2.12,"[1.8,2.2)",0.45640251285630845,"[0.42,0.55)",market_favorite,PS_CLOSE,True,1.12,PS_CLOSE_rulesusa_train30_n120_ev0p02_top1_ridge10_cap0.08|USA,5809,0.251851,0.0,-2.0,-0.117662,-0.258209,1.0,2.382615,0.160916,2025-11-23,2025,0.7514160886839212,0.0,0.0,5.809,0.0,2.0,0.117662,0.258209,0.5215421397697423,0.10566933631185371
2025-11-24,2025-11,USA,Philadelphia Union,New York City,draw,away,3.66,"[3.5,4.0)",0.2640808784336022,"[0.20,0.28)",market_non_favorite,PS_CLOSE,False,-1.0,PS_CLOSE_rulesusa_train30_n120_ev0p02_top1_ridge10_cap0.08|USA,5811,0.251936,0.6,1.4,-0.083092,-0.016529,5.0,2.414365,0.414917,2025-11-24,2025,1.297463147413275,1.0,0.0,5.811,0.6,1.4,0.083092,0.016529,0.28161891368687536,0.030725224093963943
2025-11-30,2025-11,USA,San Diego FC,Vancouver Whitecaps,away,away,2.68,"[2.2,2.8)",0.36119118836362507,"[0.34,0.42)",market_favorite,PS_CLOSE,True,1.6800000000000002,PS_CLOSE_rulesusa_train30_n120_ev0p02_top1_ridge10_cap0.08|USA,5814,0.251806,1.0,1.4,0.554593,0.808707,-2.0,2.402734,0.321873,2025-11-30,2025,0.9858167945227654,0.0,0.0,5.814,1.0,1.4,0.554593,0.808707,0.40227893217896793,0.07810753823963412
2025-12-06,2025-12,USA,Inter Miami,Vancouver Whitecaps,away,home,3.56,"[3.5,4.0)",0.2716188053624936,"[0.20,0.28)",market_non_favorite,PS_CLOSE,False,-1.0,PS_CLOSE_rulesusa_train30_n120_ev0p02_top1_ridge10_cap0.08|USA,5815,0.251763,0.8,1.8,0.112924,0.105362,1.0,2.41682,0.43456,2025-12-06,2025,1.269760544863939,0.0,0.0,5.815,0.8,1.8,0.112924,0.105362,0.2945769083576241,0.04869379375314198
