test_month,candidate_id,source_file,source_row,date,league,home_team,away_team,outcome,probability,conservative_probability,odds,raw_odds,conservative_ev_pct,reference_dispersion,reference_bookmakers,execution_cost_rate,execution_bookmaker,odds_band,source_type,implied_probability,price_ratio,probability_uncertainty,relative_dispersion,log_odds,probability_squared,odds_probability_interaction,reference_depth_inverse,raw_net_odds_gap_pct,outcome_odds_band,outcome_source_type,source_odds_band,direct_predicted_clv_pct,direct_lower_clv_pct,decision_frozen_before_closing_and_result,movement_predicted_clv_pct,movement_lower_clv_pct,predicted_closing_edge_pct,model_disagreement_pct,lower_closing_edge_pct,stake,stake_policy,actual_outcome,closing_edge_pct,positive_clv,closing_probability,closing_fair_odds,won,profit
2021-11,data\historical_csv\football-data\2122\SP2.csv:156,data\historical_csv\football-data\2122\SP2.csv,156,2021-11-05,SP2,Huesca,Leganes,away,0.3409449986821152,0.3357782187900153,3.646,3.7,22.4247385708396,0.0031667798920998,5,0.0,WH,3.0-4.0,sportsbook,0.274273176083379,1.243085465194992,0.0051667798920998,0.0092882426911691,1.293630676256471,0.1162434921263475,0.4410569092114064,0.2,1.4810751508502529,away:3.0-4.0,away:sportsbook,sportsbook:3.0-4.0,16.513689055165035,14.54293506161588,True,17.417576437974837,15.534387067443545,16.965632746569938,0.9038873828098026,14.54293506161588,2.75,model_agreement_half_kelly,away,24.356726042290862,True,0.3410771421894977,2.9318880578764026,True,7.28
2021-11,data\historical_csv\football-data\2122\B1.csv:119,data\historical_csv\football-data\2122\B1.csv,119,2021-11-05,B1,Oud-Heverlee Leuven,Oostende,home,0.4970961823934177,0.4903947771720581,2.225,2.25,9.112837920782924,0.0047014052213596,5,0.0,WH,2.0-3.0,sportsbook,0.449438202247191,1.1060390058253544,0.0067014052213595,0.0094577375322483,0.7997569156182036,0.2471046145501099,0.3975561095965437,0.2,1.1235955056179805,home:2.0-3.0,home:sportsbook,sportsbook:2.0-3.0,10.496029437391048,8.525275443841892,True,11.21612828428904,10.066897250434923,10.856078860840043,0.7200988468979919,8.525275443841892,3.48,model_agreement_half_kelly,home,20.630505225180308,True,0.5421595740457542,1.844475405161078,True,4.26
2021-11,data\historical_csv\football-data\2122\SP2.csv:158,data\historical_csv\football-data\2122\SP2.csv,158,2021-11-06,SP2,Oviedo,Las Palmas,home,0.4454368932038835,0.4157838345792394,2.323,2.35,-3.4134152272426777,0.027653058624644,5,0.0,WH,2.0-3.0,sportsbook,0.4304778303917348,1.0347499029126217,0.029653058624644,0.06208075497686,0.8428594537882721,0.1984140258271279,0.3754406965029701,0.2,1.162290142057687,home:2.0-3.0,home:sportsbook,sportsbook:2.0-3.0,3.4769322839116583,1.5061782903625025,True,2.4791786293900886,1.2793297792134115,2.9780554566508735,0.9977536545215697,1.2793297792134115,0.48,model_agreement_half_kelly,draw,3.3205895416615228,True,0.4447722322068942,2.248341797414257,False,-0.48
2021-11,data\historical_csv\football-data\2122\SP2.csv:163,data\historical_csv\football-data\2122\SP2.csv,163,2021-11-07,SP2,Almeria,Burgos,home,0.6294575586352333,0.616145259982506,1.7153999999999998,1.73,5.693557897399071,0.0113122986527272,5,0.0,WH,1.5-2.0,sportsbook,0.5829544129649062,1.0797714960828793,0.0133122986527273,0.0179715033961212,0.5396462895741839,0.3962168181230282,0.339684435961928,0.2,0.8511134429287637,home:1.5-2.0,home:sportsbook,sportsbook:1.5-2.0,7.738527998219061,5.767774004669905,True,8.123364922091337,7.237346533114541,7.930946460155199,0.3848369238722764,5.767774004669905,4.03,model_agreement_half_kelly,home,15.50384484233538,True,0.6733347606525323,1.4851453666685717,True,2.88
2021-11,data\historical_csv\football-data\2122\SP2.csv:186,data\historical_csv\football-data\2122\SP2.csv,186,2021-11-21,SP2,Ponferradina,Sp Gijon,home,0.3703682237114331,0.3623412473809267,2.715,2.75,-1.6243513360784,0.0060269763305063,5,0.0,WH,2.0-3.0,sportsbook,0.3683241252302026,1.0055497273765408,0.0080269763305064,0.0162729304099323,0.9987919533858988,0.1371726211351621,0.3699208016328078,0.2,1.2891344383057168,home:2.0-3.0,home:sportsbook,sportsbook:2.0-3.0,4.449380524905425,2.4786265313562685,True,4.079508588843206,2.67718847337628,4.264444556874315,0.3698719360622187,2.4786265313562685,0.72,model_agreement_half_kelly,home,17.10517369788038,True,0.4313266066220272,2.318428737405256,True,1.23
2021-11,data\historical_csv\football-data\2122\SP2.csv:189,data\historical_csv\football-data\2122\SP2.csv,189,2021-11-26,SP2,Alcorcon,Lugo,home,0.4253901364163305,0.4139378549031113,2.47,2.5,2.2426501610684824,0.0094522815132192,5,0.0,WH,2.0-3.0,sportsbook,0.4048582995951417,1.0507136369483363,0.0114522815132192,0.0222202648910699,0.9042181506398858,0.1809567681603043,0.3846454824508231,0.2,1.2145748987854257,home:2.0-3.0,home:sportsbook,sportsbook:2.0-3.0,6.71840778353171,4.747653789982554,True,6.530644645990602,5.254869071330082,6.624526214761156,0.18776313754110774,4.747653789982554,1.61,model_agreement_half_kelly,draw,0.4685282243982014,True,0.4067551749975636,2.458481321119,False,-1.61
2021-12,data\historical_csv\football-data\2122\B1.csv:146,data\historical_csv\football-data\2122\B1.csv,146,2021-12-03,B1,St Truiden,St. Gilloise,home,0.2491322587215617,0.2396076089949381,4.43,4.5,6.146170784757588,0.0075246497266235,5,0.0,WH,4.0-5.0,sportsbook,0.2257336343115124,1.1036559061365183,0.0095246497266235,0.0302034339721269,1.4883995840570443,0.0620668823357071,0.3708083502563644,0.2,1.5801354401805856,home:4.0-5.0,home:sportsbook,sportsbook:4.0-5.0,11.23948626565217,9.432668435260233,True,12.5276619339594,10.355863396994325,11.883574099805784,1.2881756683072307,9.432668435260233,1.38,model_agreement_half_kelly,away,-6.604669092081794,False,0.210824674735707,4.743277803006764,False,-1.38
2021-12,data\historical_csv\football-data\2122\D2.csv:139,data\historical_csv\football-data\2122\D2.csv,139,2021-12-04,D2,Hansa Rostock,Ingolstadt,home,0.6345145420320519,0.6093168669209921,1.8134,1.83,10.493520647452703,0.0231976751110598,5,0.0,B365,1.5-2.0,sportsbook,0.5514503143266791,1.150628670520923,0.0251976751110598,0.03655972176267,0.5952035362298188,0.4026087040501446,0.3776652992067213,0.2,0.9154075217822744,home:1.5-2.0,home:sportsbook,sportsbook:1.5-2.0,7.801394727482835,5.994576897090898,True,11.68294099407201,10.79392531304888,9.742167860777423,3.881546266589176,5.994576897090898,3.68,model_agreement_half_kelly,draw,9.98131770374988,True,0.6064923221779523,1.6488254895114527,False,-3.68
2021-12,data\historical_csv\football-data\2122\B1.csv:153,data\historical_csv\football-data\2122\B1.csv,153,2021-12-05,B1,Standard,Charleroi,draw,0.2705801500737049,0.2539979153803977,4.038,4.1,2.564358230604613,0.0145822346933071,5,0.0,BW,4.0-5.0,sportsbook,0.2476473501733531,1.0926026459976204,0.0165822346933071,0.0538924776608151,1.3957495198906458,0.0732136176139086,0.3776621145573124,0.2,1.535413571074784,draw:4.0-5.0,draw:sportsbook,sportsbook:4.0-5.0,6.943728357759463,5.136910527367526,True,6.58834047893635,4.608719148853968,6.766034418347907,0.3553878788231133,4.608719148853968,0.76,model_agreement_half_kelly,away,12.32058169908623,True,0.2781589442770832,3.595066851432493,False,-0.76
2021-12,data\historical_csv\football-data\2122\D2.csv:147,data\historical_csv\football-data\2122\D2.csv,147,2021-12-10,D2,Schalke 04,Nurnberg,away,0.3021902208825318,0.2878940552661994,3.842,3.9,10.60889603327382,0.0122961656163324,5,0.0,BW,3.0-4.0,sportsbook,0.2602811035918792,1.1610148286306874,0.0142961656163324,0.0406901506621295,1.345993064346365,0.0913189295970333,0.4067459414211839,0.2,1.5096304008328951,away:3.0-4.0,away:sportsbook,sportsbook:3.0-4.0,8.578955557571254,6.772137727179317,True,8.325945330819495,6.442412604178438,8.452450444195375,0.25301022675175844,6.442412604178438,1.13,model_agreement_half_kelly,home,4.67176791284869,True,0.2724408326726931,3.670521742977445,False,-1.13
2021-12,data\historical_csv\football-data\2122\I2.csv:162,data\historical_csv\football-data\2122\I2.csv,162,2021-12-10,I2,Cremonese,Crotone,home,0.5471061763299465,0.5330356378786342,1.9604,1.98,4.49630644972745,0.0120705384513122,5,0.0,BW,1.5-2.0,sportsbook,0.5100999795960008,1.0725469480772272,0.0140705384513123,0.0220625154193705,0.6731485340532554,0.2993251681783745,0.3682837205679853,0.2,0.9997959600081652,home:1.5-2.0,home:sportsbook,sportsbook:1.5-2.0,6.1996159099991655,4.392798079607228,True,7.081712515540239,6.120630381936087,6.640664212769702,0.8820966055410739,4.392798079607228,2.29,model_agreement_half_kelly,home,7.271962503132157,True,0.5471942588407068,1.8275045540839805,True,2.2
2021-12,data\historical_csv\football-data\2122\B1.csv:158,data\historical_csv\football-data\2122\B1.csv,158,2021-12-11,B1,St Truiden,Cercle Brugge,away,0.3742291928140182,0.3680812060592269,2.862,2.9,5.3448411741507496,0.0041479867547913,5,0.0,WH,2.0-3.0,sportsbook,0.3494060097833683,1.0710439498337203,0.0061479867547913,0.0110840811845825,1.0515206811342592,0.1400474887542316,0.3935097357281205,0.2,1.327742837176782,away:2.0-3.0,away:sportsbook,sportsbook:2.0-3.0,6.231884553833973,4.425066723442036,True,6.297591220499532,4.894501511065186,6.264737887166753,0.0657066666655588,4.425066723442036,1.19,model_agreement_half_kelly,away,7.2490295702065,True,0.3747345547526432,2.668555614413742,True,2.22
2021-12,data\historical_csv\football-data\2122\SC0.csv:102,data\historical_csv\football-data\2122\SC0.csv,102,2021-12-11,SC0,St Johnstone,Aberdeen,home,0.300276244410064,0.2940077717883871,3.352,3.4,-1.4485948965326512,0.0042684726216769,5,0.0,WH,3.0-4.0,sportsbook,0.2983293556085919,1.0065259712625347,0.0062684726216769,0.014215152550822,1.2095571826198366,0.0901658229570125,0.3632012881963025,0.2,1.4319809069212486,home:3.0-4.0,home:sportsbook,sportsbook:3.0-4.0,4.187342936096799,2.380525105704862,True,4.262060029295789,2.618748811258098,4.224701482696294,0.07471709319898956,2.380525105704862,0.51,model_agreement_half_kelly,away,-13.874146427884249,False,0.2569387039740923,3.891978843719987,False,-0.51
2021-12,data\historical_csv\football-data\2122\N1.csv:140,data\historical_csv\football-data\2122\N1.csv,140,2021-12-11,N1,Zwolle,For Sittard,home,0.5228425503533685,0.5068772830637751,1.98,2.0,0.3617020466274656,0.0139652672895933,5,0.0,BW,1.5-2.0,sportsbook,0.5050505050505051,1.0352282496996696,0.0159652672895933,0.0267102730643379,0.6830968447064438,0.2733643324600146,0.3571520964246559,0.2,1.0101010101010166,home:1.5-2.0,home:sportsbook,sportsbook:1.5-2.0,3.5659335269338244,1.7591156965418873,True,3.742450550975218,2.7717595570269538,3.6541920389545215,0.1765170240413938,1.7591156965418873,0.9,model_agreement_half_kelly,away,-9.884464934947534,False,0.4551289649750124,2.1971794303509165,False,-0.9
2021-12,data\historical_csv\football-data\2122\B1.csv:162,data\historical_csv\football-data\2122\B1.csv,162,2021-12-12,B1,Gent,Genk,home,0.5207001905742764,0.5087468653108813,2.029,2.05,3.224738971577823,0.009953325263395,5,0.0,WH,2.0-3.0,sportsbook,0.4928536224741252,1.0565006866752067,0.011953325263395,0.0191152710207722,0.7075430608436777,0.2711286884640878,0.3684178066208098,0.2,1.0349926071956617,home:2.0-3.0,home:sportsbook,sportsbook:2.0-3.0,7.242971303105008,5.436153472713071,True,6.7166340638313615,5.721920919022749,6.9798026834681846,0.5263372392736461,5.436153472713071,2.64,model_agreement_half_kelly,home,20.93255773125138,True,0.5960204915290852,1.6777946634594878,True,2.72
2021-12,data\historical_csv\football-data\2122\T1.csv:191,data\historical_csv\football-data\2122\T1.csv,191,2021-12-27,T1,Konyaspor,Besiktas,draw,0.2834178223434885,0.2749427582864788,3.8126,3.87,4.824676024302943,0.0064750640570096,4,0.0,PS,3.0-4.0,sportsbook,0.2622882022766616,1.0805587894667843,0.0084750640570096,0.0228463545569204,1.3383113710977392,0.0803256620219252,0.3793012944140496,0.25,1.5055342810680328,draw:3.0-4.0,draw:sportsbook,sportsbook:3.0-4.0,5.071350634698003,3.264532804306066,True,5.005572615472054,3.136453179347209,5.038461625085029,0.06577801922594961,3.136453179347209,0.56,model_agreement_half_kelly,home,7.653369343054206,True,0.2823620871401516,3.5415519488763585,False,-0.56
2022-01,data\historical_csv\football-data\2122\SP2.csv:239,data\historical_csv\football-data\2122\SP2.csv,239,2022-01-02,SP2,Mirandes,Zaragoza,away,0.4296060844392185,0.4144572229411089,2.568,2.6,6.432614851276775,0.0131488614981095,5,0.0,B365,2.0-3.0,sportsbook,0.3894080996884735,1.1032284248399131,0.0151488614981095,0.0306067860171796,0.9431273858277148,0.1845613877871969,0.4051732633528406,0.2,1.2461059190031154,away:2.0-3.0,away:sportsbook,sportsbook:2.0-3.0,2.7517584112160245,2.7517584112160245,True,4.322818813111606,4.322818813111606,3.5372886121638154,1.5710604018955818,2.7517584112160245,0.88,model_agreement_half_kelly,home,1.890369612557774,True,0.3967693520738231,2.520355956863169,False,-0.88
2022-01,data\historical_csv\football-data\2122\SP2.csv:245,data\historical_csv\football-data\2122\SP2.csv,245,2022-01-08,SP2,Ibiza,Alcorcon,draw,0.2835878530442809,0.2747715925552088,3.744,3.8,2.874484252670162,0.0068162604890721,5,0.0,B365,3.0-4.0,sportsbook,0.2670940170940171,1.061752921797788,0.0088162604890721,0.0240357984867845,1.3201545586153456,0.0804220703942647,0.3743797969643462,0.2,1.4957264957264904,draw:3.0-4.0,draw:sportsbook,sportsbook:3.0-4.0,3.0222726207640287,3.0222726207640287,True,3.3608810975189085,3.3608810975189085,3.1915768591414686,0.3386084767548798,3.0222726207640287,0.55,model_agreement_half_kelly,home,10.224272398691369,True,0.2944024369623167,3.396711013394224,False,-0.55
2022-01,data\historical_csv\football-data\2122\P1.csv:154,data\historical_csv\football-data\2122\P1.csv,154,2022-01-13,P1,Famalicao,Belenenses,home,0.5626507100116103,0.545669470012285,1.882,1.9,2.6949942563120333,0.0149812399993252,5,0.0,B365,1.5-2.0,sportsbook,0.5313496280552604,1.0589086362418505,0.0169812399993252,0.0266261816305467,0.6323350411631878,0.3165758214765691,0.3557837598756884,0.2,0.9564293304994642,home:1.5-2.0,home:sportsbook,sportsbook:1.5-2.0,2.252116278278644,2.252116278278644,True,3.9490778322480713,3.9490778322480713,3.100597055263358,1.6969615539694272,2.252116278278644,1.28,model_agreement_half_kelly,home,18.53231315825139,True,0.6298210050916653,1.5877526978549377,True,1.13
2022-01,data\historical_csv\football-data\2122\N1.csv:164,data\historical_csv\football-data\2122\N1.csv,164,2022-01-14,N1,Zwolle,Willem II,home,0.3123726560091148,0.3085295519898937,3.45,3.5,6.442695436513324,0.001843104019221,5,0.0,BW,3.0-4.0,sportsbook,0.2898550724637681,1.077685663231446,0.0038431040192211,0.0059003372534864,1.2383742310432684,0.0975766762221887,0.3868342476842309,0.2,1.4492753623188248,home:3.0-4.0,home:sportsbook,sportsbook:3.0-4.0,6.1067377258543525,6.1067377258543525,True,6.347051558780259,6.347051558780259,6.226894642317306,0.24031383292590647,6.1067377258543525,1.25,model_agreement_half_kelly,home,35.082187773320705,True,0.391542573256002,2.554000684227436,True,3.06
2022-01,data\historical_csv\football-data\2122\I2.csv:186,data\historical_csv\football-data\2122\I2.csv,186,2022-01-16,I2,Pordenone,Lecce,home,0.2298988889528269,0.2148152683003265,4.743600000000001,4.82,1.8997706709428908,0.0130836206525004,5,0.0,PS,4.0-5.0,sportsbook,0.2108103550046378,1.09054836963663,0.0150836206525004,0.0569103257179511,1.5567963411085033,0.0528534991417442,0.3579057491466711,0.2,1.6105911122354266,home:4.0-5.0,home:sportsbook,sportsbook:4.0-5.0,4.681248102607618,4.681248102607618,True,4.199094870535269,4.199094870535269,4.440171486571444,0.4821532320723483,4.199094870535269,0.56,model_agreement_half_kelly,away,-8.057540976021638,False,0.1938242242684424,5.1593138255774535,False,-0.56
2022-01,data\historical_csv\football-data\2122\F1.csv:205,data\historical_csv\football-data\2122\F1.csv,205,2022-01-16,F1,Troyes,Lyon,away,0.5746722238604532,0.5628220181541508,1.784,1.8,0.4074480387004975,0.0098502057063024,5,0.0,BW,1.5-2.0,sportsbook,0.5605381165919282,1.0252152473670486,0.0118502057063024,0.0171405634330681,0.5788580341578177,0.3302481648767189,0.3326536337889633,0.2,0.8968609865470878,away:1.5-2.0,away:sportsbook,sportsbook:1.5-2.0,2.102129948004652,2.102129948004652,True,2.1161379298771044,2.1161379298771044,2.109133938940878,0.014007981872452557,2.102129948004652,1.34,model_agreement_half_kelly,away,-3.816208819824951,False,0.5391468115480664,1.8547823683287183,True,1.05
2022-01,data\historical_csv\football-data\2122\SC0.csv:128,data\historical_csv\football-data\2122\SC0.csv,128,2022-01-25,SC0,St Mirren,Aberdeen,home,0.2920934043424826,0.2894484831197964,3.548,3.6,2.696321810903779,0.0006449212226861,5,0.0,BW,3.0-4.0,sportsbook,0.2818489289740699,1.0363473986071283,0.0026449212226861,0.0022079280569102,1.266384064447333,0.085318556860381,0.3699024325894913,0.2,1.4656144306651742,home:3.0-4.0,home:sportsbook,sportsbook:3.0-4.0,3.3505358761128026,3.3505358761128026,True,3.474840942457247,3.474840942457247,3.4126884092850247,0.12430506634444427,3.3505358761128026,0.66,model_agreement_half_kelly,home,4.06027472933328,True,0.2932927698121005,3.409562399511774,True,1.68
2022-02,data\historical_csv\football-data\2122\T1.csv:234,data\historical_csv\football-data\2122\T1.csv,234,2022-02-05,T1,Trabzonspor,Kasimpasa,draw,0.2656433253386424,0.259801151610176,3.9498,4.01,2.6162588629873307,0.0038421737284663,5,0.0,PS,3.0-4.0,sportsbook,0.2531773760696744,1.04923800642257,0.0058421737284664,0.0144636561960229,1.3736649447197489,0.0705663762969718,0.3649049238164765,0.2,1.5241278039394457,draw:3.0-4.0,draw:sportsbook,sportsbook:3.0-4.0,3.3455160632329184,3.3455160632329184,True,3.662442278487799,3.662442278487799,3.503979170860359,0.3169262152548806,3.3455160632329184,0.57,model_agreement_half_kelly,home,0.5284899030463697,True,0.2545153929390004,3.9290354443892896,False,-0.57
2022-02,data\historical_csv\football-data\2122\SP2.csv:284,data\historical_csv\football-data\2122\SP2.csv,284,2022-02-06,SP2,Fuenlabrada,Valladolid,home,0.2701310785941815,0.2593515113072516,3.94,4.0,2.184495455057145,0.0087795672869298,5,0.0,WH,3.0-4.0,sportsbook,0.2538071065989847,1.064316449661075,0.0107795672869298,0.032501137346434,1.3711807233098423,0.0729707996224558,0.3703985277352377,0.2,1.522842639593902,home:3.0-4.0,home:sportsbook,sportsbook:3.0-4.0,5.288131039470169,5.288131039470169,True,6.045292532119206,6.045292532119206,5.666711785794687,0.7571614926490371,5.288131039470169,0.9,model_agreement_half_kelly,draw,-2.235111797802969,False,0.2481342340157285,4.030076720234471,False,-0.9
2022-02,data\historical_csv\football-data\2122\B1.csv:235,data\historical_csv\football-data\2122\B1.csv,235,2022-02-12,B1,Eupen,Gent,away,0.5487808885282728,0.5413274488873124,1.98,2.0,7.182834879687872,0.0054534396409603,5,0.0,WH,1.5-2.0,sportsbook,0.5050505050505051,1.08658615928598,0.0074534396409603,0.0099373716449663,0.6830968447064438,0.3011604636138805,0.3748704933888618,0.2,1.0101010101010166,away:1.5-2.0,away:sportsbook,sportsbook:1.5-2.0,7.593646616220573,7.593646616220573,True,8.48752231472989,8.48752231472989,8.04058446547523,0.8938756985093175,7.593646616220573,3.87,model_agreement_half_kelly,away,22.04882216367352,True,0.6164081927458258,1.6223016043077598,True,3.79
2022-02,data\historical_csv\football-data\2122\I2.csv:216,data\historical_csv\football-data\2122\I2.csv,216,2022-02-12,I2,Vicenza,Cosenza,draw,0.2881650845183673,0.2825315302114359,3.646,3.7,3.0109959150895538,0.0036335543069313,5,0.0,PS,3.0-4.0,sportsbook,0.274273176083379,1.0506498981539674,0.0056335543069314,0.0126092802429705,1.293630676256471,0.0830391159354778,0.3727791931589987,0.2,1.4810751508502529,draw:3.0-4.0,draw:sportsbook,sportsbook:3.0-4.0,3.4821006321406154,3.4821006321406154,True,3.847372049853037,3.847372049853037,3.664736340996826,0.36527141771242144,3.4821006321406154,0.66,model_agreement_half_kelly,draw,0.0159227478156775,True,0.2743168479095328,3.645419549038383,True,1.75
2022-02,data\historical_csv\football-data\2122\B1.csv:236,data\historical_csv\football-data\2122\B1.csv,236,2022-02-12,B1,Mechelen,Oostende,home,0.5235819655100769,0.5080483258930739,1.931,1.95,-1.8958682700474292,0.0135336396170029,5,0.0,WH,1.5-2.0,sportsbook,0.5178663904712584,1.0110367753999585,0.0155336396170029,0.0258481775700933,0.6580380034463774,0.2741380746073953,0.344536831224781,0.2,0.9839461418953864,home:1.5-2.0,home:sportsbook,sportsbook:1.5-2.0,1.54813186065413,1.54813186065413,True,1.4389959443415368,1.4389959443415368,1.4935639024978333,0.10913591631259334,1.4389959443415368,0.77,model_agreement_half_kelly,home,0.5142363785761939,True,0.5205294478434811,1.921120897468786,True,0.72
2022-02,data\historical_csv\football-data\2122\SP2.csv:297,data\historical_csv\football-data\2122\SP2.csv,297,2022-02-13,SP2,Las Palmas,Burgos,home,0.557522243825372,0.5379732735591451,3.205,3.25,72.42043417570602,0.0175489702662268,5,0.0,WH,3.0-4.0,sportsbook,0.31201248049922,1.7868587914603171,0.0195489702662268,0.0314767176746467,1.1647120903726331,0.3108310523600775,0.64935289803509,0.2,1.4040561622464809,home:3.0-4.0,home:sportsbook,sportsbook:3.0-4.0,64.76425902825348,64.76425902825348,True,70.76127601068782,70.76127601068782,67.76276751947066,5.997016982434346,64.76425902825348,14.69,model_agreement_half_kelly,away,95.67995570333196,True,0.6105458836297409,1.63787853920974,False,-14.69
2022-02,data\historical_csv\football-data\2122\B1.csv:240,data\historical_csv\football-data\2122\B1.csv,240,2022-02-13,B1,St. Gilloise,St Truiden,home,0.6812181510308626,0.6642446755720056,1.6076,1.62,6.783974044955632,0.0149734754588569,5,0.0,WH,1.5-2.0,sportsbook,0.6220452848967404,1.0951262995972149,0.0169734754588569,0.0219804411203637,0.4747423835929091,0.4640581692939071,0.323403128767146,0.2,0.771336153271962,home:1.5-2.0,home:sportsbook,sportsbook:1.5-2.0,10.17662619192468,10.17662619192468,True,10.187516927925522,10.187516927925522,10.1820715599251,0.010890736000842338,10.17662619192468,8.37,model_agreement_half_kelly,away,4.335118732199472,True,0.6490116865650626,1.5408043039911443,False,-8.37
2022-02,data\historical_csv\football-data\2122\B1.csv:239,data\historical_csv\football-data\2122\B1.csv,239,2022-02-13,B1,Genk,Standard,home,0.5631690651038209,0.5510857689691911,1.8624,1.88,2.634213612822145,0.0100832961346298,5,0.0,WH,1.5-2.0,sportsbook,0.5369415807560138,1.048846066849356,0.0120832961346297,0.0179045632287543,0.6218659785549815,0.3171593958899117,0.3502156817626817,0.2,0.9450171821305808,home:1.5-2.0,home:sportsbook,sportsbook:1.5-2.0,5.462183979624495,5.462183979624495,True,5.540664079072255,5.540664079072255,5.5014240293483745,0.07848009944776013,5.462183979624495,3.17,model_agreement_half_kelly,home,5.818652169932315,True,0.5681843436959425,1.7599921770022209,True,2.73
2022-02,data\historical_csv\football-data\2122\B1.csv:241,data\historical_csv\football-data\2122\B1.csv,241,2022-02-13,B1,Club Brugge,Charleroi,draw,0.2331427704208938,0.2250482332872087,4.6064,4.68,3.6662181814198114,0.0060945371336851,5,0.0,PS,4.0-5.0,sportsbook,0.2170892671066342,1.0739488576668057,0.0080945371336851,0.0261407939979553,1.5274466408757743,0.0543555513995296,0.3561131415238662,0.2,1.5977770059048213,draw:4.0-5.0,draw:sportsbook,sportsbook:4.0-5.0,4.769673026102518,4.769673026102518,True,4.917221423689377,4.917221423689377,4.843447224895948,0.147548397586859,4.769673026102518,0.66,model_agreement_half_kelly,home,-7.965980903529601,False,0.1997959775453074,5.00510576982578,False,-0.66
2022-02,data\historical_csv\football-data\2122\G1.csv:150,data\historical_csv\football-data\2122\G1.csv,150,2022-02-13,G1,Panathinaikos,Lamia,draw,0.2240800675090835,0.2179129403039331,4.675,4.75,1.8742995920887573,0.0041671272051503,5,0.0,BW,4.0-5.0,sportsbook,0.213903743315508,1.0475743156049655,0.0061671272051503,0.0185965992043511,1.5422291627406504,0.0502118766548754,0.3455828149014023,0.2,1.6042780748663166,draw:4.0-5.0,draw:sportsbook,sportsbook:4.0-5.0,4.611409499379492,4.611409499379492,True,5.186558676856201,5.186558676856201,4.898984088117846,0.5751491774767095,4.611409499379492,0.63,model_agreement_half_kelly,home,9.116074316959732,True,0.2334033675229085,4.284428329432094,False,-0.63
2022-02,data\historical_csv\football-data\2122\T1.csv:247,data\historical_csv\football-data\2122\T1.csv,247,2022-02-13,T1,Trabzonspor,Konyaspor,away,0.2408965197340452,0.2301125271168716,4.537800000000001,4.61,4.420462555094007,0.0087839926171736,5,0.0,PS,4.0-5.0,sportsbook,0.2203711049407201,1.0931402272491506,0.0107839926171736,0.0364637589072325,1.512442313107902,0.0580311332199752,0.3643420895262027,0.2,1.591079377672,away:4.0-5.0,away:sportsbook,sportsbook:4.0-5.0,4.1912035855768615,4.1912035855768615,True,4.218088640259832,4.218088640259832,4.204646112918347,0.0268850546829702,4.1912035855768615,0.59,model_agreement_half_kelly,home,0.3710314636075296,True,0.2211887510767498,4.521025572647735,False,-0.59
2022-02,data\historical_csv\football-data\2122\SP2.csv:299,data\historical_csv\football-data\2122\SP2.csv,299,2022-02-18,SP2,Cartagena,Valladolid,away,0.471618301895688,0.4550706829437315,2.4210000000000003,2.45,10.17261234067741,0.0145476189519564,5,0.0,WH,2.0-3.0,sportsbook,0.413052457662123,1.1417879088894607,0.0165476189519565,0.0308461713497584,0.8841806779559216,0.2224238226829722,0.4169957899065499,0.2,1.1978521272201448,away:2.0-3.0,away:sportsbook,sportsbook:2.0-3.0,10.25131424393157,10.25131424393157,True,11.573404610333515,11.573404610333515,10.912359427132543,1.3220903664019446,10.25131424393157,3.61,model_agreement_half_kelly,away,4.103390313713096,True,0.4300016122003845,2.325572676071715,True,5.13
2022-02,data\historical_csv\football-data\2122\SP2.csv:303,data\historical_csv\football-data\2122\SP2.csv,303,2022-02-19,SP2,Sociedad B,Malaga,home,0.4319217041276469,0.4234469909037365,2.764,2.8,17.040748285792784,0.0064747132239103,5,0.0,WH,2.0-3.0,sportsbook,0.361794500723589,1.193831590208816,0.0084747132239103,0.0149904789734689,1.016678905905423,0.1865563584965305,0.439125685589302,0.2,1.302460202604916,home:2.0-3.0,home:sportsbook,sportsbook:2.0-3.0,16.51998148643102,16.51998148643102,True,18.117310419676013,18.117310419676013,17.31864595305352,1.5973289332449916,16.51998148643102,4.68,model_agreement_half_kelly,home,19.841861166643305,True,0.4335812632657138,2.306372725767822,True,8.26
2022-02,data\historical_csv\football-data\2122\SP2.csv:300,data\historical_csv\football-data\2122\SP2.csv,300,2022-02-19,SP2,Zaragoza,Las Palmas,home,0.3794501867216367,0.3713135615228519,2.8326,2.87,5.178279436963051,0.0061366251987847,5,0.0,WH,2.0-3.0,sportsbook,0.3530325496010731,1.0748305989077085,0.0081366251987847,0.0161724131744506,1.041195017798159,0.1439824442030849,0.3950816439171493,0.2,1.3203417355080127,home:2.0-3.0,home:sportsbook,sportsbook:2.0-3.0,6.413098863629492,6.413098863629492,True,7.0523774736070965,7.0523774736070965,6.732738168618294,0.6392786099776044,6.413098863629492,1.75,model_agreement_half_kelly,home,11.184385336083324,True,0.3925170703102567,2.5476598997581723,True,3.21
2022-02,data\historical_csv\football-data\2122\I2.csv:232,data\historical_csv\football-data\2122\I2.csv,232,2022-02-19,I2,Ascoli,Alessandria,draw,0.3208522091227121,0.3097738524061922,3.205,3.25,-0.7174803038153765,0.0090783567165198,5,0.0,WH,3.0-4.0,sportsbook,0.31201248049922,1.0283313302382924,0.0110783567165198,0.0282945121099284,1.1647120903726331,0.1029461400989245,0.3737004471879913,0.2,1.4040561622464809,draw:3.0-4.0,draw:sportsbook,sportsbook:3.0-4.0,3.0988311702000075,3.0988311702000075,True,3.352840827580761,3.352840827580761,3.225835998890384,0.2540096573807533,3.0988311702000075,0.7,model_agreement_half_kelly,home,1.8498468996508863,True,0.3177842336962586,3.146789217226585,False,-0.7
2022-02,data\historical_csv\football-data\2122\G1.csv:162,data\historical_csv\football-data\2122\G1.csv,162,2022-02-20,G1,AEK,Giannina,draw,0.2515139418766103,0.2477002236817007,4.2144,4.28,4.390782268415938,0.0018137181949096,5,0.0,PS,4.0-5.0,sportsbook,0.2372817008352315,1.0599803566447863,0.0038137181949096,0.0072112034083557,1.438507232566825,0.0632592629583109,0.3618046244808959,0.2,1.5565679574791158,draw:4.0-5.0,draw:sportsbook,sportsbook:4.0-5.0,3.9883675060523833,3.9883675060523833,True,4.281105758981307,4.281105758981307,4.134736632516845,0.29273825292892397,3.9883675060523833,0.62,model_agreement_half_kelly,home,-15.219335207519324,False,0.2011690033990145,4.970944743492718,False,-0.62
2022-02,data\historical_csv\football-data\2122\SP2.csv:304,data\historical_csv\football-data\2122\SP2.csv,304,2022-02-20,SP2,Fuenlabrada,Alcorcon,away,0.2376368702504089,0.2254549079556142,4.5868,4.66,3.41165718108114,0.0101819622947947,5,0.0,PS,4.0-5.0,sportsbook,0.2180169181128455,1.0899927964645757,0.0121819622947947,0.0428467277997119,1.5231826131820123,0.0564712821024096,0.3619643490164127,0.2,1.595883840586021,away:4.0-5.0,away:sportsbook,sportsbook:4.0-5.0,3.79097635301012,3.79097635301012,True,3.7357462962579246,3.7357462962579246,3.7633613246340225,0.05523005675219528,3.7357462962579246,0.52,model_agreement_half_kelly,draw,-1.7369603094663175,False,0.2142300507773037,4.667879209156886,False,-0.52
2022-02,data\historical_csv\football-data\2122\SP2.csv:310,data\historical_csv\football-data\2122\SP2.csv,310,2022-02-25,SP2,Almeria,Fuenlabrada,draw,0.2486031076262283,0.2422766545324116,4.136,4.2,0.2056243146054681,0.0043264530938166,4,0.0,B365,4.0-5.0,sportsbook,0.241779497098646,1.0282224531420805,0.0063264530938166,0.0174030531441363,1.419729137206128,0.061803505121418,0.3529490754969473,0.25,1.547388781431347,draw:4.0-5.0,draw:sportsbook,sportsbook:4.0-5.0,5.125387852618089,5.125387852618089,True,4.281377240958628,4.281377240958628,4.703382546788358,0.8440106116594608,4.281377240958628,0.68,model_agreement_half_kelly,home,-1.363345117101178,False,0.2384832081307998,4.193167342211928,False,-0.68
2022-02,data\historical_csv\football-data\2122\E0.csv:250,data\historical_csv\football-data\2122\E0.csv,250,2022-02-25,E0,Southampton,Norwich,home,0.6211318326460751,0.6161250322819855,1.6174,1.63,-0.3479372787116741,0.0030068003640896,5,0.0,IW,1.5-2.0,sportsbook,0.6182762458266353,1.0046186261217618,0.0050068003640896,0.004840840874763,0.4808199216795847,0.3858047535262718,0.2986525591255827,0.2,0.7790280697415497,home:1.5-2.0,home:sportsbook,sportsbook:1.5-2.0,1.692323042840326,1.692323042840326,True,1.4865334784536444,1.4865334784536444,1.5894282606469852,0.2057895643866816,1.4865334784536444,1.2,model_agreement_half_kelly,home,3.2086268157363262,True,0.6381144232455567,1.5671170617235586,True,0.74
2022-02,data\historical_csv\football-data\2122\I2.csv:256,data\historical_csv\football-data\2122\I2.csv,256,2022-02-26,I2,Vicenza,Pordenone,home,0.4843215734089643,0.4764615677530101,2.274,2.3,8.347360507034484,0.0058600056559543,5,0.0,WH,2.0-3.0,sportsbook,0.4397537379067722,1.101347257931985,0.0078600056559542,0.0120994107586573,0.8215403953283443,0.2345673864693348,0.3978897368844463,0.2,1.1433597185575906,home:2.0-3.0,home:sportsbook,sportsbook:2.0-3.0,9.48985713243744,9.48985713243744,True,10.105838731933936,10.105838731933936,9.797847932185688,0.6159815994964966,9.48985713243744,3.72,model_agreement_half_kelly,home,2.665668745951111,True,0.4514761158573048,2.2149565943286,True,4.74
2022-02,data\historical_csv\football-data\2122\I2.csv:254,data\historical_csv\football-data\2122\I2.csv,254,2022-02-26,I2,Parma,Spal,home,0.4780212498990455,0.4681725610155291,2.176,2.2,1.874349276979137,0.0078486888835163,5,0.0,WH,2.0-3.0,sportsbook,0.4595588235294117,1.040174239780323,0.0098486888835163,0.0164191212946578,0.7774883289936962,0.2285043153550457,0.371655942807487,0.2,1.1029411764705843,home:2.0-3.0,home:sportsbook,sportsbook:2.0-3.0,4.195345176661544,4.195345176661544,True,4.191144680269732,4.191144680269732,4.193244928465638,0.004200496391812081,4.191144680269732,1.78,model_agreement_half_kelly,home,16.752477619601013,True,0.5365463125900781,1.863772010980161,True,2.09
2022-02,data\historical_csv\football-data\2122\I2.csv:252,data\historical_csv\football-data\2122\I2.csv,252,2022-02-26,I2,Como,Brescia,away,0.3988314743557221,0.3856239834137213,2.6660000000000004,2.7,2.807353978098104,0.0112074909420007,5,0.0,WH,2.0-3.0,sportsbook,0.3750937734433608,1.0632847106323553,0.0132074909420007,0.0281008186731137,0.980579221756517,0.159066544936759,0.3910858567357382,0.2,1.275318829707417,away:2.0-3.0,away:sportsbook,sportsbook:2.0-3.0,3.65044873011953,3.65044873011953,True,4.206165787228544,4.206165787228544,3.928307258674037,0.555717057109014,3.65044873011953,1.1,model_agreement_half_kelly,draw,13.947943582231748,True,0.4274116413437049,2.3396648646634444,False,-1.1
2022-02,data\historical_csv\football-data\2122\I2.csv:261,data\historical_csv\football-data\2122\I2.csv,261,2022-02-27,I2,Reggina,Pisa,home,0.2809288248409143,0.2739190998745605,3.6656,3.72,0.4077852500188994,0.0050097249663538,4,0.0,PS,3.0-4.0,sportsbook,0.2728066346573549,1.0297727003368558,0.0070097249663538,0.0178327196192513,1.298992032717094,0.0789210046264971,0.3649243052289238,0.25,1.484068092536006,home:3.0-4.0,home:sportsbook,sportsbook:3.0-4.0,4.708189395613212,4.708189395613212,True,3.400143210346007,3.400143210346007,4.05416630297961,1.3080461852672052,3.400143210346007,0.64,model_agreement_half_kelly,home,-9.612442733397495,False,0.2465832531280077,4.055425448868072,True,1.71
2022-03,data\historical_csv\football-data\2122\G1.csv:176,data\historical_csv\football-data\2122\G1.csv,176,2022-03-03,G1,Atromitos,Volos NFC,home,0.5304011189346198,0.5153269120728419,2.176,2.2,12.13513606705039,0.0130742068617779,5,0.0,WH,2.0-3.0,sportsbook,0.4595588235294117,1.154152834801733,0.0150742068617779,0.0246496592768114,0.7774883289936962,0.2813253469670967,0.4123806796568643,0.2,1.1029411764705843,home:2.0-3.0,home:sportsbook,sportsbook:2.0-3.0,14.390616674835368,14.390616674835368,True,14.74342798555801,14.74342798555801,14.56702233019669,0.35281131072264316,14.390616674835368,6.12,model_agreement_half_kelly,home,-1.7962079269033482,False,0.4513041915123926,2.215800382107775,True,7.2
2022-03,data\historical_csv\football-data\2122\I2.csv:273,data\historical_csv\football-data\2122\I2.csv,273,2022-03-05,I2,Como,Spal,away,0.2828980623420387,0.2785765588920084,4.2634,4.33,18.768330118018884,0.0023215034500303,5,0.0,WH,4.0-5.0,sportsbook,0.234554580850964,1.206107598989048,0.0043215034500302,0.0082061482882251,1.450066964016957,0.08003131367688,0.4102211343865999,0.2,1.5621335084674337,away:4.0-5.0,away:sportsbook,sportsbook:4.0-5.0,18.51934137929854,18.51934137929854,True,20.1339130307284,20.1339130307284,19.326627205013473,1.6145716514298591,18.51934137929854,2.84,model_agreement_half_kelly,away,43.24430863501716,True,0.3359860877117258,2.976313712304643,True,9.27
2022-03,data\historical_csv\football-data\2122\I2.csv:274,data\historical_csv\football-data\2122\I2.csv,274,2022-03-05,I2,Parma,Reggina,home,0.5693915641277388,0.5562253432573707,1.882,1.9,4.681609601037162,0.0111662208703681,5,0.0,WH,1.5-2.0,sportsbook,0.5313496280552604,1.0715949236884044,0.0131662208703681,0.0196107943528701,0.6323350411631878,0.3242067532998329,0.3600462381406856,0.2,0.9564293304994642,home:1.5-2.0,home:sportsbook,sportsbook:1.5-2.0,7.796045425910258,7.796045425910258,True,7.733163110110919,7.733163110110919,7.764604268010588,0.06288231579933878,7.733163110110919,4.38,model_agreement_half_kelly,draw,17.666299931581374,True,0.6252194470328447,1.599438412777757,False,-4.38
2022-03,data\historical_csv\football-data\2122\F2.csv:263,data\historical_csv\football-data\2122\F2.csv,263,2022-03-05,F2,Bastia,Valenciennes,away,0.239891482642302,0.2245314007798553,4.675,4.75,4.968429864582391,0.0133600818624466,5,0.0,B365,4.0-5.0,sportsbook,0.213903743315508,1.121492681352762,0.0153600818624466,0.0556921892986408,1.5422291627406504,0.0575479234443219,0.3699676404240508,0.2,1.6042780748663166,away:4.0-5.0,away:sportsbook,sportsbook:4.0-5.0,7.415299605349333,7.415299605349333,True,7.773426871337907,7.773426871337907,7.59436323834362,0.3581272659885739,7.415299605349333,1.01,model_agreement_half_kelly,draw,-3.63390371295561,False,0.2061306872450147,4.851291252967891,False,-1.01
2022-03,data\historical_csv\football-data\2122\G1.csv:178,data\historical_csv\football-data\2122\G1.csv,178,2022-03-06,G1,Aris,Olympiakos,home,0.3045699358734045,0.2934240280544548,3.45,3.5,1.2312896787869176,0.0091459078189496,5,0.0,B365,3.0-4.0,sportsbook,0.2898550724637681,1.0507662787632457,0.0111459078189496,0.030028925188306,1.2383742310432684,0.0927628458379297,0.3771715601361248,0.2,1.4492753623188248,home:3.0-4.0,home:sportsbook,sportsbook:3.0-4.0,2.350012001726989,2.350012001726989,True,2.743321811511623,2.743321811511623,2.546666906619306,0.3933098097846339,2.350012001726989,0.48,model_agreement_half_kelly,home,0.4307221820891938,True,0.2911035425567803,3.4352038151680966,True,1.18
2022-03,data\historical_csv\football-data\2122\E2.csv:429,data\historical_csv\football-data\2122\E2.csv,429,2022-03-08,E2,Milton Keynes Dons,Cheltenham,draw,0.2696686704697821,0.2619833222095195,3.842,3.9,0.6539923928974067,0.0056853482602626,5,0.0,BW,3.0-4.0,sportsbook,0.2602811035918792,1.036067031944903,0.0076853482602626,0.0210827169888083,1.345993064346365,0.0727211918329399,0.3629721601238321,0.2,1.5096304008328951,draw:3.0-4.0,draw:sportsbook,sportsbook:3.0-4.0,4.15964978054522,4.15964978054522,True,4.47661927973495,4.47661927973495,4.318134530140085,0.31696949918972983,4.15964978054522,0.73,model_agreement_half_kelly,home,5.6875495218436045,True,0.2750847202546684,3.6352437135520224,False,-0.73
2022-03,data\historical_csv\football-data\2122\D2.csv:227,data\historical_csv\football-data\2122\D2.csv,227,2022-03-11,D2,Darmstadt,Sandhausen,draw,0.2151814554436632,0.2073787817155641,4.92,5.0,2.0303606040575684,0.0058026737280991,5,0.0,B365,4.0-5.0,sportsbook,0.2032520325203252,1.0586927607828232,0.0078026737280991,0.0269664210428129,1.5933085305042167,0.0463030587668532,0.3428504485647017,0.2,1.6260162601626105,draw:4.0-5.0,draw:sportsbook,sportsbook:4.0-5.0,4.024850972062555,4.024850972062555,True,4.492964896223173,4.492964896223173,4.258907934142863,0.46811392416061803,4.024850972062555,0.51,model_agreement_half_kelly,draw,17.293958002487475,True,0.2384023536635924,4.19458946035026,True,2.0
2022-03,data\historical_csv\football-data\2122\F2.csv:272,data\historical_csv\football-data\2122\F2.csv,272,2022-03-12,F2,Ajaccio,Bastia,draw,0.3304886393849185,0.3214939662279518,3.205,3.25,3.0388161760585675,0.0069946731569666,5,0.0,B365,3.0-4.0,sportsbook,0.31201248049922,1.059216089228664,0.0089946731569666,0.0211646402429585,1.1647120903726331,0.1092227407624947,0.3849241140224158,0.2,1.4040561622464809,draw:3.0-4.0,draw:sportsbook,sportsbook:3.0-4.0,4.848088917904544,4.848088917904544,True,5.293289415449287,5.293289415449287,5.070689166676916,0.445200497544743,4.848088917904544,1.1,model_agreement_half_kelly,away,2.7473045595865164,True,0.320584413602454,3.119303239863889,False,-1.1
2022-03,data\historical_csv\football-data\2122\E3.csv:412,data\historical_csv\football-data\2122\E3.csv,412,2022-03-12,E3,Bristol Rvs,Harrogate,away,0.2303742336257217,0.2240937180232666,4.675,4.75,4.763813175877152,0.004280515602455,5,0.0,B365,4.0-5.0,sportsbook,0.213903743315508,1.076999542200249,0.006280515602455,0.0185807046868331,1.5422291627406504,0.0530722875186386,0.3552898614416158,0.2,1.6042780748663166,away:4.0-5.0,away:sportsbook,sportsbook:4.0-5.0,4.711696343506108,4.711696343506108,True,5.167328041629893,5.167328041629893,4.939512192568,0.4556316981237849,4.711696343506108,0.64,model_agreement_half_kelly,home,5.672249869543466,True,0.2260368981166705,4.424056463046325,False,-0.64
2022-03,data\historical_csv\football-data\2122\SP2.csv:333,data\historical_csv\football-data\2122\SP2.csv,333,2022-03-12,SP2,Ibiza,Leganes,home,0.439010889282371,0.4235636528070371,2.372,2.4,0.4692984458291915,0.0134472364753338,5,0.0,WH,2.0-3.0,sportsbook,0.4215851602023609,1.0413338293777838,0.0154472364753338,0.0306307583789444,0.863733481135479,0.1927305609084982,0.3791884036562446,0.2,1.180438448566612,home:2.0-3.0,home:sportsbook,sportsbook:2.0-3.0,3.00001817344347,3.00001817344347,True,2.9821041203375698,2.9821041203375698,2.99106114689052,0.01791405310590033,2.9821041203375698,1.09,model_agreement_half_kelly,draw,-2.1893330698674607,False,0.4123552568723969,2.425093371149745,False,-1.09
2022-03,data\historical_csv\football-data\2122\D2.csv:230,data\historical_csv\football-data\2122\D2.csv,230,2022-03-12,D2,Paderborn,Fortuna Dusseldorf,home,0.5008495951997904,0.4871100233736052,2.0780000000000003,2.1,1.2214628570351935,0.0117395718261851,5,0.0,B365,2.0-3.0,sportsbook,0.4812319538017324,1.0407654588251647,0.0137395718261851,0.0234393157920038,0.7314058926770358,0.2508503170117939,0.3663243452740347,0.2,1.0587102983637964,home:2.0-3.0,home:sportsbook,sportsbook:2.0-3.0,2.223063241757067,2.223063241757067,True,2.703274514710685,2.703274514710685,2.4631688782338763,0.4802112729536181,2.223063241757067,1.03,model_agreement_half_kelly,draw,-3.0188876955870025,False,0.4667041015611789,2.1426852617212595,False,-1.03
2022-03,data\historical_csv\football-data\2122\SP2.csv:342,data\historical_csv\football-data\2122\SP2.csv,342,2022-03-13,SP2,Oviedo,Valladolid,away,0.3898485744784831,0.3784821604571512,2.8424,2.88,7.579769288340654,0.0093664140213319,5,0.0,WH,2.0-3.0,sportsbook,0.3518153672952435,1.1081055880976405,0.0113664140213319,0.0240257747097364,1.04464876572468,0.1519819110229054,0.4072548321484734,0.2,1.3228257810301347,away:2.0-3.0,away:sportsbook,sportsbook:2.0-3.0,8.166091486287094,8.166091486287094,True,8.577659933596316,8.577659933596316,8.371875709941705,0.4115684473092216,8.166091486287094,2.22,model_agreement_half_kelly,home,12.73410782980051,True,0.3966159155284285,2.521330992649795,False,-2.22
2022-03,data\historical_csv\football-data\2122\SP2.csv:340,data\historical_csv\football-data\2122\SP2.csv,340,2022-03-13,SP2,Sp Gijon,Tenerife,home,0.3700701946201881,0.3583544469822608,2.8424,2.88,1.858668010237796,0.0097157476379272,5,0.0,WH,2.0-3.0,sportsbook,0.3518153672952435,1.0518875211884224,0.0117157476379272,0.0262537966557905,1.04464876572468,0.1369519489462239,0.3865933720414716,0.2,1.3228257810301347,home:2.0-3.0,home:sportsbook,sportsbook:2.0-3.0,3.9184637606000727,3.9184637606000727,True,4.036655616943485,4.036655616943485,3.977559688771779,0.11819185634341256,3.9184637606000727,1.06,model_agreement_half_kelly,away,6.998798969320008,True,0.3764382175954124,2.656478416000732,False,-1.06
2022-03,data\historical_csv\football-data\2122\B1.csv:277,data\historical_csv\football-data\2122\B1.csv,277,2022-03-13,B1,Anderlecht,Antwerp,home,0.5781710914454278,0.5662051184673387,1.735,1.75,-1.7634119459167483,0.009965972978089,5,0.0,WH,1.5-2.0,sportsbook,0.5763688760806917,1.0031268436578171,0.0119659729780891,0.0172370655080214,0.5510074133988224,0.3342818109831972,0.3185765575993192,0.2,0.8645533141210526,home:1.5-2.0,home:sportsbook,sportsbook:1.5-2.0,1.7309471607965317,1.7309471607965317,True,1.140189590770624,1.140189590770624,1.435568375783578,0.5907575700259076,1.140189590770624,0.78,model_agreement_half_kelly,home,5.670719062424978,True,0.6090531358064841,1.6418928681416924,True,0.57
2022-03,data\historical_csv\football-data\2122\P1.csv:235,data\historical_csv\football-data\2122\P1.csv,235,2022-03-14,P1,Moreirense,Sp Lisbon,away,0.6645990004672724,0.6512353252942025,1.5194,1.53,-1.0513046747988697,0.0113636751730698,5,0.0,WH,1.5-2.0,sportsbook,0.6581545346847439,1.0097917213099736,0.0133636751730699,0.0170985438814686,0.4183155200869842,0.4416918314220975,0.2780120765297569,0.2,0.6976438067658242,away:1.5-2.0,away:sportsbook,sportsbook:1.5-2.0,2.3398765384905817,2.3398765384905817,True,1.5816506107032111,1.5816506107032111,1.9607635745968963,0.7582259277873706,1.5816506107032111,1.52,model_agreement_half_kelly,away,0.9825617517402296,True,0.6646213094099,1.5046162165457408,True,0.79
2022-03,data\historical_csv\football-data\2122\I2.csv:295,data\historical_csv\football-data\2122\I2.csv,295,2022-03-15,I2,Crotone,Frosinone,home,0.2980209107857554,0.2764918053676389,3.744,3.8,3.5185319296439976,0.0195291054181164,5,0.0,WH,3.0-4.0,sportsbook,0.2670940170940171,1.115790289981868,0.0215291054181164,0.0655293125795316,1.3201545586153456,0.0888164632655711,0.3934336639365122,0.2,1.4957264957264904,home:3.0-4.0,home:sportsbook,sportsbook:3.0-4.0,8.238050411816946,8.238050411816946,True,8.679333390932808,8.679333390932808,8.458691901374877,0.44128297911586145,8.238050411816946,1.5,model_agreement_half_kelly,home,17.183185744017226,True,0.3129892781624392,3.194997623787634,True,4.12
2022-03,data\historical_csv\football-data\2122\I2.csv:292,data\historical_csv\football-data\2122\I2.csv,292,2022-03-15,I2,Cittadella,Reggina,home,0.5396805484843955,0.5319979241675219,1.931,1.95,2.728799156748485,0.0056826243168735,5,0.0,WH,1.5-2.0,sportsbook,0.5178663904712584,1.0421231391233678,0.0076826243168736,0.0105296074369037,0.6580380034463774,0.291255094412418,0.3551303106235175,0.2,0.9839461418953864,home:1.5-2.0,home:sportsbook,sportsbook:1.5-2.0,5.6060841134456965,5.6060841134456965,True,5.327595004073671,5.327595004073671,5.466839558759684,0.27848910937202564,5.327595004073671,2.86,model_agreement_half_kelly,draw,7.569675200405102,True,0.5570671942019942,1.7951155810431676,False,-2.86
2022-03,data\historical_csv\football-data\2122\I2.csv:293,data\historical_csv\football-data\2122\I2.csv,293,2022-03-15,I2,Como,Ternana,away,0.3978801407256094,0.3926233318556051,2.5876,2.62,1.5952133509563815,0.0032568088700042,5,0.0,WH,2.0-3.0,sportsbook,0.3864584943577059,1.029554652141587,0.0052568088700042,0.0081854019254765,0.9507308051876934,0.1583086063838307,0.3782769065602513,0.2,1.2521255217189609,away:2.0-3.0,away:sportsbook,sportsbook:2.0-3.0,2.002316544044394,2.002316544044394,True,2.014820717784516,2.014820717784516,2.0085686309144553,0.012504173740122138,2.002316544044394,0.63,model_agreement_half_kelly,draw,2.384559272893138,True,0.3956738262207958,2.5273342175582147,False,-0.63
2022-03,data\historical_csv\football-data\2122\I2.csv:300,data\historical_csv\football-data\2122\I2.csv,300,2022-03-16,I2,Perugia,Spal,away,0.234316482400469,0.228604300697882,4.5868,4.66,4.856220644104559,0.0037121817025869,5,0.0,PS,4.0-5.0,sportsbook,0.2180169181128455,1.0747628414744714,0.0057121817025869,0.0158425974329988,1.5231826131820123,0.0549042139245293,0.3569067919743634,0.2,1.595883840586021,away:4.0-5.0,away:sportsbook,sportsbook:4.0-5.0,4.395380621219602,4.395380621219602,True,4.54337275626957,4.54337275626957,4.469376688744586,0.147992135049968,4.395380621219602,0.61,model_agreement_half_kelly,draw,-5.446926722980128,False,0.2061416963395392,4.851032167470302,False,-0.61
2022-03,data\historical_csv\football-data\2122\E1.csv:451,data\historical_csv\football-data\2122\E1.csv,451,2022-03-19,E1,Huddersfield,Bournemouth,away,0.3956834532374101,0.3888004673499053,3.205,3.25,24.610549785644675,0.0048829858875047,5,0.0,IW,3.0-4.0,sportsbook,0.31201248049922,1.268165467625899,0.0068829858875047,0.0123406370611483,1.1647120903726331,0.1565653951658817,0.460857301946006,0.2,1.4040561622464809,away:3.0-4.0,away:sportsbook,sportsbook:3.0-4.0,22.198279096063917,22.198279096063917,True,24.100623391938434,24.100623391938434,23.149451244001177,1.9023442958745171,22.198279096063917,5.03,model_agreement_half_kelly,away,32.10621623248646,True,0.4121878821606441,2.426078114567824,True,11.09
2022-03,data\historical_csv\football-data\2122\E1.csv:448,data\historical_csv\football-data\2122\E1.csv,448,2022-03-19,E1,Derby,Coventry,away,0.3849319591256835,0.37964665134076,3.107,3.15,17.956214571574126,0.0032853077849235,5,0.0,IW,3.0-4.0,sportsbook,0.321853878339234,1.1959835970034989,0.0052853077849235,0.0085347753207753,1.1336576304109105,0.1481726131563369,0.4363810526518518,0.2,1.3839716768587085,away:3.0-4.0,away:sportsbook,sportsbook:3.0-4.0,15.782608061860824,15.782608061860824,True,17.345965617959735,17.345965617959735,16.56428683991028,1.5633575560989108,15.782608061860824,3.75,model_agreement_half_kelly,draw,20.50681647427961,True,0.3878558624856119,2.5782773878713683,False,-3.75
2022-03,data\historical_csv\football-data\2122\E1.csv:450,data\historical_csv\football-data\2122\E1.csv,450,2022-03-19,E1,Bristol City,West Brom,away,0.4640458126677398,0.4505516085471336,2.4210000000000003,2.45,9.07854442926106,0.0114942041206062,5,0.0,IW,2.0-3.0,sportsbook,0.413052457662123,1.1234549124685984,0.0134942041206062,0.0247695460379818,0.8841806779559216,0.2153385162544631,0.4103003412471688,0.2,1.1978521272201448,away:2.0-3.0,away:sportsbook,sportsbook:2.0-3.0,8.85477607240798,8.85477607240798,True,9.887394539012416,9.887394539012416,9.371085305710197,1.0326184666044362,8.85477607240798,3.12,model_agreement_half_kelly,draw,20.831584366779232,True,0.4990978288590632,2.003615207635742,False,-3.12
2022-03,data\historical_csv\football-data\2122\SP2.csv:346,data\historical_csv\football-data\2122\SP2.csv,346,2022-03-19,SP2,Fuenlabrada,Malaga,away,0.2493119910700987,0.2461539557320417,4.0968,4.16,0.8443525843028654,0.0011580353380569,4,0.0,PS,4.0-5.0,sportsbook,0.2440929505955868,1.0213813650159802,0.0031580353380569,0.0046449243499537,1.4102061811662034,0.0621564688913369,0.3515813108459065,0.25,1.5426674477641011,away:4.0-5.0,away:sportsbook,sportsbook:4.0-5.0,3.5950754379497107,3.5950754379497107,True,2.9671072638368656,2.9671072638368656,3.281091350893288,0.6279681741128451,2.9671072638368656,0.48,model_agreement_half_kelly,home,9.963438117810863,True,0.2684130006781167,3.725601954725021,False,-0.48
2022-03,data\historical_csv\football-data\2122\E1.csv:453,data\historical_csv\football-data\2122\E1.csv,453,2022-03-19,E1,Reading,Blackburn,away,0.4095046350417298,0.4036181764414221,2.568,2.6,3.649147710157208,0.0038864586003076,5,0.0,IW,2.0-3.0,sportsbook,0.3894080996884735,1.051607902787162,0.0058864586003076,0.0094906339702641,0.9431273858277148,0.1676940461206603,0.386215035931239,0.2,1.2461059190031154,away:2.0-3.0,away:sportsbook,sportsbook:2.0-3.0,2.925906628779372,2.925906628779372,True,3.515119185148663,3.515119185148663,3.2205129069640175,0.5892125563692909,2.925906628779372,0.93,model_agreement_half_kelly,home,4.451768103645293,True,0.4067436452634162,2.4585510103111208,False,-0.93
2022-03,data\historical_csv\football-data\2122\SP2.csv:344,data\historical_csv\football-data\2122\SP2.csv,344,2022-03-19,SP2,Sociedad B,Mirandes,draw,0.2919358082276794,0.2847103205994521,3.45,3.5,-1.7749393931890125,0.0052254876282272,4,0.0,B365,3.0-4.0,sportsbook,0.2898550724637681,1.007178538385494,0.0072254876282272,0.0178994404966997,1.2383742310432684,0.0852265161255484,0.3615257820279475,0.25,1.4492753623188248,draw:3.0-4.0,draw:sportsbook,sportsbook:3.0-4.0,3.872833930919225,3.872833930919225,True,2.844885289108401,2.844885289108401,3.3588596100138126,1.027948641810824,2.844885289108401,0.58,model_agreement_half_kelly,away,-0.1826411414300066,False,0.2893256778509275,3.456312648873292,False,-0.58
2022-03,data\historical_csv\football-data\2122\I1.csv:293,data\historical_csv\football-data\2122\I1.csv,293,2022-03-20,I1,Empoli,Verona,home,0.3590874588218956,0.3513918061975577,3.058,3.1,7.455614335213134,0.0056956526243379,5,0.0,BW,3.0-4.0,sportsbook,0.3270111183780249,1.0980894490773567,0.0076956526243379,0.0158614635081503,1.1177611075068703,0.1289438030831665,0.4013739956645898,0.2,1.373446697187708,home:3.0-4.0,home:sportsbook,sportsbook:3.0-4.0,9.104237761695115,9.104237761695115,True,9.482186419372084,9.482186419372084,9.2932120905336,0.37794865767696884,9.104237761695115,2.21,model_agreement_half_kelly,draw,10.6028866762631,True,0.3616837366784274,2.7648464627788853,False,-2.21
2022-03,data\historical_csv\football-data\2122\SP2.csv:350,data\historical_csv\football-data\2122\SP2.csv,350,2022-03-20,SP2,Amorebieta,Alcorcon,away,0.2233336031485114,0.2099702811426846,4.675,4.75,-1.838893565794919,0.0113633220058267,4,0.0,B365,4.0-5.0,sportsbook,0.213903743315508,1.044084594719291,0.0133633220058267,0.0508804848246253,1.5422291627406504,0.0498778982952967,0.3444315957955814,0.25,1.6042780748663166,away:4.0-5.0,away:sportsbook,sportsbook:4.0-5.0,4.5260713885527855,4.5260713885527855,True,4.121085518502055,4.121085518502055,4.32357845352742,0.40498587005073006,4.121085518502055,0.56,model_agreement_half_kelly,draw,16.67034892760011,True,0.2495622436954013,4.007016386743709,False,-0.56
2022-03,data\historical_csv\football-data\2122\SP2.csv:356,data\historical_csv\football-data\2122\SP2.csv,356,2022-03-26,SP2,Eibar,Lugo,home,0.5854352586387034,0.5744339290115107,1.784,1.8,2.479012935653513,0.0090013296271926,5,0.0,WH,1.5-2.0,sportsbook,0.5605381165919282,1.0444165014114468,0.0110013296271926,0.0153754484281031,0.5788580341578177,0.3427344420573655,0.3388839029422734,0.2,0.8968609865470878,home:1.5-2.0,home:sportsbook,sportsbook:1.5-2.0,5.81761203857024,5.81761203857024,True,5.386912716093395,5.386912716093395,5.602262377331817,0.43069932247684495,5.386912716093395,3.44,model_agreement_half_kelly,home,3.270400975102916,True,0.5788699606227742,1.727503702082166,True,2.7
2022-03,data\historical_csv\football-data\2122\SP2.csv:355,data\historical_csv\football-data\2122\SP2.csv,355,2022-03-26,SP2,Ibiza,Sociedad B,home,0.5433938829374321,0.5374648394779583,1.8918,1.91,1.6775983324401444,0.0039290434594737,5,0.0,WH,1.5-2.0,sportsbook,0.528597103287874,1.027992547741034,0.0059290434594737,0.0072305625492773,0.637528756796933,0.2952769120138196,0.3464292266401592,0.2,0.9620467279839228,home:1.5-2.0,home:sportsbook,sportsbook:1.5-2.0,4.615789524649849,4.615789524649849,True,4.153474556711378,4.153474556711378,4.384632040680614,0.4623149679384708,4.153474556711378,2.33,model_agreement_half_kelly,draw,-3.1481687807559,False,0.5119559743061851,1.9532929591362296,False,-2.33
2022-03,data\historical_csv\football-data\2122\SP2.csv:358,data\historical_csv\football-data\2122\SP2.csv,358,2022-03-26,SP2,Oviedo,Fuenlabrada,home,0.5250052291009684,0.5132300263757296,1.931,1.95,-0.8952819068466233,0.0097752027252387,5,0.0,WH,1.5-2.0,sportsbook,0.5178663904712584,1.01378509739397,0.0117752027252387,0.0186192483110655,0.6580380034463774,0.2756304905833602,0.3454733927565092,0.2,0.9839461418953864,home:1.5-2.0,home:sportsbook,sportsbook:1.5-2.0,2.1584974226981157,2.1584974226981157,True,1.94139600153338,1.94139600153338,2.049946712115748,0.21710142116473574,1.94139600153338,1.04,model_agreement_half_kelly,home,3.446515244789894,True,0.5357147345664934,1.8666651026673955,True,0.97
2022-03,data\historical_csv\football-data\2122\SP2.csv:363,data\historical_csv\football-data\2122\SP2.csv,363,2022-03-27,SP2,Almeria,Girona,away,0.2628433765751904,0.2551031311881025,4.675,4.75,19.26071383043793,0.0057402453870878,5,0.0,WH,4.0-5.0,sportsbook,0.213903743315508,1.228792785489015,0.0077402453870878,0.0218390338074422,1.5422291627406504,0.0690866406094473,0.4053647205874814,0.2,1.6042780748663166,away:4.0-5.0,away:sportsbook,sportsbook:4.0-5.0,19.945999365640684,19.945999365640684,True,21.6166524803185,21.6166524803185,20.78132592297959,1.6706531146778154,19.945999365640684,2.71,model_agreement_half_kelly,away,36.08031776088247,True,0.2910808936061657,3.435471107743012,True,9.96
2022-03,data\historical_csv\football-data\2122\SP2.csv:362,data\historical_csv\football-data\2122\SP2.csv,362,2022-03-27,SP2,Malaga,Huesca,away,0.3248471922735175,0.3202506123306678,3.548,3.6,13.624917254920945,0.0025965799428497,5,0.0,WH,3.0-4.0,sportsbook,0.2818489289740699,1.1525578381864403,0.0045965799428497,0.007993234987432,1.266384064447333,0.1055256983279876,0.4113813076756414,0.2,1.4656144306651742,away:3.0-4.0,away:sportsbook,sportsbook:3.0-4.0,12.527841489465402,12.527841489465402,True,13.480910211219332,13.480910211219332,13.004375850342367,0.9530687217539295,12.527841489465402,2.46,model_agreement_half_kelly,away,7.96445855417689,True,0.3042966701076011,3.286266654335698,True,6.27
2022-03,data\historical_csv\football-data\2122\SP2.csv:359,data\historical_csv\football-data\2122\SP2.csv,359,2022-03-27,SP2,Mirandes,Ponferradina,home,0.43005259638776,0.4143289447340609,2.519,2.55,4.369461178509937,0.0137236516536991,5,0.0,WH,2.0-3.0,sportsbook,0.3969829297340214,1.0833024903007675,0.0157236516536991,0.0319115656293472,0.9238619973704733,0.1849452356598536,0.3973092506731539,0.2,1.2306470821754625,home:2.0-3.0,home:sportsbook,sportsbook:2.0-3.0,6.696206756788711,6.696206756788711,True,6.937820878598511,6.937820878598511,6.817013817693611,0.2416141218097998,6.696206756788711,2.2,model_agreement_half_kelly,home,14.202491532963668,True,0.4533643967168069,2.2057312114533945,True,3.34
2022-03,data\historical_csv\football-data\2122\SP2.csv:364,data\historical_csv\football-data\2122\SP2.csv,364,2022-03-28,SP2,Las Palmas,Leganes,home,0.4592355315878979,0.445238213120961,2.274,2.3,1.2471696637065488,0.0119973184669368,5,0.0,WH,2.0-3.0,sportsbook,0.4397537379067722,1.04430159883088,0.0139973184669368,0.0261245431629685,0.8215403953283443,0.2108972734728192,0.377280540169544,0.2,1.1433597185575906,home:2.0-3.0,home:sportsbook,sportsbook:2.0-3.0,3.699739833662875,3.699739833662875,True,3.628059989096832,3.628059989096832,3.663899911379853,0.07167984456604293,3.628059989096832,1.42,model_agreement_half_kelly,home,4.29248026053024,True,0.4586300803013643,2.1804064821542086,True,1.81
2022-04,data\historical_csv\football-data\2122\I2.csv:337,data\historical_csv\football-data\2122\I2.csv,337,2022-04-10,I2,Cosenza,Monza,away,0.5349767258899889,0.5210737378292015,2.372,2.4,23.598690613086596,0.0119029880607874,5,0.0,WH,2.0-3.0,sportsbook,0.4215851602023609,1.2689647938110535,0.0139029880607873,0.0222495437366655,0.863733481135479,0.2862000972439723,0.462077309779421,0.2,1.180438448566612,away:2.0-3.0,away:sportsbook,sportsbook:2.0-3.0,26.47487368089294,22.21821267509372,True,26.159765507258005,24.848344874300544,26.31731959407547,0.31510817363493615,22.21821267509372,8.1,model_agreement_half_kelly,away,32.36581526930393,True,0.5580346343562561,1.792003467945303,True,11.11
2022-04,data\historical_csv\football-data\2122\I2.csv:339,data\historical_csv\football-data\2122\I2.csv,339,2022-04-10,I2,Perugia,Pisa,home,0.3579563597658329,0.3489457540778616,3.058,3.1,6.707611597010077,0.0070106056879712,5,0.0,WH,3.0-4.0,sportsbook,0.3270111183780249,1.094630548163917,0.0090106056879712,0.0195850848761493,1.1177611075068703,0.1281327554968064,0.4001096971309851,0.2,1.373446697187708,home:3.0-4.0,home:sportsbook,sportsbook:3.0-4.0,11.141138993106887,6.884477987307667,True,9.59785963260662,7.907166421989409,10.369499312856753,1.543279360500268,6.884477987307667,1.67,model_agreement_half_kelly,draw,16.38110930800387,True,0.3805791671288551,2.627574198409614,False,-1.67
2022-04,data\historical_csv\football-data\2122\I2.csv:338,data\historical_csv\football-data\2122\I2.csv,338,2022-04-10,I2,Crotone,Ternana,home,0.3838945520637903,0.3748577965368875,2.8424,2.88,6.549580087644902,0.0070367555269027,5,0.0,WH,2.0-3.0,sportsbook,0.3518153672952435,1.0911818747861175,0.0090367555269028,0.0183299176533599,1.04464876572468,0.1473750271042582,0.4010349699818675,0.2,1.3228257810301347,home:2.0-3.0,home:sportsbook,sportsbook:2.0-3.0,9.671783692975325,5.415122687176105,True,8.616412505503114,7.044919247864678,9.14409809923922,1.0553711874722111,5.415122687176105,1.47,model_agreement_half_kelly,away,22.94607911982307,True,0.4325431998305062,2.311907805721727,False,-1.47
2022-04,data\historical_csv\football-data\2122\F2.csv:326,data\historical_csv\football-data\2122\F2.csv,326,2022-04-16,F2,Dijon,Ajaccio,away,0.3730242360379346,0.3668072954618717,3.156,3.2,15.764382447766724,0.0042169405760629,5,0.0,VC,3.0-4.0,sportsbook,0.3168567807351077,1.1772644889357218,0.0062169405760629,0.0113047361770726,1.1493054029836278,0.1391470806716848,0.4287187699222384,0.2,1.3941698352344822,away:3.0-4.0,away:sportsbook,sportsbook:3.0-4.0,14.151424361116536,9.894763355317316,True,15.571792547798967,13.82691754037324,14.861608454457752,1.4203681866824311,9.894763355317316,2.29,model_agreement_half_kelly,away,26.303556182849206,True,0.4002013820749341,2.498741995380613,True,4.94
2022-04,data\historical_csv\football-data\2122\I2.csv:361,data\historical_csv\football-data\2122\I2.csv,361,2022-04-25,I2,Perugia,Parma,away,0.2392204142212534,0.2253015203782314,4.616200000000001,4.69,4.003687836999248,0.011918893843022,4,0.0,PS,4.0-5.0,sportsbook,0.2166283956501017,1.1042892761281506,0.013918893843022,0.0498238993600199,1.529571855823513,0.057226406580188,0.3659048129312722,0.25,1.5987175598977332,away:4.0-5.0,away:sportsbook,sportsbook:4.0-5.0,10.059134741044204,5.802473735244984,True,9.884095002653726,7.331911222780896,9.971614871848965,0.1750397383904776,5.802473735244984,0.8,model_agreement_half_kelly,home,13.262175076557224,True,0.2453580327467553,4.075676629801411,False,-0.8
2022-04,data\historical_csv\football-data\2122\SP2.csv:409,data\historical_csv\football-data\2122\SP2.csv,409,2022-04-29,SP2,Las Palmas,Malaga,home,0.5890645570319245,0.5829845136878523,1.833,1.85,6.861061358983345,0.0040800433440721,5,0.0,WH,1.5-2.0,sportsbook,0.5455537370430987,1.0797553330395178,0.0060800433440721,0.0069263093414242,0.605953968857568,0.3469970523512174,0.3569460062468199,0.2,0.9274413529732684,home:1.5-2.0,home:sportsbook,sportsbook:1.5-2.0,11.45972037514921,7.20305936934999,True,9.688023493972908,8.674602743462344,10.573871934561058,1.771696881176302,7.20305936934999,4.32,model_agreement_half_kelly,home,0.7328970236230692,True,0.549552084144152,1.819663738619708,True,3.6
2022-04,data\historical_csv\football-data\2122\SP2.csv:410,data\historical_csv\football-data\2122\SP2.csv,410,2022-04-30,SP2,Oviedo,Mirandes,home,0.5605589059670222,0.5449196905116134,2.029,2.05,10.564205204806342,0.0136392154554087,5,0.0,WH,2.0-3.0,sportsbook,0.4928536224741252,1.137374020207088,0.0156392154554088,0.024331457961371,0.7075430608436777,0.3142262870589448,0.3966195641110902,0.2,1.0349926071956617,home:2.0-3.0,home:sportsbook,sportsbook:2.0-3.0,13.764173808467543,9.507512802668325,True,13.396851579927048,12.27506723579943,13.580512694197296,0.3673222285404947,9.507512802668325,4.62,model_agreement_half_kelly,home,-7.305703356834536,False,0.4568471988327524,2.188915686809521,True,4.75
2022-04,data\historical_csv\football-data\2122\SP2.csv:412,data\historical_csv\football-data\2122\SP2.csv,412,2022-04-30,SP2,Burgos,Almeria,away,0.4712492436083678,0.4639550268583929,2.274,2.3,5.5033731075985415,0.0052942167499749,5,0.0,WH,2.0-3.0,sportsbook,0.4397537379067722,1.0716207799654285,0.0072942167499749,0.0112344302336423,0.8215403953283443,0.2220758496014588,0.3871502898922017,0.2,1.1433597185575906,away:2.0-3.0,away:sportsbook,sportsbook:2.0-3.0,8.016364683356652,3.759703677557432,True,6.722471179485368,5.465232343336401,7.36941793142101,1.293893503871284,3.759703677557432,1.48,model_agreement_half_kelly,away,11.378316675729996,True,0.4897903107991644,2.0416900415370693,True,1.89
2022-05,data\historical_csv\football-data\2122\SP2.csv:413,data\historical_csv\football-data\2122\SP2.csv,413,2022-05-01,SP2,Amorebieta,Fuenlabrada,home,0.4976514291514918,0.4874889311195417,2.176,2.2,6.077591411612282,0.00816249803195,5,0.0,WH,2.0-3.0,sportsbook,0.4595588235294117,1.0828895098336462,0.01016249803195,0.016402038764095,0.7774883289936962,0.2476569449365222,0.3869181780723181,0.2,1.1029411764705843,home:2.0-3.0,home:sportsbook,sportsbook:2.0-3.0,9.325824199966684,6.973689215640361,True,8.438356771094702,7.125500246399064,8.882090485530693,0.8874674288719824,6.973689215640361,2.97,model_agreement_half_kelly,home,26.47855171342661,True,0.581243344271262,1.7204498079092108,True,3.49
2022-05,data\historical_csv\football-data\2122\SP2.csv:422,data\historical_csv\football-data\2122\SP2.csv,422,2022-05-07,SP2,Huesca,Sp Gijon,away,0.2965403624382208,0.2894111037891269,3.744,3.8,8.355517258649115,0.0051292586490938,5,0.0,WH,3.0-4.0,sportsbook,0.2670940170940171,1.1102471169686985,0.0071292586490938,0.0172969999999997,1.3201545586153456,0.0879361865549913,0.391479111286264,0.2,1.4957264957264904,away:3.0-4.0,away:sportsbook,sportsbook:3.0-4.0,10.34743248718962,7.995297502863298,True,10.59258890511301,8.333703414092565,10.470010696151315,0.24515641792338982,7.995297502863298,1.46,model_agreement_half_kelly,draw,5.727236984403494,True,0.2823911244241546,3.5411877835720813,False,-1.46
2022-05,data\historical_csv\football-data\2122\E3.csv:549,data\historical_csv\football-data\2122\E3.csv,549,2022-05-07,E3,Mansfield,Forest Green,draw,0.2691801328249187,0.2615987617324743,3.94,4.0,3.069912122594909,0.0055813710924443,5,0.0,PS,3.0-4.0,sportsbook,0.2538071065989847,1.0605697233301798,0.0075813710924443,0.0207347066585877,1.3711807233098423,0.0724579439076409,0.3690946092275116,0.2,1.522842639593902,draw:3.0-4.0,draw:sportsbook,sportsbook:3.0-4.0,5.177814254363602,2.8256792700372797,True,5.392768638479173,3.0156295266681177,5.285291446421388,0.214954384115571,2.8256792700372797,0.48,model_agreement_half_kelly,draw,4.993916848587943,True,0.266482022458345,3.752598358323832,True,1.41
2022-05,data\historical_csv\football-data\2122\T1.csv:358,data\historical_csv\football-data\2122\T1.csv,358,2022-05-08,T1,Altay,Giresunspor,draw,0.2826303499661937,0.271008491834537,3.7146,3.77,0.6688143768571075,0.0096218581316566,4,0.0,PS,3.0-4.0,sportsbook,0.269207990093146,1.049858697984423,0.0116218581316566,0.0340439663780184,1.3122710007711045,0.0798799147220131,0.3708876121984245,0.25,1.491412265116021,draw:3.0-4.0,draw:sportsbook,sportsbook:3.0-4.0,5.130646586509306,2.778511602182983,True,4.916465390322711,2.675317942420885,5.023555988416009,0.21418119618659492,2.675317942420885,0.49,model_agreement_half_kelly,draw,6.234049304313616,True,0.2859905489267044,3.496619044765311,True,1.33
2022-05,data\historical_csv\football-data\2122\SC0.csv:227,data\historical_csv\football-data\2122\SC0.csv,227,2022-05-15,SC0,Aberdeen,St Mirren,away,0.2258712525560367,0.2125120434519043,4.92,5.0,4.555925378336911,0.0113592091041324,5,0.0,IW,4.0-5.0,sportsbook,0.2032520325203252,1.111286562575701,0.0133592091041324,0.05029063670382,1.5933085305042167,0.0510178227312329,0.3598825934932057,0.2,1.6260162601626105,away:4.0-5.0,away:sportsbook,sportsbook:4.0-5.0,7.959520230298144,5.607385245971821,True,8.727075761731795,5.758668545967738,8.34329799601497,0.7675555314336515,5.607385245971821,0.72,model_agreement_half_kelly,draw,4.184347400327071,True,0.2117568036592013,4.722398443496469,False,-0.72
2022-05,data\historical_csv\football-data\2122\SP2.csv:452,data\historical_csv\football-data\2122\SP2.csv,452,2022-05-21,SP2,Ponferradina,Leganes,home,0.6233498811187735,0.6195013967297761,1.7644,1.78,9.3048264390017,0.0018484843889974,5,0.0,WH,1.5-2.0,sportsbook,0.5667649059170257,1.099838530245964,0.0038484843889974,0.0029654042536749,0.5678106892486476,0.3885650742907891,0.3539447256411133,0.2,0.8841532532305685,home:1.5-2.0,home:sportsbook,sportsbook:1.5-2.0,13.93632600190143,11.584191017575106,True,12.124669542669883,11.06014562163451,13.030497772285656,1.8116564592315463,11.06014562163451,7.23,model_agreement_half_kelly,away,-2.965467235921804,False,0.5499576783273532,1.8183217353040877,False,-7.23
2022-05,data\historical_csv\football-data\2122\SP2.csv:443,data\historical_csv\football-data\2122\SP2.csv,443,2022-05-21,SP2,Cartagena,Amorebieta,away,0.4102114589026323,0.3979339424616097,2.715,2.75,8.039065378327015,0.0102775164410225,5,0.0,WH,2.0-3.0,sportsbook,0.3683241252302026,1.1137241109206466,0.0122775164410225,0.0250541914858162,0.9987919533858988,0.1682734410150259,0.4097159043386393,0.2,1.2891344383057168,away:2.0-3.0,away:sportsbook,sportsbook:2.0-3.0,10.5172500353605,8.165115051034178,True,10.2532169978109,8.615163015941096,10.3852335165857,0.2640330375495985,8.165115051034178,2.38,model_agreement_half_kelly,home,-6.614842623350126,False,0.3439600640023936,2.9073142630681708,False,-2.38
2022-05,data\historical_csv\football-data\2122\SP2.csv:448,data\historical_csv\football-data\2122\SP2.csv,448,2022-05-21,SP2,Eibar,Tenerife,home,0.5038581329409396,0.4934907487140482,2.127,2.15,4.965482251478059,0.0083673842268913,5,0.0,WH,2.0-3.0,sportsbook,0.4701457451810061,1.0717062487653786,0.0103673842268913,0.0166066273021183,0.7547125362181001,0.2538730181307296,0.3802680494059732,0.2,1.0813352139163124,home:2.0-3.0,home:sportsbook,sportsbook:2.0-3.0,8.192887107832382,5.840752123506059,True,7.3014016593955455,6.018108539897571,7.747144383613964,0.8914854484368364,5.840752123506059,2.59,model_agreement_half_kelly,home,0.3090589544183952,True,0.4715987727053051,2.120446570001752,True,2.92
2022-10,data\historical_csv\football-data\2223\I2.csv:64,data\historical_csv\football-data\2223\I2.csv,64,2022-10-01,I2,Cagliari,Venezia,away,0.2214615119084282,0.2098969703719949,4.9004,4.98,2.857911361092391,0.0095645415364333,5,0.0,PS,4.0-5.0,sportsbook,0.2040649742878132,1.085249992956062,0.0115645415364333,0.0431882788752394,1.5893168344378783,0.0490452012567669,0.3519725090561297,0.2,1.6243571953310054,away:4.0-5.0,away:sportsbook,sportsbook:4.0-5.0,4.201555100499426,4.201555100499426,True,4.4626661429355785,4.4626661429355785,4.3321106217175025,0.2611110424361529,4.201555100499426,0.54,model_agreement_half_kelly,away,9.722368932822434,True,0.2239049239507436,4.466181369999651,True,2.11
2022-10,data\historical_csv\football-data\2223\E1.csv:131,data\historical_csv\football-data\2223\E1.csv,131,2022-10-04,E1,Bristol City,Coventry,away,0.2771778778313004,0.2648154412710762,3.744,3.8,-0.8530987881090524,0.0103624365602241,5,0.0,B365,3.0-4.0,sportsbook,0.2670940170940171,1.0377539746003883,0.0123624365602241,0.0373855108542646,1.3201545586153456,0.0768275759590632,0.3659176389663185,0.2,1.4957264957264904,away:3.0-4.0,away:sportsbook,sportsbook:3.0-4.0,3.5095746954286824,3.5095746954286824,True,3.860410481691012,3.860410481691012,3.6849925885598473,0.3508357862623295,3.5095746954286824,0.64,model_agreement_half_kelly,draw,11.596939889123936,True,0.2980687497038566,3.3549307030459934,False,-0.64
2022-10,data\historical_csv\football-data\2223\E3.csv:147,data\historical_csv\football-data\2223\E3.csv,147,2022-10-08,E3,Stevenage,Swindon,away,0.2223827970979826,0.2166092223593388,4.92,5.0,6.571737400794708,0.0037735747386437,5,0.0,B365,4.0-5.0,sportsbook,0.2032520325203252,1.0941233617220745,0.0057735747386437,0.0169688248726412,1.5933085305042167,0.0494541084451225,0.354324407653604,0.2,1.6260162601626105,away:4.0-5.0,away:sportsbook,sportsbook:4.0-5.0,6.425106772517175,6.425106772517175,True,6.91135082001495,6.91135082001495,6.668228796266062,0.4862440474977747,6.425106772517175,0.82,model_agreement_half_kelly,home,2.682718977590381,True,0.2087047133690861,4.791458630028825,False,-0.82
2022-10,data\historical_csv\football-data\2223\SP2.csv:107,data\historical_csv\football-data\2223\SP2.csv,107,2022-10-12,SP2,Lugo,Las Palmas,home,0.2698702218392224,0.2538336865834509,3.842,3.9,-2.477097614638135,0.0140365352557714,4,0.0,PS,3.0-4.0,sportsbook,0.2602811035918792,1.036841392306293,0.0160365352557714,0.0520121677749754,1.345993064346365,0.0728299366355511,0.3632434468692083,0.25,1.5096304008328951,home:3.0-4.0,home:sportsbook,sportsbook:3.0-4.0,3.456477822691685,3.456477822691685,True,3.8700194052967207,3.8700194052967207,3.663248613994203,0.4135415826050357,3.456477822691685,0.61,model_agreement_half_kelly,away,7.077041516168059,True,0.2787013053518169,3.5880707438296926,False,-0.61
2022-10,data\historical_csv\football-data\2223\B1.csv:113,data\historical_csv\football-data\2223\B1.csv,113,2022-10-18,B1,Seraing,Cercle Brugge,away,0.4912235605170387,0.4863664058601483,2.47,2.5,20.132502247456618,0.0028571546568904,5,0.0,IW,2.0-3.0,sportsbook,0.4048582995951417,1.2133221944770856,0.0048571546568904,0.0058164039483023,0.9042181506398858,0.2413005864070368,0.4441732594414568,0.2,1.2145748987854257,away:2.0-3.0,away:sportsbook,sportsbook:2.0-3.0,17.80894349016472,17.80894349016472,True,18.641190418293995,18.641190418293995,18.225066954229355,0.8322469281292761,17.80894349016472,6.06,model_agreement_half_kelly,away,18.18359930360509,True,0.4784761105409113,2.089968502020952,True,8.91
2022-10,data\historical_csv\football-data\2223\B1.csv:116,data\historical_csv\football-data\2223\B1.csv,116,2022-10-19,B1,Mechelen,Standard,draw,0.2744976098153741,0.2654818008780744,3.8224,3.88,1.477763567635182,0.0070158089372996,5,0.0,PS,3.0-4.0,sportsbook,0.2616157388028464,1.049239663758286,0.0090158089372996,0.0255587250541761,1.340878497589408,0.0753489377943533,0.3680679426411224,0.2,1.506906655504392,draw:3.0-4.0,draw:sportsbook,sportsbook:3.0-4.0,3.0487683155754457,3.0487683155754457,True,3.5603118684243595,3.5603118684243595,3.3045400919999026,0.5115435528489138,3.0487683155754457,0.54,model_agreement_half_kelly,home,3.2245141291396218,True,0.2700515752645971,3.702996359196193,False,-0.54
2022-10,data\historical_csv\football-data\2223\T1.csv:92,data\historical_csv\football-data\2223\T1.csv,92,2022-10-21,T1,Antalyaspor,Istanbulspor,home,0.5424024404823852,0.5382719030360479,2.0780000000000003,2.1,11.852901450890773,0.0021305374463372,5,0.0,VC,2.0-3.0,sportsbook,0.4812319538017324,1.1271122713223964,0.0041305374463372,0.0039279643440439,0.7314058926770358,0.2942004074412473,0.3967163411712217,0.2,1.0587102983637964,home:2.0-3.0,home:sportsbook,sportsbook:2.0-3.0,11.745779711874665,11.745779711874665,True,10.508732482408444,10.508732482408444,11.127256097141554,1.2370472294662207,10.508732482408444,4.87,model_agreement_half_kelly,home,13.01538114565053,True,0.5438661267836887,1.838687777659168,True,5.25
2022-10,data\historical_csv\football-data\2223\P1.csv:100,data\historical_csv\football-data\2223\P1.csv,100,2022-10-31,P1,Guimaraes,Famalicao,draw,0.2945858409566534,0.288593973582527,3.548,3.6,2.3931418270805915,0.0039918673741263,5,0.0,B365,3.0-4.0,sportsbook,0.2818489289740699,1.0451905637142065,0.0059918673741263,0.0135507781404665,1.266384064447333,0.0867808176921387,0.3730588145993223,0.2,1.4656144306651742,draw:3.0-4.0,draw:sportsbook,sportsbook:3.0-4.0,4.2834787441152535,4.2834787441152535,True,4.3420100822723295,4.3420100822723295,4.3127444131937915,0.05853133815707601,4.2834787441152535,0.84,model_agreement_half_kelly,home,7.381883213932028,True,0.3026546877506539,3.3040955269256003,False,-0.84
2023-01,data\historical_csv\football-data\2223\E2.csv:279,data\historical_csv\football-data\2223\E2.csv,279,2023-01-01,E2,Bristol Rvs,Cheltenham,away,0.2414705045084153,0.2347716001412583,4.43,4.5,4.003818862577435,0.004698904367157,5,0.0,B365,4.0-5.0,sportsbook,0.2257336343115124,1.06971433497228,0.006698904367157,0.019459537622299,1.4883995840570443,0.0583080045475486,0.35940459847237,0.2,1.5801354401805856,away:4.0-5.0,away:sportsbook,sportsbook:4.0-5.0,4.574706118515213,4.574706118515213,True,5.024600228243226,5.024600228243226,4.79965317337922,0.4498941097280129,4.574706118515213,0.67,model_agreement_half_kelly,home,-7.380926176851499,False,0.2090724014066557,4.783032065791182,False,-0.67
2023-01,data\historical_csv\football-data\2223\F2.csv:186,data\historical_csv\football-data\2223\F2.csv,186,2023-01-13,F2,Guingamp,Grenoble,away,0.2719987781955271,0.2671863977686735,3.8714,3.93,3.4385420321642712,0.0028123804268535,4,0.0,PS,3.0-4.0,sportsbook,0.2583044893320246,1.0530160699061637,0.0048123804268536,0.0103396803673577,1.3536161987293085,0.0739833353398595,0.3681819522000457,0.25,1.5136643074856737,away:3.0-4.0,away:sportsbook,sportsbook:3.0-4.0,3.235481824124509,3.235481824124509,True,3.391661589113326,3.391661589113326,3.3135717066189176,0.15617976498881703,3.235481824124509,0.56,model_agreement_half_kelly,away,-2.1319535574098603,False,0.2527975575827611,3.9557344207038825,True,1.61
2023-01,data\historical_csv\football-data\2223\I2.csv:199,data\historical_csv\football-data\2223\I2.csv,199,2023-01-15,I2,Cosenza,Benevento,home,0.2795641929546222,0.2701680166486572,3.8518,3.91,4.063316652729765,0.0073961763059649,5,0.0,PS,3.0-4.0,sportsbook,0.2596188794849161,1.0768253584226135,0.009396176305965,0.0264560930632683,1.3485405715079748,0.0781561379823692,0.3770036565401919,0.2,1.5109818786022131,home:3.0-4.0,home:sportsbook,sportsbook:3.0-4.0,4.119786222595762,4.119786222595762,True,5.175233950367719,5.175233950367719,4.6475100864817405,1.0554477277719574,4.119786222595762,0.72,model_agreement_half_kelly,draw,8.32489472904916,True,0.2812318778987724,3.555784669474573,False,-0.72
2023-01,data\historical_csv\football-data\2223\I2.csv:213,data\historical_csv\football-data\2223\I2.csv,213,2023-01-28,I2,Bari,Perugia,away,0.2580763289586106,0.2467667220832402,4.2242,4.29,4.239198742402306,0.0093096068753704,5,0.0,PS,4.0-5.0,sportsbook,0.2367312153780597,1.0901660287869628,0.0113096068753704,0.0360730754073282,1.4408298937679047,0.0666033915687529,0.3718440896374457,0.2,1.5576913971876438,away:4.0-5.0,away:sportsbook,sportsbook:4.0-5.0,4.485936006968476,4.485936006968476,True,4.943093830134404,4.943093830134404,4.714514918551441,0.4571578231659279,4.485936006968476,0.7,model_agreement_half_kelly,away,8.418059197156968,True,0.256659389226734,3.896214368049461,True,2.26
2023-02,data\historical_csv\football-data\2223\SP2.csv:292,data\historical_csv\football-data\2223\SP2.csv,292,2023-02-11,SP2,Las Palmas,Lugo,draw,0.2307320640633311,0.2231467106094413,4.43,4.5,-1.1460072000174848,0.0055853534538897,4,0.0,B365,4.0-5.0,sportsbook,0.2257336343115124,1.0221430438005568,0.0075853534538897,0.0242070969917588,1.4883995840570443,0.0532372853869251,0.3434215081804853,0.25,1.5801354401805856,draw:4.0-5.0,draw:sportsbook,sportsbook:4.0-5.0,3.32007854846921,3.32007854846921,True,3.736135580539779,3.736135580539779,3.5281070645044945,0.41605703207056877,3.32007854846921,0.48,model_agreement_half_kelly,home,2.408176433947218,True,0.2311696984964948,4.325826466461228,False,-0.48
2023-02,data\historical_csv\football-data\2223\I2.csv:238,data\historical_csv\football-data\2223\I2.csv,238,2023-02-11,I2,Venezia,Spal,draw,0.2826637054568087,0.2712245542535578,3.646,3.7,-1.111527519152811,0.0094391512032509,5,0.0,B365,3.0-4.0,sportsbook,0.274273176083379,1.0305918700955246,0.0114391512032508,0.033393573426756,1.293630676256471,0.0798987703825735,0.3656624404432515,0.2,1.4810751508502529,draw:3.0-4.0,draw:sportsbook,sportsbook:3.0-4.0,2.8848308780750416,2.8848308780750416,True,3.340894672687389,3.340894672687389,3.112862775381215,0.45606379461234736,2.8848308780750416,0.55,model_agreement_half_kelly,home,6.528928654287469,True,0.2921802760677111,3.422544510733009,False,-0.55
2023-02,data\historical_csv\football-data\2223\B1.csv:234,data\historical_csv\football-data\2223\B1.csv,234,2023-02-19,B1,Kortrijk,Anderlecht,home,0.2605710148794662,0.2555716900790206,3.94,4.0,0.6952458911340997,0.0029993248004456,4,0.0,B365,3.0-4.0,sportsbook,0.2538071065989847,1.0266497986250969,0.0049993248004456,0.0115105849429685,1.3711807233098423,0.067897253795315,0.3572899526560062,0.25,1.522842639593902,home:3.0-4.0,home:sportsbook,sportsbook:3.0-4.0,3.232055951202305,3.232055951202305,True,3.9418935922498335,3.9418935922498335,3.5869747717260694,0.7098376410475287,3.232055951202305,0.55,model_agreement_half_kelly,draw,-2.250016112245645,False,0.2480964058064831,4.030691201467895,False,-0.55
2023-02,data\historical_csv\football-data\2223\F2.csv:240,data\historical_csv\football-data\2223\F2.csv,240,2023-02-20,F2,Nimes,St Etienne,home,0.2742936179339074,0.267481730242012,3.842,3.9,2.766480758981027,0.0048118876918953,4,0.0,PS,3.0-4.0,sportsbook,0.2602811035918792,1.0538360801020723,0.0068118876918953,0.0175428350398397,1.345993064346365,0.0752369888392723,0.3691973073335111,0.25,1.5096304008328951,home:3.0-4.0,home:sportsbook,sportsbook:3.0-4.0,3.510086497605442,3.510086497605442,True,4.370234392819827,4.370234392819827,3.9401604452126344,0.8601478952143853,3.510086497605442,0.62,model_agreement_half_kelly,away,0.3250374560667346,True,0.2611271146696167,3.829552519910543,False,-0.62
2023-02,data\historical_csv\football-data\2223\F2.csv:250,data\historical_csv\football-data\2223\F2.csv,250,2023-02-27,F2,Amiens,Bordeaux,draw,0.3014033106072671,0.2862114530580802,3.45,3.5,-1.257048694962326,0.0131918575491869,4,0.0,B365,3.0-4.0,sportsbook,0.2898550724637681,1.0398414215950715,0.0151918575491868,0.0437681242538708,1.2383742310432684,0.0908439556450207,0.3732500930071697,0.25,1.4492753623188248,draw:3.0-4.0,draw:sportsbook,sportsbook:3.0-4.0,4.526899200127216,4.526899200127216,True,4.852763038502883,4.852763038502883,4.68983111931505,0.3258638383756667,4.526899200127216,0.92,model_agreement_half_kelly,away,-1.1099887166424738,False,0.2866377138648044,3.4887244477244894,False,-0.92
2023-02,data\historical_csv\football-data\2223\I2.csv:262,data\historical_csv\football-data\2223\I2.csv,262,2023-02-28,I2,Cosenza,Reggina,home,0.2156195124762267,0.2034277144242388,4.92,5.0,0.0864354967254898,0.0101917980519878,4,0.0,VC,4.0-5.0,sportsbook,0.2032520325203252,1.0608480013830357,0.0121917980519878,0.0472675127354792,1.5933085305042167,0.0464917741604856,0.3435484085715324,0.25,1.6260162601626105,home:4.0-5.0,home:sportsbook,sportsbook:4.0-5.0,5.17572962019911,5.17572962019911,True,5.885391485511549,5.885391485511549,5.530560552855329,0.7096618653124382,5.17572962019911,0.66,model_agreement_half_kelly,home,24.41379310344829,True,0.2528735632183908,3.954545454545454,True,2.59
2023-02,data\historical_csv\football-data\2223\I2.csv:264,data\historical_csv\football-data\2223\I2.csv,264,2023-02-28,I2,Parma,Pisa,away,0.2583405049347829,0.2461392104223662,4.038,4.1,-0.6089868314484881,0.0102012945124166,4,0.0,VC,4.0-5.0,sportsbook,0.2476473501733531,1.0431789589266534,0.0122012945124166,0.0394877857616322,1.3957495198906458,0.0667398164899585,0.3605786357310302,0.25,1.535413571074784,away:4.0-5.0,away:sportsbook,sportsbook:4.0-5.0,3.192391060025001,3.192391060025001,True,3.7533671594665474,3.7533671594665474,3.472879109745774,0.5609760994415462,3.192391060025001,0.53,model_agreement_half_kelly,away,-1.4934877390365808,False,0.2439487673624651,4.099221368535038,True,1.61
2023-03,data\historical_csv\football-data\2223\E3.csv:395,data\historical_csv\football-data\2223\E3.csv,395,2023-03-04,E3,Bradford,Colchester,away,0.216451359532833,0.2081045461979226,4.92,5.0,2.387436729377934,0.0063468133349103,5,0.0,B365,4.0-5.0,sportsbook,0.2032520325203252,1.0649406889015385,0.0083468133349103,0.0293221227559332,1.5933085305042167,0.0468511910436117,0.344873797582898,0.2,1.6260162601626105,away:4.0-5.0,away:sportsbook,sportsbook:4.0-5.0,4.533166329934868,4.533166329934868,True,4.694282959396934,4.694282959396934,4.613724644665901,0.1611166294620654,4.533166329934868,0.58,model_agreement_half_kelly,home,-3.200594021742642,False,0.1967467601184092,5.082675818387881,False,-0.58
2023-03,data\historical_csv\football-data\2223\F2.csv:252,data\historical_csv\football-data\2223\F2.csv,252,2023-03-04,F2,Amiens,Pau FC,away,0.2136583620315048,0.2011706506011253,4.92,5.0,-1.0240399042463433,0.0104877114303795,5,0.0,B365,4.0-5.0,sportsbook,0.2032520325203252,1.051199141195004,0.0124877114303795,0.0490863607240097,1.5933085305042167,0.0456498956659855,0.3404236908383549,0.2,1.6260162601626105,away:4.0-5.0,away:sportsbook,sportsbook:4.0-5.0,3.745740766248387,3.745740766248387,True,3.9709030887621566,3.9709030887621566,3.858321927505272,0.22516232251376955,3.745740766248387,0.48,model_agreement_half_kelly,home,-7.818852309449175,False,0.1873600562816073,5.337316927878011,False,-0.48
2023-03,data\historical_csv\football-data\2223\G1.csv:186,data\historical_csv\football-data\2223\G1.csv,186,2023-03-18,G1,Atromitos,Ionikos,away,0.2238966630785791,0.2218966630785791,4.8808,4.96,8.303323315392896,0.0,5,0.0,PS,4.0-5.0,sportsbook,0.2048844451729224,1.0927948331539288,0.002,0.0,1.5853091408555056,0.0501297157377227,0.3549454265855168,0.2,1.6226848057695475,away:4.0-5.0,away:sportsbook,sportsbook:4.0-5.0,4.36769027266717,4.36769027266717,True,4.057618998331969,4.057618998331969,4.21265463549957,0.31007127433520143,4.057618998331969,0.52,model_agreement_half_kelly,home,28.71703651855153,True,0.2637211861140623,3.7918834460553694,False,-0.52
2023-03,data\historical_csv\football-data\2223\SP2.csv:362,data\historical_csv\football-data\2223\SP2.csv,362,2023-03-26,SP2,Villarreal B,Huesca,away,0.310317453747539,0.3020586956541224,3.548,3.6,7.170425218082643,0.0062587580934166,5,0.0,WH,3.0-4.0,sportsbook,0.2818489289740699,1.1010063258962686,0.0082587580934166,0.0201688884006778,1.266384064447333,0.096296922100356,0.3929810783457557,0.2,1.4656144306651742,away:3.0-4.0,away:sportsbook,sportsbook:3.0-4.0,5.666971572285242,5.666971572285242,True,6.845614652134824,6.845614652134824,6.256293112210033,1.1786430798495822,5.666971572285242,1.11,model_agreement_half_kelly,draw,-23.44641631172804,False,0.2157654557166628,4.634662192233275,False,-1.11
2023-03,data\historical_csv\football-data\2223\SP2.csv:359,data\historical_csv\football-data\2223\SP2.csv,359,2023-03-26,SP2,Ponferradina,Mirandes,home,0.4543732165755941,0.4424389789951854,2.372,2.4,4.946525817657976,0.0099342375804087,5,0.0,WH,2.0-3.0,sportsbook,0.4215851602023609,1.0777732697173092,0.0119342375804087,0.0218636073122411,0.863733481135479,0.2064550199412518,0.3924573600875629,0.2,1.180438448566612,home:2.0-3.0,home:sportsbook,sportsbook:2.0-3.0,3.2880370223245903,3.2880370223245903,True,4.5357717204750125,4.5357717204750125,3.9119043713998014,1.2477346981504223,3.2880370223245903,1.2,model_agreement_half_kelly,draw,-2.806437466693812,False,0.4097536363124207,2.440490849573669,False,-1.2
2023-03,data\historical_csv\football-data\2223\B1.csv:272,data\historical_csv\football-data\2223\B1.csv,272,2023-03-31,B1,Waregem,Antwerp,away,0.5538805028105109,0.5375492535187537,1.931,1.95,3.800760854471341,0.0143312492917571,5,0.0,WH,1.5-2.0,sportsbook,0.5178663904712584,1.0695432509270966,0.0163312492917572,0.0258742620818701,0.6580380034463774,0.3067836113936244,0.3644744202173042,0.2,0.9839461418953864,away:1.5-2.0,away:sportsbook,sportsbook:1.5-2.0,3.572505336694258,3.572505336694258,True,4.704726536302473,4.704726536302473,4.138615936498365,1.1322211996082148,3.572505336694258,1.92,model_agreement_half_kelly,away,0.5811368119873261,True,0.520875902703197,1.91984308510009,True,1.79
2023-05,data\historical_csv\football-data\2223\G1.csv:229,data\historical_csv\football-data\2223\G1.csv,229,2023-05-06,G1,Giannina,Asteras Tripolis,draw,0.4017102322417646,0.3846307730584543,2.715,2.75,4.427254885370346,0.0150794591833102,5,0.0,VC,2.0-3.0,sportsbook,0.3683241252302026,1.0906432805363908,0.0170794591833102,0.037538150569774,0.9987919533858988,0.1613711106877324,0.4012249475558551,0.2,1.2891344383057168,draw:2.0-3.0,draw:sportsbook,sportsbook:2.0-3.0,5.901235482602731,5.901235482602731,True,6.268021695191606,6.268021695191606,6.084628588897168,0.3667862125888748,5.901235482602731,1.72,model_agreement_half_kelly,home,14.41608166826054,True,0.4214220319272948,2.372918177596665,False,-1.72
2023-05,data\historical_csv\football-data\2223\E3.csv:544,data\historical_csv\football-data\2223\E3.csv,544,2023-05-08,E3,Colchester,Mansfield,home,0.2735544269827748,0.2674604309537525,3.94,4.0,5.379409795778511,0.0040939960290222,5,0.0,B365,3.0-4.0,sportsbook,0.2538071065989847,1.077804442312133,0.0060939960290222,0.0149659286240689,1.3711807233098423,0.0748320245218742,0.3750925570548507,0.2,1.522842639593902,home:3.0-4.0,home:sportsbook,sportsbook:3.0-4.0,5.057913330308223,5.057913330308223,True,5.189956220311331,5.189956220311331,5.1239347753097775,0.13204289000310876,5.057913330308223,0.86,model_agreement_half_kelly,away,-16.459804167551283,False,0.2120309538894637,4.716292511334554,False,-0.86
2023-05,data\historical_csv\football-data\2223\E3.csv:553,data\historical_csv\football-data\2223\E3.csv,553,2023-05-08,E3,Walsall,Doncaster,away,0.2203656009029822,0.2078818068667256,4.92,5.0,2.277848978428998,0.0104837940362566,5,0.0,B365,4.0-5.0,sportsbook,0.2032520325203252,1.0841987564426725,0.0124837940362566,0.0475745488102391,1.5933085305042167,0.0485609980613324,0.3511103917484093,0.2,1.6260162601626105,away:4.0-5.0,away:sportsbook,sportsbook:4.0-5.0,3.816071385566535,3.816071385566535,True,3.802683175375976,3.802683175375976,3.8093772804712556,0.013388210190559136,3.802683175375976,0.49,model_agreement_half_kelly,home,1.3479570339041569,True,0.2059917825892361,4.85456258220785,False,-0.49
2023-05,data\historical_csv\football-data\2223\F2.csv:345,data\historical_csv\football-data\2223\F2.csv,345,2023-05-13,F2,Dijon,Amiens,home,0.4976985672323841,0.4902451714302382,2.274,2.3,11.481751983236176,0.0054533958021458,5,0.0,BW,2.0-3.0,sportsbook,0.4397537379067722,1.1317665418864415,0.0074533958021458,0.0109572262433287,0.8215403953283443,0.2477038638251679,0.4088794776784434,0.2,1.1433597185575906,home:2.0-3.0,home:sportsbook,sportsbook:2.0-3.0,7.382897436923319,7.382897436923319,True,9.123186304620678,9.123186304620678,8.253041870771998,1.740288867697359,7.382897436923319,2.9,model_agreement_half_kelly,home,9.815775029653404,True,0.4829189755041926,2.0707407468425685,True,3.69
2023-05,data\historical_csv\football-data\2223\SP2.csv:463,data\historical_csv\football-data\2223\SP2.csv,463,2023-05-28,SP2,Sp Gijon,Ponferradina,away,0.2513264928546236,0.2443271491606387,4.2634,4.33,4.166436773146698,0.0049993436939849,5,0.0,B365,4.0-5.0,sportsbook,0.234554580850964,1.0715053696364023,0.0069993436939849,0.0198918292982218,1.450066964016957,0.0631650060106051,0.3644402444707336,0.2,1.5621335084674337,away:4.0-5.0,away:sportsbook,sportsbook:4.0-5.0,3.3691685196575807,3.3691685196575807,True,3.4648316985218752,3.4648316985218752,3.417000109089728,0.09566317886429454,3.3691685196575807,0.52,model_agreement_half_kelly,away,-3.944333511765241,False,0.2253029659150789,4.438467979941815,True,1.7
2024-11,data\historical_csv\football-data\2425\SP2.csv:142,data\historical_csv\football-data\2425\SP2.csv,142,2024-11-09,SP2,Mirandes,Cadiz,draw,0.3618432943310394,0.3458700687056695,2.96,3.0,2.377540336878181,0.0139732256253699,6,0.0,WH,2.0-3.0,sportsbook,0.3378378378378378,1.0710561512198769,0.0159732256253699,0.0386167875549636,1.085189268335969,0.1309305696523392,0.3926684598273773,0.1666666666666666,1.3513513513513598,draw:2.0-3.0,draw:sportsbook,sportsbook:2.0-3.0,7.287518610549305,5.168602724352495,True,8.156968878431803,6.432380768479784,7.722243744490553,0.869450267882498,5.168602724352495,1.32,model_agreement_half_kelly,draw,3.4181453550498286,True,0.3493856261994927,2.8621669725732177,True,2.59
2024-11,data\historical_csv\football-data\2425\SP2.csv:144,data\historical_csv\football-data\2425\SP2.csv,144,2024-11-09,SP2,Huesca,Zaragoza,draw,0.3495823578452776,0.3393754583371273,2.96,3.0,0.4551356677896745,0.0082068995081503,6,0.0,WH,2.0-3.0,sportsbook,0.3378378378378378,1.034763779222022,0.0102068995081503,0.0234762977134636,1.085189268335969,0.1222078249166637,0.3793630231332797,0.1666666666666666,1.3513513513513598,draw:2.0-3.0,draw:sportsbook,sportsbook:2.0-3.0,4.107982893478534,1.989067007281724,True,4.588793400698266,2.8642052907462467,4.3483881470884,0.48081050721973195,1.989067007281724,0.51,model_agreement_half_kelly,draw,7.78619892222483,True,0.3641425639264352,2.74617718186337,True,1.0
2025-01,data\historical_csv\football-data\2425\E0.csv:196,data\historical_csv\football-data\2425\E0.csv,196,2025-01-04,E0,Southampton,Brentford,home,0.346951425215404,0.3367144426061885,2.96,3.0,-0.3325249885681947,0.0082369826092154,6,0.0,B365,2.0-3.0,sportsbook,0.3378378378378378,1.026976218637596,0.0102369826092154,0.0237410254305815,1.085189268335969,0.120375291459,0.3765079632776259,0.1666666666666666,1.3513513513513598,home:2.0-3.0,home:sportsbook,sportsbook:2.0-3.0,2.6796845492204198,2.6796845492204198,True,3.371720930040656,3.371720930040656,3.025702739630538,0.6920363808202361,2.6796845492204198,0.68,model_agreement_half_kelly,away,-14.749904570985962,False,0.2880070791520744,3.472136875746643,False,-0.68
2025-01,data\historical_csv\football-data\2425\F1.csv:143,data\historical_csv\football-data\2425\F1.csv,143,2025-01-05,F1,Lens,Toulouse,draw,0.2776607207221662,0.2707672017869565,3.6754,3.73,-0.4822226552219866,0.0048935189352096,6,0.0,1XB,3.0-4.0,sportsbook,0.2720792294716221,1.0205142129422498,0.0068935189352096,0.0176240950555848,1.301661970279187,0.0770954758319528,0.361420400804354,0.1666666666666666,1.4855525929150517,draw:3.0-4.0,draw:sportsbook,sportsbook:3.0-4.0,2.819496144936952,2.819496144936952,True,2.9052446985307734,2.9052446985307734,2.862370421733863,0.08574855359382116,2.819496144936952,0.53,model_agreement_half_kelly,away,1.0373484805239477,True,0.2749016392243673,3.637664740092099,False,-0.53
2025-01,data\historical_csv\football-data\2425\I2.csv:205,data\historical_csv\football-data\2425\I2.csv,205,2025-01-12,I2,Palermo,Modena,away,0.2436929239104459,0.2295626603585276,4.43,4.5,1.696258538827733,0.0121302635519183,6,0.0,B365,4.0-5.0,sportsbook,0.2257336343115124,1.0795596529232754,0.0141302635519182,0.0497768394636523,1.4883995840570443,0.0593862411640223,0.3627124465859526,0.1666666666666666,1.5801354401805856,away:4.0-5.0,away:sportsbook,sportsbook:4.0-5.0,6.138219132719984,6.138219132719984,True,7.40923041829411,7.40923041829411,6.773724775507047,1.2710112855741267,6.138219132719984,0.89,model_agreement_half_kelly,home,14.304812682384904,True,0.258024407860914,3.875602344329541,False,-0.89
2025-01,data\historical_csv\football-data\2425\I1.csv:197,data\historical_csv\football-data\2425\I1.csv,197,2025-01-14,I1,Como,Milan,draw,0.2712682705929208,0.2675395415987964,3.7734,3.83,0.953370626889849,0.0017287289941243,6,0.0,1XB,3.0-4.0,sportsbook,0.2650129856362961,1.0236036922553275,0.0037287289941244,0.0063727651978827,1.3279764517953756,0.0735864746304741,0.3602378754666548,0.1666666666666666,1.4999734987014346,draw:3.0-4.0,draw:sportsbook,sportsbook:3.0-4.0,3.2091539244359826,3.2091539244359826,True,3.1186305126275515,3.1186305126275515,3.163892218531767,0.09052341180843104,3.1186305126275515,0.56,model_agreement_half_kelly,away,1.4362478473488594,True,0.2688192289376924,3.719971982479655,False,-0.56
2025-01,data\historical_csv\football-data\2425\F1.csv:156,data\historical_csv\football-data\2425\F1.csv,156,2025-01-17,F1,Lille,Nice,draw,0.2796527214330315,0.2759070361967595,3.6754,3.73,1.4068720837570048,0.001745685236272,6,0.0,1XB,3.0-4.0,sportsbook,0.2720792294716221,1.027835612354964,0.003745685236272,0.0062423323732612,1.301661970279187,0.0782056446049007,0.3640133123744564,0.1666666666666666,1.4855525929150517,draw:3.0-4.0,draw:sportsbook,sportsbook:3.0-4.0,3.62353844936114,3.62353844936114,True,3.490575139872898,3.490575139872898,3.5570567946170186,0.13296330948824187,3.490575139872898,0.65,model_agreement_half_kelly,home,3.071261583683671,True,0.2804354943235666,3.565882423022385,False,-0.65
2025-01,data\historical_csv\football-data\2425\T1.csv:175,data\historical_csv\football-data\2425\T1.csv,175,2025-01-18,T1,Gaziantep,Bodrumspor,draw,0.2872519986814653,0.2787524712021582,3.6558,3.71,1.90632842208498,0.0064995274793071,6,0.0,1XB,3.0-4.0,sportsbook,0.2735379397122381,1.050135856779701,0.0084995274793071,0.0226265700818133,1.2963149475003666,0.0825137107464965,0.3723690595901391,0.1666666666666666,1.482575633240346,draw:3.0-4.0,draw:sportsbook,sportsbook:3.0-4.0,5.635884100435458,5.635884100435458,True,5.920941607258956,5.920941607258956,5.7784128538472075,0.28505750682349795,5.635884100435458,1.06,model_agreement_half_kelly,draw,7.312696468432378,True,0.2935409389693976,3.4066798434008296,True,2.82
2025-01,data\historical_csv\football-data\2425\F1.csv:157,data\historical_csv\football-data\2425\F1.csv,157,2025-01-18,F1,Lens,Paris SG,draw,0.2363409161776228,0.2275842852825149,4.381,4.45,-0.2953246177301971,0.0067566308951078,6,0.0,1XB,4.0-5.0,sportsbook,0.2282583884957772,1.0354095537741654,0.0087566308951078,0.028588494131206,1.4772770088317615,0.0558570286596781,0.3491410017154366,0.1666666666666666,1.5749828806208566,draw:4.0-5.0,draw:sportsbook,sportsbook:4.0-5.0,3.619402478787653,3.619402478787653,True,3.978405774861216,3.978405774861216,3.798904126824435,0.35900329607356296,3.619402478787653,0.54,model_agreement_half_kelly,away,9.189117621111452,True,0.2492333202947077,4.012304610063947,False,-0.54
2025-01,data\historical_csv\football-data\2425\SP1.csv:199,data\historical_csv\football-data\2425\SP1.csv,199,2025-01-19,SP1,Osasuna,Vallecano,draw,0.3122669990438055,0.3029881556349855,3.2932,3.34,-0.2199405862865711,0.00727884340882,6,0.0,1XB,3.0-4.0,sportsbook,0.3036560184622859,1.0283576812510604,0.00927884340882,0.0233096786759683,1.1918597364421335,0.097510678691824,0.3721784631799261,0.1666666666666666,1.4211101664034942,draw:3.0-4.0,draw:sportsbook,sportsbook:3.0-4.0,3.762389112714251,3.762389112714251,True,3.751430550331958,3.751430550331958,3.7569098315231044,0.010958562382293202,3.751430550331958,0.82,model_agreement_half_kelly,draw,2.3120248377987096,True,0.3106766210306046,3.21878098417161,True,1.88
2025-01,data\historical_csv\football-data\2425\SP2.csv:250,data\historical_csv\football-data\2425\SP2.csv,250,2025-01-19,SP2,Castellon,Cordoba,away,0.2420263991330209,0.2335134929986428,4.3516,4.6,1.6157316132894284,0.006512906134378,6,0.05,BFE,4.0-5.0,exchange,0.2298005331372369,1.0532020784672536,0.008512906134378,0.0269098997370053,1.4705435935647904,0.0585767778772963,0.3559103707186188,0.1666666666666666,5.708245243128962,away:4.0-5.0,away:exchange,exchange:4.0-5.0,3.5318206477982264,3.5318206477982264,True,3.771624900957238,3.771624900957238,3.651722774377732,0.23980425315901144,3.5318206477982264,0.53,model_agreement_half_kelly,away,3.460312321791448,True,0.2377523493009271,4.206057281622413,True,1.78
2025-01,data\historical_csv\football-data\2425\D1.csv:172,data\historical_csv\football-data\2425\D1.csv,172,2025-01-26,D1,St Pauli,Union Berlin,draw,0.3065613292368431,0.3017939210367986,3.3324,3.38,0.569806246302762,0.0027674082000444,6,0.0,1XB,3.0-4.0,sportsbook,0.3000840235265875,1.0215849735488558,0.0047674082000444,0.0090272579615103,1.2036927651186171,0.0939798485834601,0.3690056540675344,0.1666666666666666,1.428399951986559,draw:3.0-4.0,draw:sportsbook,sportsbook:3.0-4.0,3.050456841872041,3.050456841872041,True,2.77214046554628,2.77214046554628,2.9112986537091605,0.278316376325761,2.77214046554628,0.59,model_agreement_half_kelly,home,1.8520528051530816,True,0.3056417381021278,3.27180445383365,False,-0.59
2025-01,data\historical_csv\football-data\2425\T1.csv:191,data\historical_csv\football-data\2425\T1.csv,191,2025-01-31,T1,Eyupspor,Sivasspor,draw,0.2701295256295146,0.2596891589085561,3.842,3.9,-0.2274251473327271,0.0084403667209584,6,0.0,1XB,3.0-4.0,sportsbook,0.2602811035918792,1.0378376374685951,0.0104403667209584,0.0312456281899909,1.345993064346365,0.0729699606168265,0.3635924679725003,0.1666666666666666,1.5096304008328951,draw:3.0-4.0,draw:sportsbook,sportsbook:3.0-4.0,4.228530662294913,4.228530662294913,True,4.763448253924851,4.763448253924851,4.495989458109882,0.534917591629938,4.228530662294913,0.74,model_agreement_half_kelly,home,-0.9323996150012448,False,0.2578542435840675,3.878159948428278,False,-0.74
2025-02,data\historical_csv\football-data\2425\P1.csv:175,data\historical_csv\football-data\2425\P1.csv,175,2025-02-01,P1,Santa Clara,Casa Pia,away,0.2465654736795924,0.2422690597690615,4.2585,4.5,3.1702791026548383,0.0022964139105309,6,0.05,BFE,4.0-5.0,exchange,0.2348244687096395,1.0499990696645445,0.0042964139105309,0.0093136069550237,1.4489169855989985,0.0607945328108418,0.3572529028766243,0.1666666666666666,5.671010919337793,away:4.0-5.0,away:exchange,exchange:4.0-5.0,3.4615629103845884,3.4615629103845884,True,3.322714912346858,3.322714912346858,3.3921389113657234,0.1388479980377304,3.322714912346858,0.51,model_agreement_half_kelly,home,-0.2380386804331835,False,0.2342654956429889,4.268661064470029,False,-0.51
2025-02,data\historical_csv\football-data\2425\E0.csv:237,data\historical_csv\football-data\2425\E0.csv,237,2025-02-02,E0,Brentford,Tottenham,draw,0.2429723179631012,0.2375385951087792,4.2634,4.33,1.2722046386769217,0.003433722854322,6,0.0,1XB,4.0-5.0,sportsbook,0.234554580850964,1.035888180403886,0.005433722854322,0.0141321566304664,1.450066964016957,0.0590355472963623,0.352326131448917,0.1666666666666666,1.5621335084674337,draw:4.0-5.0,draw:sportsbook,sportsbook:4.0-5.0,4.141191331951148,4.141191331951148,True,4.095610605066202,4.095610605066202,4.118400968508675,0.04558072688494619,4.095610605066202,0.63,model_agreement_half_kelly,away,0.5276702977032866,True,0.235792255706017,4.241021389806747,False,-0.63
2025-02,data\historical_csv\football-data\2425\SP1.csv:218,data\historical_csv\football-data\2425\SP1.csv,218,2025-02-02,SP1,Valencia,Celta,draw,0.3058379980076529,0.2991060465859152,3.3324,3.38,-0.3259010357096192,0.0047319514217376,6,0.0,1XB,3.0-4.0,sportsbook,0.3000840235265875,1.0191745445607023,0.0067319514217376,0.0154720847395138,1.2036927651186171,0.093536881025329,0.3681349855001738,0.1666666666666666,1.428399951986559,draw:3.0-4.0,draw:sportsbook,sportsbook:3.0-4.0,2.881776505650924,2.881776505650924,True,2.7069096051744124,2.7069096051744124,2.7943430554126683,0.17486690047651177,2.7069096051744124,0.58,model_agreement_half_kelly,home,4.004411160907884,True,0.3121006216567876,3.204094867518992,False,-0.58
2025-02,data\historical_csv\football-data\2425\I1.csv:230,data\historical_csv\football-data\2425\I1.csv,230,2025-02-06,I1,Fiorentina,Inter,draw,0.2718794036819876,0.2684945257528818,3.7538,3.81,0.7874750771167616,0.0013848779291057,6,0.0,1XB,3.0-4.0,sportsbook,0.2663967179924343,1.020580905541445,0.0033848779291058,0.0050937213718684,1.3227686602400124,0.0739184101464731,0.3596335545552762,0.1666666666666666,1.497149555117483,draw:3.0-4.0,draw:sportsbook,sportsbook:3.0-4.0,2.964048516767497,2.964048516767497,True,2.79349738407626,2.79349738407626,2.8787729504218786,0.17055113269123678,2.79349738407626,0.51,model_agreement_half_kelly,home,3.4074853969856544,True,0.2754741472560756,3.630104712041884,False,-0.51
2025-02,data\historical_csv\football-data\2425\D2.csv:184,data\historical_csv\football-data\2425\D2.csv,184,2025-02-08,D2,Darmstadt,Elversberg,draw,0.2768820997128245,0.2586985231764657,3.7636,3.82,-2.636223817305361,0.0161835765363588,6,0.0,1XB,3.0-4.0,sportsbook,0.2657030502710171,1.0420734704791863,0.0181835765363588,0.0584493419875971,1.3253759461504735,0.0766636971413825,0.3669728748790146,0.1666666666666666,1.4985652035285346,draw:3.0-4.0,draw:sportsbook,sportsbook:3.0-4.0,4.587303493630266,4.587303493630266,True,5.592462785361385,5.592462785361385,5.089883139495825,1.0051592917311192,4.587303493630266,0.83,model_agreement_half_kelly,away,3.4473842535091226,True,0.2748628553871536,3.6381780236964585,False,-0.83
2025-02,data\historical_csv\football-data\2425\D1.csv:183,data\historical_csv\football-data\2425\D1.csv,183,2025-02-08,D1,Dortmund,Stuttgart,draw,0.244537310926899,0.2396401478512441,4.204599999999999,4.27,0.7590965655341009,0.0028971630756548,6,0.0,1XB,4.0-5.0,sportsbook,0.2378347524140227,1.0281815775232397,0.0048971630756548,0.0118475297886994,1.436179164048888,0.0597984964353588,0.3511993907857569,0.1666666666666666,1.5554392807877182,draw:4.0-5.0,draw:sportsbook,sportsbook:4.0-5.0,3.4572234937162016,3.4572234937162016,True,3.336897633156544,3.336897633156544,3.397060563436373,0.12032586055965755,3.336897633156544,0.52,model_agreement_half_kelly,away,4.848787576779556,True,0.2493668543423383,4.010156051562369,False,-0.52
2025-02,data\historical_csv\football-data\2425\F1.csv:184,data\historical_csv\football-data\2425\F1.csv,184,2025-02-08,F1,Nice,Lens,draw,0.2822412305261566,0.2739961643455746,3.6166,3.67,-0.906547202779484,0.006245066180582,6,0.0,1XB,3.0-4.0,sportsbook,0.276502792678206,1.020753634320898,0.008245066180582,0.0221266969710269,1.2855343579687422,0.079660112208919,0.3628307990767505,0.1666666666666666,1.4765249129016222,draw:3.0-4.0,draw:sportsbook,sportsbook:3.0-4.0,2.899294567369941,2.899294567369941,True,3.0072251422538,3.0072251422538,2.9532598548118703,0.10793057488385882,2.899294567369941,0.55,model_agreement_half_kelly,home,0.6743655852695207,True,0.278367432354337,3.5923742642677,False,-0.55
2025-02,data\historical_csv\football-data\2425\I1.csv:243,data\historical_csv\football-data\2425\I1.csv,243,2025-02-15,I1,Lazio,Napoli,draw,0.3064159580926258,0.300542570234997,3.3912,3.44,1.9199964180921736,0.0038733878576288,5,0.0,1XB,3.0-4.0,sportsbook,0.2948808681292758,1.0391177970837129,0.0058733878576288,0.0126409469067469,1.2211838410562903,0.0938907393738218,0.3741902166644961,0.2,1.439018636470868,draw:3.0-4.0,draw:sportsbook,sportsbook:3.0-4.0,3.490878916704184,3.490878916704184,True,3.5291473980804344,3.5291473980804344,3.5100131573923092,0.038268481376250385,3.490878916704184,0.73,model_agreement_half_kelly,draw,5.50793129595335,True,0.3111227037507471,3.2141659478542595,True,1.75
2025-02,data\historical_csv\football-data\2425\I2.csv:260,data\historical_csv\football-data\2425\I2.csv,260,2025-02-16,I2,Palermo,Mantova,draw,0.282069854104253,0.2708768253663367,3.7636,3.82,1.9472019948744808,0.0091930287379162,5,0.0,1XB,3.0-4.0,sportsbook,0.2657030502710171,1.0615981029067665,0.0111930287379162,0.0325913195052688,1.3253759461504735,0.0795634025943945,0.3738485997639503,0.2,1.4985652035285346,draw:3.0-4.0,draw:sportsbook,sportsbook:3.0-4.0,5.411604670471629,5.411604670471629,True,5.993124641466952,5.993124641466952,5.702364655969291,0.5815199709953234,5.411604670471629,0.98,model_agreement_half_kelly,draw,2.4899970854952214,True,0.2723190484788373,3.6721632422922954,True,2.71
2025-02,data\historical_csv\football-data\2425\I2.csv:259,data\historical_csv\football-data\2425\I2.csv,259,2025-02-16,I2,Juve Stabia,Cosenza,home,0.4811431133547002,0.4659254351240253,2.176,2.2,1.3853746829879166,0.0132176782306748,5,0.0,WH,2.0-3.0,sportsbook,0.4595588235294117,1.0469674146598278,0.0152176782306748,0.0274714068720979,0.7774883289936962,0.2314986955286539,0.3740831552089704,0.2,1.1029411764705843,home:2.0-3.0,home:sportsbook,sportsbook:2.0-3.0,4.389579875850417,4.389579875850417,True,4.6243992372442255,4.6243992372442255,4.506989556547321,0.2348193613938081,4.389579875850417,1.87,model_agreement_half_kelly,home,-2.49321990481346,False,0.4481010114668499,2.2316396848257933,True,2.2
2025-02,data\historical_csv\football-data\2425\I1.csv:250,data\historical_csv\football-data\2425\I1.csv,250,2025-02-17,I1,Genoa,Venezia,draw,0.2807517703015229,0.2685027202164663,3.695,3.75,-0.7882448800156983,0.0102490500850566,5,0.0,1XB,3.0-4.0,sportsbook,0.2706359945872801,1.037377791264127,0.0122490500850566,0.0365057362738953,1.3069805544001651,0.0788215565274391,0.3669371043975122,0.2,1.4884979702300516,draw:3.0-4.0,draw:sportsbook,sportsbook:3.0-4.0,3.085381262963842,3.085381262963842,True,3.673634733235765,3.673634733235765,3.3795079980998035,0.5882534702719227,3.085381262963842,0.57,model_agreement_half_kelly,home,5.022190130566684,True,0.2842278487972035,3.518304079743783,False,-0.57
2025-02,data\historical_csv\football-data\2425\D1.csv:200,data\historical_csv\football-data\2425\D1.csv,200,2025-02-21,D1,Freiburg,Werder Bremen,draw,0.2790610534513509,0.2728275005499503,3.7048,3.76,1.0771324037455845,0.0042335529014005,5,0.0,1XB,3.0-4.0,sportsbook,0.2699201036493198,1.0338653908265647,0.0062335529014005,0.0151707049372929,1.309629276184405,0.0778750715533777,0.3654665254427502,0.2,1.4899589721442563,draw:3.0-4.0,draw:sportsbook,sportsbook:3.0-4.0,2.881290573455531,2.881290573455531,True,3.016483077648058,3.016483077648058,2.9488868255517944,0.13519250419252682,2.881290573455531,0.53,model_agreement_half_kelly,home,2.800389351575338,True,0.2774789174896765,3.603877401018059,False,-0.53
2025-02,data\historical_csv\football-data\2425\B1.csv:210,data\historical_csv\football-data\2425\B1.csv,210,2025-02-21,B1,Mechelen,St Truiden,home,0.5298674055938342,0.5263690888220407,1.98,2.0,4.221079586764054,0.0014983167717934,5,0.0,WH,1.5-2.0,sportsbook,0.5050505050505051,1.0491374630757917,0.0034983167717934,0.0028277202107087,0.6830968447064438,0.2807594675107407,0.3619507528739376,0.2,1.0101010101010166,home:1.5-2.0,home:sportsbook,sportsbook:1.5-2.0,2.6074700354512026,2.6074700354512026,True,3.637355619395066,3.637355619395066,3.122412827423134,1.0298855839438632,2.6074700354512026,1.33,model_agreement_half_kelly,draw,2.7106928015175447,True,0.5187408727349371,1.9277447615179024,False,-1.33
2025-02,data\historical_csv\football-data\2425\T1.csv:220,data\historical_csv\football-data\2425\T1.csv,220,2025-02-22,T1,Sivasspor,Konyaspor,draw,0.3030887971165121,0.287428058447005,3.3912,3.44,-2.527396819451677,0.0136607386695071,5,0.0,1XB,3.0-4.0,sportsbook,0.2948808681292758,1.0278347287815155,0.0156607386695071,0.0450717373900682,1.2211838410562903,0.0918628189375342,0.3701271414438729,0.2,1.439018636470868,draw:3.0-4.0,draw:sportsbook,sportsbook:3.0-4.0,2.4938406489235985,2.4938406489235985,True,3.11751955624966,3.11751955624966,2.805680102586629,0.6236789073260613,2.4938406489235985,0.52,model_agreement_half_kelly,draw,3.349232511428601,True,0.3047571140346444,3.281301580662433,True,1.24
2025-02,data\historical_csv\football-data\2425\I1.csv:257,data\historical_csv\football-data\2425\I1.csv,257,2025-02-23,I1,Verona,Fiorentina,draw,0.2778006020365483,0.2718290027116946,3.7146,3.77,0.9736013472860572,0.0039715993248537,5,0.0,1XB,3.0-4.0,sportsbook,0.269207990093146,1.0319181163249624,0.0059715993248537,0.0142965828574093,1.3122710007711045,0.0771731744918687,0.3645496740493166,0.2,1.491412265116021,draw:3.0-4.0,draw:sportsbook,sportsbook:3.0-4.0,2.69640698029418,2.69640698029418,True,2.8116899679748952,2.8116899679748952,2.754048474134538,0.1152829876807151,2.69640698029418,0.5,model_agreement_half_kelly,home,7.834991278798231,True,0.290300412638772,3.444707470134825,False,-0.5
2025-02,data\historical_csv\football-data\2425\T1.csv:226,data\historical_csv\football-data\2425\T1.csv,226,2025-02-24,T1,Galatasaray,Fenerbahce,draw,0.2640733738454227,0.2565133064787879,4.0576,4.12,4.082839236832969,0.0055600673666347,5,0.0,1XB,4.0-5.0,sportsbook,0.2464511041009463,1.071504121715187,0.0075600673666347,0.0210550093925387,1.400591665820715,0.0697347467741043,0.3698589665730569,0.2,1.537854889589907,draw:4.0-5.0,draw:sportsbook,sportsbook:4.0-5.0,6.218400551821675,6.218400551821675,True,6.319749623801241,6.319749623801241,6.2690750878114585,0.10134907197956533,6.218400551821675,1.02,model_agreement_half_kelly,draw,11.364694583783418,True,0.274459519380381,3.6435245615003513,True,3.12
2025-02,data\historical_csv\football-data\2425\P1.csv:208,data\historical_csv\football-data\2425\P1.csv,208,2025-02-24,P1,Porto,Guimaraes,draw,0.2553107788171416,0.249296068445147,4.1654,4.4,3.8417843501415305,0.0040147103719946,5,0.05,BFE,4.0-5.0,exchange,0.2400729821865847,1.063471518084922,0.0060147103719946,0.0157247977958268,1.4268123094227787,0.0651835937802154,0.3642805619446141,0.2,5.632112162097291,draw:4.0-5.0,draw:exchange,exchange:4.0-5.0,3.7182042571532734,3.7182042571532734,True,4.0124649871359,4.0124649871359,3.8653346221445863,0.2942607299826263,3.7182042571532734,0.59,model_agreement_half_kelly,draw,13.051305274787753,True,0.2714056399740427,3.6845218105844815,True,1.87
2025-03,data\historical_csv\football-data\2425\D1.csv:211,data\historical_csv\football-data\2425\D1.csv,211,2025-03-01,D1,Heidenheim,M'gladbach,draw,0.2716326465660794,0.2662492536972576,3.793,3.85,0.9883419273698292,0.0033833928688217,5,0.0,1XB,3.0-4.0,sportsbook,0.2636435539151067,1.0303026284251393,0.0053833928688217,0.0124557666819282,1.3331572627067618,0.0737842946804926,0.3621290355578277,0.2,1.5027682573161003,draw:3.0-4.0,draw:sportsbook,sportsbook:3.0-4.0,3.434545230796316,3.434545230796316,True,3.4972390455105806,3.4972390455105806,3.465892138153448,0.06269381471426483,3.434545230796316,0.61,model_agreement_half_kelly,away,5.936980069164077,True,0.2792960191646825,3.58043055175221,False,-0.61
2025-03,data\historical_csv\football-data\2425\SP1.csv:255,data\historical_csv\football-data\2425\SP1.csv,255,2025-03-01,SP1,Betis,Real Madrid,draw,0.236684957877038,0.2312021769707155,4.3516,4.42,0.6099393305765588,0.0034827809063225,5,0.0,1XB,4.0-5.0,sportsbook,0.2298005331372369,1.0299582626977186,0.0054827809063225,0.0147148383976807,1.4705435935647904,0.0560197692852552,0.3480555484992306,0.2,1.5718356466587036,draw:4.0-5.0,draw:sportsbook,sportsbook:4.0-5.0,3.2351934965645386,3.2351934965645386,True,3.230883052595579,3.230883052595579,3.2330382745800588,0.004310443968959632,3.230883052595579,0.48,model_agreement_half_kelly,home,11.364774412538337,True,0.2559168453270943,3.907519251895563,False,-0.48
2025-03,data\historical_csv\football-data\2425\N1.csv:216,data\historical_csv\football-data\2425\N1.csv,216,2025-03-02,N1,Heracles,Zwolle,draw,0.2927048220998431,0.2802678666237266,3.5284,3.58,-1.1102859404842902,0.0104369554761165,5,0.0,1XB,3.0-4.0,sportsbook,0.2834145788459358,1.0327796942970866,0.0124369554761165,0.0356569304230881,1.2608445104024748,0.0856761128805008,0.3690552681129202,0.2,1.4624192268450242,draw:3.0-4.0,draw:sportsbook,sportsbook:3.0-4.0,3.241589019491922,3.241589019491922,True,3.544743742569656,3.544743742569656,3.393166381030789,0.30315472307773383,3.241589019491922,0.64,model_agreement_half_kelly,home,0.4678540975400214,True,0.2847405455660923,3.5119691086209768,False,-0.64
2025-03,data\historical_csv\football-data\2425\D1.csv:223,data\historical_csv\football-data\2425\D1.csv,223,2025-03-08,D1,Wolfsburg,St Pauli,draw,0.2593985485133858,0.2517540296645026,3.9792,4.04,0.1779634840989086,0.0056445188488831,5,0.0,1XB,3.0-4.0,sportsbook,0.2513067953357458,1.032198704244465,0.0076445188488831,0.0217600248005702,1.3810807940670031,0.0672876069708513,0.3582503533606949,0.2,1.5279453156413323,draw:3.0-4.0,draw:sportsbook,sportsbook:3.0-4.0,3.265788708939187,3.265788708939187,True,3.514560672213074,3.514560672213074,3.3901746905761305,0.24877196327388695,3.265788708939187,0.55,model_agreement_half_kelly,draw,7.823989646464891,True,0.2709690129836773,3.6904588793709703,True,1.64
2025-03,data\historical_csv\football-data\2425\P1.csv:220,data\historical_csv\football-data\2425\P1.csv,220,2025-03-08,P1,Estoril,Farense,away,0.2604651162790697,0.2498298177247014,4.0723,4.3,1.7381966720301678,0.0086352985543683,5,0.05,BFE,4.0-5.0,exchange,0.2455614763155956,1.060692093023256,0.0106352985543683,0.0331533783783784,1.404207950404769,0.0678420767982693,0.3657471870821724,0.2,5.591434815706098,away:4.0-5.0,away:exchange,exchange:4.0-5.0,3.195996250683528,3.195996250683528,True,3.5885511153539,3.5885511153539,3.392273683018714,0.3925548646703718,3.195996250683528,0.52,model_agreement_half_kelly,draw,24.04426062325637,True,0.3046049176712334,3.282941088558923,False,-0.52
2025-03,data\historical_csv\football-data\2425\T1.csv:243,data\historical_csv\football-data\2425\T1.csv,243,2025-03-09,T1,Alanyaspor,Galatasaray,draw,0.229964934827646,0.2228922395507706,4.724,5.0,5.294293963784047,0.0050726952768753,5,0.05,BFE,4.0-5.0,exchange,0.2116850127011007,1.0863543521258,0.0070726952768753,0.0220585598438181,1.552655898335116,0.0528838712502834,0.3570564124703951,0.2,5.842506350550369,draw:4.0-5.0,draw:exchange,exchange:4.0-5.0,7.018382122746335,7.018382122746335,True,7.183061389586154,7.183061389586154,7.100721756166244,0.16467926683981915,7.018382122746335,0.94,model_agreement_half_kelly,away,3.468897547844496,True,0.2190281489158435,4.565623208477311,False,-0.94
2025-03,data\historical_csv\football-data\2425\T1.csv:241,data\historical_csv\football-data\2425\T1.csv,241,2025-03-09,T1,Eyupspor,Konyaspor,draw,0.2895150030486427,0.283325793317121,3.5284,3.58,-0.0313270859870318,0.0041892097315217,5,0.0,1XB,3.0-4.0,sportsbook,0.2834145788459358,1.021524736756831,0.0061892097315217,0.0144697500558128,1.2608445104024748,0.0838189369902556,0.365033402273037,0.2,1.4624192268450242,draw:3.0-4.0,draw:sportsbook,sportsbook:3.0-4.0,2.601128919273427,2.601128919273427,True,2.615093185537898,2.615093185537898,2.608111052405662,0.013964266264471004,2.601128919273427,0.51,model_agreement_half_kelly,home,1.0017537689785527,True,0.2862536950713596,3.493404686883472,False,-0.51
2025-03,data\historical_csv\football-data\2425\E0.csv:282,data\historical_csv\football-data\2425\E0.csv,282,2025-03-10,E0,West Ham,Newcastle,draw,0.2728759711797007,0.2626463253030614,3.7734,3.83,-0.8930356101428005,0.0082296458766392,5,0.0,1XB,3.0-4.0,sportsbook,0.2650129856362961,1.0296701896494826,0.0102296458766392,0.030158924734416,1.3279764517953756,0.0744612956472648,0.3623728639874361,0.2,1.4999734987014346,draw:3.0-4.0,draw:sportsbook,sportsbook:3.0-4.0,2.872541031245252,2.872541031245252,True,3.192790258148825,3.192790258148825,3.0326656446970386,0.3202492269035728,2.872541031245252,0.52,model_agreement_half_kelly,away,4.763269952158278,True,0.2776362695504274,3.601834881369377,False,-0.52
2025-03,data\historical_csv\football-data\2425\SP2.csv:343,data\historical_csv\football-data\2425\SP2.csv,343,2025-03-21,SP2,Burgos,Almeria,away,0.4162307626604239,0.4130803384256547,2.47,2.5,2.0308435911366995,0.0011504242347692,5,0.0,WH,2.0-3.0,sportsbook,0.4048582995951417,1.0280899837712472,0.0031504242347692,0.0027639096817738,0.9042181506398858,0.1732480477848781,0.3763634104522377,0.2,1.2145748987854257,away:2.0-3.0,away:sportsbook,sportsbook:2.0-3.0,2.0489134928070447,2.0489134928070447,True,2.367767992452041,2.367767992452041,2.208340742629543,0.31885449964499646,2.0489134928070447,0.7,model_agreement_half_kelly,home,-6.472571145991745,False,0.3786535581133938,2.640936493459634,False,-0.7
2025-03,data\historical_csv\football-data\2425\T1.csv:257,data\historical_csv\football-data\2425\T1.csv,257,2025-03-28,T1,Konyaspor,Gaziantep,draw,0.2855469048904384,0.2804670567926404,3.597,3.65,0.8840003283127507,0.003079848097798,4,0.0,1XB,3.0-4.0,sportsbook,0.2780094523213789,1.027112216890907,0.005079848097798,0.0107857870109983,1.2801001647134869,0.081537034892509,0.3655286399836766,0.25,1.4734500973033082,draw:3.0-4.0,draw:sportsbook,sportsbook:3.0-4.0,2.501494340043372,2.501494340043372,True,2.7182054587099547,2.7182054587099547,2.6098498993766635,0.21671111866658288,2.501494340043372,0.48,model_agreement_half_kelly,home,2.798653961197761,True,0.2857899748712754,3.499073053386204,False,-0.48
2025-03,data\historical_csv\football-data\2425\I1.csv:300,data\historical_csv\football-data\2425\I1.csv,300,2025-03-31,I1,Verona,Parma,draw,0.3092567800786537,0.2956385394664472,3.352,3.4,-0.9019615708468876,0.0116182406122064,4,0.0,1XB,3.0-4.0,sportsbook,0.2983293556085919,1.0366287268236472,0.0136182406122064,0.0375682648226874,1.2095571826198366,0.0956397560246167,0.3740637596180188,0.25,1.4319809069212486,draw:3.0-4.0,draw:sportsbook,sportsbook:3.0-4.0,3.045831192253333,3.045831192253333,True,3.543627637804425,3.543627637804425,3.294729415028879,0.49779644555109215,3.045831192253333,0.65,model_agreement_half_kelly,draw,7.642313372782206,True,0.3211286198472023,3.1140170579495985,True,1.53
2025-04,data\historical_csv\football-data\2425\G1.csv:195,data\historical_csv\football-data\2425\G1.csv,195,2025-04-06,G1,PAOK,Olympiakos,draw,0.315215138841792,0.3106911464217513,3.2344,3.28,0.4899443986512208,0.0025239924200407,4,0.0,1XB,3.0-4.0,sportsbook,0.3091763541924314,1.019531845069892,0.0045239924200407,0.0080072055844611,1.173843439344424,0.0993605837550501,0.3700132227114793,0.25,1.4098441751174915,draw:3.0-4.0,draw:sportsbook,sportsbook:3.0-4.0,2.248343371683318,2.248343371683318,True,2.8269094661530048,2.8269094661530048,2.5376264189181614,0.5785660944696867,2.248343371683318,0.5,model_agreement_half_kelly,home,3.9893906228887888,True,0.3215106066747736,3.1103172935490653,False,-0.5
2025-04,data\historical_csv\football-data\2425\F2.csv:262,data\historical_csv\football-data\2425\F2.csv,262,2025-04-07,F2,Dunkerque,Guingamp,draw,0.3242153144007538,0.3154808220078314,3.205,3.25,1.1116034535099797,0.0067344923929223,4,0.0,B365,3.0-4.0,sportsbook,0.31201248049922,1.039110082654416,0.0087344923929223,0.0207716665246664,1.1647120903726331,0.1051155700919796,0.3776174965665225,0.25,1.4040561622464809,draw:3.0-4.0,draw:sportsbook,sportsbook:3.0-4.0,3.4098032078616365,3.4098032078616365,True,4.424107112024189,4.424107112024189,3.916955159942913,1.0143039041625528,3.4098032078616365,0.77,model_agreement_half_kelly,home,-5.437559727766428,False,0.2950466155139893,3.389294936523636,False,-0.77
2025-04,data\historical_csv\football-data\2425\I1.csv:318,data\historical_csv\football-data\2425\I1.csv,318,2025-04-13,I1,Verona,Genoa,draw,0.3306328336043428,0.3266054366884371,3.107,3.15,1.4763091790974237,0.0020273969159056,4,0.0,1XB,3.0-4.0,sportsbook,0.321853878339234,1.027276214008693,0.0040273969159056,0.0061318680719162,1.1336576304109105,0.109318070657237,0.3748244346799441,0.25,1.3839716768587085,draw:3.0-4.0,draw:sportsbook,sportsbook:3.0-4.0,3.1445456769800986,3.1445456769800986,True,3.7373070757025673,3.7373070757025673,3.440926376341333,0.5927613987224687,3.1445456769800986,0.75,model_agreement_half_kelly,draw,7.9072102063777905,True,0.3473035410568966,2.8793256669852845,True,1.58
2025-04,data\historical_csv\football-data\2425\SP1.csv:306,data\historical_csv\football-data\2425\SP1.csv,306,2025-04-13,SP1,Osasuna,Girona,draw,0.3046582765097005,0.3008910664268072,3.3716,3.42,1.4484319564623371,0.0017672100828933,4,0.0,1XB,3.0-4.0,sportsbook,0.2965950883853363,1.0271858450801064,0.0037672100828933,0.0058006304740487,1.21538740914119,0.0928166654458611,0.3702778333605452,0.25,1.4355202277850363,draw:3.0-4.0,draw:sportsbook,sportsbook:3.0-4.0,3.00321550836017,3.00321550836017,True,3.4368261999489835,3.4368261999489835,3.2200208541545767,0.4336106915888136,3.00321550836017,0.63,model_agreement_half_kelly,home,4.142541775855801,True,0.3088816638268353,3.237485798317307,False,-0.63
2025-04,data\historical_csv\football-data\2425\SP1.csv:311,data\historical_csv\football-data\2425\SP1.csv,311,2025-04-18,SP1,Espanol,Getafe,draw,0.3520139881138036,0.3481233408819592,2.9208,2.96,1.6798654048026274,0.0018906472318444,4,0.0,1XB,2.0-3.0,sportsbook,0.3423719528896193,1.0281624564827974,0.0038906472318444,0.0053709434729428,1.07185755135929,0.123913847827785,0.3773088513438797,0.25,1.342098055327301,draw:2.0-3.0,draw:sportsbook,sportsbook:2.0-3.0,3.431201315460481,3.431201315460481,True,3.4703115119960604,3.4703115119960604,3.4507564137282705,0.039110196535579345,3.431201315460481,0.89,model_agreement_half_kelly,home,5.521755833386943,True,0.3612768961701826,2.767960006855631,False,-0.89
2025-04,data\historical_csv\football-data\2425\F1.csv:269,data\historical_csv\football-data\2425\F1.csv,269,2025-04-20,F1,Reims,Toulouse,draw,0.2911977074084623,0.2868672355607224,3.5382,3.59,1.4993652860948004,0.0023304718477399,4,0.0,1XB,3.0-4.0,sportsbook,0.2826295856650274,1.0303157283526214,0.0043304718477399,0.0080030569899747,1.2636181232523764,0.0847961047999444,0.3679627005308758,0.25,1.4640212537448516,draw:3.0-4.0,draw:sportsbook,sportsbook:3.0-4.0,3.222484033903285,3.222484033903285,True,3.572173680135604,3.572173680135604,3.3973288570194446,0.3496896462323189,3.222484033903285,0.63,model_agreement_half_kelly,home,-3.8933744308905394,False,0.2716257576426134,3.68153598052999,False,-0.63
2025-04,data\historical_csv\football-data\2425\SP1.csv:316,data\historical_csv\football-data\2425\SP1.csv,316,2025-04-20,SP1,Valladolid,Osasuna,draw,0.2801570660586736,0.2658386925956044,3.695,3.75,-1.7726030859241848,0.0123183734630692,4,0.0,1XB,3.0-4.0,sportsbook,0.2706359945872801,1.035180359086799,0.0143183734630692,0.0439695262245836,1.3069805544001651,0.078487981662604,0.3661598375164889,0.25,1.4884979702300516,draw:3.0-4.0,draw:sportsbook,sportsbook:3.0-4.0,2.976138648758272,2.976138648758272,True,3.7718824020738895,3.7718824020738895,3.3740105254160806,0.7957437533156173,2.976138648758272,0.55,model_agreement_half_kelly,away,-0.3406289652198691,False,0.269714129999405,3.7076292591797326,False,-0.55
2025-04,data\historical_csv\football-data\2425\SP1.csv:318,data\historical_csv\football-data\2425\SP1.csv,318,2025-04-20,SP1,Sevilla,Alaves,draw,0.3162626093522685,0.309806902351751,3.2442,3.29,0.5075552609550948,0.0044557070005174,4,0.0,1XB,3.0-4.0,sportsbook,0.308242401824795,1.0260191572606296,0.0064557070005174,0.0140886303621002,1.1768687866338772,0.1000220380743056,0.3721995933260681,0.25,1.4117502003575533,draw:3.0-4.0,draw:sportsbook,sportsbook:3.0-4.0,2.8723214485992488,2.8723214485992488,True,3.5391795007138738,3.5391795007138738,3.2057504746565613,0.666858052114625,2.8723214485992488,0.64,model_agreement_half_kelly,draw,4.070194846403585,True,0.3207884681782984,3.117319041045412,True,1.44
2025-04,data\historical_csv\football-data\2425\B1.csv:283,data\historical_csv\football-data\2425\B1.csv,283,2025-04-27,B1,Gent,Anderlecht,draw,0.3057195969867792,0.2872760903506611,3.4794,3.53,-0.0451571233909708,0.0164435066361181,4,0.0,1XB,3.0-4.0,sportsbook,0.2874058745760763,1.0637207657557997,0.0184435066361181,0.0537862367940685,1.2468598651283127,0.0934644719817587,0.3811894954660177,0.25,1.4542737253549598,draw:3.0-4.0,draw:sportsbook,sportsbook:3.0-4.0,6.12095348138497,6.12095348138497,True,7.357987288592249,7.357987288592249,6.73947038498861,1.237033807207279,6.12095348138497,1.23,model_agreement_half_kelly,away,-0.7961919384844474,False,0.2851175721719709,3.5073250392187054,False,-1.23
2025-04,data\historical_csv\football-data\2425\I1.csv:332,data\historical_csv\football-data\2425\I1.csv,332,2025-04-27,I1,Como,Genoa,draw,0.2772667776235947,0.270349670153821,3.7342,3.79,0.953973828839838,0.0049171074697737,4,0.0,1XB,3.0-4.0,sportsbook,0.2677949761662471,1.0353696010020277,0.0069171074697737,0.0177342107551341,1.3175336055490985,0.0768768659737719,0.3653082972213948,0.25,1.4942959670076528,draw:3.0-4.0,draw:sportsbook,sportsbook:3.0-4.0,3.4706818842504807,3.4706818842504807,True,3.819929285703161,3.819929285703161,3.645305584976821,0.3492474014526801,3.4706818842504807,0.63,model_agreement_half_kelly,home,-0.6957779246502094,False,0.2659317178387601,3.760363781075264,False,-0.63
2025-04,data\historical_csv\football-data\2425\I1.csv:341,data\historical_csv\football-data\2425\I1.csv,341,2025-04-28,I1,Verona,Cagliari,draw,0.3485998444925297,0.3414857625270284,2.9208,2.96,-0.2588384811055499,0.0051140819655012,4,0.0,1XB,2.0-3.0,sportsbook,0.3423719528896193,1.0181904257937806,0.0071140819655012,0.0146703506794331,1.07185755135929,0.1215218515802158,0.3736493757219921,0.25,1.342098055327301,draw:2.0-3.0,draw:sportsbook,sportsbook:2.0-3.0,2.3909113803455577,2.3909113803455577,True,2.641400402456373,2.641400402456373,2.5161558914009654,0.25048902211081536,2.3909113803455577,0.62,model_agreement_half_kelly,away,1.1916597929819028,True,0.3464518617946518,2.886403885434213,False,-0.62
2025-05,data\historical_csv\football-data\2425\I2.csv:347,data\historical_csv\football-data\2425\I2.csv,347,2025-05-01,I2,Pisa,Frosinone,away,0.2189219231071647,0.2113969855637546,4.9298,5.01,4.214485943219759,0.0055249375434101,4,0.0,PS,4.0-5.0,sportsbook,0.2028479857195018,1.0792412965337008,0.0075249375434101,0.0252370227019501,1.5952984192803787,0.0479268084169393,0.3492457978786805,0.25,1.6268408454704009,away:4.0-5.0,away:sportsbook,sportsbook:4.0-5.0,4.708426334791135,4.708426334791135,True,4.658649614478749,4.658649614478749,4.683537974634942,0.049776720312385336,4.658649614478749,0.59,model_agreement_half_kelly,home,-25.18578012482734,False,0.1517591380485469,6.58938903356255,False,-0.59
2025-05,data\historical_csv\football-data\2425\I2.csv:349,data\historical_csv\football-data\2425\I2.csv,349,2025-05-01,I2,Spezia,Salernitana,draw,0.3047452385779514,0.2873519205770747,3.45,3.5,-0.8635874009092048,0.0153933180008766,4,0.0,B365,3.0-4.0,sportsbook,0.2898550724637681,1.0513710730939323,0.0173933180008766,0.0505120869901276,1.2383742310432684,0.0928696604359325,0.3773886504880679,0.25,1.4492753623188248,draw:3.0-4.0,draw:sportsbook,sportsbook:3.0-4.0,3.937603932325632,3.937603932325632,True,4.442301637773616,4.442301637773616,4.189952785049623,0.5046977054479838,3.937603932325632,0.8,model_agreement_half_kelly,home,-1.9941861924539284,False,0.2840748226305683,3.5201993289650773,False,-0.8
2025-05,data\historical_csv\football-data\2425\SP1.csv:335,data\historical_csv\football-data\2425\SP1.csv,335,2025-05-03,SP1,Las Palmas,Valencia,away,0.3489087719187157,0.3433802378126639,2.96,3.0,1.6405503925485343,0.0035285341060517,4,0.0,1XB,2.0-3.0,sportsbook,0.3378378378378378,1.0327699648793984,0.0055285341060517,0.0101130564492478,1.085189268335969,0.1217373311218263,0.3786320549144726,0.25,1.3513513513513598,away:2.0-3.0,away:sportsbook,sportsbook:2.0-3.0,2.185290109794719,2.185290109794719,True,2.599058900723428,2.599058900723428,2.3921745052590735,0.41376879092870933,2.185290109794719,0.56,model_agreement_half_kelly,away,-3.086058928280788,False,0.3274119630801325,3.054256144437993,True,1.1
2025-05,data\historical_csv\football-data\2425\I2.csv:357,data\historical_csv\football-data\2425\I2.csv,357,2025-05-04,I2,Frosinone,Cittadella,draw,0.3406481124071761,0.3316241354207036,3.0874,3.13,2.385635569788036,0.0070239769864724,4,0.0,1XB,3.0-4.0,sportsbook,0.3238971302714258,1.0517169822459154,0.0090239769864724,0.0206194507782175,1.1273293127656037,0.116041136486572,0.3840226024548819,0.25,1.3798017749562907,draw:3.0-4.0,draw:sportsbook,sportsbook:3.0-4.0,6.037715432862047,6.037715432862047,True,5.921998622673641,5.921998622673641,5.979857027767844,0.11571681018840607,5.921998622673641,1.42,model_agreement_half_kelly,draw,-12.593504881673812,False,0.2831071293590924,3.5322317818835365,True,2.96
2025-05,data\historical_csv\football-data\2425\F1.csv:285,data\historical_csv\football-data\2425\F1.csv,285,2025-05-04,F1,Nantes,Angers,draw,0.2869981482250794,0.2769135233591915,3.6558,3.71,1.234045869653233,0.0080846248658878,4,0.0,1XB,3.0-4.0,sportsbook,0.2735379397122381,1.049207830281245,0.0100846248658878,0.0281696063751166,1.2963149475003666,0.0823679370846246,0.3720399894490962,0.25,1.482575633240346,draw:3.0-4.0,draw:sportsbook,sportsbook:3.0-4.0,4.969712856756825,4.969712856756825,True,5.25479448821371,5.25479448821371,5.112253672485267,0.2850816314568849,4.969712856756825,0.94,model_agreement_half_kelly,away,6.133532483441084,True,0.2903154780990237,3.4445287125163544,False,-0.94
2025-05,data\historical_csv\football-data\2425\D1.csv:288,data\historical_csv\football-data\2425\D1.csv,288,2025-05-04,D1,Freiburg,Leverkusen,draw,0.2777704614989609,0.2707939344086206,3.695,3.75,0.0583587639853,0.0049765270903403,4,0.0,1XB,3.0-4.0,sportsbook,0.2706359945872801,1.0263618552386606,0.0069765270903403,0.017915969406844,1.3069805544001651,0.0771564292813457,0.3630405917659017,0.25,1.4884979702300516,draw:3.0-4.0,draw:sportsbook,sportsbook:3.0-4.0,2.741734337914209,2.741734337914209,True,2.985288788754792,2.985288788754792,2.8635115633345007,0.2435544508405827,2.741734337914209,0.51,model_agreement_half_kelly,draw,-0.4951946066841128,False,0.269295819738338,3.713388499575124,True,1.37
2025-05,data\historical_csv\football-data\2425\SP1.csv:341,data\historical_csv\football-data\2425\SP1.csv,341,2025-05-05,SP1,Girona,Mallorca,draw,0.3031543181474176,0.2952485702283127,3.401,3.45,0.4140387346491581,0.0059057479191049,4,0.0,1XB,3.0-4.0,sportsbook,0.2940311673037342,1.0310278360193674,0.0079057479191049,0.0194809955378339,1.2240695060250584,0.0919025406114256,0.3710819564640729,0.25,1.4407527197882963,draw:3.0-4.0,draw:sportsbook,sportsbook:3.0-4.0,3.4943475886699464,3.4943475886699464,True,3.594744421263996,3.594744421263996,3.5445460049669713,0.10039683259404963,3.4943475886699464,0.73,model_agreement_half_kelly,home,-0.0838487655756448,False,0.2937846257995423,3.403854089636156,False,-0.73
2025-05,data\historical_csv\football-data\2425\I2.csv:364,data\historical_csv\football-data\2425\I2.csv,364,2025-05-09,I2,Juve Stabia,Reggiana,away,0.2591517628825479,0.2512014495509748,4.444700000000001,4.7,11.651508281921808,0.005950313331573,4,0.05,BFE,4.0-5.0,exchange,0.2249870632438634,1.151851840484061,0.007950313331573,0.0229607287459197,1.4917123751246557,0.0671596362051323,0.3865798917272671,0.25,5.743919724615809,away:4.0-5.0,away:exchange,exchange:4.0-5.0,12.291768666412692,12.291768666412692,True,12.67253334568792,12.67253334568792,12.482151006050305,0.38076467927522906,12.291768666412692,1.78,model_agreement_half_kelly,away,14.048946714745348,True,0.2565953758740642,3.897186364304535,True,6.13
2025-05,data\historical_csv\football-data\2425\B1.csv:294,data\historical_csv\football-data\2425\B1.csv,294,2025-05-09,B1,Charleroi,Westerlo,home,0.5699947746942149,0.562688733272644,1.8918,1.91,6.449454560518797,0.0053060414215708,4,0.0,BF,1.5-2.0,sportsbook,0.528597103287874,1.0783161147665157,0.0073060414215708,0.0093089299360988,0.637528756796933,0.3248940431787088,0.3633880600915507,0.25,0.9620467279839228,home:1.5-2.0,home:sportsbook,sportsbook:1.5-2.0,7.076552039546284,7.076552039546284,True,7.314175543958523,7.314175543958523,7.195363791752404,0.23762350441223923,7.076552039546284,3.97,model_agreement_half_kelly,home,8.34555938604231,True,0.5727114884556629,1.746079867712338,True,3.54
2025-05,data\historical_csv\football-data\2425\I2.csv:365,data\historical_csv\football-data\2425\I2.csv,365,2025-05-09,I2,Mantova,Carrarese,away,0.262615804785069,0.2462658355492678,4.136,4.2,1.855549583177152,0.0143499692358012,4,0.0,B365,4.0-5.0,sportsbook,0.241779497098646,1.0861789685910457,0.0163499692358012,0.0546424433500702,1.419729137206128,0.0689670609229094,0.372843309944199,0.25,1.547388781431347,away:4.0-5.0,away:sportsbook,sportsbook:4.0-5.0,5.3756035100520165,5.3756035100520165,True,6.002071982238877,6.002071982238877,5.688837746145447,0.6264684721868603,5.3756035100520165,0.86,model_agreement_half_kelly,home,-1.1785745560659031,False,0.2389299454640573,4.185327201484805,False,-0.86
2025-05,data\historical_csv\football-data\2425\D2.csv:291,data\historical_csv\football-data\2425\D2.csv,291,2025-05-09,D2,Preußen Münster,Hertha,away,0.3563203424244835,0.3482639639180432,2.90855,3.05,1.2943152253824808,0.0060563785064403,4,0.05,BFE,2.0-3.0,exchange,0.3438139279022193,1.0363755319587318,0.0080563785064403,0.0169970046201441,1.067654675212836,0.1269641864255012,0.3804270794629385,0.25,4.863248010176879,away:2.0-3.0,away:exchange,exchange:2.0-3.0,2.4275803590221208,2.4275803590221208,True,2.8186944358896016,2.8186944358896016,2.623137397455861,0.3911140768674808,2.4275803590221208,0.64,model_agreement_half_kelly,home,14.269312437639314,True,0.392873811478707,2.545346548389617,False,-0.64
2025-05,data\historical_csv\football-data\2425\D2.csv:290,data\historical_csv\football-data\2425\D2.csv,290,2025-05-09,D2,Nurnberg,FC Koln,away,0.6039224646992898,0.5956667948015284,1.67963,1.73,0.0499818552491149,0.0062556698977613,4,0.05,BFE,1.5-2.0,exchange,0.5953692182206796,1.014366289382868,0.0082556698977613,0.0103583990717686,0.5185735310639586,0.3647223433684649,0.3131782050079596,0.25,2.998874752177572,away:1.5-2.0,away:exchange,exchange:1.5-2.0,1.7971344178277944,1.7971344178277944,True,1.719205231081733,1.719205231081733,1.7581698244547637,0.07792918674606142,1.719205231081733,1.26,model_agreement_half_kelly,away,10.629349709085334,True,0.658653094485603,1.5182499078380298,True,0.86
2025-05,data\historical_csv\football-data\2425\E0.csv:353,data\historical_csv\football-data\2425\E0.csv,353,2025-05-10,E0,Ipswich,Brentford,draw,0.2318376629032308,0.2261551723690313,4.4594000000000005,4.53,0.8516375662458442,0.0036824905341994,4,0.0,1XB,4.0-5.0,sportsbook,0.2242454141812799,1.0338568739506675,0.0056824905341994,0.0158839184629657,1.4950142278341332,0.053748701940432,0.3466006045881436,0.25,1.5831726241198218,draw:4.0-5.0,draw:sportsbook,sportsbook:4.0-5.0,3.801687985751292,3.801687985751292,True,4.053374647705543,4.053374647705543,3.927531316728418,0.25168666195425127,3.801687985751292,0.55,model_agreement_half_kelly,away,-7.4816501261732,False,0.2074681568682486,4.820016792432604,False,-0.55
2025-05,data\historical_csv\football-data\2425\I1.csv:355,data\historical_csv\football-data\2425\I1.csv,355,2025-05-10,I1,Empoli,Parma,draw,0.2878392906873571,0.2848117734881611,3.5578,3.61,1.3303327716179814,0.0010275171991959,4,0.0,1XB,3.0-4.0,sportsbook,0.2810725729383327,1.024074628407479,0.0030275171991959,0.0035697600447189,1.2691423763090324,0.0828514572634008,0.3653090413780587,0.25,1.4671988307380923,draw:3.0-4.0,draw:sportsbook,sportsbook:3.0-4.0,2.9071551853567965,2.9071551853567965,True,3.0335724391393315,3.0335724391393315,2.9703638122480642,0.126417253782535,2.9071551853567965,0.57,model_agreement_half_kelly,home,12.76176160246103,True,0.3169423846266261,3.155147586770541,False,-0.57
2025-05,data\historical_csv\football-data\2425\I1.csv:356,data\historical_csv\football-data\2425\I1.csv,356,2025-05-11,I1,Udinese,Monza,draw,0.2265706808288004,0.2187457773545865,4.5672,4.64,-0.094428566613236,0.0058249034742138,4,0.0,1XB,4.0-5.0,sportsbook,0.2189525310912594,1.0347936134812974,0.0078249034742139,0.0257089904700214,1.5189003256679123,0.0513342734112261,0.3441382808976656,0.25,1.593974426344369,draw:4.0-5.0,draw:sportsbook,sportsbook:4.0-5.0,3.58412545551279,3.58412545551279,True,3.9307781779226,3.9307781779226,3.757451816717695,0.34665272240980993,3.58412545551279,0.5,model_agreement_half_kelly,away,8.893393784383253,True,0.2384248418820793,4.194193826894021,False,-0.5
2025-05,data\historical_csv\football-data\2425\I1.csv:357,data\historical_csv\football-data\2425\I1.csv,357,2025-05-11,I1,Verona,Lecce,home,0.4291802519971979,0.4196974085795396,2.4210000000000003,2.45,1.608742617106551,0.0074828434176583,4,0.0,BF,2.0-3.0,sportsbook,0.413052457662123,1.039045390085216,0.0094828434176583,0.0174351997391231,0.8841806779559216,0.1841956887043782,0.3794728861761757,0.25,1.1978521272201448,home:2.0-3.0,home:sportsbook,sportsbook:2.0-3.0,2.386962112875072,2.386962112875072,True,2.8528287837206623,2.8528287837206623,2.619895448297867,0.4658666708455903,2.386962112875072,0.84,model_agreement_half_kelly,draw,-8.640757121567722,False,0.3773615980108726,2.649978178148344,False,-0.84
2025-05,data\historical_csv\football-data\2425\SP2.csv:436,data\historical_csv\football-data\2425\SP2.csv,436,2025-05-17,SP2,Malaga,Sp Gijon,draw,0.3665979337012816,0.3528004159806482,2.764,2.8,-2.485965022948844,0.0117975177206334,4,0.0,1XB,2.0-3.0,sportsbook,0.361794500723589,1.0132766887503424,0.0137975177206334,0.0321810807865777,1.016678905905423,0.1343940449940492,0.3727123861426079,0.25,1.302460202604916,draw:2.0-3.0,draw:sportsbook,sportsbook:2.0-3.0,2.0917056941178083,2.0917056941178083,True,1.71732161046112,1.71732161046112,1.9045136522894641,0.3743840836566883,1.71732161046112,0.49,model_agreement_half_kelly,home,-6.026679100124421,False,0.339990307163081,2.941260321048907,False,-0.49
2025-05,data\historical_csv\football-data\2425\SP1.csv:370,data\historical_csv\football-data\2425\SP1.csv,370,2025-05-18,SP1,Valencia,Ath Bilbao,draw,0.3216535837831563,0.315253778696458,3.1756,3.22,0.1119899628472254,0.0043998050866983,4,0.0,1XB,3.0-4.0,sportsbook,0.3149011210479909,1.021443120661791,0.0063998050866982,0.0136787068713789,1.1554965908688213,0.1034610279605479,0.3716696195021759,0.25,1.398160977453089,draw:3.0-4.0,draw:sportsbook,sportsbook:3.0-4.0,2.831120154208453,2.831120154208453,True,2.782189774908983,2.782189774908983,2.806654964558718,0.04893037929946997,2.782189774908983,0.64,model_agreement_half_kelly,away,3.3987526832007786,True,0.3256038313490388,3.071216932112897,False,-0.64
2025-05,data\historical_csv\football-data\2425\SP1.csv:362,data\historical_csv\football-data\2425\SP1.csv,362,2025-05-18,SP1,Ath Madrid,Betis,home,0.4974630009062348,0.4937957087088681,2.0682,2.09,2.126828475168119,0.0016672921973667,4,0.0,1XB,2.0-3.0,sportsbook,0.4835122328594913,1.028852978474275,0.0036672921973667,0.003351590358136,0.7266786637687377,0.2474694372706366,0.3614957487729291,0.25,1.0540566676336738,home:2.0-3.0,home:sportsbook,sportsbook:2.0-3.0,2.499659064682892,2.499659064682892,True,2.579005048483407,2.579005048483407,2.5393320565831496,0.07934598380051527,2.499659064682892,1.17,model_agreement_half_kelly,home,28.683796979404264,True,0.6222019001034922,1.6071953490236337,True,1.25
2025-05,data\historical_csv\football-data\2425\SP1.csv:368,data\historical_csv\football-data\2425\SP1.csv,368,2025-05-18,SP1,Sevilla,Real Madrid,away,0.5372816487702718,0.53197221717555,1.9016,1.92,1.1598368181025889,0.0033094315947218,4,0.0,1XB,1.5-2.0,sportsbook,0.5258729490954985,1.0216947833015488,0.0053094315947218,0.0061595842744609,0.6426956370638471,0.2886715701053017,0.345308571539124,0.25,0.9676062263357156,away:1.5-2.0,away:sportsbook,sportsbook:1.5-2.0,1.9635614509026629,1.9635614509026629,True,2.161795487360485,2.161795487360485,2.062678469131574,0.19823403645782212,1.9635614509026629,1.09,model_agreement_half_kelly,away,-17.163601641536587,False,0.4356142109721467,2.295609222133344,True,0.98
2025-10,data\historical_csv\football-data\2526\F2.csv:77,data\historical_csv\football-data\2526\F2.csv,77,2025-10-03,F2,Guingamp,Nancy,away,0.3406356479880296,0.3366577039094627,3.499,3.55,17.796530597921013,0.0019779440785668,8,0.0,PS,3.0-4.0,sportsbook,0.2857959416976279,1.1918841323101157,0.0039779440785668,0.0058066267880347,1.2524772133855508,0.1160326446802248,0.4266383871718288,0.125,1.457559302657896,away:3.0-4.0,away:sportsbook,sportsbook:3.0-4.0,15.200395237131048,15.200395237131048,True,15.566730379823102,15.566730379823102,15.383562808477075,0.3663351426920549,15.200395237131048,3.04,model_agreement_half_kelly,draw,12.254786120251282,True,0.3208196230930302,3.1170163170163168,False,-3.04
2025-10,data\historical_csv\football-data\2526\SP2.csv:86,data\historical_csv\football-data\2526\SP2.csv,86,2025-10-05,SP2,Santander,Malaga,away,0.2407814053107751,0.2315142899838795,4.5574,4.63,5.510322517253252,0.0072671153268956,8,0.0,PS,4.0-5.0,sportsbook,0.2194233554219511,1.0973371765633266,0.0092671153268956,0.0301813809812928,1.5167522854758682,0.0579756851434317,0.3652057468052095,0.125,1.5930135603633655,away:4.0-5.0,away:sportsbook,sportsbook:4.0-5.0,5.539603604793567,5.539603604793567,True,4.894013146408827,4.894013146408827,5.216808375601197,0.6455904583847403,4.894013146408827,0.69,model_agreement_half_kelly,home,6.872171796707227,True,0.2345025053686471,4.264346764346764,False,-0.69
2025-10,data\historical_csv\football-data\2526\G1.csv:41,data\historical_csv\football-data\2526\G1.csv,41,2025-10-05,G1,PAOK,Olympiakos,draw,0.2979943299668136,0.2931285101807588,3.5186,3.57,3.14019759220181,0.0028658197860547,8,0.0,PS,3.0-4.0,sportsbook,0.2842039447507531,1.0485228494212304,0.0048658197860547,0.0096170279024233,1.2580631832228086,0.0888006206923702,0.3748956953403976,0.125,1.4608082760188656,draw:3.0-4.0,draw:sportsbook,sportsbook:3.0-4.0,3.1705252976739,3.1705252976739,True,3.1082134071974243,3.1082134071974243,3.1393693524356623,0.06231189047647545,3.1082134071974243,0.62,model_agreement_half_kelly,home,4.424122243284479,True,0.2967774746867631,3.3695279638572986,False,-0.62
2025-10,data\historical_csv\football-data\2526\T1.csv:82,data\historical_csv\football-data\2526\T1.csv,82,2025-10-22,T1,Rizespor,Buyuksehyr,draw,0.2901652296449173,0.282630398392146,3.548,3.6,0.2772653495334065,0.0055348312527713,8,0.0,BMGM,3.0-4.0,sportsbook,0.2818489289740699,1.029506234780167,0.0075348312527713,0.0190747570256589,1.266384064447333,0.0841958604948876,0.3674606228790242,0.125,1.4656144306651742,draw:3.0-4.0,draw:sportsbook,sportsbook:3.0-4.0,3.053371569573464,3.053371569573464,True,2.740462509687891,2.740462509687891,2.8969170396306776,0.3129090598855728,2.740462509687891,0.54,model_agreement_half_kelly,draw,-1.6277922749080909,False,0.2772610138813188,3.606709742567877,True,1.38
2025-10,data\historical_csv\football-data\2526\B1.csv:90,data\historical_csv\football-data\2526\B1.csv,90,2025-10-24,B1,Charleroi,Anderlecht,home,0.3577911552626501,0.3477430706724538,3.0874,3.13,7.362195639413405,0.0080480845901962,8,0.0,PS,3.0-4.0,sportsbook,0.3238971302714258,1.1046444127579058,0.0100480845901962,0.0224938053158084,1.1273293127656037,0.1280145107841818,0.4033484571758547,0.125,1.3798017749562907,home:3.0-4.0,home:sportsbook,sportsbook:3.0-4.0,6.088737659587397,6.088737659587397,True,6.852377186876191,6.852377186876191,6.470557423231794,0.7636395272887935,6.088737659587397,1.46,model_agreement_half_kelly,home,7.514371255769103,True,0.3482359631268029,2.871616104841736,True,3.05
2025-10,data\historical_csv\football-data\2526\N1.csv:83,data\historical_csv\football-data\2526\N1.csv,83,2025-10-24,N1,Heerenveen,NAC Breda,away,0.2183906823927094,0.2099689915309497,4.822,4.9,1.24704771622397,0.0064216908617596,8,0.0,BMGM,4.0-5.0,sportsbook,0.2073828287017834,1.0530798704976447,0.0084216908617596,0.0294046009262069,1.5731887797589794,0.0476944901559532,0.3435697711441173,0.125,1.6175860638739217,away:4.0-5.0,away:sportsbook,sportsbook:4.0-5.0,4.275286438833142,4.275286438833142,True,4.324218660481893,4.324218660481893,4.2997525496575175,0.04893222164875155,4.275286438833142,0.56,model_agreement_half_kelly,draw,-14.015967372306092,False,0.178316119095176,5.608017968730302,False,-0.56
2025-10,data\historical_csv\football-data\2526\SP2.csv:111,data\historical_csv\football-data\2526\SP2.csv,111,2025-10-24,SP2,Huesca,Las Palmas,home,0.3232623234376097,0.3173925983847656,3.2834,3.33,4.212685753653922,0.0038697250528441,8,0.0,PS,3.0-4.0,sportsbook,0.3045623439117987,1.0613995127750475,0.0058697250528441,0.011970850830041,1.1888794708782808,0.1044985297542817,0.3843199400433891,0.125,1.4192605226289956,home:3.0-4.0,home:sportsbook,sportsbook:3.0-4.0,3.500852876004508,3.500852876004508,True,4.002816480289795,4.002816480289795,3.7518346781471514,0.5019636042852866,3.500852876004508,0.77,model_agreement_half_kelly,draw,7.374459134913525,True,0.3270221695039091,3.05789666039154,False,-0.77
2025-10,data\historical_csv\football-data\2526\F2.csv:99,data\historical_csv\football-data\2526\F2.csv,99,2025-10-25,F2,Annecy,St Etienne,home,0.2711367613210543,0.2577143955622994,4.0478000000000005,4.11,4.317633035707602,0.0114223657587548,8,0.0,PS,4.0-5.0,sportsbook,0.2470477790404664,1.097507382475364,0.0134223657587548,0.0421276912179001,1.3981735236499684,0.0735151433396704,0.379096240967299,0.125,1.5366371856317065,home:4.0-5.0,home:sportsbook,sportsbook:4.0-5.0,3.4866335181219643,3.4866335181219643,True,3.277626824146473,3.277626824146473,3.382130171134219,0.20900669397549132,3.277626824146473,0.54,model_agreement_half_kelly,home,-7.341750525725765,False,0.2289101474239691,4.3685263028024695,True,1.65
2025-10,data\historical_csv\football-data\2526\SP2.csv:118,data\historical_csv\football-data\2526\SP2.csv,118,2025-10-26,SP2,Malaga,Andorra,away,0.3006769352956935,0.2938413046612447,3.6558,3.71,7.42250415805783,0.0048356306344488,8,0.0,PS,3.0-4.0,sportsbook,0.2735379397122381,1.0992147400539962,0.0068356306344488,0.0160824794548785,1.2963149475003666,0.0904066194188106,0.389772005592408,0.125,1.482575633240346,away:3.0-4.0,away:sportsbook,sportsbook:3.0-4.0,5.810997828093357,5.810997828093357,True,5.762218392264029,5.762218392264029,5.786608110178693,0.048779435829327866,5.762218392264029,1.08,model_agreement_half_kelly,home,-5.614042025070553,False,0.2581814048222809,3.8732456378427007,False,-1.08
2025-10,data\historical_csv\football-data\2526\SP2.csv:119,data\historical_csv\football-data\2526\SP2.csv,119,2025-10-26,SP2,Almeria,Castellon,away,0.2682081161683699,0.260297829288861,4.087,4.15,6.3837228303574856,0.0059102868795088,8,0.0,PS,4.0-5.0,sportsbook,0.2446782481037435,1.0961665707801278,0.0079102868795088,0.022036196979955,1.4078112045821405,0.0719355935785858,0.3775863911016994,0.125,1.5414729630536028,away:4.0-5.0,away:sportsbook,sportsbook:4.0-5.0,5.586326093936557,5.586326093936557,True,5.264799340754856,5.264799340754856,5.425562717345707,0.32152675318170054,5.264799340754856,0.85,model_agreement_half_kelly,home,8.676118818117583,True,0.2659068236313129,3.760715826482616,False,-0.85
2025-10,data\historical_csv\football-data\2526\T1.csv:91,data\historical_csv\football-data\2526\T1.csv,91,2025-10-27,T1,Samsunspor,Rizespor,away,0.2436122843811455,0.239091889228562,4.444700000000001,4.7,6.269172005418988,0.0025203951525835,8,0.05,BFE,4.0-5.0,exchange,0.2249870632438634,1.0827835203888778,0.0045203951525835,0.0103459279936811,1.4917123751246557,0.0593469451014001,0.3633994593437415,0.125,5.743919724615809,away:4.0-5.0,away:exchange,exchange:4.0-5.0,6.462915341744702,6.462915341744702,True,6.30544703549496,6.30544703549496,6.384181188619831,0.15746830624974173,6.30544703549496,0.92,model_agreement_half_kelly,draw,2.7513345263879163,True,0.231177209994798,4.3256859100536,False,-0.92
2025-10,data\historical_csv\football-data\2526\F2.csv:111,data\historical_csv\football-data\2526\F2.csv,111,2025-10-31,F2,Guingamp,Laval,away,0.2391304347826087,0.2252389286239294,4.6309000000000005,4.9,4.3058954564555,0.0118915061586792,7,0.05,BFE,4.0-5.0,exchange,0.2159407458593361,1.1073891304347827,0.0138915061586792,0.0497281166635677,1.5327512336571778,0.0571833648393194,0.3665274689180208,0.1428571428571428,5.810965471074736,away:4.0-5.0,away:exchange,exchange:4.0-5.0,5.980614857566903,5.980614857566903,True,5.442125546842802,5.442125546842802,5.7113702022048525,0.5384893107241009,5.442125546842802,0.75,model_agreement_half_kelly,home,-6.008679418510832,False,0.2029655587067074,4.926944287355846,False,-0.75
2025-10,data\historical_csv\football-data\2526\T1.csv:92,data\historical_csv\football-data\2526\T1.csv,92,2025-10-31,T1,Buyuksehyr,Kocaelispor,away,0.2211154476931223,0.2152834111684595,4.8171,5.1,3.704171993958649,0.0038320365246628,7,0.05,BFE,4.0-5.0,exchange,0.2075937804903365,1.06513522308254,0.0058320365246628,0.0173304785560761,1.5721720872416116,0.0488920412085299,0.3476315349210596,0.1428571428571428,5.87282805007161,away:4.0-5.0,away:exchange,exchange:4.0-5.0,4.2784814776142,4.2784814776142,True,4.309435291204533,4.309435291204533,4.2939583844093665,0.030953813590333112,4.2784814776142,0.56,model_agreement_half_kelly,home,25.290270686977443,True,0.2600948095056724,3.844751849914141,False,-0.56
2025-11,data\historical_csv\football-data\2526\I1.csv:93,data\historical_csv\football-data\2526\I1.csv,93,2025-11-01,I1,Napoli,Como,away,0.2240131237091837,0.2199407304407462,4.6358,4.71,1.9601238177211264,0.0020723932684375,8,0.0,PS,4.0-5.0,sportsbook,0.2157124983821562,1.0384800388910338,0.0040723932684375,0.0092512136526782,1.5338087839084396,0.050181879593946,0.3435932968559139,0.125,1.600586737995613,away:4.0-5.0,away:sportsbook,sportsbook:4.0-5.0,3.478284404943754,3.478284404943754,True,3.473723616621771,3.473723616621771,3.4760040107827628,0.004560788321982923,3.473723616621771,0.48,model_agreement_half_kelly,draw,0.6272363933274683,True,0.2170655256769651,4.606903822618939,False,-0.48
2025-11,data\historical_csv\football-data\2526\B1.csv:104,data\historical_csv\football-data\2526\B1.csv,104,2025-11-02,B1,St Truiden,Antwerp,away,0.277940908734857,0.2698996094017852,3.8861,4.1,4.885687209627743,0.0060412993330718,6,0.05,BFE,3.0-4.0,exchange,0.2573273976480276,1.0801061654345276,0.0080412993330717,0.0217359127181776,1.3574060840261055,0.0772511487483581,0.3772786805164395,0.1666666666666666,5.504233035691319,away:3.0-4.0,away:exchange,exchange:3.0-4.0,5.164675271133156,5.164675271133156,True,6.983822137676099,6.983822137676099,6.074248704404628,1.819146866542943,5.164675271133156,0.89,model_agreement_half_kelly,home,9.71310711050235,True,0.2823218834062488,3.542056279643912,False,-0.89
2025-11,data\historical_csv\football-data\2526\F1.csv:98,data\historical_csv\football-data\2526\F1.csv,98,2025-11-02,F1,Nantes,Metz,away,0.2396814498100606,0.2355267843197331,4.283,4.35,0.8761217241416874,0.0021546654903275,8,0.0,BMGM,4.0-5.0,sportsbook,0.2334812047630166,1.0265556495364896,0.0041546654903275,0.0089897048438041,1.454653698633234,0.0574471973830526,0.3486535074599805,0.125,1.5643240719122042,away:4.0-5.0,away:sportsbook,sportsbook:4.0-5.0,3.439718855253083,3.439718855253083,True,3.3858896376868453,3.3858896376868453,3.412804246469964,0.05382921756623782,3.3858896376868453,0.52,model_agreement_half_kelly,away,19.287798408488065,True,0.2785145888594165,3.5904761904761897,True,1.71
2025-11,data\historical_csv\football-data\2526\SP2.csv:133,data\historical_csv\football-data\2526\SP2.csv,133,2025-11-05,SP2,Sociedad B,Huesca,away,0.3738826601450236,0.3647109368568687,2.8718000000000004,2.91,4.737686846555556,0.0071717232881549,8,0.0,PS,2.0-3.0,sportsbook,0.3482136639041716,1.073716223404479,0.0091717232881549,0.0191817488550369,1.0549390108781396,0.1397882435571192,0.3944234036778788,0.125,1.3301761961139302,away:2.0-3.0,away:sportsbook,sportsbook:2.0-3.0,3.306647993886,3.306647993886,True,4.046956853902706,4.046956853902706,3.676802423894353,0.7403088600167056,3.306647993886,0.88,model_agreement_half_kelly,home,9.364603216575729,True,0.3808224918746978,2.625895322193917,False,-0.88
2025-11,data\historical_csv\football-data\2526\B1.csv:109,data\historical_csv\football-data\2526\B1.csv,109,2025-11-08,B1,Antwerp,RAAL La Louviere,away,0.2796610169491525,0.2746487044340094,3.793,4.0,4.174253591819754,0.0030123125151431,7,0.05,BFE,3.0-4.0,exchange,0.2636435539151068,1.0607542372881351,0.0050123125151431,0.0107712992965723,1.3331572627067618,0.0782102844010341,0.3728321158417215,0.1428571428571428,5.457421566042719,away:3.0-4.0,away:exchange,exchange:3.0-4.0,4.7610864523293,4.7610864523293,True,6.00027111243655,6.00027111243655,5.380678782382925,1.2391846601072505,4.7610864523293,0.85,model_agreement_half_kelly,home,-2.1376290340356374,False,0.2580078327602541,3.8758513232007945,False,-0.85
2025-11,data\historical_csv\football-data\2526\B1.csv:107,data\historical_csv\football-data\2526\B1.csv,107,2025-11-08,B1,Cercle Brugge,Oud-Heverlee Leuven,away,0.2777651820408236,0.2746541114915779,3.793,4.0,4.1763044887555,0.0011110705492457,7,0.05,BFE,3.0-4.0,exchange,0.2636435539151068,1.053563335480844,0.0031110705492456,0.0040000353574999,1.3331572627067618,0.0771534963541718,0.3703046697647898,0.1428571428571428,5.457421566042719,away:3.0-4.0,away:exchange,exchange:3.0-4.0,4.686315038042409,4.686315038042409,True,5.965123889099666,5.965123889099666,5.325719463571037,1.2788088510572573,4.686315038042409,0.84,model_agreement_half_kelly,away,4.235890481970395,True,0.2748112061217252,3.63886179938768,True,2.35
2025-11,data\historical_csv\football-data\2526\D2.csv:104,data\historical_csv\football-data\2526\D2.csv,104,2025-11-08,D2,Hannover,Darmstadt,away,0.2853043251844767,0.2747705301769943,3.74645,3.95,2.9414052781600475,0.0085337950074823,7,0.05,BFE,3.0-4.0,exchange,0.2669193503183013,1.0688783890873828,0.0105337950074823,0.0299112009674736,1.3208087249437692,0.0813985579689696,0.3768324419678511,0.1428571428571428,5.4331433757290215,away:3.0-4.0,away:exchange,exchange:3.0-4.0,3.7723092192891454,3.7723092192891454,True,4.799253627260014,4.799253627260014,4.28578142327458,1.0269444079708685,3.7723092192891454,0.69,model_agreement_half_kelly,away,5.522499571660644,True,0.2816599702963088,3.5503802650692284,True,1.9
2025-11,data\historical_csv\football-data\2526\B1.csv:119,data\historical_csv\football-data\2526\B1.csv,119,2025-11-23,B1,Antwerp,Dender,away,0.2419339362135399,0.227789780320909,4.9102,5.2,11.849337933172777,0.0121441558926308,7,0.05,BFE,4.0-5.0,exchange,0.2036576921510325,1.1879440135957235,0.0141441558926308,0.0501961654602764,1.591314674174411,0.0585320294917771,0.384993022877382,0.1428571428571428,5.901999918536927,away:4.0-5.0,away:exchange,exchange:4.0-5.0,14.251145641175237,14.251145641175237,True,14.876793175979852,14.876793175979852,14.563969408577545,0.6256475348046155,14.251145641175237,1.82,model_agreement_half_kelly,away,33.31532800472825,True,0.2715069202980087,3.6831473720905152,True,7.12
2025-11,data\historical_csv\football-data\2526\SP2.csv:161,data\historical_csv\football-data\2526\SP2.csv,161,2025-11-23,SP2,Cadiz,Cultural Leonesa,away,0.2309692286261675,0.2226599915971033,4.6358,4.71,3.2207189045851736,0.0063092370290641,8,0.0,PS,4.0-5.0,sportsbook,0.2157124983821562,1.0707271500651874,0.0083092370290641,0.0273163532068417,1.5338087839084396,0.0533467845721668,0.3542626316793724,0.125,1.600586737995613,away:4.0-5.0,away:sportsbook,sportsbook:4.0-5.0,5.044369635360328,5.044369635360328,True,4.88815463220571,4.88815463220571,4.966262133783019,0.15621500315461745,4.88815463220571,0.67,model_agreement_half_kelly,away,19.548237880433405,True,0.2578804907037262,3.877765228657332,True,2.44
2025-11,data\historical_csv\football-data\2526\F2.csv:135,data\historical_csv\football-data\2526\F2.csv,135,2025-11-24,F2,Reims,Montpellier,away,0.2638199195635793,0.2518346277882066,4.038,4.1,1.690822700877859,0.0099852917753727,6,0.0,BMGM,4.0-5.0,sportsbook,0.2476473501733531,1.0653048351977334,0.0119852917753727,0.0378488925017139,1.3957495198906458,0.0696009499585334,0.3682265260684547,0.1666666666666666,1.535413571074784,away:4.0-5.0,away:sportsbook,sportsbook:4.0-5.0,3.3285694896984146,3.3285694896984146,True,4.388487351159576,4.388487351159576,3.8585284204289954,1.059917861461161,3.3285694896984146,0.55,model_agreement_half_kelly,home,9.832481161257412,True,0.2719972292255012,3.676508039612944,False,-0.55
2025-11,data\historical_csv\football-data\2526\E2.csv:195,data\historical_csv\football-data\2526\E2.csv,195,2025-11-25,E2,Peterboro,Stevenage,home,0.3814568809691414,0.3765333921484713,3.45,3.5,29.90402029122261,0.00292348882067,8,0.0,PS,3.0-4.0,sportsbook,0.2898550724637681,1.3160262393435378,0.00492348882067,0.0076640086115173,1.2383742310432684,0.1455093520387056,0.472386371646324,0.125,1.4492753623188248,home:3.0-4.0,home:sportsbook,sportsbook:3.0-4.0,25.4687667890755,25.4687667890755,True,27.513325286386305,27.513325286386305,26.491046037730904,2.044558497310806,25.4687667890755,5.2,model_agreement_half_kelly,away,44.25340839057355,True,0.4181258214219523,2.391624599024341,False,-5.2
2025-11,data\historical_csv\football-data\2526\E2.csv:194,data\historical_csv\football-data\2526\E2.csv,194,2025-11-25,E2,Luton,Huddersfield,away,0.2942234626505688,0.2831181430358198,3.7244,3.78,5.444521192260732,0.009105319614749,8,0.0,PS,3.0-4.0,sportsbook,0.2684996241005263,1.0958058642957786,0.011105319614749,0.0309469528117235,1.3149057650322376,0.0865674459740906,0.3868761272469802,0.125,1.4928579099989348,away:3.0-4.0,away:sportsbook,sportsbook:3.0-4.0,4.6145992596346606,4.6145992596346606,True,4.62131552436893,4.62131552436893,4.617957392001795,0.006716264734269117,4.6145992596346606,0.85,model_agreement_half_kelly,home,11.57469437867924,True,0.2995776349980648,3.338032894232775,False,-0.85
2025-11,data\historical_csv\football-data\2526\T1.csv:120,data\historical_csv\football-data\2526\T1.csv,120,2025-11-29,T1,Rizespor,Kayserispor,away,0.2525264654926517,0.2463426055334392,4.2585,4.5,4.904998566415086,0.0041838599592125,8,0.05,BFE,4.0-5.0,exchange,0.2348244687096395,1.0753839533004572,0.0061838599592125,0.0165680058565356,1.4489169855989985,0.0637696157742114,0.3658898851655824,0.125,5.671010919337793,away:4.0-5.0,away:exchange,exchange:4.0-5.0,6.42970575914307,6.42970575914307,True,6.011036918905788,6.011036918905788,6.220371339024429,0.4186688402372827,6.011036918905788,0.92,model_agreement_half_kelly,away,5.39901444880484,True,0.2475026757046022,4.04036036036036,True,3.0
2025-11,data\historical_csv\football-data\2526\E3.csv:216,data\historical_csv\football-data\2526\E3.csv,216,2025-11-29,E3,Shrewsbury,Gillingham,home,0.3894132408376038,0.3872188984552482,2.715,2.75,5.129930930599902,0.0001943423823555,7,0.0,BMGM,2.0-3.0,sportsbook,0.3683241252302026,1.0572569488740944,0.0021943423823555,0.0004990646490025,0.9987919533858988,0.1516426721396456,0.3889428114905237,0.1428571428571428,1.2891344383057168,home:2.0-3.0,home:sportsbook,sportsbook:2.0-3.0,5.428796647581102,5.428796647581102,True,6.485593649235799,6.485593649235799,5.95719514840845,1.0567970016546973,5.428796647581102,1.58,model_agreement_half_kelly,draw,4.576014323264044,True,0.3851786899567737,2.5961976248276457,False,-1.58
2025-11,data\historical_csv\football-data\2526\SP2.csv:175,data\historical_csv\football-data\2526\SP2.csv,175,2025-11-30,SP2,Cordoba,Cadiz,away,0.2611909527299508,0.2526407418699892,4.273199999999999,4.34,7.958441815883765,0.0065502108599616,8,0.0,PS,4.0-5.0,sportsbook,0.2340166619863334,1.1161211792056258,0.0085502108599616,0.0250782455957959,1.4523629610895952,0.0682207137879794,0.3793440655166839,0.125,1.5632313020687238,away:4.0-5.0,away:sportsbook,sportsbook:4.0-5.0,8.500091861646963,8.500091861646963,True,8.219123303516218,8.219123303516218,8.35960758258159,0.28096855813074484,8.219123303516218,1.26,model_agreement_half_kelly,away,-6.243277596524798,False,0.2194063521564055,4.5577531834043805,True,4.12
2025-12,data\historical_csv\football-data\2526\SP1.csv:141,data\historical_csv\football-data\2526\SP1.csv,141,2025-12-01,SP1,Vallecano,Valencia,away,0.2355861252607803,0.2302386915519054,4.528,4.6,4.252079534702768,0.0033474337088748,8,0.0,BMGM,4.0-5.0,sportsbook,0.2208480565371025,1.0667339751808131,0.0053474337088748,0.0142089594842203,1.5102803409008818,0.055500822415388,0.3558010935703691,0.125,1.590106007067149,away:4.0-5.0,away:sportsbook,sportsbook:4.0-5.0,6.652936323024132,6.652936323024132,True,7.367567554457999,7.367567554457999,7.010251938741066,0.7146312314338665,6.652936323024132,0.94,model_agreement_half_kelly,draw,8.278725409585164,True,0.2391314607102146,4.18180024088016,False,-0.94
2025-12,data\historical_csv\football-data\2526\E1.csv:227,data\historical_csv\football-data\2526\E1.csv,227,2025-12-06,E1,Swansea,Oxford,away,0.2575249899780308,0.2500228430795116,4.038,4.1,0.9592240355067894,0.0055021468985192,8,0.0,BMGM,4.0-5.0,sportsbook,0.2476473501733531,1.039885909531289,0.0075021468985192,0.0213654872833454,1.3957495198906458,0.0663191204631848,0.3594403811216799,0.125,1.535413571074784,away:4.0-5.0,away:sportsbook,sportsbook:4.0-5.0,3.822965865754044,3.822965865754044,True,4.080547937113499,4.080547937113499,3.9517569014337717,0.257582071359455,3.822965865754044,0.63,model_agreement_half_kelly,home,4.114479376835023,True,0.2578367493235141,3.878423082138983,False,-0.63
2025-12,data\historical_csv\football-data\2526\I2.csv:147,data\historical_csv\football-data\2526\I2.csv,147,2025-12-08,I2,Mantova,Reggiana,away,0.2633631755644789,0.256005013570644,4.136,4.2,5.883673612818363,0.005358161993835,7,0.0,BMGM,4.0-5.0,sportsbook,0.241779497098646,1.0892700941346851,0.0073581619938349,0.0203451449973998,1.419729137206128,0.0693601622434065,0.3739043740160237,0.1428571428571428,1.547388781431347,away:4.0-5.0,away:sportsbook,sportsbook:4.0-5.0,7.003361699312148,7.003361699312148,True,7.998987232293975,7.998987232293975,7.501174465803061,0.9956255329818271,7.003361699312148,1.12,model_agreement_half_kelly,away,28.117482364573053,True,0.3097618045565112,3.228286978220924,True,3.51
2025-12,data\historical_csv\football-data\2526\I2.csv:150,data\historical_csv\football-data\2526\I2.csv,150,2025-12-08,I2,Bari,Pescara,away,0.2388243083011821,0.2341894383148305,4.43,4.5,3.745921173469924,0.0026348699863515,6,0.0,BMGM,4.0-5.0,sportsbook,0.2257336343115124,1.0579916857742366,0.0046348699863515,0.0110326708578958,1.4883995840570443,0.057037050235538,0.3554660011381907,0.1666666666666666,1.5801354401805856,away:4.0-5.0,away:sportsbook,sportsbook:4.0-5.0,4.8379666524377285,4.8379666524377285,True,5.764059975056712,5.764059975056712,5.30101331374722,0.9260933226189838,4.8379666524377285,0.71,model_agreement_half_kelly,draw,16.257085953120722,True,0.2624313452666382,3.810520420051079,False,-0.71
2025-12,data\historical_csv\football-data\2526\D2.csv:142,data\historical_csv\football-data\2526\D2.csv,142,2025-12-13,D2,Hannover,Bochum,away,0.224319697811258,0.2070574394885789,4.92,5.0,1.8722602283808287,0.015262258322679,7,0.0,B365,4.0-5.0,sportsbook,0.2032520325203252,1.1036529132313893,0.017262258322679,0.068037976475524,1.5933085305042167,0.0503193268261341,0.3574104880828054,0.1428571428571428,1.6260162601626105,away:4.0-5.0,away:sportsbook,sportsbook:4.0-5.0,5.443502591451409,5.443502591451409,True,6.000691651042733,6.000691651042733,5.722097121247071,0.557189059591324,5.443502591451409,0.69,model_agreement_half_kelly,draw,12.19996228492073,True,0.2280487038311396,4.385028211957992,False,-0.69
2025-12,data\historical_csv\football-data\2526\B1.csv:145,data\historical_csv\football-data\2526\B1.csv,145,2025-12-14,B1,Genk,Westerlo,away,0.2184354636399791,0.2146663889700738,4.9102,5.2,5.405490312085659,0.0017690746699052,7,0.05,BFE,4.0-5.0,exchange,0.2036576921510325,1.0725618135650257,0.0037690746699053,0.0080988436603913,1.591314674174411,0.0477140517756126,0.3475995586503899,0.1428571428571428,5.901999918536927,away:4.0-5.0,away:exchange,exchange:4.0-5.0,5.47522962778652,5.47522962778652,True,6.10593140033544,6.10593140033544,5.790580514060981,0.6307017725489201,5.47522962778652,0.7,model_agreement_half_kelly,draw,35.68140403286036,True,0.2763256161314414,3.618918918918919,False,-0.7
2025-12,data\historical_csv\football-data\2526\SP1.csv:159,data\historical_csv\football-data\2526\SP1.csv,159,2025-12-14,SP1,Sevilla,Oviedo,away,0.2254435999294,0.2137176324316359,4.626,4.7,-1.1342232371252314,0.0097259674977641,8,0.0,BMGM,4.0-5.0,sportsbook,0.216169476869866,1.0429020932734046,0.0117259674977641,0.0431414664280108,1.5316925638092471,0.0508248167491273,0.345310285570249,0.125,1.5996541288370247,away:4.0-5.0,away:sportsbook,sportsbook:4.0-5.0,3.639792643057561,3.639792643057561,True,4.003284879234825,4.003284879234825,3.821538761146193,0.36349223617726434,3.639792643057561,0.5,model_agreement_half_kelly,home,11.188464447806346,True,0.2403555219364599,4.160503540519276,False,-0.5
2025-12,data\historical_csv\football-data\2526\T1.csv:153,data\historical_csv\football-data\2526\T1.csv,153,2025-12-22,T1,Buyuksehyr,Gaziantep,away,0.2225584265636819,0.2132111119423937,4.9102,5.2,4.690920185954184,0.0073473146212881,7,0.05,BFE,4.0-5.0,exchange,0.2036576921510325,1.092806386112991,0.0093473146212881,0.0330129698287827,1.591314674174411,0.0495322532345018,0.3541604900519551,0.1428571428571428,5.901999918536927,away:4.0-5.0,away:exchange,exchange:4.0-5.0,5.581361279655674,5.581361279655674,True,6.247193317848598,6.247193317848598,5.914277298752136,0.6658320381929244,5.581361279655674,0.71,model_agreement_half_kelly,home,-5.2041609773423865,False,0.1930590180087524,5.179763216006125,False,-0.71
2025-12,data\historical_csv\football-data\2526\E1.csv:264,data\historical_csv\football-data\2526\E1.csv,264,2025-12-26,E1,Birmingham,Derby,away,0.2231158635966873,0.2178970449828908,4.724,4.8,2.934564049917654,0.0032188186137964,8,0.0,BMGM,4.0-5.0,sportsbook,0.2116850127011007,1.0539993396307512,0.0052188186137965,0.0144266685564543,1.552655898335116,0.0497806885884956,0.3464221616255298,0.125,1.608806096528359,away:4.0-5.0,away:sportsbook,sportsbook:4.0-5.0,5.985055695030491,5.985055695030491,True,6.647246752605729,6.647246752605729,6.31615122381811,0.6621910575752379,5.985055695030491,0.8,model_agreement_half_kelly,draw,11.128767962811548,True,0.2352429465766544,4.250924478512038,False,-0.8
2025-12,data\historical_csv\football-data\2526\B1.csv:155,data\historical_csv\football-data\2526\B1.csv,155,2025-12-26,B1,Cercle Brugge,St. Gilloise,home,0.2505041219318841,0.2430365670003539,4.234,4.3,2.90168246794984,0.0054675549315302,7,0.0,BMGM,4.0-5.0,sportsbook,0.2361832782239017,1.0606344522595974,0.0074675549315302,0.0218262074466661,1.4431471727126737,0.0627523151048642,0.3615143153188694,0.1428571428571428,1.558809636277747,home:4.0-5.0,home:sportsbook,sportsbook:4.0-5.0,4.239872773599368,4.239872773599368,True,4.932467771272275,4.932467771272275,4.5861702724358215,0.6925949976729076,4.239872773599368,0.66,model_agreement_half_kelly,draw,7.866862281747555,True,0.2547634914542928,3.925209198113892,False,-0.66
2025-12,data\historical_csv\football-data\2526\E3.csv:268,data\historical_csv\football-data\2526\E3.csv,268,2025-12-29,E3,Bristol Rvs,Barnet,home,0.2763157894736842,0.2699449019571037,3.842,3.9,3.712831331919264,0.0043708875165804,7,0.0,BMGM,3.0-4.0,sportsbook,0.2602811035918792,1.061605263157895,0.0063708875165804,0.0158184500600055,1.345993064346365,0.0763504155124654,0.3719191362009693,0.1428571428571428,1.5096304008328951,home:3.0-4.0,home:sportsbook,sportsbook:3.0-4.0,3.550053733248071,3.550053733248071,True,4.350633793730907,4.350633793730907,3.9503437634894887,0.8005800604828361,3.550053733248071,0.62,model_agreement_half_kelly,away,9.228267594514053,True,0.2843005403292921,3.5174045003282317,False,-0.62
2026-01,data\historical_csv\football-data\2526\F2.csv:157,data\historical_csv\football-data\2526\F2.csv,157,2026-01-03,F2,Bastia,Grenoble,away,0.2765583089752307,0.2647323304282794,3.94,4.0,4.304538188742102,0.0098259785469512,7,0.0,BMGM,3.0-4.0,sportsbook,0.2538071065989847,1.089639737362409,0.0118259785469512,0.0355295003912947,1.3711807233098423,0.0764844982632391,0.3792114221380037,0.1428571428571428,1.522842639593902,away:3.0-4.0,away:sportsbook,sportsbook:3.0-4.0,5.9975899112165685,3.925174387355718,True,6.4655644549691305,4.373137087422663,6.231577183092849,0.467974543752562,3.925174387355718,0.67,model_agreement_half_kelly,home,3.794955360494612,True,0.2634389729961792,3.795945560471432,False,-0.67
2026-01,data\historical_csv\football-data\2526\T1.csv:163,data\historical_csv\football-data\2526\T1.csv,163,2026-01-19,T1,Goztep,Rizespor,away,0.2392388211647393,0.2259457091467538,4.6309000000000005,4.9,4.633198448770237,0.0112931120179854,7,0.05,BFE,4.0-5.0,exchange,0.2159407458593361,1.1078910569317912,0.0132931120179854,0.0472043456952542,1.5327512336571778,0.0572352135522941,0.3666935982789431,0.1428571428571428,5.810965471074736,away:4.0-5.0,away:exchange,exchange:4.0-5.0,6.104792198824216,4.032376674963366,True,6.453428630383029,3.994082971405644,6.279110414603623,0.34863643155881263,3.994082971405644,0.55,model_agreement_half_kelly,home,13.565263821779382,True,0.2452336777338732,4.077743355809378,False,-0.55
2026-01,data\historical_csv\football-data\2526\F2.csv:174,data\historical_csv\football-data\2526\F2.csv,174,2026-01-23,F2,Annecy,Clermont,away,0.2533716320387636,0.2485539344867412,4.136,4.2,2.801907303716189,0.0028176975520223,7,0.0,BMGM,4.0-5.0,sportsbook,0.241779497098646,1.0479450701123263,0.0048176975520223,0.0111208091030146,1.419729137206128,0.0641971839219866,0.3597190885469024,0.1428571428571428,1.547388781431347,away:4.0-5.0,away:sportsbook,sportsbook:4.0-5.0,6.037999523565142,3.965583999704291,True,5.662575734960051,3.466058071972178,5.8502876292625965,0.3754237886050902,3.466058071972178,0.55,model_agreement_half_kelly,home,-1.36417989636356,False,0.2384811898056973,4.193202830020893,False,-0.55
2026-01,data\historical_csv\football-data\2526\E2.csv:340,data\historical_csv\football-data\2526\E2.csv,340,2026-01-31,E2,Wigan,Lincoln,away,0.4289168186315699,0.4236239993459098,2.568,2.6,8.786643032029652,0.0032928192856601,5,0.0,BMGM,2.0-3.0,sportsbook,0.3894080996884735,1.1014583902458717,0.0052928192856601,0.0076770579809988,0.9431273858277148,0.183969637305027,0.4045231978935326,0.2,1.2461059190031154,away:2.0-3.0,away:sportsbook,sportsbook:2.0-3.0,5.191612101307582,3.1191965774467314,True,7.26922853056613,5.905433231109458,6.230420315936856,2.0776164292585477,3.1191965774467314,0.99,model_agreement_half_kelly,away,12.150170737052978,True,0.4367218486645365,2.289786973236917,True,1.55
2026-03,data\historical_csv\football-data\2526\E2.csv:411,data\historical_csv\football-data\2526\E2.csv,411,2026-03-07,E2,Blackpool,Wigan,away,0.3416723079312223,0.3385407623742103,3.058,3.1,3.525765134033509,0.0011315455570119,5,0.0,BMGM,3.0-4.0,sportsbook,0.3270111183780249,1.0448339176536778,0.003131545557012,0.0033117859737107,1.1177611075068703,0.116739966007048,0.3819080173176316,0.2,1.373446697187708,away:3.0-4.0,away:sportsbook,sportsbook:3.0-4.0,4.649701592785346,4.649701592785346,True,4.554979144478266,4.554979144478266,4.602340368631806,0.09472244830707943,4.554979144478266,1.11,model_agreement_half_kelly,draw,7.964212423565842,True,0.3530549784943291,2.8324200504541595,False,-1.11
2026-03,data\historical_csv\football-data\2526\T1.csv:222,data\historical_csv\football-data\2526\T1.csv,222,2026-03-08,T1,Konyaspor,Kasimpasa,away,0.2573412444250001,0.2526988345019886,4.2585,4.5,7.611798672671832,0.0026424099230115,5,0.05,BFE,4.0-5.0,exchange,0.2348244687096395,1.0958876893838632,0.0046424099230115,0.0102681166748678,1.4489169855989985,0.0662245160822076,0.3728661001425663,0.2,5.671010919337793,away:4.0-5.0,away:exchange,exchange:4.0-5.0,6.245068945289635,6.245068945289635,True,7.084644988806943,7.084644988806943,6.664856967048289,0.8395760435173081,6.245068945289635,0.96,model_agreement_half_kelly,draw,-9.217394865533246,False,0.2131797701877815,4.690876620793521,False,-0.96
2026-03,data\historical_csv\football-data\2526\B1.csv:224,data\historical_csv\football-data\2526\B1.csv,224,2026-03-08,B1,Waregem,Standard,away,0.2633501406726146,0.2506652077749471,4.0723,4.3,2.078392562191711,0.0106849328976674,7,0.05,BFE,4.0-5.0,exchange,0.2455614763155956,1.0724407778610885,0.0126849328976674,0.0405731049559245,1.404207950404769,0.0693532965922859,0.3697983612726998,0.1428571428571428,5.591434815706098,away:4.0-5.0,away:exchange,exchange:4.0-5.0,3.3738654573755813,3.3738654573755813,True,3.835587727142342,3.835587727142342,3.6047265922589617,0.4617222697667609,3.3738654573755813,0.55,model_agreement_half_kelly,away,-9.49003279354752,False,0.2222576116849261,4.499283477488306,True,1.69
2026-03,data\historical_csv\football-data\2526\B1.csv:223,data\historical_csv\football-data\2526\B1.csv,223,2026-03-08,B1,Gent,Mechelen,away,0.2695269982574083,0.2651249448773181,3.9792,4.2,5.498518065582414,0.0024020533800901,7,0.05,BFE,3.0-4.0,exchange,0.2513067953357458,1.072501831465879,0.0044020533800901,0.0089121067485645,1.3810807940670031,0.0726448027896489,0.3722385607758371,0.1428571428571428,5.548854041013263,away:3.0-4.0,away:exchange,exchange:3.0-4.0,3.09525566919747,3.09525566919747,True,3.536204042956137,3.536204042956137,3.3157298560768034,0.4409483737586668,3.09525566919747,0.52,model_agreement_half_kelly,home,10.86034148150421,True,0.2785995714754328,3.589380969626441,False,-0.52
2026-03,data\historical_csv\football-data\2526\P1.csv:226,data\historical_csv\football-data\2526\P1.csv,226,2026-03-09,P1,Tondela,Rio Ave,away,0.2706393745293617,0.2634264241534999,3.9792,4.2,4.822642699160684,0.0052129503758617,7,0.05,BFE,3.0-4.0,exchange,0.2513067953357458,1.076928199127236,0.0072129503758617,0.0192616110827444,1.3810807940670031,0.0732456710456441,0.3737748422808079,0.1428571428571428,5.548854041013263,away:3.0-4.0,away:exchange,exchange:3.0-4.0,3.06414970305314,3.06414970305314,True,3.547738782321108,3.547738782321108,3.305944242687124,0.483589079267968,3.06414970305314,0.51,model_agreement_half_kelly,away,6.476133037552501,True,0.2675817577340985,3.737175540171615,True,1.52
2026-03,data\historical_csv\football-data\2526\I1.csv:289,data\historical_csv\football-data\2526\I1.csv,289,2026-03-15,I1,Como,Roma,home,0.4504923328984877,0.4477037529912911,2.274,2.3,1.8078334302196184,0.0007885799071965,7,0.0,LB,2.0-3.0,sportsbook,0.4397537379067722,1.0244195650111612,0.0027885799071965,0.0017504846356048,0.8215403953283443,0.2029433420003218,0.3700976492618117,0.1428571428571428,1.1433597185575906,home:2.0-3.0,home:sportsbook,sportsbook:2.0-3.0,2.987140087339741,2.987140087339741,True,2.5396169016169923,2.5396169016169923,2.7633784944783666,0.44752318572274863,2.5396169016169923,1.0,model_agreement_half_kelly,home,2.7053503009825564,True,0.4516506169788151,2.214100816886309,True,1.27
2026-03,data\historical_csv\football-data\2526\T1.csv:240,data\historical_csv\football-data\2526\T1.csv,240,2026-03-19,T1,Kayserispor,Karagumruk,away,0.2544720119041691,0.2471186376268013,4.2585,4.5,5.235471833373362,0.0053533742773677,5,0.05,BFE,4.0-5.0,exchange,0.2348244687096395,1.083669062693904,0.0073533742773677,0.0210371829786285,1.4489169855989985,0.0647560048425555,0.3687088204075012,0.2,5.671010919337793,away:4.0-5.0,away:exchange,exchange:4.0-5.0,4.816640610162655,4.816640610162655,True,5.574893060372976,5.574893060372976,5.195766835267816,0.7582524502103212,4.816640610162655,0.74,model_agreement_half_kelly,home,19.03278829597461,True,0.2795181127062924,3.577585689592732,False,-0.74
