test_month,candidate_id,source_file,source_row,date,league,home_team,away_team,outcome,probability,conservative_probability,odds,raw_odds,conservative_ev_pct,reference_dispersion,reference_bookmakers,execution_cost_rate,execution_bookmaker,odds_band,source_type,implied_probability,price_ratio,probability_uncertainty,relative_dispersion,log_odds,probability_squared,odds_probability_interaction,reference_depth_inverse,raw_net_odds_gap_pct,outcome_odds_band,outcome_source_type,source_odds_band,direct_predicted_clv_pct,direct_lower_clv_pct,predicted_positive_clv_probability,direct_staking_probability,direct_unshrunk_market_staking_probability,direct_market_staking_probability,direct_market_calibration_weight,direct_market_logistic_staking_probability,direct_validated_market_residual_staking_probability,outcome_probability_weight,staking_probability_profile,decision_frozen_before_closing_and_result,movement_predicted_clv_pct,movement_lower_clv_pct,movement_staking_probability,movement_market_staking_probability,movement_market_logistic_staking_probability,movement_validated_market_residual_staking_probability,movement_unshrunk_market_staking_probability,movement_market_calibration_weight,predicted_closing_edge_pct,model_disagreement_pct,lower_closing_edge_pct,staking_probability,minimum_lower_clv_staking_probability,peer_positive_clv_probability,local_positive_clv_probability,stake_multiplier,stake,stake_policy,horizon_role,closing_fair_odds,closing_probability,positive_clv,won,profit,closing_edge_pct,actual_outcome,adaptive_confidence_cap,cap_selected_from_prior_closing_only,estimated_probability_from_lower_clv,estimated_probability_from_unshrunk_training_market,estimated_probability_from_training_market,market_calibration_weight,estimated_probability_from_training_market_logistic,estimated_probability_from_validated_market_residual,peer_probability,cross_cost_positive_clv_probability
2021-12,data\historical_csv\football-data\2122\B1.csv:153,data\historical_csv\football-data\2122\B1.csv,153,2021-12-05,B1,Standard,Charleroi,draw,0.2705801500737049,0.2539979153803977,4.038,4.1,2.564358230604613,0.0145822346933071,5,0.0,BW,4.0-5.0,sportsbook,0.2476473501733531,1.0926026459976204,0.0165822346933071,0.0538924776608151,1.3957495198906458,0.0732136176139086,0.3776621145573124,0.2,1.535413571074784,draw:4.0-5.0,draw:sportsbook,sportsbook:4.0-5.0,6.76514087639357,4.840709193668474,0.8486490853385098,0.259635238221071,0.2588410084624207,0.259635238221071,0.0,,,0.0,lower_clv,True,6.905212016184392,4.8456017631991255,0.259647354539869,0.259647354539869,,,0.2588410084624207,0.0,6.8351764462889815,0.1400711397908223,4.840709193668474,0.259635238221071,0.259635238221071,0.8486490853385098,0.8486490853385098,1.05,1.25,model_agreement_0.75_kelly,9m3m_core,3.595066851432493,0.2781589442770832,True,False,-1.25,12.32058169908623,away,1.05,True,,,,,,,,
2021-12,data\historical_csv\football-data\2122\B1.csv:158,data\historical_csv\football-data\2122\B1.csv,158,2021-12-11,B1,St Truiden,Cercle Brugge,away,0.3742291928140182,0.3680812060592269,2.862,2.9,5.3448411741507496,0.0041479867547913,5,0.0,WH,2.0-3.0,sportsbook,0.3494060097833683,1.0710439498337203,0.0061479867547913,0.0110840811845825,1.0515206811342592,0.1400474887542316,0.3935097357281205,0.2,1.327742837176782,away:2.0-3.0,away:sportsbook,sportsbook:2.0-3.0,5.683914594685907,3.75948291196081,0.6562629580132477,0.3625418690145381,0.3679860747722739,0.3625418690145381,0.0,,,0.0,lower_clv,True,6.328789090540998,4.869005894888745,0.366418608996816,0.366418608996816,,,0.3679860747722739,0.0,6.006351842613453,0.6448744958550909,3.75948291196081,0.3625418690145381,0.3625418690145381,0.6562629580132477,0.6562629580132477,1.0,1.51,model_agreement_0.75_kelly,9m3m_core,2.668555614413742,0.3747345547526432,True,True,2.81,7.2490295702065,away,1.05,True,,,,,,,,
2021-12,data\historical_csv\football-data\2122\B1.csv:162,data\historical_csv\football-data\2122\B1.csv,162,2021-12-12,B1,Gent,Genk,home,0.5207001905742764,0.5087468653108813,2.029,2.05,3.224738971577823,0.009953325263395,5,0.0,WH,2.0-3.0,sportsbook,0.4928536224741252,1.0565006866752067,0.011953325263395,0.0191152710207722,0.7075430608436777,0.2711286884640878,0.3684178066208098,0.2,1.0349926071956617,home:2.0-3.0,home:sportsbook,sportsbook:2.0-3.0,6.971487795427491,5.0470561127023945,0.7635206858391334,0.5177282213538807,0.5244953400213775,0.5177282213538807,0.0,,,0.0,lower_clv,True,6.77383586358733,5.738930166879297,0.5211381476928502,0.5211381476928502,,,0.5244953400213775,0.0,6.87266182950741,0.197651931840161,5.0470561127023945,0.5177282213538807,0.5177282213538807,0.7635206858391334,0.7635206858391334,1.0180275811188444,3.74,model_agreement_0.75_kelly,9m3m_core,1.6777946634594878,0.5960204915290852,True,True,3.85,20.93255773125138,home,1.05,True,,,,,,,,
2021-12,data\historical_csv\football-data\2122\I2.csv:162,data\historical_csv\football-data\2122\I2.csv,162,2021-12-10,I2,Cremonese,Crotone,home,0.5471061763299465,0.5330356378786342,1.9604,1.98,4.49630644972745,0.0120705384513122,5,0.0,BW,1.5-2.0,sportsbook,0.5100999795960008,1.0725469480772272,0.0140705384513123,0.0220625154193705,0.6731485340532554,0.2993251681783745,0.3682837205679853,0.2,0.9997959600081652,home:1.5-2.0,home:sportsbook,sportsbook:1.5-2.0,6.86749950456019,4.943067821835093,0.8421735952990188,0.5353145675465981,0.5527177388996904,0.5353145675465981,0.0,,,0.0,lower_clv,True,7.7027435611320305,6.702827776101761,0.544291102714251,0.544291102714251,,,0.5527177388996904,0.0,7.2851215328461105,0.8352440565718409,4.943067821835093,0.5353145675465981,0.5353145675465981,0.8421735952990188,0.8421735952990188,1.05,4.05,model_agreement_0.75_kelly,9m3m_core,1.8275045540839805,0.5471942588407068,True,True,3.89,7.271962503132157,home,1.05,True,,,,,,,,
2021-12,data\historical_csv\football-data\2122\N1.csv:140,data\historical_csv\football-data\2122\N1.csv,140,2021-12-11,N1,Zwolle,For Sittard,home,0.5228425503533685,0.5068772830637751,1.98,2.0,0.3617020466274656,0.0139652672895933,5,0.0,BW,1.5-2.0,sportsbook,0.5050505050505051,1.0352282496996696,0.0159652672895933,0.0267102730643379,0.6830968447064438,0.2733643324600146,0.3571520964246559,0.2,1.0101010101010166,home:1.5-2.0,home:sportsbook,sportsbook:1.5-2.0,4.057453170251396,2.133021487526299,0.7519455942210328,0.5158233408460924,0.5267866060211436,0.5158233408460924,0.0,,,0.0,lower_clv,True,4.147620076020964,3.137707173368476,0.5208975109766084,0.5208975109766084,,,0.5267866060211436,0.0,4.10253662313618,0.0901669057695677,2.133021487526299,0.5158233408460924,0.5158233408460924,0.7519455942210328,0.7519455942210328,1.0025941256280435,1.64,model_agreement_0.75_kelly,9m3m_core,2.1971794303509165,0.4551289649750124,False,False,-1.64,-9.884464934947534,away,1.05,True,,,,,,,,
2021-12,data\historical_csv\football-data\2122\T1.csv:191,data\historical_csv\football-data\2122\T1.csv,191,2021-12-27,T1,Konyaspor,Besiktas,draw,0.2834178223434885,0.2749427582864788,3.8126,3.87,4.824676024302943,0.0064750640570096,4,0.0,PS,3.0-4.0,sportsbook,0.2622882022766616,1.0805587894667843,0.0084750640570096,0.0228463545569204,1.3383113710977392,0.0803256620219252,0.3793012944140496,0.25,1.5055342810680328,draw:3.0-4.0,draw:sportsbook,sportsbook:3.0-4.0,4.914053108174562,2.989621425449465,0.6704469067923435,0.2701296265683509,0.2722207928489851,0.2701296265683509,0.0,,,0.0,lower_clv,True,5.295501591470075,3.350858191140293,0.2710771079870437,0.2710771079870437,,,0.2722207928489851,0.0,5.104777349822319,0.3814484832955136,2.989621425449465,0.2701296265683509,0.2701296265683509,0.6704469067923435,0.6704469067923435,0.5,0.4,model_agreement_0.75_kelly,9m3m_core,3.5415519488763585,0.2823620871401516,True,False,-0.4,7.653369343054206,home,1.05,True,,,,,,,,
2022-01,data\historical_csv\football-data\2122\N1.csv:164,data\historical_csv\football-data\2122\N1.csv,164,2022-01-14,N1,Zwolle,Willem II,home,0.3123726560091148,0.3085295519898937,3.45,3.5,6.442695436513324,0.001843104019221,5,0.0,BW,3.0-4.0,sportsbook,0.2898550724637681,1.077685663231446,0.0038431040192211,0.0059003372534864,1.2383742310432684,0.0975766762221887,0.3868342476842309,0.2,1.4492753623188248,home:3.0-4.0,home:sportsbook,sportsbook:3.0-4.0,6.102862385134451,4.2047361918972905,0.7938920103381342,0.3020427135997023,0.2949255707955616,0.3020427135997023,0.0,,,0.0,lower_clv,True,7.011467514879333,5.250016205667052,0.3050725107410639,0.3050725107410639,,,0.2949255707955616,0.0,6.557164950006891,0.908605129744882,4.2047361918972905,0.3020427135997023,0.3020427135997023,0.7938920103381342,0.7938920103381342,1.05,1.35,model_agreement_0.75_kelly,9m3m_core,2.554000684227436,0.391542573256002,True,True,3.31,35.082187773320705,home,1.05,True,,,,,,,,
2022-02,data\historical_csv\football-data\2122\B1.csv:235,data\historical_csv\football-data\2122\B1.csv,235,2022-02-12,B1,Eupen,Gent,away,0.5487808885282728,0.5413274488873124,1.98,2.0,7.182834879687872,0.0054534396409603,5,0.0,WH,1.5-2.0,sportsbook,0.5050505050505051,1.08658615928598,0.0074534396409603,0.0099373716449663,0.6830968447064438,0.3011604636138805,0.3748704933888618,0.2,1.0101010101010166,away:1.5-2.0,away:sportsbook,sportsbook:1.5-2.0,7.217938190514625,7.217938190514625,0.7541058478218535,0.5415047383359324,0.5520093735076086,0.5415047383359324,0.0,,,0.0,lower_clv,True,8.600395066075151,8.600395066075151,0.5484868437680563,0.5484868437680563,,,0.5520093735076086,0.0,7.909166628294888,1.3824568755605269,7.217938190514625,0.5415047383359324,0.5415047383359324,0.7541058478218535,0.7541058478218535,1.0054744637624713,5.55,model_agreement_0.75_kelly,9m3m_core,1.6223016043077598,0.6164081927458258,True,True,5.44,22.04882216367352,away,1.05,True,,,,,,,,
2022-02,data\historical_csv\football-data\2122\B1.csv:239,data\historical_csv\football-data\2122\B1.csv,239,2022-02-13,B1,Genk,Standard,home,0.5631690651038209,0.5510857689691911,1.8624,1.88,2.634213612822145,0.0100832961346298,5,0.0,WH,1.5-2.0,sportsbook,0.5369415807560138,1.048846066849356,0.0120832961346297,0.0179045632287543,0.6218659785549815,0.3171593958899117,0.3502156817626817,0.2,0.9450171821305808,home:1.5-2.0,home:sportsbook,sportsbook:1.5-2.0,5.22131411919804,5.22131411919804,0.7441844894990929,0.5649769873238727,0.5672328745097021,0.5649769873238727,0.0,,,0.0,lower_clv,True,5.626027292210356,5.626027292210356,0.5671500606325728,0.5671500606325728,,,0.5672328745097021,0.0,5.423670705704199,0.4047131730123157,5.22131411919804,0.5649769873238727,0.5649769873238727,0.7441844894990929,0.7441844894990929,1.0,3.76,model_agreement_0.75_kelly,9m3m_core,1.7599921770022209,0.5681843436959425,True,True,3.24,5.818652169932315,home,1.05,True,,,,,,,,
2022-02,data\historical_csv\football-data\2122\B1.csv:240,data\historical_csv\football-data\2122\B1.csv,240,2022-02-13,B1,St. Gilloise,St Truiden,home,0.6812181510308626,0.6642446755720056,1.6076,1.62,6.783974044955632,0.0149734754588569,5,0.0,WH,1.5-2.0,sportsbook,0.6220452848967404,1.0951262995972149,0.0169734754588569,0.0219804411203637,0.4747423835929091,0.4640581692939071,0.323403128767146,0.2,0.771336153271962,home:1.5-2.0,home:sportsbook,sportsbook:1.5-2.0,9.91031614224234,9.91031614224234,0.8897696392411415,0.6836919391779195,0.691292733943027,0.6836919391779195,0.0,,,0.0,lower_clv,True,10.335110368001589,10.335110368001589,0.6863343516297684,0.6863343516297684,,,0.691292733943027,0.0,10.122713255121964,0.4247942257592481,9.91031614224234,0.6836919391779195,0.6836919391779195,0.8897696392411415,0.8897696392411415,1.05,10.62,model_agreement_0.75_kelly,9m3m_core,1.5408043039911443,0.6490116865650626,True,False,-10.62,4.335118732199472,away,1.05,True,,,,,,,,
2022-02,data\historical_csv\football-data\2122\I2.csv:216,data\historical_csv\football-data\2122\I2.csv,216,2022-02-12,I2,Vicenza,Cosenza,draw,0.2881650845183673,0.2825315302114359,3.646,3.7,3.0109959150895538,0.0036335543069313,5,0.0,PS,3.0-4.0,sportsbook,0.274273176083379,1.0506498981539674,0.0056335543069314,0.0126092802429705,1.293630676256471,0.0830391159354778,0.3727791931589987,0.2,1.4810751508502529,draw:3.0-4.0,draw:sportsbook,sportsbook:3.0-4.0,3.3059470055487497,3.3059470055487497,0.5955018315597275,0.283340501935131,0.27745259505481,0.283340501935131,0.0,,,0.0,lower_clv,True,3.9221646094576457,3.9221646094576457,0.2850306215289568,0.2850306215289568,,,0.27745259505481,0.0,3.6140558075031977,0.616217603908896,3.3059470055487497,0.283340501935131,0.283340501935131,0.5955018315597275,0.5955018315597275,1.0,0.94,model_agreement_0.75_kelly,9m3m_core,3.645419549038383,0.2743168479095328,True,True,2.49,0.0159227478156775,draw,1.05,True,,,,,,,,
2022-02,data\historical_csv\football-data\2122\I2.csv:232,data\historical_csv\football-data\2122\I2.csv,232,2022-02-19,I2,Ascoli,Alessandria,draw,0.3208522091227121,0.3097738524061922,3.205,3.25,-0.7174803038153765,0.0090783567165198,5,0.0,WH,3.0-4.0,sportsbook,0.31201248049922,1.0283313302382924,0.0110783567165198,0.0282945121099284,1.1647120903726331,0.1029461400989245,0.3737004471879913,0.2,1.4040561622464809,draw:3.0-4.0,draw:sportsbook,sportsbook:3.0-4.0,2.725463204929348,2.725463204929348,0.6132562337665798,0.3205162658500135,0.3114325476887777,0.3205162658500135,0.0,,,0.0,lower_clv,True,3.183294905965828,3.183294905965828,0.3219447578969293,0.3219447578969293,,,0.3114325476887777,0.0,2.954379055447588,0.4578317010364801,2.725463204929348,0.3205162658500135,0.3205162658500135,0.6132562337665798,0.6132562337665798,1.0,0.93,model_agreement_0.75_kelly,9m3m_core,3.146789217226585,0.3177842336962586,True,False,-0.93,1.8498468996508863,home,1.05,True,,,,,,,,
2022-02,data\historical_csv\football-data\2122\I2.csv:252,data\historical_csv\football-data\2122\I2.csv,252,2022-02-26,I2,Como,Brescia,away,0.3988314743557221,0.3856239834137213,2.6660000000000004,2.7,2.807353978098104,0.0112074909420007,5,0.0,WH,2.0-3.0,sportsbook,0.3750937734433608,1.0632847106323553,0.0132074909420007,0.0281008186731137,0.980579221756517,0.159066544936759,0.3910858567357382,0.2,1.275318829707417,away:2.0-3.0,away:sportsbook,sportsbook:2.0-3.0,3.2818203379560664,3.2818203379560664,0.6443442826098515,0.3874036771866319,0.3932718952994565,0.3874036771866319,0.0,,,0.0,lower_clv,True,4.203837925065179,4.203837925065179,0.3908621077459308,0.3908621077459308,,,0.3932718952994565,0.0,3.742829131510623,0.9220175871091127,3.2818203379560664,0.3874036771866319,0.3874036771866319,0.6443442826098515,0.6443442826098515,1.0,1.48,model_agreement_0.75_kelly,9m3m_core,2.3396648646634444,0.4274116413437049,True,False,-1.48,13.947943582231748,draw,1.05,True,,,,,,,,
2022-02,data\historical_csv\football-data\2122\I2.csv:254,data\historical_csv\football-data\2122\I2.csv,254,2022-02-26,I2,Parma,Spal,home,0.4780212498990455,0.4681725610155291,2.176,2.2,1.874349276979137,0.0078486888835163,5,0.0,WH,2.0-3.0,sportsbook,0.4595588235294117,1.040174239780323,0.0098486888835163,0.0164191212946578,0.7774883289936962,0.2285043153550457,0.371655942807487,0.2,1.1029411764705843,home:2.0-3.0,home:sportsbook,sportsbook:2.0-3.0,4.033275293135092,4.033275293135092,0.6730450355138164,0.4780940960162457,0.4770379075181007,0.4780940960162457,0.0,,,0.0,lower_clv,True,4.286326038455046,4.286326038455046,0.4792570130443706,0.4792570130443706,,,0.4770379075181007,0.0,4.1598006657950695,0.2530507453199542,4.033275293135092,0.4780940960162457,0.4780940960162457,0.6730450355138164,0.6730450355138164,1.0,2.57,model_agreement_0.75_kelly,9m3m_core,1.863772010980161,0.5365463125900781,True,True,3.02,16.752477619601013,home,1.05,True,,,,,,,,
2022-02,data\historical_csv\football-data\2122\I2.csv:256,data\historical_csv\football-data\2122\I2.csv,256,2022-02-26,I2,Vicenza,Pordenone,home,0.4843215734089643,0.4764615677530101,2.274,2.3,8.347360507034484,0.0058600056559543,5,0.0,WH,2.0-3.0,sportsbook,0.4397537379067722,1.101347257931985,0.0078600056559542,0.0120994107586573,0.8215403953283443,0.2345673864693348,0.3978897368844463,0.2,1.1433597185575906,home:2.0-3.0,home:sportsbook,sportsbook:2.0-3.0,9.22551862186964,9.22551862186964,0.8616353844109,0.4803233008877293,0.4837146395079896,0.4803233008877293,0.0,,,0.0,lower_clv,True,10.32196272968122,10.32196272968122,0.4851449548358892,0.4851449548358892,,,0.4837146395079896,0.0,9.773740675775429,1.09644410781158,9.22551862186964,0.4803233008877293,0.4803233008877293,0.8616353844109,0.8616353844109,1.05,5.7,model_agreement_0.75_kelly,9m3m_core,2.2149565943286,0.4514761158573048,True,True,7.26,2.665668745951111,home,1.05,True,,,,,,,,
2022-02,data\historical_csv\football-data\2122\I2.csv:261,data\historical_csv\football-data\2122\I2.csv,261,2022-02-27,I2,Reggina,Pisa,home,0.2809288248409143,0.2739190998745605,3.6656,3.72,0.4077852500188994,0.0050097249663538,4,0.0,PS,3.0-4.0,sportsbook,0.2728066346573549,1.0297727003368558,0.0070097249663538,0.0178327196192513,1.298992032717094,0.0789210046264971,0.3649243052289238,0.25,1.484068092536006,home:3.0-4.0,home:sportsbook,sportsbook:3.0-4.0,4.65892511648909,4.65892511648909,0.5640900693561482,0.285516491478855,0.2699634899185117,0.285516491478855,0.0,,,0.0,lower_clv,True,3.4407450046856747,3.4407450046856747,0.2821932153117789,0.2821932153117789,,,0.2699634899185117,0.0,4.049835060587382,1.2181801118034157,3.4407450046856747,0.2821932153117789,0.2821932153117789,0.5640900693561482,0.5640900693561482,0.5,0.48,model_agreement_0.75_kelly,9m3m_core,4.055425448868072,0.2465832531280077,False,True,1.28,-9.612442733397495,home,1.05,True,,,,,,,,
2022-02,data\historical_csv\football-data\2122\SP2.csv:284,data\historical_csv\football-data\2122\SP2.csv,284,2022-02-06,SP2,Fuenlabrada,Valladolid,home,0.2701310785941815,0.2593515113072516,3.94,4.0,2.184495455057145,0.0087795672869298,5,0.0,WH,3.0-4.0,sportsbook,0.2538071065989847,1.064316449661075,0.0107795672869298,0.032501137346434,1.3711807233098423,0.0729707996224558,0.3703985277352377,0.2,1.522842639593902,home:3.0-4.0,home:sportsbook,sportsbook:3.0-4.0,4.911299343782526,4.911299343782526,0.7494253120184589,0.2662723333598541,0.2588132874917302,0.2662723333598541,0.0,,,0.0,lower_clv,True,5.919853257467178,5.919853257467178,0.2688321148666679,0.2688321148666679,,,0.2588132874917302,0.0,5.415576300624852,1.0085539136846524,4.911299343782526,0.2662723333598541,0.2662723333598541,0.7494253120184589,0.7494253120184589,1.0,1.25,model_agreement_0.75_kelly,9m3m_core,4.030076720234471,0.2481342340157285,False,False,-1.25,-2.235111797802969,draw,1.05,True,,,,,,,,
2022-02,data\historical_csv\football-data\2122\SP2.csv:299,data\historical_csv\football-data\2122\SP2.csv,299,2022-02-18,SP2,Cartagena,Valladolid,away,0.471618301895688,0.4550706829437315,2.4210000000000003,2.45,10.17261234067741,0.0145476189519564,5,0.0,WH,2.0-3.0,sportsbook,0.413052457662123,1.1417879088894607,0.0165476189519565,0.0308461713497584,0.8841806779559216,0.2224238226829722,0.4169957899065499,0.2,1.1978521272201448,away:2.0-3.0,away:sportsbook,sportsbook:2.0-3.0,9.736395915875685,9.736395915875685,0.8823680038079335,0.4532688802803621,0.4702532359290259,0.4532688802803621,0.0,,,0.0,lower_clv,True,11.71478633022527,11.71478633022527,0.4614406705089849,0.4614406705089849,,,0.4702532359290259,0.0,10.725591123050478,1.978390414349585,9.736395915875685,0.4532688802803621,0.4532688802803621,0.8823680038079335,0.8823680038079335,1.05,5.4,model_agreement_0.75_kelly,9m3m_core,2.325572676071715,0.4300016122003845,True,True,7.67,4.103390313713096,away,1.05,True,,,,,,,,
2022-02,data\historical_csv\football-data\2122\SP2.csv:300,data\historical_csv\football-data\2122\SP2.csv,300,2022-02-19,SP2,Zaragoza,Las Palmas,home,0.3794501867216367,0.3713135615228519,2.8326,2.87,5.178279436963051,0.0061366251987847,5,0.0,WH,2.0-3.0,sportsbook,0.3530325496010731,1.0748305989077085,0.0081366251987847,0.0161724131744506,1.041195017798159,0.1439824442030849,0.3950816439171493,0.2,1.3203417355080127,home:2.0-3.0,home:sportsbook,sportsbook:2.0-3.0,6.174108699371685,6.174108699371685,0.7766311844045878,0.3748291629576067,0.3728502705325325,0.3748291629576067,0.0,,,0.0,lower_clv,True,7.2132847584882365,7.2132847584882365,0.3784977926939498,0.3784977926939498,,,0.3728502705325325,0.0,6.693696728929961,1.039176059116551,6.174108699371685,0.3748291629576067,0.3748291629576067,0.7766311844045878,0.7766311844045878,1.0355082458727838,2.62,model_agreement_0.75_kelly,9m3m_core,2.5476598997581723,0.3925170703102567,True,True,4.8,11.184385336083324,home,1.05,True,,,,,,,,
2022-02,data\historical_csv\football-data\2122\SP2.csv:310,data\historical_csv\football-data\2122\SP2.csv,310,2022-02-25,SP2,Almeria,Fuenlabrada,draw,0.2486031076262283,0.2422766545324116,4.136,4.2,0.2056243146054681,0.0043264530938166,4,0.0,B365,4.0-5.0,sportsbook,0.241779497098646,1.0282224531420805,0.0063264530938166,0.0174030531441363,1.419729137206128,0.061803505121418,0.3529490754969473,0.25,1.547388781431347,draw:4.0-5.0,draw:sportsbook,sportsbook:4.0-5.0,5.1735616179924016,5.1735616179924016,0.5785685617411502,0.2542881083607166,0.2366783342557452,0.2542881083607166,0.0,,,0.0,lower_clv,True,4.376470743405214,4.376470743405214,0.2523609060527205,0.2523609060527205,,,0.2366783342557452,0.0,4.775016180698808,0.7970908745871874,4.376470743405214,0.2523609060527205,0.2523609060527205,0.5785685617411502,0.5785685617411502,0.5,0.52,model_agreement_0.75_kelly,9m3m_core,4.193167342211928,0.2384832081307998,False,False,-0.52,-1.363345117101178,home,1.05,True,,,,,,,,
2022-02,data\historical_csv\football-data\2122\T1.csv:234,data\historical_csv\football-data\2122\T1.csv,234,2022-02-05,T1,Trabzonspor,Kasimpasa,draw,0.2656433253386424,0.259801151610176,3.9498,4.01,2.6162588629873307,0.0038421737284663,5,0.0,PS,3.0-4.0,sportsbook,0.2531773760696744,1.04923800642257,0.0058421737284664,0.0144636561960229,1.3736649447197489,0.0705663762969718,0.3649049238164765,0.2,1.5241278039394457,draw:3.0-4.0,draw:sportsbook,sportsbook:3.0-4.0,3.17653563603389,3.17653563603389,0.5914734948979212,0.2612196456429032,0.2541881797302718,0.2612196456429032,0.0,,,0.0,lower_clv,True,3.717039291920421,3.717039291920421,0.2625880786164373,0.2625880786164373,,,0.2541881797302718,0.0,3.4467874639771554,0.540503655886531,3.17653563603389,0.2612196456429032,0.2612196456429032,0.5914734948979212,0.5914734948979212,1.0,0.81,model_agreement_0.75_kelly,9m3m_core,3.9290354443892896,0.2545153929390004,True,False,-0.81,0.5284899030463697,home,1.05,True,,,,,,,,
2022-03,data\historical_csv\football-data\2122\E1.csv:450,data\historical_csv\football-data\2122\E1.csv,450,2022-03-19,E1,Bristol City,West Brom,away,0.4640458126677398,0.4505516085471336,2.4210000000000003,2.45,9.07854442926106,0.0114942041206062,5,0.0,IW,2.0-3.0,sportsbook,0.413052457662123,1.1234549124685984,0.0134942041206062,0.0247695460379818,0.8841806779559216,0.2153385162544631,0.4103003412471688,0.2,1.1978521272201448,away:2.0-3.0,away:sportsbook,sportsbook:2.0-3.0,7.349546857929657,5.25863809000553,0.8375548426876438,0.4347733915324474,0.4656324157412891,0.4646989909315843,0.969751966122202,,,0.0,lower_clv,True,9.09540370479871,7.758020363775997,0.4450971514406278,0.4650112643710332,,,0.4656324157412891,0.969751966122202,8.222475281364183,1.745856846869052,5.25863809000553,0.4646989909315843,0.4347733915324474,0.8375548426876438,0.8375548426876438,1.05,6.93,model_agreement_0.75_kelly,9m3m_core,2.003615207635742,0.4990978288590632,True,False,-6.93,20.831584366779232,draw,1.05,True,,,,,,,,
2022-03,data\historical_csv\football-data\2122\I1.csv:293,data\historical_csv\football-data\2122\I1.csv,293,2022-03-20,I1,Empoli,Verona,home,0.3590874588218956,0.3513918061975577,3.058,3.1,7.455614335213134,0.0056956526243379,5,0.0,BW,3.0-4.0,sportsbook,0.3270111183780249,1.0980894490773567,0.0076956526243379,0.0158614635081503,1.1177611075068703,0.1289438030831665,0.4013739956645898,0.2,1.373446697187708,home:3.0-4.0,home:sportsbook,sportsbook:3.0-4.0,8.875374797455043,6.784466029530916,0.8615077112240309,0.3491970766171711,0.3503808647135736,0.3503450574511295,0.969751966122202,,,0.0,lower_clv,True,9.036343282844172,7.34707510570769,0.351036870849273,0.3504007076093903,,,0.3503808647135736,0.969751966122202,8.955859040149608,0.1609684853891284,6.784466029530916,0.3503450574511295,0.3491970766171711,0.8615077112240309,0.8615077112240309,1.05,2.73,model_agreement_0.75_kelly,9m3m_core,2.7648464627788853,0.3616837366784274,True,False,-2.73,10.6028866762631,draw,1.05,True,,,,,,,,
2022-03,data\historical_csv\football-data\2122\I2.csv:274,data\historical_csv\football-data\2122\I2.csv,274,2022-03-05,I2,Parma,Reggina,home,0.5693915641277388,0.5562253432573707,1.882,1.9,4.681609601037162,0.0111662208703681,5,0.0,WH,1.5-2.0,sportsbook,0.5313496280552604,1.0715949236884044,0.0131662208703681,0.0196107943528701,0.6323350411631878,0.3242067532998329,0.3600462381406856,0.2,0.9564293304994642,home:1.5-2.0,home:sportsbook,sportsbook:1.5-2.0,8.336532566827,6.245623798902872,0.8092409876217624,0.5645357268804616,0.5815054976664074,0.5809921954647757,0.969751966122202,,,0.0,lower_clv,True,7.583374897935946,6.543740264394127,0.5661197676110209,0.5810401095824574,,,0.5815054976664074,0.969751966122202,7.959953732381473,0.7531576688910535,6.245623798902872,0.5809921954647757,0.5645357268804616,0.8092409876217624,0.8092409876217624,1.05,8.34,model_agreement_0.75_kelly,9m3m_core,1.599438412777757,0.6252194470328447,True,False,-8.34,17.666299931581374,draw,1.05,True,,,,,,,,
2022-03,data\historical_csv\football-data\2122\I2.csv:292,data\historical_csv\football-data\2122\I2.csv,292,2022-03-15,I2,Cittadella,Reggina,home,0.5396805484843955,0.5319979241675219,1.931,1.95,2.728799156748485,0.0056826243168735,5,0.0,WH,1.5-2.0,sportsbook,0.5178663904712584,1.0421231391233678,0.0076826243168736,0.0105296074369037,0.6580380034463774,0.291255094412418,0.3551303106235175,0.2,0.9839461418953864,home:1.5-2.0,home:sportsbook,sportsbook:1.5-2.0,6.4889829854533945,4.398074217529267,0.7098101282075762,0.5406425386718242,0.5489345673535466,0.5486837497890662,0.969751966122202,,,0.0,lower_clv,True,5.245587858285949,4.178885160427681,0.5395074322135043,0.54864941505046,,,0.5489345673535466,0.969751966122202,5.867285421869672,1.243395127167445,4.178885160427681,0.54864941505046,0.5395074322135043,0.7098101282075762,0.7098101282075762,1.0,4.79,model_agreement_0.75_kelly,9m3m_core,1.7951155810431676,0.5570671942019942,True,False,-4.79,7.569675200405102,draw,1.05,True,,,,,,,,
2022-03,data\historical_csv\football-data\2122\I2.csv:295,data\historical_csv\football-data\2122\I2.csv,295,2022-03-15,I2,Crotone,Frosinone,home,0.2980209107857554,0.2764918053676389,3.744,3.8,3.5185319296439976,0.0195291054181164,5,0.0,WH,3.0-4.0,sportsbook,0.2670940170940171,1.115790289981868,0.0215291054181164,0.0655293125795316,1.3201545586153456,0.0888164632655711,0.3934336639365122,0.2,1.4957264957264904,home:3.0-4.0,home:sportsbook,sportsbook:3.0-4.0,8.194120830193855,6.103212062269727,0.8409323635333484,0.2833953313628999,0.2843292880943487,0.2843010377394955,0.969751966122202,,,0.0,lower_clv,True,8.595432182698627,6.527211105131903,0.2845278074389207,0.2843352929142088,,,0.2843292880943487,0.969751966122202,8.394776506446242,0.4013113525047718,6.103212062269727,0.2843010377394955,0.2833953313628999,0.8409323635333484,0.8409323635333484,1.05,1.85,model_agreement_0.75_kelly,9m3m_core,3.194997623787634,0.3129892781624392,True,True,5.08,17.183185744017226,home,1.05,True,,,,,,,,
2022-03,data\historical_csv\football-data\2122\SP2.csv:340,data\historical_csv\football-data\2122\SP2.csv,340,2022-03-13,SP2,Sp Gijon,Tenerife,home,0.3700701946201881,0.3583544469822608,2.8424,2.88,1.858668010237796,0.0097157476379272,5,0.0,WH,2.0-3.0,sportsbook,0.3518153672952435,1.0518875211884224,0.0117157476379272,0.0262537966557905,1.04464876572468,0.1369519489462239,0.3865933720414716,0.2,1.3228257810301347,home:2.0-3.0,home:sportsbook,sportsbook:2.0-3.0,4.740183825189706,2.6492750572655783,0.6657145802671383,0.3611359240686236,0.3623645324942142,0.3623273695049344,0.969751966122202,,,0.0,lower_clv,True,4.381084565203031,2.810915871058905,0.3617046012913696,0.3623445708728335,,,0.3623645324942142,0.969751966122202,4.560634195196368,0.3590992599866753,2.6492750572655783,0.3623273695049344,0.3611359240686236,0.6657145802671383,0.6657145802671383,1.0,1.22,model_agreement_0.75_kelly,9m3m_core,2.656478416000732,0.3764382175954124,True,False,-1.22,6.998798969320008,away,1.05,True,,,,,,,,
2022-03,data\historical_csv\football-data\2122\SP2.csv:342,data\historical_csv\football-data\2122\SP2.csv,342,2022-03-13,SP2,Oviedo,Valladolid,away,0.3898485744784831,0.3784821604571512,2.8424,2.88,7.579769288340654,0.0093664140213319,5,0.0,WH,2.0-3.0,sportsbook,0.3518153672952435,1.1081055880976405,0.0113664140213319,0.0240257747097364,1.04464876572468,0.1519819110229054,0.4072548321484734,0.2,1.3228257810301347,away:2.0-3.0,away:sportsbook,sportsbook:2.0-3.0,8.003284425479405,5.912375657555278,0.7981687475646528,0.3726160134307461,0.3840056088833416,0.3836610960142371,0.969751966122202,,,0.0,lower_clv,True,8.157134217455031,6.586965523310884,0.3749893242446907,0.3837328840001398,,,0.3840056088833416,0.969751966122202,8.080209321467219,0.1538497919756256,5.912375657555278,0.3836610960142371,0.3726160134307461,0.7981687475646528,0.7981687475646528,1.05,3.87,model_agreement_0.75_kelly,9m3m_core,2.521330992649795,0.3966159155284285,True,False,-3.87,12.73410782980051,home,1.05,True,,,,,,,,
2022-03,data\historical_csv\football-data\2122\SP2.csv:355,data\historical_csv\football-data\2122\SP2.csv,355,2022-03-26,SP2,Ibiza,Sociedad B,home,0.5433938829374321,0.5374648394779583,1.8918,1.91,1.6775983324401444,0.0039290434594737,5,0.0,WH,1.5-2.0,sportsbook,0.528597103287874,1.027992547741034,0.0059290434594737,0.0072305625492773,0.637528756796933,0.2952769120138196,0.3464292266401592,0.2,0.9620467279839228,home:1.5-2.0,home:sportsbook,sportsbook:1.5-2.0,5.587583071459398,3.4966743035352703,0.6572357952553505,0.5470804223677729,0.5530124371338895,0.5528330053502803,0.969751966122202,,,0.0,lower_clv,True,4.115484020800286,3.070435774395164,0.5448273378496414,0.5527648539734464,,,0.5530124371338895,0.969751966122202,4.851533546129842,1.4720990506591116,3.070435774395164,0.5527648539734464,0.5448273378496414,0.6572357952553505,0.6572357952553505,1.0,3.85,model_agreement_0.75_kelly,9m3m_core,1.9532929591362296,0.5119559743061851,False,False,-3.85,-3.1481687807559,draw,1.05,True,,,,,,,,
2022-03,data\historical_csv\football-data\2122\SP2.csv:356,data\historical_csv\football-data\2122\SP2.csv,356,2022-03-26,SP2,Eibar,Lugo,home,0.5854352586387034,0.5744339290115107,1.784,1.8,2.479012935653513,0.0090013296271926,5,0.0,WH,1.5-2.0,sportsbook,0.5605381165919282,1.0444165014114468,0.0110013296271926,0.0153754484281031,0.5788580341578177,0.3427344420573655,0.3388839029422734,0.2,0.8968609865470878,home:1.5-2.0,home:sportsbook,sportsbook:1.5-2.0,6.450947629632597,4.360038861708469,0.7274152261944772,0.584977796310025,0.5990297819885544,0.5986047370496999,0.969751966122202,,,0.0,lower_clv,True,5.338178557369355,4.352680052460434,0.5849365473792625,0.5986034893506447,,,0.5990297819885544,0.969751966122202,5.894563093500976,1.1127690722632415,4.352680052460434,0.5986034893506447,0.5849365473792625,0.7274152261944772,0.7274152261944772,1.0,6.5,model_agreement_0.75_kelly,9m3m_core,1.727503702082166,0.5788699606227742,True,True,5.1,3.270400975102916,home,1.05,True,,,,,,,,
2022-03,data\historical_csv\football-data\2122\SP2.csv:359,data\historical_csv\football-data\2122\SP2.csv,359,2022-03-27,SP2,Mirandes,Ponferradina,home,0.43005259638776,0.4143289447340609,2.519,2.55,4.369461178509937,0.0137236516536991,5,0.0,WH,2.0-3.0,sportsbook,0.3969829297340214,1.0833024903007675,0.0157236516536991,0.0319115656293472,0.9238619973704733,0.1849452356598536,0.3973092506731539,0.2,1.2306470821754625,home:2.0-3.0,home:sportsbook,sportsbook:2.0-3.0,7.203663122330394,5.112754354406267,0.7799018183963229,0.4172796917602471,0.4281759564773862,0.4278463658930807,0.969751966122202,,,0.0,lower_clv,True,7.052731924449462,5.661212454793851,0.4194569767955293,0.4279122244845896,,,0.4281759564773862,0.969751966122202,7.128197523389929,0.150931197880932,5.112754354406267,0.4278463658930807,0.4172796917602471,0.7799018183963229,0.7799018183963229,1.0398690911950972,3.99,model_agreement_0.75_kelly,9m3m_core,2.2057312114533945,0.4533643967168069,True,True,6.06,14.202491532963668,home,1.05,True,,,,,,,,
2022-03,data\historical_csv\football-data\2122\SP2.csv:364,data\historical_csv\football-data\2122\SP2.csv,364,2022-03-28,SP2,Las Palmas,Leganes,home,0.4592355315878979,0.445238213120961,2.274,2.3,1.2471696637065488,0.0119973184669368,5,0.0,WH,2.0-3.0,sportsbook,0.4397537379067722,1.04430159883088,0.0139973184669368,0.0261245431629685,0.8215403953283443,0.2108972734728192,0.377280540169544,0.2,1.1433597185575906,home:2.0-3.0,home:sportsbook,sportsbook:2.0-3.0,4.549958555715496,2.4590497877913684,0.6529906891551829,0.4505675012655732,0.4603291221553308,0.4600338523159552,0.969751966122202,,,0.0,lower_clv,True,3.8936905477022776,2.6375113996289112,0.4513522928743576,0.4600575907191247,,,0.4603291221553308,0.969751966122202,4.221824551708886,0.6562680080132184,2.4590497877913684,0.4600338523159552,0.4505675012655732,0.6529906891551829,0.6529906891551829,1.0,2.71,model_agreement_0.75_kelly,9m3m_core,2.1804064821542086,0.4586300803013643,True,True,3.45,4.29248026053024,home,1.05,True,,,,,,,,
2022-04,data\historical_csv\football-data\2122\I2.csv:332,data\historical_csv\football-data\2122\I2.csv,332,2022-04-09,I2,Como,Cittadella,away,0.3666891378362584,0.3633166330233673,2.8424,2.88,3.2691197705619235,0.001372504812891,5,0.0,WH,2.0-3.0,sportsbook,0.3518153672952435,1.042277205385781,0.003372504812891,0.0037429655565744,1.04464876572468,0.1344609238070985,0.3830613552452945,0.2,1.3228257810301347,away:2.0-3.0,away:sportsbook,sportsbook:2.0-3.0,4.521104991249027,2.387673004434784,0.639720825128102,0.3602155678456051,0.3602546973405444,0.360253500719904,0.9694189602446484,,,0.0,lower_clv,True,4.701833009679346,3.106124652506748,0.3627431911501082,0.360479751090746,,,0.3602546973405444,0.9095622623867232,4.6114690004641865,0.1807280184303188,2.387673004434784,0.360253500719904,0.3602155678456051,0.639720825128102,0.639720825128102,1.0,0.98,model_agreement_0.75_kelly,9m3m_core,2.6962519612771865,0.3708852193199,True,True,1.81,5.420414739488377,away,1.25,True,,,,,,,,
2022-04,data\historical_csv\football-data\2122\I2.csv:336,data\historical_csv\football-data\2122\I2.csv,336,2022-04-10,I2,Ascoli,Reggina,home,0.4596956825843141,0.4471964030731303,2.274,2.3,1.6924620588298245,0.0104992795111837,5,0.0,WH,2.0-3.0,sportsbook,0.4397537379067722,1.0453479821967302,0.0124992795111837,0.0228396304532577,0.8215403953283443,0.2113201205866584,0.3776585728010505,0.2,1.1433597185575906,home:2.0-3.0,home:sportsbook,sportsbook:2.0-3.0,5.5941359264565325,3.4607039396422894,0.7085759024336533,0.454972312839236,0.4648090881278202,0.4645082693116555,0.9694189602446484,,,0.0,lower_clv,True,5.381252307781548,4.104640710465723,0.4578040488586883,0.4641755682244278,,,0.4648090881278202,0.9095622623867232,5.48769411711904,0.2128836186749847,3.4607039396422894,0.4641755682244278,0.454972312839236,0.7085759024336533,0.7085759024336533,1.0,3.27,model_agreement_0.75_kelly,9m3m_core,1.8273793378304963,0.5472317538553442,True,True,4.17,24.440500826705257,home,1.25,True,,,,,,,,
2022-04,data\historical_csv\football-data\2122\I2.csv:338,data\historical_csv\football-data\2122\I2.csv,338,2022-04-10,I2,Crotone,Ternana,home,0.3838945520637903,0.3748577965368875,2.8424,2.88,6.549580087644902,0.0070367555269027,5,0.0,WH,2.0-3.0,sportsbook,0.3518153672952435,1.0911818747861175,0.0090367555269028,0.0183299176533599,1.04464876572468,0.1473750271042582,0.4010349699818675,0.2,1.3228257810301347,home:2.0-3.0,home:sportsbook,sportsbook:2.0-3.0,9.49297073428901,7.359538747474767,0.8515146017250297,0.3777073555709076,0.3795083684228868,0.3794532915772605,0.9694189602446484,,,0.0,lower_clv,True,10.26663899432092,8.670930637148322,0.3823210337642426,0.3797627395130223,,,0.3795083684228868,0.9095622623867232,9.879804864304964,0.7736682600319096,7.359538747474767,0.3794532915772605,0.3777073555709076,0.8515146017250297,0.8515146017250297,1.1353528023000397,3.63,model_agreement_0.75_kelly,9m3m_core,2.311907805721727,0.4325431998305062,True,False,-3.63,22.94607911982307,away,1.25,True,,,,,,,,
2022-04,data\historical_csv\football-data\2122\I2.csv:339,data\historical_csv\football-data\2122\I2.csv,339,2022-04-10,I2,Perugia,Pisa,home,0.3579563597658329,0.3489457540778616,3.058,3.1,6.707611597010077,0.0070106056879712,5,0.0,WH,3.0-4.0,sportsbook,0.3270111183780249,1.094630548163917,0.0090106056879712,0.0195850848761493,1.1177611075068703,0.1281327554968064,0.4001096971309851,0.2,1.373446697187708,home:3.0-4.0,home:sportsbook,sportsbook:3.0-4.0,9.724515151793485,7.591083164979242,0.8633567491688716,0.3518348043328295,0.3505076068196632,0.3505481938995765,0.9694189602446484,,,0.0,lower_clv,True,10.349850683440188,8.633105624252945,0.3552423336306506,0.3509358048006658,,,0.3505076068196632,0.9095622623867232,10.037182917616835,0.6253355316467033,7.591083164979242,0.3505481938995765,0.3518348043328295,0.8633567491688716,0.8633567491688716,1.1511423322251622,3.02,model_agreement_0.75_kelly,9m3m_core,2.627574198409614,0.3805791671288551,True,False,-3.02,16.38110930800387,draw,1.25,True,,,,,,,,
2022-04,data\historical_csv\football-data\2122\SP2.csv:380,data\historical_csv\football-data\2122\SP2.csv,380,2022-04-09,SP2,Las Palmas,Amorebieta,home,0.5975611521825509,0.5765138277172466,1.7644,1.78,1.7200997624309933,0.0190473244653043,5,0.0,WH,1.5-2.0,sportsbook,0.5667649059170257,1.0543368969108928,0.0210473244653043,0.0318751049925774,0.5678106892486476,0.3570793305977378,0.3393016096889902,0.2,0.8841532532305685,home:1.5-2.0,home:sportsbook,sportsbook:1.5-2.0,5.93270271347722,3.799270726662977,0.7727996322062506,0.5882978390765301,0.6191376971463458,0.6181945822206634,0.9694189602446484,,,0.0,lower_clv,True,6.257842255624779,5.267317408525374,0.5966182124718056,0.6171010859001634,,,0.6191376971463458,0.9095622623867232,6.095272484551,0.3251395421475589,3.799270726662977,0.6171010859001634,0.5882978390765301,0.7727996322062506,0.7727996322062506,1.030399509608334,8.98,model_agreement_0.75_kelly,9m3m_core,1.705177499559245,0.5864492114507026,True,True,6.86,3.473098868361957,home,1.25,True,,,,,,,,
2022-04,data\historical_csv\football-data\2122\SP2.csv:409,data\historical_csv\football-data\2122\SP2.csv,409,2022-04-29,SP2,Las Palmas,Malaga,home,0.5890645570319245,0.5829845136878523,1.833,1.85,6.861061358983345,0.0040800433440721,5,0.0,WH,1.5-2.0,sportsbook,0.5455537370430987,1.0797553330395178,0.0060800433440721,0.0069263093414242,0.605953968857568,0.3469970523512174,0.3569460062468199,0.2,0.9274413529732684,home:1.5-2.0,home:sportsbook,sportsbook:1.5-2.0,12.02909806743909,9.895666080624848,0.8755906829127009,0.5995399131512539,0.6097470949004293,0.6094349486695676,0.9694189602446484,,,0.0,lower_clv,True,11.39723990491921,10.36820337990605,0.602117858046405,0.6090571239796355,,,0.6097470949004293,0.9095622623867232,11.71316898617915,0.6318581625198796,9.895666080624848,0.6090571239796355,0.5995399131512539,0.8755906829127009,0.8755906829127009,1.1674542438836013,12.24,model_agreement_0.75_kelly,9m3m_core,1.819663738619708,0.549552084144152,True,True,10.2,0.7328970236230692,home,1.25,True,,,,,,,,
2022-04,data\historical_csv\football-data\2122\SP2.csv:410,data\historical_csv\football-data\2122\SP2.csv,410,2022-04-30,SP2,Oviedo,Mirandes,home,0.5605589059670222,0.5449196905116134,2.029,2.05,10.564205204806342,0.0136392154554087,5,0.0,WH,2.0-3.0,sportsbook,0.4928536224741252,1.137374020207088,0.0156392154554088,0.024331457961371,0.7075430608436777,0.3142262870589448,0.3966195641110902,0.2,1.0349926071956617,home:2.0-3.0,home:sportsbook,sportsbook:2.0-3.0,14.554845041800638,12.421413054986395,0.9431426124327256,0.5540730066780996,0.5780842248163741,0.5773499367999131,0.9694189602446484,,,0.0,lower_clv,True,15.182157818697606,14.043087928216602,0.5620654900355673,0.5766355266833708,,,0.5780842248163741,0.9095622623867232,14.868501430249122,0.627312776896968,12.421413054986395,0.5766355266833708,0.5540730066780996,0.9431426124327256,0.9431426124327256,1.25,11.22,model_agreement_0.75_kelly,9m3m_core,2.188915686809521,0.4568471988327524,False,True,11.55,-7.305703356834536,home,1.25,True,,,,,,,,
2022-04,data\historical_csv\football-data\2122\SP2.csv:412,data\historical_csv\football-data\2122\SP2.csv,412,2022-04-30,SP2,Burgos,Almeria,away,0.4712492436083678,0.4639550268583929,2.274,2.3,5.5033731075985415,0.0052942167499749,5,0.0,WH,2.0-3.0,sportsbook,0.4397537379067722,1.0716207799654285,0.0072942167499749,0.0112344302336423,0.8215403953283443,0.2220758496014588,0.3871502898922017,0.2,1.1433597185575906,away:2.0-3.0,away:sportsbook,sportsbook:2.0-3.0,7.707386134818712,5.57395414800447,0.7606785521521904,0.4642654096218315,0.4778342119170988,0.4774192638346747,0.9694189602446484,,,0.0,lower_clv,True,7.76437124716538,6.487759649849578,0.468283903473393,0.4769705036279411,,,0.4778342119170988,0.9095622623867232,7.735878690992046,0.056985112346668,5.57395414800447,0.4769705036279411,0.4642654096218315,0.7606785521521904,0.7606785521521904,1.0142380695362538,3.78,model_agreement_0.75_kelly,9m3m_core,2.0416900415370693,0.4897903107991644,True,True,4.82,11.378316675729996,away,1.25,True,,,,,,,,
2022-05,data\historical_csv\football-data\2122\SP2.csv:413,data\historical_csv\football-data\2122\SP2.csv,413,2022-05-01,SP2,Amorebieta,Fuenlabrada,home,0.4976514291514918,0.4874889311195417,2.176,2.2,6.077591411612282,0.00816249803195,5,0.0,WH,2.0-3.0,sportsbook,0.4595588235294117,1.0828895098336462,0.01016249803195,0.016402038764095,0.7774883289936962,0.2476569449365222,0.3869181780723181,0.2,1.1029411764705843,home:2.0-3.0,home:sportsbook,sportsbook:2.0-3.0,8.193379697316681,5.988479358977502,0.8352873546044313,0.4870794088188304,0.5154306770290468,0.5146689556907819,0.9731327243417518,,,0.0,lower_clv,True,8.756763793554478,6.254541682305703,0.4883021217017725,0.5147018066548588,,,0.5154306770290468,0.9731327243417518,8.47507174543558,0.5633840962377974,5.988479358977502,0.5146689556907819,0.4870794088188304,0.8352873546044313,0.8352873546044313,1.1137164728059084,8.52,model_agreement_0.75_kelly,9m3m_core,1.7204498079092108,0.581243344271262,True,True,10.02,26.47855171342661,home,1.25,True,,,,,,,,
2022-05,data\historical_csv\football-data\2122\SP2.csv:422,data\historical_csv\football-data\2122\SP2.csv,422,2022-05-07,SP2,Huesca,Sp Gijon,away,0.2965403624382208,0.2894111037891269,3.744,3.8,8.355517258649115,0.0051292586490938,5,0.0,WH,3.0-4.0,sportsbook,0.2670940170940171,1.1102471169686985,0.0071292586490938,0.0172969999999997,1.3201545586153456,0.0879361865549913,0.391479111286264,0.2,1.4957264957264904,away:3.0-4.0,away:sportsbook,sportsbook:3.0-4.0,8.03403516582807,5.8291348274888914,0.8278022722546766,0.2826632874665836,0.2848120264618018,0.2847542956988997,0.9731327243417518,,,0.0,lower_clv,True,9.470055480713157,5.164761554005692,0.2808887862019383,0.2847066196842666,,,0.2848120264618018,0.9731327243417518,8.752045323270615,1.436020314885086,5.164761554005692,0.2847066196842666,0.2808887862019383,0.8278022722546766,0.8278022722546766,1.1037363630062356,1.99,model_agreement_0.75_kelly,9m3m_core,3.5411877835720813,0.2823911244241546,True,False,-1.99,5.727236984403494,draw,1.25,True,,,,,,,,
2022-05,data\historical_csv\football-data\2122\SP2.csv:443,data\historical_csv\football-data\2122\SP2.csv,443,2022-05-21,SP2,Cartagena,Amorebieta,away,0.4102114589026323,0.3979339424616097,2.715,2.75,8.039065378327015,0.0102775164410225,5,0.0,WH,2.0-3.0,sportsbook,0.3683241252302026,1.1137241109206466,0.0122775164410225,0.0250541914858162,0.9987919533858988,0.1682734410150259,0.4097159043386393,0.2,1.2891344383057168,away:2.0-3.0,away:sportsbook,sportsbook:2.0-3.0,8.687641441081544,6.482741102742365,0.8525665282644669,0.3922016246878172,0.4146072145039305,0.4140052373460554,0.9731327243417518,,,0.0,lower_clv,True,9.883143024022822,6.761114976210103,0.3932269428221366,0.4140327848510075,,,0.4146072145039305,0.9731327243417518,9.285392232552184,1.1955015829412776,6.482741102742365,0.4140052373460554,0.3922016246878172,0.8525665282644669,0.8525665282644669,1.1367553710192893,3.19,model_agreement_0.75_kelly,9m3m_core,2.9073142630681708,0.3439600640023936,False,False,-3.19,-6.614842623350126,home,1.25,True,,,,,,,,
2022-05,data\historical_csv\football-data\2122\SP2.csv:448,data\historical_csv\football-data\2122\SP2.csv,448,2022-05-21,SP2,Eibar,Tenerife,home,0.5038581329409396,0.4934907487140482,2.127,2.15,4.965482251478059,0.0083673842268913,5,0.0,WH,2.0-3.0,sportsbook,0.4701457451810061,1.0717062487653786,0.0103673842268913,0.0166066273021183,0.7547125362181001,0.2538730181307296,0.3802680494059732,0.2,1.0813352139163124,home:2.0-3.0,home:sportsbook,sportsbook:2.0-3.0,7.274956229553858,5.070055891214679,0.8043246784455238,0.4939823972318509,0.5225570611585787,0.5217893377860175,0.9731327243417518,,,0.0,lower_clv,True,7.68959120788506,5.243715090869339,0.4947988485701426,0.5218112736091849,,,0.5225570611585787,0.9731327243417518,7.482273718719459,0.4146349783312022,5.070055891214679,0.5217893377860175,0.4939823972318509,0.8043246784455238,0.8043246784455238,1.0724329045940315,4.05,model_agreement_0.75_kelly,9m3m_core,2.120446570001752,0.4715987727053051,True,True,4.56,0.3090589544183952,home,1.25,True,,,,,,,,
2022-05,data\historical_csv\football-data\2122\SP2.csv:452,data\historical_csv\football-data\2122\SP2.csv,452,2022-05-21,SP2,Ponferradina,Leganes,home,0.6233498811187735,0.6195013967297761,1.7644,1.78,9.3048264390017,0.0018484843889974,5,0.0,WH,1.5-2.0,sportsbook,0.5667649059170257,1.099838530245964,0.0038484843889974,0.0029654042536749,0.5678106892486476,0.3885650742907891,0.3539447256411133,0.2,0.8841532532305685,home:1.5-2.0,home:sportsbook,sportsbook:1.5-2.0,11.478080231114369,9.27317989277519,0.921041861263154,0.6193220352118295,0.6574209411158277,0.6563973273086274,0.9731327243417518,,,0.0,lower_clv,True,11.994440836716636,9.965525077025749,0.6232460047439682,0.6565027536797219,,,0.6574209411158277,0.9731327243417518,11.736260533915502,0.5163606056022676,9.27317989277519,0.6563973273086274,0.6193220352118295,0.921041861263154,0.921041861263154,1.228055815017539,7.76,model_agreement_0.75_kelly,9m3m_core,1.818321735304088,0.5499576783273532,False,False,-7.76,-2.965467235921804,away,1.25,True,,,,,,,,
2022-08,data\historical_csv\football-data\2223\I2.csv:11,data\historical_csv\football-data\2223\I2.csv,11,2022-08-14,I2,Venezia,Genoa,away,0.4250808965334687,0.4171085909118953,2.6660000000000004,2.7,11.20115033711131,0.0059723056215734,5,0.0,WH,2.0-3.0,sportsbook,0.3750937734433608,1.1332656701582278,0.0079723056215734,0.014049809507502,0.980579221756517,0.1806937685976975,0.4168254947063513,0.2,1.275318829707417,away:2.0-3.0,away:sportsbook,sportsbook:2.0-3.0,11.410534940138664,9.182037969212251,0.8900282951165374,0.4095350261410811,0.4293215628219947,0.4271201885959197,0.8887438331641692,,,0.0,lower_clv,True,11.6587921753718,8.544332687932176,0.4071430333380801,0.4244612755939422,,,0.4293215628219947,0.7808562000660358,11.534663557755232,0.2482572352331367,8.544332687932176,0.4071430333380801,0.4071430333380801,0.8900282951165374,0.8900282951165374,1.1867043934887165,1.9,model_agreement_0.625_kelly,18m9m_satellite,2.056534496634667,0.4862549116664027,True,True,3.17,29.635559450263,away,1.25,True,,,,,,,,
2022-08,data\historical_csv\football-data\2223\I2.csv:29,data\historical_csv\football-data\2223\I2.csv,29,2022-08-28,I2,Pisa,Genoa,away,0.4247787610619469,0.4172544014904518,2.519,2.55,5.106383735444808,0.0055243595714951,5,0.0,WH,2.0-3.0,sportsbook,0.3969829297340214,1.0700176991150443,0.0075243595714951,0.0130052631578947,0.9238619973704733,0.1804369958493225,0.3924369546352452,0.2,1.2306470821754625,away:2.0-3.0,away:sportsbook,sportsbook:2.0-3.0,6.331468233057233,4.102971262130822,0.7252655341218797,0.4132710252565733,0.428979925909694,0.4272322138378229,0.8887438331641692,,,0.0,lower_clv,True,6.232155533508554,3.2894235571918395,0.4100413797427226,0.4248296609374391,,,0.428979925909694,0.7808562000660358,6.281811883282893,0.0993126995486788,3.2894235571918395,0.4100413797427226,0.4100413797427226,0.7252655341218797,0.7252655341218797,1.0,0.68,model_agreement_0.625_kelly,18m9m_satellite,2.0225165932713742,0.4944335207566939,True,True,1.03,24.54780387861122,away,1.25,True,,,,,,,,
2022-09,data\historical_csv\football-data\2223\E3.csv:102,data\historical_csv\football-data\2223\E3.csv,102,2022-09-17,E3,Gillingham,Mansfield,home,0.2699798435701823,0.2624979311775837,3.94,4.0,3.4241848839679623,0.0054819123925986,4,0.0,B365,3.0-4.0,sportsbook,0.2538071065989847,1.0637205836665182,0.0074819123925986,0.0203048950621885,1.3711807233098423,0.0728891159341801,0.3701911571856406,0.25,1.522842639593902,home:3.0-4.0,home:sportsbook,sportsbook:3.0-4.0,5.7013679280322656,3.3261936712899685,0.7555803059543706,0.2622492225159644,0.2535044566169744,0.2537037448097499,0.9772105742935278,,,0.0,lower_clv,True,6.365872317173005,3.928817905185822,0.2637787256476797,0.2537386013077379,,,0.2535044566169744,0.9772105742935278,6.033620122602635,0.6645043891407392,3.3261936712899685,0.2622492225159644,0.2622492225159644,0.7555803059543706,0.7555803059543706,0.5037202039695804,0.18,model_agreement_0.625_kelly,12m6m_tertiary,3.561794134283069,0.2807573830207578,True,False,-0.18,10.618408910178578,away,1.25,True,,,,,,,,
2022-09,data\historical_csv\football-data\2223\SP2.csv:71,data\historical_csv\football-data\2223\SP2.csv,71,2022-09-24,SP2,Malaga,Villarreal B,home,0.4248766561540922,0.4120140408054376,2.5876,2.62,6.612753198815047,0.0108626153486546,5,0.0,WH,2.0-3.0,sportsbook,0.3864584943577059,1.0994108354643293,0.0128626153486546,0.0255665148727658,0.9507308051876934,0.1805201729446827,0.4039433254108349,0.2,1.2521255217189609,home:2.0-3.0,home:sportsbook,sportsbook:2.0-3.0,9.890422965446332,5.380316106853352,0.8589257030626991,0.4072511829759365,0.4312674214413218,0.4309511686303475,0.98683170924414,,,0.0,lower_clv,True,10.142628353119964,7.067566241593992,0.4137717044427036,0.4310370327529018,,,0.4312674214413218,0.98683170924414,10.016525659283149,0.2522053876736319,5.380316106853352,0.4072511829759365,0.4072511829759365,0.8589257030626991,0.8589257030626991,1.1452342707502654,1.22,model_agreement_0.625_kelly,18m9m_satellite,2.166987510877285,0.4614701261453782,True,False,-1.22,19.410009841378084,draw,1.25,True,,,,,,,,
2022-09,data\historical_csv\football-data\2223\SP2.csv:73,data\historical_csv\football-data\2223\SP2.csv,73,2022-09-25,SP2,Burgos,Levante,away,0.4169265033407572,0.410223186946647,2.568,2.6,5.34531440789896,0.0047033163941102,5,0.0,WH,2.0-3.0,sportsbook,0.3894080996884735,1.0706672605790646,0.0067033163941102,0.011280924470916,0.9431273858277148,0.1738277091879504,0.3932148031780583,0.2,1.2461059190031154,away:2.0-3.0,away:sportsbook,sportsbook:2.0-3.0,6.659223937874223,2.1491170792812424,0.7388235399670489,0.397776935666983,0.4220172457072297,0.4216980422566076,0.98683170924414,,,0.0,lower_clv,True,6.570927793387082,3.5191580057851723,0.4031119860038363,0.4217682957506404,,,0.4220172457072297,0.98683170924414,6.6150758656306525,0.0882961444871401,2.1491170792812424,0.397776935666983,0.397776935666983,0.7388235399670489,0.7388235399670489,1.0,0.43,model_agreement_0.625_kelly,18m9m_satellite,2.4724863288680705,0.4044511746432225,True,False,-0.43,3.863061648379551,draw,1.25,True,,,,,,,,
2022-10,data\historical_csv\football-data\2223\B1.csv:116,data\historical_csv\football-data\2223\B1.csv,116,2022-10-19,B1,Mechelen,Standard,draw,0.2744976098153741,0.2654818008780744,3.8224,3.88,1.477763567635182,0.0070158089372996,5,0.0,PS,3.0-4.0,sportsbook,0.2616157388028464,1.049239663758286,0.0090158089372996,0.0255587250541761,1.340878497589408,0.0753489377943533,0.3680679426411224,0.2,1.506906655504392,draw:3.0-4.0,draw:sportsbook,sportsbook:3.0-4.0,3.0352471181998366,3.0352471181998366,0.5785467936151971,0.269556422975617,0.2646390374293308,0.2686378307050218,0.1868050129380209,,,0.0,lower_clv,True,3.4079922662425988,3.4079922662425988,0.2705315829485208,0.2694817371045078,,,0.2646390374293308,0.1781650800310337,3.2216196922212177,0.3727451480427621,3.0352471181998366,0.2686378307050218,0.269556422975617,0.5785467936151971,0.5785467936151971,1.0,0.71,model_agreement_0.75_kelly,9m3m_core,3.702996359196193,0.2700515752645971,True,False,-0.71,3.2245141291396218,home,1.25,True,,,,,,,,
2022-10,data\historical_csv\football-data\2223\P1.csv:100,data\historical_csv\football-data\2223\P1.csv,100,2022-10-31,P1,Guimaraes,Famalicao,draw,0.2945858409566534,0.288593973582527,3.548,3.6,2.3931418270805915,0.0039918673741263,5,0.0,B365,3.0-4.0,sportsbook,0.2818489289740699,1.0451905637142065,0.0059918673741263,0.0135507781404665,1.266384064447333,0.0867808176921387,0.3730588145993223,0.2,1.4656144306651742,draw:3.0-4.0,draw:sportsbook,sportsbook:3.0-4.0,4.431936490089831,4.431936490089831,0.6449000082118536,0.2943402945041991,0.2875575388612035,0.2930732417485538,0.1868050129380209,,,0.0,lower_clv,True,4.648560959018,4.648560959018,0.2949508482497688,0.2936336186908609,,,0.2875575388612035,0.1781650800310337,4.540248724553916,0.2166244689281686,4.431936490089831,0.2930732417485538,0.2943402945041991,0.6449000082118536,0.6449000082118536,1.0,1.17,model_agreement_0.75_kelly,9m3m_core,3.3040955269256003,0.3026546877506539,True,False,-1.17,7.381883213932028,home,1.25,True,,,,,,,,
2022-10,data\historical_csv\football-data\2223\SP2.csv:93,data\historical_csv\football-data\2223\SP2.csv,93,2022-10-08,SP2,Las Palmas,Ibiza,draw,0.257105935562417,0.252704318969331,3.94,4.0,-0.4344983260835877,0.002401616593086,4,0.0,B365,3.0-4.0,sportsbook,0.2538071065989847,1.012997386115923,0.004401616593086,0.0093409612960996,1.3711807233098423,0.0661034621014257,0.3525387026917287,0.25,1.522842639593902,draw:3.0-4.0,draw:sportsbook,sportsbook:3.0-4.0,2.894987899079223,2.894987899079223,0.5843515091416407,0.2611547916220285,0.244974355503432,0.2581322050435513,0.1868050129380209,,,0.0,lower_clv,True,3.08394065297164,3.08394065297164,0.2616343671395219,0.25866613483306,,,0.244974355503432,0.1781650800310337,2.989464276025432,0.1889527538924169,2.894987899079223,0.2581322050435513,0.2611547916220285,0.5843515091416407,0.5843515091416407,0.5,0.22,model_agreement_0.75_kelly,9m3m_core,4.087396560740763,0.2446545093287373,False,True,0.65,-3.606123324477484,draw,1.25,True,,,,,,,,
2022-10,data\historical_csv\football-data\2223\T1.csv:92,data\historical_csv\football-data\2223\T1.csv,92,2022-10-21,T1,Antalyaspor,Istanbulspor,home,0.5424024404823852,0.5382719030360479,2.0780000000000003,2.1,11.852901450890773,0.0021305374463372,5,0.0,VC,2.0-3.0,sportsbook,0.4812319538017324,1.1271122713223964,0.0041305374463372,0.0039279643440439,0.7314058926770358,0.2942004074412473,0.3967163411712217,0.2,1.0587102983637964,home:2.0-3.0,home:sportsbook,sportsbook:2.0-3.0,10.928239139101589,10.928239139101589,0.8853989045719939,0.5338221325269565,0.5757083748210022,0.5416466925606208,0.1868050129380209,,,0.0,lower_clv,True,10.99379135202332,10.99379135202332,0.5341375907219601,0.5415440527979187,,,0.5757083748210022,0.1781650800310337,10.961015245562454,0.065552212921732,10.928239139101589,0.5415440527979187,0.5338221325269565,0.8853989045719939,0.8853989045719939,1.1805318727626586,10.29,model_agreement_0.75_kelly,9m3m_core,1.838687777659168,0.5438661267836887,True,True,11.09,13.01538114565053,home,1.25,True,,,,,,,,
2022-11,data\historical_csv\football-data\2223\F2.csv:139,data\historical_csv\football-data\2223\F2.csv,139,2022-11-05,F2,Rodez,Grenoble,draw,0.3229155559962662,0.3151170358523165,3.205,3.25,0.9950099906674614,0.0057985201439496,5,0.0,B365,3.0-4.0,sportsbook,0.31201248049922,1.0349443569680334,0.0077985201439497,0.0179567693047799,1.1647120903726331,0.1042744563043777,0.3761036522382524,0.2,1.4040561622464809,draw:3.0-4.0,draw:sportsbook,sportsbook:3.0-4.0,3.0517454036967773,3.0517454036967773,0.5459984870269209,0.3215343070318152,0.3190507730009752,0.3191207711416415,0.971815107102593,,,0.0,lower_clv,True,2.9705019486351514,2.9705019486351514,0.3212808173124342,0.3191136265610501,,,0.3190507730009752,0.971815107102593,3.0111236761659645,0.0812434550616258,2.9705019486351514,0.3191136265610501,0.3212808173124342,0.5459984870269209,0.5459984870269209,1.0,0.77,model_agreement_0.75_kelly,9m3m_core,2.9712367229197887,0.3365601913459508,True,False,-0.77,7.867541326377236,away,1.25,True,,,,,,,,
2022-11,data\historical_csv\football-data\2223\F2.csv:140,data\historical_csv\football-data\2223\F2.csv,140,2022-11-05,F2,Valenciennes,Caen,draw,0.3162765222865135,0.3110664766125762,3.254,3.3,1.221031489732316,0.0032100456739372,5,0.0,B365,3.0-4.0,sportsbook,0.3073140749846343,1.0291638035203148,0.0052100456739372,0.0101494908655573,1.179885008796846,0.1000308385496514,0.3731699272802588,0.2,1.41364474492931,draw:3.0-4.0,draw:sportsbook,sportsbook:3.0-4.0,2.5411685583347228,2.5411685583347228,0.5291264851186546,0.315123443633481,0.31115110546953,0.3112630653952332,0.971815107102593,,,0.0,lower_clv,True,2.381832568013298,2.381832568013298,0.3146337817087071,0.3112492643263275,,,0.31115110546953,0.971815107102593,2.4615005631740106,0.1593359903214248,2.381832568013298,0.3112492643263275,0.3146337817087071,0.5291264851186546,0.5291264851186546,1.0,0.43,model_agreement_0.75_kelly,9m3m_core,3.3172446391430874,0.3014550052173181,False,True,0.97,-1.906541302284692,draw,1.25,True,,,,,,,,
2022-11,data\historical_csv\football-data\2223\I2.csv:122,data\historical_csv\football-data\2223\I2.csv,122,2022-11-11,I2,Ascoli,Frosinone,home,0.3092074609008986,0.3011984754290649,3.352,3.4,0.9617289638225834,0.0060089854718336,5,0.0,WH,3.0-4.0,sportsbook,0.2983293556085919,1.036463408939812,0.0080089854718336,0.0194335073750356,1.2095571826198366,0.0956092538767807,0.3740041052523242,0.2,1.4319809069212486,home:3.0-4.0,home:sportsbook,sportsbook:3.0-4.0,4.16403374015545,4.16403374015545,0.6735335190650268,0.310751890632922,0.3027625315886088,0.3029877108175917,0.971815107102593,,,0.0,lower_clv,True,5.553660243433867,5.553660243433867,0.3148975544255187,0.3031045559075747,,,0.3027625315886088,0.971815107102593,4.858846991794659,1.389626503278417,4.16403374015545,0.3029877108175917,0.310751890632922,0.6735335190650268,0.6735335190650268,1.0,0.5,model_agreement_0.75_kelly,9m3m_core,3.481787209600036,0.287208821160232,False,False,-0.5,-3.7276031470902415,away,1.25,True,,,,,,,,
2023-01,data\historical_csv\football-data\2223\I2.csv:199,data\historical_csv\football-data\2223\I2.csv,199,2023-01-15,I2,Cosenza,Benevento,home,0.2795641929546222,0.2701680166486572,3.8518,3.91,4.063316652729765,0.0073961763059649,5,0.0,PS,3.0-4.0,sportsbook,0.2596188794849161,1.0768253584226135,0.009396176305965,0.0264560930632683,1.3485405715079748,0.0781561379823692,0.3770036565401919,0.2,1.5109818786022131,home:3.0-4.0,home:sportsbook,sportsbook:3.0-4.0,4.74323322675518,4.74323322675518,0.7213746004668496,0.2719332084395742,0.2717117261972417,0.2717556846879135,0.8015258911553136,,,0.0,lower_clv,True,4.971357871028981,4.971357871028981,0.2725254630848667,0.2718419408943242,,,0.2717117261972417,0.8399793605737145,4.857295548892081,0.2281246442738007,4.74323322675518,0.2719332084395742,0.2719332084395742,0.7213746004668496,0.7213746004668496,1.0,0.52,model_agreement_0.625_kelly,12m6m_tertiary,3.555784669474573,0.2812318778987724,True,False,-0.52,8.32489472904916,draw,1.25,True,,,,,,,,
2023-02,data\historical_csv\football-data\2223\B1.csv:234,data\historical_csv\football-data\2223\B1.csv,234,2023-02-19,B1,Kortrijk,Anderlecht,home,0.2605710148794662,0.2555716900790206,3.94,4.0,0.6952458911340997,0.0029993248004456,4,0.0,B365,3.0-4.0,sportsbook,0.2538071065989847,1.0266497986250969,0.0049993248004456,0.0115105849429685,1.3711807233098423,0.067897253795315,0.3572899526560062,0.25,1.522842639593902,home:3.0-4.0,home:sportsbook,sportsbook:3.0-4.0,3.9579469762628072,3.9579469762628072,0.6644653265608581,0.2638526573001594,0.2510489098796227,0.2634426976419226,0.032018724266563,,,0.0,lower_clv,True,3.811991749212096,3.811991749212096,0.263482212561452,0.263482212561452,,,0.2510489098796227,0.0,3.884969362737452,0.1459552270507114,3.811991749212096,0.2634426976419226,0.263482212561452,0.6644653265608581,0.6644653265608581,0.5,0.48,model_agreement_0.75_kelly,9m3m_core,4.030691201467895,0.2480964058064831,False,False,-0.48,-2.250016112245645,draw,1.25,True,,,,,,,,
2023-02,data\historical_csv\football-data\2223\E3.csv:373,data\historical_csv\football-data\2223\E3.csv,373,2023-02-21,E3,Grimsby,Harrogate,home,0.5385975187269482,0.5244919841641833,1.931,1.95,1.2794021421038029,0.0121055345627648,5,0.0,IW,1.5-2.0,sportsbook,0.5178663904712584,1.0400318086617368,0.0141055345627648,0.0224760310656053,0.6580380034463774,0.2900872871788252,0.3544176358842538,0.2,0.9839461418953864,home:1.5-2.0,home:sportsbook,sportsbook:1.5-2.0,2.4867227825542604,2.4867227825542604,0.6282733226907423,0.5307442919862986,0.5655737737047465,0.5595129016857938,0.8259844327300893,,,0.0,lower_clv,True,3.3133978138590647,3.3133978138590647,0.5350253641318439,0.5575685985183112,,,0.5655737737047465,0.7379511634695324,2.900060298206663,0.8266750313048044,2.4867227825542604,0.5307442919862986,0.5307442919862986,0.6282733226907423,0.6282733226907423,1.0,0.84,model_agreement_0.625_kelly,18m9m_satellite,1.8850626957700645,0.5304863346157785,True,False,-0.84,2.436911214306847,draw,1.25,True,,,,,,,,
2023-02,data\historical_csv\football-data\2223\F2.csv:240,data\historical_csv\football-data\2223\F2.csv,240,2023-02-20,F2,Nimes,St Etienne,home,0.2742936179339074,0.267481730242012,3.842,3.9,2.766480758981027,0.0048118876918953,4,0.0,PS,3.0-4.0,sportsbook,0.2602811035918792,1.0538360801020723,0.0068118876918953,0.0175428350398397,1.345993064346365,0.0752369888392723,0.3691973073335111,0.25,1.5096304008328951,home:3.0-4.0,home:sportsbook,sportsbook:3.0-4.0,4.133871560896036,4.133871560896036,0.6977286927691514,0.2710407901116503,0.2663707087131138,0.2708912600630481,0.032018724266563,,,0.0,lower_clv,True,4.218338713135905,4.218338713135905,0.2712606421476728,0.2712606421476728,,,0.2663707087131138,0.0,4.176105137015971,0.0844671522398687,4.133871560896036,0.2708912600630481,0.2710407901116503,0.6977286927691514,0.6977286927691514,0.5,0.54,model_agreement_0.75_kelly,9m3m_core,3.829552519910543,0.2611271146696167,True,False,-0.54,0.3250374560667346,away,1.25,True,,,,,,,,
2023-02,data\historical_csv\football-data\2223\F2.csv:250,data\historical_csv\football-data\2223\F2.csv,250,2023-02-27,F2,Amiens,Bordeaux,draw,0.3014033106072671,0.2862114530580802,3.45,3.5,-1.257048694962326,0.0131918575491869,4,0.0,B365,3.0-4.0,sportsbook,0.2898550724637681,1.0398414215950715,0.0151918575491868,0.0437681242538708,1.2383742310432684,0.0908439556450207,0.3732500930071697,0.25,1.4492753623188248,draw:3.0-4.0,draw:sportsbook,sportsbook:3.0-4.0,5.3312522084705245,5.3312522084705245,0.6683257838147885,0.3053079774158566,0.2968841761917297,0.3050382580471849,0.032018724266563,,,0.0,lower_clv,True,5.267308785329394,5.267308785329394,0.305122634160375,0.305122634160375,,,0.2968841761917297,0.0,5.299280496899959,0.0639434231411302,5.267308785329394,0.3050382580471849,0.305122634160375,0.6683257838147885,0.6683257838147885,0.5,0.8,model_agreement_0.75_kelly,9m3m_core,3.4887244477244894,0.2866377138648044,False,False,-0.8,-1.1099887166424738,away,1.25,True,,,,,,,,
2023-02,data\historical_csv\football-data\2223\I2.csv:238,data\historical_csv\football-data\2223\I2.csv,238,2023-02-11,I2,Venezia,Spal,draw,0.2826637054568087,0.2712245542535578,3.646,3.7,-1.111527519152811,0.0094391512032509,5,0.0,B365,3.0-4.0,sportsbook,0.274273176083379,1.0305918700955246,0.0114391512032508,0.033393573426756,1.293630676256471,0.0798987703825735,0.3656624404432515,0.2,1.4810751508502529,draw:3.0-4.0,draw:sportsbook,sportsbook:3.0-4.0,3.476129427956998,3.476129427956998,0.5882545936747772,0.2838072666702057,0.2757593228762941,0.2835495817769556,0.032018724266563,,,0.0,lower_clv,True,3.5859332396152466,3.5859332396152466,0.2841084290719013,0.2841084290719013,,,0.2757593228762941,0.0,3.5310313337861223,0.1098038116582484,3.476129427956998,0.2835495817769556,0.2838072666702057,0.5882545936747772,0.5882545936747772,1.0,0.96,model_agreement_0.75_kelly,9m3m_core,3.422544510733009,0.2921802760677111,True,False,-0.96,6.528928654287469,home,1.25,True,,,,,,,,
2023-02,data\historical_csv\football-data\2223\I2.csv:242,data\historical_csv\football-data\2223\I2.csv,242,2023-02-17,I2,Pisa,Venezia,away,0.2839855673002867,0.2771865331353201,3.646,3.7,1.0622099811377297,0.0047990341649665,5,0.0,WH,3.0-4.0,sportsbook,0.274273176083379,1.0354113783768455,0.0067990341649665,0.0168988664127852,1.293630676256471,0.0806478024348656,0.3673724414737476,0.2,1.4810751508502529,away:3.0-4.0,away:sportsbook,sportsbook:3.0-4.0,2.994818561766805,2.994818561766805,0.6025334070203662,0.2824871600706714,0.2772448254142687,0.282319307202795,0.032018724266563,,,0.0,lower_clv,True,4.048275785252331,4.048275785252331,0.2853765106562049,0.2853765106562049,,,0.2772448254142687,0.0,3.521547173509568,1.053457223485526,2.994818561766805,0.282319307202795,0.2824871600706714,0.6025334070203662,0.6025334070203662,1.0,0.83,model_agreement_0.75_kelly,9m3m_core,3.6736374579564086,0.272209767960142,False,False,-0.83,-0.752318601732227,draw,1.25,True,,,,,,,,
2023-02,data\historical_csv\football-data\2223\I2.csv:264,data\historical_csv\football-data\2223\I2.csv,264,2023-02-28,I2,Parma,Pisa,away,0.2583405049347829,0.2461392104223662,4.038,4.1,-0.6089868314484881,0.0102012945124166,4,0.0,VC,4.0-5.0,sportsbook,0.2476473501733531,1.0431789589266534,0.0122012945124166,0.0394877857616322,1.3957495198906458,0.0667398164899585,0.3605786357310302,0.25,1.535413571074784,away:4.0-5.0,away:sportsbook,sportsbook:4.0-5.0,4.2803916029090905,4.2803916029090905,0.6541561218358479,0.2582476265550002,0.2485673388886499,0.2579376760933903,0.032018724266563,,,0.0,lower_clv,True,4.235619479775754,4.235619479775754,0.2581367495784441,0.2581367495784441,,,0.2485673388886499,0.0,4.258005541342422,0.0447721231333364,4.235619479775754,0.2579376760933903,0.2581367495784441,0.6541561218358479,0.6541561218358479,0.5,0.51,model_agreement_0.75_kelly,9m3m_core,4.099221368535038,0.2439487673624651,False,True,1.55,-1.4934877390365808,away,1.25,True,,,,,,,,
2023-03,data\historical_csv\football-data\2223\B1.csv:265,data\historical_csv\football-data\2223\B1.csv,265,2023-03-18,B1,Oostende,Westerlo,draw,0.2728724599814847,0.2671706596113712,3.8126,3.87,1.861485683431385,0.0037018003701134,4,0.0,PS,3.0-4.0,sportsbook,0.2622882022766616,1.0403535409254083,0.0057018003701134,0.0135660460948117,1.3383113710977392,0.0744593794163469,0.3651883160526337,0.25,1.5055342810680328,draw:3.0-4.0,draw:sportsbook,sportsbook:3.0-4.0,2.709493321540571,2.709493321540571,0.6075930503023222,0.2693948836005366,0.26766233788218,0.2678501541911662,0.8915951787036309,,,0.0,lower_clv,True,3.075394717817437,3.075394717817437,0.2703545997949363,0.2680638377850657,,,0.26766233788218,0.8508689288425597,2.892444019679004,0.3659013962768656,2.709493321540571,0.2678501541911662,0.2693948836005366,0.6075930503023222,0.6075930503023222,0.5,0.28,model_agreement_0.75_kelly,9m3m_core,3.794118261160062,0.2635658488131172,True,False,-0.28,0.4871155184890563,away,1.25,True,,,,,,,,
2023-03,data\historical_csv\football-data\2223\B1.csv:272,data\historical_csv\football-data\2223\B1.csv,272,2023-03-31,B1,Waregem,Antwerp,away,0.5538805028105109,0.5375492535187537,1.931,1.95,3.800760854471341,0.0143312492917571,5,0.0,WH,1.5-2.0,sportsbook,0.5178663904712584,1.0695432509270966,0.0163312492917572,0.0258742620818701,0.6580380034463774,0.3067836113936244,0.3644744202173042,0.2,0.9839461418953864,away:1.5-2.0,away:sportsbook,sportsbook:1.5-2.0,3.639407660624146,3.639407660624146,0.7248458635188735,0.5367136595578671,0.6017107950623801,0.5946647922032375,0.8915951787036309,,,0.0,lower_clv,True,4.688784863488049,4.688784863488049,0.5421480314007667,0.5928281363164263,,,0.6017107950623801,0.8508689288425597,4.1640962620560975,1.0493772028639032,3.639407660624146,0.5928281363164263,0.5367136595578671,0.7248458635188735,0.7248458635188735,1.0,11.66,model_agreement_0.75_kelly,9m3m_core,1.91984308510009,0.520875902703197,True,True,10.86,0.5811368119873261,away,1.25,True,,,,,,,,
2023-03,data\historical_csv\football-data\2223\SP2.csv:359,data\historical_csv\football-data\2223\SP2.csv,359,2023-03-26,SP2,Ponferradina,Mirandes,home,0.4543732165755941,0.4424389789951854,2.372,2.4,4.946525817657976,0.0099342375804087,5,0.0,WH,2.0-3.0,sportsbook,0.4215851602023609,1.0777732697173092,0.0119342375804087,0.0218636073122411,0.863733481135479,0.2064550199412518,0.3924573600875629,0.2,1.180438448566612,home:2.0-3.0,home:sportsbook,sportsbook:2.0-3.0,3.752885844779752,3.752885844779752,0.7058647351708955,0.4374067700032873,0.484729262174169,0.4795992758670858,0.8915951787036309,,,0.0,lower_clv,True,4.954067244171867,4.954067244171867,0.4424707725302355,0.4784272083480736,,,0.484729262174169,0.8508689288425597,4.353476544475809,1.201181399392115,3.752885844779752,0.4784272083480736,0.4374067700032873,0.7058647351708955,0.7058647351708955,1.0,7.37,model_agreement_0.75_kelly,9m3m_core,2.440490849573669,0.4097536363124207,False,False,-7.37,-2.806437466693812,draw,1.25,True,,,,,,,,
2023-03,data\historical_csv\football-data\2223\SP2.csv:362,data\historical_csv\football-data\2223\SP2.csv,362,2023-03-26,SP2,Villarreal B,Huesca,away,0.310317453747539,0.3020586956541224,3.548,3.6,7.170425218082643,0.0062587580934166,5,0.0,WH,3.0-4.0,sportsbook,0.2818489289740699,1.1010063258962686,0.0082587580934166,0.0201688884006778,1.266384064447333,0.096296922100356,0.3929810783457557,0.2,1.4656144306651742,away:3.0-4.0,away:sportsbook,sportsbook:3.0-4.0,6.287689311504025,6.287689311504025,0.8279642896488896,0.299570713955761,0.311892903901573,0.3105571191025174,0.8915951787036309,,,0.0,lower_clv,True,7.607472671200921,7.607472671200921,0.3032905092198447,0.3106100195681678,,,0.311892903901573,0.8508689288425597,6.947580991352472,1.3197833596968964,6.287689311504025,0.3105571191025174,0.299570713955761,0.8279642896488896,0.8279642896488896,1.1039523861985194,3.31,model_agreement_0.75_kelly,9m3m_core,4.634662192233275,0.2157654557166628,False,False,-3.31,-23.44641631172804,draw,1.25,True,,,,,,,,
2023-03,data\historical_csv\football-data\2223\SP2.csv:364,data\historical_csv\football-data\2223\SP2.csv,364,2023-03-27,SP2,Malaga,Leganes,away,0.3764519038763763,0.3712048496319001,2.764,2.8,2.6010204382571844,0.0032470542444762,5,0.0,WH,2.0-3.0,sportsbook,0.361794500723589,1.040513062314304,0.0052470542444761,0.0086254159191143,1.016678905905423,0.1417160359321484,0.3827307097590478,0.2,1.302460202604916,away:2.0-3.0,away:sportsbook,sportsbook:2.0-3.0,2.943243839103601,2.943243839103601,0.624835262826735,0.3724429950763517,0.3778295469984231,0.3736237769082661,0.2192092175100435,,,0.0,lower_clv,True,3.0725500361420632,3.0725500361420632,0.3729108177863316,0.3737262960648637,,,0.3778295469984231,0.1657904396378282,3.0078969376228324,0.1293061970384621,2.943243839103601,0.3724429950763517,0.3724429950763517,0.624835262826735,0.624835262826735,1.0,0.52,model_agreement_0.625_kelly,18m9m_satellite,3.2564698735535456,0.3070809922490619,False,False,-0.52,-15.122813742359288,home,1.25,True,,,,,,,,
2023-04,data\historical_csv\football-data\2223\B1.csv:274,data\historical_csv\football-data\2223\B1.csv,274,2023-04-01,B1,Seraing,Gent,away,0.6849790948734652,0.6794008397236787,1.5096,1.52,2.5623507646865384,0.0035782551497865,5,0.0,WH,1.5-2.0,sportsbook,0.6624271330153683,1.034044441620983,0.0055782551497864,0.005223889570597,0.4118447150722034,0.4691963604136716,0.2821050201585781,0.2,0.6889242183359734,away:1.5-2.0,away:sportsbook,sportsbook:1.5-2.0,4.346074655193332,4.346074655193332,0.6233958880698353,0.6912167107524729,0.7213081432539756,0.7064777738385132,0.5071564168730807,,,0.0,lower_clv,True,3.682409007964016,3.682409007964016,0.6868204094327239,0.7023425973086512,,,0.7213081432539756,0.4500785107069693,4.0142418315786745,0.6636656472293163,3.682409007964016,0.6868204094327239,0.6868204094327239,0.6233958880698353,0.6233958880698353,1.0,2.26,model_agreement_0.625_kelly,18m9m_satellite,1.3963227595651546,0.7161667982203641,True,True,1.15,8.112539859346168,away,1.25,True,,,,,,,,
2023-04,data\historical_csv\football-data\2223\B1.csv:293,data\historical_csv\football-data\2223\B1.csv,293,2023-04-15,B1,Oostende,Oud-Heverlee Leuven,draw,0.2588141309145537,0.2487115567579561,4.1458,4.21,3.1108372007134344,0.0081025741565976,4,0.0,PS,4.0-5.0,sportsbook,0.2412079695113126,1.0729916239455568,0.0101025741565976,0.0313065369652194,1.4220957735832738,0.0669847543610557,0.368058481717215,0.25,1.5485551642626438,draw:4.0-5.0,draw:sportsbook,sportsbook:4.0-5.0,4.86295513623779,4.86295513623779,0.752638742371389,0.2529378048536779,0.2482094048560522,0.2490507343574863,0.822068881258661,,,0.0,lower_clv,True,4.881251934014785,4.881251934014785,0.2529819381880814,0.249416410333548,,,0.2482094048560522,0.7470933373276833,4.872103535126287,0.018296797776995,4.86295513623779,0.2490507343574863,0.2529378048536779,0.752638742371389,0.752638742371389,0.5017591615809259,0.39,model_agreement_0.75_kelly,9m3m_core,3.953962264150944,0.2529108608513075,True,False,-0.39,4.851784691735039,away,1.25,True,,,,,,,,
2023-04,data\historical_csv\football-data\2223\E1.csv:538,data\historical_csv\football-data\2223\E1.csv,538,2023-04-30,E1,Cardiff,Huddersfield,away,0.3024166189530927,0.2904843645597609,3.45,3.5,0.2171057731175096,0.0099322543933318,5,0.0,BW,3.0-4.0,sportsbook,0.2898550724637681,1.04333733538817,0.0119322543933318,0.032842951646359,1.2383742310432684,0.0914558114190201,0.3745049479507413,0.2,1.4492753623188248,away:3.0-4.0,away:sportsbook,sportsbook:3.0-4.0,2.4185293711706124,2.4185293711706124,0.6003106825466498,0.2968653025251322,0.2987999068410029,0.2984556805307582,0.822068881258661,,,0.0,lower_clv,True,2.4784948352076563,2.4784948352076563,0.29703911546437,0.2983545909702764,,,0.2987999068410029,0.7470933373276833,2.4485121031891346,0.0599654640370439,2.4185293711706124,0.2983545909702764,0.2968653025251322,0.6003106825466498,0.6003106825466498,1.0,0.9,model_agreement_0.75_kelly,9m3m_core,3.247244742854694,0.307953381770937,True,True,2.2,6.243916710973285,away,1.25,True,,,,,,,,
2023-04,data\historical_csv\football-data\2223\E2.csv:525,data\historical_csv\football-data\2223\E2.csv,525,2023-04-25,E2,Lincoln,Burton,home,0.4610379126664662,0.44217558656864,2.274,2.3,0.550728385708732,0.0168623260978262,5,0.0,BW,2.0-3.0,sportsbook,0.4397537379067722,1.0484002134035444,0.0188623260978262,0.0365747059722291,0.8215403953283443,0.2125559569158521,0.3787612690333634,0.2,1.1433597185575906,home:2.0-3.0,home:sportsbook,sportsbook:2.0-3.0,2.658589208288046,2.658589208288046,0.6391134342004238,0.4514449833258049,0.4737126180832458,0.4627381571816271,0.5071564168730807,,,0.0,lower_clv,True,3.106703672341049,3.106703672341049,0.4534155834315789,0.4625508425593688,,,0.4737126180832458,0.4500785107069693,2.882646440314548,0.448114464053003,2.658589208288046,0.4514449833258049,0.4514449833258049,0.6391134342004238,0.6391134342004238,1.0,0.65,model_agreement_0.625_kelly,18m9m_satellite,2.2746263609537145,0.4396326434820337,False,False,-0.65,-0.0275368721855406,away,1.25,True,,,,,,,,
2023-04,data\historical_csv\football-data\2223\F2.csv:288,data\historical_csv\football-data\2223\F2.csv,288,2023-04-01,F2,Pau FC,Le Havre,home,0.2624065223069021,0.2548206798829491,4.1066,4.17,4.6446604007318815,0.005585842423953,5,0.0,PS,4.0-5.0,sportsbook,0.243510446598159,1.0775986245055245,0.007585842423953,0.0212869801209438,1.4125954355392614,0.0688571829492027,0.3706742556664613,0.2,1.5438562314323168,home:4.0-5.0,home:sportsbook,sportsbook:4.0-5.0,3.0483803230088866,3.0483803230088866,0.6738817070050144,0.2509335711367284,0.2500161712202806,0.2504683058822631,0.5071564168730807,,,0.0,lower_clv,True,2.955931516213073,2.955931516213073,0.2507084486344252,0.2503968694468709,,,0.2500161712202806,0.4500785107069693,3.0021559196109795,0.0924488067958138,2.955931516213073,0.2507084486344252,0.2507084486344252,0.6738817070050144,0.6738817070050144,1.0,0.3,model_agreement_0.625_kelly,18m9m_satellite,3.4171113134006736,0.2926448418810244,True,False,-0.3,20.17753076686151,away,1.25,True,,,,,,,,
2023-04,data\historical_csv\football-data\2223\G1.csv:194,data\historical_csv\football-data\2223\G1.csv,194,2023-04-01,G1,Ionikos,Asteras Tripolis,home,0.4278544220533012,0.4056121304732898,2.617,2.65,6.148694544859934,0.0202422915800114,5,0.0,IW,2.0-3.0,sportsbook,0.3821169277799006,1.1196950225134894,0.0222422915800114,0.0473111659869432,0.9620286235480088,0.1830594064705644,0.4116082007268662,0.2,1.260985861673669,home:2.0-3.0,home:sportsbook,sportsbook:2.0-3.0,5.607592396098543,5.607592396098543,0.8289165453584174,0.4035444875662917,0.4477115039097573,0.4398528172802974,0.822068881258661,,,0.0,lower_clv,True,7.230985284525704,7.230985284525704,0.409747746597347,0.4381102167453738,,,0.4477115039097573,0.7470933373276833,6.419288840312124,1.6233928884271611,5.607592396098543,0.4381102167453738,0.4035444875662917,0.8289165453584174,0.8289165453584174,1.10522206047789,7.51,model_agreement_0.75_kelly,9m3m_core,2.186951019520629,0.4572576116584431,True,True,12.14,19.66431697101456,home,1.25,True,,,,,,,,
2023-04,data\historical_csv\football-data\2223\I2.csv:311,data\historical_csv\football-data\2223\I2.csv,311,2023-04-05,I2,Perugia,Reggina,home,0.4401292512340005,0.4372772739107752,2.372,2.4,3.722169371635875,0.0008519773232252,5,0.0,WH,2.0-3.0,sportsbook,0.4215851602023609,1.043986583927049,0.0028519773232252,0.0019357434681665,0.863733481135479,0.1937137577918019,0.380154370317895,0.2,1.180438448566612,home:2.0-3.0,home:sportsbook,sportsbook:2.0-3.0,3.4925608571108167,3.4925608571108167,0.6065506493252211,0.4363092784869765,0.449947491276626,0.4432259856179278,0.5071564168730807,,,0.0,lower_clv,True,3.552944565300087,3.552944565300087,0.4365638472398823,0.4425875378157721,,,0.449947491276626,0.4500785107069693,3.5227527112054515,0.0603837081892701,3.4925608571108167,0.4363092784869765,0.4363092784869765,0.6065506493252211,0.6065506493252211,1.0,0.8,model_agreement_0.625_kelly,18m9m_satellite,2.521577534586,0.396577137242057,False,False,-0.8,-5.931903046184084,away,1.25,True,,,,,,,,
2023-04,data\historical_csv\football-data\2223\N1.csv:263,data\historical_csv\football-data\2223\N1.csv,263,2023-04-21,N1,Volendam,Cambuur,home,0.5574158469416841,0.5513886469346645,1.882,1.9,3.771343353103851,0.0040272000070196,5,0.0,IW,1.5-2.0,sportsbook,0.5313496280552604,1.0490566239442494,0.0060272000070196,0.0072247677010176,0.6323350411631878,0.310712426421715,0.352473572520883,0.2,0.9564293304994642,home:1.5-2.0,home:sportsbook,sportsbook:1.5-2.0,3.1875354051708213,3.1875354051708213,0.6539006755494988,0.5482865855747653,0.5824220323436103,0.5655985964464145,0.5071564168730807,,,0.0,lower_clv,True,3.80275941150936,3.80275941150936,0.5515555760441517,0.5654479047262138,,,0.5824220323436103,0.4500785107069693,3.495147408340091,0.6152240063385386,3.1875354051708213,0.5482865855747653,0.5482865855747653,0.6539006755494988,0.6539006755494988,1.0,1.13,model_agreement_0.625_kelly,18m9m_satellite,1.8388810162800389,0.5438089746681644,True,True,1.0,2.344849032548524,home,1.25,True,,,,,,,,
2023-04,data\historical_csv\football-data\2223\T1.csv:263,data\historical_csv\football-data\2223\T1.csv,263,2023-04-18,T1,Alanyaspor,Galatasaray,away,0.6334581322664995,0.6222876508227329,1.8036,1.82,12.2358007023881,0.0091704814437666,5,0.0,BW,1.5-2.0,sportsbook,0.5544466622310933,1.1425050873558589,0.0111704814437666,0.0144768548648272,0.5897846675647921,0.4012692053345619,0.3736038939550115,0.2,0.9092925260590023,away:1.5-2.0,away:sportsbook,sportsbook:1.5-2.0,9.428817818713028,9.428817818713028,0.8789951571124973,0.6067244279147983,0.6852872047984322,0.6713084420161011,0.822068881258661,,,0.0,lower_clv,True,9.876678323173715,9.876678323173715,0.6092075755332319,0.6660461596636232,,,0.6852872047984322,0.7470933373276833,9.652748070943373,0.4478605044606869,9.428817818713028,0.6660461596636232,0.6067244279147983,0.8789951571124973,0.8789951571124973,1.171993542816663,15.0,model_agreement_0.75_kelly,9m3m_core,1.5050951925802611,0.6644098027352338,True,True,12.05,19.832952021326776,away,1.25,True,,,,,,,,
2023-04,data\historical_csv\football-data\2223\T1.csv:284,data\historical_csv\football-data\2223\T1.csv,284,2023-04-29,T1,Ankaragucu,Kasimpasa,home,0.4784654253883985,0.4654323897218781,2.274,2.3,5.839325422755093,0.0110330356665203,5,0.0,BW,2.0-3.0,sportsbook,0.4397537379067722,1.088030377333218,0.0130330356665203,0.0230592119745416,0.8215403953283443,0.2289291632921011,0.3930786747245293,0.2,1.1433597185575906,home:2.0-3.0,home:sportsbook,sportsbook:2.0-3.0,4.496257450877291,4.496257450877291,0.6929284915854975,0.4595261981129168,0.5077995516969092,0.4992102198883131,0.822068881258661,,,0.0,lower_clv,True,4.859193704709797,4.859193704709797,0.4611222238553641,0.4959945444900424,,,0.5077995516969092,0.7470933373276833,4.677725577793543,0.3629362538325056,4.496257450877291,0.4959945444900424,0.4595261981129168,0.6929284915854975,0.6929284915854975,1.0,7.53,model_agreement_0.75_kelly,9m3m_core,2.018520993321665,0.4954122366368886,True,False,-7.53,12.656742611228466,draw,1.25,True,,,,,,,,
2023-05,data\historical_csv\football-data\2223\E3.csv:544,data\historical_csv\football-data\2223\E3.csv,544,2023-05-08,E3,Colchester,Mansfield,home,0.2735544269827748,0.2674604309537525,3.94,4.0,5.379409795778511,0.0040939960290222,5,0.0,B365,3.0-4.0,sportsbook,0.2538071065989847,1.077804442312133,0.0060939960290222,0.0149659286240689,1.3711807233098423,0.0748320245218742,0.3750925570548507,0.2,1.522842639593902,home:3.0-4.0,home:sportsbook,sportsbook:3.0-4.0,6.147499860633332,4.119322281248366,0.7834340798488165,0.2642622392925085,0.2643824727985037,0.2643240997857924,0.5145029480080007,,,0.0,lower_clv,True,6.172686521347859,4.174521723467062,0.2644023393996626,0.2643944802463156,,,0.2643824727985037,0.3955962715579585,6.160093190990596,0.0251866607145263,4.119322281248366,0.2643240997857924,0.2642622392925085,0.7834340798488165,0.7834340798488165,1.0445787731317553,1.1,model_agreement_0.75_kelly,9m3m_core,4.716292511334554,0.2120309538894637,False,False,-1.1,-16.459804167551283,away,1.25,True,,,,,,,,
2023-05,data\historical_csv\football-data\2223\F2.csv:345,data\historical_csv\football-data\2223\F2.csv,345,2023-05-13,F2,Dijon,Amiens,home,0.4976985672323841,0.4902451714302382,2.274,2.3,11.481751983236176,0.0054533958021458,5,0.0,BW,2.0-3.0,sportsbook,0.4397537379067722,1.1317665418864415,0.0074533958021458,0.0109572262433287,0.8215403953283443,0.2477038638251679,0.4088794776784434,0.2,1.1433597185575906,home:2.0-3.0,home:sportsbook,sportsbook:2.0-3.0,9.656093847218251,7.627916267833286,0.8686854597836275,0.4732977848189678,0.5202674409560352,0.497463811368411,0.5145029480080007,,,0.0,lower_clv,True,9.889022803692304,8.735767283291063,0.4781696010698815,0.4948233495694878,,,0.5202674409560352,0.3955962715579585,9.77255832545528,0.2329289564740531,7.627916267833286,0.4948233495694878,0.4732977848189678,0.8686854597836275,0.8686854597836275,1.158247279711503,8.54,model_agreement_0.75_kelly,9m3m_core,2.0707407468425685,0.4829189755041926,True,True,10.88,9.815775029653404,home,1.25,True,,,,,,,,
2023-05,data\historical_csv\football-data\2223\G1.csv:229,data\historical_csv\football-data\2223\G1.csv,229,2023-05-06,G1,Giannina,Asteras Tripolis,draw,0.4017102322417646,0.3846307730584543,2.715,2.75,4.427254885370346,0.0150794591833102,5,0.0,VC,2.0-3.0,sportsbook,0.3683241252302026,1.0906432805363908,0.0170794591833102,0.037538150569774,0.9987919533858988,0.1613711106877324,0.4012249475558551,0.2,1.2891344383057168,draw:2.0-3.0,draw:sportsbook,sportsbook:2.0-3.0,8.793865719094319,6.765688139709353,0.8593667830381576,0.3932437868865906,0.4102050992523657,0.4019704321008664,0.5145029480080007,,,0.0,lower_clv,True,7.301363597069588,5.924455620864921,0.3901453245704049,0.3980808966428813,,,0.4102050992523657,0.3955962715579585,8.047614658081953,1.4925021220247308,5.924455620864921,0.3980808966428813,0.3901453245704049,0.8593667830381576,0.8593667830381576,1.1458223773842102,4.05,model_agreement_0.75_kelly,9m3m_core,2.372918177596665,0.4214220319272948,True,False,-4.05,14.41608166826054,home,1.25,True,,,,,,,,
2023-08,data\historical_csv\football-data\2324\I2.csv:23,data\historical_csv\football-data\2324\I2.csv,23,2023-08-30,I2,Catanzaro,Spezia,home,0.3095091107377858,0.3039235425100169,3.45,3.5,4.853622165955862,0.0035855682277688,5,0.0,VC,3.0-4.0,sportsbook,0.2898550724637681,1.067806432045361,0.0055855682277688,0.0115846936434982,1.2383742310432684,0.0957958896296949,0.3832881070107913,0.2,1.4492753623188248,home:3.0-4.0,home:sportsbook,sportsbook:3.0-4.0,4.974757929538455,2.8396685772000296,0.7370665890938126,0.2980859958759421,0.3015901059897966,0.2989249140584407,0.2394097660292191,,,0.0,lower_clv,True,4.957420601673168,3.0929118782789145,0.2988200344297939,0.2991026693923793,,,0.3015901059897966,0.1020316466427602,4.966089265605811,0.0173373278652873,2.8396685772000296,0.2980859958759421,0.2980859958759421,0.7370665890938126,0.7370665890938126,1.0,0.36,model_agreement_0.625_kelly,18m9m_satellite,2.9334517195852423,0.3408953327315674,True,True,0.88,17.60888979239079,home,1.25,True,,,,,,,,
2023-10,data\historical_csv\football-data\2324\G1.csv:52,data\historical_csv\football-data\2324\G1.csv,52,2023-10-21,G1,Aris,Panserraikos,home,0.6449912687659259,0.6333022337414895,1.6467999999999998,1.66,4.292211852548489,0.0096890350244364,5,0.0,BW,1.5-2.0,sportsbook,0.6072382803011902,1.062171621403727,0.0116890350244364,0.0150219630770733,0.4988340109136124,0.4160137367842789,0.3217435816027666,0.2,0.8015545299975724,home:1.5-2.0,home:sportsbook,sportsbook:1.5-2.0,3.2107750527088905,3.2107750527088905,0.5822038567213367,0.6267353355155993,0.6717058504083145,0.6267353355155993,0.0,,,0.0,lower_clv,True,4.0653997313214285,4.0653997313214285,0.6319249437170357,0.6319249437170357,,,0.6717058504083145,0.0,3.63808739201516,0.854624678612538,3.2107750527088905,0.6267353355155993,0.6267353355155993,0.5822038567213367,0.5822038567213367,1.0,1.55,model_agreement_0.625_kelly,12m6m_tertiary,1.5727702073243466,0.6358207927280337,True,True,1.0,4.7069681464525726,home,1.25,True,,,,,,,,
2023-12,data\historical_csv\football-data\2324\G1.csv:96,data\historical_csv\football-data\2324\G1.csv,96,2023-12-17,G1,Lamia,Volos NFC,home,0.5007764890005578,0.4964795167947295,2.127,2.15,5.601193222238976,0.0022969722058282,5,0.0,VC,2.0-3.0,sportsbook,0.4701457451810061,1.0651515921041863,0.0042969722058282,0.00458682117927,0.7547125362181001,0.2507770919357258,0.3779422940920064,0.2,1.0813352139163124,home:2.0-3.0,home:sportsbook,sportsbook:2.0-3.0,5.721683895815542,5.721683895815542,0.6795300860031301,0.4970459985698897,0.4778614815713471,0.4785271483651897,0.9653018736988204,,,0.0,lower_clv,True,5.048755549448836,5.048755549448836,0.4938822545813298,0.4784173723766901,,,0.4778614815713471,0.9653018736988204,5.385219722632189,0.6729283463667066,5.048755549448836,0.4784173723766901,0.4938822545813298,0.6795300860031301,0.6795300860031301,1.0,1.17,model_agreement_0.75_kelly,9m3m_core,2.2799493232988683,0.4386062399637443,False,False,-1.17,-6.708452759711592,away,1.25,True,,,,,,,,
2024-02,data\historical_csv\football-data\2324\E2.csv:387,data\historical_csv\football-data\2324\E2.csv,387,2024-02-17,E2,Peterboro,Blackpool,away,0.27214748332575,0.2674700940011073,3.94,4.0,5.383217036436272,0.0026773893246427,4,0.0,B365,3.0-4.0,sportsbook,0.2538071065989847,1.0722610843034552,0.0046773893246427,0.0098380087587951,1.3711807233098423,0.0740642526805394,0.3731633830335553,0.25,1.522842639593902,away:3.0-4.0,away:sportsbook,sportsbook:3.0-4.0,4.104914714477715,4.104914714477715,0.7353405698019959,0.2642256718641566,0.2554392035798017,0.2586315627898183,0.636673222197724,,,0.0,lower_clv,True,4.446329450213149,4.446329450213149,0.2650922067264293,0.2591637058276181,,,0.2554392035798017,0.6141612935123045,4.275622082345432,0.3414147357354338,4.104914714477715,0.2642256718641566,0.2642256718641566,0.7353405698019959,0.7353405698019959,0.5,0.22,model_agreement_0.625_kelly,18m9m_satellite,4.086639496894081,0.2446998324075362,False,True,0.65,-3.588266031430709,away,1.25,True,,,,,,,,
2024-02,data\historical_csv\football-data\2324\E3.csv:348,data\historical_csv\football-data\2324\E3.csv,348,2024-02-03,E3,Salford,Wrexham,home,0.2616059768953745,0.2573520300954633,4.136,4.2,6.44079964748363,0.0022539467999112,4,0.0,B365,4.0-5.0,sportsbook,0.241779497098646,1.082002320439269,0.0042539467999112,0.0086158077374992,1.419729137206128,0.0684376871473832,0.3714096278656363,0.25,1.547388781431347,home:4.0-5.0,home:sportsbook,sportsbook:4.0-5.0,5.716306101217945,5.716306101217945,0.7858409672919122,0.2556003532427899,0.2440669749671584,0.2482573601332184,0.636673222197724,,,0.0,lower_clv,True,6.069218430633816,6.069218430633816,0.2564536228980508,0.2488462231825324,,,0.2440669749671584,0.6141612935123045,5.89276226592588,0.3529123294158713,5.716306101217945,0.2556003532427899,0.2556003532427899,0.7858409672919122,0.7858409672919122,0.5238939781946081,0.3,model_agreement_0.625_kelly,18m9m_satellite,3.3195264177323978,0.3012477908469577,True,True,0.94,24.5960862943017,home,1.25,True,,,,,,,,
2024-03,data\historical_csv\football-data\2324\E3.csv:441,data\historical_csv\football-data\2324\E3.csv,441,2024-03-12,E3,Tranmere,Mansfield,home,0.2535221404537848,0.2448971421261349,4.136,4.2,1.289457983369413,0.0066249983276499,4,0.0,B365,4.0-5.0,sportsbook,0.241779497098646,1.0485675729168542,0.0086249983276499,0.026131833360951,1.419729137206128,0.0642734757002686,0.3599327697291027,0.25,1.547388781431347,home:4.0-5.0,home:sportsbook,sportsbook:4.0-5.0,3.4938670055037946,3.4938670055037946,0.6624696402472113,0.2502269511738486,0.239699790830221,0.2441129447910957,0.5807840085245725,,,0.0,lower_clv,True,3.57820836749736,3.57820836749736,0.2504308712947228,0.2433390438227337,,,0.239699790830221,0.6608679802046736,3.5360376865005776,0.0843413619935655,3.4938670055037946,0.2502269511738486,0.2502269511738486,0.6624696402472113,0.6624696402472113,0.5,0.18,model_agreement_0.625_kelly,18m9m_satellite,3.857789726899674,0.2592157869640172,True,True,0.56,7.211649488317517,home,1.25,True,,,,,,,,
2024-04,data\historical_csv\football-data\2324\E1.csv:493,data\historical_csv\football-data\2324\E1.csv,493,2024-04-09,E1,Preston,Huddersfield,away,0.3328168276036377,0.3254090875686301,3.205,3.25,4.293612565745941,0.0054077400350076,4,0.0,BW,3.0-4.0,sportsbook,0.31201248049922,1.066677932469659,0.0074077400350076,0.0162483972758971,1.1647120903726331,0.1107670407361495,0.3876357829894212,0.25,1.4040561622464809,away:3.0-4.0,away:sportsbook,sportsbook:3.0-4.0,3.3936745261650803,3.3936745261650803,0.6532529866572978,0.3226011685683778,0.3207983999262454,0.3217926541462134,0.4484848489532724,,,0.0,lower_clv,True,4.233576099467862,4.233576099467862,0.3252217663009917,0.323053910456444,,,0.3207983999262454,0.4900918578493371,3.813625312816471,0.8399015733027815,3.3936745261650803,0.3226011685683778,0.3226011685683778,0.6532529866572978,0.6532529866572978,0.5,0.24,model_agreement_0.625_kelly,18m9m_satellite,3.131612903225807,0.3193242686444169,True,False,-0.24,2.3434281005356272,home,1.25,True,,,,,,,,
2024-04,data\historical_csv\football-data\2324\E3.csv:509,data\historical_csv\football-data\2324\E3.csv,509,2024-04-09,E3,Newport County,Accrington,away,0.3771995874401233,0.3723467012196274,2.764,2.8,2.91662821710501,0.0028528862204958,4,0.0,BW,2.0-3.0,sportsbook,0.361794500723589,1.0425796596845007,0.0048528862204959,0.0075633333531913,1.016678905905423,0.1422795287649992,0.3834908638666016,0.25,1.302460202604916,away:2.0-3.0,away:sportsbook,sportsbook:2.0-3.0,2.221481455591197,2.221481455591197,0.5557803961961374,0.3698316984645123,0.3688325141179033,0.3693835794237469,0.4484848489532724,,,0.0,lower_clv,True,2.5297006106980824,2.5297006106980824,0.3709468184178657,0.3699106150954383,,,0.3688325141179033,0.4900918578493371,2.37559103314464,0.3082191551068853,2.221481455591197,0.3698316984645123,0.3698316984645123,0.5557803961961374,0.5557803961961374,0.5,0.2,model_agreement_0.625_kelly,18m9m_satellite,2.505705221463733,0.3990892429939703,True,True,0.35,10.308266763533403,away,1.25,True,,,,,,,,
2024-05,data\historical_csv\football-data\2324\T1.csv:347,data\historical_csv\football-data\2324\T1.csv,347,2024-05-05,T1,Buyuksehyr,Kasimpasa,away,0.2751771732005432,0.2679091105751124,3.94,4.0,5.556189566594316,0.0052680626254308,4,0.0,B365,3.0-4.0,sportsbook,0.2538071065989847,1.0841980624101404,0.0072680626254307,0.0191442573675671,1.3711807233098423,0.0757224766506417,0.3773176353874787,0.25,1.522842639593902,away:3.0-4.0,away:sportsbook,sportsbook:3.0-4.0,3.3827930536563287,3.3827930536563287,0.7101561360374161,0.2623928757707013,0.2584734725528679,0.2588810385756692,0.8960132448361531,,,0.0,lower_clv,True,3.7608748917045576,3.7608748917045576,0.2633524743444278,0.2585302315313644,,,0.2584734725528679,0.9883666821777572,3.571833972680443,0.3780818380482289,3.3827930536563287,0.2623928757707013,0.2623928757707013,0.7101561360374161,0.7101561360374161,0.5,0.18,model_agreement_0.625_kelly,18m9m_satellite,3.8717814495591214,0.2582790410636089,True,False,-0.18,1.761942179061915,home,1.25,True,,,,,,,,
2024-05,data\historical_csv\football-data\2324\T1.csv:368,data\historical_csv\football-data\2324\T1.csv,368,2024-05-18,T1,Kayserispor,Konyaspor,draw,0.385651878196462,0.3779462600688857,2.862,2.9,8.1682196317151,0.0057056181275762,4,0.0,VC,2.0-3.0,sportsbook,0.3494060097833683,1.1037356753982743,0.0077056181275763,0.0147947370417568,1.0515206811342592,0.1487273711564588,0.4055209256418501,0.25,1.327742837176782,draw:2.0-3.0,draw:sportsbook,sportsbook:2.0-3.0,7.7373853332460785,7.7373853332460785,0.7962187836674386,0.3764408991378269,0.3708610993728115,0.3714413246448395,0.8960132448361531,,,0.0,lower_clv,True,6.98902802900947,6.98902802900947,0.3738260937421714,0.3708955920946514,,,0.3708610993728115,0.9883666821777572,7.3632066811277745,0.7483573042366087,6.98902802900947,0.3738260937421714,0.3738260937421714,0.7962187836674386,0.7962187836674386,0.530812522444959,0.62,model_agreement_0.625_kelly,18m9m_satellite,2.655491453547364,0.3765781278128914,True,True,1.15,7.776660180049544,draw,1.25,True,,,,,,,,
2024-08,data\historical_csv\football-data\2425\D1.csv:17,data\historical_csv\football-data\2425\D1.csv,17,2024-08-31,D1,Leverkusen,RB Leipzig,away,0.2352708429236287,0.2293348509315205,4.2585,4.5,-2.337753730811976,0.0039359919921081,6,0.05,BFE,4.0-5.0,exchange,0.2348244687096395,1.0019008845902728,0.0059359919921081,0.0167296208199747,1.4489169855989985,0.0553523695299947,0.3408879205282396,0.1666666666666666,5.671010919337793,away:4.0-5.0,away:exchange,exchange:4.0-5.0,10.152871913401205,10.152871913401205,0.7882588706459787,0.2586658962390541,0.2174926140766004,0.2456375334396977,0.3164275985565483,,,0.0,lower_clv,True,9.313001965662403,9.313001965662403,0.2566936760964246,0.2447053284175905,,,0.2174926140766004,0.3058169105921537,9.732936939531804,0.8398699477388014,9.313001965662403,0.2566936760964246,0.2566936760964246,0.7882588706459787,0.9966785530669008,1.0510118275279716,0.94,model_agreement_0.625_kelly,18m9m_satellite,4.99937638515864,0.2000249477052062,False,True,3.06,-14.819376019737918,away,1.25,True,,,,,,,,
2024-08,data\historical_csv\football-data\2425\E1.csv:14,data\historical_csv\football-data\2425\E1.csv,14,2024-08-16,E1,Coventry,Oxford,draw,0.2388078874098516,0.2341655791136221,4.0723,4.3,-4.640751217559657,0.0026423082962295,6,0.05,BFE,4.0-5.0,exchange,0.2455614763155956,0.972497359899139,0.0046423082962295,0.0110645771581853,1.404207950404769,0.0570292070891563,0.3353359341202807,0.1666666666666666,5.591434815706098,draw:4.0-5.0,draw:exchange,exchange:4.0-5.0,8.643489235742258,8.643489235742258,0.0,0.2667865560880638,0.2210101429072876,0.2523016355947385,0.3164275985565483,,,0.0,lower_clv,True,7.111753369818574,7.111753369818574,0.2630252028824462,0.2501762870424991,,,0.2210101429072876,0.3058169105921537,7.877621302780416,1.5317358659236842,7.111753369818574,0.2630252028824462,0.2630252028824462,0.0,0.99556575586997,1.0,0.72,model_agreement_0.625_kelly,18m9m_satellite,4.235561889858992,0.2360961841672655,False,False,-0.72,-3.854550921564437,home,1.25,True,,,,,,,,
2024-08,data\historical_csv\football-data\2425\E1.csv:18,data\historical_csv\football-data\2425\E1.csv,18,2024-08-17,E1,Bristol City,Millwall,away,0.2385715878244884,0.2319659160548687,4.1654,4.4,-3.376917326504958,0.0046056717696196,6,0.05,BFE,4.0-5.0,exchange,0.2400729821865847,0.993746091924124,0.0066056717696196,0.0193051981236253,1.4268123094227787,0.0569164025170975,0.3403968781865176,0.1666666666666666,5.632112162097291,away:4.0-5.0,away:exchange,exchange:4.0-5.0,9.528749232992878,9.528749232992878,0.7620768106164786,0.262948934635312,0.2207750100726018,0.2496039409642286,0.3164275985565483,,,0.0,lower_clv,True,8.403187850359517,8.403187850359517,0.2602467658576836,0.2481756354478418,,,0.2207750100726018,0.3058169105921537,8.965968541676197,1.1255613826333608,8.403187850359517,0.2602467658576836,0.2602467658576836,0.7620768106164786,0.9961374964675832,1.0161024141553048,0.84,model_agreement_0.625_kelly,18m9m_satellite,4.100276645213229,0.2438859829537176,True,False,-0.84,1.588267339541538,home,1.25,True,,,,,,,,
2024-08,data\historical_csv\football-data\2425\E1.csv:28,data\historical_csv\football-data\2425\E1.csv,28,2024-08-24,E1,Hull,Millwall,away,0.2832647313963008,0.2775059074563274,3.46715,3.65,-3.7845392962794433,0.0037588239399733,6,0.05,BFE,3.0-4.0,exchange,0.288421325872835,0.9821213134606844,0.0057588239399734,0.0132696503424374,1.2433329308376464,0.0802389080530184,0.3521923686899014,0.1666666666666666,5.273783943584798,away:3.0-4.0,away:exchange,exchange:3.0-4.0,7.785122811684419,7.785122811684419,0.731903910057671,0.3108752803071238,0.2655756260201593,0.2965412194856578,0.3164275985565483,,,0.0,lower_clv,True,4.905198078512552,4.905198078512552,0.3025689632075697,0.291255775116422,,,0.2655756260201593,0.3058169105921537,6.345160445098486,2.8799247331718663,4.905198078512552,0.3025689632075697,0.3025689632075697,0.731903910057671,0.9941805003304838,1.0,0.62,model_agreement_0.625_kelly,18m9m_satellite,3.21901310108661,0.3106542187300946,True,False,-0.62,7.708477447004758,draw,1.25,True,,,,,,,,
2024-08,data\historical_csv\football-data\2425\E1.csv:35,data\historical_csv\football-data\2425\E1.csv,35,2024-08-24,E1,Sunderland,Burnley,home,0.3141254929446558,0.3071132271585021,3.09475,3.25,-4.95613402512255,0.0050122657861537,6,0.05,BFE,3.0-4.0,exchange,0.3231278778576621,0.9721398692904736,0.0070122657861537,0.015956252831211,1.1297071274297823,0.098674825317723,0.3548698082869715,0.1666666666666666,5.016560303740203,home:3.0-4.0,home:exchange,exchange:3.0-4.0,7.44055311413411,7.44055311413411,0.7095835151453056,0.3471703792362359,0.2968601592297635,0.3312508371367362,0.3164275985565483,,,0.0,lower_clv,True,3.5633181239214773,3.5633181239214773,0.3346419520928071,0.3230876409227984,,,0.2968601592297635,0.3058169105921537,5.501935619027794,3.877234990212632,3.5633181239214773,0.3346419520928071,0.3346419520928071,0.7095835151453056,0.9928389634228896,1.0,0.53,model_agreement_0.625_kelly,18m9m_satellite,2.548390023194339,0.3924046126764092,True,True,1.11,21.43941750803173,home,1.25,True,,,,,,,,
2024-08,data\historical_csv\football-data\2425\E1.csv:36,data\historical_csv\football-data\2425\E1.csv,36,2024-08-24,E1,Watford,Derby,draw,0.2634707925029407,0.2579293055988975,3.6999,3.9,-4.568736221463898,0.0035414869040431,6,0.05,BFE,3.0-4.0,exchange,0.2702775750695965,0.9748155851816304,0.0055414869040431,0.013441667937457,1.308305792257915,0.0694168585021276,0.3447003639223805,0.1666666666666666,5.408254277142621,draw:3.0-4.0,draw:exchange,exchange:3.0-4.0,8.61313935992577,8.61313935992577,0.7020304000057278,0.2935569592689688,0.2456552763529541,0.278399544777037,0.3164275985565483,,,0.0,lower_clv,True,6.2727992690094325,6.2727992690094325,0.2872315448228585,0.2745168188454424,,,0.2456552763529541,0.3058169105921537,7.442969314467601,2.340340090916337,6.2727992690094325,0.2872315448228585,0.2872315448228585,0.7020304000057278,0.9937167438324566,1.0,0.72,model_agreement_0.625_kelly,18m9m_satellite,3.683507438080224,0.2714803802652782,True,False,-0.72,0.4450258943502927,home,1.25,True,,,,,,,,
2024-08,data\historical_csv\football-data\2425\E1.csv:39,data\historical_csv\football-data\2425\E1.csv,39,2024-08-31,E1,Burnley,Blackburn,away,0.2463107155825468,0.2402290826674042,4.0723,4.3,-2.171510665352949,0.0040816329151425,6,0.05,BFE,4.0-5.0,exchange,0.2455614763155956,1.0030511270668057,0.0060816329151425,0.0165710732701545,1.404207950404769,0.0606689686107862,0.3458714650909002,0.1666666666666666,5.591434815706098,away:4.0-5.0,away:exchange,exchange:4.0-5.0,10.136766073808934,10.136766073808934,0.7897190633793725,0.2704534687370992,0.2284859799604878,0.2571737970460672,0.3164275985565483,,,0.0,lower_clv,True,8.796944559942599,8.796944559942599,0.2671633832476551,0.2553351792646467,,,0.2284859799604878,0.3058169105921537,9.466855316875764,1.339821513866335,8.796944559942599,0.2671633832476551,0.2671633832476551,0.7897190633793725,0.9966221737995584,1.0529587511724967,0.94,model_agreement_0.625_kelly,18m9m_satellite,3.66184025161672,0.2730867354354126,True,False,-0.94,11.20911127136308,draw,1.25,True,,,,,,,,
2024-08,data\historical_csv\football-data\2425\E2.csv:35,data\historical_csv\football-data\2425\E2.csv,35,2024-08-24,E2,Wigan,Crawley Town,away,0.228403224567772,0.2226888340697382,4.3516,4.6,-3.094726966212724,0.0037143904980338,6,0.05,BF,4.0-5.0,exchange,0.2298005331372369,0.9939194720291168,0.0057143904980338,0.0162624258263556,1.4705435935647904,0.0521680329929561,0.3358768986376773,0.1666666666666666,5.708245243128962,away:4.0-5.0,away:exchange,exchange:4.0-5.0,9.705503381476744,9.705503381476744,0.7684931253689915,0.252103831651523,0.2106756121287695,0.2389947996354646,0.3164275985565483,,,0.0,lower_clv,True,9.112212366183115,9.112212366183115,0.2507404457353229,0.2384879420983781,,,0.2106756121287695,0.3058169105921537,9.40885787382993,0.5932910152936284,9.112212366183115,0.2507404457353229,0.2507404457353229,0.7684931253689915,0.9963188400196896,1.024657500491989,0.87,model_agreement_0.625_kelly,18m9m_satellite,3.804636593104413,0.2628371923385315,True,False,-0.87,14.376232618035376,home,1.25,True,,,,,,,,
2024-08,data\historical_csv\football-data\2425\E2.csv:48,data\historical_csv\football-data\2425\E2.csv,48,2024-08-31,E2,Shrewsbury,Leyton Orient,home,0.3192920731115556,0.3150198064221808,3.09475,3.25,-2.509245407495586,0.0022722666893748,6,0.05,BFE,3.0-4.0,exchange,0.3231278778576621,0.9881291432619868,0.0042722666893748,0.0071165772054132,1.1297071274297823,0.101947427951875,0.3607065307259556,0.1666666666666666,5.016560303740203,home:3.0-4.0,home:exchange,exchange:3.0-4.0,8.774459139156216,8.774459139156216,0.7665385555391827,0.3514806014675053,0.3021227693523741,0.3358624211813571,0.3164275985565483,,,0.0,lower_clv,True,5.047712453219821,5.047712453219821,0.3394384439881083,0.3280266796543461,,,0.3021227693523741,0.3058169105921537,6.9110857961880185,3.726746685936394,5.047712453219821,0.3394384439881083,0.3394384439881083,0.7665385555391827,0.9946136542211624,1.0220514073855769,0.77,model_agreement_0.625_kelly,18m9m_satellite,3.7105303622993007,0.2695032521928566,False,True,1.61,-16.595481027615712,home,1.25,True,,,,,,,,
2024-08,data\historical_csv\football-data\2425\E2.csv:8,data\historical_csv\football-data\2425\E2.csv,8,2024-08-10,E2,Leyton Orient,Bolton,home,0.2718274468227324,0.2671413338826515,3.74645,3.95,0.0831650324659705,0.0026861129400809,6,0.05,BFE,3.0-4.0,exchange,0.2669193503183013,1.0183879381490262,0.0046861129400809,0.0098816840296214,1.3208087249437692,0.0738901608461654,0.3590320634426535,0.1666666666666666,5.4331433757290215,home:3.0-4.0,home:exchange,exchange:3.0-4.0,11.123146313007496,11.123146313007496,0.8541467182998727,0.296609180191935,0.2540506673792492,0.2831424921844787,0.3164275985565483,,,0.0,lower_clv,True,9.167686469580506,9.167686469580506,0.2913896794821244,0.27997077815626,,,0.2540506673792492,0.3058169105921537,10.145416391294,1.9554598434269896,9.167686469580506,0.2913896794821244,0.2913896794821244,0.8541467182998727,0.9973569968350844,1.138862291066497,1.19,model_agreement_0.625_kelly,18m9m_satellite,4.009788280322953,0.2493897258633961,False,False,-1.19,-6.56738615390794,away,1.25,True,,,,,,,,
2024-08,data\historical_csv\football-data\2425\E3.csv:20,data\historical_csv\football-data\2425\E3.csv,20,2024-08-17,E3,Grimsby,Cheltenham,away,0.3315913369706339,0.3257173147365506,2.9551,3.1,-3.7472763222019423,0.0038740222340833,6,0.05,BFE,2.0-3.0,exchange,0.3383980237555413,0.9798855598819204,0.0058740222340833,0.0116831225733332,1.083532491233016,0.1099528147539724,0.3592899874190775,0.1666666666666666,4.903387364217804,away:2.0-3.0,away:exchange,exchange:2.0-3.0,7.241518730363408,7.241518730363408,0.7048573826257118,0.3629031800289784,0.3146777747976519,0.3476433308622133,0.3164275985565483,,,0.0,lower_clv,True,3.076549381550908,3.076549381550908,0.3488090060625728,0.3383710983624284,,,0.3146777747976519,0.3058169105921537,5.159034055957158,4.1649693488125,3.076549381550908,0.3488090060625728,0.3488090060625728,0.7048573826257118,0.9918753013085936,1.0,0.49,model_agreement_0.625_kelly,18m9m_satellite,3.2138938298105235,0.3111490462828871,False,False,-0.49,-8.052345332944022,home,1.25,True,,,,,,,,
2024-08,data\historical_csv\football-data\2425\E3.csv:33,data\historical_csv\football-data\2425\E3.csv,33,2024-08-24,E3,Colchester,Harrogate,away,0.2427190361175306,0.2357896536417531,4.0723,4.3,-3.97937934746887,0.0049293824757774,6,0.05,BFE,4.0-5.0,exchange,0.2455614763155956,0.98842473078142,0.0069293824757774,0.0203090064736024,1.404207950404769,0.0589125304938231,0.3408280002308188,0.1666666666666666,5.591434815706098,away:4.0-5.0,away:exchange,exchange:4.0-5.0,9.1194448192096,9.1194448192096,0.747277463647686,0.2679553196454328,0.2249048021116852,0.2543329477656124,0.3164275985565483,,,0.0,lower_clv,True,7.715927980208059,7.715927980208059,0.2645088229752426,0.2523972436677223,,,0.2249048021116852,0.3058169105921537,8.41768639970883,1.40351683900154,7.715927980208059,0.2645088229752426,0.2645088229752426,0.747277463647686,0.9957182675004668,1.0,0.78,model_agreement_0.625_kelly,18m9m_satellite,4.517325861566528,0.2213699057019583,False,True,2.4,-9.8515333009915,away,1.25,True,,,,,,,,
2024-08,data\historical_csv\football-data\2425\E3.csv:35,data\historical_csv\football-data\2425\E3.csv,35,2024-08-24,E3,Fleetwood Town,Gillingham,home,0.4066731594400818,0.3946884282971867,2.45236,2.56,-3.208188598111117,0.0099847311428951,6,0.05,BFE,2.0-3.0,exchange,0.4077704741555073,0.9973089892844792,0.0119847311428951,0.0245522255676828,0.8970508262204496,0.1653830586089782,0.3648064936774061,0.1666666666666666,4.389241383809872,home:2.0-3.0,home:exchange,exchange:2.0-3.0,7.181479035104252,7.181479035104252,0.6942459516474443,0.4370544252683302,0.392051084401804,0.4228141261909136,0.3164275985565483,,,0.0,lower_clv,True,2.7458479731904184,2.7458479731904184,0.4189672314553753,0.410735818518408,,,0.392051084401804,0.3058169105921537,4.963663504147336,4.435631061913834,2.7458479731904184,0.4189672314553753,0.4189672314553753,0.6942459516474443,0.9907704499465608,1.0,0.59,model_agreement_0.625_kelly,18m9m_satellite,2.3900193487225314,0.418406654546333,True,False,-0.59,2.608374334324526,draw,1.25,True,,,,,,,,
2024-08,data\historical_csv\football-data\2425\F1.csv:18,data\historical_csv\football-data\2425\F1.csv,18,2024-08-25,F1,Strasbourg,Rennes,home,0.3059262223683389,0.3006486826499399,3.2344,3.4,-2.758190083703449,0.003277539718399,6,0.05,BFE,3.0-4.0,exchange,0.3091763541924314,0.9894877736281554,0.005277539718399,0.0107134971727035,1.173843439344424,0.0935908535325623,0.3591094890504981,0.1666666666666666,5.119960425426662,home:3.0-4.0,home:exchange,exchange:3.0-4.0,8.868607339509472,8.868607339509472,0.7729854055212596,0.3365959910323691,0.288522818251772,0.3213843124144108,0.3164275985565483,,,0.0,lower_clv,True,5.474137637346743,5.474137637346743,0.3261010933630557,0.3146090213631409,,,0.288522818251772,0.3058169105921537,7.171372488428108,3.394469702162729,5.474137637346743,0.3261010933630557,0.3261010933630557,0.7729854055212596,0.9950091338232562,1.0306472073616797,0.79,model_agreement_0.625_kelly,18m9m_satellite,3.444444444444444,0.2903225806451613,False,True,1.77,-6.098064516129032,home,1.25,True,,,,,,,,
2024-08,data\historical_csv\football-data\2425\F2.csv:21,data\historical_csv\football-data\2425\F2.csv,21,2024-08-30,F2,Caen,Annecy,away,0.2622196997771742,0.256355571111765,3.74645,3.95,-3.957667060832804,0.0038641286654091,6,0.05,BFE,3.0-4.0,exchange,0.2669193503183013,0.9823929942301944,0.0058641286654091,0.0147362256485412,1.3208087249437692,0.0687591709512313,0.3463420673178274,0.1666666666666666,5.4331433757290215,away:3.0-4.0,away:exchange,exchange:3.0-4.0,7.967291427670791,7.967291427670791,0.7419206191236839,0.2881855928350059,0.2444002750501853,0.2743307098763198,0.3164275985565483,,,0.0,lower_clv,True,5.7569243208031695,5.7569243208031695,0.2822856953137054,0.2706996931322303,,,0.2444002750501853,0.3058169105921537,6.86210787423698,2.210367106867621,5.7569243208031695,0.2822856953137054,0.2822856953137054,0.7419206191236839,0.9946866137679492,1.0,0.66,model_agreement_0.625_kelly,18m9m_satellite,4.233453175281049,0.2362137854361912,False,False,-0.66,-11.503686355258136,draw,1.25,True,,,,,,,,
2024-08,data\historical_csv\football-data\2425\I2.csv:24,data\historical_csv\football-data\2425\I2.csv,24,2024-08-27,I2,Cittadella,Pisa,away,0.4210497071330623,0.4164311780753381,2.5876,2.62,7.755731638774477,0.0026185290577241,6,0.0,WH,2.0-3.0,sportsbook,0.3864584943577059,1.089508222177512,0.0046185290577241,0.0062190497068714,0.9507308051876934,0.1772828558768375,0.4003049270866587,0.1666666666666666,1.2521255217189609,away:2.0-3.0,away:sportsbook,sportsbook:2.0-3.0,3.070347544979988,3.070347544979988,0.6197463452291576,0.3983241132515844,0.4069893118406572,0.4010660212321403,0.3164275985565483,,,0.0,lower_clv,True,4.611168825410594,4.611168825410594,0.4042787479726796,0.4051076842407473,,,0.4069893118406572,0.3058169105921537,3.840758185195291,1.540821280430606,3.070347544979988,0.3983241132515844,0.3983241132515844,0.6212001688131018,0.6197463452291576,1.0,0.6,model_agreement_0.625_kelly,18m9m_satellite,2.235652630703413,0.4472966802921281,True,False,-0.6,15.74248899239108,draw,1.25,True,,,,,,,,
2024-08,data\historical_csv\football-data\2425\I2.csv:25,data\historical_csv\football-data\2425\I2.csv,25,2024-08-27,I2,Cremonese,Palermo,home,0.5209093573821921,0.5154662852227103,2.0780000000000003,2.1,7.113894069279225,0.0034430721594818,6,0.0,WH,2.0-3.0,sportsbook,0.4812319538017324,1.0824496446401954,0.0054430721594818,0.0066097337486599,0.7314058926770358,0.2713465586083283,0.3809961735399433,0.1666666666666666,1.0587102983637964,home:2.0-3.0,home:sportsbook,sportsbook:2.0-3.0,3.0999167866704744,3.0999167866704744,0.5979273750717623,0.4961497439204546,0.5115240688308663,0.5010146046312842,0.3164275985565483,,,0.0,lower_clv,True,5.101072832120424,5.101072832120424,0.5057799462565948,0.5075365960763212,,,0.5115240688308663,0.3058169105921537,4.10049480939545,2.00115604544995,3.0999167866704744,0.4961497439204546,0.4961497439204546,0.5979273750717623,0.59908401052768,1.0,0.9,model_agreement_0.625_kelly,18m9m_satellite,2.0662754042655966,0.4839625917898509,True,False,-0.9,0.5674265739310291,away,1.25,True,,,,,,,,
2024-08,data\historical_csv\football-data\2425\N1.csv:23,data\historical_csv\football-data\2425\N1.csv,23,2024-08-25,N1,Groningen,AZ Alkmaar,home,0.2549838830480945,0.2473306342362368,3.8861,4.1,-3.884842229456009,0.0056532488118576,6,0.05,BFE,3.0-4.0,exchange,0.2573273976480276,0.9908928679132,0.0076532488118576,0.0221710044740016,1.3574060840261055,0.0650167806142843,0.3461166741780844,0.1666666666666666,5.504233035691319,home:3.0-4.0,home:exchange,exchange:3.0-4.0,9.11555992800435,9.11555992800435,0.7835941200549444,0.2807842307918076,0.2371517254616979,0.2669777019111952,0.3164275985565483,,,0.0,lower_clv,True,7.349942191488656,7.349942191488656,0.2762408126180198,0.264286708746006,,,0.2371517254616979,0.3058169105921537,8.232751059746503,1.7656177365156944,7.349942191488656,0.2762408126180198,0.2762408126180198,0.7835941200549444,0.9959090437437256,1.0447921600732593,0.83,model_agreement_0.625_kelly,18m9m_satellite,3.69555456863146,0.2705953819456982,True,False,-0.83,5.156071377917759,draw,1.25,True,,,,,,,,
2024-08,data\historical_csv\football-data\2425\N1.csv:29,data\historical_csv\football-data\2425\N1.csv,29,2024-08-31,N1,For Sittard,Nijmegen,away,0.3016276134826036,0.2956786004841535,3.2809500000000003,3.45,-2.989329574151645,0.00394901299845,6,0.05,BFE,3.0-4.0,exchange,0.3047897712552767,0.9896251184557484,0.00594901299845,0.0130923457333849,1.1881330146065217,0.0909792172152109,0.3583737256956565,0.1666666666666666,5.152471083070442,away:3.0-4.0,away:exchange,exchange:3.0-4.0,8.095613055805957,8.095613055805957,0.7491381755869856,0.3294643717697799,0.2841590133867223,0.3151285060148852,0.3164275985565483,,,0.0,lower_clv,True,4.871745707920216,4.871745707920216,0.3196383538545854,0.3087881715628563,,,0.2841590133867223,0.3058169105921537,6.483679381863087,3.223867347885741,4.871745707920216,0.3196383538545854,0.3196383538545854,0.7491381755869856,0.9944081630596556,1.0,0.66,model_agreement_0.625_kelly,18m9m_satellite,3.439802892057993,0.2907143320068877,False,True,1.51,-4.618081240200178,away,1.25,True,,,,,,,,
2024-08,data\historical_csv\football-data\2425\P1.csv:18,data\historical_csv\football-data\2425\P1.csv,18,2024-08-18,P1,Boavista,Sp Braga,draw,0.2319971201403932,0.2246726794808243,4.2585,4.5,-4.323139443090973,0.0053244406595688,6,0.05,BFE,4.0-5.0,exchange,0.2348244687096395,0.9879597361178644,0.0073244406595688,0.022950460145138,1.4489169855989985,0.053822663753436,0.3361445679814672,0.1666666666666666,5.671010919337793,draw:4.0-5.0,draw:exchange,exchange:4.0-5.0,9.392231073691809,9.392231073691809,0.7775019111486097,0.256879725428418,0.2142409055679782,0.2433876260546937,0.3164275985565483,,,0.0,lower_clv,True,8.406700810096734,8.406700810096734,0.2545654592229582,0.2422335288031846,,,0.2142409055679782,0.3058169105921537,8.89946594189427,0.9855302635950752,8.406700810096734,0.2545654592229582,0.2545654592229582,0.7775019111486097,0.9964287537055222,1.036669214864813,0.84,model_agreement_0.625_kelly,18m9m_satellite,4.271202201381463,0.2341261202002011,False,False,-0.84,-0.2973917127443659,away,1.25,True,,,,,,,,
2024-08,data\historical_csv\football-data\2425\P1.csv:31,data\historical_csv\football-data\2425\P1.csv,31,2024-08-31,P1,Boavista,Estoril,away,0.2915548905739044,0.2868436280498351,3.3275,3.5,-4.552782766417352,0.0027112625240692,6,0.05,BFE,3.0-4.0,exchange,0.3005259203606311,0.970148898384667,0.0047112625240692,0.0092993210257332,1.2022212712871296,0.0850042542175613,0.3505134911957394,0.1666666666666666,5.184072126220873,away:3.0-4.0,away:exchange,exchange:3.0-4.0,7.04150131979725,7.04150131979725,0.0,0.3216874570091578,0.2739534766997656,0.3065831082503112,0.3164275985565483,,,0.0,lower_clv,True,3.738612853803458,3.738612853803458,0.3117614210482448,0.3001991123117528,,,0.2739534766997656,0.3058169105921537,5.390057086800354,3.3028884659937923,3.738612853803458,0.3117614210482448,0.3117614210482448,0.0,0.9927115140215468,1.0,0.5,model_agreement_0.625_kelly,18m9m_satellite,3.0686687883070447,0.32587420441412,True,False,-0.5,8.434641518798468,draw,1.25,True,,,,,,,,
2024-08,data\historical_csv\football-data\2425\P1.csv:4,data\historical_csv\football-data\2425\P1.csv,4,2024-08-10,P1,Casa Pia,Boavista,away,0.2376525544348438,0.2308688869239685,4.1654,4.4,-3.8338738406901607,0.0047836675108753,6,0.05,BFE,4.0-5.0,exchange,0.2400729821865847,0.9899179502428986,0.0067836675108753,0.0201288285002922,1.4268123094227787,0.0564787366294064,0.3390855900334022,0.1666666666666666,5.632112162097291,away:4.0-5.0,away:exchange,exchange:4.0-5.0,9.26795767285242,9.26795767285242,0.7484947078233262,0.2623228445595919,0.2198607004557614,0.2488866502712547,0.3164275985565483,,,0.0,lower_clv,True,8.12826083961291,8.12826083961291,0.2595867403841477,0.2474378455831881,,,0.2198607004557614,0.3058169105921537,8.698109256232666,1.13969683323951,8.12826083961291,0.2595867403841477,0.2595867403841477,0.7484947078233262,0.99589392810362,1.0,0.8,model_agreement_0.625_kelly,18m9m_satellite,4.556594144749382,0.2194621614813581,False,True,2.53,-8.58523125655507,away,1.25,True,,,,,,,,
2024-08,data\historical_csv\football-data\2425\P1.csv:6,data\historical_csv\football-data\2425\P1.csv,6,2024-08-11,P1,Estoril,Santa Clara,away,0.2705534494001255,0.2610552073614329,3.74645,3.95,-2.196971838075968,0.0074982420386926,6,0.05,BFE,3.0-4.0,exchange,0.2669193503183013,1.0136149705051003,0.0094982420386925,0.0277144573662535,1.3208087249437692,0.0731991689823062,0.3573493565313183,0.1666666666666666,5.4331433757290215,away:3.0-4.0,away:exchange,exchange:3.0-4.0,9.509619259075324,9.509619259075324,0.8137411197232236,0.2923023642623692,0.2527693603020042,0.2797930307554643,0.3164275985565483,,,0.0,lower_clv,True,7.476309627680289,7.476309627680289,0.2868750674042901,0.2764449654247082,,,0.2527693603020042,0.3058169105921537,8.492964443377806,2.033309631395035,7.476309627680289,0.2868750674042901,0.2868750674042901,0.8137411197232236,0.9964967816595828,1.0849881596309647,0.92,model_agreement_0.625_kelly,18m9m_satellite,2.9703703703703703,0.3366583541147132,True,True,2.53,26.12736907730675,away,1.25,True,,,,,,,,
2024-08,data\historical_csv\football-data\2425\SC0.csv:22,data\historical_csv\football-data\2425\SC0.csv,22,2024-08-31,SC0,Ross County,Aberdeen,home,0.2554754672013075,0.2462987835596252,3.8861,4.1,-4.285829720894063,0.0071766836416823,6,0.05,BFE,3.0-4.0,exchange,0.2573273976480276,0.9928032130910012,0.0091766836416823,0.0280914786860035,1.3574060840261055,0.0652677143417263,0.3467839534984667,0.1666666666666666,5.504233035691319,home:3.0-4.0,home:exchange,exchange:3.0-4.0,9.061124494198683,9.061124494198683,0.7840034036471107,0.2806441535065971,0.2376436360956108,0.2670376030455497,0.3164275985565483,,,0.0,lower_clv,True,7.293124529289985,7.293124529289985,0.2760946052064795,0.2643356486237193,,,0.2376436360956108,0.3058169105921537,8.177124511744335,1.7679999649086984,7.293124529289985,0.2760946052064795,0.2760946052064795,0.7840034036471107,0.995919825473808,1.045337871529481,0.82,model_agreement_0.625_kelly,18m9m_satellite,4.574505659446358,0.2186028555752246,False,False,-0.82,-15.048744294911964,away,1.25,True,,,,,,,,
2024-08,data\historical_csv\football-data\2425\SP1.csv:19,data\historical_csv\football-data\2425\SP1.csv,19,2024-08-25,SP1,Leganes,Las Palmas,away,0.2594071954631767,0.2531607837952574,3.793,4.0,-3.9761147064588656,0.0042464116679193,6,0.05,BFE,3.0-4.0,exchange,0.2636435539151068,0.9839314923918292,0.0062464116679193,0.0163696757151909,1.3331572627067618,0.0672920930580708,0.3458305866301266,0.1666666666666666,5.457421566042719,away:3.0-4.0,away:exchange,exchange:3.0-4.0,8.046695742643537,8.046695742643537,0.7435738961069027,0.2848581485437478,0.2415808109697091,0.2711640045432736,0.3164275985565483,,,0.0,lower_clv,True,5.957957919620927,5.957957919620927,0.279351325915162,0.2678004637230688,,,0.2415808109697091,0.3058169105921537,7.002326831132232,2.08873782302261,5.957957919620927,0.279351325915162,0.279351325915162,0.7435738961069027,0.9948415238209616,1.0,0.66,model_agreement_0.625_kelly,18m9m_satellite,3.533889353691188,0.2829743378794496,True,False,-0.66,7.332166357675218,home,1.25,True,,,,,,,,
2024-08,data\historical_csv\football-data\2425\SP2.csv:17,data\historical_csv\football-data\2425\SP2.csv,17,2024-08-24,SP2,Levante,Cadiz,away,0.2583141243801278,0.2473538665132875,3.8861,4.1,-3.8758139342713327,0.0089602578668402,6,0.05,BFE,3.0-4.0,exchange,0.2573273976480276,1.0038345187536144,0.0109602578668402,0.0346874484248278,1.3574060840261055,0.0667261868542721,0.3506371640234617,0.1666666666666666,5.504233035691319,away:3.0-4.0,away:exchange,exchange:3.0-4.0,8.802199450577627,8.802199450577627,0.7816671941296159,0.279977868429988,0.2404857219659484,0.2674814633625284,0.3164275985565483,,,0.0,lower_clv,True,7.016018903000876,7.016018903000876,0.2753815365096134,0.264709806313273,,,0.2404857219659484,0.3058169105921537,7.909109176789251,1.786180547576751,7.016018903000876,0.2753815365096134,0.2753815365096134,0.7816671941296159,0.9959564244775044,1.0422229255061546,0.79,model_agreement_0.625_kelly,18m9m_satellite,3.658512842281462,0.2733351072170615,True,False,-0.79,6.220756015622286,draw,1.25,True,,,,,,,,
2024-08,data\historical_csv\football-data\2425\T1.csv:21,data\historical_csv\football-data\2425\T1.csv,21,2024-08-24,T1,Sivasspor,Eyupspor,away,0.3089729141567405,0.3043029670853174,3.2344,3.4,-1.576248325924945,0.002669947071423,6,0.05,BFE,3.0-4.0,exchange,0.3091763541924314,0.9993419935485616,0.004669947071423,0.0086413628803353,1.173843439344424,0.0954642616825085,0.3626858282180177,0.1666666666666666,5.119960425426662,away:3.0-4.0,away:exchange,exchange:3.0-4.0,8.823679296006487,8.823679296006487,0.77893663337825,0.3364570841454566,0.2916187337913019,0.3222689926196543,0.3164275985565483,,,0.0,lower_clv,True,5.589445425281658,5.589445425281658,0.3264575977778928,0.3158032840249734,,,0.2916187337913019,0.3058169105921537,7.206562360644073,3.234233870724829,5.589445425281658,0.3264575977778928,0.3264575977778928,0.77893663337825,0.9951794164670376,1.0385821778376667,0.81,model_agreement_0.625_kelly,18m9m_satellite,2.9598364006067697,0.3378565111892667,True,True,1.81,9.27630997905644,away,1.25,True,,,,,,,,
2024-08,data\historical_csv\football-data\2425\T1.csv:24,data\historical_csv\football-data\2425\T1.csv,24,2024-08-25,T1,Antalyaspor,Hatayspor,away,0.2880850627323668,0.2817341652453305,3.46715,3.65,-2.3185388969652165,0.0043508974870362,6,0.05,BFE,3.0-4.0,exchange,0.288421325872835,0.9988341252525256,0.0063508974870362,0.0151028222212211,1.2433329308376464,0.0829930033695117,0.3581856453775809,0.1666666666666666,5.273783943584798,away:3.0-4.0,away:exchange,exchange:3.0-4.0,8.773212658851369,8.773212658851369,0.7813482105883722,0.3137251421451376,0.2704445285134635,0.3000299615096131,0.3164275985565483,,,0.0,lower_clv,True,6.02780854077396,6.02780854077396,0.3058068111872113,0.2949924271484393,,,0.2704445285134635,0.3058169105921537,7.400510599812664,2.745404118077409,6.02780854077396,0.3058068111872113,0.3058068111872113,0.7813482105883722,0.9954634571751616,1.0417976141178296,0.8,model_agreement_0.625_kelly,18m9m_satellite,3.145586898610292,0.3179056984379595,True,False,-0.8,10.22267423391714,home,1.25,True,,,,,,,,
2024-09,data\historical_csv\football-data\2425\F1.csv:45,data\historical_csv\football-data\2425\F1.csv,45,2024-09-22,F1,Montpellier,Auxerre,draw,0.2843116894418475,0.2771405141930008,3.695,3.75,2.403419994313816,0.0051711752488466,6,0.0,1XB,3.0-4.0,sportsbook,0.2706359945872801,1.050531692487627,0.0071711752488466,0.0181884018170289,1.3069805544001651,0.0808331367532775,0.3715898494891534,0.1666666666666666,1.4884979702300516,draw:3.0-4.0,draw:sportsbook,sportsbook:3.0-4.0,3.349652837047764,3.349652837047764,0.6564255868278785,0.2797013608580453,0.2665430138128252,0.2786717667664998,0.0782464612011838,,,0.0,lower_clv,True,3.917793432583583,3.917793432583583,0.2812389538094278,0.2802589960323288,,,0.2665430138128252,0.0666822113675976,3.633723134815673,0.568140595535819,3.349652837047764,0.2797013608580453,0.2797013608580453,0.6652193593543216,0.6564255868278785,1.0,0.39,model_agreement_0.625_kelly,18m9m_satellite,3.7200491499830832,0.2688136526380431,False,False,-0.39,-0.6733553502430878,home,1.25,True,,,,,,,,
2024-09,data\historical_csv\football-data\2425\F2.csv:63,data\historical_csv\football-data\2425\F2.csv,63,2024-09-28,F2,Troyes,Metz,away,0.47418954026113,0.4675384500879939,2.225,2.25,4.027305144578652,0.0046510901731361,6,0.0,BW,2.0-3.0,sportsbook,0.449438202247191,1.0550717270810144,0.0066510901731361,0.0098085043600389,0.7997569156182036,0.2248557200930618,0.3792363641376553,0.1666666666666666,1.1235955056179805,away:2.0-3.0,away:sportsbook,sportsbook:2.0-3.0,2.591690596815044,2.591690596815044,0.6417231192199312,0.4610862498733259,0.4605293652041531,0.461042675618666,0.0782464612011838,,,0.0,lower_clv,True,3.6789498195718418,3.6789498195718418,0.465972808177851,0.4656098273629114,,,0.4605293652041531,0.0666822113675976,3.135320208193443,1.087259222756798,2.591690596815044,0.4610862498733259,0.4610862498733259,0.6475667636944062,0.6417231192199312,1.0,0.66,model_agreement_0.625_kelly,18m9m_satellite,1.925001159150564,0.519480206672325,True,False,-0.66,15.584345984592307,home,1.25,True,,,,,,,,
2024-09,data\historical_csv\football-data\2425\I2.csv:52,data\historical_csv\football-data\2425\I2.csv,52,2024-09-20,I2,Catanzaro,Cremonese,home,0.3389012153408776,0.3333538716509499,3.058,3.1,1.939613950860486,0.0035473436899276,6,0.0,WH,3.0-4.0,sportsbook,0.3270111183780249,1.0363599165124036,0.0055473436899276,0.0104671908194828,1.1177611075068703,0.1148540337595238,0.3788105977948437,0.1666666666666666,1.373446697187708,home:3.0-4.0,home:sportsbook,sportsbook:3.0-4.0,2.291892132642388,2.291892132642388,0.6002054039495042,0.3345058604729967,0.3215574785488343,0.3334926954091496,0.0782464612011838,,,0.0,lower_clv,True,2.741375243392774,2.741375243392774,0.3359757202203818,0.3350142799816906,,,0.3215574785488343,0.0666822113675976,2.516633688017581,0.449483110750386,2.291892132642388,0.3345058604729967,0.3345058604729967,0.6002054039495042,0.6095140357014098,1.0,0.35,model_agreement_0.625_kelly,18m9m_satellite,2.886762966096634,0.3464087671015678,True,False,-0.35,5.931800979659441,away,1.25,True,,,,,,,,
2024-09,data\historical_csv\football-data\2425\SP1.csv:55,data\historical_csv\football-data\2425\SP1.csv,55,2024-09-21,SP1,Valladolid,Sociedad,draw,0.3187622301853384,0.3139807143807331,3.2834,3.33,3.0924277597699223,0.0027815158046052,6,0.0,1XB,3.0-4.0,sportsbook,0.3045623439117987,1.04662390659054,0.0047815158046052,0.0087259892835733,1.1888794708782808,0.1016093593927306,0.3789698715587258,0.1666666666666666,1.4192605226289956,draw:3.0-4.0,draw:sportsbook,sportsbook:3.0-4.0,3.398936299547928,3.398936299547928,0.6534735855254372,0.3149142239737709,0.3011768332180909,0.3138393217610011,0.0782464612011838,,,0.0,lower_clv,True,3.763536253663413,3.763536253663413,0.3160246581399263,0.3150345723401394,,,0.3011768332180909,0.0666822113675976,3.5812362766056705,0.3645999541154849,3.398936299547928,0.3149142239737709,0.3149142239737709,0.6692914624303127,0.6534735855254372,1.0,0.46,model_agreement_0.625_kelly,18m9m_satellite,3.1753338641734787,0.3149275140112847,True,True,1.05,3.4032999504652217,draw,1.25,True,,,,,,,,
2024-09,data\historical_csv\football-data\2425\SP1.csv:59,data\historical_csv\football-data\2425\SP1.csv,59,2024-09-22,SP1,Getafe,Leganes,draw,0.3394771285176227,0.331327300297137,3.058,3.1,1.319888430864502,0.0061498282204856,6,0.0,1XB,3.0-4.0,sportsbook,0.3270111183780249,1.03812105900689,0.0081498282204856,0.0181155892514461,1.1177611075068703,0.1152447207865705,0.3794543311451101,0.1666666666666666,1.373446697187708,draw:3.0-4.0,draw:sportsbook,sportsbook:3.0-4.0,2.430627115855539,2.430627115855539,0.6155533128069874,0.3349595392931835,0.3221416719354314,0.3339565865322933,0.0782464612011838,,,0.0,lower_clv,True,2.677866956016839,2.677866956016839,0.3357680410595711,0.3348594046334623,,,0.3221416719354314,0.0666822113675976,2.554247035936189,0.2472398401613,2.430627115855539,0.3349595392931835,0.3349595392931835,0.6307676591173458,0.6155533128069874,1.0,0.37,model_agreement_0.625_kelly,18m9m_satellite,2.868789264381355,0.348579107017694,True,True,0.76,6.595490926010816,draw,1.25,True,,,,,,,,
2024-10,data\historical_csv\football-data\2425\I2.csv:103,data\historical_csv\football-data\2425\I2.csv,103,2024-10-29,I2,Brescia,Spezia,away,0.4209684108457391,0.4120964822789027,2.6660000000000004,2.7,9.86492217555548,0.0068719285668364,6,0.0,WH,2.0-3.0,sportsbook,0.3750937734433608,1.1223017833147408,0.0088719285668364,0.0163240955610672,0.980579221756517,0.177214402929987,0.4127928766911926,0.1666666666666666,1.275318829707417,away:2.0-3.0,away:sportsbook,sportsbook:2.0-3.0,7.012058709227849,7.012058709227849,0.8801992672839842,0.4013955690518673,0.4144259927547562,0.4013955690518673,0.0,,,0.0,lower_clv,True,8.849730003299605,8.849730003299605,0.4082885596522865,0.4082885596522865,,,0.4144259927547562,0.0,7.930894356263726,1.8376712940717568,7.012058709227849,0.4013955690518673,0.4013955690518673,0.8801992672839842,0.8815599965089063,1.1735990230453124,1.54,model_agreement_0.625_kelly,12m6m_tertiary,2.4808025868793817,0.4030953552244988,True,False,-1.54,7.465221702851399,draw,1.25,True,,,,,,,,
2024-10,data\historical_csv\football-data\2425\I2.csv:107,data\historical_csv\football-data\2425\I2.csv,107,2024-10-29,I2,Salernitana,Cesena,draw,0.3082986130274273,0.2987945351248554,3.352,3.4,0.1559281738515272,0.0075040779025718,6,0.0,WH,3.0-4.0,sportsbook,0.2983293556085919,1.0334169508679365,0.0095040779025719,0.0243402908267521,1.2095571826198366,0.0950480347946353,0.3729048017790582,0.1666666666666666,1.4319809069212486,draw:3.0-4.0,draw:sportsbook,sportsbook:3.0-4.0,2.6398226244933047,2.6398226244933047,0.5981488995995766,0.3062047214334526,0.2980552222371462,0.3062047214334526,0.0,,,0.0,lower_clv,True,3.155790570918815,3.155790570918815,0.3077440052831707,0.3077440052831707,,,0.2980552222371462,0.0,2.89780659770606,0.5159679464255102,2.6398226244933047,0.3062047214334526,0.3062047214334526,0.5981488995995766,0.6126710909854941,1.0,0.35,model_agreement_0.625_kelly,12m6m_tertiary,3.34549637438481,0.2989093061515829,True,True,0.82,0.1943994220106049,draw,1.25,True,,,,,,,,
2024-10,data\historical_csv\football-data\2425\I2.csv:72,data\historical_csv\football-data\2425\I2.csv,72,2024-10-04,I2,Sampdoria,Juve Stabia,draw,0.2991510443414309,0.2900055966175032,3.45,3.5,0.051930833038627,0.0071454477239276,6,0.0,WH,3.0-4.0,sportsbook,0.2898550724637681,1.0320711029779368,0.0091454477239276,0.0238857522281363,1.2383742310432684,0.0894913473305687,0.3704609445021102,0.1666666666666666,1.4492753623188248,draw:3.0-4.0,draw:sportsbook,sportsbook:3.0-4.0,2.5770608153669574,2.5770608153669574,0.590479663105068,0.2973248139575853,0.2886924082934305,0.2973248139575853,0.0,,,0.0,lower_clv,True,3.135268570977656,3.135268570977656,0.2989428074521091,0.2989428074521091,,,0.2886924082934305,0.0,2.856164693172307,0.5582077556106988,2.5770608153669574,0.2973248139575853,0.2973248139575853,0.590479663105068,0.6067054291494205,1.0,0.33,model_agreement_0.625_kelly,12m6m_tertiary,3.4933333333333327,0.2862595419847328,False,False,-0.33,-1.240458015267154,away,1.25,True,,,,,,,,
2024-10,data\historical_csv\football-data\2425\I2.csv:87,data\historical_csv\football-data\2425\I2.csv,87,2024-10-19,I2,Brescia,Sassuolo,away,0.3790285858433969,0.3725386574845558,2.764,2.8,2.96968492873122,0.004489928358841,6,0.0,WH,2.0-3.0,sportsbook,0.361794500723589,1.047635011271149,0.006489928358841,0.0118458832039021,1.016678905905423,0.1436626688864452,0.3853503679621445,0.1666666666666666,1.302460202604916,away:2.0-3.0,away:sportsbook,sportsbook:2.0-3.0,2.468420652095596,2.468420652095596,0.6775333897372894,0.3707251108975963,0.3709159689782619,0.3707251108975963,0.0,,,0.0,lower_clv,True,3.080935157928666,3.080935157928666,0.3729411546958345,0.3729411546958345,,,0.3709159689782619,0.0,2.77467790501213,0.6125145058330701,2.468420652095596,0.3707251108975963,0.3707251108975963,0.6803737894137306,0.6775333897372894,1.0,0.44,model_agreement_0.625_kelly,12m6m_tertiary,2.147132622092831,0.4657374163619619,True,True,0.78,28.72982188244626,away,1.25,True,,,,,,,,
2024-12,data\historical_csv\football-data\2425\I2.csv:199,data\historical_csv\football-data\2425\I2.csv,199,2024-12-29,I2,Cittadella,Palermo,home,0.2760625576249778,0.2656390352388727,3.9596,4.02,5.182432393184033,0.008423522386105,6,0.0,1XB,3.0-4.0,sportsbook,0.2525507627033034,1.093097303171862,0.0104235223861051,0.0305130926068872,1.3761430100635152,0.0762105357224442,0.3799015590158696,0.1666666666666666,1.5254066067279526,home:3.0-4.0,home:sportsbook,sportsbook:3.0-4.0,5.783993787267139,3.7445997973362464,0.8480740858988148,0.2620077780516625,0.2611210852227391,0.2611563835041453,0.9601910828025476,,,0.0,lower_clv,True,6.8743763239235145,6.8743763239235145,0.2699120525404675,0.2614710441127761,,,0.2611210852227391,0.9601910828025476,6.329185055595326,1.0903825366563753,3.7445997973362464,0.2611563835041453,0.2620077780516625,0.8494041068784777,0.8480740858988148,1.1307654478650864,0.98,model_agreement_0.75_kelly,9m3m_core,3.265873307569703,0.3061968134777859,True,True,2.9,21.241690264664093,home,1.25,True,,,,,,,,
2025-01,data\historical_csv\football-data\2425\T1.csv:175,data\historical_csv\football-data\2425\T1.csv,175,2025-01-18,T1,Gaziantep,Bodrumspor,draw,0.2877000245911604,0.2799968156611913,3.6558,3.71,2.361235869418299,0.0057032089299691,6,0.0,1XB,3.0-4.0,sportsbook,0.2735379397122381,1.051773749900364,0.0077032089299691,0.0198234565258509,1.2963149475003666,0.0827713041497543,0.3729498422737443,0.1666666666666666,1.482575633240346,draw:3.0-4.0,draw:sportsbook,sportsbook:3.0-4.0,4.486668508593172,4.486668508593172,0.752141503380954,0.2858106803123616,0.276438454060273,0.2768031321245566,0.9610894941634242,,,0.0,lower_clv,True,4.796526162056591,4.796526162056591,0.2866582585536862,0.2768361118226626,,,0.276438454060273,0.9610894941634242,4.641597335324882,0.3098576534634194,4.486668508593172,0.2768031321245566,0.2858106803123616,0.752141503380954,0.7636893021299459,1.002855337841272,0.34,model_agreement_0.75_kelly,9m3m_core,3.4066798434008296,0.2935409389693976,True,True,0.9,7.312696468432378,draw,1.25,True,,,,,,,,
2025-02,data\historical_csv\football-data\2425\B1.csv:210,data\historical_csv\football-data\2425\B1.csv,210,2025-02-21,B1,Mechelen,St Truiden,home,0.5285249174689415,0.5237909380293531,1.98,2.0,3.7106057298119,0.0027339794395883,5,0.0,WH,1.5-2.0,sportsbook,0.5050505050505051,1.046479336588504,0.0047339794395884,0.0051728487138906,0.6830968447064438,0.2793385883855514,0.3610337034717675,0.2,1.0101010101010166,home:1.5-2.0,home:sportsbook,sportsbook:1.5-2.0,3.7117413508634938,3.7117413508634938,0.674563144853703,0.5237966734892096,0.5307836090530541,0.5237966734892096,0.0,,,0.0,lower_clv,True,4.474738787018939,4.474738787018939,0.5276501958940351,0.5276501958940351,,,0.5307836090530541,0.0,4.093240068941217,0.7629974361554455,3.7117413508634938,0.5237966734892096,0.5237966734892096,0.674563144853703,0.7317945140692343,1.0,2.84,model_agreement_0.75_kelly,9m3m_core,1.9294827832306,0.5182736061141036,True,False,-2.84,2.6181740105925,draw,1.25,True,,,,,,,,
2025-02,data\historical_csv\football-data\2425\D1.csv:200,data\historical_csv\football-data\2425\D1.csv,200,2025-02-21,D1,Freiburg,Werder Bremen,draw,0.2799788911142542,0.2751061243318741,3.7048,3.76,1.921316942472706,0.0028727667823801,5,0.0,1XB,3.0-4.0,sportsbook,0.2699201036493198,1.037265795800089,0.0048727667823801,0.0102606549049006,1.309629276184405,0.0783881794695674,0.3666685525168731,0.2,1.4899589721442563,draw:3.0-4.0,draw:sportsbook,sportsbook:3.0-4.0,3.4482434940173823,3.4482434940173823,0.6944873712842925,0.2792276060624524,0.2774316429894432,0.2792276060624524,0.0,,,0.0,lower_clv,True,3.603143682889432,3.603143682889432,0.2796457128128089,0.2796457128128089,,,0.2774316429894432,0.0,3.525693588453408,0.1549001888720496,3.4482434940173823,0.2792276060624524,0.2792276060624524,0.6944873712842925,0.6967390242694584,1.0,0.96,model_agreement_0.75_kelly,9m3m_core,3.606901154823671,0.2772463000996451,True,False,-0.96,2.7142092609165225,home,1.25,True,,,,,,,,
2025-02,data\historical_csv\football-data\2425\D2.csv:184,data\historical_csv\football-data\2425\D2.csv,184,2025-02-08,D2,Darmstadt,Elversberg,draw,0.2772741769474194,0.2585093067030502,3.7636,3.82,-2.7074373292400256,0.0167648702443692,6,0.0,1XB,3.0-4.0,sportsbook,0.2657030502710171,1.0435490923593078,0.0187648702443692,0.0604631503334997,1.3253759461504735,0.0768809692018688,0.3674925246147799,0.1666666666666666,1.4985652035285346,draw:3.0-4.0,draw:sportsbook,sportsbook:3.0-4.0,4.44850877609506,4.44850877609506,0.7599128413537616,0.2775228737806756,0.2746870991527037,0.2775228737806756,0.0,,,0.0,lower_clv,True,5.102669230779355,5.102669230779355,0.2792609980624385,0.2792609980624385,,,0.2746870991527037,0.0,4.775589003437208,0.6541604546842956,4.44850877609506,0.2775228737806756,0.2775228737806756,0.7599128413537616,0.803964314401939,1.0132171218050154,1.22,model_agreement_0.75_kelly,9m3m_core,3.627776735820433,0.2756509214379332,True,False,-1.22,3.743980792380541,away,1.25,True,,,,,,,,
2025-02,data\historical_csv\football-data\2425\F1.csv:184,data\historical_csv\football-data\2425\F1.csv,184,2025-02-08,F1,Nice,Lens,draw,0.2825890539479845,0.2743439877674025,3.6166,3.67,-0.7807533840411995,0.006245066180582,6,0.0,1XB,3.0-4.0,sportsbook,0.276502792678206,1.022011572508281,0.008245066180582,0.022099462429042,1.2855343579687422,0.0798565734112169,0.3632779380360165,0.1666666666666666,1.4765249129016222,draw:3.0-4.0,draw:sportsbook,sportsbook:3.0-4.0,2.510390309992486,2.510390309992486,0.6560197580326398,0.2834440919924583,0.2800807402561041,0.2834440919924583,0.0,,,0.0,lower_clv,True,2.6309141869091945,2.6309141869091945,0.2837773438779771,0.2837773438779771,,,0.2800807402561041,0.0,2.5706522484508403,0.1205238769167085,2.510390309992486,0.2834440919924583,0.2834440919924583,0.6560197580326398,0.6631880328472403,1.0,0.72,model_agreement_0.75_kelly,9m3m_core,3.5923742642677,0.278367432354337,True,False,-0.72,0.6743655852695207,home,1.25,True,,,,,,,,
2025-02,data\historical_csv\football-data\2425\I1.csv:243,data\historical_csv\football-data\2425\I1.csv,243,2025-02-15,I1,Lazio,Napoli,draw,0.3064995844540993,0.3007501810399911,3.3912,3.44,1.9904013942817933,0.0037494034141082,5,0.0,1XB,3.0-4.0,sportsbook,0.2948808681292758,1.0394013908007418,0.0057494034141082,0.0122329804158991,1.2211838410562903,0.0939419952705355,0.3742923398258139,0.2,1.439018636470868,draw:3.0-4.0,draw:sportsbook,sportsbook:3.0-4.0,3.70341530849229,3.70341530849229,0.7062123455834065,0.3058015313413904,0.304369119826738,0.3058015313413904,0.0,,,0.0,lower_clv,True,3.8202594455948313,3.8202594455948313,0.3061460823472364,0.3061460823472364,,,0.304369119826738,0.0,3.7618373770435607,0.1168441371025412,3.70341530849229,0.3058015313413904,0.3058015313413904,0.7062123455834065,0.7160306208677497,1.0,1.16,model_agreement_0.75_kelly,9m3m_core,3.21273443071532,0.3112613325395055,True,True,2.77,5.554943090797093,draw,1.25,True,,,,,,,,
2025-02,data\historical_csv\football-data\2425\I1.csv:250,data\historical_csv\football-data\2425\I1.csv,250,2025-02-17,I1,Genoa,Venezia,draw,0.2807517703015229,0.2685027202164663,3.695,3.75,-0.7882448800156983,0.0102490500850566,5,0.0,1XB,3.0-4.0,sportsbook,0.2706359945872801,1.037377791264127,0.0122490500850566,0.0365057362738953,1.3069805544001651,0.0788215565274391,0.3669371043975122,0.2,1.4884979702300516,draw:3.0-4.0,draw:sportsbook,sportsbook:3.0-4.0,3.656062135380061,3.656062135380061,0.7105879606514441,0.2805306147100949,0.2782160003452053,0.2805306147100949,0.0,,,0.0,lower_clv,True,4.035147357666258,4.035147357666258,0.2815565557717625,0.2815565557717625,,,0.2782160003452053,0.0,3.84560474652316,0.3790852222861969,3.656062135380061,0.2805306147100949,0.2805306147100949,0.7105879606514441,0.742574688351521,1.0,1.02,model_agreement_0.75_kelly,9m3m_core,3.511067414537422,0.2848136711529785,True,False,-1.02,5.238651491025581,home,1.25,True,,,,,,,,
2025-02,data\historical_csv\football-data\2425\I1.csv:257,data\historical_csv\football-data\2425\I1.csv,257,2025-02-23,I1,Verona,Fiorentina,draw,0.2778006020365483,0.2696787983317222,3.7146,3.77,0.1748864283015239,0.0061218037048261,5,0.0,1XB,3.0-4.0,sportsbook,0.269207990093146,1.0319181163249624,0.0081218037048261,0.0220366826419646,1.3122710007711045,0.0771731744918687,0.3645496740493166,0.2,1.491412265116021,draw:3.0-4.0,draw:sportsbook,sportsbook:3.0-4.0,3.098516166531849,3.098516166531849,0.6821993828577653,0.2775494431877776,0.2752212348268877,0.2775494431877776,0.0,,,0.0,lower_clv,True,3.3243105317753097,3.3243105317753097,0.278157299660193,0.278157299660193,,,0.2752212348268877,0.0,3.2114133491535792,0.2257943652434608,3.098516166531849,0.2775494431877776,0.2775494431877776,0.6821993828577653,0.6943277350783706,1.0,0.86,model_agreement_0.75_kelly,9m3m_core,3.444707470134825,0.290300412638772,True,False,-0.86,7.834991278798231,home,1.25,True,,,,,,,,
2025-02,data\historical_csv\football-data\2425\I2.csv:256,data\historical_csv\football-data\2425\I2.csv,256,2025-02-15,I2,Sudtirol,Sampdoria,draw,0.3244751277171186,0.3142209706299735,3.1364,3.18,-1.4477347716151057,0.0082541570871451,5,0.0,1XB,3.0-4.0,sportsbook,0.3188368830506313,1.0176837905719711,0.0102541570871451,0.0254384893696419,1.1430756453746298,0.1052841085070404,0.3708996160232609,0.2,1.3901288101007658,draw:3.0-4.0,draw:sportsbook,sportsbook:3.0-4.0,2.2150879927601226,2.2150879927601226,0.0,0.3258994005635764,0.3226512254959752,0.3258994005635764,0.0,,,0.0,lower_clv,True,2.160751944950956,2.160751944950956,0.3257261572023688,0.3257261572023688,,,0.3226512254959752,0.0,2.18791996885554,0.0543360478091665,2.160751944950956,0.3257261572023688,0.3257261572023688,0.0,0.6597420778053956,1.0,0.76,model_agreement_0.75_kelly,9m3m_core,3.025495813281009,0.3305243377334396,True,False,-0.76,3.66565328671602,home,1.25,True,,,,,,,,
2025-02,data\historical_csv\football-data\2425\I2.csv:259,data\historical_csv\football-data\2425\I2.csv,259,2025-02-16,I2,Juve Stabia,Cosenza,home,0.4811431133547002,0.4659254351240253,2.176,2.2,1.3853746829879166,0.0132176782306748,5,0.0,WH,2.0-3.0,sportsbook,0.4595588235294117,1.0469674146598278,0.0152176782306748,0.0274714068720979,0.7774883289936962,0.2314986955286539,0.3740831552089704,0.2,1.1029411764705843,home:2.0-3.0,home:sportsbook,sportsbook:2.0-3.0,4.487646933313948,4.487646933313948,0.7419345687512144,0.480182200980303,0.4824344588507867,0.480182200980303,0.0,,,0.0,lower_clv,True,4.78309355980997,4.78309355980997,0.4815399520211855,0.4815399520211855,,,0.4824344588507867,0.0,4.635370246561958,0.2954466264960222,4.487646933313948,0.480182200980303,0.480182200980303,0.7419345687512144,0.8032615314503418,1.0,2.86,model_agreement_0.75_kelly,9m3m_core,2.232382617847685,0.447951884235747,False,True,3.36,-2.525669990301449,home,1.25,True,,,,,,,,
2025-02,data\historical_csv\football-data\2425\I2.csv:260,data\historical_csv\football-data\2425\I2.csv,260,2025-02-16,I2,Palermo,Mantova,draw,0.2844780619910014,0.2697146242401919,3.7636,3.82,1.5097959790386415,0.0127634377508095,5,0.0,1XB,3.0-4.0,sportsbook,0.2657030502710171,1.0706616341093331,0.0147634377508095,0.0448661582600814,1.3253759461504735,0.080927767754156,0.3770403805703766,0.2,1.4985652035285346,draw:3.0-4.0,draw:sportsbook,sportsbook:3.0-4.0,6.364966831597367,6.364966831597367,0.8148486046375037,0.2826149612913098,0.2819982250194083,0.2826149612913098,0.0,,,0.0,lower_clv,True,7.0805052715274375,7.0805052715274375,0.2845161687520657,0.2845161687520657,,,0.2819982250194083,0.0,6.722736051562402,0.7155384399300706,6.364966831597367,0.2826149612913098,0.2826149612913098,0.8148486046375037,0.858196952490764,1.0864648061833384,1.88,model_agreement_0.75_kelly,9m3m_core,3.666779315223263,0.2727188941664225,True,True,5.2,2.640483008474748,draw,1.25,True,,,,,,,,
2025-02,data\historical_csv\football-data\2425\SC0.csv:155,data\historical_csv\football-data\2425\SC0.csv,155,2025-02-15,SC0,Motherwell,Ross County,draw,0.3030192022284068,0.2916418092351795,3.3716,3.42,-1.6700475982668772,0.0093773929932272,5,0.0,1XB,3.0-4.0,sportsbook,0.2965950883853363,1.0216595422332964,0.0113773929932272,0.0309465305309558,1.21538740914119,0.09182063691914,0.3682857231164136,0.2,1.4355202277850363,draw:3.0-4.0,draw:sportsbook,sportsbook:3.0-4.0,2.5072626432225302,2.5072626432225302,0.6572446120921056,0.3040315062380547,0.300831494995515,0.3040315062380547,0.0,,,0.0,lower_clv,True,2.6119818125953875,2.6119818125953875,0.3043420981510125,0.3043420981510125,,,0.300831494995515,0.0,2.559622227908959,0.1047191693728573,2.5072626432225302,0.3040315062380547,0.3040315062380547,0.6572446120921056,0.6808853107426813,1.0,0.79,model_agreement_0.75_kelly,9m3m_core,3.2807345489215725,0.3048097872864219,True,False,-0.79,2.769667881490024,away,1.25,True,,,,,,,,
2025-02,data\historical_csv\football-data\2425\SP1.csv:218,data\historical_csv\football-data\2425\SP1.csv,218,2025-02-02,SP1,Valencia,Celta,draw,0.3057164176708092,0.2987520032402995,3.3324,3.38,-0.4438824402025809,0.0049644144305096,6,0.0,1XB,3.0-4.0,sportsbook,0.3000840235265875,1.0187693902462045,0.0069644144305096,0.0162386255482532,1.2036927651186171,0.0934625280334726,0.3679886401283344,0.1666666666666666,1.428399951986559,draw:3.0-4.0,draw:sportsbook,sportsbook:3.0-4.0,2.2738438738991675,2.2738438738991675,0.0,0.3069074657120969,0.3035730093351797,0.3069074657120969,0.0,,,0.0,lower_clv,True,2.229668988083411,2.229668988083411,0.3067749039373527,0.3067749039373527,,,0.3035730093351797,0.0,2.251756430991289,0.0441748858157566,2.229668988083411,0.3067749039373527,0.3067749039373527,0.0,0.6441140491805637,1.0,0.72,model_agreement_0.75_kelly,9m3m_core,3.204094867518992,0.3121006216567876,True,False,-0.72,4.004411160907884,home,1.25,True,,,,,,,,
2025-02,data\historical_csv\football-data\2425\SP1.csv:233,data\historical_csv\football-data\2425\SP1.csv,233,2025-02-15,SP1,Leganes,Alaves,draw,0.3289353030353263,0.3252158064883764,3.107,3.15,1.044551075938549,0.0017194965469498,5,0.0,1XB,3.0-4.0,sportsbook,0.321853878339234,1.0220019865307588,0.0037194965469498,0.0052274612395897,1.1336576304109105,0.1081984335829419,0.3729000161975227,0.2,1.3839716768587085,draw:3.0-4.0,draw:sportsbook,sportsbook:3.0-4.0,2.2188900406655225,2.2188900406655225,0.6235042612513889,0.328995461991199,0.32719010485582,0.328995461991199,0.0,,,0.0,lower_clv,True,2.1100478737343,2.1100478737343,0.3286451492556624,0.3286451492556624,,,0.32719010485582,0.0,2.164468957199911,0.1088421669312227,2.1100478737343,0.3286451492556624,0.3286451492556624,0.6255104796348424,0.6235042612513889,1.0,0.75,model_agreement_0.75_kelly,9m3m_core,3.1115985278335234,0.3213782212116736,False,True,1.58,-0.1477866695330232,draw,1.25,True,,,,,,,,
2025-02,data\historical_csv\football-data\2425\T1.csv:220,data\historical_csv\football-data\2425\T1.csv,220,2025-02-22,T1,Sivasspor,Konyaspor,draw,0.3030887971165121,0.2868733199269122,3.3912,3.44,-2.715519746385542,0.0142154771895999,5,0.0,1XB,3.0-4.0,sportsbook,0.2948808681292758,1.0278347287815155,0.0162154771895999,0.0469020212058028,1.2211838410562903,0.0918628189375342,0.3701271414438729,0.2,1.439018636470868,draw:3.0-4.0,draw:sportsbook,sportsbook:3.0-4.0,3.196138308753216,3.196138308753216,0.6971932237757286,0.3043056685207396,0.3009022274213374,0.3043056685207396,0.0,,,0.0,lower_clv,True,3.4590843224322043,3.4590843224322043,0.3050810460085875,0.3050810460085875,,,0.3009022274213374,0.0,3.3276113155927103,0.2629460136789885,3.196138308753216,0.3043056685207396,0.3043056685207396,0.6971932237757286,0.7404652944631659,1.0,1.0,model_agreement_0.75_kelly,9m3m_core,3.280701189431593,0.3048128867150067,True,True,2.39,3.3681461427930826,draw,1.25,True,,,,,,,,
2025-02,data\historical_csv\football-data\2425\T1.csv:226,data\historical_csv\football-data\2425\T1.csv,226,2025-02-24,T1,Galatasaray,Fenerbahce,draw,0.2641082826781961,0.2564964594760914,4.0576,4.12,4.076003397018857,0.0056118232021046,5,0.0,1XB,4.0-5.0,sportsbook,0.2464511041009463,1.0716457677950486,0.0076118232021046,0.0212481908753404,1.400591665820715,0.0697531849792259,0.369907859593303,0.2,1.537854889589907,draw:4.0-5.0,draw:sportsbook,sportsbook:4.0-5.0,6.483994097222593,6.483994097222593,0.8398805274537133,0.2624309791433917,0.2613351455369429,0.2624309791433917,0.0,,,0.0,lower_clv,True,6.710041592444216,6.710041592444216,0.2629880756911579,0.2629880756911579,,,0.2613351455369429,0.0,6.597017844833404,0.2260474952216231,6.483994097222593,0.2624309791433917,0.2624309791433917,0.8398805274537133,0.8477727745296371,1.1198407032716178,1.78,model_agreement_0.75_kelly,9m3m_core,3.6403734331520026,0.2746970931315016,True,True,5.44,11.461092509038108,draw,1.25,True,,,,,,,,
2025-03,data\historical_csv\football-data\2425\D1.csv:211,data\historical_csv\football-data\2425\D1.csv,211,2025-03-01,D1,Heidenheim,M'gladbach,draw,0.2716326465660794,0.2647054087648244,3.793,3.85,0.4027615444979204,0.004927237801255,5,0.0,1XB,3.0-4.0,sportsbook,0.2636435539151067,1.0303026284251393,0.0069272378012549,0.0181393432031976,1.3331572627067618,0.0737842946804926,0.3621290355578277,0.2,1.5027682573161003,draw:3.0-4.0,draw:sportsbook,sportsbook:3.0-4.0,2.7453215117754755,2.7453215117754755,0.6829821650439973,0.2708814171151475,0.2676139060270615,0.2708814171151475,0.0,,,0.0,lower_clv,True,2.8784601884674466,2.8784601884674466,0.2712324286540138,0.2712324286540138,,,0.2676139060270615,0.0,2.811890850121461,0.1331386766919711,2.7453215117754755,0.2708814171151475,0.2708814171151475,0.6903308552153827,0.6829821650439973,1.0,0.74,model_agreement_0.75_kelly,9m3m_core,3.579310896196269,0.2793833866353155,True,False,-0.74,5.970118550775183,away,1.25,True,,,,,,,,
2025-03,data\historical_csv\football-data\2425\D1.csv:223,data\historical_csv\football-data\2425\D1.csv,223,2025-03-08,D1,Wolfsburg,St Pauli,draw,0.2597084147762685,0.2525233036487351,3.9792,4.04,0.4840729879046712,0.0051851111275333,5,0.0,1XB,3.0-4.0,sportsbook,0.2513067953357458,1.0334317240777275,0.0071851111275333,0.0199651256275242,1.3810807940670031,0.0674484607056023,0.3586783037050915,0.2,1.5279453156413323,draw:3.0-4.0,draw:sportsbook,sportsbook:3.0-4.0,2.961527927390737,2.961527927390737,0.6977390112232782,0.2587493162630446,0.2560957619225066,0.2587493162630446,0.0,,,0.0,lower_clv,True,3.145234860567392,3.145234860567392,0.2592109842696205,0.2592109842696205,,,0.2560957619225066,0.0,3.0533813939790644,0.1837069331766549,2.961527927390737,0.2587493162630446,0.2587493162630446,0.6988944964409336,0.6977390112232782,1.0,0.75,model_agreement_0.75_kelly,9m3m_core,3.689501219089908,0.2710393466807611,True,True,2.23,7.85197683120844,draw,1.25,True,,,,,,,,
2025-03,data\historical_csv\football-data\2425\E0.csv:282,data\historical_csv\football-data\2425\E0.csv,282,2025-03-10,E0,West Ham,Newcastle,draw,0.2728759711797007,0.2626463253030614,3.7734,3.83,-0.8930356101428005,0.0082296458766392,5,0.0,1XB,3.0-4.0,sportsbook,0.2650129856362961,1.0296701896494826,0.0102296458766392,0.030158924734416,1.3279764517953756,0.0744612956472648,0.3623728639874361,0.2,1.4999734987014346,draw:3.0-4.0,draw:sportsbook,sportsbook:3.0-4.0,2.673053388019988,2.673053388019988,0.0,0.2720969242275401,0.2688147262554249,0.2720969242275401,0.0,,,0.0,lower_clv,True,2.891074654306913,2.891074654306913,0.2726747088946492,0.2726747088946492,,,0.2688147262554249,0.0,2.78206402116345,0.2180212662869247,2.673053388019988,0.2720969242275401,0.2720969242275401,0.0,0.6964519731311629,1.0,0.72,model_agreement_0.75_kelly,9m3m_core,3.596165872262574,0.2780739363868211,True,False,-0.72,4.928419156203079,away,1.25,True,,,,,,,,
2025-03,data\historical_csv\football-data\2425\I1.csv:300,data\historical_csv\football-data\2425\I1.csv,300,2025-03-31,I1,Verona,Parma,draw,0.3091857222659174,0.295567481653711,3.352,3.4,-0.9257801496760808,0.0116182406122064,4,0.0,1XB,3.0-4.0,sportsbook,0.2983293556085919,1.036390541035355,0.0136182406122064,0.0375768988524447,1.2095571826198366,0.095595810853097,0.3739778111302423,0.25,1.4319809069212486,draw:3.0-4.0,draw:sportsbook,sportsbook:3.0-4.0,3.307037194832558,3.307037194832558,0.6889304805157371,0.3081952183616723,0.3038763577623242,0.3081952183616723,0.0,,,0.0,lower_clv,True,3.39942943609417,3.39942943609417,0.3084708515396604,0.3084708515396604,,,0.3038763577623242,0.0,3.353233315463364,0.0923922412616122,3.307037194832558,0.3081952183616723,0.3081952183616723,0.6889304805157371,0.709751665086188,0.5,0.53,model_agreement_0.75_kelly,9m3m_core,3.1140170579495985,0.3211286198472023,True,True,1.25,7.642313372782206,draw,1.25,True,,,,,,,,
2025-03,data\historical_csv\football-data\2425\N1.csv:216,data\historical_csv\football-data\2425\N1.csv,216,2025-03-02,N1,Heracles,Zwolle,draw,0.2927048220998431,0.2802678666237266,3.5284,3.58,-1.1102859404842902,0.0104369554761165,5,0.0,1XB,3.0-4.0,sportsbook,0.2834145788459358,1.0327796942970866,0.0124369554761165,0.0356569304230881,1.2608445104024748,0.0856761128805008,0.3690552681129202,0.2,1.4624192268450242,draw:3.0-4.0,draw:sportsbook,sportsbook:3.0-4.0,3.031555082884484,3.031555082884484,0.7096630505209085,0.2920064479165755,0.2879629564425686,0.2920064479165755,0.0,,,0.0,lower_clv,True,3.246877055709385,3.246877055709385,0.2926167017790199,0.2926167017790199,,,0.2879629564425686,0.0,3.139216069296934,0.2153219728249009,3.031555082884484,0.2920064479165755,0.2920064479165755,0.7096630505209085,0.7254268367211487,1.0,0.9,model_agreement_0.75_kelly,9m3m_core,3.5093971243694377,0.2849492276197377,True,False,-0.9,0.5414854733482688,home,1.25,True,,,,,,,,
2025-03,data\historical_csv\football-data\2425\T1.csv:257,data\historical_csv\football-data\2425\T1.csv,257,2025-03-28,T1,Konyaspor,Gaziantep,draw,0.2860813446044946,0.2808208783073807,3.597,3.65,1.0112699271648484,0.0032604662971138,4,0.0,1XB,3.0-4.0,sportsbook,0.2780094523213789,1.0290345965423673,0.0052604662971139,0.0113969902568147,1.2801001647134869,0.0818425357307156,0.3662127763496693,0.25,1.4734500973033082,draw:3.0-4.0,draw:sportsbook,sportsbook:3.0-4.0,2.538375367739289,2.538375367739289,0.6222897658532165,0.2850663757790917,0.2815672805277668,0.2850663757790917,0.0,,,0.0,lower_clv,True,2.4803723179363413,2.4803723179363413,0.2849051218180048,0.2849051218180048,,,0.2815672805277668,0.0,2.509373842837815,0.0580030498029477,2.4803723179363413,0.2849051218180048,0.2849051218180048,0.6357106566116565,0.6222897658532165,0.5,0.36,model_agreement_0.75_kelly,9m3m_core,3.499073053386204,0.2857899748712754,True,False,-0.36,2.798653961197761,home,1.25,True,,,,,,,,
2025-04,data\historical_csv\football-data\2425\B1.csv:283,data\historical_csv\football-data\2425\B1.csv,283,2025-04-27,B1,Gent,Anderlecht,draw,0.3058527696111381,0.2871755194902071,3.4794,3.53,-0.0801497485773405,0.0166772501209309,4,0.0,1XB,3.0-4.0,sportsbook,0.2874058745760763,1.0641841265849938,0.0186772501209309,0.0545270528108491,1.2468598651283127,0.0935459166788039,0.3813555430664646,0.25,1.4542737253549598,draw:3.0-4.0,draw:sportsbook,sportsbook:3.0-4.0,5.442854313113479,5.442854313113479,0.8124827815513221,0.3030489576165819,0.2957008448250443,0.3030489576165819,0.0,,,0.0,lower_clv,True,5.811406105083927,5.811406105083927,0.3041081971175603,0.3041081971175603,,,0.2957008448250443,0.0,5.627130209098703,0.3685517919704484,5.442854313113479,0.3030489576165819,0.3030489576165819,0.8124827815513221,0.8402012985975352,0.5416551877008814,0.89,model_agreement_0.75_kelly,9m3m_core,3.506670900934092,0.2851707583205553,False,False,-0.89,-0.7776863499459941,away,1.25,True,,,,,,,,
2025-04,data\historical_csv\football-data\2425\F2.csv:262,data\historical_csv\football-data\2425\F2.csv,262,2025-04-07,F2,Dunkerque,Guingamp,draw,0.3244445823834864,0.3157100899905641,3.205,3.25,1.185083841975798,0.0067344923929223,4,0.0,B365,3.0-4.0,sportsbook,0.31201248049922,1.039844886539074,0.0087344923929223,0.0207569882765442,1.1647120903726331,0.1052642870379949,0.3778845277579465,0.25,1.4040561622464809,draw:3.0-4.0,draw:sportsbook,sportsbook:3.0-4.0,2.6370871650188805,2.6370871650188805,0.0,0.3202405215757219,0.3142568861564011,0.3202405215757219,0.0,,,0.0,lower_clv,True,3.222638688125379,3.222638688125379,0.3220675154075674,0.3220675154075674,,,0.3142568861564011,0.0,2.9298629265721297,0.5855515231064983,2.6370871650188805,0.3202405215757219,0.3202405215757219,0.0,0.6596926352818664,0.5,0.45,model_agreement_0.75_kelly,9m3m_core,3.389294936523636,0.2950466155139893,False,False,-0.45,-5.437559727766428,home,1.25,True,,,,,,,,
2025-04,data\historical_csv\football-data\2425\I1.csv:318,data\historical_csv\football-data\2425\I1.csv,318,2025-04-13,I1,Verona,Genoa,draw,0.3306328336043428,0.3265891979700269,3.107,3.15,1.4712638092873709,0.0020436356343158,4,0.0,1XB,3.0-4.0,sportsbook,0.321853878339234,1.027276214008693,0.0040436356343158,0.0061809821246047,1.1336576304109105,0.109318070657237,0.3748244346799441,0.25,1.3839716768587085,draw:3.0-4.0,draw:sportsbook,sportsbook:3.0-4.0,2.313230213755128,2.313230213755128,0.0,0.3292990994971199,0.320442570058606,0.3292990994971199,0.0,,,0.0,lower_clv,True,2.240829414016709,2.240829414016709,0.3290660747152131,0.3290660747152131,,,0.320442570058606,0.0,2.2770298138859184,0.072400799738419,2.240829414016709,0.3290660747152131,0.3290660747152131,0.0,0.634861756842139,0.5,0.4,model_agreement_0.75_kelly,9m3m_core,2.8807459113542686,0.3471323159944674,True,True,0.84,7.85401057948103,draw,1.25,True,,,,,,,,
2025-04,data\historical_csv\football-data\2425\I1.csv:332,data\historical_csv\football-data\2425\I1.csv,332,2025-04-27,I1,Como,Genoa,draw,0.2778374215992546,0.271364708883597,3.7342,3.79,1.3330095913127948,0.0044727127156576,4,0.0,1XB,3.0-4.0,sportsbook,0.2677949761662471,1.0375004997359365,0.0064727127156576,0.0160983091835229,1.3175336055490985,0.0771936328409219,0.3660601398361308,0.25,1.4942959670076528,draw:3.0-4.0,draw:sportsbook,sportsbook:3.0-4.0,2.8851880107984123,2.8851880107984123,0.0,0.2755213647121162,0.2678227715682054,0.2755213647121162,0.0,,,0.0,lower_clv,True,3.133235194657602,3.133235194657602,0.2761856226090129,0.2761856226090129,,,0.2678227715682054,0.0,3.009211602728007,0.2480471838591897,2.8851880107984123,0.2755213647121162,0.2755213647121162,0.0,0.6949856076073896,0.5,0.4,model_agreement_0.75_kelly,9m3m_core,3.760363781075264,0.2659317178387601,False,False,-0.4,-0.6957779246502094,home,1.25,True,,,,,,,,
2025-04,data\historical_csv\football-data\2425\SP1.csv:311,data\historical_csv\football-data\2425\SP1.csv,311,2025-04-18,SP1,Espanol,Getafe,draw,0.3519008463383229,0.3482693537536698,2.9208,2.96,1.7225128443718818,0.001631492584653,4,0.0,1XB,2.0-3.0,sportsbook,0.3423719528896193,1.0278319919849734,0.003631492584653,0.0046362280785324,1.07185755135929,0.1238342056536279,0.3771875794774565,0.25,1.342098055327301,draw:2.0-3.0,draw:sportsbook,sportsbook:2.0-3.0,2.586525901320581,2.586525901320581,0.6466265627397189,0.3512274921299664,0.3417359046990408,0.3512274921299664,0.0,,,0.0,lower_clv,True,2.6679221577602386,2.6679221577602386,0.3515061700827179,0.3515061700827179,,,0.3417359046990408,0.0,2.6272240295404097,0.0813962564396577,2.586525901320581,0.3512274921299664,0.3512274921299664,0.6608948094080956,0.6466265627397189,0.5,0.5,model_agreement_0.75_kelly,9m3m_core,2.767960006855631,0.3612768961701826,True,False,-0.5,5.521755833386943,home,1.25,True,,,,,,,,
2025-04,data\historical_csv\football-data\2425\SP1.csv:316,data\historical_csv\football-data\2425\SP1.csv,316,2025-04-20,SP1,Valladolid,Osasuna,draw,0.2806767285270926,0.2668562178240373,3.695,3.75,-1.3966275140182227,0.0118205107030552,4,0.0,1XB,3.0-4.0,sportsbook,0.2706359945872801,1.037100511907607,0.0138205107030552,0.0421143240662871,1.3069805544001651,0.0787794259366712,0.3668390262575641,0.25,1.4884979702300516,draw:3.0-4.0,draw:sportsbook,sportsbook:3.0-4.0,2.9280957850330536,2.9280957850330536,0.6999430163377842,0.2785604757375726,0.2706434192231941,0.2785604757375726,0.0,,,0.0,lower_clv,True,3.2385618857020404,3.2385618857020404,0.2794007087569744,0.2794007087569744,,,0.2706434192231941,0.0,3.083328835367547,0.3104661006689868,2.9280957850330536,0.2785604757375726,0.2785604757375726,0.6999430163377842,0.718951748678287,0.5,0.41,model_agreement_0.75_kelly,9m3m_core,3.7076292591797326,0.269714129999405,False,False,-0.41,-0.3406289652198691,away,1.25,True,,,,,,,,
2025-04,data\historical_csv\football-data\2425\SP1.csv:318,data\historical_csv\football-data\2425\SP1.csv,318,2025-04-20,SP1,Sevilla,Alaves,draw,0.3162456221708447,0.309242552719211,3.2442,3.29,0.3244689531664457,0.0050030694516336,4,0.0,1XB,3.0-4.0,sportsbook,0.308242401824795,1.0259640474466545,0.0070030694516336,0.0158202014538271,1.1768687866338772,0.1000112935422246,0.3721796016424775,0.25,1.4117502003575533,draw:3.0-4.0,draw:sportsbook,sportsbook:3.0-4.0,2.22744851881676,2.22744851881676,0.0,0.3151083426386066,0.3060684452007622,0.3151083426386066,0.0,,,0.0,lower_clv,True,2.1996725175694287,2.1996725175694287,0.3150227252252309,0.3150227252252309,,,0.3060684452007622,0.0,2.2135605181930944,0.0277760012473313,2.1996725175694287,0.3150227252252309,0.3150227252252309,0.0,0.6409184187153045,0.5,0.37,model_agreement_0.75_kelly,9m3m_core,3.117319041045412,0.3207884681782984,True,True,0.83,4.070194846403585,draw,1.25,True,,,,,,,,
2025-05,data\historical_csv\football-data\2425\B1.csv:294,data\historical_csv\football-data\2425\B1.csv,294,2025-05-09,B1,Charleroi,Westerlo,home,0.5699947746942149,0.562688733272644,1.86583,1.93,4.988151920209738,0.0053060414215708,4,0.05,BFE,1.5-2.0,exchange,0.5359545081813456,1.063513350467707,0.0073060414215708,0.0093089299360988,0.6237059943092317,0.3248940431787088,0.3555091577017218,0.25,3.439220078999705,home:1.5-2.0,home:exchange,exchange:1.5-2.0,2.156662687189958,2.156662687189958,0.0,0.547513239079605,0.5609812395092418,0.5530774528603966,0.4131432731875567,,,0.0,lower_clv,True,3.818899641040807,3.818899641040807,0.556422072970425,0.558718645886507,,,0.5609812395092418,0.503726480822531,2.987781164115382,1.662236953850849,2.156662687189958,0.547513239079605,0.547513239079605,0.0,0.6194096041927083,0.5,0.39,model_agreement_0.625_kelly,12m6m_tertiary,1.746079867712338,0.5727114884556629,True,True,0.34,6.858227650522952,home,1.25,True,,,,,,,,
2025-05,data\historical_csv\football-data\2425\F1.csv:285,data\historical_csv\football-data\2425\F1.csv,285,2025-05-04,F1,Nantes,Angers,draw,0.2869981482250794,0.2779869802753151,3.6558,3.71,1.6264802490497,0.0070111679497642,4,0.0,1XB,3.0-4.0,sportsbook,0.2735379397122381,1.049207830281245,0.0090111679497642,0.0244293142416573,1.2963149475003666,0.0823679370846246,0.3720399894490962,0.25,1.482575633240346,draw:3.0-4.0,draw:sportsbook,sportsbook:3.0-4.0,3.6569123377215567,3.6569123377215567,0.721107487282973,0.2835409823779243,0.2777340257620782,0.2835409823779243,0.0,,,0.0,lower_clv,True,4.423322750945302,4.423322750945302,0.2856374056319966,0.2809356220601339,,,0.2777340257620782,0.5949079570068991,4.040117544333429,0.7664104132237455,3.6569123377215567,0.2809356220601339,0.2835409823779243,0.721107487282973,0.7434047006382051,0.5,0.38,model_agreement_0.75_kelly,9m3m_core,3.442823170959207,0.2904592976006344,True,False,-0.38,6.186110016839908,away,1.25,True,,,,,,,,
2025-05,data\historical_csv\football-data\2425\I2.csv:349,data\historical_csv\football-data\2425\I2.csv,349,2025-05-01,I2,Spezia,Salernitana,draw,0.3052056673512615,0.2878123493503848,3.45,3.5,-0.7047394741172219,0.0153933180008766,4,0.0,B365,3.0-4.0,sportsbook,0.2898550724637681,1.0529595523618522,0.0173933180008766,0.0504358851998658,1.2383742310432684,0.0931504993833289,0.377958833616166,0.25,1.4492753623188248,draw:3.0-4.0,draw:sportsbook,sportsbook:3.0-4.0,3.193524775800716,3.193524775800716,0.668071946322773,0.2991116660168136,0.2949633590686231,0.2991116660168136,0.0,,,0.0,lower_clv,True,4.427445012223874,4.427445012223874,0.3026882464122431,0.2980926494645417,,,0.2949633590686231,0.5949079570068991,3.810484894012295,1.2339202364231583,3.193524775800716,0.2980926494645417,0.2991116660168136,0.668071946322773,0.7150339944038583,0.5,0.43,model_agreement_0.75_kelly,9m3m_core,3.506819924962932,0.2851586398496268,False,False,-0.43,-1.6202692518787476,home,1.25,True,,,,,,,,
2025-05,data\historical_csv\football-data\2425\I2.csv:357,data\historical_csv\football-data\2425\I2.csv,357,2025-05-04,I2,Frosinone,Cittadella,draw,0.3404674525741026,0.3318739632162311,3.0874,3.13,2.4627674033791846,0.0065934893578715,4,0.0,1XB,3.0-4.0,sportsbook,0.3238971302714258,1.0511592130772842,0.0085934893578715,0.0193659902232107,1.1273293127656037,0.1159180862622988,0.3838189393294188,0.25,1.3798017749562907,draw:3.0-4.0,draw:sportsbook,sportsbook:3.0-4.0,4.006013654761274,4.006013654761274,0.7354169138598285,0.336872493537479,0.3283604429573885,0.336872493537479,0.0,,,0.0,lower_clv,True,4.854313586096026,4.854313586096026,0.3396201126711668,0.3329216455651704,,,0.3283604429573885,0.5949079570068991,4.43016362042865,0.8482999313347523,4.006013654761274,0.3329216455651704,0.336872493537479,0.7354169138598285,0.758663015805928,0.5,0.5,model_agreement_0.75_kelly,9m3m_core,3.5370584434290087,0.2827208020432221,False,True,1.04,-12.712779577175626,draw,1.25,True,,,,,,,,
2025-05,data\historical_csv\football-data\2425\I2.csv:365,data\historical_csv\football-data\2425\I2.csv,365,2025-05-09,I2,Mantova,Carrarese,away,0.2627375476668874,0.2462070824345022,4.136,4.2,1.83124929491012,0.0145304652323852,4,0.0,B365,4.0-5.0,sportsbook,0.241779497098646,1.0866824971502465,0.0165304652323852,0.0553041061752153,1.419729137206128,0.0690310189540099,0.373016151860764,0.25,1.547388781431347,away:4.0-5.0,away:sportsbook,sportsbook:4.0-5.0,4.299579045221399,4.299579045221399,0.7179720823626538,0.2521749976915411,0.2547831413087237,0.2521749976915411,0.0,,,0.0,lower_clv,True,5.70811076825426,5.70811076825426,0.2555805386079648,0.2551061606097504,,,0.2547831413087237,0.5949079570068991,5.003844906737829,1.4085317230328611,4.299579045221399,0.2521749976915411,0.2521749976915411,0.7179720823626538,0.7967943792071248,0.5,0.51,model_agreement_0.75_kelly,9m3m_core,4.185327201484805,0.2389299454640573,False,False,-0.51,-1.1785745560659031,home,1.25,True,,,,,,,,
2025-05,data\historical_csv\football-data\2425\SP1.csv:335,data\historical_csv\football-data\2425\SP1.csv,335,2025-05-03,SP1,Las Palmas,Valencia,away,0.3488050867247629,0.3431228289501569,2.96,3.0,1.5643573692464274,0.003682257774606,4,0.0,1XB,2.0-3.0,sportsbook,0.3378378378378378,1.0324630567052984,0.005682257774606,0.0105567777384843,1.085189268335969,0.1216649885250694,0.3785195368547097,0.25,1.3513513513513598,away:2.0-3.0,away:sportsbook,sportsbook:2.0-3.0,2.1054086090486286,2.1054086090486286,0.0,0.3449507047602994,0.3405270135660991,0.3431230865007565,0.4131432731875567,,,0.0,lower_clv,True,2.7073671340554384,2.7073671340554384,0.3469843484258629,0.3437316178614614,,,0.3405270135660991,0.503726480822531,2.4063878715520337,0.6019585250068098,2.1054086090486286,0.3449507047602994,0.3449507047602994,0.0,0.6460953018221164,0.5,0.17,model_agreement_0.625_kelly,12m6m_tertiary,3.053319574523089,0.3275123928539953,False,True,0.33,-3.0563317152173752,away,1.25,True,,,,,,,,
2025-05,data\historical_csv\football-data\2425\SP1.csv:341,data\historical_csv\football-data\2425\SP1.csv,341,2025-05-05,SP1,Girona,Mallorca,draw,0.3031543181474176,0.2952485702283127,3.401,3.45,0.4140387346491581,0.0059057479191049,4,0.0,1XB,3.0-4.0,sportsbook,0.2940311673037342,1.0310278360193674,0.0079057479191049,0.0194809955378339,1.2240695060250584,0.0919025406114256,0.3710819564640729,0.25,1.4407527197882963,draw:3.0-4.0,draw:sportsbook,sportsbook:3.0-4.0,2.3756050934022115,2.3756050934022115,0.6455947035145692,0.3010161866903917,0.2930218420180673,0.3010161866903917,0.0,,,0.0,lower_clv,True,3.0197926250472573,3.0197926250472573,0.3029102988093127,0.2970275771816819,,,0.2930218420180673,0.5949079570068991,2.6976988592247344,0.6441875316450458,2.3756050934022115,0.2970275771816819,0.3010161866903917,0.6455947035145692,0.6593565686754811,0.5,0.16,model_agreement_0.75_kelly,9m3m_core,3.4031027856991294,0.2938494847120996,False,False,-0.16,-0.0617902494149058,home,1.25,True,,,,,,,,
2025-05,data\historical_csv\football-data\2425\SP1.csv:370,data\historical_csv\football-data\2425\SP1.csv,370,2025-05-18,SP1,Valencia,Ath Bilbao,draw,0.3219734429529221,0.3154605062847525,3.1756,3.22,0.1776383757859934,0.0045129366681696,4,0.0,1XB,3.0-4.0,sportsbook,0.3149011210479909,1.0224588654412994,0.0065129366681696,0.0140164872816217,1.1554965908688213,0.1036668979669585,0.3720392156823983,0.25,1.398160977453089,draw:3.0-4.0,draw:sportsbook,sportsbook:3.0-4.0,2.131902788607821,2.131902788607821,0.0,0.3216145068289703,0.3140260437758256,0.3184793843647313,0.4131432731875567,,,0.0,lower_clv,True,2.2999395089283503,2.2999395089283503,0.3221436563450319,0.3180545999328649,,,0.3140260437758256,0.503726480822531,2.2159211487680857,0.1680367203205293,2.131902788607821,0.3216145068289703,0.3216145068289703,0.0,0.6364092600870651,0.5,0.16,model_agreement_0.625_kelly,12m6m_tertiary,3.071216932112897,0.3256038313490388,True,False,-0.16,3.3987526832007786,away,1.25,True,,,,,,,,
2025-09,data\historical_csv\football-data\2526\B1.csv:54,data\historical_csv\football-data\2526\B1.csv,54,2025-09-14,B1,St Truiden,Westerlo,away,0.3023295158181199,0.2953681035874148,3.5137,3.7,3.78349055750995,0.0049614122307051,8,0.05,BFE,3.0-4.0,exchange,0.2846002789082733,1.062295219730128,0.0069614122307051,0.0164106115053943,1.2566696133259048,0.0914031361348188,0.3799283157401648,0.125,5.302103196061125,away:3.0-4.0,away:exchange,exchange:3.0-4.0,2.6671520919381067,2.6671520919381067,0.7397928173512084,0.292191001200837,0.2895244566647891,0.2906204880807544,0.5889693942296466,,,0.0,lower_clv,True,3.116366579680796,3.116366579680796,0.2934694668858491,0.2915672996099406,,,0.2895244566647891,0.4821704303207976,2.891759335809452,0.4492144877426893,2.6671520919381067,0.292191001200837,0.292191001200837,0.7595426710085139,0.7397928173512084,1.0,0.33,model_agreement_0.625_kelly,18m9m_satellite,3.3532369578881203,0.2982193064667292,True,True,0.83,4.785317713214621,away,1.25,True,,,,,,,,
2025-09,data\historical_csv\football-data\2526\B1.csv:72,data\historical_csv\football-data\2526\B1.csv,72,2025-09-28,B1,Charleroi,Mechelen,away,0.2840916791391009,0.2751997150053138,3.8861,4.1,6.9453612482150096,0.006891964133787,8,0.05,BFE,3.0-4.0,exchange,0.2573273976480276,1.10400867430246,0.008891964133787,0.0242596479934653,1.3574060840261055,0.0807080821560738,0.3856277736846079,0.125,5.504233035691319,away:3.0-4.0,away:exchange,exchange:3.0-4.0,5.123770606274092,5.123770606274092,0.8613989114230328,0.2705122632106073,0.2717492689501453,0.2712408217316815,0.5889693942296466,,,0.0,lower_clv,True,5.885306562804016,5.885306562804016,0.2724719038696997,0.2721234706795733,,,0.2717492689501453,0.4821704303207976,5.504538584539054,0.761535956529924,5.123770606274092,0.2705122632106073,0.2705122632106073,0.8692885084554458,0.8613989114230328,1.148531881897377,0.64,model_agreement_0.625_kelly,18m9m_satellite,3.606420408890141,0.2772832578073573,True,True,1.85,7.755046816517108,away,1.25,True,,,,,,,,
2025-09,data\historical_csv\football-data\2526\G1.csv:23,data\historical_csv\football-data\2526\G1.csv,23,2025-09-20,G1,Panserraikos,Atromitos,home,0.2750747927137586,0.2663978983200803,4.0968,4.16,9.137890983770514,0.0066768943936783,8,0.0,PS,4.0-5.0,sportsbook,0.2440929505955868,1.1269264107897263,0.0086768943936783,0.0242730143602298,1.4102061811662034,0.0756661415865172,0.3879121729679545,0.125,1.5426674477641011,home:4.0-5.0,home:sportsbook,sportsbook:4.0-5.0,7.182262960141914,7.182262960141914,0.8808634698907668,0.2616243481745311,0.2629757790747958,0.2624202996132032,0.5889693942296466,,,0.0,lower_clv,True,7.806952670400724,7.806952670400724,0.2631491717203689,0.2630655669138384,,,0.2629757790747958,0.4821704303207976,7.494607815271319,0.62468971025881,7.182262960141914,0.2616243481745311,0.2616243481745311,0.8808634698907668,0.9103429027548724,1.1744846265210225,0.85,model_agreement_0.625_kelly,18m9m_satellite,3.346106311127683,0.2988548202053349,True,False,-0.85,22.43484274172158,draw,1.25,True,,,,,,,,
2025-09,data\historical_csv\football-data\2526\I2.csv:39,data\historical_csv\football-data\2526\I2.csv,39,2025-09-21,I2,Carrarese,Avellino,away,0.2763289024672972,0.2658606503755425,3.9498,4.01,5.009639685331768,0.0084682520917547,8,0.0,PS,3.0-4.0,sportsbook,0.2531773760696744,1.0914438989653306,0.0104682520917547,0.0306455532379821,1.3736649447197489,0.076357662338781,0.3795833265322087,0.125,1.5241278039394457,away:3.0-4.0,away:sportsbook,sportsbook:3.0-4.0,3.0031654309102773,3.0031654309102773,0.7475038660184637,0.2607807115066846,0.2641954557779721,0.262791891371594,0.5889693942296466,,,0.0,lower_clv,True,3.638209158996375,3.638209158996375,0.262388498554348,0.2632597598964341,,,0.2641954557779721,0.4821704303207976,3.320687294953326,0.6350437280860977,3.0031654309102773,0.2607807115066846,0.2607807115066846,0.7475038660184637,0.7738394056538661,1.0,0.32,model_agreement_0.625_kelly,18m9m_satellite,3.627545475819935,0.2756684944863358,True,True,0.94,8.883541952212903,away,1.25,True,,,,,,,,
2025-09,data\historical_csv\football-data\2526\T1.csv:39,data\historical_csv\football-data\2526\T1.csv,39,2025-09-14,T1,Gaziantep,Kocaelispor,away,0.2815208101521516,0.2739647925520242,3.793,4.0,3.914845814982804,0.0055560176001273,7,0.05,BFE,3.0-4.0,exchange,0.2636435539151068,1.0678084329071111,0.0075560176001273,0.019735726098275,1.3331572627067618,0.0792539665487238,0.3753115126574324,0.1428571428571428,5.457421566042719,away:3.0-4.0,away:exchange,exchange:3.0-4.0,2.825452267072893,2.825452267072893,0.7613274468298257,0.2710926766861927,0.2692468084725019,0.2700055168025475,0.5889693942296466,,,0.0,lower_clv,True,3.3169382146788,3.3169382146788,0.2723884477054543,0.270873642164589,,,0.2692468084725019,0.4821704303207976,3.0711952408758467,0.491485947605907,2.825452267072893,0.2710926766861927,0.2710926766861927,0.7800436481540924,0.7613274468298257,1.0151032624397676,0.32,model_agreement_0.625_kelly,18m9m_satellite,3.1948711871955737,0.3130016646704902,True,False,-0.32,18.72153140951693,home,1.25,True,,,,,,,,
2025-10,data\historical_csv\football-data\2526\B1.csv:90,data\historical_csv\football-data\2526\B1.csv,90,2025-10-24,B1,Charleroi,Anderlecht,home,0.3577911552626501,0.3477430706724538,3.0874,3.13,7.362195639413405,0.0080480845901962,8,0.0,PS,3.0-4.0,sportsbook,0.3238971302714258,1.1046444127579058,0.0100480845901962,0.0224938053158084,1.1273293127656037,0.1280145107841818,0.4033484571758547,0.125,1.3798017749562907,home:3.0-4.0,home:sportsbook,sportsbook:3.0-4.0,3.194908759561572,3.194908759561572,0.823954802123469,0.3342453480584361,0.3498010127738028,0.3342453480584361,0.0,,,0.0,lower_clv,True,4.965746585266162,4.965746585266162,0.3399810409576542,0.3399810409576542,,,0.3498010127738028,0.0,4.080327672413867,1.7708378257045898,3.194908759561572,0.3342453480584361,0.3342453480584361,0.823954802123469,0.8277764111707787,1.098606402831292,1.26,model_agreement_0.75_kelly,9m3m_core,2.871616104841736,0.3482359631268029,True,True,2.63,7.514371255769103,home,1.25,True,,,,,,,,
2025-10,data\historical_csv\football-data\2526\F2.csv:99,data\historical_csv\football-data\2526\F2.csv,99,2025-10-25,F2,Annecy,St Etienne,home,0.2711367613210543,0.2577143955622994,4.0478000000000005,4.11,4.317633035707602,0.0114223657587548,8,0.0,PS,4.0-5.0,sportsbook,0.2470477790404664,1.097507382475364,0.0134223657587548,0.0421276912179001,1.3981735236499684,0.0735151433396704,0.379096240967299,0.125,1.5366371856317065,home:4.0-5.0,home:sportsbook,sportsbook:4.0-5.0,3.344043461272277,3.344043461272277,0.7531735819742822,0.2553091641416875,0.2654392596445989,0.2553091641416875,0.0,,,0.0,lower_clv,True,3.68354915589737,3.68354915589737,0.2561479054199747,0.2561479054199747,,,0.2654392596445989,0.0,3.513796308584824,0.3395056946250929,3.344043461272277,0.2553091641416875,0.2553091641416875,0.7531735819742822,0.7938942259936883,1.0042314426323762,0.83,model_agreement_0.75_kelly,9m3m_core,4.3685263028024695,0.2289101474239691,False,True,2.53,-7.341750525725765,home,1.25,True,,,,,,,,
2025-10,data\historical_csv\football-data\2526\G1.csv:41,data\historical_csv\football-data\2526\G1.csv,41,2025-10-05,G1,PAOK,Olympiakos,draw,0.2979943299668136,0.2931285101807588,3.5186,3.57,3.14019759220181,0.0028658197860547,8,0.0,PS,3.0-4.0,sportsbook,0.2842039447507531,1.0485228494212304,0.0048658197860547,0.0096170279024233,1.2580631832228086,0.0888006206923702,0.3748956953403976,0.125,1.4608082760188656,draw:3.0-4.0,draw:sportsbook,sportsbook:3.0-4.0,2.499745002542225,2.499745002542225,0.675603194600598,0.291308318656688,0.2915583482703147,0.291308318656688,0.0,,,0.0,lower_clv,True,3.1206965186076463,3.1206965186076463,0.2930730873603355,0.2930730873603355,,,0.2915583482703147,0.0,2.810220760574936,0.6209515160654213,2.499745002542225,0.291308318656688,0.291308318656688,0.68387246341184,0.675603194600598,1.0,0.74,model_agreement_0.75_kelly,9m3m_core,3.3695279638572986,0.2967774746867631,True,False,-0.74,4.424122243284479,home,1.25,True,,,,,,,,
2025-10,data\historical_csv\football-data\2526\SP2.csv:118,data\historical_csv\football-data\2526\SP2.csv,118,2025-10-26,SP2,Malaga,Andorra,away,0.3006769352956935,0.2938413046612447,3.6558,3.71,7.42250415805783,0.0048356306344488,8,0.0,PS,3.0-4.0,sportsbook,0.2735379397122381,1.0992147400539962,0.0068356306344488,0.0160824794548785,1.2963149475003666,0.0904066194188106,0.389772005592408,0.125,1.482575633240346,away:3.0-4.0,away:sportsbook,sportsbook:3.0-4.0,3.644057529512599,3.644057529512599,0.8127226247108962,0.2835058196003955,0.2941683304190756,0.2835058196003955,0.0,,,0.0,lower_clv,True,4.691162015904671,4.691162015904671,0.2863700476391068,0.2863700476391068,,,0.2941683304190756,0.0,4.167609772708635,1.0471044863920715,3.644057529512599,0.2835058196003955,0.2835058196003955,0.8127226247108962,0.8274767540015041,1.083630166281195,1.12,model_agreement_0.75_kelly,9m3m_core,3.8732456378427007,0.2581814048222809,False,False,-1.12,-5.614042025070553,home,1.25,True,,,,,,,,
2025-10,data\historical_csv\football-data\2526\SP2.csv:119,data\historical_csv\football-data\2526\SP2.csv,119,2025-10-26,SP2,Almeria,Castellon,away,0.2682081161683699,0.260297829288861,4.087,4.15,6.3837228303574856,0.0059102868795088,8,0.0,PS,4.0-5.0,sportsbook,0.2446782481037435,1.0961665707801278,0.0079102868795088,0.022036196979955,1.4078112045821405,0.0719355935785858,0.3775863911016994,0.125,1.5414729630536028,away:4.0-5.0,away:sportsbook,sportsbook:4.0-5.0,4.343287410967365,4.343287410967365,0.7647317141089921,0.255305327651009,0.2625922318413478,0.255305327651009,0.0,,,0.0,lower_clv,True,4.914266934646072,4.914266934646072,0.2567023903465771,0.2567023903465771,,,0.2625922318413478,0.0,4.628777172806719,0.570979523678707,4.343287410967365,0.255305327651009,0.255305327651009,0.7647317141089921,0.7955298816322415,1.0196422854786562,1.08,model_agreement_0.75_kelly,9m3m_core,3.760715826482616,0.2659068236313129,True,False,-1.08,8.676118818117583,home,1.25,True,,,,,,,,
2025-10,data\historical_csv\football-data\2526\T1.csv:82,data\historical_csv\football-data\2526\T1.csv,82,2025-10-22,T1,Rizespor,Buyuksehyr,draw,0.2901652296449173,0.282630398392146,3.548,3.6,0.2772653495334065,0.0055348312527713,8,0.0,BMGM,3.0-4.0,sportsbook,0.2818489289740699,1.029506234780167,0.0075348312527713,0.0190747570256589,1.266384064447333,0.0841958604948876,0.3674606228790242,0.125,1.4656144306651742,draw:3.0-4.0,draw:sportsbook,sportsbook:3.0-4.0,2.496551049616424,2.496551049616424,0.6377576111210039,0.2888854313687046,0.2839424660534984,0.2888854313687046,0.0,,,0.0,lower_clv,True,2.570553727601177,2.570553727601177,0.2890940071240168,0.2890940071240168,,,0.2839424660534984,0.0,2.5335523886088005,0.0740026779847529,2.496551049616424,0.2888854313687046,0.2888854313687046,0.6444712386409012,0.6377576111210039,1.0,0.73,model_agreement_0.75_kelly,9m3m_core,3.606709742567877,0.2772610138813188,False,True,1.86,-1.6277922749080909,draw,1.25,True,,,,,,,,
2025-11,data\historical_csv\football-data\2526\E3.csv:216,data\historical_csv\football-data\2526\E3.csv,216,2025-11-29,E3,Shrewsbury,Gillingham,home,0.3894132408376038,0.3872188984552482,2.715,2.75,5.129930930599902,0.0001943423823555,7,0.0,BMGM,2.0-3.0,sportsbook,0.3683241252302026,1.0572569488740944,0.0021943423823555,0.0004990646490025,0.9987919533858988,0.1516426721396456,0.3889428114905237,0.1428571428571428,1.2891344383057168,home:2.0-3.0,home:sportsbook,sportsbook:2.0-3.0,5.384811762304447,5.384811762304447,0.0,0.3881576860490035,0.3648165689396044,0.3746426524393763,0.5790225697545944,,,0.0,lower_clv,True,4.788895469544663,3.282767753898952,0.3804153508430901,0.3723493664600358,,,0.3648165689396044,0.5170906570116132,5.086853615924555,0.5959162927597843,3.282767753898952,0.3723493664600358,0.3804153508430901,0.0,0.7978543240881438,1.0,0.48,model_agreement_0.75_kelly,9m3m_core,2.5961976248276457,0.3851786899567737,True,False,-0.48,4.576014323264044,draw,1.25,True,,,,,,,,
2025-11,data\historical_csv\football-data\2526\SP2.csv:133,data\historical_csv\football-data\2526\SP2.csv,133,2025-11-05,SP2,Sociedad B,Huesca,away,0.3738826601450236,0.3647109368568687,2.8718000000000004,2.91,4.737686846555556,0.0071717232881549,8,0.0,PS,2.0-3.0,sportsbook,0.3482136639041716,1.073716223404479,0.0091717232881549,0.0191817488550369,1.0549390108781396,0.1397882435571192,0.3944234036778788,0.125,1.3301761961139302,away:2.0-3.0,away:sportsbook,sportsbook:2.0-3.0,3.346213518113452,3.346213518113452,0.0,0.3598656365976511,0.3498436923271216,0.3540627046721918,0.5790225697545944,,,0.0,lower_clv,True,3.932324431995382,2.339212986768357,0.3563591231519198,0.3529900547460112,,,0.3498436923271216,0.5170906570116132,3.639268975054417,0.5861109138819303,2.339212986768357,0.3529900547460112,0.3563591231519198,0.0,0.7321129262272114,1.0,0.55,model_agreement_0.75_kelly,9m3m_core,2.625895322193917,0.3808224918746978,True,False,-0.55,9.364603216575729,home,1.25,True,,,,,,,,
2025-12,data\historical_csv\football-data\2526\E1.csv:227,data\historical_csv\football-data\2526\E1.csv,227,2025-12-06,E1,Swansea,Oxford,away,0.2575249899780308,0.2500228430795116,4.038,4.1,0.9592240355067894,0.0055021468985192,8,0.0,BMGM,4.0-5.0,sportsbook,0.2476473501733531,1.039885909531289,0.0075021468985192,0.0213654872833454,1.3957495198906458,0.0663191204631848,0.3594403811216799,0.125,1.535413571074784,away:4.0-5.0,away:sportsbook,sportsbook:4.0-5.0,3.224722412624839,3.224722412624839,0.0,0.2556332897786648,0.2386161245701267,0.2554385281486999,0.0114450102339679,,,0.0,lower_clv,True,3.422590063360631,3.422590063360631,0.2561233037725622,0.2561233037725622,,,0.2386161245701267,0.0,3.323656237992735,0.1978676507357919,3.224722412624839,0.2554385281486999,0.2556332897786648,0.0,0.6114166252278685,1.0,0.78,model_agreement_0.75_kelly,9m3m_core,3.878423082138983,0.2578367493235141,True,False,-0.78,4.114479376835023,home,1.25,True,,,,,,,,
2025-12,data\historical_csv\football-data\2526\I2.csv:147,data\historical_csv\football-data\2526\I2.csv,147,2025-12-08,I2,Mantova,Reggiana,away,0.2633631755644789,0.256005013570644,4.136,4.2,5.883673612818363,0.005358161993835,7,0.0,BMGM,4.0-5.0,sportsbook,0.241779497098646,1.0892700941346851,0.0073581619938349,0.0203451449973998,1.419729137206128,0.0693601622434065,0.3739043740160237,0.1428571428571428,1.547388781431347,away:4.0-5.0,away:sportsbook,sportsbook:4.0-5.0,5.748226545966546,5.748226545966546,0.7417152828397902,0.2556775303335748,0.2444900721168669,0.2555494897597925,0.0114450102339679,,,0.0,lower_clv,True,6.738148590992776,6.738148590992776,0.2580709588757078,0.2580709588757078,,,0.2444900721168669,0.0,6.2431875684796605,0.9899220450262308,5.748226545966546,0.2555494897597925,0.2556775303335748,0.7417152828397902,0.7945336336670521,1.0,1.36,model_agreement_0.75_kelly,9m3m_core,3.228286978220924,0.3097618045565112,True,True,4.26,28.117482364573053,away,1.25,True,,,,,,,,
2026-01,data\historical_csv\football-data\2526\E2.csv:336,data\historical_csv\football-data\2526\E2.csv,336,2026-01-31,E2,Luton,Blackpool,home,0.565474135442819,0.560315811964039,1.833,1.85,2.705888333008355,0.00315832347878,5,0.0,BMGM,1.5-2.0,sportsbook,0.5455537370430987,1.0365140902666874,0.0051583234787799,0.0055852660286694,0.605953968857568,0.3197609978548036,0.3426512966578781,0.2,0.9274413529732684,home:1.5-2.0,home:sportsbook,sportsbook:1.5-2.0,3.05040595005548,3.05040595005548,0.4647041940350817,0.5621953406986114,0.5568481914139087,0.5621953406986114,0.0,,,0.0,lower_clv,True,2.1390039394853844,2.1390039394853844,0.5572231529704603,0.5572231529704603,,,0.5568481914139087,0.0,2.594704944770432,0.9114020105700956,2.1390039394853844,0.5572231529704603,0.5572231529704603,0.5096894631956309,0.4647041940350817,1.0,1.93,model_agreement_0.75_kelly,9m3m_core,1.7630233837822311,0.567207451244742,True,True,1.61,3.969125813161223,home,1.25,True,,,,,,,,
2026-01,data\historical_csv\football-data\2526\E2.csv:340,data\historical_csv\football-data\2526\E2.csv,340,2026-01-31,E2,Wigan,Lincoln,away,0.4289168186315699,0.4236239993459098,2.568,2.6,8.786643032029652,0.0032928192856601,5,0.0,BMGM,2.0-3.0,sportsbook,0.3894080996884735,1.1014583902458717,0.0052928192856601,0.0076770579809988,0.9431273858277148,0.183969637305027,0.4045231978935326,0.2,1.2461059190031154,away:2.0-3.0,away:sportsbook,sportsbook:2.0-3.0,8.442468899222877,8.442468899222877,0.7561775495016324,0.4222837573957277,0.4162546358630337,0.4222837573957277,0.0,,,0.0,lower_clv,True,8.869682656622313,8.869682656622313,0.4239473623700245,0.4239473623700245,,,0.4162546358630337,0.0,8.656075777922595,0.4272137573994357,8.442468899222877,0.4222837573957277,0.4222837573957277,0.7561775495016324,0.7880887500784736,1.0082367326688433,4.07,model_agreement_0.75_kelly,9m3m_core,2.289786973236917,0.4367218486645365,True,True,6.38,12.150170737052978,away,1.25,True,,,,,,,,
2026-01,data\historical_csv\football-data\2526\E3.csv:334,data\historical_csv\football-data\2526\E3.csv,334,2026-01-31,E3,Fleetwood Town,Notts County,away,0.4375171622259914,0.4242845254844459,2.4210000000000003,2.45,2.719283619784352,0.0112326367415455,5,0.0,BMGM,2.0-3.0,sportsbook,0.413052457662123,1.0592290497491252,0.0132326367415455,0.0256735911441651,0.8841806779559216,0.1914212672422844,0.386844221114328,0.2,1.1978521272201448,away:2.0-3.0,away:sportsbook,sportsbook:2.0-3.0,3.3325651686411994,3.3325651686411994,0.5678672440521707,0.4268176999943874,0.4250525843613877,0.4268176999943874,0.0,,,0.0,lower_clv,True,3.8781084870845417,3.8781084870845417,0.4290710800788291,0.4290710800788291,,,0.4250525843613877,0.0,3.605336827862871,0.5455433184433423,3.3325651686411994,0.4268176999943874,0.4268176999943874,0.5691875702467271,0.5678672440521707,1.0,1.76,model_agreement_0.75_kelly,9m3m_core,2.275965366670129,0.4393739969176502,True,True,2.5,6.372444653763121,away,1.25,True,,,,,,,,
2026-01,data\historical_csv\football-data\2526\F2.csv:157,data\historical_csv\football-data\2526\F2.csv,157,2026-01-03,F2,Bastia,Grenoble,away,0.2765583089752307,0.2647323304282794,3.94,4.0,4.304538188742102,0.0098259785469512,7,0.0,BMGM,3.0-4.0,sportsbook,0.2538071065989847,1.089639737362409,0.0118259785469512,0.0355295003912947,1.3711807233098423,0.0764844982632391,0.3792114221380037,0.1428571428571428,1.522842639593902,away:3.0-4.0,away:sportsbook,sportsbook:3.0-4.0,3.7617173147075897,3.7617173147075897,0.7554846789953432,0.2633546124738771,0.2622674616000455,0.2633546124738771,0.0,,,0.0,lower_clv,True,4.442884181613627,4.442884181613627,0.2650834623898823,0.2650834623898823,,,0.2622674616000455,0.0,4.102300748160609,0.6811668669060369,3.7617173147075897,0.2633546124738771,0.2633546124738771,0.7576375470063438,0.7554846789953432,1.0073129053271244,0.97,model_agreement_0.75_kelly,9m3m_core,3.795945560471432,0.2634389729961792,True,False,-0.97,3.794955360494612,home,1.25,True,,,,,,,,
2026-01,data\historical_csv\football-data\2526\F2.csv:174,data\historical_csv\football-data\2526\F2.csv,174,2026-01-23,F2,Annecy,Clermont,away,0.2533716320387636,0.2485539344867412,4.136,4.2,2.801907303716189,0.0028176975520223,7,0.0,BMGM,4.0-5.0,sportsbook,0.241779497098646,1.0479450701123263,0.0048176975520223,0.0111208091030146,1.419729137206128,0.0641971839219866,0.3597190885469024,0.1428571428571428,1.547388781431347,away:4.0-5.0,away:sportsbook,sportsbook:4.0-5.0,4.948371554888827,4.948371554888827,0.6528784019111901,0.2537436449586286,0.2392158391499172,0.2537436449586286,0.0,,,0.0,lower_clv,True,5.127914258343802,5.127914258343802,0.2541777424041194,0.2541777424041194,,,0.2392158391499172,0.0,5.038142906616315,0.1795427034549748,4.948371554888827,0.2537436449586286,0.2537436449586286,0.6528784019111901,0.6702983404700377,1.0,1.18,model_agreement_0.75_kelly,9m3m_core,4.193202830020893,0.2384811898056973,False,False,-1.18,-1.36417989636356,home,1.25,True,,,,,,,,
2026-03,data\historical_csv\football-data\2526\B1.csv:224,data\historical_csv\football-data\2526\B1.csv,224,2026-03-08,B1,Waregem,Standard,away,0.2633501406726146,0.2506652077749471,4.0723,4.3,2.078392562191711,0.0106849328976674,7,0.05,BFE,4.0-5.0,exchange,0.2455614763155956,1.0724407778610885,0.0126849328976674,0.0405731049559245,1.404207950404769,0.0693532965922859,0.3697983612726998,0.1428571428571428,5.591434815706098,away:4.0-5.0,away:exchange,exchange:4.0-5.0,2.9214157891919497,2.9214157891919497,0.6703380889306759,0.2527353480568522,0.2436306368818147,0.250083649611888,0.2912446527940805,,,0.0,lower_clv,True,3.1526527124691395,3.1526527124691395,0.2533031768594385,0.2505295484673117,,,0.2436306368818147,0.2867528486357509,3.037034250830545,0.2312369232771898,2.9214157891919497,0.2527353480568522,0.2527353480568522,0.7353613217714957,0.6703380889306759,1.0,0.3,model_agreement_0.625_kelly,12m6m_tertiary,4.499283477488306,0.2222576116849261,False,True,0.92,-9.49003279354752,away,1.25,True,,,,,,,,
2026-03,data\historical_csv\football-data\2526\E2.csv:411,data\historical_csv\football-data\2526\E2.csv,411,2026-03-07,E2,Blackpool,Wigan,away,0.3416723079312223,0.3385407623742103,3.058,3.1,3.525765134033509,0.0011315455570119,5,0.0,BMGM,3.0-4.0,sportsbook,0.3270111183780249,1.0448339176536778,0.003131545557012,0.0033117859737107,1.1177611075068703,0.116739966007048,0.3819080173176316,0.2,1.373446697187708,away:3.0-4.0,away:sportsbook,sportsbook:3.0-4.0,2.49844857855026,2.49844857855026,0.0,0.3351813230168419,0.3288707926911479,0.3333434148031886,0.2912446527940805,,,0.0,lower_clv,True,2.8655203666987816,2.8655203666987816,0.3363816885765166,0.3342279177855806,,,0.3288707926911479,0.2867528486357509,2.6819844726245208,0.3670717881485217,2.49844857855026,0.3351813230168419,0.3351813230168419,0.0,0.6666245854954088,1.0,0.38,model_agreement_0.625_kelly,12m6m_tertiary,2.8324200504541595,0.3530549784943291,True,False,-0.38,7.964212423565842,draw,1.25,True,,,,,,,,
2026-04,data\historical_csv\football-data\2526\E1.csv:483,data\historical_csv\football-data\2526\E1.csv,483,2026-04-06,E1,Bristol City,Sheffield United,home,0.3328367737816556,0.3195785491438686,3.205,3.25,2.42492500060989,0.011258224637787,5,0.0,BW,3.0-4.0,sportsbook,0.31201248049922,1.0667418599702063,0.013258224637787,0.0338250623868039,1.1647120903726331,0.110780317981381,0.3876590145441154,0.2,1.4040561622464809,home:3.0-4.0,home:sportsbook,sportsbook:3.0-4.0,2.514276913313206,2.514276913313206,0.0,0.3198573382630677,0.3302031778856606,0.3297788202309193,0.9589827727645612,,,0.0,lower_clv,True,3.1020071755847534,3.1020071755847534,0.3216911300330257,0.3298540372846502,,,0.3302031778856606,0.9589827727645612,2.80814204444898,0.5877302622715472,2.514276913313206,0.3297788202309193,0.3198573382630677,0.0,0.6183606124728179,1.0,1.94,model_agreement_0.75_kelly,9m3m_core,2.6716944717194147,0.3742942954687602,True,True,4.28,19.961321697737656,home,1.25,True,,,,,,,,
2026-04,data\historical_csv\football-data\2526\T1.csv:244,data\historical_csv\football-data\2526\T1.csv,244,2026-04-04,T1,Kasimpasa,Kayserispor,away,0.2996129769863386,0.2894900447798069,3.65335,3.85,5.760845509630763,0.0081229322065317,5,0.05,BFE,3.0-4.0,exchange,0.2737213790083074,1.0945910694730403,0.0101229322065317,0.0271114164954949,1.2956445548851494,0.0897679359786162,0.3881919222052792,0.2,5.382730918198364,away:3.0-4.0,away:exchange,exchange:3.0-4.0,3.794171790065788,3.794171790065788,0.7252489507838747,0.2841068383540197,0.2901105811150288,0.2898643242339374,0.9589827727645612,,,0.0,lower_clv,True,4.788655005614562,4.788655005614562,0.2868289515256259,0.2899759777684577,,,0.2901105811150288,0.9589827727645612,4.291413397840175,0.9944832155487736,3.794171790065788,0.2898643242339374,0.2841068383540197,0.7535928514953052,0.7252489507838747,1.0,1.67,model_agreement_0.75_kelly,9m3m_core,3.4589481643704785,0.289105228664795,True,False,-1.67,5.62025871425289,home,1.25,True,,,,,,,,
2021-12,data\historical_csv\football-data\2122\B1.csv:146,data\historical_csv\football-data\2122\B1.csv,146,2021-12-03,B1,St Truiden,St. Gilloise,home,0.2491322587215617,0.2396076089949381,4.43,4.5,6.146170784757588,0.0075246497266235,5,0.0,WH,4.0-5.0,sportsbook,0.2257336343115124,1.1036559061365183,0.0095246497266235,0.0302034339721269,1.4883995840570443,0.0620668823357071,0.3708083502563644,0.2,1.5801354401805856,home:4.0-5.0,home:sportsbook,sportsbook:4.0-5.0,,,0.8732022667673639,,,,,,,0.0,lower_clv,True,,,,,,,,,10.18615910219963,,8.261727419474534,0.244383131872403,,,,,1.2,cross_cost_direct_only_half_kelly,9m3m_direct_only,4.743277803006764,0.210824674735707,False,False,-1.2,-6.604669092081794,away,,,0.244383131872403,0.2366006073633549,0.244383131872403,0.0,,,0.8732022667673639,0.8732022667673639
2022-02,data\historical_csv\football-data\2122\G1.csv:150,data\historical_csv\football-data\2122\G1.csv,150,2022-02-13,G1,Panathinaikos,Lamia,draw,0.2240800675090835,0.2179129403039331,4.675,4.75,1.8742995920887573,0.0041671272051503,5,0.0,BW,4.0-5.0,sportsbook,0.213903743315508,1.0475743156049655,0.0061671272051503,0.0185965992043511,1.5422291627406504,0.0502118766548754,0.3455828149014023,0.2,1.6042780748663166,draw:4.0-5.0,draw:sportsbook,sportsbook:4.0-5.0,,,0.7353873303195113,,,,,,,0.0,lower_clv,True,,,,,,,,,4.702646530895787,,4.702646530895787,0.2239628802799909,,,,,0.64,cross_cost_direct_only_half_kelly,9m3m_direct_only,4.284428329432094,0.2334033675229085,True,False,-0.64,9.116074316959732,home,,,0.2239628802799909,0.2116366123324049,0.2239628802799909,0.0,,,0.7353873303195113,0.7353873303195113
2022-02,data\historical_csv\football-data\2122\B1.csv:241,data\historical_csv\football-data\2122\B1.csv,241,2022-02-13,B1,Club Brugge,Charleroi,draw,0.2331427704208938,0.2250482332872087,4.6064,4.68,3.6662181814198114,0.0060945371336851,5,0.0,PS,4.0-5.0,sportsbook,0.2170892671066342,1.0739488576668057,0.0080945371336851,0.0261407939979553,1.5274466408757743,0.0543555513995296,0.3561131415238662,0.2,1.5977770059048213,draw:4.0-5.0,draw:sportsbook,sportsbook:4.0-5.0,,,0.6891560682397161,,,,,,,0.0,lower_clv,True,,,,,,,,,4.6852920721123565,,4.6852920721123565,0.2272605333277881,,,,,0.62,cross_cost_direct_only_half_kelly,9m3m_direct_only,5.00510576982578,0.1997959775453074,False,False,-0.62,-7.965980903529601,home,,,0.2272605333277881,0.2208680840255774,0.2272605333277881,0.0,,,0.6891560682397161,0.6891560682397161
2022-02,data\historical_csv\football-data\2122\T1.csv:247,data\historical_csv\football-data\2122\T1.csv,247,2022-02-13,T1,Trabzonspor,Konyaspor,away,0.2408965197340452,0.2301125271168716,4.537800000000001,4.61,4.420462555094007,0.0087839926171736,5,0.0,PS,4.0-5.0,sportsbook,0.2203711049407201,1.0931402272491506,0.0107839926171736,0.0364637589072325,1.512442313107902,0.0580311332199752,0.3643420895262027,0.2,1.591079377672,away:4.0-5.0,away:sportsbook,sportsbook:4.0-5.0,,,0.6937816611173312,,,,,,,0.0,lower_clv,True,,,,,,,,,3.943413298406864,,3.943413298406864,0.2290612483987986,,,,,0.56,cross_cost_direct_only_half_kelly,9m3m_direct_only,4.521025572647735,0.2211887510767498,True,False,-0.56,0.3710314636075296,home,,,0.2290612483987986,0.2287878484026735,0.2290612483987986,0.0,,,0.6937816611173312,0.6937816611173312
2022-02,data\historical_csv\football-data\2122\SP2.csv:304,data\historical_csv\football-data\2122\SP2.csv,304,2022-02-20,SP2,Fuenlabrada,Alcorcon,away,0.2376368702504089,0.2254549079556142,4.5868,4.66,3.41165718108114,0.0101819622947947,5,0.0,PS,4.0-5.0,sportsbook,0.2180169181128455,1.0899927964645757,0.0121819622947947,0.0428467277997119,1.5231826131820123,0.0564712821024096,0.3619643490164127,0.2,1.595883840586021,away:4.0-5.0,away:sportsbook,sportsbook:4.0-5.0,,,0.6783549022275385,,,,,,,0.0,lower_clv,True,,,,,,,,,3.533725207283388,,3.533725207283388,0.2257210369043415,,,,,0.49,cross_cost_direct_only_half_kelly,9m3m_direct_only,4.667879209156886,0.2142300507773037,False,False,-0.49,-1.7369603094663175,draw,,,0.2257210369043415,0.2254560371396408,0.2257210369043415,0.0,,,0.6783549022275385,0.6783549022275385
2022-04,data\historical_csv\football-data\2122\I2.csv:361,data\historical_csv\football-data\2122\I2.csv,361,2022-04-25,I2,Perugia,Parma,away,0.2392204142212534,0.2253015203782314,4.616200000000001,4.69,4.003687836999248,0.011918893843022,4,0.0,PS,4.0-5.0,sportsbook,0.2166283956501017,1.1042892761281506,0.013918893843022,0.0498238993600199,1.529571855823513,0.057226406580188,0.3659048129312722,0.25,1.5987175598977332,away:4.0-5.0,away:sportsbook,sportsbook:4.0-5.0,,,0.7564896764499035,,,,,,,0.0,lower_clv,True,,,,,,,,,6.76775734485661,,4.634325358042368,0.2208949099943197,,,,,0.27,cross_cost_direct_only_half_kelly,9m3m_direct_only,4.075676629801411,0.2453580327467553,True,False,-0.27,13.262175076557224,home,,,0.2266676603224347,0.2207128043057356,0.2208949099943197,0.9694189602446484,,,0.7564896764499035,0.7564896764499035
2022-10,data\historical_csv\football-data\2223\E3.csv:147,data\historical_csv\football-data\2223\E3.csv,147,2022-10-08,E3,Stevenage,Swindon,away,0.2223827970979826,0.2166092223593388,4.92,5.0,6.571737400794708,0.0037735747386437,5,0.0,B365,4.0-5.0,sportsbook,0.2032520325203252,1.0941233617220745,0.0057735747386437,0.0169688248726412,1.5933085305042167,0.0494541084451225,0.354324407653604,0.2,1.6260162601626105,away:4.0-5.0,away:sportsbook,sportsbook:4.0-5.0,,,0.7788807427956277,,,,,,,0.0,lower_clv,True,,,,,,,,,6.554918879066249,,6.554918879066249,0.2146575142611475,,,,,0.72,cross_cost_direct_only_half_kelly,9m3m_direct_only,4.791458630028825,0.2087047133690861,True,False,-0.72,2.682718977590381,home,,,0.2165750383720859,0.2063101954710305,0.2146575142611475,0.1868050129380209,,,0.7788807427956277,0.7788807427956277
2022-12,data\historical_csv\football-data\2223\I2.csv:169,data\historical_csv\football-data\2223\I2.csv,169,2022-12-11,I2,Bari,Modena,away,0.2322383011149716,0.220853549436417,4.684799999999999,4.76,3.46547083997264,0.0093847516785545,5,0.0,PS,4.0-5.0,sportsbook,0.2134562841530055,1.0879899930634187,0.0113847516785545,0.0404100083125761,1.5443232253448005,0.0539346285047682,0.3586510022264699,0.2,1.605191256830607,away:4.0-5.0,away:sportsbook,sportsbook:4.0-5.0,,,0.673522221216292,,,,,,,0.0,lower_clv,True,,,,,,,,,4.277149552797791,,4.277149552797791,0.2224506099061174,,,,,0.57,cross_cost_direct_only_half_kelly,9m3m_direct_only,4.286179582941719,0.2333080032343567,True,False,-0.57,9.30013335523141,home,,,0.2225861286560745,0.220095795673014,0.2224506099061174,0.054417923578447,,,0.673522221216292,0.673522221216292
2023-02,data\historical_csv\football-data\2223\E3.csv:330,data\historical_csv\football-data\2223\E3.csv,330,2023-02-04,E3,Leyton Orient,AFC Wimbledon,away,0.2136807222557185,0.2066034979141522,4.92,5.0,1.6489209737629018,0.0050772243415663,5,0.0,B365,4.0-5.0,sportsbook,0.2032520325203252,1.0513091534981354,0.0070772243415663,0.0237607973614497,1.5933085305042167,0.0456594510637255,0.3404593175743386,0.2,1.6260162601626105,away:4.0-5.0,away:sportsbook,sportsbook:4.0-5.0,,,0.6879962279135062,,,,,,,0.0,lower_clv,True,,,,,,,,,4.037993868499887,,4.037993868499887,0.211076226490918,,,,,0.49,cross_cost_direct_only_half_kelly,9m3m_direct_only,4.006252614550814,0.2496098214995165,True,False,-0.49,22.80803217776213,home,,,0.2114593371310973,0.1994941308664828,0.211076226490918,0.032018724266563,,,0.6879962279135062,0.6879962279135062
2023-02,data\historical_csv\football-data\2223\SP1.csv:225,data\historical_csv\football-data\2223\SP1.csv,225,2023-02-25,SP1,Real Madrid,Ath Madrid,away,0.2142862280958094,0.2053300555640871,4.92,5.0,1.022387337530839,0.0069561725317223,5,0.0,B365,4.0-5.0,sportsbook,0.2032520325203252,1.0542882422313822,0.0089561725317223,0.0324620606444766,1.5933085305042167,0.0459185875515292,0.3414240751946255,0.2,1.6260162601626105,away:4.0-5.0,away:sportsbook,sportsbook:4.0-5.0,,,0.6925456648683179,,,,,,,0.0,lower_clv,True,,,,,,,,,4.366401901116307,,4.366401901116307,0.2117433733608011,,,,,0.53,cross_cost_direct_only_half_kelly,9m3m_direct_only,5.0047821149029526,0.199808898178056,False,False,-0.53,-1.6940220963964192,draw,,,0.2121268331323502,0.2001507228927096,0.2117433733608011,0.032018724266563,,,0.6925456648683179,0.6925456648683179
2023-02,data\historical_csv\football-data\2223\I2.csv:262,data\historical_csv\football-data\2223\I2.csv,262,2023-02-28,I2,Cosenza,Reggina,home,0.2156195124762267,0.2034277144242388,4.92,5.0,0.0864354967254898,0.0101917980519878,4,0.0,VC,4.0-5.0,sportsbook,0.2032520325203252,1.0608480013830357,0.0121917980519878,0.0472675127354792,1.5933085305042167,0.0464917741604856,0.3435484085715324,0.25,1.6260162601626105,home:4.0-5.0,home:sportsbook,sportsbook:4.0-5.0,,,0.732447506621641,,,,,,,0.0,lower_clv,True,,,,,,,,,6.989653378594957,,6.989653378594957,0.2169507892665525,,,,,0.86,cross_cost_direct_only_half_kelly,9m3m_direct_only,3.954545454545454,0.2528735632183908,True,True,3.37,24.41379310344829,home,,,0.217458645078445,0.2015974318813018,0.2169507892665525,0.032018724266563,,,0.732447506621641,0.732447506621641
2023-03,data\historical_csv\football-data\2223\G1.csv:186,data\historical_csv\football-data\2223\G1.csv,186,2023-03-18,G1,Atromitos,Ionikos,away,0.2238966630785791,0.2218966630785791,4.8808,4.96,8.303323315392896,0.0,5,0.0,PS,4.0-5.0,sportsbook,0.2048844451729224,1.0927948331539288,0.002,0.0,1.5853091408555056,0.0501297157377227,0.3549454265855168,0.2,1.6226848057695475,away:4.0-5.0,away:sportsbook,sportsbook:4.0-5.0,,,0.7664497586436905,,,,,,,0.0,lower_clv,True,,,,,,,,,4.542706018876712,,4.542706018876712,0.2114121433531794,,,,,0.41,cross_cost_direct_only_half_kelly,9m3m_direct_only,3.7918834460553694,0.2637211861140623,True,False,-0.41,28.71703651855153,home,,,0.214191743195535,0.2110741850158271,0.2114121433531794,0.8915951787036309,,,0.7664497586436905,0.7664497586436905
2023-03,data\historical_csv\football-data\2223\B1.csv:264,data\historical_csv\football-data\2223\B1.csv,264,2023-03-18,B1,Kortrijk,Club Brugge,draw,0.2376060616616302,0.2343835799445917,4.43,4.5,3.83192591545416,0.0012224817170385,4,0.0,PS,4.0-5.0,sportsbook,0.2257336343115124,1.052594853161022,0.0032224817170385,0.0051449938124029,1.4883995840570443,0.0564566405383504,0.3536527633466029,0.25,1.5801354401805856,draw:4.0-5.0,draw:sportsbook,sportsbook:4.0-5.0,,,0.6858572982134266,,,,,,,0.0,lower_clv,True,,,,,,,,,3.4351195606340923,,3.4351195606340923,0.2274678424211816,,,,,0.11,cross_cost_direct_only_half_kelly,9m3m_direct_only,4.284098469727213,0.233421338717192,True,False,-0.11,3.405653051716073,home,,,0.2334878545386774,0.2267358977523601,0.2274678424211816,0.8915951787036309,,,0.6858572982134266,0.6858572982134266
2023-04,data\historical_csv\football-data\2223\B1.csv:284,data\historical_csv\football-data\2223\B1.csv,284,2023-04-08,B1,Charleroi,Waregem,draw,0.240906835279943,0.2298578855877988,4.478999999999999,4.55,2.953346954775093,0.0090489496921441,4,0.0,PS,4.0-5.0,sportsbook,0.2232641214556821,1.0790217152188646,0.0110489496921441,0.0375620296602581,1.4993998072251629,0.0580361032845976,0.3612156623779706,0.25,1.5851752623353477,draw:4.0-5.0,draw:sportsbook,sportsbook:4.0-5.0,,,0.770083060035236,,,,,,,0.0,lower_clv,True,,,,,,,,,5.629343317602862,,5.629343317602862,0.229208597276313,,,,,0.38,cross_cost_direct_only_half_kelly,9m3m_direct_only,4.196489697783174,0.2382944012773955,True,False,-0.38,6.73206233214545,home,,,0.2358324253574522,0.2277749155402729,0.229208597276313,0.822068881258661,,,0.770083060035236,0.770083060035236
2023-04,data\historical_csv\football-data\2223\N1.csv:245,data\historical_csv\football-data\2223\N1.csv,245,2023-04-08,N1,Vitesse,Go Ahead Eagles,away,0.266471819993164,0.2580325913599037,3.94,4.0,1.664840995802086,0.0064392286332602,5,0.0,B365,3.0-4.0,sportsbook,0.2538071065989847,1.0498989707730662,0.0084392286332602,0.0241647639642549,1.3711807233098423,0.0710072308504692,0.3653810228799167,0.2,1.522842639593902,away:3.0-4.0,away:sportsbook,sportsbook:3.0-4.0,,,0.653896515308833,,,,,,,0.0,lower_clv,True,,,,,,,,,2.812842370028358,,2.812842370028358,0.2577145279237716,,,,,0.26,cross_cost_direct_only_half_kelly,9m3m_direct_only,3.6741113279961297,0.2721746595918754,True,False,-0.26,7.23681587919891,home,,,0.2609463004315441,0.2570150331357618,0.2577145279237716,0.822068881258661,,,0.653896515308833,0.653896515308833
2023-04,data\historical_csv\football-data\2223\E3.csv:493,data\historical_csv\football-data\2223\E3.csv,493,2023-04-15,E3,Gillingham,Stockport,home,0.2324169577676986,0.2193521624425443,4.675,4.75,2.5471359418894446,0.0110647953251543,5,0.0,B365,4.0-5.0,sportsbook,0.213903743315508,1.086549277563991,0.0130647953251543,0.0476075215484646,1.5422291627406504,0.0540176422579921,0.3584402101848069,0.2,1.6042780748663166,home:4.0-5.0,home:sportsbook,sportsbook:4.0-5.0,,,0.7354698220459904,,,,,,,0.0,lower_clv,True,,,,,,,,,5.333823493594228,,5.333823493594228,0.2194418603446139,,,,,0.35,cross_cost_direct_only_half_kelly,9m3m_direct_only,4.407420046278426,0.2268901056626968,True,False,-0.35,6.071124397310745,draw,,,0.2253129914301481,0.2181710946628784,0.2194418603446139,0.822068881258661,,,0.7354698220459904,0.7354698220459904
2023-04,data\historical_csv\football-data\2223\I2.csv:336,data\historical_csv\football-data\2223\I2.csv,336,2023-04-22,I2,Modena,Spal,away,0.2216217354230623,0.2129274390742191,4.92,5.0,4.760300024515796,0.0066942963488432,5,0.0,B365,4.0-5.0,sportsbook,0.2032520325203252,1.0903789382814666,0.0086942963488432,0.0302059558195598,1.5933085305042167,0.0491161936119298,0.3531118015947137,0.2,1.6260162601626105,away:4.0-5.0,away:sportsbook,sportsbook:4.0-5.0,,,0.7707165200236259,,,,,,,0.0,lower_clv,True,,,,,,,,,5.858793340495213,,5.858793340495213,0.2076671137884941,,,,,0.28,cross_cost_direct_only_half_kelly,9m3m_direct_only,4.774779602332043,0.2094337505152262,True,False,-0.28,3.0414052534912805,draw,,,0.2151601490660472,0.206045298171703,0.2076671137884941,0.822068881258661,,,0.7707165200236259,0.7707165200236259
2025-01,data\historical_csv\football-data\2425\I2.csv:205,data\historical_csv\football-data\2425\I2.csv,205,2025-01-12,I2,Palermo,Modena,away,0.2442843373131865,0.2301540737612682,4.43,4.5,1.9582546762418216,0.0121302635519183,6,0.0,B365,4.0-5.0,sportsbook,0.2257336343115124,1.0821796142974165,0.0141302635519182,0.0496563295270404,1.4883995840570443,0.0596748374565426,0.3635927060485975,0.1666666666666666,1.5801354401805856,away:4.0-5.0,away:sportsbook,sportsbook:4.0-5.0,,,0.791965699517351,,,,,,,0.0,lower_clv,True,,,,,,,,,4.531753299792126,,4.531753299792126,0.2340612817591892,,,,,0.54,cross_cost_direct_only_half_kelly,9m3m_direct_only,3.875602344329541,0.258024407860914,True,False,-0.54,14.304812682384904,home,,,0.235963325733165,0.2339842759302833,0.2340612817591892,0.9610894941634242,,,0.7479251545850685,0.7479251545850685
2025-02,data\historical_csv\football-data\2425\E0.csv:237,data\historical_csv\football-data\2425\E0.csv,237,2025-02-02,E0,Brentford,Tottenham,draw,0.2436635059298288,0.2392545383549772,4.2634,4.33,2.00377988226097,0.0024089675748516,6,0.0,1XB,4.0-5.0,sportsbook,0.234554580850964,1.0388349911812325,0.0044089675748516,0.0098864520793089,1.450066964016957,0.0593719041220157,0.3533284002853947,0.1666666666666666,1.5621335084674337,draw:4.0-5.0,draw:sportsbook,sportsbook:4.0-5.0,,,0.7316518598873807,,,,,,,0.0,lower_clv,True,,,,,,,,,3.943293294537948,,3.943293294537948,0.2438037559096917,,,,,0.6,cross_cost_direct_only_half_kelly,9m3m_direct_only,4.240496821096119,0.235821424278656,True,False,-0.6,0.5401060269622171,away,,,0.2438037559096917,0.2406294236455815,0.2438037559096917,0.0,,,0.7454270583374242,0.7316518598873807
2025-02,data\historical_csv\football-data\2425\D1.csv:183,data\historical_csv\football-data\2425\D1.csv,183,2025-02-08,D1,Dortmund,Stuttgart,draw,0.244769456902256,0.2390707782519806,4.204599999999999,4.27,0.5196994238277686,0.0036986786502753,6,0.0,1XB,4.0-5.0,sportsbook,0.2378347524140227,1.0291576584912254,0.0056986786502753,0.0151108667604403,1.436179164048888,0.0599120870322253,0.3515327939985824,0.1666666666666666,1.5554392807877182,draw:4.0-5.0,draw:sportsbook,sportsbook:4.0-5.0,,,0.6989533191939462,,,,,,,0.0,lower_clv,True,,,,,,,,,3.178724385602845,,3.178724385602845,0.2453948636864454,,,,,0.5,cross_cost_direct_only_half_kelly,9m3m_direct_only,4.006764468977549,0.2495779344512309,True,False,-0.5,4.937538319364565,away,,,0.2453948636864454,0.2417485540056723,0.2453948636864454,0.0,,,0.7145156189954478,0.6989533191939462
2025-02,data\historical_csv\football-data\2425\P1.csv:208,data\historical_csv\football-data\2425\P1.csv,208,2025-02-24,P1,Porto,Guimaraes,draw,0.2553107788171416,0.2475877918372382,4.1654,4.4,3.130218811883223,0.0057229869799034,5,0.05,BFE,4.0-5.0,exchange,0.2400729821865847,1.063471518084922,0.0077229869799033,0.0224157671932931,1.4268123094227787,0.0651835937802154,0.3642805619446141,0.2,5.632112162097291,draw:4.0-5.0,draw:exchange,exchange:4.0-5.0,,,0.7332099286611662,,,,,,,0.0,lower_clv,True,,,,,,,,,3.877058811590028,,3.877058811590028,0.2493807528966966,,,,,0.61,cross_cost_direct_only_half_kelly,9m3m_direct_only,3.6845218105844815,0.2714056399740427,True,True,1.93,13.051305274787753,draw,,,0.2493807528966966,0.2524209741297196,0.2493807528966966,0.0,,,0.7969134160984745,0.7332099286611662
2025-03,data\historical_csv\football-data\2425\T1.csv:243,data\historical_csv\football-data\2425\T1.csv,243,2025-03-09,T1,Alanyaspor,Galatasaray,draw,0.229845885735156,0.222596688273755,4.724,5.0,5.154675540521891,0.005249197461401,5,0.05,BFE,4.0-5.0,exchange,0.2116850127011007,1.0857919642128773,0.007249197461401,0.0228379004680096,1.552655898335116,0.0528291311893784,0.3568715701947491,0.2,5.842506350550369,draw:4.0-5.0,draw:exchange,exchange:4.0-5.0,,,0.8163661915658329,,,,,,,0.0,lower_clv,True,,,,,,,,,5.070560125391681,,5.070560125391681,0.2224186285465531,,,,,0.68,cross_cost_direct_only_half_kelly,9m3m_direct_only,4.565623208477311,0.2190281489158435,True,False,-0.68,3.468897547844496,away,,,0.2224186285465531,0.2272320218889846,0.2224186285465531,0.0,,,0.8708963599689376,0.8163661915658329
2025-10,data\historical_csv\football-data\2526\SP2.csv:86,data\historical_csv\football-data\2526\SP2.csv,86,2025-10-05,SP2,Santander,Malaga,away,0.2407814053107751,0.2315142899838795,4.5574,4.63,5.510322517253252,0.0072671153268956,8,0.0,PS,4.0-5.0,sportsbook,0.2194233554219511,1.0973371765633266,0.0092671153268956,0.0301813809812928,1.5167522854758682,0.0579756851434317,0.3652057468052095,0.125,1.5930135603633655,away:4.0-5.0,away:sportsbook,sportsbook:4.0-5.0,,,0.794899141937929,,,,,,,0.0,lower_clv,True,,,,,,,,,4.42808911473192,,4.42808911473192,0.2291396171385701,,,,,0.62,cross_cost_direct_only_half_kelly,9m3m_direct_only,4.264346764346764,0.2345025053686471,True,False,-0.62,6.872171796707227,home,,,0.2291396171385701,0.2359373651800878,0.2291396171385701,0.0,,,0.7578079435993392,0.7578079435993392
2025-10,data\historical_csv\football-data\2526\T1.csv:91,data\historical_csv\football-data\2526\T1.csv,91,2025-10-27,T1,Samsunspor,Rizespor,away,0.2436122843811455,0.239091889228562,4.444700000000001,4.7,6.269172005418988,0.0025203951525835,8,0.05,BFE,4.0-5.0,exchange,0.2249870632438634,1.0827835203888778,0.0045203951525835,0.0103459279936811,1.4917123751246557,0.0593469451014001,0.3633994593437415,0.125,5.743919724615809,away:4.0-5.0,away:exchange,exchange:4.0-5.0,,,0.8050019515131791,,,,,,,0.0,lower_clv,True,,,,,,,,,4.719319944355741,,4.719319944355741,0.2356049225917513,,,,,0.69,cross_cost_direct_only_half_kelly,9m3m_direct_only,4.3256859100536,0.231177209994798,True,False,-0.69,2.7513345263879163,draw,,,0.2356049225917513,0.2386880752591205,0.2356049225917513,0.0,,,0.8580819992351273,0.8050019515131791
2025-10,data\historical_csv\football-data\2526\F2.csv:111,data\historical_csv\football-data\2526\F2.csv,111,2025-10-31,F2,Guingamp,Laval,away,0.2391304347826087,0.2252389286239294,4.6309000000000005,4.9,4.3058954564555,0.0118915061586792,7,0.05,BFE,4.0-5.0,exchange,0.2159407458593361,1.1073891304347827,0.0138915061586792,0.0497281166635677,1.5327512336571778,0.0571833648393194,0.3665274689180208,0.1428571428571428,5.810965471074736,away:4.0-5.0,away:exchange,exchange:4.0-5.0,,,0.8659060100730069,,,,,,,0.0,lower_clv,True,,,,,,,,,5.020093621323786,,5.020093621323786,0.2267811734680597,,,,,0.69,cross_cost_direct_only_half_kelly,9m3m_direct_only,4.926944287355846,0.2029655587067074,False,False,-0.69,-6.008679418510832,home,,,0.2267811734680597,0.2343331880109149,0.2267811734680597,0.0,,,0.8934251562432969,0.8659060100730069
2025-11,data\historical_csv\football-data\2526\T1.csv:120,data\historical_csv\football-data\2526\T1.csv,120,2025-11-29,T1,Rizespor,Kayserispor,away,0.2525264654926517,0.2463426055334392,4.2585,4.5,4.904998566415086,0.0041838599592125,8,0.05,BFE,4.0-5.0,exchange,0.2348244687096395,1.0753839533004572,0.0061838599592125,0.0165680058565356,1.4489169855989985,0.0637696157742114,0.3658898851655824,0.125,5.671010919337793,away:4.0-5.0,away:exchange,exchange:4.0-5.0,,,0.7960320174514363,,,,,,,0.0,lower_clv,True,,,,,,,,,4.597931147103456,,4.597931147103456,0.2390814494840252,,,,,0.28,cross_cost_direct_only_half_kelly,9m3m_direct_only,4.04036036036036,0.2475026757046022,True,True,0.91,5.39901444880484,away,,,0.2456215360974602,0.2343264900058944,0.2390814494840252,0.5790225697545944,,,0.8225064675388692,0.7960320174514363
2025-11,data\historical_csv\football-data\2526\SP2.csv:175,data\historical_csv\football-data\2526\SP2.csv,175,2025-11-30,SP2,Cordoba,Cadiz,away,0.2611909527299508,0.2526407418699892,4.273199999999999,4.34,7.958441815883765,0.0065502108599616,8,0.0,PS,4.0-5.0,sportsbook,0.2340166619863334,1.1161211792056258,0.0085502108599616,0.0250782455957959,1.4523629610895952,0.0682207137879794,0.3793440655166839,0.125,1.5632313020687238,away:4.0-5.0,away:sportsbook,sportsbook:4.0-5.0,,,0.8616303315694798,,,,,,,0.0,lower_clv,True,,,,,,,,,6.913633410881774,,6.913633410881774,0.245735068159554,,,,,0.76,cross_cost_direct_only_half_kelly,9m3m_direct_only,4.5577531834043805,0.2194063521564055,False,True,2.49,-6.243277596524798,away,,,0.2501957161164509,0.2424919612200098,0.245735068159554,0.5790225697545944,,,0.818762734263179,0.818762734263179
2025-12,data\historical_csv\football-data\2526\SP1.csv:141,data\historical_csv\football-data\2526\SP1.csv,141,2025-12-01,SP1,Vallecano,Valencia,away,0.2355861252607803,0.2302386915519054,4.528,4.6,4.252079534702768,0.0033474337088748,8,0.0,BMGM,4.0-5.0,sportsbook,0.2208480565371025,1.0667339751808131,0.0053474337088748,0.0142089594842203,1.5102803409008818,0.055500822415388,0.3558010935703691,0.125,1.590106007067149,away:4.0-5.0,away:sportsbook,sportsbook:4.0-5.0,,,0.7401508832339632,,,,,,,0.0,lower_clv,True,,,,,,,,,5.125626876650162,,5.125626876650162,0.2319903501041509,,,,,0.72,cross_cost_direct_only_half_kelly,9m3m_direct_only,4.18180024088016,0.2391314607102146,True,False,-0.72,8.278725409585164,draw,,,0.2321679038795278,0.2166542632844385,0.2319903501041509,0.0114450102339679,,,0.6906421100862941,0.6906421100862941
2025-12,data\historical_csv\football-data\2526\D2.csv:142,data\historical_csv\football-data\2526\D2.csv,142,2025-12-13,D2,Hannover,Bochum,away,0.224319697811258,0.2070574394885789,4.92,5.0,1.8722602283808287,0.015262258322679,7,0.0,B365,4.0-5.0,sportsbook,0.2032520325203252,1.1036529132313893,0.017262258322679,0.068037976475524,1.5933085305042167,0.0503193268261341,0.3574104880828054,0.1428571428571428,1.6260162601626105,away:4.0-5.0,away:sportsbook,sportsbook:4.0-5.0,,,0.7800388000735372,,,,,,,0.0,lower_clv,True,,,,,,,,,4.432083590558156,,4.432083590558156,0.2121823667383071,,,,,0.56,cross_cost_direct_only_half_kelly,9m3m_direct_only,4.385028211957992,0.2280487038311396,True,False,-0.56,12.19996228492073,draw,,,0.2122603325011344,0.2054481268994338,0.2121823667383071,0.0114450102339679,,,0.716623909211277,0.716623909211277
2026-01,data\historical_csv\football-data\2526\I2.csv:189,data\historical_csv\football-data\2526\I2.csv,189,2026-01-10,I2,Cesena,Empoli,away,0.2588402966955372,0.2501075407972413,4.1654,4.4,4.17979504368291,0.0067327558982959,7,0.05,BFE,4.0-5.0,exchange,0.2400729821865847,1.0781733718555908,0.0087327558982959,0.0260112354384115,1.4268123094227787,0.0669982991934337,0.3693165214998367,0.1428571428571428,5.632112162097291,away:4.0-5.0,away:exchange,exchange:4.0-5.0,,,0.6896404413234634,,,,,,,0.0,lower_clv,True,,,,,,,,,3.226374180116258,,3.226374180116258,0.2478186348972878,,,,,0.51,cross_cost_direct_only_half_kelly,9m3m_direct_only,4.4760135912754775,0.2234130838988453,False,True,1.61,-6.939514032774985,away,,,0.2478186348972878,0.2446417492384487,0.2478186348972878,0.0,,,0.7297746730064062,0.6896404413234634
2026-01,data\historical_csv\football-data\2526\T1.csv:163,data\historical_csv\football-data\2526\T1.csv,163,2026-01-19,T1,Goztep,Rizespor,away,0.2392388211647393,0.2259457091467538,4.6309000000000005,4.9,4.633198448770237,0.0112931120179854,7,0.05,BFE,4.0-5.0,exchange,0.2159407458593361,1.1078910569317912,0.0132931120179854,0.0472043456952542,1.5327512336571778,0.0572352135522941,0.3666935982789431,0.1428571428571428,5.810965471074736,away:4.0-5.0,away:exchange,exchange:4.0-5.0,,,0.7618445055993527,,,,,,,0.0,lower_clv,True,,,,,,,,,3.836864921889606,,3.836864921889606,0.2242261005892798,,,,,0.53,cross_cost_direct_only_half_kelly,9m3m_direct_only,4.077743355809378,0.2452336777338732,True,False,-0.53,13.565263821779382,home,,,0.2242261005892798,0.2252260130596839,0.2242261005892798,0.0,,,0.7914122408403126,0.7618445055993527
2026-03,data\historical_csv\football-data\2526\T1.csv:222,data\historical_csv\football-data\2526\T1.csv,222,2026-03-08,T1,Konyaspor,Kasimpasa,away,0.2573412444250001,0.2526988345019886,4.2585,4.5,7.611798672671832,0.0026424099230115,5,0.05,BFE,4.0-5.0,exchange,0.2348244687096395,1.0958876893838632,0.0046424099230115,0.0102681166748678,1.4489169855989985,0.0662245160822076,0.3728661001425663,0.2,5.671010919337793,away:4.0-5.0,away:exchange,exchange:4.0-5.0,,,0.7525396151145365,,,,,,,0.0,lower_clv,True,,,,,,,,,4.579048646503521,,4.579048646503521,0.2395398874812776,,,,,0.31,cross_cost_direct_only_half_kelly,9m3m_direct_only,4.690876620793521,0.2131797701877815,False,False,-0.31,-9.217394865533246,draw,,,0.2455771953657473,0.2392934667512993,0.2395398874812776,0.9607843137254902,,,0.7864803250027018,0.7525396151145365
2026-04,data\historical_csv\football-data\2526\E2.csv:508,data\historical_csv\football-data\2526\E2.csv,508,2026-04-16,E2,Peterboro,Port Vale,away,0.2522669146710067,0.2213702308037383,4.43,4.5,-1.9329877539439264,0.0288966838672684,5,0.0,BFD,4.0-5.0,sportsbook,0.2257336343115124,1.1175424319925598,0.0308966838672684,0.1145480528231534,1.4883995840570443,0.063638596237629,0.3754739708676803,0.2,1.5801354401805856,away:4.0-5.0,away:sportsbook,sportsbook:4.0-5.0,,,0.7180638352147967,,,,,,,0.0,lower_clv,True,,,,,,,,,6.269638244541622,,6.269638244541622,0.2344776060691391,,,,,0.56,cross_cost_direct_only_half_kelly,9m3m_direct_only,5.747815233778694,0.1739791484811849,False,True,1.92,-22.927237222835096,away,,,0.2398863165791007,0.2342462668685419,0.2344776060691391,0.9589827727645612,,,0.7096793362499563,0.7096793362499563
